:020000021000EC
:10200000C00A0020D15101005F1F03005F1F0300C1
:10201000093203005F1F03005F1F03005F1F0300FF
:102020005F1F03005F1F03005F1F03005F1F0300AC
:102030005F1F0300C8F80300F11C03005F1F0300CB
:102040005F1F03005F1F03005F1F03005F1F03008C
:102050005F1F03005F1F03005F1F03005F1F03007C
:102060005F1F03005F1F03005F1F03005F1F03006C
:1020700065A601005F1F03005F1F03005F1F0300D1
:102080005F1F03005F1F03005F1F03005F1F03004C
:102090005F1F0300F55901005F1F03005F1F03006E
:1020A0005F1F0300D15B0100AD5B01005F1F0300F8
:1020B0005F1F03008DF702005F1F0300D5010300BF
:1020C000BFD40300BBD40300C5F90200CBD4030086
:1020D000C3D40300AD010300C7D4030015020300FD
:1020E000A5DB020069DD0200850203005F1F03001B
:1020F0005F1F03005F1F03005F1F03005F1F0300DC
:102100005F1F03005F1F03005F1F03005F1F0300CB
:102110005F1F03005F1F03005F1F03005F1F0300BB
:102120005F1F03005F1F03005F1F03005F1F0300AB
:102130005F1F03005F1F030089490100BF1D0300EB
:10214000013800D0FCE77047002370B5404C0546CD
:102150008AB0E36318B1008823600DF0DDFE3D48CE
:102160002AF00FFD3C4E3D4B304633603C4B7360D4
:1021700025F0A5FB0021304617F0E2FC32A3D3E99D
:102180000023A062C4E9062325F0A4FBD4E90623BA
:1021900019431043C4E90601CDE900014FF0FF33B4
:1021A0004FF0FF32A06A2AF067FD02224FF0FF31A4
:1021B000A06A2AF066FD01200DF02EFC4FF400739A
:1021C00000222849A06A2AF0AFFDB0F5007F38D17F
:1021D00000239422CDE9073309933C23CDE9033250
:1021E00005939623A06A03A9069317F0C7FD35B39C
:1021F000287C0EF001F80546F0B9A06A2AF072FEBC
:102200000DF0A8FF0DF0EAFB20B14FF48070002123
:102210000BF054FB0DF0F2FB20B14FF400600021F5
:102220000BF04CFB25F020FC012017F0DDFC0E4AE2
:102230000E49A06A25F041FB28460AB070BDFF2078
:10224000D7E70725F8E700BF0DD5015520000000AE
:10225000980F0020690345ECD02300209DF8010071
:10226000E0230020D021002063780300A37803003E
:102270000348044B834202D0034B03B11847704715
:10228000240F0020240F002000000000064B074907
:10229000C91A891048BF0131491003D0044B0BB152
:1022A00001481847704700BF240F0020240F00206A
:1022B0000000000010B5064C237843B9FFF7D8FFA3
:1022C000044B13B10448AFF300800123237010BD09
:1022D000822B002000000000B443040008B5054B29
:1022E0001BB105490548AFF30080BDE80840FFF782
:1022F000CDBF00BF00000000F8110020B44304006F
:10230000A3F5803A704700BF174B002B08BF134B53
:102310009D46FFF7F5FF00218B460F461348144AF0
:10232000121A2BF087F90E4B002B00D098470D4B5B
:10233000002B00D098470020002104000D000D481C
:10234000002802D00C48AFF300801EF049FC2000AA
:1023500029001FF0C1FC1EF0B1F900BF0000080009
:102360000000000000000000C00A0020240F002030
:10237000E42D0020000000000000000070B50446BD
:102380000D4621B94FF41671084800F0A9FA0E461F
:10239000062056F8043F33B906288ABFA3682B6885
:1023A0001B68636070BD20469847F2E720E5030094
:1023B00038B5036804462BB183681BB145680B4AE6
:1023C000954203D0C8210A4800F08AFA98470828A5
:1023D00001D0D221F7E7A3681B6863602046A1689B
:1023E000FFF7CCFF0728F9D838BD00BF0CE5030084
:1023F00020E503002DE9FF4104460F46456801B181
:1024000025B94FF496712F4800F06AFA2E463946E6
:10241000204673689847012824D83668002EF6D1E4
:1024200004B0BDE8F081EB680BB1204698472D68F9
:1024300020E0906828B104A800EB830040F8102C3D
:10244000013312681FE05DF8253020469B689847ED
:10245000013D1DE0062023E0EB680BB120469847C4
:102460002D6825E00628DBD909281BD1D4F808807F
:1024700067686560B542D6D141462046FFF77EFFCA
:102480003A46002361688A4201D0042BD1D15D1EF7
:102490006B1CD8D13B696760002BDBD02046984786
:1024A00065682E4600270628BAD9D4F80880A760A8
:1024B000AE42D1D141462046FFF760FF65682E4607
:1024C000F1E700BF20E50300024B0360024BC0E9C7
:1024D0000131704700E503000CE503000122014BC8
:1024E0001A707047842B002010B522210B481EF073
:1024F00051FA032002F046FC70B1094C09492068EA
:1025000020F0FCFC1FF0B2FC1FF0B1FC2068064973
:10251000BDE8104020F0F2BC10BD00BF28E503006C
:10252000A81300202BE5030030E50300024600233A
:102530004FF0FF3070B5084E994200D870BDD45CA2
:102540006040082440F300053540013C85EA500016
:10255000F8D10133F0E700BF2083B8ED802337B511
:102560001E4C0121204623701223002500F8033F52
:102570006170A570FFF7DAFF0822606021462846E7
:1025800020F071FC164D286010B3164C16492068D7
:1025900020F0B4FC1549206820F0B0FC1FF066FC68
:1025A0001FF065FC124B134A00931349482320681F
:1025B00020F0A4FC11492B68114A206820F09EFCF1
:1025C000286802F025FC0F49206820F097FCFEE700
:1025D00002220D4B1A7003B030BD00BF0F2C00203B
:1025E00010120020A813002074E8030062E5030025
:1025F0001CE6030067E5030084E50300ACE5030087
:102600008FE70300C1E50300832B0020802337B54B
:102610001E4C0121204623701923002500F8033F9A
:102620006170A570FFF782FF08226060214628468E
:1026300020F019FC164D286010B3164C164920687E
:1026400020F05CFC1549206820F058FC1FF00EFCBF
:102650001FF00DFC124B134A0093134966232068A8
:1026600020F04CFC11492B68114A206820F046FCF0
:10267000286802F0CDFB0F49206820F03FFCFEE700
:1026800002220D4B1A7003B030BD00BF0F2C00208A
:1026900010120020A813002074E8030062E5030074
:1026A0000DE6030067E5030084E50300ACE50300E5
:1026B0008FE70300C1E50300832B0020802337B59B
:1026C000224C002223702123A2706370E37000F17A
:1026D0002002231D50F8041B904243F8041BF9D13B
:1026E00021211B48FFF722FF2822606217490020A2
:1026F00020F0B9FB174D286010B3174C174920681C
:1027000020F0FCFB1649206820F0F8FB1FF0AEFB20
:102710001FF0ADFB134B144A00931449902320681B
:1027200020F0ECFB12492B68124A206820F0E6FBEF
:10273000286802F06DFB1049206820F0DFFBFEE7FF
:1027400002220E4B1A7003B030BD00BF0F2C0020C8
:10275000122C002010120020A813002074E803009F
:1027600062E50300F7E5030067E5030084E5030085
:10277000ACE503008FE70300C1E50300832B0020D5
:10278000802337B51E4C01212046237015230025D8
:1027900000F8033F6170A570FFF7C8FE0822606073
:1027A0002146284620F05FFB164D286010B3164CDA
:1027B0001649206820F0A2FB1549206820F09EFBF6
:1027C0001FF054FB1FF053FB124B134A00931349A5
:1027D000B323206820F092FB11492B68114A20682E
:1027E00020F08CFB286802F013FB0F49206820F0D2
:1027F00085FBFEE702220D4B1A7003B030BD00BF0F
:102800000F2C002010120020A813002074E80300F1
:1028100062E50300E4E5030067E5030084E50300E7
:10282000ACE503008FE70300C1E50300832B002024
:10283000802337B51E4C01212046237040230025FC
:1028400000F8033F6170A570FFF770FE082260601A
:102850002146284620F007FB164D286018B3164C79
:102860001649206820F04AFB1549206820F046FBF5
:102870001FF0FCFA1FF0FBFA124B134A00931349A6
:102880004FF48D73206820F039FB11492B68114AF1
:10289000206820F033FB286802F0BAFA0E4920685D
:1028A00020F02CFBFEE702220C4B1A7003B030BD67
:1028B0000F2C002010120020A813002074E8030041
:1028C00062E50300D2E5030067E5030084E5030049
:1028D000ACE503008FE70300C1E50300832B002074
:1028E0000D4C07B50D49206820F008FB0C49206805
:1028F00020F004FB1FF0BAFA1FF0B9FA094B0A4A9C
:102900000A49009320680E2320F0F8FA084A094982
:10291000206820F0F3FAFEE7A813002074E8030013
:1029200062E503003DE6030030E6030084E50300B2
:1029300090E5030096E50300FF230374014B8360D9
:10294000082070477CEB0300014B83600820704730
:1029500048EB03000022024B05201A70704700BFAD
:10296000832B0020014B83600820704790EA03000E
:10297000014B83600820704710EA03000B6813B511
:10298000052B26D0062B4AD1264B1B78DBB1264CD3
:102990002649206820F0B2FA2549206820F0AEFAD6
:1029A0001FF064FA1FF063FA224B234A0093234975
:1029B00040F21133206820F0A1FA214A2149206811
:1029C00020F09CFAFEE7032202201F4B1A7002B08F
:1029D00010BD144B1D4ADB89872B13801BD8124C6A
:1029E0001249206820F08AFA1149206820F086FAFE
:1029F0001FF03CFA1FF03BFA0E4B0F4A00930F49B1
:102A000040F21E33206820F079FA114A0D492068FF
:102A100020F074FAFEE70F4B83600720D7E7002011
:102A2000D5E700BF852B0020A813002074E8030021
:102A300062E5030058EA030047E6030084E503006B
:102A40005CE6030096E50300832B0020282B002082
:102A50007DE603004CEA03000B683A4A10B5934246
:102A60005BD007D8052B68D0A2F57C0293420DD02D
:102A7000002010BD344A9342FAD1344B1B68DB7AF4
:102A8000032B05D8DFE803F00619293901F0C4FC4F
:102A90000220EEE7032002F075F90028F8D02C4C54
:102AA0002C49206820F02AFA1FF0E0F91FF0DFF926
:102AB0002949206820F022FAEAE7032002F062F9AF
:102AC0000028E5D0224C2349206820F017FA1FF097
:102AD000CDF91FF0CCF92149EBE7032002F052F9C0
:102AE0000028D5D01A4C1B49206820F007FA1FF0A7
:102AF000BDF91FF0BCF91A49DBE7032002F042F9E7
:102B00000028C5D0124C1349206820F0F7F91FF0B7
:102B1000ADF91FF0ACF91349CBE7032002F032F90D
:102B20000028B5D00A4C0B49206820F0E7F91FF0C7
:102B30009DF91FF09CF90C49BBE70C4B8360072003
:102B400097E700BFA0000601A0000602B81200200F
:102B5000A81300202BE50300A4E60300B1E6030060
:102B6000E7E603001FE7030074E7030038EB030008
:102B700037B504460021012010F02AFBE06018B3AD
:102B8000334D3449286820F0B9F93349286820F0DA
:102B9000B5F91FF06BF91FF06AF9304B304A00931A
:102BA00030494FF4C073286820F0A8F92E49E36833
:102BB0002E4A286820F0A2F9E06802F029F92C4991
:102BC000286820F09BF9FEE70221207C10F064FACF
:102BD000E06018B31E4D1F49286820F08FF91E4988
:102BE000286820F08BF91FF041F91FF040F91B4BCA
:102BF0001B4A00931B494FF4C273286820F07EF9EA
:102C00001949E368194A286820F078F9E06802F069
:102C1000FFF81749286820F071F9FEE7032002F059
:102C2000B1F860B10A4C1349206820F067F91FF031
:102C30001DF91FF01CF91049206820F05FF90F48BA
:102C40001FF009FA02F044F8042003B030BD00BFC1
:102C5000A813002074E8030062E5030020EB0300E2
:102C600047E6030084E50300ACE503008BE70300BF
:102C7000C1E503002BE5030092E70300CCF7030056
:102C800037B50546032002F07DF860B11E4C1F49A0
:102C9000206820F033F91FF0E9F81FF0E8F81C492C
:102CA000206820F02BF902F02FF81A4B1B68187BD4
:102CB00010F0A2FAE86018B3134C1749206820F00E
:102CC0001DF91649206820F019F91FF0CFF81FF000
:102CD000CEF8134B134A009313494FF41273206834
:102CE00020F00CF91149EB68114A206820F006F930
:102CF000E86802F08DF80F49206820F0FFF8FEE741
:102D0000042003B030BD00BFA81300202BE5030052
:102D1000A3E70300B812002074E8030062E5030093
:102D2000D1EA030047E6030084E50300ACE50300B5
:102D30008BE70300C1E5030008B5BB2103481DF084
:102D400029FE0122024B04201A7008BD28E5030069
:102D5000832B002037B50B686A4A044693425AD049
:102D60000BD802F17C42934238D002F14072934278
:102D700000F0B580002003B030BD634A9342F9D122
:102D8000624B01211B68187910F048FAE0600028B6
:102D900000F092805E4D5F49286820F0AFF85E49F0
:102DA000286820F0ABF81FF061F81FF060F85B4B6B
:102DB0005B4A00935B4940F27223286820F09EF83A
:102DC0005949E368594A286820F098F8E06802F009
:102DD0001FF85749286820F091F8FEE7032001F01A
:102DE000D1FF4A4C78B14A4D5249286820F086F804
:102DF0001FF03CF81FF03BF823684F49D3F805203B
:102E0000286820F07BF823684B48D3F805101DF0A4
:102E1000C1FD0220AFE73D4B1B68187910F050F957
:102E2000E06018B33A4D3B49286820F067F83A490A
:102E3000286820F063F81FF019F81FF018F8374BD6
:102E4000374A0093374940F25E23286820F056F84D
:102E50003549E368354A286820F050F8E06801F009
:102E6000D7FF3349286820F049F8FEE7032001F036
:102E700089FF60B1264D2F49286820F03FF81EF0E9
:102E8000F5FF1EF0F4FF2D49286820F037F80320E5
:102E900001F078FF60B11E4D2649286820F02EF819
:102EA0001EF0E4FF1EF0E3FF2549286820F026F815
:102EB000244B0720A3605EE7032001F063FF002896
:102EC000A7D0134C1B49206820F018F81EF0CEFF45
:102ED0001EF0CDFF1C49206820F010F899E7032070
:102EE00001F050FF60B10A4D1249286820F006F841
:102EF0001EF0BCFF1EF0BBFF144928681FF0FEFF48
:102F0000134BD6E7A0000F04A0000F09B812002051
:102F1000A813002074E8030062E50300B4EA03008C
:102F200047E6030084E50300ACE503008BE70300FC
:102F3000C1E503002BE50300C0E70300CBE7030076
:102F4000DFE70300A8EA0300F7E703001AE803003D
:102F50009CEA030008B502481FF0B8F8042008BD39
:102F6000E4F703000B6813B5052B26D0062B2ED1F2
:102F7000184B1B78DBB1184C184920681FF0BEFFB6
:102F8000174920681FF0BAFF1EF070FF1EF06FFF98
:102F9000144B154A0093154940F2493320681FF03D
:102FA000ADFF134A134920681FF0A8FFFEE7042273
:102FB0000220114B1A7002B010BD064B0F4A19794E
:102FC0000F4B002908BF134683600720F3E700205A
:102FD000F1E700BF852B0020A813002074E8030050
:102FE00062E503003CEA030047E6030084E50300D2
:102FF0005CE6030096E50300832B002030EA030023
:103000001CEA03000B6813B5052B26D0062B2DD127
:10301000174B1B78DBB1174C174920681FF06EFF68
:10302000164920681FF06AFF1EF020FF1EF01FFFE8
:10303000134B144A0093144940F2B23320681FF036
:103040005DFF124A124920681FF058FFFEE7052273
:103050000220104B1A7002B010BD00230D4A80F8F8
:10306000203013700C4B83600720F4E70020F2E758
:10307000852B0020A813002074E8030062E50300FC
:10308000FCE9030047E6030084E503005CE6030077
:1030900096E50300832B0020F0E903000B6813B5CD
:1030A000062B23D1124B1B78DBB1124C124920683E
:1030B0001FF024FF114920681FF020FF1EF0D6FEEC
:1030C0001EF0D5FE0E4B0F4A00930F4940F24C43C1
:1030D00020681FF013FF0D4A0D4920681FF00EFFF6
:1030E000FEE70C4B8360072002B010BD0020FBE719
:1030F000852B0020A813002074E8030062E503007C
:10310000A8E9030047E6030084E503005CE603004A
:1031100096E5030094E903000B6813B5052B25D051
:10312000062B4FF0000024D1144B1870144B1B7861
:10313000512B20D0134C144920681FF0DFFE134997
:1031400020681FF0DBFE1EF091FE1EF090FE104B7B
:10315000104A0093104940F27E4320681FF0CEFED3
:103160000E4A0F4920681FF0C9FEFEE70D4B836031
:10317000072002B010BD0220FBE700BF832B002018
:10318000852B0020A813002074E8030062E50300EB
:1031900080E9030047E6030084E5030026E8030016
:1031A00096E5030074E9030030B50A68944B0446C1
:1031B0009A4287B040F02281032001F0E3FD90B1F4
:1031C000904D914928681FF099FE1EF04FFE1EF0A9
:1031D0004EFE8E4B1968CB888A8809890091286831
:1031E0008B491FF08BFE032001F0CCFDE8B1854D2B
:1031F000854928681FF082FE1EF038FE1EF037FE5B
:10320000637CE07D0493A37C82490393E37C824A40
:103210000293237D002818BF0A460193637D7F49EE
:103220000093A37D28681FF069FEA37D002123760B
:10323000637D08226376237D1920A376FF23E3763E
:10324000FE232377E37C6377A37CA377637CE37718
:1032500004F118030FF078FF0146E06010B3694DE8
:103260006F4928681FF04AFE6E4928681FF046FE25
:103270001EF0FCFD1EF0FBFD6B4B6C4A00936C498D
:10328000C82328681FF03AFE6A49E3686A4A28683A
:103290001FF034FEE06801F0BBFD684928681FF0AC
:1032A0002DFEFEE72A200FF093FFE06010B3554D8E
:1032B0005B4928681FF022FE5A4928681FF01EFE4D
:1032C0001EF0D4FD1EF0D3FD574B584A00935849C9
:1032D000CD2328681FF012FE5649E368564A286835
:1032E0001FF00CFEE06801F093FD544928681FF0C0
:1032F00005FEFEE704F110000FF06EFEE06010B373
:10330000404D474928681FF0F9FD464928681FF0DD
:10331000F5FD1EF0ABFD1EF0AAFD434B434A0093A2
:103320004349E22328681FF0E9FD4249E368424A25
:1033300028681FF0E3FDE06801F06AFD3F49286856
:103340001FF0DCFDFEE70221207C0FF091FE03461A
:10335000E06010B32B4D324928681FF0CFFD314992
:1033600028681FF0CBFD1EF081FD1EF080FD2E4B66
:103370002E4A00932E49E72328681FF0BFFD2D49F0
:10338000E3682D4A28681FF0B9FDE06801F040FDB0
:103390002A4928681FF0B2FDFEE74FF448720090FA
:1033A0001146207C0FF030FEE06010B3154D1C4933
:1033B00028681FF0A3FD1B4928681FF09FFD1EF021
:1033C00055FD1EF054FD184B184A00931849ED2383
:1033D00028681FF093FD1749E368174A28681FF013
:1033E0008DFDE06801F014FD144928681FF086FD8A
:1033F000FEE70720124BA36007B030BD0020FBE7BB
:10340000A0000100A81300202BE50300B812002043
:103410005BE803003FE803004DE8030076E80300A3
:1034200074E8030062E5030064EB030047E6030071
:1034300084E50300ACE503008BE70300C1E503006E
:1034400054EB030030B50B680446052B85B058D00B
:10345000062B5BD12E4B1B78DBB12E4C2E492068FE
:103460001FF04CFD2D4920681FF048FD1EF0FEFCAA
:103470001EF0FDFC2A4B2B4A00932B4940F2D72328
:1034800020681FF03BFD294A294920681FF036FDBE
:10349000FEE74FF4FA7003A906F0ECFE034620B3F2
:1034A000E0601C4D1C4928681FF028FD1B49286856
:1034B0001FF024FD1EF0DAFC1EF0D9FC184B194A4F
:1034C0000093194940F2E22328681FF017FD1949BB
:1034D000E368194A28681FF011FDE06801F098FCC4
:1034E000164928681FF00AFDFEE7CDE90000144ADE
:1034F000039914481FF09FFEE0600028D1D10220FC
:1035000002E0114B8360072005B030BD0020FBE7CF
:10351000852B0020A813002074E8030062E5030057
:103520007CEA030047E6030084E503005CE6030051
:1035300096E50300ACE503008BE70300C1E503005B
:10354000DD2401001412002070EA0300002108B5F8
:10355000044B1970044B1B6818689A699047042043
:1035600008BD00BF832B0020C80A00207FB50A6871
:103570000B46A64904468A420AD001F141718A42AB
:1035800000F08A80042A00F09380002004B070BD0F
:10359000032001F0F7FB60B19D4D9E4928681FF0A4
:1035A000ADFC1EF063FC1EF062FC9B4928681FF016
:1035B000A5FC9A4806F0B4FDE060B0B9032001F024
:1035C000E1FB60B1924D934928681FF097FC1EF013
:1035D0004DFC1EF04CFC924928681FF08FFC91486E
:1035E0001EF077FD0022904B1A70904D03202B683F
:1035F0005B7BFF2B15D101F0C5FB60B1844D854984
:1036000028681FF07BFC1EF031FC1EF030FC88495E
:1036100028681FF073FC874B0720A360B6E7864B32
:10362000FAE701F0AFFB60B1794E7A4930681FF0DC
:1036300065FC1EF01BFC1EF01AFC804930681FF070
:103640005DFC2B68187B0FF0D7FDE0600028E6D00A
:103650006F4D7B4928681FF051FC7A4928681FF09C
:103660004DFC1EF003FC1EF002FC774B774A0093E2
:10367000774940F2B91328681FF040FC7549E368A8
:10368000754A28681FF03AFCE06801F0C1FB7349F5
:1036900028681FF033FCFEE7644B1B68DA79012AC7
:1036A00004D11B89012B01D100F068FD02206DE7D8
:1036B000597A012900F04081022900F07E81002919
:1036C000F4D11A7A664B53F82230664A93426ED18F
:1036D0002A200FF07DFD0546E06018B34C4D584997
:1036E00028681FF00BFC574928681FF007FC1EF0E4
:1036F000BDFB1EF0BCFB544B544A009354494FF49D
:10370000F27328681FF0FAFB5249E368524A2868AE
:103710001FF0F4FBE06801F07BFB504928681FF0C4
:10372000EDFBFEE750481EF09FFC2B464FF4FA716C
:10373000CDE900554D4A394806F0FCFDE06018B36C
:10374000334D3F4928681FF0D9FB3E4928681FF0D8
:10375000D5FB1EF08BFB1EF08AFB3B4B3B4A0093D4
:103760003B494FF4F97328681FF0C8FB3949E368F7
:10377000394A28681FF0C2FBE06801F049FB37496D
:1037800028681FF0BBFBFEE7032001F0FBFA0028CE
:103790008CD01F4C1F4920681FF0B0FB1EF066FB49
:1037A0001EF065FB324920681FF0A8FB7EE72E4A19
:1037B00093427FF47BAF007C0FF048FCE060002870
:1037C00058D0134D1E4928681FF098FB1D492868E2
:1037D0001FF094FB1EF04AFB1EF049FB1A4B1B4ADC
:1037E00000931B4940F2FB1328681FF087FB19491F
:1037F000E368194A28681FF081FBE06801F008FBC4
:10380000164928681FF07AFBFEE700BFA0000600FB
:10381000A81300202BE50300ACE80300841200206D
:10382000C3E80300E4F70300992C0020B81200203D
:10383000EAE8030014EB0300F0EA0300F7E80300F2
:1038400074E8030062E50300FCEA030047E60300B6
:1038500084E50300ACE503008BE70300C1E503004A
:10386000D80A0020B4F70300CCF70300E9440100B4
:1038700008E903005F4B01211B6818689A699047AB
:10388000FEF732FE01F040FA032001F07BFA60B14E
:10389000594D5A4928681FF031FB1EF0E7FA1EF017
:1038A000E6FA574928681FF029FB4FF4FA7003A97C
:1038B00006F0E0FC034620B3E0604F4D5149286814
:1038C0001FF01CFB504928681FF018FB1EF0CEFAB1
:1038D0001EF0CDFA4D4B4E4A00934E4940F20F2355
:1038E00028681FF00BFB4C49E3684C4A28681FF01E
:1038F00005FBE06801F08CFA494928681FF0FEFAE0
:10390000FEE7CDE90000474A039947481FF093FCC2
:10391000E0600028D1D1032001F034FA00283FF400
:10392000C5AE354C354920681FF0E8FA1EF09EFA06
:103930001EF09DFA3D4936E71A7A3D4B53F8222096
:103940003C4B9A427FF4B2AE0FF07CFCE06018B3BF
:10395000294D2C4928681FF0D1FA2B4928681FF0FF
:10396000CDFA1EF083FA1EF082FA284B284A009303
:10397000284940F21B2328681FF0C0FA2649E36853
:10398000264A28681FF0BAFAE06801F041FA244993
:1039900028681FF0B3FAFEE7032001F0F3F90028CE
:1039A0003FF484AE144C154920681FF0A7FA1EF0AE
:1039B0005DFA1EF05CFA2049F5E61A7A1C4B53F8C2
:1039C00022201C4B9A427FF471AE032001F0DAF9F9
:1039D00060B1094C094920681FF090FA1EF046FAC0
:1039E0001EF045FA154920681FF088FA002024F0DF
:1039F00019FF5BE6C80A0020A81300202BE503008E
:103A000027E9030074E8030062E50300FCEA030011
:103A100047E6030084E50300ACE503008BE7030001
:103A2000C1E50300DD240100141200203AE903007F
:103A3000D80A0020CCF703004FE9030065E9030032
:103A40000149FEF741BD00BF39290100038D2DE971
:103A5000F341802B1E4628BF80269B1B03858023B5
:103A6000294D04462B7020234FF00008EB70436A69
:103A7000771D6B6033443246C16A4362FFB205F181
:103A800008006F7085F8028029F0DFFDE36A39468F
:103A90003344E362E81CFEF749FD06F108039BB2DC
:103AA00006F10C02E8502946404692B21FF0DBF9BD
:103AB000E06010B3154D164928681FF01FFA15492C
:103AC00028681FF01BFA1EF0D1F91EF0D0F9124B36
:103AD000124A00931249882328681FF00FFA1149EF
:103AE000E368114A28681FF009FAE06801F090F9CC
:103AF0000E4928681FF002FAFEE702220C4B1A70EA
:103B000002B0BDE8F08100BF0F2C0020A8130020F8
:103B100074E8030062E5030084EB030047E603005A
:103B200084E50300ACE503008BE70300C1E5030077
:103B3000832B002008B5094990F8202051F8221065
:103B40004162074951F822100185064951F82220A7
:103B5000C262FFF77BFF042008BD00BF3CF20300F8
:103B600034F20300C00A00200A6813B5052A25D0E4
:103B7000062A34D11B4B1B78DBB11B4C1B49206838
:103B80001FF0BCF91A4920681FF0B8F91EF06EF951
:103B90001EF06DF9174B184A0093184940F2ED33A7
:103BA00020681FF0ABF9164A164920681FF0A6F9E5
:103BB000FEE7154B1A70022002B010BD028D12B143
:103BC000FFF744FFF7E790F82020022A1BBF0132DD
:103BD00080F820200D4A0E4A82600720ECE7002082
:103BE000EAE700BF852B0020A813002074E803003B
:103BF00062E50300D4E9030047E6030084E503001F
:103C00005CE6030096E50300832B0020C8E903006F
:103C1000BCE903001E4B37B5186805F053F804469D
:103C200010B31C4D1C4928681FF068F91B4928680F
:103C30001FF064F91EF01AF91EF019F9184B194A11
:103C4000009319494B2328681FF058F91749234658
:103C5000174A28681FF052F9204601F0D9F8154993
:103C600028681FF04BF9FEE70422134B1A60E0228C
:103C700018715A71114B1D682846FFF7E1FE224664
:103C8000214628462B681B6803B0BDE83040184722
:103C9000CC0A0020A813002074E8030062E50300AA
:103CA00000F4030044F2030084E50300ACE50300E4
:103CB0008FE70300C1E50300AC120020A8EC03006D
:103CC00030B5994B87B01A78002A78D000210120AE
:103CD00019700FF07DFA054610B3944C9449206892
:103CE0001FF00CF9934920681FF008F91EF0BEF888
:103CF0001EF0BDF8904B914A0093914965232068CE
:103D00001FF0FCF88F492B468F4A20681FF0F6F809
:103D1000284601F07DF88D4920681FF0EFF8FEE796
:103D20008B4806F0FDF9044610B3804D80492868A1
:103D30001FF0E4F87F4928681FF0E0F81EF096F8BD
:103D40001EF095F87C4B7D4A00937D4968232868D6
:103D50001FF0D4F87B4923467B4A28681FF0CEF831
:103D6000204601F055F8794928681FF0C7F8FEE7AA
:103D700078481EF070F9784B03201C7001F002F8AF
:103D800060B16A4C754920681FF0B8F81EF06EF8F3
:103D90001EF06DF8724920681FF0B0F8032000F0A3
:103DA000F1FF60B1614C6D4920681FF0A7F81EF06B
:103DB0005DF81EF05CF86B4920681FF09FF86A4BB5
:103DC0001A78CAB1002203201A7000F0DBFF60B13C
:103DD000564C624920681FF091F81EF047F81EF01B
:103DE00046F8624920681FF089F8614B0022186884
:103DF000604903685B6898475F4B1A78FAB1002204
:103E000003201A7000F0BEFF60B1484C534920688F
:103E10001FF074F81EF02AF81EF029F857492068A0
:103E20001FF06CF8564A04AB92E80300504A83E84E
:103E3000030010681946026854680022A047514BDD
:103E40001B78EBB1013B052B1AD8DFE813F0060015
:103E500006001B004300A90006018A2200204A49EF
:103E600003AB1FF011F8024650B9484904AB03C92F
:103E700083E803003E49086801684C681946A0477A
:103E800007B030BD8A2200203F4903AB1EF0FCFF83
:103E900002460028F4D13E4B1B88872B40D8234C88
:103EA000234920681FF02AF8224920681FF026F8CD
:103EB0001DF0DCFF1DF0DBFF1F4B204A0093204963
:103EC0009E2320681FF01AF8324A334920681FF0F9
:103ED00015F8FEE72C4C8A222146002003AB1EF089
:103EE000D3FF0028CCD12279D2B1104C10492068E0
:103EF0001FF004F80F4920681FF000F81DF0B6FF0E
:103F00001DF0B5FF0C4B0D4A00930D49AC23206802
:103F10001EF0F4FF214A204920681EF0EFFFFEE763
:103F2000174904ABA3E700BF9A2C0020A813002078
:103F300074E8030062E50300EDF3030044F20300BC
:103F400084E50300ACE503008FE70300C1E503004F
:103F500084120020CCF70300992C00202BE50300ED
:103F60004DF2030076F203009B2C00208CF203003C
:103F7000A8EC0300AC120020842B00209DF203006B
:103F80000CF40300832B0020852B002014F4030085
:103F9000282B00207DE6030096E50300B4F2030021
:103FA0005C4C8A222146002003AB1EF06DFF0028E6
:103FB0007FF466AF2379D3B1574C584920681EF07F
:103FC0009DFF574920681EF099FF1DF04FFF1DF01F
:103FD0004EFF544B544A00935449BA2320681EF0B4
:103FE0008DFF534A534920681EF088FFFEE74FF4C7
:103FF000FA7004A906F03EF9044658B90346CDE923
:1040000000004D4A04994D481FF015F90446002858
:104010003FF436AF404D414928681EF06FFF4049DC
:1040200028681EF06BFF1DF021FF1DF020FF3D4BA7
:104030003D4A00933D49C82328681EF05FFF404970
:104040002346404A28681EF059FF204600F0E0FE53
:104050003D4928681EF052FFFEE72E4C8A22214679
:10406000002003AB1EF010FF00287FF409AF237976
:10407000D3B1294C294920681EF040FF2849206807
:104080001EF03CFF1DF0F2FE1DF0F1FE254B264A0E
:1040900000932649D22320681EF030FF244A254988
:1040A00020681EF02BFFFEE74FF4FA7004A906F01B
:1040B000E1F8044658B90346CDE900001E4A0499C8
:1040C0001E481FF0B8F8044600283FF4D9AE124D40
:1040D000124928681EF012FF114928681EF00EFFD1
:1040E0001DF0C4FE1DF0C3FE0E4B0F4A00930F4996
:1040F000E02328681EF002FF11492346114A286870
:104100001EF0FCFE204600F083FE0F4928681EF0DA
:10411000F5FEFEE7852B0020A813002074E80300BD
:1041200062E50300EDF3030044F2030084E50300BD
:10413000B4F2030096E50300DD2401001412002010
:10414000ACE503008FE70300C1E50300084B094914
:1041500018600368002223F47F4323F007030B60F9
:10416000E0234B71044B0A71186803685B681847B9
:10417000B8120020A4120020A8EC030010B5194BBF
:104180001B68B3F805300B2B09D00E2B1AD0022078
:1041900000F0F8FD28B3144B144918680EE0032012
:1041A00000F0F0FDE8B1104C114920681EF0A6FEA9
:1041B0001DF05CFE1DF05BFE0E492068BDE810405E
:1041C0001EF09CBE032000F0DDFD50B1064C0849F6
:1041D00020681EF093FE1DF049FE1DF048FE0649C2
:1041E000EBE710BDB8120020A813002035F3030040
:1041F0002BE50300F4F2030016F303002DE9F04170
:10420000DFF8108286B0D8F8003004AE1C7B5F7BEC
:10421000072200210B20009603AB0EF063FF05463A
:1042200018B36F4C6F4920681EF068FE6E49206815
:104230001EF064FE1DF01AFE1DF019FE6B4B6C4A59
:1042400000936C494FF4AF7320681EF057FE6A4923
:104250002B466A4A20681EF051FE284600F0D8FD21
:10426000674920681EF04AFEFEE7D8F80030DB7A86
:10427000502B1BD0532B74D08DF8110002208DF8D9
:10428000103000F07FFD002871D0554D5D49286841
:104290001EF034FE1DF0EAFD1DF0E9FD00972346F7
:1042A0003246594928681EF029FE60E004F11803DF
:1042B0000DEB03012B2F11F8082C05D02D2F46D024
:1042C00022F07F023A430CE002F07F03632B4ED8CA
:1042D0000733632B02F0800201D81A4301E042F059
:1042E000640201F8082CD309214602F07F024748F6
:1042F0001CF050FB334600210B20039A0EF024FFE4
:104300000546002840D0364C364920681EF0F6FDA0
:10431000354920681EF0F2FD1DF0A8FD1DF0A7FD37
:10432000324B334A009333494FF4ED7320681EF04B
:10433000E5FD31492B46314A20681EF0DFFD284655
:1043400000F066FD2E4920681EF0D8FDFEE712F051
:104350007F030CD0073BDBB2632B02F08002C0D896
:10436000BBE7532F06D1214629481CF013FB06B0AA
:10437000BDE8F08104F118036B4413F8082C82F0B7
:10438000800203F8082CAEE732460B2003990EF0AA
:1043900009FF05460028EAD0114C124920681EF09A
:1043A000ADFD114920681EF0A9FD1DF05FFD1DF057
:1043B0005EFD0E4B0E4A00930E4940F2DD1320685D
:1043C0001EF09CFD0C492B460C4A20681EF096FD01
:1043D000284600F01DFD0A4920681EF08FFDFEE70B
:1043E000A813002074E8030062E50300D8F303007B
:1043F00044F2030084E50300ACE503008FE703000B
:10440000C1E5030049E5030071F3030061F3030014
:104410006CF30300B812002037B5274B1B68B3F8C4
:1044200005000B2806D00E2830D103B0BDE830407F
:10443000FFF7E4BE997A03F10B020EF0B3FE0546D6
:10444000002837D01D4C1E4920681EF057FD1D491D
:1044500020681EF053FD1DF009FD1DF008FD1A4BEC
:104460001A4A00931A4940F2012320681EF046FDC3
:1044700018492B46184A20681EF040FD284600F0D7
:10448000C7FC164920681EF039FDFEE7022000F047
:1044900079FC78B1094C124920681EF02FFD1DF0FF
:1044A000E5FC1DF0E4FC0F49206803B0BDE8304096
:1044B0001EF024BD03B030BDB8120020A8130020A8
:1044C00074E8030062E50300C6F3030044F203004E
:1044D00084E50300ACE503008FE70300C1E50300BA
:1044E00049E5030090F3030010B5074C2378772BC0
:1044F00006D806481DF0F0FD23780133237010BD67
:104500000122034B1A70FAE7992C0020E4F703000C
:104510009A2C002070B5044603200D4600F032FCB2
:1045200060B10A4E0A4930681EF0E8FC1DF09EFC9E
:104530001DF09DFC074930681EF0E0FC0122064B8F
:104540001A70064B5D721C7270BD00BFA81300206C
:104550002BE50300BCF303009B2C0020AC120020D1
:10456000054B1878054B1B781843054B1B781843EF
:1045700080F00100704700BF9A2C0020842B00209F
:104580009B2C002030B503687C4A23F47F4323F042
:104590000703934289B040F0EE80082200211320E7
:1045A000774B0EF0D1FD044610B3764D764928685E
:1045B0001EF0A4FC754928681EF0A0FC1DF056FCF6
:1045C0001DF055FC724B734A009373493D232868D4
:1045D0001EF094FC71492346714A28681EF08EFC37
:1045E000204600F015FC6F4928681EF087FCFEE7A6
:1045F0000146032215206C4B0EF0A6FD044610B3B5
:10460000604D614928681EF079FC604928681EF0F9
:1046100075FC1DF02BFC1DF02AFC5D4B5D4A0093E0
:104620005D494B2328681EF069FC5C4923465C4ABF
:1046300028681EF063FC204600F0EAFB5949286810
:104640001EF05CFCFEE7014605221720574B0EF0DA
:104650007BFD054610B34B4C4B4920681EF04EFCC9
:104660004A4920681EF04AFC1DF000FC1DF0FFFBCB
:10467000474B484A00934849592320681EF03EFCA6
:1046800046492B46464A20681EF038FC284600F072
:10469000BFFB444920681EF031FCFEE70DF10F011D
:1046A00004A80EF0DBFD044610B3364D36492868E9
:1046B0001EF024FC354928681EF020FC1DF0D6FBB6
:1046C0001DF0D5FB324B334A0093334964232868ED
:1046D0001EF014FC31492346314A28681EF00EFCB6
:1046E000204600F095FB2F4928681EF007FCFEE7E6
:1046F000BDF8143001465BBAADF818309DF81330A0
:1047000008228DF81A30FF238DF81B30FE238DF818
:104710001C309DF8123019208DF81D30BDF8103076
:104720005BBAADF81E3006AB0EF00EFD054610B3B9
:10473000144C154920681EF0E1FB144920681EF056
:10474000DDFB1DF093FB1DF092FB114B114A009312
:104750001149742320681EF0D1FB10492B46104AE2
:1047600020681EF0CBFB284600F052FB0D49206864
:104770001EF0C4FBFEE709B030BD00BFA000010081
:104780001CF40300A813002074E8030062E5030092
:1047900057F4030025F4030084E50300ACE50300AF
:1047A0008FE70300C1E503004DF4030051F403005B
:1047B00010B5234C01F0EEFC01F00EFF236F23F047
:1047C000070343F0030323671DF0DCFD1D4B0020AE
:1047D0009B6A9B075EBF01221B4B9A62D4F8203173
:1047E00023F0030343F00203C4F82031D4F824314A
:1047F00023F0070343F00203C4F82431D4F8403116
:1048000023F0030343F00203C4F84031D4F86031CD
:1048100023F0030343F00203C4F86031D4F84032BC
:1048200023F0030343F00203C4F84032D4F800320B
:1048300023F0070343F00203C4F8003210BD00BFA9
:104840000080005000C0005000E0005008B502F0A9
:104850000FFC01280ED1144B04205A6E4FF4802314
:104860001249520358BF124A4B6601F510410862C3
:1048700058BF536604F008FA1DF019FB04F094F9D0
:1048800004F0ECF904F0B2F91EF0E7FAFFF790FF3C
:1048900004F09AF91DF000FB00F054FD01F0AAF9B4
:1048A000BDE8084004F0FCBE0080005000900050BD
:1048B00000A0005030B5214D9DB009AC0FCD0FC404
:1048C00095E80F004FF4165584E80F0028220021C8
:1048D00012A80B9528F0AEFE194B01241193382332
:1048E00013930523159306230E2200210DF11600C4
:1048F0008DF84940179328F09DFE4FF48010114B1E
:1049000009AACDE903033E238DF814303F238DF827
:1049100015300D4B03A90693202307930B4B0C482E
:10492000009311AB8DF8204004F040FA04460021BA
:1049300028461DF005FB20461DB030BD7CF7030066
:104940000000035A3400035A9C2C0020BC120020A3
:104950002C130020022905D8034B1B68186808B1E6
:10496000436A1847704700BFC80A002008B50449C9
:10497000044804F05BFFBDE80840FFF79BBF00BFA1
:10498000D00A00205013002001481EF0EEBA00BFEC
:104990002C130020014B1A6A186810472C130020B2
:1049A00008B505481DF000FB04481DF0FDFABDE800
:1049B000084003481DF0F8BACCF70300B4F7030031
:1049C0009CF7030001481DF07EBB00BFE4F7030025
:1049D000184B37B583422AD1174B1B783BB3C8B26B
:1049E0000EF06EFB054610B3144C154920681EF0FE
:1049F00085FA144920681EF081FA1DF037FA1DF07F
:104A000036FA114B114A00931149852320681EF094
:104A100075FA10492B46104A20681EF06FFA284696
:104A200000F0F6F90D4920681EF068FAFEE703B0C1
:104A300030BD00BF58130020BC2C0020A81300205C
:104A400074E8030062E5030074F80300FCF7030058
:104A500084E50300ACE503008FE70300C1E5030034
:104A600030B500250368584A23F47F4323F0070339
:104A700085B0934204460295ADF80C507ED002F505
:104A8000802293420ED0A2F18272934240F09A802B
:104A90004E4B1B78002B00F0958005B0BDE83040F0
:104AA0001EF08FBCB0F80530232B40F08B80FF2325
:104AB00004A91A4611E903001DF0D1F9012814BF19
:104AC00041F2FC15414B05F0FC0208BF1870232190
:104AD00020790EF04FFB054610B33D4C3D49206850
:104AE0001EF00CFA3C4920681EF008FA1DF0BEF9D1
:104AF0001DF0BDF9394B3A4A00933A4959232068D1
:104B00001EF0FCF938492B46384A20681EF0F6F9A9
:104B1000284600F07DF9364920681EF0EFF9FEE7DF
:104B2000344900902379344A0968344800F0CAF9BE
:104B30000546002846D0264C264920681EF0DEF99E
:104B4000254920681EF0DAF91DF090F91DF08FF963
:104B5000224B234A00932349622320681EF0CEF99A
:104B600021492B46214A20681EF0C8F9284600F04A
:104B70004FF91F4920681EF0C1F9FEE7B0F8053073
:104B8000B7EE047A07EE903AF8EE677AB0F807309D
:104B900067EE877A013307EE103AB8EEC77A67EE10
:104BA000877AB1EE047A67EE877AFAFE677AFCEECE
:104BB000E77A17EE903AB3F57A7F38BF4FF47A73FD
:104BC0000C4A136005B030BDA0000602BC2C0020CA
:104BD000A813002074E8030062E5030083F80300D3
:104BE000FCF7030084E50300ACE503008FE7030056
:104BF000C1E50300E40A0020D14901005813002058
:104C000004210022034B19711A6019739A601975F7
:104C10001A617047901300202DE9F8431F4B064698
:104C20001B78ABB90325DFF87C901D4C59F8043B89
:104C3000B34207D130461DF0BCF901280AD11EF05D
:104C40007EFB2060013D15F0FF0504F10804EDD165
:104C5000BDE8F88330461DF0ACF980460028F1D15C
:104C60001EF06DFB2368C71AFA2005F0F1FAB8426E
:104C700002D984F80480E5E74FF47A7005F0E8FA89
:104C8000B84202D901232371DCE741F2883005F0F4
:104C9000DFFAB8428CBF02230323F4E7250D00207E
:104CA00090130020D80A002070B500240426074D78
:104CB0002979042903D0E0B2FFF72CFC2E710134CE
:104CC000032C05F10805F3D170BD00BF901300203F
:104CD00038B50024094D55F8040B1DF06AF9012878
:104CE00004D11EF02CFB064B43F834000134032C96
:104CF000F1D10022034B1A7038BD00BFD80A002042
:104D000090130020250D0020064B1A784AB9012186
:104D100019700421044B19711A6019739A6019757E
:104D20001A617047250D002090130020074B18785A
:104D300050B9074B1A79042A06D11A7B042A03D1E9
:104D4000187D031F58425841704700BF250D0020B1
:104D500090130020094B1B785BB9094B1879042884
:104D600009D11A7B042A07D11B7D042B08BF01201F
:104D70007047012070470420704700BF250D0020B8
:104D8000901300200B4B02461B7883B10A4B1B7813
:104D9000834234BF00200120084B1B7833B1084BFD
:104DA0001B78134113F0010F08BF0020704701204A
:104DB000F2E700BF280D0020270D0020BD2C0020A9
:104DC000260D0020012208B5074B1A700022074B60
:104DD0001A700422064B1A701F22064B1A7003F039
:104DE0007DFF054B186008BD280D0020BD2C00205C
:104DF000270D0020260D0020A8130020024B034998
:104E000018681EF07BB800BFA8130020A3F80300A9
:104E100070B50C4C0C49064620681EF06FF803F084
:104E20005DFF0546206803F04DFF3046FFF7E6FFC3
:104E3000284603F047FF20680449BDE870401EF093
:104E40005DB800BFA8130020A5F80300A7F8030071
:104E500038B505461DF0B2FA00230B4A14685CB160
:104E6000AC4206D1A96A6BB199621DF0ADFA01207E
:104E700007E02346A46AF2E7002DF3D01DF0A4FA60
:104E8000204638BD1160F0E7AC13002010B5044691
:104E900098B105F045F92046FFF7DAFF10B194F814
:104EA0002C300BB9002010BD1DF088FA044A13689D
:104EB000013B13601DF088FAF4E72220F3E700BFFE
:104EC000B01300202DE9F04385B005469146984681
:104ED0000E469DF8307009B9002F5CD12846FFF7C7
:104EE000D5FF0446002836D185F82C00686305F00C
:104EF00053FA864233D905F0A5F92146844640F29B
:104F0000E7304FF47A720023E6FB0C011BF03EFA07
:104F10004FF0FF3200231BF039FA2B46E88611468A
:104F20002846CDE900441D4A1EF0E4F9044690B934
:104F3000C5E9089885F82D702E631DF03FFA184AD0
:104F4000136833B31A469B6A002BFBD1956200238A
:104F5000AB621DF039FA204605B0BDE8F08347B1D9
:104F60002B4631462846CDE900440C4A05F0A0F90D
:104F7000DCE7304603A905F07DF904460028EAD1B4
:104F80002B462846CDE90077044A03991EF08EF996
:104F9000CCE71560DBE72124DDE700BFA54F01006A
:104FA000AC13002091F82C3013B50C4683B98B8ECE
:104FB000CA8E93420ED243B9CDE9003320460B4648
:104FC000104A4FF0FF311EF055F9A38E0133A3862E
:104FD00002B010BD52B191F82D307BB10123009386
:104FE000D1E908232046096BFFF76CFF0123064A2D
:104FF00084F82C30136801331360E9E7084605F0A4
:105000008FF8F3E7A54F0100B01300202DE9F04120
:10501000144E336823B34FF00008134F1DF0CEF940
:1050200005463C6824B92846BDE8F0411DF0CCB9DE
:1050300094F82C3093B1336884F82C80013B3360B2
:1050400094F82D3013B92046FFF702FF28461DF0D3
:10505000BBF9D4E9083120469847DFE7A46AE1E7C5
:10506000BDE8F081B0130020AC130020034B1B6897
:10507000002B14BF04200120704700BFB013002094
:10508000024B1868B0FA80F040097047B013002056
:105090002DE9F047434D88B001AC0FCD0FC495E822
:1050A0000700012584E8070001213A2000F098FF5D
:1050B000DFF8FC800121282000F092FF3A4B4046A7
:1050C00001A903938DF8125002F00CF82B4604222C
:1050D0000021022001F0DAFD2A46294600230220A1
:1050E00001F0D4FD02212B460846042201F0CEFD3A
:1050F000042203212B46022001F0C8FD4FF00213C9
:105100002A4C0226C4F83036A3F58033C4F82C3676
:105110001C230827C4F8346604F5005AC4F81C366A
:105120004FF4487005F0D0FA04F580591420CAF8FD
:10513000707005F0C9FA2320C9F8707005F0C4FA40
:10514000B9214046CAF870701DF0BFF900233046FF
:105150001A461946C9F8707001F098FD00232946D7
:105160001A46304601F092FD2B4631463046002269
:1051700001F08CFD2B4600220321304601F086FD14
:10518000404601F087FF00212820C4F83016C4F8FB
:105190002C16C4F83416C4F81C1600F021FF08B011
:1051A000BDE8F087ACF8030000127A0000C003509D
:1051B00000C005500348044A0449121A92101CF01A
:1051C000CFBE00BF2C4804002C480400E42D002072
:1051D00008B500F02FF8FFF7EDFF124B12498B4294
:1051E00012D30020114B12498B4218D3FDF78CF8D3
:1051F000186850F82240586840F8224001329868F8
:105200008242F5D30C33EAE70022F8E71C6844F841
:10521000220001325C68A242F8D30833E4E700229E
:10522000F8E700BFBC430400C8430400C8430400BF
:10523000C84304004FF400414FF0FF30124B134AB3
:1052400010B59A60D3F8882042F47002C3F8882021
:105250000F4A916601F1884101F5005210664FF640
:10526000DF7050660220C3F8D000BFF34F8FBFF34A
:105270006F8F08244FF440330648C0F88041D36054
:1052800004600B6110BD00BF00ED00E000200100D4
:105290000090005000E100E0014B1868704700BF2B
:1052A000EC0A0020084B1B6F03F00703022B04D00D
:1052B000032B05D0012B05D0FEE7044B186870477F
:1052C000034BFBE70348704700800050EC0A0020C6
:1052D000F40A0020002D310108B5FFF7E3FF054B6C
:1052E0001B6FC3F303330133B0FBF3F0024B1860C1
:1052F00008BD00BF00800050E80A00200048704749
:1053000000B4C404014B1868704700BFF40A0020C1
:10531000054B1860054B1B6F03F00703032B01D1EE
:10532000FFF7DABF704700BFF40A0020008000508A
:1053300000487047002D3101014B1868704700BFCD
:10534000F00A002000239B6A10B5B3F5903F11D2FC
:1053500019680A4A91420DD1094C227812F0FD0FCA
:1053600001D0002010BDDB6998470028FAD1012345
:105370002370F6E74FF48170F4E700BF07B0CD5E0D
:10538000BE2C00204FF00053074A1A60BFF34F8F26
:105390000649074BCA6802F4E0621343CB60BFF3CF
:1053A0004F8F00BFFDE700BF02020FF000ED00E0ED
:1053B0000400FA050346054A0549106803448B4278
:1053C0008CBF4FF0FF301360704700BFF80A002019
:1053D00000800020F7B50468012105463A2000F05E
:1053E000FFFD002301226179207901F04FFC142395
:1053F0003021227911FB023101F1A04101F5703118
:1054000009686379D940C943A37901F00101022BEE
:10541000217017D100F044FB164A2B4661792079A0
:1054200000F068FBFF28024660790ED12A46114938
:1054300000F08AFB0123024661792079CDE900332F
:1054400001F0CAFB002003B0F0BD0126277900233C
:1054500001460096384601F079FC2A4605496079F4
:1054600000F072FB002361790246207900930196D7
:105470003346E5E7BD1F030008B501213A2000F0DF
:10548000AFFD032101230422002001F0FFFB0020D7
:105490001DF002F80122214B4FF46070C3F8442440
:1054A0001CF0A7FE1E4B00F5D520D3F8F02000F22B
:1054B000FC4042F00102C3F8F020D3F8FC2042F097
:1054C0008072C3F8FC20174AA3F55D431A60164B9F
:1054D0000222B0FBF3F0154B01381861C3F8F0203D
:1054E0004FF48072C3F804234FF06043104A002049
:1054F000C3F8B02F0F4AC3F8802ED3F8002E42F421
:105500008072C3F8002EFF2283F82020D3F8002EEB
:1055100022F48072C3F8002E08BD00BF00D00350F3
:1055200000ED00E0FF030040F8590D00000004E02A
:1055300055CEACC5090001004FF06043D3F8802E72
:1055400030B5D20715D501240B4D8440D5F8FC2089
:1055500042F08072C5F8FC20D3F8002E2243C3F835
:10556000002E53F82020002AF0D003F8201000204D
:1055700030BD1120FCE700BF00ED00E010B50122B6
:1055800043780178847830209A40054B00FB013342
:105590001CB942F210015A5010BD41F21001FAE755
:1055A00000C0035010B50122437801788478302080
:1055B0009A40054B00FB01331CB941F210015A50CF
:1055C00010BD42F21001FAE700C003502DE9F04F80
:1055D0009A46564B85B01B7806460F461546DDF8B1
:1055E0003C909DF844B0DDF85080002B00F097808F
:1055F000072A00F296800E9B002B00F09280B9F1F2
:10560000000F00F08E80129BB3F5006F00F38980CD
:10561000012803D1109B002B00F08380444B03EB47
:1056200005131B7B002B7ED0424C102200216846C4
:1056300028F000F804EB45141022A7BB3946204699
:1056400027F0F8FF43F210036380BBF1000F03D192
:10565000E37843F00303E370364A0E9B02EB451CEC
:10566000CCE90193129B6901581E9DF84C30C0F3A0
:105670000A0003F003039B0643EA001E53582E481A
:10568000012E00EA03004EEA0003CDF800A05350BB
:1056900017D0B8F1000F2ED19CF8023068F3041334
:1056A0008CF8023027E00021204627F0C3FF4FF49A
:1056B00044736380BBF1000FCED1E37843F0300335
:1056C000C9E713230CF1100ECCF80C309CE80F0046
:1056D0008EE80F006FF00301DCF81C20109B61F3D3
:1056E0009F02012FCCF81C20CCF8143003D1CCF849
:1056F0001890CCF8043000270D4A290102EB05135D
:1057000042F80180159A28465A60694622469F60F1
:105710005E7301F097FB384605B0BDE8F08F07488F
:10572000FAE70748F8E70748F6E700BFBF2C002074
:10573000B4140020B41300200F80FFF3028000F0A7
:10574000018000F0078000F038B5124B05461B7849
:10575000DBB1E0B11CF032FE0F4A00231146147B8E
:1057600054B92B6001251A0101EB03131D738C50F2
:105770001CF02AFE204638BD0133082B02F110022E
:10578000EDD11CF021FE0548F5E70548F3E7054893
:10579000F1E700BFBF2C0020B4140020048000F00B
:1057A000028000F0018000F038B51CF007FE0023F5
:1057B00005460B4A147B6CB90133082B02F1100229
:1057C000F8D101F0E1FA074B28461C701CF0FCFDF3
:1057D000204603E028461CF0F7FD034838BD00BF13
:1057E000B4140020BF2C0020058000F00D4B10B534
:1057F0001B78044693B1072812D81CF0DFFD0A4B32
:1058000003EB04131A7B2AB100241C731CF0DCFD8B
:10581000204610BD1CF0D8FD0448FAE70448F8E71C
:105820000448F6E7BF2C0020B4140020068000F0E6
:10583000028000F0018000F0154B13B518680023BA
:1058400001908DF804301CF0B9FD124B1C7824B186
:105850001CF0BAFD104802B010BD01221A701CF0F5
:10586000B3FD0E4B01A81C731C7783F82C4083F802
:105870003C4083F84C4083F85C4083F86C4083F8EC
:105880007C4008238DF8073001F0AAFA2046E2E7B1
:1058900018F90300BF2C0020038000F0B41400208E
:1058A0000A4A08B512785AB107280BD8084A02EB01
:1058B00000131B7B43B1002101F084FA002008BDD6
:1058C0000448FCE70448FAE70448F8E7BF2C002046
:1058D000B4140020028000F0018000F0078000F086
:1058E0000A4A08B512785AB107280BD8084A02EBC1
:1058F00000131B7B43B1012101F064FA002008BDB5
:105900000448FCE70448FAE70448F8E7BF2C002005
:10591000B4140020028000F0018000F0078000F045
:105920000A4A08B5127852B107280AD8084A02EB89
:1059300000131B7B3BB101F0CFFA002008BD0548E6
:10594000FCE70548FAE70548F8E700BFBF2C002050
:10595000B4140020028000F0018000F0078000F005
:105960000D4B1B7893B1072812D889B10B4B03EB71
:1059700000131B7B73B10A4B1A6D01238340134242
:1059800014BF0123002300200B70704705487047A7
:105990000548704705487047BF2C0020B41400200C
:1059A00000000450028000F0018000F0078000F049
:1059B0000B4A10B512780C4662B107280CD859B1C1
:1059C000084A02EB00131B7B43B101F097FA2070E9
:1059D000002010BD0448FCE70448FAE70448F8E753
:1059E000BF2C0020B4140020028000F0018000F0E1
:1059F000078000F0184B2DE9F0411F6D5B6D1F40D3
:105A000000D5FEE701260025144CDFF85880374208
:105A100018D02368C8F85060A3B1A16828460131A6
:105A20006268A1609847637B012B0BD150B90C4B86
:105A300003EB45131A7B60F341021A731A7F60F37C
:105A400041021A770135082D4FEA460604F1100489
:105A5000DDD1BDE8F08100BF00000450B414002087
:105A6000B41300200020045070B5044601250B4EED
:105A700004B970BD94FAA4F0B0FA80F005FA00F30E
:105A800006EB001224EA03045368002BF0D0117BCC
:105A900011B191689847EBE79847E9E73415002082
:105AA00008B5192000F0C4FD28B14FF00072074B73
:105AB000C3F880211A601A2000F0BAFD28B14FF017
:105AC0008062024BC3F880211A6008BD00E100E04B
:105AD00038B505460C461CF071FC0022044B03EB64
:105AE00005135C601A73BDE838401CF06DBC00BF44
:105AF00034150020F8B504460D4617461E461CF026
:105B00005DFC1CB9052D0DD0FF2414E0012C03D140
:105B1000012DF9D1032405E0022CF5D17DB1052D2D
:105B2000F2D10724074904F1100301EB031101230B
:105B3000C1E901760B731CF047FC2046F8BD062432
:105B4000F0E700BF34150020F8B505460E461746AD
:105B50001CF034FC134B2C46D3F8242405F0FC0134
:105B600022FA05F3DB0712D500230133DBB2042B45
:105B700004D1FF241CF028FC2046F8BDEC1804F0EA
:105B800003040C4422FA04FC1CF0010FEDD1FF2C9D
:105B9000F0D00122044B03EB0413C3E901671A732D
:105BA000E8E700BF00C0035034150020074BD3F8CE
:105BB0002404D3F8202403F50053104000F055309E
:105BC00020F05020C3F82004FFF74EBF00C0035060
:105BD000074BD3F82404D3F8202403F500531040D6
:105BE00000F0AA3020F0A020C3F82004FFF73CBF4B
:105BF00000C00350024B1968024B186813F0B2BB87
:105C0000FC0A00201C0B002070B5940022460546BB
:105C10000E4628F051FC431C0AD058B922463146A2
:105C2000284627F0DDFC0028034808BF002070BD8F
:105C30000248FCE70248FAE710E000F021E000F03B
:105C400024E000F010B5044628F03AFC431C10D0C4
:105C500088B901F015FA234620F003002044984249
:105C600001D1002010BD53F8042B0132F7D00348B6
:105C7000F8E70348F6E70348F4E700BF0EE000F05A
:105C800021E000F024E000F008B51CF090FB014B8F
:105C9000186008BD241E0020014B18681CF08BBB47
:105CA000241E0020044BD3F88420D206FBD4D3F862
:105CB0008400C0F3811070470040005038B5104B8D
:105CC0000546D3F820310C4603F00303022B0BD01A
:105CD000032B0DD0012B0FD1FFF7DEFA052305B101
:105CE000286004B1236038BDFFF70CFB0323F6E7FF
:105CF000FFF71EFB0223F2E701230020EFE700BFBE
:105D00000080005073B50D4600210E4B0191D3F871
:105D10008041064604F00304012C09D0022C0CD06B
:105D20000C460EB1019B336005B12C6002B070BD12
:105D300001A8FFF7C3FF0F24F3E7FFF7F9FA01907B
:105D4000EFE700BF0080005038B5184B0546D3F888
:105D500024010C4600F00700062823D8DFE800F0F5
:105D6000040A121A1E0E1600012305B1286004B1A0
:105D7000236038BDFFF790FA0523F6E7FFF78CFAAA
:105D80000623F2E7FFF7BEFA0323EEE7FFF7BAFABE
:105D90000423EAE7FFF7CCFA0223E6E71CF0EBF86E
:105DA0000723E2E700231846DFE700BF008000502A
:105DB00038B5104B0546D3F840310C4603F00303C9
:105DC000022B0BD0032B0DD0012B0FD11CF0D5F8DB
:105DD000092305B1286004B1236038BDFFF7ACFA90
:105DE0000823F6E71CF0CCF80B23F2E70123002090
:105DF000EFE700BF0080005038B5144B0546D3F8DC
:105E000000020C4600F0070004281BD8DFE800F071
:105E100003090D111500012305B1286004B12360A9
:105E200038BD1CF0AAF80923F6E7FFF785FA082326
:105E3000F2E71CF0A5F80B23EEE7FFF74DFA0E236F
:105E4000800AE9E700231846E6E700BF008000501B
:105E500038B5104B0546D3F840320C4603F0030327
:105E6000022B0BD0032B0DD0012B0FD11CF085F88A
:105E7000092305B1286004B1236038BDFFF75CFA3F
:105E80000823F6E71CF07CF80B23F2E70023184602
:105E9000EFE700BF0080005038B5104B0546D3F83F
:105EA00060310C4603F00303022B0BD0032B0DD003
:105EB000012B0FD11CF061F8092305B1286004B152
:105EC000236038BDFFF738FA0823F6E71CF058F8CE
:105ED0000B23F2E701230020EFE700BF0080005012
:105EE00010B40D4C0B46D4F8204204F00304012CEE
:105EF0000AD0022C0CD008B1002101600BB10022A5
:105F00001A605DF8044B70475DF8044BFFF7D6BE8E
:105F10005DF8044BFFF74CBF0080005038B50C46CD
:105F200005461CF044FA054B9A6A54402C405440F4
:105F30009C62BDE838401CF03EBA00BF00C0005073
:105F4000B0F5207F1FD009D8B0F5007F15D003D859
:105F500068B1B0F5C07F0AD000200CE0B0F5607FDA
:105F6000FAD10B4BD3F88000C0F3011003E0084BCB
:105F7000186FC0F3033001307047054BD3F8900021
:105F8000C0F30460F7E7024B186FC0F38020F2E71C
:105F9000008000504FF400320E4B014610B5002037
:105FA0009A66FFF7CDFF484341F671320A490B4B21
:105FB000884294BF00200120DC69DA639A6822F4E9
:105FC000401242EA00529A60E20344BF0022DA63C0
:105FD00010BD00BF00900050005A62020000035044
:105FE000420910B50FD0012A0FD00A4B0A4C022AE1
:105FF00018BF234600F01F0049B103F5805301226A
:1060000082401A6010BD1346F4E7044BF2E703F533
:106010000053F4E7688000506082005064800050B4
:1060200008B580201CF0E5F8034B98429EBF4FF462
:106030008032024B1A6708BD005A620200A000506D
:106040001FB50023B0F5807F019377D028D838287A
:1060500000F094800BD82438092810D809280ED8CD
:10606000DFE800F0676767670D0D620D377D522826
:106070005FD008D83D283BD03E2800F084800198AE
:1060800005B05DF804FB8028F9D1414B1B6F03F08C
:106090000703013B032BF2D8DFE803F044413F6CD8
:1060A000B0F5D06F5BD019D8B0F5A06F66D00AD824
:1060B000B0F5806F3DD0B0F5906FE0D1002001A920
:1060C000FFF742FEDBE7B0F5B06F2DD0B0F5C06F43
:1060D000D5D1002001A9FFF76BFED0E7B0F5006F26
:1060E000ECD00AD8B0F5E06F4DD0B0F5F06FC6D166
:1060F000002001A9FFF7D0FEC1E7B0F5086FBED1BF
:10610000234BD3F8003103F00303022B2CD0032BD5
:106110002ED0012B30D1FFF7F5F8032300E0052343
:106120000193ACE70223FBE7002001A9FFF7EAFD9A
:10613000A5E7002001A9FFF7C1FDA0E702934FF0FA
:10614000E0231B695B0705D5FFF7C6F80C23039313
:10615000039BE5E703A902A8FFF72AFEF8E7002062
:1061600001A9FFF749FE8AE7FFF7E6F80823D7E71A
:106170001BF001FF0723D3E70123D1E7002001A98A
:10618000FFF7AEFE7BE7002001A9FFF761FE76E78F
:10619000008000504FF40022034B5A66012203F5A1
:1061A00080439A62704700BF0090005008B5FFF727
:1061B00047FF082811D00938012802D94FF6FF708F
:1061C00008BD4FF40012064B5A6603F5D8335B6ADC
:1061D000DB07F3D54FF4FA70F2E7024B1888EFE7CC
:1061E00000900050100D0020F8B504468020FFF705
:1061F00027FF032800F087804FF40022424B022142
:106200005A6645F60E03414AC2F88030404B996207
:10621000012103F580539962936DD903FCD4D4E92D
:1062200000131B0543EA0163E17B94F820500B4304
:10623000217BE77E43EA0143617B6D0143EA013341
:10624000A17B43EA811313619169D4E904031B061E
:1062500043EA806301F000410B43A17E94F82300E0
:106260000B43217E43EA0143617E43EA01239361AC
:10627000136AE66923F00D0394F8221043EA8703BA
:10628000002E2DD11362966A94F8213045EA03134B
:1062900026F033052B4343F0010393621D4D1B4B46
:1062A0009A6D35EA0202FBD10222194DAA621A65E3
:1062B0009A6D5200FCD41A69A56822F4700242EA71
:1062C00005521A614FF00042114B9A6119B902222E
:1062D00003F580539A6278B901220F4B9A620BE062
:1062E000334343F008031362936A23F033030343F9
:1062F0002B4343EA4103936294F824301BB1034BD0
:10630000064AC3F88020F8BD0090005000C000503D
:1063100000D000500300014000E00050F1A7FFFF53
:106320001E4BFF2870B59E6A35D89A6D12F4803FD7
:1063300018BF01211A4A18BF9162022191629B6D18
:10634000DC0303D5154A936D9907FCD50222144B43
:10635000124D1A65AC6D14F08044FBD1114AAB6943
:1063600092F9002023F47F03024423F47F4382F355
:10637000080243EA002343EA0243AB6131460220AC
:10638000FFF7CCFDAB6DDB0303D531460120FFF7F2
:10639000C5FD204670BD2124FBE700BF00C00050B2
:1063A00000D00050C02C0020014B93F90000704732
:1063B000C02C002001221548154B816A9A62826D1B
:1063C00002F00302032AFAD102229A621A650F4AE6
:1063D000936D5B00FCD40F48936D30EA0303FBD14F
:1063E00001220B4B1A65A3F580539A6D9007FCD4DC
:1063F0009A6D9207FCD50222054B1A65034A936DEC
:106400009B07FCD50320FFF789BD00BF00C00050EB
:1064100000D0005003000100F0B5D0E901434FF473
:1064200080061A4A4178057856664FF4D1560227FD
:1064300002F5B8325662164E4F2977604FF00107C9
:1064400028BF4F2106F5805677601669F603FCD405
:1064500041EA052151611B01417B43EA04230B43BF
:10646000017B43EA41039360C37B817B1B0143EAC9
:106470004113417C0B43017C43EA41035360837C1D
:1064800013B16FF4D1535362F0BD00BF00900050C0
:1064900000100250014B1880704700BF100D002003
:1064A000014B1880704700BF0E0D00204FF4001202
:1064B00008B5184B5A660223174A5360936813F4C1
:1064C0008033FBD1012822D1FEF71CFF134B9842E9
:1064D00015D003F5122303F5F863984213D0104B3F
:1064E00000EB8002400AB3FBF0F3520A0A49CA6289
:1064F0000B6301234B620022074B5A6008BD45F62F
:106500007A13084AF2E745F61A03074AEEE75362A0
:10651000F1E700BF009000500040025000F0490237
:1065200064666666D8B80500BBCF0500B0F5207F6D
:1065300010B50C4642D008D8B0F5007F33D003D850
:1065400088B1B0F5C07F0ED010BDB0F5607FFBD133
:106550001F4A4C1ED2F8803023F0300343EA041364
:10656000C2F88030F0E71BF03CFE1BF006FF4FF452
:106570008031184B164A1967136F013C23F470439E
:1065800043EA04331367FEF7A7FE0446FFF78AFBCE
:10659000C0F1020120461BF0EAFE00F02DF8BDE834
:1065A0001040FFF73DBD0A4A4C1ED2F8903023F050
:1065B000F85343EA0463C2F89030C5E7044A4C1E1E
:1065C000136F23F4806343EA84231367BCE700BF9F
:1065D000008000500090005008B50121022000F01A
:1065E000F5F81BF0FEFD1BF0C8FE4FF48032014BA6
:1065F0001A6708BD0090005008B54FF4C0701BF03A
:10660000F8FDBDE808400449884294BF01210221F9
:106610004FF42070FFF78ABF80F0FA02034B5868EE
:10662000C0F30800003818BF0120704700ED00E0FB
:10663000054B420953F8223000F01F0023FA00F006
:10664000C04300F00100704700E100E010B5224BAC
:1066500070B94FF40031214A1860516602F5983242
:106660005268012A03D11E4AD2F800211A6010BDD7
:106670001B68002BFBD01B4A5268012AF7D0184A2E
:106680008020C2F80031FFF7DBFC05281FD14FF452
:10669000C070FFF755FC0128044604D102214FF4D5
:1066A000C070FFF743FF07220F4B1A610122A3F5C9
:1066B00080535A600B4A1369DB07FCD5012CD6D1F5
:1066C0002146BDE810404FF4C070FFF72FBF0122F4
:1066D000064B5A60CBE700BF281E002000900050F8
:1066E0000080005000C0015000E0015000D0015077
:1066F000044A4178536F23F4407343EA01235367FC
:10670000704700BF0040005010B5044610B1002093
:10671000FFF79CFF104A136943F00403136103F071
:10672000D1FA1BF054FE0D4B0D4AC3F820241BF088
:106730003EFE27F0C9FE1BF03EFE1BF049FE03F0B3
:10674000E9FA1CB9BDE81040FEF7C6BD0120BDE85E
:106750001040FFF77BBF00BF00ED00E000E00350FA
:106760000000FF0F10B5044610B10020FFF76EFFC8
:106770000E4A136943F0040313610D4B0D4AC3F82D
:10678000202403F09FFA1BF012FE27F09DFE1BF061
:1067900012FE03F0BFFA1CB9BDE81040FEF79CBD25
:1067A0000120BDE81040FFF751BF00BF00ED00E041
:1067B00000E003500000FF0F034A0179D36E23F07D
:1067C00030030B43D366704700400050F8B50446D1
:1067D0001C4BD3F88420D106FBD4D3F88430C3F308
:1067E00081139C422CD0FEF75DFD012C064602D1A0
:1067F00021461BF0BCFD1BF0DAFD4FF00072124B7E
:1068000007465A6620461BF0EAFD4FF480630D4DA3
:10681000621E93402B676B6E9A0103D4D5F88430C7
:106820009B060AD538461BF0C6FD022C08D130461F
:10683000BDE8F84000211BF09ABDD5F88430EAE7A6
:10684000F8BD00BF004000500060005010B50C467D
:1068500008B9FEF727FD074B21461B783BB1064BD5
:10686000984204D80120BDE81040FFF7AFBF0220D6
:10687000F9E700BFC12C0020005A62020278034BE6
:10688000012100201A70FFF7E1BF00BFC12C0020DA
:106890004FF0004238B5264B26495A6601224A601D
:1068A0004AF6CD3103F50B235D6C1964154030BBFE
:1068B0009968C9070BD4002401221F4B5A6015B1F7
:1068C0001E4B1F4A1A6426F0EFF9204638BD1A49BC
:1068D0008A601C4AD96ACC0705D4904201D10724AA
:1068E000EAE70130F6E79042E5D1F8E70132DC6AE9
:1068F00014F0080406D08A42F8D10724DFE700220A
:106900001049F4E78A42F8D020220B4B0B495A6217
:106910000122A3F580539A6023460A4A486A8006FA
:1069200003D49342E9D00133F8E79342C7D1E4E7B7
:10693000009000500050095000600950004009507C
:106940003254FFFF40420F004FF0004238B5174B62
:10695000174C5A66012203F50C235A604AF6CD33D0
:10696000656C2364437893401343124AD363C3781E
:106970008178A2689B0043EA011322F0740213435A
:10698000A3600279837943EA022323614279C379C0
:1069900043EA022363610078FFF77AFFEB0744BF05
:1069A000054B236426F080F9012038BD009000508B
:1069B00000400950004000503254FFFF10B504461B
:1069C0001BF012FD002341F202020849E360A360BC
:1069D000226104F50052E3616361A3612362636293
:1069E000E362A3645164A36210BD00BF7F370C0152
:1069F00038B50446154639B91848844214BF0846CC
:106A000038201BF0F6FB01466368A36803F0E0033F
:106A1000402B1AD003D8D3B1202B1AD038BD602B0D
:106A200019D0802BFAD101236B434901B1FBF3F15B
:106A30000B4A2039204602EAC10201211BF0D0FC9A
:106A4000A262BDE838401BF0CBBC0623ECE7102364
:106A5000EAE70823E8E70423E6E700BF0000035A5B
:106A6000F8FF7F00F8B5436804460D4616461BB193
:106A700040F2FF711BF0B4FC2046FFF79FFFE9894D
:106A80006B7B22690B43298A22F44C520B4322F080
:106A9000030213432361A2682B7B297E22F08042EC
:106AA00022F0E2020B4313436A69AF681343A36009
:106AB0001FB9A36843F00043A360EB69002B57D0D4
:106AC000987A1A7A4004A16840EA82503E4A0A4005
:106AD00010439A8802F4C04210435A7840EA820078
:106AE0005A7B40EAC2009A7B40EA02109A7840EA58
:106AF0008220A060E168D3E9042021F4D81121F4B8
:106B0000C06102430A43997942EA8122D97942EA73
:106B10004122E2601A78012A05D1E26842F00402BB
:106B2000E2602A4A06E0032A3DD1E26842F004020C
:106B3000E260274A0121C2F8C0105A7A04F5805158
:106B40000A621AB1E26842F40062E260DA7A4AB19B
:106B5000E268204942F40042E2601A7B02F00F0230
:106B6000C1F88020E269DB7B22F003021343E3617A
:106B700036B196F8203004F58051C3B101238B6102
:106B8000052120461BF04DFC1FB13A466968FFF70E
:106B90002FFF204629781BF061FC236CDB4313F4A4
:106BA000405FFAD1F8BD023A012AC2D9B9E7626959
:106BB00096F8223096F8210022F00902034313438D
:106BC00043F001034B61DBE7E39BBDFF00E40350AF
:106BD00000D4035000900350072A2DE9F0411546D8
:106BE00098464FF0030401F003072DD89600B440F7
:106BF00000FA06F221461C481BF03FFC21461B48C8
:106C000007FA06F21BF039FC194B1A499DF81800D7
:106C1000B8F1000F18BF1946012303FA05F50D60FE
:106C2000154B1649002818BF0B461D60144B9DF8E4
:106C30001C00C3F82054103103F22443002818BF6D
:106C40000B461D60BDE8F081A2F10806B600B44015
:106C500000FA06F221460B481BF00FFC21460A48B9
:106C600007FA06F2CEE700BF00C4035008C4035081
:106C700010D4035010E4035014E4035014D4035010
:106C800000E0035004C403500CC40350F8B504469C
:106C90000D461F4616464AB101238B403021184A43
:106CA00001FB0022F7B141F21001535004EB440301
:106CB000072D4FF00F014FEA031316D8A80006FA6C
:106CC00000F281400F4818441BF0D7FB4EB9012356
:106CD00030210B4AAB4001FB042277B141F2100195
:106CE0005350F8BD42F21001DFE7A5F10800800023
:106CF00006FA00F281400448E5E742F21001EFE7AE
:106D000000C0035004C003500CC0035010B50C4B1E
:106D10000C4C0D4A0140C4F83004C3F83014C3F8D9
:106D20002C04D36E03F03003202B1FBFD36E23F04F
:106D3000300343F01003D366C4F8200410BD00BF35
:106D400000D0035000E003500040005038B5144616
:106D50001D46032283F00103FFF798FF012004F191
:106D60001001884005FA01F1FFF7D0FF9DF81010DF
:106D7000034B044A002918BF1346186038BD00BFF2
:106D800024E4035024D403504FF400120B4B10B5ED
:106D9000C3F88020BFF34F8FBFF36F8F0024FF2213
:106DA000074B21465C6520209A625C60FFF718F96A
:106DB0002146BDE810402120FFF712B900E100E0B4
:106DC00000000450044A054B002908BF1346012265
:106DD00082401A60704700BF4010045040200450A9
:106DE00010B5012104462020FFF7FAF801212120E7
:106DF000FFF7F6F80122114B5A60227812069A60CA
:106E00006178A27842EA01429A61FF229A620022E6
:106E10009A631A644FF000425A654FF0FF324FF404
:106E2000001103F500531A65054AC2F88011E37892
:106E30001B01DBB282F81533116010BD0000045055
:106E400000E100E0F8B50125C3B2DFF888C0D1F851
:106E500000E09D408F7ACB7A0C46097BCCF85050ED
:106E60000CF5005C4CF820E04FF0300E174E1B057F
:106E70000EFB006094F80DC043EA074343EA415318
:106E800022F00302C0F860C0C36502671BF096FAE7
:106E9000736D227A2B4373650D4B02B11D64627AC8
:106EA00002B19D632279A37943EA0243094A9361BF
:106EB0006179E37943EA014305498B61034B5563EB
:106EC0009D64BDE8F8401BF07FBA00BF000004508D
:106ED000001004500020045010B50124C0B28440BA
:106EE0001BF06CFA044B5A6D22EA04025A659C624C
:106EF000BDE810401BF068BA0000045010B5012432
:106F0000C0B284401BF05AFA074BDA6A224208D119
:106F10005B6B9C430CBF012400241BF055FA2046F8
:106F200010BD0024F9E700BF000004504FF4003208
:106F3000054B9A6641F6713203F51C33DA63012280
:106F400003F50053DA6070470090005041F671324B
:106F50000121064BDA6303F50052D1600022DA63A7
:106F60004FF40032A3F518339A66704700000350BF
:106F7000CB784A7810B55B010C7843EA82030A7932
:106F8000234343EA02130C22424302F1B04213634B
:106F9000012C02BF8A78024B43F8202010BD00BFAD
:106FA000E880035008B54FF0B0435A686AB958B149
:106FB0005B680BB11BF071FA01210D4B59601BF09E
:106FC0006CFA4FF0B043D96008BD5B680BB11BF0A1
:106FD00064FA0028F0D11BF060FA4FF0B0430222AF
:106FE000DA601BF05AFA0122024B5A60ECE700BF4C
:106FF00000100058002000584FF0B0414B6810B509
:107000000BB11BF04AFA01220B4BC4785A6083780B
:10701000934043EA840344782343047943EA041306
:10702000447943EAC4038B60044B5A600378C3F18C
:107030000203CB6010BD00BF0020005800100058B4
:107040004FF48032064B5A6603F5E6235B69C3F3BF
:107050008512827003F03F021B0B42700370704771
:1070600000900050014B986CD96C70470080E00F85
:10707000024B1868C0F30740704700BF0080E00F64
:107080000120034B9B680A3303F01F0398407047AD
:107090000080E00F012200F580535A6040F6AA6399
:1070A00041F20502436100230B498360C365C2605E
:1070B00000F500520361C361C364916407498365AD
:1070C000884203D103650023436502E004498842F6
:1070D000F8D0012353607047FFFF010000C0055046
:1070E0000000065038B50D46FFF7D4FF012300F528
:1070F000805253602B8A816843F001030B43A97BC4
:10710000044643EA812383608368297D43EA41730F
:107110008360AB7C4BB11C49EB7C88422BD1A1F541
:107120001031C1F88C318023D3652B7B2046D5E903
:10713000011243F48053E3601BF0B7F96B7B0BB192
:10714000102363616B7D1BB1A36843F48033A3609C
:10715000AB7D1BB1A36843F40043A360EB7D2A7EA3
:107160001B07120503F0E04302F4E0021343A3659A
:107170002B78636138BD0549884204BFA1F52031F1
:10718000C1F89C31CFE700BF00C005500000065099
:1071900038B50446054D25F0ABFD0FCC0FC594E87E
:1071A000030085E80300002038BD00BF2C1E00202E
:1071B00047F6FF739A42F0B56FD002296FD8394B6A
:1071C0005B5C012B6BD8384DDF0005EBC30415F871
:1071D0003330A178012B13D10025E078401AA84262
:1071E00002D80844C0B2F0BD431B6668A0EB53034D
:1071F00036F913609642D4BF1D4603F1FF30EEE727
:1072000060680028EFD0B0F90040944204DBB0F988
:1072100002409442B8BF144683883D44FF2B19BFF7
:10722000C8224FF0280CB0F90620B0F908C0A2EB34
:1072300004030CBF0126002693FBFCF333446E7855
:107240001BB29E4201DD002B01DA731E1BB24FF40C
:107250007A7C01339BB2071D5D1E2DB24FEAC50E2D
:1072600000EBC505EA88AD689E4214FB025222EA93
:10727000E27202F15C02B2FBFCF204DD37F833503B
:1072800001339542E8D200EB0E039888904228BF64
:107290001046884238BF0846A4E7FF20A3E7002035
:1072A000A1E700BF3DF903002C1E00200229F0B524
:1072B00055D82C4B585C012851D82B4C04EBC001FD
:1072C00014F830004B6801280FD1C8788C789042B0
:1072D00094BFC4EB0001C4EB0201001BCAB282429E
:1072E000C8BF002233F91200F0BD002B37D08878D8
:1072F000904202D3B3F90200F6E7CC78B3F900006C
:107300009442F1D94C789988013CA1F1FF06714271
:1073100003F10405E4B2714103F10C07CEB2B442AB
:1073200016D805EBC1014FF47A756A43B1F90240F2
:107330004968521A04EBD47102EB610292FBF4F239
:107340009042D1DBB3F902009042CDDC10B2CBE722
:1073500037F831C04E1C9445E3D33146DEE703488D
:10736000C2E700BF3DF903002C1E00200080FFFF94
:1073700008B50448FFF70CFFBDE80840012025F0E0
:10738000BBBC00BF40F9030000487047120D00204D
:107390001B0603F0706300F00F000902034301F4C1
:1073A0007061120402F470220B431343014A13600C
:1073B000704700BF0020025C60B5054619B1013975
:1073C000B1F5806F0FD2094EF06810F48030FBD118
:1073D00043EA012312072B4302F08052134343F088
:1073E0000043736060BD0120FCE700BF0020025C29
:1073F0000122054B9A60DA68D203FCD4D86820F0E9
:107400000F000004000C70470020025C014B18685C
:10741000704700BF0040025C014B5868704700BFD6
:107420000010025C014B186B704700BF0010025C3B
:10743000014B1868704700BF0010025C014B986058
:10744000704700BF0010025C014B1864704700BF1A
:107450000010025C014B5864704700BF0010025CD2
:10746000014B5863704700BF0010025C0022014BC3
:107470001A6070470010025C024A136843F001036F
:10748000136070470010025C024A136823F0010386
:10749000136070470010025C43F20402014B1A6053
:1074A000704700BF0010025C024A136843F03003CB
:1074B000136070470010025C044B1A6842F480723B
:1074C0001A601A6822F480721A6070470010025C19
:1074D000024A136843F48063136070470010025C33
:1074E000034A136823F4702343EA00431360704790
:1074F0000010025C044B1A6902605A6942609A6982
:107500008260DB69C36070470010025C0268044B54
:107510001A6142685A6182689A61C268DA6170478A
:107520000010025C024B1A6BD207FCD41862704741
:107530000010025C0322024B186019615A63704705
:107540000000025C82B01FB507930A9B04AC8B421B
:1075500028BF0B4604E907001048D100079948BF2F
:1075600003330160099948BF23F0030323F07043FC
:1075700001F0E041194341F000518160002102F027
:10758000E042019C1A4342F00052C16004618261F2
:10759000416304B0BDE8104002B070470000025CD7
:1075A0003F22034B1A631022DA6103229A63704769
:1075B0000000025C024AD36B9B07FCD4704700BFFB
:1075C0000000025C044B9B6A13F0240F14BF0120DF
:1075D00000208000704700BF0000025C08B5FFF784
:1075E000F1FF064BDB6B23F47F4323F0EF030343F0
:1075F0001EBF0122024BC3F8FC2F08BD0000025C35
:1076000000F0FF3F4368182B0AD0202B1DD0102B11
:107610002BD1174BD3F80434DB010AD40120704777
:10762000134BD3F804349A01F8D50B6843F00803E0
:107630000B6003680F4A934210D10B6843F040037C
:107640000B600023436000207047094BD3F80434DB
:107650005B01E3D50B6843F00403E9E7064A934274
:10766000F1D10B6843F08003EAE70720704700BFC1
:107670000000025CC32C0020C22C00200B4607B582
:107680000749D1F80414C90708D500210092024621
:10769000084600F05BF803B05DF804FB0120FAE750
:1076A0000000025C1346064AD2F80424D20504D531
:1076B0000A46014600201BF014B90120704700BFA4
:1076C0000000025C13B5084CD4F80444E40508D566
:1076D000009313460A460146002000F061F802B00C
:1076E00010BD0120FBE700BF0000025C13B5084C91
:1076F000D4F80444E40508D5009313460A4601462D
:10770000002000F071F802B010BD0120FBE700BFBF
:107710000000025C70B504460D4616468CB00A4A5D
:1077200009AB07CA83E807001A462146CDE905637D
:10773000CDE90333CDE9013300954FF480301AF0E1
:10774000FCFF0CB070BD00BFC4F90300F0B51C46CF
:107750005B6815468DB01A07129E1AD1CBB17268BC
:10776000934216D10C4B0D4A53F8217009AB07CA4E
:1077700083E807001A462946CDE90533CDE90333EE
:10778000CDE90163009447F480701AF0D6FF0DB084
:10779000F0BD0720FBE700BFD0F90300C4F90300E8
:1077A000F0B516465A688DB0102A0D46129F15D1B5
:1077B0007A68102A12D10A4A09AC07CA84E807007D
:1077C00022462946CDE90547CDE90344CDE90144E8
:1077D000044800961AF0B1FF0DB0F0BD0720FBE79A
:1077E000C4F9030030000100F0B516465A688DB0A8
:1077F000102A0D46129F15D17A68102A12D10A4A12
:1078000009AC07CA84E8070022462946CDE9057479
:10781000CDE90344CDE90144044800961AF08DFFF8
:107820000DB0F0BD0720FBE7C4F903001000010014
:1078300082B070B586B0149D03AE202D86E8070097
:107840000B9359D805EB85038B4203D006236B437A
:107850008B4253D10C9BAB4250D10F9BB3EB450FE6
:107860004CD1129A934249D1012229462220159BDC
:10787000FFF7A2FD044630BB034606220E210C2072
:10788000FFF786FD0123CDE900332B4696E807007C
:107890001AF0E6FE0E230BAA009307CA2B461AF035
:1078A0002AFE0C23164C00930EAA2B4607CA1AF088
:1078B00052FE636823F07F0343F026036360FFF703
:1078C00097FD30B10624204606B0BDE8704002B0F6
:1078D0007047636823F07F0343F022036360FFF780
:1078E00087FD04460028EDD1062311AA009307CA9C
:1078F0002B461AF063FEE6E70124E4E70724E2E7FB
:107900000020025C70B598B0002843D02C4C08AD24
:107910000FCC0FC50FCC0FC50FCC0FC594E80F00CF
:1079200085E80F006D4604AE04F1100320340FCB40
:1079300085E80F0094E80F0086E80F00FFF7BCFD14
:107940000420FFF7CDFDFFF7A7FD3046FFF7DEFD72
:10795000002408AE56F8040B0134FFF7E3FD102CA9
:10796000F8D1FFF759FD0328FBD90024FFF77EFD6E
:107970002646FFF74BFD55F8043B01365840042ED0
:1079800044EA0004F5D12CB1012206200D4B1A70F7
:1079900018B070BDFFF790FD0820FFF74FFD0020E5
:1079A000FFF752FD0720FFF755FD4FF40070FFF77A
:1079B00057FD0820FFF794FDFFF75EFD0020E7E785
:1079C000ACFA0300C52C002008B5FFF775FD0122B5
:1079D000014B1A7008BD00BFC42C00201FB51BF05E
:1079E000FFF8044630B1012206240D4B1A702046E0
:1079F00004B010BDFFF70AFD0090FFF707FD0190EE
:107A0000FFF704FD0290FFF701FD03906846FFF7C2
:107A10007DFDFFF7D9FFFFF747FDFFF759FDE6E7CB
:107A2000C52C002006289ABF014B185C0020704727
:107A30000CFB030030B5154B87B00293144B039039
:107A4000049346F611030D46059300F077F91428C8
:107A5000044616D168461BF06DF94FF0A843032287
:107A600002A95A6319601D619A63DA6B9207FCD10F
:107A7000142C02D168461BF06BF900F093F9044610
:107A800001E00028E9D0204607B030BD441E0020A8
:107A9000040000202DE9F04FB1B005468C469E460B
:107AA000E8466F4EDDF8EC90409C06F1100A474620
:107AB00030687168083603C75645B846F7D13E9B13
:107AC00003EB0208C8F1000A0AF00F0AB9F1000F2F
:107AD00000F09D80C9F1000707F00F070121DDF8D4
:107AE000FCB044F00050C4F11006CDF810B0059180
:107AF0000690300200F4F85040F021000790B9F1F0
:107B0000000F40F08680CDF820D047F00050002DC7
:107B100000F08480099121210A9041EA07210B910C
:107B200042F00050CDF830C03D9B08A94FEA0A2C26
:107B30000D910E904CF041000F901093002A75D1DA
:107B40003E9B119143F0005312933C9B139014936E
:107B500010AB1593434B444A169340F61103179309
:107B6000424B0021002D08BF1346189314AB199304
:107B70003F4B10221A9311231B931CAB184625F080
:107B800059FD01221D92002246F0804603461E96B2
:107B9000239205B9EB46102CCDF880B024AE4BD122
:107BA00001232246002130462193229425F042FDF4
:107BB00020AB002125938F4218BF334647F0804207
:107BC00026923A9A2CA828922993B2FA82F35B095A
:107BD00049EA837310222B912A9325F02BFDB9F1EA
:107BE000000F00D028AED04448F080432CA918A83C
:107BF0002D962E93FFF71EFF30B92DB90346A342F1
:107C000025D1002818BF2C2031B0BDE8F08F1027F7
:107C100064E7CDF820E049F0005078E7002C3FF40D
:107C200079AF04A9099101210A9076E73E9B0CAA3D
:107C300011924120129388E71022002130462193AF
:107C4000229425F0F7FC002CB2D10123B1E703F117
:107C5000C0026A4412F8C02C01331043CFE700BFC2
:107C600013FB03001000002028FB03002CFB030083
:107C700004000020F0B5C0299FB0DDE9244557D0AD
:107C8000B1F5807F04D0802948D029201FB0F0BDF5
:107C900001265CB140F23447029410240396049408
:107CA000212401970594069502AC0AE040F214479E
:107CB000029410240396049421240594012401972E
:107CC0000695079401251024089409950A9221220B
:107CD0000B950C940D92174A0AAD0E92164A0F9509
:107CE000109242F611021192129313951494159268
:107CF00001AA1692D3B112AB179304231893112340
:107D0000199316AB1A901B9340F61103C9081C91E6
:107D10001AA806A91D93FFF78DFEB7E7012614B92F
:107D20004FF48267C4E74FF48667B5E70EABE3E72D
:107D30000F20ABE724FB03001000001038B5164BF2
:107D40005A6E42F004025A66D3F8802242F00102D1
:107D5000C3F88022114B5B68C3F3080343B14FF0B3
:107D6000A842D36B13F0430FFBD11424204638BD37
:107D70004FF0A843DC6B14F04304FBD1084D2B6893
:107D80001BB90421284602F0EBFE2B68013343F0B7
:107D900000432B60EAE700BF0080005000ED00E0E8
:107DA000441E0020014B00205B68704700ED00E09E
:107DB0004FF40052034B00209A660322C3F860225E
:107DC000704700BF009000504FF40052034B00205A
:107DD0009A660322C3F86022704700BF00A00050DB
:107DE000012300F01F02A0F506200949A0F550600C
:107DF0004009934051F820201A4341F820200549BA
:107E000051F8202022EA030241F82020704700BFE9
:107E10005C1E0020481E00200121A0F506230E4A0A
:107E2000A3F550635B0900F01F00814052F8230066
:107E3000014342F823100949D1E90030034488681E
:107E40000344C868096903445B1802BFC2E90033F0
:107E5000C2E9023313617047481E00205C1E0020F7
:107E60002DE9F04FA9B003921D4604460822339E27
:107E7000CDE90401414021FA02F34B40980702F199
:107E8000080218BF9B00202A1C44F4D18123B4FBB4
:107E9000F3F303EBC313E41A734B04F506241B78C6
:107EA00004F55064002B3ED1FDF7A4FE074620B137
:107EB0006FF0910029B0BDE8F08F0146402208A87C
:107EC00025F0B8FB4022394618A825F0B3FBDFF8AF
:107ED000B481DFF8B491C3460BF10F0ACDF800A0CE
:107EE000102208A95B46D9F8000024F090FC00227B
:107EF000014608F1100808AF914246D1CDF800A024
:107F00005B461022D9F8000018A924F089FC4FF034
:107F1000000A834618AFD34541D1544B9845DAD176
:107F20000122514B1A704FF0810A4FF00008DFF820
:107F30005CB1A4F50627A7F550635B095BF8232025
:107F400004F01F01CA40D2073DD4494A52F82330F9
:107F5000CB40DB072AD5B8F1000F08BFA04681232C
:107F6000A7F6FF47B7FBF3F303EBC313FF1A07F5BD
:107F70000624BAF1010A04F55064DAD1039BBBB1BF
:107F8000B8F1000F14D0444619E057F8040BCDE9BE
:107F90000612FFF725FF079A06990132ACE757F85A
:107FA000040BFFF739FF0AF1010AB4E7039B13B989
:107FB0006FF08B007EE7B8F1000F18BF4446349B8A
:107FC00000201C6076E7329B13B10023329A1360C5
:107FD0000EB1002333601023DFF8AC9000932A46E3
:107FE00000232146D9F8000011F02EFB60BB329926
:107FF0002A68204BC9B99A4206D02146D9F8000018
:1080000011F0BAFB0028D3D1D5E90223DDE9041031
:10801000834208BF8A42A2D1039B002BCFD06B685A
:10802000012BCCD16FF0840044E7102032999A42A2
:108030000860E2D1002EE7D033462146D9F800008F
:1080400018AA11F055FB48B10B4B9842D5D00B4BF9
:108050009842D2D00A4B9842D6D029E7329A336858
:1080600012689B1A3360CFE7C62C0020007108000D
:10807000481E0020105D175EFFDF00F011E000F0E9
:10808000FEDF00F0006D08001C0B00205C1E0020CD
:108090002DE9F04F87B08246894698461646DDF8AE
:1080A00040B02AB1002B4FD040F26C739A424ED8A8
:1080B000BBF1010F4ED8002406F11007394601200C
:1080C00005941BF08EF90546002846D021463A4615
:1080D00025F0B0FA05ABCDE9014300942B4601220F
:1080E00050464946FFF7BCFE044680B110F18C0FA4
:1080F00008BF6FF08D043A460021284625F09AFA11
:1081000028461BF07EF9204607B0BDE8F08F144BDF
:10811000C5E902A92B60C5F804B02EB1324641462C
:1081200005F1100025F091FA059E0E483B462A46BF
:108130003146006811F0F0F918B93046FFF750FEEB
:10814000D9E76FF09104D6E76FF08604DBE76FF0B4
:108150009104D8E76FF08504D5E76FF08C04D2E77F
:10816000105D175E1C0B00202DE9F0438DB0814699
:10817000DDE914780E4615461C469BB1B8F1000F98
:1081800005D16FF0860630460DB0BDE8F083002FB4
:10819000F7D0B7F1005FF4D3C3F1005303F5004308
:1081A0009F42EED81022002108A825F043FA0022B1
:1081B00007AB029305AB019306AB314600934846EB
:1081C00008ABCDE90522FFF74BFE06460028DAD1C1
:1081D000059BA4B1AB4215D853EA0504D1D1069B47
:1081E0000B48C8F8004000943A46079900682B44B1
:1081F00011F02AFA002818BF6FF09106C3E7AB42CE
:10820000EDD2BEE75B1B9C4228BF1C46E7E700BFE0
:108210001C0B002030B58DB00C4605461022002105
:1082200008A825F007FA002207AB029305AB0193DB
:1082300006AB21460093284608ABCDE90522FFF79F
:108240000FFE0446D8B9099B012B1BD0079D104B8C
:108250002946186811F090FAB8B90122A5F506234D
:108260000C49A3F550635B0905F01F00824051F8EB
:1082700023004240284641F82320FFF7CDFD204649
:108280000DB030BD6FF08404F9E76FF09104F6E7AC
:108290001C0B00205C1E00202DE9F04F89B0074622
:1082A0000E46FFF7C5F8C00709D4042401201AF0D0
:1082B000A4FC80B3013CF9D16FF0920028E01022B9
:1082C00000210DEB020025F0B5F904A8FFF712F923
:1082D000049B002BE9D0059B002BE6D0069B002BCE
:1082E000E3D0079B002BE0D00025DFF8808008F169
:1082F0000409B54219D34FF48A74FFF793F800F0DC
:108300000E03062B2DD1C30501D5FFF7BDF80020C4
:1083100009B0BDE8F08FFFF785F810F00E03FAD032
:10832000022BF8D04105DFD5C4E7FFF775F8A6EBBF
:10833000050A8400544528BF544699E803000023E9
:108340008DE80300CDE9054307EB050BCDF810B030
:10835000029404AAD8F8003007CA1AF047FB254453
:10836000C7E724FA03F3DA07A6D5C6E738FB03000C
:108370001FB504A800E90E0011460198FFF78CFF15
:1083800070B1FFF721FBBFF34F8F0749074BCA6856
:1083900002F4E0621343CB60BFF34F8F00BFFDE7F1
:1083A00005B05DF804FB00BF00ED00E00400FA0535
:1083B0002DE9F0438BB01746DDE91545DDE91326BD
:1083C0009C46DDE91738894621B96FF086000BB06D
:1083D000BDE8F083002FF8D00EB9002CF5D112992A
:1083E00009B9002AF1D10DB9002BEED1B8F1000F77
:1083F000EBD0244A944541D10288B2F5105F3DD1BB
:108400004288B7EBD20FE0D322F04001802902D09E
:10841000B2F5807FD9D16CB3AE421CD232199542ED
:1084200019D29C42D1D831462246284625F0E8F898
:108430002E4614F00F03C8D1CDE90197CDE90336DC
:10844000CDE90543CDE907540993FFF7B1FC38B1F5
:108450006FF09200BBE79C42EBD96FF08900B6E762
:1084600007AA04A901A8FFF709F90546FFF7ACFC24
:108470000543EDD10020C8F80040A8E76FF0850063
:10848000A5E700BF004440042DE9F04FA9B08346A2
:1084900017469A460E46DDF8C890DDF8D88029B90F
:1084A0006FF08603184629B0BDE8F08F002AF7D098
:1084B000B9F1000FF4D0349B002BF1D0B8F1000FCC
:1084C000EED00024424B0CAD93E8070085E807008E
:1084D0003C22214619A8189425F0ACF833887288FC
:1084E00003F4E040B0F5804FDAD03A4E3A480BEA58
:1084F000060646F01066864263D1B2F5807F60D1F1
:1085000047F2121293425CD10620344ABAF11F0F8F
:10851000D3680E940B931369126800FB03F3CDE943
:108520000C23BDD9339B402BBAD9359B1F2B4BD97C
:1085300009F1010220261292402299F800300F978B
:10854000042B18AFCDE91324CDE9157210961194C0
:108550001794A5D1FFF72CFC03460028A2D10B9B52
:1085600015AACDE9086305AB07CA83E8070002AB8B
:1085700012AA07CA83E80700DDE910018DE80300AD
:108580000F9B95E80700FFF753F90546FFF71CFC22
:1085900055EA000384D13D46349A20AE2C4603CCE4
:1085A000B44210605160254602F10802F6D1002263
:1085B0001146B9540132402AFBD12022C8F80020CC
:1085C00070E76FF085036DE76FF089036AE700BF1E
:1085D000C4F903000000FFF600000209D8F9030007
:1085E000F0B50E461D468BB0002853D0002951D05F
:1085F000002A4FD0002B4DD0048804F44F43B3F52C
:10860000824F03D06FF085000BB0F0BDE3B224F0D1
:10861000FF04B4F5E24FB0F802C0F3D1122B01D041
:10862000172BEFD10CF10701B2EBD10F4FEAD107B5
:1086300033D31D4A04ACBCF5807F07CA84E8070029
:10864000E0D1122B07D1194B1A691B681344CDE9ED
:108650000432002306930023CDE907670993FFF74F
:10866000A7FB0028D0D1124A02AB92E8030083E8AE
:1086700003000AAB13E903008DE80300079B94E8AD
:1086800007001AF038F90446FFF79EFB204307D194
:108690002F60B9E76FF08600B6E76FF08900B3E7A7
:1086A0006FF09200B0E700BFC4F90300D8F90300EF
:1086B00030FB03002DE9F0438FB01D46DDE916C6FF
:1086C00000285CD000295AD0002A58D0002B56D060
:1086D000BCF1000F53D0002E51D0038803F44F4457
:1086E000B4F5824F51D1DCB223F0FF03B3F5824FD2
:1086F00040884AD0122C01D0172C46D1C31DB2EBB2
:10870000D30F4FEAD3083AD34FEA4802571C6745C4
:1087100038D8B0F5807F38D1122C18BF4FF000093F
:108720004FF0000308BF1C4CCDE9081805F101010A
:1087300014BF4C46D4F80C90CDE90B120A930D935C
:10874000FFF736FBC0B9CDE9058902AB08AA07CA15
:1087500083E807000EAB13E903008DE803000B9BD1
:1087600094E807001AF0E6F80446FFF72DFB2043D3
:108770000ED104232B7037600FB0BDE8F0836FF08B
:108780008600F9E76FF08900F6E76FF08500F3E700
:108790006FF09200F0E700BFD8F903002DE9F04335
:1087A00089B00E4615461F46DDF8488020B96FF0A7
:1087B000860009B0BDE8F0830029F8D0002AF6D081
:1087C000B8F1000FF3D0038803F44F42B2F5824FA3
:1087D00002D06FF08500ECE7DAB2122A01D0172A36
:1087E000F7D123F0FF03B3F5E24F41D14488C8F835
:1087F000004044B9EB00B3F5807FC8F80030E8D101
:10880000122A0DD108E0E31DB5EBD30FCFD1B4F59B
:10881000807FDED1122A29D1354B1C681B691C448C
:108820000023194670192C4414F801CD10F8012DBD
:108830001143B2EB0C020CBF4FF0FF3C4FF0000CA9
:1088400086420CEA030343EA0203EDD10029AED0CD
:10885000002BACDA109B9D4246D82A46314638465A
:1088600024F0F3FE119B00201D60A2E70024D7E74F
:108870003378042B9BD16B1EDB005B08B3F5807F44
:10888000C8F80030A5D1122A06F1010318BF4FF035
:1088900000094FF0400205934FF000030ABF144C4B
:1088A0004C46D4F80C90CDE90623FFF781FA002856
:1088B0007FF47FAFCDF80C90D8F800300733DB0899
:1088C000029308AB13E903008DE80300059B94E8CD
:1088D00007001AF0DCF80446FFF776FA00287FF468
:1088E00068AF002CB6D062E76FF0890061E700BF87
:1088F000D8F903000388B3F5105F0ED14388DB0875
:10890000103B102B0CD8084A22FA03F313F0010F86
:1089100014BF00206FF0860070476FF0850070472D
:108920006FF08600704700BF010101002DE9F04F94
:108930008FB01546DDE918A91E46DDF868801C9F3A
:1089400009B300B3B8F1000F1DD0E7B1BAF1000FC1
:1089500002D1B9F1000F16D1274B26F47E129A42AC
:10896000B0F802B044D1FFF7C5FF0446A8BBB5EB91
:10897000DB0F4FEADB0306D316F47C1FC6F3054575
:1089800004D0102D03D96FF0860426E010251B9A21
:1089900095422AD8CDE9011300231022CDE9059391
:1089A0000DF12809CDE9033ACDE90823CDF81C9053
:1089B000FFF7FEF9044680B907AA04A901A8FEF74B
:1089C00071FE0646FFF700FA044656B958B92A4622
:1089D0004946404624F039FE3D6020460FB0BDE8D0
:1089E000F08F6FF092040025F6E76FF08904F4E74A
:1089F0006FF08504F1E700BF0002C0032DE9F041EC
:108A0000069F0C461646054610B309B302B9FBB9DA
:108A10006288B3EBD20F4FEAD20819D34C2200215F
:108A2000284624F007FE0D4B27F47E129A4212D1FD
:108A30002046FFF75FFF044638B942463146281DFD
:108A400024F003FEC5F824802F602046BDE8F081A5
:108A50006FF08604F9E76FF08504F6E70002C003C3
:108A60002DE9F0410E4614460546002840D0002965
:108A70003ED092B10368214823F47E1383423AD159
:108A8000AF6BF7B1C7F1100807F128004245284441
:108A900006D2274424F0D9FDAF630020BDE8F08161
:108AA000424624F0D2FD1022103C3C19AA63F4D0B7
:108AB000284605F128011AF093F90028EED1464422
:108AC000A863102C0CD9671E27F00F073A463146D1
:108AD00028461AF085F90028E0D1E41BDDD03E4499
:108AE0002246314605F1280024F0AFFDAC63D4E7FF
:108AF0006FF08600D2E76FF08800CFE70002C00376
:108B00002DE9F04388461F4605468BB070B169B128
:108B100063B10368234923F47E1088423ED113F4E5
:108B20007C1FC3F3054604D0102E03D96FF08604D2
:108B30002AE0102696422BD8FFF73AF9044618BBD4
:108B4000AB6B05F12802CDE901236B6A2A1DCDE943
:108B500004231023CDE9083007AB1A460390069092
:108B600005F13C0901A904A8CDF81C90FEF7BEFD53
:108B70000546FFF729F904466DB928B9324649463A
:108B8000404624F062FD3E6020460BB0BDE8F08315
:108B90006FF08904F8E76FF09204F5E76FF0850451
:108BA000F2E700BF0002C00307B56B46054A106834
:108BB000516803C36846FDF7C7FE002003B05DF8A7
:108BC00004FB00BF44FB030013B50024064A6846BB
:108BD000536F43F00103536700948DF80440FDF791
:108BE000EBFD204602B010BD0040005030B58BB008
:108BF0006C46174D0FCD0FC40FCD0FC495E8030081
:108C000084E80300134BD3F84C2112031CD5A3F5C1
:108C1000FE431C884FF6FF739C4208BF78248DF8F2
:108C20001940FDF7C1FB204480F308008DF81800BF
:108C30000948FCF76DFB6846FDF7D6FA3220FDF7D0
:108C40002FFC00200BB030BDD3F85041E4B2E6E772
:108C50004CFB03000080E00F00F0490230B5094DE5
:108C600087B001AC0FCD0FC42B6801A8236025236A
:108C70008DF80530FDF7D0FB3220FDF70BFC00200E
:108C800007B030BD74FB03006FF00403502110B532
:108C90000A480B4C13F0800F03F1010207D1234463
:108CA000402A83F800131346F4D1002010BD03F0CE
:108CB0000F03043B034419761346EBE700ED00E095
:108CC00000E100E010B5044619F071FB024B1C6096
:108CD00019F071FB002010BD701E002010B519F0B6
:108CE00066FB034B1C6819F066FB204610BD00BFF5
:108CF000701E002038B50446026C136C5906FCD572
:108D00000023E16C1A4694F84800FDF7BFFF0023EA
:108D1000616D1A4694F85000FDF7B8FF94F868307A
:108D2000DA0706D50023E16D1A4694F85800FDF7DE
:108D3000ADFF94F868309B0706D50023616E1A4694
:108D400094F86000FDF7A2FF0122206C002100F5DD
:108D500000539A6404220A4D9A6419F07FFB0021A3
:108D6000606CFDF73DF9284604F16C0119F012F929
:108D70002B6813B9034800F06BFD002038BD00BF1D
:108D8000741E0020781E0020012910B505D8064B5E
:108D90001C686C3C14F16C0F00D110BD206C0521D7
:108DA00019F05CFBE46EF4E7741E00202DE9F0433B
:108DB0008DB01C4606AB06468946184690460021F3
:108DC0001822149D24F036FC227903460AB18DF84E
:108DD00018200127C8F81C3063793046C3F102031C
:108DE000DBB2CDE903336A4B4A460293694B29460D
:108DF0000193694B8DF81E700093684B00F034FAB4
:108E00000646002840F09E80A36839466B64A3693B
:108E10003A206B65237DDFF89C9185F850302369FB
:108E2000EB64237B85F84830236AEB65237F85F864
:108E30005830A36A6B6694F8243085F86030236854
:108E40002B64FDF7CDF83B4604222169207BFDF71A
:108E50001DFF3B460222A169207DFDF717FF88F820
:108E6000006085F868603946A068FDF7B9F8637955
:108E7000394633BB4FF4C060FDF7B2F8D9F8203261
:108E8000414623F0030343F002032068C9F820326F
:108E900019F0F1FA0222424B2169C3F8C020227B6B
:108EA00042EA0142C3F8D020A169227D42EA014290
:108EB000C3F8CC202379032B67D8DFE803F02E1901
:108EC00047604FF48060FDF78BF8D9F820324146B7
:108ED00023F0030343F00103C9F82032206819F09E
:108EE000C7FA95F8683043F0040385F86830D1E795
:108EF000002795F8683043F0010385F868300222B6
:108F00000023216A207FFDF7C1FE226A237F43EA06
:108F10000243244AC2F8C430F7B904222B6C05215D
:108F200003F580539A64206819F098FA1E4B1B6869
:108F30001BB91E491E4800F079FC1B4805F16C0165
:108F400019F024F830460DB0BDE8F08395F868308C
:108F500043F0020385F8683000230422A16A94F8E4
:108F60002400FDF793FE01230E4AA16AC2F8C03027
:108F700094F8243043EA0143C2F8C830CDE795F8AD
:108F80006830012743F00303B7E72326DAE700BF81
:108F9000F58C0100172F0300532F0300472F030008
:108FA00000C4035000D40350741E0020200B002086
:108FB000781E002000800050034B02221868002316
:108FC0008068194617F0F8BC300C002030B5144604
:108FD000054687B010461AF04EF863690246834290
:108FE0003CBFD4E903315B181B1A7BB10F490494D1
:108FF00003910021CDE90131012300932846D4E9F2
:10900000001319F09FF8002007B030BD01226276EE
:1090100094F82D20002AF6D084F835301321E36926
:10902000204698472046636A9847ECE7CD8F0100B9
:109030002DE9F04788B004460F461646984619F0C9
:10904000BDF98146002E7AD0237E03F0FF02002B6B
:1090500000F0A28020461AF00EF86569A84205D1FA
:10906000637ED4E9033213445D1B01E0F9D9451B4B
:10907000B54228BF354619F0A1F994F82D30824643
:10908000002B6DD12A463846616924F0DEFA636907
:109090002E462B44636121E0037803F0FD01112982
:1090A0005BD1216B814205D1A3F111014B424B41B0
:1090B00084F83430013E6369216B01328B4203F145
:1090C000010308BF2363636195426069E4D1D4E979
:1090D0000323216B1344994200D122630025D4E974
:1090E000032361691344994208BF6261207A65765F
:1090F000FCF7D6FB204619F0BEFF6369834232D1EC
:10910000257694F82D30E568656103B12563204626
:10911000636A9847214B04940393002302932369C5
:109120002A4601930123009363682168207A19F08D
:1091300009F8207AFCF7D4FB504619F045F9484667
:10914000C8F8006019F040F9D8F80030002B0CBFC7
:109150001B20002008B0BDE8F08707F8013BAAE714
:109160002E460022B0E70123207A23760DF11E015E
:10917000FCF71EFC9DF81E30002BDAD00DF11F010C
:10918000207AFCF7EDFB9DF81F100029D1D1224673
:10919000207AFFF71BFFCCE71646D0E7CD8F010002
:1091A000002807DB01234109034A00F01F00834028
:1091B00042F82130704700BF00E100E0002808DBE2
:1091C00001224309034900F01F008240603341F847
:1091D0002320704700E100E070B504460568FFF702
:1091E0007DFD844202D10020FFF76CFD95F93660C9
:1091F0003046FFF7E3FF002E0CDB0122194973090B
:1092000006F01F06B240203341F82320BFF34F8FF2
:10921000BFF36F8F95F937603046FFF7CFFF002E11
:109220000CDB01220F49730906F01F06B240203300
:1092300041F82320BFF34F8FBFF36F8F287AFCF7DD
:109240006FFB287AFCF7D2FAFCF7AEFA0023284627
:10925000C4E90033C4E90433A360AB6ABDE87040DD
:10926000184700BF00E100E02DE9F0430C46154629
:10927000064687B04022002120461F4624F0DAF936
:1092800095E8030000232A692376EB6884E803004D
:10929000C4E904232A7DE36084F82C20AA7D23639B
:1092A000012384F8343084F835300E9B84F82D2067
:1092B00023620F9BE7616362109BA3622B7A84F8A1
:1092C00036306B7A84F837302D4B346073602D4B19
:1092D000B3602D4B33612D4B73612D4BF360FCF765
:1092E000ABFA38B12B4B984204D01024204607B07B
:1092F000BDE8F083002104F10800FCF725FA0746D9
:109300000028F2D14FF00108234B3362234B84F83D
:109310003C80B361224BF3619DF8483084F83900FA
:1093200084F83B309DF84430204684F83A30697D1B
:1093300084F8388019F0AFFE95F909904846FFF798
:109340003DFF4846FFF72CFF164B0494CDE902730E
:109350002369CDE900836368E2682168207A18F008
:10936000F1FE04460028C0D195F908502846FFF7C1
:1093700025FF2846FFF714FF3046FFF7A3FCB5E7AB
:10938000E730030031900100653003006B300300CB
:10939000D9910100038000F03F30030097300300B3
:1093A00071300300CD8F0100BFF35F8F074B5A6A06
:1093B00022F480325A62D3F8942022F00102C3F8DA
:1093C0009420BFF34F8FBFF36F8F704700ED00E025
:1093D00070B52948294CFFF7E7FF8442284D2949F9
:1093E00019D1D5F8C03023F0FF0343F0A003C5F82E
:1093F000C0304FF080430A68214D234EC5F89820B5
:1094000043F0010301328442C5F89C60C5F8A030E6
:109410000A601ED00DE0D5F8C02020F01F03203BCD
:1094200022F0FF0242F0A002B3F1005FC5F8C020B5
:10943000E1D2164B0A68124823F01F0343F00303DE
:10944000C0F89820C0F89C30114B0132C0F8A03011
:109450000A60BFF35F8F0522094BC3F894205A6A54
:1094600042F480325A62BFF34F8FBFF36F8FBFF366
:109470004F8FBFF36F8F70BD440D00201C0F002075
:1094800000ED00E0801E0020030000203B0F0020C4
:10949000E1FFFF3FF8B51446FFF786FF1F2C27D9E1
:1094A0000027C2062A4D1CBF20F01F0020302A686A
:1094B000CB06284B18BF21F01F01FCB2A2422BD8CB
:1094C000D3F8C04020F01F0024F47F4444F480749B
:1094D00021F01F01C3F8C04040F00300C3F89820FA
:1094E00041F003010132C3F89C00C3F8A0102A60C8
:1094F0000020BFF35F8F0522164BC3F894205A6AF1
:1095000042F480325A62BFF34F8FBFF36F8FBFF3C5
:109510004F8FBFF36F8FF8BDC3F89840D3F89C40CE
:10952000D3F8A06024F01F04A04226F01F0601D14A
:10953000B142DDD0B04201D8A14207D2D3F8984061
:10954000013724F0FF04C3F89840B6E72820D0E79D
:10955000801E002000ED00E0BFF34F8F0549064B51
:10956000CA6802F4E0621343CB60BFF34F8F00BFC1
:10957000FDE700BF00ED00E00400FA05054B1A7896
:109580002AB95B78002B0CBF032002207047012012
:10959000704700BFD12C00200329F8B598BF124BAB
:1095A00005460E468CBF00245C5C032805D8DFE826
:1095B00000F002080B0E44F002040C4B1F684FB978
:1095C000F8BD44F00804F8E744F02004F5E744F05F
:1095D0008004F2E77B681A68144203D031462846BB
:1095E0005B6898473F68EAE788FB0300B01E0020ED
:1095F00038B5104D2B78ABB10F4C23781BB100F070
:10960000C7FB00232370002019F00EFE0B4C50B155
:1096100000F010FC0023012120782B70FFF7BCFF25
:109620000123237038BD0122054B1A702278054BA7
:109630001A70F7E7CC2C0020CA2C0020D32C002075
:10964000CD2C0020CE2C002010B518F0B0FE064B1B
:1096500004461B781BB1BDE8104018F0ACBEFFF704
:10966000C7FF2046F7E700BFC92C0020094A13783E
:1096700030B101331370084B1B78012B03D87047AE
:10968000013B13707047054B1B780BB9FFF7B0BF58
:10969000704700BFD12C0020D32C0020CD2C0020FF
:1096A00070B518F084FE124E054633789BB900F071
:1096B000FDFC044620B1284618F07DFE204670BD12
:1096C0000C4818F060FC00F0E7FF0B4B1C6000F04A
:1096D000B9FD0A4B186000F03BFA19F0A7FD084BE2
:1096E0000024186001232846337018F064FEE5E773
:1096F000D42C0020B01E0020841E0020AC1E0020B0
:10970000881E00202DE9F843284A0138135C39B13E
:10971000274F013339781354012904D8BDE8F88361
:10972000013B1354FAE7FFF729FF0128044635D817
:1097300018F03DFEDFF88480054698F8003013B33A
:109740001C4E33781BB9012232701B4A1370DFF8AC
:10975000709099F8003023B100F01AFB002389F8CB
:109760000030284618F027FE012019F05DFD18F0A2
:109770001EFE337805461BB100F05CFB00233370FE
:10978000002388F80030284618F015FE3878A042EB
:10979000C4D02146FFF700FF3C70BFE70329F5D195
:1097A0000228F3D119F046FDF0E700BFD12C0020CC
:1097B000D32C0020C92C0020CD2C0020CC2C002044
:1097C000CA2C002010B5044618F0F1FD002C0CBF87
:1097D000FF210121064A13780B44DBB21370B3FA60
:1097E00083F3BDE81040034A5B09137018F0E3BD32
:1097F000D02C0020CF2C002038B518F0D8FD094B14
:1098000005461B78012B04D818F0D5FD002420460E
:1098100038BD054B1C6800F057FB0444284618F07F
:10982000CAFDF4E7D32C0020841E002038B5416027
:10983000044618F0BCFD05462146044818F0A6FB76
:109840002846BDE8384018F0B6BD00BFB01E002065
:1098500038B5054618F0ABFD04462946034818F014
:1098600099FB2046BDE8384018F0A5BDB01E002089
:10987000054B1B685843054B00F5742000F23F2050
:10988000B0FBF3F0704700BFAC1E002040420F0059
:109890002DE9F04F85B0EFF3108772B6AFF300807B
:1098A00018F091FA00286FD0804EDFF82C823378C0
:1098B00023B10020FFF7DAFE00233370FFF75EFECE
:1098C0000446002867D0841EE4B2012C6AD9FFF751
:1098D00055FE01280546764CDFF8009200F28C8098
:1098E0002078854240F0C680207800F0D7FA99F8B9
:1098F000003013B16F4B1B782370AFF3008007B9B2
:1099000062B6EFF3108772B66B4B1A7852B1002231
:109910001A70684B20781B78984203D1012121707E
:10992000FFF73AFE654800F0FBFB18F060FA0546C9
:109930000028BCD1624BDFF89481187098F8003091
:10994000ABB189F80000DFF88C9199F800301BB1B9
:1099500000F01EFA89F80050002019F065FC00287C
:1099600000F09B8000F066FA002388F8003033781E
:1099700023B10020FFF77AFE002333700021207806
:10998000FFF70AFE00232370AFF3008007B962B629
:1099900005B0BDE8F08F3378002B98D0FFF766FE56
:1099A000347094E7002003A900F008FC0446002866
:1099B0008DD1D8F80030039A9A4205D80120FFF7DC
:1099C00055FE0123337082E73E4B1D6800F07CFAA0
:1099D000039B05449D42F1D200F08EFA8200039968
:1099E00042F0020292B2CDE900422346364A491BB8
:1099F000324819F020FC6AE7344BDFF8C4A093F832
:109A000000B0BBF1000F25D100F046F92078854267
:109A100030D19AF800307BB92C4D2B78002B7FF495
:109A200063AF2B4B1B7823B900F0ACF90122294B13
:109A30001A7001232B7057E7022DEDD18AF800B080
:109A400015E02378022B25D100238AF8003023F07B
:109A500088FA1FE0207885420CD19AF80030002B5C
:109A60003FF442AF022DD7D100238AF8003023F013
:109A700078FAD1E70023DFF848A08AF8003099F897
:109A8000003013B92946FFF787FD9AF8003025709A
:109A9000002BD6D1012DBFD826E7012000F0FEF91A
:109AA00007B962B6EFF3108772B655E7CB2C0020EA
:109AB000D32C0020CE2C0020C72C00208C1E002090
:109AC000CF2C0020841E002049960100CC2C0020C1
:109AD000D02C0020CA2C0020881E0020CD2C002075
:109AE00010B518F064FC0022044B1C781A7018F0B2
:109AF00062FC00F013FD2043C0B210BDC82C002052
:109B000073B5114E0446337883420FD04FF400737F
:109B10000E4DADF8043058B101A8FCF7E9FD402026
:109B2000FFF7A6FE2B68181A2860347002B070BDCB
:109B30008DF8050001A8FCF7DBFD4020FFF798FE3B
:109B40002B681844F0E700BF290D0020E81E002014
:109B500073B5002401A88DF80440FCF78FFE204661
:109B6000FFF7CEFF404A4149136F414803F0070316
:109B70000B60D2F800113F4D01F0030101604FF47A
:109B800000203D49032B48664FF40030486601F53C
:109B900098318969C1F3400129705DD0D2F8203134
:109BA00003F00303981E43424341D2F82421334C6F
:109BB00002F00702022A08BF43F001034FF4C87005
:109BC0002370FFF755FE00222D4B2E4918602E4EB4
:109BD0000B680132D2B20A2A46F8040BF9D10344C9
:109BE00000EBC00003440B602B78284D63B323784F
:109BF0001D4A3BB9D2F8003103F00303591E4B4212
:109C00004B412370D2F8003103F00303022B25D01F
:109C1000032B26D0012B17D1FBF774FB024698B11A
:109C20001B4B1C4EDC6800231946C4F30B040134A3
:109C300004EB84040138E4FB060116F0A7FBFFF7F0
:109C400017FE2B6803442B601F20FFF711FE2B68C3
:109C500003442B6002B070BD0123A6E7FBF76CFB49
:109C6000DCE718F088F9D9E700800050EC1E0020EE
:109C7000F01E0020D82C002000900050D92C00208D
:109C8000B41E0020B81E0020BC1E0020E81E0020CC
:109C900000C0015040420F00074A0849D2F8203165
:109CA00003F003030B60D2F82431054A03F00703E5
:109CB000136018F08EBB00BF00800050F81E00201B
:109CC000F41E002008B5104B1A78C2B100221A7099
:109CD0000E4B1A6F22F0070242F001021A67D3F806
:109CE000202142F00302C3F82021D3F8242122F0DE
:109CF000070242F00302C3F82421FBF7EDFA012228
:109D0000034B5A6708BD00BFD72C002000800050CD
:109D100000E000500122154B10B55A67144B154C4A
:109D20001B7813B3022019F01FFBF0B100F076FA94
:109D3000D8B1A36DD90302D5E36D9A0715D40D4BA5
:109D40009B6DDB0711D401220B4B1A7019F0F7FA47
:109D5000BDE81040094B0A4A1860136F23F007034F
:109D600043F003031367FBF7B7BA10BD00D00050F0
:109D7000D92C002000C00050D62C0020E41E00206A
:109D8000008000500122014B1A707047D72C002030
:109D9000F8B51F4B1B78002B39D01E4C2378B3B974
:109DA0001D4B9A6DD10302D5DA6D92072FD49B6DAE
:109DB000DB072CD419F0C3FA184B194A1860136F3B
:109DC00023F0070343F003031367FBF785FA19F049
:109DD000B6FA124B134D1B68134EC01A2B78134F53
:109DE00056F8232046F82300111A3A681048521AF0
:109DF0000A213A600932B2FBF1F20133DBB20260B0
:109E0000B3FBF1F201FB12332B7000232370F8BD7A
:109E1000D92C0020D62C002000C00050E41E0020C9
:109E200000800050D52C0020BC1E0020B81E002051
:109E3000B41E002008B518F0CFFA124B12491A6F61
:109E4000096822F007020A431A671049D3F8202153
:109E5000096822F003020A43C3F820210C49D3F811
:109E60002421096822F007020A43C3F82421094B80
:109E70001B7813B10122084B9A62BDE80840FBF73A
:109E80002BBA00BF00800050EC1E0020F81E0020FE
:109E9000F41E0020D92C002000E0005002280AD037
:109EA00003280BD001280CD1064A136923F00403C0
:109EB000136130BF70470020FCF726BC0020FCF780
:109EC00051BC704700ED00E0054B187818B1054B08
:109ED000186800EBD000044B1B681844704700BFA3
:109EE000D92C0020B41E0020E81E00200122014BC6
:109EF0001A707047D92C0020014B1878704700BFAA
:109F0000D92C002038B519F028FA0025084B094C47
:109F10001A682368C31A2AB123B15169994203D33D
:109F2000C91A5161206038BD55615B1A9268F2E729
:109F3000041F0020001F0020C38870B504460D4692
:109F40003BB9FFF759FC8542064602D219F060F989
:109F500035460E4965610B688BB90C60A3600DE056
:109F6000AD1A9A68184665616AB113465A69AA42E1
:109F7000F6D930B18460521BA3605A6170BD0020D5
:109F8000F4E70C60F7E79C60A260F7E7041F00208D
:109F900038B5134D2B685B6993B1124A02201468DF
:109FA0001C4400F035FB204600F000FB00230E4966
:109FB0002A680B70D088800709D501230B7038BD43
:109FC000022000F025FB022000F044FBEEE792683F
:109FD000002AF4D050690344012BEBD9EFE700BF0E
:109FE000041F0020001F0020DB2C002070B5164647
:109FF0009DF81420C0E903360271049ABDF81830A8
:10A000000260002204460D468260C380EEB919F05A
:10A01000A4F92844A0619DB12E4618F0C8F9054660
:10A02000FFF770FF31462046FFF786FF104B1B6895
:10A03000A34201D1FFF7ACFF284618F0BCF902E0BB
:10A04000E36865617BB9002070BD19F086F9304482
:10A05000A061002DE0D1E3686561002BDDD02046D2
:10A0600021689847D9E7204621689847EBE700BF69
:10A07000041F002000220C490B687BB183420AD1E7
:10A0800083687AB1936083681BB15A6941690A4455
:10A090005A61002070471A469B68EEE70028EFD00F
:10A0A000022070470B60EEE7041F002070B518F027
:10A0B00085F9144E05463478FCB9134B1C60134BDC
:10A0C0001C60134B1C8000F035FA012000F0A0FA50
:10A0D00019F059F90F4B0246186020B9284618F0BC
:10A0E00073F9232070BD234640F2E7310A4816F089
:10A0F0004DF90A4B186001233370284618F064F9B3
:10A100000020EFE7DC2C0020041F0020001F0020AF
:10A110002A2B0020081F002018FCFFFFFC1E002037
:10A1200070B5044640B318F042F9144E0546FFF7E7
:10A13000E9FE3068A04209D02046FFF79BFF0446A5
:10A14000B0B1284618F037F9204670BDFFF792FFEE
:10A1500004460028F5D133683BB9022000F064FAC8
:10A16000284618F028F90024EEE7FFF711FFF7E77B
:10A170003368002BF4D1F0E72224E5E7041F002028
:10A1800038B50C460546A8B1A1B100230B7018F0F4
:10A1900015F90121084B1B6833B918F015F9002097
:10A1A00038BD9D4204D121702278002AF9D0F4E70D
:10A1B0009B68F1E72220F3E7041F0020F8B506466C
:10A1C0000F4618F0FBF800250446124B1B6823B914
:10A1D000204618F0F9F81B2011E05A691544DA8876
:10A1E000B2420DD119F0B9F80B4E3368C01AA8422B
:10A1F0000AD3002320463B6018F0E6F80020F8BDA3
:10A20000FF2EEFD09B68E2E719F0A7F833682B44E4
:10A210001B1AEFE7041F0020001F002008B5074BA2
:10A22000187848B119F08BF8054B1B689B69C01A68
:10A2300002288CBF0020012008BD00BFDB2C0020BD
:10A24000041F0020014B1868704700BF081F002042
:10A2500038B50021044640F2E730054B4FF47A72DE
:10A260001D680023E5FB040116F090F838BD00BF1F
:10A27000081F0020F8B50C4B05461B680E468342AC
:10A280000FD3002440F2E7302146084B4FF47A7296
:10A290001F680023E5FB070116F078F830602046C0
:10A2A000F8BD2120FCE700BFFC1E0020081F002095
:10A2B0002DE9F0419846002386B00D461746064624
:10A2C0008DF8133080B30DF11301FFF759FF9DF89E
:10A2D00013305BBB284605A9FFF7CCFF0446F8B94D
:10A2E000134B4FF47A7218680023A5FB000116F097
:10A2F0004DF8C2F57A7189B2B1F57A7F08BF0021B5
:10A30000BDF83430B183F483059A02939DF8303060
:10A310001146CDE9008330463B46FFF767FE044611
:10A32000204606B0BDE8F0812224F9E70224F7E7D1
:10A33000081F0020F0B50C4616461F46054687B09C
:10A3400030B3204605A9FFF795FFF8B9114BE88314
:10A350001B6828465C434FF47A73B4FBF3F203FBAB
:10A360001244191B89B2994208BF0021A983FFF743
:10A37000D7FEBDF83430059A02939DF8303011466F
:10A38000CDE9007328463346FFF730FE07B0F0BD35
:10A390002220FBE7081F0020014B1868704700BF10
:10A3A000FC1E00200F4B10B51A689AB14FF47A7159
:10A3B000531E1342A0FB01010ED1B2FA82F2C2F188
:10A3C0001F04531CD243E04001FA03F3184321FA5F
:10A3D00002F20243104610BD002315F0D7FF0246DB
:10A3E000F8E700BF081F0020C2072DE9F843044624
:10A3F0000BD5474A138801339BB21380FFF782FDC8
:10A40000444B1B680BB1FFF7C3FDA3077DD517F0C5
:10A41000D5FF4FF0000805464646FFF773FD3D4F58
:10A420003C680CB163698BB100223B4B012E1A7062
:10A4300003D118F0020F18BF1E70002C61D0FFF777
:10A44000A7FD2846BDE8F84317F0BEBF23465A696A
:10A450003AB91A792179914288BF1C469B68002B32
:10A46000F5D1284617F0B0FF2569DDB118F075FF6A
:10A47000A269A0EB02084FEAE873A84573F1000354
:10A4800011DB23691344A361E368B4F80680013645
:10A4900013B120462168984717F090FF0546FFF753
:10A4A00031FDBDE7A84617F089FF81462046FFF73A
:10A4B000E1FD484617F088FF2369002BE4D0A38B09
:10A4C000B5EB080533B1E28B13449BB2B3F57A7F49
:10A4D0000FD2E38317F072FF804629462046FFF72C
:10A4E0002BFDA369226940461344A36117F06CFF5A
:10A4F000CAE7A3F57A73E383A369013D013BA36136
:10A50000E8E7022000F090F89BE7BDE8F88300BF81
:10A510002A2B0020041F0020DA2C002010B517F091
:10A520004DFF034B1C7817F04FFF204610BD00BFB6
:10A53000DA2C00201FB50024194B012118689A88D5
:10A540000290D3F806009B7A00903E20ADF80C20D4
:10A550008DF80430FBF744FD02A88DF808408DF813
:10A560000C40FCF749FD694601208DF80040FCF7DE
:10A57000FFFC40F2FF320B4B9A615A614FF0B04240
:10A58000936A13F00803FBD113620120FCF70AFD64
:10A590004FF48052044BC3F880211A6004B010BD00
:10A5A0008CFB03000020005800E100E010B50446D9
:10A5B00017F0FDFE4FF0B042936A1907FCD4136AFE
:10A5C000116C5269520604D4CA1A032A01D899425E
:10A5D0000ED1E21A022A98BFDC1CB4F1FF3F38BF4B
:10A5E000013C4FF0B04340221C6403F580539A6154
:10A5F00017F0E1FE054A13783BB14FF0B041CB6B49
:10A6000043F00203CB630023137010BD2A0D00201A
:10A6100000F001038207034A48BF43F040039361FF
:10A62000704700BF00100058820700F001030AD5F0
:10A630000121064A43F0400311704FF0B041CA6B4C
:10A6400022F00302CA63024A936170472A0D002078
:10A6500000200058830742BF4022014B5A617047D7
:10A660000010005810B517F0A9FE4FF0B043044693
:10A670005B695A06074A03F0010003F0510348BF23
:10A6800040F002005361FFF7AFFE2046BDE81040E6
:10A6900017F09ABE002000580A4B10B5D3F840328C
:10A6A00003F00303013B012B0BD817F080FE044697
:10A6B00001210220FFF726F82046BDE8104017F0E0
:10A6C0007ABE10BD0080005010B50446FAF704FEB3
:10A6D0000C4BA0F57A729A4212D84FF47A73B0FB01
:10A6E000F3F05C43084BB3FBF0F3B4FBF3F0022848
:10A6F00006D9BDE810400323B0FBF3F0F7F720BD07
:10A7000010BD00BFFFC99A3B40420F001FB519F0B2
:10A7100046FE1AF0D4FD1BF052FF064A01AB10684A
:10A720005168127A03C301A81A7002F0CBFA05B07F
:10A730005DF804FB30FC0300024A0349034806F0BD
:10A7400065B800BF98FB0300B8FB030008FC0300DA
:10A7500010B50A46044619B1024B00211B68984700
:10A7600010BD00BF280B00200E4B0340B3F1607FEB
:10A7700006D1B1F5885F14BF6FF0860000207047E6
:10A78000B3F1707F0BD101F4E043B3F5005F06D164
:10A7900011F4E06F0CBF6FF08600002070476FF07F
:10A7A000860070470000C07F8A42F8B506460C4616
:10A7B00000F0DB806F4922F4FF7323F001038B422A
:10A7C0000ED06D4B22F0FF01994209D06B4822F464
:10A7D0007F7323F00303834202D0694B994228D14F
:10A7E000684B24F0FF0199420FD114F0FF000BD009
:10A7F000654B40F00070984240F0B98082EA040056
:10A80000FF288CBF00200120F8BD5B4B9942ECD0A3
:10A81000A3F588539942E8D024F4FF7323F0010391
:10A82000B3F1062FE1D056488142DED053498B4226
:10A83000DBD004F0FE43B3F1A06F14D102F0FE436D
:10A84000B3F1A06F40F0938082EA040333F47E13E7
:10A8500040F08D8014F40040D6D0C4F30540C2F31C
:10A8600005429042CDE7B3F1407F6AD102F0FE434A
:10A87000B3F1407F7BD182EA040535F47E1576D1B1
:10A8800031462046FFF770FF002870D13F4B12F48D
:10A890007C1703EA02031BD0B3F1607FC2F30547C4
:10A8A0003FD13B49D3B243F000738B423DD003F11B
:10A8B0007E43043B0F2B01D83649CD5C14F47C1F3A
:10A8C000C4F3054333D1BD4214BF002001209BE7F0
:10A8D000B3F1607F0DD12E49D3B243F000738B42A8
:10A8E0001DD003F17E43043B0F2BDAD82A49CF5CFD
:10A8F000D7E7B3F1707FE1D106F4E043B3F5005F31
:10A9000003D10127C6F302239F4006F4E043B3F5C9
:10A91000005FD3D10125C6F302218D40CEE7102779
:10A92000BFE7B3F1707FC9D1EFE71025C6E712F496
:10A930007C1F01D1AB4218D022047FF565AFBB422A
:10A940005FE7B3F1106F12D124F01F6020F4702084
:10A9500068B902F0FE43B3F1106F7FF455AF0F48B2
:10A96000104040F01060A042AEE701204CE700200C
:10A970004AE700BF000200060013000600040006BC
:10A980000009000600030006FF0000020000C07F6F
:10A99000030000023EFC03003EFC03000000FFF643
:10A9A0002DE9F8431746002288461C4600F05AFA63
:10A9B000054688BBD8F80060B6F8009009F4E0437B
:10A9C000B3F5804FF36808BF27F0010737EA0303A8
:10A9D0001AD10CB3254B24F0FF029A421FD114F078
:10A9E000FF0304D0224A43F00073934232D0224640
:10A9F00048463169FFF7D8FE074668B922464846FF
:10AA00007169FFF7D1FE70BB6FF0840500233046FB
:10AA1000C8F8003019F06CFB2846BDE8F883154BE8
:10AA20009A42DCD0A3F588539A42D8D024F4FF731D
:10AA300023F00103B3F1062FD1D00F498A42CED0C3
:10AA40000E4A9342CBD004F0FE43B3F1407F04D1D1
:10AA50002304CCD56FF08605D8E7B3F1A06FF7D00B
:10AA6000034B9C42C2E73D46D6E700BF0003000609
:10AA7000FF000002001300060009000600040006A3
:10AA800038B500F0FE43B3F1407F04460D4602D0D6
:10AA90006FF0860038BDFFF767FE0028FAD114F486
:10AAA0007C1F12D0C4F30543032B137022D9284A0C
:10AAB0002240B2F1607F3DD1264AE4B244F00074F6
:10AAC00094422BD1102BE5D9E2E7214B2340B3F17F
:10AAD000607F15D11F49E3B243F000738B4202D16E
:10AAE00010231370D6E703F17E43043B0F2B04D9E8
:10AAF000002313706FF08500CCE71749CB5CD3E7D8
:10AB0000B3F1707FF4D101F4E043B3F5005FEFD10E
:10AB10000123C1F302218B40DBB2C5E704F17E447F
:10AB2000043C0F2CB4D80D4A125D9342B0D8142BBC
:10AB3000B0D9DFE7B2F1707FAAD105F4E042B2F5F7
:10AB4000005FA5D10122C5F30225AA40EDE700BFB1
:10AB50000000C07F030000023EFC03003EFC030037
:10AB600037B50B4D0C462B787BB100230A46019379
:10AB7000014601AB281D18F064F920B9019BA342DE
:10AB800018BF6FF0930003B030BD6FF08800FAE794
:10AB90000C1F00202DE9F04F9B460023924601F048
:10ABA000FE4297B0B2F1806F0E46DDE92078DDF805
:10ABB0008890089305D0184619F09AFA6FF0860429
:10ABC0003CE00B464FF4807208A9FFF7E9FE04460B
:10ABD00018B1089819F08CFA30E0DDF820C00DACFF
:10ABE0006546CDE914000FCD0FC495E80700BCF809
:10ABF000003084E8070003F4E042B2F5005F20D1A2
:10AC000013F4E06FC3F302211BD0384826F480729E
:10AC100082420AD000F50070864206D0344886424F
:10AC200003D0A0F53F4082420BD101258D40102D6D
:10AC300012D9604619F05CFA6FF0830426460025AD
:10AC400048E042F20402934202D12A4B9E420BD0CA
:10AC5000294B9E4244D10D25A84507D2604619F0E4
:10AC600047FA6FF08904E9E70C25F5E7294609A8BA
:10AC7000FFF776FF04460028ABD10898D0E9091207
:10AC800087B307EB050C0E9CA8EB0503240A93D1B0
:10AC90000DF12408CDE90539CDE903BC3346CDE9F2
:10ACA000015ACDF800800DA8FDF782FB044614F18F
:10ACB000860F08988ED019F01BFA0646002CBDD1DD
:10ACC00090B925B12A464146384622F0BEFCD9F853
:10ACD00000301D443046C9F8005017B0BDE8F08F71
:10ACE0000025CAE7BC46CEE70446A7E70010C0042B
:10ACF00000FF4004000180040013C00408B500F008
:10AD00005FF8064B5A7812B10022C3E90122BDE870
:10AD100008400C210148FFF71BBD00BF0C1F00209D
:10AD200070B50C4D2B7873B918F089F8044668B9E2
:10AD300002230126C5E90100AE706B7000F038F8FF
:10AD4000044618B92E700024204670BDFFF7D6FFC8
:10AD5000FAE700BF0C1F002000F100420332022A74
:10AD600038B504460D4609D82C21104B01FB02339F
:10AD70009A68824211D06FF08B0010E0012119F027
:10AD800069F978B1094B9A68944206D05A6B94429B
:10AD900006D01A6E9442EED1583300202B6038BD95
:10ADA0002C33FAE76FF08700F9E700BF181F002087
:10ADB0000122024B002083F884207047181F0020D6
:10ADC00070B5094C002526460421204619F053F998
:10ADD0000135204618F0F1FC032D04F12C04F3D1C9
:10ADE000002386F8843070BD181F0020F8B51B4C76
:10ADF000064694F884300F464BB300252346294677
:10AE000093F820001A46B8B125B91A7912B1022870
:10AE100008BF1D460131032903F12C03F0D115B9F8
:10AE20006FF08C0015E00421284619F024F968B968
:10AE3000284618F0C2FC2A460020094B141BA41017
:10AE40005C4304F10044033C34603A60F8BD6FF0A9
:10AE5000880000233B603360F8E700BF181F002024
:10AE6000A38B2EBA2DE9FF4100230B60394B80469E
:10AE700093F884300D461646002B68D0FFF76CFF20
:10AE80000446A0B92EB9286804B0BDE8F04119F015
:10AE90001CB9012E04D00024204604B0BDE8F08186
:10AEA0000521286804B0BDE8F04119F0E4B810F1BC
:10AEB0008C0FF1D1294601A8FFF798FF044600281E
:10AEC000EAD101232F68CDE90200C7F8088038468F
:10AED0007B6003AA02A919F0B6F9044688B1DDE93E
:10AEE000020119F0AEF92D680421284619F0C3F8C3
:10AEF000284618F062FC14F18C0F08BF6FF087042D
:10AF0000CAE7DDE90212384618F0E2FB0446DDE943
:10AF1000020119F096F9002CE5D10221384619F00A
:10AF2000AAF804460028DED12868C368D90444BFC3
:10AF300043F48063C360C3689A0444BF43F400636E
:10AF4000C360002EA0D0012EA5D10521AAE76FF085
:10AF50008804A1E7181F002030B40D4D2C681C6038
:10AF60006C685C6000249C605468DC6014881C82FF
:10AF700054885C82D4685C6114699C61526930BCFD
:10AF8000DA6119620A46014603F1240022F05DBB32
:10AF90004EFC03002DE9F843232904460F46914651
:10AFA0009846089E04D86FF098052846BDE8F883B7
:10AFB0000822194922F014FB05460028F3D1A368A2
:10AFC000002BF0D1216A243F8F42C8F80010EAD349
:10AFD000B1F5005FE7D271B9C9F80000E3687360AA
:10AFE000238A3380638A73806369F360A369336162
:10AFF000E3697361D9E7012018F0F3F9C9F800009B
:10B0000030B1D8F8002004F1240122F01EFBE5E75E
:10B010006FF08C05C9E700BF4EFC0300F7B505468D
:10B020006B461646164A0C461068516803C395F8DD
:10B030002A3008336B4413F8087CAB8DDA0609D448
:10B04000334622463946284619F087F900F5FA704A
:10B0500003B0F0BD204622F0DBFEAB8D00F10A0408
:10B060009B074FEAC40405D0304622F0D1FE04F518
:10B070000C740444E823781E584304FB0700E5E7FA
:10B0800056FC03009022174B10B51C68002102FBF0
:10B090000044204622F0CEFA134B04F108001B684E
:10B0A0000021DB7863761AF0A8FD4FF40063E38497
:10B0B0002385072384F82A301323FF22A385236ADC
:10B0C00084F8242043F01303236284F85420074BB0
:10B0D000074A2046C4E91C32C4E92032BDE81040CA
:10B0E00019F05FB9A01F00207C210020D6BE898EF8
:10B0F00055555500F0B5104B02461E6893F804C034
:10B1000035464FF0FF3400239C4508DC91B1631CA9
:10B1100010D0902303FB046080F82420F0BD95F844
:10B12000247028469742F9D0FF2F08BF1C4690355F
:10B130000133E9E70020F1E7A01F002070B50446C5
:10B14000234D002842D0083002F04AF80026FF23A1
:10B1500004F1400084F82430E66122F0D4FD04F1CB
:10B16000440022F0D0FD04F1480022F0CCFD04F1AF
:10B170004C0022F0C8FD04F1500022F0C4FD286804
:10B18000144B201A00115843C0B219F0DDF80146E3
:10B19000304619F0D4F8E06E10B100F037FEE666E4
:10B1A000606E18B119F0E3F800236366A06E19F021
:10B1B000DAF80023A36670BD286806FB0400FFF7D9
:10B1C000BDFF01342B79A342F6DCF4E79026F9E7C2
:10B1D000A01F0020398EE338F7B504461CF041FB70
:10B1E000C0F30F23542B3ED9AA2B34BF01230223D3
:10B1F000C0B27E288CBF0222012203218DF80430C8
:10B200001344B3FBF1F000EB40001B1A8DF805303E
:10B210001344B3FBF1F202EB42029B1A8DF80630A5
:10B22000002318461D461A46104901AF4B7517F802
:10B23000016B44FA06FC1CF0010F06D053009E403F
:10B24000012330430132C0B2D2B20135EDB2032D39
:10B25000EDD103B148754B7D43EA82134B75FF2353
:10B260000B7503B0F0BD0023C2E700BFA01F002094
:10B27000064B1B68D97ADA78437E5B1A9342A8BFE3
:10B28000DAB20021427619F0C8B800BF7C21002054
:10B29000B0F862302BB9836813F4601F08BFA0F8C0
:10B2A000623011B1012911D070474369417E23F00A
:10B2B00010034361064B1A68D37A92780B44934289
:10B2C000D8BFDAB20121427619F0A7B8FFF7D0BF94
:10B2D0007C2100202DE9F0410025344E8AB03379DD
:10B2E000AB4203DC01200AB0BDE8F0819023346852
:10B2F00003FB054494F82430FF2B0DD0236A9801FA
:10B3000006D504F15008404622F07AFD074628B9D8
:10B31000226A12F0A06F1ED10135E0E7BB7908A9BF
:10B320000C333B44D8689A7A1B8AC2F38012ADF87A
:10B33000243000238DF81F2008901A460DF11F00BD
:10B3400019F019F838469DF81F2094F8241008AB1E
:10B350001AF0D2FCD7E7A38D1D2B18D13C23FF2177
:10B360000020CDE90431CDE902000121CDE9000042
:10B3700004F12E03C2F380221AF075FF0028B2D028
:10B380004FF0A06104F1200018F0B7FFC4E712F0FD
:10B39000807F08BF3C214FF0000218BF432194F882
:10B3A000393094F824001AF004FEE7E7A01F0020CB
:10B3B0002DE9F0411F46C36904460D4616468BB180
:10B3C00069B916F0FBFF06462946A06E18F0C7FFC4
:10B3D0002046294619F00AF8304616F0F5FF0020FD
:10B3E000BDE8F0810029FAD0036A03F01203022BB2
:10B3F00000F0BA80236ADD0700F1BE8094F82430A3
:10B40000FE2B0CD104F1550002F0B0F902F0A6F9C0
:10B4100028B14FF4800104F1200018F066FF256A7E
:10B42000614B2B40B3F5807F00F0B980A8052FD584
:10B43000C5F3802504F12E0800224146284618F065
:10B440009EFF002184F8540018F0A8FF4146002216
:10B45000284618F099FFA18D20B194F954000028D6
:10B4600080F296804FF4007104F1200018F045FF3F
:10B47000A28D02F00302012A0AD14146284618F0A3
:10B4800083FF28B14FF4006104F1200018F02DFF74
:10B49000236AD90600F18180D4E910122046FFF713
:10B4A000BDFD012F0ED040F27123E28C5A43904231
:10B4B00008D9228D5A43904273D800F51C70B0FB16
:10B4C000F3F0E084394BE361002384F83930236AD8
:10B4D000E168B4F8625023F4803284F83870226254
:10B4E00021613DB913F0100F0CBFC8253C2525760E
:10B4F00005F2B3154EB140F27121238D42F4803232
:10B50000C3EB06134B432262E363236A43F4002335
:10B510002362274B1B68DB78637616F04FFF636965
:10B52000074643F0100304F10800294663611AF04E
:10B5300064FB012003F02AFA28B963691A075CBF8B
:10B5400043F00403636126B11CF0C7F9E36B0344C5
:10B55000E363204603F024FA384616F035FF012154
:10B56000A06E18F0FCFE3AE7406C22F051FC002877
:10B570007FF440AF0C2033E7E36E002B7FF43EAF47
:10B5800000F0EEFBE06600287FF438AF092027E7E3
:10B5900001F0010118F002FF6AE7064B93E7122061
:10B5A0001EE745201CE700BF0001400023430300C5
:10B5B0007C210020EDB6010070B500249026094DD5
:10B5C0002B79A34200DC70BD286806FB040090F8CC
:10B5D0002430FF2B04D000231A461946FFF7E8FE5B
:10B5E0000134EDE7A01F00202DE9F04F91F806B0DF
:10B5F0008DB00BF10C0B04460E46012201EB0B053E
:10B600000DF127000AA918F0C5FE824668B19DF821
:10B6100027100AAF384600F021FC60B1304616F022
:10B6200067F900200DB0BDE8F08FA97A05F10C078D
:10B63000C1F38011EEE7E36EE06695F8079007939B
:10B64000236A4846298956F80BB003F0100804F025
:10B6500077F88344B8F1000F39D1A9F10303012B26
:10B6600094BF0323022340F271225B0002FB03B26A
:10B670001D4B1B685B79637605F11803BAF1000F67
:10B6800027D09DF8271094F824E0B8F1000F24D0BB
:10B690004FF0010CA87AC0F3401095F90550CDE9A0
:10B6A00002E0CDE90071CDE904C50121079800F061
:10B6B0004BFCB8F1000F05D01CF0B6F80121204674
:10B6C00018F094FE304616F013F90120AAE7012382
:10B6D000C9E7A97AC1F38011D5E794F88FC001209A
:10B6E0000CF00F0CD9E700BF7C210020012810B519
:10B6F0000C461CD0022822D030BB084619F0AAF80C
:10B7000040F27121E38C228D94F82A00D21AE3686A
:10B7100003F59C53083301FB02332361FFF75CFD03
:10B720000A4B2046BDE81040996803F08FBB03F038
:10B730009DFA844208D1BDE810401CF075B8084657
:10B74000BDE81040FFF794BD10BD00BFA01F002052
:10B7500038B50A4D0020FFF7F1FCAB6813B10022A9
:10B760001A60DA801AF026FB00242B79A34200DC51
:10B7700038BD2046FFF786FC0134F6E7A01F002005
:10B7800070B52A4C0546A06818B116F0B1F8002330
:10B79000A360FFF7DDFF002018F0DAFD55B90320A4
:10B7A00025712560E58215F0EFFF207918F0D0FDB6
:10B7B00028B970BD022022F06AFCA06048B90025BB
:10B7C000A0682571256060BB002018F0C1FD07202E
:10B7D000EFE70026032025712660E68215F0D4FFEE
:10B7E000B542E2DD05EBC501090133460122032024
:10B7F00089B215F07BFF06460028E0D1032015F042
:10B80000F3FF20600028DAD0902231466A4321F00D
:10B8100011FF2379B342C8DD3046FFF733FC013610
:10B82000F7E716F065F8A560CEE700BFA01F00207F
:10B8300030B5174B826A1B681206597926D5028FDC
:10B840001C79436B1203B2FBF3F2631AB2FBF3F2FF
:10B85000B0F89C3003B1013BD0F8A05005B15B10AB
:10B860001B02B3FBF2F35B180CD090F895200F2A63
:10B8700008D91209B3EB820FB8BF00234FEA820147
:10B88000A8BF5B1A9C42A8BF1C46E1B2417630BDFE
:10B890007C210020084B9A7E82420AD94FF4A47280
:10B8A0001B6802FB0030836A13F0100F08BF0020F2
:10B8B00070470020704700BFB81F0020084A0949A0
:10B8C0001368C31AD810002B01FB00F005DB937E30
:10B8D0008342D8BF4FF0FF3070474FF0FF307047C2
:10B8E000B81F0020199C8FC170B504460E4616F093
:10B8F00065FD3146054604F1300018F0EFFF2046A3
:10B90000FFF7DCFF01218140054818F0E7FF4FF405
:10B91000807005F067F92846BDE8704016F054BD08
:10B92000DC1F0020F329F8B504460D46724E25D1E0
:10B93000338D63B9A36813F4601F00F0BA80238FBE
:10B94000626B1B01B3FBF2F3F32D9FB22DD12046A6
:10B9500019F058F8B4F89C70002F40F0B380A36A37
:10B9600013F0800F0CBF3E23082384F87730204665
:10B97000FFF75EFFF32D36D1012057E073695906BA
:10B9800040F18F80836A1A0740F18B80336900F1A0
:10B99000400143601AF043FE338D002BCAD0238F41
:10B9A000626B1B01B3FBF2F39FB2618FB4F89C2072
:10B9B0009BB25B1A9A427EDC736994F836019B074E
:10B9C0004CBF002102211CF006F840F202237269EC
:10B9D0009343BCD12046A4F89C7019F014F820467B
:10B9E000FFF726FF0127A36A1807C5D5628F002A33
:10B9F000C2D013F4C05FBFD1726912F00C0FBBD17B
:10BA000040F202239343B7D1D4F8A430002BB3D132
:10BA10002046A18F1AF0B2FF002855DD638F013355
:10BA2000984251DC0128A7D0013880B2236BA4F8DA
:10BA30007C00590409D54FF4804104F1300018F01E
:10BA400055FF00212046FFF74FFFB4F87C20A38F5D
:10BA500094F870101344A387B4F89C309B1AA4F890
:10BA60009C3094F86F3002FB01332522B3FBF2F1D6
:10BA700002FB113384F86F304FBBA36A1A0702D45C
:10BA80001E4B1B689847204608211AF031FE2046BD
:10BA90000221FFF729FF2046BDE8F840012102F00E
:10BAA000CFBF318D238F626B00293FF443AF1B0161
:10BAB00078E7338543E7737F002B86D0032194F822
:10BAC000360180E7012752E7608F0130ADE720465D
:10BAD00018F02EFC2046A18F1AF0DAFDA36A054665
:10BAE0001B0702D4054B1B689847002DCBD020467E
:10BAF000BDE8F84019F037B8B81F0020EC1F00204F
:10BB00000022074B10B55A77202204465A6118F0DC
:10BB100031FF84F83601204619F086FD10BD00BFC4
:10BB2000B81F0020012810B50C462AD0022830D0BA
:10BB300000283DD191F8953060F3071381F89530D6
:10BB40000846FFF7DDFFA36A20461B0716D503F062
:10BB500011FC042001F0ACFE50B3164A937F3BB3B6
:10BB6000D37F0133DBB2D37792F821209A421FD8DA
:10BB7000BDE810404FF0806005F034B803F0CEFD12
:10BB8000E7E703F073F8844212D1BDE8104003F0F8
:10BB9000E5BB91F895302046C3F30312013262F3FE
:10BBA000071381F89530BDE81040F321FFF7BABEC6
:10BBB00010BD00BFB81F002010B501F0D9FEFB2258
:10BBC000114B10F0020F1A770CBF0122032241071C
:10BBD000197E48BF42F0040262F3030119761A7E0F
:10BBE000C2F3030161F307121A764FF44171002288
:10BBF0001984DA76DA835A621A611A85034BBDE832
:10BC000010401B68184700BFB81F0020E41F002029
:10BC10002DE9F8434B4C0546A06818B115F068FEB5
:10BC20000023A360022015F0AFFD5FFA85F8002025
:10BC300018F08CFB404619F088FC0646002868D1B5
:10BC4000404618F0B1FE0746002862D1002D75D09D
:10BC500005EB850105EBC101C90033460122022035
:10BC600089B215F043FD002850D14FF4A479022089
:10BC700084F81A8015F0B8FD09FB05F731463A46FD
:10BC8000206021F0D7FC32462368681E03EB0901CF
:10BC9000824233DB002DA7F5A4724FF00001D8BF1C
:10BCA000002299502846636018F050FB88BB40463C
:10BCB00018F06EFE68BB404618F070FE074640BBA9
:10BCC000002D16DD022022F0E2F90223A060C371EC
:10BCD00083793946C3F102020C33D2B2184421F001
:10BCE000A9FC0121A3689A7913441A7B61F301022C
:10BCF0001A73FFF761FF3046BDE8F88309FB02FCC9
:10BD0000013243F80C1001F5A471C1E7C4E90077D2
:10BD1000A7760025002019F018FC002018F044FE3A
:10BD20002846C4E90055A57618F032FE284618F0DA
:10BD30000DFB022015F028FD0726DCE72B46A57633
:10BD40002560AFE7B81F0020014B987E704700BF09
:10BD5000B81F0020014BD87E704700BFB81F0020DD
:10BD6000F8B5284D16F02AFB6C681CB916F02CFBB0
:10BD70002046F8BD4FF4A476012723686B60EB7E64
:10BD80000133EB7616F020FB32460021204621F0ED
:10BD900051FC04F128004021676118F09FFD2B8BB6
:10BDA0000722A4F8443194F83731002167F30303E4
:10BDB00084F837314FF6FF73A4F87A302B7FA4F85C
:10BDC000866084F8423144F29023A4F8403194F81C
:10BDD000853004F1080062F3030384F885300A4BD0
:10BDE000C4F8883003F1CE5303F59813C4F88C30AF
:10BDF00041F61B33A4F890301B2384F8923019F0DD
:10BE0000FCFEB5E7B81F00204801480170B50446A4
:10BE1000002618F084FE04F1080001F0E1F90D4B52
:10BE200020461B689847C4E90A6616F0C7FA05461B
:10BE30004FF4A4723146204621F0FCFB064B284605
:10BE40005A682260DA7E5C60013ADA76BDE87040BA
:10BE500016F0BABAE81F0020B81F00202DE9F04103
:10BE600006464FF480400F4601F022FD044630B9EB
:10BE70000E4B1D6893F81A807135A04502D800203A
:10BE8000BDE8F08155F8493CDA0609D5C3F38003D3
:10BE9000BB4205D106222946304621F0A1FB18B14C
:10BEA000013405F5A475E8E70B20E9E7B81F002089
:10BEB00008B5B0F894305A1C62F30B03A0F8943024
:10BEC000042001F0F5FC70B1074A937F0133DBB227
:10BED000937792F820209A4205D8BDE808404FF0A9
:10BEE000806004F07FBE08BDB81F002038B58B7994
:10BEF00005460B449B7D0C4603F00303032B09D13D
:10BF000001212C3018F0EAFC4FF4006105F1280003
:10BF100018F0E4FC21460548A56021F0DBFFBDE8F0
:10BF200038404FF0005004F05DBE00BFC41F002039
:10BF3000014B1877704700BFB81F0020014B187FD6
:10BF4000704700BFB81F00202DE9F74F1D46164669
:10BF50002A4604469DF838309DF83C8080F89B3096
:10BF600052F8103B0F46C0F8283100F14401B8F1F7
:10BF7000000018BF0120DDF830A09DF840909DF82A
:10BF800034B004F049FB20461AF0ABFB204618F011
:10BF90000DFD1BF026FD49460246204619F0EEFA3B
:10BFA000C82320460DF10601ADF8063018F0F8FC64
:10BFB00047F6FF73A4F83031AB88A4F82C31AB7985
:10BFC00084F82E31DAF80030C4F87130BAF8043051
:10BFD00004F1280AA4F87530BBF1000F03D0042146
:10BFE000504618F07BFCB8F1000F04D04FF400511C
:10BFF000504618F073FC4FF4607001F059FCC0F328
:10C00000C018C3054FEA881848BF48F0800881056A
:10C0100048BF48F4807816F0D1F983464FF4826126
:10C02000504618F05BFC414604F12C0018F056FC19
:10C03000584616F0C9F9BB1E012B7AD84FF40021DF
:10C04000504618F04BFC01212046FFF74DFC04211F
:10C0500020461AF04DFB6B7D2046C3F3040384F8A1
:10C0600070306A8907F0FD0752006263697B2A7BA2
:10C0700042EA01226287E97BAA7B42EA0122228707
:10C080006A7D84F86F30C2F3421284F83E200022A9
:10C090000523A2870122A4F89C30A4F87C209DF9F6
:10C0A000441018F088FC01F05DFC20F40060C4E945
:10C0B00008012046FFF7BCFB3A4A3B4BB2F8288008
:10C0C000B8F1000F68D1002F38D140F2C718666070
:10C0D000E3612046166118F012FCB9F1010FE0602F
:10C0E0000AD094F83731204669F3030384F83731D6
:10C0F00009F00F0118F011FE04F10800414619F093
:10C100007CFD012002F042FC28B963691A075CBF7C
:10C1100043F00403636140F271216B892046013BC7
:10C12000594318F00BFC204602F03AFC03B0BDE87E
:10C13000F08F012F87D140F2014185E74FF4D77886
:10C14000E36140F271272B8940F608015B0007FB91
:10C1500003665046666004F1400618F0BFFB3146A6
:10C1600020461AF05CFA2B89314601335B002046E9
:10C170007B4304F1340201F009FCEB7931465B00AA
:10C18000012220467B431AF050FA236C20469E0879
:10C1900018F0B5FB3044A0E76660E361002FD0D112
:10C1A00097E700BFB81F002025BB010070B51D46F2
:10C1B000C36A04461B07164613D408212C3025F405
:10C1C000105518F08BFB25F01005064B2D0433405D
:10C1D0002D0C2046C4E90835BDE870404021FFF72A
:10C1E00083BB70BD2FCF87F72DE9F04F85B0044694
:10C1F0000191084689B34B799A071FD421F008FEB4
:10C20000019D70B96B79DB0705D54FF4803104F1DE
:10C21000280018F063FB01A821F075FD05B0BDE80A
:10C22000F08FA36ADF0309D54FF4803104F12800B1
:10C2300018F05CFB6B7943F001036B71019E16F003
:10C24000BDF8737931469E0705461ED504F1AC0052
:10C2500021F04FFE284616F0B7F8DFF8909116F05F
:10C26000ADF8A36A0746DD0514D5D4F8AC3043B168
:10C270009A7913441B7B392B03D829FA03F3D80787
:10C2800011D4384616F0A0F8C8E704F1A80021F050
:10C2900021FEDFE794F94631022BF2DCD4E92A23B0
:10C2A00072B9002BEDD004F1AC0021F04AFD054637
:10C2B000384616F089F82946204618F0DCFECEE70D
:10C2C000002BF0D194F89280039304F1A80BD4F8DA
:10C2D000A86096F807A0B379AAEB030A5FFA8AFA76
:10C2E000C24527DC584621F08BFD0546A8EB0A081D
:10C2F0006B7929466FF3C3036B7103A821F0EAFD44
:10C30000D4F8A8302BB15B79990702D1B8F1000FAE
:10C31000DDD1039B002BB4D09B79022B40D80020A9
:10C3200021F0B5FE014670BB039904F1A80021F08D
:10C33000E0FDA6E7002021F0AAFE054630B90399EA
:10C3400004F1A80021F0D5FD03959AE78079B17931
:10C350000C300C3142463144284421F076F9EB7917
:10C3600053FA88F3EB71B379727953FA88F3B371A6
:10C370006B794FF0000862F300036B7173796FF310
:10C3800000037371B4E7039B4A79587960F30002A4
:10C390004A715A7903A86FF300025A7121F0A4FD83
:10C3A000E36A9A0512D50398034600680028FBD17A
:10C3B000DB79C3F14503DBB2032B07D821F067FE1D
:10C3C00001460028B0D003A821F084FDD4F8A8309D
:10C3D00013B15B79DB0704D5039A537943F0080363
:10C3E0005371384615F0F0FF039965E77C2C020085
:10C3F00070B5036B0446990786B001D518F08FFB22
:10C40000236BDA0733D5A66A330723D516F4002F3A
:10C4100014BF032501252046FFF750FA94F89B30FE
:10C42000294605930023049394F83E30C6F3800216
:10C430000393238F80B20293638F0193636BC3F3E3
:10C440004F03009304F1710319F00DFF30B9002080
:10C4500006B070BDB50C05F00205DCE7012104F162
:10C46000300018F043FA4FF4005118F037FA236BFC
:10C47000980410D52046FFF721FAA16AC0B2C1F393
:10C48000403119F052FC0028E1D04FF4005104F182
:10C49000300018F02BFA236BD90409D5002120466F
:10C4A000FFF7A2FE4FF4805104F1300018F01EFA9D
:10C4B000236B5A0512D52046FFF700FA002394F8A3
:10C4C0009B50C2B21946284619F073FD0028BED011
:10C4D0004FF4806104F1300018F008FA236B5B0719
:10C4E00011D52046FFF7EAF9616B238F628FC1F304
:10C4F0004F0180B219F097FE0028A8D0042104F162
:10C50000300018F0F3F9236B1E0709D520461AF006
:10C510007BFC00289BD0082104F1300018F0E6F9DC
:10C52000236BDD0618D52046FFF7C8F9E16A80B213
:10C5300011F4805100F0C580002119F009FF002896
:10C5400085D04FF4805104F12C0018F0CFF9102160
:10C5500004F1300018F0CAF9236B580615D52046AF
:10C56000FFF7ACF994F8773080B20093D4E9082350
:10C5700019F0D1FE00283FF46AAF0023402184F86F
:10C58000773004F1300018F0B1F9236B190516D596
:10C590002046FFF793F900230093B4F89830B4F8DD
:10C5A000962094F89A1080B219F07FFB00283FF48F
:10C5B0004EAF4FF4006104F1300018F097F9236B8F
:10C5C00013F4804532D19A0516D52046FFF776F947
:10C5D00094F8371194F8772001F00F0180B201F040
:10C5E0002FF800283FF433AF4FF4007184F87750F0
:10C5F00004F1300018F07AF9236B1B0616D520469B
:10C60000FFF75CF9B4F88C3080B2009394F8913065
:10C61000B4F88A2094F8901019F0CCFE00283FF46A
:10C6200016AF802104F1300018F060F9236B9E06EC
:10C6300012D52046FFF742F994F8771080B219F02E
:10C640009EFE00283FF403AF0023202184F87730BA
:10C6500004F1300018F04AF9236BDD0508D504F128
:10C6600030004FF4807118F041F920461AF009FAB1
:10C67000236B180408D504F130004FF4004118F082
:10C6800035F9204600F008FC236BD90308D504F1E6
:10C6900030004FF4803118F029F9204619F017F9CD
:10C6A000236B9A0308D504F130004FF4003118F0E1
:10C6B0001DF9204618F07DF9236B9B0704D4012057
:10C6C000C6E619F05CFE3AE700222046114618F053
:10C6D0006EF9204618F06DF92046FFF7EFF894F850
:10C6E000771080B219F001FF00283FF4B0AE0221AC
:10C6F00004F1300018F0FAF82046FFF787FB024BF0
:10C700001B689847DBE700BFE41F0020F8B5002353
:10C71000124A02F1240151E8004F41E80035002D92
:10C72000F7D1012734B9BDB10D48294618F0D6F824
:10C730002046F8BD94FAA4F0B0FA80F007FA00F6AB
:10C7400024EA0604FFF7A6F80028EBD0FFF750FE16
:10C750000028E7D13543E5E70120EAE7B81F0020CC
:10C76000DC1F00202DE9F74F04460190002860D01F
:10C77000C5794FF000080C35054415F01FFE4646FC
:10C7800000904FF4A47A40462B4FBA7E5FFA88F9A6
:10C790004A4517D90AFB09FB3A685A44916ACB0605
:10C7A00044D5B2F89420C2F30B02002A3ED0E279BD
:10C7B000C2F14502D2B2032A15D8022021F067FC4B
:10C7C000044640B900230098FB8315F0FDFD304678
:10C7D00003B0BDE8F08F014601A821F07BFB0020EB
:10C7E000E5790C35254404220123002112FB003396
:10C7F00005F82090E9543B6802FB005C5B44B3F809
:10C80000943001368CF80230032312FB0032A95415
:10C810003B6801305B44B3F89420C0B261F30B0273
:10C82000A3F89420E379F6B20433E37108F1010828
:10C83000ABE70646CBE700BFB81F0020F7B5684658
:10C8400003F0DEFE00254FF4A477124EB37EAB4218
:10C8500001DC03B0F0BD346807FB0544A36A03F0B4
:10C860001803102B13D10522694604F1450020F06E
:10C87000B7FE60B1012120461AF024F938B9012031
:10C8800021F005FC014610B1204601F04FFC0135B6
:10C89000DCE700BFB81F00202DE9F74F15F08EFD33
:10C8A000424BDA6800920022DA6015F08DFD009BA1
:10C8B00013B903B0BDE8F08F684621F042FA8279DF
:10C8C000876802F10C04044401460190A07A0A3200
:10C8D00010F0200F14BF0320022002448A71FA6A6C
:10C8E00052050FD5E07AA27A42EA0022384618F0C3
:10C8F000B0FD38B901A821F006FA3D21384618F0FC
:10C900009AFCD4E7BA6A94F80AB012F4007201995A
:10C910000BF0030013D003288A79EBD10A44127B71
:10C92000392AE7D8224B23FA02F2D307E2D54A7913
:10C93000384642F002024A7101F000F9B7E70328D5
:10C94000F5D048790BF0030B62F3410048710846BB
:10C9500094F8069094F905A021F05AFA019D064634
:10C96000AC793846063CE4B2AC71FEF7A7FF0C3454
:10C97000C0F3032305EB040843EA0B1388F80330E4
:10C980002B46F6B288F80200A8F8046005F804A067
:10C9900088F801905A796FF341025A711B68002B95
:10C9A000F8D1284619F0D8F981E700BFB81F002058
:10C9B0007C2C0200002370B50D46D1688AB009BAFC
:10C9C0000291C178C66861F30703817836BA61F3D2
:10C9D0000F23417806AC61F317439168069609BAB4
:10C9E0000391816809BA07915168126809BA12BAAD
:10C9F000049105920178426861F31F6312BACDE990
:10CA0000082323468022012002A9009416F035F95C
:10CA10000028F6D1DDE90810DDE9063200BA09BACE
:10CA200012BA1BBA28606960AA60EB600AB070BDD8
:10CA3000F8B504460026084F0CB90748F8BDA1799F
:10CA4000E579B8196D1AEDB20C3121442A4620F06F
:10CA5000FCFD2E442468EFE7F41F0020F8B50446DF
:10CA60000026084F04B9F8BDA079E579B9192D1A47
:10CA7000EDB20C3020442A4620F0E7FD2E44246815
:10CA8000F0E700BFF41F002010B5094A094B1478E5
:10CA9000094A08441B78126801B29C4202DA32F952
:10CAA000140010BD32F913008842FADA0133F4E7BA
:10CAB000E82C0020E72C00200421002030B50A4B90
:10CAC00002461C78094B196800230239D8B2844207
:10CAD00004D9013331F913509542F7DD00B930BD67
:10CAE0000138C0B2FBE700BFE92C00200421002080
:10CAF00070B5044615F062FC0B4E0546306818B15F
:10CB000015F084F80023336034B104EB04146000A2
:10CB100021F047FC30B130600024284615F054FC69
:10CB2000204670BD1A24F8E708210020F8B515F05A
:10CB300045FC0446002003F0CFFB18F0FBFC00236B
:10CB40001A4E1B4D3278296800B2934207DB0CD194
:10CB500040F20345204615F037FC2846F8BD31F970
:10CB60001370874210DB134A1370C8220221012080
:10CB700003F0BCFB18F0DEFC00233278296800B219
:10CB8000934203DBE4D007E00133DEE731F91350D1
:10CB9000A84203D1084A13700025DBE704DA012B11
:10CBA000B8BF0123013BF5E70133E9E7E92C002099
:10CBB00004210020E72C0020E82C002008B51AF002
:10CBC0000BFF18F0B7FC00B2FFF778FF024B00B282
:10CBD0001B6833F9100008BD0421002010B50A4B72
:10CBE0000A4C1A78236833F9122050B903F07EFBFF
:10CBF00018F0A0FC00B2FFF761FF236800B233F920
:10CC00001020104610BD00BFE82C00200421002099
:10CC100008B5FEF753FE431C1BBF2222034B002026
:10CC20001B6818BF02FB003008BD00BF08210020B0
:10CC30002DE9F0410F46164617F006FF00224FFA85
:10CC400080F8044639461A4818F037FC4045054636
:10CC500006DB01223946164818F02FFC404517DD47
:10CC600001223946124818F028FC054405EBD57519
:10CC7000C4EB650040B20F4A92F90030834209DAF2
:10CC8000C01A00EBD07003EB600358B2BDE8F0812E
:10CC90000020F0E792F901308342F7DDB2F902306B
:10CCA000B342DCBF00EBD07040F34700EEE700BFBB
:10CCB000DE2C00202C2B0020014B1878704700BF81
:10CCC000EA2C00202DE9F04F064685B0002800F040
:10CCD000BE80FFF73FF8002840F0BB805E4B1A781B
:10CCE000002A3FD1347A5D4D0F2C84BF01221A7087
:10CCF00014F00F0400F09880FFF726F8074601F0C3
:10CD0000BBFD0446002840F08F8033685448036020
:10CD100073684360337A037218F0F4FB002840F024
:10CD200082804FF605424F4B38465C801A80FFF7F1
:10CD3000DFFE0446002877D103F0ECFA064603F044
:10CD4000EFFA2B68024693B1FFF7F0FE0446002885
:10CD50006AD119F036FC4FF4005000F097FD012223
:10CD6000414B1A700024204605B0BDE8F08F3046D4
:10CD700018F0E0FB0FFA80F9104618F0DBFB0FFA11
:10CD800080F815F01BFB1E26A346384F019070005B
:10CD900021F007FB2860002843D0CA4687F800B07E
:10CDA000D0450CDA40F2F6413B782A68B34234DBD6
:10CDB000019815F009FB002CC6D01A2434E0504627
:10CDC00003F096F9ADF80C00039803F0B7F918F0EA
:10CDD000B1FB0FFA80FCE1456FF0004101DCE0455A
:10CDE00004DA0AF105020FFA82FAD9E73B782868DB
:10CDF0002BB103EB010E30F91EE0E645F1D09E4267
:10CE000006D814F003FF002305362B60F6B2BEE708
:10CE100020F813C001333B70E3E722F8131001330D
:10CE2000C4E71A24C4E721244FF4005000F034FD75
:10CE3000286818B114F0EAFE00232B600C4D286816
:10CE4000002890D014F0E2FE00232B608BE7212411
:10CE500089E741F20C0486E7DD2C00200421002044
:10CE6000DE2C00202C2B0020EA2C0020E92C0020B6
:10CE70000821002008B5074B1B6843B14FF4005050
:10CE800000F016FD18B1BDE80840FFF74FBE0020C6
:10CE900008BD00BF042100202DE9FF4704464FF4E0
:10CEA000005000F005FD002868D015F087FA824692
:10CEB0002046FFF7ADFE344BB0F91E701A78334BA5
:10CEC000B4F834911B68A4F8347194F8375133F9ED
:10CED000128005F00F05B84506462B464FF0C800F6
:10CEE00094F8362104F14401B4BF4FF000084FF02C
:10CEF0000108FFF763FE738BA7EB09098742B4BFF4
:10CF0000002701270FFA89F9CBB90121013DB6F9B4
:10CF10001E30EDB2A94047EA48020093C9B24B4621
:10CF200020461AF0F9FA204617F081FE820802F531
:10CF3000487292B2C0F34F00B2FBF0F27283204607
:10CF400017F06FFD830313D5204648EA4707FEF725
:10CF5000B5FC94F83711CDF808900197B6F91E305A
:10CF600001F00F010093002380B21A4618F0F8FE7A
:10CF7000504604B0BDE8F04715F026BA204617F039
:10CF800094FE04B0BDE8F087E72C002004210020C7
:10CF90002DE9F04F89B09A46129B894616460693B2
:10CFA000139D8046FFF734FE044615F007FA4E4BFA
:10CFB00005901A784D4B207E1B68494633F9123094
:10CFC00000F001000793FFF709FE09F1FF32D2B22A
:10CFD000BAF9001002EB420204EB42046180002126
:10CFE000074640F2F640B4F904B02970B6F90010D3
:10CFF000079B81424AD10123A7EB0B02A780AAF825
:10D00000007032802B70404617F01EFD012207464B
:10D010004946374818F051FA7BB28342D8BF0027FF
:10D02000069BC4BF3F1AFFB21F70B6F900303BB376
:10D03000404617F0F6FC830316D54046FEF73EFC4B
:10D040002B78B6F9002049460292C3F340025B00F8
:10D0500003F0020313430193BAF9003080B2009346
:10D0600000231A4618F07CFEB6F9003043B198F858
:10D07000373103F00F034B4504BFA388A8F83431C0
:10D08000059809B0BDE8F04F15F09EB969B99B4508
:10D09000AAF800B0DEBF2B7843F002032B705F4587
:10D0A000B1DC2B7843F00103ACE758460793FFF758
:10D0B000EBFC079B9842DBBFA3802B78A08043F05A
:10D0C0000203D8BF2B70B4F90430BB42A1BFA780C4
:10D0D0002B7843F001032B70B4F90430AAF8003028
:10D0E000A3EB0B0333808EE7E72C00200421002004
:10D0F000DE2C0020104B1A7842F0F0021A701A7CD5
:10D1000042F0F0021A7493F8202042F0F00283F803
:10D11000202093F8302042F0F00283F8302093F87A
:10D12000402042F0F00283F8402093F8502042F073
:10D13000F00283F8502070470C2100200368054A54
:10D1400023F07F6323F4002302EAC1421343036008
:10D15000704700BF0000F80FF8B54488054604F09A
:10D160000704072C1C4E28D115F028F900221101C4
:10D17000735C06EB02171B090F2B0AD00132062A3B
:10D18000F5D1164A13880133138015F01DF91920C3
:10D19000F8BD2B6894B27B801123735415F014F9F9
:10D1A0001AF09BFB06EB0413D8602B68002023F4D5
:10D1B000E02343EA04432B60EAE72301F15CC1F377
:10D1C0000312013202F00F02052A28BF002262F387
:10D1D0000711F154E4E700BF0C210020302B0020A0
:10D1E00038B54488054604F00704072C0FD015F025
:10D1F000E5F8074A2401135D43F0F00313552B684B
:10D2000043F4E0232B60BDE8384015F0DDB838BDAD
:10D210000C2100202DE9F0474588074605F0070559
:10D22000072D894637D01D4C4FEA051814F80860C1
:10D230001AF053FB04EB051ADAF80C30360906EB4A
:10D24000C506C01A04EB4606708014F8083003F0D7
:10D250000F02042A9EBF013262F3030304F8083070
:10D26000B9F1030F14D114F8081004EB0514A01C35
:10D2700001F00F011AF08DF9044615F09FF83A6895
:10D28000074B134023433B60BDE8F04715F09CB8C3
:10D290004FF6FF74F1E7BDE8F08700BF0C210020D6
:10D2A0000000FF7F064A08B59268824207D04279A3
:10D2B00022F0030242F00302427103F0FBFC08BDBE
:10D2C0006C21002010B5064C204620F01CFD201DCE
:10D2D00020F019FD04F10800BDE8104020F013BD56
:10D2E0006C21002010B5022020F0D1FE034C6060BC
:10D2F000022020F0CCFEA06010BD00BF6C210020F9
:10D3000008B5FFF7DFFF0022024BDA60BDE80840F6
:10D31000FFF7E8BF6C210020014B5868704700BF41
:10D320006C210020014B9868704700BF6C210020E1
:10D3300038B50C4CE3681BB1E36898470023E36001
:10D3400023686BB1074820F0FCFC054640B1236818
:10D350001BB14FF0004003F045FC284619F0DEF801
:10D3600038BD00BF6C21002010B5084CE0604FF0C4
:10D37000004003F037FC00BF00BF00BF00BFE36800
:10D380001BB1E36898470023E36010BD6C210020C7
:10D3900038B58379044603445B7B13F0300F43793F
:10D3A00023F0030308BF43F00103437115F006F8AF
:10D3B00005462146054820F08DFD4FF0004003F062
:10D3C00011FC2846BDE8384014F0FEBF6C21002057
:10D3D00010B5084C6068837918440F3000F08AF962
:10D3E0000023A0681A46BDE810404FF6284118F007
:10D3F00012BC00BF6C210020242816D80F2805D8A5
:10D4000002280CD8B0FA80F040097047084B103859
:10D4100080B2C34003F0010383F001007047053878
:10D42000012894BF0020012070470120704700BFF1
:10D430002D2011002DE9F04F95B0FFF76DFF42F25E
:10D440003603867905460C3630F8068084199845EF
:10D450000ED1FFF761FF022120F02CFC7F22A37880
:10D460000233A370AA5500232022237762706377CA
:10D470000121E078FDF73EFE00230646002800F07B
:10D48000D780CDE91233237AE2888DF84A30E37AE7
:10D49000ADF848208DF84E30A388B4F8092013F079
:10D4A0001000ADF84C2003F0050306D093B1E37DE6
:10D4B000012B51D00025122614E07BB3E37D657E5D
:10D4C000012B37D16B1EDBB2022B09D800F050FACA
:10D4D000012338E04FF48043DDE91212914220D954
:10D4E00000251126FFF71EFF012332464146ACB24C
:10D4F00018F091FB002DCCBF0534053C24B2002E62
:10D5000040F099800A2394FBF3F4E4B2FFF70AFF9A
:10D51000C3791844C47215B0BDE8F08F4FF6FF739D
:10D52000DAE71F29DCD99A42DAD8E37D657E002844
:10D53000BED1C5E7032BD3D16B1EDBB2022BCFD8F4
:10D5400000F016FA04230342CAD0032D08BF0425B5
:10D550002840C0B20028C3D0E07816F0FCFE20B10D
:10D56000A088FFF749FF0028A4D0344A237F12780F
:10D57000002A54D0042B9DD8637F042B9AD8A3880B
:10D58000DB0653D41AF02DFA0121C822084002F01C
:10D59000ADFE94F91630B4F804E003EB8303B0EB6E
:10D5A000430F4FEA4302637B677E0F93A37BE188BF
:10D5B000109304F10F031193637F94F80C9094F887
:10D5C00015A094F818B00546E07DC8BF15B2B4F8B0
:10D5D00009200C93237F03280B93E37E08BF0420CC
:10D5E000032F08BF0427003B18BF01230A93A37E23
:10D5F0001FFA85FCCDE90873119BCDE9060B029358
:10D60000109BCDE904ACCDF80C9001930F9B3046F4
:10D6100000935FFA8EF316F053FF064662E7002B85
:10D620007FF45EAF637F002BA9D059E70020ABE702
:10D630000546072656E7002468E700BFEB2C0020CC
:10D64000F8B5074601200D46164620F020FD044699
:10D65000C0B106220C2118F0F1FA691EC9B20329E3
:10D6600088BF0022A37998BF074A03F10C0398BF33
:10D67000525C234420469F80DE70DA719A71FFF776
:10D6800011FE0120F8BD00BF5EFC0300F8B5FFF7F6
:10D6900043FE83791844B0F80F60B0B2FEF7FAF891
:10D6A0000446C0B117F0A1FC0138C0B2032814D859
:10D6B00000270B4B1C5CFFF735FE054604233A465A
:10D6C00042F2300118F0A7FAAB790C33E818C680A3
:10D6D00004724472F8BD0227EDE700242746EAE70A
:10D6E0005EFC0300024B1A6802609B8883807047CF
:10D6F000F32C002013B50D4C28B1036823608388F8
:10D70000A38002B010BDF9F7ADFCCDE900019DF892
:10D710000230BDF80020A370BDF805302280A4F8C7
:10D7200003309DF807306371EBE700BFF32C002056
:10D7300010B5044614F042FE2268064B1A60A28817
:10D740009A80054A137843F00103137014F03CFEED
:10D75000012010BDED2C0020EC2C0020024B18788D
:10D76000003818BF01207047EC2C0020024B1A68CB
:10D7700002609B8883807047ED2C0020024B186963
:10D7800008B103F02FBA7047780F0020002310B5BE
:10D790003C4A02F1100151E8001F02F1100C4CE864
:10D7A0000034002CF5D140EA0104A10201D501F0BA
:10D7B00063F9220101D502F05BFC002C01DAFFF7CE
:10D7C000B7FD630001D518F022FAA00001D5FFF7DC
:10D7D00063F8E10007D5FDF77DFD20B94FF08051DA
:10D7E000294818F0EFFE620107D517F0C9FC20B9EF
:10D7F0004FF08061244818F0E5FEA30105D51AF02A
:10D80000E9F8FFF71BF816F0ABFDE00108D517F0BB
:10D81000C3F8072804D14FF080711B4818F0D2FEDE
:10D82000610201D516F096FD220201D516F086FDA3
:10D83000E30207D517F0AEF820B94FF48011124873
:10D8400018F0C0FEA00507D500F046F920B94FF446
:10D8500000710D4818F0B6FEE10507D5FEF756FF3A
:10D8600020B94FF48071084818F0ACFE620503D56A
:10D8700018F0CFF918F0CEF9230501D518F0AAFE5B
:10D8800010BD00BF780F0020880F0020014601481E
:10D8900018F098BE780F0020C043044A52E8003FB9
:10D8A000034042E800310029F8D17047780F00208A
:10D8B000014B1B6818407047780F002010B5044BCF
:10D8C000D3E9064204430A43C3E9064210BD00BF40
:10D8D000780F002070B51E4D04462B68002B03DA2C
:10D8E000FFF70EFD002031E04CF20C000021FFF7A5
:10D8F000E5FF0023174E336024B163682B60A368F3
:10D9000003B133604FF00040FFF7C0FF33680BB93D
:10D91000114B3360114B1248AB6000232B7314F092
:10D9200023F8FFF7E7FB2046F4F70EFC70B92CB1A3
:10D93000B4F90E10B4F90C0001F030FF1AF055F8EC
:10D9400002F030FE02F0B6FD0028C9D070BD00BF65
:10D95000780F00207C2100202B0D00207DD70100B6
:10D960007C0F0020014BD3E906017047780F00209F
:10D97000054B9B69DA054CBF032001201B0548BFFE
:10D9800040F00400704700BF780F0020F8B517463C
:10D990001C460D46064602F0B9FA1C4BBA7A1C49E1
:10D9A00053F8222053F820308C421A4424D9194BC2
:10D9B0009C4214D9184B013C93FBF2F3002BB8BFE7
:10D9C00003339A1004EBA304B4FBF2F371682A68E2
:10D9D000A1EB930102EB430271602A60F8BD0F4B8B
:10D9E0000F49A3FB04435B0902FB03F303F6C313D4
:10D9F000A1FB0313DB0AE9E702FB04F3094A03F581
:10DA000074338F33A2FB03231B0CDFE7A0FC03005E
:10DA10004C6210001366660640420F001F85EB51F2
:10DA20005917B7D183DE1B43024B1A680260186096
:10DA3000704700BF842100200022024B1A6000F0D2
:10DA4000FBB900BF842100202DE9F843064616F0FB
:10DA5000F8FF0446002835D045784DB914F0AEFCE7
:10DA6000237863701B4B1B682570636014F0ACFC5B
:10DA70004FF00108677837B923781BB34FF4007073
:10DA800003F0B0F81EE097FAA7F5B5FA85F508FAA5
:10DA900005F55FFA85F9636833B90E4B27EA05058A
:10DAA00065701B686360E5E79B681BB963681B686A
:10DAB0006360F0E7494630469847012805D163681E
:10DAC0001B6863600120BDE8F8830228EED10020C6
:10DAD000F9E700BF8421002070B500250D4EFEF748
:10DAE00033F9A84201D8012012E03068FDF7D2FED8
:10DAF00050B93468FEF728F90134B4FBF0F303FBA6
:10DB0000104401353460EAE7FFF79EFF0028F0D1AA
:10DB100070BD00BF8021002010B504468379034406
:10DB20001B7B392B96BF044AFF21D15C20F0C2F841
:10DB3000A0790C30204410BD62FC03002DE9F341B4
:10DB400005460C46019116F06CFF830605D501A829
:10DB500020F0D9F802B0BDE8F081019FBE790C3603
:10DB6000BB5D392B18D8164A12F80380B8F1FF0FA5
:10DB700012D0384620F04CF9013840450CD1114BF9
:10DB80001E6896B921462846A37923441A7B02B021
:10DB9000BDE8F04118F00EBE019820F0B4F8284618
:10DBA000BA5D019918F006FED4E773680BB93668C0
:10DBB000E7E72146284698470028F8D0CAE700BF83
:10DBC00062FC03008421002037B504460D46202165
:10DBD00016F029FF2946204616F09EFF2146012017
:10DBE00018F08FFE2146002018F08BFE0120002344
:10DBF0002146034A009018F015FE03B030BD00BF67
:10DC00008D66030073B50C461646054618F0EBFF0B
:10DC100080F001002946C0B216F0FAFEC368012C5C
:10DC20009A7907D032462146284602B0BDE87040B6
:10DC300018F0DFBF13441022DB8A2946009200202F
:10DC4000024A18F0EFFD204602B070BDF36B0300EE
:10DC500037B5044619F007F80321204616F00DFFEA
:10DC60000025034621460120034A009518F0DAFDFD
:10DC7000284603B030BD00BFD96A03002DE9F34741
:10DC8000074602200E4620F002FA0546002846D03C
:10DC9000B37900210C333344B3F80480B3F806A001
:10DCA000B3F8089018F03CFD2846FFF735FF022135
:10DCB0000446384616F0E1FEA4F804806081A4F81A
:10DCC00006A0A4F8089019F0CCFD08F10108B0FBFB
:10DCD000F8F303FB1800022360806370AB79B37123
:10DCE000EA7903F10C00F271D21AD2B22918304449
:10DCF0001FF0ABFC3946012016F08AFE1022C660E8
:10DD00006389394601200092064A18F08BFD384697
:10DD1000294618F003FD002002B0BDE8F087072077
:10DD2000FAE700BFF36B03002DE9F34104460D460B
:10DD30000146012016F06CFE01210746284618F026
:10DD4000EFFC2846FFF7E8FE064600F101084046D2
:10DD500002F056FCD6F801300221C7F81230737970
:10DD60002046BB7516F089FE29460746F0802046FE
:10DD700018F0D4FC20232146009301203B46034A9F
:10DD800018F050FD002002B0BDE8F081BF6B030029
:10DD90007FB504460D460146012016F039FE50E8D5
:10DDA000003F43F4806340E80036002EF7D1204660
:10DDB00018F019FFD8B3204616F03BFE430715D5DF
:10DDC0003346324620460DF10F0117F0F5F89DF865
:10DDD0000F30062B0AD8284613F08AFD01220023B3
:10DDE0002046FEF7E3F9002004B070BD0E2128465E
:10DDF00018F096FC2846FFF78FFE0646FFF7B2FDA7
:10DE0000C6F80510FFF7AEFD2946C6F8010020460A
:10DE100018F084FC0321204616F02FFE0022034652
:10DE2000009221460120034A18F0FCFCDBE70821A0
:10DE3000DDE700BFDD6A030010B5054C054A20464A
:10DE4000054918F03AFE2046BDE81040FFF7ECBD4A
:10DE500088210020A56C0300C5DF0100F7B58B7990
:10DE600004460C33CE18CB5C0D46023B0F2B00F260
:10DE7000A080DFE803F0089E9E9E9E739E829E9E79
:10DE80002C689E9E9E4F14F099FA717807462046A2
:10DE900016F042FE2021204616F0C5FD2146012045
:10DEA00018F02FFD2146002018F02BFD01230093D0
:10DEB000002321461846404A18F0B4FC284613F0C7
:10DEC00017FD384614F080FA012003B0F0BDB38886
:10DED0007288717817F056F8204616F0AAFD83076D
:10DEE00008D42946204618F0BEFE0121204618F02D
:10DEF000FFFBE9E72146012016F08AFD2F4B8268DF
:10DF00009A4203D12146012018F0CBFC284613F099
:10DF1000EFFCEAE777780846B67813F0E9FC162FAD
:10DF200005D132460321204619F0ADF8CCE7214651
:10DF3000012016F06DFD8368002BC5D03246032109
:10DF400020469847C0E70146012016F061FD0746CC
:10DF50002846767813F0CCFCBB68EDE7014601203B
:10DF600016F056FD07462846767813F0C1FCBB68CC
:10DF7000002BA9D032460421E2E70146012016F029
:10DF800047FD0F4B82689A4203D0284613F0B0FC3D
:10DF90009AE7D6F80120D6F805302046FEF706F9B4
:10DFA000284613F0A5FC2146012018F07AFC022136
:10DFB0009CE7002089E700BF5B6C0300D96A03007F
:10DFC000DD6A03002DE9F3410C46054618F00BFE0F
:10DFD000A37900286BD00C3314F80380E618B8F14D
:10DFE000010F41D0B8F1080F39D0B8F1000F51D16D
:10DFF0007189284618F004FCB188738872788B42C6
:10E0000094BF0746002709290B4638BF0923013B67
:10E010009BB29A420FD8002A08BF00270846F3880F
:10E02000328918F00CFB40B9204613F061FC012046
:10E0300002B0BDE8F0814746F0E7002FF4D0294652
:10E04000002016F0E5FC1022C46073890092013BA9
:10E050001B4A9BB22946002018F0E4FBE7E7214663
:10E06000284618F05EFDE2E72846F18818F0C8FB64
:10E070000746701C19F0C7FC0028D5D0002FD3D05C
:10E080002946002016F0C4FC2023C4600093F388C6
:10E090000C4ADFE72146284619F0E2F80028C6D1ED
:10E0A0002146284602B0BDE8F041FFF7D7BE234421
:10E0B0001B7B0E2BD3D02146284619F0C0F8EDE784
:10E0C00005DC0100776B030038B504460D4616F0F9
:10E0D000B0FC42070BD4204616F0ABFC830706D4F5
:10E0E00029462046BDE83840034A18F07BBC284644
:10E0F00013F0FEFB002038BD51DC010038B50546A9
:10E100000C4616F08EFC00F01800102806D12146AF
:10E110002846BDE83840044A18F064BC204613F095
:10E12000E7FB0C2038BD00BF7DDC0100014A18F080
:10E1300059BC00BF29DD010070B505460C460146FB
:10E14000012016F065FC0646284616F072FC020710
:10E1500004D5204613F0CCFB002070BD33685B056E
:10E16000F7D4284618F03FFD40B121462846FFF776
:10E17000ABFF18B91FF08BFF044630B1214628468B
:10E18000BDE87040024A18F02DBC0720E5E700BF4B
:10E1900091DD010073B504460E4616F042FC00F016
:10E1A000300010284FF0020031D11FF070FF0546FB
:10E1B00078B34379022143F00203437118F0B0FAB7
:10E1C0002846FFF7A9FC29464670204618F0A6FA13
:10E1D0001621204616F0A0FC2021204616F023FC34
:10E1E0002146012018F08DFB2146002018F089FB04
:10E1F000204618F02CFC0121204616F03EFC034678
:10E20000012021460090044A18F00CFB002002B0C7
:10E2100070BD0720FBE700BF076B03002DE9F0434B
:10E2200087B004460E4616F004FC00F4C060B0F55A
:10E23000C06F06D102201FF02AFF054610B9072043
:10E2400054E000252146012016F0E2FB814696F8B5
:10E25000068000F1120208F10C08B04408F10F0327
:10E2600008F11F0153F8040B8B4242F8040BF9D15B
:10E270000321304618F054FA3046FFF74DFC0A22CD
:10E28000074608F1050101301FF0BAF90C210DEB2A
:10E29000010002F023F903AB03CBC7F80B00C7F86A
:10E2A0000F10059B07F10B02C7F813300DB30A21BD
:10E2B000284618F035FA2846FFF72EFC2946204656
:10E2C00018F02CFA4FF480712046C9F80C6016F053
:10E2D000AAFB0321204616F0D0FB00250346214669
:10E2E00001200C4A009518F09DFA284607B0BDE8B9
:10E2F000F083204607F11303012116F0F2FF2046B8
:10E30000314618F00BFA2046C9F80C5017F005F802
:10E31000DFE700BFE76C0300F0B589B00D460446A7
:10E3200018F0DBFCAB79002800F0A3800C33EA186E
:10E33000EB5C033B082B00F23881DFE813F00900A7
:10E340003601360184003601360136015D007E005B
:10E35000D2F80100D2F8051003ABB2F8097003C37C
:10E3600002F1130301210B32204616F0BAFF0421FB
:10E37000284618F0D5F92846FFF7CEFB06460C21B3
:10E3800005A802F0ABF805AB03CB3346C6F8010095
:10E39000C6F80510079A002143F8092F2046721C81
:10E3A00016F09FFF2146002016F032FB034603AA19
:10E3B000478303CAC3F81200C3F816102046082189
:10E3C000FDF792FA4FF40071204616F02CFB204620
:10E3D00016F0A3FF2946204618F0A0F90321204695
:10E3E00016F04BFB034600202146714A009018F0BE
:10E3F00019FA012009B0F0BD0B21284618F090F958
:10E400002846FFF789FB2946204618F087F913F0C4
:10E41000D5FF05464FF44071204616F004FB4FF43B
:10E420008051204616F007FB284613F0CDFF4FF42D
:10E430008061204616F002FBDBE7284613F058FA0D
:10E440004FF40071F5E70621284618F069F92846CF
:10E45000FFF762FB204616F0C0FD2946204618F063
:10E460005DF9204616F07FFF2146002018F019FACA
:10E47000BFE72B441B7B043B072BBBD801A252F800
:10E4800023F000BFA5E40100CBE401002DE501006D
:10E49000F5E30100F5E30100F5E30100F5E3010018
:10E4A00043E5010020464FF4007116F0BCFAAA794A
:10E4B00020460C322A4402F109030021013216F0F1
:10E4C00010FF284613F014FA93E74FF48060FFF72B
:10E4D000EFF9B0B100274FF40061204616F0A3FA1F
:10E4E0002046CDE90577FDF7E9F90646204616F006
:10E4F00096FA39460346009505AAB0B217F09DFF7B
:10E5000077E72146012016F083FA00F11201204638
:10E5100016F03EFF0621284618F002F92846FFF7BC
:10E52000FBFA2946204618F0F9F862E7284613F06E
:10E53000DFF92146012018F0E4F9204616F013FF18
:10E5400057E713F03BFF06464FF40071204616F0E4
:10E550006AFA4FF48051204616F06DFA304613F0F7
:10E5600033FF4FF4C061204616F068FA2946204672
:10E5700018F0D4F82146012016F04AFAC268054680
:10E5800082B1937901210C331A4402F1130320461E
:10E590000B3216F0A6FE204616F0BFFE2046E968B4
:10E5A00018F0BCF80023EB6023E7002022E700BF4F
:10E5B000E76C030010B5074C07492046002218F00D
:10E5C0007CFA2046FFF730FABDE810400120002118
:10E5D000FFF774B99421002019E3010038B505460E
:10E5E0000C4616F01EFA00F01800102806D121463D
:10E5F0002846BDE83840044A18F0F4B9204613F024
:10E6000077F90C2038BD00BF1DE2010038B50C467B
:10E610008B7905460C331944E35C142B03D0152B7E
:10E620000FD0002038BD013118F02FFC15212846ED
:10E63000224618F072FC2146284618F06FF8012097
:10E64000F0E70146012016F0E3F90B4B82689A428D
:10E6500003D0204613F04CF9F1E7A1792846214474
:10E660000D3118F012FC204613F042F92946012022
:10E6700018F017F9E3E700BF6F6F030037B50446E2
:10E680000D460A46142118F048FC2946204618F089
:10E6900045F80321204616F0F0F930220346009297
:10E6A00021460120024A18F0BDF8002003B030BD19
:10E6B0006F6F030010B5074C07492046074A18F052
:10E6C000FCF92046FFF7B0F9BDE8104020200021FA
:10E6D000FFF7F4B8A02100200DE60100736F0300DE
:10E6E00073B51E46ADF800208DF80230009B04463D
:10E6F00001A801930D46114618F0B1FB9DF80630B4
:10E70000B34203D1BDF804308B4205D0284613F044
:10E71000EFF8122002B070BD204616F0FCFA9DF80A
:10E720000230827A9A4209D18288BDF800309A423A
:10E7300004D1284613F0DCF80020EBE769462046B8
:10E7400016F0A5FD29462046014A18F04BF9E1E7ED
:10E750007DE601002DE9F04116461A4307460C46B6
:10E760001D46BDF8188005D12046BDE8F041114690
:10E7700018F052BC4146204618F02EF878B12146D8
:10E78000384616F045F940238674C5742146069331
:10E7900038464346BDE8F041024A18F043B8BDE8A8
:10E7A000F08100BFD1700300F7B505460E46014663
:10E7B000012016F02DF9036813F0F00F03D029465D
:10E7C000012018F09EF8284616F00CFCB3790C33A3
:10E7D00033445F789B781F400378C3F3030000EA5B
:10E7E0001310384018F0F2FB044668B9284618F0B8
:10E7F000F6FB384018F0EAFB044628B9284616F024
:10E80000F4FB00F0C1FF04462846002116F085FA0B
:10E810001721304617F084FF3046FFF77DF9314667
:10E8200044708470284617F079FF0321284616F0BB
:10E8300024F940220346009229460020024A17F09C
:10E84000F1FF03B0F0BD00BF8770030037B5044689
:10E8500017F064FF0321204616F00FF90025034648
:10E8600021460120034A009517F0DCFF284603B03B
:10E8700030BD00BF8572030010B5074C074A204623
:10E88000074918F01AF92046FFF7CEF800200621B4
:10E89000FFF714F8002010BDAC210020EF74030036
:10E8A000C77203002DE9F047884621210446174628
:10E8B000994616F07BFC80B3204616F0BAF8430464
:10E8C0002ED402201FF0E3FB054658B34FF00A0A8E
:10E8D000232117F025FF2846FFF71EF9012397FB98
:10E8E000FAF708F1FF3293404370064687704846B6
:10E8F00000F06CFF90FBFAF04FF48041F07020467E
:10E9000016F099F84146204616F0D0FE29462046DA
:10E91000BDE8F047044A18F065B81120BDE8F0875B
:10E920002320FBE70720F9E74DE8010010B5074C6D
:10E930002368DA0607D523F01003236018B90120F5
:10E94000A16815F0EFFC0023A36010BDB8210020E2
:10E95000014610B50446022015F0E4FC054B1B6887
:10E96000D90305D463691A075CBF43F004036361EC
:10E9700010BD00BFB8210020034B10B5DC6818F0B3
:10E98000ACFFDC3C201A10BDB8210020034B1B68F3
:10E9900013EA004314BF012000207047B821002073
:10E9A000F8B5002303604369044658070DD5204697
:10E9B00050F8081FC90C01F4FC7141F00501FEF785
:10E9C000BDFB636923F00403636163692589D9068C
:10E9D00003D518F082FF28446060184E6068314605
:10E9E00051F8043F2D1A8BB923600C60B3684BB10A
:10E9F000617E5A7E914219D26269D2060FD50020FB
:10EA0000FFF794FFBDE8F84017F001BE5A681F8970
:10EA10002A44D21B002AE7DA19461B68E3E75A6842
:10EA20001B6913441B1A002BECDBE8E71A895B68AF
:10EA3000D31AE2680344D342E4D5E0E7B8210020CA
:10EA400038B504460A4D0846AB68A34201D1FFF72A
:10EA50006DFF6B68074A1BB1A342196804D11160AE
:10EA6000BDE8384017F0D3BD1A460B46F3E700BFA8
:10EA7000B8210020BC2100202DE9F047754D2B68FE
:10EA80005B0700F1AF80AB68002B40F0AB8055E82E
:10EA9000003F43F0040345E80032002AF7D16C68D8
:10EAA0009CB118F01AFFD4E9043717F0100F06468E
:10EAB000A26819D010FA82F262602068D4F804804B
:10EAC00038BBDC334344C5E9024355E8003F23F03B
:10EAD000040345E80037002FF7D1AC68002C74D14F
:10EAE000BDE8F04701F026B9606892B2811AFF07CD
:10EAF000A1EB060109D40029DFDAE768DF1BCF426A
:10EB000005D432441844831AD6E70029D5DA2046C2
:10EB10004FE041690289CF06D0F804E048BF06EB18
:10EB2000020EAEEB020211F0010C11BF1146D0E94A
:10EB30000371C91B891808EB03077F1A002F28DD12
:10EB4000BB4205D9E768A1EB0801DC378F423AD90F
:10EB5000D4F814A01AF0010F1DD12169D0F80C903F
:10EB600027894144A1EB0901C91BE768A1EB0E010C
:10EB7000DC37B9420FDD971BBCF1000F03D10169EF
:10EB8000A1EB09010F44002F05DB4B46C0F804E060
:10EB90000446006892E7477E617E8F42F9D2921B5D
:10EBA000BCF1000F03D1D0E903135B1A1A44002A09
:10EBB00002DAFFF7CDFE72E71AF0100FA7D0C36894
:10EBC000C0F804E0E4E70B46E3E7A36813F4601F32
:10EBD000C3F3C24008D121462B6843F010032B60D9
:10EBE00015F0A0FBBDE8F08704F108063046FEF7FB
:10EBF000B3FA2B68214643F010032B60F8B915F0E7
:10EC000091FBA36813F4601F4FEAD341C3F3C245DD
:10EC100017D0013DEDB201F4FC7130462943FEF7F7
:10EC20008DFA03213046FEF7F5FA75B1A268237E0E
:10EC30001344120C9BB212041343A360D2E738466C
:10EC4000CEE703213046FEF7E5FA3046FEF7C8FA74
:10EC5000ECE700BFB821002008B5034B996809B163
:10EC600015F060FB08BD00BFB8210020014B98687B
:10EC7000704700BFB82100200A4B70B59C688442E1
:10EC80000FD12146012015F04DFB6668258918F04B
:10EC900024FEAD1BC54221464CBF0020022015F0CA
:10ECA00041FB70BDB8210020054B1B681B6A13F0A7
:10ECB000100003D013F0030018BF0120704700BFFD
:10ECC000C821002006222DE9F341344B06469C68FA
:10ECD0008846A5790C35635D671903F04F036355CA
:10ECE000838D7A70103B0D2B31D8DFE803F0533061
:10ECF0004F07300C303030303030300C635D6FF304
:10ED00000303635523E00123625D006A63F303029A
:10ED100062550C2210F4006F7A7006F12E0107F193
:10ED200008020CD001924FF0FF32C0F38020009215
:10ED30001A4615F027FB635D43F08003E1E7D6F840
:10ED40002E30BB608B889380336A5B05F3D4B28D21
:10ED5000635D304662F345136355B91C18F011FE2C
:10ED6000635D60F386136355A3797A7802331344A5
:10ED7000E371B38D03F01403142B04D0B8F1000F2A
:10ED8000C4BF42447A7002B0BDE8F081635D62F3B3
:10ED90000303B6E70222635DF9E700BFA01F00206E
:10EDA00038B5294904460B7D4A7D0133DBB2B3EB0C
:10EDB000921F0B7503D3032300200B7538BD016A26
:10EDC000C90234D5032390F87E20243A92FBF3F352
:10EDD00003EB4303D21A2532D2B2A18D94F87F30CF
:10EDE00011F01001B4F9340084F87E2003F00F0311
:10EDF00023D118F0F1FD00F0E9FCB4F9782004F11A
:10EE00007005824204D0A4F8780001F071F968819D
:10EE1000284600F0D9FF00221146104615F084FA6A
:10EE200094F87E00002118F0D6FD0120C6E75B00B3
:10EE30001A4102F003022532CFE7024619460020AC
:10EE400001F054FAD7E700BFA01F00201F4B2DE9A7
:10EE5000F04104461860006C1EF0DAFF01462046BF
:10EE6000FFF730FFA38D1A4E03F01403142B0CBFD1
:10EE70000022226CB36820461A60FFF791FFFFF76B
:10EE800013FF144B051E144808BF184601F02AF959
:10EE90006369676803F0100818F01FFD6D000346F2
:10EEA000627EE8B2B8F1000F03D1FF1AB7F59B7F7D
:10EEB00007D5114600F0F0FFB068BDE8F04100F062
:10EEC000BFBF616818F00FFDF6E700BFC821002042
:10EED000A01F002069EF0100B5F1010070B50546E3
:10EEE000FFF7E2FE104B041E104808BF184601F061
:10EEF000F9F82846FFF754FF0D4E054660B1336818
:10EF00006000597E00F0FE0000F0C6FFBDE87040D2
:10EF1000084B986800F094BF01F0E4F82946306887
:10EF2000BDE87040FCF7B4B969EF0100B5F101002C
:10EF3000C8210020A01F0020034610B5094C052B56
:10EF400020680AD0062B0CD1002001F0CBF82068F5
:10EF50000121BDE81040FCF79BB9BDE81040FFF768
:10EF6000BDBF10BDC8210020032803D1024B186883
:10EF7000FFF7B4BFFFF7E0BFC82100200C4B032808
:10EF800010B51C680FD1206C1EF042FF01462046D0
:10EF9000FFF798FE074B226C9B682046BDE81040A7
:10EFA0001A60FFF79BBFBDE81040FFF7C5BF00BF69
:10EFB000C8210020A01F00202DE9F8438B790646C8
:10EFC0000C33CC182379DA0703D44FF0FF30BDE8B7
:10EFD000F883E77A252FF8D83C4B9A6893790C335D
:10EFE000D118D35CA27AC3F38013B3EBD21FECD158
:10EFF000056A0622EB064CBF0231043104F112000F
:10F000001EF0EEFA0028E0D194F80A9015F0BEF94F
:10F0100005F4C04580F001032A1EC9F3801904F1EC
:10F020000C08414618BF01224846DBB218F065FCC7
:10F03000014658B1A37A03F00F03032B16D1336AAC
:10F040009807C2D50C2FC0D10320C0E715F0A4F952
:10F050000028BAD1A37A03F00F03002DEDD0032BC3
:10F0600085F4C04513D1A904AFD5E8E7052BACD191
:10F07000306AC207A9D500F01403142B0CD004F198
:10F08000180018F0A8FB00289FD005209FE7052B4B
:10F090009BD16B04ECD498E706F12E052946C0F30A
:10F0A000802015F06AF90028E9D1A27A336AC2F308
:10F0B0008012C3F380239A4287D106222946404614
:10F0C0001EF08EFA0028DAD07FE700BFA01F0020D4
:10F0D0002DE9F74F00244FF0FF31074601A80194B6
:10F0E00000F0B4FC019949B13846FFF765FF0328E9
:10F0F00006D005284BD001A81EF005FE01203FE0F8
:10F10000DFF8A880284800F0EDFFD8F8003020464E
:10F11000597E00F0E5FED8F800B0DFF89490DBF8F7
:10F120004400D9F808601EF073FEB47905460C342B
:10F13000335D06EB040A03F0400343F00403335548
:10F140000AF10201584618F01CFC335D002D60F3F3
:10F1500086133355D8F80030D9F808005B6CA4BF8B
:10F1600006358AF80150036000F06AFED8F80030D6
:10F170001B6ADB0407D53846019915F0A3FB002074
:10F1800003B0BDE8F08F01A81EF0BDFDF7E70198C0
:10F1900000F012FD3846019915F03DFB0028ADD076
:10F1A000204600F09FFFEAE77DEF0100C821002024
:10F1B000A01F00200E4A032810B5146805D00428AB
:10F1C00009D0BDE81040FFF7B7BE617E0120BDE861
:10F1D000104000F01DBE2046FFF77AFF30B100F06E
:10F1E00013FF2046BDE81040FFF778BE10BD00BFFA
:10F1F000C821002038B50D460446002000F072FFFB
:10F2000000F002FF29462046FCF78CFB0022014B50
:10F210001A6038BDCC2100200123074A03FA00F010
:10F2200002F1140353E8003F034302F1140C4CE8CD
:10F2300000310029F4D17047B81F0020F8B5244FE1
:10F2400005467B690C4613F4C07F03D099063BD476
:10F2500001200CE039B15A0705D4D5F8A43013B910
:10F260000820FFF7D9FF7B699B0601D50020F8BD78
:10F270007B7FAE6A022B06F0080604D916B114B9DA
:10F280000220F4E7E4B995F8921095F837010631B9
:10F2900000F00F0000F054FA85B20EB904B16D0011
:10F2A000FFF76AFBA8420DDB7B6913F01C0FDDD171
:10F2B0001EB1002CDAD10520D9E7002CFBD1D5E70F
:10F2C0000320D4E70420D2E7002CCFD0C3E700BF4F
:10F2D000B81F002038B50446114D4FF480616B69AA
:10F2E000283043F400736B6118F0A6FA0121204620
:10F2F00015F0A4FB00212046FFF7A0FF014620B136
:10F300002046BDE83840FFF775BF6869617E80F42C
:10F310008070C0F30020BDE8384000F079BD00BF28
:10F32000B81F002038B504460B4B186000F59470E8
:10F3300000F04AFD2046FCF7C1FAC4B2204614F0A2
:10F34000FFFF0546204614F0FDFF29460246022035
:10F3500014F0EAFF38BD00BFCC21002008B5002022
:10F3600000F0C0FE00F050FE0022014B1A6008BD04
:10F37000CC21002010B50446FFF7D4FF064800F06A
:10F38000B1FE6168226C637E1120BDE8104001EB84
:10F39000920200F0EBBD00BF65F601003F4B37B5B0
:10F3A0001C680023A26A01935005D4F8A03012D53E
:10F3B00004F1A40001931EF0C4FCC4F8A00050B1F5
:10F3C00094F846314FF48061013B84F8463104F1F2
:10F3D000280018F031FAD4F8A0500DB9304B9D68D0
:10F3E00094F94631022B0DDCD4F8A83013B1A36A8E
:10F3F000D90502D5D4F8AC3023B14FF48051204662
:10F40000FCF772FAD4F8A410A36A002914BF0121F2
:10F410000021AA794FEA830302F10C0203F00C03E6
:10F4200043EA0113A95C21F01C0143EA0103AB5438
:10F430000DD11B4A02F1140353E8003F23F00803E7
:10F4400002F1140040E800310029F3D102E003206A
:10F45000FFF7E2FE284600F0F3FC019B53B15B7915
:10F4600003F00A03082B02D12046FCF721FD01A876
:10F470001EF049FC6B799A070ED5A36A1B040BD5C5
:10F480000820FFF7C9FE4FF4004104F1280003B043
:10F49000BDE8304018F0D0B903B030BDCC21002019
:10F4A000B81F002000232DE9F04385B00446032156
:10F4B00003A8039300F0CAFA039D35B9F42120464E
:10F4C000FFF798FE05B0BDE8F083AB79644F0C33CD
:10F4D0001D442A797B69D6074ED4DD064CBF072030
:10F4E0000420FFF799FE002601212046FFF7A6FE23
:10F4F000054650B97869617E80F48070C0F30020C1
:10F50000400000F0EDFCFFF749FF039800F054FBCA
:10F51000DDF80C807A6998F80630510603F10C0387
:10F5200008EB030915D458F8033006203B61FFF7B8
:10F5300073FEA36A1A060CD404F1280252E8003FB5
:10F5400043F0800342E800310029F7D10120FFF7A2
:10F5500063FE4946204615F083FA99F80430DB072C
:10F560007BD5002E52D11DB129462046FFF742FE21
:10F5700003A800F045F9A5E7012023F010037B6103
:10F58000FFF74AFEAE7AF0062FD50220FFF744FEC1
:10F59000A36AAA7A83F00203C2F38002C3F3400392
:10F5A0009A422FD14FF4006104F1280018F044F979
:10F5B00050E8002F42F4806240E80023002BF7D18E
:10F5C000A26A82F00202A2627B77AA7AA36AC2F3DD
:10F5D000C00203F001018A4285D183F0010316F0D5
:10F5E000030618BF0126A3627EE707F1140353E860
:10F5F000003F23F0040307F1140141E80032002A20
:10F60000F3D1C5E77B7F0133DBB2DDE72046FCF7B2
:10F6100055F9C0B214F094FE06462046FCF74EF9A8
:10F62000CDF80480A38F82B20093314600230220DC
:10F6300014F082FE4FF0FF3103A800F007FA03999F
:10F640008B790B44DB7D002B8DD02046FCF74EFCE4
:10F65000002D3FF437AF294631E7002E83D0E9E78C
:10F66000B81F002008B50346114A042B10680BD0C0
:10F6700002D8032B18D008BD053B012BFBD8BDE8F1
:10F680000840F121FFF7B6BDFFF70CFF094A02F170
:10F69000140353E8003F23F0200302F1140040E874
:10F6A00000310029F3D1E6E7BDE80840FFF712BEBC
:10F6B000CC210020B81F0020164B033810B51C6861
:10F6C000032818D8DFE800F00702181E2046BDE81E
:10F6D0001040FFF7E7BE2046FFF7FCFD0E4A02F19F
:10F6E000140353E8003F23F0200302F1140040E824
:10F6F00000310029F3D110BDF1212046BDE81040B2
:10F70000FFF778BD4FF4806104F1280018F094F8F9
:10F71000F221F2E7CC210020B81F002010B50446EA
:10F72000FFF700FE054800F0DDFCFFF737FE627EC4
:10F7300061680220BDE8104018F0D5B8B9F60100A4
:10F74000064B10B55B690C4610B101F023F8034677
:10F7500018795B8804FB003010BD00BF980F0020B3
:10F76000084B10B55B690C4610B101F013F8034665
:10F770005A88A2423DBF1B79A41AB4FBF3F00020C3
:10F7800010BD00BF980F00200138C0B203289ABFF7
:10F79000014B185C002070479CFC03008BB20029D1
:10F7A0004FF00A01B4BF053B05331BB293FBF1F3E5
:10F7B000014A108093707047382B0020024B9B78D1
:10F7C000C01A40B2704700BF382B0020024B1B8884
:10F7D000C01A00B2704700BF382B0020074B1868D2
:10F7E00040F20D1338B9002BC1BF45224433B3FB9F
:10F7F000F2F0C0B270470068453BF3E7980F002075
:10F800002DE9F041064612F0D9FD0746FFF7E6FF65
:10F8100035460446286818B16CB928461EF073FABC
:10F8200031680A481EF056FB384612F0CDFD002321
:10F830003360BDE8F081D0F800801EF01CFC2B681E
:10F84000013CC3F800802D68E4B2E3E7980F002084
:10F85000024BDB6B03B11847FFF7FEB9980F00208E
:10F86000C04310B5054A131D53E8003F0340141D63
:10F8700044E800310029F6D110BD00BF980F0020E8
:10F8800010B5054A131D53E8003F0343141D44E817
:10F8900000310029F6D110BD980F0020F8B51646AA
:10F8A0001C4607461946104618F00CF83246234607
:10F8B000384618F00CF8434DD5E9062300EA020457
:10F8C00001EA030654EA060313D0670104F08060DE
:10F8D00010D56B68180623D43B4B234093BB3B4B9E
:10F8E00006F020022340134356D12046314617F03C
:10F8F000E5FFF8BDA4F1080333431CD1EB7A012BDB
:10F9000042D16B68D90743D50323EB7204206B8C7B
:10F9100001336B84FFF79CFF012017F0D4FFE4E76D
:10F920002B1D53E8003F23F08003291D41E80032DE
:10F93000002AF5D1DDE7A4F10C03334317D117F00A
:10F94000C2FFDBE724F0011323F4A0433343C6D105
:10F95000EB7A012B18D140F201436A6805209343EA
:10F9600014BF00230323EB72FFF772FFBDE7231FD1
:10F97000334302D117F0A8FFB7E704F17F433343C5
:10F98000AAD1EB7A022B0FD0042017F081FFACE74D
:10F9900013F40063BAD1B8E70420FFF771FF4FF00A
:10F9A000006001F01FF9A0E76B689A0706D50423F1
:10F9B000EB722B8C032001332B84ABE713F0200375
:10F9C000F7D1F5E7980F0020015001000DD5015542
:10F9D000014B986A704700BF980F002010B5064C85
:10F9E000A06A1DF045FA28B9A06A1DF043FA00F09C
:10F9F000010010BD0120FAE7980F0020014B986A22
:10FA00001DF03ABA980F0020024B5868C0F340200E
:10FA1000704700BF980F002010B504464FF40070E7
:10FA2000FFF71EFF084B986A1DF028FA38B10CB991
:10FA3000002010BD4FF40070FFF722FFF8E7002C04
:10FA4000F6D00C20F5E700BF980F00202DE9F04F0D
:10FA5000046806468846574D89B0002C48D0204699
:10FA6000A7791EF0D5F90C3727443C890A38B8F13C
:10FA7000FF3FA4EB000402D04445A8BF4446B5F8BC
:10FA80003890B0EB090713D4002C0EDD6D6B36688F
:10FA90003D44FF2C224629463046A8BFFF221EF0D7
:10FAA00015F9241A36680544F3D109B0BDE8F08F82
:10FAB000A9EB0009A145A8BFA146296BC846D6F805
:10FAC00000A001EB000BB9F1000F0DD04246FF2A58
:10FAD00059465046A8BFFF221EF0F8F8B8EB0008C0
:10FAE000DAF800A08344F1D1A4EB09044F44CBE73A
:10FAF0000321A86A03AA1DF01BF9BDF80E70A146E8
:10FB000002940A3702ACE86209E023601B682B60AC
:10FB10002368C3F800902368002F1C4611DD2B6872
:10FB2000453F002BF1D101201EF0B1FA03462060C1
:10FB30000028F1D1019002A81EF0E5F8019B336086
:10FB4000B3E72B1D53E8003F43F008032A1D42E8AA
:10FB50000034002CF5D14FF0006001F043F802981A
:10FB6000BDF8102043790A2143F001034371069B3D
:10FB700030606B63059B2A872B638379BDF80E2069
:10FB80000C3303441C711A812A7ADC719A719DF836
:10FB90000C20072A0BBF0122AB8C1A7101331FBF47
:10FBA000AB846B8C03F1FF336B841EF083F83468F5
:10FBB00055E700BF980F00202DE9F04187790546F1
:10FBC0000C37C419237986B013F002081BD1174EE5
:10FBD00043F0020323716A46D6E90A011DF0ACF82E
:10FBE000238969460333B06AADF804301DF0A6F8E6
:10FBF000009B9DF90E00EB51FFF7E0FD6071B37AB9
:10FC0000022B03D8E37106B0BDE8F0819DF81130F6
:10FC1000012B04D0022B04D02BB90423F2E70323D9
:10FC2000F0E70123EEE784F80780ECE7980F002067
:10FC300037B5124B00F00F041B88012CADF80430CF
:10FC400015D0022C15D18DF8044042F222000C4D43
:10FC50006B680340A3420ED0FFF702FE2046FFF779
:10FC60000FFEA86A01A91CF0EFFF03B030BD2024ED
:10FC7000EBE70024E9E70020F7E700BFC4FC03003E
:10FC8000980F00202DE9F04302234FF00008114F98
:10FC900085B0814610460E461546CDE90218FB7226
:10FCA00017F00EFE00904246797AB86A02AB09F06E
:10FCB000CFFF044650B94846FFF7BAFF2B4604462B
:10FCC0004246012130463D7317F0F6FD204605B04F
:10FCD000BDE8F083980F002037B5144B00F00F04F7
:10FCE0001B88012CADF8043014D0022C16D000244F
:10FCF00041F601000E4D6B680340A34213D0FFF79D
:10FD0000AFFD2046FFF7BCFDA86A01A91CF0B2FFB9
:10FD100003B030BD04238DF80430E9E78DF80440CA
:10FD20004FF40064E4E70020F2E700BFC4FC0300E6
:10FD3000980F0020002210B5084C1046114617F00D
:10FD4000BAFDA06A09F048FF17F0C0FD20461DF07B
:10FD5000DAFFBDE810400820FFF782BD980F0020B1
:10FD6000014B986A1DF0C6B8980F002038B5154CA5
:10FD70000546A37A834210D0431E042B08D8DFE83F
:10FD800003F0030D11161800A06A0AF06FFB20B9EA
:10FD90002846A57200F0FEFC606138BDA06A17F02D
:10FDA0009EFDF4E70121A06A17F09BFDEFE7032118
:10FDB000F9E7FFF729FE0028EAD0A06AFFF7D0FF95
:10FDC000E5E700BF980F002073B50446408900F0B6
:10FDD000EDFA0E4DA07B0026287217F044FD6872E4
:10FDE000E07B00F00F00FFF7C1FF0096A37BD4E992
:10FDF0000021A86A1DF0A2F832463146304614F0C0
:10FE000093FA206817F061FD02B070BD980F0020D2
:10FE100038B50123094D0C46EB72FFF75DFF10B1B9
:10FE2000042017F035FD2B7BA34204D92246002184
:10FE3000012017F040FD14F078FA38BD980F00202B
:10FE4000F8B5044614F072FA0746A179E279114E2A
:10FE5000521A0C310123B06AD2B221441CF062FF65
:10FE6000E579A379ED1A57FA85F524680CB935615F
:10FE7000F8BDA179E2790023521A0C31D2B2B06AEE
:10FE800021441CF04FFFE379A2799B1A55FA83F5C0
:10FE9000EBE700BF980F0020F8B502230F4E0D4688
:10FEA000F372FFF7C5FE044620B1BDE8F840042018
:10FEB00017F0EEBC284617F003FD07462A462146F8
:10FEC0000120357317F0F7FC3B462246717AB06A81
:10FED00009F0B0FE0028E8D1F8BD00BF980F00205F
:10FEE00038B50223084D0C46EB72FFF7A1FE10B1A6
:10FEF000042017F0CDFC2B7BA34204D9224600211D
:10FF0000012017F0D8FC38BD980F0020014B587B1A
:10FF1000704700BF980F002068B1084B194653F88E
:10FF2000042F0AB18242FAD25B1A9B10013BDBB26A
:10FF3000034A537370470123FAE700BFA0FC030094
:10FF4000980F002010B5084C606810F480700AD03B
:10FF5000A06A1CF004FF30B90121A06A1CF0FDFE6C
:10FF600080F00100C0B210BD980F00202DE9FF41C4
:10FF700004460F461D46012100231C4EE006F17287
:10FF8000019303930097029205D573691B888DF83E
:10FF90000D1013440293C4F3401328468DF80E301D
:10FFA00017F08EFC6A460346717AB06A09F05CFE6F
:10FFB00028B1042017F06CFC04B0BDE8F0812046A5
:10FFC000FFF78AFE2B460121C4F380128046384693
:10FFD000357317F071FC14F0A8F9230601D5FFF76B
:10FFE000B1FFB8F1000FE4D1E6E700BF980F0020A1
:10FFF000044B5A68D20503D50021986A1CF0ADBEA7
:020000022000DC
:10000000704700BF980F002038B5114CE37A23B138
:1000100000221146104617F04EFC00252846E572D6
:1000200017F051FCA06A012203211CF09CFD2A4616
:10003000A06A01211CF084FEFFF7DAFF8020FFF7A1
:100040000FFCBDE838404FF44050FFF719BC00BF2B
:10005000980F002008B5FFF7D7FF044A0620D38C7D
:100060000133D384BDE80840FFF7F2BB980F0020AE
:10007000F8B51B4D6B68590704D50420FFF7F0FB5A
:10008000FFF7E8FF6B681A070FD512F097F90646DD
:10009000FFF7A4FB0446124F24B101201DF0F7FF27
:1000A0000146A8B9304612F08FF96B68DB0615D50A
:1000B0001020FFF7D5FB00F07FFB78B112F07EF93E
:1000C0000446FFF7C7FF2046BDE8F84012F07CB9B0
:1000D0003846013C1DF008FFE4B2DDE7F8BD00BF83
:1000E000980F0020014BD863704700BF980F002085
:1000F00073B50F4B04469B7D0E4EFF2B15D100238D
:10010000ADF804000DF10302B06A01A98DF80330C7
:100110000AF076F99DF8035022462946B06AF7F7AF
:1001200047F840EA052002B070BD034B1D78F3E7A5
:10013000382B0020980F0020322B0020044BC2B235
:10014000C0F30721986A82B002B0F7F7AFB800BFDA
:10015000980F002010B50D4C0021A06A1CF05AFD2C
:100160000B49A06A1CF0B3FDFE21A06A1CF09EFDA5
:10017000A06A09F05FFF074BB3F910208242C8BFA5
:1001800018821A8A9A805A8ADA8010BD980F002045
:10019000322B0020382B0020F0B585B0ADF80210CE
:1001A000ADF8042069464FF0C812ADF806304FF0A4
:1001B0008213ADF80000CDE9022304200B460C4C5D
:1001C00002ADB4F91070B1F9002035F9026BBA42F2
:1001D000A8BF3A46B242A8BF3246013821F8022BE6
:1001E000F1D103CB034BA060596005B0F0BD00BF57
:1001F000382B0020402B002073B50546F7F7C4F8D4
:10020000314E0368314C33608388FF2DB3804FF04B
:100210000003A3702380337818BF1D46A5752C4DAD
:100220008DF801300DF10303A86A0DF102020DF102
:1002300001011CF018FE9DF8013040B90133DBB21A
:100240000D2B8DF80130EDD9012002B070BDA27DDB
:10025000FF2A00D0A3758DF8053033709DF8023069
:100260008DF804300198FFF769FFC828A8BFC8209F
:100270009DF8033020828DF804300198FFF75EFF6F
:10028000144B9842B8BF18466082B4F91000FFF7CB
:100290002FFFADF804000198FFF750FF2082B4F95A
:1002A0001200FFF725FFADF804000198FFF746FFA5
:1002B0004FF6FF73A382642360821A4618461946DC
:1002C000FFF76AFF0020C0E7322B0020382B002008
:1002D000980F00200CFEFFFF0346034AB2F9060008
:1002E0000BB1FFF773BA7047382B0020084B10B5DD
:1002F000B3F9044030B903EB4103B3F906309C4233
:10030000A8BF1C46A242A8BF2246104610BD00BF8F
:10031000382B0020014BB3F912007047382B002016
:10032000014BB3F910007047382B002073B5064617
:1003300012F044F80C4D0446B5F91200B5F910302E
:10034000B042B8BF30469842A8BF1846FFF7D0FE6B
:10035000ADF804000198FFF7F1FEE880204602B0F6
:10036000BDE8704012F030B8382B002073B5064657
:1003700012F024F80C4D0446B5F91000B5F912300E
:10038000B042A8BF30469842B8BF1846FFF7B0FE4B
:10039000ADF804000198FFF7D1FEA880204602B016
:1003A000BDE8704012F010B8382B0020F0B5C0F353
:1003B000072585B0FE2DADF8040027D09DF8047008
:1003C00011F0FCFF124C0646637DAB420ED0114B80
:1003D00002A918689B880290ADF80C300E4B8DF87E
:1003E0000850986A1CF073FCFF232375237DBB42E1
:1003F00006D0094B3946986A1CF058FC277565757C
:10040000304605B0BDE8F04011F0DEBF05B0F0BDEC
:10041000382B0020322B0020980F00202DE9F047C8
:1004200007460E461446DFF8409086B00DF10808E6
:10043000A9F1100A3A4680215046CDE900980A4BAE
:10044000F7F718FC0028F5D1102C254628BF1025F9
:1004500030462A4641461DF0F8F8641B2F442E44CE
:10046000E8D106B0BDE8F087092D002030B589B08D
:1004700020226946FFF7D2FF6A460C4D04AB1446B2
:1004800003CC9C4228606960224605F10805F6D13C
:10049000074C08AD1A4603CAAA42206061601346A1
:1004A00004F10804F6D109B030BD00BFF92C0020DA
:1004B000092D002010B588B06946202011F0C6FB38
:1004C000044630B96846FFF7D1FF0122024B83F89A
:1004D0002020204608B010BDF92C002070B5134B29
:1004E000054693F820300C468CB00BB9FFF7E2FFBD
:1004F0000023CDE90033CDE9023354B91C22214653
:1005000005A804941DF096F804A8FFF7AFFF0CB0FF
:1005100070BD102C264628BF102629463246684654
:10052000FFF77CFF3544A41BE7E700BFF92C002050
:100530002DE9F84FDFF868908246D9F800B0884678
:100540001746BBF1000F28D0002699F80450B54299
:1005500007D13D7099F80400A84214BF0120022081
:1005600017E074196110C1EBC10159448879C4F3D3
:10057000470400F00100B8EB000003D1062250460A
:100580001DF02EF8002806DB02D0661CF6B2DEE76E
:100590003C70BDE8F88F2546D9E70320F9E700BF96
:1005A000F02300200022014B1A717047F023002035
:1005B000F8B5054611F002FF104C85F30705637985
:1005C0000646AB4205D10024304611F0FDFE204620
:1005D000F8BD002720686571277110B111F016FB76
:1005E00027606379002BEED0C5EBC50011F0F0FA5F
:1005F00020600028E7D160710724E5E7F0230020A0
:10060000044BD3F8012002605B7903F01F030371F0
:10061000704700BF1A2D0020244BF0B5002918BFE9
:100620000B4614460021012512688BB0C3F8012047
:10063000227919705A71C1F3C402A65C01F0070255
:1006400005FA02F21642CFB207D01A7802F1280654
:100650006E44013206F8287C1A7001312529EAD14E
:100660001A7828B16946981D1CF0EFFF0BB0F0BD59
:10067000002AFBD001260533C0F3C405675D00F0F6
:10068000070506FA05F52F42C1B208D1B1FBF2F514
:1006900002FB15110AAD55FA81F111F8281C013041
:1006A000252803F8011FE7D1E0E700BF1A2D00203D
:1006B000034B002818BF03460B449879704700BFCE
:1006C0001A2D0020224B10B5002814BF84469C46EA
:1006D0004FF0010E82EA124290B280EA010393FACF
:1006E000A3F31BBA9BB203EB031303449BB293FA2D
:1006F000A3F31BBA9BB203EB031303449BB293FA1D
:10070000A3F31BBA9BB203EB031303445840114CF1
:1007100082B2A4FB0234131B04EB5304630903EB02
:10072000C30103EB8103D31AC3F3C401D8B26144FC
:1007300003F007030EFA03FE4B7813EA0E0F01BF16
:100740009CF8003053430CEB134C9CF8060010BD92
:100750001A2D00204D91CFBA064B074A01201A608E
:10076000064B074A1A60074B074A1A60074B084AAC
:100770001A607047F01F00202D7A0300EC1F002044
:10078000657A0300E81F00202B7A0300E41F002095
:10079000677A0300052808BF03200622024B0138B0
:1007A00002FB0030704700BFC6FC0300014B186E0F
:1007B00080B2704700C001B80A4BD86800F0706082
:1007C000B0F1106F0CD008D8B0F1E06F08D0B0F1E4
:1007D000006F14BF002001207047B0F1406FF8E7B0
:1007E00001207047000002B8431C07B5014606D03F
:1007F0000023044ACDE90033034812F01CFD03B086
:100800005DF804FB0F7B03001425002070B50E4635
:100810001546044618B302F0B5FE10B3236813F46E
:10082000807F18BF0122104B18BF1A700F4A1B7827
:1008300014600F4A16600F4A15601BB918F040F992
:1008400002F078FE11F0B8F902F032FD0A4B0B48C5
:10085000197802F039FDBDE8704002F063BA21203A
:1008600070BD40F20440FBE7462D0020002400202C
:10087000FC230020F8230020E02D0020D11B0300E2
:100880002DE9F04186B011F06BF98A4B8A4D1A7848
:1008900011208A4910F094FF2B6851215A68542383
:1008A000B2FBF3F2002392B2184610F01FFF044689
:1008B000002840F0F18010F0DDFF814B1968814B7A
:1008C000186808F04FFD00F059F90446002840F080
:1008D000E3802B681C7F002C00F0B080102C28BF18
:1008E00010241DF05CF9621C81B200230820D2B2F2
:1008F00010F0FCFE0446002840F0CE800D20724A25
:10090000724910F027FE0446002840F0C58010F020
:10091000A7FC0221322004AA00F006FA28B94FF001
:10092000FF30BDF810101CF0FBF96E460023324674
:1009300006212C208DF8063000F0F6F958B9304623
:1009400017F0F7FE08B130287AD13C2000F00AFAFF
:100950002C2000F007FA9DF80630190740F181803D
:1009600096E80300ADF80C10090C02908DF80E10FB
:100970009DF8063013F0280F07D1DDE90201ADF82C
:100980000410090C00908DF806102B6818690028D7
:100990007CD12B68586900F037F92B6893F8222036
:1009A000D2077DD412F0D7FC02A902460746286878
:1009B00017F0B1F8044600286ED109F0F9FEF9F7F6
:1009C000A5FE0446002867D1012000F039FE404B07
:1009D00018681DF0BFFC044600285DD118F086FBA6
:1009E000044603F08FF8804617F0E9FE41460246C0
:1009F000204615F0F0FD044600284DD12B681B68F9
:100A00009B050CD4B7F5FA7F09D911F0D0FC012170
:100A100007460846F8F776FE384611F0CCFC2B68FE
:100A20009A692C4B1A6017F0C4F82B4B18603046AB
:100A300000F0C4FE294810F087FD2DE0042450E7A3
:100A400001213C2004AA00F06FF940B99DF8103054
:100A5000012B14BF492372238DF806307BE749230D
:100A6000FAE7F6F7FFFACDE90401030C8DF80A3036
:100A7000BDF81530ADF80800ADF80B309DF8173013
:100A80008DF80D3049238DF80E3071E717F09CFD7D
:100A9000044600283FF47DAF204606B0BDE8F08153
:100AA00093F8230018F00DF800283FF47BAF40F2D4
:100AB0000C44F1E7E02D002000240020D11B0300AE
:100AC000FC0A00201C0B0020B77B0300B37B030053
:100AD000FC2300203825002034250020E9070200EF
:100AE0000022032101481CF0FFBF00BFD0250020D9
:100AF000F8B5114817F0EDFEE0B917F05AF80F4DB0
:100B00000D4E286006F10C07286817F0C8FD10F09C
:100B1000E3FB0446304617F0D8FE10B938461DF006
:100B2000F2F802F085FC08B9002CEDD1BDE8F840E0
:100B300017F044BEF8BD00BF2C0B00203425002068
:100B400008B5054B1B782BB916F0C7FFB0FA80F03B
:100B5000400908BD0020FCE7452D0020012310B509
:100B6000044C2370044B1B6803B198470023237087
:100B700010BD00BF452D0020382500200D4B9842A8
:100B80000DD8023B984210D870B1023B98420ED06B
:100B900020F0704020F4604000F590607047064BF4
:100BA0009842F5D140F21C4070472120704740F236
:100BB0001B4070470AE000F00BE000F04FF080525D
:100BC000014B5A60704700BF00ED00E00023044A6B
:100BD00052E8000F42E800310029F9D1FCF7D6BDF8
:100BE00040250020064A52E8003F034342E8003116
:100BF0000029F8D1034B1B6803B11847704700BFA9
:100C0000402500203C250020034B002814BF02464D
:100C10001A46024B1A607047BD0B02003C250020AB
:100C200037B51C68E10705D517F02CFD16491748A4
:100C30001CF062FFA20723D501F0B0FCD0B9144D1F
:100C4000019011F0BBFB044628461DF07AF8019094
:100C5000204611F0B9FB019890B143799B070CD461
:100C600001A802211DF04FF9019801F087FC17F04F
:100C7000B8FCE6E717F0B5FCDEE701F073FCF6E739
:100C8000002003B030BD00BF400B0020D025002065
:100C90004425002008B5054810F0EEFA044B012168
:100CA0001870BDE8084010F0F7BA00BF500B0020E4
:100CB000472D002038B5044648B111F07FFB0546AA
:100CC000214608481DF006F9284611F07DFB064B29
:100CD000022193F9000010F0DFFABDE83840FFF779
:100CE0003DBF00BF44250020472D0020F8B50C4B28
:100CF0000C4F04460E4638681968154608F032FB5A
:100D0000FFF73CFF50B933462A46386844F4802147
:100D100008F002FCBDE8F840FFF730BFF8BD00BFA7
:100D2000FC0A00201C0B0020F8B50C4B0C4F0446AD
:100D30000E4638681968154608F014FBFFF71EFFC9
:100D400050B933462A46386844F4802108F02EFC16
:100D5000BDE8F840FFF712BFF8BD00BFFC0A002055
:100D60001C0B002038B50A4B0A4D04461968286848
:100D700008F0F8FAFFF702FF40B9286844F4802130
:100D800008F0FAFCBDE83840FFF7F8BE38BD00BFF8
:100D9000FC0A00201C0B00202DE9F043134B0E46EB
:100DA0001968134B05468DB01868174608F0DAFA33
:100DB00080B933460A222846009702A91BF027FD76
:100DC0004FF0000804460DF10809444505D1002CF8
:100DD000EFD120460DB0BDE8F083284659F8041B3A
:100DE00008F0CAFC08F10108EFE700BFFC0A002088
:100DF0001C0B0020F8B50C4B0C4F06460C4638680F
:100E0000196808F0AFFAFFF7B9FE054648B9E243A2
:100E100016FA82F2386842F4802246F48021FFF705
:100E2000BBFF2846F8BD00BFFC0A00201C0B0020B9
:100E30000022034B1A609A80FF229A71704700BF0C
:100E40006A2D0020064A1379834207D901231268CC
:100E50008340134214BF01200020704700207047D8
:100E600048250020054A03461068002208B91A6088
:100E70007047C10748BF01324008F7E74825002006
:100E8000014B1879704700BF48250020F0B541EAB2
:100E9000002087B040F4902606200F461546F6F74E
:100EA000C1FD1DF07EFA044640B901461A2004F047
:100EB000A1FB6FF08C05284607B0F0BD4368866043
:100EC000DAB222B923F0FF0343F001034360062F97
:100ED000204B0CBF40F201114FF48071204616F0F8
:100EE0006CFE2361E3696BBB4FF4105323808023B6
:100EF000638002AB2A461E4605F110071D461068A6
:100F00005168083203C5BA422B46F7D1102130464A
:100F10001DF0FDF910223146204601AB12F092FD82
:100F2000054620B1014640F2074004F063FB102162
:100F300030461DF0FAF9204612F0E2FF204610F08C
:100F400065FEB8E700234FF410511A4612F0E4FF93
:100F5000CDE700BF00444004102A2DE9FF470646B4
:100F60000F46154623D800244FF00109DFF84480CE
:100F7000DFF844A0D8F8002009FA04F3134213D094
:100F800046EA042040EA0A006A46E9B280B2FFF766
:100F9000CBFE48B92A46394668461CF021FB18B9F1
:100FA00060B204B0BDE8F0870134202CE2D14FF0EC
:100FB000FF30F6E7482500200080FFFF2DE9F341D0
:100FC0001D4E05460146062230461CF009FB20B99D
:100FD00096F9060002B0BDE8F0810024A046EF1C9F
:100FE0002046FFF72FFFD8B13B88CDF80080ADF841
:100FF0000330BB786946E0B28DF8053019F068FC23
:1010000021280DD0A8B90322294668461CF0E8FA29
:1010100030B92B6860B23360AB88B071B380D9E768
:101020000134202CDCD12B683360AB88B380FF23E4
:10103000B3714FF0FF30CDE76A2D0020034B93F9D9
:101040000630013301D1FFF7F3BE70476A2D00204F
:10105000F7B5044617F0DBFB631C5AD117F076FB9B
:101060000024FFF7E5FE634E3379A3422CD84FF4FA
:10107000004100240846FFF7BDFE20224FF0FF315B
:101080005D4834601CF0D6FA204602F0E1FAFF26F3
:1010900004465A4D5CBB5A4812F0D5FB014630B1AC
:1010A00010F1880F03D040F2074004F0A3FA0C219E
:1010B000504A43F6FF70FFF719FE202138204E4AB0
:1010C000FFF714FE00202AE02046FFF7BBFE60B1C8
:1010D00065B20521284616F072FD0321284616F058
:1010E0006EFD0621284616F06AFD0134BCE794F92E
:1010F0007530013305D02B7843B91321204617F002
:10110000F7FF204602F0A4FA0446C3E784F87560AE
:10111000F7E72046FFF796FE18B940F2064003B005
:10112000F0BD6B4606220021204616F08BFD0028FC
:1011300048D0492368468DF8063017F00BFB4FF472
:101140007F41304840EA04200840FFF753FE052164
:10115000204616F034FD0321204616F030FD06210E
:10116000204616F02CFD01222249E3B29A400B687A
:1011700023EA02030B60244B93F90630A34201D10A
:10118000FFF756FE002005460B791B4A013BC1B212
:10119000994221DBFF260020D65402F059FA054679
:1011A000164F002D83D095F97530A34205D13B78B9
:1011B000EBB91321284617F09BFF284602F048FAA6
:1011C0000546EEE76B4606220121204616F03AFD61
:1011D0000028B4D07223ADE75656A64200D025B100
:1011E000551895F90150555401250130CFE785F880
:1011F0007560E2E7482500204A2D0020482D002098
:10120000370004000080FFFF6A2D00202DE9FF4118
:10121000354C064601A8FFF725FE2379019A934233
:101220001ED86279012A40D100274FF0FF383D4691
:1012300010E02368EB40D9070BD5082202AB11461A
:1012400068B216F0FFFC20B1039B43453CBF2F461C
:101250009846013523799D42EBD378B2FFF7F8FE2B
:10126000236813F0010529D0002501220135202D26
:1012700018D002FA05F71F42F8D13B432360A36858
:101280000C21013343F6FF70174A7361A360FFF727
:101290002DFDA8B1236823EA07032360A368013B5F
:1012A000A36073614FF0FF3519E0022AFAD10F4AAB
:1012B000134413F9010D421CFBD0CFE70127DCE7F3
:1012C00022790A4C013A2146D2B2601C1CF098F9EE
:1012D0006DB22246202138202570FFF707FD2846F1
:1012E00004B0BDE8F08100BF482500204A2D002051
:1012F0002DE9F043002489B0B34D04213F2001AA19
:101300002C70FFF711FD00B10194019F002F4FD009
:1013100000267A1E5742574100242C70AB4D0C21F9
:101320002A4643F6FF70FFF7FFFCC0B10D23AB80E8
:10133000019B2C60032BAC6011D803AC2246142116
:1013400043F6FF70FFF7F0FC48B994E8070085E822
:1013500007002A460C2143F6FF70FFF7C7FC019BEC
:10136000042B06D004213F200DEB01020191FFF771
:10137000BDFC20213820964AFFF7D6FC28B1202258
:101380004FF0FF3192481CF055F903222B795B0096
:10139000B3FBF2F38F4A1370FFF74AFDF9F7C0FC75
:1013A000014618B140F2074004F024F9002413E08C
:1013B00001263746B0E72B68E340DB070BD5082250
:1013C0004FFA84F81146404603AB16F03BFC10B9C7
:1013D0004046FFF73DFE01342B799C42EBD38EB1A2
:1013E0001021372003AAFFF79FFC002853D10620C5
:1013F000F6F718FB1CF0D5FF044690B901461A20F9
:1014000004F0F8F83FB13D20FFF7ACFC00242B7945
:101410009C42C0F0B38017F09FF9002009B0BDE8EE
:10142000F0836D4A43688260DAB222B923F0FF0389
:1014300043F001034360694B40F20111204616F06E
:10144000BCFB2361E36943BB4FF41053238080232B
:101450001021638003A81CF05AFF102202AB03A9DD
:10146000204612F0EFFA0646102103A81CF05DFF9B
:10147000204612F045FD204610F0C8FB3720FFF74C
:1014800071FC46B140F20740314604F0B3F84FF02A
:10149000FF30FFF7DDFD00262AE000234FF4105156
:1014A0001A4612F039FDD2E73046FFF7CBFCF0B117
:1014B00074B210220321204603AB16F0C3FB1028A0
:1014C000814620D10321204603AAFFF7DFFC804696
:1014D000494603A81CF029FFB8F1000F0CD040F2D8
:1014E0000740414604F086F82046FFF7B1FD01367B
:1014F0002B799E42D8D385E748F2030040EA0620C4
:1015000080B2FFF72FFC10220521204603AB16F016
:1015100099FB1028814613D10521204603AAFFF725
:10152000B5FC8046494603A81CF0FFFEB8F1000F49
:10153000D5D148F2050040EA062080B2FFF712FC40
:1015400010220621204603AB16F07CFB10288146B2
:10155000CDD10621204603AAFFF798FC80464946D4
:1015600003A81CF0E2FEB8F1000FB8D148F2060063
:1015700040EA062080B2FFF7F5FBB8E72046FFF708
:1015800061FCF0B166B204220C21304602AB16F0C9
:1015900059FB04280AD1029B0122C3F300238DF8D2
:1015A0000C300C21304603AB16F01EFB002310223A
:1015B000CDE90333CDE905330D21304603AB16F0F9
:1015C00013FB013423E700BF482D002048250020ED
:1015D0004A2D0020492D002037000400004440041B
:1015E000F8B5104B044618790F4B00221D46D1B2B6
:1015F000884204D913F9017B561CA74204D10B4B36
:101600001B788B4202D9F8BD3246F0E70649481CE8
:101610001BF0F6FF2C702021BDE8F8403820024A6C
:10162000FFF764BB482500204A2D0020492D0020EB
:10163000014902481CF060BA600B0020D025002050
:1016400010220A4B2821DA826422C3E906124FF6DF
:10165000FF721A8402225A60002283F82B200F2284
:1016600083F82D0083F82C20704700BF54250020FC
:1016700038B516F01CFB40B9094B48241A6893F89A
:101680002A1003462432994200DC38BD04FB03F5DE
:101690005559ED0601D40133F5E70120F5E700BF08
:1016A0005425002038B5104C94F82B30D3B1626823
:1016B00012F0010516D104F1080004F01FF8FFF73D
:1016C000D7FF78B14EF6602294F82C304FF4827137
:1016D000534306482A460FF061FF18B9636843F088
:1016E0000103636038BD00BF54250020D0250020D1
:1016F00022F00042052A10B50DD0B2F5827F13D03A
:10170000032A06D1114A536823F00203536000F004
:101710001FF8002010BD0D4A1B88118D9942F8D189
:10172000002313850120F5E7084B5A6893F82B40F6
:1017300022F00102012C5A60F4D102F091FAFFF775
:10174000B1FF204600F01EF8ECE700BF5425002052
:1017500010B50B4C63685A0701D4002010BD00F08F
:1017600021F883791B0708D500F048FE0028F5D141
:10177000636823F004036360EFE700F023FEF5E7FE
:101780005425002008B5044A536843F0040353600D
:10179000FFF7DEFF08BD00BF54250020004870475A
:1017A00063250020044890F82B1000F10F02083048
:1017B000012918BF1046704754250020F0B48279E3
:1017C000034612F0280F26D00025144A016892F82B
:1017D0002A60C2F80F108188A2F813108179517520
:1017E0001168AE4207DCF0BC5368032043F00403E9
:1017F0005360FFF7C7BF4C6A14F4404F08D1186814
:1018000044F0080408609F8898798F8088714C6242
:1018100001354831E5E72120F0BC70475425002010
:101820004379024A9B09D05C704700BFF8FC030073
:101830000B6810B503608B88FF2A0446838002D1B1
:101840000723A37109E0032A08D8054B9B5C072BEB
:10185000837102D1FFF7E4FFA07110BD0023F0E710
:10186000FCFC03008379024A03F00703D05C704755
:10187000F0FC030010B582798B79094C02F0070265
:1018800003F00703A25CE35C9A4206D106221BF038
:10189000A7FEB0FA80F0400910BD0020FCE700BFB1
:1018A000E8FC03007FB5134B0E4605460446039340
:1018B000A0B117F01AFD78B900223146204617F082
:1018C00049FE022807D10123314600932046042314
:1018D00003AA16F090FA0DB104B070BD204617F0BF
:1018E000D3FC04460028F7D017F0FFFC0028F5D100
:1018F000E2E700BF0100FFFF2DE9F04F97B08346FC
:10190000099117F038FC099883790C33C45CC51829
:101910001CF07EFA1E2C0646099F24D8012C26D9DD
:10192000C54BE340DA0722D5384697F806801CF00D
:101930006FFABBF80A2083B29A4228D214F001024F
:1019400040F0A18004F07F03522B00F09C801E2CFD
:1019500000F09980099B214600935846042317F014
:1019600061F921240CE004F07F03522BDCD02146E6
:10197000062300225846009717F054F941F2061446
:10198000584617F0FDFB204617B0BDE8F08F4744DE
:101990003A7B013B1E2A9BB242D8012ACED9023A99
:1019A0001C2ACBD801A151F822F000BF3D1A020039
:1019B0003D190200411A02003D190200371A0200C7
:1019C0003D1902002D1A02003D1902003D1A0200C5
:1019D0003D190200411A02003D190200451A020099
:1019E0003D1902002D1A02003D190200731A02006F
:1019F0003D1902003D1902003D190200771A02004C
:101A00003D1902007B1A02003D1902003D19020037
:101A10003D1902003D1902003D1902007F1A020023
:101A2000522A26D0D22A89D10D2B05E0062B0FD0C1
:101A3000142B83D10CE0052B80D909E0022BF8E7A9
:101A4000042BF6E7032B7FF679AFDB073FF576AF84
:101A5000022C00F0F380DBF800309B689F0516D461
:101A60000BF144001CF04FF9099BCBF844300024E3
:101A700086E7012BE0E7032BDEE7012BD9E7002BFC
:101A80007FF45CAFE4E709A81CF03DF969E71E2C80
:101A9000584600F0918317F028FC0746002840F0D4
:101AA0008280584617F01CFC00287CD004F07F038D
:101AB000522B00F0BC80082C68D1B6B2152E14BF92
:101AC00002201020691D17F0F6FB00285ED0DBF81D
:101AD0001430D8074BBF23F0010343F0010339460C
:101AE000012158464CBFCBF81430CBF8143017F016
:101AF00013FC09980D9017F003F80446B0F8018024
:101B0000B0F803900D981CF083F9152814BF022536
:101B1000102505342146284603F00AF82146039093
:101B2000284617F0C8FB0490B8F1000F00F043817D
:101B3000C84500F24081022109200D9A17F003F8F0
:101B4000BBF80A708246023FBFB23E4640464FF0A5
:101B5000FF354946039A17F0AFFE0446002800F00F
:101B60006C8117F07CFC002800F084810122214662
:101B7000584617F01EFD03468DF82E00002800F091
:101B80001F810D9A009222460821A3E0DBF8143051
:101B900013F001063CD023F0010300215846CBF896
:101BA000143017F0B9FB1E2C63D8032C66D9231F01
:101BB000142B63D801A252F823F000BF8B1E020041
:101BC0007D1C02007B1F02007D1C0200F31A020034
:101BD0007D1C0200612002007D1C02007F200200AB
:101BE0007D1C0200952002007D1C0200891C020061
:101BF0007D1C0200892102007D1C02007D1C020068
:101C00007D1C0200A52102007D1C0200AF21020004
:101C100043F0010301215846CBF8143017F07CFB48
:101C20001223324621465846009616F0FBFF09A8BB
:101C30001CF069F81BE700BF54554541099DBA4C9B
:101C4000284616F05DFF2188B0F801602A46584604
:101C500016F0FDFF2388BBF80A10B34228BF3346B5
:101C6000172BB8BF17235846ABF80A3017F06FFA96
:101C7000FDE6522C00F08F82D22CD8D0099B002296
:101C800000932146062325E0099F384616F038FFC9
:101C90000546B0F80180B0F803A038461CF0B8F84B
:101CA00015280CBF20460220691D02F041FFB5F83F
:101CB000053004900793B8F1000F07D0D04505D840
:101CC00017F051FF50B91023009701E0012300974E
:101CD00042461021584616F0A5FFC8E63A460221B2
:101CE000112016F030FF44464FF0FF35BBF80A30A4
:101CF00005909E1E0393063B9BB2B6B208935146D5
:101D00002046049A17F0D8FD814668B35146079AD9
:101D100017F01FFE0446484617F0A1FB40B94FF6E6
:101D2000FF739C4201D00134A4B25445E7D91BE0B3
:101D30004FF000030DAAADF8343049460CAB5846BD
:101D400017F0D4FC039ABDF83430053A9A42089A49
:101D50000690D8BF1346002DADF8343009DB9D4204
:101D600002D1EB1CB34208DB691C1CD10A2300978B
:101D7000AEE7351F9D42A8BF1D46042211A9384673
:101D8000ADF84490ADF846401CF07FFA2A4638463C
:101D900006991CF07AFA4FF6FF73043E761B9C42BC
:101DA000B6B2C0D1E0E73946059B04355D705846B0
:101DB00001F042FD5BE60D9B009301234246E3E602
:101DC000049B13B1204617F02EFB204617F05FFB53
:101DD000D8B1002D54DC0DA81BF095FF0823584600
:101DE0008BF81C3050F80C2B40F2025192F8702006
:101DF0008DF8483000238DF8442011AAADF84640F4
:101E0000ADF84A301BF0B4FE31E6ADF844000DF1F8
:101E10002E032146584611AA17F068FCBDF844303D
:101E20000590BB4228BF3B46002DADF844300ADB8D
:101E3000AB4202D16B1CB34209DB6A1C0D9B1FD164
:101E400000930A23BAE7B51E9D42A8BF1D46022291
:101E50000CA90D98ADF830401CF017FA2A460599E8
:101E60000D981CF012FA4FF6FF73023E761B9C424F
:101E7000B6B2E2D0601C80B28145BFF46AAEDCE746
:101E800002350D998AF8015091E7DDF82490484613
:101E900016F036FEB0F80330B0F801800493B8F1C4
:101EA000000F43D0984541D84FF6FF774A460221AC
:101EB000052016F048FE4546BA46BBF80A40059094
:101EC000023CA4B22946584617F0D1FD50450646BB
:101ED0004BD04FF400622946584617F06AFB0028A1
:101EE0003ED1304617F05BFE00280CBF02231023C2
:101EF0005745039320D0304617F051FE06903846E0
:101F000017F04DFE069B834203D1039B0133A3428E
:101F100013DB384617F043FE059B01301946587015
:101F2000584616F068FEA2E5180D00200123CDF8F2
:101F3000009042460421CDE637460DF14601304679
:101F4000ADF8445002F04AFE039B48469A1C11A982
:101F50001CF09BF9039B023CE41A5545A4B2D8D06F
:101F6000049B0135ADB2AB42ACD24FF6FF739F423A
:101F7000CFD10A23CDF80090DBE7DDF824900024D0
:101F8000484616F0BDFDB0F80530B0F803A0B0F833
:101F900001600746484603931BF03AFFC51FADB2E8
:101FA000102D0C9458D82A46F91D0DA81BF04DFB96
:101FB000002E53D0564551D84A460121072016F02D
:101FC000C2FDA046074633460A249A45049307D922
:101FD0003946BBF80A0016F099FD0328049B04D883
:101FE000B8F1000F1AD039469AE7ADF84430039B98
:101FF0005846ADF848300DAB13930BAA0DF12E03E4
:1020000011A9ADF846A0ADF8505017F0CEFC0A2843
:102010000446E5D0BDF82C3030B11E46234632468A
:102020000621CDF8009055E6ADF83030BDF82E30E1
:102030000CAAADF8323039460423BBF80A0016F07A
:1020400070FD4FF6FF72BDF82E309342CBD00133B6
:102050004FF001089BB2B8E70424DFE70124DDE775
:102060000A23099C8BF81C30204616F049FD2346B4
:102070000022B0F80110584615F08DFFF7E4099CD6
:10208000204616F03DFD0C238BF81C30B0F80320E1
:102090002346EEE7DDF82480404616F031FD054684
:1020A00040461BF0B5FE0023441EBBF80AA08DF885
:1020B000343061D014F001075ED120460FF088FD66
:1020C000064600285ED00AF1FF332246691C0393BE
:1020D0001BF0BBFA424601210F2016F034FDB14639
:1020E0000490002C04DC30460FF090FD049917E7B3
:1020F00039F8025B01222946584617F05AFA023C89
:102100008DF8340068B9284617F0CBF810B128468E
:1021100017F089F9284617F0BAF960B180238DF8D5
:10212000343030460FF072FD2A460E219DF83430CF
:10213000CDF80080CEE529460DAB584611AA17F020
:10214000D5FA9DF834300146002BEAD1039BBDF847
:102150004420DB1B9A42C2BF0AF1FF33DB1BADF800
:1021600044304046BDF844201CF08FF8BDF84430A0
:102170009842B8D31F44B4E7042300258DF83430C7
:102180002E46CEE71123F8E75846099AB5F8011014
:1021900015F0CBFF6BE45846099AB5F8011016F01C
:1021A0001FF864E45846099916F059F85FE4584658
:1021B000697816F0BFF83AE516F0DCF837E500BFAD
:1021C0007FB5174A0646136842F6052023F0080338
:1021D000136017F0ACFB054650B1684602F060FB97
:1021E000002017F051F8044620B92946FFF75AFBA2
:1021F00004B070BD1022684604F121011BF0F0F913
:1022000038B10121204617F087F8636923F00103F4
:1022100063611EB13146204617F05AFC2046E0E7C4
:102220002C26002007B5837801916A4608210448CE
:102230008DF800301BF09CFC03B05DF804FB00BF80
:10224000D02500200022054BC3E90322C3E9052263
:102250001A70DA614FF6FF725A847047A825002081
:10226000014B1860704700BFA425002082780D4BF9
:1022700013B55A60B0F8032091B2102910D040F67F
:102280000344A1420CD041795B8C8DF80210ADF86B
:10229000042005216A460448ADF800301BF068FCB4
:1022A00002B010BDA8250020D025002073B5837989
:1022B00001900C33C418C35C132B0ED8042B10D917
:1022C000053B0E2B0DD8DFE803F01E0C0C1E0C0C8A
:1022D0000C0C0C161A0C0C0C2300302B13D03E2BBC
:1022E0001BD0FBF71FF8019B834202D001A81BF013
:1022F0000AFD02B070BD2046FFF7B8FFF1E7E278B3
:102300000E4B5A60EDE7204601A902F015F8E8E708
:10231000204601A916F05AFAE3E70025084E019B72
:102320003BB1204656F8043B01A9013598470E2DD4
:10233000F5D101A81BF0E7FCD3E700BFA8250020DA
:1023400000FD030007B500F013F920B103B05DF8FC
:1023500004EBFFF7ABBF00F017F9019018B1054B84
:102360001B681BB1984703B05DF804FB01A81BF084
:10237000CAFCF8E7A4250020024610B1022804D0C8
:102380007047032102481BF0AFBBFFF7DBBF00BF64
:10239000D0250020024B1A78024B53F82230184700
:1023A000A825002038FD030010B504460120FFF7E2
:1023B000F1FF034B00201C70BDE81040FFF7EABF9F
:1023C000A825002010B50446062142F2050016F0AB
:1023D0000EF92368C0F80330A388A0F80730064838
:1023E000FAF7C2FF16F047F9407920B116F043F929
:1023F000407940F4805010BD175E030010B50446CC
:1024000006214FF6284016F0F2F82368C0F8033092
:10241000A388A0F807300648FAF7A6FF16F02BF9B4
:10242000407920B116F027F9407940F4805010BD72
:10243000D1D3010038B505460C4669B9022142F2F4
:102440001B0016F0D4F8B5F86E30A0F803300D4834
:10245000BDE83840FAF788BF122142F21A0016F0A0
:10246000C6F82146B5F86E30053020F8023C04F17C
:10247000100351F8042B994240F8042BF9D102487B
:10248000E6E700BF616003009D60030001481BF0A8
:1024900058BC00BFB825002040F6FF732DE9F3417A
:1024A0000D46B0F86E100192994205D101A81BF0BB
:1024B0002AFC02B0BDE8F0811146134601229BBB05
:1024C0001E481BF007FDFFF7E1FF04460028F0D08F
:1024D0001BF09EFC6379074603F001086FF30003CD
:1024E000637104212046A6681BF0D5FD437904469C
:1024F00068F300034371DB438179B6F86E200C3139
:10250000866003F001036254C2F30322084442EAE6
:1025100003124270478022463046294616F05BF986
:102520002046FAF735FFCEE75C79986024F0030483
:1025300014435C7100221B68C1E700BFB82500206E
:1025400070B50546064C206800B970BD8368AB4283
:1025500004D106680FF0CCF92660F4E70446F2E7F0
:10256000B8250020014601481BF0B4BCBC25002062
:1025700001481BF0E6BB00BFBC2500200146014816
:102580001BF0A8BCB4250020034BD86818B103F198
:102590000C001BF0D6BB7047A8250020044BDA685E
:1025A00022B95869003818BF0120704701207047D0
:1025B000A8250020012210B5054C02FA00F023687E
:1025C00011B10343236010BD23EA0003FAE700BF03
:1025D000CC2500200138C0B20A289ABF014B185CF4
:1025E0000020704740FD030007B506481BF0A9FB1B
:1025F000042101900DEB01001BF085FC019803B054
:102600005DF804FBD4250020F7B5186810F002002F
:1026100003D0164E316811B9012003B0F0BD00247B
:10262000042223460DEB020001941BF062FBBDF86F
:102630000630DB0702D4FFF7D7FF044600250C4F16
:1026400057F8043B23B12146BDF80400984748B130
:102650003368002BE0D0074B022193F900000EF005
:102660001BFED9E70135062DEAD1F1E7D42500207C
:10267000D8250020712D002010B509480EF0FCFD72
:102680000024084B0849187020200C600FF07AF9DC
:10269000064BC3E90044C3E90244C3E9044410BD46
:1026A000700B0020712D0020D4250020D82500209B
:1026B00070B50025074E96F82A30ECB2A34200D838
:1026C00070BD204601F066F910B1204601F088FC8B
:1026D0000135F0E75425002013B5C37A0093B0F814
:1026E0000930D0F80520D0F80110007801F00AFC7C
:1026F0000446034800F0AAFE848002B010BD00BF6B
:1027000020020403FF2337B50DF107008DF80730D1
:1027100001F082FC044604489DF8075000F096FE44
:102720008480857103B030BD2003040110B50078AA
:1027300001F056FC0446024800F088FE848010BD7B
:102740002002040A38B54B7905465B070C460CD4C9
:1027500014212046054A16F03FF82046217916F04C
:10276000EEF810B9A3791C44257438BD70FD030040
:10277000837810B5132B0C4608D1054B1B6803B1A9
:1027800098472046BDE810401BF0BDBA10BD00BF01
:10279000F025002010B500210446007815F0E8FF70
:1027A00048B16178207816F0DCFB0446034800F05D
:1027B0004DFE848010BD0224F8E700BF20025601C0
:1027C00010B54178007801F0DBFB0446024800F0C8
:1027D0003DFE848010BD00BF2002560213B5418823
:1027E0000DF1020301AA008815F02EFCBDF802309D
:1027F0000446F82B84BFF823ADF80230019ABDF8E7
:102800000210034800F06EFE848002B010BD00BFCD
:1028100020030A00002110B5421D03790446084632
:102820001BF060FD024648B16188208815F038FC35
:102830000446034800F00AFE848010BD1A24F8E71D
:1028400020020A0213B50446007816F017FD70B195
:102850000023CDE90033E278B4F8011015F0F9FD5A
:102860000446044800F0F2FD848002B010BD252427
:10287000F7E700BF20020A0408B50146034631F815
:10288000030B9A7815F0A2FD034800F0DFFD00234A
:102890000371437108BD00BF20020A1110B5007812
:1028A00017F0AEFF0446024800F0D0FD848010BD52
:1028B00020020F0470B5FEF7E3FA00240646E5B2E5
:1028C000AE4209D84FF0FF30FEF7C2FB044608487D
:1028D00000F0BCFD848070BD2046FEF7B3FA28B13D
:1028E000284615F06EFF284615F06DFF0134E6E727
:1028F00020020F0710B54178007802F0E5FD04468C
:10290000024800F0A3FD848010BD00BF20020F012B
:1029100010B54178007817F05DFF0446024800F0DA
:1029200095FD848010BD00BF20020F0E08B506493A
:1029300006481BF0E1F8064906481BF0DDF806489A
:102940000FF014F9002008BD880B0020F8250020A6
:10295000980B0020F4250020800B0020014815F082
:10296000B4BF00BF2C0B002030B5114B0D4699426F
:10297000144685B019D193000FD503A902A80EF013
:10298000A1FE08230193039BE1B200930022284695
:10299000029B41F000511BF092F8064816F02DF80A
:1029A00000B10471012005B030BD0020FBE700BF7D
:1029B000F4250020F8FD030022F00042B2F1A04F00
:1029C00008B504D1034816F018F8012008BD00200E
:1029D000FCE700BFFCFD030070B5FFF7BFFF90B13F
:1029E000FEF7DCFE002604462046FEF73BFF0546C8
:1029F000064800F02BFD86802268C0F80620A288D9
:102A00000573428170BD0226014CEDE720090115D6
:102A1000D4FD030008B501F091FBBDE80840024970
:102A200002481BF08DB800BFA80B0020D025002065
:102A3000F8B5054600200D4E0127307100F008FE64
:102A400004466CB16DB994F872306BB1377115F002
:102A5000B3FE2046132116F04BFB6468002CF2D124
:102A6000F8BD204616F048FB6468EAE7502B0020CA
:102A700038B50023094C2360A380036823602078C5
:102A800016F032FB054630B9054806491BF034F80C
:102A9000608801F069FB284638BD00BF502B00203C
:102AA000D0250020A80B002022F00042B2F5887F3C
:102AB0002DE9F0471C4600F0E5800ED840F20313E4
:102AC0009A423CD040F209139A4200F0C5800E2A87
:102AD00000F0B6800020BDE8F08740F207239A425C
:102AE0004AD0B2F5037F59D040F206239A42F1D181
:102AF00020684C30FEF7B6FE25680746664895F814
:102B0000736095F870A095F9759095F87680A48813
:102B100015F073FF0028DDD0EB6C4360B5F8503042
:102B200087720381731E5E425E41C67280F80CA0FC
:102B300080F80D9080F80E80A0F80F40CAE720784A
:102B400000F078FD0028C5D0544894F80090B4F8FF
:102B50000280A788E688257A648915F04EFF002850
:102B6000B8D080F80490A0F80580A0F80770A0F80D
:102B70000960C5728481ADE7207800F05BFD002814
:102B8000A8D060782578FFF725FD0446444815F065
:102B900034FF00289ED0057144719BE7A578012D74
:102BA0001ED0022D2DD0CDB9E37894F80080023BE1
:102BB000DBB2022B8CBF01253A4A94F90470667986
:102BC00098BFD55C94F90640374815F016FF28B138
:102BD00080F8048045718771C671047201207AE71C
:102BE000E37894F80080023BDBB2022B98BF2D4AB9
:102BF00094F90470667998BFD55C94F906402B4827
:102C0000E3E7E3782A48023BDBB2022B94BF254A74
:102C1000012594F80180277898BFD55C94F9049039
:102C2000667994F9064015F0E8FE0028D6D0A0F8A1
:102C300004808771C57180F8089046728472CDE770
:102C400023460822002113F8014B1A4815F0E6FE2E
:102C50000028C3D00471C1E7174894F80080678842
:102C6000A688E588248915F0C8FE0028B6D080F82B
:102C70000480A0F80570A0F80760A0F80950A0F83B
:102C80000B40ABE70D481C7815F0B7FE00283FF469
:102C900021AF04711EE700BF54FE030050FE030085
:102CA00048FE030000FE030040FE03003CFE03005C
:102CB00044FE030038FE030034FE03004CFE030014
:102CC00010B5007800F0B6FC40B1132116F010FAF0
:102CD0000446034800F0BAFB848010BD2524F8E7C1
:102CE0002002060570B5144606460D4620461421FE
:102CF0000A4A15F071FD2046217915F020FE58B9D9
:102D0000A3790C331C44064BA6711B79A5801BB11B
:102D1000BDE8704015F051BD70BD00BF30FE03002E
:102D2000502B0020024B00201A68024B5A6070475B
:102D3000F82300202C0B002010B5FDF7A1FD044660
:102D400030B9044815F097FD044608B9FDF7C8FEF0
:102D5000204610BD2C0B002073B51C4640F20A63C0
:102D600022F000459D4208D8B5F5C06F08D8042D63
:102D700047D00D2D4DD0032D1ED0002002B070BDC8
:102D80006FF4C0631D44092DF7D801A353F825F053
:102D9000772E0200252E0200492E0200592E020035
:102DA0006F2E02007B2D02008F2E0200A52E020046
:102DB000C52E0200112F020001A8F4F741F9564870
:102DC000BDF8044015F019FE0028D6D00023437149
:102DD000C37103724372037343738373C3732823F2
:102DE00083746FF00B03C3746FF0660307224321F3
:102DF00003753E23027185718172C272048243752C
:102E0000BBE74648246815F0F8FD0028B5D084805B
:102E1000B3E723460422002153F8044B404815F041
:102E2000FDFDF2E7207800F005FC0028A5D03D4824
:102E3000267894F90150A47815F0DFFD00289CD085
:102E400006714571847198E72478374815F0D5FDEF
:102E5000002892D0047190E725783448646815F012
:102E6000CCFD002889D00571C0F8054085E725789C
:102E70002F486468F3E72F482578646815F0BDFD96
:102E800000283FF47AAF0571A0F8054075E72A489D
:102E90002578646815F0B1FD00283FF46EAF057128
:102EA00044716AE7637825480D2B96BF244A0125B3
:102EB000D55C247815F0A1FD00283FF45EAF0471C5
:102EC00045715AE7637800210D2B98BF1C4A1D48B5
:102ED00098BFD55C6368A27888BF0125267815F075
:102EE0009DFD08B1067145716378012B3FF645AF32
:102EF0008DF8043001220021124801AB247815F02E
:102F00008DFD00283FF439AF01230471437134E78C
:102F100024780D489AE700BF98FE030090FE030056
:102F200094FE03007CFE030084FE030088FE030081
:102F300080FE030078FE030074FE030070FE0300B1
:102F400058FE03006CFE030068FE030014220021FB
:102F500001481AF06FBB00BFFC25002070B5054684
:102F60000FF02CFA1A4C064663795B070ED4142135
:102F70002046184A15F030FC2046217915F0DFFC78
:102F800020B13046BDE870400FF01EBAA3790C3373
:102F900023442DB91A79FF2AF3D001321A71F0E7D0
:102FA000012D05D15A79FF2AEBD001325A71E8E799
:102FB000022D05D19A79FF2AE3D001329A71E0E718
:102FC000032DDED1DA79FF2A1CBF0132DA71D8E78E
:102FD000FC2500208CFE030038B50546084800F0AB
:102FE000B1F9044648B900F003FA04461DB1054B97
:102FF0001B689B792B7000F013FA204638BD00BF88
:10300000ACFE0300182600202DE9F84380460D4849
:103010000F4616461D469DF8209000F093F978B9AA
:10302000094B1C6884F80480C4F80570C4F8096072
:10303000A4F80D5084F80F90BDE8F84315F050BC8B
:10304000BDE8F883A4FE03001C26002010B504464A
:10305000054800F077F930B9044B1B681C71BDE8D6
:10306000104015F03DBC10BD9CFE03001C26002046
:1030700038B5054606480C4600F064F938B9054BEA
:103080001B681D715C71BDE8384015F029BC38BD66
:10309000BCFE03001C26002038B5054606480C4639
:1030A00000F050F938B9054B1B681D715C71BDE823
:1030B000384015F015BC38BDB4FE03001C260020B6
:1030C00010B50446054800F03DF930B9044B1B68C3
:1030D0001C71BDE8104015F003BC10BDC4FE030018
:1030E0001C2600202DE9F843804614480F4616465A
:1030F0001D46DDF8209000F025F90446C0B9104BBC
:103100001B68A3F80480DF8000F072F90D4B0446C1
:1031100019680DB18B792B60B9F1000F06D08A794F
:10312000B24208D8484607311AF08FFA00F078F911
:103130002046BDE8F8831D24F8E700BFE4FE030045
:103140001C2600201826002038B505460C460748E6
:10315000012100F007F938B9054B1B689D80DC8020
:10316000BDE8384015F0BCBB38BD00BFDCFE030035
:103170001C26002070B5064608480D46144600F08F
:10318000E1F848B9064B1B681E71A3F80550DC71C5
:10319000BDE8704015F0A4BB70BD00BFD4FE0300B5
:1031A0001C26002010B5134604460A460648012195
:1031B00000F0D8F830B9054B1B689C80BDE8104082
:1031C00015F08EBB10BD00BFCCFE03001C260020F6
:1031D00038B5054606480C4600F0B4F838B9054B3A
:1031E0001B681D715C71BDE8384015F079BB38BDB6
:1031F00004FF03001C26002010B50446054800F01B
:10320000A1F830B9044B1B681C71BDE8104015F0E3
:1032100067BB10BDFCFE03001C26002038B5054628
:1032200006480C4600F08EF838B9054B1B681D7136
:103230005C71BDE8384015F053BB38BDF4FE0300A7
:103240001C26002008B5044800F07CF818B9BDE839
:10325000084015F045BB08BDECFE030070B50546FF
:103260000B480E4600F06EF8044678B900F0C0F83E
:10327000084B04461B6825B1D3F806202A605A89FA
:10328000AA800EB11B7B337000F0CAF8204670BDD7
:103290000CFF030018260020044A0346106810B1F2
:1032A00002789A4200D170470069F8E7142600209E
:1032B00008B515F0DEFAFFF749FE0022014B1A604F
:1032C00008BD00BF1426002038B5104D0446104A32
:1032D00028461BF061F84FF48270A0470D4B014661
:1032E0001860287818B14FF482721BF058F84FF428
:1032F0008270A047084B01461860287828B1BDE8C5
:1033000038404FF482721BF04AB838BD722D00204D
:1033100014FF03001C26002018260020084A13680A
:1033200033B94178036141F0010141701060704789
:10333000197802789142FAD003F110021B69EFE785
:103340001426002010B5044618F0F4FD28B9034BEC
:1033500022681C60024B1B681A6010BD10260020FA
:103360001C2600202DE9F84F046898464FEA042AED
:103370000AF4E06AC4F307234AEA030A0AEB0209E3
:10338000B9F5807F83460F46154603D91D26304682
:10339000BDE8F88F18F0CEFD06460028F7D1124B95
:1033A00024F47F44C3F800B024F0C7040F4B44EA70
:1033B00019244FEA09291B681FFA89F944EA09040C
:1033C00043F8044B53442A46414618461AF03DF947
:1033D000012F04D1FF2DD9D800F8015CD7E7022FC7
:1033E00008BF20F8025CD2E7102600201C2600202F
:1033F00008B5074B1A68074B52F8040B1968064BBF
:1034000049681B689847054B1B68988808BD00BF32
:103410001C26002010260020B80B002018260020B3
:103420000022024B1A6018F087BD00BF1026002052
:10343000054B186808B1C3681BB1003818BF0120DC
:1034400070470069F6E700BF1426002010B5034C52
:1034500023681860FDF782FB206810BD1826002045
:10346000F8B504460D4601460020174615F002FA4D
:10347000F3F7D4F8194E78BB194B1B681C603368FE
:10348000187058709870D870204615F0CDF918B1A2
:1034900065B94368220E2BB90F250DE05979914289
:1034A00004D008331D68002DF8D1F5E73846A84749
:1034B00033681B684BB9012524F47F4020F0C70016
:1034C00040F40070FFF7C2FF85803268012052F897
:1034D000041B15F0CFF9F8BD1425EDE718260020E0
:1034E0001C260020F8B50E460502C0F3072305F49C
:1034F000E0651D430E4B691E1B680446043300F053
:1035000038075E54581811462AB10130904202D053
:1035100032461AF075F8240C240435443C4344EA3E
:1035200015242D02A8B22043BDE8F840FFF78EBF56
:10353000182600204022094B83F8212383F82223F8
:1035400083F8232383F8262383F8252383F8202375
:1035500083F82423502283F8222C704700E100E0F6
:10356000BFF34F8F0549064BCA6802F4E06213436C
:10357000CB60BFF34F8F00BFFDE700BF00ED00E061
:103580000400FA05044BD86910F480501CBF186A77
:1035900000F00100704700BF0080E00F70B50446E6
:1035A0000D461B4A13686BB393F87D10586811F0F1
:1035B000040129D110608C22184693F870601AF02B
:1035C00039F8034680F870602268C0F85A20A28853
:1035D000A0F85E20A27980F860202868D864AA79D3
:1035E000A98883F85220FF2283F8752083F876207B
:1035F00040F6FF72A3F86E20064AA3F85010116837
:1036000013605960184670BD1A1D0346CBE700BF12
:103610002426002020260020054A0346106800B911
:103620007047B0F86E209A42FAD04068F7E700BFC2
:1036300020260020054A0346106800B9704790F81C
:1036400070209A42FAD04068F7E700BF2026002099
:1036500010B9024B18687047406870472026002058
:103660000023114A2DE9F0418C2113608046024667
:1036700001200EF03BF8044620B905460B4E3060A1
:10368000A84502D82046BDE8F08101200EF0ACF834
:1036900007468C220021013519F0CCFF87F87050C5
:1036A00037603E1DECE700BF2026002024260020C6
:1036B000012310B58B4090F87110044621EA0301F4
:1036C00049B280F87110002949D115F083F82046DD
:1036D00017F029F9102104F118001AF026FE2046EF
:1036E000FEF72EFF04F138001AF00DFB204617F00C
:1036F00065F8214A13681BB19C42596830D11160AA
:10370000A36859050BD51A0509D443F40063A189B0
:1037100094F87000A36004F17802FFF7E3FA002345
:10372000204663601AF010FA15F0E4F94FF4807245
:10373000B2FBF0F2424394F870300344B3FBF2F171
:1037400002FB1133DBB2591EC9B2FD29F5D884F84A
:10375000703000236360094B1A6852B91C6010BDB9
:103760001A465B68002BCBD09C42F9D1636853604A
:10377000C6E7131D5268F0E720260020242600200B
:1037800010B5084C206830B9BDE81040064B1860F1
:1037900001200DF0F9BF436890F871102360FFF726
:1037A00087FFEFE7202600202426002090F87430C1
:1037B00003F00B03013BDBB20A2B9ABF014AD05C3A
:1037C0000020704722FF03001FB5014690F87030BB
:1037D0008DF80430FFF7EAFFB1F862308DF80C0085
:1037E000ADF80630B1F8643001AAADF80A30B1F88E
:1037F00066300748ADF80830B1F86C3040F203117C
:10380000ADF80E301AF0B4F905B05DF804FB00BF56
:10381000D025002007B590F870308DF8051001AA6A
:1038200040F2072103488DF804301AF0A1F903B0E3
:103830005DF804FBD025002038B50A4B04461B6810
:103840000D462BB143699B0702D515F09EFC30B1A4
:103850002A4620680421BDE8384016F05DBFA36900
:103860009D6138BD28260020014B1860704700BFBD
:1038700028260020024B1868003818BF0120704726
:103880002826002013B50446019120B901A81AF09A
:103890003AFA212012E008460029FAD01AF0B8FAC4
:1038A00080B20028F2D0094B20461B6801994BB129
:1038B000984728B920460199FEF71EF802B010BDBE
:1038C0000020FBE701F05AFAF3E700BF28260020AA
:1038D00038B5436A0446590415D4134A03F4004327
:1038E00092F82B20012A0FD1826A92040CD4002B6B
:1038F00001460CBF5320142014F0DBF918B9636A99
:1039000043F00803636238BD002BFCD1074D20460D
:103910002946FDF7AFFF0028F5D12868AA88AB79C2
:103920002060A280A371EAE75425002063250020CF
:103930002DE9F041164D85F82A0038B300EBC000A0
:10394000C1000023012204200DF0D0FE044650B92E
:1039500004200DF049FF4827A046286095F82A303A
:10396000A34203DC00242046BDE8F0812E68142227
:1039700007FB04660021C6F8188006F1340019F030
:1039800059FE304615F02FFA0134E7E72860E9E7E1
:1039900054250020074B93F82A20824281BF1B68E0
:1039A00000EBC00003EBC003586A8CBF00F00100BD
:1039B000002070475425002008B50146FFF7EAFFB4
:1039C00040B1054B01EBC1011B6803EBC103586A11
:1039D000C0F3C02008BD00BF542500202DE9F04FE2
:1039E0000746384A93B0106851680FAB03C390681C
:1039F000354A1860146807EBC70304EBC304E37B84
:103A000012AA02EB430333F80C1C636A94F82E806D
:103A1000DA0494F82F6047D40126B04641F0100133
:103A200094F80D90C3F3404A5B0348BF4AF0020A82
:103A30008BB289F00809B8F1010F94F831500B935B
:103A400004F1070BD4E90723C9F3C00994F9324004
:103A500009D0B8F1020F06D0B8F1040F14BF4FF02F
:103A600000084FF00308012E05D0022E03D0042ECB
:103A700014BF002603263846CDE90C23FFF79CFF30
:103A8000DDE90C230121CDE90760CDE9005138467D
:103A9000CDE90548CDE903BA0B99CDF8089001F0BE
:103AA000D1FA13B0BDE8F08FA26A950648BF41F085
:103AB0002001500648BF41F04001DA0348BF41F001
:103AC0000401ADE72EFF030054250020002170B54E
:103AD0000B4B93F82A601C688E4202DCFF252846B7
:103AE00070BDCDB22846FFF755FF28B1E37B012B0F
:103AF00002D1636ADB06F2D401314834ECE700BF3F
:103B000054250020014B93F82A00704754250020CB
:103B100070B504461546FFF73DFFB8B10E4A04EBF9
:103B2000C4041368E60003EBC4035B6A13F01004DB
:103B30000FD0C3F300330B7013683344DB7B5A1E82
:103B4000042A04D8033B18BF01232B7070BD002347
:103B5000FBE72046FAE700BF542500203F4A70B536
:103B6000146800EBC00304EBC304636A06465B07FA
:103B700004D500231A46194601F046FB636A9D07E7
:103B800006D53046FFF72AFF636A23F0020363621B
:103B9000636A18070CD5A27921463046C2F3C002E9
:103BA00001F0D0FA0546E8B9636A23F008036362BE
:103BB000304615F0B9FA0546A0B9626AD10611D5AA
:103BC000D30404D5304614F070F840B11BE012065F
:103BD000E37B09D4E37B626A023B012B15D9616A5E
:103BE00048071FD4284670BD03F0FB03012BF6D015
:103BF0003046216901F0CCFA636A256123F0800325
:103C000063620028E6D00546ECE7D305E7D53046E9
:103C1000616901F0DBFA00236361636A23F4807356
:103C20006362D2E7E37BA28D012B03D1A2B1802A8C
:103C300028BF802211F0400F94F830304FF001017E
:103C400018BF0123304601F0DFFA0028DBD1636A98
:103C500023F004036362C5E74022EBE7542500200C
:103C60002DE9F04100244827104D95F82A30A34251
:103C700001DCBDE8F081E6B23046FFF78BFE98B17B
:103C800007FB04F828684044436ADA060CD55B0455
:103C90000AD4FFF71DFE2B68304643445A6A42F0AF
:103CA00006025A62FFF75AFF0134DEE7542500206E
:103CB0002DE9F04FDFF8489200EBC003D9F800403F
:103CC00089B004EBC30404F1100A804650460E4646
:103CD00017461AF018F804F11403184602931AF064
:103CE00012F800201AF0D3F90546002800F00381ED
:103CF000012F40F2726718BF1F27012EA6735CD0F8
:103D0000022E0CBF062604260221284615F08FF845
:103D10000121284615F08BF83146284615F087F822
:103D200028461AF075F8012386B2B91B0A220093BF
:103D300089B242F60723284615F0C9F80423064441
:103D4000B6B2B91B0093122242F60423284689B268
:103D500015F0BDF80644B6B2BB1B012B06950393C4
:103D60002DDC002399F82B20002A00F0A480504677
:103D700019F0C9FF636A256143F080026262DB04C7
:103D800000F1AB8099F82B00002840F0A6801AF0D3
:103D90007EF90790002800F0A080394615F052F80F
:103DA000002800F0A4800298079D19F0ACFF636A18
:103DB000656143F4807363628FE00526A4E7002009
:103DC0001AF065F907900028CBD0BB1E9B1B02217F
:103DD0001FFA83FB00F09CFF8345064611D22BF0AF
:103DE00001018AB2411A07A804921AF0B3F8049AA2
:103DF000164602223EB90798F0B907A819F083FFCA
:103E0000AFE70322F6E7711C0698C9B2049215F0D9
:103E10000EF8049A0698114615F009F8079906A8B5
:103E20001AF011F900201AF032F90790002836D064
:103E3000ABEB06031FFA83FB5B46022B38BF022362
:103E40009A1E92B20F2A31D91021049200F060FF1D
:103E5000049A034682421FD222F00F018AB293468F
:103E6000411A07A81AF076F85B460622591C0698F4
:103E7000C9B20493059214F0DAFF059A0698114628
:103E800014F0D5FF079906A81AF0DDF8049BB21CC0
:103E900013449BB23EB965E740B10722E6E707A8A5
:103EA00019F031FF334602339BB25BE707A819F0E4
:103EB0002AFF3346EEE7039A2846D11A89B214F056
:103EC000C1FF0646504619F01EFF636A256143F0A4
:103ED00080026262002E3FF452AF606A10F0100060
:103EE0000AD0404609B0BDE8F04FFFF737BE07A83B
:103EF00019F009FFF1E71A2009B0BDE8F08F00BF03
:103F00005425002070B5054614461E46FFF742FDB5
:103F100030B3144B05EBC505186800EBC500426AC9
:103F200093050BD44FF6DF73A1F120059D4217D8FE
:103F3000A4F120059D4213D8A14211D8C3698B4238
:103F400002D1036AA34204D0C0E9071442F002027E
:103F500042629DF81030868580F83030002070BDB8
:103F60002120FCE754250020044A00EBC00311681F
:103F700001EBC301CA7B15F003B800BF5425002034
:103F8000F8B505460C46FFF705FD28B3052923D8EB
:103F9000124E05EBC5023368D70003EBC203186964
:103FA00019F036FF1F2817D833683B44586919F0B9
:103FB0002FFF1F2810D8012C0ED0231F012B0BD947
:103FC0003168224639444B6A284623F482534B62B7
:103FD000BDE8F84014F0D4BF2120F8BD54250020DE
:103FE00010B50446FFF7D6FC90B10A4A04EBC403AF
:103FF000106800EBC300436A23F0500343F004034E
:10400000436214F0E6FE2046BDE81040FFF7A6BD6F
:10401000212010BD54250020002270B5054611480E
:1040200090F82A400368944201DC1A2016E0596A8D
:10403000CE0714D493F83960760710D4D0F80F0067
:10404000094C1860A688A07941F00901D4B2987192
:104050009E8020465962FFF7C1FC2C7070BD013272
:104060004833E0E7542500206325002070B5FFF7B2
:104070002DFDFF28044615D00B4D03B2286803EB35
:10408000C30300EBC300DE00436A23F01003436266
:1040900014F09FFE2968204631443431BDE8704059
:1040A000FEF750BB70BD00BF5425002083782DE97A
:1040B000F041122B0F463CD10B689A790C32134415
:1040C000DD781E790DB145F480553046FFF762FC6E
:1040D000D0B1DFF8648006EBC603D8F8004004EBEB
:1040E000C304636A23F01003636295B92246314624
:1040F000A06908F12E0300F0D9F822222946A56113
:1041000008F12E0019F096FA3846BDE8F04119F092
:10411000FABD204614F05DFE636A5A0603D523F00B
:1041200040036362F0E7304604F13401FEF70AFB16
:10413000EAE7BDE8F08100BF542500200020094BCC
:1041400010B55862FFF784FA04461CB9BDE8104068
:10415000FFF716BB204641F2160114F04BFF6468CE
:10416000F3E700BF54250020A0F11B03E02B10B59E
:10417000044618D8042142F2240014F038FA6FF0F3
:104180006F0343714223A0F8034083710748F9F796
:10419000EBF814F070FA407920B114F06CFA407921
:1041A00040F4805010BD2120FCE700BFFF610300F8
:1041B00037B504460D4614F044FF6988204614F0D4
:1041C0008EFC6A7E2B7E204643EA0223A4F86230EE
:1041D0006A7F2B7F43EA0223A4F86430EA7EAB7E39
:1041E00043EA0223A4F866301B23A4F86C302D4B5D
:1041F000DA8B1B8CA4F86820A4F86A30022384F8B8
:10420000723014F0E6FA204616F068FB94F873302A
:10421000022B15D101F04AF970B194F975300133D0
:104220000AD105212046A36843F48053A36003B05C
:10423000BDE8304014F05CBF0021204614F052FC71
:104240000021204600F02AFA4FF6FF73288C98428E
:1042500025D000F0C3F9009400F0AEF96A46ADF83D
:10426000040040F20621104819F082FC002240F2BE
:104270000221204619F038FC2046FFF7A5FA204617
:1042800016F038FB204600F0B1FEA368012123F4AC
:1042900080432046A36014F033FF03B030BD0020FC
:1042A000D9E700BF54250020D0250020F7B50446EB
:1042B0000F46164668465A79991D1D46FDF7B8FA0D
:1042C0002CB969463046FFF769F90446A0B140F2BF
:1042D000032384F87670A4F8723033682946C4F852
:1042E0005A30B3882046A4F85E30B37984F8603041
:1042F000FFF75EFF03B0F0BD032140F2064014F06B
:1043000076F96B88A0F803300D2343710148F9F763
:104310002BF8EFE7E360030007B590F870304FF437
:10432000887101AA03488DF8043019F021FC03B00C
:104330005DF804FBD02500202DE9FF4103780446F9
:10434000302B0E4639D006D8052B25D0082B41D06E
:1043500004B0BDE8F0813E2BFAD183780C2B4BD80A
:10436000022BF5D9033B092BF2D801A252F823F016
:104370000944020043450200514302005143020038
:10438000DB4402005143020051430200514302004A
:10439000514302002F450200B0F80300FFF73CF93B
:1043A00028B1617909B141F4805114F023FE3046FF
:1043B00004B0BDE8F04119F0A6BCB0F80300FFF767
:1043C0002BF90028F3D0A17809B141F4805114F001
:1043D0006AFEECE7B0F80300FFF71EF90028E6D00C
:1043E000627990F8743022B143F0010380F87430A0
:1043F000E9E703F0FE03F9E7212B00F0B780292B52
:104400001FD0202BD3D0A3E78088FFF705F9002821
:10441000CDD0E278002ACAD1E179A27942EA01221C
:10442000A0F86220E17AA27A42EA0122A0F8642090
:10443000227A617A42EA0122A0F86620FFF7C4F9E5
:10444000B5E7C778851C3C2F02D1FFF70FFEAEE71A
:1044500090F80680B8F1000F23D1544A546AC2F88C
:104460002480CFB12946204647F4805714F0E9FD57
:10447000E76084F8728040F20121204601AACDE96C
:10448000014719F075FBA368414643F48063204659
:10449000A360FFF70DF98AE729462046FFF788FE5B
:1044A00085E74FF6FF73408C98420BD000F096F8EA
:1044B00040B1FDF777F92B460246FF210020FFF7B8
:1044C000F5FE74E73A4B223455F8042BA54243F825
:1044D000042BF9D12A881A8069E7B0F80300FFF7A6
:1044E0009BF800283FF463AF40F20911B4F805309F
:1044F00090F87020A0F86C308DF80420ADF80630EC
:10450000227AE37943EA0223ADF80830A27A637A8B
:1045100043EA0223ADF80A30227BE37A43EA02231E
:10452000ADF80C3001AA234819F022FB3FE7808840
:10453000FFF772F800283FF43AAFA179FFF76AF964
:1045400035E78088FFF768F800283FF430AF90F82F
:1045500070300E218DF80430D4F8063001AACDF861
:104560000530D4F80A30CDF80930DCE78088FFF751
:1045700053F800283FF41BAF90F870304FF40371EC
:104580008DF80430E37801AA8DF80530A3798DF811
:104590000630E3798DF80730237A8DF80830637A96
:1045A0008DF80930A37A8DF80A30BCE75425002035
:1045B00082250020D025002050B10C22064B1B681C
:1045C000C31AB3FBF2F3807A40EA032080B270474B
:1045D0004FF6FF70704700BFBC0B00200246094930
:1045E0000B7A0968FF2B01D10020704703EB4303CE
:1045F00001EB830031F82330C3F30B039342F4D073
:10460000C37AEFE7BC0B002008B5054B054A1978C3
:10461000054819F0C1FEF722044B1A8008BD00BFFF
:10462000E02D00203AFF0300742D0020180D00201B
:1046300010B5044670B30068836CA34222D163684E
:1046400083642246144919F05BFA04F10C0019F056
:104650007BFA04F1440019F056FBFFF70BF958B14F
:10466000A06948B1143019F04EFBA069183019F058
:104670004AFBA0690DF0CAFA2046BDE810400DF0D3
:10468000C5BA1346002BDCD05A68A242F9D1626841
:104690005A60D6E710BD00BF1B920300F8B505466F
:1046A00048200E4619F07DFE2A4F0446387818B18E
:1046B0004822214619F073FE8CB1FFF7DBF898B160
:1046C0001C2019F06EFE0146A061387810B11C2242
:1046D00019F065FEA3692BB920460DF097FA002466
:1046E0002046F8BD00221A700321284614F0FAF97A
:1046F000AB6C22466360AC6417232681002663817D
:10470000154928462560267766640CF063FF03F0A0
:10471000EFFC3246014604F10C000CF05BFF022373
:104720002374FFF7A7F818B90C4B1B78002BD7D0D0
:104730000B4B19881729D3D9204614F062FA0028A8
:10474000CED11221204614F02DFD636943F00203FF
:104750006361C5E7742D00201B920300732D0020B8
:10476000180D0020F8B5054610B3002920DB114CC8
:104770002468247E8C421BDD3F2919DC032701F0CD
:10478000030600EBA10191F831407600B74002F03A
:10479000030224EA0704B240224381F8312013B116
:1047A000002114F0B9FD2846BDE8F84014F011BE10
:1047B000F8BD00BF3426002070B5164600221A70DE
:1047C00032800A7A0D46072A4DD8DFE802F0040944
:1047D0000D111A1E304AE86830F8023B338043E07E
:1047E000EB68981D5B88F9E7EB68981D9B88F5E7F7
:1047F000697B14F0DEFD02221C4B188018463280C3
:1048000032E002231A4833802EE01A4C2B7BE889D1
:1048100023702B88E11C013363702B8801331B123A
:10482000A37000F0DBF90330308020461CE0124C0E
:10483000A889EB89020AA3701B0A20706270E370DA
:1048400000F040FA58B1C3681A88022A07D19A7852
:104850002271DB78637106230748338004E0042368
:10486000FAE780221A70002070BD00BF8E2D002054
:104870004AFF03007B2D0020752D0020054A064BC2
:104880001860136843F001031360828B034B1A8096
:10489000704700BF2C26002034260020562B002015
:1048A00000232DE9F04FDFF8C09191B0D9F80070E6
:1048B000054617F00807CDE90633CDE908330AD0DD
:1048C000664B03F1100253F8041B934245F8041B96
:1048D000F9D1002011E00320F3F7A4F819F061FDED
:1048E000804648B10620F3F79DF819F05AFD0646B8
:1048F00030B940460DF08AF91A2011B0BDE8F08FAA
:10490000CDE90477F6F70CFA044668B140460DF09D
:104910007DF930460DF07AF940F20740214600F06B
:1049200069FE40F20740E8E74FF4A0524C4BC6E95D
:104930000323F369002B42D14FF4105333808023BB
:1049400010227380304604AB06A90FF07BF80446B2
:10495000A0B94046424A04990FF052F9044668B99A
:104960008346404BBAB21B68D98891422FD8102297
:104970002946404605AB0FF061F9044640460FF06A
:10498000C9F840460DF042F930460FF0B9FA30460A
:104990000DF03CF904980EF056FF002CBCD12F4BC3
:1049A00005F1100255F8041B954243F8041BF9D198
:1049B000D9F8003043F00803C9F8003089E73B46D6
:1049C0003A464FF4105130460FF0A6FAB7E71A688E
:1049D000BCB2210102EB04142046ADF80EB00191E7
:1049E000009215F0DEF88246204600F03FF930B321
:1049F000DDE90021AAF5205080B2032802D9BAF5DA
:104A0000245F1ED1525A00202146ADF828200DF116
:104A10000D030DF10E02ADF82AA0FFF7CDFEBDF893
:104A20000E2001460BA818F010FEBDF80E204046DF
:104A300004320AA90FF0E7F8044600289ED1013796
:104A40008FE70AF55640FF3080B20428F7D8525A53
:104A5000ADF82AA0ADF82820E7E700BF902D002090
:104A60000002C003342600202C260020134B0146F0
:104A70001B6870B513F0040306D00022104B1C68AD
:104A8000E38990B2834209D80E4A14680022E5896E
:104A900090B2854209D84FF6FF7005E0A56835F859
:104AA000125001328D42ECD170BDA66836F812600A
:104AB00001328E42ECD1034498B2F5E72C26002057
:104AC0003026002034260020094B1B685B070AD5DE
:104AD000084B1A68D389834203D9936833F81000CE
:104AE0007047C01A80B2044B1B689B68F6E700BF92
:104AF0002C260020302600203426002038B50468FB
:104B000005460C222046084918F06AFD50B90222D9
:104B1000064904F10E0018F063FD18B902200C34A8
:104B20002C6038BD1020FCE74DFF03005BFF030045
:104B30002DE9F743102801910BD0022804D04FF63D
:104B4000FF7003B0BDE8F083019B1888FFF78EFF6C
:104B5000F7E701A8FFF7D2FF0228F5D01028EED121
:104B60001B4B019F1E6816F0040608D00024194B49
:104B7000D3F80080B8F81660A5B2AE421AD8002566
:104B8000154BD3F80080B8F81690ACB24C45D6D28D
:104B9000D8F81000102200EB0510394618F020FD5F
:104BA00001350028F1D1A0196FEA40406FEA50406A
:104BB00080B2C6E7D8F81000102200EB0410394686
:104BC00018F00EFD01340028D6D145F40040B8E7B6
:104BD0002C2600203026002034260020020408B5B0
:104BE0001DD5124BC0F30E001B685B0713D5104B8D
:104BF0001A68D38A98420CD2136903EB001000F1B3
:104C0000100350F8042B984241F8042BF9D11020DE
:104C100008BDC01A80B2074B1B681B69EDE7FFF7A0
:104C200053FF0870000A48700220F1E72C2600208C
:104C3000302600203426002070B5044642F60306D4
:104C4000094B1B681D68A5420AD2204629B914F0F9
:104C5000A8FFB04206D1103402E014F0ACFF08B156
:104C6000204670BD103CEEE734260020437ADA0778
:104C700002D5C3F380007047034BC2881B881A42D9
:104C800014BF012000207047562B00200A4B1B68E0
:104C9000DB0708D570B1094B1B68DB88834234BF42
:104CA00000200120704728B1054B1B88834294BF28
:104CB00000200120704700BF2C2600203426002051
:104CC000582B002070B50246FFF7E0FFE8B10F4B0C
:104CD0001968CD88954209D302F180500B680138DC
:104CE000040103EB00101B5B93420ED0002398B22B
:104CF000854201D8002008E00E681C01345B06EBF9
:104D00000310944203F10103F1D170BD3426002059
:104D10002DE9F34100250E46A846174F01903A6849
:104D2000ABB2D18899421DD91468ABB204EB03141D
:104D3000B4F90430002B1CDA2046FFF797FFC0B10E
:104D4000E1680B889E4214D132460198023119F075
:104D50009CFAE36882B21B88934207D0114601A8EF
:104D600019F0F8F8404602B0BDE8F08143441FFA5C
:104D700083F80135D3E700BF3426002037B58B799F
:104D80000A460C33CD180191C95C044611F00103A9
:104D900029D01D290AD101211E2013F0D4FE01467D
:104DA000204613F028FF012003B030BD032916D19F
:104DB0000E4BB5F801201B884189934228BF13464A
:104DC000172BB8BF1723438114F0C1F9636940F270
:104DD000094123F002032046636114F0E0F901A8C1
:104DE00018F091FFDFE71846DEE700BF180D00203E
:104DF00038B5124B04461B8842898B4228BF0B46AC
:104E0000172BB8BF17231146438114F0A0F963692B
:104E100023F002036361A3699D693DB10022294625
:104E200020469A61BDE83840FEF706BD40F20941D0
:104E3000204614F0B4F9A3691D7038BD180D002088
:104E40000148FEF711BD00BFF980020008B500213E
:104E500042F20E0013F0CBFBBDE808400148F8F722
:104E600083BA00BFCF61030038B590F872300446B2
:104E7000032B154606D1FFF7E9FF0123002084F834
:104E8000723019E0C9B9012B2DD9032140F2064037
:104E900013F0ADFBB4F86E304571A0F80330134841
:104EA000F8F762FA13F0E7FB8378002BE5D013F0F4
:104EB000E2FB807840F4805038BDA3B102214FF668
:104EC000044013F094FBB4F86E30A0F803300848A7
:104ED000F8F74AFA13F0CFFB4379002BCDD013F04B
:104EE000CAFB4079E6E70220E6E700BFE360030083
:104EF00019610300F8B507460E4642F213000E2171
:104F000015461C4613F073FBB7F86E30A0F8056029
:104F1000A0F80330BDF81830A0F80750A0F80B3007
:104F2000BDF81C30A0F80940A0F80D30BDF82030C5
:104F3000A0F80F300648F8F717FA13F09CFB8078BA
:104F400020B113F098FB807840F48050F8BD00BF8A
:104F50005B610300F8B507460D4642F219001C21BB
:104F60001C46164613F043FBB7F86E300F3020F89E
:104F70000C3C2B6804F1100240F80A3C6B6820F8E6
:104F8000026C40F8063C234653F8041B934240F859
:104F9000041BF9D10648F8F7E7F913F06CFB8078A9
:104FA00020B113F068FB807840F48050F8BD00BF5A
:104FB0000B60030070B506460D4642F27A000421EC
:104FC000144613F014FBA0F8036045718471064881
:104FD000F8F7CAF913F04FFB407920B113F04BFBFF
:104FE000407940F4805070BD5B65030010B5044605
:104FF000022142F2300013F0FAFAB4F86E30A0F851
:1050000003300F48F8F7B0F913F035FB437963B973
:1050100013F031FBC088FEF7FFFA044628B113F005
:105020002AFB017A2046FEF7F5FB13F024FB4079BA
:1050300020B113F020FB407940F4805010BD00BF38
:105040008DD601002DE9F041154606460F4642F285
:10505000360019211C46DDF8248013F0C8FA2B0A0B
:10506000C371230A83729DF81830857103739DF80C
:105070001C30447243739DF820302D0C240CC670F4
:1050800087800572C4728373D8F80030C0F80F307F
:10509000B8F804308676A0F813309DF828304375B0
:1050A0009DF92C3083759DF83030C375002303764D
:1050B0009DF8343043769DF83830C3760648F8F7CB
:1050C00053F913F0D8FA407920B113F0D4FA4079AB
:1050D00040F48050BDE8F08135D4010038B5054674
:1050E0000C464FF61940052113F081FAC570446053
:1050F0000648F8F739F913F0BEFA407920B113F0F9
:10510000BAFA407940F4805038BD00BFB75D030063
:1051100038B505460C464FF61A40052113F067FADC
:10512000C57044600648F8F71FF913F0A4FA4079F7
:1051300020B113F0A0FA407940F4805038BD00BF90
:10514000E75D030070B50D4606460121DAB1FFF7B1
:10515000C5FF0446A8B9072142F2350013F047FA0B
:10516000C6702B684360AB8803810848F8F7FCF8E9
:1051700013F081FA437923B113F07DFA447944F4B2
:105180008054204670BDFFF7C3FFE2E7775F03005E
:105190000A4610B50421044642F2370013F03CFAE7
:1051A000032303710023C470437183710648F8F729
:1051B000DBF813F060FA407920B113F05CFA407923
:1051C00040F4805010BD00BF6B5E03000A4610B56E
:1051D0000421044642F2380013F01EFA032303713F
:1051E0000023C470437183710648F8F7BDF813F0CB
:1051F00042FA407920B113F03EFA407940F48050F1
:1052000010BD00BFB75E0300F8B506460F4642F278
:105210003900062114461D4613F0E9F90123847173
:10522000240A0371C7704671C47105720648F8F705
:105230009BF813F020FA407920B113F01CFA407962
:1052400040F48050F8BD00BF035F03000148FDF744
:1052500007B800BF595202002DE9F04F867987B098
:105260000C3605900546805BC0F30B00FEF7D4F9C1
:10527000044618B905A818F046FD4EE090F87230C3
:10528000022BF7D1AB5B059AC3F30B0103F4405338
:10529000B3F5805F9060A95342D153796FF3000357
:1052A0005371836B002BE5D0042105A804F1380667
:1052B00018F029FE3046059918F00CFEA06B00236B
:1052C00001465A1CA9BBDBB2012B01D918F073FEB1
:1052D000A06B18F09DFD03281FD9D4F838904846DC
:1052E00099F8067018F094FD0C3709EB070539F8AA
:1052F0000770A0F10408474522D9524FD4F838A0CE
:1053000007F1100957F804BB534642462946204688
:10531000D8474F4510D00028F4D007B0BDE8F08F33
:10532000383018F0F0FC059A537943F001035371BB
:10533000BAE713460968C4E70028EED130469AE779
:10534000A06B18F065FD04378742F7D36988A1F197
:1053500040033F2B0BD80421304618F0D4FD2046E3
:10536000A26B698815F022FA0023A363D5E705290B
:105370000BD0062961D00429E0D1304618F0C3FDD6
:10538000A16BA06CFEF77EFAEEE72946204615F0E9
:105390000BFA02460028D1D12B79122B06D0132B01
:1053A00036D02046697915F0D7F9C7E794F87330FD
:1053B000022BF6D040F67A4029898B1F9BB283429C
:1053C00024D86A89931F9BB283421FD891421DD86B
:1053D000AB89B3F5FA7F19D240F6764CEF89A7F185
:1053E0000A0080B2604511D8B4F86A000290B4F89F
:1053F0006800CDE900702046FFF77CFD021E18BF53
:1054000001222046697915F063F997E70122F8E750
:1054100094F87330012B03D12046697915F09CF97B
:10542000A3681A048AD523F40043A3602B89012BB7
:1054300084D12046FEF770FF80E72046A16B15F06F
:105440004BFA91E760FF03000C4B01461A789AB9BA
:105450005B689B0710D490F97520013218BF0122B8
:1054600091F8523013F0400005D091F8600010F030
:10547000400018BFD0B270470122F1E73826002063
:10548000024B586800F00200704700BF3826002029
:10549000024B586800F00800704700BF3826002013
:1054A000014B1B68184700BFC80B002008B512F05D
:1054B00099FB022817BF034B0020586800F010002A
:1054C00008BD00BF3826002007B50246084604285C
:1054D00002F0010113D9B1B903200C4B5A6002F05C
:1054E0008003019302F04003009302F0200302F0D6
:1054F000040200F05FFB002003B05DF804FB00290C
:10550000EBD00328E9D12120F6E700BF38260020A0
:1055100038B50D490D480CF089FB0446054688B99D
:105520000B4B0C4A1A600C4A5A600C4A9A600C4A9F
:10553000DA6000F091FB032104462846FFF7C4FF20
:10554000084B1D70204638BDEFBEADDEBEBAFECAA8
:10555000C80B0020A95B0200C5AC0300F55B02008C
:10556000817302003826002038B5044603200CF071
:105570002FFB0546D0B194F87030037094F8753065
:1055800043702046FEF712F92A46A87040F20261E5
:10559000074818F0A9FA074B2046DB680121984715
:1055A00094F97500BDE83840FBF748BD38BD00BF31
:1055B000D0250020C80B002070B5054608200E46F7
:1055C0000CF006FB044680B195F8703000210370A2
:1055D000064B4660DB68284698472246BDE8704087
:1055E00040F20161024818F07FBA70BDC80B00207C
:1055F000D025002038B5054608200C460CF0E8FA06
:10560000024638B1C0E90054BDE838400D210248D7
:1056100018F06ABA38BD00BFD025002038B505465D
:1056200008200C460CF0D4FA024650B195F87030C0
:1056300040F20561037044600248BDE8384018F04C
:1056400053BA38BDD025002013B504460191114648
:1056500012B301A904200CF0F9FA019B104A20466C
:10566000B3FBF2F102FB113345F218020021019362
:1056700001AB15F086FA08200CF0AAFA024648B1F0
:1056800094F8703040F204610370019B4360054858
:1056900018F02AFA02B010BD45F2180201ABE8E793
:1056A00040420F00D025002010B5044601200CF028
:1056B0008FFA024648B194F8703040F203610370EB
:1056C000BDE81040014818F00FBA10BDD0250020E9
:1056D00038B5054608200C460CF07AFA024650B15F
:1056E00095F8703040F20761037044600248BDE8ED
:1056F000384018F0F9B938BDD0250020014B5B685F
:10570000184700BFC80B002010B50F4C2368D3B159
:105710000022D3F8A0001A7783F83D2083F85E209A
:105720000EF091F820684421603018F0FEFD2068EA
:1057300021211D3018F0F9FD20682121BDE810401D
:105740003E3018F0F2BD10BD4026002000F0C0032E
:10575000402B07D1094B1B6873B100F03F0053F891
:1057600020007047802B01D1054BF4E7054A06481D
:10577000C02B08BF104670470348704748260020DA
:1057800044260020C7AD0300756002002DE9F043F8
:105790008BB006AC884615460346264600F1100736
:1057A000224618685968083303C2BB421446F7D131
:1057B0001021304618F0ABFD002306200593F2F7C8
:1057C00031F918F0EEFD044648B3DFF880904FF44D
:1057D000807115F0D3F84FF41051C0F8109015F007
:1057E000DBF980231027638005AB284602933246FD
:1057F0003B464946CDE90087F5F7CCF90546F0B9B7
:105800003946404618F083FD3946304618F08DFD84
:1058100020460EF075FB20460CF0F8F90BE06FF017
:105820008C0140F20740FFF7E5FE1021304618F0EA
:105830007CFD6FF08C0528460BB0BDE8F083014677
:1058400040F20740FFF7D6FEDEE700BF0044400409
:105850002DE9F0439846002387B0044606200E4603
:105860001746CDE90433F2F7DDF818F09AFD054646
:1058700060B3DFF884904FF4805115F07FF84FF457
:105880001051C0F8109015F087F9802321466B80E5
:105890001022284604AB0EF0D5F8044628BB05AB11
:1058A000029310233246CDE9008349463B460498D3
:1058B0000EF0F5F90446C0B904980DF0C4FF28466F
:1058C0000EF01EFB28460CF0A1F90AE06FF08C01E7
:1058D00040F20740FFF78EFE04980DF0B4FF6FF022
:1058E0008C04204607B0BDE8F083214640F2074013
:1058F000FFF780FEE0E700BF0002C00370B50E4670
:105900000446154692B020223046434917F068FEFF
:1059100068B920222846414917F062FE38B9404B49
:105920001B681B7D002B63D040F203401BE0246CFE
:105930002022304604F1510117F052FE38B92022DE
:10594000284604F1710117F04BFE0028ECD0062028
:10595000F2F768F818F025FD044630B901461A2020
:10596000FFF748FE1A2012B070BD00234FF48041AB
:10597000009315F003F82B4B44F21211036115F05C
:105980000BF94FF480736380042330468DF80430A4
:1059900006F120020DF1050350F8041B904243F874
:1059A000041BF9D10DF10500202118F0B0FC2846A8
:1059B0000DF1250305F1200250F8041B904243F835
:1059C000041BF9D120210DF1250018F0A0FC01A93C
:1059D0006B46412220460EF035F8014650B920466C
:1059E0000EF08EFA20460CF011F900980DF02BFF06
:1059F0000020B8E710F1870F03D040F20740FFF70F
:105A0000F9FD20460EF07CFA20460CF0FFF80098D5
:105A10000DF019FF88E700BF840004006400040053
:105A200040260020000002092DE9FF41044606201F
:105A30008846F1F7F7FF18F0B4FC054648B901466F
:105A40001A20FFF7D7FD6FF08C04204604B0BDE8A4
:105A5000F0814FF4807114F091FF184B4FF4105106
:105A6000036115F099F822466C46802327466B8027
:105A700002F11003264610685168083203C69A42A4
:105A80003446F7D11021384618F041FC4346102225
:105A9000394628460DF0D6FF044620B1014640F2B3
:105AA0000740FFF7A7FD1021384618F03EFC2846B6
:105AB0000EF026FA28460CF0A9F8C6E70044400488
:105AC000FF282DE9F74318BF344C814618BF44EA3C
:105AD00000244FF006000F46164608BF304CF1F781
:105AE000A1FF18F05EFC8046002852D001462046F7
:105AF0000DF0BDFE054640460EF002FA40460CF0A1
:105B000085F815F1880F40D1B9F1FF0F3FD106207C
:105B1000F1F788FF18F045FC044658B901461A20F1
:105B2000FFF768FD002005463C6006B1356003B014
:105B3000BDE8F08300231A4A019343688260DAB219
:105B400022B923F0FF0343F001034360204640F2F3
:105B5000011114F013FF134B4FF41051236115F092
:105B60001BF8802301A9204663800EF007F9014647
:105B700018B140F20740FFF73DFD20460EF0C0F996
:105B800020460CF043F8019CCCE7002DCAD0212020
:105B9000CBE71A206FF08C05C7E700BF0680040032
:105BA0003700040000444004014B1B68187A70471A
:105BB00040260020003918BF0121003B18BF0123F7
:105BC00010B50B4C003A246818BF0122A3749DF84D
:105BD00008302070003B18BF0123E3749DF80C309F
:105BE0002174003B18BF01236274237510BD00BFF0
:105BF0004026002001280AD002280ED098B90B4B6D
:105C00001A68936943F00103002093617047074BC2
:105C10001A68936943F00203F6E7044B1A68936924
:105C200043F00403F0E72120704700BF4026002026
:105C3000024B034A00201A60704700BF482600202C
:105C400020000400024B034A00201A60704700BF86
:105C500044260020F8FF030010B5194C236833B91F
:105C6000A42018F09EFB206038B91A2426E0FFF724
:105C70004BFDA421206818F058FB03224FF0FF31A0
:105C8000236810481A70D960002210211A771972FF
:105C900083F83D200C4983F85E201A829A749A6139
:105CA0000BF098FC044648B9F5F73AF830B12246B3
:105CB0000549044817F024FF40F20744204610BD70
:105CC000402600204C260020F3AA03002DE9F043D3
:105CD00083680446590687B040F1B18023F0400341
:105CE000836014F013FF802802D0402840F0AA807F
:105CF00094F9758004F13409B8F1FF3F1DD111F01A
:105D000071FF022871D0636B04201A888DF8082077
:105D10001A4632F8021B090A8DF80910D3F802302E
:105D200002A9CDF80A3053680A22CDF80E30FBF7ED
:105D300013F9B0F1FF3F804657D0A56815F4807580
:105D400053D10620F1F76EFE18F02BFB074698B9E9
:105D500001461A20FFF74EFC204641F20601FFF7EC
:105D60002BFC20460021FCF765FB04F1340007B052
:105D7000BDE8F04314F027BF204614F0C7FE80288A
:105D800028D1494D394645EA082528460DF06FFDD2
:105D9000064638460EF0B4F816F1880F1BD1434D75
:105DA000394645EA082528460DF061FD0646384685
:105DB0000EF0A6F838460BF029FF96B9606B2A461C
:105DC00002A90A30FFF7E2FC70B3102102A818F014
:105DD000ACFAC1E72E46204614F098FE4028E9D1DF
:105DE000DDE7314640F20740B4E794F87430DA0753
:105DF00002D4A368DB05AFD5002301A904F1180084
:105E00000193FFF711FE18B101980DF01CFDA3E7F7
:105E1000606B019A02A90A30FFF7B8FC05460198A9
:105E20000DF011FD002DD0D1204602A9FCF702FB98
:105E300002A8102118F079FA484614F0C4FE07B001
:105E4000BDE8F083636B1A88002A85D1882801D0C9
:105E50004B2881D10022013313F8011F00297FF460
:105E60007BAF0132082AF7D1206C019100F59870C0
:105E700001A9FFF7D9FD0028C6D1606B019A02A9DC
:105E80000A30FFF783FC054601980DF0DCFC002D7D
:105E90009BD1204602A9FCF7CDFA02A8102118F0E8
:105EA00044FA04F13400C8E70580040003800400CC
:105EB0002DE9F043804693B006200F4616469946DA
:105EC000F1F7B0FD18F06DFA054648B901461A2001
:105ED000FFF790FB6FF08C04204613B0BDE8F08311
:105EE0004FF4804114F04AFD5D4B47F212110361FB
:105EF00014F052FE4FF480736B805A4B1A68137F74
:105F0000022B21D102F1600302F1800153F8040B4E
:105F10008B4247F8040BF9D102F1A00153F8040BAE
:105F20008B4246F8040BF9D1D2F8A0302846C9F8C4
:105F300000300DF0E5FF28460BF068FEB8F1000FC9
:105F400040F086800024C7E79369DB072DD5464BD8
:105F500003F1200253F8041B934247F8041BF9D1C4
:105F6000424B03F1200253F8041B934246F8041BF2
:105F7000F9D14B4620223E4928460DF063FD0446E8
:105F800028460DF0BDFF28460BF040FE002CD5D072
:105F9000214640F20740FFF72DFBB8F1000F9BD0E0
:105FA0000821404614F0EDFE96E7494628460DF0DC
:105FB000E5FE044690B1014640F20740FFF71AFBA8
:105FC000B8F1000F03D00821404614F0DAFE28464D
:105FD0000DF096FF28460BF019FE7DE76B46412237
:105FE00001A9D9F800000DF0F3FC044628460DF095
:105FF00087FF28460BF00AFE4CB1214640F20740CD
:10600000FFF7F8FAD9F800000DF01DFCC5E73A4695
:106010000DF105030DF1250153F8040B8B4242F8F5
:10602000040BF9D132460DF1450153F8040B8B42B4
:1060300042F8040BF9D101A8412118F076F938464D
:10604000202118F064F92021304618F060F975E736
:10605000002245F21601404614F083FD72E700BFAE
:10606000000002094026002070FF030091FF03009A
:10607000A400040045F20603994210B504463CD042
:106080000DD840F2032399421AD045F202039942F7
:1060900011D040F20123994212D048202CE045F261
:1060A000170399423AD045F21A0399421CD045F29F
:1060B0000C039942F1D10521204614F062FE1AE04A
:1060C000174894F8701017F0F0FC94F873304FF400
:1060D000A041012B14BF80204020FFF737FB002296
:1060E000034620469847D8E7C02114F01FFD07213A
:1060F0002046FFF761FA002010BD93791A44517CC5
:1061000041F49051FFF758FA94F873302046012B70
:1061100014BF8021402114F009FDECE70220EBE7D9
:106120004C260020B1F5A04F2DE9F3410546144659
:1061300000F03681A1F5A043DE1F042E00F2378166
:106140009279083B0C321444026C92F85021032BD4
:1061500005D8DFE813F047009400C5002201D107FD
:1061600040F1BC80053410222146934817F038FADC
:10617000002800F09D8011F035FD0228286C27D002
:106180002246032190F95E01FAF780FE00260746B9
:1061900011F028FD022812D195F87330012B0ED191
:1061A000234605F1180204F1100153F8040B8B4249
:1061B00042F8040BF9D1AB6843F48073AB60102153
:1061C000204618F0B2F8002E6DD0002130462FE0A6
:1061D00023461022032190F95E0111F005FD0027EE
:1061E0000646D5E712F0010778D011F0FBFC022833
:1061F00021D02B6C062093F95E81F1F713FC18F087
:10620000D0F8064608B91A26DFE701466B4840EA8F
:1062100008200DF02CFB804630460DF071FE304614
:106220000BF0F4FCB8F1000F05D0414640F20740F6
:10623000FFF7E0F938E0286C04F1050843460A222C
:10624000022190F95E0111F0CFFCD4F8053006462A
:10625000AB62D4F80930EB62B4F80D302B8600281D
:10626000B3D12A6C92F8503123EA070382F85031F7
:10627000284614F044FE002002B0BDE8F0819207E9
:106280002CD511F0AFFC022804F10504286C16D0BF
:106290000621224690F95E01FAF7F8FD1021074623
:1062A000204618F042F8CFB10821284614F069FDC5
:1062B0002846082114F065FD40F20340DCE7062182
:1062C0002346102290F95E0111F08EFC0646102143
:1062D000204618F02AF8002E7FF477AF0027C0E799
:1062E0009307FBD511F07EFC02281AD02B6C0620F8
:1062F00093F95E71F1F796FB18F053F80646002803
:1063000081D001462E4840EA07200DF0B0FA07463A
:1063100030460DF0F5FD30460BF078FC0FB13946F4
:1063200084E7617989B90A46631D13F8010F60B9E2
:106330000132062AF9D195F85210286C81F0080133
:1063400005F14C03C1F3C00106E000394FF006022D
:1063500018BF0121286CA31D90F95E0111F044FCC7
:106360002A6C0646D2F8583143F04003C2F858313F
:106370006389D4F80600ADF8043063790090002BEF
:106380000CBF4923722368468DF8063012F0E0F9FD
:10639000002E7FF41AAF022763E702F0040760E7DC
:1063A00014F013FB00222B6C83F85C2160E702B031
:1063B000BDE8F041FFF75EBE540004000380040016
:1063C00006800400F0B5B1F5A04F05468DB008D0A9
:1063D00045F21304A14244D00DB0BDE8F040FFF7F0
:1063E00049BE0023046CCDE90833CDE90A3394F8A3
:1063F0005D310DF1200C042B2CD11F4B1B6893F841
:106400005E205AB1674603F13E024E333E461068A5
:106410005168083203C69A423746F7D104F58473AF
:10642000069305F15303059305F15A030493237969
:1064300028460393637904F1C8020293A37904F117
:10644000F801CDE900C304F1B80314F0DFFF002028
:106450000DB0F0BD013B022B9CBFD4F82C3108934A
:10646000DCE7016C01F5847114F0CBFA4A2128466F
:1064700014F05CFBEBE700BF40260020F0B545F2CE
:106480000E06B142044613468DB00BD045F21303FD
:10649000994260D0B1F5A04F77D114F096FA002060
:1064A0000DB0F0BD9979026C0C310B44591D02F509
:1064B0008C72153351F8040B994242F8040BF9D150
:1064C000256C102205F58C7105F5847017F088F89D
:1064D00020B90B21204614F054FCE0E70023CDE95D
:1064E0000833CDE90A3395F85D310DF1200C042B0A
:1064F0002AD1284B1B6893F83D205AB1674603F117
:106500001D022D333E4610685168083203C69A4278
:106510003746F7D105F5A073069304F15A030593A6
:1065200004F153030493EB7A204603932B7B05F18C
:10653000B80202936B7B05F1F801CDE900C305F1C8
:10654000C80314F063FFAAE7013B022B9CBFD5F8F8
:106550002C310893DEE7056C102205F5A07105F5D6
:106560008C7017F03DF80028B3D1D5F858314B2185
:106570009B0748BF94F87430204644BF43F00203A1
:1065800084F8743014F0D2FA89E70DB0BDE8F04019
:10659000FFF770BD4026002073B545F21406B142E6
:1065A00004461AD045F21906B14221D0B1F5A04FE8
:1065B00028D114F00AFA216C204601F59473019356
:1065C00001F1B803009301F1110201F1C803513147
:1065D00014F0BDFF002002B070BD036CD3F8282179
:1065E0000B4BB2FBF3F103FB1121FFF717F8F1E7B7
:1065F00013781BB90C2114F0C4FBEBE7492114F00C
:1066000095FAE7E702B0BDE87040FFF733BD00BF81
:1066100040420F002DE9F04F97B01546DDE9209874
:1066200004AA06468C4692461C46524B229F03F112
:10663000100B9646186859680833AEE803005B45AE
:106640007246F6D16B46202261465046FFF700F9AC
:106650008346002871D1484B05F110020893652349
:106660008DF824300DF12503184655F8041B95428A
:1066700043F8041BF9D1102117F049FE0DF1350341
:10668000184604F1100254F8041B944243F8041B0A
:10669000F9D1102117F03BFE99F80630062183F05E
:1066A0000803C3F3C0038DF84530D9F800300DF16D
:1066B0004600CDF84630B9F804300124ADF84A3030
:1066C00017F025FE98F80630062183F00803C3F37F
:1066D000C0038DF84C30D8F800300DF14D00CDF8E6
:1066E0004D30B8F80430ADF8513017F010FE0023EB
:1066F00035228DF854306846239B08A98DF8534005
:10670000FFF7A6F88346C0B91021239817F0FFFDC4
:106710003B463522684608A98DF82040FFF798F8D7
:10672000834650B9B27C0146C2F11002384616F0D9
:1067300081FF1021384617F0EAFD1021684617F056
:10674000F4FD352108A817F0F0FD1021504617F090
:10675000ECFDBBF1000F06D00821304614F011FB10
:1067600017B0BDE8F08F5A4645F21201304614F0DA
:10677000F8F9F5E7B2FF03000062746C70B51E46CD
:106780000423054696B014468DF8143001F120021A
:106790000DF1150351F8040B914243F8040BF9D1A4
:1067A00020210DF1150017F0B2FD22460DF1350341
:1067B00004F1200152F8040B8A4243F8040BF9D18A
:1067C00020210DF1350017F0A2FD04AB0293202328
:1067D00001931A9B314600930E48412305AA0DF000
:1067E0006BFA0446412105A817F09FFD54B12146DC
:1067F00040F20740FEF7FEFE0821284614F0C1FAD9
:1068000016B070BD224645F21501284614F0A9F9CC
:10681000F6E700BF0000020945F20D039942F7B503
:10682000044627D00DD8B1F5A04F1DD045F2040382
:10683000994200F08F80204603B0BDE8F040FFF79A
:1068400019BC45F21103994200F0A68045F21503E8
:106850009942F0D1006C90F85D31052B06D8DFE845
:1068600003F0503A423A555014F0AFF8002738463A
:1068700003B0F0BD93790C331A44561D02F125057F
:106880002A463146FFF73AF8074620B10B21204649
:1068900014F077FAEBE73146236C113351F8042BEF
:1068A000A94243F8042BF9D1236C01F120023133C2
:1068B00051F8040B914243F8040BF9D1216C2046A6
:1068C00001F1D8030093D1F8943001F13102113174
:1068D000FFF754FFCAE72046452114F027F9204668
:1068E000FEF7E2FEC2E72046452114F01FF9364BC1
:1068F00020461B68D9684B1C5A425A41FEF7A4FE39
:10690000B4E74621204614F011F9AFE72E4B1B687F
:1069100093F85E5065B1002100F1110200F5A070FE
:1069200001900091204611463E3314F078FA9DE71D
:106930001021C83014F03DF900283DD00821204630
:1069400014F01FFA294640F20740FEF753FE40F2CA
:1069500007478CE79179036C0C310A44511DA83329
:10696000153251F8040B914243F8040BF9D1256C10
:10697000102205F1A80105F1980016F031FE20B9AA
:106980000421204614F0FDF970E7D5F8583143F0A2
:106990000103C5F8583169E70B4B056C19681022E3
:1069A0004E3105F5A07016F01BFE0028E8D110212D
:1069B00005F1C80014F0FDF8216C2046C83114F030
:1069C0003CF847219EE700BF40260020F8B545F27D
:1069D00016039942044600F062810BD8B1F5A04F2E
:1069E0000ED045F2030399420ED02046BDE8F84090
:1069F000FFF740BB45F217039942F6D1022002E0AF
:106A000013F0E3FF0020F8BD9379056C0C33D61822
:106A1000F379DF0708D4FEF733FD28B105212046BE
:106A200014F0AFF92120EEE79F4F327A3B681B7AD2
:106A30009A4201D20621F2E7D6F80530C5F80B30AC
:106A4000B6F80930A5F80F300223AB7294F9523032
:106A500094F85210002BB2BF012381F00803C3F356
:106A6000C003AB7094F8603083F00803C3F3C00335
:106A70006B70337A102B28BF1023A374F379D807D7
:106A80002BD5AB79DA0728D5737A2A7A134085F8A3
:106A90005131B37A6A7A134085F8503195F95E31F5
:106AA00001331ED0206C90F850319B0719D481F02F
:106AB0000801062290F95E0104F14C03C1F3C00104
:106AC00011F092F868B140F21B412046FEF774FDC8
:106AD000A3685907A6D50821A1E7002385F85131FD
:106AE000DAE73B68F079597C00F0080229B112B16D
:106AF000AA79120703D4032191E7002A79D0AA7951
:106B0000110776D5D5F8581141F00401C5F8581190
:106B1000B5F8501121F4807121F00101A5F8501150
:106B200093F81CC0B179BCF1020F02D019B3022155
:106B300075E789B1012283F83D20DA7CB2B90422DD
:106B400085F85D21A27C0F2A27D994F8742042F0A1
:106B5000080284F8742020E093F85E20002AE6D032
:106B6000DA7C83F83D10002AE1D1E8E793F85E2053
:106B7000002AE4D1DBE7024312F004023FD072792D
:106B80004A49052A28BF0322187802EB82020A44E8
:106B9000125C85F85D21002AD4D1197C95F85D211D
:106BA00009B1002AA7D0206C042A00F598703AD1C8
:106BB00003F11D022D3352F8041B9A4240F8041BC6
:106BC000F9D1D5F8583195F85D2103F004017ABB6D
:106BD00023F00203C5F85831E27400295AD0216C21
:106BE000204601F1940301F171025131FFF760F980
:106BF00008E71A7F012A05D1B2791AB1042285F873
:106C00005D21CAE7420703D4AA7912F00402F6D044
:106C100072792749052A28BF0322187802EB8202DD
:106C20000A44125CEBE71022002116F003FDC8E7CE
:106C300043F00203C5F8583149B90123013AE3741E
:106C4000032A3FF6DFAEDFE802F010181025A37C20
:106C50000F2B89BF94F87430012343F0080384F8A4
:106C6000743088BF0223E374B9E72046452113F04E
:106C70005DFF2046FEF718FDC4E62046452113F0CF
:106C800055FF3B682046D9684B1C5A425A41FEF7D3
:106C9000DBFCB7E64321204613F048FFB2E613F0D1
:106CA00004FF4221F7E700BF40260020C3FF030096
:106CB000DCFF0300F8B50446FEF7C6FB266C05466C
:106CC00028B394F975305F1C0BD086F85E31FEF75F
:106CD000D7FB0721012013F088FE024618BB1A21BA
:106CE00011E02046FAF792FA86F85E01236C93F9D8
:106CF0005E310133EBD1FEF7C3FB90B1A3685D07B2
:106D000009D441F205212046FEF756FC07E0FF2397
:106D100086F85E31EFE70521204614F032F80020B6
:106D2000F8BD0025D5E73249867909680C3691F817
:106D300000C0831983F801C091F81CE0281E18BF19
:106D40000120BEF1010F0DD183F802E0D870487C1C
:106D500000B3D87800071DD4A3685B07DBD441F2E9
:106D60000321D0E78F69BEF1020F07F002070ED1B1
:106D700091F85EE0BEF1000F09D04FF0010E83F8EC
:106D800002E0D870002FE2D140F00800DEE74FF0BB
:106D9000000EF4E7BCF1030F07D0096911F0FF1FE3
:106DA0001EBFD97841F00401D97094F874108F0790
:106DB00008D5D978480705D4BCF1030FCFD041F0EE
:106DC0000401D970002D18BF032510215D711971C0
:106DD0009D71216C9059C1F803009888A1F80700B3
:106DE0009B7920464B72062113F096FC012097E711
:106DF00040260020F0B545F20E06B1420446154685
:106E00008DB00ED045F21306B1425CD0B1F5A04F63
:106E100040F0BD8013F0D9FD236CD3F85831190729
:106E200057D5236CD3F8582112070CD4AA7903F54F
:106E300084730C3215446A1D153552F8041BAA429E
:106E400043F8041BF9D10023256CCDE90833CDE9C3
:106E50000A3385F85C3195F85D310DF1200C042B77
:106E60002AD14D4B1B6893F83D205AB1674603F178
:106E70001D022D333E4610685168083203C69A42FF
:106E80003746F7D105F5A073069304F15A0305932D
:106E900004F1530304932B7905F1C80203936B7932
:106EA0000293AB79CDE900C305F1B803204605F1A3
:106EB000F80114F0ABFA0CE0013B022B9CBFD5F8B3
:106EC0002C310893DEE7056C95F85C3123B1012B7A
:106ED00054D000200DB0F0BD102205F5A07105F5CD
:106EE000847016F07DFB20B10B21204613F049FF82
:106EF000EFE7D5F858310DF1200C9B0742BF94F80D
:106F0000743043F0020384F87430012385F85C3157
:106F10000023CDE90833CDE90A3395F85D31042B20
:106F200025D11D4B1B6893F85E205AB1674603F1CB
:106F30003E024E333E4610685168083203C69A42FC
:106F40003746F7D105F58C73069304F15303059387
:106F500004F15A030493EB7A05F1B80203932B7BF7
:106F600002936B7BCDE900C305F1C8039EE7013BAB
:106F7000022B9CBFD5F82C310893E3E705F58C7103
:106F800013F03FFD8821204613F0D0FDA1E70DB09E
:106F9000BDE8F040FFF76EB84026002045F214032C
:106FA000994213B504462BD00CD8B1F5A04F13D09D
:106FB00045F20E03994232D0204602B0BDE810409F
:106FC000FFF758B845F219039942F5D1137813BB6E
:106FD0000C2113F0D6FE10E013F0F7FC216C2046D4
:106FE00001F59473019301F1B803009301F151028B
:106FF00001F1C803113114F0AAFA002002B010BD4B
:10700000036CD3F82821114BB2FBF3F103FB1121E0
:10701000FEF704FBF1E7872113F088FDEDE7917996
:10702000036C0C310A44511D03F58473153251F879
:10703000040B914243F8040BF9D1226CD2F8583179
:1070400043F00803C2F85831D7E700BF40420F00B1
:1070500045F2100330B59942044685B000F0A68091
:107060000CD8B1F5A04F27D045F20503994228D09E
:10707000204605B0BDE83040FEF7FCBF45F21103E5
:10708000994200F0B08045F212039942F0D1016CB0
:1070900091F85D3113B1043B012B03D82046B83180
:1070A00013F0CBFC236C93F85D31042B40F2DF80AE
:1070B000052B03D1862192E013F087FC002005B058
:1070C00030BD9179036C0C310A44511DC83315321F
:1070D00051F8040B914243F8040BF9D1206CD0F81D
:1070E000583113F0040354D090F85D31042B22D1B1
:1070F000604B1B6893F85E5065B1002100F11102EE
:107100000091114600F5A07001903E33204613F027
:1071100086FED3E71021B83013F04BFD58B108219B
:10712000204613F02EFE40F207402946FEF762FA91
:1071300040F20740C3E7216C91F85D3101F1C802CC
:1071400013B1043B012B12D801F1F803039301F5AD
:107150009873029304F15A03019304F153030093CB
:1071600001F1B8032046D831FFF754FAA6E701F53C
:10717000A073019391F85C01D1F82C31C34003F066
:10718000010343F080030093134601F151021131D2
:10719000BCE780F85C3100F1C802009300F59871FB
:1071A00000F5A073204614F046FA87E7056C10221C
:1071B00005F1980105F5A07016F012FA20B104212E
:1071C000204613F0DEFD79E78821D5F858319B077A
:1071D00042BF94F8743043F0020384F874302046C0
:1071E00013F0A4FC6AE7056C95F85D3105F5A07015
:1071F000042B1ED11F4B102219684E3116F0F0F9E6
:107200000028DCD1102105F1B80013F0D2FC216C6C
:1072100001F1F803039301F59873029304F15A0303
:10722000019304F15303009301F1C80201F1B80383
:1072300098E70146102205F1980016F0D1F90028D0
:10724000BDD105F1B801204613F0F7FB216C91F890
:107250005C310133DBB2142B81F85C31D8D0D1F82A
:10726000583123F00103C1F858318421B7E7872151
:10727000B5E700BF4026002045F215039942F7B557
:10728000044651D00CD8B1F5A04F19D045F20D03EA
:1072900099421BD0204603B0BDE8F040FEF7EABE9D
:1072A00045F216039942F5D1016C01F1D803009320
:1072B000D1F8943001F131021131FFF75FFA01E0AA
:1072C00013F083FB0027384603B0F0BD93790C33ED
:1072D0001A44551D02F1250632462946FEF70EFBDB
:1072E000074620B10B21204613F04BFDEBE7294662
:1072F000236C113351F8042BB14243F8042BF9D11C
:10730000236C01F12002313351F8040B914243F810
:10731000040BF9D1216C204601F1940301F17102B3
:107320005131FEF7C5FDCDE713F0BFFB236C93F899
:107330005D31052BC6D8DFE803F0190311111E19C2
:107340002046822113F0F2FB0C4B20461B68D968C3
:107350004B1C5A425A41FEF777F9B3E72046822187
:1073600013F0E4FB2046FEF79FF9ABE783212046AC
:1073700013F0DCFBA6E78521F9E700BF40260020DB
:10738000204B10B51B6804469B6913F0040310D111
:1073900041B180F8773090F87010BDE810401A487D
:1073A00016F083BB90F87330012B03D18368580724
:1073B00005D410BD022B02D183685907F9D494F982
:1073C000772094F87730002AF3DBB3B9012384F8EF
:1073D000773094F877305B08EBD04FF47A7294F8FA
:1073E00070105343084800220AF0D8F894F8773018
:1073F00063F07F0384F87730DBE75A06E9D45B005B
:10740000E5E700BF402600204C26002045F21E0381
:1074100030B599420446154689B010D845F2160396
:10742000994213D845F20103994200F0AF8145F229
:107430000C03994222D0B1F5A04F00F0AD812A464D
:10744000204609B0BDE83040FEF714BEA1F5A043C8
:10745000173B072BF3D801A252F823F04575020021
:107460003F7402003F7402003F740200497702003B
:107470003F7402001D7702002F75020090F97730EB
:10748000002B02DB8268530707D52046092113F041
:1074900078FC41F2092009B030BDAB792B449D4DF9
:1074A0005B7C2D6803F008016D7CD5B121B9032107
:1074B00013F067FC2120EEE713F0040F03F0010343
:1074C00008D042F00802826093B9A36843F0200319
:1074D000A36013E0002BF8D0836843F010038360AF
:1074E000F3E7580744BF42F00802A260DB0703D568
:1074F000A36843F01003A3600029E6D1A3682246E5
:1075000043F00403A360844920460AF063F8022193
:10751000204611F0E7FA47F23053002245F21A01F3
:1075200020460AF03BF8A3689D0540F18980A368D6
:10753000580740F1858094F8700009B0BDE83040EC
:1075400013F05EB990F87430D9074DD590F97530C5
:10755000013342D094F9131001291DDCA26893066F
:107560000DD56C4B15071B6801D4187C38B1187FFA
:1075700010B91878032802D09B69980734D50129DF
:107580000AD0644B11071B6801D41A7C22B11A7F00
:1075900052BB1B78032B27D10023CDE90433CDE95F
:1075A000063310F01FFB022801AB35D1A06AE16A57
:1075B000228E03C31A8094F97500BDF80450421C52
:1075C00037D010F057FB002833D1204641F2060196
:1075D000FDF7F2FF41F206005DE78368DA0616D494
:1075E000FDF74EFF0028B5D04A4B1B68197F0229D2
:1075F00032D1DA7C82B393F85E306BBBA3685B0751
:1076000020D5204613F0BDFB41F2022043E7FDF7F1
:107610001BFF0028E4D0E7E70A22022194F9750055
:1076200010F010FB0028C6D1CDE90100ADF80C0028
:10763000C1E72A46204604AB0DF10601FDF78AFC9E
:10764000002028E7204641F20221FDF7B5FF012185
:107650002046FFF795FED7E7204613F095F9A56879
:1076600060B96D0705D50821204613F08AFB1A2062
:1076700011E71A212046FDF79FFFF8E715F00405F2
:1076800008D0FDF705FFC8B1204694F97510FEF744
:107690001FF8D5E722462049204609F09BFF02212A
:1076A000204611F01FFA47F230532A4645F21A01DC
:1076B000204609F073FFA3685807E2D494F97530A7
:1076C000591C15D048F2080040EA032080B2F9F7AF
:1076D00049FB052194F9750010F071FA032194F922
:1076E000750010F06CFA062194F9750010F067FA35
:1076F000226C2046D2F8583143F02003C2F85831AA
:10770000FFF7D8FA00289BD04121204613F00EFA4B
:1077100096E700BF4026002083AB0300FDF7B8FECC
:1077200000285BD0236C002B58D0A268520755D597
:10773000D3F85831980651D42B78002BBED10521AF
:10774000204613F01EFB7BE790F87430D90706D46F
:10775000402113F0EBF929462046FDF72DFFA368E1
:107760005A077FF56DAF204645F21A0116F09DF9D4
:10777000204622461A4916F0C3F9A368022123F0D5
:107780003C032046A360FBF793FF59E702461449E8
:10779000144809F01FFF53E745F21A0116F085F966
:1077A000A36823F03E03A360236C2BB193F95E0121
:1077B000431C01D0F9F74CFC22462046084916F03C
:1077C0009FF922460649074816F09AF920460221F9
:1077D000FBF76EFF204613F034FA31E702205AE639
:1077E00083AB0300D025002045F21E0399422DE90A
:1077F000F3410446154611D845F21603994214D8B0
:1078000045F20103994200F0288345F202039942B0
:1078100000F09880B1F5A04F00F025832A4620465D
:1078200002B0BDE8F041FEF725BCA1F5A043173B2F
:10783000072BF3D801A252F823F000BF5D780200B5
:107840001D7802001D7802001D780200177E0200DC
:107850001D780200017A0200DB790200994E33683C
:107860001A7F022A11D1DA7C7AB193F85E3063B9BB
:1078700041F20221FDF7A0FE20460121FFF780FD25
:1078800041F2022002B0BDE8F081A3685D0701D596
:107890000220F7E72046FDF7D7FD3368051E1A786A
:1078A00018BF0125032A07D019696AB211F0FF1F1A
:1078B00024D042F0040503E094F87420900725D406
:1078C0009A6992071FD41A7F012A1CD045F0080537
:1078D00002210B2013F089F80246E0B183790621DA
:1078E00003445D7394F975302046013302BFA368E9
:1078F00043F00203A36012F00FFF0CE094F8741041
:107900008907D6D4DCE75B7C002BE1D041F2032170
:107910002046FDF751FEA368224643F00403A3600E
:107920006949204609F056FE0221204611F0DAF896
:1079300047F23053002245F21A01204609F02EFE8C
:1079400000209FE783685F0703D490F97730002B0E
:1079500005DB236C53B1D3F85831DE0606D520463B
:10796000092113F00EFA41F209208BE7204613F0AB
:107970000BF828B90821204613F003FA212081E7EB
:10798000206CD0F8583143F01003C0F85831AB796F
:107990000C332B445A68C0F803201A89A0F807203A
:1079A00001229B7A4372236CDA70A26812F00406FB
:1079B00010D122464449204609F00CFE02212046FF
:1079C00011F090F847F23053324645F21A01204642
:1079D00009F0E4FDA3689805B2D5236C002BAFD065
:1079E000D3F85831D906ABD594F97530013320D08E
:1079F00094F87430DA071CD5A36843F00203A3603F
:107A0000236C002B3FF444AFD3F85831DA067FF5EE
:107A10003FAF9F063FF53CAFFDF73AFD20B3A368AB
:107A20009E0721D42B78FBB90521204613F0A9F934
:107A300086E7FDF72DFD94F9751040B14B1C02D17E
:107A4000A3689F07DCD42046FDF742FE78E74E1C72
:107A5000D6D094F87430D807D2D4084610F00AF97A
:107A60000028CDD0052186E794F97530581C15D033
:107A700048F2080040EA032080B2F9F773F90521C3
:107A800094F9750010F09BF8032194F9750010F03B
:107A900096F8062194F9750010F091F8A368256C0A
:107AA00023F00203A360D5F85831064F43F02003BA
:107AB000C5F858313B68EA791B7A934206D906210A
:107AC00059E700BF4026002083AB030094F9521011
:107AD00094F852300029B2BF012383F00803C3F3A6
:107AE000C003102A28BF10226B7094F86030204623
:107AF00083F00803C3F3C003AB70A274AE79FDF743
:107B0000A3FC002836D0F10734D594F97530D4F8A9
:107B100040805A1C24D088F85E3106F00D063B6880
:107B20009A69900704D41A7F012A01D0310701D441
:107B300006F0F7061A78032A1FD01B6913F0FF1FFF
:107B400001D046F0040694F874309A071BD57307E9
:107B500019D40321204613F014F940F2034091E6B2
:107B60002046F9F753FB88F85E01236C93F95E31E8
:107B70000133D2D106F00C06D1E71B7F002BE2D1F6
:107B800006F0FB06DFE70721022012F02EFF01902E
:107B90000028E2D090F806C03A680CF10C0C13787B
:107BA00000EB0C014B70137F012B06D0022B45D14B
:107BB00092F85E30003B18BF01238B701023CE700B
:107BC00016F0010608BF32460B711FBF2B7A6A7A86
:107BD00003F003034B71236C14BF02F003024E71D8
:107BE0008A7183F851214A7983F8502150F80C208A
:107BF000C3F80A208A88DA818A791A7406B3206C5D
:107C000090F8501111F002061AD194F85210062281
:107C100081F0080190F95E0104F14C03C1F3C00149
:107C20000FF0E2FF60B13146FDF7E4FC2046082189
:107C300013F0A7F801A816F066F88EE70023BCE75A
:107C4000019E002E89D0FDF71BFC95F806C078B187
:107C50001CF0010F04D0236C93F95E31013307D17E
:107C60000521204613F08DF8304609F041FE85E6E7
:107C70003B680CF00802597C29B112B16A7B1007ED
:107C800003D40321EDE7002A75D06A7B110772D572
:107C9000D5F8581141F00401C5F85811B5F8501144
:107CA00021F4807121F00101A5F85011187F697944
:107CB00002280BD071B942EA0C0212F0040248D13A
:107CC00085F85D211B7C002BDBD10DE021B993F8F9
:107CD0005E209ABB0221C4E7012283F83D20DA7CB2
:107CE00092BB042385F85D3132460621204612F00E
:107CF00013FD95F85D31206C042B52D13B6800F5E3
:107D0000987003F11D022D3352F8041B9A4240F87B
:107D1000041BF9D1D5F8583195F85D2103F0040121
:107D2000002A45D123F00203C5F85831E274002936
:107D30004AD08121204612F0F9FE01E683F83D1079
:107D4000DB7C002BC6D1CCE793F85E30002BC8D18A
:107D5000C0E72A791978052A28BF0322514801EB88
:107D6000810101448A5C85F85D211B7C002BBBD01E
:107D7000002AB9D185E71A7F012A02D16A79002A3F
:107D8000AFD11CF0040F03D16A7B12F0040297D02C
:107D90002A791978052A28BF0322434801EB81017B
:107DA000DFE71022002100F5987015F043FCB1E7E1
:107DB00043F00203C5F8583141B90123032AE374A3
:107DC00012D9042A7FF4BCAD8421B3E7A37C0F2B26
:107DD00089BF94F87430012343F0080384F87430A9
:107DE00088BF0223E374A4E7012A07D0204682213A
:107DF00012F09CFE2046FDF757FCA1E520468221AB
:107E000012F094FE3B68D968481C42424241204629
:107E1000FDF71AFC94E590F87430D90706D4402198
:107E200012F084FE29462046FDF7C6FBA3685A07D8
:107E30007FF586AD45F21A01204615F036FE224642
:107E400020461A4915F05CFEA36823F00403A360E2
:107E500002212046FBF72CFC72E502461349144828
:107E600009F0B8FB6CE545F21A0115F01EFEA36897
:107E700023F03E03A360236C2BB193F95E01431CF6
:107E800001D0F9F7E5F822462046084915F038FEFA
:107E900022460649064815F033FE204612F0D1FE70
:107EA000D6E700BFC3FF0300DCFF030083AB030082
:107EB000D0250020184640F20A4322F000429A42A0
:107EC0002DE9F04120D8B2F5806F01D800203EE0C6
:107ED0006FF480642244092AF8D801A353F822F0F1
:107EE000277F0200337F0200537F0200A17F020040
:107EF000757F0200BD7F0200DF7F0200E77F020086
:107F0000CD7E0200FF7F02006FF4A0615318042BA6
:107F1000DCD8A2F20252032A79D8DFE812F08A00F4
:107F20009200B700CB0005784488644810F065FDE6
:107F30003EE005784468826900F10803002160484A
:107F400010F06CFD10B10571C0F805400120BDE8CE
:107F5000F081067845880479826900F108030021E0
:107F6000584810F05BFD0028F0D00671A0F80550CD
:107F7000C471EBE704790778A4F11B035942594116
:107F80004688C58800F1080289004F4810F06BFD53
:107F90000028DBD00771A0F80560C4710581D5E722
:107FA000057844884269031D0021484810F036FDD9
:107FB0000028CBD00571A0F80540C7E706784588B2
:107FC000848800F108020021414810F04CFD00288F
:107FD000BCD00671A0F80550A0F80740B6E70578B8
:107FE00044683C48A2E704783A4810F006FD0028AF
:107FF000ACD007234371002304718371A6E7047892
:10800000354810F0FAFC0028A0D004719EE70778EC
:1080100046880579C48800F1080200212F4810F035
:1080200022FD002892D00771A0F80560C571048177
:108030008CE7077846880579C488294810F0DDFC6C
:10804000EFE787684588047906787FB1C78800F133
:1080500008020021234810F006FD00283FF476AF07
:108060000671A0F80550C47107816FE73B463A4698
:1080700039461C4810F0D2FC00283FF467AF067167
:10808000A0F80550C471077247725FE790F800804E
:1080900047880679C5880489134810F0AEFC00288B
:1080A0003FF454AF80F80480A0F80570C6710581D4
:1080B00044814BE7057844680C4837E7F400040036
:1080C000F0000400EC000400E4000400E8000400F8
:1080D000E0000400DC000400C4000400D800040038
:1080E000D4000400D0000400CC000400C800040048
:1080F00000487047B57E020030B5044685B008469A
:10810000039114F005F8830708D410F0010003D0A0
:1081100003A815F0F8FD012005B030BD03998B7957
:1081200003F10C0288188A5C013A1C2A00F2E880EC
:10813000DFE802F00FE689E68CE695E69CE6A4E629
:10814000ACE6B3E6BAE6C2E6E6E6C4E6D2E6D4E6D4
:10815000DD0003790BB103F588534278023A162A01
:10816000D6D801A151F822F0C58102001181020088
:10817000CF81020011810200DB8102001181020027
:10818000E781020011810200F381020011810200E7
:108190000B82020011810200FF81020011810200A6
:1081A0001782020011810200238202001181020065
:1081B00011810200118102002D8202001181020052
:1081C0003D82020017212046FCF712FEA0E70022A4
:1081D0002046114611F068FE9AE71A460021204613
:1081E00011F00FFF94E700222046114612F07AF8B2
:1081F0008EE700222046114611F062FF88E71A46FA
:108200000021204612F04FF882E71A46002120464E
:1082100012F02CF87CE700222046114612F055F9A6
:1082200076E71946204612F0B9F971E7009300236A
:1082300020461A46194612F0BBF969E7194620464E
:1082400012F008FA64E7B0F80110BCE702338B7152
:108250000A4600234178204611F026FE5BE70133F1
:10826000002220468B7111F0CCFE54E702338B7153
:1082700042780023204612F035F84CE701338B7129
:10828000002320461A4611F01BFF44E70133002269
:1082900020468B7111F0EAFF3DE7013300222046B2
:1082A0008B7112F000F836E702338B7142780023AD
:1082B000204612F00AF92EE70021B3E705338B714F
:1082C0000023B0F80320B0F8010000930B460146EC
:1082D000204612F06DF91EE70021B0E703338B71E1
:1082E0000A46B0F80110204612F0D3F913E7033321
:1082F0008B710A46B0F80110204612F0D3F90AE754
:10830000002009E72DE9F04F144687B09B46C36B68
:1083100006460D465B69012202A960689847F36B27
:10832000012203A95B692846984702A814F0FAFACB
:10833000074648B10023A37563754FF0FF33A36070
:10834000002007B0BDE8F08F03A814F0F8FA01236D
:10835000A375237E04EBC303DD611F846368AB4216
:108360000ED1206003A814F00CFB4FF0FF332075F2
:10837000A360237D043B022B25D80023A375DFE7F0
:1083800023681A1A03A853425341A37514F0F9FA4B
:10839000237D834203A818BFA77514F0D4FA0746BB
:1083A00002A814F0D0FA874203A81CBF0023A375CB
:1083B00014F0D1FA074602A814F0CDFA87421CBF88
:1083C0000023A375D5E703A814F0BDFA80B1F36BC1
:1083D000022204A928465B69984704A814F0C2FA4F
:1083E0000346207D032839D8DFE800F03838040937
:1083F00003A8F3E7237ECC2204EBC3031A8401F025
:10840000C9FA109B187003A8277E14F090FA04EBA9
:10841000C70787F8220003A8237E04EBC303B3F841
:10842000209093F8227014F08EFA804603A814F07E
:1084300092FA8246B8F1000F15D0F36B022204A91C
:1084400028465B69984704A814F051FA6075637D6B
:108450006BB90023A3754FF0000838E0227E04EBCF
:10846000C2021384CBE703A814F02CFAEEE794F8C9
:108470001680B8F1000FEED0B9F1000F09D1DFB1CD
:108480000123627EE375002A44D19F4218D16776AA
:1084900014E0736C05EB0A02594285EA02000842B7
:1084A0001CBF0021A175591E0A409B1A9945D0D8BE
:1084B000A37D002BE3D1CEE7E37D43B94FF0000865
:1084C0004B4652462946304613F0A8FFA060A27DD5
:1084D00012B123694B4423611349237E09789942E1
:1084E0001ED901332376BBF1000F1BD0D2B1E37D3F
:1084F000C3B1B8F1000F15D1032F13D0A1684B1CE5
:1085000010D0109B2246304600930123FFF7FAFE5D
:10851000A07507E0012FDAD0032F08BFA376CDE7BF
:108520000023A375A07D0CE73CF903002DE9F04F73
:108530000E468BB09846002304464FF0FF3110469C
:1085400017468DF8133001F00FFAB6F5801F3BD3B4
:10855000B21C53D1E56A6B1C57D1616A204613F0F7
:10856000A3FE0546B31CDFF8189118BF0123019341
:10857000636A05A9626C4FF0000B0293236802FB4B
:10858000053AE36B05225B695046984705A814F04D
:1085900082FA14F0A5FA504614F0ADFA824601466C
:1085A0004B1C05D0636C81EA0A025B42134232D055
:1085B0002946204613F078FE029BAB424DD0BBF11A
:1085C000000F4DD10546D3E7314605AA04F1080056
:1085D00014F05EF90146481C10D0384601F0C4F989
:1085E0000DF1130301223946204613F093FF28B101
:1085F0009DF8133088F80030002003E0237C002B26
:10860000A8D11D480BB0BDE8F08F2368ED1A636C4C
:10861000B5FBF3F5A6E7484601F0A6F90DF1130303
:10862000019A4946204613F075FF034690B1B21CEB
:1086300003D0D9F80020B2420CD19DF8132049464E
:10864000039338460D4B88F800201A6814F0FDFF9C
:10865000039B9B46D9F80810A2E7BBF1000FD0D0CE
:10866000B6F5801FC8D298F8003031467A6804F118
:10867000080001F0BDF8BFE70BE000F038F9030097
:10868000A01D00202DE9F3410E46044617469846EA
:10869000816A194DE36A8B422AD04B1C18E02846A8
:1086A00001F062F90DF1070301222946204613F07B
:1086B00031FF30B143469DF8072029462046B84790
:1086C000B0B1A9684A1C05D0012E0AD0E36A9942CC
:1086D000E5D10DE06968204613F073FE012E0146D6
:1086E000D8D16B6881EA0302636C5B421A42D1D035
:1086F00002B0BDE8F08100BF741D00202DE9F041FB
:10870000036B9046826B90B007680E469A42426CAB
:1087100001A9044688BF8363436A02FB0377C36BE6
:1087200005225B693846984701A814F0B4F901287E
:108730000146307056D0656C06A9E26B2368606A0A
:10874000D2F814C0052205FB00300025E04706A83A
:1087500014F0A1F9012823D001218DF834800E9561
:108760008DF83C10D4E90A32CDE90B4593422AD169
:108770001946204613F025FE236B626C1433E06229
:108780009B1A23630C9B53B99DF83C303BB1626A42
:10879000616C2368E06B01FB023114F034F90C9D2D
:1087A000E36B052201A938465B69984701A814F0DC
:1087B00072F93070236B2846A26B9A4288BFA3637C
:1087C00010B0BDE8F081237C33B90BAA1C4904F139
:1087D000080001F05DF8D5E70BAB1A4A2046FFF719
:1087E00051FFCFE7237C23BB2246174904F1080041
:1087F00001F04EF8616A204613F077FD616A421C71
:10880000204613F040FD054620B9236B626C1344EB
:10881000143B2363A16A204613F0D3FD2368A062B2
:10882000C01A636CB0FBF3F06062204613F00DFEDB
:10883000B6E70023054A2046FFF724FFDAE700BF2A
:1088400031900200AD8F02009DC5030039C50300C1
:1088500073B50D46D11E1C461B7E4A424A419A42C0
:1088600026D129682368994222D3636899421FD888
:10887000114E0DF107033246FFF758FEC0B972687A
:108880006B689A4214D19DF80730DA1E5342534167
:10889000227E93420CD1636901336361D4E90323DF
:1088A000934205D22968A26842F82310013323615C
:1088B000012002B070BD00BFCC1D00202DE9F04F9B
:1088C0008BB09A46DFF854B180469DF850300D4683
:1088D00016460293DBF810305345C0F09880DBF861
:1088E0000430D1460193B9F1000F00F08C80D8F824
:1088F0003C30012207A901985B69984707A814F04A
:108900001EF8DBF80030984240F0848007A814F08D
:1089100022F80428074614D107A814F023F8019B75
:10892000029A04463B44002A3ED1864212D9361AA6
:1089300014460199404613F044FDA9EB0409019047
:10894000D1E7D8F83C30022208A901985B69984722
:1089500008A8E2E7841B9F19544528BF5446032CFE
:10896000AAEB040A4FEA94021CD9D8F83C302946F5
:10897000384604F003065B69984724F003031F445C
:108980001D44002ED5D0D8F83C30012208A9384625
:108990005B6998473246284608A9354414F055FECD
:1089A0000026C6E72646ECE700F00302034407462C
:1089B00003922A1805930492049BDD1B059BD81B88
:1089C000039B9F420FD1002FB3D0D8F83C30012237
:1089D00008A95B6998473A4608A9284614F000FEA2
:1089E00078B93D44A5E7D8F83C30012208A95B6975
:1089F0009847042208A9284614F0F2FD08B9043F5C
:108A0000DAE7DFF81C9048460BB0BDE8F08FDFF8DE
:108A10001490F8E7DFF81090F5E700BFF81D00208C
:108A200012E000F011E000F022E000F02DE9F0414A
:108A30000F4688B016469846044660B390F8345006
:108A4000FDB1012113F0F5FB0E9B0021CDF8048050
:108A50000496CDE902379DF83C308DF81C30237C1C
:108A6000CDE905118BB901AA0C4904F1080000F009
:108A70000FFFE06BDDE90553002E08BF1D4613F024
:108A80009BFD284608B0BDE8F08101AB044A2046B2
:108A9000FFF7F8FDEDE70546F3E700BF67C5030004
:108AA000518802002DE9F04F99B00F460446099213
:108AB0000A69416C0E93D31D1439B3FBF1F30133F2
:108AC00002EBC302036B9342C0F00F820023DFF876
:108AD00024940D93E36A48461946079300F044FF37
:108AE000D7E9033604930E9B022B4ED1CC2E40F0D7
:108AF0008C81099B002B42D03946204613F0BAFDE9
:108B0000656C079A6B1E14901340ED1AE36B0122FB
:108B100016A978685B69984716A813F014FF002817
:108B20000CBF04230823782E06933FD90123002588
:108B30004FF0080A05933B6805990E98C9F8003074
:108B4000C9F8106013F021FF4FEA9A03DDF81CB05A
:108B500089F81400109300230B930F9308930C9340
:108B6000616C4A1E0BEA02028B1A002E3AD0554461
:108B7000AB4242D8236B5B1A13442363ADE0049BE2
:108B80001B68149308230693D0E7656C782E079A28
:108B900005F1FF3303EA0203A5EB030516D8FB7DBD
:108BA0007BB9099B002BB1D104230693331DAB4243
:108BB00010D9A6B1082DB9D804250023AA460593DB
:108BC000B9E7099B002BA1D10823EEE7099B002BF5
:108BD0009CD1D7E7002505954FF0040AABE70425A3
:108BE0000596F9E75345C5D30BEB0A03B04603934B
:108BF000089B002B18BF032313E0A3EB0A03B04626
:108C00000BEB0A029E42039228BF98469E42EFD980
:108C1000D9F810200123964289F8173071D1C9F88C
:108C200004B0089399F81730002B6CD099F81820ED
:108C30000899D31C013209EBC30389F81820C3F843
:108C400004B0A3F808809972B8F1000F14D00E9BFD
:108C5000022B5BD10B9B7BB90F9B4344032B0BD99E
:108C6000E36B012214A903989B69984705460028E5
:108C700040F03D8101230B93089B16A80193059BAF
:108C80000093434699F81420396800F023FEE36B03
:108C9000109A16A99B6958469847051E0D9B18BF48
:108CA0005B4652460D9359464346204613F0B6FBA9
:108CB000236B08F10302C9F80800A3EB0A0322F0B2
:108CC00003029B1A2363002D40F011810F9BA6EB3A
:108CD0000806DDF80CB043440F935946204613F0C4
:108CE00070FB00258346002E7FF43AAF814A04F1E1
:108CF0000800396893685268E3620E9B00F078FDC3
:108D0000DEE002238DE7C9F804B09DE7099B002B44
:108D100030D1049BB8F1030F43440A9327D9E36B86
:108D20004FEA98029B69DDE9030198470546002850
:108D300065D118F003025FD028F00305049B2B4493
:108D40000493039B1D444FF0FF33049915A815931A
:108D500014F07BFCE36B2846012215A99B69984718
:108D60000A9B05460493002D86D0039B99E7039D3B
:108D70004246E8E7039B0A9307F120031193FB7D2A
:108D800078689BB13D7E00230C9AD9B28D4211D9EF
:108D9000119903F1010C31F83310914226D907EBF8
:108DA000C3030699D8690A44104403E00C9B069A51
:108DB00013441844E36B012215A95B699847159B7E
:108DC000012213A913930C9B0A9804330C93E36BB1
:108DD0009B699847039B0A9A054643449B1A042BB8
:108DE00007D978B9134604330A93C8E7521A634681
:108DF000CBE70A9B0393B6E70A9B04933CE70A9BE5
:108E00000493B2E70A9B0393AFE73B4E04F10803D8
:108E100003932368079A606CA2EB030ABAFBF0FA8B
:108E200000FB0A3013F067FEE16A8046204613F02B
:108E3000C8FAA26A82424AD0626CD9F80830511E40
:108E40002568E0620B40216B891A0B4423630D9B5C
:108E50005D1BB5FBF2F5AA4536D1079BB3EB080ABB
:108E600012D0E36B4FEA9A0241469B699847E36A46
:108E7000079A834653440398DA46E362236B9B1AAE
:108E80004344236313F0D5FC2368616CE06B01FB62
:108E9000053113F0A5FD204613F0D6F9204613F056
:108EA000D4FA2063BAF1000F11D03A69616CD31D76
:108EB0001439B3FBF1F3013302EBC3029042A8D2A1
:108EC000304619B0BDE8F08F4FF0000ADCE73A6990
:108ED000616CD31D1439B3FBF1F3013302EBC30210
:108EE000236B9342BFF4F6ADEAE7044EE8E72E4663
:108EF0008CE700BFA01D002023E000F006E000F09A
:108F00002DE9F3471E46436904468846B342174697
:108F10009DF828903DD300258DF80750D4F830A057
:108F2000204613F05DF982450AD2236AB5EB430F60
:108F300006D200220DF107012046FFF7DFFB30B318
:108F40009DF80730012B05D100220DF107012046C5
:108F5000FFF7D4FBB9F1030F06D0256B314620464D
:108F600013F029F9854218D30D4D4FF0FF312846F3
:108F700000F0FAFC4B46002229462046C5F8008046
:108F8000C5E9037602B0BDE8F047FFF78BBD0135B8
:108F9000C4E7044802B0BDE8F0870348FAE700BF21
:108FA000CC1D00200FE000F006E000F0032A2DE9C0
:108FB000F34106460D4617461C4606D1237A012B7F
:108FC00023D0012002B0BDE8F081DFF860800DF110
:108FD000070309684246FFF7A9FA60600028EDD14F
:108FE0009DF80720237A032AE8D0D8F804106A688D
:108FF0009142E3D1012B2969D4F80CC007D10CEBC5
:1090000001037269934202D92074207CDAE70831A7
:109010003B46012230466144E1602946FFF742FDAC
:1090200060600028CAD00020CCE700BFCC1D002023
:109030002DE9F341089C032A1746266806D1237AB6
:10904000012B24D0012002B0BDE8F081DFF8908030
:109050000DF1070330464246FFF768FA60600028CA
:10906000EDD12568D8F80400A96AD5F844C0484075
:10907000227ACCF100031840E1D1012A09D1E2683B
:10908000D8F8103013447269934202D92074207CBE
:10909000D9E72868EB6A1B1A081AB3FBFCF3B0FB8C
:1090A000FCF083420BD1706CF36A421E1340326BAA
:1090B000121A28461344336313F083F9E862D8F890
:1090C0001020E36808320649206813440122E36057
:1090D0003B46FFF7E7FC60600028B0D00020B2E715
:1090E000CC1D00202DE9F04F4FF0FF334FF6FF72FB
:1090F000002500F10806044687B0C3620F460562EA
:109100000563C0E90923304613F093FB204613F0B2
:109110009BF828BB2046394613F016F9204613F079
:1091200093F828BB8A4D204613F0C2F9ECE0E26BBD
:1091300001A92368606CD2F814C0052200FB053039
:10914000E04701A813F0A7FC012828D129462046B2
:1091500013F0CBF8421C2946204613F094F8013551
:10916000E3699D42E3D3204613F06EF80028D1D086
:1091700000254FF0FF394FF6FF73CA46A846C4E9F1
:109180000853E369984514D3A5EB0905012D37D899
:10919000636A4FF6FF72934247D16E4DC3E713F0F7
:1091A000A4FC0028DBD02946204613F09EF8024696
:1091B000D1E7236801A9E26B606C5769052200FBC7
:1091C0000830B84701A813F066FC834601A813F0E5
:1091D00039FC0746584613F083FC70B15745236AA3
:1091E000BA4638BFC4F82480B94503F1010328BF4B
:1091F000B946BD42236238BF3D4608F10108C0E7C9
:109200004FF6FF7300256362E3699D42C0D2676C2D
:109210000522206801A9E36B07FB050001355B69A6
:10922000984701A813F00EFCEEE7E26B01A9676C0A
:1092300020685569052207FB0300A84701A813F021
:1092400001FC626A2368606C434D00FB023013F03E
:1092500052FC4FF0FF33A0622A46E3626FF0010137
:109260000DF103032046FFF761F9002850D1AD68E6
:1092700029462046E56212F0C3FF206320B9E16A67
:10928000204613F09EF8E0622946204613F099F834
:109290000546A36A9D423DD165692046626CE91C82
:1092A000143AB1FBF2F105EBC1050335B5FBF2F55C
:1092B000023513F0FDF88046A8423DD2616A20468F
:1092C00012F0F2FF0027064604F1400A474512D388
:1092D000626C01A9236802FB0639E36B05225B6916
:1092E0004846984701A813F0ADFB5346024649464D
:1092F000E06B13F002FC01373146204612F0D4FF38
:10930000AF420646E2D3154D284607B0BDE8F08FC0
:10931000A56AADE72946204612F072FF236B074687
:10932000294603442046236313F04BF80546002FDB
:10933000AFD1C4E90B07ACE73046002513F079FA4A
:109340000023074A20461946FFF79CF9EBE600BFC9
:1093500003E000F016E000F0CC1D002013E000F068
:1093600003C50300634A00232DE9F04117680E4648
:109370000446136018B9604D2846BDE8F08190F8A6
:1093800034500DB309680268914240F0AA807168B8
:109390004268914240F0A580B1688268914240F0F5
:1093A000A080F168C268914240F09B8031694269B7
:1093B000914240F09680B169C26B914240F0918039
:1093C00072691D468261D7E750222946D0F838805D
:1093D00014F030F9336804F10800C4F838802360D1
:1093E00073686360336963617369D6E90212A361CC
:1093F00013F031FAB36904F14000E3639B689847C6
:1094000094F8432020B1E561002AB4D03B4DB3E786
:10941000656C002DF7D06668B6FBF5F3E361002AB2
:10942000A9D0B542F2D82268B2FBF5F105FB1122B2
:10943000002A58D105FB1363002B54D1204612F0AB
:10944000CFFEA369043303449E424ED3636940F6C2
:109450003472CC3B93424AD8B5F5007FD6D3032172
:10946000204612F0E6FEE36BD4E900011B68984742
:10947000E36B05460220DB6898471DB1002384F8A2
:1094800034301EE039462046FFF72CFE1C4B0546C3
:10949000984204D139462046FFF724FE0546636C06
:1094A000143B002DEAD1226A204602FB03F612F09B
:1094B00097FEA369043303449E4206D284F83450D5
:1094C000104DE06B13F078F856E70F4A012384F84B
:1094D000343013680133D4E90001136008F07CFED6
:1094E000EFE70A4D48E70A4D46E7064D44E7094DC8
:1094F00042E700BF5426002009E000F004E000F03D
:1095000013E000F002E000F05026002008E000F038
:1095100001E000F005E000F02DE9FF410F46904624
:109520001E46054698B390F8343093B3B1F5801FCA
:1095300031D21A4C022112F07CFE0DF10F032246AB
:1095400039462846FEF7F2FF024678B1012342462B
:109550003946284600933346FFF7D2FC0446E86BB1
:1095600013F02AF8204604B0BDE8F0819DF80F30D2
:10957000012BEBD12169B142E8D10093414633463A
:109580002846FFF79BF904460028DFD1E7E7044CA3
:10959000E8E7044CE6E7044CE4E700BFF81D0020D0
:1095A00009E000F007E000F00AE000F02DE9FF41DB
:1095B0000C4616461F46054688B390F8343083B3F0
:1095C000B1F5801F2FD2DFF87C80012112F031FE2F
:1095D00021460DF10F0342462846FEF7A7FF044639
:1095E00070B99DF80F30012B11D1D8F81030BB4263
:1095F00013D10246009031462846FFF75FF9044632
:10960000E86B12F0D9FF204604B0BDE8F081074CAA
:10961000074A022B08BF1446F2E7064CF0E7064C57
:10962000F1E7064CEFE7064CEDE700BF0BE000F07A
:109630000CE000F011E000F009E000F007E000F0BD
:109640000AE000F0F81D00202DE9F04385B00C463B
:1096500017461E46DDF830800546A0B390F834303A
:109660009BB3B1F5801F32D2DFF88090012112F058
:10967000E0FD21460DF10F034A462846FEF756FF4E
:10968000044688B99DF80F30012B14D106EB08036E
:10969000D9F810209A4214D30090434632463946F6
:1096A0002846FFF70BF90446E86B12F085FF2046C9
:1096B00005B0BDE8F083074C074A022B08BF1446EB
:1096C000F2E7064CF0E7064CF1E7064CEFE7064CF4
:1096D000EDE700BF0BE000F00CE000F011E000F05F
:1096E00009E000F007E000F00AE000F0F81D0020BB
:1096F0002DE9F3411F4600230C46164605463B6004
:1097000050B390F834304BB3B1F5801F28D2DFF856
:109710006480012112F08DFD21460DF107034246C0
:109720002846FEF703FF0446A0B99DF80730032B37
:1097300010D0022B0AD10123336004233B60E86B75
:1097400012F03AFF204602B0BDE8F081D8F81030A0
:109750003060F3E7034CF2E7034CF3E7034CF1E727
:10976000034CEFE70BE000F009E000F007E000F049
:109770000AE000F0F81D002030B50C4685B0054623
:1097800028B390F8343023B3B1F5801F23D20221DF
:1097900012F04FFD0DF10F03104A21462846FEF747
:1097A000C5FE034688B99DF80F20032A0DD0032279
:1097B0002146009202462846FFF7A2FB0446E86BCA
:1097C00012F0FAFE204605B030BD054CF7E7054C17
:1097D000F8E7054CF6E7054CF4E700BFF81D00205C
:1097E0000BE000F009E000F007E000F00AE000F014
:1097F0002DE9F0414668002E46D005684FF0000C78
:10980000A846AE4655F83C400CF1010CC4F31307D2
:10981000013401D0B94218D0B4450EF1080EF1D18F
:109820002F46002403E0B44207F1080713D055F88F
:1098300034C00134BCF1FF3FF5D1C1F313017A60AC
:1098400041EA03513960BDE8F08141EA0353CEE9B2
:109850000032BDE8F081032B16D0002403E0B442AF
:1098600008F1080810D055F834700134C7F30757D1
:10987000032FF4D1C1F31301C8F8042041EA0353C4
:10988000C8F80030BDE8F08101230372BDE8F08123
:109890002DE9F043476883B0C7B106468846914634
:1098A00000243368304653F8345003EBC4030134CA
:1098B000C5F30752C5F31301013505D05B68CDF838
:1098C0000090C04710B17768BC42EAD303B0BDE84E
:1098D000F08300BF73B5012A044622489DF8185052
:1098E00000EAC11123F07C4007D9961E012E28D929
:1098F000073303F07F03194308E09DF81C300A4347
:10990000DB0603F0C053134343F060410023C4E976
:1099100000108DF80730B5B1202221460DF1070067
:1099200013F040F81A220DF10700211D13F03AF848
:1099300063689DF80720082043EA8263636002B0F1
:1099400070BD1143E2E71B220DF10700214613F021
:1099500029F823689DF80720042043EAC2632360A6
:10996000EDE700BF80FFFF0738B5094B0D4600212A
:1099700004461A6813F05EFE00234FF0FF322361A5
:10998000A260E3822383A376C4E9002538BD00BF2B
:1099900038F903000138C0B205289ABF014B185CA2
:1099A00001207047F80004002DE9F0410E46596887
:1099B00088B007461546490A0024012922464FEA85
:1099C000510104F10104F8D8DC78520399784FF082
:1099D000000824031B88C9020DF1070004F4805419
:1099E000C3F30A0301F4006192B28DF807800C43BF
:1099F00002A923449C18254B1B22039325F078438E
:109A0000ED436FEA0444029312F0CCFF9DF8072067
:109A100025F07845029B02A90DF10700029543EA63
:109A2000C2631B228DF807806FEA1444049312F07E
:109A3000B9FF9DF8072007A9029B06F110000794C3
:109A400043EAC263012205934FF0FF330693BB69DB
:109A500098470446BB6905A9012206F1080098470A
:109A6000404518BF0446BB6904A90122301D984730
:109A7000404518BF0446BB69012203A930469847F8
:109A8000404508BF204608B0BDE8F08101009AB209
:109A90001046044A1368591E033102D80021116090
:109AA00018477047D80B0020034B1868034B002859
:109AB00008BF1846704700BF582600202801040040
:109AC000014813F07BB900BF6026002013B50B4C92
:109AD0000229226005D10A4813F070F9002002B073
:109AE00010BD0A4600930146064B054813F048F99D
:109AF000003818BF01204000F1E700BFD80B00205C
:109B000060260020919A0200014813F06AB900BF54
:109B1000602600200021014813F085B9602600204E
:109B200008B5064B1B68013305D0FFF7EDFF80F049
:109B30000100C0B208BD0020FCE700BFD80B002028
:109B4000F8B50D4610B900242046F8BD0E4F3E680A
:109B5000002EF8D100F0A2F804460028F3D03860B7
:109B600000F0E8F8204613F013F838B130463E60B4
:109B700000F0E0F8204613F006F8E4E7002DE3D00B
:109B80002046A847E0E700BF5C260020024B18688B
:109B9000003818BF012070475C26002038B50C46FD
:109BA00001F088FFA3780B4A13705A1E55425541A5
:109BB000A8420CD0012B04D02846BDE8384001F063
:109BC0005BBF204601F02AFF0028F5D038BD0020F9
:109BD000FCE700BFA02D00200021024B08465B6877
:109BE000184700BFEC0B002010B50446FFF75CFFE0
:109BF0000C4B1A1A53425341A34201D1012010BD0C
:109C0000094B1B683BB9094A064B002C08BF134699
:109C1000074A1360F2E713F0C1F90028F3D00020DF
:109C2000EDE700BF000104005C26002028010400CD
:109C30005826002010B513F0A2FA044618B9034BB9
:109C400001215B689847204610BD00BFEC0B002047
:109C500010B513F09DFA20B9BDE81040014B1B6808
:109C6000184710BDEC0B002010B513F00CF820B90C
:109C7000BDE81040014B1B68184710BDEC0B0020DD
:109C8000431E033306D8044B984228BF1846642865
:109C900038BF6420704700BF40420F00F8B505464A
:109CA00008F085FB07460F4B1E6826B9384608F0BA
:109CB00082FB344611E0B4688CB194F810C01CF0FB
:109CC000010F0CD14CF0010C95E80F0084F810C086
:109CD00084E80F00384608F06EFB2046F8BD366871
:109CE000E3E700BFE00B002038B505460C4641B164
:109CF0000B6833B11B68013303D0CB680BB18B68A1
:109D00004BB913F0FCFABDE838404FF49272412190
:109D1000002000F0C9B9084602F09CFE0023044A66
:109D200085F81031C5E93043C2E9003338BD00BFC2
:109D3000D80F002010B5044618B9054B054A13602A
:109D400010BD00F0E5FED4F8CC30002BF6D1F4E7DE
:109D50006FCB0300DC0B002010B50C4600F016FFA3
:109D6000054B002103205B6898471CB102F02EF8D8
:109D70000128FBD110BD00BFEC0B002008B5024646
:109D80000868FFF77DFF08604868FFF779FF4860C3
:109D90008868FFF775FF8860C868FFF771FF0B6977
:109DA000C860581C03D00B48834228BF03460B6190
:109DB0004B69581C03D00748834228BF0346886973
:109DC0004B61FFF75DFFBDE808408861104601F078
:109DD000A9BD00BF40420F002DE9F84FD0F8C430B4
:109DE00006460F4613B1038B8B4244D0D6F8C0B061
:109DF000BBF1000F42D0DBF80830002B3ED0DBF87F
:109E00000C1000293AD0D6F8D4A0BAF1000F38D0FF
:109E10004FF000094D46C84601E0DBF8083005EB7D
:109E2000C50203EB8204E3890135BB4214D8238ABF
:109E3000BB4211D3B4F91220B6F92430934250DD5D
:109E4000304696F80411EDF7B3F9737D81468342ED
:109E5000A04606D9DBF80C108D42DED3B8F1000F16
:109E600039D00023424630461946D0473783C6F8DA
:109E7000C48086F80D910020BDE8F88F0320BDE86E
:109E8000F88FD14647F6FF755446524604EBC40896
:109E900003EB8808B8F80E30BB4216D8B8F810307B
:109EA000BB4212D3B8F91220AA4202D14FF0FF09E7
:109EB000DCE7304696F80411EDF77AF9737D8146B8
:109EC0008342D3D94246DBF80C100134A14204D9B5
:109ED000DBF80830DAE70120CEE7002AFBD0904615
:109EE000C4E7A046BDE700BF2DE9F04782B00446B5
:109EF0008946164601F018FF002847D13B4D2B68D4
:109F0000D4F8C0A0D4F8C4700BB153454FD04FF073
:109F10000008C5F8089001F059FF01283AD12B68D4
:109F2000DAF800103A6813B1186888424AD020461F
:109F300013F0F2F8C5E900A7D4F8D4508DF8076003
:109F4000002D46D00022204611460DF10703A847F8
:109F5000204601F0A3F90546B8F1000F00D08EB1FC
:109F6000B5FA85F040F2DE323321400900F09CF86A
:109F70003146204601F09AFB1D4B054639462046E6
:109F80001B689847284602B0BDE8F0870023174DAC
:109F90006B60B4E7012000F0F9FD164B00210320AF
:109FA0005B68984701F012FF0128FBD1B7E76B68A7
:109FB000002BACD0BB42AAD1AB68994514D04FF06E
:109FC0000108A6E7696811B109689142B2D05968E1
:109FD000ADE7617D94F80D313246994228BF1946AC
:109FE000204601F0E1F8B3E70025CBE7D80F0020C9
:109FF000DC0B0020EC0B0020F8B50E46054608F0FF
:10A00000D6F9314607462846FFF7E6FE044620B15A
:10A01000384608F0D0F92046F8BD01F06DFE224622
:10A0200031462846FFF760FF0446384608F0C3F97A
:10A030002046F8BD13B50446694612F05BFE204683
:10A0400012F0DFFFFF28024606D020469DF80010E0
:10A05000EDF72CF902B010BD0048FBE70080FFFFD0
:10A060004FF4007307B50A490DF10602ADF806304A
:10A0700012F05CFEBDF80630B3F5007F05D1022872
:10A0800008BF002003B05DF804FB0120FAE700BF21
:10A0900078260020024B1960024B1860FEE700BFD3
:10A0A000E40B00207828002008B550B90548064B7D
:10A0B00001601A60054B1A68054B1A601868FFF7B3
:10A0C000E9FF08BDE40B00207C2800205C2600206E
:10A0D00078280020054B1B680BB91846704783424F
:10A0E00001D01B69F8E70120704700BF84280020D9
:10A0F000094A13680BB918467047834207D11B6998
:10A1000001201360054A1368013B1360704703F197
:10A1100010021B69EEE700BF842800208028002081
:10A120002DE9F74F064608F049F9DFF828810123A9
:10A1300098F800B0DFF820910190BBF1000F06D035
:10A1400089F8003003B0BDE8F04F08F03DB93F4F4B
:10A1500088F8003089F800B012F0B3FE08B112F0B0
:10A16000AEFE3D683A495DB9DFF8F0A0DAF80020AC
:10A170000024AA423B682FD84FF0FF3134483BE01F
:10A180006B7D8BB12B68B34202D09A1B8A420BD9EC
:10A190006A6813442B60AB68003A18BF0122003B89
:10A1A00018BF01236A75AB752D69DCE7907D20B17E
:10A1B000107D88429CBF014614461269002AF5D1E1
:10A1C000002CD9D0D4E90001A275411AD4E9023299
:10A1D000204698470135C9E71A46FF21EEE75A7D28
:10A1E0004AB11A68B24224D0921B824221D89142CD
:10A1F00001D311461C461B69002BF0D15CB12046EF
:10A20000FFF776FF38B13B683C602361DAF8003035
:10A210000133CAF800303B685A7D6AB912F04DFE2E
:10A22000064699F80030002B94D1019888F8003048
:10A2300088E71C460021DEE7186800F0D3F80446E2
:10A2400012F03BFE0646002C84D1EAE78428002069
:10A25000FCFFFFBFA22D0020A12D002080280020A0
:10A2600038B5054608B31822002113F0E3F908F0C9
:10A27000A5F802462846FFF72DFF20B1104608F04A
:10A28000A3F8022038BD0A4B1C6854B909491D6067
:10A290000B68104601332C610B6008F095F82046DE
:10A2A000F0E704F110032469EFE70120EAE700BFBB
:10A2B000842800208028002038B50446FFF70AFFD4
:10A2C00008F07CF805462046FFF704FF637D23B9BC
:10A2D000284608F079F8032038BD00236375064B43
:10A2E0001B68A34203D112F0E8FDFFF719FF2846CF
:10A2F00008F06AF80020EFE7842800202DE9F84FE5
:10A30000DDF82890984604460D469246FFF7E2FE97
:10A31000DDF830B008F052F8074612F0CEFD0646E0
:10A320002046FFF7D7FE637D23B12046FFF7C4FF29
:10A330000023A375BAF1010F23D175B9B8F1000F4D
:10A3400021D1B9F1000F03D05A4631462046C84703
:10A35000384608F039F8002019E035440D4BAA1BA7
:10A360009A4210D8012363759DF82C303046C4E919
:10A370000058C4F808902375C4F80CB0FFF7D0FE5D
:10A38000E6E7AE42EAD1384608F01EF80120BDE803
:10A39000F88F00BFFCFFFFBF2DE9F041074688465C
:10A3A000FFF798FE08F00AF83D68064612F085FDB2
:10A3B0007B7D7BB185420DD0094B2C1A9C4209D87C
:10A3C000304608F001F8B8F1010F08BF25462846CD
:10A3D000BDE8F081304607F0F7FF0025F7E700BF42
:10A3E000FCFFFFBF08B50023044A194600F086FDB4
:10A3F00010B1012818BF032008BD00BF85CE03009F
:10A400000E232DE9F74F06460F46144600254FF060
:10A410000609DFF854801370EBB209FB03F3D8F898
:10A420000010CA185079012807D92078A0F10E032E
:10A430005842584103B0BDE8F08F31F903B01179AB
:10A44000B2F902A030460022019112F0FFFC0199FE
:10A4500008B90135E0E72170B7F900305B45F8DB5A
:10A460005345F6DC0020E5E7E80B0020014912F037
:10A470002ABD00BFDDBF0200014912F024BD00BFAC
:10A48000B1BF020070B5164E032804460D4633785E
:10A490001ED023FA04F202F00102AA421DD053B1E9
:10A4A0000122A240A54023EA02032B43DBB2337012
:10A4B0004BB1012070BD2DB10A4B01201B6898479C
:10A4C0003378EDE73570074B00201B689847F0E7BD
:10A4D0009A07DED003F0FC03E9E7002070BD00BF5F
:10A4E000A42D0020C4280020F8B505460C4607F02E
:10A4F0005EFF104F06463B7833B1012D04D01CB9E6
:10A500000D48EFF70DFE3C7021462846FFF7BAFFD5
:10A510000A4B04461B783BB93B782BB912F02DFE51
:10A5200010B1074B1B689847304607F044FF2046A0
:10A53000F8BD00BFA52D002098280020A42D0020E4
:10A54000EC0B0020054A0B46117831B10021117047
:10A55000034A01215268187810477047A52D002042
:10A56000EC0B002038B5074D04462B78834207D00A
:10A5700001F016FC20462C70BDE83840EFF722B9F8
:10A5800038BD00BFA32D002038B5044680B107F0C8
:10A590000EFF012104460846EFF7B4F801210B4AEB
:10A5A000084608F040FE2046BDE8384007F003BFEB
:10A5B00007F0FDFE054621460120EFF7A3F8012034
:10A5C0002146024A08F02FFE2846EDE76E010400FE
:10A5D0001B4B022910B5187002D0032904D010BDFE
:10A5E000184B1B78002BFAD1FFF7D0FA0028F6D0D1
:10A5F0004FF00052144BC3F88020BFF34F8FBFF3CE
:10A600006F8F01F0A5FB0028E9D001F017FA0028B0
:10A61000E5D10E4B1C6834B123689847BDE8104063
:10A62000002001F0B1BB12F0A7FB094B186008F045
:10A6300086FE084B1860204601F092FBEEE700BF53
:10A640003D0D0020A32D002000E100E0E4280020C3
:10A65000C0280020BC28002038B504460D46FFF76E
:10A6600095FA80B14FF00052124B1A6001F070FB66
:10A6700048B9012D07D8012001F086FB0E4B1B685D
:10A6800023B15B6898470D4B1C7038BD08F057FE2E
:10A690000B4B1A68801A1860EFF784FE4FF47A7239
:10A6A000084B1B6802FB003012F068FB012001F030
:10A6B00057FBE8E700E100E0E42800203D0D002022
:10A6C000BC280020C0280020F0B585B007F06FFE40
:10A6D000304D04462B7823B12F48EFF721FD002899
:10A6E0004BD1EFF7AFFD02AA03A912F030FD0346EC
:10A6F000002833D012F03FFD029B98421ED100206B
:10A70000264B03991B68264E9942307022D90027A8
:10A71000C91A012320482B70224A3346CDE900771D
:10A7200008F0C4FD002830D11F4A1378D90718D487
:10A73000204607F040FE002005B0F0BD12F019FDE4
:10A74000029B98421FD0002318461449144A0968F6
:10A75000137003910121FFF795FEE9E720462B7066
:10A76000E7E731780029E3D103F0FE031370002BF3
:10A77000DED10E4B1B689847DAE7204607F01BFE38
:10A78000032005B0F0BD0220BAE7032320462F7056
:10A790003370F3E7A52D002098280020B82800206A
:10A7A0003C0D002045A50200A42D0020C428002057
:10A7B00070B507F0FCFD164D04462B780BBB154A0F
:10A7C00015491370154B164A16481A60164A174E4B
:10A7D0005A60EFF72BF816491648EFF727F8164B93
:10A7E00080203360EBF72CFC052804BF134B33604B
:10A7F000134B5B6F9B0542BF0222124B1A60012371
:10A800002B70EFF773FB204607F0D5FD002070BDDD
:10A81000A62D0020A52D002074010400EC0B0020C3
:10A82000C9A6020088280020E9A40200C42800204C
:10A830007C0104009028002065A5020089A5020083
:10A8400000400050B828002037B50C46234D59B9B8
:10A850000A46072105F034FD214BAC645C6003B06F
:10A86000BDE8304005F04ABD0722114605F028FD3D
:10A8700007221C4B0121DA60237901A885F84830B2
:10A880006379019312F023FE019BC2B2D34000F022
:10A890000F0040EA031085F84900A27985F84A20A4
:10A8A000E27985F84B202068E86401939BB101218F
:10A8B00002888B4208D82379013B13440A4A136269
:10A8C00005F01CFD03B030BD30F811500131AA4233
:10A8D00028BF2A46EDE71A46EDE700BF003F00B06B
:10A8E000483F00B0006000B8004000B810B5054C0B
:10A8F000237823B103F03CFB0020207010BD03201F
:10A90000FCE700BFA82D002008B503F0FFFA0122E4
:10A91000014B00201A7008BDA82D0020431C07D051
:10A920006FF0FF02034B10405A62A3F58053586248
:10A93000704700BF00E000B810B504234FF03A4163
:10A9400001240A4AD1F81801C2F81831C2F81431AA
:10A950004C634FF400511163410742BFC2F81431F8
:10A96000A2F58052C2F8183110BD00BF002000BA15
:10A9700000F01803182B0AD003070AD440F2011381
:10A9800010F0100018BF1846034BD867704700201E
:10A99000FAE70120F8E700BF003F00B0344B2DE993
:10A9A000F7431E6801F4007900F00103174653EAEB
:10A9B000090205460C462ED04FF0000803B30023D1
:10A9C000002201200021CDE9008804F0B9FA4146B7
:10A9D000304603F053F8414670830120FFF7BCF97D
:10A9E000716B06F1D80003F0C3F822490868FFF73D
:10A9F00095FF4FF0FF330B60337C43F00403337457
:10AA0000B9F1000F07D00121304612F077F924F494
:10AA1000007405430C43D6E94A232A40234052EAF6
:10AA2000030103D01449304609688847FB070FD556
:10AA30001249134A08680021136811600121114A64
:10AA4000117003B19847104B002102205B689847B2
:10AA500017F00E0F08D040F2F3123B21002003B094
:10AA6000BDE8F043FFF720BB03B0BDE8F08300BFB3
:10AA70005C260020F40B0020F80B0020D8280020D2
:10AA8000DC280020AA2D0020EC0B0020F7B504469E
:10AA90001046D4E94AC7DDE908268CEA020587EAB0
:10AAA00006010540194085EA0C057940C4E94A5180
:10AAB000002523F4004106EA010320F0010043F4DD
:10AAC0000073024043F00203CDE9005504F038FA68
:10AAD000237C9A0717D5D4F82C319B0513D54FF456
:10AAE0008811204612F00AF9237C65F34103237490
:10AAF000D4E94A2302400B4052EA030103D0034940
:10AB0000204609688847002003B0F0BDF80B0020FC
:10AB100038B10368044A002B08BF1346034A136088
:10AB20007047014BFAE700BF6BCF0300F80B002022
:10AB3000024B986E00F00F00704700BF003F00B05E
:10AB40000F2938B505460C460ED801F03FF901280B
:10AB50000CD1074A2846936E23F00F0323439366D4
:10AB600012F026FB002038BD0120FCE70220FAE7A6
:10AB7000003F00B0014BD86E704700BF003F00B0EF
:10AB8000014B0020D9667047003F00B003282DE933
:10AB9000F7434CD8274B13F80080274B1E5C274BFC
:10ABA00013F8009007F003FC074604F097FB0546F6
:10ABB00040B100230022CDE9003301200023002111
:10ABC00004F0BEF904F092FB48B100230022CDE965
:10ABD0000033002000234FF4004104F0B1F926B304
:10ABE000174BDC6C04F00804164B3146DC6440461D
:10ABF00004F08AFD4A463146404604F00FFE124BEF
:10AC0000DC6465B1114B1868416BD83002F0B0FFBD
:10AC10000F490868FFF782FE4FF0FF330B6038469C
:10AC200003B0BDE8F04307F0C6BB3446DCE703B031
:10AC3000BDE8F0838C010400880104008401040055
:10AC4000004000B8006000B8005000B85C2600204A
:10AC5000F40B00200F4A136C13F0A00F15D1506CA9
:10AC600010F0040013D10C4BD3F8EC3E23F07F43DB
:10AC700023F0FF035BB1D368C3F30362092A07D053
:10AC8000B2F10C0018BF012070470020704701206E
:10AC9000704700BF000002B8003000B070B5044635
:10ACA0000D4616462BB1FFF747FE2946204601F018
:10ACB00087FA4FF03A420124D368D26A03F00703BF
:10ACC00006339C40C2F30C03E41AA4B2B44228BF7A
:10ACD000344629462246024801F0BCFB204670BD9E
:10ACE0000C0000BA70B50D46064620B9194B1B681A
:10ACF000A3B1032011E001F069F8012828D1164B17
:10AD000093F90040C4F12704641BC4F11C03002B19
:10AD1000B8BF5B42232B0CDD012070BDA1F10B03FA
:10AD2000002BB8BF5B42232BF6DC0B4B19700020C5
:10AD3000F3E7B57407F03BFB084AE402136A04F436
:10AD4000FF2423F4FF231C43146207F034FBEEE7D7
:10AD50000220E2E75C260020A72D002000C000B8FA
:10AD6000094B08465A6A91020BD4D3F80021D20746
:10AD700008D4D3F8803013F4706F14BF0120002082
:10AD800070470120704700BF004001B8F8B50D467C
:10AD9000436B02EA010423EA0103234343633D4A70
:10ADA00001F00B0323EA0401D1642340A2F5805291
:10ADB0006F070646D36410D50121FFF7D1FF60B1BC
:10ADC00004F044FC4FF4007314F0040F14BF324A33
:10ADD000324A53620422324B1A64E90606D514F053
:10ADE000100F14BF00221B222E4B5A652A061DD5B8
:10ADF000230616D54FF40012274B1A62012203F5E1
:10AE00008053C3F8002107F0D2FA0E210746032031
:10AE100002F0FAFD40F20122224B3846DA6207F0D6
:10AE2000CAFA214606F1D80002F0A2FEEF0503D5CA
:10AE3000E00529D502F0B8FDA90503D5A20526D560
:10AE400002F0BEFD15F0600F09D0D6F8C8103046EC
:10AE500012F08CF88022144B9867144B1A612B0562
:10AE600010D504F0F3FB124A14F4006FD2F8EC3E54
:10AE700014BF43F0006323F00063C2F8EC3E0422E9
:10AE8000074B1A640020F8BD02F088FDD4E702F0F9
:10AE900091FDD7E7006000B8005001B8006001B82C
:10AEA000002002B8004000B8003F00B0000002B827
:10AEB000003000B0014B1868704700BFD428002054
:10AEC00037B5012300240022CDE9003400231046C9
:10AED000194604F035F8022002F010F9054D064B32
:10AEE00021461C6002206B6898472B6803B0BDE8C0
:10AEF00030401847EC0B0020DC2800202DE9FF41F2
:10AF000002290C4615469846039005D1FFF7D8FF55
:10AF1000002004B0BDE8F08107F049FA184E07465A
:10AF200033683BB1AB4205D007F045FA002301205E
:10AF30003360EEE7134B0022C3F800800123356035
:10AF4000CDE90033002300251046194603F0F8FF31
:10AF50000D4B02201D7002F0D1F822462B4603A9AA
:10AF6000022002F0E9F80446084B039A1A60084BE5
:10AF70001B689847384607F01EFA002CC8D1D5E761
:10AF8000DC280020D8280020AA2D0020D42800206A
:10AF9000EC0B0020044B5B6E5B054EBF0120034BA6
:10AFA000187800F00100704700C001B8AA2D0020F9
:10AFB000014B186A02F03ABD004001B8014B186A13
:10AFC00012F01FBA004001B8437C5A1F012A01D970
:10AFD000082B05D14B7C2BB1012B05D0022B05D0C2
:10AFE00011F0EFBF024870470248704702487047AF
:10AFF00020A1070048E8010040420F0070B50E464E
:10B0000007F0D5F9054600F005FF044620B12846B3
:10B0100007F0D1F9204670BD04F018FB104B3278D0
:10B02000D3F8EC3E022A23F0F00315D0101F424261
:10B030004241520043EA02137278022A0ED0111FD5
:10B040004A424A41520043EA8213054AC2F8EC3EA2
:10B050000422044B1A64DAE70122EBE70122F2E74B
:10B06000003000B0002002B870B50E4607F09FF91E
:10B07000054600F0E5FE044620B1284607F09BF99E
:10B08000204670BD04F0E2FA104B3278D3F8EC3E63
:10B09000022A23F00F0314D0101F424242415200F3
:10B0A00013437278022A0ED0111F4A424A415200BD
:10B0B00043EA8203054AC2F8EC3E0422044B1A64B8
:10B0C000DBE70122ECE70122F2E700BF003000B02D
:10B0D000002002B82DE9F8430E780446042E0D46F0
:10B0E00090F804810BD100275FFA87F9484601F0F8
:10B0F000FFFC08B14E4602E00137042FF4D1304680
:10B1000001F0F6FC002845D094F80431B34208D190
:10B11000AA88A36C9A4204D16A88B4F806319A428C
:10B1200035D084F80461AB883046A4F808316B88C8
:10B13000A4F80631AB8804F58275A364FF23A375D8
:10B1400012F0E3F86075284601F092FC18BB28461F
:10B1500001F0C4FCF8B9D4F8C43053B194F8041128
:10B16000414506D02046B3F91220ECF721F884F8C7
:10B170000D01204601F0FEFC0949A4F80801012355
:10B18000084AD1F8FC1004F1D80003F0C7FC0020F5
:10B19000BDE8F88301200E2384F80431F8E700BFEE
:10B1A000004F00B0A43F00B070B5054690F8040110
:10B1B0000C460E281DD0FF291DD01AB14FF0FF32CA
:10B1C0000E4B1A6012F0A1F8064695F8040101F042
:10B1D000C3FC844228BF0446E4B2B44238BF3446BC
:10B1E000E0B2A87501F0BAFDA0F1FF035842584142
:10B1F00070BD0220FCE70120FAE700BFFC0B002035
:10B2000010B590F8043104460E2B3ED0D0F8C4306F
:10B210004175BBB3D0F8D420DAB990F80D318B4228
:10B220001DD300222046FFF7BFFF88B9184B1B78BB
:10B2300013F0FD0F0BD1204601F09CFC15490123B2
:10B24000154AD1F8FC1004F1D80003F067FC002087
:10B2500010BDB0F92420B3F912309A42E1DD00228A
:10B26000204694F80D11FFF79FFF0028F0D1C4F895
:10B27000C400204611F0D0FC01462046BDE8104035
:10B28000FEF7BABEFF238375E1E70220E0E700BFC7
:10B290001C0D0020004F00B0A43F00B0C36B012B79
:10B2A00001D10020704770B505464D498EB012F0AF
:10B2B00069F8D5F8C46001462C8BC5F8C80026B1E2
:10B2C000336813B15B68002B5CD107F070F807F0AE
:10B2D00072F80123D5F8C8108DF80E30B389D6E97D
:10B2E0000120E31A9BB200FB03223E48ADF80C306C
:10B2F00003680292994207D0284611F037FE802257
:10B3000039493A4B88671A61394C384E00F05EFD76
:10B310000128FBD1236CDA07F8D4336CDB01F5D4B8
:10B32000D5F8C81028460D919DF80E20029908AB5B
:10B3300003F0E8F818BB08A901A803F0FBFAF0B97C
:10B340002A8B2C4B5A642B7C60F341032B7411F035
:10B3500066FFD5F8C43002465B691968431EDBB24C
:10B36000FD2B049114D9CC1C12D9234B01311B683D
:10B3700015D0D81C10D8284604A904930AE002204E
:10B380000EB070BD1A68032A9FD99B6A5B0EA3E7B3
:10B39000284604A911F02DFF00200EB070BDD91C65
:10B3A00004D8284604A9049311F023FFD5F82C31C2
:10B3B0009B0504D42B7C43F002032B74ECE74FF481
:10B3C0008031284611F09AFCD5E94A2302400B400F
:10B3D00052EA0301E0D00949284609688847DBE7BB
:10B3E000FC4F00B0C8280020003F00B0000002B8A9
:10B3F00000C002B8008001B8080C0020F80B002043
:10B4000038B590F8105104463DB306F0D0FF1F2226
:10B41000124B013D5A621540114A12495562D4F847
:10B4200014518D66D4F81851CD66D1F80011C907B2
:10B430000FD54FF0FF31C3F80411216CC2F804118D
:10B440004FF0F041C3F81011E37CDB060B40C2F86B
:10B450001031BDE8384006F0AEBF38BD006001B81D
:10B46000005001B8004001B82DE9F74F06461546D7
:10B47000084619B9012003B0BDE8F08F002AF9D0C1
:10B48000032904D8002101F02DFA0028F2D0B0F9E8
:10B490000010837800290488077990F805B0B0F887
:10B4A00006C003F00702C0F2CE80A2F10708D8F16F
:10B4B000000141EB0801052A297394BF0021C3F361
:10B4C0000011C3F3801069739909287401F0020117
:10B4D000C3F3C0000143C3F340136974AB74EF744A
:10B4E000736BA5F814C0D80600F19980063A012ABA
:10B4F00000F29580554B4FF001095B6D4FF03A43D8
:10B500001A6DDB6C083C03F00703063309FA03F9F4
:10B51000002309F1FF3942F0005804EA090418F841
:10B5200004A0013404EA0904AB60631D03EA0903C3
:10B530005A1C02EA090218F8037018F80220BAF13E
:10B54000800F737C18BFAAF1320A47EA02270CBFAA
:10B550006FF07F0A4FFA8AFA3FB2A3B30020D6F801
:10B56000D0300BB1514698470134E87385F80EA0EE
:10B5700004EA090418F80410013404EA090418F86C
:10B580000430013404EA090441EA032118F80430C4
:10B59000013404EA090441EA034118F8043041EA9D
:10B5A000036117F4804305D0294BDB6EB3FA83F3B4
:10B5B0005B095B0030466A7C03F072FB062328605F
:10B5C000AB71002057E7F90425D5D6F8C830ABB1E8
:10B5D0001A68022A12D993F82400C7F30B03DB0080
:10B5E00008B1B3FBF0F39B45B8D8002BB6D0CBEB3A
:10B5F0000B20B0FBF3F0C043C0B2B0E729463046A1
:10B60000FFF7E2FC0190304611F0CBFC019BB3FB4D
:10B61000F0F0C0B2E1E718F804004000ECE70023C6
:10B620000020EB730B4BDA69C2F30723120448BF07
:10B6300063F0FF035AB212F1800F1CBF323B5AB2C3
:10B64000AA730346BBE7022015E700BF004000B81D
:10B65000003F00B000C000B870B54FF03A434FF45F
:10B6600080640A4DD3F818610020C5F81841C5F868
:10B67000144104F0AFF84FF400532B67730542BF39
:10B68000034BC5F81441C3F8184170BD002000BA3F
:10B69000001000BA082310B1024A13647047024A2E
:10B6A000FBE700BF001002B8002002B8F8B504465E
:10B6B0000E4611B9037C5A0647D44FF6FF73A18B8F
:10B6C000D4F8C870994204D0344B1B680BB12046A3
:10B6D0009847334D2B68BB4254D0324B1B683BB16B
:10B6E0001FB13A68002A4FD0BF68394620469847B4
:10B6F0000727204601F03EFA002E39D004F0FEFD67
:10B700000620294B94F9122093F900302749C3F100
:10B7100027039B1A0A6ADB0222F4FF2203F4FF23A9
:10B7200013430B62D4F8C820214B2A60986701F0BC
:10B730007DFB002501211F4A1F4B1170204683F815
:10B74000845011F035FD2846F8BD4FF6FF71144DB9
:10B75000D0F8C8702A6866F3861397428183037411
:10B7600017D0104B1B68002BBAD101F003FA072742
:10B7700012493B46124AD1F8FC1004F1D80003F0FC
:10B78000CDF9BBE70127B4E717462046394698476D
:10B79000AEE701F0EFF90127EAE700BFD02800206B
:10B7A000C8280020CC280020A72D002000C000B809
:10B7B000006000B8A92D0020003F00B0004F00B08D
:10B7C000A43F00B02DE9F8430D4600F0FFFA012830
:10B7D000044630D1194F3B7883B92846EAF7A0FDDB
:10B7E000054610B9EAF7E6FD2C463B781BB101216E
:10B7F000022003F00BF92046BDE8F8830021022067
:10B8000003F004F911F08DFD0646DFF83490DFF8FF
:10B810003480D9F8F4331B07DFD411F082FD801B8C
:10B82000404541F6A2224FF045018CBF0020012087
:10B83000FEF73AFCEDE70224DDE700BFAB2D002068
:10B84000000002B83F420F0008B558220021064808
:10B8500011F0F0FE1022FF21044811F0EBFEBDE8CC
:10B86000084004F04BBD00BFF03E00B0343F00B0D4
:10B87000002373B583746923C0F8E03074234FF05C
:10B88000FF350E26A0F8F43064230446C0E93933AE
:10B89000C0E93B33C0E9075580F80461856445750C
:10B8A000C58203F02BFD2046FFF7CEFF94F912105E
:10B8B0002046FFF717FA6023114A40F6FF71D36460
:10B8C0004FF03A42116311670E4A2946D364402271
:10B8D0000D4B20461A64626BFFF758FA002240F2C3
:10B8E000022310461946CDE9006603F029FB01F05A
:10B8F00013F9204602B0BDE87040FEF7B1BB00BFAF
:10B90000004000B8005000B8002002B8044BD3F843
:10B91000EC3E13F0806F14BF23200020704700BF5F
:10B92000003000B00246F8B5B0F8084100F1D80583
:10B93000FFF7ECFF0B688E68013304BFD2F8E030EC
:10B940000B604B68013304BFD2F8EC304B60771CBE
:10B9500037D1D2F8E830CF688B607E1C38D1D2F86E
:10B96000E4600F69CE60013704BFD2F8D8700F6170
:10B970004F69013704BFD2F8DC704F618F6901371E
:10B9800004BFD2F8F0708F618F6947BBC0F16404C7
:10B9900008688C61C2F8E8304B68C2E93806C2E931
:10B9A0003B340B692846C2F8D8304B690F49C2F8BE
:10B9B000DC30D1F8FC1007230D4A03F0AFF800206B
:10B9C000F8BD04F169031B1AB34238BF3346C2E71E
:10B9D00004F17406361ABE4238BF3E46C1E76934E8
:10B9E000241ABC4238BF3C46D2E700BF004F00B02B
:10B9F000A43F00B038B50446074D21462868621CB4
:10BA0000003818BF012002F071FA2B680020003BBB
:10BA100018BF0123A37038BDE028002038B5054CBD
:10BA2000054B417800782568236002F0B1F900B138
:10BA3000256038BDE02800209801040070B506F0AC
:10BA4000B6FC05460B4E00F0C1F9012804D028468B
:10BA500006F0B1FC022070BDF36813F0706FF2D1F4
:10BA6000F46814F08054EED1284606F0A4FC204679
:10BA7000F1E700BF000002B80A4B10B51B6804468E
:10BA800073B1094B48B10121084A1A60022002F043
:10BA9000BDFF0020064B1C7010BD01461860F5E785
:10BAA0000220F9E7E0280020E428002090010400AB
:10BAB000AB2D0020014B1878704700BFAB2D002044
:10BAC00038B506F074FC4FF6FF710A4A13888B42B2
:10BAD00003D106F070FC032038BD074C074D1B0452
:10BAE0006566A4F580546366118006F064FC00204E
:10BAF000F2E700BF1A0D0020006001B80000FFFF50
:10BB00002DE9F34105460F461446FFF7A3F890B11F
:10BB1000DFF8E08102F066FFD8F81430DE0740F16C
:10BB2000CE8006F044FC0646032001F00BFC38B141
:10BB3000304606F040FC0226304602B0BDE8F081F7
:10BB4000D8F8143013F0060FF2D1304606F033FC6B
:10BB50005C4B4FF400612846D3F8EC8ED3F8CC6EE2
:10BB600004F0C2FB38B14FF400720121564B084675
:10BB70001A64FEF7F1F839462846FEF73DFA514BB4
:10BB8000C3F8CC6EC3F8EC8E06460028D4D12B7CCB
:10BB9000D80601D4002C55D0C4F3400003F01CFD9E
:10BBA000022314F4807F1FBF484A002113644FF022
:10BBB0003A420BBF444A91611364536303F046FD5C
:10BBC0004FF4806314F0040F14BF414A414A14F04B
:10BBD000400F53624FF004023B4B20461A644FF073
:10BBE000400314BF3C4A3D4AC2F88830FEF7C0FE0D
:10BBF000284611F00DFA38B14FF4807314F0010F9C
:10BC000014BF324A304A1364A10642D54FF6FF7280
:10BC10006B8C93420FD0324A3249526E100CC2F3F1
:10BC200001120132B3FBF2F30880294A29492E4858
:10BC30001B0448665366003C18BF01242B7C64F348
:10BC400004132B74284611F0B0FAF0B1284611F015
:10BC5000DFF9D0B14FF40031284604F045FB431C16
:10BC600003229BB2214801A911F00FFB9DF804208B
:10BC700002F00703052B9DF8053013D112070BD4F2
:10BC800043F480731A4AC2F8D430002011F03AFB12
:10BC900052E7FFF715FFCEE713F0040F09D19DF827
:10BCA0000630EDE703F03002202A05D113F0010F32
:10BCB000F4E74FF48073E5E79DF80630E2E70326EA
:10BCC0003AE700BF003000B0002002B8001002B810
:10BCD000005001B8006001B800D000B800E000B822
:10BCE000004001B81A0D00200000FFFF0C0000BA50
:10BCF000003E00B000C001B808B5094BD3F84C3184
:10BD00005A1C0CD05B000AD40320FEF73FFF4FF013
:10BD10008062044BDA6401225A6102229A6208BDF1
:10BD20000080E00F001002B84FF40022034B186CA3
:10BD300003F500531A64C0F3C0407047000002B816
:10BD4000014B024A1A607047CC28002049A8020023
:10BD5000024B586900F00100704700BF00C001B8F5
:10BD6000084B5A69D10707D508B901F0A3B95B6937
:10BD7000DA0706D401F090B95B69DB0701D400282B
:10BD8000F8D1704700C001B84FF0806310B1024A8B
:10BD900053617047014AFBE7001002B8002002B867
:10BDA000202350B1064AC2F8F433064B196C11F047
:10BDB000020104D1032002F029BE034AF3E77047D1
:10BDC000001002B800C002B8002002B80F4BDB68B8
:10BDD000C3F30363013B0B2B0FD8DFE803F0060628
:10BDE0000C06060606080A08080802207047042008
:10BDF00070470520704703207047054B5B6913F0BF
:10BE0000060F0CBF01200420704700BF000002B8DD
:10BE100000C001B8094AD368C3F303630B2B08D0F1
:10BE20006FF49050184100F0010080F001004000D4
:10BE30007047106C10F48030EDD17047000002B8EC
:10BE40000C4AD368C3F30363062B07D8042BD8B27C
:10BE50000BD8C31E5842584140007047072B06D1EB
:10BE6000D2F844010028ECD170470220704700202E
:10BE7000704700BF000002B8F0B5CF072BD5002AED
:10BE800014BFAA2555250E461E24154F01F00303A5
:10BE900083F001033B449B7806F0070C17F80CC0B5
:10BEA000013C63444FEA5606F6D10E4E73436FF4DD
:10BEB00081769B0C334482B991FAA1F195FAA5F5EC
:10BEC0004A082D0F490042EAC57201F00204C47409
:10BED000C0E91023F0BDAA25D5E7034AF7E700BF64
:10BEE000AC01040036FC1000B756351230B547F6E9
:10BEF000FE74164BC3F83042456C04EA4504144DF9
:10BF0000C5F830420F245C66CC071CD5DAB9012491
:10BF10006C664FF0FF34C3F80441056C0C4CC4F858
:10BF200004514FF0F045C3F81051C37CDB062B40A1
:10BF3000C4F8103132B14FF03A430222C0F88010F9
:10BF4000C3F8F42030BD0224E2E700BF006001B86E
:10BF5000005001B813B5437C0446033BDBB2072B0A
:10BF600096BF104A0021D15CFEF70AFE012001F0C5
:10BF70000DF84FF4F0620C4BDA644FF40072A3F545
:10BF80008053DA64637C053B012B08D80421074BFE
:10BF900001229B6E0DEB0100019300F021FB02B02A
:10BFA00010BD00BFA4010400006000B8004001B84B
:10BFB000012310B580F8F6302823C0F8DC300423C4
:10BFC00004464374044B196810F0F0FD2046FFF757
:10BFD000C1FF002010BD00BFF0010400012310B517
:10BFE00080F8F6302823C0F8DC300223044643747E
:10BFF000044B196810F0DAFD2046FFF7ABFF002074
:10C0000010BD00BFF4010400012910B5044604D995
:10C010000239012914D9032011E00B4B19680523BB
:10C02000012284F8F6204FF4BC726374C4F8DC205B
:10C03000204610F0BBFD2046FFF78CFF002010BD0E
:10C04000024B19680623EBE7EC010400E801040049
:10C05000012310B580F8F6304FF4BC73C0F8DC3023
:10C06000082304464374044B196810F09FFD2046D2
:10C07000FFF770FF002010BDE401040038B5184B35
:10C0800004461D6845B1EB6833B1286801F0CCFB6C
:10C09000AB68186801F0C8FB124B1B682BB1DA685B
:10C0A0001AB19B68186801F0BFFB0F4B1B682BB1DE
:10C0B000DA681AB19B68186801F0B6FB0B4B1B6875
:10C0C0002BB1DA681AB19B68186801F0ADFB204605
:10C0D000FFF784FF2046BDE83840FFF73BBF00BFB5
:10C0E000F4010400F0010400EC010400E801040084
:10C0F000F8B5D0F8143104468B420D46164603D1EC
:10C1000090F81031202B0ED0324629462046FFF7FA
:10C11000B3FE202384F810310023C4F81451C4F86E
:10C120001831FFF76DF94FF00077074B32461F6467
:10C1300029462046FFF7DAFE8022044B1A6103F5F8
:10C1400000531F64F8BD00BF001002B8000002B821
:10C15000072330B5124D134CEB63134B69B14421E7
:10C1600040F04000596398630123E3634FF4804338
:10C1700092B1C4F804310A4A07E0596399634FF455
:10C180008043084AE163C4F80431C2F80831C2F8B8
:10C190000C31C2F8103130BDC5F80431EBE700BFF7
:10C1A000006000B8005000B8004000B8034BD3F85E
:10C1B000F80780F00070C0F340607047000002B8DC
:10C1C00010B5407CA0B1304BD3F8B82012F0060F68
:10C1D00001D004280DD94FF470622C4BDA604FF473
:10C1E0008072A3F58053DA600022274BC3F8B42095
:10C1F00010BD02F0020412F0040202D00B789B067C
:10C2000037D4002C39D00B7803F00F03072B34D12F
:10C210004B78022B31D98B7813F03E0F2DD0CC7890
:10C2200014F0040F29D014F0010F0CBF04230A23CB
:10C23000A40748BF0633CB5CFBB1002A14BF02221F
:10C240000122042840F6FF7003F01F0108BF4900D7
:10C25000013940EA01310E4801654FF470600B4925
:10C260001202C860A1F58051CA60074AC2F8B43012
:10C27000BEE7002CC7D18B7823B90023044A13658D
:10C280000122EAE70222DCE7003E00B0006000B8CD
:10C29000004000B80A68064B12F0802F1CBF42F223
:10C2A0000101C3F82812C3F88822C3F88C22704712
:10C2B000004001B8F0B585B06C460E460B4B074602
:10C2C00015460FCB84E80F00094BD3F848220092A3
:10C2D00026B16B1EDBB2FD2B88BF32602A46214699
:10C2E000384610F086FF05B0F0BD00BFB401040071
:10C2F0000080E00F30B50823054685B080B9094AB3
:10C30000C2F8FC3351B96C46074B0FCB84E80F00E1
:10C31000064B2A4621461868FFF7CCFF05B030BD12
:10C32000034AEDE7001002B8C40104005C260020B7
:10C33000002002B838B5044601F08CF901213A20FA
:10C34000E9F74EFEE0782179154A40EA0143C2F848
:10C35000DC34E579A37943EA0543C2F8E034237875
:10C360001BB100230422EAF791FC63782BB1002370
:10C370000422E179A079EAF789FC2278012352B1FD
:10C38000084AC2F8D8346278022332B1054A002044
:10C39000C2F8D83438BD044AF3E7034AF7E700BFD0
:10C3A00000C0035000D0035000E003504FF03A4368
:10C3B000D3F81421D2031ED54FF480320E49C1F8B0
:10C3C0001421A1F58051C1F818215A6DD1B2C2F3E0
:10C3D0000722C3F8A410C3F8A4200422C3F8A420A1
:10C3E0000022C3F8A420C3F8A420C3F8A420C3F8F3
:10C3F000A420C3F8A4207047002000BAF8B50D4669
:10C400004FF03A441746064605F0D1FF01230421B8
:10C41000074A6363E76026616561C2F81411054A43
:10C42000C2F8843105F0C7FF0DB102236363F8BD84
:10C43000002000BA00E100E0054B012218604FF037
:10C440003A435A6740F6FF72D96418651A67704715
:10C45000EC2800202DE9F04105460124006800F099
:10C460000700063004FA00F3A868EC685E1EA042DC
:10C4700062D000EA060E6C6810441E430640A3EB2F
:10C480000E000EEB040C8242644618D9D31A0EEB50
:10C49000030298B1431E052B04D94B1CACEB0303DC
:10C4A000022B59D80B460844ACEB010E03EB0E01EE
:10C4B00013F8014B83420C70F8D101466C688AB1C5
:10C4C000531E052B01F1010302D9E01A022812D8EC
:10C4D0000A44611E00E0013313F8010C934201F895
:10C4E000010FF8D105F063FF0223AE60AB62BDE837
:10C4F000F04105F060BF0B46204622F0030E8E444B
:10C5000053F804CB734540F804CBF9D122F0030370
:10C51000D01A920701EB030C04EB0307E2D0CA5CCC
:10C520000128E254DED09CF8013002287B70D9D07B
:10C530009CF80230BB70D5E7042A35D90878043A54
:10C54000A86148780431A86111F8020CA86111F8BB
:10C55000010CA861A8688CE70B4620F003070F4484
:10C56000ACEB010E1C684EF803400433BB42F9D11A
:10C5700020F0030310F0030F01EB030EA0EB030404
:10C580000CEB030728D011F80380012C0CF8038072
:10C5900022D09EF80130022C7B7018BF9EF802302A
:10C5A000084418BFBB7088E7013A032A12D8DFE8B5
:10C5B00002F00F1507020B4613F8012B1946AA616A
:10C5C0000A4612F8013BAB61114611F8013BAB6121
:10C5D0000B78AB61BDE8F08108446EE70A46F3E7EB
:10C5E00038B50B46154601464FF03A4470B101226A
:10C5F0001048C4F8F4201A46FFF72CFF25B14FF07D
:10C600003A430422C3F8F420002038BD73B1D4F8B3
:10C61000D8209A4284BF0122C4F8F4204FF03A4255
:10C62000C2F8D4300223C2F8F430E7E70123C4F89B
:10C63000F430E3E7CC0000BA10B505F0B8FE4FF0D7
:10C640003A4301225A67C3F8B420C3F88C20154A34
:10C650001549C3F890200722C3F8B020134B0446B5
:10C660001A800023124A13804FF4A022C1F814212B
:10C67000A1F58051C1F818210E4A13600E4B1B6CB6
:10C680005B020AD54FF480020C4B18680C4BD83073
:10C690001A6450F8A41C01F06BFA2046BDE8104063
:10C6A00005F089BE70110020002000BA5C2B00202C
:10C6B0005A2B0020E8280020000002B85C26002049
:10C6C000002002B807220D4B01211A8000220C4BDA
:10C6D0001A804FF03A43C3F8F410C3F8CC204FF45B
:10C6E0000052C3F8D000C3F8F020F022054B9A6442
:10C6F000A022A3F580539A64FFF79EBF5C2B002015
:10C700005A2B0020006000B82DE9F041044688B1A2
:10C7100005F04DFE3D4E3E4A3388032C03F0780170
:10C7200005463C4F03F07F0C11445DD13C6824B9B1
:10C7300005F041FE0320BDE8F08124F001043868D3
:10C7400020F00100A04254D100223A6022888C429D
:10C750006FEA42426FEA5242228040D12E4CDFF80B
:10C76000D0C02788ACF180083A46083A92B201F16D
:10C770000800604528BF4046082A04D9B0F900E007
:10C78000BEF1000F40DB228088780C884FF03A41E0
:10C790003B449B1ADBB2C4F30C048C653380C1F8B4
:10C7A0009830C1F8B0204FF480221C4B00F00700F5
:10C7B000C3F8142101221A4BC3F88421FFF7F6FDB8
:10C7C00004280CD14FF48002164B1B6C164B1868D2
:10C7D000164BD8301A6450F8A41C01F0C9F9284649
:10C7E00005F0E9FD0020A6E7601E012898BF0C4671
:10C7F000A5E7094862440088A21A48BF8032083879
:10C800009042A3DC284693E70146AEE75A2B00206E
:10C8100070110020E82800205C2B0020002000BAC6
:10C8200000E100E0000002B85C260020002002B811
:10C83000F01100201249134B0A881B881248134438
:10C84000083292B20A804FF03A41C1F8B0204FF45A
:10C8500080210E4A073BC2F81411012103F078032E
:10C86000034498780A4A00F007000428C2F88411AB
:10C8700003D10849CA681203FCD4074A1360704701
:10C880005C2B00205A2B002070110020002000BAE1
:10C8900000E100E0000002B8E828002010B5054CD7
:10C8A000206828B1C30701D4FFF72EFF00232360BF
:10C8B00010BD00BFE82800204FF48033084AC2F8BA
:10C8C0001831A2F58052C2F814314FF03A43D3F830
:10C8D000AC30C3F30C03782B01D8FFF767BD70476A
:10C8E000002000BA2DE9F84304460E4605F05FFD2E
:10C8F000514B81461A885148514D02F07801032C62
:10C900002D8802F07F03014417D14E4C24688CB966
:10C910002A44073A02F0780284180344E31A48BF15
:10C920008033AB4210DB484605F045FD002420462D
:10C93000BDE8F88324F00104EFE7012C02D0022CBB
:10C94000EBD1083D0C46E8E7002E44D08C4246D19E
:10C950004FF03A42D2F858804FF03A410127CA6C62
:10C9600002F0070206329740D1F8AC20C2F30C0265
:10C970009A4247DDB4F900302588002BD3DBA37839
:10C98000C5F30C0503F007037A1EA5EB08053A432F
:10C99000052B337005EA02052CD82DB2E84340F28E
:10C9A00036420421C00FFDF77FFB7580E378264AED
:10C9B000337412687B1E03EA0803D118B160A9B270
:10C9C00013FA85F5BD4291BF0023FF1AB780F260CC
:10C9D0009CBFB180F360484605F0EDFCA7E7A4F1E9
:10C9E0000802824238BF04F17802B2F80080C8F32E
:10C9F0000C08B1E7154B5B6D003B18BF0123A5EB9D
:10CA0000C305CAE74B6D7A1EA3EB08033A431A40ED
:10CA10000F4B15B2DB6862B9C3F30363D91E4B42F7
:10CA20004B41DB0033700A4B72809B6CC3F30723CE
:10CA3000BDE70823F6E700BF5A2B00207011002045
:10CA40005C2B0020E8280020EC280020004000B8E3
:10CA5000000002B8054BA622D3F84C013121431C3B
:10CA60000CBF0120C0F38070FDF71EBB0080E00FFB
:10CA700038B5134D0446297819B92022114810F011
:10CA8000D9FD6188104A23785180002113700F4A24
:10CA9000022BC2F8CC104FF0FF010D4A0D4B117064
:10CAA0004FF007010C4A4FF00000C2F8FC130CBF16
:10CAB00004220122C3F8FC2301232B7038BD00BFE0
:10CAC000AC2D0020E03F00B01C0D0020004001B85C
:10CAD000400D0020001002B8002002B8034B1A6875
:10CAE00002609B8883800020704700BF1C0D0020DF
:10CAF00010B5044600F0AEFD064BD3F8F83724B964
:10CB000083F40033C3F3404010BDA31E5842584184
:10CB1000FAE700BF000002B84FF63F7208B50A4BB3
:10CB2000D3F8FC37934206D0084AC3F301131370BD
:10CB3000E022074B1A7000F0E7FD41F66A03B0FBF4
:10CB4000F3F0044B186008BD000002B8410D00204E
:10CB5000420D0020F028002020B1022804D1034B10
:10CB600018787047024BFBE700207047410D00200A
:10CB7000420D00202DE9F74F846C4C22022C38BF67
:10CB800002246A49013C0B6AD1F8CC506849C3F3CE
:10CB90008213DA400B680646A34290F804B1654B55
:10CBA000DFF8ACA1DFF8AC91DFF8AC8102F0010254
:10CBB00014D11878904211D19AF8000058450DD13F
:10CBC000F06C58B1A84209D1B57D99F800008542B2
:10CBD00004D1B8F8040003B0BDE8F08F0C6098F8F9
:10CBE00000101A700846FFF7B7FF002A00F0868091
:10CBF00004234FF07F4100254F4AC2F8B8304F4B15
:10CC0000C3F8B810B37D1B06C2F8B8304FF080529D
:10CC1000494BC3F8B42000F077FD40F27123B0FB1C
:10CC2000F3F0192160431828B0FBF1F14FEA0544F5
:10CC300070D8002C78D0B4FA84F2C2F12002C2F18C
:10CC40000F03012B38BF0123D440A14201D2013B85
:10CC500064086A1C03F01F0152008A40384F121BFF
:10CC60009208C7F8B0201A0242EA03121343019354
:10CC700005EB052305EB0325324B40F6C702186888
:10CC80002B21003818BF0120FDF70EFAFA222D4B98
:10CC900002FB04F01B6840F6FF72B0FBF3F00A23BE
:10CCA0005843294B00F57A74C3F8C420019AA3F5C0
:10CCB0008053C3F8C420A3F58053C3F8CC50D3F8F5
:10CCC000CC3000F58C50C7F8FC30F5641F4D1430A3
:10CCD0002C6001F0CDFE4FF47A72C7F8A400C7F8BB
:10CCE000F8002B68B4FBF2F0B3FBF2F3A8F80430C1
:10CCF000B37D8AF800B089F800306CE7002914BFD2
:10CD000010252025B37D834294BFED182D1805F022
:10CD1000FF057BE7B1FA81F234B1B4FA84F3D21A99
:10CD2000002A8CDC0F2390E70F2392E7004001B824
:10CD3000FC0B0020AD2D0020001002B8002002B82E
:10CD4000003F00B0F0280020006001B8F428002067
:10CD50003F0D00203E0D00201C0D002010B5114B92
:10CD600001461B78104C0E2B02D1FF20207010BD05
:10CD7000184610F0CAFA02461846FFF7EDFE884240
:10CD800028BF0846C0B2904238BF10462378C0B2D0
:10CD90008342ECD0054B20701868FFF7EBFE20783B
:10CDA000E5E700BF1C0D0020400D00205C260020A0
:10CDB00010B50446FCF7EAFE78B1154B1B786BB949
:10CDC00064B1144B1B784BB1134B1B78013B012B07
:10CDD00004D84FF40042114BDA6410BD104BDB6CE9
:10CDE0001B04FAD405F0E3FA044602F02FFC4FF4DA
:10CDF00000420C4B2046BDE81040DA6402220A4B88
:10CE0000C3F87C240422054B1A6405F0D4BA00BF91
:10CE1000AE2D0020AF2D0020F8280020002002B801
:10CE2000000002B8001002B800D003504FF4802276
:10CE3000014B9A64704700BF005000B870B50546BA
:10CE400000F008FC01213A20E9F7CAF8424C434BB4
:10CE500000201D70FFF7ACFF2378013B012B0CD89D
:10CE60000122217CE37B8A4030214B4342F21001B6
:10CE700003F1A04303F570335A500022384BC3F836
:10CE80007C24ADB94FF6FF71364AC2F88410F82100
:10CE9000A2F58052C2F88410C3F87C54324B4FF094
:10CEA0008042DA644FF48022304B00209A6470BDD7
:10CEB000636883B300F028FC626800EB5203B3FBA5
:10CEC000F2F3013B1B0243F0F80326782549022EBA
:10CED000264A22D0032E4FF6FF7521482AD0012E74
:10CEE00033D143F00203C1F88450C2F884300723E1
:10CEF000C0F87C343021E37B01204B4341F2100128
:10CF0000227C03F1A04300FA02F203F570335A5079
:10CF1000FFF74EFF17E0F823D7E74FF6FF7043F017
:10CF20000103C1F88400C2F8843006220C4BC3F818
:10CF30007C24DFE743F00503C1F88450C2F8843055
:10CF40000423C0F87C340A4BA9E7C1F88450C2F826
:10CF500084300023F5E700BFF8280020AF2D002023
:10CF600000C00350006000B8002002B8005000B8B4
:10CF7000001002B8034BDB6C002BBCBF024BC3F8A4
:10CF800088007047000002B8004000B84FF000630E
:10CF900038B1064AD364064B4FF40032C3F88420FC
:10CFA0007047044AD364044BF6E700BF001002B890
:10CFB000005000B8002002B8006000B82DE9F0472A
:10CFC0002D4B2E4C4FF47A76A36000F09DFB4FF46E
:10CFD000FA73B0FBF6F6734307462948190E1B0295
:10CFE0001818284A4FF0000341F1000103F0CEF970
:10CFF000A0F580730546236320B966222B21FDF737
:10D0000053F801254FF47A724FF0000A6A435346F1
:10D010005008310203F0BAF91B4BB7F57A7F19605B
:10D020001A4B4FEA05688946044618604FEA1525F1
:10D0300005D276222B215046FDF736F801264FF413
:10D040007A73A8FB030103FB05117308C01841F1B3
:10D0500000010023324603F099F90D4B02341960A8
:10D060000C4B49F10009A408186044EA8974034B89
:10D07000013C9C63BDE8F0870211010000C001B8CB
:10D0800020A1070040420F00182900201429002089
:10D09000102900200C2900201022044BC3F8842101
:10D0A0005A600122024BDA60704700BF00E100E0E5
:10D0B00000C001B81022064BC3F88421C3F88420B5
:10D0C000BFF34F8FBFF36F8F0422024BDA607047BC
:10D0D00000E100E000C001B810B50446A242A2EB96
:10D0E0000000A3EB010104D2034B01399B6B013318
:10D0F000184401F0030110BD00C001B838B5012586
:10D100000A4B02019D504FF480730446084A834045
:10D11000536605F04CF9074AA540137823EA050346
:10D120001370BDE8384005F046B900BF00E101B812
:10D1300000E001B8B02D00202DE9F84F1646054655
:10D140008A461F4605F033F9022E00F0B080804673
:10D1500005F034F9694B6A4AD3F8209092F88D4073
:10D160005A6EE4B2520744BFD3F82090013405F060
:10D170002BF9644B644A1B681168A3FB093213F155
:10D1800000434FEA847301FB093343EB020304F0CD
:10D190000302DAF80040012E04BF0134E418A3EBC7
:10D1A000040308BFCAF80040B3F1804FC0F0938079
:10D1B0004FF0004000235549D1F800C024F0404111
:10D1C000ECFB01035248A40F006800FB01334B49FC
:10D1D0005048896B8B4281BF013401315B1A04F0E6
:10D1E0000304A41A994584BF444A04F1FF3404F0AF
:10D1F000030488BF926BA3EB090C4455A4B1FC0750
:10D2000042BF41F61F71444A5167B90742BF424AC3
:10D21000424951677A0742BF0021384A91673C076B
:10D2200042BF0021354A91654FF0110A4FF0010EBF
:10D23000324A05F11004240102EB051BCBF80C3136
:10D2400042F804A0136A3649A3EB09030EFA05F469
:10D25000D2F864900A78E4B2224363450A7025D379
:10D260004FF48073AB4019EA030F1FD1425D002ACF
:10D2700040D10EB32B4AF807536607D541F61F710C
:10D2800040F20110244B596750675967B90706D51A
:10D29000214B224A234924485A6748675A677A072C
:10D2A00042BF0122214B1A613B071AD4404605F0C8
:10D2B00082F80120BDE8F88F1D4A2D0142F805E0F3
:10D2C00042F89C3C05F073F815490B7823EA0403F7
:10D2D0000B7005F070F8404605F06DF80020BDE8D1
:10D2E000F88F2120FFF746FE4FF48032034B404673
:10D2F000DA60DCE70B4A40465366D8E700C001B865
:10D30000003E00B00C290020102900201429002024
:10D3100018290020B12D002000E001B800001F1FD7
:10D32000B02D002000D001B800000101000002B8BB
:10D3300000E101B8024B1878003818BF012070478F
:10D34000B02D0020034B10300001185800F00100F0
:10D35000704700BF00C001B8044B01F0F0711030FD
:10D3600041F0030100011950704700BF00C001B82F
:10D3700038B505F023F8084B084A1D6A92F88D402D
:10D380005A6EE4B2520744BF1D6A013405F01CF81E
:10D39000284604F0030138BD00C001B8003E00B0CB
:10D3A00038B50B4B03EB001210300001D2F80C41E2
:10D3B0001D58FFF7DDFFAB0706D5844200D90139C0
:10D3C000204601F0030138BD844238BF0131F7E740
:10D3D00000C001B808B52220FFF7CCFD4FF4802231
:10D3E000014BDA6008BD00BF00C001B8064B1B68E6
:10D3F000434303EB8171054B1B68A3FB003013F122
:10D40000004341EB00007047102900200C29002048
:10D410000C4A20F04043014610B5002014684FF03C
:10D420000042E4FB0320084A890F126802FB030054
:10D43000064B9B6B984204D901330131C01A01F0AD
:10D44000030110BD142900201829002000C001B8D4
:10D45000F8B50646FEF77CFC044608B1FFF72AFE45
:10D4600000230B4D0B4FAB613046EB612B6287F80D
:10D470008D30FFF7CDFFC9B287F88D1028622CB12F
:10D48000FFF70AFE4FF08062034B1A640020F8BDDC
:10D4900000C001B8003E00B0002002B870B50C68B2
:10D4A000651C15D0C4F302669E42C4F3074530D113
:10D4B000A4B294422DD804EB8506B24229D2141BA3
:10D4C000A50824F003040E59340F04D0012C09D010
:10D4D0000022012303E06B1C51F82320002302608B
:10D4E000037170BD0D4C34F8133042EA03431A68DF
:10D4F0006B1C51F8234001EB83014B6822405E40D6
:10D5000036F07044EAD11B0F032B04BF8B681A431B
:10D51000E4E7013501EB8501C1E700BFDC01040050
:10D5200070B51646054610B90124204670BD002985
:10D53000FAD04268104B006803321B68920800F171
:10D540003040984704460028EFD1002EECD0EA681E
:10D55000A86803323146920800F130400FF009FF0D
:10D5600004460028E1D1D5E90402214600F130400B
:10D5700010F060F8D9E700BF040C002007B501A83F
:10D58000E9F75EFD9DF80530022B02BF40220B4BF0
:10D59000C3F8FC23C8220A4B5A650A4B0A4AD3F83F
:10D5A0006032DBB2FF2B08BF03239B0043F47F53A1
:10D5B000C2F8F83303B05DF804FB00BF001002B8F6
:10D5C000008001B80080E00F000002B8002310B511
:10D5D000194C012123643A206364A364E8F700FD39
:10D5E0000122164B5A6102229A62E368C3F3036375
:10D5F0000D2B01D0002BF8D11123114AA36311493F
:10D600001148FFF78DFF01F069FB104A936843B999
:10D610004FF08062094B5A61012203F580535A6131
:10D6200010BD0B49D268096803F13043032AEFD9D2
:10D6300043F8041B043AF9E7000002B8001002B8EE
:10D640003C02040040020400240204000C02040016
:10D65000180C0020012341F6FF710D4AC2F88032F8
:10D6600091660C4A53600C4A53600C4A5360A2F511
:10D6700080425360A2F54042536002F5C0325360CD
:10D6800002F580425360A2F500425360704700BF2C
:10D690000090005000D000B8001000BA005001B84F
:10D6A00038B50324FFF7D6FF114A124B124DDA6446
:10D6B000FFF764FF114BC3F8E0400123EB6401F076
:10D6C00091F94FF460736B614FF40073EB640FF0EA
:10D6D000A6FD0021FEF70EFE8022094B1C64A3F577
:10D6E00080535C64074BC3F884215A6038BD00BF87
:10D6F0000048F000000002B8001002B8005001B865
:10D7000000A002B800E100E008B5E7F7CBFD044B4C
:10D710001B6FC3F300430133B0FBF3F008BD00BF40
:10D72000008000502DE9F04F044687B003908A46F0
:10D730005AF8046B731C06D1039B2660E01A801014
:10D7400007B0BDE8F08FC6F30745012D38BF0125AE
:10D75000324BC6F3016233F81230B7B247EA0347DF
:10D76000EB002F490493043323448B424FEA16768F
:10D7700002D92C4B9C424ED907234FF00109D346C6
:10D78000D34003F0010309FA06F9029309F0940368
:10D7900004F1080801950593059B0BF1040B53B99F
:10D7A00019F0420F19D119F0280F0BD148F8087C55
:10D7B0005BF8042C20E040F2AA7232210020FCF732
:10D7C00073FCF3E740F2AF7232210298FCF76CFC75
:10D7D00007F5805248F8082CEAE74FF4F762322147
:10D7E0000298FCF761FC07F50052012E48F8082C5E
:10D7F000DED15BF8042CD243019B48F8042C013B9A
:10D8000007F1040708F108080193C5D1049B0AEB4E
:10D8100085011C448BE7002092E700BFD40104007F
:10D82000DF4F00B0E04F00B0F8B50646E0B100248D
:10D83000144B25461F46144953F8042BAAB9134824
:10D84000314600EB8500FFF76DFF30B940F661020D
:10D850003621BDE8F840FCF727BC0D4B01352818F0
:10D8600047F8246023F81400F8BDB242FCD001341C
:10D870000C2C02D031F81450DEE740F66F0236214E
:10D880000020E6E71C2900205C2B0020404000B06F
:10D890005E2B002070B5044690B1A9B13A4A52F807
:10D8A000043B834212D10023384A116CC907FCD4CF
:10D8B0009B0003F5804340331360354B01221A640B
:10D8C00070BD01330C2B02D1324D2CE0012352F8F4
:10D8D000041BA142F5D1304A32F81330E4E7C2F319
:10D8E000016335F81300110C93B211F0FE0F43EAF7
:10D8F0000043606820D00434CAB2022A216808D9E3
:10D90000D4E90160033AC3E9001698600C340C3383
:10D91000F3E704D16268C3E90012083403E0012A86
:10D9200001D1043419602268531CD8D10022174B4E
:10D930001A6003F58053C1E7120F072AEDD8DFE81C
:10D9400002F00704090D1013181DC04303F500531E
:10D950001860E2E71A6842401A60DEE703F5805378
:10D96000F6E70FF0FBFCD8E7012203F58053824075
:10D97000F2E7012203F500538240EDE71A6830EA2E
:10D980000202FBD1C9E700BF1C29002000C002B879
:10D9900000D002B8DC0104005C2B00200122014B06
:10D9A000DA647047001002B80122014BDA64704754
:10D9B000002002B84022014BDA647047002002B810
:10D9C0004022014BDA647047001002B808B50C4BD6
:10D9D0001B68D3F8C83023B11A68022A01D9186A23
:10D9E00008BDFFF791FE074B02469B6D98B20028D9
:10D9F000F6D0C3F30743D2085343B3FBF0F0EFE78D
:10DA00005C260020004001B8064BDB68C3F30363CB
:10DA1000984206D1044A936E23F0F00343EA0111C1
:10DA200091667047000002B8003F00B010B5044690
:10DA3000FFF7CCFF0F4AD2F838311B040E4B48BF1A
:10DA400040089B6C03F4C053B3F5805F0ABF936B2F
:10DA5000C4F30113C3F34163012B02D0022B02D0A4
:10DA600010BD4008FCE7C4F3C4240134B0FBF4F05B
:10DA7000F6E700BF004001B8004000B82DE9F047CC
:10DA80000E460FF04EFC00248046DFF8B4A0DFF80D
:10DA9000B49004F08CFCDAF80C300746C3F303634F
:10DAA000012B0BD1711C35D00FF03BFCA0EB08040F
:10DAB000384604F080FCA642EBD80DE0052BF1D0EF
:10DAC0000B2BEFD0023B012B09D9013602D00FF00E
:10DAD00028FC384604F06FFC1848BDE8F087D9F8F8
:10DAE0000C3013F4603FDDD0D9F818301A04C3F3BA
:10DAF000891512D4013602D00FF013FC384604F019
:10DB00005AFC2DB26FF4FF73A5F1C8009842B8BF5C
:10DB10001846E2E704F04FFCBBE7731C03D00FF09C
:10DB200000FCA0EB08046FEA85556FEA955538466E
:10DB300004F041FC15F5007FBDD0E3E700FEFFFFD8
:10DB4000000002B800C000B80122024B98611A61BF
:10DB5000704700BF000001B8044BD3F8AC3010B1DF
:10DB6000C3F30332027003F00F007047000002B8E5
:10DB7000094B01F080011B6C03F480030B4309D1B6
:10DB80004FF40012054B1A62837F1BB10122044B34
:10DB9000C3F80021704700BF000002B8006001B860
:10DBA000005001B810B504F002FC084B04461B6895
:10DBB0003BB1984728B1002200204FF4806101F06A
:10DBC000A7F92046BDE8104004F0F5BB4C29002021
:10DBD0004FF604014FF60502044B01201B6C9BB26B
:10DBE0008B4208BF1346024A136670470080E00F5D
:10DBF00000C001B8074BD3F8483203F00303012BF0
:10DC000003D0022B03D00020704704F0B6B9E7F729
:10DC100093BB00BF008000502DE9F74FDFF8ECB058
:10DC200081460F46DBF808A0FFF7A2FB4FF0FF3557
:10DC3000CDE9000100202C46064606F110031B0129
:10DC40005BF8033003F00308B8F1010F15D130463B
:10DC5000FFF7A6FB02460B46DDE90001FFF73CFAA1
:10DC6000DBF8643006F10802D340DB0737D5002F1C
:10DC70003ED000252C463E6040460136082EDCD1C1
:10DC800050B3224F0AF44033B96B00220131A4FB98
:10DC90000141641941F10001B3F5003F30D17B6BC4
:10DCA0000AF4405A013342F10006BAF5805F22D1EE
:10DCB0003D6B15F5807505FB06F642F1000203FB8E
:10DCC0000266A5FB03323244594304FB0212A3FB54
:10DCD00004341444C9E9003403B0BDE8F08FA8420D
:10DCE00071EB0403C8D207B13E6005460C46C3E79A
:10DCF0003D463C46C0E7320242EA13621B02E3E7BC
:10DD00003B6B13F5807342F10002DDE700C001B800
:10DD1000F8B506200FF00CFB04460FF002FB42F2B0
:10DD20001073041B9C42054618D94FF080624F24A3
:10DD30000B4B1A6441F26F770A4E0BE00FF0F1FAC9
:10DD4000401BB8424FF0F70221468CBF0020012053
:10DD5000FCF7AAF9336C5B01F0D5F8BD1A24E9E7AA
:10DD6000002002B8000002B808B50FF06FFB0122D6
:10DD7000054B93F8853002335B00DBB202FA03F304
:10DD8000024A536108BD00BF003E00B0002000B849
:10DD90000B2870B500F29580012900F292804A4B61
:10DDA00083F8840083F88510484B5B689D05C3F3B6
:10DDB000402227D44FF038435A60454A506E4402FF
:10DDC0006BD5444B5B6803F00303022B65D0022341
:10DDD000C2F848320122404B9A604FF038435A60F3
:10DDE000DA60996A0807FCD11969C907F8D540F2C9
:10DDF000FF323A4B9A615A614FF40072334BC3F8C9
:10DE000084215A60304C01213B20E8F7E9F894F86E
:10DE1000853094F88420324943F4402343F410635E
:10DE2000063241F82230FFF76FFC4608C507FFF7BE
:10DE3000E1FE002302463146284602F0A7FA090215
:10DE400041EA1061C0F3C05040EA4100254BA06791
:10DE5000186B10F5807005D14FF4E1722B21FCF79F
:10DE600023F90220024600230020012102F08EFA4D
:10DE7000E067FFF7BFFE40F649435843000DFF2817
:10DE800028BFFF20022838BF0220002184F88C0020
:10DE9000012000F0BBFD002070BD10F4001006D082
:10DEA000114B586800F00300023818BF01204FF4EE
:10DEB000A9721B21FCF7F8F80122054BC3F8482290
:10DEC00088E70120E8E700BF003E00B000E100E085
:10DED0000080005000000250001000B8002000B880
:10DEE0000080035000C001B80040025038B1064B1A
:10DEF00093F88400087093F88530137070470723F7
:10DF00000B700123F9E700BF003E00B070B5FFF7CA
:10DF1000FFFE0021022000F079FD0FF002FA044616
:10DF20000F4D104ED5F8F4331B070BD504F03FFA14
:10DF3000BDE8704002220C4BDA6001220B4B1A70D4
:10DF400004F039BA0FF0EDF9001BB04240F22A227A
:10DF50004FF045018CBF00200120FCF7A5F8E1E758
:10DF6000000002B83F420F0000C001B8B92D0020E8
:10DF7000224910B50B78002B3FD00122204C94F899
:10DF8000853002335B0002FA03F31E4A93614FF4BB
:10DF900000721D4BC3F8842100230B701B4B4FF400
:10DFA0003072186C3921C0F38060FCF77DF84FF4B3
:10DFB0008041174B174AC3F894100C2194F8853010
:10DFC0004B4303F138435B6BD4F88010994202BF96
:10DFD000D2F86C31C4F88830D2F86431D4F88800B3
:10DFE00008BFA4F88630B4F8861000F0A7F8BDE8A2
:10DFF00010400121022000F009BD10BDB92D002004
:10E00000003E00B0002000B800E100E0000002B8CF
:10E0100000E001B800C001B810B50446FFF7EAFD02
:10E020006043044B00F5F42000F59070B0FBF3F072
:10E0300010BD00BF40420F002DE9F74FFFF7ECFF86
:10E040000546FFF765FE04F0B2F900214FF0384AAB
:10E05000DFF8E4900646684689F80010FFF7DCFD1B
:10E06000304BDAF82070DB6813F0706F1DD12E4B47
:10E070005B6913F0060818D100284CD0FFF744FB69
:10E08000691DA1FB00B4FFF7B5FD214602464346DA
:10E09000584602F07BF9DDE9004B090241EA1061C4
:10E0A0000002A04271EB0B0105D3304603B0BDE87E
:10E0B000F04F04F080B9FFF79DFD220A42EA0B629F
:10E0C0004FEA1B23A0FB02B200FB0324FFF71CFB5B
:10E0D000434602462146584602F058F90C220121D7
:10E0E000124B013593F885307F1B5A4302335B0096
:10E0F000074402F13842DCB2576301FA04F40C4FD2
:10E1000099400C4B7C619961DAF82030526B2D1AE2
:10E110009B1AAB42C9D30222034BDA60012389F870
:10E120000030C2E7000002B800C001B8003E00B0F5
:10E13000002000B8001000B8B92D00202DE9F04FE4
:10E140004FF00C0A0027B54A054692F885408846EC
:10E150000AFB04F303F138431F6392F88420B04BA9
:10E1600087B0C3F8B4204FF40032AE4B46461A6174
:10E170000222A3F58053DA604FF03843AA4A1B6AA3
:10E1800092F82413AB46C9B2059192F829130134D1
:10E19000C9B20491012104F0010482F8247382F8C9
:10E1A0002973A21C0AFB04F4500001FA00F003F1E9
:10E1B000FF390290019004F13844A3EB0903002BCE
:10E1C00040F3FF800137022F65D9DB220D210020AB
:10E1D000FBF76AFF4FF080539449934A4B66059BC7
:10E1E000934C03F0F00382F82433049B03F0F00314
:10E1F00082F82933894A4FF40033C4F86CB1C4F86B
:10E200006461A2F886600026C2F88090C2F888B0E7
:10E210000B61834BC3F8B4600C2392F885205A43FA
:10E2200002F13842166304F0C2F8334632464FF426
:10E23000807E276AD4F864C003F110010901615897
:10E2400001F00301012910D10EFA03F111EA0C0FBC
:10E250000BD104EB0316AF42D6F80C61C0F0D880A6
:10E26000B54202D2B74280F0D6800133082BE3D109
:10E27000704D2C68012C40F2E3803AB16749B1F847
:10E280008E301343A1F88E30664B5A6607B0BDE856
:10E29000F04F04F090B84FF0000B604E96F88530C8
:10E2A0000AFB03F303F13843C3F830B004F07FF8FE
:10E2B0004FF080515D4B039059664FF0384396F80C
:10E2C00085201B6A00920AFB02F203F1010902F1A8
:10E2D0003842C2F83490534A02331167C4F830B060
:10E2E000029A6363544B52485A61019AA3F58053D2
:10E2F0009A618368DB0340F18880D6F88030B26F82
:10E30000A9EB0303A3FB0221036B03F5807CF36FEE
:10E31000A1FB0360A2FB03E39B19ACFB03E640F106
:10E3200000000CFB0066B2EB0E0261EB0606120A5F
:10E3300042EA06624244B2EB1C2F4FEA1C2603D38A
:10E34000013340F10000921B043E964228BF16465E
:10E350003749324A8E6192F88D20D1F820C0EB18EF
:10E36000D2B2896B40F10000654584BF02F1FF32F3
:10E37000D2B2B1F1FF3F0ED04FF0000E01F1010C0F
:10E3800099427EEB000B08D20132B3EB0C03D2B200
:10E3900060F10000F4E70244D2B29B461F49244BCF
:10E3A00002F0030281F88D20C3F820B00222009B06
:10E3B00003980AFB03F303F138431A63226303F063
:10E3C000FAFF4FF038431B6A009303F0F0FF1B493C
:10E3D0000A6922F004020A6130BF4FF08051019BAC
:10E3E000154A936102F5E032116700221021226381
:10E3F0000D4AC2F8841103F0DEFF0D4A009B526EF5
:10E4000012F0805F3FF4D9AEE4E64646AB46CDE776
:10E41000B542BFF427AF11438AB226E7003E00B0F1
:10E420000080035000D001B800E100E000E001B836
:10E4300000C001B8B8280020002000B800ED00E0BE
:10E4400011490B78142B01BF0023104E0B70337051
:10E450000B7801330B70002A3FF418AF0C4EB6F85E
:10E460008E301343A6F88E300A4B5A66074A13784B
:10E470000133DBB2022B13707FF408AF00230134A9
:10E480002C600B70137001E7BB2D0020BA2D00200B
:10E49000003E00B000D001B8F8B50B46002213F8DA
:10E4A000044B944225D91D68854224D106245A790B
:10E4B0001D79124B88181E6804FB0503104F33F8B2
:10E4C000063C7B43B3420ED900238A5A7A439642D4
:10E4D00002D804FB0300F8BD9D42FAD9013304FBC6
:10E4E00003F2825AF2E740F25F423D210020FBF73F
:10E4F000DBFD0020EFE708330132D2E7502900208E
:10E5000040420F0000202DE9F84FA2FB018BBD4EC9
:10E51000BD4F18EB060699466BF10003B74270EB4E
:10E52000030307D240F259220E21FBF7BDFD022062
:10E53000BDE8F88FD9F814A00C461546BAF1000FC3
:10E5400004D0DAF80030032B00F21D81AF4BB04A43
:10E550009F6BA3F58043D3F8EC30C7F31407590041
:10E56000AC4B48BF47F400171B6ED2F8FCA05A070B
:10E570004EBF4FF440039B0503F0E0731F43A64BCF
:10E58000D3F8E4309E0748BF47F0807747EA4567F5
:10E59000E6F7B8FE012D0646C9D10028C7D09F4B2B
:10E5A000984200F0FF8003F5122303F5F8639842C8
:10E5B00000F0FE809A4B984200F0758100250246DB
:10E5C0002B4600204FF0007101F0E0FE2B46013099
:10E5D00008FB03F3C7F3130100FB0B33A1FB066237
:10E5E000A8FB008001FB0522034420339B09C9F8E6
:10E5F0000030F60C8B4B46EA4236F8021C6058BFDE
:10E600007642894B894D34441E602C60BAF1000F6C
:10E6100000F0B7800023F9018549C7F381528A5C75
:10E62000194648BF6408002EB8BF764292066008BB
:10E63000C2FB0601224601F0A9FEDAF800600E2EA8
:10E6400008D9744B714A916BDA69D3F80C31D20650
:10E6500000F1CF8017F4001714BFC42240F2071254
:10E660007449C0F31300A1FB04C14FEA511102FB2E
:10E6700001F1C9F80400DAF818004FF4FA73B1FB9D
:10E68000F0F118BF002701FB03F3A4FB02C2FA3329
:10E69000A3FB003004FB07226345904138BF0131E2
:10E6A000C9B241F4006CC9F808C000297ED0DAF87C
:10E6B0001C00A1FB00371CB1B4FA84F20E2A7EDDE7
:10E6C000E203002F78D1B2FBF3F2530003FB0113F6
:10E6D000A3FB00874FEA044EC6454FEA144474EB8F
:10E6E000070709D34F003B44A0FB0381C64574EBE9
:10E6F000010102F10102F6D2C2F30E024CEA023C21
:10E700004CF00063062EC9F8083040F29980DAF820
:10E710003030002B00F094800023C9F80C30C9F889
:10E720001030E6F7EFFDDAF83010FFF7B5FE0446DB
:10E7300018B18378002B40F0D580E6F7ADFDDAF80C
:10E740003010FFF7A9FE0446D8B18378CBB14079E9
:10E7500040F28B52003818BF01203D21FBF7A4FC8A
:10E76000207940F28C5200384FF03D0118BF012053
:10E77000FBF79AFC237962791B0243EA0213C9F87A
:10E7800010300020D4E6042BDAF828707FF400AFB4
:10E79000F8014CBF4FF4400307F0E07327F0E07737
:10E7A0001F43F5E6002324481D4611E70120BFE67C
:10E7B000002322481D460BE70B46002288E7C2F1E2
:10E7C0000F0E02F1110807FA08F823FA0EF343EAD4
:10E7D0000803AEF1200827FA08F843EA080327FAED
:10E7E0000EFE01334EF1000704FA02F2002FE3D1CE
:10E7F00069E701F4801103F40013194308BFC0F561
:10E80000801027E7006CCA88807C814A008001B8AC
:10E81000004F00B0004001B8000002B800F049020B
:10E82000005A620258290020542900205029002053
:10E83000F8010400D34D62100A3BB2DF313641DCEF
:10E84000E6F760FD2C6894B3B4FA84F3D3F10203C5
:10E8500058BFDC40354B9C4288BF6408C8B3B4FB4A
:10E86000F0F3642100FB134201FB02F2904203F13A
:10E87000FF3253D85D085308013D1B0243EA0515DA
:10E88000C9F80C50E6F70EFDE0B1B4FBF0F26421DC
:10E8900000FB124401FB04F4A0423DD8531E520871
:10E8A0005B08013A68E7002321481D4690E66FF0B7
:10E8B0001F050028E4D140F2DD422B210020FBF7A8
:10E8C000F3FBDDE74FF4A0622B21FBF7EDFB621EAB
:10E8D000E4E7631EA51E5B086D08013B2D0245EAB7
:10E8E0000315E8E740794FF4AE62003818BF012005
:10E8F0003D21FBF7D9FB207940F27152003818BF57
:10E9000001203D21FBF7D0FB237962791B0243EA0A
:10E910000213C9F80C3010E71446D8E79D1E6D08A5
:10E920005308013B2D0245EA0315A9E73FBE4025E8
:10E93000D694BFD610B5044686B059B9214B41686C
:10E94000D3F8FC30827A2048059300686B46FFF7C5
:10E95000D9FD69461D4B0A685A631A4BD3F8FC303F
:10E9600033B34B6843B11A4B1A4AC3F80C214A68B7
:10E97000A3F58053C3F80C218B6843B1144B164A9E
:10E98000C3F8EC208A68A3F58053C3F8EC20134A3F
:10E99000C868D2F8743123F4EE630343C2F87431CB
:10E9A000D2F86C31096923F4EE630B43C2F86C3181
:10E9B000002022890A4B9A6203F5A033186406B03E
:10E9C00010BD00BF004F00B05C260020008001B8E1
:10E9D000006001B8FFFF0F00FFF8FF0F000002B852
:10E9E000004000B8064B9A6E920607D55B6E002B6E
:10E9F0004FF48043B4BF034A034AD36400207047F6
:10EA000000800050002002B8001002B8064B1A6CBB
:10EA10009207FCD4022240EA01205860034B1A649A
:10EA20000122034B1A70704700C002B800D002B830
:10EA3000BC2D002040B10368012B05D90069034BB0
:10EA4000002808BF184670470048704700020400BD
:10EA5000064B586E5B6AC0F30112000C02FB00000B
:10EA600003F01F0301331844704700BF004001B892
:10EA7000084BC1171A68A2FB000302FB013310F117
:10EA8000807043F10003400E40EAC310803820EA52
:10EA9000E0707047602900200722194B70B5DA63D7
:10EAA000FEF732FE174BC408010B0546E005C018FF
:10EAB000154A41F10001002301F068FC134B144E8C
:10EAC00018601448FFF7D4FF4042C6F8DC0049F64E
:10EAD0005800FFF7CDFFC6F8A8000F48FEF798FCD6
:10EAE000024660B1E301500818184FEA15714FF063
:10EAF000000341F1000101F049FCC6F8B40070BD0B
:10EB0000000002B8B2E60E0065CD1D0060290020AD
:10EB1000003F00B07011010040420F002DE9F047A6
:10EB2000064608469846FFF785FF1546074616B382
:10EB300008F0020918F004081FD1B9F1000F1AD02B
:10EB40004FF47A7073685843002B40F08680FFF7CB
:10EB50008FFF28637369002B00F085804FF47A7271
:10EB6000B86802FB0300A0F5FA50FFF781FFE862E6
:10EB7000B8F1000F53D1BDE8F0873069002863D0A9
:10EB80004FF47A735843BB68A0F57A60C01AFFF758
:10EB90006FFFA862B08B002859D04FF47A735843A6
:10EBA000BB68A0F57A60C01AFFF762FFE861324BDC
:10EBB000F468D3F800A0002C4CD04FF47A735C4377
:10EBC000BB68A4F57A64E41A7B68E41A2B4BE1175E
:10EBD0001A68A2FB044302FB013314F1807443F171
:10EBE0000003640E44EAC314803C254B2C62D3F826
:10EBF000C430244C6B6223684BB150460EF0D5FAFA
:10EC000028B12A4639462368DAF87C009847B0696B
:10EC100000210EF047FC6863B9F1000F90D1B06895
:10EC200020BB47F23050FFF723FF68614FF47A7042
:10EC30003368584323B13B6803F51C531033184421
:10EC4000FFF716FFA86196E749F640409FE749F6AF
:10EC50004040A9E749F64044B8E73B6803F51C5338
:10EC60001033184473E747F230507EE74FF47A735D
:10EC70005843A0F5FA50D6E75C2600206029002012
:10EC8000003F00B05C29002008B9FFF7E1BE03484F
:10EC900081420CBF2F20BC20704700BF48E8010014
:10ECA00010B508461C460EF04AFB094B0246D3F845
:10ECB000FC00FFF7BFFE4368A018002B054AA8BF61
:10ECC0004FF4FA721A44044B92FBF3F2104410BD55
:10ECD000004F00B00CFEFFFF18FCFFFF70B588B0BE
:10ECE0006D46124C0FCC0FC594E80F0085E80F005D
:10ECF000B02200210E480EF09DFC202200210D487C
:10ED00000EF098FCD82200210B480EF093FC0EF078
:10ED1000C8FB0A4B1B783BB16D46044E0FCD0FC6A6
:10ED200095E80F0084E80F0008B070BDE03F00B028
:10ED3000503F00B0E04F00B0783E00B0AC2D002056
:10ED40000A4B197801F0FF0229B100211970084916
:10ED50009202C1F80421597801F0FF0229B1002183
:10ED600059709302024AC2F808317047BD2D002045
:10ED7000005000B8064BD3F8EC0E064B5B6C1A0142
:10ED800003D4054B9B6E1B0401D500F580707047C2
:10ED9000003000B0000002B8004000B808B503F031
:10EDA00006FB0E4B1A78A2B90D4A126812F4843F82
:10EDB0000FD10C4A1021D1641B7863B9084B1B6832
:10EDC000DB0508D4074B2022DA64BDE8084003F0D5
:10EDD000F2BA054AEEE7044BF5E700BFC12D00206B
:10EDE000F0110020002002B8001002B810B503F0A6
:10EDF000DEFA0E2104460320FEF706FE40F2012251
:10EE0000034B2046BDE81040DA6203F0D4BA00BFDD
:10EE1000004000B80022044B1A70044B197811B15D
:10EE20001A70FFF7BBBF7047C02D0020C12D002016
:10EE300008B503F0BCFA4FF00042264BC3F880201F
:10EE4000BFF34F8FBFF36F8F0122C3F88420BFF34E
:10EE50004F8FBFF36F8F0222C3F88420BFF34F8F11
:10EE6000BFF36F8F0422C3F88420BFF34F8FBFF32B
:10EE70006F8F0822C3F88420BFF34F8FBFF36F8FCB
:10EE80004FF00052C3F88020BFF34F8FBFF36F8F56
:10EE90001022C3F88420BFF34F8FBFF36F8F20225F
:10EEA000C3F88420BFF34F8FBFF36F8F4022C3F8A6
:10EEB0008420BFF34F8FBFF36F8F4FF48062C3F88E
:10EEC0008420BFF34F8FBFF36F8FBDE8084003F07E
:10EED00072BA00BF00E100E008B503F068FA4FF035
:10EEE00000420A4B1A6001225A6004225A6008222A
:10EEF0005A604FF000521A6010225A6020225A6065
:10EF000040225A60BDE8084003F055BA00E100E035
:10EF1000012370B5074C2370074B1E68074B324026
:10EF2000D3E9005319402840FBF738FD0023237034
:10EF300070BD00BFBF2D002068290020F011002007
:10EF40002DE9F047DDF820A003EA0108099B0646F9
:10EF50000D4602EA000703EA0A09BAF1000F40F081
:10EF60005C81031F0B4300F01C81052871F1000335
:10EF700080F0F28050EA010300F07281431E0B43DF
:10EF800000F03281FFF754FFB64AD2E9004323EA8A
:10EF9000050324EA06043C4343EA0807B24BC2E9EE
:10EFA00000471E6826EA0A0646EA09061E60FFF7C1
:10EFB000F5FE14F02A4F14BF48F202034FF4004349
:10EFC000AA4AB007D26EAA4848BF43F4005383EA66
:10EFD000020122EA0302C266A64A0B408166D3669A
:10EFE000C4F380421203210348BF42F48072E30657
:10EFF00048BF42F40052A04BA50648BF42F400723D
:10F000006006D3F80C3248BF42F48062210648BF44
:10F0100042F40062994882EA030123EA0203C0F83D
:10F020000C32974B0A40C0F80812C3F80C22BA05FC
:10F0300007F4007300F11081924A1D46D2F8A41023
:10F0400002F50052C2F8A410C2F8A0104FF05022EE
:10F05000C2F8A4308C4ADFF86C8282F88830E3046E
:10F0600048BF45F48035A00348BF45F48015A1078B
:10F0700048BF45F4001514F4001F06D0D8F800006E
:10F080000EF037FA08B945F40025E20248BF45F40E
:10F090000035FB067D4B48BF45F480051A6A7C4964
:10F0A00085EA020323F001031A400A621D40CB6186
:10F0B000784B16F0010F1D62774B784A18BF1A463D
:10F0C000774B7D071B6F48BF42F00062754882EAAC
:10F0D000030123EA02030367734B0A4041661A6780
:10F0E000724A04F00103916CA0F5803081EA0302BA
:10F0F00021EA0301816442641A406D4B20029A6444
:10F10000D8F8002048BF6B4B92F81D2158BF6A4BBE
:10F11000610748BF43F4806322B114F4C06F18BF85
:10F1200043F4807332074FF03A42BDE8F047D2F81B
:10F13000181148BF43F0004383EA010222F4A022E1
:10F140005E481140C0F818111340C0F814215C4A01
:10F15000C2F81831FFF7C0BEA0F580630B4306D09C
:10F1600020F48063A3F500730B437FF40BAF03F02F
:10F170001EF93C49D1E9003223EA060322EA0502DE
:10F1800042EA08023B43C1E900324E4A126892F853
:10F190001D114A4A09B313F4C06F1ED04FF4807397
:10F1A00011E003F004F92F4AD2E9003123F00403FF
:10F1B0003B4341EA080157EA0807C2E900314FF42E
:10F1C00080633E4A0BD0C2F81431A2F58052C2F8D7
:10F1D0001831BDE8F04703F0EEB84FF48073C2F881
:10F1E0001831C2F81431F4E703F0E1F81D4AD2E90E
:10F1F000003123F001033B4341EA0801C2E9003139
:10F200000123314A57EA08071BBF5364A2F5805215
:10F210009364936408BF5364DBE750EA01037FF40F
:10F22000B1AEBAF1010F7FF4ADAE03F0C0F80E4AF3
:10F23000136823F0010343EA090313604FF480636A
:10F24000184AB9F1000F04D05366A2F58052136733
:10F25000BFE713675366BCE701234FF48025F9E647
:10F26000BDE8F087F011002068290020004000B8B8
:10F27000006000B8005000B8004001B8006001B85C
:10F28000005001B800400050003F00B0000002B83C
:10F29000002002B8001002B8041C00030418000388
:10F2A00000C001B800E001B800D001B800C000B84B
:10F2B00000D000B80D0A0A09090A0A09002000BA9C
:10F2C000001000BA5C26002000E000B8024B58682D
:10F2D000C0F3C000704700BFF0110020024B186857
:10F2E00000F00100704700BFF0110020024B586889
:10F2F000C0F3C030704700BFF011002010B50446C5
:10F30000FEF7CEF9FFF794FD04F18000FDF7DAF97E
:10F31000FEF75CF9FDF752FEFDF7BEFEFFF7BCFB02
:10F3200013490723134AD1F8FC1004F1D800FFF762
:10F33000F5FB4FF080710020FEF70EF84FF00072E1
:10F340000D4B4FF400110120C3F80021FEF704F823
:10F35000FEF73EFC20B940F2E7221421FAF7A4FEA2
:10F360000EF09DF8BDE810400120FDF767BD00BF1D
:10F37000004F00B0A43F00B000D001B88022074B7E
:10F380001A64082203F580531A64054AD2F8C43E71
:10F3900023F02003C2F8C43E704700BF001002B83B
:10F3A000003000B008B503F002F8FFF7E7FF0122D4
:10F3B000024B1A61BDE8084002F0FDBF000002B830
:10F3C000F0B583B014460646FFF70CFBFCF7C0FC13
:10F3D000002800F09780524B5D6915F0060540F05B
:10F3E000918002F0E4FF23790746022B00953ED17D
:10F3F000237B022B35D00320FDF7A4FF18B9494B1E
:10F40000DB685B047BD5A37B257B003B18BF012316
:10F41000A2684549012D01920B705ED00023434A3A
:10F42000434C13702278002A62D10420FDF766FE57
:10F4300004203B4E2A46736F0DEB000123F0F85376
:10F4400023F4F81343F0506343F4803373670223CB
:10F45000FDF772FE00285CD001213022354B21706F
:10F46000DA64384602F0A7FF002003B0F0BD0320A5
:10F47000FDF768FF002842D12279D6F8E030012A52
:10F48000226839D0D51A0021254B2B4A00955A679E
:10F490009967637B294A8B4214BF0B460123137083
:10F4A000274B274AD3F8C43E4FF003000CBF43F06C
:10F4B000200323F02003C2F8C43EFDF71FFE184BC3
:10F4C000204A03205A67694601232279FDF734FE5A
:10F4D000D0B101221C4B1A708AE72379022B9DD0F0
:10F4E000009BD6F8E01000250B441344019395E7E8
:10F4F0002370FFF753FC98E79A42C4D3C2E738461B
:10F5000002F059FF0320B0E7384602F054FF012013
:10F51000ABE70320FDF7F2FD074B38467367EFE7D3
:10F5200000C001B8000002B8C32D0020C02D00208B
:10F53000C12D0020001002B800000101C22D0020E2
:10F54000003000B0010C0100C42D00202DE9F34172
:10F5500000240D46074602F02AFF1B4BDFF874809B
:10F560001C70FFF70BFF194B0646C8F87430C8F83B
:10F5700078406879431E58425841FCF78BF840F6B2
:10F580000143C8F878302A792968012AD7F8E83089
:10F5900001D1994200D3CC1A042303200DEB0301BF
:10F5A0000194FDF7C9FD48B98822094B30461A6419
:10F5B00002F001FF012002B0BDE8F081304602F008
:10F5C000FAFE0020F7E700BFC42D00200000010173
:10F5D000002002B800C001B8F8B5194C05462078E3
:10F5E00040F20642B0FA80F03E214009FAF75CFD95
:10F5F00055B9607840F20642BDE8F840B0FA80F0B4
:10F600003E214009FAF750BD4FF440660D4F0E4DB4
:10F61000D7F8043140F20642C3F381232370C5F8C2
:10F62000046160783E21B0FA80F04009FAF73CFDB1
:10F63000D7F80831C3F381236370C5F80861F8BDBA
:10F64000BD2D0020004000B8006000B8F8B5084C9F
:10F65000084D236C0423084F2B64236C5B0300D4F8
:10F66000F8BD042602203E640DF078FE2E64F4E717
:10F67000000002B8001002B8002002B8A82238B575
:10F680001A4B1D6C03F500531A6410229A60A3F5FF
:10F69000804302F100521A675A66FFF751FB144B80
:10F6A0001B7813B90320FDF729FD0024114B9C673B
:10F6B000FFF7CCFF104A114BD2F8EC1E0B40C2F8FA
:10F6C000EC3E04220E4B1A640E4BAA06C3F8CC4043
:10F6D00008D503F580739B6FB3F5817F22BF80222D
:10F6E000024B1A61BDE83840FCF7EAB9000002B8E5
:10F6F000C42D002000C001B8003000B0DF0000FFC2
:10F70000002002B8003E00B010B551B920B3154B2F
:10F71000DB681B0E13F00E0F1ED1134B1B6CD907A9
:10F720001AD4FFF763FB0F4C0020FEF715FA0328ED
:10F7300001D0092805D1A36ADA07F5D4636CDB038D
:10F74000F2D4FFF783FF0122084B5A6102229A622A
:10F75000042203F580531A644FF4C062044BDA624A
:10F7600010BD00BF000002B800C002B8001002B80F
:10F77000006001B808B503210920FEF745F92022F1
:10F78000014B1A6108BD00BF000002B80D4A10B558
:10F79000D2F8A030D2F8A4100B40B3F1804F0CD3B4
:10F7A0004FF040400849094CC1F8A400D467C1F8A3
:10F7B000A0004FF48021064AD161034AC2F8A0306C
:10F7C00010BD00BF00400050006000500000FF016D
:10F7D000001002B838B5054602F0E9FD0446FCF712
:10F7E0002BFF35B1FFF716FB2046BDE8384002F08D
:10F7F000E2BD084B1B78002BF6D0074B1D78002D7F
:10F80000F2D1FFF707FB2A464FF480400021FFF7B3
:10F810007FFBE9E7C02D0020BF2D00202DE9F84F28
:10F820005A4B06460D4614461B6C002A40F0AB802E
:10F8300013F0A00F14BF4FF001094FF00009FCF7BF
:10F840003FF9A0234FF0000ADFF85C810320C8F8DD
:10F850004030FDF753FC0420FDF750FC4C4FFFF700
:10F86000D9FA4C4B4FF0040B7B67C7F878A0FFF731
:10F87000EDFE494B4FF48071D3F8C42E42F02002C4
:10F88000C3F8C42EFF22C8F80820404A1161D3F8FB
:10F89000EC2E42491140C3F8EC1EC8F840B0C3F842
:10F8A000CCAE7B6913F0060F04D0FDF793FD5846EC
:10F8B000FDF724FCB9F1000F08D04FF40062384B7B
:10F8C0001A644FF40042A3F5E0339A6666B1354BF3
:10F8D000DB6C180701D4FFF789FAFFF74BFF042010
:10F8E000FDF70CFCFFF72CFA284B5A69D10748D5D5
:10F8F000DA6812F0706FFBD12B4B2C4A1A642C4A39
:10F90000936E23F0F003936615B12046FFF762FF74
:10F91000284BD3F84C315A1C01D05B0002D5012290
:10F92000214B5A616CB31F4BDA6E03F500539A6694
:10F9300003F5D0331B6A1C4A23F00103D3611E4B2D
:10F94000D3F80C1203F50053C3F8081203F5005363
:10F95000D3F8841003F5005399674FF03A43D3F876
:10F96000181103F50053C3F81411144B996C03F5E7
:10F9700000535964124903F5803359664FF6084322
:10F980001364BDE8F88F4FF0000958E7000002B893
:10F9900000C001B800000101003000B0DF0000FF2E
:10F9A000001002B8004000B8002002B8100030007B
:10F9B000003F00B00080E00F004001B800C000B878
:10F9C0005000002F9D4B2DE9F04F9F6EDB6E85B0F0
:10F9D0001F409B4B9F664FF03A43D3F81451D3F826
:10F9E00018311D40974BC3F81451974BD3F8082298
:10F9F000D3F80C3202EA0309944BC3F8089203F5DA
:10FA00002043DA691B6A02EA0308914B914A08EA2B
:10FA10000303D361904BD3F80422D20605D4D3F864
:10FA20000431C3F30016DB0652D502F0C0FC8B4B49
:10FA30005A695E6E1B6F12F0060F06EA0306884ACB
:10FA400026F0007314BF4FF0010A4FF0000A23F4B0
:10FA500000637407536606D5824A92F88D300133ED
:10FA6000DBB282F88D3002F0A6FC002F00F0E380BC
:10FA700017F4004300F0D48002F099FC0146FFF730
:10FA800079F90446DFF8D4B1DBF82020DBF8203028
:10FA90009A42FBD0DBF820209342FBD0FFF76AF9B3
:10FAA000A04217D1084602F086FC6F4B1C606F4BDA
:10FAB000D3F840B01BF4E0520ED124F07F4424F080
:10FAC000DF040CB9FFF7DAFD4FF0807B002414E06F
:10FAD000B246CAE70446D7E70192FFF7CFFD5D4B78
:10FAE000019A1BF480541A6440F09C801BF4806FD0
:10FAF0000CBF4FF0805B4FF0806BB80715D55B4AA9
:10FB00005448126C02F460410164002900F08D80B9
:10FB1000110400F18D8012F4005F0CBF4FF0005211
:10FB20004FF0006200244BEA020BC7F340377F001E
:10FB30004F4A2A40002A4BD015F4206F0AD040F6D5
:10FB40000F0206210020FAF7AFFA0020FFF742FE6D
:10FB500025F48025EB0506D5FF213E4A4BF4C06B0A
:10FB60009160FFF743F915F0090F0BD040F624021E
:10FB700008210020FAF798FAFFF7FCFD4FF03A420F
:10FB80000121516315F0106F0CD040F62D020921B0
:10FB90000020FAF789FAFFF7EDFD00221146104622
:10FBA000FCF71EFD15F4202F0AD040F63502072180
:10FBB0000020FAF779FA0020FFF70CFE25F48025E3
:10FBC000E80301D5FCF778FE002DB8BF47F0080721
:10FBD00069070ED54FF03A42126B12F4005F4FF4F2
:10FBE000005217BF174923490A634BF4000B08BFA3
:10FBF0000A636A0548BF4BF0040B15F48023019398
:10FC000000F0A180FCF716FE0138062834D8DFE8A2
:10FC100010F017011A0117011D0120012301230112
:10FC20009B4653E74FF0804B50E74FF0007279E767
:10FC30004FF0004276E7BB463C4679E7004000B80B
:10FC4000006000B8002000BA004001B8006001B8B0
:10FC50000000F7FF002002B800E100E000C001B89A
:10FC600000E001B8003E00B064290020000002B8A6
:10FC7000090B0B89001000BA40F666020321002030
:10FC8000FAF712FA4FF03A400121D0F88C20D0F860
:10FC9000AC3002F00702063201FA02F2C3F30C0C98
:10FCA000A2EB0C0292B2072A12D9754A126C5302C7
:10FCB0000ED4744BC26CC06E5B6D5BB102F0070278
:10FCC00006329140C0F30C00091A89B2072901D805
:10FCD0004BF4007B6C4A1278002A34D04FF03A4241
:10FCE000D2F8142112F4A02F2DD1684A6849127855
:10FCF0009AB9F20411D40A787AB14FEADB02654866
:10FD000042EA447282F00102D0F8EC0E02F00102E5
:10FD1000520020FA02F2930715D10420FDF7EEF904
:10FD20005D4A5E485067FFF775F859490A7832B95D
:10FD30005B4A5C4912680BEA02020A4201D14BF4A9
:10FD4000804B26F48056B9F1000F1DD019F4805F66
:10FD500018BF4BF4802B19F4807F18BF4BF4002B95
:10FD600019F4005F18BF4BF0100B19F4007F18BF97
:10FD70004BF0200B19F4806F18BF4BF0400B19F4B7
:10FD8000006F18BF4BF0800BB8F1000F3AD018F499
:10FD9000802F18BF44F4007418F4803F18BF4BF450
:10FDA000805B18F4801F18BF4BF4003B18F4001F51
:10FDB00018BF4BF0020B18F4003F18BF4BF4801B28
:10FDC00018F4800F18BF44F0100418F4002F19D055
:10FDD000304AD2F8C42E12F0C00F13D02849CA6896
:10FDE000C2F30362032A01D0072A05D14A6CD00668
:10FDF00002D48A6C110732D54FF400212A4A28F424
:10FE00000028D161002E00F01581320540F1878075
:10FE10002648DFF88490C2782549002A4ED04FF456
:10FE20000063013AD2B24B66C27032B9214A1278ED
:10FE3000C2B140F60141204A5167002200216BE027
:10FE40004BF4803B1EE74BF4006B1BE74BF4806BDD
:10FE500018E74BF4807B15E74BF0080B12E74BF4E7
:10FE6000001BCFE7D9F8782012F4A05F15BF4FF43C
:10FE7000807240F60142C9F85820C9F87820DCE7C2
:10FE8000000002B8004000B8C12D0020C02D0020A5
:10FE9000C22D0020003000B000C001B800000101F8
:10FEA000F0110020088D0100002002B8B12D0020C3
:10FEB00000E001B8C42D002000D001B80320FDF7F8
:10FEC0001DF9D9F81420A34B12F0060F04BF41F618
:10FED0001F72A149A14808BF4A674FF400619E4ABA
:10FEE0005166D9F8142012F0060208BFC9F878202C
:10FEF000B3F88E2012F400615DD022F40062A3F802
:10FF00008E20027802F0FF09002A58D1FDF762FA2C
:10FF1000FFF7B4FB4A4620214BEA020B0C43B30027
:10FF200009D52E20FDF726F84FF000518A4A44F0FB
:10FF3000080411675166F00606D52B20FDF71AF864
:10FF40001021854A1167516616F0306F05D1F10412
:10FF50005DD5BAF1000F00F0A780320111D529203C
:10FF6000FDF708F8FFF7B2F948B17D4A7D487A49B4
:10FF70004A66026700F54050C068430422D444F04A
:10FF8000040416F0007A28D00420FDF7B7F82720E3
:10FF9000FCF7F0FFFFF772FB4FF000716E4A5166FD
:10FFA000714AD2F8EC1E490678D4704A0221916059
:10FFB00044F0020428E002784FF40052ACE74FF41A
:10FFC00000423BE70A6720204A66FCF7D3FF2D205A
:10FFD00044F00C04FCF7CEFFD3E716F0807FDFF887
:10FFE000909146D00420FDF789F82820FCF7C2FF45
:10FFF000D9F87820002A39D1FFF740FB564A5849F2
:020000023000CC
:1000000044F00104116751660021594A9165320498
:1000100005D5584A126890474BEA000B0C4373050C
:1000200008D555498A78002A00F08E80013A8A70F6
:10003000002217433A4658462146FEF769FF019BC6
:100040000BB1FCF72BFC01224C4B05F00435C3F837
:1000500014514B4B18F4002FC3F884211EBF4FF4EA
:100060000022424BDA6105B0BDE8F08FC9F878A0F4
:10007000C4E7F004C8D50420FDF740F8414AC9F8A8
:100080007420FDF7A7F9D9F8642012F0407FBBD1A6
:100090002A20FCF76FFFFFF7F1FA81E7D2F8C42EB0
:1000A000930685D4384A81E733490A7952B1013A37
:1000B000D2B20A7112B92B4A3449516700224BEA75
:1000C000020BA4E70420FDF719F80320FDF716F84A
:1000D000274A2C49516702F06AF981460DF10F0059
:1000E000FDF73AFD2A4A824612780AB1FEF77EFEF3
:1000F000BAF1030F0ED1DFF8A0A00020FDF72CFD10
:10010000032807D1DAF82820D007F6D4DAF84420FB
:10011000D103F2D49DF80F20032A06D101211D4AF4
:100120004846117002F047F9C8E74FF03A42D2F85A
:10013000142112F4A02FF1D1FEF76CFE484602F014
:100140003AF94FF48042BAE70220FCF7D7FF0122C8
:100150006FE700BF003E00B000E001B8C42D0020F2
:100160001000002000D001B8003000B0002002B81C
:1001700000C001B8000C0020B12D0020002000BA02
:1001800000E100E000000101001002B80000010DD4
:10019000C32D0020C02D0020000002B80122024B18
:1001A0001A62DA61704700BF002002B8074A08B53A
:1001B000D369116A0B40064998B2DB07C86104D5C0
:1001C000D068C0F30360FFF7E9FF08BD000002B884
:1001D000002002B80C4A08B5536C926C13400B4ACD
:1001E0005364DB070FD50A4B40F6AC221878122176
:1001F00000F00100F9F758FFBDE808400022012097
:100200000021FEF785BE08BD00C000B800E000B8C0
:10021000F0110020184B70B51C6C5A6C1440174A32
:1002200024F002011164E10705D540F6F322002015
:100230001968F9F739FFA2071CD502220F4B1A647F
:10024000A3F500535B68DBB2A3B9FDF791F8044650
:100250000D460B4ED6F8F433DB060BD5FDF788F8C8
:1002600002460B4620462946FCF736FF652871F109
:100270000001EFD370BD00BF008002B800A002B83B
:10028000000002B870B580260A4C0B4DD4F88430BB
:10029000DB070AD4A36FD4F884201340074A93677E
:1002A00070BDFFF7B7FFC5F88461D5F804311A06B1
:1002B000F7D4EBE7008001B800E100E000A001B84E
:1002C00070B514460D4602F072F8064BD3F8C46EB2
:1002D00074402C407440C3F8C44E02F06CF806EA37
:1002E000050070BD003000B0034BD3F8C43E994305
:1002F0000CBF012000207047003000B01E4BD3F827
:10030000C43E13F001001ED01C4B93F848001C4A59
:1003100040F08073C2F8CC304FF480131949C1F813
:10032000B430A1F58051C1F8B830D2F80C31DBB24D
:10033000FF2B1FD0984294BF0020012040F6DF32EF
:100340003C21F9F7B1BE1A06E1D40F4A92F84711E1
:1003500021B1DB0602D592F84401D8E74FF48012B0
:100360000020084B0649C3F8B820C1F8CC00C3F8F8
:10037000B42070470120E1E7003000B0003F00B03A
:10038000004000B8006000B8003E00B053B94AB960
:10039000002908BF00281CBF4FF0FF314FF0FF308D
:1003A00000F082B9ADF1080C6DE904CE00F006F85A
:1003B000DDF804E0DDE9022304B070472DE9F04FD9
:1003C000099D0C46002B4DD18A420F468446964625
:1003D000B2FA82F360D94BB102FA03FEC3F12002F4
:1003E0009F4000FA03FC20FA02F217434FEA1E4630
:1003F0001FFA8EF44FEA1C42B7FBF6F106FB1177A9
:1004000001FB04F042EA0742904208D91EEB0202C7
:1004100001F1FF3702D2904200F231813946121ABF
:100420001FFA8CFCB2FBF6F006FB102200FB04F472
:100430004CEA024C644508D91EEB0C0C00F1FF326B
:1004400002D2644500F21E81104640EA0140ACEB46
:10045000040C002125B12CFA03F30022C5E9003277
:10046000BDE8F08F8B4205D90DB1C5E9000100212F
:100470000846F5E7B3FA83F100294DD1A342C0F055
:10048000F380904280F0F080064623460846002D17
:10049000E6D0C5E90063E3E7002B40F0A3808A1AA9
:1004A0004FEA1E471FFA8EF60121B2FBF7F407FB55
:1004B00014204FEA1C4242EA004206FB04F090423C
:1004C0000FD91EEB020204F1FF382CBF4FF00109D7
:1004D0004FF00009904203D9B9F1000F00F0CC8031
:1004E0004446121A1FFA8CFCB2FBF7F007FB1022ED
:1004F00000FB06F64CEA024C664508D91EEB0C0CD4
:1005000000F1FF3202D2664500F2B3801046ACEB38
:10051000060C40EA04409DE7C1F120068B4004FA36
:1005200001FE22FA06F720FA06FCF4408A401F4337
:100530004EEA0C0300FA01FE4FEA17484FEA13494E
:100540001FFA87FCB4FBF8F008FB104449EA0444A6
:1005500000FB0CF9A1450ED93C1900F1FF3A2CBF64
:100560004FF0010B4FF0000BA14503D9BBF1000F79
:1005700000F08B805046A4EB09041FFA83F9B4FB0A
:10058000F8F308FB134403FB0CFC49EA0444A445BC
:1005900006D93C1903F1FF3801D2A4457BD8434664
:1005A00043EA0040A4EB0C04A0FB02984445CC466F
:1005B000434602D306D1CE4504D20138B9EB020C32
:1005C00068EB0703002D6CD0BEEB0C0264EB030458
:1005D00022FA01F304FA06F6CC4000211E43C5E9D5
:1005E00000643DE702FA03FEC3F1200104FA03F2BE
:1005F00000FA03FCCC404FEA1E4720FA01F11FFA33
:100600008EF6B4FBF7F00A4307FB1044110C41EAE5
:10061000044100FB06F48C420ED91EEB010100F1EF
:10062000FF382CBF4FF001094FF000098C4202D96E
:10063000B9F1000F2CD04046091B92B2B1FBF7F480
:1006400007FB141142EA014204FB06F1914207D96B
:100650001EEB020204F1FF3801D291421ED844463B
:10066000521A44EA004120E7861A64EB0303012092
:100670000DE7F44402384AE7023C724431E702399C
:100680007244CCE6F4440238DFE602383C4472E7B8
:1006900002387144D0E7023B3C4481E7023C72449B
:1006A000DEE72946DCE600BF704700BF024B0A4682
:1006B000014618680CF01FBF300C002008B5064B2F
:1006C000044613B10021AFF30080044B1B6803B153
:1006D0009847204602F094FC00000000AC2A00205D
:1006E000024B0146186800F02DB800BF300C002006
:1006F000024B0146186800F097BA00BF300C00208A
:1007000070B50F4E0C460546316811B900F046FA37
:1007100030602146284600F041FA431C03D14FF0D7
:10072000FF34204670BDC41C24F00304A042F8D05E
:10073000211A284600F032FA0130F2D1EFE700BF6B
:100740006C2900202DE9F041CD1C064625F003055B
:1007500008350C2D38BF0C25002D01DBA94204D92A
:100760000C2333600020BDE8F081314F00F062F8C7
:100770003B681C4644BB29463046FFF7C1FF431C7B
:10078000044650D13C682146002941D1002C44D078
:100790002368304604EB030800F000FA80453CD1A2
:1007A000216830466D1A2946FFF7AAFF013034D080
:1007B00023682B4423603B68002B36D05A68A24242
:1007C00029D100225A600EE02268521B1DD40B2A48
:1007D00016D96119A342256018BF5960636808BF24
:1007E000396062514B60304600F02AF804F10B008A
:1007F000231D20F00700C21AB5D01B1AA350B2E780
:10080000A3426268DED13A60EDE723466468B1E74F
:100810000C464968B8E71346CEE70C2330463360F0
:1008200000F00EF89EE70560DDE75B60FFDE00BFCD
:100830007029002001480CF006BF00BFC52D002024
:1008400001480CF001BF00BFC52D0020002310B5EA
:1008500004468360818119464366C2810822836110
:10086000C0E90033C0E904335C300CF0E3FE0D4B0B
:10087000246263620C4BA3620C4BE3620C4B236358
:100880000C4B9C4206D003F16802944202D0D03354
:100890009C4205D104F15800BDE810400CF0D2BED6
:1008A00010BD00BF5BD503007DD50300B5D50300A7
:1008B000D9D5030074290020024A034903480CF0EB
:1008C0002EBE00BF240C0020A1D80300340C002051
:1008D00041680C4B994210B5044601D00CF0E0FF82
:1008E000A168094B994202D020460CF0D9FFE1687B
:1008F000064B994204D02046BDE810400CF0D0BF12
:1009000010BD00BF74290020DC290020442A0020EB
:1009100010B50B4B04210B4C0B4A20461A600022E9
:10092000FFF794FF04F1680001220921FFF78EFF11
:1009300004F1D00002221221BDE81040FFF786BF6B
:10094000AC2A002074290020B908030001480CF0EB
:100950007ABE00BFC62D002001480CF075BE00BF56
:10096000C62D002010B50446FFF7F0FF236A1BB127
:10097000BDE81040FFF7F0BF044B2362044B1B6837
:10098000002BF5D1FFF7C4FFF2E700BFD108030049
:10099000AC2A00200FB407B5064904AB086853F829
:1009A000042B8168019300F089F903B05DF804EB32
:1009B00004B07047300C00202DE9F7431D46574B1B
:1009C00004460E461F68904627B13B6A13B9384665
:1009D000FFF7C8FFB8F1020F06D0B8F1010F00F21F
:1009E0009980002DC0F29680636ED90705D4A38943
:1009F0009A0502D4A06D0CF026FE214638460CF074
:100A00004FFF616B41B104F14403994202D0384673
:100A100000F00AF9002363630023A3616360A389E4
:100A20001B0603D52169384600F0FEF8A389B8F10A
:100A3000020F23F44A6323F00303A38160D001ABC8
:100A40006A46214638460CF053FFA3891843A0811B
:100A50002DBB009D2846FFF743FE0646002851D1D6
:100A6000DDF80090A9453FD14FF0FF35B4F90C30C7
:100A700043F00202A2810022A26004F14702226038
:100A8000226101226261626ED60704D4980502D405
:100A9000A06D0CF0D9FD284603B0BDE8F083002E10
:100AA000D8D03B6A13B93846FFF75CFFB8F1010FA5
:100AB000266002BFA38943F00103A381B4F90C307F
:100AC00013F00802C4E904651ED0D90745BF00220F
:100AD0006D42A560A26048BFA561626ED20701D4D5
:100AE0009B0513D50025D6E74846FFF7F9FD0646D6
:100AF0000028B9D0A3894D4643F08003A381D0E7F5
:100B00000025B3E7A946F5E7A260E6E7A06D0CF083
:100B10009BFDE7E74FF0FF35BDE700BF300C00203D
:100B20000B46034902460868816800F0C7B800BF59
:100B3000300C002038B50023054D044608462B60D4
:100B400002F05CFA431C02D12B6803B1236038BD6C
:100B5000B02A002038B50446064D0846114600224A
:100B60002A601A4602F054FA431C02D12B6803B1E2
:100B7000236038BDB02A002038B50446064D08462B
:100B8000114600222A601A4602F044FA431C02D1A0
:100B90002B6803B1236038BDB02A002038B500238C
:100BA000054D044608462B60E4F704FC431C02D1C3
:100BB0002B6803B1236038BDB02A002038B5044645
:100BC000064D0846114600222A601A4602F030FA05
:100BD000431C02D12B6803B1236038BDB02A00202A
:100BE00070B50D4D00260D4C641BA410A64209D112
:100BF0000B4D00260B4C0DF053FC641BA410A642B9
:100C000005D170BD55F8043B01369847EEE755F81D
:100C1000043B01369847F2E71C0F00201C0F002010
:100C20001C0F0020200F002038B50546002941D0B8
:100C300051F8043C0C1F002BB8BFE418FFF7FAFD75
:100C40001D4A136833B9636014602846BDE8384014
:100C5000FFF7F6BDA34208D9206821188B4201BFD7
:100C600019685B6809182160EDE71A465B680BB1EB
:100C7000A342FAD911685018A0420BD12068014450
:100C8000501811608342E0D118685B6808445360D3
:100C90001060DAE702D90C232B60D6E72068211810
:100CA0008B4202BF19685B680918636008BF216046
:100CB0005460CAE738BD00BF702900202DE9F04F0D
:100CC0000D469DB014469846064618B1036A0BB906
:100CD000FFF748FE6B6ED90705D4AB899A0502D49D
:100CE000A86D0CF0B0FCAB891B0701D52B699BB933
:100CF0002946304600F026FA70B16B6EDC0704D549
:100D00004FF0FF301DB0BDE8F08FAB899805F7D4E8
:100D1000A86D0CF099FCF3E70023CDF80C804FF0A0
:100D20000109DFF8B481099320238DF8293030239D
:100D30008DF82A3023469A4613F8012B0AB1252A4A
:100D4000F9D1BAEB040B0BD05B462246294630465C
:100D50000CF09FFC013000F0A780099A5A440992D8
:100D60009AF80030002B00F09F8000234FF0FF32F4
:100D70000AF1010A049307938DF853301A93CDE9D1
:100D8000052354460522544814F8011B0CF04FFE6D
:100D9000049AD8B9D10644BF20238DF853301307E5
:100DA00044BF2B238DF853309AF800302A2B15D0EE
:100DB000079A544600204FF00A0C214611F8013BD7
:100DC000303B092B4BD9B0B1079214E0A0EB0803DC
:100DD000A24609FA03F313430493D2E7039B191DB8
:100DE0001B68002B0391BBBF5B4242F002020793DA
:100DF0000793B8BF049223782E2B0AD163782A2B4D
:100E000032D1039B02341A1D1B6843EAE373039239
:100E10000593DFF8D4A00322217850460CF007FE9A
:100E200038B1A0EB0A004022049B013482401343F6
:100E3000049314F8011B062228488DF828100CF0A2
:100E4000F6FD00283FD0264B1BBB039B073323F046
:100E5000070308330393099B3B4409936AE70CFBA0
:100E600002320C460120A8E7002301344FF00A0C9F
:100E700019460593204610F8012B303A092A03D968
:100E8000002BC6D00591C4E70CFB012104460123C9
:100E9000F0E703AB2A4604A930460093114BAFF3A9
:100EA00000800746781CD6D16B6ED90705D4AB8974
:100EB0009A0502D4A86D0CF0C7FBAB895B063FF521
:100EC0001FAF09981EE703AB2A4604A930460093DA
:100ED000044B00F00BF8E4E7124204001C4204004B
:100EE0000000000093D60300184204002DE9FF47DC
:100EF0000F7E914680460C46782F9A460C9E01F153
:100F0000430207D8622F0AD8002F00F0DD80582F47
:100F100000F0C38004F1420684F842703AE0A7F181
:100F20006303152BF6D801A151F823F0850F0300B8
:100F3000990F0300150F0300150F0300150F030091
:100F4000150F0300990F0300150F0300150F030081
:100F5000150F0300150F0300AF1003002710030047
:100F600067100300150F0300150F0300D1100300D5
:100F7000150F030027100300150F0300150F0300C2
:100F80006F10030033681A1D1B68326004F14206BB
:100F900084F842300123A8E031682368081D3060DE
:100FA0001E0601D50D6803E05D06FBD5B1F90050C2
:100FB000002D616878DA2D200029A16084F84300B3
:100FC0002DDA6D425D480A231646B5FBF3F103FBAB
:100FD0001157C75D06F8017D2F460D46BB42F4D977
:100FE000082B0BD12368DF0708D523696168994274
:100FF000DEBF302306F8013C06F1FF36921B22616A
:101000004B4603AA21464046CDF800A00CF053FB06
:1010100001306FD14FF0FF3004B0BDE8F08723F00E
:1010200004032360CDE721683368080653F8045BA6
:1010300002D4490648BFADB26F2F33603F4814BF9A
:101040000A230823002184F843106668002EA66056
:10105000BADB216821F004012160002DB4D1002EFB
:10106000B2D11646BCE7236843F0200323607827FB
:101070003348236884F845701F06316851F8045BD3
:1010800002D45F0648BFADB23160D90744BF43F018
:10109000200323601DB11023D4E72848E9E7236823
:1010A00023F020032360F6E724480A23CDE73368C2
:1010B0002568181D616930602E061B6801D519600E
:1010C00002E06806FBD5198000231646236197E7E6
:1010D000336800211A1D32601E68626830460CF0C9
:1010E000A6FC08B1801B606063682361002384F85C
:1010F000433085E72369324649464046D0470130B0
:1011000088D023689B0714D4E068039B9842B8BF3B
:10111000184681E70123324649464046D047013010
:101120003FF478AF0135E36803995B1AAB42F1DC19
:10113000EAE7002504F11906F5E700BF23420400A1
:101140003442040038B5294B05460C46186818B1DE
:10115000036A0BB9FFF706FCB4F90C30190722D467
:10116000DA0607D409222A6043F040034FF0FF302B
:10117000A38133E0580712D5616B41B104F14403F8
:10118000994202D02846FFF74FFD00236363A389ED
:1011900023F02403A3810023636023692360A389D0
:1011A00043F00803A38123694BB9A38903F4207397
:1011B000B3F5007F03D0214628460CF0BEFBB4F9FE
:1011C0000C3013F001020AD00022A2606269524280
:1011D000A261226942B913F08000C5D138BD9907D8
:1011E00058BF6269A260F4E70020F7E7300C0020E6
:1011F00038B50023064D0446084611462B6001F021
:1012000000FF431C02D12B6803B1236038BD00BF2F
:10121000B02A002038B50023054D044608462B604F
:1012200001F0F4FE431C02D12B6803B1236038BDEA
:10123000B02A0020094A5168C84390FAA0F048B18A
:10124000B0FA80F0042805DC012383400B4353608F
:1012500040B270474FF0FF30704700BFDC2A0020DB
:101260000021034B28220348C3E900110CF0E2B926
:10127000DC2A0020B42A002038B50546FFF7DAFF43
:1012800004460448294600EBC4000CF035FC204617
:1012900038BD00BFB42A0020C3B2042B10B515D846
:1012A00004230B4A03EBC003134453E8002F0A4303
:1012B00043E80024002CF8D101220649824051E87D
:1012C000003F134341E800300028F8D110BD00BFB3
:1012D000B42A0020DC2A0020F7B54FF0040C0126C8
:1012E0000827184A1849194D106800B30B7806FAF8
:1012F00003F420421DD0E04352E8004F044042E88E
:10130000004EBEF1000FF7D117FB03C32B4453E887
:10131000000F43E800E4002CF9D1019048B10878AF
:1013200001AA0B4905EBC0000CF022FC012003B020
:10133000F0BD0B78506883422EBF00230133DBB22F
:101340000B70D1E7DC2A0020C72D0020B42A002032
:1013500078563412024B1868003818BF01207047C5
:10136000DC2A002010B5044601F028F8074B1B6862
:101370004BB1DB681B1B002BCCBF0024012401F008
:1013800023F8204610BD1C46F9E700BFF42A0020D0
:1013900038B54FF0FF34054601F010F8084B1A68D5
:1013A0001AB901F011F8204638BDD2E903310B44D7
:1013B0005B1B23F000439C4228BF1C465268EFE7AA
:1013C000F42A00202DE9F84F0C9F0E461546994649
:1013D00080469DF82CA008B103687BB937B1294637
:1013E0003046B84740F20340BDE8F88F002DF9D0F1
:1013F000002EF7DB284600F009FCF3E700F0DEFFE3
:101400008346504600F0F0F90446584600F0DCFFF1
:101410008CB947B129463046B8470320314600F021
:10142000BBFB1A20E0E7002DF7D0002EF5DB2846A5
:1014300000F0ECFBF1E7656100250A9BC4F8008031
:10144000DFF87080C4E90797A660236184F818A0CC
:10145000D8F800306560984709EB000600F0AEFF51
:1014600007461248E6600268114631B1CB689B1B03
:10147000002B13DBCB689E4210D09DB90C4B6260F1
:1014800004601C682CB1D8F800309847FFF780FF43
:10149000A047384600F098FF0020A5E74B680D46AE
:1014A0001946E2E76B6863606C60F2E7F42A00209B
:1014B000E42A0020EC2A00202DE9F74F81460D4652
:1014C00092461E4600F07AFF4FF00008DFF874B035
:1014D0000190DBF800402CB9019803B0BDE8F04F53
:1014E00000F072BF23684B451CD12DB1A3682A6858
:1014F00023F00043934215D17EB96368B8F1000F21
:1015000013D1CBF800300D4B1F6887B10C4A12681D
:101510009047FFF73DFFB84709E051466069B04783
:101520000028EAD0A0466468D5E7C8F804306768A8
:1015300020460CF09DFA3C46CDE700BFE42A00208F
:10154000EC2A0020F42A0020014B1860704700BFED
:10155000E42A002070B50B4B04460E461546197858
:10156000094A0A480CF018FF0023094A2421136095
:10157000084A07201660084A15602246BDE87040F8
:1015800000F0B4B8E02D002045420400C82D002032
:10159000F42A0020EC2A0020E82A00207FB5044627
:1015A0001846002303930A4B0D461B68164613B9D1
:1015B000212004B070BD03A998470028F8D10090FD
:1015C000324629462046039B0CF085FAF1E700BF1E
:1015D000E82A0020F8B5054610200F46164600F010
:1015E000F7FA0A4B0446187818B1102221460CF07D
:1015F000D6FE44B101230020E3602B68C4E90176E4
:1016000023602C60F8BD1A20FCE700BFC82D002025
:101610002DE9F843264FDFF8A880264D386038685A
:10162000FFF7A0FE30B9244B1B689847BDE8F8438C
:10163000FFF7AEBE00F0C2FED8F800400646ECB19F
:101640006368C8F800301D4BD3F80090B9F1000F63
:101650000CD100F0B9FEA3682C6033F0004311D127
:1016600028680CF005FA00232B60D8E7124B1B68A2
:101670009847FFF78DFEC8473046EAE700F0A4FE22
:101680002C60CCE72368002BEAD018680028E7D04C
:10169000A26832F00043E3D0D0E9006963692168B1
:1016A0008068C8470028DBD1002ED9D03046EFE74C
:1016B000F82A0020F02A0020EC2A0020E42A00204A
:1016C000F42A002038B504460D4600F077FE064B9C
:1016D0001B683BB1DA6922601B692B60BDE83840AA
:1016E00000F072BE2360F8E7F02A00202DE9F74FE2
:1016F0004FF6FC7700241646DFF884900331DFF8BC
:1017000084B009EB00150F404FEA001ADBF80030F7
:101710006A80804629F80A7002FB07F0EC6098475F
:1017200017FB06F292B2034668602A8108B3009262
:101730001148124A9BF8041052F8282040440CF03B
:101740002CFE21462A8968680BF074FF2146234647
:101750009E4206DC0020D144A9F8026003B0BDE837
:10176000F08F6A68E868541850500133EC603944CF
:10177000EEE71A20F2E700BFC92D00204443040021
:1017800004240020FC2A002070B50B4E044606EB12
:101790000015696839B1094B2A89185C0CF0FEFD07
:1017A000686800F033FA06EB04101022BDE87040C0
:1017B00000210BF03FBF00BF04240020C92D0020F2
:1017C000044B19601A7198600201002102480BF065
:1017D00031BF00BFFC2A002004240020014B185C0C
:1017E000704700BFC92D002070B50A4C060104EBFC
:1017F0000013DD68084B185C18B12946A25B0CF099
:10180000CEFD2DB12B683444E3606388013B6380D7
:10181000284670BD04240020C92D0020024B03EB94
:1018200000139878704700BF04240020094B10B4BF
:1018300003EB00135A88DC6801320C60D9605A80CF
:10184000054B185C18B15DF8044B0CF0A9BD5DF8B0
:10185000044B704704240020C92D0020044A0101D4
:1018600002EB0013505A10B11B89B3FBF0F0704724
:101870000424002038B50024154B164D1C70164B5F
:1018800020461C60154B2C601C706C60AC60FFF730
:10189000E5FF80B2A0F10E036B80A0F114030130CC
:1018A00068812046EB80FFF799FF04460C4D014606
:1018B0000C4A28460CF070FD2146681E0A4A0CF0BE
:1018C0006BFD2146681C094ABDE838400CF064BD38
:1018D000DE2D0020762B0020202B0020DD2D002087
:1018E000DB2D002088430400914304009B43040047
:1018F00070B5044680B300F061FD637905466FF36F
:1019000082036371237913F0100605D0102323712D
:10191000BDE8704000F058BD104903F0030331F8F2
:1019200023203046013A21F823202146FFF77EFF8D
:101930000B4B0C4E1C681CB90A4B28461C70E7E781
:10194000237A1BB933781BB92468F4E7012BFBD148
:10195000204663689847F7E770BD00BF762B0020EC
:10196000202B0020DE2D002010B5044600F026FDBF
:10197000034B1A6822601C60BDE8104000F024BDD3
:10198000202B002010B5064B00F0E0001A78541C04
:101990001C70044B03F8320003EBC203596010BD06
:1019A000DD2D0020082B00202DE9F04F04464607CE
:1019B00089B048BF00F0F7040492029100F0FEFCE9
:1019C000614F04F0030607EB860337F826205B8897
:1019D00081469A4204F0EF0A4FEA860831D200208D
:1019E000FFF702FF054640B337F82630484601337B
:1019F00027F8263000F0E8FC28460CF03CFB029B60
:101A0000029AAB71049B85F804A01344EB7100F0BB
:101A1000D5FC07464D4B1C68002C40F08C803846A6
:101A200000F0D2FC4A4B985D18B1452229460CF0D3
:101A3000B6FC284609B0BDE8F08F01224846454B68
:101A40001A7000F0C1FC25071DD51F2C1BD904F00E
:101A5000E003039300F0B2FC07EB08035B8837F860
:101A600026804FF0000B98452CBF00230123DFF8A0
:101A7000EC90019300F0A8FC07EB86030593364B2E
:101A80001B789B4508D384F004005146C0F38000C6
:101A900000F082F80025C5E799F80030039A1A4251
:101AA00004D0D9F80480D8F8003023B90BF1010B29
:101AB00009F10809E3E707935A79D00708D51A799D
:101AC000510705D5019941B98AEA0202920704D06B
:101AD00098461B68002BEFD1E5E740460CF031F942
:101AE0000579079007A80CF00EF92946002000F0B0
:101AF00053F800F063FC059B37F826205B88054609
:101B00009A4234BF01230023019309D20020FFF73A
:101B10006BFE079058B137F82630013327F826308E
:101B2000284600F051FC079D002DBCD064E701223F
:101B3000084B1A70F4E7237A012B02D12046636820
:101B40009847246868E700BF762B0020202B0020F0
:101B5000DA2D0020DE2D0020DD2D0020082B0020B6
:101B60000022014B1A607047242B002010B5044658
:101B700000F024FC074A13682BB914602360BDE809
:101B8000104000F021BCA34202D01A461B68F3E7C4
:101B900010BD00BF242B002070B505460E46054B36
:101BA0001C6804B970BD63683146284698472468AC
:101BB000F7E700BF242B0020024B034A19780348A3
:101BC0000CF0EABBDF2D0020A8430400E02D00202C
:101BD00038B5C41C24F00304204601F0F4FB0A4B82
:101BE0000546187818B1224629460CF0D8FB2DB9C5
:101BF00021460220FFF7D0FF284638BD22460021AB
:101C000028460BF017FDF7E7E02D002010B504463D
:101C100028B1054B187810B121460CF0C1FB2046C5
:101C2000BDE8104001F0EDBBE02D002010B5064CE2
:101C3000237823B9E9F774F818B901232370002039
:101C400010BD40F20740FBE7E12D002038B50B4BFB
:101C500004461B780D464BB121462846E8F780FF25
:101C6000002840F2074008BF002038BD044905485D
:101C7000FFF7DCFF0028EFD0F7E700BFE12D0020E1
:101C8000EFBEADDEBEBAFECA406800B97047436819
:101C90008B4201D00068F8E70120704700207047B0
:101CA00008B5E0F75BFC042008BD08B5E0F7AEFC22
:101CB000042008BD08B53030E0F700FD042008BD61
:101CC00008B5E0F75DFD042008BD08B5E0F7B0FDFC
:101CD000042008BD0020704708B501F05AFBE1F769
:101CE00099FF01F063FBE1F7EBFFE7F7D1FDF8E7C0
:101CF000EEF76CBF08B5E8F71FFDBDE80840F1F747
:101D00001BB810B50446E2F7ABFE2046E2F73AFCFA
:101D10002046E2F71BFA10BD0120704700B5C3B0A2
:101D2000EEF7E6FE05F0A9FE48B1FFF7F5FF30B18A
:101D300001A806F071FD10B901A8FFF7E2FF43B05A
:101D40005DF804FB00F09FB808B5E3F795FBE3F7F7
:101D5000A7FEE2F725FEE2F735FEBDE8084000F0F9
:101D6000E6B808B500F08DF8E8F7A0F9E7F724F930
:101D700000F050FFE7F72CFBE8F7D2FF00F0D3FFAD
:101D8000BDE80840E2F7F2BD08B5E5F7F1FA00F06A
:101D9000A6FBBDE80840FFF7ADBF08B5E2F730FF8E
:101DA000BDE80840E3F70EB8704708B5E2F77CFFDE
:101DB000BDE80840E3F72AB9FFF7B0BF7047E2F784
:101DC000E3BD0120704738B5E2F7B0FF0446E3F702
:101DD00057F9051E18BF2546EEF7B2FE041E18BFC0
:101DE0002C46E2F7BDFB002818BF204638BD38B5A9
:101DF000E7F776FE0446E2F7ADFF042825D0022877
:101E00004FF0000508BF0124E3F730F904281ED085
:101E1000022808BF012405F072FE042819D0022808
:101E200008BF0124E2F7B6FD042814D0022808BF39
:101E30000124FFF7C6FF04280FD0022808BF0124A1
:101E4000002D18BF0024204638BD0125DCE7012500
:101E5000E1E70125E6E70125EBE70024F3E782B09F
:101E600002AB03E90300012002B0704770477047DE
:101E7000042208B5114601230020E4F707FF0020E3
:101E800008BDFFF7F5BF042208B500231146184628
:101E9000E4F7FCFE002008BD08B501213A20E4F774
:101EA0009FF8FFF74FFFBDE80840E3F7F1B80121C5
:101EB0003A20E4F795B870B5002506462C46052C67
:101EC00020D8DFE804F003070B0F13175B2108206D
:101ED000E3F732FB0C210820E3F72EFBD121082089
:101EE000E3F72AFB80210820E3F726FB00210820E6
:101EF000E3F722FB6C1C2946E4B208202546E3F7F1
:101F00001BFB0624A4F10E03012B05D85A2108203F
:101F1000E3F712FB0134D2E7102C05D1BDE8704085
:101F20005D210820E3F708BBB31F195DEFE708B593
:101F3000082000F0B1F8BDE80840082000F0B7B86C
:101F4000012307B520F07F4040EA81700190684688
:101F50008DF80030FFF7AFFF03B05DF804FBFEE73C
:101F600010B53AB1002350F8234041F82340013323
:101F70009A42F8D110BD002070474FF400407047DE
:101F80004FF47A70704700230360704703680B605A
:101F900001607047036803B970478B4202D10B6838
:101FA000036070471846F5E7436803B118472220DD
:101FB0007047436903B11847FF20704710B40A689F
:101FC00008461378022B13D014213023147913FB05
:101FD000041303F1A04303F570331B685179CB4020
:101FE000DB4303F0010313705DF8044BE2F714BE0A
:101FF0005DF8044B704703681878704702681378DF
:10200000022B27D014213023107913FB001303F186
:10201000A04303F5703351791B68CB40917903F0ED
:102020000103012912D1508843EA40034FF6E070C2
:1020300063F03F039BB2834202D11170538070471B
:102040004FF6DF718B42F9D10021F6E711B983F029
:1020500001031370704703681A78022A03D1002223
:102060005A80E3F7B7B9704713B504682378022B99
:1020700010D0A379022B0BD100216079E3F728FD62
:102080000023627920791146CDE90033E4F7A4FDFD
:102090000223237002B010BD4FF060420123D2F83A
:1020A000001E83400B430020C2F8003E70474FF0F3
:1020B00060410122D1F8003E824023EA0203002061
:1020C000C1F8003E7047D0E90003184783680068F4
:1020D0001847C3680068184703690068184710B5B7
:1020E000044601213A20E3F77BFFA3782078B3FA76
:1020F00083F3042261785B09E4F7C8FD002010BD7A
:102100000122417803788A4030214B4343F2100189
:1021100003F1A04303F570335A5070471021302368
:102120000246007813FB001303F1A04303F570335C
:102130001B685178CB4003F0010093780BB980F015
:102140000100704710B588B004460E9800920790C1
:102150000D98224606909DF8300005900B9804904B
:102160009DF8280003900020CDE901300B460121A5
:10217000E3F72CFA08B010BD704713B5044601A868
:10218000E4F75EFF9DF8063023804FF48073638090
:10219000E4F776FF6060002002B010BDE4F7D6BE21
:1021A00008B5E4F7C3FE002008BD10B5044644EAB4
:1021B000010313F00303084609D1934201D1002023
:1021C00010BD54F8231040F823100133F5E72146E1
:1021D00092000BF03AFAF2E70A4601390144E7F7B8
:1021E00059B908B5E3F78AF8BDE808400021E3F7DC
:1021F000D1BE1FB5002380280446019371D02AD890
:10220000002872D0A0F12004412C32D8412C30D8C3
:10221000DFE804F06B6E6B6E7E7E7E7E6E6E883CB9
:102220009E623C6E6E6E2F2F2F2F2F2F83546E6E5B
:102230006EA8A36E2F2F2F2F2F2F2F2F2F2F2F2F43
:102240002F6B2F6B6B6B7E2F2F2F2F2F2F2F2F2F5F
:102250002F2F2F2F6B6BB0F5806F59D021D8B0F591
:10226000007F50D008D8B0F5807F60D0B0F5C07F37
:102270003BD0019804B010BDB0F5607F43D0F8D8D2
:10228000B0F5207F34D0B0F5407FF2D1E3F724F8E9
:1022900002464FF42070E3F753FEB2FBF0F252080F
:1022A0002FE0B0F5C06F53D00DD8B0F5A06F34D08B
:1022B000B0F5B06F36D0B0F5906FDAD1002101A83B
:1022C000E3F742FDD5E7B0F5E06F46D0B0F5F06F2B
:1022D00048D0B0F5D06FCCD1002101A8E3F78CFD38
:1022E000C7E7E2F7DFFF0190C3E7E2F7F5FFFAE7A0
:1022F000E2F7F2FF02464FF42070E3F721FEB2FB53
:10230000F0F20192B5E7E2F7CDFF02462046F4E78E
:10231000002101A8E3F7D2FCABE7002101A8E3F715
:10232000DFFDA6E7002101A8E3F7ECFCA1E702939B
:102330004FF0E0231B695B0705D5E2F7CDFF029064
:10234000029B019395E703A902A8E3F731FDF7E7A4
:10235000002101A8E3F72CFD8BE7002101A8E3F79A
:1023600077FD86E7002101A8E3F796FD81E70029C4
:10237000CCBF01210021E3F70DBE02214FF42070F4
:10238000E4F7D4B810B5E2F7A7FF0446E3F78AFCF8
:10239000C0F102012046FFF7EAFF01210020E4F727
:1023A00055FAE4F729F9BDE81040E3F739BEEFF339
:1023B000108072B6704700B962B67047EFF31180B3
:1023C000302383F31188704780F31188704770477A
:1023D00070470020E4F73AB90120E4F737B97047B5
:1023E000C36C0B42FCD1704708B543680246DB075B
:1023F00014D50A2350210363FFF7F2FF136C9907EA
:10240000FCD1936A012110469362FFF7E9FF136C38
:102410001B0604D4012302F50052536008BD536B20
:10242000F5E738B50C460121024600F580535960A6
:1024300004F00F0540F2FF71FFF7D2FF782105632A
:10244000FFF7CEFF04F00103610748BF43F002032A
:10245000116C01F003019942FAD138BD09B9FFF7B7
:10246000C3BFFFF7DEBF036C5B06FCD5C1637047DB
:102470000022E4F7F7BAFFF7FBBF70B50546144634
:102480000E46FFF794FF2B685C4034405C402C60A4
:10249000BDE87040FFF78FBF70474FF0B0435A68F8
:1024A00012B19A6A002AFAD1704738B50546144627
:1024B00021B94FF42070FFF79CFE014601396400FA
:1024C000B1FBF4F10902E96138BD83695A06FCD514
:1024D000C16383699B06FCD5406AC0B27047F8F7B8
:1024E00067B90020704713B51AB10024009400F0BA
:1024F000F4F802B010BDF0B58DB005AC84E807006B
:102500001C46A1420D4628BF2546129B0DB304B3BD
:1025100011462846002603F53813CDE90A468DE812
:10252000030003F241135F02C5EB432309930295B5
:102530000CAA059B12E90700069500F057FAA54280
:1025400007D23146621B381B0DB0BDE8F04000F0E9
:102550004BBA0DB0F0BD30B591B001AC84E80700C6
:102560001C461346DA0049BF029A6200033222F089
:102570000302014604A8FFF7B6FF04A800F0C2F862
:102580001499224601F5381101F241114D0208A8B3
:10259000C4EB41210023FFF7A6FF05F500710023DE
:1025A0002246091B0CA8FFF79EFF0CA800F0AAF812
:1025B00008A904A800F086F811B030BD70B590B03D
:1025C00001AC84E807001C461499164601F5381141
:1025D00001F2411122464D0208A8C4EB412100231B
:1025E000FFF781FF05F5007122460023091B0CA8A7
:1025F000FFF779FF0CA800F085F8F30048BF029AB6
:10260000334648BF033201994CBF22F003026200F7
:1026100004A8FFF768FF04A800F074F804A908A84C
:1026200000F050F810B070BD10B58CB005AC84E867
:1026300007000E9ADDE9060102F5381202F5A072D4
:102640005202CDE9092300228DE803000B92029388
:102650000CAA059B12E9070000F0C8F90CB010BDE8
:102660002DE9F04B4FF000089946074616464546BF
:102670008AB003AC84E8070002F0805B07AC049AE0
:10268000424502D80AB0BDE8F08B139B13B9AA1ECD
:10269000012A0AD9129BCDE90779099600955BB109
:1026A00094E807004B46FFF726FFBBF1000F00D16F
:1026B0004F440135C844E2E74B4694E80700FFF772
:1026C000B3FFF2E708B5E4F735FFE4F769FFE4F795
:1026D00071FFBDE80840E4F781BF10B5044622F061
:1026E0007042103060602160A26039B1A26803F0CE
:1026F00070431343A360029BE36010BDA36843F0E3
:102700008043F7E701234360C36843F02003C360BD
:10271000836843F000538360704737B515464A68B5
:1027200004463AB18C680093096845EA0403FFF750
:10273000D4FF0446204603B030BD2DE9F04FD3B09E
:10274000CDE90123DDE95D7BDDE95FA9002303908D
:10275000042003ACCDE9050307C907AB83E80700F4
:1027600021461846619E0494E4F74CFF80460028F9
:1027700040F0B3805C9A0AAB07CADBF8045083E8E8
:102780000700DAF804304C421D44D9F804306D4299
:102790005B420093BB6805F00F05DA0048BF7B6819
:1027A00004F00F0442BF033323F003037B60B368DC
:1027B000DB0041BF7368033323F00303736000231E
:1027C000DBF80400DAF80420CDE915338118294438
:1027D000CDE90E1379680D93494201F00F01CDE95F
:1027E000103171681293494201F00F01CDE91331A4
:1027F000CDE9173319935C9B5B684BB9D9F804306A
:102800001343184301BF1024CDE90B4016AB0A93C4
:1028100011234FF0005204A932A8FFF77EFF40F6C3
:1028200011034FF0005207A9FFF777FF42F611039B
:102830004FF000520299FFF770FF44F611034FF07A
:1028400000520199FFF769FF412300225946FFF723
:1028500064FF2B024FF00052514643F04103FFF753
:102860005CFF23024FF0005243F001030AA9FFF777
:1028700054FF009B4FF000521B0203F47063494663
:1028800043F00103FFF749FF1038FFF73BFF002338
:102890000DA91A461AA8FFF740FF002339461A4629
:1028A000FFF73BFF002310A91A46FFF736FF00236E
:1028B00031461A46FFF731FF002313A91A46FFF7E6
:1028C0002CFF002362991A46FFF727FF1038FFF705
:1028D00019FF1AA932A8FFF7F5FE404653B0BDE82C
:1028E000F08F084611461A465B68102B01D1E4F7B9
:1028F00011BF0720704782B000B589B00DF1200CE0
:1029000020290CE907000B9312D8DDE90E0102AB78
:1029100083E803005CE902018DE803000BAA059B34
:1029200007CA00F0EAF809B05DF804EB02B070479E
:102930000120F8E782B070B586B00B93119B03AD10
:10294000202B85E807003CD80C9AB2EB430F3AD114
:102950000F9EB34237D106225A438A4203D003EB7B
:1029600083038B422FD1012231462220129BE4F7B0
:1029700023FD0446F8B90123CDE9003395E80700AB
:102980000E253346FFF76CFE00950EAA07CA3346A4
:10299000FFF7B1FD2346062229460220E4F7F8FCA2
:1029A000E4F726FD0623044678B900930BAA3346C4
:1029B00007CAFFF703FE204606B0BDE8704002B02C
:1029C00070470124F7E70724F5E71C46F3E70346C1
:1029D00010461944CA1A012A00D5704711F8012D72
:1029E00002440A701012F5E70AF024BE82B02DE905
:1029F000F0438BB005AE86E80700079D1F4615F033
:102A0000804513938046DDE914328946169C16D121
:102A10008C4228BF0C46D20016D584B10F2C1AD890
:102A2000A9EB0502042A3B6828BF042208EB050035
:102A300009A9043509930AF008FEAC42F0D80BB09E
:102A4000BDE8F04302B070479C4228BF1C46002CF2
:102A5000F5D00F2C13D9DDE914018DE803000294A1
:102A6000139B96E80700E4F76DFDE4F799FDE4F7A2
:102A7000A1FD0BB0BDE8F04302B0E4F7AFBD2246C4
:102A800039460BB0BDE8F04302B00AF0DEBD82B0BB
:102A900070B586B00E9E0B930C9B03ADB3EB460F47
:102AA00085E8070027D10122314626200F9BE4F755
:102AB00083FC0446C8B90123CDE9003395E807003B
:102AC00006253346FFF7CCFD00950BAA07CA33460F
:102AD000FFF741FD2346224621462846E4F758FCED
:102AE000E4F786FC041E18BF0524204606B0BDE8A6
:102AF000704002B070470724F7E782B02DE9F04F2D
:102B000089B01D461393149B01AC8B4284E80700E7
:102B100006460C4605D0072009B0BDE8F04F02B0CC
:102B200070476B1813F8013CDB07F4D50027EB5D09
:102B3000B3B34FF0FF084FEA480111EA030A5FFA06
:102B400081F8F8D13A46514606EB07093046E71BB3
:102B50000AF070FD04F1FF3BCDE9067ACDF8149040
:102B60000DF1140A9AE80E00DDE91607B8470021B6
:102B700001278C46084699F8003023EA080389F8B3
:102B80000030A1420ED1BCF1000FC4D00028E9D121
:102B9000002FE7D101223046FFF719FF3846BBE787
:102BA0000137C4E76A5C735C8B4508BF02F0FE0224
:102BB000A2EB030E5FEA1E2E07F0010E08BF4FF0D6
:102BC000000E5340013B1B0A07F0010740EA0E00CC
:102BD00008BF00270131002A18BF4CF0010CD0E7D4
:102BE00008B5E4F71FFC10F00E03FAD0022BF8D062
:102BF00010F4806018BF062008BD10B50446E4F745
:102C000035FC2046E4F77EFE18B9BDE81040E4F735
:102C1000E5BE10BDFFF765BCF0B5154649228FB083
:102C2000149C8DF8242004F10C060DF1250254F8B3
:102C3000047BB44242F8047BF9D1247814704FF439
:102C40008074ADF834409DF8544000228DF8364031
:102C500004240694169CCDE90015059413240494CD
:102C600009ACCDE902340B4611468DF832208DF8BF
:102C70003350E4F70FFF0FB0F0BD30B5C02A93B06A
:102C80002FD0B2F5807F29D0802A2CD14FF48074C8
:102C900080F0010020430190169801250290102435
:102CA0002120039504940590069301AB07950894A1
:102CB00009900A9306AB0B9304230C9311230D93F5
:102CC0000AAB0E910F9340F61103D20802A90EA889
:102CD00010921193E4F7AEFE13B030BD4FF482743E
:102CE000D6E70F20F8E72920F6E71FB5079C0294E6
:102CF0009DF81840CDE9003413460A4601460020ED
:102D0000FFF78AFF04B010BD1FB5079C02949DF821
:102D10001840CDE9003413460A4601460120FFF76A
:102D20007BFF04B010BD08B5E5F708F8BDE8084022
:102D3000E5F738B810B50446FFF739FB4FF0A84364
:102D40001A6822601B696360FFF735FB002010BD25
:102D500010B50446FFF72BFB4FF0A84322681A601A
:102D600062681A61FFF727FB002010BD70B50646A8
:102D70000D4614468CB0CAB11022002108A80AF0F2
:102D800059FC002207AB029305AB019306AB0093FD
:102D90003046294608ABCDE90522E5F761F818B9B8
:102DA000099B6360059B23600CB070BD6FF08600CB
:102DB000FAE770B505460E46E4F7FAFF044648B94F
:102DC00031462846E5F768FA044628B1E4F7FCFDE9
:102DD000E4F7FAFF204670BDBDE87040E4F7F4BFA9
:102DE00010B5436A8AB0041DCDE901430023CDE943
:102DF000052310223C30CDE90331CDE908230790AB
:102E0000E4F7D6FF60B907AB1A4604A901A8E4F7B6
:102E100059FC0446E4F7D8FF002C18BF6FF092006D
:102E20000AB010BDE5F7EABD08B528B14C22002173
:102E30000AF000FC002008BD6FF08600FBE70020D0
:102E4000704738B51C4600230846236011461546D6
:102E5000FFF7AFFF00B9256038BD08B50120E3F7E3
:102E600025FB002008BD70B50C46154610B9E5F7E6
:102E700035FF38B143682BB12A462146BDE8704082
:102E800000681847232070BDF7B50D4616461C464E
:102E900048B103B901AC87685FB123463246294681
:102EA0000068B84706E0E5F719FF04B901AC00284F
:102EB000F1D1232003B0F0BDF8B50C461546064607
:102EC00058B9E5F70BFF20462946FDF729FE0446D1
:102ED000002CD4BF37200020F8BDE5F7FFFE864266
:102EE0000746F0D03046E5F7EDFE29462046FDF7CF
:102EF00017FE04463846E5F7E5FEE9E70EB403B5EC
:102F000003AA52F8041B0192FFF7D6FF02B05DF846
:102F100004EB03B0704710B50446FFF748FA0421EC
:102F2000236CBDE810401A6C12F0800F03F580523C
:102F300004BF03F5005359644FF0040318BF5164F4
:102F40009364FFF738BA08B5006CFFF78CFA0020DD
:102F500008BD0122036C19B103F580539A647047D0
:102F600003F500539A645A64704770B50468236C83
:102F70005A6CD10709D5012103F5005251641B6C2D
:102F80009A0602D5204600F022F9206C436C5B07BC
:102F90000AD5042500F5005384F83C505D64227E78
:102FA0001AB99D640123237670BD627E002AFBD08E
:102FB00094F82D2002B30026132184F83560FFF722
:102FC00052FA236C03F5805295645B6BDBB2112BD4
:102FD0000DD1012384F834303022237A534303F196
:102FE000A04303F58023DB6E013B2363DCE7132B57
:102FF000DAD184F83460EFE79D64D5E700207047AC
:10300000FEE74FF4005300204B60704701207047EB
:103010000020704707B5002001AB0190FFF734FF97
:103020000198002808BF4FF0FF3003B05DF804FBA3
:1030300010B514460020FFF716FF204610BD0346CA
:1030400070B190F8382090F83C002AB1022803D1E2
:10305000012283F83C20704704284FF00102F8D089
:103060000120704780F82C10704790F82C007047B2
:1030700090F8390070473022037A534303F1A0439C
:1030800003F58023D96ED0E903231344994214BF7A
:10309000084610467047F8B504460D4690F839309A
:1030A00081B173B990F83A60FFF781F905460121C3
:1030B0003046E6F727FB2846FFF77DF9012384F821
:1030C0003930F8BD002BFCD090F83A70FFF76FF95B
:1030D000064629463846E6F715FB3046FFF76BF9FA
:1030E00084F83950EDE72DE9F843044616460D46BD
:1030F00090F82C80FFF762F994F8382003469AB1D3
:10310000FFF762F994F83B90FFF751F90746012168
:103110004846E6F7F7FA3846FFF74DF9FFF74EF95C
:103120000022034684F838201846FFF74DF92E4454
:10313000B54204D101212046236A98473DE094F826
:103140002D302BB3FFF73AF9237E0746EBB120462B
:10315000FFF791FFE1680138884238BF2069D4F851
:1031600030C03CBF00F1FF30401803469C450BD0F7
:1031700013F80129112A01D0132A21D1A2F1110338
:103180005A425A4184F8342020633846FFF71CF92C
:1031900094F83430002BCBD0B8F1000F06D02B7848
:1031A0000A2B03D10D212046E36998472046E369A5
:1031B00015F8011B98470028BAD00020BDE8F88315
:1031C000994282BF236903F1FF335B18CEE7F8B55C
:1031D00090F83830044603F0FF06A3B93146036A7D
:1031E0009847012384F8383094F83B70FFF7DFF8F4
:1031F000054631463846E6F785FA2846FFF7DBF8FC
:10320000022384F83C30F8BD08B5E6F7A5F908BDFF
:1032100010B5FFF7CCF80446E6F7EAF92046BDE81A
:103220001040FFF7C8B87047012070474FF4C870CE
:10323000E6F71EBB70472DE9FF410D4616461F46B7
:103240000446A8B14FF00008C0F81C80E6F768FFFC
:10325000BDF82C30424602939DF828302946CDE92E
:10326000007320463346E6F7C1FE04B0BDE8F081A6
:103270002220FAE7F0B50D4616461F46044685B0F3
:1032800090B10023C361E6F74BFFBDF82C302A460E
:1032900002939DF828302946CDE900732046334635
:1032A000E6F7A4FE05B0F0BD2220FBE7F0B51F460F
:1032B000002387B00D46164604468DF81730A8B196
:1032C000C3610DF11701E6F75BFF9DF817207AB98E
:1032D000BDF83430294602939DF830302046CDE9C0
:1032E00000733346E6F782FE07B0F0BD2220FBE70D
:1032F0000320F9E7F0B51F46002387B00D461646B8
:1033000004468DF81730B0B1C3610DF11701E6F72F
:1033100037FF9DF8173083B9BDF834302A46029341
:103320009DF830302946CDE9007320463346E6F754
:103330005DFE07B0F0BD2220FBE70220F9E738B5BB
:10334000FFF73CF8054600F008F804462846FFF76A
:103350003BF8204638BD00F019B84FF0B0439A6AE8
:103360001207FCD4186A70474FF0B04301285B691C
:1033700004D0022805D1C3F38010704703F0010088
:103380007047002070473E20FEF733BF3E20E2F733
:103390000DBF08B5E1F75AFAFEF7D6FCFEF7E1FCDF
:1033A000FEF7F2FCBDE80840FEF7F7BC08B5FEF7F3
:1033B000FBFCFEF7FAFCFEF7FFFCBDE80840FEF759
:1033C000FDBCE1F7DFBF38B50446FEF7F0FF054668
:1033D0002046FDF785F904462846FEF7ECFF204617
:1033E00038BD70B504460E46FEF7E1FF314605468E
:1033F0002046FDF75BF904462846FEF7DCFF204631
:1034000070BD38B50546FEF7D2FF04462846FDF7E5
:103410006FF92046BDE83840FEF7CDBF10B5044631
:1034200008B1E7F795F92046BDE81040FFF7E9BF7E
:1034300000F4E040B0F5805F04D0A0F5005358429E
:103440005841704701207047F0B59E4600F0FE439A
:10345000B3F1106F06460F46944691B003D06FF05B
:10346000850011B0F0BD20F01F6121F4702100290A
:10347000F5D13D4607ACCDE90E110FCD0FC495E84F
:10348000070084E80700D7E909230899090AE6D16B
:103490001899304604911799CDF800C003911699F8
:1034A000CDE901E107A9E4F7EFFFDAE73AB1002936
:1034B00018BF00232121D21A18440AF0BBB8704764
:1034C00038B5037904460D463BB9A368022120466E
:1034D0002B6000F0D0FD38B938BDD0E9091200F0FA
:1034E00060FE0028F1D0F7E700232B60F4E72DE918
:1034F000F04F9946002393B08DF81F301F9B9046E4
:10350000DDE91CA6002B0D460B460CBF4FF40062F4
:103510004FF4806208A91E9FE7F742FA044668BB91
:10352000DDF820B009ACDC46CDE91000BCE80F00A6
:103530000FC49CE8070084E807002846BDF8241063
:103540000DF11F02E7F79CFA0446B8B99DF81F3049
:10355000B34223D8DBE909120A98000A21D1CDE948
:103560000337CDE9019A2B46CDF8008009A8E5F78D
:10357000DDF910F1860F044600D000B13E603246FE
:10358000214650463B68FFF791FF089800F0B0FDD8
:10359000002C18BF204613B0BDE8F08F6FF08904EF
:1035A000ECE76FF08604E9E700232DE9F341D0E969
:1035B000016804460F4630461146136000F0C2FD14
:1035C000054688B9304600F0BFFD054660B9F6B241
:1035D00076B9B8F1000F05D1E36823F47F4323F0F7
:1035E000030363B16FF08605284602B0BDE8F081A1
:1035F0000146A06800F02EFD0028EDD1F2E74FF65D
:10360000F87362889A421ED8238B012BEAD8394678
:1036100001A8E7F7EBFB05460028E5D10FCC3F6892
:103620003E460FC694E807003B7986E807000BB9D1
:10363000019BBB603B8B012123F0010338463B8398
:1036400000F019FDD0E76FF08505CDE741F20523C5
:1036500098421AD8B0F5905F09D241F2010398421E
:103660000CD0B0F5885F09D06FF085007047292332
:10367000A0F5905080B2C340DB07F5D511F0070FDD
:103680000CBF00206FF086007047B0F5105FEBD1E3
:1036900021F04003802B06D0B1F5807F0CBF0020C5
:1036A0006FF0860070470020704770B5446A054689
:1036B0000E463CB90120FFF794FE686228B120460F
:1036C000AE6270BD6FF08A00FBE76FF08C00F8E728
:1036D000F8B50F46114606461546FFF7E6FF0446C5
:1036E00020B92A463946706A09F0AFFF2046F8BD76
:1036F0002DE9F041089D88461F46048802B3204604
:10370000FFF796FEE0B12B680BB9D3002B60204683
:103710002968FFF79BFF044678B9CE1DB2EBD60FA0
:1037200011D1069B9A4211D84146384609F08DFFC7
:103730002B68079A0733DB0813602046BDE8F08149
:103740006FF08504F9E76FF08604F6E76FF08904FF
:10375000F3E72DE9F04F476885B03F0A0446DDE9FD
:103760000E9A0D4616469846DDF840B015D1CDE9C3
:1037700001ABCDF80090E5F711F810F1860F0ED1EE
:103780004346324629462046CDE90FABCDF8389066
:1037900005B0BDE8F04FFFF7ABBF6FF0860005B096
:1037A000BDE8F08F10B50446406A10B1A16AFFF77A
:1037B00035FE0020C4E9090010BD38B50546FFF705
:1037C000F1FF95F820300446043B012B0CD8EB693F
:1037D000002B0CBF04466FF096042C2200212846D3
:1037E00009F028FF204638BD6FF09604F5E710B5C4
:1037F000044638B1042100F03EFC2046BDE81040EC
:10380000FFF7DBBF10BD38B590F820300546052B1B
:1038100016D10479FF2C07D1FFF7CFFF041E08BF94
:103820006FF08404204638BD1CB1806800F09EFC17
:1038300004462846FFF7C1FF002818BF0446F1E7F9
:103840006FF08804EEE707B558B1012201A9E7F748
:1038500009FB30B9019800F046FC28B10198FFF748
:10386000D2FF03B05DF804FB6FF09900F9E7F7B5FC
:10387000044608460E4600F043FB002320461A4645
:1038800001A9E7F78DF878B9019F34463D460FCD81
:103890000FC495E8070084E80700338B384603F02F
:1038A0000103338300F024FC03B0F0BD70B514466F
:1038B00002881D461046049EFFF7BAFD68B944F21F
:1038C000010322F44050984207D002F44F42B2F56F
:1038D000824F02D0B2F5844F0ED1B4420FD82246A7
:1038E000284609F0B2FE0021321B281909F0A2FE79
:1038F0000020059B1C6070BD6FF08500FBE76FF03A
:103900008900F8E72DE9F0438946984617468DB0BF
:103910007AB300230122C8F8003002A9E7F740F883
:103920000446A0B9029E03AC3546CDE90A000FCD8E
:103930000FC495E80700049B84E80700D6E9091244
:103940001B0A08D0304600F0D3FB6FF086042046F7
:103950000DB0BDE8F0834B46CDE9007803A8FFF732
:10396000A5FF0446304600F0C3FB002C08BF044608
:10397000EDE76FF08904EAE770B514460288049D0C
:1039800002F4E040B0F5804F1CD144F2010022F473
:103990004056864207D002F44F42B2F5824F02D021
:1039A000B2F5844F0ED1AC420FD81846224609F02A
:1039B0004CFE00212A1B204409F03CFE0020059B00
:1039C0001C6070BD6FF08500FBE76FF08900F8E7C1
:1039D0002DE9F0438946984617468DB07AB3002307
:1039E00002A91A46C8F80030E6F7DAFF044640B9E3
:1039F000029E33885B0408D4304600F079FB6FF0F8
:103A0000860420460DB0BDE8F083354603ACCDE911
:103A10000A000FCD0FC495E8070084E80700CDE940
:103A200000784B46D6E9091203A800F0F1FA0446E3
:103A3000029800F05DFB002C08BF0446E1E76FF040
:103A40008904DEE72DE9F0411F46002388B00546D2
:103A500088461646CDE905333B60002A54D0B2F1C2
:103A6000005F54D206AA05A9FFF79EFD0446A0B93F
:103A70000598436AABB1059B41465A882846079290
:103A800007AA029203F1280201929A6A00925B6AE5
:103A90003246FFF75EFE044680B10598FFF7A7FEA9
:103AA00028E06B681B0A02D06FF08604F5E7314608
:103AB000FFF7FBFD04460028DDD0EEE70598079BE5
:103AC0004288DAB943804FF6F872934219D82B88AE
:103AD00013B102889A42E7D12B6A002BE4D16B889C
:103AE00013B142889A42DFD13946FFF7E9FC044618
:103AF0000028D2D1204608B0BDE8F0819A42D3D147
:103B0000E1E76FF08504C8E76FF08604F2E76FF035
:103B10008504EFE710B50446006868B106280CD1AB
:103B200004F10800FFF780F900232360A38823F441
:103B3000FF7323F00103A38010BD6FF08600F3E74D
:103B40002DE9F0430546984600238DB002932B687B
:103B500008461746002B47D1B8F1000F134602A9BB
:103B600014BF4FF480624FF40062E6F719FF044679
:103B700000283BD1DDF8089003AC4E46CDE90A00A1
:103B80000FCE0FC496E8070084E807003846BDF85A
:103B90000C102A1DE6F774FF044638BB6B790499B4
:103BA00068F300036B71090AD9E90923B8F1000F22
:103BB00012D011BB009703A905F10800E4F71EFF1E
:103BC000044698B9062302982B6000F091FA044647
:103BD00020460DB0BDE8F08379B9009703A905F13F
:103BE0000800FFF71FF9EBE76FF088042846FFF79E
:103BF00091FF029800F07CFAEAE76FF08604F5E79F
:103C00000123FFF79DBF38B50546006898B112B98A
:103C10000024204638BD06280AD105F10800E4F743
:103C20001FFF04460028F3D02846FFF773FFF0E794
:103C30006FF08604F8E76FF08804EAE72DE9F041B9
:103C400005460068884616461F46F8B16A79D207CD
:103C50001CD52A79D2B1B2421BD806281CD105F155
:103C60000800E4F74DFF044610B100233E602B71BD
:103C70003246214640463B68FFF718FC2846FFF7CE
:103C800049FF002C18BF2046BDE8F0816FF0880482
:103C9000EBE76FF08904E8E76FF08604E5E71FB50E
:103CA00001240394089C0294079C0194069C0094B0
:103CB000FFF71DFC04B010BD2DE9F04705469A46FC
:103CC000002386B0059305F0FE43B3F1106F08465C
:103CD000DDE90E961746DDF8408029D12B464FF4DA
:103CE000804205A9E6F75CFE044618BB05990B88DF
:103CF00023F0FF03B3F5E24F02D0B3F5E44F04D154
:103D00004B880733B6EBD30F1ED353463A462846AB
:103D1000CDE90168CDF80090FFF796FB044648B95D
:103D2000059800F0E5F90446204606B0BDE8F087A6
:103D30006FF0860431464846E6F712FF0598C8F84A
:103D4000006000F0D5F9EFE76FF08904F2E7034671
:103D500010B50C461146DA6900880AB91B6A3BB9EE
:103D6000FFF766FB38B12046BDE81040E6F7F8BE25
:103D70006FF0860010BD6FF08500FBE700232DE992
:103D8000F04385B0CDE901330B60438806460D460C
:103D9000002B00F0B280038803F4E043B3F5804FBA
:103DA00000F0AB8002AA01A9FFF7FEFB0446002841
:103DB0007CD1019A7768526A6AB17368019F1B0AC5
:103DC000D7F8248057F8289F74D06FF086040198A4
:103DD000FFF7E8FC6AE03F0A61D1B6F8008071881D
:103DE0004046FFF725FB80B14046FFF72FFC044615
:103DF00000285BD108F4E043B3F5805F02D0B3F54F
:103E0000005F0AD10731CF0817E028F0FF03B3F5B0
:103E1000E24F37D06FF0850448E008F44F43B3F524
:103E2000844FEFD047F2010398450FD14908013183
:103E3000C90801EBC10101F13B0703970399019800
:103E4000FFF733FC04460028B7D02FE044F201030B
:103E5000984503D1C90801F11007EEE747F20202C5
:103E6000904505D1C90801EB410101F15A07E4E78A
:103E700044F20202904505D1C90801EB410101F16C
:103E80004A07DAE728F0FF00B0F5E24FBAD0B0F504
:103E9000824F01BF0731C90849004F1CCDE73046AA
:103EA00003A900F059F804460028C7D00198FFF78D
:103EB0009EFC13E033885B0414D43B464A464146DB
:103EC0003046FFF744FF04460198002C7FF47FAF93
:103ED0002946FFF7F5FA04460028E7D1204605B049
:103EE000BDE8F0833B464A4641463046E4F778FB5E
:103EF00010F1860F0446E7D1DFE76FF08604EDE7A7
:103F000010B50446C069FFF77CFA2046BDE81040B2
:103F10002422002109F08EBB2DE9F04105460F4611
:103F200090461C469BB119460120FFF75AFA0646F7
:103F300078B12246414609F088FBE86908B1FFF7ED
:103F400060FA0020C5E907642F80BDE8F0811E46B5
:103F5000F3E76FF08C00F8E7028843884068000AB6
:103F600051D102F4E040B0F5805F02D0B0F5005FBF
:103F700005D10733DB0840D16FF08500704702F4AC
:103F80004F40B0F5844F03D10733DB080AD1F3E784
:103F900047F20100824208D15B080133DB0803EBE2
:103FA000C3033B3300200B60704744F201008242A0
:103FB00002D1DB081033F5E747F20200824204D158
:103FC000DB0803EB43035A33ECE744F2020082427E
:103FD00004D1DB0803EB43034A33E3E722F0FF029B
:103FE000B2F5E24FD0D0B2F5824FC5D10733DB082E
:103FF0005B000133012BD5D1BEE722F0FF02B2F501
:10400000824FCFD1F6E700236FF086000B60704738
:104010002DE9F34747680446DDE90A9A3F0A0D4651
:104020001646984611D1CDE9009AE4F743FB10F10A
:10403000860F0CD14346324629462046CDE90A9ADE
:1040400002B0BDE8F047FFF797BC6FF0860002B002
:10405000BDE8F08703466FF040420846591E914282
:1040600007D338B103F1404393428CBF00200120B5
:1040700070470120704790F82030052B11D8DFE8F9
:1040800003F0030B16141F214B1E012B09D9042921
:1040900007D06FF087007047022902D00B1F012B59
:1040A0000BD880F8201000207047022902D0CB1EC8
:1040B000022BF5E7C369002BF3D06FF0880070473F
:1040C0000529EED00029ECD0F7E710B5032104460E
:1040D000FFF7D1FF30B9E3695A1C0EBF6FF09600AD
:1040E0000133E36110BDC069B0FA80F04009704748
:1040F00008B90020704790F82020032A08D1C2692F
:10410000EAB1013AC261002AF3D10221FFF7B3BF3D
:10411000052A09D0042A0FD1C26982B1013AC261CD
:10412000002AE6D1FFF749BBC26942B1013AC26138
:10413000002ADED1FFF767BB6FF0880070476FF091
:104140009600704700207047C0B2FF280CBF6FF088
:1041500086000020704707B500216A46FEF706FE7C
:104160008C3018BF012003B05DF804FB13B50021AB
:104170006A460446FEF7FAFD8C3002D1002002B0F8
:1041800010BD00212046E4F745F8014610B16FF05C
:104190009800F4E76A462046FEF7E8FD8C30EDD043
:1041A000F5E72DE9FF4107461446884600293FD030
:1041B000002A3DD0B2F5005F3DD202F1240631461F
:1041C0000120FFF70EF90546C0B303463A462146E3
:1041D0004046E6F7C1FEBF6800243846FFF7BBFF44
:1041E00001281FD021462B46324638460094E3F77B
:1041F0004FFF0146C8B9384602AAFEF7B7FD04468C
:1042000020B9029B9E4205D06FF0980438460021E9
:10421000E4F700F831462846FFF700F9204604B0DD
:10422000BDE8F0816FF08A04F4E76FF09804F1E7DD
:104230006FF08604F2E76FF08D04EFE76FF08C0407
:10424000ECE7FFF7EBB82DE9F047D0F808A086B00F
:104250008146884617465046002104AAFEF786FD8F
:10426000044610BB049E01203146FFF7BAF805460C
:10427000002837D02146504604AA0394FEF776FD65
:10428000044670B903AB02462146CDE900535046BF
:104290003346E3F769FF039B04469E4209D06FF063
:1042A000980431462846FFF7B9F8204606B0BDE825
:1042B000F0870028F5D13B46424631462846CDF8E6
:1042C0000090E6F767FE04460028EAD1D8F80030EF
:1042D0002BB13B68002B08BF6FF09104E1E76FF052
:1042E0009104DEE76FF08C04DFE750E8003F0B43FA
:1042F00040E80032002AF8D17047C94350E8003F37
:104300000B4040E80032002AF8D17047431E032BCF
:1043100006D8DFE803F002040204032070470420FB
:1043200070477047CB691847704770470020704747
:1043300070474FF00000704700207047704770478B
:104340000020704700207047002070470020704711
:10435000002070477047002070470020704770476A
:104360007047002070477047704711207047002049
:1043700070470020704770477047002070474FF02B
:10438000FF307047112070470020704701207047B0
:10439000002070470020704700207047704701F0F0
:1043A00009BD38B50446FEF709F8D4E910120546F0
:1043B0002046E6F733FEE18C228DE060521A40F28F
:1043C000712101FB020303F59C5308332846236146
:1043D000BDE83840FDF7F8BF08B52030FFF785FF8E
:1043E000BDE808404FF08050ECF7FCBB38B50D46F7
:1043F00004460830E8F7F4FE294600252046EAF78F
:104400001FFBE06EE56110B1E7F700FDE56604F122
:104410005000BDE8384009F076BC38B5044619B301
:1044200090F838208AB190F839300133DBB29A42E3
:1044300080F8393009D10121FFF7D8FF4FF08071A2
:104440002046BDE83840FFF7C7BF236ADA030BD523
:10445000E36B62689B1A002B06DA01212046FFF706
:10446000C5FF4FF08061EBE7236A1B0426D403F0FD
:10447000F8F91123B0FBF3F303EB0313C01A94F91B
:10448000613085B213FA80F0102888BFC5F110059D
:104490006DB2083B2B4484F8613020460121EAF7D5
:1044A000CFFA40F27121E28C63682A4401FB0233A7
:1044B00020466360BDE83840EAF772BA0025ECE7B1
:1044C0002DE9F84F1D46C3690F4604461646DDF830
:1044D00030809DF838909DF840B09DF848109DF8C8
:1044E00050A0002B40F0D180EB0600F1BE8005F01B
:1044F0000303032B08BF05F0FD0505F0F705BDF824
:104500003C30A806A3869DF8540048BF05F0FC0582
:10451000FFF7FCFE47F6FF731BF0020F84F836002E
:10452000A4F8783040F0A4801BF0040F00F0A280C3
:1045300000F0FD00012814BF0323042394F87F201A
:104540009DF8580063F3030284F87F20FFF7DEFE36
:1045500047F6FF738A0784F83700A4F8883000F123
:104560008B804B0740F18A8000F0FD00012814BFCA
:104570000321042194F88F30606E61F3030384F803
:104580008F30FFF7F1FE00222046216CE6F746FD52
:1045900040F271237343984279D849F6FF7104F1D0
:1045A0002000FFF7AAFEFF2384F85430BAF1000F71
:1045B00003D0236A43F480532362290705D50626D6
:1045C0003746236A43F484132362236A6A0723F479
:1045D000C04323620CD419F0010F1CBF43F40053F5
:1045E0002362236A19F0020F1CBF43F48043236245
:1045F000236AA5852B43236204F12E03B8F1000F33
:104600003ED0D8F80020C4F82E20B8F804209A80B4
:104610009DF82C30012B03D14FF48061FFF765FE2C
:10462000236A9DF8282023F4407343EA022323627F
:1046300003F017F994F860309DF84C2084F85F007F
:1046400023F00F03C0F30320034362F3071384F83E
:1046500060309DF834302046E784268584F82A307F
:10466000FFF79FFE0020BDE8F88F01218B4646E74B
:10467000022363E7012361E702217BE7012179E758
:10468000C4F82E80A3F80480CAE70C20EBE745208D
:10469000E9E72DE9F743894617460446019330B907
:1046A00001A809F030FB422003B0BDE8F0830129E6
:1046B00020D0022910D089B9C369C3B900F14005DF
:1046C0004FF40036236AD9061ED55A0726D501A80D
:1046D00009F019FB0020E7E7406E20B901A809F0B6
:1046E00012FB0C20E0E71946FFF73FFEDCE700F184
:1046F0004805E5E7C36923B900F144054FF4802676
:10470000E0E700F14C05F9E79B0707D5B9F1000F89
:1047100004D101A809F0F7FA1220C5E704F1200836
:1047200040463146FFF7E9FDF80702D5284609F073
:10473000EAFA019921B1284609F0CCFB0023019344
:10474000286809F065FB236AD90605D51F2801DC16
:10475000032F16D02846DDE740F27262904204DD56
:10476000284609F0D0FA07209EE7B9F1000F08D1DA
:10477000BF2806DD9A0704D0284609F0C4FA452070
:1047800092E72046D4E91212E6F748FCE3696BB1E0
:1047900040F27122E38C5343984207D9238D834220
:1047A000EAD300F51C70B0FBF2F0E084FDF706FEE2
:1047B000E36905467BB1BB070DD531464046FFF79F
:1047C00094FD6368C3F57A7603F087F8F04202D56A
:1047D0002046EAF751FA2846FDF7F6FD7AE708B5D4
:1047E00048B1CB0701D4002008BD4FF400112030A0
:1047F000FFF77BFDF7E74220F6E708B548B1CB07A6
:1048000001D4002008BD4FF400112030FFF775FDE2
:10481000F7E74220F6E7E6F7E7BE38B5C369044696
:104820000D463BB1036A13F0010011D194F8243016
:10483000FE2B0CD004F120004FF48001FFF755FD52
:1048400001202B68C4F85530AB88A4F8593038BD26
:104850000020FCE7036A10B5044613F4602030D052
:104860009A0307D504F1400009F04DFAA36C2364C4
:104870000023A364236A5B0307D504F1440009F015
:1048800042FAE36C63640023E3644FF4602104F1B3
:104890002000FFF732FD2046FFF783FD012094F84A
:1048A000602094F85F3002F00F0143EA01230133E6
:1048B00084F85F3022F00F02C3F303231A4384F815
:1048C000602010BD10B50446503009F003FB2046AF
:1048D000BDE810404FF00071FFF77EBD50E8003F8B
:1048E0000B4340E80032002AF8D17047C94350E832
:1048F000003F0B4040E80032002AF8D1704738B53D
:104900000446D0F8A00010B9D4F8A40058B194F827
:10491000375109F029FA05F00F0581B20631284612
:10492000EAF70EFF80B240F27122B4F8783000F559
:10493000487053439842B8BF184638BD38B505464D
:104940000C4603F050F820B149F640439C4228BF82
:104950001C46EA68A2420BD240F27121B5F87A30C7
:104960004B43934238BF1346A34228BF23461A46FF
:104970002A6138BD03469A6A4430920404D5D3F8BC
:104980002821998FEBF79EBE93F86F10EBF790BE3E
:1049900000207047012070470020704700207047BA
:1049A00001207047C82070470020704770470120E1
:1049B00070477047704790F8852010B5531C03F07E
:1049C0000F03072B28BF0023044663F303020344AD
:1049D00080F8852083F87E1090F885306F2B4FEAA1
:1049E00013129EBF013262F3071380F88530FFF780
:1049F000E1FF94F83711204601F00F0100F01BFF92
:104A000010BD704770477047002070470020704706
:104A100010B101F1B000704701F1D4007047F830D7
:104A20007047806A70472830FFF758BF2830FFF77B
:104A30005DBFC06A70472C30FFF750BF2C30FFF7C6
:104A400055BF00F59C70704790F8851008B50F2988
:104A500004D909097E3002F005FE08BD7F20FCE77D
:104A600008B50B79DB0702D4FFF7CBFF08BD91F93E
:104A70000510BDE80840FFF79EBF02290346808F5E
:104A800011D0032909D0012906D11A8F5B6B1201BD
:104A9000B2FBF3F3184480B270475A6B4FF47A4379
:104AA000B3FBF2F3F6E75B8F073000EB4300F2E76E
:104AB00070B540F2712606FB01F345685643826AE1
:104AC0001D441207044645600ED500F140052946F5
:104AD00000F13402E8F75AFF334629462046BDE884
:104AE0007040012201F0A1BD05EB5605456070BD87
:104AF000836A590505D4D0F8A03013B15B799A07C1
:104B000008D4D0F8A40000B9704743799B0701D4BA
:104B10000068F8E70120704780F87710704738B5D3
:104B2000044601F094FF04F1A40009F0ECF804F14C
:104B3000A80009F0E8F804F1AC0009F0E4F804F189
:104B4000A00009F0E0F82046E6F7B8FEC4B220461F
:104B5000FFF7F6FB05462046FFF7F4FB0146284623
:104B6000FFF7EDFB38BD38B5836A04461B0713D544
:104B70000246B0F87C3052F8341F4B4340F27121AA
:104B80004B4300F14001E8F701FF236C20469D08EC
:104B9000FFF7B5FE2844E06040F27125616B2046C6
:104BA00001396943FFF7CAFE20460121E9F748FFB2
:104BB000636BB4F87C2020465A43636805FB0233DC
:104BC0006360BDE83840E9F7EBBEB0F8303110B5AE
:104BD000A0F834310446E6F771FEC0B2FFF7E2FEFA
:104BE00094F8373194F8362103F00F0304F14401AF
:104BF00002F0F2FEEAF7EAFDB4F93021824205D074
:104C0000A4F83001EBF774FAA4F83201B4F93421B6
:104C1000B4F930319A4209D0A36A9B0306D52046E5
:104C2000BDE810404FF40041E6F75EBE10BD808E37
:104C30007047836A0A4600F14401C3F34030EBF742
:104C4000EBBC10B5A0F87810A0F87A200446FFF766
:104C500056FE2169E0602046BDE81040FFF76EBEB9
:104C600038B504460D463AB94FF4C0212830FFF755
:104C70003DFE9DB9002038BDE8F71EF898B12834F4
:104C80004FF4C0212046FFF731FE1DB14FF4003133
:104C9000FFF724FE4FF48021204601E04FF400315D
:104CA000FFF71CFEE6E71120E5E72DE9FF41836AE7
:104CB00004469B032CD5B0F93081B0F93471002043
:104CC000EBF70AFB8045CCBF0025012502F089FEE9
:104CD00094F83711C82201F00F01EBF707FB0646E5
:104CE0002046E6F7EBFDB045B4BF002601260023C1
:104CF00094F83711A8EB07073FB245EA46051A4674
:104D0000CDE90085029701F00F0180B201F028F88B
:104D100004B0BDE8F08186307047F8B504460E4611
:104D200000295AD040F27123476B30465F43A7F207
:104D30008A277F083946EAF713FD94F88E30851FDD
:104D4000ADB29D4239463046A8BF1D46EAF708FD80
:104D500094F88F20831F9BB29342A8BF1346F21E84
:104D6000012AB4F88610B4F888202BD8B1F5296F41
:104D700044F29020B8BF4FF429618142A8BF014698
:104D8000B2F5296FB8BF4FF429628242A8BF02462C
:104D90001B2DB8BF1B251B2BB8BF1B23304684F827
:104DA000913084F89050A4F88A10A4F88C20EAF787
:104DB000D7FC831F9BB2AB42A8BF2B46DBB284F863
:104DC0009230F8BDB1F5A47FB8BF4FF4A471B2F52D
:104DD000A47FB8BF4FF4A472DAE71B23EFE770B5E6
:104DE0004900466B89B28E4218BF40F271250446D5
:104DF00017BF4068002105FB060005FB1100658F09
:104E00001EBF6060616301219542208F17D08342ED
:104E1000628700D02387238F626B1B01B3FBF2F301
:104E200094F837112046A4F89C3001F00F01FFF7E9
:104E300074FF2046BDE870400421E6F755BD83426B
:104E4000E8D1A36A1B07E6D50029E4D170BDF0B50F
:104E500085B004460E466A4600F1860300F18E07CF
:104E6000154618685968083303C5BB422A46F7D16E
:104E70001868314628609B882046AB80FFF74DFFBD
:104E80009DF80B2094F891309A4211D1BDF806207C
:104E9000B4F88C309A420BD19DF80A2094F89030E7
:104EA0009A4205D1BDF80420B4F88A309A4207D05E
:104EB0004FF48141204605B0BDE8F040E6F714BD4F
:104EC00005B0F0BD37B5044694F88E50BDF8180013
:104ED0008D420BD1B4F88650954207D194F88F508B
:104EE0009D4203D1B4F8885085421DD08DF806103C
:104EF000ADF80420019D84F88E1094F8371184F8E1
:104F00008F30A4F88800C4F840512046A4F88620C9
:104F100001F00F01FFF79BFFB4F88A30A4F8863048
:104F2000B4F88C30A4F8883003B030BD90F8373135
:104F300070B503F00F03044616460D46D9B18B42F7
:104F400019D0012200F047FD29460022204600F03A
:104F500004FD94F83731204665F3030384F83731B4
:104F600005F00F01FFF773FF2046BDE870404FF4D6
:104F70008441E6F7B9BC19462046FFF768FF002ECA
:104F8000F2D170BDF8B51D46C36A04465B070F46F3
:104F9000164610D404212C30FFF7A0FC84F89A7038
:104FA0002046A4F89660A4F898504FF40061BDE83C
:104FB000F840E6F799BCF8BD10B511B190F89A40E9
:104FC0000C7012B1B0F89610118013B1B0F898209F
:104FD0001A80C06AC0F3800010BD4FF40041283031
:104FE000FFF77CBC00F5A270704790F8370100F025
:104FF0000F00704770B50446FDF7E0F96568064696
:1050000002F06BFC2D1AB5F5FA7504D53046BDE8F3
:105010007040FDF7D9B940F27122636B94F87010BB
:105020005343B5FBF3F5A38FAAB29B1AA38794F859
:105030006F30154602FB1133252193FBF1F001FB84
:105040001033002BB8BF5B1884F86F30B4F89C3075
:1050500020469B1AA4F89C300021E9F7F1FC40F2AD
:105060007122636B20465D43636802FB1533636006
:10507000E9F796FCCAE700232DE9F3474E79044689
:10508000B00758BF06F0010608460D4648BF032684
:10509000ADF8043058BF0136FFF74BF9074607F06B
:1050A0001F03002BE36A15BF4FF001084FF0000803
:1050B0004FF003094FF0020999050CD59DF8043013
:1050C000294666F3010368F345138DF80430204642
:1050D000019A00F08EF9284608F09AFE8246494669
:1050E000284608F050FE9DF80430AA7966F30103C3
:1050F00068F345138DF804308DF805A0BDF8043031
:105100000C32AB529DF80430A9189A066B7948BF4F
:105110008F7043F001036B71FDF750F9064620468E
:10512000294650F8A48F08F0D5FE94F84631013393
:1051300084F84631A36A1B070CD5B4F87C30012BE8
:1051400002D92046FFF756FF304602B0BDE8F047CF
:10515000FDF73AB9656802F0C0FB0746E9F786FD3E
:105160008442F1D1ED1BB5F57A7FEDDDB8F1000F8A
:1051700003D0D4F8A030002BE6D1EAF70FF9E3E72B
:1051800008B5022008F083FF10B101F094F9012066
:1051900008BD10B504464FF440712830FFF7A6FB58
:1051A0002046BDE810400021E7F71EB8012310B5E6
:1051B000A1F12002C1F1200423FA04F403FA02F25F
:1051C00022438B40D0E9084123400A40134314BFD7
:1051D0000120002010BDC36A10B5044613F008007A
:1051E00012D00123A1F12002C1F1200023FA00F026
:1051F00003FA02F202438B40D4E9080103400A405B
:10520000134314BF0120002010BD10B50C46C9B2D5
:10521000FFF7E1FF70B1E8F7A5FBC4F12002A4F1AC
:105220002003E04001FA02F2104321FA03F318438D
:1052300000F0010010BD70B504460E46E8F7C4FC4E
:10524000FDF7BCF805460221204684F87760E6F7B2
:105250004BFB20460021E9F7F3FB2846BDE87040F0
:10526000FDF7B2B870B504460D46FDF7A7F806463F
:10527000E9F7FCFC844201D1EAF770F83046FDF70B
:10528000A3F829462046BDE87040FFF7D4BF0B685D
:10529000C0F84031704738B540F64805D0F8403185
:1052A0000C460B609BB2AB4204D90B21FFF7ADFF5C
:1052B00008B9258038BD44F290232380FAE708B569
:1052C00000F082FCE6F778FC00F095FE00F008F8AC
:1052D000E8F7B2FBE9F76EF9BDE80840E9F7EAB98B
:1052E000704770B515460E461C46FFF798FB2B68B5
:1052F0004EB103606B6843602368C0F825302368B3
:10530000C0F8153070BD83606B68C3602368C0F857
:1053100029302368C0F81930F4E770B50546FFF767
:105320007EFB0446FDF74AF806464FF48071284696
:10533000FFF779FB4FF400612846FFF77CFB30460E
:10534000FDF742F80023284623612375236284F881
:105350002430FFF766FB802310F0080F14BF23757D
:1053600084F8243070BD10B50446FFF712FF2046C4
:10537000BDE810401021E6F7B7BA10B504464FF467
:105380006061FFF75BFB2046BDE81040FFF701BFFF
:105390007FB506460C46FFF742FB4FF4C061054659
:1053A0003046FFF748FB4FF400613046FFF746FBFD
:1053B0004FF48060E8F77CFA224670B969462846C7
:1053C000E7F7F8FA6B4605F1100213F8011B02F833
:1053D000011DAA42F9D104B070BD6C4602F110065D
:1053E000234610685168083203C3B2421C46F7D105
:1053F000E8E7F0B587B00D46ADF80C20FFF70FFBDE
:105400000446284608F004FD064600B32846E7F7A0
:105410000FFB9DF80C3005AF03F023032246314605
:105420000093019704F12003FDF76EFC2846E7F78F
:1054300015FB04223946284608F027FF236A01336A
:10544000236223B994F82430013384F8243007B060
:10545000F0BD30B585B00391ADF80820FFF7DFFA55
:105460000446039808F0D4FC051F002D02DC002040
:1054700005B030BD0398E7F7DBFA431901939DF8B7
:105480000830224603F023030093294604F1100359
:10549000FDF72BFC0028EAD10398E7F7DFFA042197
:1054A00003A808F057FD2369013323610BB10120E4
:1054B000DEE7237D01332375F9E7013903291FD87E
:1054C000DFE801F00209101712B190F900007047EF
:1054D00090F90100704712B190F90200704790F9FD
:1054E0000300704712B190F90400704790F905006D
:1054F000704712B190F90600704790F907007047A5
:105500007F20704770B505460124012221462846B8
:10551000FFF7D3FF0022064621462846FFF7CDFFBE
:10552000864205DC0134E4B2052CEED1104670BD94
:105530001220FCE70028B4BF6FF0040305230344E6
:105540000A2093FBF0F35843704710B504464FF41C
:105550000050E8F7ADF948B12046E7F7C9FA1A2834
:1055600006D041F20903984204D028B9002010BDAA
:105570000720FCE70920FAE71F20F8E72DE9F74F9D
:1055800080464FF400500E469246E8F791F9002805
:1055900042D040460125E7F73BFB731EDBB29D403E
:1055A000032E0446EDB23AD145F008052746002304
:1055B000062240F2EC4B02FB03F914F8091045FAFD
:1055C00003F000F0010021F00C01013341EA8001F9
:1055D00004F809100020D9B20193E7F7FFFAA7F801
:1055E00002B0B88014F80910019B21F0030104F8FF
:1055F0000910FF21042B79704FF0060207F106070E
:10560000D9D10020314684F818A06083A083E7F741
:10561000E5FAE083A8F8340103B0BDE8F08F042E6A
:1056200008BF45F00405C1E7F8B504464FF4005043
:10563000E8F73EF9B0B32046E7F7EAFA0622054656
:1056400094F8373104F1440103F00F03581EC0B23F
:1056500002FB005094F83621B0F90400E7F7AEFAE7
:105660000646FCF7ABFEEE8307463046EAF7AEF897
:10567000B4F93021824205D0A4F83001EAF738FDB0
:10568000A4F83201B4F93421B5F91E309A4204D09D
:105690004FF400412046E6F727F93846BDE8F840C8
:1056A000FCF792BE2046FFF790FAF8BD10B50C4605
:1056B000E7F7AEFA447610BD08B5E7F7A9FA407EE1
:1056C00008BD10B54C1EE4B2032C07D8E7F7A0FACA
:1056D00006235C43005DC0F3800010BD0020FCE7A2
:1056E0002DE9F04F87B088469DF8481015469B4637
:1056F0000746BDF944900591BDF940A0E7F788FA47
:10570000062308F1FF36F6B27343C25C059965F3D0
:1057100000026BF34102C25406EB460200EB420268
:10572000044651703846A2F802900493FFF779F9C5
:10573000049B10F4802FE35C27D1180727D4237E25
:105740009A0750D523F00203B8F1030F237648D00F
:10575000B8F1040F47D103256B1EDBB203EB430303
:1057600004EB43042946B4F902203846E7F760FA0F
:1057700000EB8000420029463846B4F9043012B2EA
:1057800007B0BDE8F04FE9F78DB819071ED5BBF19A
:10579000000F18D14FF0020B3846E6F78FF85B4642
:1057A00000224146CDE9015ACDF8009080B200F0C8
:1057B000D7FABBF1020FC2D106235E43A35D6FF39C
:1057C000C303A355BBE745F00205E3E7BBF1000FB8
:1057D00001D045F00205BAF1000FB0D04FF0010B37
:1057E000DAE70425B8E707B0BDE8F08F30B585B03B
:1057F0000546E7F70DFA437E0446D3B10622013B86
:10580000DBB25343C25C11070FD56FF3C302C2541E
:105810002846E6F753F80023617E2222CDE90133C2
:10582000009380B2022300F09BFA237E23F0020350
:10583000237605B030BD70B505464FF400500E46D6
:10584000E8F736F8002841D021212846FFF7C3FCAD
:1058500000283BD02846E7F7DBF90622731EDBB2AF
:105860005343C35C04465A0730D500212846FFF74E
:1058700004F9238C984212D9C31A9BB2208483B1B5
:10588000A28B9A4232BF0022D21A92B2A283628BBA
:1058900093428DBF0023D21A6283638301E012D347
:1058A0002084A38B93B92846FFF7C3F843040DD493
:1058B00028464FF48031E6F717F831462846BDE810
:1058C0007040FFF7F3BEC31A013BD6E770BD2DE968
:1058D000F8438046E7F79CF9477E05467C1E5FFA51
:1058E00084F909EB490400EB440439464046B4F915
:1058F0000220E7F79DF9061E26D04FF0060325DAB1
:1059000003FB09F3EB5C13F0010F1DD14046FFF7D9
:105910008EF9830803F54873C0F34F009BB2B3FBC5
:10592000F0F306EB8606AB83720039464046B4F9C5
:10593000043012B2E8F7B6FF30B9033F012F9EBF23
:105940002B7E43F002032B76BDE8F88303FB09F9B5
:1059500015F8093013F0020FD7E7F8B507464FF4F2
:1059600000500D461646E7F7A3FF10B91126304642
:10597000F8BD21213846FFF719FC0028F6D038463B
:10598000E7F746F96B1E0446DBB20EB9828B02BB09
:10599000062202FB0343294600223846B3F90430AD
:1059A000E8F780FF06460028E1D13846FFF73FF9C7
:1059B000830803F548739BB2C0F34F00B3FBF0F3C9
:1059C000033D012DA383D2D8237E43F00203237627
:1059D000CDE72326CBE72DE9F74380464FF400506F
:1059E0000D461746E7F764FF00286ED0294640466B
:1059F000002F66D0FFF765FE002866D14046E7F726
:105A000007F9032D044663D1037B294643F00403C1
:105A10000373007E022600F00100E7F7DFF8208222
:105A200006236B43E25C691C42F00402E254207ED0
:105A3000C9B200F0010004EB0309E7F7CFF8A9F8B9
:105A400004000EE04046E7F7E3F8032D04463FD19B
:105A50000226037B67F382030373837C67F382036D
:105A6000837422214046FFF7A1FB70B34046FEF746
:105A7000E0FF030429D50123FF2D03FA06F10CBF33
:105A80000023AB4049B218BF5BB21943C9B2002F23
:105A90004BD0062303FB0646B6F9043001220093DF
:105AA0004046002301F038FD4046FFF7C0F8830868
:105AB00003F548739BB2C0F34F00B3FBF0F363836D
:105AC00003E0FFF7FEFD0028BCD103B0BDE8F08382
:105AD000042D14D006236E1EF6B27343E25C04EB71
:105AE000030967F38202E2543FB1207E294600F0A9
:105AF0000100E7F773F8A9F80400FF25B1E7A37CDC
:105B000067F38203A3744FB1207E294600F00100A1
:105B1000E7F764F802250326E08281E7237B02256C
:105B200067F38203032623739BE740F2EC43B5E758
:105B30002DE9F0430E4685B00746E7F769F840F2D5
:105B4000EC43741E5FFA84F808EB480400EB44044D
:105B5000B4F90290054699451FD1012231463846D5
:105B6000FFF7FBFE044648B9062303FB08F3EA5C93
:105B700042F00802EA5405B0BDE8F0833846E5F784
:105B80009DFE00232246CDE901330223CDF800908B
:105B9000314680B200F0E4F8EDE7062303FB08F895
:105BA00010F808303846C3F34002C3F3000545EA55
:105BB0004205E5F783FE0022EDB2CDE90152B4F9CA
:105BC000023000930223E3E708B54FF40060E7F7E3
:105BD0006FFE40B94FF48050E7F76AFE40B9BDE868
:105BE0000840EAF7B9BDFEF70FFF0028F2D008BD64
:105BF000FEF70CFF0028F2D0F9E741F0004141F434
:105C0000E021016070470020704700207047704716
:105C100070477047704710B5DC1D043383734379B8
:105C2000C47123F0030343F003030E2443710123E3
:105C300044738371C3730182827410BDD31CC3711A
:105C40003E2343734379827323F0030343F003033A
:105C500043710123C173837170470F23437304237E
:105C600083734379A0F8111023F0030343F0030377
:105C7000437140F20173C3800123C2730374704700
:105C8000D31CC3714379417323F0030343F003032F
:105C90004371012382738371704708B50023FFF7B6
:105CA000BAFFBDE80840E7F7FDBA2DE9F8438046A2
:105CB0000220894617461E4608F0E9F9D0B10C23A8
:105CC00043730823837340F601334579C38025F07D
:105CD00003059DF8203045F003054571A0F81080BC
:105CE00080F81290A0F81370A0F81560C373E7F75E
:105CF000D9FA0120BDE8F883F8B504460F461646E8
:105D000013211D460922FFF799FF83790C331C44A8
:105D1000A170E77026712B68C4F80530AB88A4F831
:105D20000930BDE8F840E7F7BDBA70B50646022075
:105D30000D4608F0ACF9044668B114210422FFF7BF
:105D40007DFF83790C331C44A170A4F80360657156
:105D5000E7F7A8FA012070BD08B501F028FF08BDDB
:105D60002DE9F041074602200D4690461E4608F0F8
:105D70008EF90446E0B109222121FFF75FFF0A22D4
:105D800083790C331C44BDF9183084F8038093FBED
:105D9000F2F323729DF81C30A7806372BDF92030A6
:105DA000A67193FBF2F3E571A372E7F77BFA01208A
:105DB000BDE8F081704710B5E7F7AEFA83790021AE
:105DC0000C33C418E078E5F795F96168FEF707FD34
:105DD0000446E7F7A7FA2246BDE8104000234FF635
:105DE0001941FFF718BF10B5E7F796FA837900213C
:105DF0000C33C418E078E5F77DF96168FEF7FDFC27
:105E00000446E7F78FFA2246BDE8104000234FF61C
:105E10001A41FFF700BF70B5E7F77EFA00218679D7
:105E20000446FE20E5F766F90546FFF7ECFE50B1A3
:105E30000C24E7F777FA2246BDE87040002342F2CF
:105E40000501FFF7E8BEFFF7E0FE0028F0D134447B
:105E50000F342DB121462846FEF7DFFC0028E7D09D
:105E60002046E7F765FC0024E3E72DE9F041E7F77A
:105E700053FA837900250C33C418E678E7F74CFA17
:105E80000768E7F749FAA6F1FE0359425941056050
:105E90003046E5F72FF93B4629462279FEF7F9FB14
:105EA0000446E7F73FFA2B462246BDE8F04142F2AE
:105EB0003701FFF7B0BE2DE9F041E7F72DFA8379FE
:105EC00000250C33C418E678E7F726FA0768E7F7E9
:105ED00023FAA6F1FE035942594105603046E5F721
:105EE00009F93B4622790121FEF7D3FB0446E7F787
:105EF00019FA2B462246BDE8F04142F23801FFF77D
:105F00008ABE2DE9F047E7F707FA83790C33C41806
:105F1000277994F8038027B9B8F1010F27D0E5F766
:105F20004BFB00260534BE420ADB0025E7F7FAF9F1
:105F30002A46BDE8F047002342F23901FFF76BBE65
:105F40002078B4F80150A0F1FE035942594194F869
:105F500003900434E5F7CEF858B12A464B46414643
:105F6000E5F726FA05460028E0D10136DBE71225E1
:105F7000DCE74225DAE710B5E7F7CEF983790021AF
:105F80000C33C418E078E5F7B5F880B1211DFEF7B1
:105F900044FC00280CBF0C240024E7F7C3F9224678
:105FA000BDE81040002342F23501FFF734BE422421
:105FB000F3E7FE282DE9F8430646894690461F463A
:105FC00016D0022008F063F8044690B10622122190
:105FD000FFF734FE1223A57920460C352544AB701B
:105FE00085F803902E71A5F80580EF71E7F75AF94F
:105FF0000120BDE8F883704710B5FFF704FE0446A2
:10600000FEF7AFF92043C0B210BD38B5E7F784F909
:106010008379C17903F10C020244CB1A02200021DA
:10602000B2F8035008F05EF9044640B9E7F77AF990
:106030000722BDE8384042F21901FFF70EBE28469C
:10604000E5F728FC38B12146E8F7C8FA0446E7F737
:1060500069F92246EDE72046FBF74AFC0224F6E701
:1060600070B5E7F759F983791844B0F80F60B0B20A
:10607000E5F710FC80B1002100F06EFE0546E7F761
:1060800051F9044602232A4642F21B01FFF7C3FDE1
:10609000A3791C44668270BD0225F0E770B5E7F76E
:1060A0003BF983790C33C418B4F803502846E5F75C
:1060B000F1FBA0B1611D00F04FFE0646E7F732F993
:1060C00004460223324642F21A01FFF7A4FDE379A7
:1060D00023449D72E3792D0A1C44E57270BD0226AB
:1060E000ECE710B5E7F718F983790C3318444479D5
:1060F000B0F80300E5F7CEFB60B12146E8F74AF8B7
:106100000446E7F70FF9E2B240F20641BDE810405D
:10611000FFF7A3BD0224F4E770B5E7F7FDF8837934
:106120001844B0F80F50FCF749F904462846E5F743
:10613000B1FB80B11621FFF795F800252046FCF74A
:1061400043F9E7F7EFF82A46BDE8704000234FF621
:106150000441FFF760BD0225F0E7F8B5E7F7DCF88A
:10616000847905460C340444B4F80300E5F792FB47
:10617000064640B9E7F7D6F80222BDE8F84042F2F9
:106180001301FFF76ABDAB79E97903F10C02022034
:10619000CB1A2A44002108F0A5F8014618B9E7F700
:1061A000C1F80722E9E78379033383713046B4F8F5
:1061B0000D50B4F80F70E7F7A1FF04463A462946A0
:1061C0003046FEF73EFDE7F7ADF82246D5E738B595
:1061D000FCF7F4F80446FFF70FFF00280CBF0C256E
:1061E0000025E7F79FF82A4642F20E01FFF755FD1A
:1061F000FFF70EFD2046BDE83840FCF7E5B810B5C6
:10620000E7F78AF883791844B0F80F00C0B2E5F7D1
:106210008FFEE7F787F8BDE81040002342F2240123
:106220001A46FFF7F8BC2DE9F8438146022088465C
:1062300017461E4607F02BFF044690B10A220321A1
:10624000FFF7FCFC0023A57920460C352544EB70B4
:10625000A5F80490A5F806802F816E81E7F722F853
:106260000120BDE8F8832DE9F043814685B0022086
:106270000E461F469DF844808DF80F2007F007FF5B
:106280000546002844D022222921FFF7D7FC00220E
:10629000AC7930460C342C4404F10E0304F11401A3
:1062A000C4F80E209A806261228300913A460DF173
:1062B0000F01FEF761F89DF84030A4F80490E370F8
:1062C00006F00103A3719DF80F3016F0FD0FE37186
:1062D0003B68A360BB88A3814FF6FF7304D0032EF5
:1062E00008BF43464FF0FF08BDF8302028466283C0
:1062F000BDF8342084F82180A283BDF8382063845F
:10630000E2839DF83C2084F82020E6F7CBFF0120B3
:1063100005B0BDE8F083F8B50746022016461D46D5
:1063200007F0B5FE044690B10C220421FFF786FC6D
:10633000A1799DF818300C31214420468F80C1F896
:106340000660C1F80A50CB70E6F7ACFF0120F8BD3B
:1063500070B5064602200D4607F099FE044668B166
:1063600003223021FFF78CFCA37920460C33234411
:10637000A3F803609D70E6F795FF012070BD70B52E
:10638000064602200D4607F082FE044688B104222C
:106390000821FFF775FCB5FA85F2A37952090C3391
:1063A00023442046A3F803605A719D70E6F77AFFF4
:1063B000012070BD2DE9F84381460220884617462A
:1063C0001E4607F064FE0446B0B10B220721FFF71A
:1063D00035FCA579BDF820300C3525442046A5F8BC
:1063E0000390A5F80580A5F80770A5F80960A5F841
:1063F0000B30E6F757FF0120BDE8F883F8B50746F4
:1064000002200E46154607F042FE0446A0B10D22BA
:106410000521FFF713FCA37920460C332344A3F88E
:106420000370A3F80D602A68C3F805206A68C3F8F2
:106430000920E6F737FF0120F8BD2DE9FF41164698
:106440006A4680460F4615460A9C03F1100E944694
:10645000186859680833ACE8030073456246F6D102
:1064600024B9022007F013FE044608B31D22ED21D3
:106470002046FFF7E3FBA3790C332344A3F8038002
:10648000A3F80D702EB13268C3F805207268C3F806
:1064900009200F3304AE2A4603CAB242186059607D
:1064A000154603F10803F6D12046E6F7FBFE01206E
:1064B00004B0BDE8F08113B51321827901900C324C
:1064C000841881544FF44072C280E6F74BF9A070F3
:1064D00020B901A807F017FC02B010BD8000013000
:1064E00060700198E6F7DEFEF6E770B5064602201A
:1064F0000D4607F0CCFD044678B104220521FFF7D4
:10650000BFFB0022A37920460C332344A3F8036089
:106510005D719A70E6F7C6FE012070BD13B58379F0
:1065200001900C33C418C05CE5F7B4F920B901A898
:1065300007F0E9FB02B010BD6378019913F0300F4A
:106540000CBF012200228B7904338B714B7962F3EB
:1065500000034B71E5F748FEECE72DE9F041E6F763
:10656000DBFE83790C33C418B4F803801FFA88F07B
:10657000E5F790F9054600B3A2796179FEF770FB63
:106580000646E6F7CFFE07460223324642F27A017C
:10659000FFF741FBBB7938463B44A3F81280E6F78E
:1065A00081FE46B9A37933B12846FEF71EFD0146A8
:1065B0002846FFF7BDFABDE8F0810226E1E700F0CA
:1065C00060BE704750E8003F0B4340E80032002AAD
:1065D000F8D17047704770B50E461546E5F718FBC1
:1065E000044648B93046E5F7CBF8044620B92846BA
:1065F000E9F7DEFF044640B10020E5F709FB002083
:10660000E5F7BEF80020E9F7D3FF204670BD4FF450
:106610000010EAF7E7BAE9F7DBB9E7F76BB84368C8
:10662000143B4360A0230B6070471AB94268A2EB89
:10663000530242600A6802EB83020A607047884294
:1066400010B518D8052816D9B1F5486F13D8B3F589
:10665000FA7F10D240F67644A2F10A0080B2A0423E
:1066600009D801339BB24B435B00B3EBC20F94BF1D
:106670000120002010BD0020FCE7C94350E8003F86
:106680000B4040E80032002AF8D1704700207047E4
:106690002DE9F04104460F4600264FF0010821463F
:1066A00086F00100FEF7B4F94FF48051FFF7E5FFE3
:1066B000836833B940460EB1BDE8F08101268046BB
:1066C000EDE7028ABA4206D100220121204698470E
:1066D0000028EFD1EFE70268D205EBD50022114682
:1066E000F4E708B5FEF7ADF900230380436008BD69
:1066F00070B506460C46FBF761FE05463046FEF7D0
:10670000A0F930B103781C4304704FF40070EAF72D
:1067100069FA2846BDE87040FBF756BEE5F764BD50
:1067200007B542798DF8071022F0030242F0030208
:10673000427140F203320DF10701C280012207F0DD
:10674000C5FA03B05DF804FBF8B5174606460C46DB
:106750001D46FEF76EF9020713D502213046FEF7FB
:1067600025FD70B111212046FFF7DAFF2046E7F73B
:10677000D3F94570877021463046BDE8F840E5F70B
:1067800033BD28204FF08861C5F12002A5F1200318
:10679000E94000FA02F220FA03F311431943CB0750
:1067A000E0D40D212046FFF7BBFF2046E7F7B4F900
:1067B0004770E0E770B50C460546072120461646AF
:1067C000FFF7AEFF2046E7F7A7F9214646702846B7
:1067D000BDE87040E5F708BD38B50C460021054618
:1067E000FEF74BF947F6FE73241AA4B29C4205D972
:1067F00028462821FEF71FFD002038BD0120FCE7B8
:1068000038B504460D4601460020FEF701F903683D
:106810009B0505D429462046BDE83840FFF7DCBF7C
:10682000002038BD2DE9F04115461F469DF818801F
:10683000FEF7EEF80446FBF7C1FDB8F1010F06467E
:1068400023D154E8003F43F4807344E80032002A27
:10685000F7D105B354E8002F42F4007244E8002356
:10686000002BF7D1FF212046FFF707FF54E8002F48
:1068700048EA020244E80023002BF7D13046A56025
:106880002782BDE8F041FBF79FBD4FF480712046A1
:10689000FFF7F3FEDDE74FF400712046FFF7EDFE52
:1068A000E0E773B5064601200C46FEF7B1F8002379
:1068B00005461A46009321463046FFF7B3FF6B6842
:1068C00063B14FF480712046E5F70EF855E8003FBC
:1068D00043F4007345E80032002AF7D1FBF76EFD60
:1068E00005462046FEF7ADF828B103881BB14FF4EA
:1068F0000070EAF777F9284602B0BDE87040FBF770
:1069000063BD38B505460C46FEF782F883684BB187
:10691000022120460022984721462846BDE83840FB
:10692000FFF7BFBF38BD012938B505460C4608D072
:10693000CC1E012C03D801460120FFF7E2FF012005
:1069400038BD2221FEF7E8F820462946FFF7D9FF97
:106950000020F5E708B5FEF75BF8006800F0F000EE
:1069600008BD10B5014604460120FFF7F3FF20B92A
:106970002146BDE81040FFF7EDBF10BD70B50646DB
:106980000C4601460120FEF743F83146054600203B
:10699000FEF73EF82B680268014643EA0200C00594
:1069A0001ED49B0502F4007203D49AB94FF0FF3055
:1069B00070BD2B8A1B1B98B27AB1098A091B89B258
:1069C0008842A8BF08464FF6FF73984208BF4FF0B1
:1069D000FF30EDE74FF6FF70EFE74FF6FF71EFE79F
:1069E0000120E5E72DE9F34104460191014601202C
:1069F0001546FEF70DF8214606460020FEF708F87A
:106A000080462046FEF70DF8810606D501A807F05E
:106A10007AF90C2002B0BDE8F081FBF7CFFC3368B7
:106A200007469A0503D4D8F800309B0509D501998B
:106A3000301D8D6007F04EFA3846FBF7C5FC00208C
:106A4000E8E7FBF7C1FC20460199A847E2E738B523
:106A5000014604460120FDF7DBFF05460C3007F038
:106A600052F9281D07F04FF921460020FDF7D0FF0D
:106A700004460C3007F047F9201DBDE8384007F008
:106A800042B970B5014605460120FDF7C1FF064633
:106A9000043007F0B5F9044670B14FF40071304688
:106AA000FFF7EBFD21462846A368984720B1204612
:106AB000BDE87040FAF71CBF70BD00238260C0E9DA
:106AC0000031704708B50B4601461846FDF7A0FF98
:106AD0000068C0F3402008BDFFF725BFCB1E012B87
:106AE00070B504460D46164606D81A21FEF714F86E
:106AF00040212046E4F7F8FE324629462046BDE80C
:106B00007040FFF710BF38B504460D46FDF7F0FFA3
:106B100028B1012D04D122212046FDF7FDFF0020E0
:106B200038BDF8B50C468B7907460B44D3F80D6099
:106B3000D3F811303246E5F739FB09212046FFF73B
:106B4000EFFD2046E6F7E8FFA579E6F70BFF0C35E9
:106B500066F0FF0625440640C5F80160E6F702FF2F
:106B60003846C5F805102146FFF7D8FD0221384602
:106B7000FFF7BEFDF8BD70B50E4605460146002084
:106B8000FDF746FF012E044603D0022E11D001204E
:106B900070BDC16828468B7919440D31FEF749F85C
:106BA000E068FAF7A5FE00202946E060FFF779FECD
:106BB000EDE7C068FAF79CFE0023E360E7E738B52D
:106BC0000D46044601460120FDF722FF012D08D1A4
:106BD00000F112012046FEF72CF821462846FFF767
:106BE00060FE012038BD08B5FDF71BFFC0F3C000F3
:106BF00008BDF8B50C460746FFF7F5FF80F0010623
:106C0000F6B239463046FDF703FF0546C068012C51
:106C1000837903D0022C1BD00120F8BD0C33C4189B
:106C200023893846E288A188FEF7D9F8618862781E
:106C30004900384689B25200FDF73AFFE868FAF792
:106C400057FE002339463046EB60FFF72AFEE3E7A4
:106C5000FAF74EFE0023EB60DEE708B5FDF7E9FE2C
:106C600000F0010008BD38B50C4602210546FDF7CD
:106C7000E2FE0C212046FFF753FD2046E6F74CFFCD
:106C80004FF0FF3383700223C3700D2343706FF006
:106C90002F0303710523214643712846BDE8384080
:106CA000FFF73CBD042910B5044601D0002010BDFB
:106CB000FFF799FFC0F10200E6F7FAFD0028F5D1D1
:106CC00007F0E5F9014608B90220F0E72046E7F7AA
:106CD00033FA0028F8D10120E9E708B5FDF7A1FE55
:106CE000C0F3C00008BD2DE9F0410F4604469046B0
:106CF000FFF7F3FF80F00105EDB221462846FDF7CE
:106D000087FE012F064603D0032F0FD001200BE092
:106D10002046FEF732FB22212046FDF7FDFE2846E5
:106D20002146FFF7EEFD0020BDE8F081C068FAF7CC
:106D3000DFFD00232046F360FEF71FFB20465FFACD
:106D400088F1FDF7E9FE20462021E4F7CDFD21463C
:106D50002846FFF7D6FDD9E737B504460D46FDF7BF
:106D600068FE03054CD5022007F091F90190002838
:106D700048D0204645B3FFF7B0FF50B10521019838
:106D8000FFF7CEFC0198E6F7C7FE20460199FFF712
:106D9000C5FC20462946FEF7FBFA2046FFF79DFF7B
:106DA00078B94FF400612046FDF740FE06210198B6
:106DB000FFF7B6FC0198E6F7AFFE20460199FFF712
:106DC000ADFC002003B030BDFFF787FF68B101992B
:106DD000032306222046FFF7B7FC2046FEF7CDFA34
:106DE00021462846FFF78DFDEBE701A806F08BFF53
:106DF00020463D21FEF71FFA2046FEF7BEFAE0E7E7
:106E00000C20DFE70720DDE7F7B501460446002048
:106E1000FDF7FEFD054600F112074FF48060E6F72E
:106E200047FD50B92046E4F749FD3A46698B80B2E8
:106E300003B0BDE8F040FFF7E1BA2046E4F73EFDBD
:106E4000064620466D8BFDF7EAFD002203460092C0
:106E500029463A46B0B2FFF7F0FA03B0F0BD8378A6
:106E60001A2B09D81B2383700288B2F5A47F07D29E
:106E70004FF4A473038007E0FB2BF5D9FB23F2E763
:106E800044F290239A42F5D87047F0B50446CA7987
:106E90008B7987B043EA0223ADF80C308B8803A8C6
:106EA0008DF80E30CA788B7840F6480543EA022305
:106EB000ADF810300B8805A98DF81230FFF7CFFF21
:106EC00004A8FFF7CCFF2046FEF7E5F90B2120468A
:106ED000FEF79BF944F29023002818BF1D46BDF829
:106EE0000C709DF80E30BDF81460BDF810209DF8B0
:106EF00016009DF81210AF42D4BF00970095FB2BEF
:106F0000A8BFFB23B242A8BF32468142A8BF0146B8
:106F10002046FDF7D7FF07B0F0BD37B5144605464C
:106F20001046FFF7FDFB2046E6F7F6FD01A90446F3
:106F30002846FEF7B0F90B212846FEF766F96FF0F8
:106F400004036370002344F29022A37040F64803C8
:106F5000002818BF1346A4F803309DF80630A4F8A3
:106F60000530BDF80430A4F8073003B030BDFFF79A
:106F7000DABC022973B505460C4603D0002420462E
:106F800002B070BD0521FEF711F90028F6D0E4F734
:106F9000D5FF1B28F2D94FF40040E6F789FC002802
:106FA000ECD107F074F806460028E8D0284601A97D
:106FB000FEF771F9314628469DF80630BDF80420E9
:106FC000E7F78EFB0028D9D10124D8E730B190FA39
:106FD000A0F00123B0FA80F08340D8B2704770B5BA
:106FE0000646FDF726FD80F0400402060546C4F380
:106FF000801406D408213046FEF7EDF808B144F0BD
:107000000204EB0506D40B213046FEF7E4F808B184
:1070100044F00404204670BD2DE9F843044691462F
:107020000F46FDF706FDC0F340152046FDF7DAFFD9
:10703000214680462846FDF7EBFC49460646204699
:10704000FDF76AFD98F80110384601F00F0100F0D5
:10705000FCFB062814BF014600212A462046FDF706
:1070600065FF21462846FFF71CFC20212046FDF73E
:10707000E5FC56E8003F43F4805346E80032002A1E
:10708000F7D1BDE8F883F8B50E4604461546FDF77E
:10709000D0FC032EC0F340170DD0042E16D0012EC5
:1070A00012D122212046FDF737FD38462146FFF751
:1070B00028FC0020F8BDEAB200212046FFF7ACFF13
:1070C00021463846FFF71DFC0120F3E70C22F3E7C9
:1070D000012910B504460BD1FDF7ABFC2146C0F3E6
:1070E0004010FDF795FC0022817C2046FFF794FFBD
:1070F000012010BD2DE9F7430F460546FDF799FC29
:1071000000F02009C0F340182846FDF76BFFBB795B
:107110000C333B445E789B781E400378C3F3030036
:1071200000EA13103040FFF751FF044648B9B9F1A7
:10713000000F06D12846FFF752FF3040FFF746FF09
:1071400004462846FDF751FFE8F71EFBA04223D076
:107150001CB302212846FDF790FC00210646284674
:10716000FDF7DBFD18213846FFF7DAFA3846E6F777
:10717000D3FCB6B2394644708470A0F80360284648
:10718000FFF7CCFA23462246294640460096E7F709
:10719000E1FA03B0BDE8F08300242646E2E770B5CB
:1071A00004460D46FFF7DDFB28B929462046BDE819
:1071B0007040FFF79FBF402829462046BDE8704039
:1071C0004FF0160314BF2A222322FFF7BDBA38B5A9
:1071D00005460C46FDF72DFC830604D42046BDE889
:1071E0003840FAF785BB21462846BDE83840FFF70E
:1071F00081BF73B58C7906460C340C440D46FDF7FF
:1072000018FCA278C0F34010032A14D0052A28BF26
:1072100000226378032B10D0052B28BF0023B4F87D
:10722000031000913146E7F795FA284602B0BDE811
:107230007040FAF75DBB0022EBE70023EFE708B5EB
:107240008B790B441B7B162B03D0172B05D000200A
:1072500008BDFFF7A4FF0120FAE7FFF7B8FFFAE740
:1072600008B58B790B441B7B162B03D0182B05D04C
:10727000002008BDE7F798FA0120FAE7FFF7B9FF09
:10728000FAE77047012910B504460FD003390129E8
:107290000AD8FEF7ABFA4FF480412046FDF7CEFB4B
:1072A00021460120FFF72DFB012010BD2221FDF713
:1072B00033FC4FF480412046FDF7C0FB2046FEF72B
:1072C00095FA0020F1E72DE9F0478B7904460C335D
:1072D00011F803800D46B8F1240F86B001EB0306C8
:1072E00000F09980B8F1250F00F0C680B8F1230FA7
:1072F00040F0FB80002796F90230212103EB830345
:107300005B00ADF8143096F903308DF8127003EB82
:1073100083035B00ADF816308DF81370FDF746FF60
:1073200030B92323202229462046FFF70DFA5CE0DE
:107330004FF400412046FDF77EFB40F2EC43BDF9DF
:1073400016209A4202D143461E22ECE77278D307F8
:1073500052D53B46394600E00121012000FA03F3F3
:107360009A43DED10E1831462046FEF7AAF90028CE
:107370004CD00DF1130301930DF11203009331462C
:1073800020460DF1160305AAE5F702FE2046FDF79B
:1073900050FB420448BFFF234FF0240148BF8DF843
:1073A000123028469DF81390BDF91470BDF916608F
:1073B0009DF81280FFF7B4F92846E6F7ADFB4FEAD7
:1073C000490303F00203C9F3400943EA0903437088
:1073D0000A2397FBF3F796FBF3F68770C67080F8E5
:1073E000048029462046FFF799F9012006B0BDE840
:1073F000F08702210B46B0E79607C2F34003ABD4F7
:107400005007F6D411078CD50321F3E740F2EC4383
:10741000ADF81630BAE701460120FFF772FA2046B0
:10742000FDF707FB430403D42846FAF761FADCE7CB
:107430004FF480412046FDF701FB96F903307E2B87
:10744000F2D02046FEF738F933797278029396F934
:107450000330014603EB83035B00019396F902308E
:10746000204603EB83035B000093C2F3400302F06A
:107470000102FEF735F9D7E72221FDF797FE08B99B
:1074800043464FE796F904307E2B3FF45CAF20462D
:10749000FDF7A8FD4FF00109804600234FF0FF0AD9
:1074A00098F8001072785F1C02EA111209FA03F1D1
:1074B0000A4216D0B278CDF808A096F904302046DA
:1074C00003EB83035B00019396F90330F9B203EBFE
:1074D00083035B000093C2F3400302F00102FEF756
:1074E000FFF8042F3B46DBD19EE700207EE7022910
:1074F00010B504460CD1FDF778FD00220146204668
:10750000FEF72BFA30B1C31F58425841400010BD5E
:107510000020FCE70120FAE72DE9F0478A46222106
:10752000804615461F46BDF92090FDF73FFE60B32B
:10753000022006F0ACFD064648B32521FFF7F0F81F
:107540003046E6F7E9FA6B0003F00203C5F34005A5
:107550001D4385700A2540F2EC4397FBF5F79945EA
:10756000044680F801A0C7700DD04846E8F72EF910
:1075700090FBF5F35BB2404631462371FFF7CEF83E
:107580000020BDE8F0877E23F5E71120F9E707200A
:10759000F7E71FB54A1E042A03460C465FD80129A7
:1075A00002D1008804B010BD022905D100885B8893
:1075B000984238BF1846F5E74A00014601A806F090
:1075C00044F8032C07D10023ADF80A304FF6FF73BF
:1075D000ADF80C3001E0042CF8D0BDF80620BDF861
:1075E0000430934284BFADF80630ADF80420BDF8F6
:1075F0000A30BDF80C20934288BFADF80A20BDF8D0
:107600000A2088BFADF80C30BDF80430934288BF23
:10761000ADF80A30BDF80620BDF80C309A4288BF9C
:10762000ADF80630BDF80820BDF80630934284BF9F
:10763000ADF80830ADF80620BDF80A30BDF80820D6
:107640009A4288BFADF80830BDF80820BDF8063072
:107650009A4238BFADF80830BDF80800A2E74FF6EF
:10766000FF709FE74A1E062A13B503460C4600F238
:10767000AF80012903D190F9000002B010BD0229AA
:1076800007D190F9000093F901309842B8BF18462D
:10769000F3E70A460146684605F0D7FF032C0AD1F6
:1076A00080238DF803304FF4FF43ADF804307F237F
:1076B0008DF8063009E0042CF5D0052C03D1802389
:1076C0008DF80530F3E7062CF1D09DF900309DF9D7
:1076D00005209342C4BF8DF800208DF805309DF938
:1076E00003209DF900309342C4BF8DF803308DF81C
:1076F00000209DF901309DF906209DF9001093426C
:10770000C4BF8DF801208DF806309DF904209DF945
:1077100002309342C4BF8DF802208DF804309DF9E9
:107720000120BDF8003091425BBA9DF90520C8BF29
:10773000ADF800309DF903309342C4BF8DF80320AB
:107740008DF805309DF906209DF902309342C8BF9F
:107750008DF802209DF902109DF90320C8BF8DF815
:107760000630BDF8023091425BBAC8BFADF80230B6
:107770009DF903209DF906309DF904109A42C8BF77
:107780008DF803309DF90520BDF8043091425BBAB5
:10779000C8BFADF804309DF904209DF90130934233
:1077A000C4BF8DF801208DF804309DF903209DF9A8
:1077B00001309A42B8BF8DF803309DF903209DF93E
:1077C00004309A42C8BF8DF803309DF9030054E796
:1077D0006FF07F0051E710B5418904468389C28963
:1077E0000846FEF72CFFE0B1E279531E072B19D8AB
:1077F0006389934216D922899A4213D8237C43B9CC
:10780000637C33B9A37C23B9E07C10B9237D0F2BB3
:1078100007D9607D1B3000F01F000B288CBF0020B3
:10782000012010BD0020FCE708B5E8F7EDFBBDE83E
:1078300008400020E8F756BCC94350E8003F0B4021
:1078400040E80032002AF8D17047022808D0042806
:1078500003D0012818BF0620704701F00101C81CA1
:107860007047E8F7A3BF0A2802D80130C0B27047BA
:10787000242801D80230F9E7252805D0262805D08C
:10788000272818BFFF207047002070470C20704742
:1078900008B5E7F7F5FFBDE808404FF00060E9F7ED
:1078A000A1B908B5E8F788FF20B1BDE8084010206D
:1078B000FFF7EEBF08BD70477047704770477047CD
:1078C00000207047704770477047704770471046F8
:1078D0001946704700200021704705F04DBAF2F7B5
:1078E000CBBD05F001BB08B5E8F7CCF920B1BDE888
:1078F00008400420FFF7CCBF08BDF0B587B00D46A7
:1079000016468DF8070002B9A3B329469DF8070073
:10791000FCF73EFD0446B8B929469DF80700FCF780
:107920003BFD40BB16B39DF80710003918BF01217D
:1079300028460DF10F02E8F7FBFDF8B99DF80F405E
:10794000013418BF012416E004AF012239460DF1BD
:107950000700FCF71FFD04464EB19DF80730191EC5
:1079600018BF0121002818BF3D46E1E70124FCF7BC
:1079700000FD00B90124204607B0F0BD4FF0FF34F0
:10798000DEE737B50246136A084603F4007403F4D1
:107990000015DB0505D47CB9E5F7A4FE204603B04D
:1079A00030BD4CB9B5FA85F4D2F8551064090160C0
:1079B000B2F859208280F1E7019092F95430B5FA7B
:1079C00085F4009300231A4619461846FCF7DAFCA2
:1079D0006409E3E770477047024619460020E8F75C
:1079E00085BC002070470020704707B500214FF08C
:1079F000FF336A46084600938DF80430E8F70CFE22
:107A000003B05DF804FB38B50546006806F01DF8C4
:107A10000446287900F01F0006F017F82044C0B291
:107A2000012894BF0020012038BD7047914270B5F5
:107A30000D4614461E4609D2FFF713FF641B01349E
:107A400090FBF4F303FB14000544ACB23480FFF761
:107A500008FF33880133B0FBF3F202FB1300049BF1
:107A6000188070BD70477047704708B5202000F03F
:107A700042FF003818BF012008BD08B5FFF7F5FF29
:107A800020B1BDE80840202000F03DBF08BD73B51F
:107A900006460D461446D2B100F02AFFA84218D877
:107AA000304600F03AFF01460190A0B100232A467B
:107AB000204606F01EF901A806F025F9224602200C
:107AC00052F8041B00F0D6FE002002B070BD222048
:107AD000FBE72120F9E72D20F7E708B5F9F73AFC95
:107AE00008B1012008BD00F064F8F9F73BFC00285C
:107AF000F7D1EBF79DFC003818BF0120F2E708B57D
:107B0000E9F71EF800280CBF0420012008BDE9F7A2
:107B100025B80020704730B50446154687B00846A2
:107B2000FEF77BFD122200210DF1060005F082FD1B
:107B3000A368ADF804500293E3680393E38BADF8B8
:107B40001030238CADF81230FFF7E3FF029B8DF865
:107B5000140043F41053029300F039FE18B1029B55
:107B600043F004030293029B01A843F48033029381
:107B7000E5F7B0FE10F0FF0516D1A38C0DF1020160
:107B8000ADF80030E38C6846ADF8023000F097FDA8
:107B9000E9F780F8FEF73FFD012104F0D3FFEAF793
:107BA0006BFD284607B030BD40F20C40FAE7E9F71C
:107BB00081B8FBF7C4BBE2F75DBBC160704741EA27
:107BC000002008B540F49020FBF73DFE014640B18F
:107BD00010F1880F05D0BDE8084040F20740EDF7EE
:107BE00009BD08BD0120704770B50C460646114618
:107BF0001D46E9F727F958B144EA06206FEA4040EC
:107C00006FEA50402A46BDE8704080B2E9F76EB88E
:107C100040F2064070BD837901461A0703D506225B
:107C20000020E9F799B99B0602D506220120F8E762
:107C30004FF0FF3070478379532B01D1E9F7BEB97C
:107C4000FFF7E9BF70B5064614461D46E9F7FAF896
:107C500010B90024204670BD41EA06206FEA40407A
:107C60006FEA50402A46214680B2E9F75DF80028C5
:107C7000F0D0EEE713B50446E9F7E4F810B90020B8
:107C800002B010BD08226B4611462046FFF7DAFF0E
:107C90000828F4D19DF80230002BF0D09DF90300A4
:107CA000013018BF0120EBE770470020704700202B
:107CB0007047532838B505460C4604D1BDE8384016
:107CC0000846EDF71BBD0620F9F7C0FF68B96379D8
:107CD000142D03F03F03637104D0722D08D163F0BB
:107CE0003F0363710020A57138BD40F20740FBE7F8
:107CF0002120F9E71FB550F80C4BADF80A3094F885
:107D00007040069BADF806108DF8082040F2035134
:107D100001AA8DF80440039305F02AFF10B906A8C4
:107D200005F0F1FF04B010BD2DE9F0414FF000085F
:107D300086B004460E461546CDF80C8000F1440787
:107D400012B303A805F0DFFF384605F0DCFF84F826
:107D50001C8000233246009318212B46204600F059
:107D600061FF05F58855204650F80C3B40F205515F
:107D700093F8703004AA8DF81030059505F0F8FEE0
:107D8000002006B0BDE8F08143691A0710D4A84668
:107D9000384605F0D6FF03460390C0B903A805F0A6
:107DA000B2FF384605F0AFFF0023237755B1D0E787
:107DB00023F00803436103A805F0A5FF384605F04A
:107DC000A2FF2577204600F0A9FF0025CBE799798F
:107DD000204601F10C021A44B2F801600531B2F8F4
:107DE00003209971314601F0AFFCCDF80C800028DA
:107DF000CED00546D2E72DE9F84F0E4691469A4679
:107E000005469DF828B010B1037C012B60D02846B0
:107E100001F0B1F9304601F02AFB002231468046DC
:107E2000284601F097FB0746304601F019FE42F65E
:107E3000052398421CD118F0300F26D1BBF1000F5A
:107E400033D018F0200F3FD0BA073FD5EB8B002B73
:107E500038D153464A463146284600F091FF044641
:107E6000E8B940F20A412846EE8301F092F916E0A3
:107E7000284601F035FA0028DDD0284601F045FA01
:107E80000028D8D041F2121409E0B907D6D0314603
:107E9000284601F0FBFB0028D0D000F58854284686
:107EA00001F06EF92046BDE8F88F18F0100F0BD0E6
:107EB000FB070BD553464A463146284600F03DFFA6
:107EC0000446ECE70524EAE72124E8E70224E6E794
:107ED0000724E7E72DE9F047002586B09DF83890A4
:107EE00090F81CA004460F4690460F9E0577B9F106
:107EF000000F09D00A464B465146009600F092FE0C
:107F0000284606B0BDE8F087BAF1080FADF8169024
:107F100026D145893246043DADB29D424FF0020163
:107F20004FF00900A8BF1D4600F00DFE0222814659
:107F300005A93046ADF8147006F0A7F92A46414667
:107F4000304606F0A2F90546831C3146204689F8E2
:107F50000130EBF771FCADF81650BDF81600D0E714
:107F6000BAF10A0F0DF116020CBF0B210D21CDE95C
:107F7000016200930122434600F078FE1A28ECD1FA
:107F800011233A4651462046CDF80090ADF81690A0
:107F900000F048FEE1E7F0B5002589B01746012260
:107FA00004460E460393ADF8165001F002FB8DF81F
:107FB0001500002846D1304601F073F910B1304663
:107FC00001F031FA304601F062FAB8B103A805F0C9
:107FD0009AFE204650F80C2B237F92F8702040F236
:107FE00002518DF8182006AAADF81A608DF81C30E1
:107FF000ADF81E7005F0BCFD09B0F0BD0DF1150324
:108000000DF116023146204601F070FB9DF8153047
:1080100002465BB9BDF81630BB4235BF0723DB1BF8
:108020008DF81530D21928BFADF81630039B3146B4
:1080300001939DF8153020460093BDF81630FFF7E8
:1080400049FFD9E72A46F1E7F7B51E46002313603A
:10805000338004460D46174601F023F910B120463F
:1080600001F0E1F9214600200DF105030DF10602B2
:1080700001F03CFB9DF8054024B9BDF806402CB941
:10808000002001E004F5885003B0F0BDAC4204D3F9
:108090002844641B38603480F2E741F20710F3E7AC
:1080A00070B504460D46164601F0FBF840B933465C
:1080B0002A46214601F048FB08B100F5885070BD02
:1080C00041F20310FBE71FB550F80C4BADF80A3036
:1080D00094F87040069BADF806108DF8082040F229
:1080E000015101AA8DF80440039305F041FD10B938
:1080F00006A805F008FE04B010BD1FB550F80C4BE3
:10810000ADF80A3094F87040BDF81830ADF806109C
:108110008DF8082040F2045101AA8DF80440ADF812
:108120000C3005F025FD04B010BDF0B5122785B068
:1081300003920777022205460E4601F03AFA0446FA
:1081400068B103A805F0DFFD00232B77002332463A
:10815000009312212346284600F064FD0FE0039AA5
:10816000304693790333937101F091F948B1039B41
:108170003A460093314623462846FFF7BBFD05B03B
:10818000F0BD42F6293001F0D2FBB04220D1039875
:1081900030B903A805F0B7FD00230D242B77D5E7F0
:1081A00005F036FE80B20128F3D1039B28469A7968
:1081B0001344197B01F0CFF8044603A805F0A3FD92
:1081C00000232B77002CC1D1284600F06EFDD6E7A6
:1081D000224631462846039B01F0B6FA0446EFE7F3
:1081E0002DE9FF410392042204460D4601F0E1F916
:1081F000074628B103A805F086FD04B0BDE8F0816C
:108200004FF05208039A284693790333937184F808
:108210001C8001F03CF9064640B1039B42460093A6
:1082200029463B462046FFF765FDE6E742F6293042
:1082300001F07DFBA842039B0BD19A7920461344A1
:10824000197B01F088F803A805F05DFD0023237772
:10825000D3E732462946204601F076FAF6E72DE9C3
:10826000FF418B7904460C330B44B3F801700E4682
:108270003846B3F8038001F0F2F8002858D0022203
:108280003946204601F095F90546E8B9384601F02F
:10829000FEF868B116222277B37939460533B371F7
:1082A000204643460096FFF725FD04B0BDE8F08167
:1082B000F9F7B4FA33461B680135EDB2002BFAD159
:1082C0000635A8421DDC092504F1440005F01BFD1C
:1082D0002B463A4616212046009600F0A3FC092DB5
:1082E000E3D1204650F80C3B40F2055193F8703032
:1082F00002AA8DF8083041F20913039305F038FC07
:10830000D3E70121304605F08BFF01460028DAD083
:1083100004F1440005F0DEFDB37942460533B37144
:1083200039463346204604B0BDE8F04100F0CCBCED
:108330000125C9E713B5044641B9443005F0E3FC13
:10834000204602B0BDE8104000F0E8BC18224369A6
:10835000027713F0080306D0002319460093FFF7B5
:10836000C9FC02B010BD1A46194602B0BDE8104063
:10837000FFF7DABC7FB5C58B04462DB342F6052066
:1083800001F0D5FAA84207D10021204600F0C4FF31
:10839000636923F001036361002640F20A4120462D
:1083A00000F0FDFE29460DF10E022046ADF80E60EC
:1083B00001F0D0F8BDF80E200346009229460222B3
:1083C0002046FFF79AFEE68304B070BD2DE9F7431F
:1083D00005460F46904601F042F898B3284601F052
:1083E00046F810F0300F30D0284601F040F806462D
:1083F000002000F049FF044606F010091CB9204691
:1084000003B0BDE8F08300222946204601F0A2F81F
:10841000B9F1000F01D0C10712D4B20617D58307F6
:1084200015D5012300933A46434629462046FFF7D7
:10843000E2FC1A28E4D0204600F026FF0446DDE7DF
:108440000023EFE741F20110DAE72120D8E702200C
:10845000D6E7F7B504461F460E46154600F08BFEDC
:10846000237C012B58D0237F182B2CD063691B074A
:1084700013D5217F16292DD008D8122914D0022512
:10848000204600F07DFE284603B0F0BD18291AD022
:108490005229F4D10023237713E0304600F0F7FF90
:1084A0000028E6D12125EBE70023237735B100939F
:1084B00032462B46204600F0B5FB02E0204600F095
:1084C000F4FB0025DCE72A4631462046FFF72CFC6A
:1084D0000546D5E700232377002DE8D10521172095
:1084E000BDF82430089A009500F051FB20B9112303
:1084F000324612210095DDE700F006FB6269034673
:1085000042F00802626182793146053282713A4650
:10851000204600F0D9FBD4E70725B1E72DE9F0416B
:10852000054688B042F6052001F001FA064604A887
:10853000ECF7B6F9102205F121010DEB020005F070
:108540004FF850B10121284600F0E6FE284601F020
:10855000A0FA6B6923F001036B6142F6030302206A
:1085600003A9ADF80C30ECF7E3FA012407464FF00D
:10857000000820463A464FF6FF7101F09DF9044687
:1085800010B908B0BDE8F08100F069FF0134A4B271
:108590000028EED0A64203D131462846E9F782F9F9
:1085A000214628460DF10E02ADF80E8000F0D2FFF4
:1085B00003460028DDD0BDF80E2021460092284653
:1085C0000122FFF79AFDD4E708B5ECF757F9002030
:1085D000E9F7F6FD002008BD10B90120E9F7E4BE77
:1085E00070470220E9F7D6BE0020E9F7D3BE38B5C0
:1085F0000C460546E4F790FE4379C47523F0030367
:1086000043F0030343710923837104F10C03C37125
:10861000A0F81550153038BD2DE9F3410D4616462A
:108620008046E4F779FE05F10C03C37143790446F3
:1086300023F0030343F00303437109230190837183
:10864000A0F8158000F11507304605F0E1FB334630
:108650000544E5753BB901A8314605F03BFC3846B9
:1086600002B0BDE8F0815A7922F0030242F0020222
:108670005A711B68EEE708B5E4F754FE83790C33B2
:10868000184408BD08B5E9F7DDFDECF7DFFDE8F7B4
:10869000CFFFEBF7B9FFBDE80840FFF7A5BF10B566
:1086A0000446E9F77BFF20B92046BDE81040F8F703
:1086B000AFBF2046F8F7ACFFFFF793FFF1E773B5C4
:1086C0000E4605F08DFE044600BB42F6072001F081
:1086D0002EF90546D0B10A22B6F900300021002B50
:1086E000CBBF0533053BB3FBF2F393FBF2F35BB275
:1086F0008DF8073001230DF10702184605F0F2FD51
:10870000002203462946104601F01EF8204602B01A
:1087100070BD430803F05503C01A00F03303C0F3E3
:10872000850000F03300184400EB101000F00F003B
:108730007047002110B5421D441E14F8010FFFF7C9
:10874000E8FF94420144F8D1084610BD0E2070475E
:108750000E2070470E2070470E20704708B501218B
:108760000220E9F727FF002008BD0078EBF7E0B80A
:1087700013B50C460DF107020DF10601EBF7C8F930
:1087800030B19DF80600031B5842584102B010BD9D
:108790000120FBE77047704708B5ECF751FB00205C
:1087A00008BDECF7B5BEEAF7D9BBEAF7D9BE02F0CF
:1087B0000DB802F00DB87047704770477047E8F782
:1087C0005FBB0F2070470F20704770477047002035
:1087D0007047704770477047F8B504460F46164615
:1087E00013680A461D0A0021043504F023FFEDB288
:1087F00021222046394605F0D4F92046294605F0C5
:1088000059FAA27933681444E360F8BD70477047A1
:10881000704770477047704702464FF482712020BE
:10882000FFF735B9FFF7C1BF014608B500F03800C2
:10883000EAF732FD78B1D0E901324078C1F307415F
:1088400010F0020F08BF1346043B53F8040F10B199
:1088500002788A42F9D108BD38B505460C4604B9FC
:1088600038BD013C55F824301B69002BF7D09847E0
:10887000F5E770477047F8B543780546DB0701D444
:10888000EAF74CFD00266B786F6823F00C0343F089
:1088900002036B7057F826402CB9202005F10C011B
:1088A000F9F770F80FE0A3680136002BF2D0984773
:1088B00004460028EED031463846FFF7CDFF6B78EE
:1088C00023F002036B702046F8BD4078C0F34000EF
:1088D0007047437813F00E0F0CBF01200020704743
:1088E00010B5EAF785FD0446EAF79AFD204610BD6B
:1088F0004FF48270704708B5EAF7CEFCC0680038C4
:1089000018BF012008BD08B5EAF7C6FC20B1BDE8D4
:108910000840C06805F028BA08BD38B5EAF7BCFCC5
:10892000044650B1F9F74AFD054604F10C0005F084
:1089300008FA04462846F9F747FD204638BD37B502
:108940008379019003440446D86800F03800EAF7C0
:10895000A3FC054628B901A805F0D5F9022003B00B
:1089600030BD204605F0D9F9F9F728FD04460199F4
:1089700005F10C0005F0AEFA2046F9F725FDE8F701
:10898000EDF80020EBE72DE9F04104461F462502F3
:10899000C4F3072305F4E06524F47F441D4324F069
:1089A000C704EE1944F080048B7944EA1624360299
:1089B000B6B20C333443084601EB0308CC501146E1
:1089C000FFF7BDFF20B94544EF704046BDE8F08198
:1089D0004FF00008F9E7427810B50432044601F080
:1089E0000400D2B2002140F0290005F011FC18B1BA
:1089F000837922680344DA6010BD10B50021FFF7C7
:108A0000EAFF044608B9002010BD0179FFF797FF7F
:108A10000028F8D1A3790C33E018F5E72DE9F041EF
:108A200017461A46036801F004011C0204F4E064CE
:108A3000C3F307231C4341F02905043406463B4693
:108A40002146284605F04EFC804650B1E1B205F0C3
:108A50009AF93B462A4641463068BDE8F041FFF7A7
:108A600092BFBDE8F0812DE9F341002401F004013B
:108A70000768064641F029051068294614600190F0
:108A800005F04BF9019805F0C3F9390201F4E061F2
:108A9000C7F30727394380460122043101A805F0B6
:108AA00033FB30B101A805F02EF9204602B0BDE835
:108AB000F08143462A4601993068FFF764FFF5E7E5
:108AC0007047002307B5CDE9003369468DF80200F1
:108AD0004FF0FF3004F0D2F803B05DF804FBA0F8CB
:108AE0006E10704701238B4090F87110194380F885
:108AF0007110704708B50120F8F7B0FEC0B208BD8C
:108B000083790C33184470471438704710B5044605
:108B1000A1F1140005F07CF9201A20EAE07080B27F
:108B200010BD70B51C460D461646FFF7EFFFA0427C
:108B300007D322463146A5F1140005F0A6FB01201B
:108B400070BD0020FCE770B506460D4614467AB9A4
:108B50000A462046082105F05BFB044690B92A46E8
:108B60000821292005F054FB044658B9204670BD61
:108B7000104605F0C8F8204605F07DFA08231D448C
:108B8000A371E571A3790C331C442670EEE72DE93F
:108B9000F0411646069A074688461D46FFF7D3FF62
:108BA0000446F0B114382A463146069005F06DFBB4
:108BB000854217D9069B06A81C7904F0200405F00D
:108BC000A2F874B942460821292005F021FB2A4663
:108BD0003146069005F059FB854206D906A805F0F6
:108BE00092F800242046BDE8F081069A93790C3370
:108BF000D418D754F6E711B11439EAF71DBE1A207C
:108C0000704738B5002204460D4602200321FFF7C5
:108C10009AFF014608B1A0F801502046BDE838404F
:108C2000FFF7E9BFF8B504460F46164605210120B7
:108C3000069A1D46FFF787FF014638B14770468008
:108C400005712046BDE8F840FFF7D5BFF8BD38B53F
:108C50000D46032104460846FFF775FFA0F80150B2
:108C600001462046BDE83840FFF7C5BF73B505464D
:108C7000084611466C891A46641ABDF81830A4B229
:108C80009C4228BF1C46079B089E00932346FFF783
:108C90007EFF014630B12846348002B0BDE8704006
:108CA000FFF7A9BF1A2002B070BD012110B5002244
:108CB00004461320FFF747FF014620B12046BDE8D8
:108CC0001040FFF798BF10BDF7B544890546184618
:108CD0000F461646019305F09BF8053CA4B284426A
:108CE00003DA011B01A805F035F90521019805F00B
:108CF000D2F9014628B901A805F005F81A2003B0F9
:108D0000F0BD83790C33C2181720C8542846A2F846
:108D10000170A2F80360EAF78FFDF0E7012110B5BA
:108D2000002204461920FFF70EFF014620B120461D
:108D3000BDE81040FFF75FBF10BD73B50E460021C0
:108D400044890546033CA4B2A342009128BF2346B0
:108D500003211B20FFF71BFF014670B1012210F811
:108D60000F3CA0F8016062F3071300F80F3C28469F
:108D700002B0BDE87040FFF73EBF1A2002B070BDE0
:108D800073B50E46002144890546033CA4B2A342B4
:108D9000009128BF234603211D20FFF7F8FE01465E
:108DA00038B1A0F80160284602B0BDE87040FFF776
:108DB00022BF1A2002B070BD4B88042B07D1836CF0
:108DC00008885B8998428CBF0020012070470020F2
:108DD000704710B50446806920B10021EAF768FCAD
:108DE0000023A36110BD38B5A0224FF4A073002565
:108DF000C0E907230723044680F83130C581857117
:108E0000103004F080FF04F1140004F07CFF2046D1
:108E1000FFF7DFFF40F20113E3857F2384F8323050
:108E20002046A5626562BDE83840FEF73DBF07B544
:108E300001228DF807100DF1070105F026FA03B0A5
:108E40005DF804FBF7B505464FF428500C4600F0DA
:108E50006EFD064600F003FBB0B3022C02D80020E2
:108E600003B0F0BD002731460DF105030DF10602F8
:108E70003846ADF8067000F039FCBDF80620631ED8
:108E8000934206461EDC072C1AD9023CADF8064078
:108E90000824BDF80630002BE1D00133D9B22846B2
:108EA000FFF7C5FF21462846FFF7C1FF3146284698
:108EB000BDF8062005F0E9F9BDF806000230CFE75D
:108EC000ADF806700924E4E74FF0FF30C8E7022947
:108ED0002DE9F34104460D461746184603D80020F5
:108EE00002B0BDE8F08100F022FD064600F0B7FABE
:108EF0000028F4D04FF0000831460DF105030DF1C4
:108F000006024046ADF8068000F0F0FBBDF80630E2
:108F1000BDF820200646934228BF1346AB4228BF27
:108F20002B469DF80500ADF80630C0B9002BD7D010
:108F300001339AB29542D3D9D9B22046FFF777FFD1
:108F400039462046FFF773FF31462046BDF806201C
:108F500005F09BF9BDF806000230C0B2C0E74046FC
:108F6000BEE738B50446EAF715FD38B1022905D841
:108F70002046BDE838400022EAF79ABE212038BDDD
:108F800091F8393073B55B0706460C4615462DD46B
:108F90000846EAF79DFC6B1E042B16D8032D14D04F
:108FA000A379142B24D0A3697BB90093ADF80430C6
:108FB0008DF80630E8F7F6FB6946EAF7EFFA18B9DC
:108FC0001A25284602B070BDA061636AE57343F0BC
:108FD00016036362E8F766FB3046EAF7BFFD054615
:108FE0000028EED02046FFF7F4FEEAE70225E8E786
:108FF0002125E6E7002337B580F8723040F6FF738D
:10900000A0F86E3083680446DA040D46C16010D4BF
:1090100043F480636A46A36040F203212046CDE911
:10902000004504F0A5FD00212046EAF741FB03B00E
:1090300030BD90F87600EAF797FFA36823F48053D9
:10904000E8E773B56E4604464A7930460D46063168
:10905000E8F7EEFB96E80300A4F85010090C11F0B5
:10906000800FE06484F8521004F1530312D00122FF
:10907000184605F11201E8F7DBFB0C352846FFF72F
:1090800058FB28B10122294604F15A00E8F7D0FB29
:1090900002B070BDB4F8501094F85220C4F85300D8
:1090A00099809A71E9E71FB590F87420044602F0A0
:1090B000010301908DF808300BB102F002038DF826
:1090C000093094F8753020468DF80A30039101F08C
:1090D000EDFB4FF4017101AA204604F049FD204642
:1090E000EAF772FB04B010BDEAF7BABAFFF702BDA7
:1090F0000A460021EBF7B8BE13220121EBF7B4BEFC
:10910000826838B5C2F380320446B0F86E000D466E
:10911000EBF750FF20B9A3681DB143F40053A360DF
:1091200038BD23F40053FAE70020704710B5044619
:1091300060B1806C50B1EBF77BFAA06C0028FAD1DB
:109140002046BDE810400321EAF7B2BA10BD4389BA
:1091500007B58B420CD050F80C2B40F2014192F82D
:109160007020ADF806308DF8042001AA04F000FD4F
:1091700003B05DF804FB436943F0040343617047A7
:10918000436923F00403436170474069C0F38000E2
:10919000704747F2305300220068F8F7FFB90068C3
:1091A00004F083BC38B5436904469B070D4603D5DC
:1091B00040F20941FFF7F3FFEAF75CFB08B1A3694E
:1091C0001D702046BDE8384040F20941FFF7E1BF7D
:1091D00007B5027C012A09D00122027440F209423B
:1091E000914206D040F20A4291420ED003B05DF89F
:1091F00004FB4FF4816150F80C3B01AA93F87030E6
:109200008DF8043004F0B4FCF0E750F80C3B01AAF0
:1092100093F870308DF80430F4E738B522F000434D
:109220000D46114640F20322934204461AD0B3F58C
:10923000017F09D240F20122934213D040F2022270
:10924000934209D0002038BD6FF481621344012B92
:10925000F8D8FFF7BDFFF5E700F022F92046FFF749
:109260005DF9EFE763699B0704D540F209412046A9
:10927000FFF795FF2846FFF759FFE3E708B5EAF740
:10928000D9F900B1806C08BD08B500B10068EAF7F3
:10929000DFF908B9034602E0836C002BF7D01846CB
:1092A00008BD10B5044642F62A3000F040FB031B0F
:1092B0005842584110BD022806D142F62A33088888
:1092C000C31A5842584170470020704710B50446F1
:1092D00042F6293000F02BFB031B5842584110BDC9
:1092E00090F8200000F0010070471FB50446684662
:1092F000EBF7D6FA1022694604F1210004F070F968
:10930000B0FA80F0400904B010BD08B5FFF7EDFFDA
:10931000B0FA80F0400908BD70B5044600F121059F
:1093200091B92846EBF7BCFA236893F97500FEF76C
:10933000A1FC78B120682B46BDE8704010220D21B9
:1093400090F97500FEF750BC10220021284604F069
:1093500071F9E9E770BD38B50446002390F8202084
:1093600041FA03F0C50703D442FA03F0C0071ED444
:109370000133082BF4D101F0010523682A4384F856
:10938000202093F97500FEF775FC40B1234653F891
:10939000200B01220C2190F97500FEF725FC0DB978
:1093A000002038BD00212046FFF7B6FFF8E7132064
:1093B000F7E768B13F290AD800EBA10090F8310027
:1093C00001F003014900084100F00300704700204C
:1093D000704710B50368044693F97500431C0DD01F
:1093E000FEF748FC50B12346BDE8104053F8310B5E
:1093F00010220B2190F97500FEF7F6BB10BD10B5D9
:1094000090F87430DB0706D490F97530013314BF3F
:109410000F20052010BD847CECF742F8844234BF55
:109420000C200020F6E730B5044685B06846EBF71F
:1094300037FA1021684604F06AFF2046EBF742FC39
:109440006B46C26804AD06321C4603CCAC421060C9
:109450005160234602F10802F6D105B030BD08B5CF
:10946000EBF730FC08B1EBF701FCC0B208BD0138E6
:1094700010B580B2EBF726FC044608B9002010BDF9
:10948000408800F07FFB0028F8D0207BF7E708B584
:10949000EBF718FC18B1007AC31F5842584108BDB9
:1094A00070B5054655F8213B044693F97500431CF9
:1094B00004D12846BDE87040EBF7F2B9FEF7DAFBBD
:1094C0000028F6D0234653F8310B10220B2190F9D7
:1094D0007500FEF7B7FB234653F8200B01220C2141
:1094E00090F97500FEF7AEFB20682B46BDE8704092
:1094F00010220D2190F97500FEF7A4BB01302DE973
:10950000F04185B228460E46EBF7DCFB42F6021727
:10951000044642F603089CB12046EBF7A7FB78B15E
:10952000204600F03EFBB84205D10EB123883380BF
:10953000607BBDE8F081204600F033FB404502D15E
:109540004FF0FF30F5E70135ADB22846EBF7BAFB37
:109550000446E0E72DE9F04707460E4690460D46E3
:1095600042F6021942F6030A0135ADB22846EBF77E
:10957000A9FB044678B1EBF779FB60B1204600F017
:1095800010FB484505D1237A072B04D10320BDE801
:10959000F0875045E8D141463046FFF7AFFF431C06
:1095A000014604D03846BDE8F047FFF702BF00206F
:1095B000EDE770B5054608461646EBF783FB044613
:1095C00008B9012070BDEBF751FB0028F9D0F00776
:1095D00013D4B10734D4720702D5A3885B0732D500
:1095E00016F0060F31D116F40060EBD0A38813F407
:1095F000006F14BF00200620E4E7A388DA0743D5F4
:1096000013F0700F0AD1980610D45806E1D52B68D4
:1096100093F975300133DCD10820D3E72868FFF7D0
:10962000EEFEA388990608D50028CBD12A6892F8C7
:1096300074209207E9D40520C4E70028C2D1E4E7EA
:10964000A3889907C7D40320BCE7A38813F4E06F6D
:1096500009D198050FD45B05C5D52B6893F97530F2
:109660000133C0D1D8E72868FFF7C9FEA388990560
:1096700007D50028A6D12A6892F874209207EAD468
:10968000D9E700289ED1E6E702209BE738B50446DB
:109690000846EBF717FB054608B9012038BDEBF784
:1096A000E5FA0028F9D0AB8813F4E04F0CD1980408
:1096B00012D413F48040F1D0236893F97500431C51
:1096C00058425841C000E9E72068FFF798FEAB8890
:1096D000990408D50028E1D1226892F874209207F5
:1096E000E7D40520DAE70028D8D1E2E72DE9F047F2
:1096F0004FF00009044683F800900846A2F8009055
:10970000884616461D46EBF7DDFA074620B90123C9
:1097100000202B70BDE8F08774B1EBF7A7FA0028A2
:10972000F5D04046FFF7D2FD30B1012385F8009017
:1097300004F120003380EDE72B46324639462046BF
:10974000BDE8F047EBF738B82DE9FF41074608467A
:10975000884616460393EBF7B5FA044638B903A8D2
:1097600004F0D1FA0125284604B0BDE8F0811FB10C
:10977000EBF77CFA0028F2D0237A072B05D8DFE834
:1097800003F017262F381C17172126BB0398002833
:1097900035D13246257A022D62D0032D64D0012DB9
:1097A0003BD0002F7FD1002503A804F0ACFADAE704
:1097B00003A804F0A8FA0325D5E703A804F0A3FA48
:1097C0000625D0E703A804F09EFA8025CBE7E368DE
:1097D0005D88B54209DA03A804F095FA0725C2E7C7
:1097E000E3689A88B242F6D35D88039840B902468E
:1097F00009E0022EEFDC039868B90246CAE7354655
:1098000004F006FB82B29319AB42C3DD03A804F057
:109810007AFA0D25A7E70225F2E7E0680630002373
:109820000399304404F065FA002FBCD0237A032B4F
:1098300039D103A804F067FA00212046EBF7FCF9C0
:1098400068B30588617B3846FFF7B3FD0122034604
:1098500029463846CDF80080FEF74FFC002582E708
:10986000E068B3188380D9E7039B9A79D979891A7C
:10987000C9B2481E012810D8134402291A7B04BF1C
:109880005B7B42EA0322237B32EA03038CD1012370
:109890003846617BEAF766FFC6E70D2584E708F1E5
:1098A000FF35ADB2CEE7039B4146009338463346C1
:1098B0003A7FFEF708FCD1E7884270B504460D46B2
:1098C000164611D8012838BF01242046EBF7FAF9D3
:1098D00010B14388B34208D00134A4B22046EBF75C
:1098E000D5F908B1A542F0D20024204670BD70B56C
:1098F0000C4616461D460146B8B1B3B1022C01D044
:10990000102C12D1E0B2EBF713F94FF6FF71884239
:10991000024602D141F20A1070BD3046FFF7CCFF7B
:109920000028F7D028800020F6E72120F4E7002364
:1099300007B50122ADF80400ADF8063002210DF1A3
:10994000060301A8FFF7D3FFBDF8060003B05DF8DA
:1099500004FBF8B50F461646441CA4B22046EBF7AC
:10996000B1F910B9013CA0B2F8BD00F01AF90546F2
:10997000304600F0F2F820B1284600F0EEF800285A
:10998000F0D1304600F0E2F820B1284600F0DEF8D1
:109990000028E7D10134A4B22046EBF777F908B1EB
:1099A000BC42DBD94FF6FF70DEE72DE9F04F9A4657
:1099B00087B08B880D460C88814604A90220ADF83B
:1099C00010309046EBF7B4F8AB680090A888AF89E8
:1099D000059300F0BBF838B1102F05D105A8EBF7BF
:1099E0008DF8022808BF02274FF6FF7B33E02046A0
:1099F000009AFFF761FF064680B3AA886988FFF7DF
:109A0000A8FF04463046FFF72AFD00B30DF10F030F
:109A1000314648460DF11202FFF768FE9DF80F30FF
:109A20002BB1A8F80060184607B0BDE8F08FBDF86C
:109A30001220BA420BD13A460599019303F0D0FDAA
:109A4000019B20B9A8F80060AAF80040EBE75C454C
:109A500004D00134A4B26988A142C8D80A23E2E73D
:109A600008B5EBF72FF9BDE8084000F09AB838B513
:109A700005460846EBF726F9044610B94FF6FF7085
:109A800038BD0DB96088FBE7EBF7F0F80028F9D195
:109A9000F4E770B5044642F60520FFF748FFB0B181
:109AA0000021FFF72BFD054601462046FFF781FC0C
:109AB00006461022002104F1310003F0BBFD3246BE
:109AC00029462046BDE870400023EAF74BBE70BD32
:109AD0007FB504460D4610220021684603F0AAFD1A
:109AE0000026AB575A1C1BD031462046FFF761FCBD
:109AF0001946002BB8BFD91C04AA02EBA10100F043
:109B00000302584200F0030003F0030358BF43422E
:109B10005B0002FA03F311F8102C134301F8103C18
:109B20000136402EDDD16B4604F1310504AE1A46F4
:109B300003CAB24228606960134605F10805F6D1F0
:109B4000204604B0BDE87040FFF743BCA0F52050AC
:109B500001288CBF00200120704742F60303C31A7E
:109B600058425841704708B5030409D4EAF7ACFFDE
:109B7000A0F5205080B201288CBF0020012008BD34
:109B80000020FCE7020408B507D4EAF79DFF42F67F
:109B90000303C31A5842584108BD0020FCE7C00B1C
:109BA00070470346B3F902304088002B01DBEAF727
:109BB0008BBF0020704708B5FFF7F3FFA0F52050DA
:109BC00080B201288CBF0020012008BD10B50446DA
:109BD0008069143004F097F8A069BDE8104018308F
:109BE00004F091B82DE9F0410F46144605461E4693
:109BF000FFF7ECFF23463A4608210020D5F81880ED
:109C000004F070FBAA69C8F81400536923B100205E
:109C100054811682BDE8F0811A20FBE770B5044636
:109C2000084604F0F5F8A16986B28A894D8912B117
:109C3000521B96420CDA6389581E80B225B90A7805
:109C4000082A04BF043B98B2831B5842584170BD98
:109C50000020FCE730B5044654F80C0B8DB09DF89D
:109C6000405090F8700042EA01428DF80400194615
:109C7000029203A82A46079503F0E7FC40F202414E
:109C8000204601AA03F074FF0DB030BD10B550F8A6
:109C90000C4B86B094F87040ADF80E10ADF8102063
:109CA00040F2064103AA01938DF80C40059303F09E
:109CB0005FFF10B901A804F026F806B010BD37B553
:109CC00004460D46FFF782FF204640F20941FFF7A8
:109CD00066FA00222046A36940F207411A7050F844
:109CE0000C3B6A4693F8703001958DF8003003F014
:109CF0003FFF03B030BD13B501910021044602F0CF
:109D0000F7F90422002320460DEB0201FFF76AFF5A
:109D100002B010BDF0B504460F461E46154685B08C
:109D200052B983691B78072B30D0082B14BF154616
:109D30000925002E18BF0D250A9804F069F8A369BB
:109D40009A894AB15B8981B2D21A914204DD92B2FA
:109D5000891A0AA804F0FEF8204650F80C3B40F29D
:109D6000054193F8703001AA8DF804300A9BADF8D4
:109D700006708DF80850ADF80A60039303F0F8FE02
:109D800010B90AA803F0BFFF05B0F0BD0B25D0E75E
:109D9000B0F80AC02DE9F041ACF1020C9C45054633
:109DA0000E4617461C4603DDBDE8F04102F04DB9F2
:109DB00083692246198100233946FFF713FF0446C1
:109DC00058B9AB690246314628460E3302F056F9BF
:109DD000044610B12846FFF7F9FE2046BDE8F081A1
:109DE0002DE9F043202A8FB0054617461C46039103
:109DF0000BD941F2041421462846FFF760FF03A85F
:109E000003F081FF0FB0BDE8F083002B46D1084678
:109E1000A2F1060803F0FCFF4FF6FF765FFA88F820
:109E20001FFA80F94C4510D3AB69DA88B24239D9B0
:109E300042F60203ADF814300223711C0093284649
:109E400005AB89B202F0AAF825E023463A46039909
:109E500006A803F04EFFAB69BDF818609A88B242BD
:109E6000C7D8DA88B242C4D3BDF81A10BDF81C2096
:109E7000B8F1000F09D02846CDF800800DF11E037F
:109E80003C44FFF7E7FEA4B2CCE728469E80198148
:109E90005A8102F09CF804460028B0D041F20A131F
:109EA0009C42A8D10024A6E72DE9F0471C4696B0B5
:109EB000836901921B780646062B03D0102B60D0D5
:109EC00001A81CE00129104614BF4FF010084FF004
:109ED00002080392002C4CD103F09AFF4FF6FF7555
:109EE00008F1020987B2A7420ED8B369DA88AA42FC
:109EF00037D8002421463046FFF7E1FE03A803F0DF
:109F000002FF16B0BDE8F08723464A46039904A82D
:109F100003F0EFFEB369BDF810509A88AA422DD81D
:109F2000DB88AB422AD39DF81330282BE1D0B24610
:109F30005AF80C3B424693F870300DF112010DA80F
:109F40008DF83030ADF83250CDF844804C4403F0F9
:109F50007CFB40F2044150460CAA03F009FEA4B277
:109F6000C1E7691C304689B201F0E8FF04460028C9
:109F7000C4D041F20A139C42BBD0BBE741F20414A7
:109F8000B8E70129104614BF12270427049284BBA6
:109F900003F03EFF42F602184FF6FF7185B2A5426C
:109FA0000DD8B369DB888B4221D901314FF6FF729E
:109FB000304689B201F0C2FF0446A0B119E0234641
:109FC0003A4604990CA803F094FEBDF83220BDF87F
:109FD000301042459DF8333007D1B2690223304634
:109FE0000A32FFF7D5FE04A889E7282B06D141F2F3
:109FF0000A1421463046FFF762FEF4E73C44A4B25F
:10A00000CDE7F0B5836987B003911B780546022B35
:10A01000144653D108460491002A47D103F0F8FEB4
:10A020004FF6FF7687B2A7420DD8A869C288B24220
:10A030002BD8002421462846FFF741FE04A803F050
:10A0400062FE07B0F0BD04220499234605A803F080
:10A0500050FEAA69BDF814109088BDF816608142C0
:10A0600029D3D388994226D8864224D39E4222D827
:10A070005069927A837904340C3300920344324657
:10A080002846FFF7E7FDA4B2CDE743694089711C7C
:10A090000190987989B20C300344009328464FF41C
:10A0A000205301F05FFF04460028C7D041F20A1395
:10A0B0009C42BFD1BDE741F20414BBE703A8BEE751
:10A0C000F0B587B0054617461C46039153B9FFF714
:10A0D000A5FD38B1012322462846039900F084F8F3
:10A0E00007B0F0BDA9690B78082B05D8062B44D81A
:10A0F000032B0FD003A83DE00E2BFBD1039B059350
:10A10000002C6DD1002B6BD0224628460989FFF721
:10A11000BDFD59E00398059018B3ECB9102683797A
:10A120004A890C330989034400962846FFF792FDBB
:10A13000AB699988DA88914217D242F60203ADF8EA
:10A14000103002230131009328460DEB060389B23B
:10A1500001F024FF044660B141F20A139C4204D18D
:10A1600001E0002CF8D141F21F0421462846FFF7F8
:10A17000A6FD05A803F0C7FDB2E7039805907CBBD8
:10A1800070B303F045FE0FB386B2B7421ED2394614
:10A1900005A804F019F838B905A803F0B4FD1A2190
:10A1A0002846FFF78CFD9BE78379F61BC218023324
:10A1B00091898371AB6900225B89B6B20090284611
:10A1C000FFF7A8FDB742E2D92146E9E7AA69284688
:10A1D00053891189059A00920022FFF79BFDF3E74E
:10A1E00005A803F090FDEFE7F0B585B006461F46E1
:10A1F0001446039132BB084603F00AFE054608B335
:10A20000B1690B784A89082B0BD8062B0BD9039B15
:10A2100009893046009313462246FFF77BFD0394DD
:10A2200001E00E2B19D0B1694B89EA1892B2B2F550
:10A23000007F4A8117D82FB13046098901F0D8FE36
:10A24000044628B10022234611463046FFF738FF66
:10A2500003A803F058FD05B0F0BD3046039B098903
:10A26000FFF714FDDBE741F20414EBE773B58369F4
:10A2700001911B780446082B15460ED8062B0ED9E3
:10A28000019E20463146FFF7C9FC2A460346314667
:10A290002046FFF7A9FF02B070BD0E2BF0D001A839
:10A2A00003F031FDF7E730B5836987B003911B7880
:10A2B0000546092B144611D105915AB91346009150
:10A2C0000F222146FFF726FD21462846FFF7F7FC1F
:10A2D00007B030BD05A803F016FDF5E703A803F0AD
:10A2E00012FDF5E72DE9F04F87699FB003913F78A4
:10A2F0000546052F16461C4604D8032F16D810D045
:10A3000003A867E0082FFBD108461391002B00F04B
:10A31000C28013A803F0F7FC21462846FFF7CFFCC4
:10A3200001E0FFF75DFD1FB0BDE8F08F202A084671
:10A33000049148D8002B40F0A880571F03F068FD17
:10A340004FF6FF78FFB21FFA80FA0DF11C0BA24501
:10A3500006D8AB69DA88424500F28780002434E0F1
:10A360002346324604990BA803F0C3FCAB69BDF841
:10A370002C809A88424526D8DA88424523D35969E9
:10A38000F1B9A94659F80C1BBDF82F2091F87010AF
:10A390009DF82E308DF84C10ADF84E200DF13101A6
:10A3A0003A4615A88DF85030199703F04EF940F24F
:10A3B0000341484613AA03F0DBFB3444A4B2C6E7CA
:10A3C0005A89102A09D941F2041421462846FFF778
:10A3D00076FC04A803F097FCA5E70023584603F099
:10A3E00088FCAB690DF13101102FCDE9051B93F805
:10A3F0000A902BD1B9F1020F34D105A8EAF77EFB00
:10A400000228DAD14A46DDE9051003F0E9F8002810
:10A41000D3D12B4653F80C0BBDF82F1090F87000D9
:10A420009DF82E208DF84C00ADF84E108DF8502080
:10A4300059464A4615A80293CDF8649003F005F9F1
:10A44000029B40F20341184613AAB4E7022F09D138
:10A45000B9F1100F06D106A8EAF750FB0228ACD1DB
:10A460003A46D0E73A465846CFE742F60303ADF8FE
:10A470004C30022308F101010093284613AB89B246
:10A4800001F08CFD04460028A3D041F20A139C423F
:10A490003FF464AF99E759B900210023AA6928461F
:10A4A00093815381118113993246FFF709FE3AE7F0
:10A4B00003F0AEFC16B180B28642EDD1139A9379C7
:10A4C000D118023389899371E7E72DE9F0431C46DF
:10A4D0008FB0836903911B780546012B17465BD12A
:10A4E0000846059103F094FC202F0BD941F2041487
:10A4F00021462846FFF7E3FB05A803F004FC0FB054
:10A50000BDE8F083002C42D1059803F081FC4FF6A2
:10A51000FF76A7F104081FFA88F81FFA80F95FFA9E
:10A5200088F8A14505D8AB69DA88B24220D8002462
:10A53000DEE723463A46059906A803F0DAFBAB6945
:10A54000BDF818109A88BDF81A609142CED3DB8806
:10A550009942CBD89642C9D39E42C7D832462846A4
:10A56000CDF8008007AB3C44FFF774FBA4B2D8E7FA
:10A570004FF42053ADF810300223711C009328468D
:10A5800004AB89B201F048FD04460028B4D041F282
:10A590000A139C42CBD0ABE703A8AEE783691B78D4
:10A5A0000A2B02D00F3B012B01D8FFF788BB704765
:10A5B000F0B585B00193836917461A7804460A3AC4
:10A5C0000A9E072A42D8DFE802F0044130414104E4
:10A5D00041290198039003F01BFC85B203A803F006
:10A5E00092FB26B131462046FFF785FB0FE0A169BB
:10A5F0007A194B8992B293420BD90A8201F10E0368
:10A600002046098901F03AFD01460028EBD105B04A
:10A61000F0BD0121204601F06BFDF5E72EB91A8A45
:10A620000198BA420BD04FF48166019B03A80393B3
:10A6300003F069FB31462046FFF741FBE7E7DA8983
:10A64000596903F0F0FB0028EDD1EEE701A803F013
:10A650005AFBDCE738B58269044613780D460D2BAA
:10A6600012D00F2B01D00A2B12D1536933B1997933
:10A6700002F114000B44DD6803F045FB2946204637
:10A68000BDE83840FFF78ABFBDE83840FFF717BB89
:10A6900038BD07B5002300921B22FFF73BFB03B038
:10A6A0005DF804FB07B583695980009200231D22E1
:10A6B000FFF730FB03B05DF804FB4B88052B05D199
:10A6C00008880E288CBF00200120704700207047AA
:10A6D000F8B505460F46164604210A22002003F06D
:10A6E00097FD0246B8B1847905210C3403194FF067
:10A6F000060C00209970D87002F804C013241C7155
:10A7000002245F715870D8719C7128461E81BDE883
:10A71000F840E7F7C1BEF8BD73B505461046019293
:10A720000C4603F075FB042186B2019803F0B3FCDC
:10A73000024628B901A803F0E6FA1A2002B070BD5B
:10A74000837901900C33C1184C80C65221462846AB
:10A75000E7F7A2FE0020F1E72DE9F0410646884622
:10A76000174604210A22002003F052FD0246B8B128
:10A77000857900240C354319052106209970DC7079
:10A7800050550120187102205C70987183F8058083
:10A790003046DC711F81E7F77FFE2046BDE8F0817F
:10A7A0001A20FBE7002070470020704707B501A87A
:10A7B000019203F0A8FA03B05DF804FB7047002093
:10A7C00070470F2070470F2070477047EBF730BA83
:10A7D000EBF738BA07B58DF80710E8F72BFF68B12B
:10A7E00045F21D0200210DF1070300F0CAF9B0FA8D
:10A7F00080F04009400003B05DF804FB2120FAE737
:10A8000010B588B0E8F716FF044600284AD090F843
:10A810007200022848D1A36813F4407F2AD094F82C
:10A820007320012A32D194F97500421C01D1D90557
:10A830002CD594F8743013F0010327D1CDE90133FE
:10A84000CDE90433CDE90633ADF80C30FDF712FA4B
:10A85000A36888B9DA0519D5A06AE16A01AB03C318
:10A86000228E1A802046BDF8042004AB0DF10601AB
:10A87000EAF770FB08B010BDDB05EDD40A22022117
:10A8800094F9750001ABFDF7DDF9EBE7002345F224
:10A8900017021946204600F074F9B0FA80F040091A
:10A8A0004000E7E72120E5E70220E3E738B545F27D
:10A8B0001B020C460B460021054600F062F930B938
:10A8C0002CB121462846BDE83840EAF775BE38BDB0
:10A8D00000F086B901F00FBB01F018BB10B50446BB
:10A8E0004C30FDF7A8F984F875002046BDE810400B
:10A8F00001F0DCBA10B50446FDF774F902280DD159
:10A9000094F8733094F97000012B14BF05210321D2
:10A9100084F83210BDE8104001F00FBBA36843F487
:10A920000073A36010BD00F08CB938B503780446FD
:10A930003E2B0D4604D18378052B02D0ED2B0FD092
:10A9400038BDB0F80300E8F767FE20B1B4F80D1089
:10A95000621D00F0DCF92846BDE8384003F0D3B9A9
:10A96000B0F80300E8F758FE0028F4D0B4F80D1052
:10A9700004F10F03621D00F0CDF9ECE7CB0448BFF2
:10A9800041F48061C160704710B50446006C30B975
:10A990004FF4B07003F005FD206420B910BD4FF4F2
:10A9A000B07103F0C2FCFF23226C82F85E31A36811
:10A9B0001B0603D5C02301201370EFE794F8733012
:10A9C000012B14BF80234023F5E710B5044645F260
:10A9D0001A0103F06AF82046BDE8104047F23053F0
:10A9E000002245F21A01F6F7D9BD10B50A46044611
:10A9F0000821002003F00CFC10B1837903441C7380
:10AA000010BD38B505460C460D201121FFF7EDFFAE
:10AA1000024688B12146837903440D3304F11000C6
:10AA200051F8044B814243F8044BF9D12846BDE864
:10AA300038400621FFF770BE38BD38B505460C46D4
:10AA400004201121FFF7D1FF024688B12146837906
:10AA500003440D3304F1100051F8044B814243F8D4
:10AA6000044BF9D12846BDE838400621FFF754BE13
:10AA700038BD38B505460C4603201121FFF7B5FF58
:10AA8000024688B12146837903440D3304F1100056
:10AA900051F8044B814243F8044BF9D12846BDE8F4
:10AAA00038400621FFF738BE38BD37B500220546CD
:10AAB0000821104603F0ACFB0446C0B10C23012270
:10AAC0000DF107018DF8073003F0DFFB296C202220
:10AAD0005131204603F0D9FB296C202271312046E8
:10AAE00003F0D3FB224606212846FFF715FE03B0EC
:10AAF00030BD08B5D0B2E8F79DFD28B190F87730A9
:10AB000003F07F0380F87730012008BD036C4BB958
:10AB100083681B0608D490F87330012B14BF802083
:10AB20004020704718787047C020704770B50446C1
:10AB3000FFF7ECFFEAF70AFE0D460346002245F256
:10AB4000010120469847236C03B11D702846EAF79F
:10AB5000FDFD4FF4A041034600222046BDE87040B1
:10AB6000184770B51546044648B1FFF7CFFFEAF71E
:10AB7000EDFD2A4603462046BDE8704018470220F6
:10AB800070BD114608B51A4621F00041FFF7E9FFF4
:10AB9000B0FA80F0400908BD10B4C4691CB95DF872
:10ABA000044B0180704700235DF8044B1A46F9F707
:10ABB000B3B908B50B4601461846F7F747F8003811
:10ABC00018BF012008BD10B50446006838B11A212D
:10ABD00003F0ABFB2068F7F719F80023236010BDE2
:10ABE00030B58BB00D46002201A9EAF769FF044693
:10ABF00020BB01460D220DF10B0002F01BFDB5F844
:10AC000003206B79ADF8082006A9019A02A88DF8F7
:10AC10000A30EAF7BBFD40F20343BDF818200028D4
:10AC200018BF1C469DF81A30102102A82A80AB706C
:10AC300003F07BFB102106A803F077FB20460BB046
:10AC400030BD10B50446EAF75FFD04F13400FFF7AC
:10AC5000BAFFA3685A0606D523F040030021204618
:10AC6000A360E7F7E7FB236C63B1D3F89400F8F730
:10AC7000EAFD0421206C03F058FB206CF6F7C6FFB8
:10AC80000023236410BDF7B50D4669461646EAF762
:10AC900017FF044698B929461022009801ABF8F72F
:10ACA00031FE07461021284603F031FB2FB1102159
:10ACB000284603F03AFB40F2074406B137602046CD
:10ACC00003B0F0BD38B50446C51C03212846FFF784
:10ACD00070FFC8B9E27863797AB922791A43F4D05F
:10ACE00003F07F0343F0400363715323A3712146B4
:10ACF000BDE83840FF20FFF773BFFF2AF0D122796B
:10AD00001A40FF2AE1D0EBE740F2074038BD0021AE
:10AD1000E7F790BBF8B51D46836804465B060F460F
:10AD200016462DD41A2003F03CFB0146606320B97F
:10AD30002046BDE8F840E7F77DBB034623F8027BD9
:10AD4000326805F11001C0F8022072685A602A4684
:10AD5000636B0A3352F8040B8A4243F8040BF9D1AF
:10AD60001021284603F0E1FAA36843F0400213F4EF
:10AD7000407FA26004D02046BDE8F840EAF7A6BFB5
:10AD8000F8BD38B504460D4605200221FFF72DFE1B
:10AD90000246B8B18379062103445D732046FFF76C
:10ADA000BBFC45F490512046EAF706FC94F873305A
:10ADB0002046012B18BF8021BDE8384008BF402144
:10ADC000FFF7B4BE38BDB1F5A04F70B504460D46CF
:10ADD00016460AD045F20603994218D03246294653
:10ADE0002046BDE87040EBF745B9836843F0800327
:10ADF000836090F87330012B14BF80204020EAF765
:10AE0000A5FC002203462046BDE870401847937910
:10AE10001344597C41F49051EAF7CEFBDEE72DE96B
:10AE2000F04196B0154605AA1C4606460B469046CC
:10AE30001D9F01F1200E9446186859680833ACE84C
:10AE4000030073456246F6D12021404603F05FFAC5
:10AE50000DAB2A469C4605F1200E1D461068516830
:10AE6000083203C572452B46F7D12021604603F016
:10AE70004EFAAEB3336C93F85D31013B022B2FD801
:10AE80009DF8703043F0800301AA8DF854301546C8
:10AE9000234604F1100C144618685968083303C49B
:10AEA00063452246F7D11021284603F030FA3B468D
:10AEB000412241462846EAF7CBFC044610212846A9
:10AEC00003F033FA4121404603F02FFA54B11EB18A
:10AED00008213046FFF755FF204616B0BDE8F08147
:10AEE0000023D1E71021384603F011FA002EF3D0E9
:10AEF000224645F211013046FFF733FEECE72DE91B
:10AF0000F74390F873700446012F056C04D195F84F
:10AF10005031002B40F0568195F85C3195F8518105
:10AF2000032B00F2F180DFE803F00287AFD418F0C2
:10AF3000010F7CD011210620FFF757FD8146002824
:10AF400000F040818679102106440D363046FFF727
:10AF500030FE014658B120460821FFF712FF0021BC
:10AF600040F2074003B0BDE8F043EAF743BBA07CE2
:10AF7000C0F11002304402F05DFBFCF733FE022802
:10AF800095F95E010BD032460521E5F77FFF90B1C0
:10AF90000821204603B0BDE8F043FFF7F2BE334678
:10AFA00010220521FCF720FE28B1002140F21B40B1
:10AFB000EAF720FBECE7FCF715FE02280FD1012F82
:10AFC0000DD004F1180306F1100256F8041B964246
:10AFD00043F8041BF9D1A36843F48073A3604A4685
:10AFE00006212046FFF798FB0B210720FFF7FDFC09
:10AFF0008146002800F0E680867995F95E310C36AE
:10B00000064443F43F430821A6F80130F01CFFF743
:10B01000D0FD0A22042195F95E01731CFCF7E4FDC2
:10B020000028C2D14A4606212046FFF775FB95F855
:10B030005C31013385F85C3118F0020F1FD011210B
:10B040000820FFF7D2FC0646002800F0BB80002352
:10B05000817901AA01440D31FF200193FFF713FE0E
:10B0600040B108212046FFF78CFE40F207400199CD
:10B07000EAF7C0FA324606212046FFF74DFB95F865
:10B080005C31013385F85C3118F0020F1CD00821C7
:10B090000920FFF7AAFC8146002800F093808679FA
:10B0A0000C360644E6F77AFB83794A4683F00803B8
:10B0B000C3F3C003737003680621C6F802308388A7
:10B0C0002046F380FFF728FB95F85C31013385F8C3
:10B0D0005C3118F0040F12D011210A20FFF785FC13
:10B0E000064600286ED0807910223044AB210D3006
:10B0F00002F0A0FA324606212046FFF70DFB95F834
:10B100005C31013385F85C31012F08D0236C93F852
:10B110005031002B56D195F85C31042B52D1A36CE1
:10B1200010220B2195F95E013133FCF75DFD70B102
:10B1300040F21B412046EAF73FFA012F14BF80215D
:10B140004021204603B0BDE8F043FFF7EFBCA36CFD
:10B1500001220C2195F95E012033FCF745FD002802
:10B16000E6D1A36C10220D2195F95E012133FCF785
:10B170003BFD0028DCD1082295F95E01114604F15F
:10B180001003FCF731FD0028D2D1236C93F85E2127
:10B1900084F87520FF2283F85E21D3F858315B06CE
:10B1A00003D404F14C00FDF7D3FAFCF71BFD022891
:10B1B00008BFA368204604BF43F48073A360EAF786
:10B1C000D3F9BAE703B0BDE8F083EAF7ABBF70B5D7
:10B1D000B1F5A04F0446154688B07BD045F21B065A
:10B1E000B14240F00E8190F87430DB076AD5056CEF
:10B1F000B5F850312BB14C21FFF798FC002008B076
:10B2000070BDD5F858315E074BD5AB79D80748D516
:10B210006B7BD90745D5A36C10220B2195F95E01F4
:10B220003133FCF7E1FC38B140F21B412046EAF72C
:10B23000C3F940F21B40E2E7A36C206C01220C2111
:10B2400090F95E012033FCF7CFFC0028ECD1A36C11
:10B25000206C10220D2190F95E012133FCF7C4FC13
:10B260000028E1D10822206C114690F95E0104F11A
:10B270001003FCF7B9FC0028D6D104F14C00FDF70F
:10B2800067FA236C93F85E2184F87520FF2283F817
:10B290005E2120464021FFF749FC2046EAF764F989
:10B2A000ACE705F5987304F1180205F5A07553F89D
:10B2B000041BAB4242F8041BF9D1A36843F480732A
:10B2C000A360E6E74021FFF731FC29462046EAF774
:10B2D00073F993E7036CD3F8582112F0040255D0A8
:10B2E0000022CDE90122ADF80C209A79D2073FD592
:10B2F0005B7BDB073CD5FCF775FC0228206C0CD08F
:10B3000000F59872032190F95E01E5F7BFFD78B36F
:10B3100008212046FFF735FD8BE700F598731022D2
:10B32000032190F95E01FCF75FFC28B1002140F297
:10B330001B40EAF75FF9EBE7206C102200F59873E9
:10B34000052190F95E01FCF74FFC0028EED1236C3B
:10B3500004F1180103F5987203F5A07352F8040B79
:10B360009A4241F8040BF9D1A36843F48073A360B7
:10B370000023BDF80420CDE90433CDE906330DF1F7
:10B38000060104AB2046E9F7E5FD37E7D3F8B8102E
:10B39000C3F8D010D3F8BC100092C3F8D410006CDE
:10B3A000694600F59870EAF73FFB48B10098F8F756
:10B3B0004AFA20460821FFF7E4FC40F207401EE766
:10B3C000206C009A00F59871C830EAF7DFF905465D
:10B3D0000028EBD10098F8F736FA236CA07C03F52F
:10B3E0009873C0F110022946184402F023F92A4646
:10B3F000CDE90155CDE90455CDE9065504AB01A9C8
:10B40000C0E708B0BDE87040EAF734BE2DE9F04768
:10B4100096B01D46DDE9229705AB06460C469E46D2
:10B42000DDF8908002F1100A9C46106851680832DD
:10B43000ACE8030052456346F6D17046102102F095
:10B4400066FF09AA2B46944605F1100E15461868AA
:10B450005968083303C573452A46F7D16046102161
:10B4600002F055FF0DAA94461E9B03F1100E1546DF
:10B4700018685968083303C573452A46F7D16046F2
:10B48000102102F044FF9DF87C30D9F800008DF8BF
:10B4900044309DF8803006218DF845309DF8843089
:10B4A00012908DF8463099F8063012A883F0080300
:10B4B000C3F3C0038DF84730B9F80430ADF84C3011
:10B4C00002F025FFBB79062183F00803C3F3C00314
:10B4D0008DF84E303B680DF14F00CDF84F30BB88F2
:10B4E00004F11007ADF8533002F011FF01AA234612
:10B4F0001546144618685968083303C4BB422246EF
:10B50000F7D11021284602F002FF4346412205A947
:10B510002846EAF79DF904461021284602F005FF67
:10B52000412105A802F001FF34B108213046FFF7A0
:10B5300028FC16B0BDE8F0874046102102F0E7FE77
:10B54000224645F213013046FFF70BFBF1E72DE9E8
:10B55000F0419CB0154608AA1C4606460B4690468C
:10B56000239F01F1200E9446186859680833ACE80F
:10B57000030073456246F6D12021404602F0C7FE23
:10B5800010AB2A469C4605F1200E1D4610685168F6
:10B59000083203C572452B46F7D16046202102F0E0
:10B5A000B6FE18AA9446229B03F1100E15461868A1
:10B5B0005968083303C573452A46F7D16046102100
:10B5C00002F0A5FE04AA2346154604F1100C144609
:10B5D00018685968083303C463452246F7D110211F
:10B5E000284602F094FE6B46502241462846EAF770
:10B5F0002FF904461021284602F097FE50214046BC
:10B6000002F093FE34B108213046FFF7BAFB1CB0BC
:10B61000BDE8F081039B38463B60042102F077FED1
:10B620006846102102F081FE224645F214013046A0
:10B63000FFF797FAEBE72DE9F3411D46089B044617
:10B640008846164690F873705BB110211046FFF7DC
:10B65000B0FA30B10821204602B0BDE8F041FFF752
:10B6600090BB236C013E691E03F1100013F8012FFB
:10B6700016F801CF834282EA0C0201F8012FF5D1BE
:10B680000023404601A90193EAF7CEF948B1019899
:10B69000F8F7D9F808212046FFF773FB02B0BDE8A0
:10B6A000F08129462846019AEAF770F80028EED181
:10B6B000022F0CBF0023062304F159022B4404F18E
:10B6C0005F0012F8016F1978904281EA060103F8D1
:10B6D000011BF6D1022F14BF0023062304F15202EE
:10B6E0002B4404F1580012F8016F1978904281EA56
:10B6F000060103F8011BF6D129462846019AEAF70C
:10B7000045F805460198002DC2D1F8F79CF82A4665
:10B7100045F210012046FFF724FABFE773B545F262
:10B720000406B142044615460DD045F21006B1425A
:10B7300022D0B1F5A04F38D1FFF747F9236CD3F8E9
:10B740005831D90720D5236CD3F85821D2070BD410
:10B75000AA7998330C3215446A1D153552F8041B2A
:10B76000AA4243F8041BF9D1216CD1F8583113F0E7
:10B7700004030CD0832104E0016CA831FFF779F9B0
:10B7800085212046FFF7D2F9002002B070BD81F874
:10B790005C31012301F1B8020093204601F1A803B6
:10B7A00001F59871FFF747FFEEE702B0BDE8704082
:10B7B000EAF760BC45F21003F0B59942044685B043
:10B7C00000F087800CD8B1F5A04F1CD045F20503DE
:10B7D00099421DD0204605B0BDE8F040EAF74ABCCA
:10B7E00045F21103994200F08D8045F2120399420F
:10B7F000F0D1036C93F85D31042B40F2B380052B3C
:10B8000003D148217BE0FFF7E0F8002005B0F0BD50
:10B810009179036C0C310A44511DB833153251F83B
:10B82000040B914243F8040BF9D1256C102205F169
:10B83000C80705F1B8063146384601F0D1FE20B9F7
:10B8400004212046FFF79DFADFE7D5F8583113F0C1
:10B85000040332D095F85D31042B13D105F1F803C0
:10B86000039305F59873029304F15303019304F1D4
:10B870005A0300933A463346204605F1D801EAF7C9
:10B88000C9FEC2E705F5A07005F1110105F15102ED
:10B8900001900BB1052B06D10023009320463346BF
:10B8A000FFF7BDFAB1E795F85C01D5F82C31C3403C
:10B8B00003F0010343F08003EFE785F85C31324683
:10B8C0000093204605F5A07305F59871FFF7B3FEC8
:10B8D0009BE7056C102205F1A80105F5A07001F0A9
:10B8E0007FFE0028ACD14B21D5F858319B0742BFD1
:10B8F00094F8743043F0020384F874302046FFF764
:10B9000015F982E7056C102205F1A80105F5A07074
:10B9100001F066FE002893D195F85D31013B022BC2
:10B920000FD895F85C310133DBB2142B85F85C310C
:10B9300007D0D5F85831432123F00103C5F8583119
:10B94000DCE705F1F803039305F59873029304F11E
:10B950005303019304F15A03009305F1C80205F162
:10B96000B80389E74921CAE7B1F5A04F70B504468D
:10B97000154607D045F20406B1420CD0BDE8704030
:10B98000EAF778BBFFF721F8236CD3F85831D907D1
:10B9900001D4002070BD236CD3F85821D20718D4ED
:10B9A000AA79A8330C3215446A1D153552F8041BC8
:10B9B000AA4243F8041BF9D1206C102200F1A8011F
:10B9C000983001F00DFE20B904212046FFF7D9F987
:10B9D000DFE7206C1021C830FFF7EBF858B10821E1
:10B9E0002046FFF7CEF940F207400021E9F702FEBA
:10B9F00040F20740CEE7216C2046C831FFF71DF822
:10BA000047212046FFF792F8C3E7B1F5A04F70B584
:10BA10000346144607D045F21806B14207D0BDE8E8
:10BA20007040EAF727BBFEF7D0FF002070BD126818
:10BA3000551C03D10121FFF7A4F9F6E7016CD1F8F9
:10BA40005801400743BF002281F85C212268C1F8F9
:10BA5000302148BFC1F82C2118464321FFF766F872
:10BA6000E3E7B1F5A04F70B51346044607D045F2A1
:10BA70000406B14207D0BDE87040EAF7FBBAFEF712
:10BA8000A4FF002070BD9979026C0C310B44591D44
:10BA9000A832153351F8040B994242F8040BF9D13E
:10BAA000256C102205F1A80105F1980001F098FD20
:10BAB00020B904212046FFF764F9E2E7204605F1AA
:10BAC000C801FEF7BAFF47212046FFF72FF8D8E755
:10BAD000B1F5A04F13B504460ED0A1F5A043103B1D
:10BAE000012B45D8016C9831FEF7C3FF4421204655
:10BAF000FFF71CF8002017E0016CD1F8583101F174
:10BB0000C80213F0040328D010211046FFF751F8A3
:10BB100060B108212046FFF734F940F207400021C8
:10BB2000E9F768FD40F2074002B010BD216C2046E5
:10BB300001F19803019391F85C21D1F82C31D340A5
:10BB400003F0010343F08003009301F1110201F1BE
:10BB5000C8035131FFF763F9CCE781F85C31012369
:10BB6000009301F1980301F59871FFF764FDC1E7B7
:10BB700002B0BDE81040EAF77DBAB1F5A04F73B549
:10BB8000044615467BD045F21B06B14240F0FA80D0
:10BB900090F87430DB076AD5056CB5F850312BB1DD
:10BBA0008921FEF7C3FF002002B070BDD5F85831DF
:10BBB0005E074BD5AB79D80748D56B7BD90745D500
:10BBC000A36C10220B2195F95E013133FCF70CF8C0
:10BBD00038B140F21B412046E9F7EEFC40F21B4031
:10BBE000E2E7A36C206C01220C2190F95E01203366
:10BBF000FBF7FAFF0028ECD1A36C206C10220D217A
:10BC000090F95E012133FBF7EFFF0028E1D1082214
:10BC1000206C114690F95E0104F11003FBF7E4FF7C
:10BC20000028D6D104F14C00FCF792FD236C93F868
:10BC30005E2184F87520FF2283F85E212046802152
:10BC4000FEF774FF2046E9F78FFCACE705F5987323
:10BC500004F1180205F5A07553F8041BAB4242F835
:10BC6000041BF9D1A36843F48073A360E6E7802145
:10BC7000FEF75CFF29462046E9F79EFC93E7036C3C
:10BC8000D3F8582112F0040245D09A79D2078AD508
:10BC90005B7BDB0787D5FBF7A5FF0228206C0ED066
:10BCA00000F59872032190F95E01E5F7EFF800289E
:10BCB0003FF479AF08212046FFF763F88EE700F5DF
:10BCC00098731022032190F95E01FBF78DFF28B1D4
:10BCD000002140F21B40E9F78DFCEBE7206C1022BD
:10BCE00000F59873052190F95E01FBF77DFF0028B0
:10BCF000EED1236C04F1180103F5987203F5A073DB
:10BD000052F8040B9A4241F8040BF9D1A36843F4AA
:10BD10008073A36047E7D3F8B810C3F8D010D3F806
:10BD2000BC100192C3F8D410006C01A900F5987002
:10BD3000E9F77AFE48B10198F7F785FD204608211A
:10BD4000FFF71FF840F207402EE7206C019A00F53C
:10BD50009871C830E9F71AFD05460198002DEBD11E
:10BD6000F7F771FD236CA07C03F598732946C0F1A9
:10BD70001002184401F05EFC216C2046B831FEF739
:10BD80005CFE10E702B0BDE87040EAF773B9B1F5A8
:10BD9000A04FF7B5044608D045F21105A94236D0A8
:10BDA00003B0BDE8F040EAF765B9006C1021B83087
:10BDB000FEF7FFFE60B108212046FEF7E2FF40F2E9
:10BDC00007400021E9F716FC40F2074003B0F0BD40
:10BDD000256C95F85D6105F1A807013E022E0197DB
:10BDE0009CBFD5F82C0195F85C6105F151019EBF0F
:10BDF000F04000F0010040F08000009005F11102D9
:10BE0000204605F1B803FFF70AF80020DEE7016CD1
:10BE1000A831FEF72EFE85212046FEF787FEF4E7C7
:10BE200070B545F20406B1420446134625D045F2EA
:10BE30001806B14206D0B1F5A04F33D1FEF7C5FDCB
:10BE4000002070BD11684D1C03D10121FEF799FF40
:10BE5000F6E7026CD2F85801400743BF002182F890
:10BE60005C111B68C2F8301120464FF0840148BFB6
:10BE7000C2F82C31FEF75AFEE2E79979026C0C31D8
:10BE80000B44591D9832153351F8040B994242F86E
:10BE9000040BF9D1226CD2F8583143F00103C2F8F7
:10BEA0005831CDE7BDE87040EAF7E4B8002310B59B
:10BEB0000364044690F97500431C13D0E5F790FB2A
:10BEC000082204F11003114694F97500FBF7BAFE3D
:10BED00094F91330012B07D194F8743043F0020326
:10BEE00084F87430002010BD022BFBD194F874301C
:10BEF00043F00A03F4E74B88062B05D10888412854
:10BF00008CBF0020012070470020704707B58B7957
:10BF10000A460B440191197C4B1E0D2B04D801F5E8
:10BF2000A0410131FEF71DFE01A801F0ECFE03B0B7
:10BF30005DF804FB002070477047704770B50446F9
:10BF40000E461546052100220420FCF7FCFD0146A3
:10BF500018B1A0F80160A0F803502046BDE8704079
:10BF6000FCF749BEF7B51D460023044600930F4673
:10BF7000164607210620BDF82430089AFCF707FE74
:10BF8000014628B1A0F80170A0F80360A0F80550A0
:10BF9000204603B0BDE8F040FCF72DBE73B5154652
:10BFA0001A460023044600930E46082005219DF8FA
:10BFB0001830FCF7ECFD014618B1A0F80160A0F8BC
:10BFC0000350204602B0BDE87040FCF714BE38B5FF
:10BFD000002204460D460A200321FCF7B4FD014669
:10BFE00008B1A0F801502046BDE83840FCF703BE78
:10BFF00070B504460E461546052100220C20FCF7BC
:10C00000A2FD014618B1A0F80160A0F80350204637
:10C01000BDE87040FCF7EFBD73B515461A46002326
:10C02000044600930E46102005219DF81830FCF7B9
:10C03000AEFD014618B1A0F80160A0F803502046FB
:10C0400002B0BDE87040FCF7D6BD73B50E460021C6
:10C0500044890546033CA4B2A342009128BF23466D
:10C0600003211220FCF793FD014608B1A0F80160FE
:10C07000284602B0BDE87040FCF7BDBD2DE9F34194
:10C080000546984683690F465869164601F0C0FE7A
:10C090006C8980B2053CA4B2844228BF0446A869DA
:10C0A0002146143002F090F8009048B10522082192
:10C0B000002002F0ADF8019030B9684601F023FE8F
:10C0C0001A2002B0BDE8F081009901A801F002FF3A
:10C0D0001620019A93790C33D118D054A8F8004057
:10C0E0002846A1F80170A1F80360FCF784FDE8E799
:10C0F00038B5002204460D4618200221FCF723FD26
:10C10000014600B145702046BDE83840FCF773BDDC
:10C1100070B5857904460C35461901F079FE625DEB
:10C12000431E013A9BB21C2A10D8DFE802F0110F1F
:10C13000160F180F290F2F0F400F400F400F330F0E
:10C14000250F0F0F390F250F3E0F3E00002070BD49
:10C15000042B14BF01200320F9E7022BF9E743B3B6
:10C160007278022A0AD0012A23D10222013B02322C
:10C17000B3FBF2F102FB1133002BEAE71022F5E7E3
:10C1800013F0030F14BF01200320E0E78BB1727896
:10C19000013BEDE76BB17278032A0AD9013BE7E76F
:10C1A000042B34BF01200320D1E7022BF9E7032041
:10C1B000CDE70120CBE74369406CDA1C1438B2FBB1
:10C1C000F0F203EBC203CA1D0333B2FBF0F2B3FB80
:10C1D000F0F30132023301EBC20100FB03107047A0
:10C1E00038B5446905462146FFF7E5FF6A6CE31D53
:10C1F000143AB3FBF2F3013304EBC304204438BD1B
:10C2000073B506460D460024F36B012201A92819D7
:10C210005B699847019B013309D10434736C62193F
:10C220005B426A401A42EFD0204602B070BD002443
:10C23000FAE770B505460C46D9F726FDEB6B2046AC
:10C24000DB68BDE87040184770B5002586B004462D
:10C250000562E369AB4202D8206A06B070BD666C25
:10C260000522206801A9E36B06FB05005B6998477E
:10C2700001A800F010FC00F033FC10B1236A013378
:10C2800023620135E5E738B50446456C006804F1E2
:10C29000400305FB0101E06B00F02FFC0546204642
:10C2A000FFF7D2FF284638BDF0B5054687B0002617
:10C2B000EC69013CB44203D80C46204607B0F0BDFF
:10C2C00001B14C1E6F6C0522286801A9EB6B07FBBE
:10C2D00004005B69984701A800F0DDFB00F000FC5A
:10C2E0000028EAD101362146E2E7F0B5044687B0DE
:10C2F000466C0D4600680522E36B01A906FB0500AC
:10C300005B69984701A800F0C6FB00F0E9FB20B18B
:10C3100001A800F097FB07B0F0BD29462046FFF7C3
:10C32000C3FF676C0646E36B206805225B6901A9C1
:10C3300007FB0600984701A800F084FB431CEAD0E5
:10C34000B54238BF0130E6E72DE9F043D0F824804C
:10C350004FF6FF7987B004460E46C84514BF4546E0
:10C3600000250027E369BB4202D807B0BDE8F0838F
:10C37000E26B01A92368606CD2F814C0052200FBAF
:10C380000530E04701A800F086FB022806D0C8452A
:10C390000CD1721C29462046FFF775FF0135E36971
:10C3A0000137B5FBF3F203FB1255DBE729462046C4
:10C3B000FFF79BFFB0F1FF3F14BF02463246013248
:10C3C000E8E70368F0B5CC1A436C87B00646002551
:10C3D000B4FBF3F4F36937685A1E706C954208D3C6
:10C3E000706C336800FB043007B0BDE8F04000F02B
:10C3F00082BB013401A9B4FBF3F203FB1244F36BDB
:10C4000005225B6900FB0470984701A800F043FB1C
:10C4100000F066FB0028E3D10135DBE710B423F020
:10C4200003049B07436C2244C3F100030A4418BF72
:10C43000043282EA0104234203D05DF8044BFFF783
:10C44000C0BF10465DF8044B70472DE9F041D0E9BC
:10C450000A3686B004469E4228D1C3691422456834
:10C4600002FB1355284606B0BDE8F081206801A9FB
:10C47000676C331AE26BB3FBF7F3D2F8148007FB57
:10C4800003000522C04701A800F005FB012804D0E5
:10C49000636C1D44013B3340ED1A31462046FFF7E3
:10C4A00090FF0646A36AB342E0D1DBE70025F9E737
:10C4B000F0B5002587B004462E46E369B34202D8A2
:10C4C000284607B0F0BD636C0522276801A903FB6D
:10C4D0000677E36B38465B69984701A800F0DBFA02
:10C4E00000F0FEFA58B1384600F005FB0146204640
:10C4F000FFF786FE636C143B834208BF01350136AB
:10C50000DBE708B508301346D1E90012EDF770F902
:10C51000012008BD13B50C46002121760093134677
:10C5200061682246EBF7EEFE18B1E37D03B1A07E11
:10C53000A075A07D02B010BD73B500F108051646C8
:10C540000C460DF107020968284600F0A1F9032EF8
:10C5500006D16368834203D12168284600F07FF941
:10C56000012002B070BDD01E009B42424241187EA5
:10C57000824211D11A688A420ED85A688A420BD375
:10C580005A6901325A61D3E9030282423FBF986877
:10C5900040F8221001321A6101207047032A10B5B9
:10C5A000029C07D1A26A5340626C5242134201D1ED
:10C5B00000F055F9012010BD08B5C3680020984768
:10C5C000BDE80840D9F768BB012870B514BF042046
:10C5D0000220002442431C70CC7D101D02F0020298
:10C5E0004CB91AB1012220F003001A7000F10803BF
:10C5F0004868184470BD1AB1012220F003001A7077
:10C600000C7E002301F12005DAB2944201D800200B
:10C61000F0E735F833205E1C824206D901EBC303F4
:10C6200000F10802D8691044E4E7801A3346EBE7CA
:10C6300073B590F8426005461C460DF10303304681
:10C64000FFF7C2FFEB6B012E5B690DD1324601A9EA
:10C6500098479DF8033013B1BDF806300193BDF83B
:10C660000430236002B070BD0122214602B0BDE853
:10C6700070401847F0B50546002487B04868EB6B5A
:10C6800027460E4601225B6902A9083002949847AA
:10C6900095F84230012B40F08480632C02D9029837
:10C6A00007B0F0BD612C08D805AB224631462846BC
:10C6B000FFF7BEFF9DF814301BB305AB2246314691
:10C6C00028468DF81070FFF7B3FF95F84230012B24
:10C6D000059B55D14FF6FF72934200F096800822D9
:10C6E00005A904A800F05EF9059B9DF81010C3F39E
:10C6F0000722914240F08980DBB2029A1A440292EA
:10C7000083E095F84230012B30D103AB224631460D
:10C710002846FFF78DFF04AB621C31462846FFF721
:10C7200087FF05ABA21C31462846FFF781FF102288
:10C7300008230DF107000DEB02018DF8073000F022
:10C7400031F9102205A90DF1070000F02BF9039B28
:10C75000DAB2002A52D19DF80720B2EB132F4DD147
:10C76000DDE9043203EB0243029347E0302C2BD97E
:10C7700044E09DF80720B2EB134F3FD1049BF3E751
:10C78000013342D0102205A90DEB020000F00AF996
:10C79000059B9DF81010C3F30742914235D19BB21F
:10C7A000ABE7312C3FF67BAF87D005AB2246314655
:10C7B0002846FFF73DFFBDF81430002B7FF47DAF16
:10C7C00095F84230012BA0D003AB224631462846D3
:10C7D000FFF72EFF04AB621C31462846FFF728FF07
:10C7E000102320220DF107000DEB03018DF8073017
:10C7F00000F0D8F8039B9AB2002ABAD095F84230DC
:10C80000012B14BF012302231C44013440E713B55C
:10C8100000240194049C0094ECF708F902B010BDC8
:10C8200013B501240194049C0094ECF7FFF802B0C6
:10C8300010BD30B5002344684FF0FF329C4202D156
:10C840000023037230BD016801EBC30541F83320BA
:10C8500001336A60F2E7C0E90012FFF7EABFF0B502
:10C86000002345689D4210D00468DF0054F833204F
:10C8700004EBC306B2F1FF3F08D0C2F313029142AA
:10C8800004D14FF0FF33E3517360F0BD0133E9E7AA
:10C89000F0B5002345689D4202D14FF0FF300EE015
:10C8A0000468DE0054F83340671C09D0C4F3130752
:10C8B000B94205D1240D1470036833445868F0BDA3
:10C8C0000133E8E713B50023044601461B220DF1AE
:10C8D00007008DF8073000F065F822689DF80730F2
:10C8E000B3EBD26F0CBF0120002002B010BD13B516
:10C8F00000230446014620220DF107008DF8073081
:10C9000000F050F80DF107001A22211D00F04AF83E
:10C9100062689DF80730B3EB926F0CBF01200020D6
:10C9200002B010BD0068431C58425841704700686F
:10C9300010F07E0F0CBFC0F3C1600020704700688C
:10C94000C0F3D3107047006800F07F0001288CBF4F
:10C95000002001207047036813F07E0F14BF0420ED
:10C9600008207047036813F07E0F03D1406820F061
:10C970007C40704713F078001CBF03F07F03D81F82
:10C980007047006800F07F007047032809D0022834
:10C9900003D1C1F10201C8B2704700290CBF0720C2
:10C9A000002070471F2A0B689EBF4FF0FF31914057
:10C9B0008B43590801F055315B1A03F033319B0862
:10C9C00003F033330B44017803EB13130A444FF0A5
:10C9D000013103F00F334B43A2EB13620270704737
:10C9E00037B501F10C04054643696946012220462A
:10C9F0009847BDF80030012201A901932046AB6998
:10CA0000984703B030BD37B501F10C0443690122EA
:10CA10006946054620469847009B4FF6FF7299B23B
:10CA200091420DD11B0C012201A920461B0443F4A5
:10CA3000254343F0A5030193AB69984703B030BD8C
:10CA40000020FBE737B5044600251B22011D0DF130
:10CA500007008DF80750FFF7A5FF60689DF80720D5
:10CA6000B2EBD06F03D120F0784003B030BD0DF1B0
:10CA700007001B2204F108018DF80750FFF792FF11
:10CA8000A0689DF80730B3EBD06F01D1C043EAE74F
:10CA90004FF0FF30E9E703684BF29A22B2EB134FF5
:10CAA00010B5044613D19BB2012B13D1FFF7CAFF77
:10CAB00001300CD0E0684FF6FF72B2EB104F4FEA36
:10CAC000104309D180B2C01A18BF012010BD2368DD
:10CAD000013303D00420F9E70220F7E70320F5E74C
:10CAE00001288CBF002001207047033801288CBF2B
:10CAF000002001207047143070472DE9F0410546B1
:10CB00009846036908460E4617469847044638B9C2
:10CB100043463A4631462846ECF746FF044618B1EC
:10CB200031462846FFF75CFF2046BDE8F081022031
:10CB30007047002070470120704700207047002098
:10CB40007047704737B504460D4601A8EEF752FF0F
:10CB500001A8FFF7F6FF204601A98DF80650EDF772
:10CB60001DF803B030BD08461146EDF7F5B8704723
:10CB7000431E012B03D9031F58425841704701201F
:10CB8000704700F0BEBB4FF4C472002100F052BDEC
:10CB900010B50446002100F085F82046BDE810409D
:10CBA000EEF766BEEEF704BAEEF708BAF8B505463A
:10CBB0000E46EDF799F8D5F8C03073B15B6963B1F3
:10CBC000F0F7A2FDD5F8C03040F26B125B6942214C
:10CBD0001B1A58425841EDF767FA00224FF6FF73CF
:10CBE0004FF0240CF768D0B2B84208D31C46214657
:10CBF0002846EDF701FA00F087FB2046F8BDB16842
:10CC00000CFB0011CC899C4202D2002CEFD02346B1
:10CC10000132E8E7EDF7F0B9008B70470A7838B5D4
:10CC200005461046FFF7A4FF60B14C782046FFF799
:10CC30009FFF38B12243530704D42846BDE838404B
:10CC4000EEF7DCB9012038BDFFF7E8BF10B50446A8
:10CC50000878FFF78DFF58B14A781046FFF788FF34
:10CC600030B1042A04D02046BDE81040EEF7FCB9EC
:10CC7000012010BDFFF7EABFEDF708BF0846EFF748
:10CC800059BBEEF783B870B504460D461646EDF76E
:10CC9000B3F930B9324629462046BDE87040F2F774
:10CCA0008FBB70BDEFF74CB8F1F79CBE38B50446AA
:10CCB00000200D4600F026FBD4F8D4302BB92946CD
:10CCC0002046BDE83840EEF79BBA022038BD38B5A3
:10CCD000044648880D4600F015FBD4F8D4302BB933
:10CCE00029462046BDE83840EEF7F4B9022038BDA9
:10CCF00000F009BB00F07CB900F00FBB38B5054669
:10CD00000C46F5F754FB2B6B1C40EB6A2343EB629C
:10CD1000F5F751FB211E18BF01210020490238BD43
:10CD2000EEF750BDEDF7BABF00F0B0B900F0D2B9E0
:10CD300008461146EFF7D6BDEEF796BB00F06CB98A
:10CD400038B50446154609B100F0E4F925B120468E
:10CD5000BDE83840EEF780BC38BD00F0E9B900F01E
:10CD6000F3B910B5044600F08BF820B92046BDE8B1
:10CD70001040EDF775BA10BD00F0D3BAF0F768BBFC
:10CD80002DE9FF41984604460E461746F5F716FB77
:10CD900005462046FFF7E5FF0A9B3A46029300232B
:10CDA0003146CDE900832046EDF7A8FA044628462F
:10CDB000F5F70AFB204604B0BDE8F08138B504461B
:10CDC000F5F7FCFA05462046FFF7CBFF2046EDF7C6
:10CDD00073FA04462846F5F7F7FAB4FA84F04009E6
:10CDE00038BD38B50446F5F7E9FA05462046FFF7A1
:10CDF000B8FF204600F053F804462846F5F7E4FA59
:10CE0000204638BD38B50446F5F7D8FA0546204621
:10CE1000FFF7A7FF204600F048F804462846F5F73C
:10CE2000D3FA204638BD70B504460E46F5F7C6FA6B
:10CE300005462046FFF795FF31462046EDF7ACFA50
:10CE400004462846F5F7C0FA204670BD134607B5DC
:10CE500000228DF807100DF10700194600F01EFAA8
:10CE600003B05DF804FB084611461A4600F016BAF6
:10CE70000020704701207047EFF798B900F0B7B96C
:10CE8000EDF728B910B5F5F799FA044600F015F852
:10CE9000EDF746F92046BDE81040F5F795BA024691
:10CEA00008B5EDF717F9507D08BD024608B5EDF756
:10CEB00011F9507D80F0010008BD00F032BAEDF7A5
:10CEC000FFBF00F06BB8437C03B1084702207047F6
:10CED00010B50446EFF7D2F82046BDE81040032114
:10CEE000EDF72EBEFFF7F4BF437C0BB1EFF78CB824
:10CEF00002207047437C0BB1EFF7AAB802207047BD
:10CF000038B5447C0D46BCB1053C012C8CBF0024D7
:10CF1000012449682246EFF7EBF8286890FAA0F060
:10CF2000000AF0F711FEA97A2889224681F0010152
:10CF3000EFF70EF9002038BD0220FCE71FB5ADF871
:10CF400008309DF81830CDE9001269468DF80A3096
:10CF5000FFF7D6FF05B05DF804FB00207047002006
:10CF6000704702210120EDF733BB7047436B03F09C
:10CF70006003402B0DD0602B03D0203B584258411A
:10CF8000704749B10B68012B06D9486940F0010090
:10CF9000704740F201107047002070470220F0F700
:10CFA000D1B9D0F8C8304BB11A68022A06D993F823
:10CFB000250028B11B6AB3FBF0F07047FFF7F2BD04
:10CFC0007047D0F8C8207AB11368022B0CD9536A85
:10CFD00013F47F4FC3F3072106D0126ADBB2534329
:10CFE0008B42B3FBF1F201D2FFF7DEBD1046704772
:10CFF0000346D0F804010860B3F8083100208B80A4
:10D00000704790F804310E2B14BF807DFF207047CD
:10D010004FF48071F3F768B9F8B507460E468D886E
:10D02000EDF7D2FF7F7C0446082F737C4FEAC505DD
:10D030001ED1012B014604D80120F1F725FE03354E
:10D0400002E00020F1F720FE03230544B371DCB1B8
:10D05000B5F5803F18D84FF22442630902FB05332F
:10D060002409B3FBF4F300203268D21A3260F8BD11
:10D07000053FFFB2012F01468CBF00200120F1F7D0
:10D0800003FE012FE0D8DAE70220F0E7084610B5EA
:10D0900010F0030411461BD13F2B15D9B3FA83F3CB
:10D0A000C3F11902D2B2062A01D8192B0ED0062AD2
:10D0B00028BF06220124931DDBB29C40A4B2A142EA
:10D0C00028BF2146EFF79AF9204610BD2246F1E726
:10D0D0000024F9E7084611F0030110B518D11388B0
:10D0E0003F2B15D9B3FA83F3C3F11904E4B2062C2C
:10D0F00001D8192B03D0062C214628BF0621012375
:10D100008C1DE4B2A3401380EFF796F9002010BD08
:10D110000120FCE7EDF710BC10B5144608460121CC
:10D12000F0F7B8FB2046BDE810400121F0F7B2BB94
:10D1300010B50A011021F3F7C3F80446F3F7DEF83F
:10D14000201E18BF012010BD1021F3F7CDB8F8B58F
:10D1500004460E461746F5F72AF93A460546314683
:10D16000204600F07CF904462846F5F724F92046CD
:10D17000F8BD0220704703207047F0F7DBB810B508
:10D18000EEF7BEFC044608B9F2F70CF9204610BDD4
:10D1900038B504461D46EEF7B3FC28B929462046AB
:10D1A000BDE83840F2F7D2B938BD8021F3F79CB81A
:10D1B00038B50546EDF7DEFC04462846EDF7B8FC29
:10D1C000072811D1D5F8C43024F47F41DB6921F060
:10D1D000080103B15B7841EA032141F020012846B0
:10D1E000BDE83840EDF7CCBC24F02001F7E7EEF7BE
:10D1F000DDBF38B5054610460C46EFF74BF865B174
:10D20000D5F8C4304BB15B693BB12268013204BF31
:10D210006FF00102226022681A60002038BD0020F1
:10D2200070472DE9F74F01251C469DF83030064622
:10D2300001930368174603F0070306339D4005F189
:10D24000FF380B46A1B1416804EA080BA5EB0B0AB5
:10D2500041F00059524509EB0B0114D952461846CA
:10D2600000F0F3F949467A1B5A44504400F0EDF9B6
:10D27000019B2BB13C4448EA050804EA0804F46029
:10D2800003B0BDE8F08F1846F0E737B50025144627
:10D290000095FFF7C6FF204603B030BD70B50E46BF
:10D2A0001546044608B9002070BD0378042B18D039
:10D2B0002078EFF71DFCB0B923780E2BF3D10EB117
:10D2C000FF233370CDB1FF232B7016E0207801309F
:10D2D000C0B203282070EBD8EFF70AFC0028F5D085
:10D2E000E6E70020F5E71EB12078EFF735FC307057
:10D2F0001DB1207800F009F828700120D4E7EEF77E
:10D30000FBBC704770477047704710F0FD0F14BFAB
:10D310004FF0FF300020C0B270477047002000215E
:10D32000704708B5F0F724F8BDE80840F0F75EB89C
:10D3300008B5F0F735F8BDE80840F0F757B810B574
:10D340000446F0F715F8844288BF01F1FF3120460A
:10D35000BDE8104001F00301F0F748B838B50446C5
:10D36000FFF7DFFF0546FFF7DCFF431BA342FAD3BD
:10D3700038BD08B521B1920000F067F9002008BD62
:10D380000120FCE70B0CB3F5384FF7B506460D4608
:10D390008FB216D04BF60102934214D04BF6020224
:10D3A000934212D0B3F5304F14BF04240324D6F8AF
:10D3B000C4300BB1196851B9D6F8C0309BB9286890
:10D3C0000FE00024F3E70124F1E70224EFE723460E
:10D3D00068463A46F0F762F89DF804300098002B52
:10D3E000EAD103B0F0BD19680029E8D023466846A9
:10D3F0003A46F0F753F89DF804300098002BDED140
:10D40000EFE700F03003202B10B513D110F4E02F1C
:10D41000C0F302440AD0C0F3C423B3FBF4F410F405
:10D42000C01F18BF6400052C0ED86408F0F7FEFA80
:10D43000604310BD6FF01204C0F382131C4104F06E
:10D440000104C4F10204F1E70424EFE74FF038438C
:10D4500059699A6903F500530A405A617047F7B554
:10D4600005460F4668461146F0F7D6FB064698B1CA
:10D4700097B1DDE900311B0A43EA0163A5FB0343D1
:10D48000090A05FB0135F0F73FF90023024629465A
:10D490002046F2F77BFF3860304603B0F0BD032032
:10D4A0007047704730B14FF47A735843A0F57A60F3
:10D4B000F1F7DEBA49F64040FAE7F2F783BAF2F73D
:10D4C00081BAF2F77FBAF2F77DBAF2F77BBA00229F
:10D4D0008A4202D14FF0FF30704750F8223093FA61
:10D4E000A3F30BB90132F3E7B3FA83F000EB421078
:10D4F00070470020704770B5A1FB02543CB9294623
:10D50000F3F720F9064628B90026304670BD0C22F4
:10D510000260F9E72A46214600F08CF8F5E72DE98C
:10D52000F8430746884614460026D4E90195B9F128
:10D53000010905D52468002CF7D13046BDE8F883F1
:10D54000AB89012B07D9B5F90E30013303D0294639
:10D550003846C04706436835E9E710B50C46B1F9CF
:10D560000E10F3F709FB0028ABBF636DA3891B18EE
:10D5700023F48053ACBF6365A38110BD2DE9F04156
:10D580001F468B8905460C46DB05164605D502234A
:10D590000022B1F90E10F3F7DDFAA3893246B4F98F
:10D5A0000E10284623F48053A3813B46BDE8F0418A
:10D5B000F3F704BB10B50C46B1F90E10F3F7CAFA35
:10D5C000431CA38915BF606523F4805343F4805343
:10D5D000A38118BFA38110BDB1F90E10F3F7AABA49
:10D5E0000139024410B5904201D1002005E00378D2
:10D5F00011F8014FA34201D0181B10BD0130F2E712
:10D60000884210B501EB020402D98442234607D8B0
:10D61000431EA14208D011F8012B03F8012FF8E7AF
:10D62000024401468A4200D110BD13F8014D02F8B0
:10D63000014DF7E702440346934200D1704703F8D7
:10D64000011BF9E77047704770470A44431E914237
:10D6500000D1704710B511F8014B914203F8014F0A
:10D66000F9D110BD9368013B002B936010B408DA28
:10D670009469A34201DB0A2903D15DF8044B00F051
:10D6800098B91368581C1060084619705DF8044B6F
:10D690007047F8B506460F461446D518AC4201D17E
:10D6A000002007E03A4614F8011B3046FFF7DAFF86
:10D6B000431CF3D1F8BD2DE9F047164698468A6819
:10D6C00007460B690C46DDF820909342B8BF13461D
:10D6D000336091F843200AB101333360236899061F
:10D6E00042BF336802333360256815F0060506D162
:10D6F00004F1190AE36832689B1AAB422BDC94F8F8
:10D7000043302268003B18BF0123920630D404F155
:10D71000430241463846C847013023D023681A34B3
:10D7200054F80A2C03F00603042B0ABF54F80E5CCD
:10D73000002533684FF0000608BFED1A54F8123C7C
:10D7400008BF25EAE5759342C4BF9B1AED18B542A0
:10D750001AD1002008E00123524641463846C84706
:10D76000013003D14FF0FF30BDE8F0870135C1E74C
:10D77000E1185A1C30200233224481F8430094F807
:10D78000451082F84310C2E701232246414638463D
:10D79000C8470130E6D00136D9E7B1F90C202DE9B0
:10D7A000F041170705460C4656D44B68002B02DCA7
:10D7B0000B6C002B3DDDE66A002E3AD0002312F4FC
:10D7C00080522F68216A2B6025D0626DA38958078B
:10D7D00005D56368D21A636B0BB1236CD21A216A28
:10D7E0000023E66A2846B047411C24D0002363602A
:10D7F00023692360A389DA0400D56065616B2F601B
:10D80000B9B104F14403994202D02846F3F70CFA67
:10D81000002363630DE001232846B047461C0246FF
:10D82000D4D12B68002BD1D01D2B01D0162B2AD19F
:10D830002F6000202EE02A68B4F90C3042B11D2A76
:10D8400001D0162A21D10023636023692360D5E724
:10D85000626022692260CEE70F69002FE9D093074A
:10D860000E680F600CBF4B690023A6EB07088B60A6
:10D87000B8F1000FDDDD43463A46216A2846A66A24
:10D88000B047002808DCB4F90C3043F040034FF0F7
:10D89000FF30A381BDE8F0810744A8EB0008E7E76B
:10D8A00038B50B6905460C4613B90025284638BD26
:10D8B00018B1036A0BB9F3F755F8B4F90C30002B23
:10D8C000F3D0626ED00704D4990502D4A06DFFF79F
:10D8D000BAFE28462146FFF760FF636E0546DA0769
:10D8E000E4D4A3899B05E1D4A06DFFF7ADFEDDE78D
:10D8F00070B50C46B1F90E1096B0154600291E46BB
:10D900000CDAA389002113F0800F14BF40234FF4D9
:10D910008063002031602B6016B070BD6A46F3F75B
:10D9200067FC0028EDDB019901F47041A1F500537B
:10D93000594259414FF48063EBE78B89F7B59D0756
:10D9400006460C4607D504F14703236023610123F3
:10D95000636103B0F0BD01AB6A46FFF7C9FF009FEA
:10D96000054630463946F2F7EDFE48B9B4F90C30B9
:10D970009A05EED423F0030343F00203A381E2E708
:10D98000A389206043F08003A381019BC4E90407BD
:10D990005BB1B4F90E103046F3F73CFC28B1A38913
:10D9A00023F0030343F00103A381A3891D43A58151
:10D9B000CFE7F8B50E461446054618B1036A0BB911
:10D9C000F2F7D0FFA369A360A3891A0701D52369E1
:10D9D00043B921462846F3F7B5FB18B14FF0FF379E
:10D9E0003846F8BD2368F6B222693746981A63694B
:10D9F000834205DC21462846FFF752FF0028EDD17F
:10DA0000A368013BA36023685A1C22601E70431C5C
:10DA100062699A4204D0A389DB07E1D50A2EDFD1DF
:10DA200021462846FFF73CFF0028D9D0D6E7C9B2E7
:10DA30000346024410B59342184601D1002003E08A
:10DA4000047801338C42F6D110BD430803F05533FE
:10DA5000C01A00F03333800800F0333018444FF020
:10DA6000013300EB101000F00F305843000E7047E8
:10DA700010B5044678B1036A41696BB18068984774
:10DA80000023207E63611028636004D82146F3F7E9
:10DA9000CDFE1123237610BD0029F1D08368002B21
:10DAA000EEDB0846F4F7B2F8EAE7002307B51A46BA
:10DAB000019101A9F3F700FD03B05DF804FB1FB568
:10DAC000002402949DF81C400194069C0094F3F7F6
:10DAD00079FC04B010BD13B507240194049C009494
:10DAE000FFF7EDFF02B010BD002307B50093FFF76D
:10DAF000F2FF03B05DF804FB03680B600160704740
:10DB00002DE9F0410E46174600240546006808B985
:10DB1000BDE8F081D0E90083B3420BD18368BB42FA
:10DB200008D154B9C5F80080C368DB0701D5F4F704
:10DB30006DF8204604464046E9E7C4F80080F3E764
:10DB4000D1E90112FFF7DCBF002370B51A46194670
:10DB500005460468F3F7B0FC0CB92C6070BDE368AF
:10DB60002668DB0702D52046F4F750F83446F3E781
:10DB70002DE9F8430E461746054610B90020BDE8CA
:10DB8000F8830468002CF9D0D4E900893B4632467A
:10DB90002946A068C8470028F1D14446F2E724206E
:10DBA000704738B5054614460A460021FFF742FD86
:10DBB00024F01C046B7944F0100443F004032C712E
:10DBC0006B7138BD2DE9F74F1F469DF830308A46FE
:10DBD00080460093002850D0002967D00C68002CA4
:10DBE00066D04FF0000BE679A179761AF6B2BE4204
:10DBF00008D30C31394408EB020945462144F61B91
:10DC0000C84537E02068A346BF1B002835D004462E
:10DC1000E9E7AB19994538BFA9EB05063246284616
:10DC2000FFF713FD009B002B3DD0E279A079F3B202
:10DC300037BB1844A071E279A37927689A4232D1A0
:10DC4000DAF80030A34208BFCAF80070BBF1000F39
:10DC500001D0CBF800702046F3F74AFE3C4635442D
:10DC60004CB10027A379E67903F10C01F61A21449F
:10DC7000F6B24D45CDD3A5EB080003B0BDE8F08F5B
:10DC8000121AD2B2F918914209DA0C302044D21B90
:10DC9000D21A014438440193FFF7B2FC019BE279A8
:10DCA000D31AE371C7E7A3462468D8E70846E4E738
:10DCB0002046E2E710B5C4790246C4F14503D8B264
:10DCC000884228BF08460444D47110BD38B50546C3
:10DCD000C079C0F14504E4B2944288BFD4B20C309C
:10DCE00022462844FFF7B1FCEB7920462344EB7130
:10DCF00038BD1FB503910021009103A9FFF762FF12
:10DD000005B05DF804FB38B50446206800B938BD9D
:10DD10000568F3F7EDFD2560F7E7034610B501F060
:10DD2000EC0103B910BD1A7902F013020A431A710B
:10DD30001A1A544254415A7964F300025A711B680A
:10DD4000EFE710B558B1016802685AB1136823B102
:10DD50005C79E40704D5002414600360084610BD14
:10DD60000360F1E71346F8E7034658B10020DA797B
:10DD700099791B68521A50FA82F01BB15A79D2076E
:10DD8000F5D57047704770B50D460446E8B1867901
:10DD90008E4203D3751A8571012070BDC27906F1D8
:10DDA00045039B1ADBB299420FD806F10C010144DE
:10DDB000921BA81BD2B20844FFF722FC0023A371D8
:10DDC000E3791D44AD1BE571E6E70020E5E710B5FA
:10DDD0000C4698B191B18979E279C379521AC3F1AD
:10DDE0004503D2B2DBB2934208D30C312144FFF792
:10DDF0006DFF2046F3F77CFD012010BD0020FCE7FD
:10DE00000346006818B102681A6000230360704777
:10DE10000346002003B97047DA7999791B68521AD2
:10DE200050FA82F0F6E72DE9F84F8946144682460B
:10DE3000FFF7EEFF05464846FFF7EAFFA542074613
:10DE400001D3A04208D2BD4208D10024A346A04677
:10DE5000264647B9384604E02746F6E738D24FF061
:10DE6000FF30BDE8F88F5EB99AF806809AF807602F
:10DE7000A6EB080608F10C08D044DAF800A0F6B2C8
:10DE8000BBF1000F0BD199F8064099F807B0ABEB46
:10DE9000040B0C344C44D9F800905FFA8BFB5E45C0
:10DEA000354628BF5D46BD4228BF3D4621462A462D
:10DEB0004046FFF795FB0028D3D1A8442C447F1B94
:10DEC000EDB2761BABEB0505F6B25FFA85FBC0E75A
:10DED0000120C6E703680BB9016070471A461B684A
:10DEE000002BFBD111607047036803B10B60016028
:10DEF000704739B10B461A461B68002BFBD10368EB
:10DF000013600160704770B5046806460D4644B161
:10DF10002046FFF77DFFA84211D8236813B9E379A3
:10DF2000A37170BD20463360F3F7E2FC3468F4E778
:10DF3000ED1A236820463360F3F7DAFC3468002DCD
:10DF4000EFD0A279E3799B1ADBB2AB42F0D92A4435
:10DF5000A271E6E7F8B5066805460C4646B13046BC
:10DF6000FFF756FFA0421DD8336813B9F379B37198
:10DF7000F8BD30462B60F3F7BBFC2E68F4E706468D
:10DF800038460768002FFAD1C2798379D31ADBB2F9
:10DF9000A34202D9121BC271EAE7E41AF3F7A8FC04
:10DFA0003EB13760002CE3D028680028E0D000267E
:10DFB000E7E72E60F6E7F8B504460F46BC4200D10D
:10DFC000F8BDA179E5796D1AEDB2C5F14506B6B295
:10DFD0000EB92468F2E749B10C312A46214404F114
:10DFE0000C00FFF70DFB0023E571A3712368BB4212
:10DFF000EFD05A79D207ECD49979DD79A0796D1AEE
:10E00000EDB2B54228BF3546E2790C3010440C31F0
:10E010002A4619442044FFF718FBE379206853FA95
:10E0200085F3E3718379761B53FA85F5C379EDB2F5
:10E03000AB42B6B2857103D103682360F3F758FC95
:10E04000002ED3D1C5E738B50C46016809B9046084
:10E0500038BD0D4609680029FBD1236823B120464D
:10E06000FFF7A9FF2C60F3E721462846FFF7AFFE34
:10E070000028EDD1F6E748B1002302794360036040
:10E0800083604379027143F00403437170470022B7
:10E090001146F3F789BC38B504460D46FFF773FE09
:10E0A00098B984B12079FFF7F2FF58B163794279CA
:10E0B000C3F3400363F3410245235D1B04604271D7
:10E0C000C371857138BD0120EDE72046FAE738B508
:10E0D000036804460D469BB11879FFF7D8FF88B155
:10E0E0002368427903605B79C3F3400363F3410221
:10E0F00045235D1B4271C37185712060002038BDCE
:10E100000120EAE71920FAE738B50C46054640B386
:10E11000006830B309B9002038BD4AB9C9B2FFF769
:10E1200032FE0028F7D12B689A799871A41A06E07C
:10E13000452918D8C9B2FFF726FE0028EBD1442C98
:10E1400007D8002CE7D02846E1B2BDE83840FFF7F9
:10E15000BEBF45212846FFF7BAFF0028DCD1453C69
:10E16000EDE72220D8E72120D6E72DE9F84390F803
:10E17000078090F806900446A8EB0907FFB2B94261
:10E180000D4602D30020BDE8F8830079FFF77FFF3A
:10E1900006460028F6D0A17980790C317F1B2944EE
:10E1A0000C30BAB221443044FFF74FFAF379012022
:10E1B0003B44F371E37999444D442368A5EB08058A
:10E1C000E57133602660DEE7F8B5076806460D4660
:10E1D0003C46002305B12CB90BB100221A60346013
:10E1E0003846F8BDE379A2799B1ADBB2AB4207D877
:10E1F000E379A2799B1ADBB2ED1A23462468E9E79A
:10E200002046E9B2FFF7B1FF0028F1D10746E7E762
:10E210005318452B02DCC9B2F3F7C6BB0020704788
:10E22000F7B5002605460F4601960DB9019C09E099
:10E23000002238461146F3F7B7FB044628B901A877
:10E24000FFF761FD204603B0F0BDAB798371EA7939
:10E25000C27168796179D21A60F3000161716979DC
:10E260006079C1F3400161F34100607103F10C007A
:10E270002918D2B22044FFF7E8F9019B03B90194B1
:10E2800006B1346026462D68CFE72DE9F8430D46E8
:10E290001446064610B319B3DAB1034699461B6813
:10E2A000002BFBD12746C8463A4629464046FFF791
:10E2B0000DFDC145A7EB0007054418BFC9F8008054
:10E2C00037B10022B1793079F3F76EFBC14618B946
:10E2D000E41B2046BDE8F8838046E5E70446F8E7FE
:10E2E0000C46F6E737B51546C9B200221C46F3F7CF
:10E2F0005BFB019040B122462946FFF7C6FF8442EE
:10E3000002D901A8FFF7FFFC019803B030BD034616
:10E3100010B501391A1A914200D810BD445C1A7820
:10E3200003F8014B42540139F4E7002301448842C9
:10E3300000D1704700F8013BF9E738B505460C46B7
:10E3400004B938BD013C55F834305B68002BF7D078
:10E350009847F5E72DE9F0410446002654F8363099
:10E360002BB904F10408B34203D100250FE00136B4
:10E37000F4E754F833205F1C12685AB158F83300A0
:10E380009047054630B139462046FFF7D6FF28466C
:10E39000BDE8F0813B46E6E770477047704770473D
:10E3A0007047F3F715BC38B50446F9F71AFB054674
:10E3B00058B9C820E1F7DAFFC82202212846E1F760
:10E3C00095FF8442A8BF044624B22046E1F7CEFF61
:10E3D000F9F707FBBDE83840C8220221E1F786BF04
:10E3E000B0F90020B1F900302DE9F0479A42044617
:10E3F0000D4648DCF3F7E2FF8046DDF7ABFC002872
:10E400003ED1E1F769FF8246F9F7EBFAC822022113
:10E41000E1F76CFF47F6FF73B5F9002081469A4299
:10E4200002D1E1F77DFF288047F6FF73B4F90020A1
:10E430009A4202D1E1F76EFF2080B5F90000FFF7A4
:10E44000B2FFB4F9003007468342C8BF2080B4F958
:10E450000000E1F76BFFDEF70DFD064658B15046B0
:10E46000E1F764FF4846E1F781FF4046F3F7ACFF70
:10E470003046BDE8F087E1F72FFF20802F80F4E7DA
:10E4800041F20C06F1E72126F2E70000000000004F
:10E49000000000000000000000000000000000007C
:10E4A000F8B500BFF8BC08BC9E467047F8B500BF81
:10E4B000F8BC08BC9E4670475FF800F0A50E00202F
:10E4C0005FF800F0FD0D00205FF800F0450D002022
:10E4D000000000000000000000000000000000003C
:10E4E000000000000000000000000000000000002C
:10E4F000000000000000000000000000000000001C
:10E50000B1230100F5230100891C03000000000075
:10E5100000000000000000000000000000000000FB
:10E520007165705F6D736D002575005B495D20003E
:10E5300042534C5F736F6674776172655F74726982
:10E540006767657265642E0A005B575D2000557031
:10E55000646174655F417373657274696F6E732E65
:10E560000A005B435D20002E2E2F5363722F6273CF
:10E570006C5F4669726D776172655F757064617416
:10E58000652E630025733A2564203A25733A2000EE
:10E5900066616C736500417373657274696F6E2098
:10E5A00027257327206661696C6564005374617464
:10E5B00075733A202573203D20307825303478203B
:10E5C00000417373657274696F6E206661696C6572
:10E5D0006400486F73745F42534C5F53746172748C
:10E5E00041707000486F73745F42534C5F4D6173AC
:10E5F00073457261736500486F73745F42534C5F7B
:10E600006C6F616450617373776F726400486F73ED
:10E61000745F42534C5F476574494400486F73749C
:10E620005F42534C5F436F6E6E656374696F6E003B
:10E630002E2E2F5363722F6273702E6300515F6F03
:10E640006E4572726F72002E2E2F5363722F62749A
:10E650005F53504335315F534D2E630042534C5F3F
:10E6600052585F6275666665725B305D203D3D2085
:10E67000756172745F6E6F4572726F720042534CB7
:10E680005F4D41585F4255464645525F53495A4592
:10E69000203E3D204D41585F5041434B45545F5310
:10E6A000495A45004E6F2053656375726974790A43
:10E6B00000556E61757468656E7469636174656434
:10E6C0002070616972696E67207769746820656E71
:10E6D0006372797074696F6E20284A75737420575D
:10E6E0006F726B73290A0041757468656E74696393
:10E6F000617465642070616972696E6720776974FE
:10E700006820656E6372797074696F6E20284C653D
:10E71000676163792050616972696E67290A0041F7
:10E72000757468656E7469636174656420536563AC
:10E7300075726520436F6E6E656374696F6E7320CA
:10E7400070616972696E67207769746820656E63AD
:10E7500072797074696F6E2028425420342E3220F2
:10E760004C45205365637572652050616972696E0E
:10E7700067290A00436F6E6E656374696F6E20438C
:10E780006C6F7365642E2E2E2E0A006D652D3E7300
:10E7900063004164766572746973696E672E2E2E0C
:10E7A0002E0A004D616E6167696E67204E657720A5
:10E7B000636F6E6E656374696F6E2E2E2E2E0A0067
:10E7C000504B3A202530366C750A00426F6E6469F2
:10E7D0006E67204661696C65642E2E2E2E0A0043FA
:10E7E0006C6F73696E6720636F6E6E656374696FBB
:10E7F0006E2E2E2E2E0A0052656D6F746520626F8C
:10E800006E64696E67207265716575737420636FDD
:10E810006E6669726D65642E0A00426F6E6465648F
:10E820002E2E2E2E0A0042534C5F52585F627566A0
:10E830006665725B305D203D3D2030783531007378
:10E8400074617469632072616E646F6D00707562CB
:10E850006C69632064657669636500537461636BFA
:10E860002076657273696F6E3A2025752E25752E98
:10E8700025750D0D0A00426C7565746F6F74682004
:10E88000257320616464726573733A2025303258B1
:10E890003A253032583A253032583A253032583AF3
:10E8A000253032583A253032580D0A00436F6E6ECB
:10E8B000656374696F6E204F70656E65642E2E2ED1
:10E8C0002E0A004E65772064657669636520636F64
:10E8D0006E6E656374696F6E2074696D6572206811
:10E8E000616C7465642E2E2E0A004E657720446597
:10E8F000766963652E0A00416C7265616479204215
:10E900006F6E6465642E0A00436F6E6E656374619A
:10E91000626C6520746F206E65772064657669632C
:10E9200065732E2E2E0A00427574746F6E73206408
:10E93000697361626C65642E0A0055706461746568
:10E9400054696D657220537461727465640A004184
:10E950006C6C2D626F6E64732064656C65746564A5
:10E960002E2E2E0A0053797374656D2072657365BF
:10E97000740A00001CEC0300AB1C03000000000044
:10E9800062745F53504335315F436865636B537402
:10E990006175730080EC0300552901004D350100BD
:10E9A000492901000000000062745F535043353173
:10E9B0005F53544152545F4150500000CCEB030070
:10E9C000353B010000000000B8EB0300CB1C030046
:10E9D0000000000062745F53504335315F50524F66
:10E9E0004752414D5F53454354494F4E000000008C
:10E9F000CCEB0300353B01000000000062745F5364
:10EA0000504335315F4D4153535F455241534500AB
:10EA1000E0EB0300C11C03000000000080EC0300D9
:10EA2000552901004D350100492901000000000071
:10EA3000F4EB0300712901000000000062745F53D1
:10EA4000504335315F554E4C4F434B0008EC0300AB
:10EA5000B51C03000000000062745F535043353161
:10EA60005F4745545F4445565F494E464F0000009E
:10EA7000A4EB0300392D01000000000062745F5315
:10EA8000504335315F53454E445F434F4E4E000077
:10EA900030EC0300A11C0300000000006CEC03003C
:10EAA000712B0100000000006CEC0300712B0100D1
:10EAB0000000000062745F53504335315F4D414E9A
:10EAC0004147494E475F434F4E4E454354494F4E91
:10EAD0000062745F53504335315F4D414E414749A9
:10EAE0004E475F434F4E4E454354494F4E5F65007E
:10EAF0006CEC0300712B01000000000062745F5396
:10EB0000504335315F4144564552544953494E476D
:10EB10000000000058EC0300812C01000000000000
:10EB200062745F53504335315F41445645525449F6
:10EB300053494E475F65000044EC0300552F010028
:10EB400065290100000000006CEC0300712B01003E
:10EB50000000000080EC03004D3501004929010050
:10EB60000000000062745F53504335315F494E49E5
:10EB70005449414C495A494E4700000094EC030067
:10EB80000000000062745F53504335315F486F737B
:10EB9000745F42534C5F77726974654D656D6F7237
:10EBA0007900000044EC030019310100392D010007
:10EBB0000000000000000000F4EB03009D300100A5
:10EBC000CB1C03000000000000000000F4EB030079
:10EBD000693B0100353B010000000000000000001F
:10EBE000F4EB030005300100C11C0300000000002D
:10EBF0000000000044EC0300D51C030000000000EE
:10EC0000000000007129010044EC0300652F0100A1
:10EC1000B51C0300000000000000000044EC0300ED
:10EC20007D290100AB1C0300000000000000000073
:10EC300044EC030045340100A11C03000000000067
:10EC400000000000000000009D1C0300552F010083
:10EC5000552901006529010080EC0300552D0100B4
:10EC6000812C0100000000000000000080EC030087
:10EC70006D350100712B0100000000000000000054
:10EC800000000000592A01004D350100000000007D
:10EC90004929010000000000A93101000000000026
:10ECA000000000000000000034120020008020203E
:10ECB000390500002B0200002B02000000000000BC
:10ECC0000000000000000000000000000000000044
:10ECD00000000000000000002B0200000000000007
:10ECE000000000002B0200002B0200002B0200009D
:10ECF000890400002B0200002B0200002B02000000
:10ED00002B0200002B0200002B020000000000007C
:10ED10002B0200002B020000000000000000000099
:10ED20002B0200002B020000590400002B020000FF
:10ED30002B0200002B0200002B0200002B0200001F
:10ED40002B02000000000000000000002B02000069
:10ED50002B02000000000000000000002B02000059
:10ED6000000000002B0200002B02000082B0274DA3
:10ED7000274C0127BE0500F010FA26480221019118
:10ED800001600097F903244A11600160234F0020BD
:10ED900038703878002812D1204600F01AFA2E6018
:10EDA000387800280BD1204600F013FA2E6038780E
:10EDB000002804D1204600F00CFA2E60E9E728462E
:10EDC00010380660203D0098C0062860204600F0FC
:10EDD00000FA1348134D144E019F144C2468144933
:10EDE0000C40A4091349621800230B60091D9142CD
:10EDF000FBD31149621800230B60091D9142FBD31C
:10EE000007602E6030BF30BF30BFFBE7B0320A4032
:10EE100000127A0000E100E080E200E00000202023
:10EE200000030B4004030B40010000E41800C44140
:10EE30000000FF030000302000002020002A49D0FD
:10EE400084468B071CD1830722D1102A08D370B4C3
:10EE5000103A78C978C0103AFBD270BC103238D062
:10EE6000042A2CD3082A05D30C2A01D308C908C0C8
:10EE700008C908C008C908C092072AD0920F22E02A
:10EE80000B780370491C401C521E22D08B07F7D10F
:10EE9000C30714D18307D8D0121F12D308C9038027
:10EEA0001B0C4380001D121FF8D20AE008C9037032
:10EEB0001B0A43701B0A83701B0AC370001D121FBC
:10EEC000F4D2121D05D00B780370491C401C521E51
:10EED000F9D160467047FEE7F0B5441C0078002386
:10EEE000082B30D02578C6070FD166782D01370959
:10EEF0007F190F253540ED1C122D0BD102256657C9
:10EF0000F5B2002E08D4E61C0CE0641C4E1C0D70FB
:10EF1000314615E0A61C06E0261DE4787F22154048
:10EF2000E20155191235094A97420ED0FC43002DD3
:10EF300005D00A5D4F1C0A706D1E3946F7E734464E
:10EF400040085B1CCCE72046C7E7F0BDFF0F000080
:10EF500010B51549154C204600F029F914492046F2
:10EF600000F05CF8134801680322D203914301606A
:10EF70000169114A0A40D0320261416915220A43EF
:10EF80002A218A4342614168012211404368934328
:10EF90005918416009490B6894021C430C600168D0
:10EFA0001143016010BDC0465205000000801040B2
:10EFB00048050000009110400000FFFF289010401D
:10EFC0000F48822101600F4941600F49016781218B
:10EFD00041670E480160212080050D4908600863E3
:10EFE0000C4801680122D3020B4303600A48016AFE
:10EFF0005205114301620168114301607047C04628
:10F00000548042408200040081000600E8804240B3
:10F01000A0320A40A0330A4028300A4070B51122BD
:10F020001302C218C4580125AC43C4500C888D7813
:10F0300025438C882C43C558084E2E40084D25404A
:10F04000AC19C4508879CB790343087A18435168C6
:10F050007E23994318400818506070BDE798FDFF63
:10F060001867000070B50A480A4C84420CD00A4D5B
:10F070000A4EB54208D02A686968501C127892007E
:10F08000A25890470835F4E700BF00BF70BDC046E6
:10F0900064050000580500007405000084050000A8
:10F0A00080B5074807494160074A5160074B5960DE
:10F0B0000749016011601960102000F08AF880BDD6
:10F0C00000080A40030000B100280A4000881040F0
:10F0D000010000260948002101600948011F0A6853
:10F0E0000323DB4313400B6001683022914301602E
:10F0F00001680F22914301607047C04608030B402E
:10F1000004010B4007480068C0B20B2809D106482B
:10F110000068064908700878222802D104480121B5
:10F120000170704720901040249110400100202071
:10F130000000202006480068022807D10548006822
:10F14000C0B2162802D10448012101707047C046A0
:10F150003011404020300A4000002020084880F351
:10F16000088800BF00BF00F03FF8002801D0FFF77B
:10F1700079FF0020FFF7FAFD012000F037F8C046C4
:10F180000080202003228058002805D0401E4A1C01
:10F1900000230B701146F7E7704780B5FFF780FF3B
:10F1A000FFF70EFFFFF796FFFFF7D2FE80BD10B509
:10F1B0000122120383180C789C604978815010BD9D
:10F1C00080B50B4603214258C11D184600F006F8D1
:10F1D00080BD801E001F00BFFCD2704780B5FFF7C6
:10F1E0002DFE80BDBAE770470120704700BFFEE7E3
:10F1F00000000000000018000000003000000800BF
:10F20000000000002D02000015050000D9040000D8
:10F210000200000001000000000100FFF0000000FB
:10F2200064050000000020206C0500000100202083
:10F230000000000078050000100000001000000031
:10F24000000000002E2E2F6170702E63004E657737
:10F250002064657669636520636F6E6E65637469AB
:10F260006F6E2077696E646F77206578706972655C
:10F27000642E2E2E0A005374696C6C2061647665CE
:10F2800072746973696E672E2E2E0A00627574742B
:10F290006F6E5F707265737365642E0A00557064DB
:10F2A0006174655F74696D65725F657870697265B8
:10F2B000642E0A0042534C5F52585F627566666561
:10F2C000725B4844525F4C454E5F434D445F425928
:10F2D000544553202B2041434B5F42595445202D28
:10F2E00020315D203D3D206542534C5F7375636363
:10F2F000657373004C65645F636F6E666967206E4B
:10F300006F74696669636174696F6E20656E6162AE
:10F310006C65642E0A004368616E676573206E6FCA
:10F3200074696669636174696F6E20656E61626C91
:10F3300065642E0A00556E6B6E6F776E2063686190
:10F3400072616374657269737469633A206E6F7475
:10F350006966795F666C61675F6368616E67650A9D
:10F36000004C25752025752025750A004C25750A49
:10F3700000556E6B6E6F776E20636F6E6669677592
:10F38000726174696F6E3A202573257525750A00C0
:10F39000556E6B6E6F776E20636861726163746522
:10F3A000726973746963203A2073656E645F6E6F6F
:10F3B00074696669636174696F6E0A00507265737F
:10F3C0007365642E0A0073656E645F6E6F746966A0
:10F3D00069636174696F6E0070617273655F646107
:10F3E0007461416E6450726F636573730061707015
:10F3F0005F70726F636573735F616374696F6E00D2
:10F400006170705F696E69740000000005000000A3
:10F4100000E000000600000000E00000425244341A
:10F4200031383341002E2E2F736C5F676174745F27
:10F43000736572766963655F6465766963655F6944
:10F440006E666F726D6174696F6E2E63004130314C
:10F4500000342E342E3600736C5F676174745F73F2
:10F460006572766963655F6465766963655F696E19
:10F47000666F726D6174696F6E5F6F6E5F657665E2
:10F480006E740000A4F403002300230060F703005F
:10F490000E000E0020F70300040004000200FFFF2E
:10F4A000FFFF0000010000000108FFFF0000000056
:10F4B000D4F60300020002000108FFFF050000006F
:10F4C00020000A0003000A000008FFFF01000000FE
:10F4D000800C002004000D000308FFFF0300000063
:10F4E00002000000050002000108FFFF0500000007
:10F4F00002000B0006000B000108FFFF01000000E6
:10F500008A0C0020070002000108FFFF0500000030
:10F510000A000C0008000C000308FFFF01000000B7
:10F52000A00C0020090000000188FFFF000000007F
:10F53000D8F603000A0002000108FFFF05000000E2
:10F54000120000800B0000805158FFFF01000000F6
:10F55000A80C00200C000D00030DFFFF03000000AD
:10F56000010100000D0002000108FFFF050000007E
:10F57000080001800E000180020DFFFF0100000065
:10F58000B20C00200F0000000108FFFF0000000087
:10F59000EAF60300100002000108FFFF050000006A
:10F5A00002000300110003000108FFFF000000003B
:10F5B000EEF60300120002000108FFFF0500000044
:10F5C00002000400130004000108FFFF0100000016
:10F5D000BC0C0020140002000108FFFF0500000021
:10F5E00002000500150005000108FFFF01000000F2
:10F5F000CA0C0020160002000108FFFF05000000F1
:10F6000002000600170006000108FFFF01000000CD
:10F61000D40C0020180002000108FFFF05000000C4
:10F6200002000700190007000108FFFF01000000A9
:10F63000E00C00201A0002000108FFFF0500000096
:10F64000020002801B0002800108FFFF0100000091
:10F65000EE0C00201C0000000108FFFF000000006D
:10F66000FCF603001D0002000108FFFF050000007A
:10F67000020008001E0008000108FFFF0000000053
:10F6800000F703001F0002000108FFFF0500000053
:10F6900002000900200009000108FFFF000000002F
:10F6A0000AF70300210000000108FFFF000000002E
:10F6B0000EF70300220002000108FFFF0500000012
:10F6C00008000380230003800208FFFF07000000FA
:10F6D00000000000020001181000A24E96114FEC2D
:10F6E000CEBDC8402D30AC4333BB02000A180C001D
:10F6F00053696C69636F6E204C616273020000187D
:10F70000080062745F535043357802000000100017
:10F71000F01921B4478FA4BFA14F63FDEED6141D8D
:10F720006C3851443A914392BD4074278956F55F35
:10F730006D3851443A914392BD4074278956F55F24
:10F740005621E4979CA1C182514E961E2CE72D8232
:10F75000636032E0375EA488534E6DFB6435BFF7BB
:10F76000002801280328292A242A272A262A232A8E
:10F77000002A012A052A2A2B292B0229050000002C
:10F780000000000000C201000002000000100000A4
:10F79000000000000000000000000000F60C002047
:10F7A000D5530100FD1F030057200300692003000B
:10F7B000F71F0300FE0C0020D5530100FD1F0300BE
:10F7C0005720030069200300F71F0300060D0020E7
:10F7D000D5530100FD1F03005720030069200300DB
:10F7E000F71F0300220D0020DF2003007D550100DC
:10F7F000A5550100012103001D210300433A2F53A9
:10F80000696C69636F6E4C6162732F53696D706CC4
:10F81000696369747953747564696F2F76352F6FD6
:10F8200066666C696E652F73646B2F6765636B6FBB
:10F830002D73646B2F6170702F626C7565746F6FC0
:10F8400074682F636F6D6D6F6E2F696E5F706C6182
:10F8500063655F6F74615F6466752F736C5F62745C
:10F860005F696E5F706C6163655F6F74615F646632
:10F87000752E630064656C61795F74696D65725F94
:10F88000636200736C5F62745F696E5F706C61636A
:10F89000655F6F74615F6466755F6F6E5F657665E7
:10F8A0006E74003F002800292000000005000000C1
:10F8B0000000000040420F000501000000000000B1
:10F8C000000000000000000013B779FAC925DDB779
:10F8D000ADF3CFE0F1B614B8010200000000000063
:10F8E000FFFFFFFF200000000100000000000000FB
:10F8F0000000000000000000000000000000000008
:10F9000000000000000000000000000000000000F7
:10F9100000000000000000001E000003A121030001
:10F920009D2103007B21030079210300455C010038
:10F93000AB210300095C01002C0000000200020161
:10F940000009007F78F903000100000F58F9030057
:10F950000000000000000000E1FE59FF8FFFADFF36
:10F96000C1FFD0FFDCFFE4FFEBFFF2FFF6FFFAFF81
:10F97000FDFF0000030005005500EDFEFF006400E0
:10F980001E0000007F001B0DD063FDFF3600B70393
:10F990004DDAFFFF1C005901EC3600001100BD00DC
:10F9A000C83B00000B00710014350000070049003F
:10F9B000352C000005003700052600000300140068
:10F9C000FF140000000000000000000000000040E4
:10F9D0000000000001000000ECF90300C00000007E
:10F9E000000000000000100020000000FFFFFFFFEB
:10F9F0000000000100000000000000000000000006
:10FA0000FFFFFFFFFFFFFFFFFFFFFFFFFFFFFFFF06
:10FA100000000000FFFFFFFFFFFFFFFFBCE6FAADA5
:10FA2000A7179E84F3B9CAC2FC6325516B17D1F2A4
:10FA3000E12C4247F8BCE6E563A440F277037D8100
:10FA40002DEB33A0F4A13945D898C2964FE342E29A
:10FA5000FE1A7F9B8EE7EB4A7C0F9E162BCE335708
:10FA60006B315ECECBB6406837BF51F5FFFFFFFF6D
:10FA70000000000100000000000000000000000085
:10FA8000FFFFFFFFFFFFFFFFFFFFFFFC5AC635D858
:10FA9000AA3A93E7B3EBBD55769886BC651D06B0D0
:10FAA000CC53B0F63BCE3C3E27D2604B6BC0BCE1A2
:10FAB0002A459991E134741A7F9E1925AE2D8A57F3
:10FAC0001E03AC9C9EB76FAC45AF8E5130C81C4630
:10FAD000A35CE411E5FBC1191A0A52EFF69F244515
:10FAE000DF4F9B17AD2B417BE66C37103FF1CAA16E
:10FAF000681FAC09120ECA307586E1A72B7E151659
:10FB000028AED2A6ABF7158809CF4F3C6C5C585491
:10FB1000801024FFFFFFFFFFFFFFFFFFFFFFFFFF3E
:10FB2000FFFFFF0000000000012000000020000097
:10FB300000000000718301000040025C0000000032
:10FB40000000001001030401010109030B00000083
:10FB50000B00000002000000000020200000000058
:10FB6000030000008C8C3C0000000000000000003E
:10FB7000000000000126000004000000000000005A
:10FB8000000100000000000001041040010000001E
:10FB90000500020000030000DCFD0300B8FD0300C7
:10FBA00054FD030074FD030004FE03009CFD0300EC
:10FBB00088FD030000000000F0FD030000000000CD
:10FBC000CCFD030000000000E0FC0300000000008A
:10FBD00068FD030039FC030028FE03003AFC030023
:10FBE00020FE03000000000018FE030000000000DB
:10FBF0004CFD030000000000B0FD03000000000009
:10FC00000000000000000000000000004E0C00009A
:10FC1000000000000000000084F403000000000069
:10FC2000000000000400000000000000E2FF50009F
:10FC3000C4D8C4D8C4D8C4D801010400FB0014142B
:10FC400000001C2030401C2000001C20304050537D
:10FC500041004B455900000101020102020301026B
:10FC6000070B0B0701160C00000108080000050136
:10FC700008FFFF02FFFF0808020204FF010022FF45
:10FC8000FFFFFFFFFF030404FFFFFFFF2AFFFF1436
:10FC900019191B011C15120400480C14010204045C
:10FCA000F4010000FA00000096000000640000006B
:10FCB0004B000000320000001E0000001400000095
:10FCC0000000000001015000400008005000240026
:10FCD00004009001500240009001AE0110000000AD
:10FCE000F11202000000000000497253144972072B
:10FCF000FF000102030405FF145300724907CDF60B
:10FD00009787030071270200AD400200958703002A
:10FD10001788030011880300394302002BA9030050
:10FD2000CB8703001388030015880300B7870300FF
:10FD30000D88030025220200D985030079230200E3
:10FD400001020C0000000400000008005D870300B1
:10FD5000000000000400000000000000000000009F
:10FD6000B1260200000000006B87030000000000C5
:10FD7000A001040156000000000000000000000087
:10FD800000000000000000000A0000000000000069
:10FD9000000000000000000000000000090000005A
:10FDA0000000000000000000000000000000000053
:10FDB00099870300000000000F0000000000000011
:10FDC000000000000000000000000000A387030006
:10FDD0000000000000000000000000000100000022
:10FDE0000000000000000000000000000000000013
:10FDF0002D29020000000000A0010107A00001045D
:10FE000002040800060000000000000000000000DE
:10FE1000312A0200152A0200B38703000000000007
:10FE2000AF87030000000000712A020000000000FC
:10FE3000A0030601A0090609A0020608A0050607FE
:10FE4000A0050606A0070605A0020604A0010610EC
:10FE5000A00A0602A00D0600000004020503060128
:10FE600007010108090A0000A0015C02A0035C016F
:10FE7000A0025C00A0020F09A0030F04A0030F035F
:10FE8000A0050F02A0010F01A0050F00A0040108AA
:10FE9000A0020105A0030106A01201002001040A2E
:10FEA0002D270200200C0403D926020020000401A3
:10FEB0000527020020025602C12702002002560137
:10FEC0009527020020010605C12C020020030A111B
:10FED0007928020020040A044528020020050A02AD
:10FEE0001528020020040A00DD27020020000F0769
:10FEF000B528020020020F0E1129020020010F0474
:10FF00009D28020020020F01F528020020000115A3
:10FF1000D929020062676170692062756666657240
:10FF20007300010002000000000000000300000058
:10FF30000D00030002000100050067617474206376
:10FF40006F6E6E656374696F6E00000000FB349B1A
:10FF50005F80000080001000000000000000000032
:10FF6000BBA60300B98D0300D5A80300A5A7030015
:10FF7000E69D350E480103CCDBFDF4AC1191F4EFA6
:10FF8000B9A5F9E9A7832C5E2CBE97F2D203B02065
:10FF9000008BD28915D08E1C742430ED8FC245633E
:10FFA000765C15525ABF9A32636DEB2A65499C8084
:10FFB000DC006C888391AAF5A53860370BDB5A60AA
:10FFC00083BE0000000100010005010005020203DC
:10FFD0000002000000000002050100050000010011
:10FFE0000100000100010202030002000000000005
:10FFF0000202010002000000E977020079720200AB
:020000024000BC
:1000000021BE03008FBD03001DB703005170020025
:100010009D6F0200F56D02007BBB0300CBB10300B6
:100020000D740200CD69020019680200D1BA030004
:1000300063BA03000BBA030069B90300B5B7030044
:1000400099650200C56302007D640200CFB1030020
:1000500025610200BF01FB9D4EF3BC36D874F53913
:100060004138684C8BD28915D08E1C742430ED8FAA
:10007000C24563765C15525ABF9A32636DEB2A65AE
:10008000499C80DCE69D350E480103CCDBFDF4ACD9
:100090001191F4EFB9A5F9E9A7832C5E2CBE97F274
:1000A000D203B0203F49F6D4A3C55F3874C9B3E387
:1000B000D2103F504AFF607BEB40B7995899B8A6E1
:1000C000CD3C1ABDA0010A05A0030A04A0080A033A
:1000D000A0070A02A0060A01A0070A00A003090659
:1000E000A0060905A0070904A0040903A005090248
:1000F000A0060901A003090002020300000000009D
:10010000CD9A0200159B0200C19A0200219B0200B9
:10011000099B020081CD0300BDCD0300E3CD0300A8
:1001200005CE030027CE0300FDAE0200B5AE0200EF
:10013000C1AE020095AF02009DCF03002FCB03009C
:1001400033CB03003FCB030037CB03003BCB030093
:100150000000000088010000E80F0020E1FE000020
:1001600002000080FF7F00000080FF7F0E025241EE
:10017000494C0000A000000059A6020050000000F9
:10018000D1A50200000000010000010100010101F1
:1001900009A90200EDA8020091DD020039E0020089
:1001A00071DF020001010203000000011F150F159D
:1001B000150F151FFFFFFFFFFFFFFFFFFFFFFFFFF3
:1001C000FFFFFFFFFFFFFFFFFFFFFFFFFFFFFFFF3F
:1001D000FFFFFFFF00A801A802A8000000B801B8B7
:1001E00002B800B0F83404001035040028350400CB
:1001F00040350400583504000304040808050000D5
:10020000000000000000000000000000B832000004
:10021000F8040000B037000004000000303E000089
:100220000300000000000000B8320000343E00006F
:1002300000000000343E000041000000000000000B
:10024000303E0000853200009D3200009D320000EB
:100250009D3200009D3200009D3200000000000031
:100260000000000000000000000000009D320000BF
:100270009D3200009D320000112B00009D320000D5
:100280003B2C00004B2C0000D12C0000192D00004D
:100290009B2D0000012F0000BB2D0000912F0000BE
:1002A000072E0000452E0000B92E0000F13000009E
:1002B000C53100000D2C0000712800002124000031
:1002C0008F280000012900009D320000D92900007C
:1002D0009D2900009D3200009D320000212A00006F
:1002E0009D3200009D3200009D320000F90F000099
:1002F000E90F0000031000000D10000017100000AF
:100300008C488068000200D4704780B5802080024D
:10031000A8490860CF2000F04BFA01BDF8B5864827
:100320000068864C802292032260854E3168090560
:100330001DD5110BA023034001D0216017E002401E
:100340003FD180277F4A17607F4A1760084038D026
:10035000784D287A400705D501207C4908600002C5
:100360007B4908602878002801D0062801DB00209E
:10037000F2BD00F057FB716889684E68297805293D
:1003800007D1B905A1606E60B668CC218901704AB9
:10039000116000F050FB012E00DA0226BC2080051F
:1003A00085490860942080058449086065480021DB
:1003B000C94301647142416481490F604021016079
:1003C000D5E7B1480160FFF79BFF0120F2BD5A4815
:1003D0000168890504D5C06E0004000F022801D011
:1003E000002070470120704738B5802455480460CC
:1003F00000F018FB05007348006800F065F928005C
:1004000000F019FBFFF77CFF4A48007A000705D58A
:10041000A0004A49086000F0E6FB31BD60039A493C
:100420000860B048046031BDFEB50500CC208001F5
:1004300096494860012696480660FFF7C8FF0028E5
:1004400077D03C4C2078002873D0310201950528E4
:1004500002D02A460A406CD1CC27BF018B4A1760D4
:10046000A14A126853075B0F022805D1022B5ED305
:10047000080137490860F7BD4D01032804D1022B5C
:1004800055D933480560F7BD042802D111404ED03C
:10049000F7BD05284BD10198002848D0C005C10FF1
:1004A000684641700198C004C10F6846017000F0B1
:1004B000B9FA0290606869464978002903D0066855
:1004C0008021214A11602C0488496A461278002A4A
:1004D0000CD0C2680B68D21AA74B1B68234001D00E
:1004E000066800E04668964200DD160068464078DF
:1004F0006A461278024308D008684242B01E82421F
:1005000002DA7042886000E00026029800F093FA58
:100510000198800501D5994804600198054001D0F3
:1005200097480460002E02D009480760F7BDFFF726
:100530005BFFF7BD343E0000400002A8402002A847
:10054000C43E00000CC001A890E001A894D000A80F
:10055000505201A838B580248A48046001204C49D3
:100560000860894D2878052802D060008749086016
:10057000FFF72DFF002812D012480068000A8021E2
:100580004140A868000EC9B2814208D256480068AE
:100590004007400F022802D2FFF726FF31BD7C48FA
:1005A0000168C0220A4002D1C06F204001D0044837
:1005B000046031BD1C1002A808E001A808D001A801
:1005C00094D001A818C000A8F1B582B00F00802611
:1005D000B600A020384002D06E48066052E000F01D
:1005E00021FA00906C480468F80202D5A0680069FE
:1005F000029000F045FBB102606800F06FF92278CC
:1006000020000021521C4378934200D2002218237C
:100610005343C5180C352B78082BF3DA14000270FD
:1006200085602878584A10703E400CD000F0FAF9E6
:10063000594909688968CE6800F0FDF9F80201D4CB
:10064000032086433100504881600126084630402F
:1006500003D100F0D2FB00F07BFFF104686900F0E9
:100660003DF93C2000F0A4F8E0B200F0A1F80098B9
:1006700000F0E1F93005474908604848066030025B
:10068000024908600298FEBD401002A84C6201A811
:1006900094E000A810B542480068800501D4FE200F
:1006A00010BDC02080033F49086000F0BBF93A4903
:1006B00009688A78D20702D589688C7800E00C78BE
:1006C00000F0B9F9200010BD334909688A688B78B9
:1006D000DB0704D5927818235A438A180C329060AD
:1006E00070470000100002A8084001A848C001A8F7
:1006F000F1B582B02C4F3C680026200F000702D1D4
:10070000E00102902AE000F023FF00F08BF9019055
:1007100080210903606800F0E1F825786D1C60789D
:10072000A84200D20025E80020180C300090006894
:100730000290802109030098406800F0CFF83D2026
:1007400000F036F8E8B200F033F825700098A060A9
:10075000019800F070F902A800F05EFF13480068ED
:10076000800407D5786901F026FC029908180290E8
:1007700000D502960298FEBD480002A8481002A8C3
:10078000482002A894E001A8343E0000506201A86D
:1007900014C001A8402002A8C83E000090E000A8B4
:1007A000400002A8401002A8CC3E0000FC0302A8B2
:1007B00041490968002901D5404908607047F3B5EF
:1007C00081B03F4FB9683F4C4A004CD50125090123
:1007D00000D5212501003C4A10685668226892061F
:1007E000920E94463A689300802213406246134367
:1007F000802252001A4300920A0023D0890601D5B4
:10080000012008E0F021014007D16946097A0C2255
:100810000A4002D0022000F03FF82C490968090480
:100820000AD53968090701D5022605E03968490368
:1008300001D5002600E003264835009A24490968BE
:10084000890003E0009A2249C96909094023194037
:1008500011439A00002E02D0164326660835216601
:10086000024322662566E06D4407640F00F0C4F879
:10087000A0070BD0052C09D0B868000406D400F0FE
:10088000D1F80221134A116000F0D5F800F0BDF84C
:10089000002000F001F8F7BD0B490A68F0239A43E5
:1008A000000110430860C0B270478020C0020A49AE
:1008B00008607047000000004C0002A8884000A8B3
:1008C000440002A8284000A8683F0000384101A861
:1008D000084001A87CD40350485000A880B55E4A67
:1008E000116001F093FBFFF7E0FF01BDFEB500F0E2
:1008F00099F8029010205949086000235848036075
:100900000220584908605848C0684005C20DD52AE1
:1009100001D2D52204E0D1204000824200D9020059
:1009200010000100514C0194883C246864011DD5DD
:100930004F4C0094251D4F4E367806277E43AA5310
:100940000024019D2D7CE540ED070CD5009D062679
:100950006643AD19AD888FB2BD4200D2290086B280
:10096000AE4200D22800641C022CEAD389B2463180
:100970000904414C0C404638C005C00D20433A499B
:100980000860C02000063D4908603848017D002904
:100990000CD03B49D52A02D98024E4050C60D1242F
:1009A0006400A24202D2802424060C601021354C3F
:1009B000216035490B604188002900D102800298EE
:1009C00000F039F8F7BD80B530483149086031484A
:1009D000C1680902090A19225143416005210160D9
:1009E000FFF784FF01BD2B480068C00300D47047A7
:1009F00080B5FFF77BFF01BD8020C002164908606B
:100A0000254800684007FBD470478020C002234976
:100A10000860704701E022490860224909680140E6
:100A2000F9D17047204800682021204A1160102128
:100A30001F4A116070473021014002D110201B492C
:100A4000086070471848006830210140102901D122
:100A50000120704700207047401002A8F41302A83C
:100A6000048002A8409002A87C400050743F00001F
:100A7000603E00005C3E00000000FF01A0600050EE
:100A8000A4500050F42302A818E000E07F1A0601E9
:100A9000500002A810E000E0400002A8402002A898
:100AA000282002A8280002A85C0002A85C2002A856
:100AB0005C1002A8FEB54E488021490281610221E6
:100AC0004C4A516000214C4A11604C4A118003216C
:100AD000484A1160022101604948046820204949C0
:100AE0000860802048490860CC20800147490860A0
:100AF0000120474908604048806F01900F26000B95
:100B00003040009043480068C505ED0D103DC02001
:100B10002843C0B2FFF74CFEE00506D5009809282F
:100B200003D001F0ABFB01F0C7F8019806403A484A
:100B30000468032E04D0022E06D10098032833D077
:100B400000F0EAF9032E04D0009806282CD1062DD7
:100B50002AD0324800680127C00B384001D001F08C
:100B60007FFD2F480068000108D5052D06D101251D
:100B70002C4807606805FFF74DFF00E000252100C5
:100B8000009800F0CBF90400274E002D05D000F0AE
:100B900067FB376002202549086078057065800989
:100BA0002349086001F04AFB124880214902C161D3
:100BB0000099002908D10221416000200E490861F6
:100BC000C020C0001B4908602000FEBD80B5FFF7B3
:100BD00013FF19480078800602D4022017490860E4
:100BE000FFF713FF01BD02201549086070470000A0
:100BF0002C1002A8282002A8340002A8703E000091
:100C0000B40002A894E001A80CC001A8506201A899
:100C100094E000A804ED00E0B44000A800E200E089
:100C2000EC3E0000645000A8646000A82C4000A8BE
:100C300080E200E02C6001A8C43E0000081002A879
:100C4000082002A87F480068800700D4704730B5AC
:100C50007D4804218C4A0123E024E4008568254076
:100C600002D01360D160D3600068044002D01360EA
:100C70005160536030BD854801218160016070473B
:100C800010B5012071498A680240FCD1804A0423D2
:100C9000D3600C680440FCD15360106010BD7D49E6
:100CA00008680122104200D1704710B5E023DB0034
:100CB0000340FF24A41CA34204D3774B1B689B066C
:100CC00000D54868024001D000F0ABF810BDFEB579
:100CD0000700C8207149086006207149086080201B
:100CE00040037049086070480168704A0A408021DA
:100CF0000901114301606E4CC020C0002060022534
:100D0000A56168036B4908606B4E6C48F0664C2027
:100D10006B49C86638686B498968814201D2019184
:100D200000E001900199401A38600121380000F07C
:100D300040FB694608703868019940183860FFF731
:100D400081FF5F4800685F4908605F4801684906A5
:100D500001D55E4900E05E4931676946097800299E
:100D600008D10321E16100683068054002D080208D
:100D70008002206168460078FEBDF8B50400554D3C
:100D80008020C0012860544801218162534A1160CB
:100D90001F2303605623436606230366504B1B68DC
:100DA000002B02D40823036643664E4B0365C02321
:100DB000DB004D4E3668F827FF01374001D18367CD
:100DC00000E05361E86B014008D0286BC00705D4F0
:100DD00046480078800701D401F0E0FC44484549CA
:100DE0000860FFF72FFF200001F084FD286B8001D1
:100DF000FCD4286AC8490860F1BD3F48012141611F
:100E0000C1603E4A3E4B5366364B13650323036075
:100E100000203C4B186011609162C8032D490860A6
:100E20007047F0210901384A1160014037480160DC
:100E3000202037490860374909680840B7490860E9
:100E4000704700004C0002A86C0102A8700102A8C3
:100E500080B5B3480821B34A13680B4001D0016143
:100E600041611178C90602D5862109010160FFF7A9
:100E700016FF1420AC490860AC480168490701D04E
:100E8000FF21416101BD0000681102A86C2102A888
:100E9000682102A8783F0000400002A8548001A801
:100EA0000C9001A8942002A8680102A8FFF1FFFF9E
:100EB000441102A8A01002A8E40002A8294E0600CE
:100EC000300002A8A03F0000FC0302A8CC3F0000B5
:100ED000C43F0000100002A8E01002A8442102A8AC
:100EE00028C000A80C1E0000A88001A83C3E0000FD
:100EF000FFFF7F7FB46000A8602102A8E02002A865
:100F00005E060000400102A82C6001A82C5001A838
:100F1000442002A8084001A870470000F8B586B038
:100F200005000C008248866AFFF77CFD0590B0053D
:100F300003D580480068FFF7C7FB0020029001221C
:100F40007306DB0F7C498E688860B82040007B4FB9
:100F500038606708B82038400978F0270F40402FE4
:100F600002D10100402008430D2D02D1310004269A
:100F70000E43710704D501001420084310218C434F
:100F8000AC4909686D462A700493019605006C4FC0
:100F9000C80506D580204000A24908602800012528
:100FA00005430498002811D10C20284008280DD0B2
:100FB00028005F49496BCA0601D410229043890674
:100FC00001D420218843B12101405AD068460078DD
:100FD000002859D0B86DC004C00C792809D38025E9
:100FE0000620534908606802A1490860002069464C
:100FF00008708120284049D008200499002900D198
:101000003862019908430190102084430420039022
:1010100000059849086040089749086001209749F1
:1010200008606846007800282ED00398062833D33D
:101030009348806BC0062FD592480068000E02903E
:101040008F480668B6B28F48006A000603D03000A9
:1010500080267601064301F060F8002809D0FB20C5
:1010600080010078C00604D030008026F6010643D7
:10107000B6B23E61301238616E480168C80587D447
:101080000AE0082039460862009531E08FA0690621
:10109000C90E405C0390C4E7009503982449CB6ACD
:1010A000784A12683D686E46B58128251D40054383
:1010B000980CC00128431D001B0E2B4010252B400F
:1010C0000343900040221040184303AA9070086B1D
:1010D000000A03A9C870FFF7DDFA03A90871029896
:1010E000487169480068C8800398F8660498F866F3
:1010F0000598FFF7A0FC0820610601D55D498860CE
:10110000624908600198C1B20098C0B2FFF757FB6E
:10111000200007B0F0BD00009C3F0000441002A872
:10112000301102A8F84F0000703F00000C4000A8EA
:10113000180002A81CC000A8683F0000B46000A806
:10114000540000AAF8B5524F524C0F2501265249BF
:10115000606BC00621D501200870504800685049D6
:101160000A68824204D289695118491C081A00E0B1
:10117000101A4C4909684018012852DB01F05EFE44
:1011800049490968090B0D40022D48D17105474AAC
:1011900011601021F963266041E0E06BC00026D5A4
:1011A00043480068E021890501403AD03E4C41485F
:1011B0000068C00504D42068000B28400228F5D040
:1011C0003D480668FFF72EFC3C49F2B20A60320443
:1011D000120E0A603202120E0A60320E0A60FFF727
:1011E0002AFC2068000B28400228DFD0F1BD344CD7
:1011F0002068002815D00E7001F07CFB002810D16B
:1012000001F01CFE28490968090B0D40022D06D18A
:101210003104264A1160022139600021216001F069
:1012200011FEF1BD1C2100AA802080042549086020
:10123000704700001C0100AA80204004214908607A
:1012400070478020C0041F49086070478020000557
:101250001C4908607047802040051A4908607047A3
:1012600019480168490701D0FF214161704700001A
:10127000141100AA401002A8205001A8006101A882
:101280001C4000A8084001A8448001A8845000A880
:10129000082002A8100002A8733E00001CC101A88B
:1012A00020C001A8DC3E0000AC0002A81C1002A86F
:1012B000204001A8084000A8904000A8640000AAAF
:1012C000483E0000382002A80C4000A80301070691
:1012D00003010706050106060501060603020706C7
:1012E000030207060502060605020606FF2807D0C8
:1012F000032805D2AC490978C140C807C00F704720
:1013000000207047F8B58020000200908E480388C6
:1013100008208E4908600A22012001249440009987
:101320000C43A249B6A5AD5C25438D60F025A04EC7
:101330003560864DB5A6B65C022737432F6004267C
:101340002E60814D9B4E3668064008D12E88F61AD5
:10135000B6B2012E03D88E6C3603F3D401E002201E
:10136000F2BD8D6CCE6C6D036D0BAE4200D200945D
:10137000521ED2D508228E4B1A60009A8A608E4A7D
:101380001268520113D58D4B5A78541C0125254003
:101390005D70140006256C431C190968A180009932
:1013A000E1801A7080490B78904018430870002043
:1013B000F2BDF1B582B0FFF75EFC00247E48006804
:1013C000400102D4012001901DE07D48826B002085
:1013D0007A49C3B206256B43CB189B8895B2AB42C2
:1013E00004D0401CC3B2022BF3D3FF2008700120AD
:1013F000019071480068400105D50878FFF776FF35
:10140000002800D001946F4800686F4988616F4DD3
:1014100002980068296D4618002E15DD00F07FFD4A
:101420002860C001301A00280EDDFFF729FC00F00B
:101430008FF802980068296D401801F05BFA0100EE
:1014400002D002990C60FEBD614F802080003860A0
:101450005D4A10680226072829D005210840052882
:1014600005D011600C2001F057FA01006AD1594DE6
:1014700059482862FFF704FC2E60E020C00257495B
:101480000860000256494860300678603E600120DE
:1014900001F042FAF0012862022001F03DFA9020AA
:1014A00040012862022001F037FA700228624D4D97
:1014B000E02040002860042001F02EFA07003BD114
:1014C00047480660B002A862C001A86210203C49EB
:1014D00008600126EE6540254348006828401BD17E
:1014E00035480068400113D53448007869460870D3
:1014F00068460078FFF7FAFE002809D02F486946B1
:101500000978062251434018C0882D49086403E039
:10151000FFF7F8FE07000FD129480660C4670220D4
:1015200001F0FAF9314C2560A8002060022001F09A
:10153000F3F98120C002A0620198002801D0FFF7D2
:1015400052FA3800FEBD0000703E0000889001A8ED
:1015500070B5FFF790FBFFF793FB02261848066073
:10156000234DF0022862C4082C62012001F0D4F956
:10157000600828622E601F482862E02040001B4956
:101580000860174D2E60FFF737FA1B4E30780028A1
:1015900000D005200C490860FFF737FA2C60174887
:1015A0000068706370BD0000843F0000448001A8A3
:1015B00088A001A8140002A8EC3E00005C3E0000D8
:1015C0000C8001A8F80302A83C0102A88C3F00008F
:1015D000941002A83C1102A8BD080000142102A822
:1015E000942002A82C9001A84C0002A82CA001A8CD
:1015F0003C2102A8FD680000603F0000300002A806
:10160000000000010102040810202000505050404A
:101610004040403020202000F8B50400FFF730FBA8
:101620002948C021C900294A1268F823DB01134068
:1016300002D1274A116000E0016000942549AC22E4
:1016400052008A640A220A602349802252030A60F7
:10165000224C626A224B13408022D2001A436262FB
:1016600080222260022242605003C8601D48E06070
:101670001D4E4C20F0661D4D68699621C901471822
:1016800000980068874200D30700C01B00990860DB
:1016900000210098FFF78DFE00990968C919009A8A
:1016A00011603168296012490968490601D511495C
:1016B00000E011492161F2BD802000010F4908605E
:1016C00000010F4908607047582102A8AC8001A8AA
:1016D000581102A80C8001A8941002A8440102A885
:1016E000FFF1FFFF286E0600300002A8903F0000C7
:1016F000FC0302A8CC3F0000C43F0000401002A839
:10170000685000A8F1B584B0BD4800680290BD489B
:10171000006B9621C90140180499884205D2081A25
:1017200001F0E8F8002800D027E2B74C6068C00755
:1017300000D522E20420B54988628003B44948629A
:10174000B44800680090606B8607B60F1025032E22
:1017500002D0AE48856222E0084669034162A26B6E
:10176000920601D5012065E0009A12060FD5A36B01
:10177000022213400BD1A84B05271F60A76B2F40F7
:101780003A431A6000221A60626B120A1A6004223D
:101790008262A06B002802D59C4841620026606BE3
:1017A000400704D5606BC0002901084003E095485C
:1017B0008068C10701D5FFF734FBC14900980522B5
:1017C0000240052A07D1BF48B2018018006AC00450
:1017D000C00C401E08600020BB4AD26E12041AD50D
:1017E000BA4A1268002A16D4012201204969002948
:1017F00011D0B7490A700021B64A1160B6498D620E
:10180000C106B64A91670722B44B1A600022B24B58
:101810001A601A46D167B249C02292000A603302A8
:10182000002801D0100000E01800AE4D28604A608A
:101830006B600020E16B942292050A40150000D0F5
:101840000125802636022843000637D0714828211A
:10185000405CC021014040290DD1FFF7B7F969482C
:10186000C06D00906846FFF732FA002876D10098E4
:10187000FFF783FA01E0FFF7B6F9202020602D067C
:1018800000D17AE1944D606B400708D5700860493B
:1018900048620220E86200F05DFA002806D00420C9
:1018A0005A49886240025A494862EE6259480078B3
:1018B000000600D461E130015449FFE00125606871
:1018C00028404BD1AE480068C005400F022803D025
:1018D000032801D0062802D169464D7005E000209A
:1018E00069464870A748A849486068044849886222
:1018F000FFF782F8E06B064006D1FFF793F802216C
:10190000A24A1160FFF797F8FFF77FF828032060DD
:101910009F4EC0200006706028049B490860606BE1
:101920004007C10F68460170E027FF02302002998E
:1019300049072FD54021A54A11624901924A1166F3
:101940000321A24A91640021116030608E484565F0
:1019500080207060062000F0DFFF002800D00CE13E
:10196000894D80204000E866022000F0D5FF8020ED
:1019700040009749886618207060082000F0CCFF6E
:101980000028EBD1242070609148C765A020C002D8
:10199000286672E0E16BC90249D5C049496809026D
:1019A000090E01914909022901DB8A4901E0B321AD
:1019B0008900019A302A3AD3124A1288E72A36D38C
:1019C00095235B009A4205D89A1A12095143890A55
:1019D0004B4204E0804BD218120951438B0A5BB290
:1019E0000199C918074A126B9446064AD26B5343B1
:1019F0006246D218034B1A639F290FD39F2110E030
:101A0000FC0302A8743F0000100002A81C2002A8DA
:101A10001C1002A8C43E0000E40000AA202900D83F
:101A200021210A020A4309041143274A1160674928
:101A3000AA020A629A4A8A6414220A6030605248F2
:101A400045656348C765A8034F49886640027060D2
:101A5000062000F061FF002831D12D064A48C566F6
:101A6000022000F059FF5A48856668097060082016
:101A700000F052FF002822D17560032000F04CFFD7
:101A800088481649886700F04AFA874D401DC00112
:101A9000296B47188548406F8021C9010840019093
:101AA000084683490860049887421ED2296B401A71
:101AB00000F020FF002817D001987E4908605CE004
:101AC000204000A80C0000AACC4001A8784201A840
:101AD000723E00006C3E00003C5000A83C6000A834
:101AE000046100A8045100A8049F206AE8620298DB
:101AF000400701D5402003E0802080047060C008CA
:101B00007060012000F008FF802040001E4908603E
:101B1000380000F0EFFE8B4E68460078002806D1B2
:101B200062480068F0618020C0038749086001981E
:101B30006049086085488649086025488021090178
:101B4000416669464978002901D104210160206A73
:101B5000686268460078002809D0012000F0DCFEA9
:101B60003078000603D58020000391490860E06BBF
:101B7000C00202D549480068286305B0F0BD0000E6
:101B8000204001A8040000FFB41002A87CE4035028
:101B9000441102A810B5FEF745FF864900240C60E9
:101BA0000A22CA61FEF747FF8348C021890201600B
:101BB00082494160824810210160C9054165402089
:101BC000804908608048047010BD0000400102A8F0
:101BD000B82002A833070000D6FEFFFF7B48406B09
:101BE000800300D47047F8B57948046800270020C6
:101BF00000257849E20706D5C02080028025ED0344
:101C0000EA0A0A6003E0A20701D403204025284322
:101C1000C862012000F080FE802040006E49086705
:101C200008206E4908606E490968090203D46D49AD
:101C300009680140FBD0012000F06EFE6A4EE0070B
:101C400002D58020800430643564042000F064FEF6
:101C5000600702D5E020C002F060644830640120D3
:101C600000F05AFE62483064C320000630645A48CF
:101C70008021490201671021B163890271615D49C8
:101C80000F60012232603022F2638F62802189016D
:101C90004E4A116009010160F1BD0000F83F0000EB
:101CA000F3070000FFFF7F7F743F000020C001A802
:101CB00094E001A894D001A8F8B54F4800680D271A
:101CC00007400424002F00D104274C481025660348
:101CD00008214B4A4B4B1B682340126814D04260CA
:101CE000394004D00220FEF7D7FD474806603C404B
:101CF00007D046480068054344480560B00842499B
:101D000008600220424915E00260394005D00220F7
:101D1000FEF7C2FDA0023C4908603C4006D03B48AB
:101D200001680D430560700937490860384806604E
:101D3000300329490860FFF751FF00210020FEF71A
:101D40003EFDF1BDC43E00001C1002A803000300CC
:101D5000482102A810B580202E490A6802400AD006
:101D60002D4B1A680624144005D15C6E2B4A224084
:101D70001B6D9C0101D5002010BD096808400DD0E5
:101D80002748824203D1180501D5012010BD2548FE
:101D90000068C107C90F481E8041C00F10BD22480E
:101DA0000321C163A82181631021016070470000F5
:101DB0001C2002A8D80000AA402002A8040000802D
:101DC000646000A82C4000A8723E0000100002A829
:101DD000FC0302A81C1102A8442002A84C6201A81E
:101DE000C44001A84C4201A8082102A82400000117
:101DF00098008800600102A8B44000A8E43E0000FA
:101E00001CC101A8440002A8401002A8683F0000BD
:101E1000685000A8400002A814C001A81F1F0000BD
:101E2000010C000030C101A8082002A86C4800681D
:101E30000121084209D16B4A12686B4B000C184013
:101E4000F03291400B40984201D0022070470020B0
:101E50007047F8B507000F386A461080604CA068DC
:101E60000A0004D16B461B8882B29A423AD2002201
:101E70006B461A80012502263A0013D022683240B0
:101E800007D000292ED059480088401C57490880A7
:101E900000203900E16056490E6080B2B84201D39B
:101EA00069460D805348456000E030BF20683040EF
:101EB00003D1FFF7BBFF0028F7D04D48456039003C
:101EC00010D02168314005D048490A886B461B88EC
:101ED000D2180A8006600020E060A068B84201D2F3
:101EE00044480660FFF7A2FFF2BD38B5050000F0D8
:101EF000A5FF0400012199204543A8093E4A126824
:101F00008018123880B2FFF7A4FF05008020C001BE
:101F10003A490860200000F095FF280032BD3348A0
:101F200003883549096802889342F9D110040818DA
:101F30007047FEB51238070C6946088000F07EFF36
:101F40000190274C294D2888B8421ADA01202C49E3
:101F50000860274E30BF02202168014006D0306063
:101F60004003264908602888401C2880FFF75EFF50
:101F7000010002D12988B942ECDB012171600028FF
:101F80000DD12888B8420AD1A068694609888842DC
:101F900005D2002168460088FFF75BFF01E0FFF7EC
:101FA00045FF04008020C00114490860019800F03A
:101FB00049FF2000FEBD10B512490A680E4B1B6890
:101FC0000C689442FAD0DB014033141A02D28869BB
:101FD0002418641C0C4800684443181B10BD000002
:101FE000280002A804ED00E0FF3F0000703E000062
:101FF000282002A8281002A8300002A880E200E0F1
:102000002C1002A820C001A8B43F0000F0B502E0E7
:102010000A601C602E607EC84F1C07D05F1C04D075
:102020006F1CF5D10A601C60F0BD0A60F0BD0000B5
:102030000006800F70479D4909684143880B70472F
:102040008A4800680104C80F70478848016809047D
:1020500007D587490A68964B1A604A6842618868C2
:10206000C860704780B5FEF7DDFC0120814908702B
:1020700081480068022808D28E480068F0210905CE
:102080000140C02080048142F2D08B480068C01C0F
:102090008A4901438A48016001BD8A48884908602D
:1020A00000208949086080218902884A11607149AD
:1020B00008707047F1B582B00F001400C006000E22
:1020C00000901038912827D2FFF7BAFF002823D0BC
:1020D000002501260298FFF7ABFF002802D0022856
:1020E00004D004E07A480068304000D00125260082
:1020F000784C38000C30FFF79EFF80192060009864
:102100003818FFF798FF80196060C020800172497D
:102110000860280371490860F7BD6D480078062102
:10212000014001D100207047B84800680228804172
:10213000C00F7047F8B56A4C634A0421C0239B0462
:10214000F0252D055B4E2069084204D0107C8006E6
:10215000C10F490020E0800720D5D068042803D2B1
:10216000306828409842F8D0107C0007000F0728FC
:1021700014D1507C022811DD907C8006800E02284C
:102180000CDBD07C009007460F4207D0C00700D57B
:102190000A21B80700D5891D002904D1FFF77DFF6A
:1021A0000020A061F1BD481CD768874203D2376880
:1021B0002F409F42F8D09648405CA061C300F821B0
:1021C000194002D08023DB04136049005160A168EC
:1021D000002932D10102F82252010A40616891427D
:1021E00000D20A0023681D1F8A498B61AA184A6120
:1021F000864A1368002B01D1BF2600E09326304B9E
:102200001D686769BF00BF0BF6193603AD05AD0D3C
:1022100035431D6080235B010B60810908D1116883
:10222000002901D1282200E019220021FFF742FFF6
:10223000207C000701D40120A060F1BD80B5FFF72C
:102240006CFF002811D01A484168002903D0724A57
:1022500011600021416007480078002805D0FFF791
:102260001CFF1C486D490160416001BD584201A836
:10227000983E0000743E0000D04000A880B5FFF7F3
:102280004CFF002811D006206549086000206549F0
:102290000860F02000016449086080204000634924
:1022A00008600C485D490160416001BDBC3E000012
:1022B000403E00000C0002A8204000A800F0FF3FB4
:1022C000544201A8FFF3FF3FC44000A84C6201A89C
:1022D000B83E00005C4201A8586201A8585201A80B
:1022E000A83E0000F0B581B00400A0031CD547480B
:1022F0000068002800D081E0474801684C4A5160DE
:10230000CAB2FF239943D30702D5EC23DB02C918D5
:1023100052080A4302600E2000F0FEFA08204549E8
:102320000860C0034449086044480168444D0904FA
:102330003FD569694161FEF775FB3D490A68531C49
:102340006A68934200D32B681E78B706BF0E5B1CE9
:10235000934200D32B68BC461E78B701FC26360199
:102360003E4067463E435B1C934200D32B68B44615
:102370001E783603FC27BF023740664637435B1C96
:10238000934200D32B68BC461E78B704FC26360463
:102390003E4067463E435B1C934200D32B681A784D
:1023A0001706FC2292053A4032430B606A61FEF741
:1023B00042FBA00727D58020C0021F490860FFF715
:1023C000ACFE00281FD0686AC0B2002802D00621E7
:1023D0001C4A1160810916D01B490A68012AFBD9E1
:1023E00049680905090D091DC900084A1268012A32
:1023F00000D14908002A03D1282202E00C208BE7F3
:102400001922FFF757FE01B0F0BD00006C3F00003D
:10241000D44000A82C4000A8EC4001A8FFFF030016
:10242000846201A8504000A80C6000A80C5000A8CD
:10243000403E0000846000A84C6201A8584201A8F8
:10244000903E0000845201A81C4000A880B5FEF711
:1024500023FA01207E49086001BD80B5EB2000F021
:1024600001F801BD30B57B490B68184010221342BA
:1024700010D0794B794C2468224008D0A94A1468BE
:102480002402FF252D022540DD62002414608022F5
:1024900052031A60086030BDF3B5010016001C003D
:1024A00000250095A048019A330000270BE0BC46A8
:1024B0004F5D4743AE009E597E40575D47433740CE
:1024C000664637436D1CA542F1D3390939438A0862
:1024D0000A43510811430840C10901430F208A0BE8
:1024E0000A4302405040F6BDF1B582B00E00002014
:1024F0008C4908608D4DEF7AA87A01900F21394000
:1025000000910ED00B468A4A8A490298FFF7C4FF11
:10251000019901408348016087484143874808404A
:1025200001D1012400E04401380915D032003B09F3
:1025300029000298009E6D7A75194019FFF7ACFFCB
:10254000019909110140774802680B0113430360A8
:10255000002901D04800444379480068204001D157
:102560000420FEBD0020FEBD80B50A0000211180C0
:10257000744952888018FFF7B7FF02BD70B50F226B
:10258000714B5C7905780F202040C5402009284018
:102590009C79C440E40701D4032070BD2F4C24680B
:1025A000A50705D59D684600AD5B6D1E674E35607D
:1025B000DD78DE79C640F00711D5E0060FD5002D95
:1025C0000DD0634848600888488008881C78001946
:1025D0002A4080185A7880182A09801800E00020C4
:1025E0000880002070BD80B55A4801685A4A08200A
:1025F000014201D050611061C90602D5862109014E
:1026000011605649564A126812040CD5554A126890
:10261000530401D5C00305E0C0239B0113404202CF
:10262000934200D008600D480078C022024002D1D9
:102630008020400508604C48006820221040086057
:102640004A480068C00101D4FFF707FF01BD000040
:102650002C4000A8703F00001C1002A8C43E0000DF
:10266000F8B5434F38687E680640424830404249DA
:1026700008608024A403414DF00228D54048016839
:10268000080606D53F480068A8600120287002208F
:1026900015E00120014202D03B49A9600FE0002073
:1026A000C9060CD52A49A960384A91780B071B0F37
:1026B00012789A1809095118A980E880A888A8807A
:1026C000A888002801D0264301E0FFF7C6FE264077
:1026D00026D0294E74603460A88800280ED0F9698D
:1026E00081420BD3291D2A48AA6890470100F3D0E4
:1026F000FEF7D2F8012027490860F1BD01000CD097
:10270000FC218902B161244902038A6134604C6072
:10271000FA69824204D30C60F1BDEB20FFF7A2FE00
:10272000F1BD00004C3E0000010101013C3F0000F2
:10273000F43E0000343F000011110000218400002D
:10274000F03E0000143F0000443F0000204000A87D
:1027500029230000F84F0000302102A8441002A8ED
:10276000384101A8204201A8084001A8CC4000A897
:10277000B44000A8FFFFDFFFB46000A8503E000097
:10278000C43E0000B03700003D230000453F00007C
:10279000D44000A82C4000A8B45000A8FEB5C0202A
:1027A000C0043649086036483649C86510243648A2
:1027B0000460102000F0B0F801005ED1FF20000599
:1027C0003249086032483349086033482D4908606F
:1027D00025042E48056031480768082000F09CF861
:1027E00001004AD108262E480660012000F094F826
:1027F0002A48806802902B4806602B4821490860CF
:1028000022480560082000F087F8010035D12448EF
:102810000660012000F080F8204DA8680190214852
:102820000660184E214830600299019800F046F881
:102830000104FC208003084000900298C10B01981D
:10284000C00B00F03BF80006FC2189050140009810
:10285000014317480A0C4240FF239B1CD21810402A
:10286000084330602F60E00308490860286828604A
:1028700010480460104981640020FEBD20E000A8DB
:10288000F71700002C0102A8401102A8B02002A8EE
:102890000000380EB01002A810103030E04001A83F
:1028A000E05001A8E06001A8303010102020202066
:1028B0003F3F0000402102A8F7FFF00010B5490497
:1028C000CA104004C310991A00209A18D30F9A18FE
:1028D000521052188B115B0E5B18DB11D21820239B
:1028E000541A01D422001843CC0F611849105B0818
:1028F000F6D110BD10B5C409FFF711FB201A31281D
:1029000006DAC000183801D4C01EFDD5002010BD65
:102910002000FFF70EFB10BDC32148436F3801D4E0
:102920001E38FDD50020704710B5C2001823134093
:10293000FF249C40E2438907090E9940030004D418
:1029400076489B089B00C01806E0B04B0007000FBC
:10295000083880088000181803681A401143016085
:1029600010BD80B57B225421002000F021FA01BD6A
:1029700010B500F063FA0121694A1160694B6A4A97
:1029800013606A4A13600323694C2360694C236017
:10299000694B1960694B196080239D4C2360D1609D
:1029A00000F050FA10BD00F049FA050000240121A2
:1029B00060B2FFF7B9FF641C0E2CF8D301210F2081
:1029C000FFF7B2FF01211120FFF7AEFF0121132015
:1029D000FFF7AAFF01211720FFF7A6FF032101201F
:1029E000C043FFF7A1FF01211B20FFF79DFF01213D
:1029F0001C20FFF799FF01211D20FFF795FF012102
:102A00001E20FFF791FF01211F20FFF78DFF6E4869
:102A10006E4908606E48C16AC162016801600220A7
:102A20006C49086001208549086047046A4C2068A9
:102A30003840FCD0FDF7C7FF280000F003FA754DC1
:102A40000AE000281BD0FDF7EDFF18E020683840B1
:102A5000FCD0300000F0F6F9206D0004000F0228D1
:102A600001D1FEF76FFB00F0E9F90600FDF7EAFF80
:102A70000028A878E5D0002801D1FDF7DCFF01206F
:102A80006978002909D12978002905D16C4909689C
:102A9000890601D44F49086030BF00216970297848
:102AA0000029D6D102214B4A116064490860CDE764
:102AB0006448016842680A40634810401A49086047
:102AC000800703D5A0480188491C0180704770B574
:102AD0005E48016840680840000E00065C4980229C
:102AE0001205104218D05B4B1C68641C1C605A4CC9
:102AF0005A4D2D682D0407D5A568002D04D0072553
:102B00000D600125A74E3560402525601B68012B0F
:102B100002D910238B62CA67886770BD00E400E0A9
:102B2000040002A80000FF3F282002A82C1002A8E1
:102B300040E002A844C002A804C001A8044001A8C3
:102B4000F8B5824C206B616B01400091964D0846B0
:102B5000286000989549014001D0FFF7C3FB802011
:102B6000009901401CD0F821C90123680B4017D0FF
:102B7000C0221201934213D880231B06EB62266801
:102B80000E40944F3F683F043F0F022F01D0032FA8
:102B900003D1002E01D09642F1D38F490B602860FB
:102BA0008E48007806280DDA0098CC218901014072
:102BB00008D000F043F904000098FDF735FC200030
:102BC00000F040F9F1BD0000FFFF9BF800E100E0DC
:102BD000E04001A85C2002A85C0002A810B5804873
:102BE000016844680C407F48046080210C4205D095
:102BF00041607D4801600020FDF716FC600403D5AC
:102C0000802040057949086010BD00001CED00E0FF
:102C1000505201A8723E000038B5754801684468FA
:102C20000C40E00707D500F009F90500FDF792FC1C
:102C3000280000F007F96F48046031BD5C1002A85D
:102C4000F40302A8280002A8FFFF00C0B44000A8B7
:102C50003C6000A86C3E00002C4000A8384101A850
:102C6000FEB5654C206C666C064001273E4216D0CE
:102C70003D0662480560206861490F60002802D067
:102C80000021FDF72BFE5F480068A021C9018842A2
:102C90008041C043C00F5C4988705C480560FDF707
:102CA000C1FE029002210E4049D06068C2B201927A
:102CB000000A009008224B4B4C03554D0020019E0A
:102CC000012E27D0022E38D1009E012E24D1EE797C
:102CD0000096504E2F780C2047430020F051287862
:102CE000400590277F04C719032038434A4F3860B6
:102CF0001C604A480460301D2B780C246343484C08
:102D00002468009FE419C45028780C23584331509C
:102D1000444811E00091DCE7002E0ED1424E3760AE
:102D20003C4E361D2D780C277D4370515C601C6035
:102D3000C8043E4B18603E4802603148016002986A
:102D4000FDF779FEF7BD0000703E00001C4201A8AF
:102D500070B5FDF767FE040000F070F82E490A68B0
:102D6000D20718D52B4A121DFA239B015D790C2638
:102D7000754356592A4D2D681E60CE689E6049687D
:102D8000D9808021C9041D4E3160197B69185B7997
:102D90000C256B43D15000F055F82000FDF74BFE99
:102DA00070BD00003C5000A84C6201A80200060063
:102DB000002800D0704710B50C00FDF733FE1D4908
:102DC0000C6001221C4B1A600B6C1340FCD1FDF708
:102DD00032FE10BDAC0002A8785201A8343E0000BB
:102DE00090C001A890E001A80CC001A804ED00E08B
:102DF00090C000A890E000A800C002A8401002A85F
:102E000040E002A8404000A8723E0000402002A816
:102E1000853E0000300000A860C101A894D001A840
:102E2000200000A8F42302A860E101A880E200E0ED
:102E3000F41302A8008002A8409002A8EFF31080CB
:102E400072B67047002800D162B6704780B5FDF7B2
:102E500031FEB348006800030AD4FEF75DF8FEF7C0
:102E6000BDFEFDF7CAFF0120FEF794FEFEF770FBE2
:102E700080208005FDF7CEFD01BD80B5FDF71AFE6F
:102E800080204002FDF7C6FD01BDF8B5FDF7B4FD99
:102E9000052098490860FDF7B8FDFDF7ECFEFDF749
:102EA00009FEA048016800919F4B406818609F4848
:102EB00001688A05D00F0022012421420FD0009220
:102EC0009B4D6E681E602E689A4B1F68BD1BBE42EC
:102ED00002D39F69ED196D1C974FBD42F5D3974DF5
:102EE0002A60002803D00098FDF76EFB0090286848
:102EF000204004D16846FDF7EAFE002802D1009880
:102F0000FDF73BFFAA4804606004FDF783FDF1BDB7
:102F100038B5A84CE06BC00506D5802000062060BF
:102F200000BF00BF40082060FDF792FFFDF7C2FD23
:102F3000FDF7F4F90500A048A0490860FFF785F8FF
:102F40008020C002FDF766FD002D01D080202060AA
:102F500001209B49087031BDF8B5FDF7ABFDFDF7C9
:102F60004BFD02249348C06B000405D4FDF75AFDC5
:102F700094490C60FDF75FFDFDF747FD1020C0434D
:102F80009149086000258B48856390480560FFF7EC
:102F9000C4F80700FB26B601002F02D0FFF762F845
:102FA00000E035602C20305C0521014002D0FDF7A7
:102FB0000DFE01E0FDF717FEF06A044002D001208B
:102FC0007C490860FFF70FFB002F01D0FFF7B2F834
:102FD00080200003FDF71EFDF1BD80B5FDF76AFD01
:102FE0004F480068000303D4FDF707FFFEF7B0FA6F
:102FF00080204003FDF70EFD01BD38B5FDF75AFDF9
:103000006C4C2025FEF7A6FE002806D0206B00079A
:1030100004D5FEF7C4FEFEF74FFB2560FDF7EDFE7D
:10302000FEF796FABD4800780C210140042902D130
:10303000FDF7CCFD01E0FDF7D6FD6804FDF7EAFCE5
:103040004020206031BD1CB5FDF7D6FC0520294984
:103050000860FDF7DAFCFDF72DFDFEF7A0FEB04895
:10306000006800906846FEF7D7FA0400FEF7EDFF0F
:10307000002C02D10098FEF745FB80204004FDF7AC
:10308000C9FC13BDF8B5FDF715FDA64C256A502007
:10309000284002D0FDF79AFD01E0FDF7A4FD454F61
:1030A000FEF758FE00281BD1786B40071DD4386B03
:1030B000E0214901014018D1A80611D4FDF79CFC7C
:1030C000256A994E354207D0FF20C0432D1825624E
:1030D0008020000595490860FDF797FC2E4002D03E
:1030E0000120386001E00020206080208004FDF78E
:1030F00091FCF1BD3C1102A880B5FDF7DBFCBC489A
:103100000068400601D5FDF778FE0120FEF742FD7C
:10311000FEF71EFA8020C004FDF77CFC01BD000014
:103120000C0002A8B83F0000483E0000400002A882
:10313000D03E000020C001A801FF00003C3E00007E
:1031400010B576480468FDF7B5FCAA49096809037B
:1031500028D40321C00601D5214001E0A008014088
:10316000012902D1FDF732FD0BE0200107D50E2029
:10317000FFF76CF9A0480421016008210160FDF708
:1031800032FD9E4C20699E490860FEF75EFF206874
:10319000002807D04000122802D2FFF7BDFB01E053
:1031A000FEF7A3FE80208003FDF734FC10BD000075
:1031B000402002A8100002A870012000B46000A8FE
:1031C000733E00007CE40350442002A84C3E000003
:1031D000F8B584B001266846067000270297FDF70F
:1031E00069FC0390834C2068000300D58FE0032026
:1031F000A449C863A4480068A44D0F210F220240CF
:10320000032A03D0000B014006294DD1A0480068D5
:10321000A0498E6DE16B890701D59E49CE6DFEF701
:10322000CAFE8619FEF779FF00280ED02879C1065C
:103230000BD02868090D4143890B76189549096818
:10324000002902D10002400C3618002E01D501974A
:1032500000E00196606B0107C80F03212A6B0A404A
:10326000022A1BD1039AD20618D5AA68D30513D512
:10327000A66B894B1E409E4203D11021814AD16327
:103280000CE092050AD4E26B2823134006D16B466A
:103290001F70264A116001E06A4617700290684666
:1032A0000678002E03D10FE07A48406D0190FEF7BA
:1032B00051FD002808D0FEF772FD0298002802D0C8
:1032C000FEF7FAF900E0002602206E490860002EA1
:1032D00010D03020285C0C210140042902D0A06BC2
:1032E000C00602D5FDF772FC01E0FDF77CFC202052
:1032F00060600CE0FDF781FD01A8FEF78DF9040088
:10330000FEF7A3FE002C02D10198FEF7FBF9802006
:103310000004FDF77FFB05B0F0BD0000EC3E0000AF
:10332000CC3F0000CC3E000000FFFF00441002A88C
:10333000FEB500240194FDF7BDFBFEF786FE574E57
:10334000F06E574D0007000F072807D1706800285E
:1033500004D40020FEF71EFC286841E00121032070
:10336000504A73685B070BD44F4B1B680B4007D068
:103370001368DF050BD55B0502D43368DB0503D486
:103380000191916A890904E01021484B1960916A02
:103390000909084000900020FEF7FCFB0098002877
:1033A00005D17068C00602D4FDF71DFC01E0FDF7F1
:1033B0000DFC00200199002903D13D480068FEF76B
:1033C000FAFD6969401801D5009400E00090684654
:1033D000FDF77DFC002805D10098FDF7CEFCA8691B
:1033E0000749086080200005FDF714FBF7BD0000C9
:1033F000440102A80C0002A880E200E0AC3F0000FB
:10340000483E0000F8B5FDF755FB0024002529488B
:10341000066B80277F05300606D5300709D5FEF7F5
:10342000BEFCFEF749F929E001251F480068284045
:1034300019D00020FEF7AEFB0220064002D01E4944
:103440000C60C8611D480468002D03D02000FDF702
:103450004FF90400FEF7A3FC2000FEF753F93800F3
:10346000FDF7D8FAF1BD16480078C0210140402987
:1034700002D1FDF7ABFB01E0FDF7B5FB20200D49C4
:103480000860ECE7082002A8AC0002A8BC3E0000DF
:103490000CC101A86C3F000010000010400002A801
:1034A000BC3F0000C43E0000B44000A8441002A885
:1034B0001CC101A8100002A8180000AAD83F0000F3
:1034C000EC3E0000FFF754FA024803494860FFF75A
:1034D0006AFA00BF672700000000000080B5EFF324
:1034E00005800B2801D23A2100E029218C225200CC
:1034F0000020FFF75DFCFEE7B83D0400000000007F
:1035000070350400010000000000000000F04902D6
:10351000B83D0400000000009435040001000000E4
:103520000000000000F04902B83D04000000000067
:10353000B8350400010000000000000000F049025E
:10354000B83D040000000000DC3504000600000067
:103550000000000000F04902B83D04000000000037
:10356000B4360400010000000000000000F0490231
:10357000D8360400809C2B8F80841E000000000041
:103580002700FF7F1C0C00200000000064410400A5
:103590000000000038380400809C2B8F80841E00BF
:1035A000000000002700FF7F1C0C0020000000002E
:1035B000644104000000000098390400809C2B8FB7
:1035C00080841E00000000002700FF7F1C0C0020EC
:1035D000000000006441040000000000F83A04000C
:1035E000809C2B8F80841E000000000022002C0194
:1035F0001C0C0020000000006441040000000000DA
:10360000F83A0400809C2B8F80841E000000230069
:103610002300B6001C0C00200000000064410400E0
:1036200000000000F83A0400809C2B8F80841E006C
:103630000000240024009D001C0C0020000000005D
:103640006441040000000000F83A0400809C2B8FC5
:1036500080841E000000250025007D001C0C002039
:10366000000000006441040000000000F83A04007B
:10367000809C2B8F80841E000000260026003A00CC
:103680001C0C002000000000644104000000000049
:10369000F83A0400809C2B8F80841E0000002700D5
:1036A00027002C011C0C00200000000064410400D5
:1036B00000000000583C0400809C2B8F80841E007A
:1036C000000000002700FF7F1C0C0020000000000D
:1036D0006441040000000000FC4F0103D43F0400DB
:1036E00010400100004100003C40010000000000CB
:1036F0004840010020070400504001000000000085
:103700005C4001000D0F000004410100FF4C00006F
:1037100020400301000000861FC0010000200000BF
:103720003840010100000000584004011800050065
:1037300040080000090000009200040080400F01D2
:103740008C002C02000000001200120000808C1976
:10375000000000000002050E1C2F435362696861DF
:103760005543320416100E0E0D0C0A080706050408
:10377000030302020201010101010100EC40010109
:1037800080B0B18CFC4003019C200B00055B608085
:103790004737414A0C410301B85512002A194929FB
:1037A0000908404028410101FFDD000038410701C0
:1037B0004CD4E83B04196F10080E141A20262C3242
:1037C000383E10325476980A1D0000007041010105
:1037D000C0030000344201010008000E484201010C
:1037E00058AA1EC078420101000000803880010103
:1037F000114910009C800301EB4002007038030067
:10380000D0000000A8800111F0010000A880013163
:10381000055AFD01AC800111F0010000AC800131BE
:10382000053EFD00E40001026C2C5111540101021F
:10383000C43F0000FFFFFFFFFC4F010324400400D2
:1038400010400100004100003C4001001000000059
:10385000484001002017040050400100010400000E
:103860005C4001000D0F00000441010003C0010095
:1038700020400301300000461FC801000020001056
:103880003840010100000000584004011800050004
:10389000400800000900000092000A0080400F016B
:1038A0008C002C0200000000120012005B808C1BB8
:1038B000000000000002050E1C2F4353626968617E
:1038C0005543320416100E0E0D0C0A0807060504A7
:1038D000030302020201010101010100EC400101A8
:1038E00080B0B18CFC4003019C200A000161208063
:1038F000B75635120C410301B8551200A01B04291C
:1039000008884040284101010000000038410701BB
:103910004CD4E83B04196F300A10161C22282E34B0
:103920003A4010325476980A1D5F80A4704101011C
:1039300000000000344201010008000E484201016D
:10394000F4811F007842010100000000388001016D
:10395000114910009C800301EB4002007038030005
:10396000D0000000A8800111F0010000A880013102
:10397000055AFD01AC800111F0010000AC8001315D
:10398000053EFD00E40001026C2C511154010102BE
:10399000C43F0000FFFFFFFFFC4F01037440040021
:1039A00010400100004100003C40010010000000F8
:1039B00048400100200704005040010000040000BE
:1039C0005C4001000D0F00000441010003C0010034
:1039D00020400301300000461FC8010000200010F5
:1039E00038400101000000005840040118000500A3
:1039F000400800000900000092000A0080400F010A
:103A00008C002C0200000000120012005B808C1B56
:103A1000000000000002050E1C2F4353626968611C
:103A20005543320416100E0E0D0C0A080706050445
:103A3000030302020201010101010100EC40010146
:103A400080B0B18CFC4003019C200A000161208001
:103A5000B75635120C410301B8551200A01B0429BA
:103A6000088840402841010100000000384107015A
:103A70004CD4E83B04196F30080E141A20262C325F
:103A8000383E10325476980A1D5F000070410101E3
:103A900000000000344201010008000E484201010C
:103AA000F4811F007842010100000000388001010C
:103AB000114910009C800301EB40020070380300A4
:103AC000D0000000A8800111F0010000A8800131A1
:103AD000055AFD01AC800111F0010000AC800131FC
:103AE000053EFD00E40001026C2C5111540101025D
:103AF000C43F0000FFFFFFFFFC4F0103C440040070
:103B000010400100014100003C40010000000000A5
:103B100048400100A00704005040010000000000E0
:103B20005C4001000000000004410100FF4C000067
:103B300020400301000000861FC00100006000005B
:103B40003840010100000040584004016402FF00B9
:103B500040080000010000009200080080400F01B2
:103B60008C000C0200000000D703220000000000BF
:103B7000000000000002050D1A2D3F5060686963C7
:103B800057463525150D09080706050504040403E5
:103B9000030303020202020201010101EC400101E0
:103BA00090382C8CFC4003019C200A00055B588057
:103BB0004737414A0C410301B85552002A19492997
:103BC000893B404028410101FFDD000038410701E9
:103BD000E853FA00000000000000000000000000B0
:103BE0000000000000000000000000007041010122
:103BF000C1030000344201010000000E48420101EF
:103C000058AA1EC07842010100000000388001015E
:103C1000114910009C80030100000000707803002F
:103C2000FFC00200A8800111F0010000A88001314E
:103C30000542CB01AC800111F0010000AC800131E4
:103C4000050A0D00E40001026C2C5111540101021F
:103C5000C43F0000FFFFFFFFFC4F010314410400BD
:103C600010400100014100003C4001000000000044
:103C700048400100A007040050400100000000007F
:103C80005C4001000000000004410100FF4C000006
:103C900020400301000000861FC0010000600000FA
:103CA000384001010000004058400401C804FF00F2
:103CB00040080000010000009200040080400F0155
:103CC0008C000C0200000000B6032200000000007F
:103CD000000000000002050E1C2F4353626968615A
:103CE0005543320416100E0E0D0C0A080706050483
:103CF000030302020201010101010100EC40010184
:103D000090E82B8CFC40030190200A00055B588052
:103D10004737414A0C410301F56252002A194929EB
:103D2000893B404028410101FFDD00003841070187
:103D3000E853FA000000000000000000000000004E
:103D400000000000000000000000000070410101C0
:103D5000C1030000344201010000000E484201018D
:103D600058AA1EC0784201010000000038800101FD
:103D7000552510009C8003010000000070780300AE
:103D8000D0000000A8800111F0010000A8800131DE
:103D90000542CB01AC800111F0010000AC80013183
:103DA000053EFD00E40001026E2C51135401010296
:103DB000C43F0200FFFFFFFF0C4001000181010032
:103DC000204002000000000001000000304003001D
:103DD0000000000000000000000000004040020061
:103DE00000000000004000006040010001010000F0
:103DF000A840010007000000BC40040000000000D3
:103E00000000000000000000000000000841030066
:103E1000FF4C0000FF4D0000FF4D000020C00110CE
:103E200000F8070020C00130F502080024C0080097
:103E300000130000EC80B38343754051A00F00488D
:103E40003040000000000000000000002E020000D2
:103E500050C00400511130040E2D09E65406070825
:103E6000D1B6020064C00A000430001C40301809BA
:103E70000D647920EBFCFB017FF6E803BD4B721566
:103E800011A3180510325476980A000000000000B3
:103E9000080001010807000018000101AAAAAA00F1
:103EA000200001010060DA001C4001011000000048
:103EB0002C4003010080000000000003000000000F
:103EC000684002012941767100000000BC400201F7
:103ED0000000000000000000E0400201330000008C
:103EE00000000000F4400201640483078813C83A0C
:103EF0002441010100000000304102016406660C0B
:103F00000C0100005441010101010000684102015F
:103F1000640483078813820030420101000000001E
:103F2000384202010000000000000000444201018C
:103F300000000000544209010000000000003C00A5
:103F40000000000000000000555555551700000006
:103F50000000000000000000AAAA06007C42020146
:103F600000000000000000001080010103000000BC
:103F70003C80010101000000B0800201000300024A
:103F80003700000198000202000C00044C00000001
:103F9000A400010200040000D0000202050040AAB3
:103FA00088010000F4000202000000003D21081119
:103FB000FC0001123F000000FC000132005404002C
:103FC000300101026000510268010102000400009A
:103FD000FFFFFFFF10000000000080000000000055
:103FE000F8410400BC410400000000008025960058
:103FF0000048E80140420F000108F5001149500255
:104000000000000066410400000000000000000005
:10401000000000003D420F00000000000000000012
:104020000000000010000000000080000000000000
:10403000F8410400C84104000000000080259600FB
:104040000048E80140420F000102F500114950020A
:1040500000000000664104000000000000000000B5
:10406000000000003D420F000000000000000000C2
:1040700000000000100000000000800000000000B0
:10408000F8410400D441040000000000802596009F
:104090000048E80140420F000108F50011495002B4
:1040A0000000000066410400000000000000000065
:1040B000000000003D420F00000000000000000072
:1040C0000000000010000000000080000000000060
:1040D000F8410400E04104000000000000478600B1
:1040E0000048E80180841E000101F50011495002DA
:1040F0000000000066410400000000000000000015
:104100000000000054841E000000000000000000B9
:10411000000000001000000000008000000000000F
:10412000F8410400EC410400000000008417430043
:104130000024F40040420F000101F5005525500312
:1041400000000000664104000000000000000000C4
:104150000000000038420F000000000000000000D6
:104160000000000003000200000000F049020614F5
:10417000000000E0930405380000A00800000000E3
:10418000580901040706100A01040707C80A0004B9
:104190000807800B00040808380C000409086108AF
:1041A00000000000680800000000C70901040403C3
:1041B0002C0B01040404920C0104050450C30000FC
:1041C000E62D0000D0070000E5BF0000102700002A
:1041D000C2010000F5DA0200102700002C010000E7
:1041E00050C3000050140000FA00000050C300004B
:1041F000FC210000B3010000193F0106041001007A
:104200000001010600102700000C00000000000063
:104210000000232D302B2000686C4C00656667453C
:10422000464700303132333435363738394142432E
:1042300044454600303132333435363738396162DF
:10424000636465660062675F6D65737361676520AF
:104250007265636569766572730062676275660090
:1042600061636C006C6C5F636F6E6E656374696F25
:104270006E006C6C5F6164765F736574006761707B
:104280005F636F6E74657874006C6C5F76616C69E7
:104290006461746F72006D6573685F70726F765FD2
:1042A00064620062675F6D65737361676500736F59
:1042B00066745F74696D65725F6D65737361676560
:1042C00000666F756E646174696F6E5F636D640024
:1042D0006C6C5F6164765F73796E63006C6C5F73A6
:1042E00063616E5F73796E63006761705F706572A2
:1042F000696F6469635F616476006761705F7065B0
:1043000072696F6469635F73796E63006C326361B5
:10431000705F636F635F6368616E6E656C006D658F
:1043200073685F70726F765F64625F6170706B65F7
:1043300079006D626564746C735F636F6E74657829
:10434000740000005A420400604204006442040009
:10435000724204007D420400894204009642040037
:10436000A3420400AE420400C1420400D042040053
:10437000DC420400E9420400FA4204000C43040059
:104380001E4304003243040062676275665F696E13
:104390000062676275665F6F75740062676275665A
:1043A0005F6E6F666C6F770062675F6D616C6C6FDC
:0443B00063000000A6
:0843B4004CDFFC7F010000005A
:0C43BC00C8430400C00A002019010000E2
:1043C800BCEC0300ACEC03002C1300202C130020E1
:1043D8000200000055490100CCF70300B4F70300C0
:1043E8009CF70300E8030000C0EA2101C0EA2101AC
:1043F8000080000000F04902E82D0020000B00209A
:104408000040070000A0000034170020C80000008A
:10441800FE000000000000001CF90300280F002027
:10442800A0000000898D010035D60300200000009F
:104438000000000000000000000000000000000074
:1044480000000000592D02000000000000000000DC
:1044580000000000210C0200000000000000000025
:1044680000000000F116020000000000000000003B
:104478000000000009260200000000000000000003
:1044880000000000A787030000000000B92902000F
:104498000000000000000000000000006929020080
:1044A800000000000000000000000000A92A02002F
:1044B800000000000000000061340200000000005D
:1044C80000FFFFFFFF000000BFA70300C3A7030012
:1044D800C7A70300CBA70300FFFFFFFF6FCB0300B5
:1044E80050010400FFFFFFFF5C0104005FCF0300E1
:1044F8005BCF0300FFFFFFFF6BCF0300FFFFFFFF52
:104508001DD3030073D30300FFFFFFFFFFFFFFFF6F
:10451800FFFFFFFFFFFFFFFF23270000FFFFFFFF55
:1045280000000000000000000300000074290020C3
:10453800340C00200000000074290020DC29002031
:10454800442A0020000000000000000000000000D5
:104558000000000000000000000000000000000053
:104568000000000000000000000000000000000043
:104578000000000000000000000000000000000033
:1045880020000400000000000000020010000000ED
:104598000000000000000000000000000000000013
:1045A8000A00010000000000120004000000303082
:1045B80030300800030000005030300002000800CE
:1045C800000030303030303030300200030000005E
:1045D80030303000020005000000302E302E300050
:1045E80002000800000000000000000000000200B7
:1045F80001000000000000000000000002000000B0
:104608000000010202000000000001000200FFFF9C
:10461800FFFF0400080702001700FFFF0E0000005C
:104628000000010101011F04010101BF8FAF7F8755
:1046380000370F10100004040F05140A0301FF0EC1
:10464800FF0F7F0082B030BF074BD3F8F030DB0795
:1046580004D500230193019B052B01DD02B07047AF
:10466800019B0133F6E700BF00ED00E0F0B5114A09
:10467800114C124E00F00105E3695F0713D40DB920
:10468800334213D103EA00078F4207D10B4A1A407D
:10469800002A0CBF00206FF00100F0BD013AEBD1F9
:1046A8006FF00200F9E74FF0FF30F6E76FF0010016
:1046B800F3E700BF80969800000003500200010055
:1046C8000B4B70B5D96911F480310DD101244FF429
:1046D8008072084E084DF46020462C641A61FFF77A
:1046E800C5FF3464EC6070BD6FF00100FBE700BFEC
:1046F8000000035000100350002003504FF4003214
:1047080038B50F4B0F4C9A6641F671330122E569B3
:10471800E3630D4B0021DA600223606121202361ED
:1047280005F48035FFF7A2FF10B92120FFF79EFF9F
:104738000122064BDA600DB10023E36338BD00BFE8
:104748000090005000000350001003500020035058
:1047580070B5134C6061E3695B071ED40E4656F8CA
:10476800043B8D18A361AE420BD104230021212004
:104778002361FFF77BFF58B9BDE870402120FFF7A0
:1047880075BF08210846FFF771FF10B104232361A4
:1047980070BD56F8043BA361E5E74FF0FF30F7E73B
:1047A800000003502DE9F84315464FF40032184B2A
:1047B80089469A6641F6713203F51C33DF69DA637C
:1047C8000122064603F58053DFF84C8007F4803752
:1047D800DA6055B9284601220E4BDA601FB1002273
:1047E800A3F50053DA63BDE8F88306F5005404EA3C
:1047F8000804A41BAC4228BF2C4649462246304632
:10480800FFF7A6FF0028E6D12644A1442D1BE0E7C8
:10481800009000500020035000E0FFFFDD2201005F
:04482800B5220100B4
:04000003100051D1C7
:00000001FF
