S00F000062745F73706335782E733337BD
S214012000C00A0020D15101005F1F03005F1F0300BB
S214012010093203005F1F03005F1F03005F1F0300F9
S2140120205F1F03005F1F03005F1F03005F1F0300A6
S2140120305F1F0300C8F80300F11C03005F1F0300C5
S2140120405F1F03005F1F03005F1F03005F1F030086
S2140120505F1F03005F1F03005F1F03005F1F030076
S2140120605F1F03005F1F03005F1F03005F1F030066
S21401207065A601005F1F03005F1F03005F1F0300CB
S2140120805F1F03005F1F03005F1F03005F1F030046
S2140120905F1F0300F55901005F1F03005F1F030068
S2140120A05F1F0300D15B0100AD5B01005F1F0300F2
S2140120B05F1F03008DF702005F1F0300D5010300B9
S2140120C0BFD40300BBD40300C5F90200CBD4030080
S2140120D0C3D40300AD010300C7D4030015020300F7
S2140120E0A5DB020069DD0200850203005F1F030015
S2140120F05F1F03005F1F03005F1F03005F1F0300D6
S2140121005F1F03005F1F03005F1F03005F1F0300C5
S2140121105F1F03005F1F03005F1F03005F1F0300B5
S2140121205F1F03005F1F03005F1F03005F1F0300A5
S2140121305F1F03005F1F030089490100BF1D0300E5
S214012140013800D0FCE77047002370B5404C0546C7
S2140121508AB0E36318B1008823600DF0DDFE3D48C8
S2140121602AF00FFD3C4E3D4B304633603C4B7360CE
S21401217025F0A5FB0021304617F0E2FC32A3D3E997
S2140121800023A062C4E9062325F0A4FBD4E90623B4
S21401219019431043C4E90601CDE900014FF0FF33AE
S2140121A04FF0FF32A06A2AF067FD02224FF0FF319E
S2140121B0A06A2AF066FD01200DF02EFC4FF4007394
S2140121C000222849A06A2AF0AFFDB0F5007F38D179
S2140121D000239422CDE9073309933C23CDE903324A
S2140121E005939623A06A03A9069317F0C7FD35B396
S2140121F0287C0EF001F80546F0B9A06A2AF072FEB6
S2140122000DF0A8FF0DF0EAFB20B14FF4807000211D
S2140122100BF054FB0DF0F2FB20B14FF400600021EF
S2140122200BF04CFB25F020FC012017F0DDFC0E4ADC
S2140122300E49A06A25F041FB28460AB070BDFF2072
S214012240D7E70725F8E700BF0DD5015520000000A8
S214012250980F0020690345ECD02300209DF801006B
S214012260E0230020D021002063780300A378030038
S2140122700348044B834202D0034B03B1184770470F
S214012280240F0020240F002000000000064B074901
S214012290C91A891048BF0131491003D0044B0BB14C
S2140122A001481847704700BF240F0020240F002064
S2140122B00000000010B5064C237843B9FFF7D8FF9D
S2140122C0044B13B10448AFF300800123237010BD03
S2140122D0822B002000000000B443040008B5054B23
S2140122E01BB105490548AFF30080BDE80840FFF77C
S2140122F0CDBF00BF00000000F8110020B443040069
S214012300A3F5803A704700BF174B002B08BF134B4D
S2140123109D46FFF7F5FF00218B460F461348144AEA
S214012320121A2BF087F90E4B002B00D098470D4B55
S214012330002B00D098470020002104000D000D4816
S214012340002802D00C48AFF300801EF049FC2000A4
S21401235029001FF0C1FC1EF0B1F900BF0000080003
S2140123600000000000000000C00A0020240F00202A
S214012370E42D0020000000000000000070B50446B7
S2140123800D4621B94FF41671084800F0A9FA0E4619
S214012390062056F8043F33B906288ABFA3682B687F
S2140123A01B68636070BD20469847F2E720E503008E
S2140123B038B5036804462BB183681BB145680B4AE0
S2140123C0954203D0C8210A4800F08AFA984708289F
S2140123D001D0D221F7E7A3681B6863602046A16895
S2140123E0FFF7CCFF0728F9D838BD00BF0CE503007E
S2140123F020E503002DE9FF4104460F46456801B17B
S21401240025B94FF496712F4800F06AFA2E463946E0
S214012410204673689847012824D83668002EF6D1DE
S21401242004B0BDE8F081EB680BB1204698472D68F3
S21401243020E0906828B104A800EB830040F8102C37
S214012440013312681FE05DF8253020469B689847E7
S214012450013D1DE0062023E0EB680BB120469847BE
S2140124602D6825E00628DBD909281BD1D4F8088079
S21401247067686560B542D6D141462046FFF77EFFC4
S2140124803A46002361688A4201D0042BD1D15D1EF1
S2140124906B1CD8D13B696760002BDBD02046984780
S2140124A065682E4600270628BAD9D4F80880A760A2
S2140124B0AE42D1D141462046FFF760FF65682E4601
S2140124C0F1E700BF20E50300024B0360024BC0E9C1
S2140124D00131704700E503000CE503000122014BC2
S2140124E01A707047842B002010B522210B481EF06D
S2140124F051FA032002F046FC70B1094C09492068E4
S21401250020F0FCFC1FF0B2FC1FF0B1FC206806496D
S214012510BDE8104020F0F2BC10BD00BF28E5030066
S214012520A81300202BE5030030E503000246002334
S2140125304FF0FF3070B5084E994200D870BDD45C9C
S2140125406040082440F300053540013C85EA500010
S214012550F8D10133F0E700BF2083B8ED802337B50B
S2140125601E4C0121204623701223002500F8033F4C
S2140125706170A570FFF7DAFF0822606021462846E1
S21401258020F071FC164D286010B3164C16492068D1
S21401259020F0B4FC1549206820F0B0FC1FF066FC62
S2140125A01FF065FC124B134A009313494823206819
S2140125B020F0A4FC11492B68114A206820F09EFCEB
S2140125C0286802F025FC0F49206820F097FCFEE7FA
S2140125D002220D4B1A7003B030BD00BF0F2C002035
S2140125E010120020A813002074E8030062E503001F
S2140125F01CE6030067E5030084E50300ACE5030081
S2140126008FE70300C1E50300832B0020802337B545
S2140126101E4C0121204623701923002500F8033F94
S2140126206170A570FFF782FF082260602146284688
S21401263020F019FC164D286010B3164C1649206878
S21401264020F05CFC1549206820F058FC1FF00EFCB9
S2140126501FF00DFC124B134A0093134966232068A2
S21401266020F04CFC11492B68114A206820F046FCEA
S214012670286802F0CDFB0F49206820F03FFCFEE7FA
S21401268002220D4B1A7003B030BD00BF0F2C002084
S21401269010120020A813002074E8030062E503006E
S2140126A00DE6030067E5030084E50300ACE50300DF
S2140126B08FE70300C1E50300832B0020802337B595
S2140126C0224C002223702123A2706370E37000F174
S2140126D02002231D50F8041B904243F8041BF9D135
S2140126E021211B48FFF722FF28226062174900209C
S2140126F020F0B9FB174D286010B3174C1749206816
S21401270020F0FCFB1649206820F0F8FB1FF0AEFB1A
S2140127101FF0ADFB134B144A009314499023206815
S21401272020F0ECFB12492B68124A206820F0E6FBE9
S214012730286802F06DFB1049206820F0DFFBFEE7F9
S21401274002220E4B1A7003B030BD00BF0F2C0020C2
S214012750122C002010120020A813002074E8030099
S21401276062E50300F7E5030067E5030084E503007F
S214012770ACE503008FE70300C1E50300832B0020CF
S214012780802337B51E4C01212046237015230025D2
S21401279000F8033F6170A570FFF7C8FE082260606D
S2140127A02146284620F05FFB164D286010B3164CD4
S2140127B01649206820F0A2FB1549206820F09EFBF0
S2140127C01FF054FB1FF053FB124B134A009313499F
S2140127D0B323206820F092FB11492B68114A206828
S2140127E020F08CFB286802F013FB0F49206820F0CC
S2140127F085FBFEE702220D4B1A7003B030BD00BF09
S2140128000F2C002010120020A813002074E80300EB
S21401281062E50300E4E5030067E5030084E50300E1
S214012820ACE503008FE70300C1E50300832B00201E
S214012830802337B51E4C01212046237040230025F6
S21401284000F8033F6170A570FFF770FE0822606014
S2140128502146284620F007FB164D286018B3164C73
S2140128601649206820F04AFB1549206820F046FBEF
S2140128701FF0FCFA1FF0FBFA124B134A00931349A0
S2140128804FF48D73206820F039FB11492B68114AEB
S214012890206820F033FB286802F0BAFA0E49206857
S2140128A020F02CFBFEE702220C4B1A7003B030BD61
S2140128B00F2C002010120020A813002074E803003B
S2140128C062E50300D2E5030067E5030084E5030043
S2140128D0ACE503008FE70300C1E50300832B00206E
S2140128E00D4C07B50D49206820F008FB0C492068FF
S2140128F020F004FB1FF0BAFA1FF0B9FA094B0A4A96
S2140129000A49009320680E2320F0F8FA084A09497C
S214012910206820F0F3FAFEE7A813002074E803000D
S21401292062E503003DE6030030E6030084E50300AC
S21401293090E5030096E50300FF230374014B8360D3
S214012940082070477CEB0300014B8360082070472A
S21401295048EB03000022024B05201A70704700BFA7
S214012960832B0020014B83600820704790EA030008
S214012970014B83600820704710EA03000B6813B50B
S214012980052B26D0062B4AD1264B1B78DBB1264CCD
S2140129902649206820F0B2FA2549206820F0AEFAD0
S2140129A01FF064FA1FF063FA224B234A009323496F
S2140129B040F21133206820F0A1FA214A214920680B
S2140129C020F09CFAFEE7032202201F4B1A7002B089
S2140129D010BD144B1D4ADB89872B13801BD8124C64
S2140129E01249206820F08AFA1149206820F086FAF8
S2140129F01FF03CFA1FF03BFA0E4B0F4A00930F49AB
S214012A0040F21E33206820F079FA114A0D492068F9
S214012A1020F074FAFEE70F4B83600720D7E700200B
S214012A20D5E700BF852B0020A813002074E803001B
S214012A3062E5030058EA030047E6030084E5030065
S214012A405CE6030096E50300832B0020282B00207C
S214012A507DE603004CEA03000B683A4A10B5934240
S214012A605BD007D8052B68D0A2F57C0293420DD027
S214012A70002010BD344A9342FAD1344B1B68DB7AEE
S214012A80032B05D8DFE803F00619293901F0C4FC49
S214012A900220EEE7032002F075F90028F8D02C4C4E
S214012AA02C49206820F02AFA1FF0E0F91FF0DFF920
S214012AB02949206820F022FAEAE7032002F062F9A9
S214012AC00028E5D0224C2349206820F017FA1FF091
S214012AD0CDF91FF0CCF92149EBE7032002F052F9BA
S214012AE00028D5D01A4C1B49206820F007FA1FF0A1
S214012AF0BDF91FF0BCF91A49DBE7032002F042F9E1
S214012B000028C5D0124C1349206820F0F7F91FF0B1
S214012B10ADF91FF0ACF91349CBE7032002F032F907
S214012B200028B5D00A4C0B49206820F0E7F91FF0C1
S214012B309DF91FF09CF90C49BBE70C4B83600720FD
S214012B4097E700BFA0000601A0000602B812002009
S214012B50A81300202BE50300A4E60300B1E603005A
S214012B60E7E603001FE7030074E7030038EB030002
S214012B7037B504460021012010F02AFBE06018B3A7
S214012B80334D3449286820F0B9F93349286820F0D4
S214012B90B5F91FF06BF91FF06AF9304B304A009314
S214012BA030494FF4C073286820F0A8F92E49E3682D
S214012BB02E4A286820F0A2F9E06802F029F92C498B
S214012BC0286820F09BF9FEE70221207C10F064FAC9
S214012BD0E06018B31E4D1F49286820F08FF91E4982
S214012BE0286820F08BF91FF041F91FF040F91B4BC4
S214012BF01B4A00931B494FF4C273286820F07EF9E4
S214012C001949E368194A286820F078F9E06802F063
S214012C10FFF81749286820F071F9FEE7032002F053
S214012C20B1F860B10A4C1349206820F067F91FF02B
S214012C301DF91FF01CF91049206820F05FF90F48B4
S214012C401FF009FA02F044F8042003B030BD00BFBB
S214012C50A813002074E8030062E5030020EB0300DC
S214012C6047E6030084E50300ACE503008BE70300B9
S214012C70C1E503002BE5030092E70300CCF7030050
S214012C8037B50546032002F07DF860B11E4C1F499A
S214012C90206820F033F91FF0E9F81FF0E8F81C4926
S214012CA0206820F02BF902F02FF81A4B1B68187BCE
S214012CB010F0A2FAE86018B3134C1749206820F008
S214012CC01DF91649206820F019F91FF0CFF81FF0FA
S214012CD0CEF8134B134A009313494FF4127320682E
S214012CE020F00CF91149EB68114A206820F006F92A
S214012CF0E86802F08DF80F49206820F0FFF8FEE73B
S214012D00042003B030BD00BFA81300202BE503004C
S214012D10A3E70300B812002074E8030062E503008D
S214012D20D1EA030047E6030084E50300ACE50300AF
S214012D308BE70300C1E5030008B5BB2103481DF07E
S214012D4029FE0122024B04201A7008BD28E5030063
S214012D50832B002037B50B686A4A044693425AD043
S214012D600BD802F17C42934238D002F14072934272
S214012D7000F0B580002003B030BD634A9342F9D11C
S214012D80624B01211B68187910F048FAE0600028B0
S214012D9000F092805E4D5F49286820F0AFF85E49EA
S214012DA0286820F0ABF81FF061F81FF060F85B4B65
S214012DB05B4A00935B4940F27223286820F09EF834
S214012DC05949E368594A286820F098F8E06802F003
S214012DD01FF85749286820F091F8FEE7032001F014
S214012DE0D1FF4A4C78B14A4D5249286820F086F8FE
S214012DF01FF03CF81FF03BF823684F49D3F8052035
S214012E00286820F07BF823684B48D3F805101DF09E
S214012E10C1FD0220AFE73D4B1B68187910F050F951
S214012E20E06018B33A4D3B49286820F067F83A4904
S214012E30286820F063F81FF019F81FF018F8374BD0
S214012E40374A0093374940F25E23286820F056F847
S214012E503549E368354A286820F050F8E06801F003
S214012E60D7FF3349286820F049F8FEE7032001F030
S214012E7089FF60B1264D2F49286820F03FF81EF0E3
S214012E80F5FF1EF0F4FF2D49286820F037F80320DF
S214012E9001F078FF60B11E4D2649286820F02EF813
S214012EA01EF0E4FF1EF0E3FF2549286820F026F80F
S214012EB0244B0720A3605EE7032001F063FF002890
S214012EC0A7D0134C1B49206820F018F81EF0CEFF3F
S214012ED01EF0CDFF1C49206820F010F899E703206A
S214012EE001F050FF60B10A4D1249286820F006F83B
S214012EF01EF0BCFF1EF0BBFF144928681FF0FEFF42
S214012F00134BD6E7A0000F04A0000F09B81200204B
S214012F10A813002074E8030062E50300B4EA030086
S214012F2047E6030084E50300ACE503008BE70300F6
S214012F30C1E503002BE50300C0E70300CBE7030070
S214012F40DFE70300A8EA0300F7E703001AE8030037
S214012F509CEA030008B502481FF0B8F8042008BD33
S214012F60E4F703000B6813B5052B26D0062B2ED1EC
S214012F70184B1B78DBB1184C184920681FF0BEFFB0
S214012F80174920681FF0BAFF1EF070FF1EF06FFF92
S214012F90144B154A0093154940F2493320681FF037
S214012FA0ADFF134A134920681FF0A8FFFEE704226D
S214012FB00220114B1A7002B010BD064B0F4A197948
S214012FC00F4B002908BF134683600720F3E7002054
S214012FD0F1E700BF852B0020A813002074E803004A
S214012FE062E503003CEA030047E6030084E50300CC
S214012FF05CE6030096E50300832B002030EA03001D
S2140130001CEA03000B6813B5052B26D0062B2DD121
S214013010174B1B78DBB1174C174920681FF06EFF62
S214013020164920681FF06AFF1EF020FF1EF01FFFE2
S214013030134B144A0093144940F2B23320681FF030
S2140130405DFF124A124920681FF058FFFEE705226D
S2140130500220104B1A7002B010BD00230D4A80F8F2
S214013060203013700C4B83600720F4E70020F2E752
S214013070852B0020A813002074E8030062E50300F6
S214013080FCE9030047E6030084E503005CE6030071
S21401309096E50300832B0020F0E903000B6813B5C7
S2140130A0062B23D1124B1B78DBB1124C1249206838
S2140130B01FF024FF114920681FF020FF1EF0D6FEE6
S2140130C01EF0D5FE0E4B0F4A00930F4940F24C43BB
S2140130D020681FF013FF0D4A0D4920681FF00EFFF0
S2140130E0FEE70C4B8360072002B010BD0020FBE713
S2140130F0852B0020A813002074E8030062E5030076
S214013100A8E9030047E6030084E503005CE6030044
S21401311096E5030094E903000B6813B5052B25D04B
S214013120062B4FF0000024D1144B1870144B1B785B
S214013130512B20D0134C144920681FF0DFFE134991
S21401314020681FF0DBFE1EF091FE1EF090FE104B75
S214013150104A0093104940F27E4320681FF0CEFECD
S2140131600E4A0F4920681FF0C9FEFEE70D4B83602B
S214013170072002B010BD0220FBE700BF832B002012
S214013180852B0020A813002074E8030062E50300E5
S21401319080E9030047E6030084E5030026E8030010
S2140131A096E5030074E9030030B50A68944B0446BB
S2140131B09A4287B040F02281032001F0E3FD90B1EE
S2140131C0904D914928681FF099FE1EF04FFE1EF0A3
S2140131D04EFE8E4B1968CB888A880989009128682B
S2140131E08B491FF08BFE032001F0CCFDE8B1854D25
S2140131F0854928681FF082FE1EF038FE1EF037FE55
S214013200637CE07D0493A37C82490393E37C824A3A
S2140132100293237D002818BF0A460193637D7F49E8
S2140132200093A37D28681FF069FEA37D0021237605
S214013230637D08226376237D1920A376FF23E37638
S214013240FE232377E37C6377A37CA377637CE37712
S21401325004F118030FF078FF0146E06010B3694DE2
S2140132606F4928681FF04AFE6E4928681FF046FE1F
S2140132701EF0FCFD1EF0FBFD6B4B6C4A00936C4987
S214013280C82328681FF03AFE6A49E3686A4A286834
S2140132901FF034FEE06801F0BBFD684928681FF0A6
S2140132A02DFEFEE72A200FF093FFE06010B3554D88
S2140132B05B4928681FF022FE5A4928681FF01EFE47
S2140132C01EF0D4FD1EF0D3FD574B584A00935849C3
S2140132D0CD2328681FF012FE5649E368564A28682F
S2140132E01FF00CFEE06801F093FD544928681FF0BA
S2140132F005FEFEE704F110000FF06EFEE06010B36D
S214013300404D474928681FF0F9FD464928681FF0D7
S214013310F5FD1EF0ABFD1EF0AAFD434B434A00939C
S2140133204349E22328681FF0E9FD4249E368424A1F
S21401333028681FF0E3FDE06801F06AFD3F49286850
S2140133401FF0DCFDFEE70221207C0FF091FE034614
S214013350E06010B32B4D324928681FF0CFFD31498C
S21401336028681FF0CBFD1EF081FD1EF080FD2E4B60
S2140133702E4A00932E49E72328681FF0BFFD2D49EA
S214013380E3682D4A28681FF0B9FDE06801F040FDAA
S2140133902A4928681FF0B2FDFEE74FF448720090F4
S2140133A01146207C0FF030FEE06010B3154D1C492D
S2140133B028681FF0A3FD1B4928681FF09FFD1EF01B
S2140133C055FD1EF054FD184B184A00931849ED237D
S2140133D028681FF093FD1749E368174A28681FF00D
S2140133E08DFDE06801F014FD144928681FF086FD84
S2140133F0FEE70720124BA36007B030BD0020FBE7B5
S214013400A0000100A81300202BE50300B81200203D
S2140134105BE803003FE803004DE8030076E803009D
S21401342074E8030062E5030064EB030047E603006B
S21401343084E50300ACE503008BE70300C1E5030068
S21401344054EB030030B50B680446052B85B058D005
S214013450062B5BD12E4B1B78DBB12E4C2E492068F8
S2140134601FF04CFD2D4920681FF048FD1EF0FEFCA4
S2140134701EF0FDFC2A4B2B4A00932B4940F2D72322
S21401348020681FF03BFD294A294920681FF036FDB8
S214013490FEE74FF4FA7003A906F0ECFE034620B3EC
S2140134A0E0601C4D1C4928681FF028FD1B49286850
S2140134B01FF024FD1EF0DAFC1EF0D9FC184B194A49
S2140134C00093194940F2E22328681FF017FD1949B5
S2140134D0E368194A28681FF011FDE06801F098FCBE
S2140134E0164928681FF00AFDFEE7CDE90000144AD8
S2140134F0039914481FF09FFEE0600028D1D10220F6
S21401350002E0114B8360072005B030BD0020FBE7C9
S214013510852B0020A813002074E8030062E5030051
S2140135207CEA030047E6030084E503005CE603004B
S21401353096E50300ACE503008BE70300C1E5030055
S214013540DD2401001412002070EA0300002108B5F2
S214013550044B1970044B1B6818689A69904704203D
S21401356008BD00BF832B0020C80A00207FB50A686B
S2140135700B46A64904468A420AD001F141718A42A5
S21401358000F08A80042A00F09380002004B070BD09
S214013590032001F0F7FB60B19D4D9E4928681FF09E
S2140135A0ADFC1EF063FC1EF062FC9B4928681FF010
S2140135B0A5FC9A4806F0B4FDE060B0B9032001F01E
S2140135C0E1FB60B1924D934928681FF097FC1EF00D
S2140135D04DFC1EF04CFC924928681FF08FFC914868
S2140135E01EF077FD0022904B1A70904D03202B6839
S2140135F05B7BFF2B15D101F0C5FB60B1844D85497E
S21401360028681FF07BFC1EF031FC1EF030FC884958
S21401361028681FF073FC874B0720A360B6E7864B2C
S214013620FAE701F0AFFB60B1794E7A4930681FF0D6
S21401363065FC1EF01BFC1EF01AFC804930681FF06A
S2140136405DFC2B68187B0FF0D7FDE0600028E6D004
S2140136506F4D7B4928681FF051FC7A4928681FF096
S2140136604DFC1EF003FC1EF002FC774B774A0093DC
S214013670774940F2B91328681FF040FC7549E368A2
S214013680754A28681FF03AFCE06801F0C1FB7349EF
S21401369028681FF033FCFEE7644B1B68DA79012AC1
S2140136A004D11B89012B01D100F068FD02206DE7D2
S2140136B0597A012900F04081022900F07E81002913
S2140136C0F4D11A7A664B53F82230664A93426ED189
S2140136D02A200FF07DFD0546E06018B34C4D584991
S2140136E028681FF00BFC574928681FF007FC1EF0DE
S2140136F0BDFB1EF0BCFB544B544A009354494FF497
S214013700F27328681FF0FAFB5249E368524A2868A8
S2140137101FF0F4FBE06801F07BFB504928681FF0BE
S214013720EDFBFEE750481EF09FFC2B464FF4FA7166
S214013730CDE900554D4A394806F0FCFDE06018B366
S214013740334D3F4928681FF0D9FB3E4928681FF0D2
S214013750D5FB1EF08BFB1EF08AFB3B4B3B4A0093CE
S2140137603B494FF4F97328681FF0C8FB3949E368F1
S214013770394A28681FF0C2FBE06801F049FB374967
S21401378028681FF0BBFBFEE7032001F0FBFA0028C8
S2140137908CD01F4C1F4920681FF0B0FB1EF066FB43
S2140137A01EF065FB324920681FF0A8FB7EE72E4A13
S2140137B093427FF47BAF007C0FF048FCE06000286A
S2140137C058D0134D1E4928681FF098FB1D492868DC
S2140137D01FF094FB1EF04AFB1EF049FB1A4B1B4AD6
S2140137E000931B4940F2FB1328681FF087FB194919
S2140137F0E368194A28681FF081FBE06801F008FBBE
S214013800164928681FF07AFBFEE700BFA0000600F5
S214013810A81300202BE50300ACE803008412002067
S214013820C3E80300E4F70300992C0020B812002037
S214013830EAE8030014EB0300F0EA0300F7E80300EC
S21401384074E8030062E50300FCEA030047E60300B0
S21401385084E50300ACE503008BE70300C1E5030044
S214013860D80A0020B4F70300CCF70300E9440100AE
S21401387008E903005F4B01211B6818689A699047A5
S214013880FEF732FE01F040FA032001F07BFA60B148
S214013890594D5A4928681FF031FB1EF0E7FA1EF011
S2140138A0E6FA574928681FF029FB4FF4FA7003A976
S2140138B006F0E0FC034620B3E0604F4D514928680E
S2140138C01FF01CFB504928681FF018FB1EF0CEFAAB
S2140138D01EF0CDFA4D4B4E4A00934E4940F20F234F
S2140138E028681FF00BFB4C49E3684C4A28681FF018
S2140138F005FBE06801F08CFA494928681FF0FEFADA
S214013900FEE7CDE90000474A039947481FF093FCBC
S214013910E0600028D1D1032001F034FA00283FF4FA
S214013920C5AE354C354920681FF0E8FA1EF09EFA00
S2140139301EF09DFA3D4936E71A7A3D4B53F8222090
S2140139403C4B9A427FF4B2AE0FF07CFCE06018B3B9
S214013950294D2C4928681FF0D1FA2B4928681FF0F9
S214013960CDFA1EF083FA1EF082FA284B284A0093FD
S214013970284940F21B2328681FF0C0FA2649E3684D
S214013980264A28681FF0BAFAE06801F041FA24498D
S21401399028681FF0B3FAFEE7032001F0F3F90028C8
S2140139A03FF484AE144C154920681FF0A7FA1EF0A8
S2140139B05DFA1EF05CFA2049F5E61A7A1C4B53F8BC
S2140139C022201C4B9A427FF471AE032001F0DAF9F3
S2140139D060B1094C094920681FF090FA1EF046FABA
S2140139E01EF045FA154920681FF088FA002024F0D9
S2140139F019FF5BE6C80A0020A81300202BE5030088
S214013A0027E9030074E8030062E50300FCEA03000B
S214013A1047E6030084E50300ACE503008BE70300FB
S214013A20C1E50300DD240100141200203AE9030079
S214013A30D80A0020CCF703004FE9030065E903002C
S214013A400149FEF741BD00BF39290100038D2DE96B
S214013A50F341802B1E4628BF80269B1B03858023AF
S214013A60294D04462B7020234FF00008EB70436A63
S214013A70771D6B6033443246C16A4362FFB205F17B
S214013A8008006F7085F8028029F0DFFDE36A394689
S214013A903344E362E81CFEF749FD06F108039BB2D6
S214013AA006F10C02E8502946404692B21FF0DBF9B7
S214013AB0E06010B3154D164928681FF01FFA154926
S214013AC028681FF01BFA1EF0D1F91EF0D0F9124B30
S214013AD0124A00931249882328681FF00FFA1149E9
S214013AE0E368114A28681FF009FAE06801F090F9C6
S214013AF00E4928681FF002FAFEE702220C4B1A70E4
S214013B0002B0BDE8F08100BF0F2C0020A8130020F2
S214013B1074E8030062E5030084EB030047E6030054
S214013B2084E50300ACE503008BE70300C1E5030071
S214013B30832B002008B5094990F8202051F822105F
S214013B404162074951F822100185064951F82220A1
S214013B50C262FFF77BFF042008BD00BF3CF20300F2
S214013B6034F20300C00A00200A6813B5052A25D0DE
S214013B70062A34D11B4B1B78DBB11B4C1B49206832
S214013B801FF0BCF91A4920681FF0B8F91EF06EF94B
S214013B901EF06DF9174B184A0093184940F2ED33A1
S214013BA020681FF0ABF9164A164920681FF0A6F9DF
S214013BB0FEE7154B1A70022002B010BD028D12B13D
S214013BC0FFF744FFF7E790F82020022A1BBF0132D7
S214013BD080F820200D4A0E4A82600720ECE700207C
S214013BE0EAE700BF852B0020A813002074E8030035
S214013BF062E50300D4E9030047E6030084E5030019
S214013C005CE6030096E50300832B0020C8E9030069
S214013C10BCE903001E4B37B5186805F053F8044697
S214013C2010B31C4D1C4928681FF068F91B49286809
S214013C301FF064F91EF01AF91EF019F9184B194A0B
S214013C40009319494B2328681FF058F91749234652
S214013C50174A28681FF052F9204601F0D9F815498D
S214013C6028681FF04BF9FEE70422134B1A60E02286
S214013C7018715A71114B1D682846FFF7E1FE22465E
S214013C80214628462B681B6803B0BDE8304018471C
S214013C90CC0A0020A813002074E8030062E50300A4
S214013CA000F4030044F2030084E50300ACE50300DE
S214013CB08FE70300C1E50300AC120020A8EC030067
S214013CC030B5994B87B01A78002A78D000210120A8
S214013CD019700FF07DFA054610B3944C944920688C
S214013CE01FF00CF9934920681FF008F91EF0BEF882
S214013CF01EF0BDF8904B914A0093914965232068C8
S214013D001FF0FCF88F492B468F4A20681FF0F6F803
S214013D10284601F07DF88D4920681FF0EFF8FEE790
S214013D208B4806F0FDF9044610B3804D804928689B
S214013D301FF0E4F87F4928681FF0E0F81EF096F8B7
S214013D401EF095F87C4B7D4A00937D4968232868D0
S214013D501FF0D4F87B4923467B4A28681FF0CEF82B
S214013D60204601F055F8794928681FF0C7F8FEE7A4
S214013D7078481EF070F9784B03201C7001F002F8A9
S214013D8060B16A4C754920681FF0B8F81EF06EF8ED
S214013D901EF06DF8724920681FF0B0F8032000F09D
S214013DA0F1FF60B1614C6D4920681FF0A7F81EF065
S214013DB05DF81EF05CF86B4920681FF09FF86A4BAF
S214013DC01A78CAB1002203201A7000F0DBFF60B136
S214013DD0564C624920681FF091F81EF047F81EF015
S214013DE046F8624920681FF089F8614B002218687E
S214013DF0604903685B6898475F4B1A78FAB10022FE
S214013E0003201A7000F0BEFF60B1484C5349206889
S214013E101FF074F81EF02AF81EF029F8574920689A
S214013E201FF06CF8564A04AB92E80300504A83E848
S214013E30030010681946026854680022A047514BD7
S214013E401B78EBB1013B052B1AD8DFE813F006000F
S214013E5006001B004300A90006018A2200204A49E9
S214013E6003AB1FF011F8024650B9484904AB03C929
S214013E7083E803003E49086801684C681946A04774
S214013E8007B030BD8A2200203F4903AB1EF0FCFF7D
S214013E9002460028F4D13E4B1B88872B40D8234C82
S214013EA0234920681FF02AF8224920681FF026F8C7
S214013EB01DF0DCFF1DF0DBFF1F4B204A009320495D
S214013EC09E2320681FF01AF8324A334920681FF0F3
S214013ED015F8FEE72C4C8A222146002003AB1EF083
S214013EE0D3FF0028CCD12279D2B1104C10492068DA
S214013EF01FF004F80F4920681FF000F81DF0B6FF08
S214013F001DF0B5FF0C4B0D4A00930D49AC232068FC
S214013F101EF0F4FF214A204920681EF0EFFFFEE75D
S214013F20174904ABA3E700BF9A2C0020A813002072
S214013F3074E8030062E50300EDF3030044F20300B6
S214013F4084E50300ACE503008FE70300C1E5030049
S214013F5084120020CCF70300992C00202BE50300E7
S214013F604DF2030076F203009B2C00208CF2030036
S214013F70A8EC0300AC120020842B00209DF2030065
S214013F800CF40300832B0020852B002014F403007F
S214013F90282B00207DE6030096E50300B4F203001B
S214013FA05C4C8A222146002003AB1EF06DFF0028E0
S214013FB07FF466AF2379D3B1574C584920681EF079
S214013FC09DFF574920681EF099FF1DF04FFF1DF019
S214013FD04EFF544B544A00935449BA2320681EF0AE
S214013FE08DFF534A534920681EF088FFFEE74FF4C1
S214013FF0FA7004A906F03EF9044658B90346CDE91D
S21401400000004D4A04994D481FF015F90446002852
S2140140103FF436AF404D414928681EF06FFF4049D6
S21401402028681EF06BFF1DF021FF1DF020FF3D4BA1
S2140140303D4A00933D49C82328681EF05FFF40496A
S2140140402346404A28681EF059FF204600F0E0FE4D
S2140140503D4928681EF052FFFEE72E4C8A22214673
S214014060002003AB1EF010FF00287FF409AF237970
S214014070D3B1294C294920681EF040FF2849206801
S2140140801EF03CFF1DF0F2FE1DF0F1FE254B264A08
S21401409000932649D22320681EF030FF244A254982
S2140140A020681EF02BFFFEE74FF4FA7004A906F015
S2140140B0E1F8044658B90346CDE900001E4A0499C2
S2140140C01E481FF0B8F8044600283FF4D9AE124D3A
S2140140D0124928681EF012FF114928681EF00EFFCB
S2140140E01DF0C4FE1DF0C3FE0E4B0F4A00930F4990
S2140140F0E02328681EF002FF11492346114A28686A
S2140141001EF0FCFE204600F083FE0F4928681EF0D4
S214014110F5FEFEE7852B0020A813002074E80300B7
S21401412062E50300EDF3030044F2030084E50300B7
S214014130B4F2030096E50300DD240100141200200A
S214014140ACE503008FE70300C1E50300084B09490E
S21401415018600368002223F47F4323F007030B60F3
S214014160E0234B71044B0A71186803685B681847B3
S214014170B8120020A4120020A8EC030010B5194BB9
S2140141801B68B3F805300B2B09D00E2B1AD0022072
S21401419000F0F8FD28B3144B144918680EE003200C
S2140141A000F0F0FDE8B1104C114920681EF0A6FEA3
S2140141B01DF05CFE1DF05BFE0E492068BDE8104058
S2140141C01EF09CBE032000F0DDFD50B1064C0849F0
S2140141D020681EF093FE1DF049FE1DF048FE0649BC
S2140141E0EBE710BDB8120020A813002035F303003A
S2140141F02BE50300F4F2030016F303002DE9F0416A
S214014200DFF8108286B0D8F8003004AE1C7B5F7BE6
S214014210072200210B20009603AB0EF063FF054634
S21401422018B36F4C6F4920681EF068FE6E4920680F
S2140142301EF064FE1DF01AFE1DF019FE6B4B6C4A53
S21401424000936C494FF4AF7320681EF057FE6A491D
S2140142502B466A4A20681EF051FE284600F0D8FD1B
S214014260674920681EF04AFEFEE7D8F80030DB7A80
S214014270502B1BD0532B74D08DF8110002208DF8D3
S214014280103000F07FFD002871D0554D5D4928683B
S2140142901EF034FE1DF0EAFD1DF0E9FD00972346F1
S2140142A03246594928681EF029FE60E004F11803D9
S2140142B00DEB03012B2F11F8082C05D02D2F46D01E
S2140142C022F07F023A430CE002F07F03632B4ED8C4
S2140142D00733632B02F0800201D81A4301E042F053
S2140142E0640201F8082CD309214602F07F024748F0
S2140142F01CF050FB334600210B20039A0EF024FFDE
S2140143000546002840D0364C364920681EF0F6FD9A
S214014310354920681EF0F2FD1DF0A8FD1DF0A7FD31
S214014320324B334A009333494FF4ED7320681EF045
S214014330E5FD31492B46314A20681EF0DFFD28464F
S21401434000F066FD2E4920681EF0D8FDFEE712F04B
S2140143507F030CD0073BDBB2632B02F08002C0D890
S214014360BBE7532F06D1214629481CF013FB06B0A4
S214014370BDE8F08104F118036B4413F8082C82F0B1
S214014380800203F8082CAEE732460B2003990EF0A4
S21401439009FF05460028EAD0114C124920681EF094
S2140143A0ADFD114920681EF0A9FD1DF05FFD1DF051
S2140143B05EFD0E4B0E4A00930E4940F2DD13206857
S2140143C01EF09CFD0C492B460C4A20681EF096FDFB
S2140143D0284600F01DFD0A4920681EF08FFDFEE705
S2140143E0A813002074E8030062E50300D8F3030075
S2140143F044F2030084E50300ACE503008FE7030005
S214014400C1E5030049E5030071F3030061F303000E
S2140144106CF30300B812002037B5274B1B68B3F8BE
S21401442005000B2806D00E2830D103B0BDE8304079
S214014430FFF7E4BE997A03F10B020EF0B3FE0546D0
S214014440002837D01D4C1E4920681EF057FD1D4917
S21401445020681EF053FD1DF009FD1DF008FD1A4BE6
S2140144601A4A00931A4940F2012320681EF046FDBD
S21401447018492B46184A20681EF040FD284600F0D1
S214014480C7FC164920681EF039FDFEE7022000F041
S21401449079FC78B1094C124920681EF02FFD1DF0F9
S2140144A0E5FC1DF0E4FC0F49206803B0BDE8304090
S2140144B01EF024BD03B030BDB8120020A8130020A2
S2140144C074E8030062E50300C6F3030044F2030048
S2140144D084E50300ACE503008FE70300C1E50300B4
S2140144E049E5030090F3030010B5074C2378772BBA
S2140144F006D806481DF0F0FD23780133237010BD61
S2140145000122034B1A70FAE7992C0020E4F7030006
S2140145109A2C002070B5044603200D4600F032FCAC
S21401452060B10A4E0A4930681EF0E8FC1DF09EFC98
S2140145301DF09DFC074930681EF0E0FC0122064B89
S2140145401A70064B5D721C7270BD00BFA813002066
S2140145502BE50300BCF303009B2C0020AC120020CB
S214014560054B1878054B1B781843054B1B781843E9
S21401457080F00100704700BF9A2C0020842B002099
S2140145809B2C002030B503687C4A23F47F4323F03C
S2140145900703934289B040F0EE80082200211320E1
S2140145A0774B0EF0D1FD044610B3764D7649286858
S2140145B01EF0A4FC754928681EF0A0FC1DF056FCF0
S2140145C01DF055FC724B734A009373493D232868CE
S2140145D01EF094FC71492346714A28681EF08EFC31
S2140145E0204600F015FC6F4928681EF087FCFEE7A0
S2140145F00146032215206C4B0EF0A6FD044610B3AF
S214014600604D614928681EF079FC604928681EF0F3
S21401461075FC1DF02BFC1DF02AFC5D4B5D4A0093DA
S2140146205D494B2328681EF069FC5C4923465C4AB9
S21401463028681EF063FC204600F0EAFB594928680A
S2140146401EF05CFCFEE7014605221720574B0EF0D4
S2140146507BFD054610B34B4C4B4920681EF04EFCC3
S2140146604A4920681EF04AFC1DF000FC1DF0FFFBC5
S214014670474B484A00934849592320681EF03EFCA0
S21401468046492B46464A20681EF038FC284600F06C
S214014690BFFB444920681EF031FCFEE70DF10F0117
S2140146A004A80EF0DBFD044610B3364D36492868E3
S2140146B01EF024FC354928681EF020FC1DF0D6FBB0
S2140146C01DF0D5FB324B334A0093334964232868E7
S2140146D01EF014FC31492346314A28681EF00EFCB0
S2140146E0204600F095FB2F4928681EF007FCFEE7E0
S2140146F0BDF8143001465BBAADF818309DF813309A
S21401470008228DF81A30FF238DF81B30FE238DF812
S2140147101C309DF8123019208DF81D30BDF8103070
S2140147205BBAADF81E3006AB0EF00EFD054610B3B3
S214014730144C154920681EF0E1FB144920681EF050
S214014740DDFB1DF093FB1DF092FB114B114A00930C
S2140147501149742320681EF0D1FB10492B46104ADC
S21401476020681EF0CBFB284600F052FB0D4920685E
S2140147701EF0C4FBFEE709B030BD00BFA00001007B
S2140147801CF40300A813002074E8030062E503008C
S21401479057F4030025F4030084E50300ACE50300A9
S2140147A08FE70300C1E503004DF4030051F4030055
S2140147B010B5234C01F0EEFC01F00EFF236F23F041
S2140147C0070343F0030323671DF0DCFD1D4B0020A8
S2140147D09B6A9B075EBF01221B4B9A62D4F820316D
S2140147E023F0030343F00203C4F82031D4F8243144
S2140147F023F0070343F00203C4F82431D4F8403110
S21401480023F0030343F00203C4F84031D4F86031C7
S21401481023F0030343F00203C4F86031D4F84032B6
S21401482023F0030343F00203C4F84032D4F8003205
S21401483023F0070343F00203C4F8003210BD00BFA3
S2140148400080005000C0005000E0005008B502F0A3
S2140148500FFC01280ED1144B04205A6E4FF480230E
S2140148601249520358BF124A4B6601F510410862BD
S21401487058BF536604F008FA1DF019FB04F094F9CA
S21401488004F0ECF904F0B2F91EF0E7FAFFF790FF36
S21401489004F09AF91DF000FB00F054FD01F0AAF9AE
S2140148A0BDE8084004F0FCBE0080005000900050B7
S2140148B000A0005030B5214D9DB009AC0FCD0FC4FE
S2140148C095E80F004FF4165584E80F0028220021C2
S2140148D012A80B9528F0AEFE194B0124119338232C
S2140148E013930523159306230E2200210DF11600BE
S2140148F08DF84940179328F09DFE4FF48010114B18
S21401490009AACDE903033E238DF814303F238DF821
S21401491015300D4B03A90693202307930B4B0C4828
S214014920009311AB8DF8204004F040FA04460021B4
S21401493028461DF005FB20461DB030BD7CF7030060
S2140149400000035A3400035A9C2C0020BC1200209D
S2140149502C130020022905D8034B1B68186808B1E0
S214014960436A1847704700BFC80A002008B50449C3
S214014970044804F05BFFBDE80840FFF79BBF00BF9B
S214014980D00A00205013002001481EF0EEBA00BFE6
S2140149902C130020014B1A6A186810472C130020AC
S2140149A008B505481DF000FB04481DF0FDFABDE8FA
S2140149B0084003481DF0F8BACCF70300B4F703002B
S2140149C09CF7030001481DF07EBB00BFE4F703001F
S2140149D0184B37B583422AD1174B1B783BB3C8B265
S2140149E00EF06EFB054610B3144C154920681EF0F8
S2140149F085FA144920681EF081FA1DF037FA1DF079
S214014A0036FA114B114A00931149852320681EF08E
S214014A1075FA10492B46104A20681EF06FFA284690
S214014A2000F0F6F90D4920681EF068FAFEE703B0BB
S214014A3030BD00BF58130020BC2C0020A813002056
S214014A4074E8030062E5030074F80300FCF7030052
S214014A5084E50300ACE503008FE70300C1E503002E
S214014A6030B500250368584A23F47F4323F0070333
S214014A7085B0934204460295ADF80C507ED002F5FF
S214014A80802293420ED0A2F18272934240F09A8025
S214014A904E4B1B78002B00F0958005B0BDE83040EA
S214014AA01EF08FBCB0F80530232B40F08B80FF231F
S214014AB004A91A4611E903001DF0D1F9012814BF13
S214014AC041F2FC15414B05F0FC0208BF187023218A
S214014AD020790EF04FFB054610B33D4C3D4920684A
S214014AE01EF00CFA3C4920681EF008FA1DF0BEF9CB
S214014AF01DF0BDF9394B3A4A00933A4959232068CB
S214014B001EF0FCF938492B46384A20681EF0F6F9A3
S214014B10284600F07DF9364920681EF0EFF9FEE7D9
S214014B20344900902379344A0968344800F0CAF9B8
S214014B300546002846D0264C264920681EF0DEF998
S214014B40254920681EF0DAF91DF090F91DF08FF95D
S214014B50224B234A00932349622320681EF0CEF994
S214014B6021492B46214A20681EF0C8F9284600F044
S214014B704FF91F4920681EF0C1F9FEE7B0F805306D
S214014B80B7EE047A07EE903AF8EE677AB0F8073097
S214014B9067EE877A013307EE103AB8EEC77A67EE0A
S214014BA0877AB1EE047A67EE877AFAFE677AFCEEC8
S214014BB0E77A17EE903AB3F57A7F38BF4FF47A73F7
S214014BC00C4A136005B030BDA0000602BC2C0020C4
S214014BD0A813002074E8030062E5030083F80300CD
S214014BE0FCF7030084E50300ACE503008FE7030050
S214014BF0C1E50300E40A0020D14901005813002052
S214014C0004210022034B19711A6019739A601975F1
S214014C101A617047901300202DE9F8431F4B064692
S214014C201B78ABB90325DFF87C901D4C59F8043B83
S214014C30B34207D130461DF0BCF901280AD11EF057
S214014C407EFB2060013D15F0FF0504F10804EDD15F
S214014C50BDE8F88330461DF0ACF980460028F1D156
S214014C601EF06DFB2368C71AFA2005F0F1FAB84268
S214014C7002D984F80480E5E74FF47A7005F0E8FA83
S214014C80B84202D901232371DCE741F2883005F0EE
S214014C90DFFAB8428CBF02230323F4E7250D002078
S214014CA090130020D80A002070B500240426074D72
S214014CB02979042903D0E0B2FFF72CFC2E710134C8
S214014CC0032C05F10805F3D170BD00BF9013002039
S214014CD038B50024094D55F8040B1DF06AF9012872
S214014CE004D11EF02CFB064B43F834000134032C90
S214014CF0F1D10022034B1A7038BD00BFD80A00203C
S214014D0090130020250D0020064B1A784AB9012180
S214014D1019700421044B19711A6019739A60197578
S214014D201A617047250D002090130020074B187854
S214014D3050B9074B1A79042A06D11A7B042A03D1E3
S214014D40187D031F58425841704700BF250D0020AB
S214014D5090130020094B1B785BB9094B187904287E
S214014D6009D11A7B042A07D11B7D042B08BF012019
S214014D707047012070470420704700BF250D0020B2
S214014D80901300200B4B02461B7883B10A4B1B780D
S214014D90834234BF00200120084B1B7833B1084BF7
S214014DA01B78134113F0010F08BF00207047012044
S214014DB0F2E700BF280D0020270D0020BD2C0020A3
S214014DC0260D0020012208B5074B1A700022074B5A
S214014DD01A700422064B1A701F22064B1A7003F033
S214014DE07DFF054B186008BD280D0020BD2C002056
S214014DF0270D0020260D0020A8130020024B034992
S214014E0018681EF07BB800BFA8130020A3F80300A3
S214014E1070B50C4C0C49064620681EF06FF803F07E
S214014E205DFF0546206803F04DFF3046FFF7E6FFBD
S214014E30284603F047FF20680449BDE870401EF08D
S214014E405DB800BFA8130020A5F80300A7F803006B
S214014E5038B505461DF0B2FA00230B4A14685CB15A
S214014E60AC4206D1A96A6BB199621DF0ADFA012078
S214014E7007E02346A46AF2E7002DF3D01DF0A4FA5A
S214014E80204638BD1160F0E7AC13002010B504468B
S214014E9098B105F045F92046FFF7DAFF10B194F80E
S214014EA02C300BB9002010BD1DF088FA044A136897
S214014EB0013B13601DF088FAF4E72220F3E700BFF8
S214014EC0B01300202DE9F04385B00546914698467B
S214014ED00E469DF8307009B9002F5CD12846FFF7C1
S214014EE0D5FF0446002836D185F82C00686305F006
S214014EF053FA864233D905F0A5F92146844640F295
S214014F00E7304FF47A720023E6FB0C011BF03EFA01
S214014F104FF0FF3200231BF039FA2B46E886114684
S214014F202846CDE900441D4A1EF0E4F9044690B92E
S214014F30C5E9089885F82D702E631DF03FFA184ACA
S214014F40136833B31A469B6A002BFBD19562002384
S214014F50AB621DF039FA204605B0BDE8F08347B1D3
S214014F602B4631462846CDE900440C4A05F0A0F907
S214014F70DCE7304603A905F07DF904460028EAD1AE
S214014F802B462846CDE90077044A03991EF08EF990
S214014F90CCE71560DBE72124DDE700BFA54F010064
S214014FA0AC13002091F82C3013B50C4683B98B8EC8
S214014FB0CA8E93420ED243B9CDE9003320460B4642
S214014FC0104A4FF0FF311EF055F9A38E0133A38628
S214014FD002B010BD52B191F82D307BB10123009380
S214014FE0D1E908232046096BFFF76CFF0123064A27
S214014FF084F82C30136801331360E9E7084605F09E
S2140150008FF8F3E7A54F0100B01300202DE9F0411A
S214015010144E336823B34FF00008134F1DF0CEF93A
S21401502005463C6824B92846BDE8F0411DF0CCB9D8
S21401503094F82C3093B1336884F82C80013B3360AC
S21401504094F82D3013B92046FFF702FF28461DF0CD
S214015050BBF9D4E9083120469847DFE7A46AE1E7BF
S214015060BDE8F081B0130020AC130020034B1B6891
S214015070002B14BF04200120704700BFB01300208E
S214015080024B1868B0FA80F040097047B013002050
S2140150902DE9F047434D88B001AC0FCD0FC495E81C
S2140150A00700012584E8070001213A2000F098FF57
S2140150B0DFF8FC800121282000F092FF3A4B4046A1
S2140150C001A903938DF8125002F00CF82B46042226
S2140150D00021022001F0DAFD2A462946002302209B
S2140150E001F0D4FD02212B460846042201F0CEFD34
S2140150F0042203212B46022001F0C8FD4FF00213C3
S2140151002A4C0226C4F83036A3F58033C4F82C3670
S2140151101C230827C4F8346604F5005AC4F81C3664
S2140151204FF4487005F0D0FA04F580591420CAF8F7
S214015130707005F0C9FA2320C9F8707005F0C4FA3A
S214015140B9214046CAF870701DF0BFF900233046F9
S2140151501A461946C9F8707001F098FD00232946D1
S2140151601A46304601F092FD2B4631463046002263
S21401517001F08CFD2B4600220321304601F086FD0E
S214015180404601F087FF00212820C4F83016C4F8F5
S2140151902C16C4F83416C4F81C1600F021FF08B00B
S2140151A0BDE8F087ACF8030000127A0000C0035097
S2140151B000C005500348044A0449121A92101CF014
S2140151C0CFBE00BF2C4804002C480400E42D00206C
S2140151D008B500F02FF8FFF7EDFF124B12498B428E
S2140151E012D30020114B12498B4218D3FDF78CF8CD
S2140151F0186850F82240586840F8224001329868F2
S2140152008242F5D30C33EAE70022F8E71C6844F83B
S214015210220001325C68A242F8D30833E4E7002298
S214015220F8E700BFBC430400C8430400C8430400B9
S214015230C84304004FF400414FF0FF30124B134AAD
S21401524010B59A60D3F8882042F47002C3F888201B
S2140152500F4A916601F1884101F5005210664FF63A
S214015260DF7050660220C3F8D000BFF34F8FBFF344
S2140152706F8F08244FF440330648C0F88041D3604E
S21401528004600B6110BD00BF00ED00E000200100CE
S2140152900090005000E100E0014B1868704700BF25
S2140152A0EC0A0020084B1B6F03F00703022B04D007
S2140152B0032B05D0012B05D0FEE7044B1868704779
S2140152C0034BFBE70348704700800050EC0A0020C0
S2140152D0F40A0020002D310108B5FFF7E3FF054B66
S2140152E01B6FC3F303330133B0FBF3F0024B1860BB
S2140152F008BD00BF00800050E80A00200048704743
S21401530000B4C404014B1868704700BFF40A0020BB
S214015310054B1860054B1B6F03F00703032B01D1E8
S214015320FFF7DABF704700BFF40A00200080005084
S21401533000487047002D3101014B1868704700BFC7
S214015340F00A002000239B6A10B5B3F5903F11D2F6
S21401535019680A4A91420DD1094C227812F0FD0FC4
S21401536001D0002010BDDB6998470028FAD101233F
S2140153702370F6E74FF48170F4E700BF07B0CD5E07
S214015380BE2C00204FF00053074A1A60BFF34F8F20
S2140153900649074BCA6802F4E0621343CB60BFF3C9
S2140153A04F8F00BFFDE700BF02020FF000ED00E0E7
S2140153B00400FA050346054A0549106803448B4272
S2140153C08CBF4FF0FF301360704700BFF80A002013
S2140153D000800020F7B50468012105463A2000F058
S2140153E0FFFD002301226179207901F04FFC14238F
S2140153F03021227911FB023101F1A04101F5703112
S21401540009686379D940C943A37901F00101022BE8
S214015410217017D100F044FB164A2B46617920799A
S21401542000F068FBFF28024660790ED12A46114932
S21401543000F08AFB0123024661792079CDE9003329
S21401544001F0CAFB002003B0F0BD01262779002336
S21401545001460096384601F079FC2A4605496079EE
S21401546000F072FB002361790246207900930196D1
S2140154703346E5E7BD1F030008B501213A2000F0D9
S214015480AFFD032101230422002001F0FFFB0020D1
S2140154901DF002F80122214B4FF46070C3F844243A
S2140154A01CF0A7FE1E4B00F5D520D3F8F02000F225
S2140154B0FC4042F00102C3F8F020D3F8FC2042F091
S2140154C08072C3F8FC20174AA3F55D431A60164B99
S2140154D00222B0FBF3F0154B01381861C3F8F02037
S2140154E04FF48072C3F804234FF06043104A002043
S2140154F0C3F8B02F0F4AC3F8802ED3F8002E42F41B
S2140155008072C3F8002EFF2283F82020D3F8002EE5
S21401551022F48072C3F8002E08BD00BF00D00350ED
S21401552000ED00E0FF030040F8590D00000004E024
S21401553055CEACC5090001004FF06043D3F8802E6C
S21401554030B5D20715D501240B4D8440D5F8FC2083
S21401555042F08072C5F8FC20D3F8002E2243C3F82F
S214015560002E53F82020002AF0D003F82010002047
S21401557030BD1120FCE700BF00ED00E010B50122B0
S21401558043780178847830209A40054B00FB01333C
S2140155901CB942F210015A5010BD41F21001FAE74F
S2140155A000C0035010B5012243780178847830207A
S2140155B09A40054B00FB01331CB941F210015A50C9
S2140155C010BD42F21001FAE700C003502DE9F04F7A
S2140155D09A46564B85B01B7806460F461546DDF8AB
S2140155E03C909DF844B0DDF85080002B00F0978089
S2140155F0072A00F296800E9B002B00F09280B9F1EC
S214015600000F00F08E80129BB3F5006F00F38980C7
S214015610012803D1109B002B00F08380444B03EB41
S21401562005131B7B002B7ED0424C102200216846BE
S21401563028F000F804EB45141022A7BB3946204693
S21401564027F0F8FF43F210036380BBF1000F03D18C
S214015650E37843F00303E370364A0E9B02EB451CE6
S214015660CCE90193129B6901581E9DF84C30C0F39A
S2140156700A0003F003039B0643EA001E53582E4814
S214015680012E00EA03004EEA0003CDF800A05350B5
S21401569017D0B8F1000F2ED19CF8023068F304132E
S2140156A08CF8023027E00021204627F0C3FF4FF494
S2140156B044736380BBF1000FCED1E37843F030032F
S2140156C0C9E713230CF1100ECCF80C309CE80F0040
S2140156D08EE80F006FF00301DCF81C20109B61F3CD
S2140156E09F02012FCCF81C20CCF8143003D1CCF843
S2140156F01890CCF8043000270D4A290102EB051357
S21401570042F80180159A28465A60694622469F60EB
S2140157105E7301F097FB384605B0BDE8F08F074889
S214015720FAE70748F8E70748F6E700BFBF2C00206E
S214015730B4140020B41300200F80FFF3028000F0A1
S214015740018000F0078000F038B5124B05461B7843
S214015750DBB1E0B11CF032FE0F4A00231146147B88
S21401576054B92B6001251A0101EB03131D738C50EC
S2140157701CF02AFE204638BD0133082B02F1100228
S214015780EDD11CF021FE0548F5E70548F3E705488D
S214015790F1E700BFBF2C0020B4140020048000F005
S2140157A0028000F0018000F038B51CF007FE0023EF
S2140157B005460B4A147B6CB90133082B02F1100223
S2140157C0F8D101F0E1FA074B28461C701CF0FCFDED
S2140157D0204603E028461CF0F7FD034838BD00BF0D
S2140157E0B4140020BF2C0020058000F00D4B10B52E
S2140157F01B78044693B1072812D81CF0DFFD0A4B2C
S21401580003EB04131A7B2AB100241C731CF0DCFD85
S214015810204610BD1CF0D8FD0448FAE70448F8E716
S2140158200448F6E7BF2C0020B4140020068000F0E0
S214015830028000F0018000F0154B13B518680023B4
S21401584001908DF804301CF0B9FD124B1C7824B180
S2140158501CF0BAFD104802B010BD01221A701CF0EF
S214015860B3FD0E4B01A81C731C7783F82C4083F8FC
S2140158703C4083F84C4083F85C4083F86C4083F8E6
S2140158807C4008238DF8073001F0AAFA2046E2E7AB
S21401589018F90300BF2C0020038000F0B414002088
S2140158A00A4A08B512785AB107280BD8084A02EBFB
S2140158B000131B7B43B1002101F084FA002008BDD0
S2140158C00448FCE70448FAE70448F8E7BF2C002040
S2140158D0B4140020028000F0018000F0078000F080
S2140158E00A4A08B512785AB107280BD8084A02EBBB
S2140158F000131B7B43B1012101F064FA002008BDAF
S2140159000448FCE70448FAE70448F8E7BF2C0020FF
S214015910B4140020028000F0018000F0078000F03F
S2140159200A4A08B5127852B107280AD8084A02EB83
S21401593000131B7B3BB101F0CFFA002008BD0548E0
S214015940FCE70548FAE70548F8E700BFBF2C00204A
S214015950B4140020028000F0018000F0078000F0FF
S2140159600D4B1B7893B1072812D889B10B4B03EB6B
S21401597000131B7B73B10A4B1A6D0123834013423C
S21401598014BF0123002300200B70704705487047A1
S2140159900548704705487047BF2C0020B414002006
S2140159A000000450028000F0018000F0078000F043
S2140159B00B4A10B512780C4662B107280CD859B1BB
S2140159C0084A02EB00131B7B43B101F097FA2070E3
S2140159D0002010BD0448FCE70448FAE70448F8E74D
S2140159E0BF2C0020B4140020028000F0018000F0DB
S2140159F0078000F0184B2DE9F0411F6D5B6D1F40CD
S214015A0000D5FEE701260025144CDFF85880374202
S214015A1018D02368C8F85060A3B1A16828460131A0
S214015A206268A1609847637B012B0BD150B90C4B80
S214015A3003EB45131A7B60F341021A731A7F60F376
S214015A4041021A770135082D4FEA460604F1100483
S214015A50DDD1BDE8F08100BF00000450B414002081
S214015A60B41300200020045070B5044601250B4EE7
S214015A7004B970BD94FAA4F0B0FA80F005FA00F308
S214015A8006EB001224EA03045368002BF0D0117BC6
S214015A9011B191689847EBE79847E9E7341500207C
S214015AA008B5192000F0C4FD28B14FF00072074B6D
S214015AB0C3F880211A601A2000F0BAFD28B14FF011
S214015AC08062024BC3F880211A6008BD00E100E045
S214015AD038B505460C461CF071FC0022044B03EB5E
S214015AE005135C601A73BDE838401CF06DBC00BF3E
S214015AF034150020F8B504460D4617461E461CF020
S214015B005DFC1CB9052D0DD0FF2414E0012C03D13A
S214015B10012DF9D1032405E0022CF5D17DB1052D27
S214015B20F2D10724074904F1100301EB0311012305
S214015B30C1E901760B731CF047FC2046F8BD06242C
S214015B40F0E700BF34150020F8B505460E461746A7
S214015B501CF034FC134B2C46D3F8242405F0FC012E
S214015B6022FA05F3DB0712D500230133DBB2042B3F
S214015B7004D1FF241CF028FC2046F8BDEC1804F0E4
S214015B8003040C4422FA04FC1CF0010FEDD1FF2C97
S214015B90F0D00122044B03EB0413C3E901671A7327
S214015BA0E8E700BF00C0035034150020074BD3F8C8
S214015BB02404D3F8202403F50053104000F0553098
S214015BC020F05020C3F82004FFF74EBF00C003505A
S214015BD0074BD3F82404D3F8202403F500531040D0
S214015BE000F0AA3020F0A020C3F82004FFF73CBF45
S214015BF000C00350024B1968024B186813F0B2BB81
S214015C00FC0A00201C0B002070B5940022460546B5
S214015C100E4628F051FC431C0AD058B9224631469C
S214015C20284627F0DDFC0028034808BF002070BD89
S214015C300248FCE70248FAE710E000F021E000F035
S214015C4024E000F010B5044628F03AFC431C10D0BE
S214015C5088B901F015FA234620F003002044984243
S214015C6001D1002010BD53F8042B0132F7D00348B0
S214015C70F8E70348F6E70348F4E700BF0EE000F054
S214015C8021E000F024E000F008B51CF090FB014B89
S214015C90186008BD241E0020014B18681CF08BBB41
S214015CA0241E0020044BD3F88420D206FBD4D3F85C
S214015CB08400C0F3811070470040005038B5104B87
S214015CC00546D3F820310C4603F00303022B0BD014
S214015CD0032B0DD0012B0FD1FFF7DEFA052305B1FB
S214015CE0286004B1236038BDFFF70CFB0323F6E7F9
S214015CF0FFF71EFB0223F2E701230020EFE700BFB8
S214015D000080005073B50D4600210E4B0191D3F86B
S214015D108041064604F00304012C09D0022C0CD065
S214015D200C460EB1019B336005B12C6002B070BD0C
S214015D3001A8FFF7C3FF0F24F3E7FFF7F9FA019075
S214015D40EFE700BF0080005038B5184B0546D3F882
S214015D5024010C4600F00700062823D8DFE800F0EF
S214015D60040A121A1E0E1600012305B1286004B19A
S214015D70236038BDFFF790FA0523F6E7FFF78CFAA4
S214015D800623F2E7FFF7BEFA0323EEE7FFF7BAFAB8
S214015D900423EAE7FFF7CCFA0223E6E71CF0EBF868
S214015DA00723E2E700231846DFE700BF0080005024
S214015DB038B5104B0546D3F840310C4603F00303C3
S214015DC0022B0BD0032B0DD0012B0FD11CF0D5F8D5
S214015DD0092305B1286004B1236038BDFFF7ACFA8A
S214015DE00823F6E71CF0CCF80B23F2E7012300208A
S214015DF0EFE700BF0080005038B5144B0546D3F8D6
S214015E0000020C4600F0070004281BD8DFE800F06B
S214015E1003090D111500012305B1286004B12360A3
S214015E2038BD1CF0AAF80923F6E7FFF785FA082320
S214015E30F2E71CF0A5F80B23EEE7FFF74DFA0E2369
S214015E40800AE9E700231846E6E700BF0080005015
S214015E5038B5104B0546D3F840320C4603F0030321
S214015E60022B0BD0032B0DD0012B0FD11CF085F884
S214015E70092305B1286004B1236038BDFFF75CFA39
S214015E800823F6E71CF07CF80B23F2E700231846FC
S214015E90EFE700BF0080005038B5104B0546D3F839
S214015EA060310C4603F00303022B0BD0032B0DD0FD
S214015EB0012B0FD11CF061F8092305B1286004B14C
S214015EC0236038BDFFF738FA0823F6E71CF058F8C8
S214015ED00B23F2E701230020EFE700BF008000500C
S214015EE010B40D4C0B46D4F8204204F00304012CE8
S214015EF00AD0022C0CD008B1002101600BB100229F
S214015F001A605DF8044B70475DF8044BFFF7D6BE88
S214015F105DF8044BFFF74CBF0080005038B50C46C7
S214015F2005461CF044FA054B9A6A54402C405440EE
S214015F309C62BDE838401CF03EBA00BF00C000506D
S214015F40B0F5207F1FD009D8B0F5007F15D003D853
S214015F5068B1B0F5C07F0AD000200CE0B0F5607FD4
S214015F60FAD10B4BD3F88000C0F3011003E0084BC5
S214015F70186FC0F3033001307047054BD3F890001B
S214015F80C0F30460F7E7024B186FC0F38020F2E716
S214015F90008000504FF400320E4B014610B5002031
S214015FA09A66FFF7CDFF484341F671320A490B4B1B
S214015FB0884294BF00200120DC69DA639A6822F4E3
S214015FC0401242EA00529A60E20344BF0022DA63BA
S214015FD010BD00BF00900050005A6202000003503E
S214015FE0420910B50FD0012A0FD00A4B0A4C022ADB
S214015FF018BF234600F01F0049B103F58053012264
S21401600082401A6010BD1346F4E7044BF2E703F52D
S2140160100053F4E7688000506082005064800050AE
S21401602008B580201CF0E5F8034B98429EBF4FF45C
S2140160308032024B1A6708BD005A620200A0005067
S2140160401FB50023B0F5807F019377D028D8382874
S21401605000F094800BD82438092810D809280ED8C7
S214016060DFE800F0676767670D0D620D377D522820
S2140160705FD008D83D283BD03E2800F084800198A8
S21401608005B05DF804FB8028F9D1414B1B6F03F086
S2140160900703013B032BF2D8DFE803F044413F6CD2
S2140160A0B0F5D06F5BD019D8B0F5A06F66D00AD81E
S2140160B0B0F5806F3DD0B0F5906FE0D1002001A91A
S2140160C0FFF742FEDBE7B0F5B06F2DD0B0F5C06F3D
S2140160D0D5D1002001A9FFF76BFED0E7B0F5006F20
S2140160E0ECD00AD8B0F5E06F4DD0B0F5F06FC6D160
S2140160F0002001A9FFF7D0FEC1E7B0F5086FBED1B9
S214016100234BD3F8003103F00303022B2CD0032BCF
S2140161102ED0012B30D1FFF7F5F8032300E005233D
S2140161200193ACE70223FBE7002001A9FFF7EAFD94
S214016130A5E7002001A9FFF7C1FDA0E702934FF0F4
S214016140E0231B695B0705D5FFF7C6F80C2303930D
S214016150039BE5E703A902A8FFF72AFEF8E700205C
S21401616001A9FFF749FE8AE7FFF7E6F80823D7E714
S2140161701BF001FF0723D3E70123D1E7002001A984
S214016180FFF7AEFE7BE7002001A9FFF761FE76E789
S214016190008000504FF40022034B5A66012203F59B
S2140161A080439A62704700BF0090005008B5FFF721
S2140161B047FF082811D00938012802D94FF6FF7089
S2140161C008BD4FF40012064B5A6603F5D8335B6AD6
S2140161D0DB07F3D54FF4FA70F2E7024B1888EFE7C6
S2140161E000900050100D0020F8B504468020FFF7FF
S2140161F027FF032800F087804FF40022424B02213C
S2140162005A6645F60E03414AC2F88030404B996201
S214016210012103F580539962936DD903FCD4D4E927
S21401622000131B0543EA0163E17B94F820500B43FE
S214016230217BE77E43EA0143617B6D0143EA01333B
S214016240A17B43EA811313619169D4E904031B0618
S21401625043EA806301F000410B43A17E94F82300DA
S2140162600B43217E43EA0143617E43EA01239361A6
S214016270136AE66923F00D0394F8221043EA8703B4
S214016280002E2DD11362966A94F8213045EA031345
S21401629026F033052B4343F0010393621D4D1B4B40
S2140162A09A6D35EA0202FBD10222194DAA621A65DD
S2140162B09A6D5200FCD41A69A56822F4700242EA6B
S2140162C005521A614FF00042114B9A6119B9022228
S2140162D003F580539A6278B901220F4B9A620BE05C
S2140162E0334343F008031362936A23F033030343F3
S2140162F02B4343EA4103936294F824301BB1034BCA
S214016300064AC3F88020F8BD0090005000C0005037
S21401631000D000500300014000E00050F1A7FFFF4D
S2140163201E4BFF2870B59E6A35D89A6D12F4803FD1
S21401633018BF01211A4A18BF9162022191629B6D12
S214016340DC0303D5154A936D9907FCD50222144B3D
S214016350124D1A65AC6D14F08044FBD1114AAB693D
S21401636092F9002023F47F03024423F47F4382F34F
S214016370080243EA002343EA0243AB6131460220A6
S214016380FFF7CCFDAB6DDB0303D531460120FFF7EC
S214016390C5FD204670BD2124FBE700BF00C00050AC
S2140163A000D00050C02C0020014B93F9000070472C
S2140163B0C02C002001221548154B816A9A62826D15
S2140163C002F00302032AFAD102229A621A650F4AE0
S2140163D0936D5B00FCD40F48936D30EA0303FBD149
S2140163E001220B4B1A65A3F580539A6D9007FCD4D6
S2140163F09A6D9207FCD50222054B1A65034A936DE6
S2140164009B07FCD50320FFF789BD00BF00C00050E5
S21401641000D0005003000100F0B5D0E901434FF46D
S21401642080061A4A4178057856664FF4D1560227F7
S21401643002F5B8325662164E4F2977604FF00107C3
S21401644028BF4F2106F5805677601669F603FCD4FF
S21401645041EA052151611B01417B43EA04230B43B9
S214016460017B43EA41039360C37B817B1B0143EAC3
S2140164704113417C0B43017C43EA41035360837C17
S21401648013B16FF4D1535362F0BD00BF00900050BA
S21401649000100250014B1880704700BF100D0020FD
S2140164A0014B1880704700BF0E0D00204FF40012FC
S2140164B008B5184B5A660223174A5360936813F4BB
S2140164C08033FBD1012822D1FEF71CFF134B9842E3
S2140164D015D003F5122303F5F863984213D0104B39
S2140164E000EB8002400AB3FBF0F3520A0A49CA6283
S2140164F00B6301234B620022074B5A6008BD45F629
S2140165007A13084AF2E745F61A03074AEEE753629A
S214016510F1E700BF009000500040025000F0490231
S21401652064666666D8B80500BBCF0500B0F5207F67
S21401653010B50C4642D008D8B0F5007F33D003D84A
S21401654088B1B0F5C07F0ED010BDB0F5607FFBD12D
S2140165501F4A4C1ED2F8803023F0300343EA04135E
S214016560C2F88030F0E71BF03CFE1BF006FF4FF44C
S2140165708031184B164A1967136F013C23F4704398
S21401658043EA04331367FEF7A7FE0446FFF78AFBC8
S214016590C0F1020120461BF0EAFE00F02DF8BDE82E
S2140165A01040FFF73DBD0A4A4C1ED2F8903023F04A
S2140165B0F85343EA0463C2F89030C5E7044A4C1E18
S2140165C0136F23F4806343EA84231367BCE700BF99
S2140165D0008000500090005008B50121022000F014
S2140165E0F5F81BF0FEFD1BF0C8FE4FF48032014BA0
S2140165F01A6708BD0090005008B54FF4C0701BF034
S214016600F8FDBDE808400449884294BF01210221F3
S2140166104FF42070FFF78ABF80F0FA02034B5868E8
S214016620C0F30800003818BF0120704700ED00E0F5
S214016630054B420953F8223000F01F0023FA00F000
S214016640C04300F00100704700E100E010B5224BA6
S21401665070B94FF40031214A1860516602F598323C
S2140166605268012A03D11E4AD2F800211A6010BDD1
S2140166701B68002BFBD01B4A5268012AF7D0184A28
S2140166808020C2F80031FFF7DBFC05281FD14FF44C
S214016690C070FFF755FC0128044604D102214FF4CF
S2140166A0C070FFF743FF07220F4B1A610122A3F5C3
S2140166B080535A600B4A1369DB07FCD5012CD6D1EF
S2140166C02146BDE810404FF4C070FFF72FBF0122EE
S2140166D0064B5A60CBE700BF281E002000900050F2
S2140166E00080005000C0015000E0015000D0015071
S2140166F0044A4178536F23F4407343EA01235367F6
S214016700704700BF0040005010B5044610B100208D
S214016710FFF79CFF104A136943F00403136103F06B
S214016720D1FA1BF054FE0D4B0D4AC3F820241BF082
S2140167303EFE27F0C9FE1BF03EFE1BF049FE03F0AD
S214016740E9FA1CB9BDE81040FEF7C6BD0120BDE858
S2140167501040FFF77BBF00BF00ED00E000E00350F4
S2140167600000FF0F10B5044610B10020FFF76EFFC2
S2140167700E4A136943F0040313610D4B0D4AC3F827
S214016780202403F09FFA1BF012FE27F09DFE1BF05B
S21401679012FE03F0BFFA1CB9BDE81040FEF79CBD1F
S2140167A00120BDE81040FFF751BF00BF00ED00E03B
S2140167B000E003500000FF0F034A0179D36E23F077
S2140167C030030B43D366704700400050F8B50446CB
S2140167D01C4BD3F88420D106FBD4D3F88430C3F302
S2140167E081139C422CD0FEF75DFD012C064602D19A
S2140167F021461BF0BCFD1BF0DAFD4FF00072124B78
S21401680007465A6620461BF0EAFD4FF480630D4D9D
S214016810621E93402B676B6E9A0103D4D5F88430C1
S2140168209B060AD538461BF0C6FD022C08D1304619
S214016830BDE8F84000211BF09ABDD5F88430EAE7A0
S214016840F8BD00BF004000500060005010B50C4677
S21401685008B9FEF727FD074B21461B783BB1064BCF
S214016860984204D80120BDE81040FFF7AFBF0220D0
S214016870F9E700BFC12C0020005A62020278034BE0
S214016880012100201A70FFF7E1BF00BFC12C0020D4
S2140168904FF0004238B5264B26495A6601224A6017
S2140168A04AF6CD3103F50B235D6C1964154030BBF8
S2140168B09968C9070BD4002401221F4B5A6015B1F1
S2140168C01E4B1F4A1A6426F0EFF9204638BD1A49B6
S2140168D08A601C4AD96ACC0705D4904201D10724A4
S2140168E0EAE70130F6E79042E5D1F8E70132DC6AE3
S2140168F014F0080406D08A42F8D10724DFE7002204
S2140169001049F4E78A42F8D020220B4B0B495A6211
S2140169100122A3F580539A6023460A4A486A8006F4
S21401692003D49342E9D00133F8E79342C7D1E4E7B1
S2140169300090005000500950006009500040095076
S2140169403254FFFF40420F004FF0004238B5174B5C
S214016950174C5A66012203F50C235A604AF6CD33CA
S214016960656C2364437893401343124AD363C37818
S2140169708178A2689B0043EA011322F07402134354
S214016980A3600279837943EA022323614279C379BA
S21401699043EA022363610078FFF77AFFEB0744BFFF
S2140169A0054B236426F080F9012038BD0090005085
S2140169B000400950004000503254FFFF10B5044615
S2140169C01BF012FD002341F202020849E360A360B6
S2140169D0226104F50052E3616361A361236263628D
S2140169E0E362A3645164A36210BD00BF7F370C014C
S2140169F038B50446154639B91848844214BF0846C6
S214016A0038201BF0F6FB01466368A36803F0E00339
S214016A10402B1AD003D8D3B1202B1AD038BD602B07
S214016A2019D0802BFAD101236B434901B1FBF3F155
S214016A300B4A2039204602EAC10201211BF0D0FC94
S214016A40A262BDE838401BF0CBBC0623ECE710235E
S214016A50EAE70823E8E70423E6E700BF0000035A55
S214016A60F8FF7F00F8B5436804460D4616461BB18D
S214016A7040F2FF711BF0B4FC2046FFF79FFFE98947
S214016A806B7B22690B43298A22F44C520B4322F07A
S214016A90030213432361A2682B7B297E22F08042E6
S214016AA022F0E2020B4313436A69AF681343A36003
S214016AB01FB9A36843F00043A360EB69002B57D0CE
S214016AC0987A1A7A4004A16840EA82503E4A0A40FF
S214016AD010439A8802F4C04210435A7840EA820072
S214016AE05A7B40EAC2009A7B40EA02109A7840EA52
S214016AF08220A060E168D3E9042021F4D81121F4B2
S214016B00C06102430A43997942EA8122D97942EA6D
S214016B104122E2601A78012A05D1E26842F00402B5
S214016B20E2602A4A06E0032A3DD1E26842F0040206
S214016B30E260274A0121C2F8C0105A7A04F5805152
S214016B400A621AB1E26842F40062E260DA7A4AB195
S214016B50E268204942F40042E2601A7B02F00F022A
S214016B60C1F88020E269DB7B22F003021343E36174
S214016B7036B196F8203004F58051C3B101238B61FC
S214016B80052120461BF04DFC1FB13A466968FFF708
S214016B902FFF204629781BF061FC236CDB4313F49E
S214016BA0405FFAD1F8BD023A012AC2D9B9E7626953
S214016BB096F8223096F8210022F009020343134387
S214016BC043F001034B61DBE7E39BBDFF00E40350A9
S214016BD000D4035000900350072A2DE9F0411546D2
S214016BE098464FF0030401F003072DD89600B440F1
S214016BF000FA06F221461C481BF03FFC21461B48C2
S214016C0007FA06F21BF039FC194B1A499DF81800D1
S214016C10B8F1000F18BF1946012303FA05F50D60F8
S214016C20154B1649002818BF0B461D60144B9DF8DE
S214016C301C00C3F82054103103F22443002818BF67
S214016C400B461D60BDE8F081A2F10806B600B4400F
S214016C5000FA06F221460B481BF00FFC21460A48B3
S214016C6007FA06F2CEE700BF00C4035008C403507B
S214016C7010D4035010E4035014E4035014D403500A
S214016C8000E0035004C403500CC40350F8B5044696
S214016C900D461F4616464AB101238B403021184A3D
S214016CA001FB0022F7B141F21001535004EB4403FB
S214016CB0072D4FF00F014FEA031316D8A80006FA66
S214016CC000F281400F4818441BF0D7FB4EB9012350
S214016CD030210B4AAB4001FB042277B141F210018F
S214016CE05350F8BD42F21001DFE7A5F1080080001D
S214016CF006FA00F281400448E5E742F21001EFE7A8
S214016D0000C0035004C003500CC0035010B50C4B18
S214016D100C4C0D4A0140C4F83004C3F83014C3F8D3
S214016D202C04D36E03F03003202B1FBFD36E23F049
S214016D30300343F01003D366C4F8200410BD00BF2F
S214016D4000D0035000E003500040005038B5144610
S214016D501D46032283F00103FFF798FF012004F18B
S214016D601001884005FA01F1FFF7D0FF9DF81010D9
S214016D70034B044A002918BF1346186038BD00BFEC
S214016D8024E4035024D403504FF400120B4B10B5E7
S214016D90C3F88020BFF34F8FBFF36F8F0024FF220D
S214016DA0074B21465C6520209A625C60FFF718F964
S214016DB02146BDE810402120FFF712B900E100E0AE
S214016DC000000450044A054B002908BF134601225F
S214016DD082401A60704700BF4010045040200450A3
S214016DE010B5012104462020FFF7FAF801212120E1
S214016DF0FFF7F6F80122114B5A60227812069A60C4
S214016E006178A27842EA01429A61FF229A620022E0
S214016E109A631A644FF000425A654FF0FF324FF4FE
S214016E20001103F500531A65054AC2F88011E3788C
S214016E301B01DBB282F81533116010BD000004504F
S214016E4000E100E0F8B50125C3B2DFF888C0D1F84B
S214016E5000E09D408F7ACB7A0C46097BCCF85050E7
S214016E600CF5005C4CF820E04FF0300E174E1B0579
S214016E700EFB006094F80DC043EA074343EA415312
S214016E8022F00302C0F860C0C36502671BF096FAE1
S214016E90736D227A2B4373650D4B02B11D64627AC2
S214016EA002B19D632279A37943EA0243094A9361B9
S214016EB06179E37943EA014305498B61034B5563E5
S214016EC09D64BDE8F8401BF07FBA00BF0000045087
S214016ED0001004500020045010B50124C0B28440B4
S214016EE01BF06CFA044B5A6D22EA04025A659C6246
S214016EF0BDE810401BF068BA0000045010B501242C
S214016F00C0B284401BF05AFA074BDA6A224208D113
S214016F105B6B9C430CBF012400241BF055FA2046F2
S214016F2010BD0024F9E700BF000004504FF4003202
S214016F30054B9A6641F6713203F51C33DA6301227A
S214016F4003F50053DA6070470090005041F6713245
S214016F500121064BDA6303F50052D1600022DA63A1
S214016F604FF40032A3F518339A66704700000350B9
S214016F70CB784A7810B55B010C7843EA82030A792C
S214016F80234343EA02130C22424302F1B042136345
S214016F90012C02BF8A78024B43F8202010BD00BFA7
S214016FA0E880035008B54FF0B0435A686AB958B143
S214016FB05B680BB11BF071FA01210D4B59601BF098
S214016FC06CFA4FF0B043D96008BD5B680BB11BF09B
S214016FD064FA0028F0D11BF060FA4FF0B0430222A9
S214016FE0DA601BF05AFA0122024B5A60ECE700BF46
S214016FF000100058002000584FF0B0414B6810B503
S2140170000BB11BF04AFA01220B4BC4785A60837805
S214017010934043EA840344782343047943EA041300
S214017020447943EAC4038B60044B5A600378C3F186
S2140170300203CB6010BD00BF0020005800100058AE
S2140170404FF48032064B5A6603F5E6235B69C3F3B9
S2140170508512827003F03F021B0B4270037070476B
S21401706000900050014B986CD96C70470080E00F7F
S214017070024B1868C0F30740704700BF0080E00F5E
S2140170800120034B9B680A3303F01F0398407047A7
S2140170900080E00F012200F580535A6040F6AA6393
S2140170A041F20502436100230B498360C365C26058
S2140170B000F500520361C361C364916407498365A7
S2140170C0884203D103650023436502E004498842F0
S2140170D0F8D0012353607047FFFF010000C0055040
S2140170E00000065038B50D46FFF7D4FF012300F522
S2140170F0805253602B8A816843F001030B43A97BBE
S214017100044643EA812383608368297D43EA417309
S2140171108360AB7C4BB11C49EB7C88422BD1A1F53B
S2140171201031C1F88C318023D3652B7B2046D5E9FD
S214017130011243F48053E3601BF0B7F96B7B0BB18C
S214017140102363616B7D1BB1A36843F48033A36096
S214017150AB7D1BB1A36843F40043A360EB7D2A7E9D
S2140171601B07120503F0E04302F4E0021343A36594
S2140171702B78636138BD0549884204BFA1F52031EB
S214017180C1F89C31CFE700BF00C005500000065093
S21401719038B50446054D25F0ABFD0FCC0FC594E878
S2140171A0030085E80300002038BD00BF2C1E002028
S2140171B047F6FF739A42F0B56FD002296FD8394B64
S2140171C05B5C012B6BD8384DDF0005EBC30415F86B
S2140171D03330A178012B13D10025E078401AA8425C
S2140171E002D80844C0B2F0BD431B6668A0EB530347
S2140171F036F913609642D4BF1D4603F1FF30EEE721
S21401720060680028EFD0B0F90040944204DBB0F982
S21401721002409442B8BF144683883D44FF2B19BFF1
S214017220C8224FF0280CB0F90620B0F908C0A2EB2E
S21401723004030CBF0126002693FBFCF333446E784F
S2140172401BB29E4201DD002B01DA731E1BB24FF406
S2140172507A7C01339BB2071D5D1E2DB24FEAC50E27
S21401726000EBC505EA88AD689E4214FB025222EA8D
S214017270E27202F15C02B2FBFCF204DD37F8335035
S21401728001339542E8D200EB0E039888904228BF5E
S2140172901046884238BF0846A4E7FF20A3E700202F
S2140172A0A1E700BF3DF903002C1E00200229F0B51E
S2140172B055D82C4B585C012851D82B4C04EBC001F7
S2140172C014F830004B6801280FD1C8788C789042AA
S2140172D094BFC4EB0001C4EB0201001BCAB2824298
S2140172E0C8BF002233F91200F0BD002B37D08878D2
S2140172F0904202D3B3F90200F6E7CC78B3F9000066
S2140173009442F1D94C789988013CA1F1FF0671426B
S21401731003F10405E4B2714103F10C07CEB2B442A5
S21401732016D805EBC1014FF47A756A43B1F90240EC
S2140173304968521A04EBD47102EB610292FBF4F233
S2140173409042D1DBB3F902009042CDDC10B2CBE71C
S21401735037F831C04E1C9445E3D33146DEE7034887
S214017360C2E700BF3DF903002C1E00200080FFFF8E
S21401737008B50448FFF70CFFBDE80840012025F0DA
S214017380BBBC00BF40F9030000487047120D002047
S2140173901B0603F0706300F00F000902034301F4BB
S2140173A07061120402F470220B431343014A136006
S2140173B0704700BF0020025C60B5054619B101396F
S2140173C0B1F5806F0FD2094EF06810F48030FBD112
S2140173D043EA012312072B4302F08052134343F082
S2140173E00043736060BD0120FCE700BF0020025C23
S2140173F00122054B9A60DA68D203FCD4D86820F0E3
S2140174000F000004000C70470020025C014B186856
S214017410704700BF0040025C014B5868704700BFD0
S2140174200010025C014B186B704700BF0010025C35
S214017430014B1868704700BF0010025C014B986052
S214017440704700BF0010025C014B1864704700BF14
S2140174500010025C014B5864704700BF0010025CCC
S214017460014B5863704700BF0010025C0022014BBD
S2140174701A6070470010025C024A136843F0010369
S214017480136070470010025C024A136823F0010380
S214017490136070470010025C43F20402014B1A604D
S2140174A0704700BF0010025C024A136843F03003C5
S2140174B0136070470010025C044B1A6842F4807235
S2140174C01A601A6822F480721A6070470010025C13
S2140174D0024A136843F48063136070470010025C2D
S2140174E0034A136823F4702343EA0043136070478A
S2140174F00010025C044B1A6902605A6942609A697C
S2140175008260DB69C36070470010025C0268044B4E
S2140175101A6142685A6182689A61C268DA61704784
S2140175200010025C024B1A6BD207FCD4186270473B
S2140175300010025C0322024B186019615A637047FF
S2140175400000025C82B01FB507930A9B04AC8B4215
S21401755028BF0B4604E907001048D100079948BF29
S21401756003330160099948BF23F0030323F07043F6
S21401757001F0E041194341F000518160002102F021
S214017580E042019C1A4342F00052C16004618261EC
S214017590416304B0BDE8104002B070470000025CD1
S2140175A03F22034B1A631022DA6103229A63704763
S2140175B00000025C024AD36B9B07FCD4704700BFF5
S2140175C00000025C044B9B6A13F0240F14BF0120D9
S2140175D000208000704700BF0000025C08B5FFF77E
S2140175E0F1FF064BDB6B23F47F4323F0EF030343EA
S2140175F01EBF0122024BC3F8FC2F08BD0000025C2F
S21401760000F0FF3F4368182B0AD0202B1DD0102B0B
S2140176102BD1174BD3F80434DB010AD40120704771
S214017620134BD3F804349A01F8D50B6843F00803DA
S2140176300B6003680F4A934210D10B6843F0400376
S2140176400B600023436000207047094BD3F80434D5
S2140176505B01E3D50B6843F00403E9E7064A93426E
S214017660F1D10B6843F08003EAE70720704700BFBB
S2140176700000025CC32C0020C22C00200B4607B57C
S2140176800749D1F80414C90708D50021009202461B
S214017690084600F05BF803B05DF804FB0120FAE74A
S2140176A00000025C1346064AD2F80424D20504D52B
S2140176B00A46014600201BF014B90120704700BF9E
S2140176C00000025C13B5084CD4F80444E40508D560
S2140176D0009313460A460146002000F061F802B006
S2140176E010BD0120FBE700BF0000025C13B5084C8B
S2140176F0D4F80444E40508D5009313460A46014627
S214017700002000F071F802B010BD0120FBE700BFB9
S2140177100000025C70B504460D4616468CB00A4A57
S21401772009AB07CA83E807001A462146CDE9056377
S214017730CDE90333CDE9013300954FF480301AF0DB
S214017740FCFF0CB070BD00BFC4F90300F0B51C46C9
S2140177505B6815468DB01A07129E1AD1CBB17268B6
S214017760934216D10C4B0D4A53F8217009AB07CA48
S21401777083E807001A462946CDE90533CDE90333E8
S214017780CDE90163009447F480701AF0D6FF0DB07E
S214017790F0BD0720FBE700BFD0F90300C4F90300E2
S2140177A0F0B516465A688DB0102A0D46129F15D1AF
S2140177B07A68102A12D10A4A09AC07CA84E8070077
S2140177C022462946CDE90547CDE90344CDE90144E2
S2140177D0044800961AF0B1FF0DB0F0BD0720FBE794
S2140177E0C4F9030030000100F0B516465A688DB0A2
S2140177F0102A0D46129F15D17A68102A12D10A4A0C
S21401780009AC07CA84E8070022462946CDE9057473
S214017810CDE90344CDE90144044800961AF08DFFF2
S2140178200DB0F0BD0720FBE7C4F90300100001000E
S21401783082B070B586B0149D03AE202D86E8070091
S2140178400B9359D805EB85038B4203D006236B4374
S2140178508B4253D10C9BAB4250D10F9BB3EB450FE0
S2140178604CD1129A934249D1012229462220159BD6
S214017870FFF7A2FD044630BB034606220E210C206C
S214017880FFF786FD0123CDE900332B4696E8070076
S2140178901AF0E6FE0E230BAA009307CA2B461AF02F
S2140178A02AFE0C23164C00930EAA2B4607CA1AF082
S2140178B052FE636823F07F0343F026036360FFF7FD
S2140178C097FD30B10624204606B0BDE8704002B0F0
S2140178D07047636823F07F0343F022036360FFF77A
S2140178E087FD04460028EDD1062311AA009307CA96
S2140178F02B461AF063FEE6E70124E4E70724E2E7F5
S2140179000020025C70B598B0002843D02C4C08AD1E
S2140179100FCC0FC50FCC0FC50FCC0FC594E80F00C9
S21401792085E80F006D4604AE04F1100320340FCB3A
S21401793085E80F0094E80F0086E80F00FFF7BCFD0E
S2140179400420FFF7CDFDFFF7A7FD3046FFF7DEFD6C
S214017950002408AE56F8040B0134FFF7E3FD102CA3
S214017960F8D1FFF759FD0328FBD90024FFF77EFD68
S2140179702646FFF74BFD55F8043B01365840042ECA
S21401798044EA0004F5D12CB1012206200D4B1A70F1
S21401799018B070BDFFF790FD0820FFF74FFD0020DF
S2140179A0FFF752FD0720FFF755FD4FF40070FFF774
S2140179B057FD0820FFF794FDFFF75EFD0020E7E77F
S2140179C0ACFA0300C52C002008B5FFF775FD0122AF
S2140179D0014B1A7008BD00BFC42C00201FB51BF058
S2140179E0FFF8044630B1012206240D4B1A702046DA
S2140179F004B010BDFFF70AFD0090FFF707FD0190E8
S214017A00FFF704FD0290FFF701FD03906846FFF7BC
S214017A107DFDFFF7D9FFFFF747FDFFF759FDE6E7C5
S214017A20C52C002006289ABF014B185C0020704721
S214017A300CFB030030B5154B87B00293144B039033
S214017A40049346F611030D46059300F077F91428C2
S214017A50044616D168461BF06DF94FF0A843032281
S214017A6002A95A6319601D619A63DA6B9207FCD109
S214017A70142C02D168461BF06BF900F093F904460A
S214017A8001E00028E9D0204607B030BD441E0020A2
S214017A90040000202DE9F04FB1B005468C469E4605
S214017AA0E8466F4EDDF8EC90409C06F1100A47461A
S214017AB030687168083603C75645B846F7D13E9B0D
S214017AC003EB0208C8F1000A0AF00F0AB9F1000F29
S214017AD000F09D80C9F1000707F00F070121DDF8CE
S214017AE0FCB044F00050C4F11006CDF810B005917A
S214017AF00690300200F4F85040F021000790B9F1EA
S214017B00000F40F08680CDF820D047F00050002DC1
S214017B1000F08480099121210A9041EA07210B9106
S214017B2042F00050CDF830C03D9B08A94FEA0A2C20
S214017B300D910E904CF041000F901093002A75D1D4
S214017B403E9B119143F0005312933C9B1390149368
S214017B5010AB1593434B444A169340F61103179303
S214017B60424B0021002D08BF1346189314AB1993FE
S214017B703F4B10221A9311231B931CAB184625F07A
S214017B8059FD01221D92002246F0804603461E96AC
S214017B90239205B9EB46102CCDF880B024AE4BD11C
S214017BA001232246002130462193229425F042FDEE
S214017BB020AB002125938F4218BF334647F0804201
S214017BC026923A9A2CA828922993B2FA82F35B0954
S214017BD049EA837310222B912A9325F02BFDB9F1E4
S214017BE0000F00D028AED04448F080432CA918A836
S214017BF02D962E93FFF71EFF30B92DB90346A342EB
S214017C0025D1002818BF2C2031B0BDE8F08F1027F1
S214017C1064E7CDF820E049F0005078E7002C3FF407
S214017C2079AF04A9099101210A9076E73E9B0CAA37
S214017C3011924120129388E71022002130462193A9
S214017C40229425F0F7FC002CB2D10123B1E703F111
S214017C50C0026A4412F8C02C01331043CFE700BFBC
S214017C6013FB03001000002028FB03002CFB03007D
S214017C7004000020F0B5C0299FB0DDE9244557D0A7
S214017C80B1F5807F04D0802948D029201FB0F0BDEF
S214017C9001265CB140F23447029410240396049402
S214017CA0212401970594069502AC0AE040F2144798
S214017CB00294102403960494212405940124019728
S214017CC00695079401251024089409950A92212205
S214017CD00B950C940D92174A0AAD0E92164A0F9503
S214017CE0109242F611021192129313951494159262
S214017CF001AA1692D3B112AB17930423189311233A
S214017D00199316AB1A901B9340F61103C9081C91E0
S214017D101AA806A91D93FFF78DFEB7E7012614B929
S214017D204FF48267C4E74FF48667B5E70EABE3E727
S214017D300F20ABE724FB03001000001038B5164BEC
S214017D405A6E42F004025A66D3F8802242F00102CB
S214017D50C3F88022114B5B68C3F3080343B14FF0AD
S214017D60A842D36B13F0430FFBD11424204638BD31
S214017D704FF0A843DC6B14F04304FBD1084D2B688D
S214017D801BB90421284602F0EBFE2B68013343F0B1
S214017D9000432B60EAE700BF0080005000ED00E0E2
S214017DA0441E0020014B00205B68704700ED00E098
S214017DB04FF40052034B00209A660322C3F8602258
S214017DC0704700BF009000504FF40052034B002054
S214017DD09A660322C3F86022704700BF00A00050D5
S214017DE0012300F01F02A0F506200949A0F5506006
S214017DF04009934051F820201A4341F820200549B4
S214017E0051F8202022EA030241F82020704700BFE3
S214017E105C1E0020481E00200121A0F506230E4A04
S214017E20A3F550635B0900F01F00814052F8230060
S214017E30014342F823100949D1E900300344886818
S214017E400344C868096903445B1802BFC2E90033EA
S214017E50C2E9023313617047481E00205C1E0020F1
S214017E602DE9F04FA9B003921D4604460822339E21
S214017E70CDE90401414021FA02F34B40980702F193
S214017E80080218BF9B00202A1C44F4D18123B4FBAE
S214017E90F3F303EBC313E41A734B04F506241B78C0
S214017EA004F55064002B3ED1FDF7A4FE074620B131
S214017EB06FF0910029B0BDE8F08F0146402208A876
S214017EC025F0B8FB4022394618A825F0B3FBDFF8A9
S214017ED0B481DFF8B491C3460BF10F0ACDF800A0C8
S214017EE0102208A95B46D9F8000024F090FC002275
S214017EF0014608F1100808AF914246D1CDF800A01E
S214017F005B461022D9F8000018A924F089FC4FF02E
S214017F10000A834618AFD34541D1544B9845DAD170
S214017F200122514B1A704FF0810A4FF00008DFF81A
S214017F305CB1A4F50627A7F550635B095BF823201F
S214017F4004F01F01CA40D2073DD4494A52F82330F3
S214017F50CB40DB072AD5B8F1000F08BFA046812326
S214017F60A7F6FF47B7FBF3F303EBC313FF1A07F5B7
S214017F700624BAF1010A04F55064DAD1039BBBB1B9
S214017F80B8F1000F14D0444619E057F8040BCDE9B8
S214017F900612FFF725FF079A06990132ACE757F854
S214017FA0040BFFF739FF0AF1010AB4E7039B13B983
S214017FB06FF08B007EE7B8F1000F18BF4446349B84
S214017FC000201C6076E7329B13B10023329A1360BF
S214017FD00EB1002333601023DFF8AC9000932A46DD
S214017FE000232146D9F8000011F02EFB60BB329920
S214017FF02A68204BC9B99A4206D02146D9F8000012
S21401800011F0BAFB0028D3D1D5E90223DDE904102B
S214018010834208BF8A42A2D1039B002BCFD06B6854
S214018020012BCCD16FF0840044E7102032999A429C
S2140180300860E2D1002EE7D033462146D9F8000089
S21401804018AA11F055FB48B10B4B9842D5D00B4BF3
S2140180509842D2D00A4B9842D6D029E7329A336852
S21401806012689B1A3360CFE7C62C00200071080007
S214018070481E0020105D175EFFDF00F011E000F0E3
S214018080FEDF00F0006D08001C0B00205C1E0020C7
S2140180902DE9F04F87B08246894698461646DDF8A8
S2140180A040B02AB1002B4FD040F26C739A424ED8A2
S2140180B0BBF1010F4ED8002406F110073946012006
S2140180C005941BF08EF90546002846D021463A460F
S2140180D025F0B0FA05ABCDE9014300942B46012209
S2140180E050464946FFF7BCFE044680B110F18C0F9E
S2140180F008BF6FF08D043A460021284625F09AFA0B
S21401810028461BF07EF9204607B0BDE8F08F144BD9
S214018110C5E902A92B60C5F804B02EB13246414626
S21401812005F1100025F091FA059E0E483B462A46B9
S2140181303146006811F0F0F918B93046FFF750FEE5
S214018140D9E76FF09104D6E76FF08604DBE76FF0AE
S2140181509104D8E76FF08504D5E76FF08C04D2E779
S214018160105D175E1C0B00202DE9F0438DB0814693
S214018170DDE914780E4615461C469BB1B8F1000F92
S21401818005D16FF0860630460DB0BDE8F083002FAE
S214018190F7D0B7F1005FF4D3C3F1005303F5004302
S2140181A09F42EED81022002108A825F043FA0022AB
S2140181B007AB029305AB019306AB314600934846E5
S2140181C008ABCDE90522FFF74BFE06460028DAD1BB
S2140181D0059BA4B1AB4215D853EA0504D1D1069B41
S2140181E00B48C8F8004000943A46079900682B44AB
S2140181F011F02AFA002818BF6FF09106C3E7AB42C8
S214018200EDD2BEE75B1B9C4228BF1C46E7E700BFDA
S2140182101C0B002030B58DB00C46054610220021FF
S21401822008A825F007FA002207AB029305AB0193D5
S21401823006AB21460093284608ABCDE90522FFF799
S2140182400FFE0446D8B9099B012B1BD0079D104B86
S2140182502946186811F090FAB8B90122A5F5062347
S2140182600C49A3F550635B0905F01F00824051F8E5
S21401827023004240284641F82320FFF7CDFD204643
S2140182800DB030BD6FF08404F9E76FF09104F6E7A6
S2140182901C0B00205C1E00202DE9F04F89B007461C
S2140182A00E46FFF7C5F8C00709D4042401201AF0CA
S2140182B0A4FC80B3013CF9D16FF0920028E01022B3
S2140182C000210DEB020025F0B5F904A8FFF712F91D
S2140182D0049B002BE9D0059B002BE6D0069B002BC8
S2140182E0E3D0079B002BE0D00025DFF8808008F163
S2140182F00409B54219D34FF48A74FFF793F800F0D6
S2140183000E03062B2DD1C30501D5FFF7BDF80020BE
S21401831009B0BDE8F08FFFF785F810F00E03FAD02C
S214018320022BF8D04105DFD5C4E7FFF775F8A6EBB9
S214018330050A8400544528BF544699E803000023E3
S2140183408DE80300CDE9054307EB050BCDF810B02A
S214018350029404AAD8F8003007CA1AF047FB25444D
S214018360C7E724FA03F3DA07A6D5C6E738FB030006
S2140183701FB504A800E90E0011460198FFF78CFF0F
S21401838070B1FFF721FBBFF34F8F0749074BCA6850
S21401839002F4E0621343CB60BFF34F8F00BFFDE7EB
S2140183A005B05DF804FB00BF00ED00E00400FA052F
S2140183B02DE9F0438BB01746DDE91545DDE91326B7
S2140183C09C46DDE91738894621B96FF086000BB067
S2140183D0BDE8F083002FF8D00EB9002CF5D1129924
S2140183E009B9002AF1D10DB9002BEED1B8F1000F71
S2140183F0EBD0244A944541D10288B2F5105F3DD1B5
S2140184004288B7EBD20FE0D322F04001802902D098
S214018410B2F5807FD9D16CB3AE421CD232199542E7
S21401842019D29C42D1D831462246284625F0E8F892
S2140184302E4614F00F03C8D1CDE90197CDE90336D6
S214018440CDE90543CDE907540993FFF7B1FC38B1EF
S2140184506FF09200BBE79C42EBD96FF08900B6E75C
S21401846007AA04A901A8FFF709F90546FFF7ACFC1E
S2140184700543EDD10020C8F80040A8E76FF085005D
S214018480A5E700BF004440042DE9F04FA9B083469C
S21401849017469A460E46DDF8C890DDF8D88029B909
S2140184A06FF08603184629B0BDE8F08F002AF7D092
S2140184B0B9F1000FF4D0349B002BF1D0B8F1000FC6
S2140184C0EED00024424B0CAD93E8070085E8070088
S2140184D03C22214619A8189425F0ACF833887288F6
S2140184E003F4E040B0F5804FDAD03A4E3A480BEA52
S2140184F0060646F01066864263D1B2F5807F60D1EB
S21401850047F2121293425CD10620344ABAF11F0F89
S214018510D3680E940B931369126800FB03F3CDE93D
S2140185200C23BDD9339B402BBAD9359B1F2B4BD976
S21401853009F1010220261292402299F800300F9785
S214018540042B18AFCDE91324CDE9157210961194BA
S2140185501794A5D1FFF72CFC03460028A2D10B9B4C
S21401856015AACDE9086305AB07CA83E8070002AB85
S21401857012AA07CA83E80700DDE910018DE80300A7
S2140185800F9B95E80700FFF753F90546FFF71CFC1C
S21401859055EA000384D13D46349A20AE2C4603CCDE
S2140185A0B44210605160254602F10802F6D100225D
S2140185B01146B9540132402AFBD12022C8F80020C6
S2140185C070E76FF085036DE76FF089036AE700BF18
S2140185D0C4F903000000FFF600000209D8F9030001
S2140185E0F0B50E461D468BB0002853D0002951D059
S2140185F0002A4FD0002B4DD0048804F44F43B3F526
S214018600824F03D06FF085000BB0F0BDE3B224F0CB
S214018610FF04B4F5E24FB0F802C0F3D1122B01D03B
S214018620172BEFD10CF10701B2EBD10F4FEAD107AF
S21401863033D31D4A04ACBCF5807F07CA84E8070023
S214018640E0D1122B07D1194B1A691B681344CDE9E7
S2140186500432002306930023CDE907670993FFF749
S214018660A7FB0028D0D1124A02AB92E8030083E8A8
S21401867003000AAB13E903008DE80300079B94E8A7
S21401868007001AF038F90446FFF79EFB204307D18E
S2140186902F60B9E76FF08600B6E76FF08900B3E7A1
S2140186A06FF09200B0E700BFC4F90300D8F90300E9
S2140186B030FB03002DE9F0438FB01D46DDE916C6F9
S2140186C000285CD000295AD0002A58D0002B56D05A
S2140186D0BCF1000F53D0002E51D0038803F44F4451
S2140186E0B4F5824F51D1DCB223F0FF03B3F5824FCC
S2140186F040884AD0122C01D0172C46D1C31DB2EBAC
S214018700D30F4FEAD3083AD34FEA4802571C6745BE
S21401871038D8B0F5807F38D1122C18BF4FF0000939
S2140187204FF0000308BF1C4CCDE9081805F1010104
S21401873014BF4C46D4F80C90CDE90B120A930D9356
S214018740FFF736FBC0B9CDE9058902AB08AA07CA0F
S21401875083E807000EAB13E903008DE803000B9BCB
S21401876094E807001AF0E6F80446FFF72DFB2043CD
S2140187700ED104232B7037600FB0BDE8F0836FF085
S2140187808600F9E76FF08900F6E76FF08500F3E7FA
S2140187906FF09200F0E700BFD8F903002DE9F0432F
S2140187A089B00E4615461F46DDF8488020B96FF0A1
S2140187B0860009B0BDE8F0830029F8D0002AF6D07B
S2140187C0B8F1000FF3D0038803F44F42B2F5824F9D
S2140187D002D06FF08500ECE7DAB2122A01D0172A30
S2140187E0F7D123F0FF03B3F5E24F41D14488C8F82F
S2140187F0004044B9EB00B3F5807FC8F80030E8D1FB
S214018800122A0DD108E0E31DB5EBD30FCFD1B4F595
S214018810807FDED1122A29D1354B1C681B691C4486
S2140188200023194670192C4414F801CD10F8012DB7
S2140188301143B2EB0C020CBF4FF0FF3C4FF0000CA3
S21401884086420CEA030343EA0203EDD10029AED0C7
S214018850002BACDA109B9D4246D82A463146384654
S21401886024F0F3FE119B00201D60A2E70024D7E749
S2140188703378042B9BD16B1EDB005B08B3F5807F3E
S214018880C8F80030A5D1122A06F1010318BF4FF02F
S21401889000094FF0400205934FF000030ABF144C45
S2140188A04C46D4F80C90CDE90623FFF781FA002850
S2140188B07FF47FAFCDF80C90D8F800300733DB0893
S2140188C0029308AB13E903008DE80300059B94E8C7
S2140188D007001AF0DCF80446FFF776FA00287FF462
S2140188E068AF002CB6D062E76FF0890061E700BF81
S2140188F0D8F903000388B3F5105F0ED14388DB086F
S214018900103B102B0CD8084A22FA03F313F0010F80
S21401891014BF00206FF0860070476FF08500704727
S2140189206FF08600704700BF010101002DE9F04F8E
S2140189308FB01546DDE918A91E46DDF868801C9F34
S21401894009B300B3B8F1000F1DD0E7B1BAF1000FBB
S21401895002D1B9F1000F16D1274B26F47E129A42A6
S214018960B0F802B044D1FFF7C5FF0446A8BBB5EB8B
S214018970DB0F4FEADB0306D316F47C1FC6F305456F
S21401898004D0102D03D96FF0860426E010251B9A1B
S21401899095422AD8CDE9011300231022CDE905938B
S2140189A00DF12809CDE9033ACDE90823CDF81C904D
S2140189B0FFF7FEF9044680B907AA04A901A8FEF745
S2140189C071FE0646FFF700FA044656B958B92A461C
S2140189D04946404624F039FE3D6020460FB0BDE8CA
S2140189E0F08F6FF092040025F6E76FF08904F4E744
S2140189F06FF08504F1E700BF0002C0032DE9F041E6
S214018A00069F0C461646054610B309B302B9FBB9D4
S214018A106288B3EBD20F4FEAD20819D34C22002159
S214018A20284624F007FE0D4B27F47E129A4212D1F7
S214018A302046FFF75FFF044638B942463146281DF7
S214018A4024F003FEC5F824802F602046BDE8F0819F
S214018A506FF08604F9E76FF08504F6E70002C003BD
S214018A602DE9F0410E4614460546002840D000295F
S214018A703ED092B10368214823F47E1383423AD153
S214018A80AF6BF7B1C7F1100807F12800424528443B
S214018A9006D2274424F0D9FDAF630020BDE8F0815B
S214018AA0424624F0D2FD1022103C3C19AA63F4D0B1
S214018AB0284605F128011AF093F90028EED146441C
S214018AC0A863102C0CD9671E27F00F073A463146CB
S214018AD028461AF085F90028E0D1E41BDDD03E4493
S214018AE02246314605F1280024F0AFFDAC63D4E7F9
S214018AF06FF08600D2E76FF08800CFE70002C00370
S214018B002DE9F04388461F4605468BB070B169B122
S214018B1063B10368234923F47E1088423ED113F4DF
S214018B207C1FC3F3054604D0102E03D96FF08604CC
S214018B302AE0102696422BD8FFF73AF9044618BBCE
S214018B40AB6B05F12802CDE901236B6A2A1DCDE93D
S214018B5004231023CDE9083007AB1A46039006908C
S214018B6005F13C0901A904A8CDF81C90FEF7BEFD4D
S214018B700546FFF729F904466DB928B93246494634
S214018B80404624F062FD3E6020460BB0BDE8F0830F
S214018B906FF08904F8E76FF09204F5E76FF085044B
S214018BA0F2E700BF0002C00307B56B46054A10682E
S214018BB0516803C36846FDF7C7FE002003B05DF8A1
S214018BC004FB00BF44FB030013B50024064A6846B5
S214018BD0536F43F00103536700948DF80440FDF78B
S214018BE0EBFD204602B010BD0040005030B58BB002
S214018BF06C46174D0FCD0FC40FCD0FC495E803007B
S214018C0084E80300134BD3F84C2112031CD5A3F5BB
S214018C10FE431C884FF6FF739C4208BF78248DF8EC
S214018C201940FDF7C1FB204480F308008DF81800B9
S214018C300948FCF76DFB6846FDF7D6FA3220FDF7CA
S214018C402FFC00200BB030BDD3F85041E4B2E6E76C
S214018C504CFB03000080E00F00F0490230B5094DDF
S214018C6087B001AC0FCD0FC42B6801A82360252364
S214018C708DF80530FDF7D0FB3220FDF70BFC002008
S214018C8007B030BD74FB03006FF00403502110B52C
S214018C900A480B4C13F0800F03F1010207D123445D
S214018CA0402A83F800131346F4D1002010BD03F0C8
S214018CB00F03043B034419761346EBE700ED00E08F
S214018CC000E100E010B5044619F071FB024B1C6090
S214018CD019F071FB002010BD701E002010B519F0B0
S214018CE066FB034B1C6819F066FB204610BD00BFEF
S214018CF0701E002038B50446026C136C5906FCD56C
S214018D000023E16C1A4694F84800FDF7BFFF0023E4
S214018D10616D1A4694F85000FDF7B8FF94F8683074
S214018D20DA0706D50023E16D1A4694F85800FDF7D8
S214018D30ADFF94F868309B0706D50023616E1A468E
S214018D4094F86000FDF7A2FF0122206C002100F5D7
S214018D5000539A6404220A4D9A6419F07FFB00219D
S214018D60606CFDF73DF9284604F16C0119F012F923
S214018D702B6813B9034800F06BFD002038BD00BF17
S214018D80741E0020781E0020012910B505D8064B58
S214018D901C686C3C14F16C0F00D110BD206C0521D1
S214018DA019F05CFBE46EF4E7741E00202DE9F04335
S214018DB08DB01C4606AB06468946184690460021ED
S214018DC01822149D24F036FC227903460AB18DF848
S214018DD018200127C8F81C3063793046C3F1020316
S214018DE0DBB2CDE903336A4B4A460293694B294607
S214018DF00193694B8DF81E700093684B00F034FAAE
S214018E000646002840F09E80A36839466B64A36935
S214018E103A206B65237DDFF89C9185F850302369F5
S214018E20EB64237B85F84830236AEB65237F85F85E
S214018E305830A36A6B6694F8243085F8603023684E
S214018E402B64FDF7CDF83B4604222169207BFDF714
S214018E501DFF3B460222A169207DFDF717FF88F81A
S214018E60006085F868603946A068FDF7B9F863794F
S214018E70394633BB4FF4C060FDF7B2F8D9F820325B
S214018E80414623F0030343F002032068C9F8203269
S214018E9019F0F1FA0222424B2169C3F8C020227B65
S214018EA042EA0142C3F8D020A169227D42EA01428A
S214018EB0C3F8CC202379032B67D8DFE803F02E19FB
S214018EC047604FF48060FDF78BF8D9F820324146B1
S214018ED023F0030343F00103C9F82032206819F098
S214018EE0C7FA95F8683043F0040385F86830D1E78F
S214018EF0002795F8683043F0010385F868300222B0
S214018F000023216A207FFDF7C1FE226A237F43EA00
S214018F100243244AC2F8C430F7B904222B6C052157
S214018F2003F580539A64206819F098FA1E4B1B6863
S214018F301BB91E491E4800F079FC1B4805F16C015F
S214018F4019F024F830460DB0BDE8F08395F8683086
S214018F5043F0020385F8683000230422A16A94F8DE
S214018F602400FDF793FE01230E4AA16AC2F8C03021
S214018F7094F8243043EA0143C2F8C830CDE795F8A7
S214018F806830012743F00303B7E72326DAE700BF7B
S214018F90F58C0100172F0300532F0300472F030002
S214018FA000C4035000D40350741E0020200B002080
S214018FB0781E002000800050034B02221868002310
S214018FC08068194617F0F8BC300C002030B51446FE
S214018FD0054687B010461AF04EF86369024683428A
S214018FE03CBFD4E903315B181B1A7BB10F490494CB
S214018FF003910021CDE90131012300932846D4E9EC
S214019000001319F09FF8002007B030BD01226276E8
S21401901094F82D20002AF6D084F835301321E36920
S214019020204698472046636A9847ECE7CD8F0100B3
S2140190302DE9F04788B004460F461646984619F0C3
S214019040BDF98146002E7AD0237E03F0FF02002B65
S21401905000F0A28020461AF00EF86569A84205D1F4
S214019060637ED4E9033213445D1B01E0F9D9451B45
S214019070B54228BF354619F0A1F994F82D3082463D
S214019080002B6DD12A463846616924F0DEFA636901
S2140190902E462B44636121E0037803F0FD0111297C
S2140190A05BD1216B814205D1A3F111014B424B41AA
S2140190B084F83430013E6369216B01328B4203F13F
S2140190C0010308BF2363636195426069E4D1D4E973
S2140190D00323216B1344994200D122630025D4E96E
S2140190E0032361691344994208BF6261207A657659
S2140190F0FCF7D6FB204619F0BEFF6369834232D1E6
S214019100257694F82D30E568656103B12563204620
S214019110636A9847214B04940393002302932369BF
S2140191202A4601930123009363682168207A19F087
S21401913009F8207AFCF7D4FB504619F045F9484661
S214019140C8F8006019F040F9D8F80030002B0CBFC1
S2140191501B20002008B0BDE8F08707F8013BAAE70E
S2140191602E460022B0E70123207A23760DF11E0158
S214019170FCF71EFC9DF81E30002BDAD00DF11F0106
S214019180207AFCF7EDFB9DF81F100029D1D122466D
S214019190207AFFF71BFFCCE71646D0E7CD8F0100FC
S2140191A0002807DB01234109034A00F01F00834022
S2140191B042F82130704700BF00E100E0002808DBDC
S2140191C001224309034900F01F008240603341F841
S2140191D02320704700E100E070B504460568FFF7FC
S2140191E07DFD844202D10020FFF76CFD95F93660C3
S2140191F03046FFF7E3FF002E0CDB01221949730905
S21401920006F01F06B240203341F82320BFF34F8FEC
S214019210BFF36F8F95F937603046FFF7CFFF002E0B
S2140192200CDB01220F49730906F01F06B2402033FA
S21401923041F82320BFF34F8FBFF36F8F287AFCF7D7
S2140192406FFB287AFCF7D2FAFCF7AEFA0023284621
S214019250C4E90033C4E90433A360AB6ABDE87040D7
S214019260184700BF00E100E02DE9F0430C46154623
S214019270064687B04022002120461F4624F0DAF930
S21401928095E8030000232A692376EB6884E8030047
S214019290C4E904232A7DE36084F82C20AA7D236395
S2140192A0012384F8343084F835300E9B84F82D2061
S2140192B023620F9BE7616362109BA3622B7A84F89B
S2140192C036306B7A84F837302D4B346073602D4B13
S2140192D0B3602D4B33612D4B73612D4BF360FCF75F
S2140192E0ABFA38B12B4B984204D01024204607B075
S2140192F0BDE8F083002104F10800FCF725FA0746D3
S2140193000028F2D14FF00108234B3362234B84F837
S2140193103C80B361224BF3619DF8483084F83900F4
S21401932084F83B309DF84430204684F83A30697D15
S21401933084F8388019F0AFFE95F909904846FFF792
S2140193403DFF4846FFF72CFF164B0494CDE9027308
S2140193502369CDE900836368E2682168207A18F002
S214019360F1FE04460028C0D195F908502846FFF7BB
S21401937025FF2846FFF714FF3046FFF7A3FCB5E7A5
S214019380E730030031900100653003006B300300C5
S214019390D9910100038000F03F30030097300300AD
S2140193A071300300CD8F0100BFF35F8F074B5A6A00
S2140193B022F480325A62D3F8942022F00102C3F8D4
S2140193C09420BFF34F8FBFF36F8F704700ED00E01F
S2140193D070B52948294CFFF7E7FF8442284D2949F3
S2140193E019D1D5F8C03023F0FF0343F0A003C5F828
S2140193F0C0304FF080430A68214D234EC5F89820AF
S21401940043F0010301328442C5F89C60C5F8A030E0
S2140194100A601ED00DE0D5F8C02020F01F03203BC7
S21401942022F0FF0242F0A002B3F1005FC5F8C020AF
S214019430E1D2164B0A68124823F01F0343F00303D8
S214019440C0F89820C0F89C30114B0132C0F8A0300B
S2140194500A60BFF35F8F0522094BC3F894205A6A4E
S21401946042F480325A62BFF34F8FBFF36F8FBFF360
S2140194704F8FBFF36F8F70BD440D00201C0F00206F
S21401948000ED00E0801E0020030000203B0F0020BE
S214019490E1FFFF3FF8B51446FFF786FF1F2C27D9DB
S2140194A00027C2062A4D1CBF20F01F0020302A6864
S2140194B0CB06284B18BF21F01F01FCB2A2422BD8C5
S2140194C0D3F8C04020F01F0024F47F4444F4807495
S2140194D021F01F01C3F8C04040F00300C3F89820F4
S2140194E041F003010132C3F89C00C3F8A0102A60C2
S2140194F00020BFF35F8F0522164BC3F894205A6AEB
S21401950042F480325A62BFF34F8FBFF36F8FBFF3BF
S2140195104F8FBFF36F8FF8BDC3F89840D3F89C40C8
S214019520D3F8A06024F01F04A04226F01F0601D144
S214019530B142DDD0B04201D8A14207D2D3F898405B
S214019540013724F0FF04C3F89840B6E72820D0E797
S214019550801E002000ED00E0BFF34F8F0549064B4B
S214019560CA6802F4E0621343CB60BFF34F8F00BFBB
S214019570FDE700BF00ED00E00400FA05054B1A7890
S2140195802AB95B78002B0CBF03200220704701200C
S214019590704700BFD12C00200329F8B598BF124BA5
S2140195A005460E468CBF00245C5C032805D8DFE820
S2140195B000F002080B0E44F002040C4B1F684FB972
S2140195C0F8BD44F00804F8E744F02004F5E744F059
S2140195D08004F2E77B681A68144203D031462846B5
S2140195E05B6898473F68EAE788FB0300B01E0020E7
S2140195F038B5104D2B78ABB10F4C23781BB100F06A
S214019600C7FB00232370002019F00EFE0B4C50B14F
S21401961000F010FC0023012120782B70FFF7BCFF1F
S2140196200123237038BD0122054B1A702278054BA1
S2140196301A70F7E7CC2C0020CA2C0020D32C00206F
S214019640CD2C0020CE2C002010B518F0B0FE064B15
S21401965004461B781BB1BDE8104018F0ACBEFFF7FE
S214019660C7FF2046F7E700BFC92C0020094A137838
S21401967030B101331370084B1B78012B03D87047A8
S214019680013B13707047054B1B780BB9FFF7B0BF52
S214019690704700BFD12C0020D32C0020CD2C0020F9
S2140196A070B518F084FE124E054633789BB900F06B
S2140196B0FDFC044620B1284618F07DFE204670BD0C
S2140196C00C4818F060FC00F0E7FF0B4B1C6000F044
S2140196D0B9FD0A4B186000F03BFA19F0A7FD084BDC
S2140196E00024186001232846337018F064FEE5E76D
S2140196F0D42C0020B01E0020841E0020AC1E0020AA
S214019700881E00202DE9F843284A0138135C39B138
S214019710274F013339781354012904D8BDE8F8835B
S214019720013B1354FAE7FFF729FF0128044635D811
S21401973018F03DFEDFF88480054698F8003013B334
S2140197401C4E33781BB9012232701B4A1370DFF8A6
S214019750709099F8003023B100F01AFB002389F8C5
S2140197600030284618F027FE012019F05DFD18F09C
S2140197701EFE337805461BB100F05CFB00233370F8
S214019780002388F80030284618F015FE3878A042E5
S214019790C4D02146FFF700FF3C70BFE70329F5D18F
S2140197A00228F3D119F046FDF0E700BFD12C0020C6
S2140197B0D32C0020C92C0020CD2C0020CC2C00203E
S2140197C0CA2C002010B5044618F0F1FD002C0CBF81
S2140197D0FF210121064A13780B44DBB21370B3FA5A
S2140197E083F3BDE81040034A5B09137018F0E3BD2C
S2140197F0D02C0020CF2C002038B518F0D8FD094B0E
S21401980005461B78012B04D818F0D5FD0024204608
S21401981038BD054B1C6800F057FB0444284618F079
S214019820CAFDF4E7D32C0020841E002038B5416021
S214019830044618F0BCFD05462146044818F0A6FB70
S2140198402846BDE8384018F0B6BD00BFB01E00205F
S21401985038B5054618F0ABFD04462946034818F00E
S21401986099FB2046BDE8384018F0A5BDB01E002083
S214019870054B1B685843054B00F5742000F23F204A
S214019880B0FBF3F0704700BFAC1E002040420F0053
S2140198902DE9F04F85B0EFF3108772B6AFF3008075
S2140198A018F091FA00286FD0804EDFF82C823378BA
S2140198B023B10020FFF7DAFE00233370FFF75EFEC8
S2140198C00446002867D0841EE4B2012C6AD9FFF74B
S2140198D055FE01280546764CDFF8009200F28C8092
S2140198E02078854240F0C680207800F0D7FA99F8B3
S2140198F0003013B16F4B1B782370AFF3008007B9AC
S21401990062B6EFF3108772B66B4B1A7852B100222B
S2140199101A70684B20781B78984203D10121217078
S214019920FFF73AFE654800F0FBFB18F060FA0546C3
S2140199300028BCD1624BDFF89481187098F800308B
S214019940ABB189F80000DFF88C9199F800301BB1B3
S21401995000F01EFA89F80050002019F065FC002876
S21401996000F09B8000F066FA002388F80030337818
S21401997023B10020FFF77AFE002333700021207800
S214019980FFF70AFE00232370AFF3008007B962B623
S21401999005B0BDE8F08F3378002B98D0FFF766FE50
S2140199A0347094E7002003A900F008FC0446002860
S2140199B08DD1D8F80030039A9A4205D80120FFF7D6
S2140199C055FE0123337082E73E4B1D6800F07CFA9A
S2140199D0039B05449D42F1D200F08EFA8200039962
S2140199E042F0020292B2CDE900422346364A491BB2
S2140199F0324819F020FC6AE7344BDFF8C4A093F82C
S214019A0000B0BBF1000F25D100F046F92078854261
S214019A1030D19AF800307BB92C4D2B78002B7FF48F
S214019A2063AF2B4B1B7823B900F0ACF90122294B0D
S214019A301A7001232B7057E7022DEDD18AF800B07A
S214019A4015E02378022B25D100238AF8003023F075
S214019A5088FA1FE0207885420CD19AF80030002B56
S214019A603FF442AF022DD7D100238AF8003023F00D
S214019A7078FAD1E70023DFF848A08AF8003099F891
S214019A80003013B92946FFF787FD9AF80030257094
S214019A90002BD6D1012DBFD826E7012000F0FEF914
S214019AA007B962B6EFF3108772B655E7CB2C0020E4
S214019AB0D32C0020CE2C0020C72C00208C1E00208A
S214019AC0CF2C0020841E002049960100CC2C0020BB
S214019AD0D02C0020CA2C0020881E0020CD2C00206F
S214019AE010B518F064FC0022044B1C781A7018F0AC
S214019AF062FC00F013FD2043C0B210BDC82C00204C
S214019B0073B5114E0446337883420FD04FF4007379
S214019B100E4DADF8043058B101A8FCF7E9FD402020
S214019B20FFF7A6FE2B68181A2860347002B070BDC5
S214019B308DF8050001A8FCF7DBFD4020FFF798FE35
S214019B402B681844F0E700BF290D0020E81E00200E
S214019B5073B5002401A88DF80440FCF78FFE20465B
S214019B60FFF7CEFF404A4149136F414803F0070310
S214019B700B60D2F800113F4D01F0030101604FF474
S214019B8000203D49032B48664FF40030486601F536
S214019B9098318969C1F3400129705DD0D2F820312E
S214019BA003F00303981E43424341D2F82421334C69
S214019BB002F00702022A08BF43F001034FF4C870FF
S214019BC02370FFF755FE00222D4B2E4918602E4EAE
S214019BD00B680132D2B20A2A46F8040BF9D10344C3
S214019BE000EBC00003440B602B78284D63B3237849
S214019BF01D4A3BB9D2F8003103F00303591E4B420C
S214019C004B412370D2F8003103F00303022B25D019
S214019C10032B26D0012B17D1FBF774FB024698B114
S214019C201B4B1C4EDC6800231946C4F30B0401349D
S214019C3004EB84040138E4FB060116F0A7FBFFF7EA
S214019C4017FE2B6803442B601F20FFF711FE2B68BD
S214019C5003442B6002B070BD0123A6E7FBF76CFB43
S214019C60DCE718F088F9D9E700800050EC1E0020E8
S214019C70F01E0020D82C002000900050D92C002087
S214019C80B41E0020B81E0020BC1E0020E81E0020C6
S214019C9000C0015040420F00074A0849D2F820315F
S214019CA003F003030B60D2F82431054A03F00703DF
S214019CB0136018F08EBB00BF00800050F81E002015
S214019CC0F41E002008B5104B1A78C2B100221A7093
S214019CD00E4B1A6F22F0070242F001021A67D3F800
S214019CE0202142F00302C3F82021D3F8242122F0D8
S214019CF0070242F00302C3F82421FBF7EDFA012222
S214019D00034B5A6708BD00BFD72C002000800050C7
S214019D1000E000500122154B10B55A67144B154C44
S214019D201B7813B3022019F01FFBF0B100F076FA8E
S214019D30D8B1A36DD90302D5E36D9A0715D40D4B9F
S214019D409B6DDB0711D401220B4B1A7019F0F7FA41
S214019D50BDE81040094B0A4A1860136F23F0070349
S214019D6043F003031367FBF7B7BA10BD00D00050EA
S214019D70D92C002000C00050D62C0020E41E002064
S214019D80008000500122014B1A707047D72C00202A
S214019D90F8B51F4B1B78002B39D01E4C2378B3B96E
S214019DA01D4B9A6DD10302D5DA6D92072FD49B6DA8
S214019DB0DB072CD419F0C3FA184B194A1860136F35
S214019DC023F0070343F003031367FBF785FA19F043
S214019DD0B6FA124B134D1B68134EC01A2B78134F4D
S214019DE056F8232046F82300111A3A681048521AEA
S214019DF00A213A600932B2FBF1F20133DBB20260AA
S214019E00B3FBF1F201FB12332B7000232370F8BD74
S214019E10D92C0020D62C002000C00050E41E0020C3
S214019E2000800050D52C0020BC1E0020B81E00204B
S214019E30B41E002008B518F0CFFA124B12491A6F5B
S214019E40096822F007020A431A671049D3F820214D
S214019E50096822F003020A43C3F820210C49D3F80B
S214019E602421096822F007020A43C3F82421094B7A
S214019E701B7813B10122084B9A62BDE80840FBF734
S214019E802BBA00BF00800050EC1E0020F81E0020F8
S214019E90F41E0020D92C002000E0005002280AD031
S214019EA003280BD001280CD1064A136923F00403BA
S214019EB0136130BF70470020FCF726BC0020FCF77A
S214019EC051BC704700ED00E0054B187818B1054B02
S214019ED0186800EBD000044B1B681844704700BF9D
S214019EE0D92C0020B41E0020E81E00200122014BC0
S214019EF01A707047D92C0020014B1878704700BFA4
S214019F00D92C002038B519F028FA0025084B094C41
S214019F101A682368C31A2AB123B15169994203D337
S214019F20C91A5161206038BD55615B1A9268F2E723
S214019F30041F0020001F0020C38870B504460D468C
S214019F403BB9FFF759FC8542064602D219F060F983
S214019F5035460E4965610B688BB90C60A3600DE050
S214019F60AD1A9A68184665616AB113465A69AA42DB
S214019F70F6D930B18460521BA3605A6170BD0020CF
S214019F80F4E70C60F7E79C60A260F7E7041F002087
S214019F9038B5134D2B685B6993B1124A02201468D9
S214019FA01C4400F035FB204600F000FB00230E4960
S214019FB02A680B70D088800709D501230B7038BD3D
S214019FC0022000F025FB022000F044FBEEE7926839
S214019FD0002AF4D050690344012BEBD9EFE700BF08
S214019FE0041F0020001F0020DB2C002070B5164641
S214019FF09DF81420C0E903360271049ABDF81830A2
S21401A0000260002204460D468260C380EEB919F054
S21401A010A4F92844A0619DB12E4618F0C8F905465A
S21401A020FFF770FF31462046FFF786FF104B1B688F
S21401A030A34201D1FFF7ACFF284618F0BCF902E0B5
S21401A040E36865617BB9002070BD19F086F930447C
S21401A050A061002DE0D1E3686561002BDDD02046CC
S21401A06021689847D9E7204621689847EBE700BF63
S21401A070041F002000220C490B687BB183420AD1E1
S21401A08083687AB1936083681BB15A6941690A444F
S21401A0905A61002070471A469B68EEE70028EFD009
S21401A0A0022070470B60EEE7041F002070B518F021
S21401A0B085F9144E05463478FCB9134B1C60134BD6
S21401A0C01C60134B1C8000F035FA012000F0A0FA4A
S21401A0D019F059F90F4B0246186020B9284618F0B6
S21401A0E073F9232070BD234640F2E7310A4816F083
S21401A0F04DF90A4B186001233370284618F064F9AD
S21401A1000020EFE7DC2C0020041F0020001F0020A9
S21401A1102A2B0020081F002018FCFFFFFC1E002031
S21401A12070B5044640B318F042F9144E0546FFF7E1
S21401A130E9FE3068A04209D02046FFF79BFF04469F
S21401A140B0B1284618F037F9204670BDFFF792FFE8
S21401A15004460028F5D133683BB9022000F064FAC2
S21401A160284618F028F90024EEE7FFF711FFF7E775
S21401A1703368002BF4D1F0E72224E5E7041F002022
S21401A18038B50C460546A8B1A1B100230B7018F0EE
S21401A19015F90121084B1B6833B918F015F9002091
S21401A1A038BD9D4204D121702278002AF9D0F4E707
S21401A1B09B68F1E72220F3E7041F0020F8B5064666
S21401A1C00F4618F0FBF800250446124B1B6823B90E
S21401A1D0204618F0F9F81B2011E05A691544DA8870
S21401A1E0B2420DD119F0B9F80B4E3368C01AA84225
S21401A1F00AD3002320463B6018F0E6F80020F8BD9D
S21401A200FF2EEFD09B68E2E719F0A7F833682B44DE
S21401A2101B1AEFE7041F0020001F002008B5074B9C
S21401A220187848B119F08BF8054B1B689B69C01A62
S21401A23002288CBF0020012008BD00BFDB2C0020B7
S21401A240041F0020014B1868704700BF081F00203C
S21401A25038B50021044640F2E730054B4FF47A72D8
S21401A2601D680023E5FB040116F090F838BD00BF19
S21401A270081F0020F8B50C4B05461B680E468342A6
S21401A2800FD3002440F2E7302146084B4FF47A7290
S21401A2901F680023E5FB070116F078F830602046BA
S21401A2A0F8BD2120FCE700BFFC1E0020081F00208F
S21401A2B02DE9F0419846002386B00D46174606461E
S21401A2C08DF8133080B30DF11301FFF759FF9DF898
S21401A2D013305BBB284605A9FFF7CCFF0446F8B947
S21401A2E0134B4FF47A7218680023A5FB000116F091
S21401A2F04DF8C2F57A7189B2B1F57A7F08BF0021AF
S21401A300BDF83430B183F483059A02939DF830305A
S21401A3101146CDE9008330463B46FFF767FE04460B
S21401A320204606B0BDE8F0812224F9E70224F7E7CB
S21401A330081F0020F0B50C4616461F46054687B096
S21401A34030B3204605A9FFF795FFF8B9114BE8830E
S21401A3501B6828465C434FF47A73B4FBF3F203FBA5
S21401A3601244191B89B2994208BF0021A983FFF73D
S21401A370D7FEBDF83430059A02939DF83030114669
S21401A380CDE9007328463346FFF730FE07B0F0BD2F
S21401A3902220FBE7081F0020014B1868704700BF0A
S21401A3A0FC1E00200F4B10B51A689AB14FF47A7153
S21401A3B0531E1342A0FB01010ED1B2FA82F2C2F182
S21401A3C01F04531CD243E04001FA03F3184321FA59
S21401A3D002F20243104610BD002315F0D7FF0246D5
S21401A3E0F8E700BF081F0020C2072DE9F84304461E
S21401A3F00BD5474A138801339BB21380FFF782FDC2
S21401A400444B1B680BB1FFF7C3FDA3077DD517F0BF
S21401A410D5FF4FF0000805464646FFF773FD3D4F52
S21401A4203C680CB163698BB100223B4B012E1A705C
S21401A43003D118F0020F18BF1E70002C61D0FFF771
S21401A440A7FD2846BDE8F84317F0BEBF23465A6964
S21401A4503AB91A792179914288BF1C469B68002B2C
S21401A460F5D1284617F0B0FF2569DDB118F075FF64
S21401A470A269A0EB02084FEAE873A84573F100034E
S21401A48011DB23691344A361E368B4F8068001363F
S21401A49013B120462168984717F090FF0546FFF74D
S21401A4A031FDBDE7A84617F089FF81462046FFF734
S21401A4B0E1FD484617F088FF2369002BE4D0A38B03
S21401A4C0B5EB080533B1E28B13449BB2B3F57A7F43
S21401A4D00FD2E38317F072FF804629462046FFF726
S21401A4E02BFDA369226940461344A36117F06CFF54
S21401A4F0CAE7A3F57A73E383A369013D013BA36130
S21401A500E8E7022000F090F89BE7BDE8F88300BF7B
S21401A5102A2B0020041F0020DA2C002010B517F08B
S21401A5204DFF034B1C7817F04FFF204610BD00BFB0
S21401A530DA2C00201FB50024194B012118689A88CF
S21401A5400290D3F806009B7A00903E20ADF80C20CE
S21401A5508DF80430FBF744FD02A88DF808408DF80D
S21401A5600C40FCF749FD694601208DF80040FCF7D8
S21401A570FFFC40F2FF320B4B9A615A614FF0B0423A
S21401A580936A13F00803FBD113620120FCF70AFD5E
S21401A5904FF48052044BC3F880211A6004B010BDFA
S21401A5A08CFB03000020005800E100E010B50446D3
S21401A5B017F0FDFE4FF0B042936A1907FCD4136AF8
S21401A5C0116C5269520604D4CA1A032A01D8994258
S21401A5D00ED1E21A022A98BFDC1CB4F1FF3F38BF45
S21401A5E0013C4FF0B04340221C6403F580539A614E
S21401A5F017F0E1FE054A13783BB14FF0B041CB6B43
S21401A60043F00203CB630023137010BD2A0D002014
S21401A61000F001038207034A48BF43F040039361F9
S21401A620704700BF00100058820700F001030AD5EA
S21401A6300121064A43F0400311704FF0B041CA6B46
S21401A64022F00302CA63024A936170472A0D002072
S21401A65000200058830742BF4022014B5A617047D1
S21401A6600010005810B517F0A9FE4FF0B04304468D
S21401A6705B695A06074A03F0010003F0510348BF1D
S21401A68040F002005361FFF7AFFE2046BDE81040E0
S21401A69017F09ABE002000580A4B10B5D3F8403286
S21401A6A003F00303013B012B0BD817F080FE044691
S21401A6B001210220FFF726F82046BDE8104017F0DA
S21401A6C07ABE10BD0080005010B50446FAF704FEAD
S21401A6D00C4BA0F57A729A4212D84FF47A73B0FBFB
S21401A6E0F3F05C43084BB3FBF0F3B4FBF3F0022842
S21401A6F006D9BDE810400323B0FBF3F0F7F720BD01
S21401A70010BD00BFFFC99A3B40420F001FB519F0AC
S21401A71046FE1AF0D4FD1BF052FF064A01AB106844
S21401A7205168127A03C301A81A7002F0CBFA05B079
S21401A7305DF804FB30FC0300024A0349034806F0B7
S21401A74065B800BF98FB0300B8FB030008FC0300D4
S21401A75010B50A46044619B1024B00211B689847FA
S21401A76010BD00BF280B00200E4B0340B3F1607FE5
S21401A77006D1B1F5885F14BF6FF0860000207047E0
S21401A780B3F1707F0BD101F4E043B3F5005F06D15E
S21401A79011F4E06F0CBF6FF08600002070476FF079
S21401A7A0860070470000C07F8A42F8B506460C4610
S21401A7B000F0DB806F4922F4FF7323F001038B4224
S21401A7C00ED06D4B22F0FF01994209D06B4822F45E
S21401A7D07F7323F00303834202D0694B994228D149
S21401A7E0684B24F0FF0199420FD114F0FF000BD003
S21401A7F0654B40F00070984240F0B98082EA040050
S21401A800FF288CBF00200120F8BD5B4B9942ECD09D
S21401A810A3F588539942E8D024F4FF7323F001038B
S21401A820B3F1062FE1D056488142DED053498B4220
S21401A830DBD004F0FE43B3F1A06F14D102F0FE4367
S21401A840B3F1A06F40F0938082EA040333F47E13E1
S21401A85040F08D8014F40040D6D0C4F30540C2F316
S21401A86005429042CDE7B3F1407F6AD102F0FE4344
S21401A870B3F1407F7BD182EA040535F47E1576D1AB
S21401A88031462046FFF770FF002870D13F4B12F487
S21401A8907C1703EA02031BD0B3F1607FC2F30547BE
S21401A8A03FD13B49D3B243F000738B423DD003F115
S21401A8B07E43043B0F2B01D83649CD5C14F47C1F34
S21401A8C0C4F3054333D1BD4214BF002001209BE7EA
S21401A8D0B3F1607F0DD12E49D3B243F000738B42A2
S21401A8E01DD003F17E43043B0F2BDAD82A49CF5CF7
S21401A8F0D7E7B3F1707FE1D106F4E043B3F5005F2B
S21401A90003D10127C6F302239F4006F4E043B3F5C3
S21401A910005FD3D10125C6F302218D40CEE7102773
S21401A920BFE7B3F1707FC9D1EFE71025C6E712F490
S21401A9307C1F01D1AB4218D022047FF565AFBB4224
S21401A9405FE7B3F1106F12D124F01F6020F470207E
S21401A95068B902F0FE43B3F1106F7FF455AF0F48AC
S21401A960104040F01060A042AEE701204CE7002006
S21401A9704AE700BF000200060013000600040006B6
S21401A9800009000600030006FF0000020000C07F69
S21401A990030000023EFC03003EFC03000000FFF63D
S21401A9A02DE9F8431746002288461C4600F05AFA5D
S21401A9B0054688BBD8F80060B6F8009009F4E04375
S21401A9C0B3F5804FF36808BF27F0010737EA0303A2
S21401A9D01AD10CB3254B24F0FF029A421FD114F072
S21401A9E0FF0304D0224A43F00073934232D022463A
S21401A9F048463169FFF7D8FE074668B922464846F9
S21401AA007169FFF7D1FE70BB6FF0840500233046F5
S21401AA10C8F8003019F06CFB2846BDE8F883154BE2
S21401AA209A42DCD0A3F588539A42D8D024F4FF7317
S21401AA3023F00103B3F1062FD1D00F498A42CED0BD
S21401AA400E4A9342CBD004F0FE43B3F1407F04D1CB
S21401AA502304CCD56FF08605D8E7B3F1A06FF7D005
S21401AA60034B9C42C2E73D46D6E700BF0003000603
S21401AA70FF0000020013000600090006000400069D
S21401AA8038B500F0FE43B3F1407F04460D4602D0D0
S21401AA906FF0860038BDFFF767FE0028FAD114F480
S21401AAA07C1F12D0C4F30543032B137022D9284A06
S21401AAB02240B2F1607F3DD1264AE4B244F00074F0
S21401AAC094422BD1102BE5D9E2E7214B2340B3F179
S21401AAD0607F15D11F49E3B243F000738B4202D168
S21401AAE010231370D6E703F17E43043B0F2B04D9E2
S21401AAF0002313706FF08500CCE71749CB5CD3E7D2
S21401AB00B3F1707FF4D101F4E043B3F5005FEFD108
S21401AB100123C1F302218B40DBB2C5E704F17E4479
S21401AB20043C0F2CB4D80D4A125D9342B0D8142BB6
S21401AB30B0D9DFE7B2F1707FAAD105F4E042B2F5F1
S21401AB40005FA5D10122C5F30225AA40EDE700BFAB
S21401AB500000C07F030000023EFC03003EFC030031
S21401AB6037B50B4D0C462B787BB100230A46019373
S21401AB70014601AB281D18F064F920B9019BA342D8
S21401AB8018BF6FF0930003B030BD6FF08800FAE78E
S21401AB900C1F00202DE9F04F9B460023924601F042
S21401ABA0FE4297B0B2F1806F0E46DDE92078DDF8FF
S21401ABB08890089305D0184619F09AFA6FF0860423
S21401ABC03CE00B464FF4807208A9FFF7E9FE044605
S21401ABD018B1089819F08CFA30E0DDF820C00DACF9
S21401ABE06546CDE914000FCD0FC495E80700BCF803
S21401ABF0003084E8070003F4E042B2F5005F20D19C
S21401AC0013F4E06FC3F302211BD0384826F4807298
S21401AC1082420AD000F50070864206D03448864249
S21401AC2003D0A0F53F4082420BD101258D40102D67
S21401AC3012D9604619F05CFA6FF0830426460025A7
S21401AC4048E042F20402934202D12A4B9E420BD0C4
S21401AC50294B9E4244D10D25A84507D2604619F0DE
S21401AC6047FA6FF08904E9E70C25F5E7294609A8B4
S21401AC70FFF776FF04460028ABD10898D0E9091201
S21401AC8087B307EB050C0E9CA8EB0503240A93D1AA
S21401AC900DF12408CDE90539CDE903BC3346CDE9EC
S21401ACA0015ACDF800800DA8FDF782FB044614F189
S21401ACB0860F08988ED019F01BFA0646002CBDD1D7
S21401ACC090B925B12A464146384622F0BEFCD9F84D
S21401ACD000301D443046C9F8005017B0BDE8F08F6B
S21401ACE00025CAE7BC46CEE70446A7E70010C00425
S21401ACF000FF4004000180040013C00408B500F002
S21401AD005FF8064B5A7812B10022C3E90122BDE86A
S21401AD1008400C210148FFF71BBD00BF0C1F002097
S21401AD2070B50C4D2B7873B918F089F8044668B9DC
S21401AD3002230126C5E90100AE706B7000F038F8F9
S21401AD40044618B92E700024204670BDFFF7D6FFC2
S21401AD50FAE700BF0C1F002000F100420332022A6E
S21401AD6038B504460D4609D82C21104B01FB023399
S21401AD709A68824211D06FF08B0010E0012119F021
S21401AD8069F978B1094B9A68944206D05A6B944295
S21401AD9006D01A6E9442EED1583300202B6038BD8F
S21401ADA02C33FAE76FF08700F9E700BF181F002081
S21401ADB00122024B002083F884207047181F0020D0
S21401ADC070B5094C002526460421204619F053F992
S21401ADD00135204618F0F1FC032D04F12C04F3D1C3
S21401ADE0002386F8843070BD181F0020F8B51B4C70
S21401ADF0064694F884300F464BB300252346294671
S21401AE0093F820001A46B8B125B91A7912B102286A
S21401AE1008BF1D460131032903F12C03F0D115B9F2
S21401AE206FF08C0015E00421284619F024F968B962
S21401AE30284618F0C2FC2A460020094B141BA41011
S21401AE405C4304F10044033C34603A60F8BD6FF0A3
S21401AE50880000233B603360F8E700BF181F00201E
S21401AE60A38B2EBA2DE9FF4100230B60394B804698
S21401AE7093F884300D461646002B68D0FFF76CFF1A
S21401AE800446A0B92EB9286804B0BDE8F04119F00F
S21401AE901CB9012E04D00024204604B0BDE8F08180
S21401AEA00521286804B0BDE8F04119F0E4B810F1B6
S21401AEB08C0FF1D1294601A8FFF798FF0446002818
S21401AEC0EAD101232F68CDE90200C7F80880384689
S21401AED07B6003AA02A919F0B6F9044688B1DDE938
S21401AEE0020119F0AEF92D680421284619F0C3F8BD
S21401AEF0284618F062FC14F18C0F08BF6FF0870427
S21401AF00CAE7DDE90212384618F0E2FB0446DDE93D
S21401AF10020119F096F9002CE5D10221384619F004
S21401AF20AAF804460028DED12868C368D90444BFBD
S21401AF3043F48063C360C3689A0444BF43F4006368
S21401AF40C360002EA0D0012EA5D10521AAE76FF07F
S21401AF508804A1E7181F002030B40D4D2C681C6032
S21401AF606C685C6000249C605468DC6014881C82F9
S21401AF7054885C82D4685C6114699C61526930BCF7
S21401AF80DA6119620A46014603F1240022F05DBB2C
S21401AF904EFC03002DE9F843232904460F4691464B
S21401AFA09846089E04D86FF098052846BDE8F883B1
S21401AFB00822194922F014FB05460028F3D1A3689C
S21401AFC0002BF0D1216A243F8F42C8F80010EAD343
S21401AFD0B1F5005FE7D271B9C9F80000E3687360A4
S21401AFE0238A3380638A73806369F360A36933615C
S21401AFF0E3697361D9E7012018F0F3F9C9F8000095
S21401B00030B1D8F8002004F1240122F01EFBE5E758
S21401B0106FF08C05C9E700BF4EFC0300F7B5054687
S21401B0206B461646164A0C461068516803C395F8D7
S21401B0302A3008336B4413F8087CAB8DDA0609D442
S21401B040334622463946284619F087F900F5FA7044
S21401B05003B0F0BD204622F0DBFEAB8D00F10A0402
S21401B0609B074FEAC40405D0304622F0D1FE04F512
S21401B0700C740444E823781E584304FB0700E5E7F4
S21401B08056FC03009022174B10B51C68002102FBEA
S21401B0900044204622F0CEFA134B04F108001B6848
S21401B0A00021DB7863761AF0A8FD4FF40063E38491
S21401B0B02385072384F82A301323FF22A385236AD6
S21401B0C084F8242043F01303236284F85420074BAA
S21401B0D0074A2046C4E91C32C4E92032BDE81040C4
S21401B0E019F05FB9A01F00207C210020D6BE898EF2
S21401B0F055555500F0B5104B02461E6893F804C02E
S21401B10035464FF0FF3400239C4508DC91B1631CA3
S21401B11010D0902303FB046080F82420F0BD95F83E
S21401B120247028469742F9D0FF2F08BF1C46903559
S21401B1300133E9E70020F1E7A01F002070B50446BF
S21401B140234D002842D0083002F04AF80026FF239B
S21401B15004F1400084F82430E66122F0D4FD04F1C5
S21401B160440022F0D0FD04F1480022F0CCFD04F1A9
S21401B1704C0022F0C8FD04F1500022F0C4FD2868FE
S21401B180144B201A00115843C0B219F0DDF80146DD
S21401B190304619F0D4F8E06E10B100F037FEE666DE
S21401B1A0606E18B119F0E3F800236366A06E19F01B
S21401B1B0DAF80023A36670BD286806FB0400FFF7D3
S21401B1C0BDFF01342B79A342F6DCF4E79026F9E7BC
S21401B1D0A01F0020398EE338F7B504461CF041FB6A
S21401B1E0C0F30F23542B3ED9AA2B34BF01230223CD
S21401B1F0C0B27E288CBF0222012203218DF80430C2
S21401B2001344B3FBF1F000EB40001B1A8DF8053038
S21401B2101344B3FBF1F202EB42029B1A8DF806309F
S21401B220002318461D461A46104901AF4B7517F8FC
S21401B230016B44FA06FC1CF0010F06D053009E4039
S21401B240012330430132C0B2D2B20135EDB2032D33
S21401B250EDD103B148754B7D43EA82134B75FF234D
S21401B2600B7503B0F0BD0023C2E700BFA01F00208E
S21401B270064B1B68D97ADA78437E5B1A9342A8BFDD
S21401B280DAB20021427619F0C8B800BF7C2100204E
S21401B290B0F862302BB9836813F4601F08BFA0F8BA
S21401B2A0623011B1012911D070474369417E23F004
S21401B2B010034361064B1A68D37A92780B44934283
S21401B2C0D8BFDAB20121427619F0A7B8FFF7D0BF8E
S21401B2D07C2100202DE9F0410025344E8AB03379D7
S21401B2E0AB4203DC01200AB0BDE8F081902334684C
S21401B2F003FB054494F82430FF2B0DD0236A9801F4
S21401B30006D504F15008404622F07AFD074628B9D2
S21401B310226A12F0A06F1ED10135E0E7BB7908A9B9
S21401B3200C333B44D8689A7A1B8AC2F38012ADF874
S21401B330243000238DF81F2008901A460DF11F00B7
S21401B34019F019F838469DF81F2094F8241008AB18
S21401B3501AF0D2FCD7E7A38D1D2B18D13C23FF2171
S21401B3600020CDE90431CDE902000121CDE900003C
S21401B37004F12E03C2F380221AF075FF0028B2D022
S21401B3804FF0A06104F1200018F0B7FFC4E712F0F7
S21401B390807F08BF3C214FF0000218BF432194F87C
S21401B3A0393094F824001AF004FEE7E7A01F0020C5
S21401B3B02DE9F0411F46C36904460D4616468BB17A
S21401B3C069B916F0FBFF06462946A06E18F0C7FFBE
S21401B3D02046294619F00AF8304616F0F5FF0020F7
S21401B3E0BDE8F0810029FAD0036A03F01203022BAC
S21401B3F000F0BA80236ADD0700F1BE8094F824309D
S21401B400FE2B0CD104F1550002F0B0F902F0A6F9BA
S21401B41028B14FF4800104F1200018F066FF256A78
S21401B420614B2B40B3F5807F00F0B980A8052FD57E
S21401B430C5F3802504F12E0800224146284618F05F
S21401B4409EFF002184F8540018F0A8FF4146002210
S21401B450284618F099FFA18D20B194F954000028D0
S21401B46080F296804FF4007104F1200018F045FF39
S21401B470A28D02F00302012A0AD14146284618F09D
S21401B48083FF28B14FF4006104F1200018F02DFF6E
S21401B490236AD90600F18180D4E910122046FFF70D
S21401B4A0BDFD012F0ED040F27123E28C5A4390422B
S21401B4B008D9228D5A43904273D800F51C70B0FB10
S21401B4C0F3F0E084394BE361002384F83930236AD2
S21401B4D0E168B4F8625023F4803284F8387022624E
S21401B4E021613DB913F0100F0CBFC8253C25257608
S21401B4F005F2B3154EB140F27121238D42F480322C
S21401B500C3EB06134B432262E363236A43F400232F
S21401B5102362274B1B68DB78637616F04FFF63695F
S21401B520074643F0100304F10800294663611AF048
S21401B53064FB012003F02AFA28B963691A075CBF85
S21401B54043F00403636126B11CF0C7F9E36B0344BF
S21401B550E363204603F024FA384616F035FF01214E
S21401B560A06E18F0FCFE3AE7406C22F051FC002871
S21401B5707FF440AF0C2033E7E36E002B7FF43EAF41
S21401B58000F0EEFBE06600287FF438AF092027E7DD
S21401B59001F0010118F002FF6AE7064B93E712205B
S21401B5A01EE745201CE700BF0001400023430300BF
S21401B5B07C210020EDB6010070B500249026094DCF
S21401B5C02B79A34200DC70BD286806FB040090F8C6
S21401B5D02430FF2B04D000231A461946FFF7E8FE55
S21401B5E00134EDE7A01F00202DE9F04F91F806B0D9
S21401B5F08DB00BF10C0B04460E46012201EB0B0538
S21401B6000DF127000AA918F0C5FE824668B19DF81B
S21401B61027100AAF384600F021FC60B1304616F01C
S21401B62067F900200DB0BDE8F08FA97A05F10C0787
S21401B630C1F38011EEE7E36EE06695F80790079395
S21401B640236A4846298956F80BB003F0100804F01F
S21401B65077F88344B8F1000F39D1A9F10303012B20
S21401B66094BF0323022340F271225B0002FB03B264
S21401B6701D4B1B685B79637605F11803BAF1000F61
S21401B68027D09DF8271094F824E0B8F1000F24D0B5
S21401B6904FF0010CA87AC0F3401095F90550CDE99A
S21401B6A002E0CDE90071CDE904C50121079800F05B
S21401B6B04BFCB8F1000F05D01CF0B6F8012120466E
S21401B6C018F094FE304616F013F90120AAE701237C
S21401B6D0C9E7A97AC1F38011D5E794F88FC0012094
S21401B6E00CF00F0CD9E700BF7C210020012810B513
S21401B6F00C461CD0022822D030BB084619F0AAF806
S21401B70040F27121E38C228D94F82A00D21AE36864
S21401B71003F59C53083301FB02332361FFF75CFDFD
S21401B7200A4B2046BDE81040996803F08FBB03F032
S21401B7309DFA844208D1BDE810401CF075B8084651
S21401B740BDE81040FFF794BD10BD00BFA01F00204C
S21401B75038B50A4D0020FFF7F1FCAB6813B10022A3
S21401B7601A60DA801AF026FB00242B79A34200DC4B
S21401B77038BD2046FFF786FC0134F6E7A01F0020FF
S21401B78070B52A4C0546A06818B116F0B1F800232A
S21401B790A360FFF7DDFF002018F0DAFD55B903209E
S21401B7A025712560E58215F0EFFF207918F0D0FDB0
S21401B7B028B970BD022022F06AFCA06048B90025B5
S21401B7C0A0682571256060BB002018F0C1FD072028
S21401B7D0EFE70026032025712660E68215F0D4FFE8
S21401B7E0B542E2DD05EBC50109013346012203201E
S21401B7F089B215F07BFF06460028E0D1032015F03C
S21401B800F3FF20600028DAD0902231466A4321F007
S21401B81011FF2379B342C8DD3046FFF733FC01360A
S21401B820F7E716F065F8A560CEE700BFA01F002079
S21401B83030B5174B826A1B681206597926D5028FD6
S21401B8401C79436B1203B2FBF3F2631AB2FBF3F2F9
S21401B850B0F89C3003B1013BD0F8A05005B15B10A5
S21401B8601B02B3FBF2F35B180CD090F895200F2A5D
S21401B87008D91209B3EB820FB8BF00234FEA820141
S21401B880A8BF5B1A9C42A8BF1C46E1B2417630BDF8
S21401B8907C210020084B9A7E82420AD94FF4A4727A
S21401B8A01B6802FB0030836A13F0100F08BF0020EC
S21401B8B070470020704700BFB81F0020084A09499A
S21401B8C01368C31AD810002B01FB00F005DB937E2A
S21401B8D08342D8BF4FF0FF3070474FF0FF307047BC
S21401B8E0B81F0020199C8FC170B504460E4616F08D
S21401B8F065FD3146054604F1300018F0EFFF20469D
S21401B900FFF7DCFF01218140054818F0E7FF4FF4FF
S21401B910807005F067F92846BDE8704016F054BD02
S21401B920DC1F0020F329F8B504460D46724E25D1DA
S21401B930338D63B9A36813F4601F00F0BA80238FB8
S21401B940626B1B01B3FBF2F3F32D9FB22DD12046A0
S21401B95019F058F8B4F89C70002F40F0B380A36A31
S21401B96013F0800F0CBF3E23082384F8773020465F
S21401B970FFF75EFFF32D36D1012057E073695906B4
S21401B98040F18F80836A1A0740F18B80336900F19A
S21401B990400143601AF043FE338D002BCAD0238F3B
S21401B9A0626B1B01B3FBF2F39FB2618FB4F89C206C
S21401B9B09BB25B1A9A427EDC736994F836019B0748
S21401B9C04CBF002102211CF006F840F202237269E6
S21401B9D09343BCD12046A4F89C7019F014F8204675
S21401B9E0FFF726FF0127A36A1807C5D5628F002A2D
S21401B9F0C2D013F4C05FBFD1726912F00C0FBBD175
S21401BA0040F202239343B7D1D4F8A430002BB3D12C
S21401BA102046A18F1AF0B2FF002855DD638F01334F
S21401BA20984251DC0128A7D0013880B2236BA4F8D4
S21401BA307C00590409D54FF4804104F1300018F018
S21401BA4055FF00212046FFF74FFFB4F87C20A38F57
S21401BA5094F870101344A387B4F89C309B1AA4F88A
S21401BA609C3094F86F3002FB01332522B3FBF2F1D0
S21401BA7002FB113384F86F304FBBA36A1A0702D456
S21401BA801E4B1B689847204608211AF031FE2046B7
S21401BA900221FFF729FF2046BDE8F840012102F008
S21401BAA0CFBF318D238F626B00293FF443AF1B015B
S21401BAB078E7338543E7737F002B86D0032194F81C
S21401BAC0360180E7012752E7608F0130ADE7204657
S21401BAD018F02EFC2046A18F1AF0DAFDA36A05465F
S21401BAE01B0702D4054B1B689847002DCBD0204678
S21401BAF0BDE8F84019F037B8B81F0020EC1F002049
S21401BB000022074B10B55A77202204465A6118F0D6
S21401BB1031FF84F83601204619F086FD10BD00BFBE
S21401BB20B81F0020012810B50C462AD0022830D0B4
S21401BB3000283DD191F8953060F3071381F89530D0
S21401BB400846FFF7DDFFA36A20461B0716D503F05C
S21401BB5011FC042001F0ACFE50B3164A937F3BB3B0
S21401BB60D37F0133DBB2D37792F821209A421FD8D4
S21401BB70BDE810404FF0806005F034B803F0CEFD0C
S21401BB80E7E703F073F8844212D1BDE8104003F0F2
S21401BB90E5BB91F895302046C3F30312013262F3F8
S21401BBA0071381F89530BDE81040F321FFF7BABEC0
S21401BBB010BD00BFB81F002010B501F0D9FEFB2252
S21401BBC0114B10F0020F1A770CBF01220322410716
S21401BBD0197E48BF42F0040262F3030119761A7E09
S21401BBE0C2F3030161F307121A764FF44171002282
S21401BBF01984DA76DA835A621A611A85034BBDE82C
S21401BC0010401B68184700BFB81F0020E41F002023
S21401BC102DE9F8434B4C0546A06818B115F068FEAF
S21401BC200023A360022015F0AFFD5FFA85F800201F
S21401BC3018F08CFB404619F088FC0646002868D1AF
S21401BC40404618F0B1FE0746002862D1002D75D097
S21401BC5005EB850105EBC101C9003346012202202F
S21401BC6089B215F043FD002850D14FF4A479022083
S21401BC7084F81A8015F0B8FD09FB05F731463A46F7
S21401BC80206021F0D7FC32462368681E03EB0901C9
S21401BC90824233DB002DA7F5A4724FF00001D8BF16
S21401BCA0002299502846636018F050FB88BB404636
S21401BCB018F06EFE68BB404618F070FE074640BBA3
S21401BCC0002D16DD022022F0E2F90223A060C371E6
S21401BCD083793946C3F102020C33D2B2184421F0FB
S21401BCE0A9FC0121A3689A7913441A7B61F3010226
S21401BCF01A73FFF761FF3046BDE8F88309FB02FCC3
S21401BD00013243F80C1001F5A471C1E7C4E90077CC
S21401BD10A7760025002019F018FC002018F044FE34
S21401BD202846C4E90055A57618F032FE284618F0D4
S21401BD300DFB022015F028FD0726DCE72B46A5762D
S21401BD402560AFE7B81F0020014B987E704700BF03
S21401BD50B81F0020014BD87E704700BFB81F0020D7
S21401BD60F8B5284D16F02AFB6C681CB916F02CFBAA
S21401BD702046F8BD4FF4A476012723686B60EB7E5E
S21401BD800133EB7616F020FB32460021204621F0E7
S21401BD9051FC04F128004021676118F09FFD2B8BB0
S21401BDA00722A4F8443194F83731002167F30303DE
S21401BDB084F837314FF6FF73A4F87A302B7FA4F856
S21401BDC0866084F8423144F29023A4F8403194F816
S21401BDD0853004F1080062F3030384F885300A4BCA
S21401BDE0C4F8883003F1CE5303F59813C4F88C30A9
S21401BDF041F61B33A4F890301B2384F8923019F0D7
S21401BE00FCFEB5E7B81F00204801480170B504469E
S21401BE10002618F084FE04F1080001F0E1F90D4B4C
S21401BE2020461B689847C4E90A6616F0C7FA054615
S21401BE304FF4A4723146204621F0FCFB064B2846FF
S21401BE405A682260DA7E5C60013ADA76BDE87040B4
S21401BE5016F0BABAE81F0020B81F00202DE9F041FD
S21401BE6006464FF480400F4601F022FD044630B9E5
S21401BE700E4B1D6893F81A807135A04502D8002034
S21401BE80BDE8F08155F8493CDA0609D5C3F38003CD
S21401BE90BB4205D106222946304621F0A1FB18B146
S21401BEA0013405F5A475E8E70B20E9E7B81F002083
S21401BEB008B5B0F894305A1C62F30B03A0F894301E
S21401BEC0042001F0F5FC70B1074A937F0133DBB221
S21401BED0937792F820209A4205D8BDE808404FF0A3
S21401BEE0806004F07FBE08BDB81F002038B58B798E
S21401BEF005460B449B7D0C4603F00303032B09D137
S21401BF0001212C3018F0EAFC4FF4006105F12800FD
S21401BF1018F0E4FC21460548A56021F0DBFFBDE8EA
S21401BF2038404FF0005004F05DBE00BFC41F002033
S21401BF30014B1877704700BFB81F0020014B187FD0
S21401BF40704700BFB81F00202DE9F74F1D46164663
S21401BF502A4604469DF838309DF83C8080F89B3090
S21401BF6052F8103B0F46C0F8283100F14401B8F1F1
S21401BF70000018BF0120DDF830A09DF840909DF824
S21401BF8034B004F049FB20461AF0ABFB204618F00B
S21401BF900DFD1BF026FD49460246204619F0EEFA35
S21401BFA0C82320460DF10601ADF8063018F0F8FC5E
S21401BFB047F6FF73A4F83031AB88A4F82C31AB797F
S21401BFC084F82E31DAF80030C4F87130BAF804304B
S21401BFD004F1280AA4F87530BBF1000F03D0042140
S21401BFE0504618F07BFCB8F1000F04D04FF4005116
S21401BFF0504618F073FC4FF4607001F059FCC0F322
S21401C000C018C3054FEA881848BF48F08008810564
S21401C01048BF48F4807816F0D1F983464FF4826120
S21401C020504618F05BFC414604F12C0018F056FC13
S21401C030584616F0C9F9BB1E012B7AD84FF40021D9
S21401C040504618F04BFC01212046FFF74DFC042119
S21401C05020461AF04DFB6B7D2046C3F3040384F89B
S21401C06070306A8907F0FD0752006263697B2A7B9C
S21401C07042EA01226287E97BAA7B42EA0122228701
S21401C0806A7D84F86F30C2F3421284F83E200022A3
S21401C0900523A2870122A4F89C30A4F87C209DF9F0
S21401C0A0441018F088FC01F05DFC20F40060C4E93F
S21401C0B008012046FFF7BCFB3A4A3B4BB2F8288002
S21401C0C0B8F1000F68D1002F38D140F2C71866606A
S21401C0D0E3612046166118F012FCB9F1010FE06029
S21401C0E00AD094F83731204669F3030384F83731D0
S21401C0F009F00F0118F011FE04F10800414619F08D
S21401C1007CFD012002F042FC28B963691A075CBF76
S21401C11043F00403636140F271216B892046013BC1
S21401C120594318F00BFC204602F03AFC03B0BDE878
S21401C130F08F012F87D140F2014185E74FF4D77880
S21401C140E36140F271272B8940F608015B0007FB8B
S21401C15003665046666004F1400618F0BFFB3146A0
S21401C16020461AF05CFA2B89314601335B002046E3
S21401C1707B4304F1340201F009FCEB7931465B00A4
S21401C180012220467B431AF050FA236C20469E0873
S21401C19018F0B5FB3044A0E76660E361002FD0D10C
S21401C1A097E700BFB81F002025BB010070B51D46EC
S21401C1B0C36A04461B07164613D408212C3025F4FF
S21401C1C0105518F08BFB25F01005064B2D04334057
S21401C1D02D0C2046C4E90835BDE870404021FFF724
S21401C1E083BB70BD2FCF87F72DE9F04F85B004468E
S21401C1F00191084689B34B799A071FD421F008FEAE
S21401C200019D70B96B79DB0705D54FF4803104F1D8
S21401C210280018F063FB01A821F075FD05B0BDE804
S21401C220F08FA36ADF0309D54FF4803104F12800AB
S21401C23018F05CFB6B7943F001036B71019E16F0FD
S21401C240BDF8737931469E0705461ED504F1AC004C
S21401C25021F04FFE284616F0B7F8DFF8909116F059
S21401C260ADF8A36A0746DD0514D5D4F8AC3043B162
S21401C2709A7913441B7B392B03D829FA03F3D80781
S21401C28011D4384616F0A0F8C8E704F1A80021F04A
S21401C29021FEDFE794F94631022BF2DCD4E92A23AA
S21401C2A072B9002BEDD004F1AC0021F04AFD054631
S21401C2B0384616F089F82946204618F0DCFECEE707
S21401C2C0002BF0D194F89280039304F1A80BD4F8D4
S21401C2D0A86096F807A0B379AAEB030A5FFA8AFA70
S21401C2E0C24527DC584621F08BFD0546A8EB0A0817
S21401C2F06B7929466FF3C3036B7103A821F0EAFD3E
S21401C300D4F8A8302BB15B79990702D1B8F1000FA8
S21401C310DDD1039B002BB4D09B79022B40D80020A3
S21401C32021F0B5FE014670BB039904F1A80021F087
S21401C330E0FDA6E7002021F0AAFE054630B90399E4
S21401C34004F1A80021F0D5FD03959AE78079B1792B
S21401C3500C300C3142463144284421F076F9EB7911
S21401C36053FA88F3EB71B379727953FA88F3B371A0
S21401C3706B794FF0000862F300036B7173796FF30A
S21401C38000037371B4E7039B4A79587960F300029E
S21401C3904A715A7903A86FF300025A7121F0A4FD7D
S21401C3A0E36A9A0512D50398034600680028FBD174
S21401C3B0DB79C3F14503DBB2032B07D821F067FE17
S21401C3C001460028B0D003A821F084FDD4F8A83097
S21401C3D013B15B79DB0704D5039A537943F008035D
S21401C3E05371384615F0F0FF039965E77C2C02007F
S21401C3F070B5036B0446990786B001D518F08FFB1C
S21401C400236BDA0733D5A66A330723D516F4002F34
S21401C41014BF032501252046FFF750FA94F89B30F8
S21401C420294605930023049394F83E30C6F3800210
S21401C4300393238F80B20293638F0193636BC3F3DD
S21401C4404F03009304F1710319F00DFF30B900207A
S21401C45006B070BDB50C05F00205DCE7012104F15C
S21401C460300018F043FA4FF4005118F037FA236BF6
S21401C470980410D52046FFF721FAA16AC0B2C1F38D
S21401C480403119F052FC0028E1D04FF4005104F17C
S21401C490300018F02BFA236BD90409D50021204669
S21401C4A0FFF7A2FE4FF4805104F1300018F01EFA97
S21401C4B0236B5A0512D52046FFF700FA002394F89D
S21401C4C09B50C2B21946284619F073FD0028BED00B
S21401C4D04FF4806104F1300018F008FA236B5B0713
S21401C4E011D52046FFF7EAF9616B238F628FC1F3FE
S21401C4F04F0180B219F097FE0028A8D0042104F15C
S21401C500300018F0F3F9236B1E0709D520461AF000
S21401C5107BFC00289BD0082104F1300018F0E6F9D6
S21401C520236BDD0618D52046FFF7C8F9E16A80B20D
S21401C53011F4805100F0C580002119F009FF002890
S21401C54085D04FF4805104F12C0018F0CFF910215A
S21401C55004F1300018F0CAF9236B580615D52046A9
S21401C560FFF7ACF994F8773080B20093D4E908234A
S21401C57019F0D1FE00283FF46AAF0023402184F869
S21401C580773004F1300018F0B1F9236B190516D590
S21401C5902046FFF793F900230093B4F89830B4F8D7
S21401C5A0962094F89A1080B219F07FFB00283FF489
S21401C5B04EAF4FF4006104F1300018F097F9236B89
S21401C5C013F4804532D19A0516D52046FFF776F941
S21401C5D094F8371194F8772001F00F0180B201F03A
S21401C5E02FF800283FF433AF4FF4007184F87750EA
S21401C5F004F1300018F07AF9236B1B0616D5204695
S21401C600FFF75CF9B4F88C3080B2009394F891305F
S21401C610B4F88A2094F8901019F0CCFE00283FF464
S21401C62016AF802104F1300018F060F9236B9E06E6
S21401C63012D52046FFF742F994F8771080B219F028
S21401C6409EFE00283FF403AF0023202184F87730B4
S21401C65004F1300018F04AF9236BDD0508D504F122
S21401C66030004FF4807118F041F920461AF009FAAB
S21401C670236B180408D504F130004FF4004118F07C
S21401C68035F9204600F008FC236BD90308D504F1E0
S21401C69030004FF4803118F029F9204619F017F9C7
S21401C6A0236B9A0308D504F130004FF4003118F0DB
S21401C6B01DF9204618F07DF9236B9B0704D4012051
S21401C6C0C6E619F05CFE3AE700222046114618F04D
S21401C6D06EF9204618F06DF92046FFF7EFF894F84A
S21401C6E0771080B219F001FF00283FF4B0AE0221A6
S21401C6F004F1300018F0FAF82046FFF787FB024BEA
S21401C7001B689847DBE700BFE41F0020F8B500234D
S21401C710124A02F1240151E8004F41E80035002D8C
S21401C720F7D1012734B9BDB10D48294618F0D6F81E
S21401C7302046F8BD94FAA4F0B0FA80F007FA00F6A5
S21401C74024EA0604FFF7A6F80028EBD0FFF750FE10
S21401C7500028E7D13543E5E70120EAE7B81F0020C6
S21401C760DC1F00202DE9F74F04460190002860D019
S21401C770C5794FF000080C35054415F01FFE4646F6
S21401C78000904FF4A47A40462B4FBA7E5FFA88F9A0
S21401C7904A4517D90AFB09FB3A685A44916ACB06FF
S21401C7A044D5B2F89420C2F30B02002A3ED0E279B7
S21401C7B0C2F14502D2B2032A15D8022021F067FC45
S21401C7C0044640B900230098FB8315F0FDFD304672
S21401C7D003B0BDE8F08F014601A821F07BFB0020E5
S21401C7E0E5790C35254404220123002112FB003390
S21401C7F005F82090E9543B6802FB005C5B44B3F803
S21401C800943001368CF80230032312FB0032A9540F
S21401C8103B6801305B44B3F89420C0B261F30B026D
S21401C820A3F89420E379F6B20433E37108F1010822
S21401C830ABE70646CBE700BFB81F0020F7B5684652
S21401C84003F0DEFE00254FF4A477124EB37EAB4212
S21401C85001DC03B0F0BD346807FB0544A36A03F0AE
S21401C8601803102B13D10522694604F1450020F068
S21401C870B7FE60B1012120461AF024F938B901202B
S21401C88021F005FC014610B1204601F04FFC0135B0
S21401C890DCE700BFB81F00202DE9F74F15F08EFD2D
S21401C8A0424BDA6800920022DA6015F08DFD009B9B
S21401C8B013B903B0BDE8F08F684621F042FA8279D9
S21401C8C0876802F10C04044401460190A07A0A32FA
S21401C8D010F0200F14BF0320022002448A71FA6A66
S21401C8E052050FD5E07AA27A42EA0022384618F0BD
S21401C8F0B0FD38B901A821F006FA3D21384618F0F6
S21401C9009AFCD4E7BA6A94F80AB012F40072019954
S21401C9100BF0030013D003288A79EBD10A44127B6B
S21401C920392AE7D8224B23FA02F2D307E2D54A790D
S21401C930384642F002024A7101F000F9B7E70328CF
S21401C940F5D048790BF0030B62F3410048710846B5
S21401C95094F8069094F905A021F05AFA019D06462E
S21401C960AC793846063CE4B2AC71FEF7A7FF0C344E
S21401C970C0F3032305EB040843EA0B1388F80330DE
S21401C9802B46F6B288F80200A8F8046005F804A061
S21401C99088F801905A796FF341025A711B68002B8F
S21401C9A0F8D1284619F0D8F981E700BFB81F002052
S21401C9B07C2C0200002370B50D46D1688AB009BAF6
S21401C9C00291C178C66861F30703817836BA61F3CC
S21401C9D00F23417806AC61F317439168069609BAAE
S21401C9E00391816809BA07915168126809BA12BAA7
S21401C9F0049105920178426861F31F6312BACDE98A
S21401CA00082323468022012002A9009416F035F956
S21401CA100028F6D1DDE90810DDE9063200BA09BAC8
S21401CA2012BA1BBA28606960AA60EB600AB070BDD2
S21401CA30F8B504460026084F0CB90748F8BDA17999
S21401CA40E579B8196D1AEDB20C3121442A4620F069
S21401CA50FCFD2E442468EFE7F41F0020F8B50446D9
S21401CA600026084F04B9F8BDA079E579B9192D1A41
S21401CA70EDB20C3020442A4620F0E7FD2E4424680F
S21401CA80F0E700BFF41F002010B5094A094B1478DF
S21401CA90094A08441B78126801B29C4202DA32F94C
S21401CAA0140010BD32F913008842FADA0133F4E7B4
S21401CAB0E82C0020E72C00200421002030B50A4B8A
S21401CAC002461C78094B196800230239D8B2844201
S21401CAD004D9013331F913509542F7DD00B930BD61
S21401CAE00138C0B2FBE700BFE92C0020042100207A
S21401CAF070B5044615F062FC0B4E0546306818B159
S21401CB0015F084F80023336034B104EB041460009C
S21401CB1021F047FC30B130600024284615F054FC63
S21401CB20204670BD1A24F8E708210020F8B515F054
S21401CB3045FC0446002003F0CFFB18F0FBFC002365
S21401CB401A4E1B4D3278296800B2934207DB0CD18E
S21401CB5040F20345204615F037FC2846F8BD31F96A
S21401CB601370874210DB134A1370C822022101207A
S21401CB7003F0BCFB18F0DEFC00233278296800B213
S21401CB80934203DBE4D007E00133DEE731F91350CB
S21401CB90A84203D1084A13700025DBE704DA012B0B
S21401CBA0B8BF0123013BF5E70133E9E7E92C002093
S21401CBB004210020E72C0020E82C002008B51AF0FC
S21401CBC00BFF18F0B7FC00B2FFF778FF024B00B27C
S21401CBD01B6833F9100008BD0421002010B50A4B6C
S21401CBE00A4C1A78236833F9122050B903F07EFBF9
S21401CBF018F0A0FC00B2FFF761FF236800B233F91A
S21401CC001020104610BD00BFE82C00200421002093
S21401CC1008B5FEF753FE431C1BBF2222034B002020
S21401CC201B6818BF02FB003008BD00BF08210020AA
S21401CC302DE9F0410F46164617F006FF00224FFA7F
S21401CC4080F8044639461A4818F037FC4045054630
S21401CC5006DB01223946164818F02FFC404517DD41
S21401CC6001223946124818F028FC054405EBD57513
S21401CC70C4EB650040B20F4A92F90030834209DAEC
S21401CC80C01A00EBD07003EB600358B2BDE8F08128
S21401CC900020F0E792F901308342F7DDB2F9023065
S21401CCA0B342DCBF00EBD07040F34700EEE700BFB5
S21401CCB0DE2C00202C2B0020014B1878704700BF7B
S21401CCC0EA2C00202DE9F04F064685B0002800F03A
S21401CCD0BE80FFF73FF8002840F0BB805E4B1A7815
S21401CCE0002A3FD1347A5D4D0F2C84BF01221A7081
S21401CCF014F00F0400F09880FFF726F8074601F0BD
S21401CD00BBFD0446002840F08F803368544803601A
S21401CD1073684360337A037218F0F4FB002840F01E
S21401CD2082804FF605424F4B38465C801A80FFF7EB
S21401CD30DFFE0446002877D103F0ECFA064603F03E
S21401CD40EFFA2B68024693B1FFF7F0FE044600287F
S21401CD506AD119F036FC4FF4005000F097FD01221D
S21401CD60414B1A700024204605B0BDE8F08F3046CE
S21401CD7018F0E0FB0FFA80F9104618F0DBFB0FFA0B
S21401CD8080F815F01BFB1E26A346384F0190700055
S21401CD9021F007FB2860002843D0CA4687F800B078
S21401CDA0D0450CDA40F2F6413B782A68B34234DBD0
S21401CDB0019815F009FB002CC6D01A2434E0504621
S21401CDC003F096F9ADF80C00039803F0B7F918F0E4
S21401CDD0B1FB0FFA80FCE1456FF0004101DCE04554
S21401CDE004DA0AF105020FFA82FAD9E73B782868D5
S21401CDF02BB103EB010E30F91EE0E645F1D09E4261
S21401CE0006D814F003FF002305362B60F6B2BEE702
S21401CE1020F813C001333B70E3E722F81310013307
S21401CE20C4E71A24C4E721244FF4005000F034FD6F
S21401CE30286818B114F0EAFE00232B600C4D286810
S21401CE40002890D014F0E2FE00232B608BE721240B
S21401CE5089E741F20C0486E7DD2C0020042100203E
S21401CE60DE2C00202C2B0020EA2C0020E92C0020B0
S21401CE700821002008B5074B1B6843B14FF400504A
S21401CE8000F016FD18B1BDE80840FFF74FBE0020C0
S21401CE9008BD00BF042100202DE9FF4704464FF4DA
S21401CEA0005000F005FD002868D015F087FA82468C
S21401CEB02046FFF7ADFE344BB0F91E701A78334B9F
S21401CEC0B4F834911B68A4F8347194F8375133F9E7
S21401CED0128005F00F05B84506462B464FF0C800F0
S21401CEE094F8362104F14401B4BF4FF000084FF026
S21401CEF00108FFF763FE738BA7EB09098742B4BFEE
S21401CF00002701270FFA89F9CBB90121013DB6F9AE
S21401CF101E30EDB2A94047EA48020093C9B24B461B
S21401CF2020461AF0F9FA204617F081FE820802F52B
S21401CF30487292B2C0F34F00B2FBF0F27283204601
S21401CF4017F06FFD830313D5204648EA4707FEF71F
S21401CF50B5FC94F83711CDF808900197B6F91E3054
S21401CF6001F00F010093002380B21A4618F0F8FE74
S21401CF70504604B0BDE8F04715F026BA204617F033
S21401CF8094FE04B0BDE8F087E72C002004210020C1
S21401CF902DE9F04F89B09A46129B894616460693AC
S21401CFA0139D8046FFF734FE044615F007FA4E4BF4
S21401CFB005901A784D4B207E1B68494633F912308E
S21401CFC000F001000793FFF709FE09F1FF32D2B224
S21401CFD0BAF9001002EB420204EB42046180002120
S21401CFE0074640F2F640B4F904B02970B6F90010CD
S21401CFF0079B81424AD10123A7EB0B02A780AAF81F
S21401D000007032802B70404617F01EFD0122074645
S21401D0104946374818F051FA7BB28342D8BF0027F9
S21401D020069BC4BF3F1AFFB21F70B6F900303BB370
S21401D030404617F0F6FC830316D54046FEF73EFC45
S21401D0402B78B6F9002049460292C3F340025B00F2
S21401D05003F0020313430193BAF9003080B2009340
S21401D06000231A4618F07CFEB6F9003043B198F852
S21401D070373103F00F034B4504BFA388A8F83431BA
S21401D080059809B0BDE8F04F15F09EB969B99B4502
S21401D090AAF800B0DEBF2B7843F002032B705F4581
S21401D0A0B1DC2B7843F00103ACE758460793FFF752
S21401D0B0EBFC079B9842DBBFA3802B78A08043F054
S21401D0C00203D8BF2B70B4F90430BB42A1BFA780BE
S21401D0D02B7843F001032B70B4F90430AAF8003022
S21401D0E0A3EB0B0333808EE7E72C002004210020FE
S21401D0F0DE2C0020104B1A7842F0F0021A701A7CCF
S21401D10042F0F0021A7493F8202042F0F00283F8FD
S21401D110202093F8302042F0F00283F8302093F874
S21401D120402042F0F00283F8402093F8502042F06D
S21401D130F00283F8502070470C2100200368054A4E
S21401D14023F07F6323F4002302EAC1421343036002
S21401D150704700BF0000F80FF8B54488054604F094
S21401D1600704072C1C4E28D115F028F900221101BE
S21401D170735C06EB02171B090F2B0AD00132062A35
S21401D180F5D1164A13880133138015F01DF91920BD
S21401D190F8BD2B6894B27B801123735415F014F9F3
S21401D1A01AF09BFB06EB0413D8602B68002023F4CF
S21401D1B0E02343EA04432B60EAE72301F15CC1F371
S21401D1C00312013202F00F02052A28BF002262F381
S21401D1D00711F154E4E700BF0C210020302B00209A
S21401D1E038B54488054604F00704072C0FD015F01F
S21401D1F0E5F8074A2401135D43F0F00313552B6845
S21401D20043F4E0232B60BDE8384015F0DDB838BDA7
S21401D2100C2100202DE9F0474588074605F0070553
S21401D220072D894637D01D4C4FEA051814F80860BB
S21401D2301AF053FB04EB051ADAF80C30360906EB44
S21401D240C506C01A04EB4606708014F8083003F0D1
S21401D2500F02042A9EBF013262F3030304F808306A
S21401D260B9F1030F14D114F8081004EB0514A01C2F
S21401D27001F00F011AF08DF9044615F09FF83A688F
S21401D280074B134023433B60BDE8F04715F09CB8BD
S21401D2904FF6FF74F1E7BDE8F08700BF0C210020D0
S21401D2A00000FF7F064A08B59268824207D042799D
S21401D2B022F0030242F00302427103F0FBFC08BDB8
S21401D2C06C21002010B5064C204620F01CFD201DC8
S21401D2D020F019FD04F10800BDE8104020F013BD50
S21401D2E06C21002010B5022020F0D1FE034C6060B6
S21401D2F0022020F0CCFEA06010BD00BF6C210020F3
S21401D30008B5FFF7DFFF0022024BDA60BDE80840F0
S21401D310FFF7E8BF6C210020014B5868704700BF3B
S21401D3206C210020014B9868704700BF6C210020DB
S21401D33038B50C4CE3681BB1E36898470023E360FB
S21401D34023686BB1074820F0FCFC054640B1236812
S21401D3501BB14FF0004003F045FC284619F0DEF8FB
S21401D36038BD00BF6C21002010B5084CE0604FF0BE
S21401D370004003F037FC00BF00BF00BF00BFE368FA
S21401D3801BB1E36898470023E36010BD6C210020C1
S21401D39038B58379044603445B7B13F0300F437939
S21401D3A023F0030308BF43F00103437115F006F8A9
S21401D3B005462146054820F08DFD4FF0004003F05C
S21401D3C011FC2846BDE8384014F0FEBF6C21002051
S21401D3D010B5084C6068837918440F3000F08AF95C
S21401D3E00023A0681A46BDE810404FF6284118F001
S21401D3F012BC00BF6C210020242816D80F2805D89F
S21401D40002280CD8B0FA80F040097047084B103853
S21401D41080B2C34003F0010383F001007047053872
S21401D420012894BF0020012070470120704700BFEB
S21401D4302D2011002DE9F04F95B0FFF76DFF42F258
S21401D4403603867905460C3630F8068084199845E9
S21401D4500ED1FFF761FF022120F02CFC7F22A3787A
S21401D4600233A370AA5500232022237762706377C4
S21401D4700121E078FDF73EFE00230646002800F075
S21401D480D780CDE91233237AE2888DF84A30E37AE1
S21401D490ADF848208DF84E30A388B4F8092013F073
S21401D4A01000ADF84C2003F0050306D093B1E37DE0
S21401D4B0012B51D00025122614E07BB3E37D657E57
S21401D4C0012B37D16B1EDBB2022B09D800F050FAC4
S21401D4D0012338E04FF48043DDE91212914220D94E
S21401D4E000251126FFF71EFF012332464146ACB246
S21401D4F018F091FB002DCCBF0534053C24B2002E5C
S21401D50040F099800A2394FBF3F4E4B2FFF70AFF94
S21401D510C3791844C47215B0BDE8F08F4FF6FF7397
S21401D520DAE71F29DCD99A42DAD8E37D657E00283E
S21401D530BED1C5E7032BD3D16B1EDBB2022BCFD8EE
S21401D54000F016FA04230342CAD0032D08BF0425AF
S21401D5502840C0B20028C3D0E07816F0FCFE20B107
S21401D560A088FFF749FF0028A4D0344A237F127809
S21401D570002A54D0042B9DD8637F042B9AD8A38805
S21401D580DB0653D41AF02DFA0121C822084002F016
S21401D590ADFE94F91630B4F804E003EB8303B0EB68
S21401D5A0430F4FEA4302637B677E0F93A37BE188B9
S21401D5B0109304F10F031193637F94F80C9094F881
S21401D5C015A094F818B00546E07DC8BF15B2B4F8AA
S21401D5D009200C93237F03280B93E37E08BF0420C6
S21401D5E0032F08BF0427003B18BF01230A93A37E1D
S21401D5F01FFA85FCCDE90873119BCDE9060B029352
S21401D600109BCDE904ACCDF80C9001930F9B3046EE
S21401D61000935FFA8EF316F053FF064662E7002B7F
S21401D6207FF45EAF637F002BA9D059E70020ABE7FC
S21401D6300546072656E7002468E700BFEB2C0020C6
S21401D640F8B5074601200D46164620F020FD044693
S21401D650C0B106220C2118F0F1FA691EC9B20329DD
S21401D66088BF0022A37998BF074A03F10C0398BF2D
S21401D670525C234420469F80DE70DA719A71FFF770
S21401D68011FE0120F8BD00BF5EFC0300F8B5FFF7F0
S21401D69043FE83791844B0F80F60B0B2FEF7FAF88B
S21401D6A00446C0B117F0A1FC0138C0B2032814D853
S21401D6B000270B4B1C5CFFF735FE054604233A4654
S21401D6C042F2300118F0A7FAAB790C33E818C6809D
S21401D6D004724472F8BD0227EDE700242746EAE704
S21401D6E05EFC0300024B1A6802609B8883807047C9
S21401D6F0F32C002013B50D4C28B1036823608388F2
S21401D700A38002B010BDF9F7ADFCCDE900019DF88C
S21401D7100230BDF80020A370BDF805302280A4F8C1
S21401D72003309DF807306371EBE700BFF32C002050
S21401D73010B5044614F042FE2268064B1A60A28811
S21401D7409A80054A137843F00103137014F03CFEE7
S21401D750012010BDED2C0020EC2C0020024B187887
S21401D760003818BF01207047EC2C0020024B1A68C5
S21401D77002609B8883807047ED2C0020024B18695D
S21401D78008B103F02FBA7047780F0020002310B5B8
S21401D7903C4A02F1100151E8001F02F1100C4CE85E
S21401D7A00034002CF5D140EA0104A10201D501F0B4
S21401D7B063F9220101D502F05BFC002C01DAFFF7C8
S21401D7C0B7FD630001D518F022FAA00001D5FFF7D6
S21401D7D063F8E10007D5FDF77DFD20B94FF08051D4
S21401D7E0294818F0EFFE620107D517F0C9FC20B9E9
S21401D7F04FF08061244818F0E5FEA30105D51AF024
S21401D800E9F8FFF71BF816F0ABFDE00108D517F0B5
S21401D810C3F8072804D14FF080711B4818F0D2FED8
S21401D820610201D516F096FD220201D516F086FD9D
S21401D830E30207D517F0AEF820B94FF4801112486D
S21401D84018F0C0FEA00507D500F046F920B94FF440
S21401D85000710D4818F0B6FEE10507D5FEF756FF34
S21401D86020B94FF48071084818F0ACFE620503D564
S21401D87018F0CFF918F0CEF9230501D518F0AAFE55
S21401D88010BD00BF780F0020880F00200146014818
S21401D89018F098BE780F0020C043044A52E8003FB3
S21401D8A0034042E800310029F8D17047780F002084
S21401D8B0014B1B6818407047780F002010B5044BC9
S21401D8C0D3E9064204430A43C3E9064210BD00BF3A
S21401D8D0780F002070B51E4D04462B68002B03DA26
S21401D8E0FFF70EFD002031E04CF20C000021FFF79F
S21401D8F0E5FF0023174E336024B163682B60A368ED
S21401D90003B133604FF00040FFF7C0FF33680BB937
S21401D910114B3360114B1248AB6000232B7314F08C
S21401D92023F8FFF7E7FB2046F4F70EFC70B92CB19D
S21401D930B4F90E10B4F90C0001F030FF1AF055F8E6
S21401D94002F030FE02F0B6FD0028C9D070BD00BF5F
S21401D950780F00207C2100202B0D00207DD70100B0
S21401D9607C0F0020014BD3E906017047780F002099
S21401D970054B9B69DA054CBF032001201B0548BFF8
S21401D98040F00400704700BF780F0020F8B5174636
S21401D9901C460D46064602F0B9FA1C4BBA7A1C49DB
S21401D9A053F8222053F820308C421A4424D9194BBC
S21401D9B09C4214D9184B013C93FBF2F3002BB8BFE1
S21401D9C003339A1004EBA304B4FBF2F371682A68DC
S21401D9D0A1EB930102EB430271602A60F8BD0F4B85
S21401D9E00F49A3FB04435B0902FB03F303F6C313CE
S21401D9F0A1FB0313DB0AE9E702FB04F3094A03F57B
S21401DA0074338F33A2FB03231B0CDFE7A0FC030058
S21401DA104C6210001366660640420F001F85EB51EC
S21401DA205917B7D183DE1B43024B1A680260186090
S21401DA30704700BF842100200022024B1A6000F0CC
S21401DA40FBB900BF842100202DE9F843064616F0F5
S21401DA50F8FF0446002835D045784DB914F0AEFCE1
S21401DA60237863701B4B1B682570636014F0ACFC55
S21401DA704FF00108677837B923781BB34FF400706D
S21401DA8003F0B0F81EE097FAA7F5B5FA85F508FA9F
S21401DA9005F55FFA85F9636833B90E4B27EA050584
S21401DAA065701B686360E5E79B681BB963681B6864
S21401DAB06360F0E7494630469847012805D1636818
S21401DAC01B6863600120BDE8F8830228EED10020C0
S21401DAD0F9E700BF8421002070B500250D4EFEF742
S21401DAE033F9A84201D8012012E03068FDF7D2FED2
S21401DAF050B93468FEF728F90134B4FBF0F303FBA0
S21401DB00104401353460EAE7FFF79EFF0028F0D1A4
S21401DB1070BD00BF8021002010B504468379034400
S21401DB201B7B392B96BF044AFF21D15C20F0C2F83B
S21401DB30A0790C30204410BD62FC03002DE9F341AE
S21401DB4005460C46019116F06CFF830605D501A823
S21401DB5020F0D9F802B0BDE8F081019FBE790C36FD
S21401DB60BB5D392B18D8164A12F80380B8F1FF0F9F
S21401DB7012D0384620F04CF9013840450CD1114BF3
S21401DB801E6896B921462846A37923441A7B02B01B
S21401DB90BDE8F04118F00EBE019820F0B4F8284612
S21401DBA0BA5D019918F006FED4E773680BB93668BA
S21401DBB0E7E72146284698470028F8D0CAE700BF7D
S21401DBC062FC03008421002037B504460D4620215F
S21401DBD016F029FF2946204616F09EFF2146012011
S21401DBE018F08FFE2146002018F08BFE012000233E
S21401DBF02146034A009018F015FE03B030BD00BF61
S21401DC008D66030073B50C461646054618F0EBFF05
S21401DC1080F001002946C0B216F0FAFEC368012C56
S21401DC209A7907D032462146284602B0BDE87040B0
S21401DC3018F0DFBF13441022DB8A29460092002029
S21401DC40024A18F0EFFD204602B070BDF36B0300E8
S21401DC5037B5044619F007F80321204616F00DFFE4
S21401DC600025034621460120034A009518F0DAFDF7
S21401DC70284603B030BD00BFD96A03002DE9F3473B
S21401DC80074602200E4620F002FA0546002846D036
S21401DC90B37900210C333344B3F80480B3F806A0FB
S21401DCA0B3F8089018F03CFD2846FFF735FF02212F
S21401DCB00446384616F0E1FEA4F804806081A4F814
S21401DCC006A0A4F8089019F0CCFD08F10108B0FBF5
S21401DCD0F8F303FB1800022360806370AB79B3711D
S21401DCE0EA7903F10C00F271D21AD2B22918304443
S21401DCF01FF0ABFC3946012016F08AFE1022C660E2
S21401DD006389394601200092064A18F08BFD384691
S21401DD10294618F003FD002002B0BDE8F087072071
S21401DD20FAE700BFF36B03002DE9F34104460D4605
S21401DD300146012016F06CFE01210746284618F020
S21401DD40EFFC2846FFF7E8FE064600F101084046CC
S21401DD5002F056FCD6F801300221C7F8123073796A
S21401DD602046BB7516F089FE29460746F0802046F8
S21401DD7018F0D4FC20232146009301203B46034A99
S21401DD8018F050FD002002B0BDE8F081BF6B030023
S21401DD907FB504460D460146012016F039FE50E8CF
S21401DDA0003F43F4806340E80036002EF7D120465A
S21401DDB018F019FFD8B3204616F03BFE430715D5D9
S21401DDC03346324620460DF10F0117F0F5F89DF85F
S21401DDD00F30062B0AD8284613F08AFD01220023AD
S21401DDE02046FEF7E3F9002004B070BD0E21284658
S21401DDF018F096FC2846FFF78FFE0646FFF7B2FDA1
S21401DE00C6F80510FFF7AEFD2946C6F80100204604
S21401DE1018F084FC0321204616F02FFE002203464C
S21401DE20009221460120034A18F0FCFCDBE708219A
S21401DE30DDE700BFDD6A030010B5054C054A204644
S21401DE40054918F03AFE2046BDE81040FFF7ECBD44
S21401DE5088210020A56C0300C5DF0100F7B58B798A
S21401DE6004460C33CE18CB5C0D46023B0F2B00F25A
S21401DE70A080DFE803F0089E9E9E9E739E829E9E73
S21401DE802C689E9E9E4F14F099FA7178074620469C
S21401DE9016F042FE2021204616F0C5FD214601203F
S21401DEA018F02FFD2146002018F02BFD01230093CA
S21401DEB0002321461846404A18F0B4FC284613F0C1
S21401DEC017FD384614F080FA012003B0F0BDB38880
S21401DED07288717817F056F8204616F0AAFD830767
S21401DEE008D42946204618F0BEFE0121204618F027
S21401DEF0FFFBE9E72146012016F08AFD2F4B8268D9
S21401DF009A4203D12146012018F0CBFC284613F093
S21401DF10EFFCEAE777780846B67813F0E9FC162FA7
S21401DF2005D132460321204619F0ADF8CCE721464B
S21401DF30012016F06DFD8368002BC5D03246032103
S21401DF4020469847C0E70146012016F061FD0746C6
S21401DF502846767813F0CCFCBB68EDE70146012035
S21401DF6016F056FD07462846767813F0C1FCBB68C6
S21401DF70002BA9D032460421E2E70146012016F023
S21401DF8047FD0F4B82689A4203D0284613F0B0FC37
S21401DF909AE7D6F80120D6F805302046FEF706F9AE
S21401DFA0284613F0A5FC2146012018F07AFC022130
S21401DFB09CE7002089E700BF5B6C0300D96A030079
S21401DFC0DD6A03002DE9F3410C46054618F00BFE09
S21401DFD0A37900286BD00C3314F80380E618B8F147
S21401DFE0010F41D0B8F1080F39D0B8F1000F51D167
S21401DFF07189284618F004FCB188738872788B42C0
S21401E00094BF0746002709290B4638BF0923013B61
S21401E0109BB29A420FD8002A08BF00270846F38809
S21401E020328918F00CFB40B9204613F061FC012040
S21401E03002B0BDE8F0814746F0E7002FF4D029464C
S21401E040002016F0E5FC1022C46073890092013BA3
S21401E0501B4A9BB22946002018F0E4FBE7E721465D
S21401E060284618F05EFDE2E72846F18818F0C8FB5E
S21401E0700746701C19F0C7FC0028D5D0002FD3D056
S21401E0802946002016F0C4FC2023C4600093F388C0
S21401E0900C4ADFE72146284619F0E2F80028C6D1E7
S21401E0A02146284602B0BDE8F041FFF7D7BE23441B
S21401E0B01B7B0E2BD3D02146284619F0C0F8EDE77E
S21401E0C005DC0100776B030038B504460D4616F0F3
S21401E0D0B0FC42070BD4204616F0ABFC830706D4EF
S21401E0E029462046BDE83840034A18F07BBC28463E
S21401E0F013F0FEFB002038BD51DC010038B50546A3
S21401E1000C4616F08EFC00F01800102806D12146A9
S21401E1102846BDE83840044A18F064BC204613F08F
S21401E120E7FB0C2038BD00BF7DDC0100014A18F07A
S21401E13059BC00BF29DD010070B505460C460146F5
S21401E140012016F065FC0646284616F072FC02070A
S21401E15004D5204613F0CCFB002070BD33685B0568
S21401E160F7D4284618F03FFD40B121462846FFF770
S21401E170ABFF18B91FF08BFF044630B12146284685
S21401E180BDE87040024A18F02DBC0720E5E700BF45
S21401E19091DD010073B504460E4616F042FC00F010
S21401E1A0300010284FF0020031D11FF070FF0546F5
S21401E1B078B34379022143F00203437118F0B0FAB1
S21401E1C02846FFF7A9FC29464670204618F0A6FA0D
S21401E1D01621204616F0A0FC2021204616F023FC2E
S21401E1E02146012018F08DFB2146002018F089FBFE
S21401E1F0204618F02CFC0121204616F03EFC034672
S21401E200012021460090044A18F00CFB002002B0C1
S21401E21070BD0720FBE700BF076B03002DE9F04345
S21401E22087B004460E4616F004FC00F4C060B0F554
S21401E230C06F06D102201FF02AFF054610B907203D
S21401E24054E000252146012016F0E2FB814696F8AF
S21401E250068000F1120208F10C08B04408F10F0321
S21401E26008F11F0153F8040B8B4242F8040BF9D155
S21401E2700321304618F054FA3046FFF74DFC0A22C7
S21401E280074608F1050101301FF0BAF90C210DEB24
S21401E290010002F023F903AB03CBC7F80B00C7F864
S21401E2A00F10059B07F10B02C7F813300DB30A21B7
S21401E2B0284618F035FA2846FFF72EFC2946204650
S21401E2C018F02CFA4FF480712046C9F80C6016F04D
S21401E2D0AAFB0321204616F0D0FB00250346214663
S21401E2E001200C4A009518F09DFA284607B0BDE8B3
S21401E2F0F083204607F11303012116F0F2FF2046B2
S21401E300314618F00BFA2046C9F80C5017F005F8FC
S21401E310DFE700BFE76C0300F0B589B00D460446A1
S21401E32018F0DBFCAB79002800F0A3800C33EA1868
S21401E330EB5C033B082B00F23881DFE813F00900A1
S21401E3403601360184003601360136015D007E0055
S21401E350D2F80100D2F8051003ABB2F8097003C376
S21401E36002F1130301210B32204616F0BAFF0421F5
S21401E370284618F0D5F92846FFF7CEFB06460C21AD
S21401E38005A802F0ABF805AB03CB3346C6F801008F
S21401E390C6F80510079A002143F8092F2046721C7B
S21401E3A016F09FFF2146002016F032FB034603AA13
S21401E3B0478303CAC3F81200C3F816102046082183
S21401E3C0FDF792FA4FF40071204616F02CFB20461A
S21401E3D016F0A3FF2946204618F0A0F9032120468F
S21401E3E016F04BFB034600202146714A009018F0B8
S21401E3F019FA012009B0F0BD0B21284618F090F952
S21401E4002846FFF789FB2946204618F087F913F0BE
S21401E410D5FF05464FF44071204616F004FB4FF435
S21401E4208051204616F007FB284613F0CDFF4FF427
S21401E4308061204616F002FBDBE7284613F058FA07
S21401E4404FF40071F5E70621284618F069F92846C9
S21401E450FFF762FB204616F0C0FD2946204618F05D
S21401E4605DF9204616F07FFF2146002018F019FAC4
S21401E470BFE72B441B7B043B072BBBD801A252F8FA
S21401E48023F000BFA5E40100CBE401002DE5010067
S21401E490F5E30100F5E30100F5E30100F5E3010012
S21401E4A043E5010020464FF4007116F0BCFAAA7944
S21401E4B020460C322A4402F109030021013216F0EB
S21401E4C010FF284613F014FA93E74FF48060FFF725
S21401E4D0EFF9B0B100274FF40061204616F0A3FA19
S21401E4E02046CDE90577FDF7E9F90646204616F000
S21401E4F096FA39460346009505AAB0B217F09DFF75
S21401E50077E72146012016F083FA00F11201204632
S21401E51016F03EFF0621284618F002F92846FFF7B6
S21401E520FBFA2946204618F0F9F862E7284613F068
S21401E530DFF92146012018F0E4F9204616F013FF12
S21401E54057E713F03BFF06464FF40071204616F0DE
S21401E5506AFA4FF48051204616F06DFA304613F0F1
S21401E56033FF4FF4C061204616F068FA294620466C
S21401E57018F0D4F82146012016F04AFAC26805467A
S21401E58082B1937901210C331A4402F11303204618
S21401E5900B3216F0A6FE204616F0BFFE2046E968AE
S21401E5A018F0BCF80023EB6023E7002022E700BF49
S21401E5B0E76C030010B5074C07492046002218F007
S21401E5C07CFA2046FFF730FABDE810400120002112
S21401E5D0FFF774B99421002019E3010038B5054608
S21401E5E00C4616F01EFA00F01800102806D1214637
S21401E5F02846BDE83840044A18F0F4B9204613F01E
S21401E60077F90C2038BD00BF1DE2010038B50C4675
S21401E6108B7905460C331944E35C142B03D0152B78
S21401E6200FD0002038BD013118F02FFC15212846E7
S21401E630224618F072FC2146284618F06FF8012091
S21401E640F0E70146012016F0E3F90B4B82689A4287
S21401E65003D0204613F04CF9F1E7A179284621446E
S21401E6600D3118F012FC204613F042F9294601201C
S21401E67018F017F9E3E700BF6F6F030037B50446DC
S21401E6800D460A46142118F048FC2946204618F083
S21401E69045F80321204616F0F0F930220346009291
S21401E6A021460120024A18F0BDF8002003B030BD13
S21401E6B06F6F030010B5074C07492046074A18F04C
S21401E6C0FCF92046FFF7B0F9BDE8104020200021F4
S21401E6D0FFF7F4B8A02100200DE60100736F0300D8
S21401E6E073B51E46ADF800208DF80230009B044637
S21401E6F001A801930D46114618F0B1FB9DF80630AE
S21401E700B34203D1BDF804308B4205D0284613F03E
S21401E710EFF8122002B070BD204616F0FCFA9DF804
S21401E7200230827A9A4209D18288BDF800309A4234
S21401E73004D1284613F0DCF80020EBE769462046B2
S21401E74016F0A5FD29462046014A18F04BF9E1E7E7
S21401E7507DE601002DE9F04116461A4307460C46B0
S21401E7601D46BDF8188005D12046BDE8F04111468A
S21401E77018F052BC4146204618F02EF878B12146D2
S21401E780384616F045F940238674C574214606932B
S21401E79038464346BDE8F041024A18F043B8BDE8A2
S21401E7A0F08100BFD1700300F7B505460E4601465D
S21401E7B0012016F02DF9036813F0F00F03D0294657
S21401E7C0012018F09EF8284616F00CFCB3790C339D
S21401E7D033445F789B781F400378C3F3030000EA55
S21401E7E01310384018F0F2FB044668B9284618F0B2
S21401E7F0F6FB384018F0EAFB044628B9284616F01E
S21401E800F4FB00F0C1FF04462846002116F085FA05
S21401E8101721304617F084FF3046FFF77DF9314661
S21401E82044708470284617F079FF0321284616F0B5
S21401E83024F940220346009229460020024A17F096
S21401E840F1FF03B0F0BD00BF8770030037B5044683
S21401E85017F064FF0321204616F00FF90025034642
S21401E86021460120034A009517F0DCFF284603B035
S21401E87030BD00BF8572030010B5074C074A20461D
S21401E880074918F01AF92046FFF7CEF800200621AE
S21401E890FFF714F8002010BDAC210020EF74030030
S21401E8A0C77203002DE9F047884621210446174622
S21401E8B0994616F07BFC80B3204616F0BAF843045E
S21401E8C02ED402201FF0E3FB054658B34FF00A0A88
S21401E8D0232117F025FF2846FFF71EF9012397FB92
S21401E8E0FAF708F1FF3293404370064687704846B0
S21401E8F000F06CFF90FBFAF04FF48041F070204678
S21401E90016F099F84146204616F0D0FE29462046D4
S21401E910BDE8F047044A18F065B81120BDE8F08755
S21401E9202320FBE70720F9E74DE8010010B5074C67
S21401E9302368DA0607D523F01003236018B90120EF
S21401E940A16815F0EFFC0023A36010BDB8210020DC
S21401E950014610B50446022015F0E4FC054B1B6881
S21401E960D90305D463691A075CBF43F004036361E6
S21401E97010BD00BFB8210020034B10B5DC6818F0AD
S21401E980ACFFDC3C201A10BDB8210020034B1B68ED
S21401E99013EA004314BF012000207047B82100206D
S21401E9A0F8B5002303604369044658070DD5204691
S21401E9B050F8081FC90C01F4FC7141F00501FEF77F
S21401E9C0BDFB636923F00403636163692589D90686
S21401E9D003D518F082FF28446060184E60683146FF
S21401E9E051F8043F2D1A8BB923600C60B3684BB104
S21401E9F0617E5A7E914219D26269D2060FD50020F5
S21401EA00FFF794FFBDE8F84017F001BE5A681F896A
S21401EA102A44D21B002AE7DA19461B68E3E75A683C
S21401EA201B6913441B1A002BECDBE8E71A895B68A9
S21401EA30D31AE2680344D342E4D5E0E7B8210020C4
S21401EA4038B504460A4D0846AB68A34201D1FFF724
S21401EA506DFF6B68074A1BB1A342196804D11160A8
S21401EA60BDE8384017F0D3BD1A460B46F3E700BFA2
S21401EA70B8210020BC2100202DE9F047754D2B68F8
S21401EA805B0700F1AF80AB68002B40F0AB8055E828
S21401EA90003F43F0040345E80032002AF7D16C68D2
S21401EAA09CB118F01AFFD4E9043717F0100F064688
S21401EAB0A26819D010FA82F262602068D4F8048045
S21401EAC038BBDC334344C5E9024355E8003F23F035
S21401EAD0040345E80037002FF7D1AC68002C74D149
S21401EAE0BDE8F04701F026B9606892B2811AFF07C7
S21401EAF0A1EB060109D40029DFDAE768DF1BCF4264
S21401EB0005D432441844831AD6E70029D5DA2046BC
S21401EB104FE041690289CF06D0F804E048BF06EB12
S21401EB20020EAEEB020211F0010C11BF1146D0E944
S21401EB300371C91B891808EB03077F1A002F28DD0C
S21401EB40BB4205D9E768A1EB0801DC378F423AD909
S21401EB50D4F814A01AF0010F1DD12169D0F80C9039
S21401EB6027894144A1EB0901C91BE768A1EB0E0106
S21401EB70DC37B9420FDD971BBCF1000F03D10169E9
S21401EB80A1EB09010F44002F05DB4B46C0F804E05A
S21401EB900446006892E7477E617E8F42F9D2921B57
S21401EBA0BCF1000F03D1D0E903135B1A1A44002A03
S21401EBB002DAFFF7CDFE72E71AF0100FA7D0C3688E
S21401EBC0C0F804E0E4E70B46E3E7A36813F4601F2C
S21401EBD0C3F3C24008D121462B6843F010032B60D3
S21401EBE015F0A0FBBDE8F08704F108063046FEF7F5
S21401EBF0B3FA2B68214643F010032B60F8B915F0E1
S21401EC0091FBA36813F4601F4FEAD341C3F3C245D7
S21401EC1017D0013DEDB201F4FC7130462943FEF7F1
S21401EC208DFA03213046FEF7F5FA75B1A268237E08
S21401EC301344120C9BB212041343A360D2E7384666
S21401EC40CEE703213046FEF7E5FA3046FEF7C8FA6E
S21401EC50ECE700BFB821002008B5034B996809B15D
S21401EC6015F060FB08BD00BFB8210020014B986875
S21401EC70704700BFB82100200A4B70B59C688442DB
S21401EC800FD12146012015F04DFB6668258918F045
S21401EC9024FEAD1BC54221464CBF0020022015F0C4
S21401ECA041FB70BDB8210020054B1B681B6A13F0A1
S21401ECB0100003D013F0030018BF0120704700BFF7
S21401ECC0C821002006222DE9F341344B06469C68F4
S21401ECD08846A5790C35635D671903F04F036355C4
S21401ECE0838D7A70103B0D2B31D8DFE803F053305B
S21401ECF04F07300C303030303030300C635D6FF3FE
S21401ED000303635523E00123625D006A63F3030294
S21401ED1062550C2210F4006F7A7006F12E0107F18D
S21401ED2008020CD001924FF0FF32C0F3802000920F
S21401ED301A4615F027FB635D43F08003E1E7D6F83A
S21401ED402E30BB608B889380336A5B05F3D4B28D1B
S21401ED50635D304662F345136355B91C18F011FE26
S21401ED60635D60F386136355A3797A78023313449F
S21401ED70E371B38D03F01403142B04D0B8F1000F24
S21401ED80C4BF42447A7002B0BDE8F081635D62F3AD
S21401ED900303B6E70222635DF9E700BFA01F002068
S21401EDA038B5294904460B7D4A7D0133DBB2B3EB06
S21401EDB0921F0B7503D3032300200B7538BD016A20
S21401EDC0C90234D5032390F87E20243A92FBF3F34C
S21401EDD003EB4303D21A2532D2B2A18D94F87F30C9
S21401EDE011F01001B4F9340084F87E2003F00F030B
S21401EDF023D118F0F1FD00F0E9FCB4F9782004F114
S21401EE007005824204D0A4F8780001F071F9688197
S21401EE10284600F0D9FF00221146104615F084FA64
S21401EE2094F87E00002118F0D6FD0120C6E75B00AD
S21401EE301A4102F003022532CFE7024619460020A6
S21401EE4001F054FAD7E700BFA01F00201F4B2DE9A1
S21401EE50F04104461860006C1EF0DAFF01462046B9
S21401EE60FFF730FFA38D1A4E03F01403142B0CBFCB
S21401EE700022226CB36820461A60FFF791FFFFF765
S21401EE8013FF144B051E144808BF184601F02AF953
S21401EE906369676803F0100818F01FFD6D000346EC
S21401EEA0627EE8B2B8F1000F03D1FF1AB7F59B7F77
S21401EEB007D5114600F0F0FFB068BDE8F04100F05C
S21401EEC0BFBF616818F00FFDF6E700BFC82100203C
S21401EED0A01F002069EF0100B5F1010070B50546DD
S21401EEE0FFF7E2FE104B041E104808BF184601F05B
S21401EEF0F9F82846FFF754FF0D4E054660B1336812
S21401EF006000597E00F0FE0000F0C6FFBDE87040CC
S21401EF10084B986800F094BF01F0E4F82946306881
S21401EF20BDE87040FCF7B4B969EF0100B5F1010026
S21401EF30C8210020A01F0020034610B5094C052B50
S21401EF4020680AD0062B0CD1002001F0CBF82068EF
S21401EF500121BDE81040FCF79BB9BDE81040FFF762
S21401EF60BDBF10BDC8210020032803D1024B18687D
S21401EF70FFF7B4BFFFF7E0BFC82100200C4B032802
S21401EF8010B51C680FD1206C1EF042FF01462046CA
S21401EF90FFF798FE074B226C9B682046BDE81040A1
S21401EFA01A60FFF79BBFBDE81040FFF7C5BF00BF63
S21401EFB0C8210020A01F00202DE9F8438B790646C2
S21401EFC00C33CC182379DA0703D44FF0FF30BDE8B1
S21401EFD0F883E77A252FF8D83C4B9A6893790C3357
S21401EFE0D118D35CA27AC3F38013B3EBD21FECD152
S21401EFF0056A0622EB064CBF0231043104F1120009
S21401F0001EF0EEFA0028E0D194F80A9015F0BEF949
S21401F01005F4C04580F001032A1EC9F3801904F1E6
S21401F0200C08414618BF01224846DBB218F065FCC1
S21401F030014658B1A37A03F00F03032B16D1336AA6
S21401F0409807C2D50C2FC0D10320C0E715F0A4F94C
S21401F0500028BAD1A37A03F00F03002DEDD0032BBD
S21401F06085F4C04513D1A904AFD5E8E7052BACD18B
S21401F070306AC207A9D500F01403142B0CD004F192
S21401F080180018F0A8FB00289FD005209FE7052B45
S21401F0909BD16B04ECD498E706F12E052946C0F304
S21401F0A0802015F06AF90028E9D1A27A336AC2F302
S21401F0B08012C3F380239A4287D10622294640460E
S21401F0C01EF08EFA0028DAD07FE700BFA01F0020CE
S21401F0D02DE9F74F00244FF0FF31074601A80194B0
S21401F0E000F0B4FC019949B13846FFF765FF0328E3
S21401F0F006D005284BD001A81EF005FE01203FE0F2
S21401F100DFF8A880284800F0EDFFD8F80030204648
S21401F110597E00F0E5FED8F800B0DFF89490DBF8F1
S21401F1204400D9F808601EF073FEB47905460C3425
S21401F130335D06EB040A03F0400343F00403335542
S21401F1400AF10201584618F01CFC335D002D60F3ED
S21401F15086133355D8F80030D9F808005B6CA4BF85
S21401F16006358AF80150036000F06AFED8F80030D0
S21401F1701B6ADB0407D53846019915F0A3FB00206E
S21401F18003B0BDE8F08F01A81EF0BDFDF7E70198BA
S21401F19000F012FD3846019915F03DFB0028ADD070
S21401F1A0204600F09FFFEAE77DEF0100C82100201E
S21401F1B0A01F00200E4A032810B5146805D00428A5
S21401F1C009D0BDE81040FFF7B7BE617E0120BDE85B
S21401F1D0104000F01DBE2046FFF77AFF30B100F068
S21401F1E013FF2046BDE81040FFF778BE10BD00BFF4
S21401F1F0C821002038B50D460446002000F072FFF5
S21401F20000F002FF29462046FCF78CFB0022014B4A
S21401F2101A6038BDCC2100200123074A03FA00F00A
S21401F22002F1140353E8003F034302F1140C4CE8C7
S21401F23000310029F4D17047B81F0020F8B5244FDB
S21401F24005467B690C4613F4C07F03D099063BD470
S21401F25001200CE039B15A0705D4D5F8A43013B90A
S21401F2600820FFF7D9FF7B699B0601D50020F8BD72
S21401F2707B7FAE6A022B06F0080604D916B114B9D4
S21401F2800220F4E7E4B995F8921095F837010631B3
S21401F29000F00F0000F054FA85B20EB904B16D000B
S21401F2A0FFF76AFBA8420DDB7B6913F01C0FDDD16B
S21401F2B01EB1002CDAD10520D9E7002CFBD1D5E709
S21401F2C00320D4E70420D2E7002CCFD0C3E700BF49
S21401F2D0B81F002038B50446114D4FF480616B69A4
S21401F2E0283043F400736B6118F0A6FA012120461A
S21401F2F015F0A4FB00212046FFF7A0FF014620B130
S21401F3002046BDE83840FFF775BF6869617E80F426
S21401F3108070C0F30020BDE8384000F079BD00BF22
S21401F320B81F002038B504460B4B186000F59470E2
S21401F33000F04AFD2046FCF7C1FAC4B2204614F09C
S21401F340FFFF0546204614F0FDFF2946024602202F
S21401F35014F0EAFF38BD00BFCC21002008B500201C
S21401F36000F0C0FE00F050FE0022014B1A6008BDFE
S21401F370CC21002010B50446FFF7D4FF064800F064
S21401F380B1FE6168226C637E1120BDE8104001EB7E
S21401F390920200F0EBBD00BF65F601003F4B37B5AA
S21401F3A01C680023A26A01935005D4F8A03012D538
S21401F3B004F1A40001931EF0C4FCC4F8A00050B1EF
S21401F3C094F846314FF48061013B84F8463104F1EC
S21401F3D0280018F031FAD4F8A0500DB9304B9D68CA
S21401F3E094F94631022B0DDCD4F8A83013B1A36A88
S21401F3F0D90502D5D4F8AC3023B14FF4805120465C
S21401F400FCF772FAD4F8A410A36A002914BF0121EC
S21401F4100021AA794FEA830302F10C0203F00C03E0
S21401F42043EA0113A95C21F01C0143EA0103AB5432
S21401F4300DD11B4A02F1140353E8003F23F00803E1
S21401F44002F1140040E800310029F3D102E0032064
S21401F450FFF7E2FE284600F0F3FC019B53B15B790F
S21401F46003F00A03082B02D12046FCF721FD01A870
S21401F4701EF049FC6B799A070ED5A36A1B040BD5BF
S21401F4800820FFF7C9FE4FF4004104F1280003B03D
S21401F490BDE8304018F0D0B903B030BDCC21002013
S21401F4A0B81F002000232DE9F04385B00446032150
S21401F4B003A8039300F0CAFA039D35B9F421204648
S21401F4C0FFF798FE05B0BDE8F083AB79644F0C33C7
S21401F4D01D442A797B69D6074ED4DD064CBF07202A
S21401F4E00420FFF799FE002601212046FFF7A6FE1D
S21401F4F0054650B97869617E80F48070C0F30020BB
S21401F500400000F0EDFCFFF749FF039800F054FBC4
S21401F510DDF80C807A6998F80630510603F10C0381
S21401F52008EB030915D458F8033006203B61FFF7B2
S21401F53073FEA36A1A060CD404F1280252E8003FAF
S21401F54043F0800342E800310029F7D10120FFF79C
S21401F55063FE4946204615F083FA99F80430DB0726
S21401F5607BD5002E52D11DB129462046FFF742FE1B
S21401F57003A800F045F9A5E7012023F010037B61FD
S21401F580FFF74AFEAE7AF0062FD50220FFF744FEBB
S21401F590A36AAA7A83F00203C2F38002C3F340038C
S21401F5A09A422FD14FF4006104F1280018F044F973
S21401F5B050E8002F42F4806240E80023002BF7D188
S21401F5C0A26A82F00202A2627B77AA7AA36AC2F3D7
S21401F5D0C00203F001018A4285D183F0010316F0CF
S21401F5E0030618BF0126A3627EE707F1140353E85A
S21401F5F0003F23F0040307F1140141E80032002A1A
S21401F600F3D1C5E77B7F0133DBB2DDE72046FCF7AC
S21401F61055F9C0B214F094FE06462046FCF74EF9A2
S21401F620CDF80480A38F82B20093314600230220D6
S21401F63014F082FE4FF0FF3103A800F007FA039999
S21401F6408B790B44DB7D002B8DD02046FCF74EFCDE
S21401F650002D3FF437AF294631E7002E83D0E9E786
S21401F660B81F002008B50346114A042B10680BD0BA
S21401F67002D8032B18D008BD053B012BFBD8BDE8EB
S21401F6800840F121FFF7B6BDFFF70CFF094A02F16A
S21401F690140353E8003F23F0200302F1140040E86E
S21401F6A000310029F3D1E6E7BDE80840FFF712BEB6
S21401F6B0CC210020B81F0020164B033810B51C685B
S21401F6C0032818D8DFE800F00702181E2046BDE818
S21401F6D01040FFF7E7BE2046FFF7FCFD0E4A02F199
S21401F6E0140353E8003F23F0200302F1140040E81E
S21401F6F000310029F3D110BDF1212046BDE81040AC
S21401F700FFF778BD4FF4806104F1280018F094F8F3
S21401F710F221F2E7CC210020B81F002010B50446E4
S21401F720FFF700FE054800F0DDFCFFF737FE627EBE
S21401F73061680220BDE8104018F0D5B8B9F601009E
S21401F740064B10B55B690C4610B101F023F8034671
S21401F75018795B8804FB003010BD00BF980F0020AD
S21401F760084B10B55B690C4610B101F013F803465F
S21401F7705A88A2423DBF1B79A41AB4FBF3F00020BD
S21401F78010BD00BF980F00200138C0B203289ABFF1
S21401F790014B185C002070479CFC03008BB20029CB
S21401F7A04FF00A01B4BF053B05331BB293FBF1F3DF
S21401F7B0014A108093707047382B0020024B9B78CB
S21401F7C0C01A40B2704700BF382B0020024B1B887E
S21401F7D0C01A00B2704700BF382B0020074B1868CC
S21401F7E040F20D1338B9002BC1BF45224433B3FB99
S21401F7F0F2F0C0B270470068453BF3E7980F00206F
S21401F8002DE9F041064612F0D9FD0746FFF7E6FF5F
S21401F81035460446286818B16CB928461EF073FAB6
S21401F82031680A481EF056FB384612F0CDFD00231B
S21401F8303360BDE8F081D0F800801EF01CFC2B6818
S21401F840013CC3F800802D68E4B2E3E7980F00207E
S21401F850024BDB6B03B11847FFF7FEB9980F002088
S21401F860C04310B5054A131D53E8003F0340141D5D
S21401F87044E800310029F6D110BD00BF980F0020E2
S21401F88010B5054A131D53E8003F0343141D44E811
S21401F89000310029F6D110BD980F0020F8B51646A4
S21401F8A01C4607461946104618F00CF83246234601
S21401F8B0384618F00CF8434DD5E9062300EA020451
S21401F8C001EA030654EA060313D0670104F08060D8
S21401F8D010D56B68180623D43B4B234093BB3B4B98
S21401F8E006F020022340134356D12046314617F036
S21401F8F0E5FFF8BDA4F1080333431CD1EB7A012BD5
S21401F90042D16B68D90743D50323EB7204206B8C75
S21401F91001336B84FFF79CFF012017F0D4FFE4E767
S21401F9202B1D53E8003F23F08003291D41E80032D8
S21401F930002AF5D1DDE7A4F10C03334317D117F004
S21401F940C2FFDBE724F0011323F4A0433343C6D1FF
S21401F950EB7A012B18D140F201436A6805209343E4
S21401F96014BF00230323EB72FFF772FFBDE7231FCB
S21401F970334302D117F0A8FFB7E704F17F433343BF
S21401F980AAD1EB7A022B0FD0042017F081FFACE747
S21401F99013F40063BAD1B8E70420FFF771FF4FF004
S21401F9A0006001F01FF9A0E76B689A0706D50423EB
S21401F9B0EB722B8C032001332B84ABE713F020036F
S21401F9C0F7D1F5E7980F0020015001000DD501553C
S21401F9D0014B986A704700BF980F002010B5064C7F
S21401F9E0A06A1DF045FA28B9A06A1DF043FA00F096
S21401F9F0010010BD0120FAE7980F0020014B986A1C
S21401FA001DF03ABA980F0020024B5868C0F3402008
S21401FA10704700BF980F002010B504464FF40070E1
S21401FA20FFF71EFF084B986A1DF028FA38B10CB98B
S21401FA30002010BD4FF40070FFF722FFF8E7002CFE
S21401FA40F6D00C20F5E700BF980F00202DE9F04F07
S21401FA50046806468846574D89B0002C48D0204693
S21401FA60A7791EF0D5F90C3727443C890A38B8F136
S21401FA70FF3FA4EB000402D04445A8BF4446B5F8B6
S21401FA803890B0EB090713D4002C0EDD6D6B366889
S21401FA903D44FF2C224629463046A8BFFF221EF0D1
S21401FAA015F9241A36680544F3D109B0BDE8F08F7C
S21401FAB0A9EB0009A145A8BFA146296BC846D6F8FF
S21401FAC000A001EB000BB9F1000F0DD04246FF2A52
S21401FAD059465046A8BFFF221EF0F8F8B8EB0008BA
S21401FAE0DAF800A08344F1D1A4EB09044F44CBE734
S21401FAF00321A86A03AA1DF01BF9BDF80E70A146E2
S21401FB0002940A3702ACE86209E023601B682B60A6
S21401FB102368C3F800902368002F1C4611DD2B686C
S21401FB20453F002BF1D101201EF0B1FA03462060BB
S21401FB300028F1D1019002A81EF0E5F8019B336080
S21401FB40B3E72B1D53E8003F43F008032A1D42E8A4
S21401FB500034002CF5D14FF0006001F043F8029814
S21401FB60BDF8102043790A2143F001034371069B37
S21401FB7030606B63059B2A872B638379BDF80E2063
S21401FB800C3303441C711A812A7ADC719A719DF830
S21401FB900C20072A0BBF0122AB8C1A7101331FBF41
S21401FBA0AB846B8C03F1FF336B841EF083F83468EF
S21401FBB055E700BF980F00202DE9F04187790546EB
S21401FBC00C37C419237986B013F002081BD1174EDF
S21401FBD043F0020323716A46D6E90A011DF0ACF828
S21401FBE0238969460333B06AADF804301DF0A6F8E0
S21401FBF0009B9DF90E00EB51FFF7E0FD6071B37AB3
S21401FC00022B03D8E37106B0BDE8F0819DF81130F0
S21401FC10012B04D0022B04D02BB90423F2E70323D3
S21401FC20F0E70123EEE784F80780ECE7980F002061
S21401FC3037B5124B00F00F041B88012CADF80430C9
S21401FC4015D0022C15D18DF8044042F222000C4D3D
S21401FC506B680340A3420ED0FFF702FE2046FFF773
S21401FC600FFEA86A01A91CF0EFFF03B030BD2024E7
S21401FC70EBE70024E9E70020F7E700BFC4FC030038
S21401FC80980F00202DE9F04302234FF00008114F92
S21401FC9085B0814610460E461546CDE90218FB7220
S21401FCA017F00EFE00904246797AB86A02AB09F068
S21401FCB0CFFF044650B94846FFF7BAFF2B46044625
S21401FCC04246012130463D7317F0F6FD204605B049
S21401FCD0BDE8F083980F002037B5144B00F00F04F1
S21401FCE01B88012CADF8043014D0022C16D0002449
S21401FCF041F601000E4D6B680340A34213D0FFF797
S21401FD00AFFD2046FFF7BCFDA86A01A91CF0B2FFB3
S21401FD1003B030BD04238DF80430E9E78DF80440C4
S21401FD204FF40064E4E70020F2E700BFC4FC0300E0
S21401FD30980F0020002210B5084C1046114617F007
S21401FD40BAFDA06A09F048FF17F0C0FD20461DF075
S21401FD50DAFFBDE810400820FFF782BD980F0020AB
S21401FD60014B986A1DF0C6B8980F002038B5154C9F
S21401FD700546A37A834210D0431E042B08D8DFE839
S21401FD8003F0030D11161800A06A0AF06FFB20B9E4
S21401FD902846A57200F0FEFC606138BDA06A17F027
S21401FDA09EFDF4E70121A06A17F09BFDEFE7032112
S21401FDB0F9E7FFF729FE0028EAD0A06AFFF7D0FF8F
S21401FDC0E5E700BF980F002073B50446408900F0B0
S21401FDD0EDFA0E4DA07B0026287217F044FD6872DE
S21401FDE0E07B00F00F00FFF7C1FF0096A37BD4E98C
S21401FDF00021A86A1DF0A2F832463146304614F0BA
S21401FE0093FA206817F061FD02B070BD980F0020CC
S21401FE1038B50123094D0C46EB72FFF75DFF10B1B3
S21401FE20042017F035FD2B7BA34204D9224600217E
S21401FE30012017F040FD14F078FA38BD980F002025
S21401FE40F8B5044614F072FA0746A179E279114E24
S21401FE50521A0C310123B06AD2B221441CF062FF5F
S21401FE60E579A379ED1A57FA85F524680CB9356159
S21401FE70F8BDA179E2790023521A0C31D2B2B06AE8
S21401FE8021441CF04FFFE379A2799B1A55FA83F5BA
S21401FE90EBE700BF980F0020F8B502230F4E0D4682
S21401FEA0F372FFF7C5FE044620B1BDE8F840042012
S21401FEB017F0EEBC284617F003FD07462A462146F2
S21401FEC00120357317F0F7FC3B462246717AB06A7B
S21401FED009F0B0FE0028E8D1F8BD00BF980F002059
S21401FEE038B50223084D0C46EB72FFF7A1FE10B1A0
S21401FEF0042017F0CDFC2B7BA34204D92246002117
S21401FF00012017F0D8FC38BD980F0020014B587B14
S21401FF10704700BF980F002068B1084B194653F888
S21401FF20042F0AB18242FAD25B1A9B10013BDBB264
S21401FF30034A537370470123FAE700BFA0FC03008E
S21401FF40980F002010B5084C606810F480700AD035
S21401FF50A06A1CF004FF30B90121A06A1CF0FDFE66
S21401FF6080F00100C0B210BD980F00202DE9FF41BE
S21401FF7004460F461D46012100231C4EE006F17281
S21401FF80019303930097029205D573691B888DF838
S21401FF900D1013440293C4F3401328468DF80E3017
S21401FFA017F08EFC6A460346717AB06A09F05CFE69
S21401FFB028B1042017F06CFC04B0BDE8F08120469F
S21401FFC0FFF78AFE2B460121C4F38012804638468D
S21401FFD0357317F071FC14F0A8F9230601D5FFF765
S21401FFE0B1FFB8F1000FE4D1E6E700BF980F00209B
S21401FFF0044B5A68D20503D50021986A1CF0ADBEA1
S214020000704700BF980F002038B5114CE37A23B131
S21402001000221146104617F04EFC00252846E572CF
S21402002017F051FCA06A012203211CF09CFD2A460F
S214020030A06A01211CF084FEFFF7DAFF8020FFF79A
S2140200400FFCBDE838404FF44050FFF719BC00BF24
S214020050980F002008B5FFF7D7FF044A0620D38C76
S2140200600133D384BDE80840FFF7F2BB980F0020A7
S214020070F8B51B4D6B68590704D50420FFF7F0FB53
S214020080FFF7E8FF6B681A070FD512F097F90646D6
S214020090FFF7A4FB0446124F24B101201DF0F7FF20
S2140200A00146A8B9304612F08FF96B68DB0615D503
S2140200B01020FFF7D5FB00F07FFB78B112F07EF937
S2140200C00446FFF7C7FF2046BDE8F84012F07CB9A9
S2140200D03846013C1DF008FFE4B2DDE7F8BD00BF7C
S2140200E0980F0020014BD863704700BF980F00207E
S2140200F073B50F4B04469B7D0E4EFF2B15D1002386
S214020100ADF804000DF10302B06A01A98DF80330C0
S2140201100AF076F99DF8035022462946B06AF7F7A8
S21402012047F840EA052002B070BD034B1D78F3E79E
S214020130382B0020980F0020322B0020044BC2B22E
S214020140C0F30721986A82B002B0F7F7AFB800BFD3
S214020150980F002010B50D4C0021A06A1CF05AFD25
S2140201600B49A06A1CF0B3FDFE21A06A1CF09EFD9E
S214020170A06A09F05FFF074BB3F910208242C8BF9E
S21402018018821A8A9A805A8ADA8010BD980F00203E
S214020190322B0020382B0020F0B585B0ADF80210C7
S2140201A0ADF8042069464FF0C812ADF806304FF09D
S2140201B08213ADF80000CDE9022304200B460C4C56
S2140201C002ADB4F91070B1F9002035F9026BBA42EB
S2140201D0A8BF3A46B242A8BF3246013821F8022BDF
S2140201E0F1D103CB034BA060596005B0F0BD00BF50
S2140201F0382B0020402B002073B50546F7F7C4F8CD
S214020200314E0368314C33608388FF2DB3804FF044
S2140202100003A3702380337818BF1D46A5752C4DA6
S2140202208DF801300DF10303A86A0DF102020DF1FB
S21402023001011CF018FE9DF8013040B90133DBB213
S2140202400D2B8DF80130EDD9012002B070BDA27DD4
S214020250FF2A00D0A3758DF8053033709DF8023062
S2140202608DF804300198FFF769FFC828A8BFC82098
S2140202709DF8033020828DF804300198FFF75EFF68
S214020280144B9842B8BF18466082B4F91000FFF7C4
S2140202902FFFADF804000198FFF750FF2082B4F953
S2140202A01200FFF725FFADF804000198FFF746FF9E
S2140202B04FF6FF73A382642360821A4618461946D5
S2140202C0FFF76AFF0020C0E7322B0020382B002001
S2140202D0980F00200CFEFFFF0346034AB2F9060001
S2140202E00BB1FFF773BA7047382B0020084B10B5D6
S2140202F0B3F9044030B903EB4103B3F906309C422C
S214020300A8BF1C46A242A8BF2246104610BD00BF88
S214020310382B0020014BB3F912007047382B00200F
S214020320014BB3F910007047382B002073B5064610
S21402033012F044F80C4D0446B5F91200B5F9103027
S214020340B042B8BF30469842A8BF1846FFF7D0FE64
S214020350ADF804000198FFF7F1FEE880204602B0EF
S214020360BDE8704012F030B8382B002073B5064650
S21402037012F024F80C4D0446B5F91000B5F9123007
S214020380B042A8BF30469842B8BF1846FFF7B0FE44
S214020390ADF804000198FFF7D1FEA880204602B00F
S2140203A0BDE8704012F010B8382B0020F0B5C0F34C
S2140203B0072585B0FE2DADF8040027D09DF8047001
S2140203C011F0FCFF124C0646637DAB420ED0114B79
S2140203D002A918689B880290ADF80C300E4B8DF877
S2140203E00850986A1CF073FCFF232375237DBB42DA
S2140203F006D0094B3946986A1CF058FC2775657575
S214020400304605B0BDE8F04011F0DEBF05B0F0BDE5
S214020410382B0020322B0020980F00202DE9F047C1
S21402042007460E461446DFF8409086B00DF10808DF
S214020430A9F1100A3A4680215046CDE900980A4BA7
S214020440F7F718FC0028F5D1102C254628BF1025F2
S21402045030462A4641461DF0F8F8641B2F442E44C7
S214020460E8D106B0BDE8F087092D002030B589B086
S21402047020226946FFF7D2FF6A460C4D04AB1446AB
S21402048003CC9C4228606960224605F10805F6D135
S214020490074C08AD1A4603CAAA422060616013469A
S2140204A004F10804F6D109B030BD00BFF92C0020D3
S2140204B0092D002010B588B06946202011F0C6FB31
S2140204C0044630B96846FFF7D1FF0122024B83F893
S2140204D02020204608B010BDF92C002070B5134B22
S2140204E0054693F820300C468CB00BB9FFF7E2FFB6
S2140204F00023CDE90033CDE9023354B91C2221464C
S21402050005A804941DF096F804A8FFF7AFFF0CB0F8
S21402051070BD102C264628BF10262946324668464D
S214020520FFF77CFF3544A41BE7E700BFF92C002049
S2140205302DE9F84FDFF868908246D9F800B0884671
S2140205401746BBF1000F28D0002699F80450B54292
S21402055007D13D7099F80400A84214BF012002207A
S21402056017E074196110C1EBC10159448879C4F3CC
S214020570470400F00100B8EB000003D10622504603
S2140205801DF02EF8002806DB02D0661CF6B2DEE767
S2140205903C70BDE8F88F2546D9E70320F9E700BF8F
S2140205A0F02300200022014B1A717047F02300202E
S2140205B0F8B5054611F002FF104C85F3070563797E
S2140205C00646AB4205D10024304611F0FDFE204619
S2140205D0F8BD002720686571277110B111F016FB6F
S2140205E027606379002BEED0C5EBC50011F0F0FA58
S2140205F020600028E7D160710724E5E7F023002099
S214020600044BD3F8012002605B7903F01F030371E9
S214020610704700BF1A2D0020244BF0B5002918BFE2
S2140206200B4614460021012512688BB0C3F8012040
S214020630227919705A71C1F3C402A65C01F007024E
S21402064005FA02F21642CFB207D01A7802F128064D
S2140206506E44013206F8287C1A7001312529EAD147
S2140206601A7828B16946981D1CF0EFFF0BB0F0BD52
S214020670002AFBD001260533C0F3C405675D00F0EF
S214020680070506FA05F52F42C1B208D1B1FBF2F50D
S21402069002FB15110AAD55FA81F111F8281C01303A
S2140206A0252803F8011FE7D1E0E700BF1A2D002036
S2140206B0034B002818BF03460B449879704700BFC7
S2140206C01A2D0020224B10B5002814BF84469C46E3
S2140206D04FF0010E82EA124290B280EA010393FAC8
S2140206E0A3F31BBA9BB203EB031303449BB293FA26
S2140206F0A3F31BBA9BB203EB031303449BB293FA16
S214020700A3F31BBA9BB203EB031303445840114CEA
S21402071082B2A4FB0234131B04EB5304630903EBFB
S214020720C30103EB8103D31AC3F3C401D8B26144F5
S21402073003F007030EFA03FE4B7813EA0E0F01BF0F
S2140207409CF8003053430CEB134C9CF8060010BD8B
S2140207501A2D00204D91CFBA064B074A01201A6087
S214020760064B074A1A60074B074A1A60074B084AA5
S2140207701A607047F01F00202D7A0300EC1F00203D
S214020780657A0300E81F00202B7A0300E41F00208E
S214020790677A0300052808BF03200622024B0138A9
S2140207A002FB0030704700BFC6FC0300014B186E08
S2140207B080B2704700C001B80A4BD86800F070607B
S2140207C0B0F1106F0CD008D8B0F1E06F08D0B0F1DD
S2140207D0006F14BF002001207047B0F1406FF8E7A9
S2140207E001207047000002B8431C07B5014606D038
S2140207F00023044ACDE90033034812F01CFD03B07F
S2140208005DF804FB0F7B03001425002070B50E462E
S2140208101546044618B302F0B5FE10B3236813F467
S214020820807F18BF0122104B18BF1A700F4A1B7820
S21402083014600F4A16600F4A15601BB918F040F98B
S21402084002F078FE11F0B8F902F032FD0A4B0B48BE
S214020850197802F039FDBDE8704002F063BA212033
S21402086070BD40F20440FBE7462D00200024002025
S214020870FC230020F8230020E02D0020D11B0300DB
S2140208802DE9F04186B011F06BF98A4B8A4D1A7841
S21402089011208A4910F094FF2B6851215A6854237C
S2140208A0B2FBF3F2002392B2184610F01FFF044682
S2140208B0002840F0F18010F0DDFF814B1968814B73
S2140208C0186808F04FFD00F059F90446002840F079
S2140208D0E3802B681C7F002C00F0B080102C28BF11
S2140208E010241DF05CF9621C81B200230820D2B2EB
S2140208F010F0FCFE0446002840F0CE800D20724A1E
S214020900724910F027FE0446002840F0C58010F019
S214020910A7FC0221322004AA00F006FA28B94FF0FA
S214020920FF30BDF810101CF0FBF96E46002332466D
S21402093006212C208DF8063000F0F6F958B930461C
S21402094017F0F7FE08B130287AD13C2000F00AFAF8
S2140209502C2000F007FA9DF80630190740F1818036
S21402096096E80300ADF80C10090C02908DF80E10F4
S2140209709DF8063013F0280F07D1DDE90201ADF825
S2140209800410090C00908DF806102B6818690028D0
S2140209907CD12B68586900F037F92B6893F822202F
S2140209A0D2077DD412F0D7FC02A902460746286871
S2140209B017F0B1F8044600286ED109F0F9FEF9F7EF
S2140209C0A5FE0446002867D1012000F039FE404B00
S2140209D018681DF0BFFC044600285DD118F086FB9F
S2140209E0044603F08FF8804617F0E9FE41460246B9
S2140209F0204615F0F0FD044600284DD12B681B68F2
S214020A009B050CD4B7F5FA7F09D911F0D0FC012169
S214020A1007460846F8F776FE384611F0CCFC2B68F7
S214020A209A692C4B1A6017F0C4F82B4B18603046A4
S214020A3000F0C4FE294810F087FD2DE0042450E79C
S214020A4001213C2004AA00F06FF940B99DF810304D
S214020A50012B14BF492372238DF806307BE7492306
S214020A60FAE7F6F7FFFACDE90401030C8DF80A302F
S214020A70BDF81530ADF80800ADF80B309DF817300C
S214020A808DF80D3049238DF80E3071E717F09CFD76
S214020A90044600283FF47DAF204606B0BDE8F0814C
S214020AA093F8230018F00DF800283FF47BAF40F2CD
S214020AB00C44F1E7E02D002000240020D11B0300A7
S214020AC0FC0A00201C0B0020B77B0300B37B03004C
S214020AD0FC2300203825002034250020E9070200E8
S214020AE00022032101481CF0FFBF00BFD0250020D2
S214020AF0F8B5114817F0EDFEE0B917F05AF80F4DA9
S214020B000D4E286006F10C07286817F0C8FD10F095
S214020B10E3FB0446304617F0D8FE10B938461DF0FF
S214020B20F2F802F085FC08B9002CEDD1BDE8F840D9
S214020B3017F044BEF8BD00BF2C0B00203425002061
S214020B4008B5054B1B782BB916F0C7FFB0FA80F034
S214020B50400908BD0020FCE7452D0020012310B502
S214020B60044C2370044B1B6803B198470023237080
S214020B7010BD00BF452D0020382500200D4B9842A1
S214020B800DD8023B984210D870B1023B98420ED064
S214020B9020F0704020F4604000F590607047064BED
S214020BA09842F5D140F21C4070472120704740F22F
S214020BB01B4070470AE000F00BE000F04FF0805256
S214020BC0014B5A60704700BF00ED00E00023044A64
S214020BD052E8000F42E800310029F9D1FCF7D6BDF1
S214020BE040250020064A52E8003F034342E800310F
S214020BF00029F8D1034B1B6803B11847704700BFA2
S214020C00402500203C250020034B002814BF024646
S214020C101A46024B1A607047BD0B02003C250020A4
S214020C2037B51C68E10705D517F02CFD164917489D
S214020C301CF062FFA20723D501F0B0FCD0B9144D18
S214020C40019011F0BBFB044628461DF07AF801908D
S214020C50204611F0B9FB019890B143799B070CD45A
S214020C6001A802211DF04FF9019801F087FC17F048
S214020C70B8FCE6E717F0B5FCDEE701F073FCF6E732
S214020C80002003B030BD00BF400B0020D02500205E
S214020C904425002008B5054810F0EEFA044B012161
S214020CA01870BDE8084010F0F7BA00BF500B0020DD
S214020CB0472D002038B5044648B111F07FFB0546A3
S214020CC0214608481DF006F9284611F07DFB064B22
S214020CD0022193F9000010F0DFFABDE83840FFF772
S214020CE03DBF00BF44250020472D0020F8B50C4B21
S214020CF00C4F04460E4638681968154608F032FB53
S214020D00FFF73CFF50B933462A46386844F4802140
S214020D1008F002FCBDE8F840FFF730BFF8BD00BFA0
S214020D20FC0A00201C0B0020F8B50C4B0C4F0446A6
S214020D300E4638681968154608F014FBFFF71EFFC2
S214020D4050B933462A46386844F4802108F02EFC0F
S214020D50BDE8F840FFF712BFF8BD00BFFC0A00204E
S214020D601C0B002038B50A4B0A4D04461968286841
S214020D7008F0F8FAFFF702FF40B9286844F4802129
S214020D8008F0FAFCBDE83840FFF7F8BE38BD00BFF1
S214020D90FC0A00201C0B00202DE9F043134B0E46E4
S214020DA01968134B05468DB01868174608F0DAFA2C
S214020DB080B933460A222846009702A91BF027FD6F
S214020DC04FF0000804460DF10809444505D1002CF1
S214020DD0EFD120460DB0BDE8F083284659F8041B33
S214020DE008F0CAFC08F10108EFE700BFFC0A002081
S214020DF01C0B0020F8B50C4B0C4F06460C46386808
S214020E00196808F0AFFAFFF7B9FE054648B9E2439B
S214020E1016FA82F2386842F4802246F48021FFF7FE
S214020E20BBFF2846F8BD00BFFC0A00201C0B0020B2
S214020E300022034B1A609A80FF229A71704700BF05
S214020E406A2D0020064A1379834207D901231268C5
S214020E508340134214BF01200020704700207047D1
S214020E6048250020054A03461068002208B91A6081
S214020E707047C10748BF01324008F7E748250020FF
S214020E80014B1879704700BF48250020F0B541EAAB
S214020E90002087B040F4902606200F461546F6F747
S214020EA0C1FD1DF07EFA044640B901461A2004F040
S214020EB0A1FB6FF08C05284607B0F0BD436886603C
S214020EC0DAB222B923F0FF0343F001034360062F90
S214020ED0204B0CBF40F201114FF48071204616F0F1
S214020EE06CFE2361E3696BBB4FF4105323808023AF
S214020EF0638002AB2A461E4605F110071D4610689F
S214020F005168083203C5BA422B46F7D11021304643
S214020F101DF0FDF910223146204601AB12F092FD7B
S214020F20054620B1014640F2074004F063FB10215B
S214020F3030461DF0FAF9204612F0E2FF204610F085
S214020F4065FEB8E700234FF410511A4612F0E4FF8C
S214020F50CDE700BF00444004102A2DE9FF470646AD
S214020F600F46154623D800244FF00109DFF84480C7
S214020F70DFF844A0D8F8002009FA04F3134213D08D
S214020F8046EA042040EA0A006A46E9B280B2FFF75F
S214020F90CBFE48B92A46394668461CF021FB18B9EA
S214020FA060B204B0BDE8F0870134202CE2D14FF0E5
S214020FB0FF30F6E7482500200080FFFF2DE9F341C9
S214020FC01D4E05460146062230461CF009FB20B996
S214020FD096F9060002B0BDE8F0810024A046EF1C98
S214020FE02046FFF72FFFD8B13B88CDF80080ADF83A
S214020FF00330BB786946E0B28DF8053019F068FC1C
S21402100021280DD0A8B90322294668461CF0E8FA22
S21402101030B92B6860B23360AB88B071B380D9E761
S2140210200134202CDCD12B683360AB88B380FF23DD
S214021030B3714FF0FF30CDE76A2D0020034B93F9D2
S2140210400630013301D1FFF7F3BE70476A2D002048
S214021050F7B5044617F0DBFB631C5AD117F076FB94
S2140210600024FFF7E5FE634E3379A3422CD84FF4F3
S214021070004100240846FFF7BDFE20224FF0FF3154
S2140210805D4834601CF0D6FA204602F0E1FAFF26EC
S21402109004465A4D5CBB5A4812F0D5FB014630B1A5
S2140210A010F1880F03D040F2074004F0A3FA0C2197
S2140210B0504A43F6FF70FFF719FE202138204E4AA9
S2140210C0FFF714FE00202AE02046FFF7BBFE60B1C1
S2140210D065B20521284616F072FD0321284616F051
S2140210E06EFD0621284616F06AFD0134BCE794F927
S2140210F07530013305D02B7843B91321204617F0FB
S214021100F7FF204602F0A4FA0446C3E784F87560A7
S214021110F7E72046FFF796FE18B940F2064003B0FE
S214021120F0BD6B4606220021204616F08BFD0028F5
S21402113048D0492368468DF8063017F00BFB4FF46B
S2140211407F41304840EA04200840FFF753FE05215D
S214021150204616F034FD0321204616F030FD062107
S214021160204616F02CFD01222249E3B29A400B6873
S21402117023EA02030B60244B93F90630A34201D103
S214021180FFF756FE002005460B791B4A013BC1B20B
S214021190994221DBFF260020D65402F059FA054672
S2140211A0164F002D83D095F97530A34205D13B78B2
S2140211B0EBB91321284617F09BFF284602F048FA9F
S2140211C00546EEE76B4606220121204616F03AFD5A
S2140211D00028B4D07223ADE75656A64200D025B1F9
S2140211E0551895F90150555401250130CFE785F879
S2140211F07560E2E7482500204A2D0020482D002091
S214021200370004000080FFFF6A2D00202DE9FF4111
S214021210354C064601A8FFF725FE2379019A93422C
S2140212201ED86279012A40D100274FF0FF383D468A
S21402123010E02368EB40D9070BD5082202AB114613
S21402124068B216F0FFFC20B1039B43453CBF2F4615
S2140212509846013523799D42EBD378B2FFF7F8FE24
S214021260236813F0010529D0002501220135202D1F
S21402127018D002FA05F71F42F8D13B432360A36851
S2140212800C21013343F6FF70174A7361A360FFF720
S2140212902DFDA8B1236823EA07032360A368013B58
S2140212A0A36073614FF0FF3519E0022AFAD10F4AA4
S2140212B0134413F9010D421CFBD0CFE70127DCE7EC
S2140212C022790A4C013A2146D2B2601C1CF098F9E7
S2140212D06DB22246202138202570FFF707FD2846EA
S2140212E004B0BDE8F08100BF482500204A2D00204A
S2140212F02DE9F043002489B0B34D04213F2001AA12
S2140213002C70FFF711FD00B10194019F002F4FD002
S21402131000267A1E5742574100242C70AB4D0C21F2
S2140213202A4643F6FF70FFF7FFFCC0B10D23AB80E1
S214021330019B2C60032BAC6011D803AC224614210F
S21402134043F6FF70FFF7F0FC48B994E8070085E81B
S21402135007002A460C2143F6FF70FFF7C7FC019BE5
S214021360042B06D004213F200DEB01020191FFF76A
S214021370BDFC20213820964AFFF7D6FC28B1202251
S2140213804FF0FF3192481CF055F903222B795B008F
S214021390B3FBF2F38F4A1370FFF74AFDF9F7C0FC6E
S2140213A0014618B140F2074004F024F9002413E085
S2140213B001263746B0E72B68E340DB070BD5082249
S2140213C04FFA84F81146404603AB16F03BFC10B9C0
S2140213D04046FFF73DFE01342B799C42EBD38EB19B
S2140213E01021372003AAFFF79FFC002853D10620BE
S2140213F0F6F718FB1CF0D5FF044690B901461A20F2
S21402140004F0F8F83FB13D20FFF7ACFC00242B793E
S2140214109C42C0F0B38017F09FF9002009B0BDE8E7
S214021420F0836D4A43688260DAB222B923F0FF0382
S21402143043F001034360694B40F20111204616F067
S214021440BCFB2361E36943BB4FF410532380802324
S2140214501021638003A81CF05AFF102202AB03A9D6
S214021460204612F0EFFA0646102103A81CF05DFF94
S214021470204612F045FD204610F0C8FB3720FFF745
S21402148071FC46B140F20740314604F0B3F84FF023
S214021490FF30FFF7DDFD00262AE000234FF410514F
S2140214A01A4612F039FDD2E73046FFF7CBFCF0B110
S2140214B074B210220321204603AB16F0C3FB102899
S2140214C0814620D10321204603AAFFF7DFFC80468F
S2140214D0494603A81CF029FFB8F1000F0CD040F2D1
S2140214E00740414604F086F82046FFF7B1FD013674
S2140214F02B799E42D8D385E748F2030040EA0620BD
S21402150080B2FFF72FFC10220521204603AB16F00F
S21402151099FB1028814613D10521204603AAFFF71E
S214021520B5FC8046494603A81CF0FFFEB8F1000F42
S214021530D5D148F2050040EA062080B2FFF712FC39
S21402154010220621204603AB16F07CFB10288146AB
S214021550CDD10621204603AAFFF798FC80464946CD
S21402156003A81CF0E2FEB8F1000FB8D148F206005C
S21402157040EA062080B2FFF7F5FBB8E72046FFF701
S21402158061FCF0B166B204220C21304602AB16F0C2
S21402159059FB04280AD1029B0122C3F300238DF8CB
S2140215A00C300C21304603AB16F01EFB0023102233
S2140215B0CDE90333CDE905330D21304603AB16F0F2
S2140215C013FB013423E700BF482D002048250020E6
S2140215D04A2D0020492D0020370004000044400414
S2140215E0F8B5104B044618790F4B00221D46D1B2AF
S2140215F0884204D913F9017B561CA74204D10B4B2F
S2140216001B788B4202D9F8BD3246F0E70649481CE1
S2140216101BF0F6FF2C702021BDE8F8403820024A65
S214021620FFF764BB482500204A2D0020492D0020E4
S214021630014902481CF060BA600B0020D025002049
S21402164010220A4B2821DA826422C3E906124FF6D8
S214021650FF721A8402225A60002283F82B200F227D
S21402166083F82D0083F82C20704700BF54250020F5
S21402167038B516F01CFB40B9094B48241A6893F893
S2140216802A1003462432994200DC38BD04FB03F5D7
S2140216905559ED0601D40133F5E70120F5E700BF01
S2140216A05425002038B5104C94F82B30D3B162681C
S2140216B012F0010516D104F1080004F01FF8FFF736
S2140216C0D7FF78B14EF6602294F82C304FF4827130
S2140216D0534306482A460FF061FF18B9636843F081
S2140216E00103636038BD00BF54250020D0250020CA
S2140216F022F00042052A10B50DD0B2F5827F13D033
S214021700032A06D1114A536823F00203536000F0FD
S2140217101FF8002010BD0D4A1B88118D9942F8D182
S214021720002313850120F5E7084B5A6893F82B40EF
S21402173022F00102012C5A60F4D102F091FAFFF76E
S214021740B1FF204600F01EF8ECE700BF542500204B
S21402175010B50B4C63685A0701D4002010BD00F088
S21402176021F883791B0708D500F048FE0028F5D13A
S214021770636823F004036360EFE700F023FEF5E7F7
S2140217805425002008B5044A536843F00403536006
S214021790FFF7DEFF08BD00BF542500200048704753
S2140217A063250020044890F82B1000F10F02083041
S2140217B0012918BF1046704754250020F0B48279DC
S2140217C0034612F0280F26D00025144A016892F824
S2140217D02A60C2F80F108188A2F813108179517519
S2140217E01168AE4207DCF0BC5368032043F00403E2
S2140217F05360FFF7C7BF4C6A14F4404F08D118680D
S21402180044F0080408609F8898798F8088714C623B
S21402181001354831E5E72120F0BC70475425002009
S2140218204379024A9B09D05C704700BFF8FC03006C
S2140218300B6810B503608B88FF2A0446838002D1AA
S2140218400723A37109E0032A08D8054B9B5C072BE4
S214021850837102D1FFF7E4FFA07110BD0023F0E709
S214021860FCFC03008379024A03F00703D05C70474E
S214021870F0FC030010B582798B79094C02F007025E
S21402188003F00703A25CE35C9A4206D106221BF031
S214021890A7FEB0FA80F0400910BD0020FCE700BFAA
S2140218A0E8FC03007FB5134B0E4605460446039339
S2140218B0A0B117F01AFD78B900223146204617F07B
S2140218C049FE022807D1012331460093204604230D
S2140218D003AA16F090FA0DB104B070BD204617F0B8
S2140218E0D3FC04460028F7D017F0FFFC0028F5D1F9
S2140218F0E2E700BF0100FFFF2DE9F04F97B08346F5
S214021900099117F038FC099883790C33C45CC51822
S2140219101CF07EFA1E2C0646099F24D8012C26D9D6
S214021920C54BE340DA0722D5384697F806801CF006
S2140219306FFABBF80A2083B29A4228D214F0010248
S21402194040F0A18004F07F03522B00F09C801E2CF6
S21402195000F09980099B214600935846042317F00D
S21402196061F921240CE004F07F03522BDCD02146DF
S214021970062300225846009717F054F941F206143F
S214021980584617F0FDFB204617B0BDE8F08F4744D7
S2140219903A7B013B1E2A9BB242D8012ACED9023A92
S2140219A01C2ACBD801A151F822F000BF3D1A020032
S2140219B03D190200411A02003D190200371A0200C0
S2140219C03D1902002D1A02003D1902003D1A0200BE
S2140219D03D190200411A02003D190200451A020092
S2140219E03D1902002D1A02003D190200731A020068
S2140219F03D1902003D1902003D190200771A020045
S214021A003D1902007B1A02003D1902003D19020030
S214021A103D1902003D1902003D1902007F1A02001C
S214021A20522A26D0D22A89D10D2B05E0062B0FD0BA
S214021A30142B83D10CE0052B80D909E0022BF8E7A2
S214021A40042BF6E7032B7FF679AFDB073FF576AF7D
S214021A50022C00F0F380DBF800309B689F0516D45A
S214021A600BF144001CF04FF9099BCBF844300024DC
S214021A7086E7012BE0E7032BDEE7012BD9E7002BF5
S214021A807FF45CAFE4E709A81CF03DF969E71E2C79
S214021A90584600F0918317F028FC0746002840F0CD
S214021AA08280584617F01CFC00287CD004F07F0386
S214021AB0522B00F0BC80082C68D1B6B2152E14BF8B
S214021AC002201020691D17F0F6FB00285ED0DBF816
S214021AD01430D8074BBF23F0010343F00103394605
S214021AE0012158464CBFCBF81430CBF8143017F00F
S214021AF013FC09980D9017F003F80446B0F801801D
S214021B00B0F803900D981CF083F9152814BF02252F
S214021B10102505342146284603F00AF8214603908C
S214021B20284617F0C8FB0490B8F1000F00F0438176
S214021B30C84500F24081022109200D9A17F003F8E9
S214021B40BBF80A708246023FBFB23E4640464FF09E
S214021B50FF354946039A17F0AFFE0446002800F008
S214021B606C8117F07CFC002800F08481012221465B
S214021B70584617F01EFD03468DF82E00002800F08A
S214021B801F810D9A009222460821A3E0DBF814304A
S214021B9013F001063CD023F0010300215846CBF88F
S214021BA0143017F0B9FB1E2C63D8032C66D9231FFA
S214021BB0142B63D801A252F823F000BF8B1E02003A
S214021BC07D1C02007B1F02007D1C0200F31A02002D
S214021BD07D1C0200612002007D1C02007F200200A4
S214021BE07D1C0200952002007D1C0200891C02005A
S214021BF07D1C0200892102007D1C02007D1C020061
S214021C007D1C0200A52102007D1C0200AF210200FD
S214021C1043F0010301215846CBF8143017F07CFB41
S214021C201223324621465846009616F0FBFF09A8B4
S214021C301CF069F81BE700BF54554541099DBA4C94
S214021C40284616F05DFF2188B0F801602A465846FD
S214021C5016F0FDFF2388BBF80A10B34228BF3346AE
S214021C60172BB8BF17235846ABF80A3017F06FFA8F
S214021C70FDE6522C00F08F82D22CD8D0099B00228F
S214021C8000932146062325E0099F384616F038FFC2
S214021C900546B0F80180B0F803A038461CF0B8F844
S214021CA015280CBF20460220691D02F041FFB5F838
S214021CB0053004900793B8F1000F07D0D04505D839
S214021CC017F051FF50B91023009701E00123009747
S214021CD042461021584616F0A5FFC8E63A460221AB
S214021CE0112016F030FF44464FF0FF35BBF80A309D
S214021CF005909E1E0393063B9BB2B6B208935146CE
S214021D002046049A17F0D8FD814668B35146079AD2
S214021D1017F01FFE0446484617F0A1FB40B94FF6DF
S214021D20FF739C4201D00134A4B25445E7D91BE0AC
S214021D304FF000030DAAADF8343049460CAB5846B6
S214021D4017F0D4FC039ABDF83430053A9A42089A42
S214021D500690D8BF1346002DADF8343009DB9D42FD
S214021D6002D1EB1CB34208DB691C1CD10A23009784
S214021D70AEE7351F9D42A8BF1D46042211A938466C
S214021D80ADF84490ADF846401CF07FFA2A46384635
S214021D9006991CF07AFA4FF6FF73043E761B9C42B5
S214021DA0B6B2C0D1E0E73946059B04355D705846A9
S214021DB001F042FD5BE60D9B009301234246E3E6FB
S214021DC0049B13B1204617F02EFB204617F05FFB4C
S214021DD0D8B1002D54DC0DA81BF095FF08235846F9
S214021DE08BF81C3050F80C2B40F2025192F87020FF
S214021DF08DF8483000238DF8442011AAADF84640ED
S214021E00ADF84A301BF0B4FE31E6ADF844000DF1F1
S214021E102E032146584611AA17F068FCBDF8443036
S214021E200590BB4228BF3B46002DADF844300ADB86
S214021E30AB4202D16B1CB34209DB6A1C0D9B1FD15D
S214021E4000930A23BAE7B51E9D42A8BF1D4602228A
S214021E500CA90D98ADF830401CF017FA2A460599E1
S214021E600D981CF012FA4FF6FF73023E761B9C4248
S214021E70B6B2E2D0601C80B28145BFF46AAEDCE73F
S214021E8002350D998AF8015091E7DDF8249048460C
S214021E9016F036FEB0F80330B0F801800493B8F1BD
S214021EA0000F43D0984541D84FF6FF774A460221A5
S214021EB0052016F048FE4546BA46BBF80A4005908D
S214021EC0023CA4B22946584617F0D1FD50450646B4
S214021ED04BD04FF400622946584617F06AFB00289A
S214021EE03ED1304617F05BFE00280CBF02231023BB
S214021EF05745039320D0304617F051FE06903846D9
S214021F0017F04DFE069B834203D1039B0133A34287
S214021F1013DB384617F043FE059B0130194658700E
S214021F20584616F068FEA2E5180D00200123CDF8EB
S214021F30009042460421CDE637460DF14601304672
S214021F40ADF8445002F04AFE039B48469A1C11A97B
S214021F501CF09BF9039B023CE41A5545A4B2D8D068
S214021F60049B0135ADB2AB42ACD24FF6FF739F4233
S214021F70CFD10A23CDF80090DBE7DDF824900024C9
S214021F80484616F0BDFDB0F80530B0F803A0B0F82C
S214021F9001600746484603931BF03AFFC51FADB2E1
S214021FA0102D0C9458D82A46F91D0DA81BF04DFB8F
S214021FB0002E53D0564551D84A460121072016F026
S214021FC0C2FDA046074633460A249A45049307D91B
S214021FD03946BBF80A0016F099FD0328049B04D87C
S214021FE0B8F1000F1AD039469AE7ADF84430039B91
S214021FF05846ADF848300DAB13930BAA0DF12E03DD
S21402200011A9ADF846A0ADF8505017F0CEFC0A283C
S2140220100446E5D0BDF82C3030B11E462346324683
S2140220200621CDF8009055E6ADF83030BDF82E30DA
S2140220300CAAADF8323039460423BBF80A0016F073
S21402204070FD4FF6FF72BDF82E309342CBD00133AF
S2140220504FF001089BB2B8E70424DFE70124DDE76E
S2140220600A23099C8BF81C30204616F049FD2346AD
S2140220700022B0F80110584615F08DFFF7E4099CCF
S214022080204616F03DFD0C238BF81C30B0F80320DA
S2140220902346EEE7DDF82480404616F031FD05467D
S2140220A040461BF0B5FE0023441EBBF80AA08DF87E
S2140220B0343061D014F001075ED120460FF088FD5F
S2140220C0064600285ED00AF1FF332246691C0393B7
S2140220D01BF0BBFA424601210F2016F034FDB14632
S2140220E00490002C04DC30460FF090FD049917E7AC
S2140220F039F8025B01222946584617F05AFA023C82
S2140221008DF8340068B9284617F0CBF810B1284687
S21402211017F089F9284617F0BAF960B180238DF8CE
S214022120343030460FF072FD2A460E219DF83430C8
S214022130CDF80080CEE529460DAB584611AA17F019
S214022140D5FA9DF834300146002BEAD1039BBDF840
S2140221504420DB1B9A42C2BF0AF1FF33DB1BADF8F9
S21402216044304046BDF844201CF08FF8BDF8443099
S2140221709842B8D31F44B4E7042300258DF83430C0
S2140221802E46CEE71123F8E75846099AB5F801100D
S21402219015F0CBFF6BE45846099AB5F8011016F015
S2140221A01FF864E45846099916F059F85FE4584651
S2140221B0697816F0BFF83AE516F0DCF837E500BFA6
S2140221C07FB5174A0646136842F6052023F0080331
S2140221D0136017F0ACFB054650B1684602F060FB90
S2140221E0002017F051F8044620B92946FFF75AFB9B
S2140221F004B070BD1022684604F121011BF0F0F90C
S21402220038B10121204617F087F8636923F00103ED
S21402221063611EB13146204617F05AFC2046E0E7BD
S2140222202C26002007B5837801916A4608210448C7
S2140222308DF800301BF09CFC03B05DF804FB00BF79
S214022240D02500200022054BC3E90322C3E905225C
S2140222501A70DA614FF6FF725A847047A82500207A
S214022260014B1860704700BFA425002082780D4BF2
S21402227013B55A60B0F8032091B2102910D040F678
S2140222800344A1420CD041795B8C8DF80210ADF864
S214022290042005216A460448ADF800301BF068FCAD
S2140222A002B010BDA8250020D025002073B5837982
S2140222B001900C33C418C35C132B0ED8042B10D910
S2140222C0053B0E2B0DD8DFE803F01E0C0C1E0C0C83
S2140222D00C0C0C161A0C0C0C2300302B13D03E2BB5
S2140222E01BD0FBF71FF8019B834202D001A81BF00C
S2140222F00AFD02B070BD2046FFF7B8FFF1E7E278AC
S2140223000E4B5A60EDE7204601A902F015F8E8E701
S214022310204601A916F05AFAE3E70025084E019B6B
S2140223203BB1204656F8043B01A9013598470E2DCD
S214022330F5D101A81BF0E7FCD3E700BFA8250020D3
S21402234000FD030007B500F013F920B103B05DF8F5
S21402235004EBFFF7ABBF00F017F9019018B1054B7D
S2140223601B681BB1984703B05DF804FB01A81BF07D
S214022370CAFCF8E7A4250020024610B1022804D0C1
S2140223807047032102481BF0AFBBFFF7DBBF00BF5D
S214022390D0250020024B1A78024B53F822301847F9
S2140223A0A825002038FD030010B504460120FFF7DB
S2140223B0F1FF034B00201C70BDE81040FFF7EABF98
S2140223C0A825002010B50446062142F2050016F0A4
S2140223D00EF92368C0F80330A388A0F80730064831
S2140223E0FAF7C2FF16F047F9407920B116F043F922
S2140223F0407940F4805010BD175E030010B50446C5
S21402240006214FF6284016F0F2F82368C0F803308B
S214022410A388A0F807300648FAF7A6FF16F02BF9AD
S214022420407920B116F027F9407940F4805010BD6B
S214022430D1D3010038B505460C4669B9022142F2ED
S2140224401B0016F0D4F8B5F86E30A0F803300D482D
S214022450BDE83840FAF788BF122142F21A0016F099
S214022460C6F82146B5F86E30053020F8023C04F175
S214022470100351F8042B994240F8042BF9D1024874
S214022480E6E700BF616003009D60030001481BF0A1
S21402249058BC00BFB825002040F6FF732DE9F34173
S2140224A00D46B0F86E100192994205D101A81BF0B4
S2140224B02AFC02B0BDE8F0811146134601229BBBFE
S2140224C01E481BF007FDFFF7E1FF04460028F0D088
S2140224D01BF09EFC6379074603F001086FF30003C6
S2140224E0637104212046A6681BF0D5FD4379044695
S2140224F068F300034371DB438179B6F86E200C3132
S214022500866003F001036254C2F30322084442EADF
S21402251003124270478022463046294616F05BF97F
S2140225202046FAF735FFCEE75C79986024F003047C
S21402253014435C7100221B68C1E700BFB825002067
S21402254070B50546064C206800B970BD8368AB427C
S21402255004D106680FF0CCF92660F4E70446F2E7E9
S214022560B8250020014601481BF0B4BCBC2500205B
S21402257001481BF0E6BB00BFBC250020014601480F
S2140225801BF0A8BCB4250020034BD86818B103F191
S2140225900C001BF0D6BB7047A8250020044BDA6857
S2140225A022B95869003818BF0120704701207047C9
S2140225B0A8250020012210B5054C02FA00F0236877
S2140225C011B10343236010BD23EA0003FAE700BFFC
S2140225D0CC2500200138C0B20A289ABF014B185CED
S2140225E00020704740FD030007B506481BF0A9FB14
S2140225F0042101900DEB01001BF085FC019803B04D
S2140226005DF804FBD4250020F7B5186810F0020028
S21402261003D0164E316811B9012003B0F0BD002474
S214022620042223460DEB020001941BF062FBBDF868
S2140226300630DB0702D4FFF7D7FF044600250C4F0F
S21402264057F8043B23B12146BDF80400984748B129
S2140226503368002BE0D0074B022193F900000EF0FE
S2140226601BFED9E70135062DEAD1F1E7D425002075
S214022670D8250020712D002010B509480EF0FCFD6B
S2140226800024084B0849187020200C600FF07AF9D5
S214022690064BC3E90044C3E90244C3E9044410BD3F
S2140226A0700B0020712D0020D4250020D825002094
S2140226B070B50025074E96F82A30ECB2A34200D831
S2140226C070BD204601F066F910B1204601F088FC84
S2140226D00135F0E75425002013B5C37A0093B0F80D
S2140226E00930D0F80520D0F80110007801F00AFC75
S2140226F00446034800F0AAFE848002B010BD00BF64
S21402270020020403FF2337B50DF107008DF80730CA
S21402271001F082FC044604489DF8075000F096FE3D
S2140227208480857103B030BD2003040110B50078A3
S21402273001F056FC0446024800F088FE848010BD74
S2140227402002040A38B54B7905465B070C460CD4C2
S21402275014212046054A16F03FF82046217916F045
S214022760EEF810B9A3791C44257438BD70FD030039
S214022770837810B5132B0C4608D1054B1B6803B1A2
S21402278098472046BDE810401BF0BDBA10BD00BFFA
S214022790F025002010B500210446007815F0E8FF69
S2140227A048B16178207816F0DCFB0446034800F056
S2140227B04DFE848010BD0224F8E700BF20025601B9
S2140227C010B54178007801F0DBFB0446024800F0C1
S2140227D03DFE848010BD00BF2002560213B541881C
S2140227E00DF1020301AA008815F02EFCBDF8023096
S2140227F00446F82B84BFF823ADF80230019ABDF8E0
S2140228000210034800F06EFE848002B010BD00BFC6
S21402281020030A00002110B5421D0379044608462B
S2140228201BF060FD024648B16188208815F038FC2E
S2140228300446034800F00AFE848010BD1A24F8E716
S21402284020020A0213B50446007816F017FD70B18E
S2140228500023CDE90033E278B4F8011015F0F9FD53
S2140228600446044800F0F2FD848002B010BD252420
S214022870F7E700BF20020A0408B50146034631F80E
S214022880030B9A7815F0A2FD034800F0DFFD002343
S2140228900371437108BD00BF20020A1110B500780B
S2140228A017F0AEFF0446024800F0D0FD848010BD4B
S2140228B020020F0470B5FEF7E3FA00240646E5B2DE
S2140228C0AE4209D84FF0FF30FEF7C2FB0446084876
S2140228D000F0BCFD848070BD2046FEF7B3FA28B136
S2140228E0284615F06EFF284615F06DFF0134E6E720
S2140228F020020F0710B54178007802F0E5FD044685
S214022900024800F0A3FD848010BD00BF20020F0124
S21402291010B54178007817F05DFF0446024800F0D3
S21402292095FD848010BD00BF20020F0E08B5064933
S21402293006481BF0E1F8064906481BF0DDF8064893
S2140229400FF014F9002008BD880B0020F82500209F
S214022950980B0020F4250020800B0020014815F07B
S214022960B4BF00BF2C0B002030B5114B0D46994268
S214022970144685B019D193000FD503A902A80EF00C
S214022980A1FE08230193039BE1B20093002228468E
S214022990029B41F000511BF092F8064816F02DF803
S2140229A000B10471012005B030BD0020FBE700BF76
S2140229B0F4250020F8FD030022F00042B2F1A04FF9
S2140229C008B504D1034816F018F8012008BD002007
S2140229D0FCE700BFFCFD030070B5FFF7BFFF90B138
S2140229E0FEF7DCFE002604462046FEF73BFF0546C1
S2140229F0064800F02BFD86802268C0F80620A288D2
S214022A000573428170BD0226014CEDE720090115CF
S214022A10D4FD030008B501F091FBBDE80840024969
S214022A2002481BF08DB800BFA80B0020D02500205E
S214022A30F8B5054600200D4E0127307100F008FE5D
S214022A4004466CB16DB994F872306BB1377115F0FB
S214022A50B3FE2046132116F04BFB6468002CF2D11D
S214022A60F8BD204616F048FB6468EAE7502B0020C3
S214022A7038B50023094C2360A380036823602078BE
S214022A8016F032FB054630B9054806491BF034F805
S214022A90608801F069FB284638BD00BF502B002035
S214022AA0D0250020A80B002022F00042B2F5887F35
S214022AB02DE9F0471C4600F0E5800ED840F20313DD
S214022AC09A423CD040F209139A4200F0C5800E2A80
S214022AD000F0B6800020BDE8F08740F207239A4255
S214022AE04AD0B2F5037F59D040F206239A42F1D17A
S214022AF020684C30FEF7B6FE25680746664895F80D
S214022B00736095F870A095F9759095F87680A4880C
S214022B1015F073FF0028DDD0EB6C4360B5F850303B
S214022B2087720381731E5E425E41C67280F80CA0F5
S214022B3080F80D9080F80E80A0F80F40CAE7207843
S214022B4000F078FD0028C5D0544894F80090B4F8F8
S214022B500280A788E688257A648915F04EFF002849
S214022B60B8D080F80490A0F80580A0F80770A0F806
S214022B700960C5728481ADE7207800F05BFD00280D
S214022B80A8D060782578FFF725FD0446444815F05E
S214022B9034FF00289ED0057144719BE7A578012D6D
S214022BA01ED0022D2DD0CDB9E37894F80080023BDA
S214022BB0DBB2022B8CBF01253A4A94F9047066797F
S214022BC098BFD55C94F90640374815F016FF28B131
S214022BD080F8048045718771C671047201207AE715
S214022BE0E37894F80080023BDBB2022B98BF2D4AB2
S214022BF094F90470667998BFD55C94F906402B4820
S214022C00E3E7E3782A48023BDBB2022B94BF254A6D
S214022C10012594F80180277898BFD55C94F9049032
S214022C20667994F9064015F0E8FE0028D6D0A0F89A
S214022C3004808771C57180F8089046728472CDE769
S214022C4023460822002113F8014B1A4815F0E6FE27
S214022C500028C3D00471C1E7174894F8008067883B
S214022C60A688E588248915F0C8FE0028B6D080F824
S214022C700480A0F80570A0F80760A0F80950A0F834
S214022C800B40ABE70D481C7815F0B7FE00283FF462
S214022C9021AF04711EE700BF54FE030050FE03007E
S214022CA048FE030000FE030040FE03003CFE030055
S214022CB044FE030038FE030034FE03004CFE03000D
S214022CC010B5007800F0B6FC40B1132116F010FAE9
S214022CD00446034800F0BAFB848010BD2524F8E7BA
S214022CE02002060570B5144606460D4620461421F7
S214022CF00A4A15F071FD2046217915F020FE58B9D2
S214022D00A3790C331C44064BA6711B79A5801BB114
S214022D10BDE8704015F051BD70BD00BF30FE030027
S214022D20502B0020024B00201A68024B5A60704754
S214022D30F82300202C0B002010B5FDF7A1FD044659
S214022D4030B9044815F097FD044608B9FDF7C8FEE9
S214022D50204610BD2C0B002073B51C4640F20A63B9
S214022D6022F000459D4208D8B5F5C06F08D8042D5C
S214022D7047D00D2D4DD0032D1ED0002002B070BDC1
S214022D806FF4C0631D44092DF7D801A353F825F04C
S214022D90772E0200252E0200492E0200592E02002E
S214022DA06F2E02007B2D02008F2E0200A52E02003F
S214022DB0C52E0200112F020001A8F4F741F9564869
S214022DC0BDF8044015F019FE0028D6D00023437142
S214022DD0C37103724372037343738373C3732823EB
S214022DE083746FF00B03C3746FF0660307224321EC
S214022DF003753E23027185718172C2720482437525
S214022E00BBE74648246815F0F8FD0028B5D0848054
S214022E10B3E723460422002153F8044B404815F03A
S214022E20FDFDF2E7207800F005FC0028A5D03D481D
S214022E30267894F90150A47815F0DFFD00289CD07E
S214022E4006714571847198E72478374815F0D5FDE8
S214022E50002892D0047190E725783448646815F00B
S214022E60CCFD002889D00571C0F8054085E7257895
S214022E702F486468F3E72F482578646815F0BDFD8F
S214022E8000283FF47AAF0571A0F8054075E72A4896
S214022E902578646815F0B1FD00283FF46EAF057121
S214022EA044716AE7637825480D2B96BF244A0125AC
S214022EB0D55C247815F0A1FD00283FF45EAF0471BE
S214022EC045715AE7637800210D2B98BF1C4A1D48AE
S214022ED098BFD55C6368A27888BF0125267815F06E
S214022EE09DFD08B1067145716378012B3FF645AF2B
S214022EF08DF8043001220021124801AB247815F027
S214022F008DFD00283FF439AF01230471437134E785
S214022F1024780D489AE700BF98FE030090FE03004F
S214022F2094FE03007CFE030084FE030088FE03007A
S214022F3080FE030078FE030074FE030070FE0300AA
S214022F4058FE03006CFE030068FE030014220021F4
S214022F5001481AF06FBB00BFFC25002070B505467D
S214022F600FF02CFA1A4C064663795B070ED414212E
S214022F702046184A15F030FC2046217915F0DFFC71
S214022F8020B13046BDE870400FF01EBAA3790C336C
S214022F9023442DB91A79FF2AF3D001321A71F0E7C9
S214022FA0012D05D15A79FF2AEBD001325A71E8E792
S214022FB0022D05D19A79FF2AE3D001329A71E0E711
S214022FC0032DDED1DA79FF2A1CBF0132DA71D8E787
S214022FD0FC2500208CFE030038B50546084800F0A4
S214022FE0B1F9044648B900F003FA04461DB1054B90
S214022FF01B689B792B7000F013FA204638BD00BF81
S214023000ACFE0300182600202DE9F84380460D4842
S2140230100F4616461D469DF8209000F093F978B9A3
S214023020094B1C6884F80480C4F80570C4F809606B
S214023030A4F80D5084F80F90BDE8F84315F050BC84
S214023040BDE8F883A4FE03001C26002010B5044643
S214023050054800F077F930B9044B1B681C71BDE8CF
S214023060104015F03DBC10BD9CFE03001C2600203F
S21402307038B5054606480C4600F064F938B9054BE3
S2140230801B681D715C71BDE8384015F029BC38BD5F
S214023090BCFE03001C26002038B5054606480C4632
S2140230A000F050F938B9054B1B681D715C71BDE81C
S2140230B0384015F015BC38BDB4FE03001C260020AF
S2140230C010B50446054800F03DF930B9044B1B68BC
S2140230D01C71BDE8104015F003BC10BDC4FE030011
S2140230E01C2600202DE9F843804614480F46164653
S2140230F01D46DDF8209000F025F90446C0B9104BB5
S2140231001B68A3F80480DF8000F072F90D4B0446BA
S21402311019680DB18B792B60B9F1000F06D08A7948
S214023120B24208D8484607311AF08FFA00F078F90A
S2140231302046BDE8F8831D24F8E700BFE4FE03003E
S2140231401C2600201826002038B505460C460748DF
S214023150012100F007F938B9054B1B689D80DC8019
S214023160BDE8384015F0BCBB38BD00BFDCFE03002E
S2140231701C26002070B5064608480D46144600F088
S214023180E1F848B9064B1B681E71A3F80550DC71BE
S214023190BDE8704015F0A4BB70BD00BFD4FE0300AE
S2140231A01C26002010B5134604460A46064801218E
S2140231B000F0D8F830B9054B1B689C80BDE810407B
S2140231C015F08EBB10BD00BFCCFE03001C260020EF
S2140231D038B5054606480C4600F0B4F838B9054B33
S2140231E01B681D715C71BDE8384015F079BB38BDAF
S2140231F004FF03001C26002010B50446054800F014
S214023200A1F830B9044B1B681C71BDE8104015F0DC
S21402321067BB10BDFCFE03001C26002038B5054621
S21402322006480C4600F08EF838B9054B1B681D712F
S2140232305C71BDE8384015F053BB38BDF4FE0300A0
S2140232401C26002008B5044800F07CF818B9BDE832
S214023250084015F045BB08BDECFE030070B50546F8
S2140232600B480E4600F06EF8044678B900F0C0F837
S214023270084B04461B6825B1D3F806202A605A89F3
S214023280AA800EB11B7B337000F0CAF8204670BDD0
S2140232900CFF030018260020044A0346106810B1EB
S2140232A002789A4200D170470069F8E71426002097
S2140232B008B515F0DEFAFFF749FE0022014B1A6048
S2140232C008BD00BF1426002038B5104D0446104A2B
S2140232D028461BF061F84FF48270A0470D4B01465A
S2140232E01860287818B14FF482721BF058F84FF421
S2140232F08270A047084B01461860287828B1BDE8BE
S21402330038404FF482721BF04AB838BD722D002046
S21402331014FF03001C26002018260020084A136803
S21402332033B94178036141F0010141701060704782
S214023330197802789142FAD003F110021B69EFE77E
S2140233401426002010B5044618F0F4FD28B9034BE5
S21402335022681C60024B1B681A6010BD10260020F3
S2140233601C2600202DE9F84F046898464FEA042AE6
S2140233700AF4E06AC4F307234AEA030A0AEB0209DC
S214023380B9F5807F83460F46154603D91D2630467B
S214023390BDE8F88F18F0CEFD06460028F7D1124B8E
S2140233A024F47F44C3F800B024F0C7040F4B44EA69
S2140233B019244FEA09291B681FFA89F944EA090405
S2140233C043F8044B53442A46414618461AF03DF940
S2140233D0012F04D1FF2DD9D800F8015CD7E7022FC0
S2140233E008BF20F8025CD2E7102600201C26002028
S2140233F008B5074B1A68074B52F8040B1968064BB8
S21402340049681B689847054B1B68988808BD00BF2B
S2140234101C26002010260020B80B002018260020AC
S2140234200022024B1A6018F087BD00BF102600204B
S214023430054B186808B1C3681BB1003818BF0120D5
S21402344070470069F6E700BF1426002010B5034C4B
S21402345023681860FDF782FB206810BD182600203E
S214023460F8B504460D4601460020174615F002FA46
S214023470F3F7D4F8194E78BB194B1B681C603368F7
S214023480187058709870D870204615F0CDF918B19B
S21402349065B94368220E2BB90F250DE05979914282
S2140234A004D008331D68002DF8D1F5E73846A84742
S2140234B033681B684BB9012524F47F4020F0C7000F
S2140234C040F40070FFF7C2FF85803268012052F890
S2140234D0041B15F0CFF9F8BD1425EDE718260020D9
S2140234E01C260020F8B50E460502C0F3072305F495
S2140234F0E0651D430E4B691E1B680446043300F04C
S21402350038075E54581811462AB10130904202D04C
S21402351032461AF075F8240C240435443C4344EA37
S21402352015242D02A8B22043BDE8F840FFF78EBF4F
S214023530182600204022094B83F8212383F82223F1
S21402354083F8232383F8262383F8252383F820236E
S21402355083F82423502283F8222C704700E100E0EF
S214023560BFF34F8F0549064BCA6802F4E062134365
S214023570CB60BFF34F8F00BFFDE700BF00ED00E05A
S2140235800400FA05044BD86910F480501CBF186A70
S21402359000F00100704700BF0080E00F70B50446DF
S2140235A00D461B4A13686BB393F87D10586811F0EA
S2140235B0040129D110608C22184693F870601AF024
S2140235C039F8034680F870602268C0F85A20A2884C
S2140235D0A0F85E20A27980F860202868D864AA79CC
S2140235E0A98883F85220FF2283F8752083F8762074
S2140235F040F6FF72A3F86E20064AA3F85010116830
S21402360013605960184670BD1A1D0346CBE700BF0B
S2140236102426002020260020054A0346106800B90A
S2140236207047B0F86E209A42FAD04068F7E700BFBB
S21402363020260020054A0346106800B9704790F815
S21402364070209A42FAD04068F7E700BF2026002092
S21402365010B9024B18687047406870472026002051
S2140236600023114A2DE9F0418C2113608046024660
S21402367001200EF03BF8044620B905460B4E30609A
S214023680A84502D82046BDE8F08101200EF0ACF82D
S21402369007468C220021013519F0CCFF87F87050BE
S2140236A037603E1DECE700BF2026002024260020BF
S2140236B0012310B58B4090F87110044621EA0301ED
S2140236C049B280F87110002949D115F083F82046D6
S2140236D017F029F9102104F118001AF026FE2046E8
S2140236E0FEF72EFF04F138001AF00DFB204617F005
S2140236F065F8214A13681BB19C42596830D11160A3
S214023700A36859050BD51A0509D443F40063A189A9
S21402371094F87000A36004F17802FFF7E3FA00233E
S214023720204663601AF010FA15F0E4F94FF480723E
S214023730B2FBF0F2424394F870300344B3FBF2F16A
S21402374002FB1133DBB2591EC9B2FD29F5D884F843
S214023750703000236360094B1A6852B91C6010BDB2
S2140237601A465B68002BCBD09C42F9D16368536043
S214023770C6E7131D5268F0E7202600202426002004
S21402378010B5084C206830B9BDE81040064B1860EA
S21402379001200DF0F9BF436890F871102360FFF71F
S2140237A087FFEFE7202600202426002090F87430BA
S2140237B003F00B03013BDBB20A2B9ABF014AD05C33
S2140237C00020704722FF03001FB5014690F87030B4
S2140237D08DF80430FFF7EAFFB1F862308DF80C007E
S2140237E0ADF80630B1F8643001AAADF80A30B1F887
S2140237F066300748ADF80830B1F86C3040F2031175
S214023800ADF80E301AF0B4F905B05DF804FB00BF4F
S214023810D025002007B590F870308DF8051001AA63
S21402382040F2072103488DF804301AF0A1F903B0DC
S2140238305DF804FBD025002038B50A4B04461B6809
S2140238400D462BB143699B0702D515F09EFC30B19D
S2140238502A4620680421BDE8384016F05DBFA369F9
S2140238609D6138BD28260020014B1860704700BFB6
S21402387028260020024B1868003818BF012070471F
S2140238802826002013B50446019120B901A81AF093
S2140238903AFA212012E008460029FAD01AF0B8FABD
S2140238A080B20028F2D0094B20461B6801994BB122
S2140238B0984728B920460199FEF71EF802B010BDB7
S2140238C00020FBE701F05AFAF3E700BF28260020A3
S2140238D038B5436A0446590415D4134A03F4004320
S2140238E092F82B20012A0FD1826A92040CD4002B64
S2140238F001460CBF5320142014F0DBF918B9636A92
S21402390043F00803636238BD002BFCD1074D204606
S2140239102946FDF7AFFF0028F5D12868AA88AB79BB
S2140239202060A280A371EAE75425002063250020C8
S2140239302DE9F041164D85F82A0038B300EBC00099
S214023940C1000023012204200DF0D0FE044650B927
S21402395004200DF049FF4827A046286095F82A3033
S214023960A34203DC00242046BDE8F0812E68142220
S21402397007FB04660021C6F8188006F1340019F029
S21402398059FE304615F02FFA0134E7E72860E9E7DA
S21402399054250020074B93F82A20824281BF1B68D9
S2140239A000EBC00003EBC003586A8CBF00F00100B6
S2140239B0002070475425002008B50146FFF7EAFFAD
S2140239C040B1054B01EBC1011B6803EBC103586A0A
S2140239D0C0F3C02008BD00BF542500202DE9F04FDB
S2140239E00746384A93B0106851680FAB03C3906815
S2140239F0354A1860146807EBC70304EBC304E37B7D
S214023A0012AA02EB430333F80C1C636A94F82E8066
S214023A10DA0494F82F6047D40126B04641F010012C
S214023A2094F80D90C3F3404A5B0348BF4AF0020A7B
S214023A308BB289F00809B8F1010F94F831500B9354
S214023A4004F1070BD4E90723C9F3C00994F93240FD
S214023A5009D0B8F1020F06D0B8F1040F14BF4FF028
S214023A6000084FF00308012E05D0022E03D0042EC4
S214023A7014BF002603263846CDE90C23FFF79CFF29
S214023A80DDE90C230121CDE90760CDE90051384676
S214023A90CDE90548CDE903BA0B99CDF8089001F0B7
S214023AA0D1FA13B0BDE8F08FA26A950648BF41F07E
S214023AB02001500648BF41F04001DA0348BF41F0FA
S214023AC00401ADE72EFF030054250020002170B547
S214023AD00B4B93F82A601C688E4202DCFF252846B0
S214023AE070BDCDB22846FFF755FF28B1E37B012B08
S214023AF002D1636ADB06F2D401314834ECE700BF38
S214023B0054250020014B93F82A00704754250020C4
S214023B1070B504461546FFF73DFFB8B10E4A04EBF2
S214023B20C4041368E60003EBC4035B6A13F01004D4
S214023B300FD0C3F300330B7013683344DB7B5A1E7B
S214023B40042A04D8033B18BF01232B7070BD002340
S214023B50FBE72046FAE700BF542500203F4A70B52F
S214023B60146800EBC00304EBC304636A06465B07F3
S214023B7004D500231A46194601F046FB636A9D07E0
S214023B8006D53046FFF72AFF636A23F00203636214
S214023B90636A18070CD5A27921463046C2F3C002E2
S214023BA001F0D0FA0546E8B9636A23F008036362B7
S214023BB0304615F0B9FA0546A0B9626AD10611D5A3
S214023BC0D30404D5304614F070F840B11BE0120658
S214023BD0E37B09D4E37B626A023B012B15D9616A57
S214023BE048071FD4284670BD03F0FB03012BF6D00E
S214023BF03046216901F0CCFA636A256123F080031E
S214023C0063620028E6D00546ECE7D305E7D53046E2
S214023C10616901F0DBFA00236361636A23F480734F
S214023C206362D2E7E37BA28D012B03D1A2B1802A85
S214023C3028BF802211F0400F94F830304FF0010177
S214023C4018BF0123304601F0DFFA0028DBD1636A91
S214023C5023F004036362C5E74022EBE75425002005
S214023C602DE9F04100244827104D95F82A30A3424A
S214023C7001DCBDE8F081E6B23046FFF78BFE98B174
S214023C8007FB04F828684044436ADA060CD55B044E
S214023C900AD4FFF71DFE2B68304643445A6A42F0A8
S214023CA006025A62FFF75AFF0134DEE75425002067
S214023CB02DE9F04FDFF8489200EBC003D9F8004038
S214023CC089B004EBC30404F1100A804650460E463F
S214023CD017461AF018F804F11403184602931AF05D
S214023CE012F800201AF0D3F90546002800F00381E6
S214023CF0012F40F2726718BF1F27012EA6735CD0F1
S214023D00022E0CBF062604260221284615F08FF83E
S214023D100121284615F08BF83146284615F087F81B
S214023D2028461AF075F8012386B2B91B0A220093B8
S214023D3089B242F60723284615F0C9F8042306443A
S214023D40B6B2B91B0093122242F60423284689B261
S214023D5015F0BDF80644B6B2BB1B012B06950393BD
S214023D602DDC002399F82B20002A00F0A480504670
S214023D7019F0C9FF636A256143F080026262DB04C0
S214023D8000F1AB8099F82B00002840F0A6801AF0CC
S214023D907EF90790002800F0A080394615F052F808
S214023DA0002800F0A4800298079D19F0ACFF636A11
S214023DB0656143F4807363628FE00526A4E7002002
S214023DC01AF065F907900028CBD0BB1E9B1B022178
S214023DD01FFA83FB00F09CFF8345064611D22BF0A8
S214023DE001018AB2411A07A804921AF0B3F8049A9B
S214023DF0164602223EB90798F0B907A819F083FFC3
S214023E00AFE70322F6E7711C0698C9B2049215F0D2
S214023E100EF8049A0698114615F009F8079906A8AE
S214023E201AF011F900201AF032F90790002836D05D
S214023E30ABEB06031FFA83FB5B46022B38BF02235B
S214023E409A1E92B20F2A31D91021049200F060FF16
S214023E50049A034682421FD222F00F018AB2934688
S214023E60411A07A81AF076F85B460622591C0698ED
S214023E70C9B20493059214F0DAFF059A0698114621
S214023E8014F0D5FF079906A81AF0DDF8049BB21CB9
S214023E9013449BB23EB965E740B10722E6E707A89E
S214023EA019F031FF334602339BB25BE707A819F0DD
S214023EB02AFF3346EEE7039A2846D11A89B214F04F
S214023EC0C1FF0646504619F01EFF636A256143F09D
S214023ED080026262002E3FF452AF606A10F0100059
S214023EE00AD0404609B0BDE8F04FFFF737BE07A834
S214023EF019F009FFF1E71A2009B0BDE8F08F00BFFC
S214023F005425002070B5054614461E46FFF742FDAE
S214023F1030B3144B05EBC505186800EBC500426AC2
S214023F2093050BD44FF6DF73A1F120059D4217D8F7
S214023F30A4F120059D4213D8A14211D8C3698B4231
S214023F4002D1036AA34204D0C0E9071442F0020277
S214023F5042629DF81030868580F83030002070BDB1
S214023F602120FCE754250020044A00EBC003116818
S214023F7001EBC301CA7B15F003B800BF542500202D
S214023F80F8B505460C46FFF705FD28B3052923D8E4
S214023F90124E05EBC5023368D70003EBC20318695D
S214023FA019F036FF1F2817D833683B44586919F0B2
S214023FB02FFF1F2810D8012C0ED0231F012B0BD940
S214023FC03168224639444B6A284623F482534B62B0
S214023FD0BDE8F84014F0D4BF2120F8BD54250020D7
S214023FE010B50446FFF7D6FC90B10A4A04EBC403A8
S214023FF0106800EBC300436A23F0500343F0040347
S214024000436214F0E6FE2046BDE81040FFF7A6BD68
S214024010212010BD54250020002270B50546114807
S21402402090F82A400368944201DC1A2016E0596A86
S214024030CE0714D493F83960760710D4D0F80F0060
S214024040094C1860A688A07941F00901D4B298718B
S2140240509E8020465962FFF7C1FC2C7070BD01326B
S2140240604833E0E7542500206325002070B5FFF7AB
S2140240702DFDFF28044615D00B4D03B2286803EB2E
S214024080C30300EBC300DE00436A23F0100343625F
S21402409014F09FFE2968204631443431BDE8704052
S2140240A0FEF750BB70BD00BF5425002083782DE973
S2140240B0F041122B0F463CD10B689A790C3213440E
S2140240C0DD781E790DB145F480553046FFF762FC67
S2140240D0D0B1DFF8648006EBC603D8F8004004EBE4
S2140240E0C304636A23F01003636295B9224631461D
S2140240F0A06908F12E0300F0D9F822222946A5610C
S21402410008F12E0019F096FA3846BDE8F04119F08B
S214024110FABD204614F05DFE636A5A0603D523F004
S21402412040036362F0E7304604F13401FEF70AFB0F
S214024130EAE7BDE8F08100BF542500200020094BC5
S21402414010B55862FFF784FA04461CB9BDE8104061
S214024150FFF716BB204641F2160114F04BFF6468C7
S214024160F3E700BF54250020A0F11B03E02B10B597
S214024170044618D8042142F2240014F038FA6FF0EC
S2140241806F0343714223A0F8034083710748F9F78F
S214024190EBF814F070FA407920B114F06CFA40791A
S2140241A040F4805010BD2120FCE700BFFF610300F1
S2140241B037B504460D4614F044FF6988204614F0CD
S2140241C08EFC6A7E2B7E204643EA0223A4F86230E7
S2140241D06A7F2B7F43EA0223A4F86430EA7EAB7E32
S2140241E043EA0223A4F866301B23A4F86C302D4B56
S2140241F0DA8B1B8CA4F86820A4F86A30022384F8B1
S214024200723014F0E6FA204616F068FB94F8733023
S214024210022B15D101F04AF970B194F975300133C9
S2140242200AD105212046A36843F48053A36003B055
S214024230BDE8304014F05CBF0021204614F052FC6A
S2140242400021204600F02AFA4FF6FF73288C984287
S21402425025D000F0C3F9009400F0AEF96A46ADF836
S214024260040040F20621104819F082FC002240F2B7
S2140242700221204619F038FC2046FFF7A5FA204610
S21402428016F038FB204600F0B1FEA368012123F4A5
S21402429080432046A36014F033FF03B030BD0020F5
S2140242A0D9E700BF54250020D0250020F7B50446E4
S2140242B00F46164668465A79991D1D46FDF7B8FA06
S2140242C02CB969463046FFF769F90446A0B140F2B8
S2140242D0032384F87670A4F8723033682946C4F84B
S2140242E05A30B3882046A4F85E30B37984F860303A
S2140242F0FFF75EFF03B0F0BD032140F2064014F064
S21402430076F96B88A0F803300D2343710148F9F75C
S2140243102BF8EFE7E360030007B590F870304FF430
S214024320887101AA03488DF8043019F021FC03B005
S2140243305DF804FBD02500202DE9FF4103780446F2
S214024340302B0E4639D006D8052B25D0082B41D067
S21402435004B0BDE8F0813E2BFAD183780C2B4BD803
S214024360022BF5D9033B092BF2D801A252F823F00F
S2140243700944020043450200514302005143020031
S214024380DB44020051430200514302005143020043
S214024390514302002F450200B0F80300FFF73CF934
S2140243A028B1617909B141F4805114F023FE3046F8
S2140243B004B0BDE8F04119F0A6BCB0F80300FFF760
S2140243C02BF90028F3D0A17809B141F4805114F0FA
S2140243D06AFEECE7B0F80300FFF71EF90028E6D005
S2140243E0627990F8743022B143F0010380F8743099
S2140243F0E9E703F0FE03F9E7212B00F0B780292B4B
S2140244001FD0202BD3D0A3E78088FFF705F900281A
S214024410CDD0E278002ACAD1E179A27942EA012215
S214024420A0F86220E17AA27A42EA0122A0F8642089
S214024430227A617A42EA0122A0F86620FFF7C4F9DE
S214024440B5E7C778851C3C2F02D1FFF70FFEAEE713
S21402445090F80680B8F1000F23D1544A546AC2F885
S2140244602480CFB12946204647F4805714F0E9FD50
S214024470E76084F8728040F20121204601AACDE965
S214024480014719F075FBA368414643F48063204652
S214024490A360FFF70DF98AE729462046FFF788FE54
S2140244A085E74FF6FF73408C98420BD000F096F8E3
S2140244B040B1FDF777F92B460246FF210020FFF7B1
S2140244C0F5FE74E73A4B223455F8042BA54243F81E
S2140244D0042BF9D12A881A8069E7B0F80300FFF79F
S2140244E09BF800283FF463AF40F20911B4F8053098
S2140244F090F87020A0F86C308DF80420ADF80630E5
S214024500227AE37943EA0223ADF80830A27A637A84
S21402451043EA0223ADF80A30227BE37A43EA022317
S214024520ADF80C3001AA234819F022FB3FE7808839
S214024530FFF772F800283FF43AAFA179FFF76AF95D
S21402454035E78088FFF768F800283FF430AF90F828
S21402455070300E218DF80430D4F8063001AACDF85A
S2140245600530D4F80A30CDF80930DCE78088FFF74A
S21402457053F800283FF41BAF90F870304FF40371E5
S2140245808DF80430E37801AA8DF80530A3798DF80A
S2140245900630E3798DF80730237A8DF80830637A8F
S2140245A08DF80930A37A8DF80A30BCE7542500202E
S2140245B082250020D025002050B10C22064B1B6815
S2140245C0C31AB3FBF2F3807A40EA032080B2704744
S2140245D04FF6FF70704700BFBC0B00200246094929
S2140245E00B7A0968FF2B01D10020704703EB4303C7
S2140245F001EB830031F82330C3F30B039342F4D06C
S214024600C37AEFE7BC0B002008B5054B054A1978BC
S214024610054819F0C1FEF722044B1A8008BD00BFF8
S214024620E02D00203AFF0300742D0020180D002014
S21402463010B5044670B30068836CA34222D1636847
S21402464083642246144919F05BFA04F10C0019F04F
S2140246507BFA04F1440019F056FBFFF70BF958B148
S214024660A06948B1143019F04EFBA069183019F051
S2140246704AFBA0690DF0CAFA2046BDE810400DF0CC
S214024680C5BA1346002BDCD05A68A242F9D162683A
S2140246905A60D6E710BD00BF1B920300F8B5054668
S2140246A048200E4619F07DFE2A4F0446387818B187
S2140246B04822214619F073FE8CB1FFF7DBF898B159
S2140246C01C2019F06EFE0146A061387810B11C223B
S2140246D019F065FEA3692BB920460DF097FA00245F
S2140246E02046F8BD00221A700321284614F0FAF973
S2140246F0AB6C22466360AC64172326810026638176
S214024700154928462560267766640CF063FF03F099
S214024710EFFC3246014604F10C000CF05BFF02236C
S2140247202374FFF7A7F818B90C4B1B78002BD7D0C9
S2140247300B4B19881729D3D9204614F062FA0028A1
S214024740CED11221204614F02DFD636943F00203F8
S2140247506361C5E7742D00201B920300732D0020B1
S214024760180D0020F8B5054610B3002920DB114CC1
S2140247702468247E8C421BDD3F2919DC032701F0C6
S214024780030600EBA10191F831407600B74002F033
S214024790030224EA0704B240224381F8312013B10F
S2140247A0002114F0B9FD2846BDE8F84014F011BE09
S2140247B0F8BD00BF3426002070B5164600221A70D7
S2140247C032800A7A0D46072A4DD8DFE802F004093D
S2140247D00D111A1E304AE86830F8023B338043E077
S2140247E0EB68981D5B88F9E7EB68981D9B88F5E7F0
S2140247F0697B14F0DEFD02221C4B188018463280BC
S21402480032E002231A4833802EE01A4C2B7BE889CA
S21402481023702B88E11C013363702B8801331B1233
S214024820A37000F0DBF90330308020461CE0124C07
S214024830A889EB89020AA3701B0A20706270E370D3
S21402484000F040FA58B1C3681A88022A07D19A784B
S2140248502271DB78637106230748338004E0042361
S214024860FAE780221A70002070BD00BF8E2D00204D
S2140248704AFF03007B2D0020752D0020054A064BBB
S2140248801860136843F001031360828B034B1A808F
S214024890704700BF2C26002034260020562B00200E
S2140248A000232DE9F04FDFF8C09191B0D9F80070DF
S2140248B0054617F00807CDE90633CDE908330AD0D6
S2140248C0664B03F1100253F8041B934245F8041B8F
S2140248D0F9D1002011E00320F3F7A4F819F061FDE6
S2140248E0804648B10620F3F79DF819F05AFD0646B1
S2140248F030B940460DF08AF91A2011B0BDE8F08FA3
S214024900CDE90477F6F70CFA044668B140460DF096
S2140249107DF930460DF07AF940F20740214600F064
S21402492069FE40F20740E8E74FF4A0524C4BC6E956
S2140249300323F369002B42D14FF4105333808023B4
S21402494010227380304604AB06A90FF07BF80446AB
S214024950A0B94046424A04990FF052F9044668B993
S2140249608346404BBAB21B68D98891422FD8102290
S2140249702946404605AB0FF061F9044640460FF063
S214024980C9F840460DF042F930460FF0B9FA304603
S2140249900DF03CF904980EF056FF002CBCD12F4BBC
S2140249A005F1100255F8041B954243F8041BF9D191
S2140249B0D9F8003043F00803C9F8003089E73B46CF
S2140249C03A464FF4105130460FF0A6FAB7E71A6887
S2140249D0BCB2210102EB04142046ADF80EB00191E0
S2140249E0009215F0DEF88246204600F03FF930B31A
S2140249F0DDE90021AAF5205080B2032802D9BAF5D3
S214024A00245F1ED1525A00202146ADF828200DF10F
S214024A100D030DF10E02ADF82AA0FFF7CDFEBDF88C
S214024A200E2001460BA818F010FEBDF80E204046D8
S214024A3004320AA90FF0E7F8044600289ED101378F
S214024A408FE70AF55640FF3080B20428F7D8525A4C
S214024A50ADF82AA0ADF82820E7E700BF902D002089
S214024A600002C003342600202C260020134B0146E9
S214024A701B6870B513F0040306D00022104B1C68A6
S214024A80E38990B2834209D80E4A14680022E58967
S214024A9090B2854209D84FF6FF7005E0A56835F852
S214024AA0125001328D42ECD170BDA66836F8126003
S214024AB001328E42ECD1034498B2F5E72C26002050
S214024AC03026002034260020094B1B685B070AD5D7
S214024AD0084B1A68D389834203D9936833F81000C7
S214024AE07047C01A80B2044B1B689B68F6E700BF8B
S214024AF02C260020302600203426002038B50468F4
S214024B0005460C222046084918F06AFD50B90222D2
S214024B10064904F10E0018F063FD18B902200C34A1
S214024B202C6038BD1020FCE74DFF03005BFF03003E
S214024B302DE9F743102801910BD0022804D04FF636
S214024B40FF7003B0BDE8F083019B1888FFF78EFF65
S214024B50F7E701A8FFF7D2FF0228F5D01028EED11A
S214024B601B4B019F1E6816F0040608D00024194B42
S214024B70D3F80080B8F81660A5B2AE421AD800255F
S214024B80154BD3F80080B8F81690ACB24C45D6D286
S214024B90D8F81000102200EB0510394618F020FD58
S214024BA001350028F1D1A0196FEA40406FEA504063
S214024BB080B2C6E7D8F81000102200EB041039467F
S214024BC018F00EFD01340028D6D145F40040B8E7AF
S214024BD02C2600203026002034260020020408B5A9
S214024BE01DD5124BC0F30E001B685B0713D5104B86
S214024BF01A68D38A98420CD2136903EB001000F1AC
S214024C00100350F8042B984241F8042BF9D11020D7
S214024C1008BDC01A80B2074B1B681B69EDE7FFF799
S214024C2053FF0870000A48700220F1E72C26002085
S214024C30302600203426002070B5044642F60306CD
S214024C40094B1B681D68A5420AD2204629B914F0F2
S214024C50A8FFB04206D1103402E014F0ACFF08B14F
S214024C60204670BD103CEEE734260020437ADA0771
S214024C7002D5C3F380007047034BC2881B881A42D2
S214024C8014BF012000207047562B00200A4B1B68D9
S214024C90DB0708D570B1094B1B68DB88834234BF3B
S214024CA000200120704728B1054B1B88834294BF21
S214024CB000200120704700BF2C260020342600204A
S214024CC0582B002070B50246FFF7E0FFE8B10F4B05
S214024CD01968CD88954209D302F180500B680138D5
S214024CE0040103EB00101B5B93420ED0002398B224
S214024CF0854201D8002008E00E681C01345B06EBF2
S214024D000310944203F10103F1D170BD3426002052
S214024D102DE9F34100250E46A846174F01903A6842
S214024D20ABB2D18899421DD91468ABB204EB031416
S214024D30B4F90430002B1CDA2046FFF797FFC0B107
S214024D40E1680B889E4214D132460198023119F06E
S214024D509CFAE36882B21B88934207D0114601A8E8
S214024D6019F0F8F8404602B0BDE8F08143441FFA55
S214024D7083F80135D3E700BF3426002037B58B7998
S214024D800A460C33CD180191C95C044611F00103A2
S214024D9029D01D290AD101211E2013F0D4FE014676
S214024DA0204613F028FF012003B030BD032916D198
S214024DB00E4BB5F801201B884189934228BF134643
S214024DC0172BB8BF1723438114F0C1F9636940F269
S214024DD0094123F002032046636114F0E0F901A8BA
S214024DE018F091FFDFE71846DEE700BF180D002037
S214024DF038B5124B04461B8842898B4228BF0B46A5
S214024E00172BB8BF17231146438114F0A0F9636924
S214024E1023F002036361A3699D693DB1002229461E
S214024E2020469A61BDE83840FEF706BD40F20941C9
S214024E30204614F0B4F9A3691D7038BD180D002081
S214024E400148FEF711BD00BFF980020008B5002137
S214024E5042F20E0013F0CBFBBDE808400148F8F71B
S214024E6083BA00BFCF61030038B590F872300446AB
S214024E70032B154606D1FFF7E9FF0123002084F82D
S214024E80723019E0C9B9012B2DD9032140F2064030
S214024E9013F0ADFBB4F86E304571A0F8033013483A
S214024EA0F8F762FA13F0E7FB8378002BE5D013F0ED
S214024EB0E2FB807840F4805038BDA3B102214FF661
S214024EC0044013F094FBB4F86E30A0F803300848A0
S214024ED0F8F74AFA13F0CFFB4379002BCDD013F044
S214024EE0CAFB4079E6E70220E6E700BFE36003007C
S214024EF019610300F8B507460E4642F213000E216A
S214024F0015461C4613F073FBB7F86E30A0F8056022
S214024F10A0F80330BDF81830A0F80750A0F80B3000
S214024F20BDF81C30A0F80940A0F80D30BDF82030BE
S214024F30A0F80F300648F8F717FA13F09CFB8078B3
S214024F4020B113F098FB807840F48050F8BD00BF83
S214024F505B610300F8B507460D4642F219001C21B4
S214024F601C46164613F043FBB7F86E300F3020F897
S214024F700C3C2B6804F1100240F80A3C6B6820F8DF
S214024F80026C40F8063C234653F8041B934240F852
S214024F90041BF9D10648F8F7E7F913F06CFB8078A2
S214024FA020B113F068FB807840F48050F8BD00BF53
S214024FB00B60030070B506460D4642F27A000421E5
S214024FC0144613F014FBA0F803604571847106487A
S214024FD0F8F7CAF913F04FFB407920B113F04BFBF8
S214024FE0407940F4805070BD5B65030010B50446FE
S214024FF0022142F2300013F0FAFAB4F86E30A0F84A
S21402500003300F48F8F7B0F913F035FB437963B96C
S21402501013F031FBC088FEF7FFFA044628B113F0FE
S2140250202AFB017A2046FEF7F5FB13F024FB4079B3
S21402503020B113F020FB407940F4805010BD00BF31
S2140250408DD601002DE9F041154606460F4642F27E
S214025050360019211C46DDF8248013F0C8FA2B0A04
S214025060C371230A83729DF81830857103739DF805
S2140250701C30447243739DF820302D0C240CC670ED
S21402508087800572C4728373D8F80030C0F80F3078
S214025090B8F804308676A0F813309DF828304375A9
S2140250A09DF92C3083759DF83030C3750023037646
S2140250B09DF8343043769DF83830C3760648F8F7C4
S2140250C053F913F0D8FA407920B113F0D4FA4079A4
S2140250D040F48050BDE8F08135D4010038B505466D
S2140250E00C464FF61940052113F081FAC57044604C
S2140250F00648F8F739F913F0BEFA407920B113F0F2
S214025100BAFA407940F4805038BD00BFB75D03005C
S21402511038B505460C464FF61A40052113F067FAD5
S214025120C57044600648F8F71FF913F0A4FA4079F0
S21402513020B113F0A0FA407940F4805038BD00BF89
S214025140E75D030070B50D4606460121DAB1FFF7AA
S214025150C5FF0446A8B9072142F2350013F047FA04
S214025160C6702B684360AB8803810848F8F7FCF8E2
S21402517013F081FA437923B113F07DFA447944F4AB
S2140251808054204670BDFFF7C3FFE2E7775F030057
S2140251900A4610B50421044642F2370013F03CFAE0
S2140251A0032303710023C470437183710648F8F722
S2140251B0DBF813F060FA407920B113F05CFA40791C
S2140251C040F4805010BD00BF6B5E03000A4610B567
S2140251D00421044642F2380013F01EFA0323037138
S2140251E00023C470437183710648F8F7BDF813F0C4
S2140251F042FA407920B113F03EFA407940F48050EA
S21402520010BD00BFB75E0300F8B506460F4642F271
S2140252103900062114461D4613F0E9F9012384716C
S214025220240A0371C7704671C47105720648F8F7FE
S2140252309BF813F020FA407920B113F01CFA40795B
S21402524040F48050F8BD00BF035F03000148FDF73D
S21402525007B800BF595202002DE9F04F867987B091
S2140252600C3605900546805BC0F30B00FEF7D4F9BA
S214025270044618B905A818F046FD4EE090F87230BC
S214025280022BF7D1AB5B059AC3F30B0103F4405331
S214025290B3F5805F9060A95342D153796FF3000350
S2140252A05371836B002BE5D0042105A804F1380660
S2140252B018F029FE3046059918F00CFEA06B002364
S2140252C001465A1CA9BBDBB2012B01D918F073FEAA
S2140252D0A06B18F09DFD03281FD9D4F838904846D5
S2140252E099F8067018F094FD0C3709EB070539F8A3
S2140252F00770A0F10408474522D9524FD4F838A0C7
S21402530007F1100957F804BB534642462946204681
S214025310D8474F4510D00028F4D007B0BDE8F08F2C
S214025320383018F0F0FC059A537943F001035371B4
S214025330BAE713460968C4E70028EED130469AE772
S214025340A06B18F065FD04378742F7D36988A1F190
S21402535040033F2B0BD80421304618F0D4FD2046DC
S214025360A26B698815F022FA0023A363D5E7052904
S2140253700BD0062961D00429E0D1304618F0C3FDCF
S214025380A16BA06CFEF77EFAEEE72946204615F0E2
S2140253900BFA02460028D1D12B79122B06D0132BFA
S2140253A036D02046697915F0D7F9C7E794F87330F6
S2140253B0022BF6D040F67A4029898B1F9BB2834295
S2140253C024D86A89931F9BB283421FD891421DD864
S2140253D0AB89B3F5FA7F19D240F6764CEF89A7F17E
S2140253E00A0080B2604511D8B4F86A000290B4F898
S2140253F06800CDE900702046FFF77CFD021E18BF4C
S21402540001222046697915F063F997E70122F8E749
S21402541094F87330012B03D12046697915F09CF974
S214025420A3681A048AD523F40043A3602B89012BB0
S21402543084D12046FEF770FF80E72046A16B15F068
S2140254404BFA91E760FF03000C4B01461A789AB9B3
S2140254505B689B0710D490F97520013218BF0122B1
S21402546091F8523013F0400005D091F8600010F029
S214025470400018BFD0B270470122F1E7382600205C
S214025480024B586800F00200704700BF3826002022
S214025490024B586800F00800704700BF382600200C
S2140254A0014B1B68184700BFC80B002008B512F056
S2140254B099FB022817BF034B0020586800F0100023
S2140254C008BD00BF3826002007B502460846042855
S2140254D002F0010113D9B1B903200C4B5A6002F055
S2140254E08003019302F04003009302F0200302F0CF
S2140254F0040200F05FFB002003B05DF804FB002905
S214025500EBD00328E9D12120F6E700BF3826002099
S21402551038B50D490D480CF089FB0446054688B996
S2140255200B4B0C4A1A600C4A5A600C4A9A600C4A98
S214025530DA6000F091FB032104462846FFF7C4FF19
S214025540084B1D70204638BDEFBEADDEBEBAFECAA1
S214025550C80B0020A95B0200C5AC0300F55B020085
S214025560817302003826002038B5044603200CF06A
S2140255702FFB0546D0B194F87030037094F875305E
S21402558043702046FEF712F92A46A87040F20261DE
S214025590074818F0A9FA074B2046DB68012198470E
S2140255A094F97500BDE83840FBF748BD38BD00BF2A
S2140255B0D0250020C80B002070B5054608200E46F0
S2140255C00CF006FB044680B195F87030002103709B
S2140255D0064B4660DB68284698472246BDE8704080
S2140255E040F20161024818F07FBA70BDC80B002075
S2140255F0D025002038B5054608200C460CF0E8FAFF
S214025600024638B1C0E90054BDE838400D210248D0
S21402561018F06ABA38BD00BFD025002038B5054656
S21402562008200C460CF0D4FA024650B195F87030B9
S21402563040F20561037044600248BDE8384018F045
S21402564053BA38BDD025002013B504460191114641
S21402565012B301A904200CF0F9FA019B104A204665
S214025660B3FBF2F102FB113345F21802002101935B
S21402567001AB15F086FA08200CF0AAFA024648B1E9
S21402568094F8703040F204610370019B4360054851
S21402569018F02AFA02B010BD45F2180201ABE8E78C
S2140256A040420F00D025002010B5044601200CF021
S2140256B08FFA024648B194F8703040F203610370E4
S2140256C0BDE81040014818F00FBA10BDD0250020E2
S2140256D038B5054608200C460CF07AFA024650B158
S2140256E095F8703040F20761037044600248BDE8E6
S2140256F0384018F0F9B938BDD0250020014B5B6858
S214025700184700BFC80B002010B50F4C2368D3B152
S2140257100022D3F8A0001A7783F83D2083F85E2093
S2140257200EF091F820684421603018F0FEFD2068E3
S21402573021211D3018F0F9FD20682121BDE8104016
S2140257403E3018F0F2BD10BD4026002000F0C00327
S214025750402B07D1094B1B6873B100F03F0053F88A
S21402576020007047802B01D1054BF4E7054A064816
S214025770C02B08BF104670470348704748260020D3
S21402578044260020C7AD0300756002002DE9F043F1
S2140257908BB006AC884615460346264600F110072F
S2140257A0224618685968083303C2BB421446F7D12A
S2140257B01021304618F0ABFD002306200593F2F7C1
S2140257C031F918F0EEFD044648B3DFF880904FF446
S2140257D0807115F0D3F84FF41051C0F8109015F000
S2140257E0DBF980231027638005AB284602933246F6
S2140257F03B464946CDE90087F5F7CCF90546F0B9B0
S2140258003946404618F083FD3946304618F08DFD7D
S21402581020460EF075FB20460CF0F8F90BE06FF010
S2140258208C0140F20740FFF7E5FE1021304618F0E3
S2140258307CFD6FF08C0528460BB0BDE8F083014670
S21402584040F20740FFF7D6FEDEE700BF0044400402
S2140258502DE9F0439846002387B0044606200E46FC
S2140258601746CDE90433F2F7DDF818F09AFD05463F
S21402587060B3DFF884904FF4805115F07FF84FF450
S2140258801051C0F8109015F087F9802321466B80DE
S2140258901022284604AB0EF0D5F8044628BB05AB0A
S2140258A0029310233246CDE9008349463B460498CC
S2140258B00EF0F5F90446C0B904980DF0C4FF284668
S2140258C00EF01EFB28460CF0A1F90AE06FF08C01E0
S2140258D040F20740FFF78EFE04980DF0B4FF6FF01B
S2140258E08C04204607B0BDE8F083214640F207400C
S2140258F0FFF780FEE0E700BF0002C00370B50E4669
S2140259000446154692B020223046434917F068FEF8
S21402591068B920222846414917F062FE38B9404B42
S2140259201B681B7D002B63D040F203401BE0246CF7
S2140259302022304604F1510117F052FE38B92022D7
S214025940284604F1710117F04BFE0028ECD0062021
S214025950F2F768F818F025FD044630B901461A2019
S214025960FFF748FE1A2012B070BD00234FF48041A4
S214025970009315F003F82B4B44F21211036115F055
S2140259800BF94FF480736380042330468DF804309D
S21402599006F120020DF1050350F8041B904243F86D
S2140259A0041BF9D10DF10500202118F0B0FC2846A1
S2140259B00DF1250305F1200250F8041B904243F82E
S2140259C0041BF9D120210DF1250018F0A0FC01A935
S2140259D06B46412220460EF035F8014650B9204665
S2140259E00EF08EFA20460CF011F900980DF02BFFFF
S2140259F00020B8E710F1870F03D040F20740FFF708
S214025A00F9FD20460EF07CFA20460CF0FFF80098CE
S214025A100DF019FF88E700BF84000400640004004C
S214025A2040260020000002092DE9FF410446062018
S214025A308846F1F7F7FF18F0B4FC054648B9014668
S214025A401A20FFF7D7FD6FF08C04204604B0BDE89D
S214025A50F0814FF4807114F091FF184B4FF41051FF
S214025A60036115F099F822466C46802327466B8020
S214025A7002F11003264610685168083203C69A429D
S214025A803446F7D11021384618F041FC434610221E
S214025A90394628460DF0D6FF044620B1014640F2AC
S214025AA00740FFF7A7FD1021384618F03EFC2846AF
S214025AB00EF026FA28460CF0A9F8C6E70044400481
S214025AC0FF282DE9F74318BF344C814618BF44EA35
S214025AD000244FF006000F46164608BF304CF1F77A
S214025AE0A1FF18F05EFC8046002852D001462046F0
S214025AF00DF0BDFE054640460EF002FA40460CF09A
S214025B0085F815F1880F40D1B9F1FF0F3FD1062075
S214025B10F1F788FF18F045FC044658B901461A20EA
S214025B20FFF768FD002005463C6006B1356003B00D
S214025B30BDE8F08300231A4A019343688260DAB212
S214025B4022B923F0FF0343F001034360204640F2EC
S214025B50011114F013FF134B4FF41051236115F08B
S214025B601BF8802301A9204663800EF007F9014640
S214025B7018B140F20740FFF73DFD20460EF0C0F98F
S214025B8020460CF043F8019CCCE7002DCAD0212019
S214025B90CBE71A206FF08C05C7E700BF068004002B
S214025BA03700040000444004014B1B68187A704713
S214025BB040260020003918BF0121003B18BF0123F0
S214025BC010B50B4C003A246818BF0122A3749DF846
S214025BD008302070003B18BF0123E3749DF80C3098
S214025BE02174003B18BF01236274237510BD00BFE9
S214025BF04026002001280AD002280ED098B90B4B66
S214025C001A68936943F00103002093617047074BBB
S214025C101A68936943F00203F6E7044B1A6893691D
S214025C2043F00403F0E72120704700BF402600201F
S214025C30024B034A00201A60704700BF4826002025
S214025C4020000400024B034A00201A60704700BF7F
S214025C5044260020F8FF030010B5194C236833B918
S214025C60A42018F09EFB206038B91A2426E0FFF71D
S214025C704BFDA421206818F058FB03224FF0FF3199
S214025C80236810481A70D960002210211A771972F8
S214025C9083F83D200C4983F85E201A829A749A6132
S214025CA00BF098FC044648B9F5F73AF830B12246AC
S214025CB00549044817F024FF40F20744204610BD69
S214025CC0402600204C260020F3AA03002DE9F043CC
S214025CD083680446590687B040F1B18023F040033A
S214025CE0836014F013FF802802D0402840F0AA8078
S214025CF094F9758004F13409B8F1FF3F1DD111F013
S214025D0071FF022871D0636B04201A888DF8082070
S214025D101A4632F8021B090A8DF80910D3F8023027
S214025D2002A9CDF80A3053680A22CDF80E30FBF7E6
S214025D3013F9B0F1FF3F804657D0A56815F4807579
S214025D4053D10620F1F76EFE18F02BFB074698B9E2
S214025D5001461A20FFF74EFC204641F20601FFF7E5
S214025D602BFC20460021FCF765FB04F1340007B04B
S214025D70BDE8F04314F027BF204614F0C7FE802883
S214025D8028D1494D394645EA082528460DF06FFDCB
S214025D90064638460EF0B4F816F1880F1BD1434D6E
S214025DA0394645EA082528460DF061FD064638467E
S214025DB00EF0A6F838460BF029FF96B9606B2A4615
S214025DC002A90A30FFF7E2FC70B3102102A818F00D
S214025DD0ACFAC1E72E46204614F098FE4028E9D1D8
S214025DE0DDE7314640F20740B4E794F87430DA074C
S214025DF002D4A368DB05AFD5002301A904F118007D
S214025E000193FFF711FE18B101980DF01CFDA3E7F0
S214025E10606B019A02A90A30FFF7B8FC05460198A2
S214025E200DF011FD002DD0D1204602A9FCF702FB91
S214025E3002A8102118F079FA484614F0C4FE07B0FA
S214025E40BDE8F083636B1A88002A85D1882801D0C2
S214025E504B2881D10022013313F8011F00297FF459
S214025E607BAF0132082AF7D1206C019100F59870B9
S214025E7001A9FFF7D9FD0028C6D1606B019A02A9D5
S214025E800A30FFF783FC054601980DF0DCFC002D76
S214025E909BD1204602A9FCF7CDFA02A8102118F0E1
S214025EA044FA04F13400C8E70580040003800400C5
S214025EB02DE9F043804693B006200F4616469946D3
S214025EC0F1F7B0FD18F06DFA054648B901461A20FA
S214025ED0FFF790FB6FF08C04204613B0BDE8F0830A
S214025EE04FF4804114F04AFD5D4B47F212110361F4
S214025EF014F052FE4FF480736B805A4B1A68137F6D
S214025F00022B21D102F1600302F1800153F8040B47
S214025F108B4247F8040BF9D102F1A00153F8040BA7
S214025F208B4246F8040BF9D1D2F8A0302846C9F8BD
S214025F3000300DF0E5FF28460BF068FEB8F1000FC2
S214025F4040F086800024C7E79369DB072DD5464BD1
S214025F5003F1200253F8041B934247F8041BF9D1BD
S214025F60424B03F1200253F8041B934246F8041BEB
S214025F70F9D14B4620223E4928460DF063FD0446E1
S214025F8028460DF0BDFF28460BF040FE002CD5D06B
S214025F90214640F20740FFF72DFBB8F1000F9BD0D9
S214025FA00821404614F0EDFE96E7494628460DF0D5
S214025FB0E5FE044690B1014640F20740FFF71AFBA1
S214025FC0B8F1000F03D00821404614F0DAFE284646
S214025FD00DF096FF28460BF019FE7DE76B46412230
S214025FE001A9D9F800000DF0F3FC044628460DF08E
S214025FF087FF28460BF00AFE4CB1214640F20740C6
S214026000FFF7F8FAD9F800000DF01DFCC5E73A468E
S2140260100DF105030DF1250153F8040B8B4242F8EE
S214026020040BF9D132460DF1450153F8040B8B42AD
S21402603042F8040BF9D101A8412118F076F9384646
S214026040202118F064F92021304618F060F975E72F
S214026050002245F21601404614F083FD72E700BFA7
S214026060000002094026002070FF030091FF030093
S214026070A400040045F20603994210B504463CD03B
S2140260800DD840F2032399421AD045F202039942F0
S21402609011D040F20123994212D048202CE045F25A
S2140260A0170399423AD045F21A0399421CD045F298
S2140260B00C039942F1D10521204614F062FE1AE043
S2140260C0174894F8701017F0F0FC94F873304FF4F9
S2140260D0A041012B14BF80204020FFF737FB00228F
S2140260E0034620469847D8E7C02114F01FFD072133
S2140260F02046FFF761FA002010BD93791A44517CBE
S21402610041F49051FFF758FA94F873302046012B69
S21402611014BF8021402114F009FDECE70220EBE7D2
S2140261204C260020B1F5A04F2DE9F3410546144652
S21402613000F03681A1F5A043DE1F042E00F237815F
S2140261409279083B0C321444026C92F85021032BCD
S21402615005D8DFE813F047009400C5002201D107F6
S21402616040F1BC80053410222146934817F038FAD5
S214026170002800F09D8011F035FD0228286C27D0FB
S2140261802246032190F95E01FAF780FE00260746B2
S21402619011F028FD022812D195F87330012B0ED18A
S2140261A0234605F1180204F1100153F8040B8B4242
S2140261B042F8040BF9D1AB6843F48073AB6010214C
S2140261C0204618F0B2F8002E6DD0002130462FE09F
S2140261D023461022032190F95E0111F005FD0027E7
S2140261E00646D5E712F0010778D011F0FBFC02282C
S2140261F021D02B6C062093F95E81F1F713FC18F080
S214026200D0F8064608B91A26DFE701466B4840EA88
S21402621008200DF02CFB804630460DF071FE30460D
S2140262200BF0F4FCB8F1000F05D0414640F20740EF
S214026230FFF7E0F938E0286C04F1050843460A2225
S214026240022190F95E0111F0CFFCD4F80530064623
S214026250AB62D4F80930EB62B4F80D302B86002816
S214026260B3D12A6C92F8503123EA070382F85031F0
S214026270284614F044FE002002B0BDE8F0819207E2
S2140262802CD511F0AFFC022804F10504286C16D0B8
S2140262900621224690F95E01FAF7F8FD102107461C
S2140262A0204618F042F8CFB10821284614F069FDBE
S2140262B02846082114F065FD40F20340DCE706217B
S2140262C02346102290F95E0111F08EFC064610213C
S2140262D0204618F02AF8002E7FF477AF0027C0E792
S2140262E09307FBD511F07EFC02281AD02B6C0620F1
S2140262F093F95E71F1F796FB18F053F806460028FC
S21402630081D001462E4840EA07200DF0B0FA074633
S21402631030460DF0F5FD30460BF078FC0FB13946ED
S21402632084E7617989B90A46631D13F8010F60B9DB
S2140263300132062AF9D195F85210286C81F008012C
S21402634005F14C03C1F3C00106E000394FF0060226
S21402635018BF0121286CA31D90F95E0111F044FCC0
S2140263602A6C0646D2F8583143F04003C2F8583138
S2140263706389D4F80600ADF8043063790090002BE8
S2140263800CBF4923722368468DF8063012F0E0F9F6
S214026390002E7FF41AAF022763E702F0040760E7D5
S2140263A014F013FB00222B6C83F85C2160E702B02A
S2140263B0BDE8F041FFF75EBE54000400038004000F
S2140263C006800400F0B5B1F5A04F05468DB008D0A2
S2140263D045F21304A14244D00DB0BDE8F040FFF7E9
S2140263E049BE0023046CCDE90833CDE90A3394F89C
S2140263F05D310DF1200C042B2CD11F4B1B6893F83A
S2140264005E205AB1674603F13E024E333E4610689E
S2140264105168083203C69A423746F7D104F58473A8
S214026420069305F15303059305F15A030493237962
S21402643028460393637904F1C8020293A37904F110
S214026440F801CDE900C304F1B80314F0DFFF002021
S2140264500DB0F0BD013B022B9CBFD4F82C31089343
S214026460DCE7016C01F5847114F0CBFA4A21284668
S21402647014F05CFBEBE700BF40260020F0B545F2C7
S2140264800E06B142044613468DB00BD045F21303F6
S214026490994260D0B1F5A04F77D114F096FA002059
S2140264A00DB0F0BD9979026C0C310B44591D02F502
S2140264B08C72153351F8040B994242F8040BF9D149
S2140264C0256C102205F58C7105F5847017F088F896
S2140264D020B90B21204614F054FCE0E70023CDE956
S2140264E00833CDE90A3395F85D310DF1200C042B03
S2140264F02AD1284B1B6893F83D205AB1674603F110
S2140265001D022D333E4610685168083203C69A4271
S2140265103746F7D105F5A073069304F15A0305939F
S21402652004F153030493EB7A204603932B7B05F185
S214026530B80202936B7B05F1F801CDE900C305F1C1
S214026540C80314F063FFAAE7013B022B9CBFD5F8F1
S2140265502C310893DEE7056C102205F5A07105F5CF
S2140265608C7017F03DF80028B3D1D5F858314B217E
S2140265709B0748BF94F87430204644BF43F002039A
S21402658084F8743014F0D2FA89E70DB0BDE8F04012
S214026590FFF770BD4026002073B545F21406B142DF
S2140265A004461AD045F21906B14221D0B1F5A04FE1
S2140265B028D114F00AFA216C204601F5947301934F
S2140265C001F1B803009301F1110201F1C803513140
S2140265D014F0BDFF002002B070BD036CD3F8282172
S2140265E00B4BB2FBF3F103FB1121FFF717F8F1E7B0
S2140265F013781BB90C2114F0C4FBEBE7492114F005
S21402660095FAE7E702B0BDE87040FFF733BD00BF7A
S21402661040420F002DE9F04F97B01546DDE920986D
S21402662004AA06468C4692461C46524B229F03F10B
S214026630100B9646186859680833AEE803005B45A7
S2140266407246F6D16B46202261465046FFF700F9A5
S2140266508346002871D1484B05F110020893652342
S2140266608DF824300DF12503184655F8041B954283
S21402667043F8041BF9D1102117F049FE0DF135033A
S214026680184604F1100254F8041B944243F8041B03
S214026690F9D1102117F03BFE99F80630062183F057
S2140266A00803C3F3C0038DF84530D9F800300DF166
S2140266B04600CDF84630B9F804300124ADF84A3029
S2140266C017F025FE98F80630062183F00803C3F378
S2140266D0C0038DF84C30D8F800300DF14D00CDF8DF
S2140266E04D30B8F80430ADF8513017F010FE0023E4
S2140266F035228DF854306846239B08A98DF85340FE
S214026700FFF7A6F88346C0B91021239817F0FFFDBD
S2140267103B463522684608A98DF82040FFF798F8D0
S214026720834650B9B27C0146C2F11002384616F0D2
S21402673081FF1021384617F0EAFD1021684617F04F
S214026740F4FD352108A817F0F0FD1021504617F089
S214026750ECFDBBF1000F06D00821304614F011FB09
S21402676017B0BDE8F08F5A4645F21201304614F0D3
S214026770F8F9F5E7B2FF03000062746C70B51E46C6
S2140267800423054696B014468DF8143001F1200213
S2140267900DF1150351F8040B914243F8040BF9D19D
S2140267A020210DF1150017F0B2FD22460DF135033A
S2140267B004F1200152F8040B8A4243F8040BF9D183
S2140267C020210DF1350017F0A2FD04AB0293202321
S2140267D001931A9B314600930E48412305AA0DF0F9
S2140267E06BFA0446412105A817F09FFD54B12146D5
S2140267F040F20740FEF7FEFE0821284614F0C1FAD2
S21402680016B070BD224645F21501284614F0A9F9C5
S214026810F6E700BF0000020945F20D039942F7B5FC
S214026820044627D00DD8B1F5A04F1DD045F204037B
S214026830994200F08F80204603B0BDE8F040FFF793
S21402684019BC45F21103994200F0A68045F21503E1
S2140268509942F0D1006C90F85D31052B06D8DFE83E
S21402686003F0503A423A555014F0AFF80027384633
S21402687003B0F0BD93790C331A44561D02F1250578
S2140268802A463146FFF73AF8074620B10B21204642
S21402689014F077FAEBE73146236C113351F8042BE8
S2140268A0A94243F8042BF9D1236C01F120023133BB
S2140268B051F8040B914243F8040BF9D1216C20469F
S2140268C001F1D8030093D1F8943001F1310211316D
S2140268D0FFF754FFCAE72046452114F027F9204661
S2140268E0FEF7E2FEC2E72046452114F01FF9364BBA
S2140268F020461B68D9684B1C5A425A41FEF7A4FE32
S214026900B4E74621204614F011F9AFE72E4B1B6878
S21402691093F85E5065B1002100F1110200F5A070F7
S21402692001900091204611463E3314F078FA9DE716
S2140269301021C83014F03DF900283DD00821204629
S21402694014F01FFA294640F20740FEF753FE40F2C3
S21402695007478CE79179036C0C310A44511DA83322
S214026960153251F8040B914243F8040BF9D1256C09
S214026970102205F1A80105F1980016F031FE20B9A3
S2140269800421204614F0FDF970E7D5F8583143F09B
S2140269900103C5F8583169E70B4B056C19681022DC
S2140269A04E3105F5A07016F01BFE0028E8D1102126
S2140269B005F1C80014F0FDF8216C2046C83114F029
S2140269C03CF847219EE700BF40260020F8B545F276
S2140269D016039942044600F062810BD8B1F5A04F27
S2140269E00ED045F2030399420ED02046BDE8F84089
S2140269F0FFF740BB45F217039942F6D1022002E0A8
S214026A0013F0E3FF0020F8BD9379056C0C33D6181B
S214026A10F379DF0708D4FEF733FD28B105212046B7
S214026A2014F0AFF92120EEE79F4F327A3B681B7ACB
S214026A309A4201D20621F2E7D6F80530C5F80B30A5
S214026A40B6F80930A5F80F300223AB7294F952302B
S214026A5094F85210002BB2BF012381F00803C3F34F
S214026A60C003AB7094F8603083F00803C3F3C0032E
S214026A706B70337A102B28BF1023A374F379D807D0
S214026A802BD5AB79DA0728D5737A2A7A134085F89C
S214026A905131B37A6A7A134085F8503195F95E31EE
S214026AA001331ED0206C90F850319B0719D481F028
S214026AB00801062290F95E0104F14C03C1F3C001FD
S214026AC011F092F868B140F21B412046FEF774FDC1
S214026AD0A3685907A6D50821A1E7002385F85131F6
S214026AE0DAE73B68F079597C00F0080229B112B166
S214026AF0AA79120703D4032191E7002A79D0AA794A
S214026B00110776D5D5F8581141F00401C5F8581189
S214026B10B5F8501121F4807121F00101A5F8501149
S214026B2093F81CC0B179BCF1020F02D019B302214E
S214026B3075E789B1012283F83D20DA7CB2B90422D6
S214026B4085F85D21A27C0F2A27D994F8742042F09A
S214026B50080284F8742020E093F85E20002AE6D02B
S214026B60DA7C83F83D10002AE1D1E8E793F85E204C
S214026B70002AE4D1DBE7024312F004023FD0727926
S214026B804A49052A28BF0322187802EB82020A44E1
S214026B90125C85F85D21002AD4D1197C95F85D2116
S214026BA009B1002AA7D0206C042A00F598703AD1C1
S214026BB003F11D022D3352F8041B9A4240F8041BBF
S214026BC0F9D1D5F8583195F85D2103F004017ABB66
S214026BD023F00203C5F85831E27400295AD0216C1A
S214026BE0204601F1940301F171025131FFF760F979
S214026BF008E71A7F012A05D1B2791AB1042285F86C
S214026C005D21CAE7420703D4AA7912F00402F6D03D
S214026C1072792749052A28BF0322187802EB8202D6
S214026C200A44125CEBE71022002116F003FDC8E7C7
S214026C3043F00203C5F8583149B90123013AE37417
S214026C40032A3FF6DFAEDFE802F010181025A37C19
S214026C500F2B89BF94F87430012343F0080384F89D
S214026C60743088BF0223E374B9E72046452113F047
S214026C705DFF2046FEF718FDC4E62046452113F0C8
S214026C8055FF3B682046D9684B1C5A425A41FEF7CC
S214026C90DBFCB7E64321204613F048FFB2E613F0CA
S214026CA004FF4221F7E700BF40260020C3FF03008F
S214026CB0DCFF0300F8B50446FEF7C6FB266C054665
S214026CC028B394F975305F1C0BD086F85E31FEF758
S214026CD0D7FB0721012013F088FE024618BB1A21B3
S214026CE011E02046FAF792FA86F85E01236C93F9D1
S214026CF05E310133EBD1FEF7C3FB90B1A3685D07AB
S214026D0009D441F205212046FEF756FC07E0FF2390
S214026D1086F85E31EFE70521204614F032F80020AF
S214026D20F8BD0025D5E73249867909680C3691F810
S214026D3000C0831983F801C091F81CE0281E18BF12
S214026D400120BEF1010F0DD183F802E0D870487C15
S214026D5000B3D87800071DD4A3685B07DBD441F2E2
S214026D600321D0E78F69BEF1020F07F002070ED1AA
S214026D7091F85EE0BEF1000F09D04FF0010E83F8E5
S214026D8002E0D870002FE2D140F00800DEE74FF0B4
S214026D90000EF4E7BCF1030F07D0096911F0FF1FDC
S214026DA01EBFD97841F00401D97094F874108F0789
S214026DB008D5D978480705D4BCF1030FCFD041F0E7
S214026DC00401D970002D18BF032510215D711971B9
S214026DD09D71216C9059C1F803009888A1F80700AC
S214026DE09B7920464B72062113F096FC012097E70A
S214026DF040260020F0B545F20E06B142044615467E
S214026E008DB00ED045F21306B1425CD0B1F5A04F5C
S214026E1040F0BD8013F0D9FD236CD3F85831190722
S214026E2057D5236CD3F8582112070CD4AA7903F548
S214026E3084730C3215446A1D153552F8041BAA4297
S214026E4043F8041BF9D10023256CCDE90833CDE9BC
S214026E500A3385F85C3195F85D310DF1200C042B70
S214026E602AD14D4B1B6893F83D205AB1674603F171
S214026E701D022D333E4610685168083203C69A42F8
S214026E803746F7D105F5A073069304F15A03059326
S214026E9004F1530304932B7905F1C80203936B792B
S214026EA00293AB79CDE900C305F1B803204605F19C
S214026EB0F80114F0ABFA0CE0013B022B9CBFD5F8AC
S214026EC02C310893DEE7056C95F85C3123B1012B73
S214026ED054D000200DB0F0BD102205F5A07105F5C6
S214026EE0847016F07DFB20B10B21204613F049FF7B
S214026EF0EFE7D5F858310DF1200C9B0742BF94F806
S214026F00743043F0020384F87430012385F85C3150
S214026F100023CDE90833CDE90A3395F85D31042B19
S214026F2025D11D4B1B6893F85E205AB1674603F1C4
S214026F303E024E333E4610685168083203C69A42F5
S214026F403746F7D105F58C73069304F15303059380
S214026F5004F15A030493EB7A05F1B80203932B7BF0
S214026F6002936B7BCDE900C305F1C8039EE7013BA4
S214026F70022B9CBFD5F82C310893E3E705F58C71FC
S214026F8013F03FFD8821204613F0D0FDA1E70DB097
S214026F90BDE8F040FFF76EB84026002045F2140325
S214026FA0994213B504462BD00CD8B1F5A04F13D096
S214026FB045F20E03994232D0204602B0BDE8104098
S214026FC0FFF758B845F219039942F5D1137813BB67
S214026FD00C2113F0D6FE10E013F0F7FC216C2046CD
S214026FE001F59473019301F1B803009301F1510284
S214026FF001F1C803113114F0AAFA002002B010BD44
S214027000036CD3F82821114BB2FBF3F103FB1121D9
S214027010FEF704FBF1E7872113F088FDEDE791798F
S214027020036C0C310A44511D03F58473153251F872
S214027030040B914243F8040BF9D1226CD2F8583172
S21402704043F00803C2F85831D7E700BF40420F00AA
S21402705045F2100330B59942044685B000F0A6808A
S2140270600CD8B1F5A04F27D045F20503994228D097
S214027070204605B0BDE83040FEF7FCBF45F21103DE
S214027080994200F0B08045F212039942F0D1016CA9
S21402709091F85D3113B1043B012B03D82046B83179
S2140270A013F0CBFC236C93F85D31042B40F2DF80A7
S2140270B0052B03D1862192E013F087FC002005B051
S2140270C030BD9179036C0C310A44511DC833153218
S2140270D051F8040B914243F8040BF9D1206CD0F816
S2140270E0583113F0040354D090F85D31042B22D1AA
S2140270F0604B1B6893F85E5065B1002100F11102E7
S2140271000091114600F5A07001903E33204613F020
S21402711086FED3E71021B83013F04BFD58B1082194
S214027120204613F02EFE40F207402946FEF762FA8A
S21402713040F20740C3E7216C91F85D3101F1C802C5
S21402714013B1043B012B12D801F1F803039301F5A6
S2140271509873029304F15A03019304F153030093C4
S21402716001F1B8032046D831FFF754FAA6E701F535
S214027170A073019391F85C01D1F82C31C34003F05F
S214027180010343F080030093134601F151021131CB
S214027190BCE780F85C3100F1C802009300F59871F4
S2140271A000F5A073204614F046FA87E7056C102215
S2140271B005F1980105F5A07016F012FA20B1042127
S2140271C0204613F0DEFD79E78821D5F858319B0773
S2140271D042BF94F8743043F0020384F874302046B9
S2140271E013F0A4FC6AE7056C95F85D3105F5A0700E
S2140271F0042B1ED11F4B102219684E3116F0F0F9DF
S2140272000028DCD1102105F1B80013F0D2FC216C65
S21402721001F1F803039301F59873029304F15A03FC
S214027220019304F15303009301F1C80201F1B8037C
S21402723098E70146102205F1980016F0D1F90028C9
S214027240BDD105F1B801204613F0F7FB216C91F889
S2140272505C310133DBB2142B81F85C31D8D0D1F823
S214027260583123F00103C1F858318421B7E787214A
S214027270B5E700BF4026002045F215039942F7B550
S214027280044651D00CD8B1F5A04F19D045F20D03E3
S21402729099421BD0204603B0BDE8F040FEF7EABE96
S2140272A045F216039942F5D1016C01F1D803009319
S2140272B0D1F8943001F131021131FFF75FFA01E0A3
S2140272C013F083FB0027384603B0F0BD93790C33E6
S2140272D01A44551D02F1250632462946FEF70EFBD4
S2140272E0074620B10B21204613F04BFDEBE729465B
S2140272F0236C113351F8042BB14243F8042BF9D115
S214027300236C01F12002313351F8040B914243F809
S214027310040BF9D1216C204601F1940301F17102AC
S2140273205131FEF7C5FDCDE713F0BFFB236C93F892
S2140273305D31052BC6D8DFE803F0190311111E19BB
S2140273402046822113F0F2FB0C4B20461B68D968BC
S2140273504B1C5A425A41FEF777F9B3E72046822180
S21402736013F0E4FB2046FEF79FF9ABE783212046A5
S21402737013F0DCFBA6E78521F9E700BF40260020D4
S214027380204B10B51B6804469B6913F0040310D10A
S21402739041B180F8773090F87010BDE810401A4876
S2140273A016F083BB90F87330012B03D1836858071D
S2140273B005D410BD022B02D183685907F9D494F97B
S2140273C0772094F87730002AF3DBB3B9012384F8E8
S2140273D0773094F877305B08EBD04FF47A7294F8F3
S2140273E070105343084800220AF0D8F894F8773011
S2140273F063F07F0384F87730DBE75A06E9D45B0054
S214027400E5E700BF402600204C26002045F21E037A
S21402741030B599420446154689B010D845F216038F
S214027420994213D845F20103994200F0AF8145F222
S2140274300C03994222D0B1F5A04F00F0AD812A4646
S214027440204609B0BDE83040FEF714BEA1F5A043C1
S214027450173B072BF3D801A252F823F0457502001A
S2140274603F7402003F7402003F7402004977020034
S2140274703F7402001D7702002F75020090F97730E4
S214027480002B02DB8268530707D52046092113F03A
S21402749078FC41F2092009B030BDAB792B449D4DF2
S2140274A05B7C2D6803F008016D7CD5B121B9032100
S2140274B013F067FC2120EEE713F0040F03F001033C
S2140274C008D042F00802826093B9A36843F0200312
S2140274D0A36013E0002BF8D0836843F010038360A8
S2140274E0F3E7580744BF42F00802A260DB0703D561
S2140274F0A36843F01003A3600029E6D1A3682246DE
S21402750043F00403A360844920460AF063F802218C
S214027510204611F0E7FA47F23053002245F21A01EC
S21402752020460AF03BF8A3689D0540F18980A368CF
S214027530580740F1858094F8700009B0BDE83040E5
S21402754013F05EB990F87430D9074DD590F97530BE
S214027550013342D094F9131001291DDCA268930668
S2140275600DD56C4B15071B6801D4187C38B1187FF3
S21402757010B91878032802D09B69980734D50129D8
S2140275800AD0644B11071B6801D41A7C22B11A7FF9
S21402759052BB1B78032B27D10023CDE90433CDE958
S2140275A0063310F01FFB022801AB35D1A06AE16A50
S2140275B0228E03C31A8094F97500BDF80450421C4B
S2140275C037D010F057FB002833D1204641F206018F
S2140275D0FDF7F2FF41F206005DE78368DA0616D48D
S2140275E0FDF74EFF0028B5D04A4B1B68197F0229CB
S2140275F032D1DA7C82B393F85E306BBBA3685B074A
S21402760020D5204613F0BDFB41F2022043E7FDF7EA
S2140276101BFF0028E4D0E7E70A22022194F975004E
S21402762010F010FB0028C6D1CDE90100ADF80C0021
S214027630C1E72A46204604AB0DF10601FDF78AFC97
S214027640002028E7204641F20221FDF7B5FF01217E
S2140276502046FFF795FED7E7204613F095F9A56872
S21402766060B96D0705D50821204613F08AFB1A205B
S21402767011E71A212046FDF79FFFF8E715F00405EB
S21402768008D0FDF705FFC8B1204694F97510FEF73D
S2140276901FF8D5E722462049204609F09BFF022123
S2140276A0204611F01FFA47F230532A4645F21A01D5
S2140276B0204609F073FFA3685807E2D494F97530A0
S2140276C0591C15D048F2080040EA032080B2F9F7A8
S2140276D049FB052194F9750010F071FA032194F91B
S2140276E0750010F06CFA062194F9750010F067FA2E
S2140276F0226C2046D2F8583143F02003C2F85831A3
S214027700FFF7D8FA00289BD04121204613F00EFA44
S21402771096E700BF4026002083AB0300FDF7B8FEC5
S21402772000285BD0236C002B58D0A268520755D590
S214027730D3F85831980651D42B78002BBED10521A8
S214027740204613F01EFB7BE790F87430D90706D468
S214027750402113F0EBF929462046FDF72DFFA368DA
S2140277605A077FF56DAF204645F21A0116F09DF9CD
S214027770204622461A4916F0C3F9A368022123F0CE
S2140277803C032046A360FBF793FF59E702461449E1
S214027790144809F01FFF53E745F21A0116F085F95F
S2140277A0A36823F03E03A360236C2BB193F95E011A
S2140277B0431C01D0F9F74CFC22462046084916F035
S2140277C09FF922460649074816F09AF920460221F2
S2140277D0FBF76EFF204613F034FA31E702205AE632
S2140277E083AB0300D025002045F21E0399422DE903
S2140277F0F3410446154611D845F21603994214D8A9
S21402780045F20103994200F0288345F202039942A9
S21402781000F09880B1F5A04F00F025832A46204656
S21402782002B0BDE8F041FEF725BCA1F5A043173B28
S214027830072BF3D801A252F823F000BF5D780200AE
S2140278401D7802001D7802001D780200177E0200D5
S2140278501D780200017A0200DB790200994E336835
S2140278601A7F022A11D1DA7C7AB193F85E3063B9B4
S21402787041F20221FDF7A0FE20460121FFF780FD1E
S21402788041F2022002B0BDE8F081A3685D0701D58F
S2140278900220F7E72046FDF7D7FD3368051E1A7863
S2140278A018BF0125032A07D019696AB211F0FF1F13
S2140278B024D042F0040503E094F87420900725D4FF
S2140278C09A6992071FD41A7F012A1CD045F0080530
S2140278D002210B2013F089F80246E0B183790621D3
S2140278E003445D7394F975302046013302BFA368E2
S2140278F043F00203A36012F00FFF0CE094F874103A
S2140279008907D6D4DCE75B7C002BE1D041F2032169
S2140279102046FDF751FEA368224643F00403A36007
S2140279206949204609F056FE0221204611F0DAF88F
S21402793047F23053002245F21A01204609F02EFE85
S21402794000209FE783685F0703D490F97730002B07
S21402795005DB236C53B1D3F85831DE0606D5204634
S214027960092113F00EFA41F209208BE7204613F0A4
S2140279700BF828B90821204613F003FA212081E7E4
S214027980206CD0F8583143F01003C0F85831AB7968
S2140279900C332B445A68C0F803201A89A0F8072033
S2140279A001229B7A4372236CDA70A26812F00406F4
S2140279B010D122464449204609F00CFE02212046F8
S2140279C011F090F847F23053324645F21A0120463B
S2140279D009F0E4FDA3689805B2D5236C002BAFD05E
S2140279E0D3F85831D906ABD594F97530013320D087
S2140279F094F87430DA071CD5A36843F00203A36038
S214027A00236C002B3FF444AFD3F85831DA067FF5E7
S214027A103FAF9F063FF53CAFFDF73AFD20B3A368A4
S214027A209E0721D42B78FBB90521204613F0A9F92D
S214027A3086E7FDF72DFD94F9751040B14B1C02D177
S214027A40A3689F07DCD42046FDF742FE78E74E1C6B
S214027A50D6D094F87430D807D2D4084610F00AF973
S214027A600028CDD0052186E794F97530581C15D02C
S214027A7048F2080040EA032080B2F9F773F90521BC
S214027A8094F9750010F09BF8032194F9750010F034
S214027A9096F8062194F9750010F091F8A368256C03
S214027AA023F00203A360D5F85831064F43F02003B3
S214027AB0C5F858313B68EA791B7A934206D9062103
S214027AC059E700BF4026002083AB030094F952100A
S214027AD094F852300029B2BF012383F00803C3F39F
S214027AE0C003102A28BF10226B7094F8603020461C
S214027AF083F00803C3F3C003AB70A274AE79FDF73C
S214027B00A3FC002836D0F10734D594F97530D4F8A2
S214027B1040805A1C24D088F85E3106F00D063B6879
S214027B209A69900704D41A7F012A01D0310701D43A
S214027B3006F0F7061A78032A1FD01B6913F0FF1FF8
S214027B4001D046F0040694F874309A071BD57307E2
S214027B5019D40321204613F014F940F2034091E6AB
S214027B602046F9F753FB88F85E01236C93F95E31E1
S214027B700133D2D106F00C06D1E71B7F002BE2D1EF
S214027B8006F0FB06DFE70721022012F02EFF019027
S214027B900028E2D090F806C03A680CF10C0C137874
S214027BA000EB0C014B70137F012B06D0022B45D144
S214027BB092F85E30003B18BF01238B701023CE7004
S214027BC016F0010608BF32460B711FBF2B7A6A7A7F
S214027BD003F003034B71236C14BF02F003024E71D1
S214027BE08A7183F851214A7983F8502150F80C2083
S214027BF0C3F80A208A88DA818A791A7406B3206C56
S214027C0090F8501111F002061AD194F8521006227A
S214027C1081F0080190F95E0104F14C03C1F3C00142
S214027C200FF0E2FF60B13146FDF7E4FC2046082182
S214027C3013F0A7F801A816F066F88EE70023BCE753
S214027C40019E002E89D0FDF71BFC95F806C078B180
S214027C501CF0010F04D0236C93F95E31013307D177
S214027C600521204613F08DF8304609F041FE85E6E0
S214027C703B680CF00802597C29B112B16A7B1007E6
S214027C8003D40321EDE7002A75D06A7B110772D56B
S214027C90D5F8581141F00401C5F85811B5F850113D
S214027CA021F4807121F00101A5F85011187F69793D
S214027CB002280BD071B942EA0C0212F0040248D133
S214027CC085F85D211B7C002BDBD10DE021B993F8F2
S214027CD05E209ABB0221C4E7012283F83D20DA7CAB
S214027CE092BB042385F85D3132460621204612F007
S214027CF013FD95F85D31206C042B52D13B6800F5DC
S214027D00987003F11D022D3352F8041B9A4240F874
S214027D10041BF9D1D5F8583195F85D2103F004011A
S214027D20002A45D123F00203C5F85831E27400292F
S214027D304AD08121204612F0F9FE01E683F83D1072
S214027D40DB7C002BC6D1CCE793F85E30002BC8D183
S214027D50C0E72A791978052A28BF0322514801EB81
S214027D60810101448A5C85F85D211B7C002BBBD017
S214027D70002AB9D185E71A7F012A02D16A79002A38
S214027D80AFD11CF0040F03D16A7B12F0040297D025
S214027D902A791978052A28BF0322434801EB810174
S214027DA0DFE71022002100F5987015F043FCB1E7DA
S214027DB043F00203C5F8583141B90123032AE3749C
S214027DC012D9042A7FF4BCAD8421B3E7A37C0F2B1F
S214027DD089BF94F87430012343F0080384F87430A2
S214027DE088BF0223E374A4E7012A07D02046822133
S214027DF012F09CFE2046FDF757FCA1E520468221A4
S214027E0012F094FE3B68D968481C42424241204622
S214027E10FDF71AFC94E590F87430D90706D4402191
S214027E2012F084FE29462046FDF7C6FBA3685A07D1
S214027E307FF586AD45F21A01204615F036FE22463B
S214027E4020461A4915F05CFEA36823F00403A360DB
S214027E5002212046FBF72CFC72E502461349144821
S214027E6009F0B8FB6CE545F21A0115F01EFEA36890
S214027E7023F03E03A360236C2BB193F95E01431CEF
S214027E8001D0F9F7E5F822462046084915F038FEF3
S214027E9022460649064815F033FE204612F0D1FE69
S214027EA0D6E700BFC3FF0300DCFF030083AB03007B
S214027EB0D0250020184640F20A4322F000429A4299
S214027EC02DE9F04120D8B2F5806F01D800203EE0BF
S214027ED06FF480642244092AF8D801A353F822F0EA
S214027EE0277F0200337F0200537F0200A17F020039
S214027EF0757F0200BD7F0200DF7F0200E77F02007F
S214027F00CD7E0200FF7F02006FF4A0615318042B9F
S214027F10DCD8A2F20252032A79D8DFE812F08A00ED
S214027F209200B700CB0005784488644810F065FDDF
S214027F303EE005784468826900F108030021604843
S214027F4010F06CFD10B10571C0F805400120BDE8C7
S214027F50F081067845880479826900F108030021D9
S214027F60584810F05BFD0028F0D00671A0F80550C6
S214027F70C471EBE704790778A4F11B03594259410F
S214027F804688C58800F1080289004F4810F06BFD4C
S214027F900028DBD00771A0F80560C4710581D5E71B
S214027FA0057844884269031D0021484810F036FDD2
S214027FB00028CBD00571A0F80540C7E706784588AB
S214027FC0848800F108020021414810F04CFD002888
S214027FD0BCD00671A0F80550A0F80740B6E70578B1
S214027FE044683C48A2E704783A4810F006FD0028A8
S214027FF0ACD007234371002304718371A6E704788B
S214028000354810F0FAFC0028A0D004719EE70778E5
S21402801046880579C48800F1080200212F4810F02E
S21402802022FD002892D00771A0F80560C571048170
S2140280308CE7077846880579C488294810F0DDFC65
S214028040EFE787684588047906787FB1C78800F12C
S21402805008020021234810F006FD00283FF476AF00
S2140280600671A0F80550C47107816FE73B463A4691
S21402807039461C4810F0D2FC00283FF467AF067160
S214028080A0F80550C471077247725FE790F8008047
S21402809047880679C5880489134810F0AEFC002884
S2140280A03FF454AF80F80480A0F80570C6710581CD
S2140280B044814BE7057844680C4837E7F40004002F
S2140280C0F0000400EC000400E4000400E8000400F1
S2140280D0E0000400DC000400C4000400D800040031
S2140280E0D4000400D0000400CC000400C800040041
S2140280F000487047B57E020030B5044685B0084693
S214028100039114F005F8830708D410F0010003D099
S21402811003A815F0F8FD012005B030BD03998B7950
S21402812003F10C0288188A5C013A1C2A00F2E880E5
S214028130DFE802F00FE689E68CE695E69CE6A4E622
S214028140ACE6B3E6BAE6C2E6E6E6C4E6D2E6D4E6CD
S214028150DD0003790BB103F588534278023A162AFA
S214028160D6D801A151F822F0C58102001181020081
S214028170CF81020011810200DB8102001181020020
S214028180E781020011810200F381020011810200E0
S2140281900B82020011810200FF810200118102009F
S2140281A0178202001181020023820200118102005E
S2140281B011810200118102002D820200118102004B
S2140281C03D82020017212046FCF712FEA0E700229D
S2140281D02046114611F068FE9AE71A46002120460C
S2140281E011F00FFF94E700222046114612F07AF8AB
S2140281F08EE700222046114611F062FF88E71A46F3
S2140282000021204612F04FF882E71A460021204647
S21402821012F02CF87CE700222046114612F055F99F
S21402822076E71946204612F0B9F971E70093002363
S21402823020461A46194612F0BBF969E71946204647
S21402824012F008FA64E7B0F80110BCE702338B714B
S2140282500A4600234178204611F026FE5BE70133EA
S214028260002220468B7111F0CCFE54E702338B714C
S21402827042780023204612F035F84CE701338B7122
S214028280002320461A4611F01BFF44E70133002262
S21402829020468B7111F0EAFF3DE7013300222046AB
S2140282A08B7112F000F836E702338B7142780023A6
S2140282B0204612F00AF92EE70021B3E705338B7148
S2140282C00023B0F80320B0F8010000930B460146E5
S2140282D0204612F06DF91EE70021B0E703338B71DA
S2140282E00A46B0F80110204612F0D3F913E703331A
S2140282F08B710A46B0F80110204612F0D3F90AE74D
S214028300002009E72DE9F04F144687B09B46C36B61
S21402831006460D465B69012202A960689847F36B20
S214028320012203A95B692846984702A814F0FAFAC4
S214028330074648B10023A37563754FF0FF33A36069
S214028340002007B0BDE8F08F03A814F0F8FA012366
S214028350A375237E04EBC303DD611F846368AB420F
S2140283600ED1206003A814F00CFB4FF0FF332075EB
S214028370A360237D043B022B25D80023A375DFE7E9
S21402838023681A1A03A853425341A37514F0F9FA44
S214028390237D834203A818BFA77514F0D4FA0746B4
S2140283A002A814F0D0FA874203A81CBF0023A375C4
S2140283B014F0D1FA074602A814F0CDFA87421CBF81
S2140283C00023A375D5E703A814F0BDFA80B1F36BBA
S2140283D0022204A928465B69984704A814F0C2FA48
S2140283E00346207D032839D8DFE800F03838040930
S2140283F003A8F3E7237ECC2204EBC3031A8401F01E
S214028400C9FA109B187003A8277E14F090FA04EBA2
S214028410C70787F8220003A8237E04EBC303B3F83A
S214028420209093F8227014F08EFA804603A814F077
S21402843092FA8246B8F1000F15D0F36B022204A915
S21402844028465B69984704A814F051FA6075637D64
S2140284506BB90023A3754FF0000838E0227E04EBC8
S214028460C2021384CBE703A814F02CFAEEE794F8C2
S2140284701680B8F1000FEED0B9F1000F09D1DFB1C6
S2140284800123627EE375002A44D19F4218D16776A3
S21402849014E0736C05EB0A02594285EA02000842B0
S2140284A01CBF0021A175591E0A409B1A9945D0D8B7
S2140284B0A37D002BE3D1CEE7E37D43B94FF000085E
S2140284C04B4652462946304613F0A8FFA060A27DCE
S2140284D012B123694B4423611349237E09789942DA
S2140284E01ED901332376BBF1000F1BD0D2B1E37D38
S2140284F0C3B1B8F1000F15D1032F13D0A1684B1CDE
S21402850010D0109B2246304600930123FFF7FAFE56
S214028510A07507E0012FDAD0032F08BFA376CDE7B8
S2140285200023A375A07D0CE73CF903002DE9F04F6C
S2140285300E468BB09846002304464FF0FF31104695
S21402854017468DF8133001F00FFAB6F5801F3BD3AD
S214028550B21C53D1E56A6B1C57D1616A204613F0F0
S214028560A3FE0546B31CDFF8189118BF012301933A
S214028570636A05A9626C4FF0000B0293236802FB44
S214028580053AE36B05225B695046984705A814F046
S21402859082FA14F0A5FA504614F0ADFA8246014665
S2140285A04B1C05D0636C81EA0A025B42134232D04E
S2140285B02946204613F078FE029BAB424DD0BBF113
S2140285C0000F4DD10546D3E7314605AA04F108004F
S2140285D014F05EF90146481C10D0384601F0C4F982
S2140285E00DF1130301223946204613F093FF28B1FA
S2140285F09DF8133088F80030002003E0237C002B1F
S214028600A8D11D480BB0BDE8F08F2368ED1A636C45
S214028610B5FBF3F5A6E7484601F0A6F90DF11303FC
S214028620019A4946204613F075FF034690B1B21CE4
S21402863003D0D9F80020B2420CD19DF81320494647
S214028640039338460D4B88F800201A6814F0FDFF95
S214028650039B9B46D9F80810A2E7BBF1000FD0D0C7
S214028660B6F5801FC8D298F8003031467A6804F111
S214028670080001F0BDF8BFE70BE000F038F9030090
S214028680A01D00202DE9F3410E46044617469846E3
S214028690816A194DE36A8B422AD04B1C18E02846A1
S2140286A001F062F90DF1070301222946204613F074
S2140286B031FF30B143469DF8072029462046B84789
S2140286C0B0B1A9684A1C05D0012E0AD0E36A9942C5
S2140286D0E5D10DE06968204613F073FE012E0146CF
S2140286E0D8D16B6881EA0302636C5B421A42D1D02E
S2140286F002B0BDE8F08100BF741D00202DE9F041F4
S214028700036B9046826B90B007680E469A42426CA4
S21402871001A9044688BF8363436A02FB0377C36BDF
S21402872005225B693846984701A814F0B4F9012877
S2140287300146307056D0656C06A9E26B2368606A03
S214028740D2F814C0052205FB00300025E04706A833
S21402875014F0A1F9012823D001218DF834800E955A
S2140287608DF83C10D4E90A32CDE90B4593422AD162
S2140287701946204613F025FE236B626C1433E06222
S2140287809B1A23630C9B53B99DF83C303BB1626A3B
S214028790616C2368E06B01FB023114F034F90C9D26
S2140287A0E36B052201A938465B69984701A814F0D5
S2140287B072F93070236B2846A26B9A4288BFA36375
S2140287C010B0BDE8F081237C33B90BAA1C4904F132
S2140287D0080001F05DF8D5E70BAB1A4A2046FFF712
S2140287E051FFCFE7237C23BB2246174904F108003A
S2140287F001F04EF8616A204613F077FD616A421C6A
S214028800204613F040FD054620B9236B626C1344E4
S214028810143B2363A16A204613F0D3FD2368A062AB
S214028820C01A636CB0FBF3F06062204613F00DFED4
S214028830B6E70023054A2046FFF724FFDAE700BF23
S21402884031900200AD8F02009DC5030039C50300BA
S21402885073B50D46D11E1C461B7E4A424A419A42B9
S21402886026D129682368994222D3636899421FD881
S214028870114E0DF107033246FFF758FEC0B9726873
S2140288806B689A4214D19DF80730DA1E5342534160
S214028890227E93420CD1636901336361D4E90323D8
S2140288A0934205D22968A26842F823100133236155
S2140288B0012002B070BD00BFCC1D00202DE9F04F94
S2140288C08BB09A46DFF854B180469DF850300D467C
S2140288D016460293DBF810305345C0F09880DBF85A
S2140288E00430D1460193B9F1000F00F08C80D8F81D
S2140288F03C30012207A901985B69984707A814F043
S2140289001EF8DBF80030984240F0848007A814F086
S21402891022F80428074614D107A814F023F8019B6E
S214028920029A04463B44002A3ED1864212D9361A9F
S21402893014460199404613F044FDA9EB0409019040
S214028940D1E7D8F83C30022208A901985B6998471B
S21402895008A8E2E7841B9F19544528BF5446032CF7
S214028960AAEB040A4FEA94021CD9D8F83C302946EE
S214028970384604F003065B69984724F003031F4455
S2140289801D44002ED5D0D8F83C30012208A938461E
S2140289905B6998473246284608A9354414F055FEC6
S2140289A00026C6E72646ECE700F003020344074625
S2140289B003922A1805930492049BDD1B059BD81B81
S2140289C0039B9F420FD1002FB3D0D8F83C30012230
S2140289D008A95B6998473A4608A9284614F000FE9B
S2140289E078B93D44A5E7D8F83C30012208A95B696E
S2140289F09847042208A9284614F0F2FD08B9043F55
S214028A00DAE7DFF81C9048460BB0BDE8F08FDFF8D7
S214028A101490F8E7DFF81090F5E700BFF81D002085
S214028A2012E000F011E000F022E000F02DE9F04143
S214028A300F4688B016469846044660B390F83450FF
S214028A40FDB1012113F0F5FB0E9B0021CDF8048049
S214028A500496CDE902379DF83C308DF81C30237C15
S214028A60CDE905118BB901AA0C4904F1080000F002
S214028A700FFFE06BDDE90553002E08BF1D4613F01D
S214028A809BFD284608B0BDE8F08101AB044A2046AB
S214028A90FFF7F8FDEDE70546F3E700BF67C50300FD
S214028AA0518802002DE9F04F99B00F46044609920C
S214028AB00A69416C0E93D31D1439B3FBF1F30133EB
S214028AC002EBC302036B9342C0F00F820023DFF86F
S214028AD024940D93E36A48461946079300F044FF30
S214028AE0D7E9033604930E9B022B4ED1CC2E40F0D0
S214028AF08C81099B002B42D03946204613F0BAFDE2
S214028B00656C079A6B1E14901340ED1AE36B0122F4
S214028B1016A978685B69984716A813F014FF002810
S214028B200CBF04230823782E06933FD90123002581
S214028B304FF0080A05933B6805990E98C9F800306D
S214028B40C9F8106013F021FF4FEA9A03DDF81CB053
S214028B5089F81400109300230B930F9308930C9339
S214028B60616C4A1E0BEA02028B1A002E3AD055445A
S214028B70AB4242D8236B5B1A13442363ADE0049BDB
S214028B801B68149308230693D0E7656C782E079A21
S214028B9005F1FF3303EA0203A5EB030516D8FB7DB6
S214028BA07BB9099B002BB1D104230693331DAB423C
S214028BB010D9A6B1082DB9D804250023AA460593D4
S214028BC0B9E7099B002BA1D10823EEE7099B002BEE
S214028BD09CD1D7E7002505954FF0040AABE704259C
S214028BE00596F9E75345C5D30BEB0A03B046039344
S214028BF0089B002B18BF032313E0A3EB0A03B0461F
S214028C000BEB0A029E42039228BF98469E42EFD979
S214028C10D9F810200123964289F8173071D1C9F885
S214028C2004B0089399F81730002B6CD099F81820E6
S214028C300899D31C013209EBC30389F81820C3F83C
S214028C4004B0A3F808809972B8F1000F14D00E9BF6
S214028C50022B5BD10B9B7BB90F9B4344032B0BD997
S214028C60E36B012214A903989B69984705460028DE
S214028C7040F03D8101230B93089B16A80193059BA8
S214028C800093434699F81420396800F023FEE36BFC
S214028C90109A16A99B6958469847051E0D9B18BF41
S214028CA05B4652460D9359464346204613F0B6FBA2
S214028CB0236B08F10302C9F80800A3EB0A0322F0AB
S214028CC003029B1A2363002D40F011810F9BA6EB33
S214028CD00806DDF80CB043440F935946204613F0BD
S214028CE070FB00258346002E7FF43AAF814A04F1DA
S214028CF00800396893685268E3620E9B00F078FDBC
S214028D00DEE002238DE7C9F804B09DE7099B002B3D
S214028D1030D1049BB8F1030F43440A9327D9E36B7F
S214028D204FEA98029B69DDE9030198470546002849
S214028D3065D118F003025FD028F00305049B2B448C
S214028D400493039B1D444FF0FF33049915A8159313
S214028D5014F07BFCE36B2846012215A99B69984711
S214028D600A9B05460493002D86D0039B99E7039D34
S214028D704246E8E7039B0A9307F120031193FB7D23
S214028D8078689BB13D7E00230C9AD9B28D4211D9E8
S214028D90119903F1010C31F83310914226D907EBF1
S214028DA0C3030699D8690A44104403E00C9B069A4A
S214028DB013441844E36B012215A95B699847159B77
S214028DC0012213A913930C9B0A9804330C93E36BAA
S214028DD09B699847039B0A9A054643449B1A042BB1
S214028DE007D978B9134604330A93C8E7521A63467A
S214028DF0CBE70A9B0393B6E70A9B04933CE70A9BDE
S214028E000493B2E70A9B0393AFE73B4E04F10803D1
S214028E1003932368079A606CA2EB030ABAFBF0FA84
S214028E2000FB0A3013F067FEE16A8046204613F024
S214028E30C8FAA26A82424AD0626CD9F80830511E39
S214028E402568E0620B40216B891A0B4423630D9B55
S214028E505D1BB5FBF2F5AA4536D1079BB3EB080AB4
S214028E6012D0E36B4FEA9A0241469B699847E36A3F
S214028E70079A834653440398DA46E362236B9B1AA7
S214028E804344236313F0D5FC2368616CE06B01FB5B
S214028E90053113F0A5FD204613F0D6F9204613F04F
S214028EA0D4FA2063BAF1000F11D03A69616CD31D6F
S214028EB01439B3FBF1F3013302EBC3029042A8D29A
S214028EC0304619B0BDE8F08F4FF0000ADCE73A6989
S214028ED0616CD31D1439B3FBF1F3013302EBC30209
S214028EE0236B9342BFF4F6ADEAE7044EE8E72E465C
S214028EF08CE700BFA01D002023E000F006E000F093
S214028F002DE9F3471E46436904468846B342174690
S214028F109DF828903DD300258DF80750D4F830A050
S214028F20204613F05DF982450AD2236AB5EB430F59
S214028F3006D200220DF107012046FFF7DFFB30B311
S214028F409DF80730012B05D100220DF107012046BE
S214028F50FFF7D4FBB9F1030F06D0256B3146204646
S214028F6013F029F9854218D30D4D4FF0FF312846EC
S214028F7000F0FAFC4B46002229462046C5F800803F
S214028F80C5E9037602B0BDE8F047FFF78BBD0135B1
S214028F90C4E7044802B0BDE8F0870348FAE700BF1A
S214028FA0CC1D00200FE000F006E000F0032A2DE9B9
S214028FB0F34106460D4617461C4606D1237A012B78
S214028FC023D0012002B0BDE8F081DFF860800DF109
S214028FD0070309684246FFF7A9FA60600028EDD148
S214028FE09DF80720237A032AE8D0D8F804106A6886
S214028FF09142E3D1012B2969D4F80CC007D10CEBBE
S21402900001037269934202D92074207CDAE70831A0
S2140290103B46012230466144E1602946FFF742FDA5
S21402902060600028CAD00020CCE700BFCC1D00201C
S2140290302DE9F341089C032A1746266806D1237AAF
S214029040012B24D0012002B0BDE8F081DFF8908029
S2140290500DF1070330464246FFF768FA60600028C3
S214029060EDD12568D8F80400A96AD5F844C048406E
S214029070227ACCF100031840E1D1012A09D1E26834
S214029080D8F8103013447269934202D92074207CB7
S214029090D9E72868EB6A1B1A081AB3FBFCF3B0FB85
S2140290A0FCF083420BD1706CF36A421E1340326BA3
S2140290B0121A28461344336313F083F9E862D8F889
S2140290C01020E36808320649206813440122E36050
S2140290D03B46FFF7E7FC60600028B0D00020B2E70E
S2140290E0CC1D00202DE9F04F4FF0FF334FF6FF72F4
S2140290F0002500F10806044687B0C3620F460562E3
S2140291000563C0E90923304613F093FB204613F0AB
S2140291109BF828BB2046394613F016F9204613F072
S21402912093F828BB8A4D204613F0C2F9ECE0E26BB6
S21402913001A92368606CD2F814C0052200FB053032
S214029140E04701A813F0A7FC012828D129462046AB
S21402915013F0CBF8421C2946204613F094F801354A
S214029160E3699D42E3D3204613F06EF80028D1D07F
S21402917000254FF0FF394FF6FF73CA46A846C4E9EA
S2140291800853E369984514D3A5EB0905012D37D892
S214029190636A4FF6FF72934247D16E4DC3E713F0F0
S2140291A0A4FC0028DBD02946204613F09EF802468F
S2140291B0D1E7236801A9E26B606C5769052200FBC0
S2140291C00830B84701A813F066FC834601A813F0DE
S2140291D039FC0746584613F083FC70B15745236A9C
S2140291E0BA4638BFC4F82480B94503F1010328BF44
S2140291F0B946BD42236238BF3D4608F10108C0E7C2
S2140292004FF6FF7300256362E3699D42C0D2676C26
S2140292100522206801A9E36B07FB050001355B699F
S214029220984701A813F00EFCEEE7E26B01A9676C03
S21402923020685569052207FB0300A84701A813F01A
S21402924001FC626A2368606C434D00FB023013F037
S21402925052FC4FF0FF33A0622A46E3626FF0010130
S2140292600DF103032046FFF761F9002850D1AD68DF
S21402927029462046E56212F0C3FF206320B9E16A60
S214029280204613F09EF8E0622946204613F099F82D
S2140292900546A36A9D423DD165692046626CE91C7B
S2140292A0143AB1FBF2F105EBC1050335B5FBF2F555
S2140292B0023513F0FDF88046A8423DD2616A204688
S2140292C012F0F2FF0027064604F1400A474512D381
S2140292D0626C01A9236802FB0639E36B05225B690F
S2140292E04846984701A813F0ADFB53460246494646
S2140292F0E06B13F002FC01373146204612F0D4FF31
S214029300AF420646E2D3154D284607B0BDE8F08FB9
S214029310A56AADE72946204612F072FF236B074680
S214029320294603442046236313F04BF80546002FD4
S214029330AFD1C4E90B07ACE73046002513F079FA43
S2140293400023074A20461946FFF79CF9EBE600BFC2
S21402935003E000F016E000F0CC1D002013E000F061
S21402936003C50300634A00232DE9F04117680E4641
S2140293700446136018B9604D2846BDE8F08190F89F
S21402938034500DB309680268914240F0AA807168B1
S2140293904268914240F0A580B1688268914240F0EE
S2140293A0A080F168C268914240F09B8031694269B0
S2140293B0914240F09680B169C26B914240F0918032
S2140293C072691D468261D7E750222946D0F8388056
S2140293D014F030F9336804F10800C4F838802360CA
S2140293E073686360336963617369D6E90212A361C5
S2140293F013F031FAB36904F14000E3639B689847BF
S21402940094F8432020B1E561002AB4D03B4DB3E77F
S214029410656C002DF7D06668B6FBF5F3E361002AAB
S214029420A9D0B542F2D82268B2FBF5F105FB1122AB
S214029430002A58D105FB1363002B54D1204612F0A4
S214029440CFFEA369043303449E424ED3636940F6BB
S2140294503472CC3B93424AD8B5F5007FD6D303216B
S214029460204612F0E6FEE36BD4E900011B6898473B
S214029470E36B05460220DB6898471DB1002384F89B
S21402948034301EE039462046FFF72CFE1C4B0546BC
S214029490984204D139462046FFF724FE0546636CFF
S2140294A0143B002DEAD1226A204602FB03F612F094
S2140294B097FEA369043303449E4206D284F83450CE
S2140294C0104DE06B13F078F856E70F4A012384F844
S2140294D0343013680133D4E90001136008F07CFECF
S2140294E0EFE70A4D48E70A4D46E7064D44E7094DC1
S2140294F042E700BF5426002009E000F004E000F036
S21402950013E000F002E000F05026002008E000F031
S21402951001E000F005E000F02DE9FF410F4690461D
S2140295201E46054698B390F8343093B3B1F5801FC3
S21402953031D21A4C022112F07CFE0DF10F032246A4
S21402954039462846FEF7F2FF024678B10123424624
S2140295503946284600933346FFF7D2FC0446E86BAA
S21402956013F02AF8204604B0BDE8F0819DF80F30CB
S214029570012BEBD12169B142E8D100934146334633
S2140295802846FFF79BF904460028DFD1E7E7044C9C
S214029590E8E7044CE6E7044CE4E700BFF81D0020C9
S2140295A009E000F007E000F00AE000F02DE9FF41D4
S2140295B00C4616461F46054688B390F8343083B3E9
S2140295C0B1F5801F2FD2DFF87C80012112F031FE28
S2140295D021460DF10F0342462846FEF7A7FF044632
S2140295E070B99DF80F30012B11D1D8F81030BB425C
S2140295F013D10246009031462846FFF75FF904462B
S214029600E86B12F0D9FF204604B0BDE8F081074CA3
S214029610074A022B08BF1446F2E7064CF0E7064C50
S214029620F1E7064CEFE7064CEDE700BF0BE000F073
S2140296300CE000F011E000F009E000F007E000F0B6
S2140296400AE000F0F81D00202DE9F04385B00C4634
S21402965017461E46DDF830800546A0B390F8343033
S2140296609BB3B1F5801F32D2DFF88090012112F051
S214029670E0FD21460DF10F034A462846FEF756FF47
S214029680044688B99DF80F30012B14D106EB080367
S214029690D9F810209A4214D30090434632463946EF
S2140296A02846FFF70BF90446E86B12F085FF2046C2
S2140296B005B0BDE8F083074C074A022B08BF1446E4
S2140296C0F2E7064CF0E7064CF1E7064CEFE7064CED
S2140296D0EDE700BF0BE000F00CE000F011E000F058
S2140296E009E000F007E000F00AE000F0F81D0020B4
S2140296F02DE9F3411F4600230C46164605463B60FD
S21402970050B390F834304BB3B1F5801F28D2DFF84F
S2140297106480012112F08DFD21460DF107034246B9
S2140297202846FEF703FF0446A0B99DF80730032B30
S21402973010D0022B0AD10123336004233B60E86B6E
S21402974012F03AFF204602B0BDE8F081D8F8103099
S2140297503060F3E7034CF2E7034CF3E7034CF1E720
S214029760034CEFE70BE000F009E000F007E000F042
S2140297700AE000F0F81D002030B50C4685B005461C
S21402978028B390F8343023B3B1F5801F23D20221D8
S21402979012F04FFD0DF10F03104A21462846FEF740
S2140297A0C5FE034688B99DF80F20032A0DD0032272
S2140297B02146009202462846FFF7A2FB0446E86BC3
S2140297C012F0FAFE204605B030BD054CF7E7054C10
S2140297D0F8E7054CF6E7054CF4E700BFF81D002055
S2140297E00BE000F009E000F007E000F00AE000F00D
S2140297F02DE9F0414668002E46D005684FF0000C71
S214029800A846AE4655F83C400CF1010CC4F31307CB
S214029810013401D0B94218D0B4450EF1080EF1D188
S2140298202F46002403E0B44207F1080713D055F888
S21402983034C00134BCF1FF3FF5D1C1F313017A60A5
S21402984041EA03513960BDE8F08141EA0353CEE9AB
S2140298500032BDE8F081032B16D0002403E0B442A8
S21402986008F1080810D055F834700134C7F30757CA
S214029870032FF4D1C1F31301C8F8042041EA0353BD
S214029880C8F80030BDE8F08101230372BDE8F0811C
S2140298902DE9F043476883B0C7B10646884691462D
S2140298A000243368304653F8345003EBC4030134C3
S2140298B0C5F30752C5F31301013505D05B68CDF831
S2140298C00090C04710B17768BC42EAD303B0BDE847
S2140298D0F08300BF73B5012A044622489DF818504B
S2140298E000EAC11123F07C4007D9961E012E28D922
S2140298F0073303F07F03194308E09DF81C300A4340
S214029900DB0603F0C053134343F060410023C4E96F
S21402991000108DF80730B5B1202221460DF1070060
S21402992013F040F81A220DF10700211D13F03AF841
S21402993063689DF80720082043EA8263636002B0EA
S21402994070BD1143E2E71B220DF10700214613F01A
S21402995029F823689DF80720042043EAC26323609F
S214029960EDE700BF80FFFF0738B5094B0D46002123
S21402997004461A6813F05EFE00234FF0FF3223619E
S214029980A260E3822383A376C4E9002538BD00BF24
S21402999038F903000138C0B205289ABF014B185C9B
S2140299A001207047F80004002DE9F0410E46596880
S2140299B088B007461546490A0024012922464FEA7E
S2140299C0510104F10104F8D8DC78520399784FF07B
S2140299D0000824031B88C9020DF1070004F4805412
S2140299E0C3F30A0301F4006192B28DF807800C43B8
S2140299F002A923449C18254B1B22039325F0784387
S214029A00ED436FEA0444029312F0CCFF9DF8072060
S214029A1025F07845029B02A90DF10700029543EA5C
S214029A20C2631B228DF807806FEA1444049312F077
S214029A30B9FF9DF8072007A9029B06F110000794BC
S214029A4043EAC263012205934FF0FF330693BB69D4
S214029A5098470446BB6905A9012206F10800984703
S214029A60404518BF0446BB6904A90122301D984729
S214029A70404518BF0446BB69012203A930469847F1
S214029A80404508BF204608B0BDE8F08101009AB202
S214029A901046044A1368591E033102D80021116089
S214029AA018477047D80B0020034B1868034B002852
S214029AB008BF1846704700BF582600202801040039
S214029AC0014813F07BB900BF6026002013B50B4C8B
S214029AD00229226005D10A4813F070F9002002B06C
S214029AE010BD0A4600930146064B054813F048F996
S214029AF0003818BF01204000F1E700BFD80B002055
S214029B0060260020919A0200014813F06AB900BF4D
S214029B10602600200021014813F085B96026002047
S214029B2008B5064B1B68013305D0FFF7EDFF80F042
S214029B300100C0B208BD0020FCE700BFD80B002021
S214029B40F8B50D4610B900242046F8BD0E4F3E6803
S214029B50002EF8D100F0A2F804460028F3D03860B0
S214029B6000F0E8F8204613F013F838B130463E60AD
S214029B7000F0E0F8204613F006F8E4E7002DE3D004
S214029B802046A847E0E700BF5C260020024B186884
S214029B90003818BF012070475C26002038B50C46F6
S214029BA001F088FFA3780B4A13705A1E554255419E
S214029BB0A8420CD0012B04D02846BDE8384001F05C
S214029BC05BBF204601F02AFF0028F5D038BD0020F2
S214029BD0FCE700BFA02D00200021024B08465B6870
S214029BE0184700BFEC0B002010B50446FFF75CFFD9
S214029BF00C4B1A1A53425341A34201D1012010BD05
S214029C00094B1B683BB9094A064B002C08BF134692
S214029C10074A1360F2E713F0C1F90028F3D00020D8
S214029C20EDE700BF000104005C26002028010400C6
S214029C305826002010B513F0A2FA044618B9034BB2
S214029C4001215B689847204610BD00BFEC0B002040
S214029C5010B513F09DFA20B9BDE81040014B1B6801
S214029C60184710BDEC0B002010B513F00CF820B905
S214029C70BDE81040014B1B68184710BDEC0B0020D6
S214029C80431E033306D8044B984228BF184664285E
S214029C9038BF6420704700BF40420F00F8B5054643
S214029CA008F085FB07460F4B1E6826B9384608F0B3
S214029CB082FB344611E0B4688CB194F810C01CF0F4
S214029CC0010F0CD14CF0010C95E80F0084F810C07F
S214029CD084E80F00384608F06EFB2046F8BD36686A
S214029CE0E3E700BFE00B002038B505460C4641B15D
S214029CF00B6833B11B68013303D0CB680BB18B689A
S214029D004BB913F0FCFABDE838404FF49272412189
S214029D10002000F0C9B9084602F09CFE0023044A5F
S214029D2085F81031C5E93043C2E9003338BD00BFBB
S214029D30D80F002010B5044618B9054B054A136023
S214029D4010BD00F0E5FED4F8CC30002BF6D1F4E7D7
S214029D506FCB0300DC0B002010B50C4600F016FF9C
S214029D60054B002103205B6898471CB102F02EF8D1
S214029D700128FBD110BD00BFEC0B002008B502463F
S214029D800868FFF77DFF08604868FFF779FF4860BC
S214029D908868FFF775FF8860C868FFF771FF0B6970
S214029DA0C860581C03D00B48834228BF03460B6189
S214029DB04B69581C03D00748834228BF034688696C
S214029DC04B61FFF75DFFBDE808408861104601F071
S214029DD0A9BD00BF40420F002DE9F84FD0F8C430AD
S214029DE006460F4613B1038B8B4244D0D6F8C0B05A
S214029DF0BBF1000F42D0DBF80830002B3ED0DBF878
S214029E000C1000293AD0D6F8D4A0BAF1000F38D0F8
S214029E104FF000094D46C84601E0DBF8083005EB76
S214029E20C50203EB8204E3890135BB4214D8238AB8
S214029E30BB4211D3B4F91220B6F92430934250DD56
S214029E40304696F80411EDF7B3F9737D81468342E6
S214029E50A04606D9DBF80C108D42DED3B8F1000F0F
S214029E6039D00023424630461946D0473783C6F8D3
S214029E70C48086F80D910020BDE8F88F0320BDE867
S214029E80F88FD14647F6FF755446524604EBC4088F
S214029E9003EB8808B8F80E30BB4216D8B8F8103074
S214029EA0BB4212D3B8F91220AA4202D14FF0FF09E0
S214029EB0DCE7304696F80411EDF77AF9737D8146B1
S214029EC08342D3D94246DBF80C100134A14204D9AE
S214029ED0DBF80830DAE70120CEE7002AFBD090460E
S214029EE0C4E7A046BDE700BF2DE9F04782B00446AE
S214029EF08946164601F018FF002847D13B4D2B68CD
S214029F00D4F8C0A0D4F8C4700BB153454FD04FF06C
S214029F100008C5F8089001F059FF01283AD12B68CD
S214029F20DAF800103A6813B1186888424AD0204618
S214029F3013F0F2F8C5E900A7D4F8D4508DF80760FC
S214029F40002D46D00022204611460DF10703A847F1
S214029F50204601F0A3F90546B8F1000F00D08EB1F5
S214029F60B5FA85F040F2DE323321400900F09CF863
S214029F703146204601F09AFB1D4B054639462046DF
S214029F801B689847284602B0BDE8F0870023174DA5
S214029F906B60B4E7012000F0F9FD164B00210320A8
S214029FA05B68984701F012FF0128FBD1B7E76B68A0
S214029FB0002BACD0BB42AAD1AB68994514D04FF067
S214029FC00108A6E7696811B109689142B2D05968DA
S214029FD0ADE7617D94F80D313246994228BF1946A5
S214029FE0204601F0E1F8B3E70025CBE7D80F0020C2
S214029FF0DC0B0020EC0B0020F8B50E46054608F0F8
S21402A000D6F9314607462846FFF7E6FE044620B153
S21402A010384608F0D0F92046F8BD01F06DFE22461B
S21402A02031462846FFF760FF0446384608F0C3F973
S21402A0302046F8BD13B50446694612F05BFE20467C
S21402A04012F0DFFFFF28024606D020469DF80010D9
S21402A050EDF72CF902B010BD0048FBE70080FFFFC9
S21402A0604FF4007307B50A490DF10602ADF8063043
S21402A07012F05CFEBDF80630B3F5007F05D102286B
S21402A08008BF002003B05DF804FB0120FAE700BF1A
S21402A09078260020024B1960024B1860FEE700BFCC
S21402A0A0E40B00207828002008B550B90548064B76
S21402A0B001601A60054B1A68054B1A601868FFF7AC
S21402A0C0E9FF08BDE40B00207C2800205C26002067
S21402A0D078280020054B1B680BB918467047834248
S21402A0E001D01B69F8E70120704700BF84280020D2
S21402A0F0094A13680BB918467047834207D11B6991
S21402A10001201360054A1368013B1360704703F190
S21402A11010021B69EEE700BF84280020802800207A
S21402A1202DE9F74F064608F049F9DFF828810123A2
S21402A13098F800B0DFF820910190BBF1000F06D02E
S21402A14089F8003003B0BDE8F04F08F03DB93F4F44
S21402A15088F8003089F800B012F0B3FE08B112F0A9
S21402A160AEFE3D683A495DB9DFF8F0A0DAF80020A5
S21402A1700024AA423B682FD84FF0FF3134483BE018
S21402A1806B7D8BB12B68B34202D09A1B8A420BD9E5
S21402A1906A6813442B60AB68003A18BF0122003B82
S21402A1A018BF01236A75AB752D69DCE7907D20B177
S21402A1B0107D88429CBF014614461269002AF5D1DA
S21402A1C0002CD9D0D4E90001A275411AD4E9023292
S21402A1D0204698470135C9E71A46FF21EEE75A7D21
S21402A1E04AB11A68B24224D0921B824221D89142C6
S21402A1F001D311461C461B69002BF0D15CB12046E8
S21402A200FFF776FF38B13B683C602361DAF800302E
S21402A2100133CAF800303B685A7D6AB912F04DFE27
S21402A220064699F80030002B94D1019888F8003041
S21402A23088E71C460021DEE7186800F0D3F80446DB
S21402A24012F03BFE0646002C84D1EAE78428002062
S21402A250FCFFFFBFA22D0020A12D00208028002099
S21402A26038B5054608B31822002113F0E3F908F0C2
S21402A270A5F802462846FFF72DFF20B1104608F043
S21402A280A3F8022038BD0A4B1C6854B909491D6060
S21402A2900B68104601332C610B6008F095F82046D7
S21402A2A0F0E704F110032469EFE70120EAE700BFB4
S21402A2B0842800208028002038B50446FFF70AFFCD
S21402A2C008F07CF805462046FFF704FF637D23B9B5
S21402A2D0284608F079F8032038BD00236375064B3C
S21402A2E01B68A34203D112F0E8FDFFF719FF2846C8
S21402A2F008F06AF80020EFE7842800202DE9F84FDE
S21402A300DDF82890984604460D469246FFF7E2FE90
S21402A310DDF830B008F052F8074612F0CEFD0646D9
S21402A3202046FFF7D7FE637D23B12046FFF7C4FF22
S21402A3300023A375BAF1010F23D175B9B8F1000F46
S21402A34021D1B9F1000F03D05A4631462046C847FC
S21402A350384608F039F8002019E035440D4BAA1BA0
S21402A3609A4210D8012363759DF82C303046C4E912
S21402A3700058C4F808902375C4F80CB0FFF7D0FE56
S21402A380E6E7AE42EAD1384608F01EF80120BDE8FC
S21402A390F88F00BFFCFFFFBF2DE9F0410746884655
S21402A3A0FFF798FE08F00AF83D68064612F085FDAB
S21402A3B07B7D7BB185420DD0094B2C1A9C4209D875
S21402A3C0304608F001F8B8F1010F08BF25462846C6
S21402A3D0BDE8F081304607F0F7FF0025F7E700BF3B
S21402A3E0FCFFFFBF08B50023044A194600F086FDAD
S21402A3F010B1012818BF032008BD00BF85CE030098
S21402A4000E232DE9F74F06460F46144600254FF059
S21402A4100609DFF854801370EBB209FB03F3D8F891
S21402A4200010CA185079012807D92078A0F10E0327
S21402A4305842584103B0BDE8F08F31F903B01179A4
S21402A440B2F902A030460022019112F0FFFC0199F7
S21402A45008B90135E0E72170B7F900305B45F8DB53
S21402A4605345F6DC0020E5E7E80B0020014912F030
S21402A4702ABD00BFDDBF0200014912F024BD00BFA5
S21402A480B1BF020070B5164E032804460D46337857
S21402A4901ED023FA04F202F00102AA421DD053B1E2
S21402A4A00122A240A54023EA02032B43DBB233700B
S21402A4B04BB1012070BD2DB10A4B01201B68984795
S21402A4C03378EDE73570074B00201B689847F0E7B6
S21402A4D09A07DED003F0FC03E9E7002070BD00BF58
S21402A4E0A42D0020C4280020F8B505460C4607F027
S21402A4F05EFF104F06463B7833B1012D04D01CB9DF
S21402A5000D48EFF70DFE3C7021462846FFF7BAFFCE
S21402A5100A4B04461B783BB93B782BB912F02DFE4A
S21402A52010B1074B1B689847304607F044FF204699
S21402A530F8BD00BFA52D002098280020A42D0020DD
S21402A540EC0B0020054A0B46117831B10021117040
S21402A550034A01215268187810477047A52D00203B
S21402A560EC0B002038B5074D04462B78834207D003
S21402A57001F016FC20462C70BDE83840EFF722B9F1
S21402A58038BD00BFA32D002038B5044680B107F0C1
S21402A5900EFF012104460846EFF7B4F801210B4AE4
S21402A5A0084608F040FE2046BDE8384007F003BFE4
S21402A5B007F0FDFE054621460120EFF7A3F801202D
S21402A5C02146024A08F02FFE2846EDE76E010400F7
S21402A5D01B4B022910B5187002D0032904D010BDF7
S21402A5E0184B1B78002BFAD1FFF7D0FA0028F6D0CA
S21402A5F04FF00052144BC3F88020BFF34F8FBFF3C7
S21402A6006F8F01F0A5FB0028E9D001F017FA0028A9
S21402A610E5D10E4B1C6834B123689847BDE810405C
S21402A620002001F0B1BB12F0A7FB094B186008F03E
S21402A63086FE084B1860204601F092FBEEE700BF4C
S21402A6403D0D0020A32D002000E100E0E4280020BC
S21402A650C0280020BC28002038B504460D46FFF767
S21402A66095FA80B14FF00052124B1A6001F070FB5F
S21402A67048B9012D07D8012001F086FB0E4B1B6856
S21402A68023B15B6898470D4B1C7038BD08F057FE27
S21402A6900B4B1A68801A1860EFF784FE4FF47A7232
S21402A6A0084B1B6802FB003012F068FB012001F029
S21402A6B057FBE8E700E100E0E42800203D0D00201B
S21402A6C0BC280020C0280020F0B585B007F06FFE39
S21402A6D0304D04462B7823B12F48EFF721FD002892
S21402A6E04BD1EFF7AFFD02AA03A912F030FD0346E5
S21402A6F0002833D012F03FFD029B98421ED1002064
S21402A700264B03991B68264E9942307022D90027A1
S21402A710C91A012320482B70224A3346CDE9007716
S21402A72008F0C4FD002830D11F4A1378D90718D480
S21402A730204607F040FE002005B0F0BD12F019FDDD
S21402A740029B98421FD0002318461449144A0968EF
S21402A750137003910121FFF795FEE9E720462B705F
S21402A760E7E731780029E3D103F0FE031370002BEC
S21402A770DED10E4B1B689847DAE7204607F01BFE31
S21402A780032005B0F0BD0220BAE7032320462F704F
S21402A7903370F3E7A52D002098280020B828002063
S21402A7A03C0D002045A50200A42D0020C428002050
S21402A7B070B507F0FCFD164D04462B780BBB154A08
S21402A7C015491370154B164A16481A60164A174E44
S21402A7D05A60EFF72BF816491648EFF727F8164B8C
S21402A7E080203360EBF72CFC052804BF134B336044
S21402A7F0134B5B6F9B0542BF0222124B1A6001236A
S21402A8002B70EFF773FB204607F0D5FD002070BDD6
S21402A810A62D0020A52D002074010400EC0B0020BC
S21402A820C9A6020088280020E9A40200C428002045
S21402A8307C0104009028002065A5020089A502007C
S21402A84000400050B828002037B50C46234D59B9B1
S21402A8500A46072105F034FD214BAC645C6003B068
S21402A860BDE8304005F04ABD0722114605F028FD36
S21402A87007221C4B0121DA60237901A885F84830AB
S21402A8806379019312F023FE019BC2B2D34000F01B
S21402A8900F0040EA031085F84900A27985F84A209D
S21402A8A0E27985F84B202068E86401939BB1012188
S21402A8B002888B4208D82379013B13440A4A136262
S21402A8C005F01CFD03B030BD30F811500131AA422C
S21402A8D028BF2A46EDE71A46EDE700BF003F00B064
S21402A8E0483F00B0006000B8004000B810B5054C04
S21402A8F0237823B103F03CFB0020207010BD032018
S21402A900FCE700BFA82D002008B503F0FFFA0122DD
S21402A910014B00201A7008BDA82D0020431C07D04A
S21402A9206FF0FF02034B10405A62A3F58053586241
S21402A930704700BF00E000B810B504234FF03A415C
S21402A94001240A4AD1F81801C2F81831C2F81431A3
S21402A9504C634FF400511163410742BFC2F81431F1
S21402A960A2F58052C2F8183110BD00BF002000BA0E
S21402A97000F01803182B0AD003070AD440F201137A
S21402A98010F0100018BF1846034BD8677047002017
S21402A990FAE70120F8E700BF003F00B0344B2DE98C
S21402A9A0F7431E6801F4007900F00103174653EAE4
S21402A9B0090205460C462ED04FF0000803B30023CA
S21402A9C0002201200021CDE9008804F0B9FA4146B0
S21402A9D0304603F053F8414670830120FFF7BCF976
S21402A9E0716B06F1D80003F0C3F822490868FFF736
S21402A9F095FF4FF0FF330B60337C43F00403337450
S21402AA00B9F1000F07D00121304612F077F924F48D
S21402AA10007405430C43D6E94A232A40234052EAEF
S21402AA20030103D01449304609688847FB070FD54F
S21402AA301249134A08680021136811600121114A5D
S21402AA40117003B19847104B002102205B689847AB
S21402AA5017F00E0F08D040F2F3123B21002003B08D
S21402AA60BDE8F043FFF720BB03B0BDE8F08300BFAC
S21402AA705C260020F40B0020F80B0020D8280020CB
S21402AA80DC280020AA2D0020EC0B0020F7B5044697
S21402AA901046D4E94AC7DDE908268CEA020587EAA9
S21402AAA006010540194085EA0C057940C4E94A5179
S21402AAB0002523F4004106EA010320F0010043F4D6
S21402AAC00073024043F00203CDE9005504F038FA61
S21402AAD0237C9A0717D5D4F82C319B0513D54FF44F
S21402AAE08811204612F00AF9237C65F34103237489
S21402AAF0D4E94A2302400B4052EA030103D0034939
S21402AB00204609688847002003B0F0BDF80B0020F5
S21402AB1038B10368044A002B08BF1346034A136081
S21402AB207047014BFAE700BF6BCF0300F80B00201B
S21402AB30024B986E00F00F00704700BF003F00B057
S21402AB400F2938B505460C460ED801F03FF9012804
S21402AB500CD1074A2846936E23F00F0323439366CD
S21402AB6012F026FB002038BD0120FCE70220FAE79F
S21402AB70003F00B0014BD86E704700BF003F00B0E8
S21402AB80014B0020D9667047003F00B003282DE92C
S21402AB90F7434CD8274B13F80080274B1E5C274BF5
S21402ABA013F8009007F003FC074604F097FB0546EF
S21402ABB040B100230022CDE900330120002300210A
S21402ABC004F0BEF904F092FB48B100230022CDE95E
S21402ABD00033002000234FF4004104F0B1F926B3FD
S21402ABE0174BDC6C04F00804164B3146DC64404616
S21402ABF004F08AFD4A463146404604F00FFE124BE8
S21402AC00DC6465B1114B1868416BD83002F0B0FFB6
S21402AC100F490868FFF782FE4FF0FF330B60384695
S21402AC2003B0BDE8F04307F0C6BB3446DCE703B02A
S21402AC30BDE8F0838C01040088010400840104004E
S21402AC40004000B8006000B8005000B85C26002043
S21402AC50F40B00200F4A136C13F0A00F15D1506CA2
S21402AC6010F0040013D10C4BD3F8EC3E23F07F43D4
S21402AC7023F0FF035BB1D368C3F30362092A07D04C
S21402AC80B2F10C0018BF0120704700207047012067
S21402AC90704700BF000002B8003000B070B504462E
S21402ACA00D4616462BB1FFF747FE2946204601F011
S21402ACB087FA4FF03A420124D368D26A03F00703B8
S21402ACC006339C40C2F30C03E41AA4B2B44228BF73
S21402ACD0344629462246024801F0BCFB204670BD97
S21402ACE00C0000BA70B50D46064620B9194B1B6813
S21402ACF0A3B1032011E001F069F8012828D1164B10
S21402AD0093F90040C4F12704641BC4F11C03002B12
S21402AD10B8BF5B42232B0CDD012070BDA1F10B03F3
S21402AD20002BB8BF5B42232BF6DC0B4B19700020BE
S21402AD30F3E7B57407F03BFB084AE402136A04F42F
S21402AD40FF2423F4FF231C43146207F034FBEEE7D0
S21402AD500220E2E75C260020A72D002000C000B8F3
S21402AD60094B08465A6A91020BD4D3F80021D2073F
S21402AD7008D4D3F8803013F4706F14BF012000207B
S21402AD8070470120704700BF004001B8F8B50D4675
S21402AD90436B02EA010423EA0103234343633D4A69
S21402ADA001F00B0323EA0401D1642340A2F580528A
S21402ADB06F070646D36410D50121FFF7D1FF60B1B5
S21402ADC004F044FC4FF4007314F0040F14BF324A2C
S21402ADD0324A53620422324B1A64E90606D514F04C
S21402ADE0100F14BF00221B222E4B5A652A061DD5B1
S21402ADF0230616D54FF40012274B1A62012203F5DA
S21402AE008053C3F8002107F0D2FA0E21074603202A
S21402AE1002F0FAFD40F20122224B3846DA6207F0CF
S21402AE20CAFA214606F1D80002F0A2FEEF0503D5C3
S21402AE30E00529D502F0B8FDA90503D5A20526D559
S21402AE4002F0BEFD15F0600F09D0D6F8C8103046E5
S21402AE5012F08CF88022144B9867144B1A612B055B
S21402AE6010D504F0F3FB124A14F4006FD2F8EC3E4D
S21402AE7014BF43F0006323F00063C2F8EC3E0422E2
S21402AE80074B1A640020F8BD02F088FDD4E702F0F2
S21402AE9091FDD7E7006000B8005001B8006001B825
S21402AEA0002002B8004000B8003F00B0000002B820
S21402AEB0003000B0014B1868704700BFD42800204D
S21402AEC037B5012300240022CDE9003400231046C2
S21402AED0194604F035F8022002F010F9054D064B2B
S21402AEE021461C6002206B6898472B6803B0BDE8B9
S21402AEF030401847EC0B0020DC2800202DE9FF41EB
S21402AF0002290C4615469846039005D1FFF7D8FF4E
S21402AF10002004B0BDE8F08107F049FA184E074653
S21402AF2033683BB1AB4205D007F045FA0023012057
S21402AF303360EEE7134B0022C3F80080012335602E
S21402AF40CDE90033002300251046194603F0F8FF2A
S21402AF500D4B02201D7002F0D1F822462B4603A9A3
S21402AF60022002F0E9F80446084B039A1A60084BDE
S21402AF701B689847384607F01EFA002CC8D1D5E75A
S21402AF80DC280020D8280020AA2D0020D428002063
S21402AF90EC0B0020044B5B6E5B054EBF0120034B9F
S21402AFA0187800F00100704700C001B8AA2D0020F2
S21402AFB0014B186A02F03ABD004001B8014B186A0C
S21402AFC012F01FBA004001B8437C5A1F012A01D969
S21402AFD0082B05D14B7C2BB1012B05D0022B05D0BB
S21402AFE011F0EFBF024870470248704702487047A8
S21402AFF020A1070048E8010040420F0070B50E4647
S21402B00007F0D5F9054600F005FF044620B12846AC
S21402B01007F0D1F9204670BD04F018FB104B3278C9
S21402B020D3F8EC3E022A23F0F00315D0101F42425A
S21402B0304241520043EA02137278022A0ED0111FCE
S21402B0404A424A41520043EA8213054AC2F8EC3E9B
S21402B0500422044B1A64DAE70122EBE70122F2E744
S21402B060003000B0002002B870B50E4607F09FF917
S21402B070054600F0E5FE044620B1284607F09BF997
S21402B080204670BD04F0E2FA104B3278D3F8EC3E5C
S21402B090022A23F00F0314D0101F424242415200EC
S21402B0A013437278022A0ED0111F4A424A415200B6
S21402B0B043EA8203054AC2F8EC3E0422044B1A64B1
S21402B0C0DBE70122ECE70122F2E700BF003000B026
S21402B0D0002002B82DE9F8430E780446042E0D46E9
S21402B0E090F804810BD100275FFA87F9484601F0F1
S21402B0F0FFFC08B14E4602E00137042FF4D1304679
S21402B10001F0F6FC002845D094F80431B34208D189
S21402B110AA88A36C9A4204D16A88B4F806319A4285
S21402B12035D084F80461AB883046A4F808316B88C1
S21402B130A4F80631AB8804F58275A364FF23A375D1
S21402B14012F0E3F86075284601F092FC18BB284618
S21402B15001F0C4FCF8B9D4F8C43053B194F8041121
S21402B160414506D02046B3F91220ECF721F884F8C0
S21402B1700D01204601F0FEFC0949A4F8080101234E
S21402B180084AD1F8FC1004F1D80003F0C7FC0020EE
S21402B190BDE8F88301200E2384F80431F8E700BFE7
S21402B1A0004F00B0A43F00B070B5054690F8040109
S21402B1B00C460E281DD0FF291DD01AB14FF0FF32C3
S21402B1C00E4B1A6012F0A1F8064695F8040101F03B
S21402B1D0C3FC844228BF0446E4B2B44238BF3446B5
S21402B1E0E0B2A87501F0BAFDA0F1FF03584258413B
S21402B1F070BD0220FCE70120FAE700BFFC0B00202E
S21402B20010B590F8043104460E2B3ED0D0F8C43068
S21402B2104175BBB3D0F8D420DAB990F80D318B4221
S21402B2201DD300222046FFF7BFFF88B9184B1B78B4
S21402B23013F0FD0F0BD1204601F09CFC15490123AB
S21402B240154AD1F8FC1004F1D80003F067FC002080
S21402B25010BDB0F92420B3F912309A42E1DD002283
S21402B260204694F80D11FFF79FFF0028F0D1C4F88E
S21402B270C400204611F0D0FC01462046BDE810402E
S21402B280FEF7BABEFF238375E1E70220E0E700BFC0
S21402B2901C0D0020004F00B0A43F00B0C36B012B72
S21402B2A001D10020704770B505464D498EB012F0A8
S21402B2B069F8D5F8C46001462C8BC5F8C80026B1DB
S21402B2C0336813B15B68002B5CD107F070F807F0A7
S21402B2D072F80123D5F8C8108DF80E30B389D6E976
S21402B2E00120E31A9BB200FB03223E48ADF80C3065
S21402B2F003680292994207D0284611F037FE802250
S21402B30039493A4B88671A61394C384E00F05EFD6F
S21402B3100128FBD1236CDA07F8D4336CDB01F5D4B1
S21402B320D5F8C81028460D919DF80E20029908AB54
S21402B33003F0E8F818BB08A901A803F0FBFAF0B975
S21402B3402A8B2C4B5A642B7C60F341032B7411F02E
S21402B35066FFD5F8C43002465B691968431EDBB245
S21402B360FD2B049114D9CC1C12D9234B01311B6836
S21402B37015D0D81C10D8284604A904930AE0022047
S21402B3800EB070BD1A68032A9FD99B6A5B0EA3E7AC
S21402B390284604A911F02DFF00200EB070BDD91C5E
S21402B3A004D8284604A9049311F023FFD5F82C31BB
S21402B3B09B0504D42B7C43F002032B74ECE74FF47A
S21402B3C08031284611F09AFCD5E94A2302400B4008
S21402B3D052EA0301E0D00949284609688847DBE7B4
S21402B3E0FC4F00B0C8280020003F00B0000002B8A2
S21402B3F000C002B8008001B8080C0020F80B00203C
S21402B40038B590F8105104463DB306F0D0FF1F221F
S21402B410124B013D5A621540114A12495562D4F840
S21402B42014518D66D4F81851CD66D1F80011C907AB
S21402B4300FD54FF0FF31C3F80411216CC2F8041186
S21402B4404FF0F041C3F81011E37CDB060B40C2F864
S21402B4501031BDE8384006F0AEBF38BD006001B816
S21402B460005001B8004001B82DE9F74F06461546D0
S21402B470084619B9012003B0BDE8F08F002AF9D0BA
S21402B480032904D8002101F02DFA0028F2D0B0F9E1
S21402B4900010837800290488077990F805B0B0F880
S21402B4A006C003F00702C0F2CE80A2F10708D8F168
S21402B4B0000141EB0801052A297394BF0021C3F35A
S21402B4C00011C3F3801069739909287401F0020110
S21402B4D0C3F3C0000143C3F340136974AB74EF7443
S21402B4E0736BA5F814C0D80600F19980063A012AB3
S21402B4F000F29580554B4FF001095B6D4FF03A43D1
S21402B5001A6DDB6C083C03F00703063309FA03F9ED
S21402B510002309F1FF3942F0005804EA090418F83A
S21402B52004A0013404EA0904AB60631D03EA0903BC
S21402B5305A1C02EA090218F8037018F80220BAF137
S21402B540800F737C18BFAAF1320A47EA02270CBFA3
S21402B5506FF07F0A4FFA8AFA3FB2A3B30020D6F8FA
S21402B560D0300BB1514698470134E87385F80EA0E7
S21402B57004EA090418F80410013404EA090418F865
S21402B5800430013404EA090441EA032118F80430BD
S21402B590013404EA090441EA034118F8043041EA96
S21402B5A0036117F4804305D0294BDB6EB3FA83F3AD
S21402B5B05B095B0030466A7C03F072FB0623286058
S21402B5C0AB71002057E7F90425D5D6F8C830ABB1E1
S21402B5D01A68022A12D993F82400C7F30B03DB0079
S21402B5E008B1B3FBF0F39B45B8D8002BB6D0CBEB33
S21402B5F00B20B0FBF3F0C043C0B2B0E7294630469A
S21402B600FFF7E2FC0190304611F0CBFC019BB3FB46
S21402B610F0F0C0B2E1E718F804004000ECE70023BF
S21402B6200020EB730B4BDA69C2F30723120448BF00
S21402B63063F0FF035AB212F1800F1CBF323B5AB2BC
S21402B640AA730346BBE7022015E700BF004000B816
S21402B650003F00B000C000B870B54FF03A434FF458
S21402B66080640A4DD3F818610020C5F81841C5F861
S21402B670144104F0AFF84FF400532B67730542BF32
S21402B680034BC5F81441C3F8184170BD002000BA38
S21402B690001000BA082310B1024A13647047024A27
S21402B6A0FBE700BF001002B8002002B8F8B5044657
S21402B6B00E4611B9037C5A0647D44FF6FF73A18B88
S21402B6C0D4F8C870994204D0344B1B680BB120469C
S21402B6D09847334D2B68BB4254D0324B1B683BB164
S21402B6E01FB13A68002A4FD0BF68394620469847AD
S21402B6F00727204601F03EFA002E39D004F0FEFD60
S21402B7000620294B94F9122093F900302749C3F1F9
S21402B71027039B1A0A6ADB0222F4FF2203F4FF23A2
S21402B72013430B62D4F8C820214B2A60986701F0B5
S21402B7307DFB002501211F4A1F4B1170204683F80E
S21402B740845011F035FD2846F8BD4FF6FF71144DB2
S21402B750D0F8C8702A6866F386139742818303740A
S21402B76017D0104B1B68002BBAD101F003FA07273B
S21402B77012493B46124AD1F8FC1004F1D80003F0F5
S21402B780CDF9BBE70127B4E7174620463946984766
S21402B790AEE701F0EFF90127EAE700BFD028002064
S21402B7A0C8280020CC280020A72D002000C000B802
S21402B7B0006000B8A92D0020003F00B0004F00B086
S21402B7C0A43F00B02DE9F8430D4600F0FFFA012829
S21402B7D0044630D1194F3B7883B92846EAF7A0FDD4
S21402B7E0054610B9EAF7E6FD2C463B781BB1012167
S21402B7F0022003F00BF92046BDE8F8830021022060
S21402B80003F004F911F08DFD0646DFF83490DFF8F8
S21402B8103480D9F8F4331B07DFD411F082FD801B85
S21402B820404541F6A2224FF045018CBF0020012080
S21402B830FEF73AFCEDE70224DDE700BFAB2D002061
S21402B840000002B83F420F0008B558220021064801
S21402B85011F0F0FE1022FF21044811F0EBFEBDE8C5
S21402B860084004F04BBD00BFF03E00B0343F00B0CD
S21402B870002373B583746923C0F8E03074234FF055
S21402B880FF350E26A0F8F43064230446C0E93933A7
S21402B890C0E93B33C0E9075580F804618564457505
S21402B8A0C58203F02BFD2046FFF7CEFF94F9121057
S21402B8B02046FFF717FA6023114A40F6FF71D36459
S21402B8C04FF03A42116311670E4A2946D36440226A
S21402B8D00D4B20461A64626BFFF758FA002240F2BC
S21402B8E0022310461946CDE9006603F029FB01F053
S21402B8F013F9204602B0BDE87040FEF7B1BB00BFA8
S21402B900004000B8005000B8002002B8044BD3F83C
S21402B910EC3E13F0806F14BF23200020704700BF58
S21402B920003000B00246F8B5B0F8084100F1D8057C
S21402B930FFF7ECFF0B688E68013304BFD2F8E030E5
S21402B9400B604B68013304BFD2F8EC304B60771CB7
S21402B95037D1D2F8E830CF688B607E1C38D1D2F867
S21402B960E4600F69CE60013704BFD2F8D8700F6169
S21402B9704F69013704BFD2F8DC704F618F69013717
S21402B98004BFD2F8F0708F618F6947BBC0F16404C0
S21402B99008688C61C2F8E8304B68C2E93806C2E92A
S21402B9A03B340B692846C2F8D8304B690F49C2F8B7
S21402B9B0DC30D1F8FC1007230D4A03F0AFF8002064
S21402B9C0F8BD04F169031B1AB34238BF3346C2E717
S21402B9D004F17406361ABE4238BF3E46C1E76934E1
S21402B9E0241ABC4238BF3C46D2E700BF004F00B024
S21402B9F0A43F00B038B50446074D21462868621CAD
S21402BA00003818BF012002F071FA2B680020003BB4
S21402BA1018BF0123A37038BDE028002038B5054CB6
S21402BA20054B417800782568236002F0B1F900B131
S21402BA30256038BDE02800209801040070B506F0A5
S21402BA40B6FC05460B4E00F0C1F9012804D0284684
S21402BA5006F0B1FC022070BDF36813F0706FF2D1ED
S21402BA60F46814F08054EED1284606F0A4FC204672
S21402BA70F1E700BF000002B80A4B10B51B68044687
S21402BA8073B1094B48B10121084A1A60022002F03C
S21402BA90BDFF0020064B1C7010BD01461860F5E77E
S21402BAA00220F9E7E0280020E428002090010400A4
S21402BAB0AB2D0020014B1878704700BFAB2D00203D
S21402BAC038B506F074FC4FF6FF710A4A13888B42AB
S21402BAD003D106F070FC032038BD074C074D1B044B
S21402BAE06566A4F580546366118006F064FC002047
S21402BAF0F2E700BF1A0D0020006001B80000FFFF49
S21402BB002DE9F34105460F461446FFF7A3F890B118
S21402BB10DFF8E08102F066FFD8F81430DE0740F165
S21402BB20CE8006F044FC0646032001F00BFC38B13A
S21402BB30304606F040FC0226304602B0BDE8F081F0
S21402BB40D8F8143013F0060FF2D1304606F033FC64
S21402BB505C4B4FF400612846D3F8EC8ED3F8CC6EDB
S21402BB6004F0C2FB38B14FF400720121564B08466E
S21402BB701A64FEF7F1F839462846FEF73DFA514BAD
S21402BB80C3F8CC6EC3F8EC8E06460028D4D12B7CC4
S21402BB90D80601D4002C55D0C4F3400003F01CFD97
S21402BBA0022314F4807F1FBF484A002113644FF01B
S21402BBB03A420BBF444A91611364536303F046FD55
S21402BBC04FF4806314F0040F14BF414A414A14F044
S21402BBD0400F53624FF004023B4B20461A644FF06C
S21402BBE0400314BF3C4A3D4AC2F88830FEF7C0FE06
S21402BBF0284611F00DFA38B14FF4807314F0010F95
S21402BC0014BF324A304A1364A10642D54FF6FF7279
S21402BC106B8C93420FD0324A3249526E100CC2F3EA
S21402BC2001120132B3FBF2F30880294A29492E4851
S21402BC301B0448665366003C18BF01242B7C64F341
S21402BC4004132B74284611F0B0FAF0B1284611F00E
S21402BC50DFF9D0B14FF40031284604F045FB431C0F
S21402BC6003229BB2214801A911F00FFB9DF8042084
S21402BC7002F00703052B9DF8053013D112070BD4EB
S21402BC8043F480731A4AC2F8D430002011F03AFB0B
S21402BC9052E7FFF715FFCEE713F0040F09D19DF820
S21402BCA00630EDE703F03002202A05D113F0010F2B
S21402BCB0F4E74FF48073E5E79DF80630E2E70326E3
S21402BCC03AE700BF003000B0002002B8001002B809
S21402BCD0005001B8006001B800D000B800E000B81B
S21402BCE0004001B81A0D00200000FFFF0C0000BA49
S21402BCF0003E00B000C001B808B5094BD3F84C317D
S21402BD005A1C0CD05B000AD40320FEF73FFF4FF00C
S21402BD108062044BDA6401225A6102229A6208BDEA
S21402BD200080E00F001002B84FF40022034B186C9C
S21402BD3003F500531A64C0F3C0407047000002B80F
S21402BD40014B024A1A607047CC28002049A802001C
S21402BD50024B586900F00100704700BF00C001B8EE
S21402BD60084B5A69D10707D508B901F0A3B95B6930
S21402BD70DA0706D401F090B95B69DB0701D4002824
S21402BD80F8D1704700C001B84FF0806310B1024A84
S21402BD9053617047014AFBE7001002B8002002B860
S21402BDA0202350B1064AC2F8F433064B196C11F040
S21402BDB0020104D1032002F029BE034AF3E77047CA
S21402BDC0001002B800C002B8002002B80F4BDB68B1
S21402BDD0C3F30363013B0B2B0FD8DFE803F0060621
S21402BDE00C06060606080A08080802207047042001
S21402BDF070470520704703207047054B5B6913F0B8
S21402BE00060F0CBF01200420704700BF000002B8D6
S21402BE1000C001B8094AD368C3F303630B2B08D0EA
S21402BE206FF49050184100F0010080F001004000CD
S21402BE307047106C10F48030EDD17047000002B8E5
S21402BE400C4AD368C3F30363062B07D8042BD8B275
S21402BE500BD8C31E5842584140007047072B06D1E4
S21402BE60D2F844010028ECD1704702207047002027
S21402BE70704700BF000002B8F0B5CF072BD5002AE6
S21402BE8014BFAA2555250E461E24154F01F003039E
S21402BE9083F001033B449B7806F0070C17F80CC0AE
S21402BEA0013C63444FEA5606F6D10E4E73436FF4D6
S21402BEB081769B0C334482B991FAA1F195FAA5F5E5
S21402BEC04A082D0F490042EAC57201F00204C47402
S21402BED0C0E91023F0BDAA25D5E7034AF7E700BF5D
S21402BEE0AC01040036FC1000B756351230B547F6E2
S21402BEF0FE74164BC3F83042456C04EA4504144DF2
S21402BF00C5F830420F245C66CC071CD5DAB901248A
S21402BF106C664FF0FF34C3F80441056C0C4CC4F851
S21402BF2004514FF0F045C3F81051C37CDB062B409A
S21402BF30C4F8103132B14FF03A430222C0F88010F2
S21402BF40C3F8F42030BD0224E2E700BF006001B867
S21402BF50005001B813B5437C0446033BDBB2072B03
S21402BF6096BF104A0021D15CFEF70AFE012001F0BE
S21402BF700DF84FF4F0620C4BDA644FF40072A3F53E
S21402BF808053DA64637C053B012B08D80421074BF7
S21402BF9001229B6E0DEB0100019300F021FB02B023
S21402BFA010BD00BFA4010400006000B8004001B844
S21402BFB0012310B580F8F6302823C0F8DC300423BD
S21402BFC004464374044B196810F0F0FD2046FFF750
S21402BFD0C1FF002010BD00BFF0010400012310B510
S21402BFE080F8F6302823C0F8DC3002230446437477
S21402BFF0044B196810F0DAFD2046FFF7ABFF00206D
S21402C00010BD00BFF4010400012910B5044604D98E
S21402C0100239012914D9032011E00B4B19680523B4
S21402C020012284F8F6204FF4BC726374C4F8DC2054
S21402C030204610F0BBFD2046FFF78CFF002010BD07
S21402C040024B19680623EBE7EC010400E801040042
S21402C050012310B580F8F6304FF4BC73C0F8DC301C
S21402C060082304464374044B196810F09FFD2046CB
S21402C070FFF770FF002010BDE401040038B5184B2E
S21402C08004461D6845B1EB6833B1286801F0CCFB65
S21402C090AB68186801F0C8FB124B1B682BB1DA6854
S21402C0A01AB19B68186801F0BFFB0F4B1B682BB1D7
S21402C0B0DA681AB19B68186801F0B6FB0B4B1B686E
S21402C0C02BB1DA681AB19B68186801F0ADFB2046FE
S21402C0D0FFF784FF2046BDE83840FFF73BBF00BFAE
S21402C0E0F4010400F0010400EC010400E80104007D
S21402C0F0F8B5D0F8143104468B420D46164603D1E5
S21402C10090F81031202B0ED0324629462046FFF7F3
S21402C110B3FE202384F810310023C4F81451C4F867
S21402C1201831FFF76DF94FF00077074B32461F6460
S21402C13029462046FFF7DAFE8022044B1A6103F5F1
S21402C14000531F64F8BD00BF001002B8000002B81A
S21402C150072330B5124D134CEB63134B69B14421E0
S21402C16040F04000596398630123E3634FF4804331
S21402C17092B1C4F804310A4A07E0596399634FF44E
S21402C1808043084AE163C4F80431C2F80831C2F8B1
S21402C1900C31C2F8103130BDC5F80431EBE700BFF0
S21402C1A0006000B8005000B8004000B8034BD3F857
S21402C1B0F80780F00070C0F340607047000002B8D5
S21402C1C010B5407CA0B1304BD3F8B82012F0060F61
S21402C1D001D004280DD94FF470622C4BDA604FF46C
S21402C1E08072A3F58053DA600022274BC3F8B4208E
S21402C1F010BD02F0020412F0040202D00B789B0675
S21402C20037D4002C39D00B7803F00F03072B34D128
S21402C2104B78022B31D98B7813F03E0F2DD0CC7889
S21402C22014F0040F29D014F0010F0CBF04230A23C4
S21402C230A40748BF0633CB5CFBB1002A14BF022218
S21402C2400122042840F6FF7003F01F0108BF4900D0
S21402C250013940EA01310E4801654FF470600B491E
S21402C2601202C860A1F58051CA60074AC2F8B4300B
S21402C270BEE7002CC7D18B7823B90023044A136586
S21402C2800122EAE70222DCE7003E00B0006000B8C6
S21402C290004000B80A68064B12F0802F1CBF42F21C
S21402C2A00101C3F82812C3F88822C3F88C2270470B
S21402C2B0004001B8F0B585B06C460E460B4B0746FB
S21402C2C015460FCB84E80F00094BD3F8482200929C
S21402C2D026B16B1EDBB2FD2B88BF32602A46214692
S21402C2E0384610F086FF05B0F0BD00BFB40104006A
S21402C2F00080E00F30B50823054685B080B9094AAC
S21402C300C2F8FC3351B96C46074B0FCB84E80F00DA
S21402C310064B2A4621461868FFF7CCFF05B030BD0B
S21402C320034AEDE7001002B8C40104005C260020B0
S21402C330002002B838B5044601F08CF901213A20F3
S21402C340E9F74EFEE0782179154A40EA0143C2F841
S21402C350DC34E579A37943EA0543C2F8E03423786E
S21402C3601BB100230422EAF791FC63782BB1002369
S21402C3700422E179A079EAF789FC2278012352B1F6
S21402C380084AC2F8D8346278022332B1054A00203D
S21402C390C2F8D83438BD044AF3E7034AF7E700BFC9
S21402C3A000C0035000D0035000E003504FF03A4361
S21402C3B0D3F81421D2031ED54FF480320E49C1F8A9
S21402C3C01421A1F58051C1F818215A6DD1B2C2F3D9
S21402C3D00722C3F8A410C3F8A4200422C3F8A4209A
S21402C3E00022C3F8A420C3F8A420C3F8A420C3F8EC
S21402C3F0A420C3F8A4207047002000BAF8B50D4662
S21402C4004FF03A441746064605F0D1FF01230421B1
S21402C410074A6363E76026616561C2F81411054A3C
S21402C420C2F8843105F0C7FF0DB102236363F8BD7D
S21402C430002000BA00E100E0054B012218604FF030
S21402C4403A435A6740F6FF72D96418651A6770470E
S21402C450EC2800202DE9F04105460124006800F092
S21402C4600700063004FA00F3A868EC685E1EA042D5
S21402C47062D000EA060E6C6810441E430640A3EB28
S21402C4800E000EEB040C8242644618D9D31A0EEB49
S21402C490030298B1431E052B04D94B1CACEB0303D5
S21402C4A0022B59D80B460844ACEB010E03EB0E01E7
S21402C4B013F8014B83420C70F8D101466C688AB1BE
S21402C4C0531E052B01F1010302D9E01A022812D8E5
S21402C4D00A44611E00E0013313F8010C934201F88E
S21402C4E0010FF8D105F063FF0223AE60AB62BDE830
S21402C4F0F04105F060BF0B46204622F0030E8E4444
S21402C50053F804CB734540F804CBF9D122F0030369
S21402C510D01A920701EB030C04EB0307E2D0CA5CC5
S21402C5200128E254DED09CF8013002287B70D9D074
S21402C5309CF80230BB70D5E7042A35D90878043A4D
S21402C540A86148780431A86111F8020CA86111F8B4
S21402C550010CA861A8688CE70B4620F003070F447D
S21402C560ACEB010E1C684EF803400433BB42F9D113
S21402C57020F0030310F0030F01EB030EA0EB0304FD
S21402C5800CEB030728D011F80380012C0CF803806B
S21402C59022D09EF80130022C7B7018BF9EF8023023
S21402C5A0084418BFBB7088E7013A032A12D8DFE8AE
S21402C5B002F00F1507020B4613F8012B1946AA6163
S21402C5C00A4612F8013BAB61114611F8013BAB611A
S21402C5D00B78AB61BDE8F08108446EE70A46F3E7E4
S21402C5E038B50B46154601464FF03A4470B1012263
S21402C5F01048C4F8F4201A46FFF72CFF25B14FF076
S21402C6003A430422C3F8F420002038BD73B1D4F8AC
S21402C610D8209A4284BF0122C4F8F4204FF03A424E
S21402C620C2F8D4300223C2F8F430E7E70123C4F894
S21402C630F430E3E7CC0000BA10B505F0B8FE4FF0D0
S21402C6403A4301225A67C3F8B420C3F88C20154A2D
S21402C6501549C3F890200722C3F8B020134B0446AE
S21402C6601A800023124A13804FF4A022C1F8142124
S21402C670A1F58051C1F818210E4A13600E4B1B6CAF
S21402C6805B020AD54FF480020C4B18680C4BD8306C
S21402C6901A6450F8A41C01F06BFA2046BDE810405C
S21402C6A005F089BE70110020002000BA5C2B002025
S21402C6B05A2B0020E8280020000002B85C26002042
S21402C6C0002002B807220D4B01211A8000220C4BD3
S21402C6D01A804FF03A43C3F8F410C3F8CC204FF454
S21402C6E00052C3F8D000C3F8F020F022054B9A643B
S21402C6F0A022A3F580539A64FFF79EBF5C2B00200E
S21402C7005A2B0020006000B82DE9F041044688B19B
S21402C71005F04DFE3D4E3E4A3388032C03F0780169
S21402C72005463C4F03F07F0C11445DD13C6824B9AA
S21402C73005F041FE0320BDE8F08124F001043868CC
S21402C74020F00100A04254D100223A6022888C4296
S21402C7506FEA42426FEA5242228040D12E4CDFF804
S21402C760D0C02788ACF180083A46083A92B201F166
S21402C7700800604528BF4046082A04D9B0F900E000
S21402C780BEF1000F40DB228088780C884FF03A41D9
S21402C7903B449B1ADBB2C4F30C048C653380C1F8AD
S21402C7A09830C1F8B0204FF480221C4B00F00700EE
S21402C7B0C3F8142101221A4BC3F88421FFF7F6FDB1
S21402C7C004280CD14FF48002164B1B6C164B1868CB
S21402C7D0164BD8301A6450F8A41C01F0C9F9284642
S21402C7E005F0E9FD0020A6E7601E012898BF0C466A
S21402C7F0A5E7094862440088A21A48BF8032083872
S21402C8009042A3DC284693E70146AEE75A2B002067
S21402C81070110020E82800205C2B0020002000BABF
S21402C82000E100E0000002B85C260020002002B80A
S21402C830F01100201249134B0A881B881248134431
S21402C840083292B20A804FF03A41C1F8B0204FF453
S21402C85080210E4A073BC2F81411012103F0780327
S21402C860034498780A4A00F007000428C2F88411A4
S21402C87003D10849CA681203FCD4074A13607047FA
S21402C8805C2B00205A2B002070110020002000BADA
S21402C89000E100E0000002B8E828002010B5054CD0
S21402C8A0206828B1C30701D4FFF72EFF00232360B8
S21402C8B010BD00BFE82800204FF48033084AC2F8B3
S21402C8C01831A2F58052C2F814314FF03A43D3F829
S21402C8D0AC30C3F30C03782B01D8FFF767BD704763
S21402C8E0002000BA2DE9F84304460E4605F05FFD27
S21402C8F0514B81461A885148514D02F07801032C5B
S21402C9002D8802F07F03014417D14E4C24688CB95F
S21402C9102A44073A02F0780284180344E31A48BF0E
S21402C9208033AB4210DB484605F045FD0024204626
S21402C930BDE8F88324F00104EFE7012C02D0022CB4
S21402C940EBD1083D0C46E8E7002E44D08C4246D197
S21402C9504FF03A42D2F858804FF03A410127CA6C5B
S21402C96002F0070206329740D1F8AC20C2F30C025E
S21402C9709A4247DDB4F900302588002BD3DBA37832
S21402C980C5F30C0503F007037A1EA5EB08053A4328
S21402C990052B337005EA02052CD82DB2E84340F287
S21402C9A036420421C00FFDF77FFB7580E378264AE6
S21402C9B0337412687B1E03EA0803D118B160A9B269
S21402C9C013FA85F5BD4291BF0023FF1AB780F260C5
S21402C9D09CBFB180F360484605F0EDFCA7E7A4F1E2
S21402C9E00802824238BF04F17802B2F80080C8F327
S21402C9F00C08B1E7154B5B6D003B18BF0123A5EB96
S21402CA00C305CAE74B6D7A1EA3EB08033A431A40E6
S21402CA100F4B15B2DB6862B9C3F30363D91E4B42F0
S21402CA204B41DB0033700A4B72809B6CC3F30723C7
S21402CA30BDE70823F6E700BF5A2B0020701100203E
S21402CA405C2B0020E8280020EC280020004000B8DC
S21402CA50000002B8054BA622D3F84C013121431C34
S21402CA600CBF0120C0F38070FDF71EBB0080E00FF4
S21402CA7038B5134D0446297819B92022114810F00A
S21402CA80D9FD6188104A23785180002113700F4A1D
S21402CA90022BC2F8CC104FF0FF010D4A0D4B11705D
S21402CAA04FF007010C4A4FF00000C2F8FC130CBF0F
S21402CAB004220122C3F8FC2301232B7038BD00BFD9
S21402CAC0AC2D0020E03F00B01C0D0020004001B855
S21402CAD0400D0020001002B8002002B8034B1A686E
S21402CAE002609B8883800020704700BF1C0D0020D8
S21402CAF010B5044600F0AEFD064BD3F8F83724B95D
S21402CB0083F40033C3F3404010BDA31E584258417D
S21402CB10FAE700BF000002B84FF63F7208B50A4BAC
S21402CB20D3F8FC37934206D0084AC3F301131370B6
S21402CB30E022074B1A7000F0E7FD41F66A03B0FBED
S21402CB40F3F0044B186008BD000002B8410D002047
S21402CB50420D0020F028002020B1022804D1034B09
S21402CB6018787047024BFBE700207047410D002003
S21402CB70420D00202DE9F74F846C4C22022C38BF60
S21402CB8002246A49013C0B6AD1F8CC506849C3F3C7
S21402CB908213DA400B680646A34290F804B1654B4E
S21402CBA0DFF8ACA1DFF8AC91DFF8AC8102F001024D
S21402CBB014D11878904211D19AF8000058450DD138
S21402CBC0F06C58B1A84209D1B57D99F800008542AB
S21402CBD004D1B8F8040003B0BDE8F08F0C6098F8F2
S21402CBE000101A700846FFF7B7FF002A00F086808A
S21402CBF004234FF07F4100254F4AC2F8B8304F4B0E
S21402CC00C3F8B810B37D1B06C2F8B8304FF0805296
S21402CC10494BC3F8B42000F077FD40F27123B0FB15
S21402CC20F3F0192160431828B0FBF1F14FEA0544EE
S21402CC3070D8002C78D0B4FA84F2C2F12002C2F185
S21402CC400F03012B38BF0123D440A14201D2013B7E
S21402CC5064086A1C03F01F0152008A40384F121BF8
S21402CC609208C7F8B0201A0242EA0312134301934D
S21402CC7005EB052305EB0325324B40F6C702186881
S21402CC802B21003818BF0120FDF70EFAFA222D4B91
S21402CC9002FB04F01B6840F6FF72B0FBF3F00A23B7
S21402CCA05843294B00F57A74C3F8C420019AA3F5B9
S21402CCB08053C3F8C420A3F58053C3F8CC50D3F8EE
S21402CCC0CC3000F58C50C7F8FC30F5641F4D14309C
S21402CCD02C6001F0CDFE4FF47A72C7F8A400C7F8B4
S21402CCE0F8002B68B4FBF2F0B3FBF2F3A8F80430BA
S21402CCF0B37D8AF800B089F800306CE7002914BFCB
S21402CD0010252025B37D834294BFED182D1805F01B
S21402CD10FF057BE7B1FA81F234B1B4FA84F3D21A92
S21402CD20002A8CDC0F2390E70F2392E7004001B81D
S21402CD30FC0B0020AD2D0020001002B8002002B827
S21402CD40003F00B0F0280020006001B8F428002060
S21402CD503F0D00203E0D00201C0D002010B5114B8B
S21402CD6001461B78104C0E2B02D1FF20207010BDFE
S21402CD70184610F0CAFA02461846FFF7EDFE884239
S21402CD8028BF0846C0B2904238BF10462378C0B2C9
S21402CD908342ECD0054B20701868FFF7EBFE207834
S21402CDA0E5E700BF1C0D0020400D00205C26002099
S21402CDB010B50446FCF7EAFE78B1154B1B786BB942
S21402CDC064B1144B1B784BB1134B1B78013B012B00
S21402CDD004D84FF40042114BDA6410BD104BDB6CE2
S21402CDE01B04FAD405F0E3FA044602F02FFC4FF4D3
S21402CDF000420C4B2046BDE81040DA6402220A4B81
S21402CE00C3F87C240422054B1A6405F0D4BA00BF8A
S21402CE10AE2D0020AF2D0020F8280020002002B8FA
S21402CE20000002B8001002B800D003504FF480226F
S21402CE30014B9A64704700BF005000B870B50546B3
S21402CE4000F008FC01213A20E9F7CAF8424C434BAD
S21402CE5000201D70FFF7ACFF2378013B012B0CD896
S21402CE600122217CE37B8A4030214B4342F21001AF
S21402CE7003F1A04303F570335A500022384BC3F82F
S21402CE807C24ADB94FF6FF71364AC2F88410F821F9
S21402CE90A2F58052C2F88410C3F87C54324B4FF08D
S21402CEA08042DA644FF48022304B00209A6470BDD0
S21402CEB0636883B300F028FC626800EB5203B3FB9E
S21402CEC0F2F3013B1B0243F0F80326782549022EB3
S21402CED0264A22D0032E4FF6FF7521482AD0012E6D
S21402CEE033D143F00203C1F88450C2F884300723DA
S21402CEF0C0F87C343021E37B01204B4341F2100121
S21402CF00227C03F1A04300FA02F203F570335A5072
S21402CF10FFF74EFF17E0F823D7E74FF6FF7043F010
S21402CF200103C1F88400C2F8843006220C4BC3F811
S21402CF307C24DFE743F00503C1F88450C2F884304E
S21402CF400423C0F87C340A4BA9E7C1F88450C2F81F
S21402CF5084300023F5E700BFF8280020AF2D00201C
S21402CF6000C00350006000B8002002B8005000B8AD
S21402CF70001002B8034BDB6C002BBCBF024BC3F89D
S21402CF8088007047000002B8004000B84FF0006307
S21402CF9038B1064AD364064B4FF40032C3F88420F5
S21402CFA07047044AD364044BF6E700BF001002B889
S21402CFB0005000B8002002B8006000B82DE9F04723
S21402CFC02D4B2E4C4FF47A76A36000F09DFB4FF467
S21402CFD0FA73B0FBF6F6734307462948190E1B028E
S21402CFE01818284A4FF0000341F1000103F0CEF969
S21402CFF0A0F580730546236320B966222B21FDF730
S21402D00053F801254FF47A724FF0000A6A435346EA
S21402D0105008310203F0BAF91B4BB7F57A7F196054
S21402D0201A4B4FEA05688946044618604FEA1525EA
S21402D03005D276222B215046FDF736F801264FF40C
S21402D0407A73A8FB030103FB05117308C01841F1AC
S21402D05000010023324603F099F90D4B02341960A1
S21402D0600C4B49F10009A408186044EA8974034B82
S21402D070013C9C63BDE8F0870211010000C001B8C4
S21402D08020A1070040420F00182900201429002082
S21402D090102900200C2900201022044BC3F88421FA
S21402D0A05A600122024BDA60704700BF00E100E0DE
S21402D0B000C001B81022064BC3F88421C3F88420AE
S21402D0C0BFF34F8FBFF36F8F0422024BDA607047B5
S21402D0D000E100E000C001B810B50446A242A2EB8F
S21402D0E00000A3EB010104D2034B01399B6B013311
S21402D0F0184401F0030110BD00C001B838B501257F
S21402D1000A4B02019D504FF480730446084A83403E
S21402D110536605F04CF9074AA540137823EA05033F
S21402D1201370BDE8384005F046B900BF00E101B80B
S21402D13000E001B8B02D00202DE9F84F164605464E
S21402D1408A461F4605F033F9022E00F0B08080466C
S21402D15005F034F9694B6A4AD3F8209092F88D406C
S21402D1605A6EE4B2520744BFD3F82090013405F059
S21402D1702BF9644B644A1B681168A3FB093213F14E
S21402D18000434FEA847301FB093343EB020304F0C6
S21402D1900302DAF80040012E04BF0134E418A3EBC0
S21402D1A0040308BFCAF80040B3F1804FC0F0938072
S21402D1B04FF0004000235549D1F800C024F040410A
S21402D1C0ECFB01035248A40F006800FB01334B49F5
S21402D1D05048896B8B4281BF013401315B1A04F0DF
S21402D1E00304A41A994584BF444A04F1FF3404F0A8
S21402D1F0030488BF926BA3EB090C4455A4B1FC0749
S21402D20042BF41F61F71444A5167B90742BF424ABC
S21402D210424951677A0742BF0021384A91673C0764
S21402D22042BF0021354A91654FF0110A4FF0010EB8
S21402D230324A05F11004240102EB051BCBF80C312F
S21402D24042F804A0136A3649A3EB09030EFA05F462
S21402D250D2F864900A78E4B2224363450A7025D372
S21402D2604FF48073AB4019EA030F1FD1425D002AC8
S21402D27040D10EB32B4AF807536607D541F61F7105
S21402D28040F20110244B596750675967B90706D513
S21402D290214B224A234924485A6748675A677A0725
S21402D2A042BF0122214B1A613B071AD4404605F0C1
S21402D2B082F80120BDE8F88F1D4A2D0142F805E0EC
S21402D2C042F89C3C05F073F815490B7823EA0403F0
S21402D2D00B7005F070F8404605F06DF80020BDE8CA
S21402D2E0F88F2120FFF746FE4FF48032034B40466C
S21402D2F0DA60DCE70B4A40465366D8E700C001B85E
S21402D300003E00B00C29002010290020142900201D
S21402D31018290020B12D002000E001B800001F1FD0
S21402D320B02D002000D001B800000101000002B8B4
S21402D33000E101B8024B1878003818BF0120704788
S21402D340B02D0020034B10300001185800F00100E9
S21402D350704700BF00C001B8044B01F0F0711030F6
S21402D36041F0030100011950704700BF00C001B828
S21402D37038B505F023F8084B084A1D6A92F88D4026
S21402D3805A6EE4B2520744BF1D6A013405F01CF817
S21402D390284604F0030138BD00C001B8003E00B0C4
S21402D3A038B50B4B03EB001210300001D2F80C41DB
S21402D3B01D58FFF7DDFFAB0706D5844200D90139B9
S21402D3C0204601F0030138BD844238BF0131F7E739
S21402D3D000C001B808B52220FFF7CCFD4FF480222A
S21402D3E0014BDA6008BD00BF00C001B8064B1B68DF
S21402D3F0434303EB8171054B1B68A3FB003013F11B
S21402D400004341EB00007047102900200C29002041
S21402D4100C4A20F04043014610B5002014684FF035
S21402D4200042E4FB0320084A890F126802FB03004D
S21402D430064B9B6B984204D901330131C01A01F0A6
S21402D440030110BD142900201829002000C001B8CD
S21402D450F8B50646FEF77CFC044608B1FFF72AFE3E
S21402D46000230B4D0B4FAB613046EB612B6287F806
S21402D4708D30FFF7CDFFC9B287F88D1028622CB128
S21402D480FFF70AFE4FF08062034B1A640020F8BDD5
S21402D49000C001B8003E00B0002002B870B50C68AB
S21402D4A0651C15D0C4F302669E42C4F3074530D10C
S21402D4B0A4B294422DD804EB8506B24229D2141B9C
S21402D4C0A50824F003040E59340F04D0012C09D009
S21402D4D00022012303E06B1C51F823200023026084
S21402D4E0037170BD0D4C34F8133042EA03431A68D8
S21402D4F06B1C51F8234001EB83014B6822405E40CF
S21402D50036F07044EAD11B0F032B04BF8B681A4314
S21402D510E4E7013501EB8501C1E700BFDC01040049
S21402D52070B51646054610B90124204670BD00297E
S21402D530FAD04268104B006803321B68920800F16A
S21402D5403040984704460028EFD1002EECD0EA6817
S21402D550A86803323146920800F130400FF009FF06
S21402D56004460028E1D1D5E90402214600F1304004
S21402D57010F060F8D9E700BF040C002007B501A838
S21402D580E9F75EFD9DF80530022B02BF40220B4BE9
S21402D590C3F8FC23C8220A4B5A650A4B0A4AD3F838
S21402D5A06032DBB2FF2B08BF03239B0043F47F539A
S21402D5B0C2F8F83303B05DF804FB00BF001002B8EF
S21402D5C0008001B80080E00F000002B8002310B50A
S21402D5D0194C012123643A206364A364E8F700FD32
S21402D5E00122164B5A6102229A62E368C3F303636E
S21402D5F00D2B01D0002BF8D11123114AA363114938
S21402D6001148FFF78DFF01F069FB104A936843B992
S21402D6104FF08062094B5A61012203F580535A612A
S21402D62010BD0B49D268096803F13043032AEFD9CB
S21402D63043F8041B043AF9E7000002B8001002B8E7
S21402D6403C02040040020400240204000C0204000F
S21402D650180C0020012341F6FF710D4AC2F88032F1
S21402D66091660C4A53600C4A53600C4A5360A2F50A
S21402D67080425360A2F54042536002F5C0325360C6
S21402D68002F580425360A2F500425360704700BF25
S21402D6900090005000D000B8001000BA005001B848
S21402D6A038B50324FFF7D6FF114A124B124DDA643F
S21402D6B0FFF764FF114BC3F8E0400123EB6401F06F
S21402D6C091F94FF460736B614FF40073EB640FF0E3
S21402D6D0A6FD0021FEF70EFE8022094B1C64A3F570
S21402D6E080535C64074BC3F884215A6038BD00BF80
S21402D6F00048F000000002B8001002B8005001B85E
S21402D70000A002B800E100E008B5E7F7CBFD044B45
S21402D7101B6FC3F300430133B0FBF3F008BD00BF39
S21402D720008000502DE9F04F044687B003908A46E9
S21402D7305AF8046B731C06D1039B2660E01A80100D
S21402D74007B0BDE8F08FC6F30745012D38BF0125A7
S21402D750324BC6F3016233F81230B7B247EA0347D8
S21402D760EB002F490493043323448B424FEA167688
S21402D77002D92C4B9C424ED907234FF00109D346BF
S21402D780D34003F0010309FA06F9029309F0940361
S21402D79004F1080801950593059B0BF1040B53B998
S21402D7A019F0420F19D119F0280F0BD148F8087C4E
S21402D7B05BF8042C20E040F2AA7232210020FCF72B
S21402D7C073FCF3E740F2AF7232210298FCF76CFC6E
S21402D7D007F5805248F8082CEAE74FF4F762322140
S21402D7E00298FCF761FC07F50052012E48F8082C57
S21402D7F0DED15BF8042CD243019B48F8042C013B93
S21402D80007F1040708F108080193C5D1049B0AEB47
S21402D81085011C448BE7002092E700BFD401040078
S21402D820DF4F00B0E04F00B0F8B50646E0B1002486
S21402D830144B25461F46144953F8042BAAB913481D
S21402D840314600EB8500FFF76DFF30B940F6610206
S21402D8503621BDE8F840FCF727BC0D4B01352818E9
S21402D86047F8246023F81400F8BDB242FCD0013415
S21402D8700C2C02D031F81450DEE740F66F02362147
S21402D8800020E6E71C2900205C2B0020404000B068
S21402D8905E2B002070B5044690B1A9B13A4A52F800
S21402D8A0043B834212D10023384A116CC907FCD4C8
S21402D8B09B0003F5804340331360354B01221A6404
S21402D8C070BD01330C2B02D1324D2CE0012352F8ED
S21402D8D0041BA142F5D1304A32F81330E4E7C2F312
S21402D8E0016335F81300110C93B211F0FE0F43EAF0
S21402D8F00043606820D00434CAB2022A216808D9DC
S21402D900D4E90160033AC3E9001698600C340C337C
S21402D910F3E704D16268C3E90012083403E0012A7F
S21402D92001D1043419602268531CD8D10022174B47
S21402D9301A6003F58053C1E7120F072AEDD8DFE815
S21402D94002F00704090D1013181DC04303F5005317
S21402D9501860E2E71A6842401A60DEE703F5805371
S21402D960F6E70FF0FBFCD8E7012203F5805382406E
S21402D970F2E7012203F500538240EDE71A6830EA27
S21402D9800202FBD1C9E700BF1C29002000C002B872
S21402D99000D002B8DC0104005C2B00200122014BFF
S21402D9A0DA647047001002B80122014BDA6470474D
S21402D9B0002002B84022014BDA647047002002B809
S21402D9C04022014BDA647047001002B808B50C4BCF
S21402D9D01B68D3F8C83023B11A68022A01D9186A1C
S21402D9E008BDFFF791FE074B02469B6D98B20028D2
S21402D9F0F6D0C3F30743D2085343B3FBF0F0EFE786
S21402DA005C260020004001B8064BDB68C3F30363C4
S21402DA10984206D1044A936E23F0F00343EA0111BA
S21402DA2091667047000002B8003F00B010B5044689
S21402DA30FFF7CCFF0F4AD2F838311B040E4B48BF13
S21402DA4040089B6C03F4C053B3F5805F0ABF936B28
S21402DA50C4F30113C3F34163012B02D0022B02D09D
S21402DA6010BD4008FCE7C4F3C4240134B0FBF4F054
S21402DA70F6E700BF004001B8004000B82DE9F047C5
S21402DA800E460FF04EFC00248046DFF8B4A0DFF806
S21402DA90B49004F08CFCDAF80C300746C3F3036348
S21402DAA0012B0BD1711C35D00FF03BFCA0EB080408
S21402DAB0384604F080FCA642EBD80DE0052BF1D0E8
S21402DAC00B2BEFD0023B012B09D9013602D00FF007
S21402DAD028FC384604F06FFC1848BDE8F087D9F8F1
S21402DAE00C3013F4603FDDD0D9F818301A04C3F3B3
S21402DAF0891512D4013602D00FF013FC384604F012
S21402DB005AFC2DB26FF4FF73A5F1C8009842B8BF55
S21402DB101846E2E704F04FFCBBE7731C03D00FF095
S21402DB2000FCA0EB08046FEA85556FEA9555384667
S21402DB3004F041FC15F5007FBDD0E3E700FEFFFFD1
S21402DB40000002B800C000B80122024B98611A61B8
S21402DB50704700BF000001B8044BD3F8AC3010B1D8
S21402DB60C3F30332027003F00F007047000002B8DE
S21402DB70094B01F080011B6C03F480030B4309D1AF
S21402DB804FF40012054B1A62837F1BB10122044B2D
S21402DB90C3F80021704700BF000002B8006001B859
S21402DBA0005001B810B504F002FC084B04461B688E
S21402DBB03BB1984728B1002200204FF4806101F063
S21402DBC0A7F92046BDE8104004F0F5BB4C2900201A
S21402DBD04FF604014FF60502044B01201B6C9BB264
S21402DBE08B4208BF1346024A136670470080E00F56
S21402DBF000C001B8074BD3F8483203F00303012BE9
S21402DC0003D0022B03D00020704704F0B6B9E7F722
S21402DC1093BB00BF008000502DE9F74FDFF8ECB051
S21402DC2081460F46DBF808A0FFF7A2FB4FF0FF3550
S21402DC30CDE9000100202C46064606F110031B0122
S21402DC405BF8033003F00308B8F1010F15D1304634
S21402DC50FFF7A6FB02460B46DDE90001FFF73CFA9A
S21402DC60DBF8643006F10802D340DB0737D5002F15
S21402DC703ED000252C463E6040460136082EDCD1BA
S21402DC8050B3224F0AF44033B96B00220131A4FB91
S21402DC900141641941F10001B3F5003F30D17B6BBD
S21402DCA00AF4405A013342F10006BAF5805F22D1E7
S21402DCB03D6B15F5807505FB06F642F1000203FB87
S21402DCC00266A5FB03323244594304FB0212A3FB4D
S21402DCD004341444C9E9003403B0BDE8F08FA84206
S21402DCE071EB0403C8D207B13E6005460C46C3E793
S21402DCF03D463C46C0E7320242EA13621B02E3E7B5
S21402DD003B6B13F5807342F10002DDE700C001B8F9
S21402DD10F8B506200FF00CFB04460FF002FB42F2A9
S21402DD201073041B9C42054618D94FF080624F249C
S21402DD300B4B1A6441F26F770A4E0BE00FF0F1FAC2
S21402DD40401BB8424FF0F70221468CBF002001204C
S21402DD50FCF7AAF9336C5B01F0D5F8BD1A24E9E7A3
S21402DD60002002B8000002B808B50FF06FFB0122CF
S21402DD70054B93F8853002335B00DBB202FA03F3FD
S21402DD80024A536108BD00BF003E00B0002000B842
S21402DD900B2870B500F29580012900F292804A4B5A
S21402DDA083F8840083F88510484B5B689D05C3F3AF
S21402DDB0402227D44FF038435A60454A506E4402F8
S21402DDC06BD5444B5B6803F00303022B65D002233A
S21402DDD0C2F848320122404B9A604FF038435A60EC
S21402DDE0DA60996A0807FCD11969C907F8D540F2C2
S21402DDF0FF323A4B9A615A614FF40072334BC3F8C2
S21402DE0084215A60304C01213B20E8F7E9F894F867
S21402DE10853094F88420324943F4402343F4106357
S21402DE20063241F82230FFF76FFC4608C507FFF7B7
S21402DE30E1FE002302463146284602F0A7FA09020E
S21402DE4041EA1061C0F3C05040EA4100254BA0678A
S21402DE50186B10F5807005D14FF4E1722B21FCF798
S21402DE6023F90220024600230020012102F08EFA46
S21402DE70E067FFF7BFFE40F649435843000DFF2810
S21402DE8028BFFF20022838BF0220002184F88C0019
S21402DE90012000F0BBFD002070BD10F4001006D07B
S21402DEA0114B586800F00300023818BF01204FF4E7
S21402DEB0A9721B21FCF7F8F80122054BC3F8482289
S21402DEC088E70120E8E700BF003E00B000E100E07E
S21402DED00080005000000250001000B8002000B879
S21402DEE00080035000C001B80040025038B1064B13
S21402DEF093F88400087093F88530137070470723F0
S21402DF000B700123F9E700BF003E00B070B5FFF7C3
S21402DF10FFFE0021022000F079FD0FF002FA04460F
S21402DF200F4D104ED5F8F4331B070BD504F03FFA0D
S21402DF30BDE8704002220C4BDA6001220B4B1A70CD
S21402DF4004F039BA0FF0EDF9001BB04240F22A2273
S21402DF504FF045018CBF00200120FCF7A5F8E1E751
S21402DF60000002B83F420F0000C001B8B92D0020E1
S21402DF70224910B50B78002B3FD00122204C94F892
S21402DF80853002335B0002FA03F31E4A93614FF4B4
S21402DF9000721D4BC3F8842100230B701B4B4FF4F9
S21402DFA03072186C3921C0F38060FCF77DF84FF4AC
S21402DFB08041174B174AC3F894100C2194F8853009
S21402DFC04B4303F138435B6BD4F88010994202BF8F
S21402DFD0D2F86C31C4F88830D2F86431D4F88800AC
S21402DFE008BFA4F88630B4F8861000F0A7F8BDE89B
S21402DFF010400121022000F009BD10BDB92D0020FD
S21402E000003E00B0002000B800E100E0000002B8C8
S21402E01000E001B800C001B810B50446FFF7EAFDFB
S21402E0206043044B00F5F42000F59070B0FBF3F06B
S21402E03010BD00BF40420F002DE9F74FFFF7ECFF7F
S21402E0400546FFF765FE04F0B2F900214FF0384AA4
S21402E050DFF8E4900646684689F80010FFF7DCFD14
S21402E060304BDAF82070DB6813F0706F1DD12E4B40
S21402E0705B6913F0060818D100284CD0FFF744FB62
S21402E080691DA1FB00B4FFF7B5FD214602464346D3
S21402E090584602F07BF9DDE9004B090241EA1061BD
S21402E0A00002A04271EB0B0105D3304603B0BDE877
S21402E0B0F04F04F080B9FFF79DFD220A42EA0B6298
S21402E0C04FEA1B23A0FB02B200FB0324FFF71CFB54
S21402E0D0434602462146584602F058F90C220121D0
S21402E0E0124B013593F885307F1B5A4302335B008F
S21402E0F0074402F13842DCB2576301FA04F40C4FCB
S21402E10099400C4B7C619961DAF82030526B2D1ADB
S21402E1109B1AAB42C9D30222034BDA60012389F869
S21402E1200030C2E7000002B800C001B8003E00B0EE
S21402E130002000B8001000B8B92D00202DE9F04FDD
S21402E1404FF00C0A0027B54A054692F885408846E5
S21402E1500AFB04F303F138431F6392F88420B04BA2
S21402E16087B0C3F8B4204FF40032AE4B46461A616D
S21402E1700222A3F58053DA604FF03843AA4A1B6A9C
S21402E18092F82413AB46C9B2059192F829130134CA
S21402E190C9B20491012104F0010482F8247382F8C2
S21402E1A02973A21C0AFB04F4500001FA00F003F1E2
S21402E1B0FF390290019004F13844A3EB0903002BC7
S21402E1C040F3FF800137022F65D9DB220D210020A4
S21402E1D0FBF76AFF4FF080539449934A4B66059BC0
S21402E1E0934C03F0F00382F82433049B03F0F0030D
S21402E1F082F82933894A4FF40033C4F86CB1C4F864
S21402E2006461A2F886600026C2F88090C2F888B0E0
S21402E2100B61834BC3F8B4600C2392F885205A43F3
S21402E22002F13842166304F0C2F8334632464FF41F
S21402E230807E276AD4F864C003F110010901615890
S21402E24001F00301012910D10EFA03F111EA0C0FB5
S21402E2500BD104EB0316AF42D6F80C61C0F0D8809F
S21402E260B54202D2B74280F0D6800133082BE3D102
S21402E270704D2C68012C40F2E3803AB16749B1F840
S21402E2808E301343A1F88E30664B5A6607B0BDE84F
S21402E290F04F04F090B84FF0000B604E96F88530C1
S21402E2A00AFB03F303F13843C3F830B004F07FF8F7
S21402E2B04FF080515D4B039059664FF0384396F805
S21402E2C085201B6A00920AFB02F203F1010902F1A1
S21402E2D03842C2F83490534A02331167C4F830B059
S21402E2E0029A6363544B52485A61019AA3F58053CB
S21402E2F09A618368DB0340F18880D6F88030B26F7B
S21402E300A9EB0303A3FB0221036B03F5807CF36FE7
S21402E310A1FB0360A2FB03E39B19ACFB03E640F1FF
S21402E32000000CFB0066B2EB0E0261EB0606120A58
S21402E33042EA06624244B2EB1C2F4FEA1C2603D383
S21402E340013340F10000921B043E964228BF164657
S21402E3503749324A8E6192F88D20D1F820C0EB18E8
S21402E360D2B2896B40F10000654584BF02F1FF32EC
S21402E370D2B2B1F1FF3F0ED04FF0000E01F1010C08
S21402E38099427EEB000B08D20132B3EB0C03D2B2F9
S21402E39060F10000F4E70244D2B29B461F49244BC8
S21402E3A002F0030281F88D20C3F820B00222009BFF
S21402E3B003980AFB03F303F138431A63226303F05C
S21402E3C0FAFF4FF038431B6A009303F0F0FF1B4935
S21402E3D00A6922F004020A6130BF4FF08051019BA5
S21402E3E0154A936102F5E03211670022102122637A
S21402E3F00D4AC2F8841103F0DEFF0D4A009B526EEE
S21402E40012F0805F3FF4D9AEE4E64646AB46CDE76F
S21402E410B542BFF427AF11438AB226E7003E00B0EA
S21402E4200080035000D001B800E100E000E001B82F
S21402E43000C001B8B8280020002000B800ED00E0B7
S21402E44011490B78142B01BF0023104E0B7033704A
S21402E4500B7801330B70002A3FF418AF0C4EB6F857
S21402E4608E301343A6F88E300A4B5A66074A137844
S21402E4700133DBB2022B13707FF408AF00230134A2
S21402E4802C600B70137001E7BB2D0020BA2D002004
S21402E490003E00B000D001B8F8B50B46002213F8D3
S21402E4A0044B944225D91D68854224D106245A7904
S21402E4B01D79124B88181E6804FB0503104F33F8AB
S21402E4C0063C7B43B3420ED900238A5A7A439642CD
S21402E4D002D804FB0300F8BD9D42FAD9013304FBBF
S21402E4E003F2825AF2E740F25F423D210020FBF738
S21402E4F0DBFD0020EFE708330132D2E75029002087
S21402E50040420F0000202DE9F84FA2FB018BBD4EC2
S21402E510BD4F18EB060699466BF10003B74270EB47
S21402E520030307D240F259220E21FBF7BDFD02205B
S21402E530BDE8F88FD9F814A00C461546BAF1000FBC
S21402E54004D0DAF80030032B00F21D81AF4BB04A3C
S21402E5509F6BA3F58043D3F8EC30C7F3140759003A
S21402E560AC4B48BF47F400171B6ED2F8FCA05A0704
S21402E5704EBF4FF440039B0503F0E0731F43A64BC8
S21402E580D3F8E4309E0748BF47F0807747EA4567EE
S21402E590E6F7B8FE012D0646C9D10028C7D09F4B24
S21402E5A0984200F0FF8003F5122303F5F8639842C1
S21402E5B000F0FE809A4B984200F0758100250246D4
S21402E5C02B4600204FF0007101F0E0FE2B46013092
S21402E5D008FB03F3C7F3130100FB0B33A1FB066230
S21402E5E0A8FB008001FB0522034420339B09C9F8DF
S21402E5F00030F60C8B4B46EA4236F8021C6058BFD7
S21402E6007642894B894D34441E602C60BAF1000F65
S21402E61000F0B7800023F9018549C7F381528A5C6E
S21402E620194648BF6408002EB8BF764292066008B4
S21402E630C2FB0601224601F0A9FEDAF800600E2EA1
S21402E64008D9744B714A916BDA69D3F80C31D20649
S21402E65000F1CF8017F4001714BFC42240F207124D
S21402E6607449C0F31300A1FB04C14FEA511102FB27
S21402E67001F1C9F80400DAF818004FF4FA73B1FB96
S21402E680F0F118BF002701FB03F3A4FB02C2FA3322
S21402E690A3FB003004FB07226345904138BF0131DB
S21402E6A0C9B241F4006CC9F808C000297ED0DAF875
S21402E6B01C00A1FB00371CB1B4FA84F20E2A7EDDE0
S21402E6C0E203002F78D1B2FBF3F2530003FB0113EF
S21402E6D0A3FB00874FEA044EC6454FEA144474EB88
S21402E6E0070709D34F003B44A0FB0381C64574EBE2
S21402E6F0010102F10102F6D2C2F30E024CEA023C1A
S21402E7004CF00063062EC9F8083040F29980DAF819
S21402E7103030002B00F094800023C9F80C30C9F882
S21402E7201030E6F7EFFDDAF83010FFF7B5FE0446D4
S21402E73018B18378002B40F0D580E6F7ADFDDAF805
S21402E7403010FFF7A9FE0446D8B18378CBB14079E2
S21402E75040F28B52003818BF01203D21FBF7A4FC83
S21402E760207940F28C5200384FF03D0118BF01204C
S21402E770FBF79AFC237962791B0243EA0213C9F873
S21402E78010300020D4E6042BDAF828707FF400AFAD
S21402E790F8014CBF4FF4400307F0E07327F0E07730
S21402E7A01F43F5E6002324481D4611E70120BFE675
S21402E7B0002322481D460BE70B46002288E7C2F1DB
S21402E7C00F0E02F1110807FA08F823FA0EF343EACD
S21402E7D00803AEF1200827FA08F843EA080327FAE6
S21402E7E00EFE01334EF1000704FA02F2002FE3D1C7
S21402E7F069E701F4801103F40013194308BFC0F55A
S21402E800801027E7006CCA88807C814A008001B8A5
S21402E810004F00B0004001B8000002B800F0490204
S21402E820005A62025829002054290020502900204C
S21402E830F8010400D34D62100A3BB2DF313641DCE8
S21402E840E6F760FD2C6894B3B4FA84F3D3F10203BE
S21402E85058BFDC40354B9C4288BF6408C8B3B4FB43
S21402E860F0F3642100FB134201FB02F2904203F133
S21402E870FF3253D85D085308013D1B0243EA0515D3
S21402E880C9F80C50E6F70EFDE0B1B4FBF0F26421D5
S21402E89000FB124401FB04F4A0423DD8531E52086A
S21402E8A05B08013A68E7002321481D4690E66FF0B0
S21402E8B01F050028E4D140F2DD422B210020FBF7A1
S21402E8C0F3FBDDE74FF4A0622B21FBF7EDFB621EA4
S21402E8D0E4E7631EA51E5B086D08013B2D0245EAB0
S21402E8E00315E8E740794FF4AE62003818BF0120FE
S21402E8F03D21FBF7D9FB207940F27152003818BF50
S21402E90001203D21FBF7D0FB237962791B0243EA03
S21402E9100213C9F80C3010E71446D8E79D1E6D089E
S21402E9205308013B2D0245EA0315A9E73FBE4025E1
S21402E930D694BFD610B5044686B059B9214B416865
S21402E940D3F8FC30827A2048059300686B46FFF7BE
S21402E950D9FD69461D4B0A685A631A4BD3F8FC3038
S21402E96033B34B6843B11A4B1A4AC3F80C214A68B0
S21402E970A3F58053C3F80C218B6843B1144B164A97
S21402E980C3F8EC208A68A3F58053C3F8EC20134A38
S21402E990C868D2F8743123F4EE630343C2F87431C4
S21402E9A0D2F86C31096923F4EE630B43C2F86C317A
S21402E9B0002022890A4B9A6203F5A033186406B037
S21402E9C010BD00BF004F00B05C260020008001B8DA
S21402E9D0006001B8FFFF0F00FFF8FF0F000002B84B
S21402E9E0004000B8064B9A6E920607D55B6E002B67
S21402E9F04FF48043B4BF034A034AD36400207047EF
S21402EA0000800050002002B8001002B8064B1A6CB4
S21402EA109207FCD4022240EA01205860034B1A6493
S21402EA200122034B1A70704700C002B800D002B829
S21402EA30BC2D002040B10368012B05D90069034BA9
S21402EA40002808BF184670470048704700020400B6
S21402EA50064B586E5B6AC0F30112000C02FB000004
S21402EA6003F01F0301331844704700BF004001B88B
S21402EA70084BC1171A68A2FB000302FB013310F110
S21402EA80807043F10003400E40EAC310803820EA4B
S21402EA90E0707047602900200722194B70B5DA63D0
S21402EAA0FEF732FE174BC408010B0546E005C018F8
S21402EAB0154A41F10001002301F068FC134B144E85
S21402EAC018601448FFF7D4FF4042C6F8DC0049F647
S21402EAD05800FFF7CDFFC6F8A8000F48FEF798FCCF
S21402EAE0024660B1E301500818184FEA15714FF05C
S21402EAF0000341F1000101F049FCC6F8B40070BD04
S21402EB00000002B8B2E60E0065CD1D0060290020A6
S21402EB10003F00B07011010040420F002DE9F0479F
S21402EB20064608469846FFF785FF1546074616B37B
S21402EB3008F0020918F004081FD1B9F1000F1AD024
S21402EB404FF47A7073685843002B40F08680FFF7C4
S21402EB508FFF28637369002B00F085804FF47A726A
S21402EB60B86802FB0300A0F5FA50FFF781FFE862DF
S21402EB70B8F1000F53D1BDE8F0873069002863D0A2
S21402EB804FF47A735843BB68A0F57A60C01AFFF751
S21402EB906FFFA862B08B002859D04FF47A7358439F
S21402EBA0BB68A0F57A60C01AFFF762FFE861324BD5
S21402EBB0F468D3F800A0002C4CD04FF47A735C4370
S21402EBC0BB68A4F57A64E41A7B68E41A2B4BE11757
S21402EBD01A68A2FB044302FB013314F1807443F16A
S21402EBE00003640E44EAC314803C254B2C62D3F81F
S21402EBF0C430244C6B6223684BB150460EF0D5FAF3
S21402EC0028B12A4639462368DAF87C009847B06964
S21402EC1000210EF047FC6863B9F1000F90D1B0688E
S21402EC2020BB47F23050FFF723FF68614FF47A703B
S21402EC303368584323B13B6803F51C53103318441A
S21402EC40FFF716FFA86196E749F640409FE749F6A8
S21402EC504040A9E749F64044B8E73B6803F51C5331
S21402EC601033184473E747F230507EE74FF47A7356
S21402EC705843A0F5FA50D6E75C260020602900200B
S21402EC80003F00B05C29002008B9FFF7E1BE034848
S21402EC9081420CBF2F20BC20704700BF48E801000D
S21402ECA010B508461C460EF04AFB094B0246D3F83E
S21402ECB0FC00FFF7BFFE4368A018002B054AA8BF5A
S21402ECC04FF4FA721A44044B92FBF3F2104410BD4E
S21402ECD0004F00B00CFEFFFF18FCFFFF70B588B0B7
S21402ECE06D46124C0FCC0FC594E80F0085E80F0056
S21402ECF0B02200210E480EF09DFC202200210D4875
S21402ED000EF098FCD82200210B480EF093FC0EF071
S21402ED10C8FB0A4B1B783BB16D46044E0FCD0FC69F
S21402ED2095E80F0084E80F0008B070BDE03F00B021
S21402ED30503F00B0E04F00B0783E00B0AC2D00204F
S21402ED400A4B197801F0FF0229B10021197008490F
S21402ED509202C1F80421597801F0FF0229B100217C
S21402ED6059709302024AC2F808317047BD2D00203E
S21402ED70005000B8064BD3F8EC0E064B5B6C1A013B
S21402ED8003D4054B9B6E1B0401D500F580707047BB
S21402ED90003000B0000002B8004000B808B503F02A
S21402EDA006FB0E4B1A78A2B90D4A126812F4843F7B
S21402EDB00FD10C4A1021D1641B7863B9084B1B682B
S21402EDC0DB0508D4074B2022DA64BDE8084003F0CE
S21402EDD0F2BA054AEEE7044BF5E700BFC12D002064
S21402EDE0F0110020002002B8001002B810B503F09F
S21402EDF0DEFA0E2104460320FEF706FE40F201224A
S21402EE00034B2046BDE81040DA6203F0D4BA00BFD6
S21402EE10004000B80022044B1A70044B197811B156
S21402EE201A70FFF7BBBF7047C02D0020C12D00200F
S21402EE3008B503F0BCFA4FF00042264BC3F8802018
S21402EE40BFF34F8FBFF36F8F0122C3F88420BFF347
S21402EE504F8FBFF36F8F0222C3F88420BFF34F8F0A
S21402EE60BFF36F8F0422C3F88420BFF34F8FBFF324
S21402EE706F8F0822C3F88420BFF34F8FBFF36F8FC4
S21402EE804FF00052C3F88020BFF34F8FBFF36F8F4F
S21402EE901022C3F88420BFF34F8FBFF36F8F202258
S21402EEA0C3F88420BFF34F8FBFF36F8F4022C3F89F
S21402EEB08420BFF34F8FBFF36F8F4FF48062C3F887
S21402EEC08420BFF34F8FBFF36F8FBDE8084003F077
S21402EED072BA00BF00E100E008B503F068FA4FF02E
S21402EEE000420A4B1A6001225A6004225A60082223
S21402EEF05A604FF000521A6010225A6020225A605E
S21402EF0040225A60BDE8084003F055BA00E100E02E
S21402EF10012370B5074C2370074B1E68074B32401F
S21402EF20D3E9005319402840FBF738FD002323702D
S21402EF3070BD00BFBF2D002068290020F011002000
S21402EF402DE9F047DDF820A003EA0108099B0646F2
S21402EF500D4602EA000703EA0A09BAF1000F40F07A
S21402EF605C81031F0B4300F01C81052871F100032E
S21402EF7080F0F28050EA010300F07281431E0B43D8
S21402EF8000F03281FFF754FFB64AD2E9004323EA83
S21402EF90050324EA06043C4343EA0807B24BC2E9E7
S21402EFA000471E6826EA0A0646EA09061E60FFF7BA
S21402EFB0F5FE14F02A4F14BF48F202034FF4004342
S21402EFC0AA4AB007D26EAA4848BF43F4005383EA5F
S21402EFD0020122EA0302C266A64A0B408166D36693
S21402EFE0C4F380421203210348BF42F48072E30650
S21402EFF048BF42F40052A04BA50648BF42F4007236
S21402F0006006D3F80C3248BF42F48062210648BF3D
S21402F01042F40062994882EA030123EA0203C0F836
S21402F0200C32974B0A40C0F80812C3F80C22BA05F5
S21402F03007F4007300F11081924A1D46D2F8A4101C
S21402F04002F50052C2F8A410C2F8A0104FF05022E7
S21402F050C2F8A4308C4ADFF86C8282F88830E30467
S21402F06048BF45F48035A00348BF45F48015A10784
S21402F07048BF45F4001514F4001F06D0D8F8000067
S21402F0800EF037FA08B945F40025E20248BF45F407
S21402F0900035FB067D4B48BF45F480051A6A7C495D
S21402F0A085EA020323F001031A400A621D40CB617F
S21402F0B0784B16F0010F1D62774B784A18BF1A4636
S21402F0C0774B7D071B6F48BF42F00062754882EAA5
S21402F0D0030123EA02030367734B0A4041661A6779
S21402F0E0724A04F00103916CA0F5803081EA0302B3
S21402F0F021EA0301816442641A406D4B20029A643D
S21402F100D8F8002048BF6B4B92F81D2158BF6A4BB7
S21402F110610748BF43F4806322B114F4C06F18BF7E
S21402F12043F4807332074FF03A42BDE8F047D2F814
S21402F130181148BF43F0004383EA010222F4A022DA
S21402F1405E481140C0F818111340C0F814215C4AFA
S21402F150C2F81831FFF7C0BEA0F580630B4306D095
S21402F16020F48063A3F500730B437FF40BAF03F028
S21402F1701EF93C49D1E9003223EA060322EA0502D7
S21402F18042EA08023B43C1E900324E4A126892F84C
S21402F1901D114A4A09B313F4C06F1ED04FF4807390
S21402F1A011E003F004F92F4AD2E9003123F00403F8
S21402F1B03B4341EA080157EA0807C2E900314FF427
S21402F1C080633E4A0BD0C2F81431A2F58052C2F8D0
S21402F1D01831BDE8F04703F0EEB84FF48073C2F87A
S21402F1E01831C2F81431F4E703F0E1F81D4AD2E907
S21402F1F0003123F001033B4341EA0801C2E9003132
S21402F2000123314A57EA08071BBF5364A2F580520E
S21402F2109364936408BF5364DBE750EA01037FF408
S21402F220B1AEBAF1010F7FF4ADAE03F0C0F80E4AEC
S21402F230136823F0010343EA090313604FF4806363
S21402F240184AB9F1000F04D05366A2F5805213672C
S21402F250BFE713675366BCE701234FF48025F9E640
S21402F260BDE8F087F011002068290020004000B8B1
S21402F270006000B8005000B8004001B8006001B855
S21402F280005001B800400050003F00B0000002B835
S21402F290002002B8001002B8041C00030418000381
S21402F2A000C001B800E001B800D001B800C000B844
S21402F2B000D000B80D0A0A09090A0A09002000BA95
S21402F2C0001000BA5C26002000E000B8024B586826
S21402F2D0C0F3C000704700BFF0110020024B186850
S21402F2E000F00100704700BFF0110020024B586882
S21402F2F0C0F3C030704700BFF011002010B50446BE
S21402F300FEF7CEF9FFF794FD04F18000FDF7DAF977
S21402F310FEF75CF9FDF752FEFDF7BEFEFFF7BCFBFB
S21402F32013490723134AD1F8FC1004F1D800FFF75B
S21402F330F5FB4FF080710020FEF70EF84FF00072DA
S21402F3400D4B4FF400110120C3F80021FEF704F81C
S21402F350FEF73EFC20B940F2E7221421FAF7A4FE9B
S21402F3600EF09DF8BDE810400120FDF767BD00BF16
S21402F370004F00B0A43F00B000D001B88022074B77
S21402F3801A64082203F580531A64054AD2F8C43E6A
S21402F39023F02003C2F8C43E704700BF001002B834
S21402F3A0003000B008B503F002F8FFF7E7FF0122CD
S21402F3B0024B1A61BDE8084002F0FDBF000002B829
S21402F3C0F0B583B014460646FFF70CFBFCF7C0FC0C
S21402F3D0002800F09780524B5D6915F0060540F054
S21402F3E0918002F0E4FF23790746022B00953ED176
S21402F3F0237B022B35D00320FDF7A4FF18B9494B17
S21402F400DB685B047BD5A37B257B003B18BF01230F
S21402F410A2684549012D01920B705ED00023434A33
S21402F420434C13702278002A62D10420FDF766FE50
S21402F43004203B4E2A46736F0DEB000123F0F8536F
S21402F44023F4F81343F0506343F4803373670223C4
S21402F450FDF772FE00285CD001213022354B217068
S21402F460DA64384602F0A7FF002003B0F0BD03209E
S21402F470FDF768FF002842D12279D6F8E030012A4B
S21402F480226839D0D51A0021254B2B4A00955A6797
S21402F4909967637B294A8B4214BF0B46012313707C
S21402F4A0274B274AD3F8C43E4FF003000CBF43F065
S21402F4B0200323F02003C2F8C43EFDF71FFE184BBC
S21402F4C0204A03205A67694601232279FDF734FE53
S21402F4D0D0B101221C4B1A708AE72379022B9DD0E9
S21402F4E0009BD6F8E01000250B441344019395E7E1
S21402F4F02370FFF753FC98E79A42C4D3C2E7384614
S21402F50002F059FF0320B0E7384602F054FF01200C
S21402F510ABE70320FDF7F2FD074B38467367EFE7CC
S21402F52000C001B8000002B8C32D0020C02D002084
S21402F530C12D0020001002B800000101C22D0020DB
S21402F540003000B0010C0100C42D00202DE9F3416B
S21402F55000240D46074602F02AFF1B4BDFF8748094
S21402F5601C70FFF70BFF194B0646C8F87430C8F834
S21402F57078406879431E58425841FCF78BF840F6AB
S21402F5800143C8F878302A792968012AD7F8E83082
S21402F59001D1994200D3CC1A042303200DEB0301B8
S21402F5A00194FDF7C9FD48B98822094B30461A6412
S21402F5B002F001FF012002B0BDE8F081304602F001
S21402F5C0FAFE0020F7E700BFC42D0020000001016C
S21402F5D0002002B800C001B8F8B5194C05462078DC
S21402F5E040F20642B0FA80F03E214009FAF75CFD8E
S21402F5F055B9607840F20642BDE8F840B0FA80F0AD
S21402F6003E214009FAF750BD4FF440660D4F0E4DAD
S21402F610D7F8043140F20642C3F381232370C5F8BB
S21402F620046160783E21B0FA80F04009FAF73CFDAA
S21402F630D7F80831C3F381236370C5F80861F8BDB3
S21402F640BD2D0020004000B8006000B8F8B5084C98
S21402F650084D236C0423084F2B64236C5B0300D4F1
S21402F660F8BD042602203E640DF078FE2E64F4E710
S21402F670000002B8001002B8002002B8A82238B56E
S21402F6801A4B1D6C03F500531A6410229A60A3F5F8
S21402F690804302F100521A675A66FFF751FB144B79
S21402F6A01B7813B90320FDF729FD0024114B9C6734
S21402F6B0FFF7CCFF104A114BD2F8EC1E0B40C2F8F3
S21402F6C0EC3E04220E4B1A640E4BAA06C3F8CC403C
S21402F6D008D503F580739B6FB3F5817F22BF802226
S21402F6E0024B1A61BDE83840FCF7EAB9000002B8DE
S21402F6F0C42D002000C001B8003000B0DF0000FFBB
S21402F700002002B8003E00B010B551B920B3154B28
S21402F710DB681B0E13F00E0F1ED1134B1B6CD907A2
S21402F7201AD4FFF763FB0F4C0020FEF715FA0328E6
S21402F73001D0092805D1A36ADA07F5D4636CDB0386
S21402F740F2D4FFF783FF0122084B5A6102229A6223
S21402F750042203F580531A644FF4C062044BDA6243
S21402F76010BD00BF000002B800C002B8001002B808
S21402F770006001B808B503210920FEF745F92022EA
S21402F780014B1A6108BD00BF000002B80D4A10B551
S21402F790D2F8A030D2F8A4100B40B3F1804F0CD3AD
S21402F7A04FF040400849094CC1F8A400D467C1F89C
S21402F7B0A0004FF48021064AD161034AC2F8A03065
S21402F7C010BD00BF00400050006000500000FF0166
S21402F7D0001002B838B5054602F0E9FD0446FCF70B
S21402F7E02BFF35B1FFF716FB2046BDE8384002F086
S21402F7F0E2BD084B1B78002BF6D0074B1D78002D78
S21402F800F2D1FFF707FB2A464FF480400021FFF7AC
S21402F8107FFBE9E7C02D0020BF2D00202DE9F84F21
S21402F8205A4B06460D4614461B6C002A40F0AB8027
S21402F83013F0A00F14BF4FF001094FF00009FCF7B8
S21402F8403FF9A0234FF0000ADFF85C810320C8F8D6
S21402F8504030FDF753FC0420FDF750FC4C4FFFF7F9
S21402F860D9FA4C4B4FF0040B7B67C7F878A0FFF72A
S21402F870EDFE494B4FF48071D3F8C42E42F02002BD
S21402F880C3F8C42EFF22C8F80820404A1161D3F8F4
S21402F890EC2E42491140C3F8EC1EC8F840B0C3F83B
S21402F8A0CCAE7B6913F0060F04D0FDF793FD5846E5
S21402F8B0FDF724FCB9F1000F08D04FF40062384B74
S21402F8C01A644FF40042A3F5E0339A6666B1354BEC
S21402F8D0DB6C180701D4FFF789FAFFF74BFF042009
S21402F8E0FDF70CFCFFF72CFA284B5A69D10748D5CE
S21402F8F0DA6812F0706FFBD12B4B2C4A1A642C4A32
S21402F900936E23F0F003936615B12046FFF762FF6D
S21402F910284BD3F84C315A1C01D05B0002D5012289
S21402F920214B5A616CB31F4BDA6E03F500539A668D
S21402F93003F5D0331B6A1C4A23F00103D3611E4B26
S21402F940D3F80C1203F50053C3F8081203F500535C
S21402F950D3F8841003F5005399674FF03A43D3F86F
S21402F960181103F50053C3F81411144B996C03F5E0
S21402F97000535964124903F5803359664FF608431B
S21402F9801364BDE8F88F4FF0000958E7000002B88C
S21402F99000C001B800000101003000B0DF0000FF27
S21402F9A0001002B8004000B8002002B81000300074
S21402F9B0003F00B00080E00F004001B800C000B871
S21402F9C05000002F9D4B2DE9F04F9F6EDB6E85B0E9
S21402F9D01F409B4B9F664FF03A43D3F81451D3F81F
S21402F9E018311D40974BC3F81451974BD3F8082291
S21402F9F0D3F80C3202EA0309944BC3F8089203F5D3
S21402FA002043DA691B6A02EA0308914B914A08EA24
S21402FA100303D361904BD3F80422D20605D4D3F85D
S21402FA200431C3F30016DB0652D502F0C0FC8B4B42
S21402FA305A695E6E1B6F12F0060F06EA0306884AC4
S21402FA4026F0007314BF4FF0010A4FF0000A23F4A9
S21402FA5000637407536606D5824A92F88D300133E6
S21402FA60DBB282F88D3002F0A6FC002F00F0E380B5
S21402FA7017F4004300F0D48002F099FC0146FFF729
S21402FA8079F90446DFF8D4B1DBF82020DBF8203021
S21402FA909A42FBD0DBF820209342FBD0FFF76AF9AC
S21402FAA0A04217D1084602F086FC6F4B1C606F4BD3
S21402FAB0D3F840B01BF4E0520ED124F07F4424F079
S21402FAC0DF040CB9FFF7DAFD4FF0807B002414E068
S21402FAD0B246CAE70446D7E70192FFF7CFFD5D4B71
S21402FAE0019A1BF480541A6440F09C801BF4806FC9
S21402FAF00CBF4FF0805B4FF0806BB80715D55B4AA2
S21402FB005448126C02F460410164002900F08D80B2
S21402FB10110400F18D8012F4005F0CBF4FF000520A
S21402FB204FF0006200244BEA020BC7F340377F0017
S21402FB304F4A2A40002A4BD015F4206F0AD040F6CE
S21402FB400F0206210020FAF7AFFA0020FFF742FE66
S21402FB5025F48025EB0506D5FF213E4A4BF4C06B03
S21402FB609160FFF743F915F0090F0BD040F6240217
S21402FB7008210020FAF798FAFFF7FCFD4FF03A4208
S21402FB800121516315F0106F0CD040F62D020921A9
S21402FB900020FAF789FAFFF7EDFD0022114610461B
S21402FBA0FCF71EFD15F4202F0AD040F63502072179
S21402FBB00020FAF779FA0020FFF70CFE25F48025DC
S21402FBC0E80301D5FCF778FE002DB8BF47F008071A
S21402FBD069070ED54FF03A42126B12F4005F4FF4EB
S21402FBE0005217BF174923490A634BF4000B08BF9C
S21402FBF00A636A0548BF4BF0040B15F48023019391
S21402FC0000F0A180FCF716FE0138062834D8DFE89B
S21402FC1010F017011A0117011D012001230123010B
S21402FC209B4653E74FF0804B50E74FF0007279E760
S21402FC304FF0004276E7BB463C4679E7004000B804
S21402FC40006000B8002000BA004001B8006001B8A9
S21402FC500000F7FF002002B800E100E000C001B893
S21402FC6000E001B8003E00B064290020000002B89F
S21402FC70090B0B89001000BA40F666020321002029
S21402FC80FAF712FA4FF03A400121D0F88C20D0F859
S21402FC90AC3002F00702063201FA02F2C3F30C0C91
S21402FCA0A2EB0C0292B2072A12D9754A126C5302C0
S21402FCB00ED4744BC26CC06E5B6D5BB102F0070271
S21402FCC006329140C0F30C00091A89B2072901D8FE
S21402FCD04BF4007B6C4A1278002A34D04FF03A423A
S21402FCE0D2F8142112F4A02F2DD1684A684912784E
S21402FCF09AB9F20411D40A787AB14FEADB0265485F
S21402FD0042EA447282F00102D0F8EC0E02F00102DE
S21402FD10520020FA02F2930715D10420FDF7EEF9FD
S21402FD205D4A5E485067FFF775F859490A7832B956
S21402FD305B4A5C4912680BEA02020A4201D14BF4A2
S21402FD40804B26F48056B9F1000F1DD019F4805F5F
S21402FD5018BF4BF4802B19F4807F18BF4BF4002B8E
S21402FD6019F4005F18BF4BF0100B19F4007F18BF90
S21402FD704BF0200B19F4806F18BF4BF0400B19F4B0
S21402FD80006F18BF4BF0800BB8F1000F3AD018F492
S21402FD90802F18BF44F4007418F4803F18BF4BF449
S21402FDA0805B18F4801F18BF4BF4003B18F4001F4A
S21402FDB018BF4BF0020B18F4003F18BF4BF4801B21
S21402FDC018F4800F18BF44F0100418F4002F19D04E
S21402FDD0304AD2F8C42E12F0C00F13D02849CA688F
S21402FDE0C2F30362032A01D0072A05D14A6CD00661
S21402FDF002D48A6C110732D54FF400212A4A28F41D
S21402FE000028D161002E00F01581320540F187806E
S21402FE102648DFF88490C2782549002A4ED04FF44F
S21402FE200063013AD2B24B66C27032B9214A1278E6
S21402FE30C2B140F60141204A5167002200216BE020
S21402FE404BF4803B1EE74BF4006B1BE74BF4806BD6
S21402FE5018E74BF4807B15E74BF0080B12E74BF4E0
S21402FE60001BCFE7D9F8782012F4A05F15BF4FF435
S21402FE70807240F60142C9F85820C9F87820DCE7BB
S21402FE80000002B8004000B8C12D0020C02D00209E
S21402FE90C22D0020003000B000C001B800000101F1
S21402FEA0F0110020088D0100002002B8B12D0020BC
S21402FEB000E001B8C42D002000D001B80320FDF7F1
S21402FEC01DF9D9F81420A34B12F0060F04BF41F611
S21402FED01F72A149A14808BF4A674FF400619E4AB3
S21402FEE05166D9F8142012F0060208BFC9F8782025
S21402FEF0B3F88E2012F400615DD022F40062A3F8FB
S21402FF008E20027802F0FF09002A58D1FDF762FA25
S21402FF10FFF7B4FB4A4620214BEA020B0C43B30020
S21402FF2009D52E20FDF726F84FF000518A4A44F0F4
S21402FF30080411675166F00606D52B20FDF71AF85D
S21402FF401021854A1167516616F0306F05D1F1040B
S21402FF505DD5BAF1000F00F0A780320111D5292035
S21402FF60FDF708F8FFF7B2F948B17D4A7D487A49AD
S21402FF704A66026700F54050C068430422D444F043
S21402FF80040416F0007A28D00420FDF7B7F82720DC
S21402FF90FCF7F0FFFFF772FB4FF000716E4A5166F6
S21402FFA0714AD2F8EC1E490678D4704A0221916052
S21402FFB044F0020428E002784FF40052ACE74FF413
S21402FFC000423BE70A6720204A66FCF7D3FF2D2053
S21402FFD044F00C04FCF7CEFFD3E716F0807FDFF880
S21402FFE0909146D00420FDF789F82820FCF7C2FF3E
S21402FFF0D9F87820002A39D1FFF740FB564A5849EB
S21403000044F00104116751660021594A9165320490
S21403001005D5584A126890474BEA000B0C43730504
S21403002008D555498A78002A00F08E80013A8A70EE
S214030030002217433A4658462146FEF769FF019BBE
S2140300400BB1FCF72BFC01224C4B05F00435C3F82F
S21403005014514B4B18F4002FC3F884211EBF4FF4E2
S2140300600022424BDA6105B0BDE8F08FC9F878A0EC
S214030070C4E7F004C8D50420FDF740F8414AC9F8A0
S2140300807420FDF7A7F9D9F8642012F0407FBBD19E
S2140300902A20FCF76FFFFFF7F1FA81E7D2F8C42EA8
S2140300A0930685D4384A81E733490A7952B1013A2F
S2140300B0D2B20A7112B92B4A3449516700224BEA6D
S2140300C0020BA4E70420FDF719F80320FDF716F842
S2140300D0274A2C49516702F06AF981460DF10F0051
S2140300E0FDF73AFD2A4A824612780AB1FEF77EFEEB
S2140300F0BAF1030F0ED1DFF8A0A00020FDF72CFD08
S214030100032807D1DAF82820D007F6D4DAF84420F3
S214030110D103F2D49DF80F20032A06D101211D4AEC
S2140301204846117002F047F9C8E74FF03A42D2F852
S214030130142112F4A02FF1D1FEF76CFE484602F00C
S2140301403AF94FF48042BAE70220FCF7D7FF0122C0
S2140301506FE700BF003E00B000E001B8C42D0020EA
S2140301601000002000D001B8003000B0002002B814
S21403017000C001B8000C0020B12D0020002000BAFA
S21403018000E100E000000101001002B80000010DCC
S214030190C32D0020C02D0020000002B80122024B10
S2140301A01A62DA61704700BF002002B8074A08B532
S2140301B0D369116A0B40064998B2DB07C86104D5B8
S2140301C0D068C0F30360FFF7E9FF08BD000002B87C
S2140301D0002002B80C4A08B5536C926C13400B4AC5
S2140301E05364DB070FD50A4B40F6AC22187812216E
S2140301F000F00100F9F758FFBDE80840002201208F
S2140302000021FEF785BE08BD00C000B800E000B8B8
S214030210F0110020184B70B51C6C5A6C1440174A2A
S21403022024F002011164E10705D540F6F32200200D
S2140302301968F9F739FFA2071CD502220F4B1A6477
S214030240A3F500535B68DBB2A3B9FDF791F8044648
S2140302500D460B4ED6F8F433DB060BD5FDF788F8C0
S21403026002460B4620462946FCF736FF652871F101
S2140302700001EFD370BD00BF008002B800A002B833
S214030280000002B870B580260A4C0B4DD4F88430B3
S214030290DB070AD4A36FD4F884201340074A936776
S2140302A070BDFFF7B7FFC5F88461D5F804311A06A9
S2140302B0F7D4EBE7008001B800E100E000A001B846
S2140302C070B514460D4602F072F8064BD3F8C46EAA
S2140302D074402C407440C3F8C44E02F06CF806EA2F
S2140302E0050070BD003000B0034BD3F8C43E9943FD
S2140302F00CBF012000207047003000B01E4BD3F81F
S214030300C43E13F001001ED01C4B93F848001C4A51
S21403031040F08073C2F8CC304FF480131949C1F80B
S214030320B430A1F58051C1F8B830D2F80C31DBB245
S214030330FF2B1FD0984294BF0020012040F6DF32E7
S2140303403C21F9F7B1BE1A06E1D40F4A92F84711D9
S21403035021B1DB0602D592F84401D8E74FF48012A8
S2140303600020084B0649C3F8B820C1F8CC00C3F8F0
S214030370B42070470120E1E7003000B0003F00B032
S214030380004000B8006000B8003E00B053B94AB958
S214030390002908BF00281CBF4FF0FF314FF0FF3085
S2140303A000F082B9ADF1080C6DE904CE00F006F852
S2140303B0DDF804E0DDE9022304B070472DE9F04FD1
S2140303C0099D0C46002B4DD18A420F46844696461D
S2140303D0B2FA82F360D94BB102FA03FEC3F12002EC
S2140303E09F4000FA03FC20FA02F217434FEA1E4628
S2140303F01FFA8EF44FEA1C42B7FBF6F106FB1177A1
S21403040001FB04F042EA0742904208D91EEB0202BF
S21403041001F1FF3702D2904200F231813946121AB7
S2140304201FFA8CFCB2FBF6F006FB102200FB04F46A
S2140304304CEA024C644508D91EEB0C0C00F1FF3263
S21403044002D2644500F21E81104640EA0140ACEB3E
S214030450040C002125B12CFA03F30022C5E900326F
S214030460BDE8F08F8B4205D90DB1C5E90001002127
S2140304700846F5E7B3FA83F100294DD1A342C0F04D
S214030480F380904280F0F080064623460846002D0F
S214030490E6D0C5E90063E3E7002B40F0A3808A1AA1
S2140304A04FEA1E471FFA8EF60121B2FBF7F407FB4D
S2140304B014204FEA1C4242EA004206FB04F0904234
S2140304C00FD91EEB020204F1FF382CBF4FF00109CF
S2140304D04FF00009904203D9B9F1000F00F0CC8029
S2140304E04446121A1FFA8CFCB2FBF7F007FB1022E5
S2140304F000FB06F64CEA024C664508D91EEB0C0CCC
S21403050000F1FF3202D2664500F2B3801046ACEB30
S214030510060C40EA04409DE7C1F120068B4004FA2E
S21403052001FE22FA06F720FA06FCF4408A401F432F
S2140305304EEA0C0300FA01FE4FEA17484FEA134946
S2140305401FFA87FCB4FBF8F008FB104449EA04449E
S21403055000FB0CF9A1450ED93C1900F1FF3A2CBF5C
S2140305604FF0010B4FF0000BA14503D9BBF1000F71
S21403057000F08B805046A4EB09041FFA83F9B4FB02
S214030580F8F308FB134403FB0CFC49EA0444A445B4
S21403059006D93C1903F1FF3801D2A4457BD843465C
S2140305A043EA0040A4EB0C04A0FB02984445CC4667
S2140305B0434602D306D1CE4504D20138B9EB020C2A
S2140305C068EB0703002D6CD0BEEB0C0264EB030450
S2140305D022FA01F304FA06F6CC4000211E43C5E9CD
S2140305E000643DE702FA03FEC3F1200104FA03F2B6
S2140305F000FA03FCCC404FEA1E4720FA01F11FFA2B
S2140306008EF6B4FBF7F00A4307FB1044110C41EADD
S214030610044100FB06F48C420ED91EEB010100F1E7
S214030620FF382CBF4FF001094FF000098C4202D966
S214030630B9F1000F2CD04046091B92B2B1FBF7F478
S21403064007FB141142EA014204FB06F1914207D963
S2140306501EEB020204F1FF3801D291421ED8444633
S214030660521A44EA004120E7861A64EB030301208A
S2140306700DE7F44402384AE7023C724431E7023994
S2140306807244CCE6F4440238DFE602383C4472E7B0
S21403069002387144D0E7023B3C4481E7023C724493
S2140306A0DEE72946DCE600BF704700BF024B0A467A
S2140306B0014618680CF01FBF300C002008B5064B27
S2140306C0044613B10021AFF30080044B1B6803B14B
S2140306D09847204602F094FC00000000AC2A002055
S2140306E0024B0146186800F02DB800BF300C0020FE
S2140306F0024B0146186800F097BA00BF300C002082
S21403070070B50F4E0C460546316811B900F046FA2F
S21403071030602146284600F041FA431C03D14FF0CF
S214030720FF34204670BDC41C24F00304A042F8D056
S214030730211A284600F032FA0130F2D1EFE700BF63
S2140307406C2900202DE9F041CD1C064625F0030553
S21403075008350C2D38BF0C25002D01DBA94204D922
S2140307600C2333600020BDE8F081314F00F062F8BF
S2140307703B681C4644BB29463046FFF7C1FF431C73
S214030780044650D13C682146002941D1002C44D070
S2140307902368304604EB030800F000FA80453CD19A
S2140307A0216830466D1A2946FFF7AAFF013034D078
S2140307B023682B4423603B68002B36D05A68A2423A
S2140307C029D100225A600EE02268521B1DD40B2A40
S2140307D016D96119A342256018BF5960636808BF1C
S2140307E0396062514B60304600F02AF804F10B0082
S2140307F0231D20F00700C21AB5D01B1AA350B2E778
S214030800A3426268DED13A60EDE723466468B1E747
S2140308100C464968B8E71346CEE70C2330463360E8
S21403082000F00EF89EE70560DDE75B60FFDE00BFC5
S2140308307029002001480CF006BF00BFC52D00201C
S21403084001480CF001BF00BFC52D0020002310B5E2
S21403085004468360818119464366C2810822836108
S214030860C0E90033C0E904335C300CF0E3FE0D4B03
S214030870246263620C4BA3620C4BE3620C4B236350
S2140308800C4B9C4206D003F16802944202D0D0334C
S2140308909C4205D104F15800BDE810400CF0D2BECE
S2140308A010BD00BF5BD503007DD50300B5D503009F
S2140308B0D9D5030074290020024A034903480CF0E3
S2140308C02EBE00BF240C0020A1D80300340C002049
S2140308D041680C4B994210B5044601D00CF0E0FF7A
S2140308E0A168094B994202D020460CF0D9FFE16873
S2140308F0064B994204D02046BDE810400CF0D0BF0A
S21403090010BD00BF74290020DC290020442A0020E3
S21403091010B50B4B04210B4C0B4A20461A600022E1
S214030920FFF794FF04F1680001220921FFF78EFF09
S21403093004F1D00002221221BDE81040FFF786BF63
S214030940AC2A002074290020B908030001480CF0E3
S2140309507ABE00BFC62D002001480CF075BE00BF4E
S214030960C62D002010B50446FFF7F0FF236A1BB11F
S214030970BDE81040FFF7F0BF044B2362044B1B682F
S214030980002BF5D1FFF7C4FFF2E700BFD108030041
S214030990AC2A00200FB407B5064904AB086853F821
S2140309A0042B8168019300F089F903B05DF804EB2A
S2140309B004B07047300C00202DE9F7431D46574B13
S2140309C004460E461F68904627B13B6A13B938465D
S2140309D0FFF7C8FFB8F1020F06D0B8F1010F00F217
S2140309E09980002DC0F29680636ED90705D4A3893B
S2140309F09A0502D4A06D0CF026FE214638460CF06C
S214030A004FFF616B41B104F14403994202D038466B
S214030A1000F00AF9002363630023A3616360A389DC
S214030A201B0603D52169384600F0FEF8A389B8F102
S214030A30020F23F44A6323F00303A38160D001ABC0
S214030A406A46214638460CF053FFA3891843A08113
S214030A502DBB009D2846FFF743FE0646002851D1CE
S214030A60DDF80090A9453FD14FF0FF35B4F90C30BF
S214030A7043F00202A2810022A26004F14702226030
S214030A80226101226261626ED60704D4980502D4FD
S214030A90A06D0CF0D9FD284603B0BDE8F083002E08
S214030AA0D8D03B6A13B93846FFF75CFFB8F1010F9D
S214030AB0266002BFA38943F00103A381B4F90C3077
S214030AC013F00802C4E904651ED0D90745BF002207
S214030AD06D42A560A26048BFA561626ED20701D4CD
S214030AE09B0513D50025D6E74846FFF7F9FD0646CE
S214030AF00028B9D0A3894D4643F08003A381D0E7ED
S214030B000025B3E7A946F5E7A260E6E7A06D0CF07B
S214030B109BFDE7E74FF0FF35BDE700BF300C002035
S214030B200B46034902460868816800F0C7B800BF51
S214030B30300C002038B50023054D044608462B60CC
S214030B4002F05CFA431C02D12B6803B1236038BD64
S214030B50B02A002038B50446064D08461146002242
S214030B602A601A4602F054FA431C02D12B6803B1DA
S214030B70236038BDB02A002038B50446064D084623
S214030B80114600222A601A4602F044FA431C02D198
S214030B902B6803B1236038BDB02A002038B5002384
S214030BA0054D044608462B60E4F704FC431C02D1BB
S214030BB02B6803B1236038BDB02A002038B504463D
S214030BC0064D0846114600222A601A4602F030FAFD
S214030BD0431C02D12B6803B1236038BDB02A002022
S214030BE070B50D4D00260D4C641BA410A64209D10A
S214030BF00B4D00260B4C0DF053FC641BA410A642B1
S214030C0005D170BD55F8043B01369847EEE755F815
S214030C10043B01369847F2E71C0F00201C0F002008
S214030C201C0F0020200F002038B50546002941D0B0
S214030C3051F8043C0C1F002BB8BFE418FFF7FAFD6D
S214030C401D4A136833B9636014602846BDE838400C
S214030C50FFF7F6BDA34208D9206821188B4201BFCF
S214030C6019685B6809182160EDE71A465B680BB1E3
S214030C70A342FAD911685018A0420BD12068014448
S214030C80501811608342E0D118685B6808445360CB
S214030C901060DAE702D90C232B60D6E72068211808
S214030CA08B4202BF19685B680918636008BF21603E
S214030CB05460CAE738BD00BF702900202DE9F04F05
S214030CC00D469DB014469846064618B1036A0BB9FE
S214030CD0FFF748FE6B6ED90705D4AB899A0502D495
S214030CE0A86D0CF0B0FCAB891B0701D52B699BB92B
S214030CF02946304600F026FA70B16B6EDC0704D541
S214030D004FF0FF301DB0BDE8F08FAB899805F7D4E0
S214030D10A86D0CF099FCF3E70023CDF80C804FF098
S214030D200109DFF8B481099320238DF82930302395
S214030D308DF82A3023469A4613F8012B0AB1252A42
S214030D40F9D1BAEB040B0BD05B4622462946304654
S214030D500CF09FFC013000F0A780099A5A440992D0
S214030D609AF80030002B00F09F8000234FF0FF32EC
S214030D700AF1010A049307938DF853301A93CDE9C9
S214030D80052354460522544814F8011B0CF04FFE65
S214030D90049AD8B9D10644BF20238DF853301307DD
S214030DA044BF2B238DF853309AF800302A2B15D0E6
S214030DB0079A544600204FF00A0C214611F8013BCF
S214030DC0303B092B4BD9B0B1079214E0A0EB0803D4
S214030DD0A24609FA03F313430493D2E7039B191DB0
S214030DE01B68002B0391BBBF5B4242F002020793D2
S214030DF00793B8BF049223782E2B0AD163782A2B45
S214030E0032D1039B02341A1D1B6843EAE373039231
S214030E100593DFF8D4A00322217850460CF007FE92
S214030E2038B1A0EB0A004022049B013482401343EE
S214030E30049314F8011B062228488DF828100CF09A
S214030E40F6FD00283FD0264B1BBB039B073323F03E
S214030E50070308330393099B3B4409936AE70CFB98
S214030E6002320C460120A8E7002301344FF00A0C97
S214030E7019460593204610F8012B303A092A03D960
S214030E80002BC6D00591C4E70CFB012104460123C1
S214030E90F0E703AB2A4604A930460093114BAFF3A1
S214030EA000800746781CD6D16B6ED90705D4AB896C
S214030EB09A0502D4A86D0CF0C7FBAB895B063FF519
S214030EC01FAF09981EE703AB2A4604A930460093D2
S214030ED0044B00F00BF8E4E7124204001C42040043
S214030EE00000000093D60300184204002DE9FF47D4
S214030EF00F7E914680460C46782F9A460C9E01F14B
S214030F00430207D8622F0AD8002F00F0DD80582F3F
S214030F1000F0C38004F1420684F842703AE0A7F179
S214030F206303152BF6D801A151F823F0850F0300B0
S214030F30990F0300150F0300150F0300150F030089
S214030F40150F0300990F0300150F0300150F030079
S214030F50150F0300150F0300AF100300271003003F
S214030F6067100300150F0300150F0300D1100300CD
S214030F70150F030027100300150F0300150F0300BA
S214030F806F10030033681A1D1B68326004F14206B3
S214030F9084F842300123A8E031682368081D3060D6
S214030FA01E0601D50D6803E05D06FBD5B1F90050BA
S214030FB0002D616878DA2D200029A16084F84300AB
S214030FC02DDA6D425D480A231646B5FBF3F103FBA3
S214030FD01157C75D06F8017D2F460D46BB42F4D96F
S214030FE0082B0BD12368DF0708D52369616899426C
S214030FF0DEBF302306F8013C06F1FF36921B226162
S2140310004B4603AA21464046CDF800A00CF053FBFE
S21403101001306FD14FF0FF3004B0BDE8F08723F006
S21403102004032360CDE721683368080653F8045B9E
S21403103002D4490648BFADB26F2F33603F4814BF92
S2140310400A230823002184F843106668002EA6604E
S214031050BADB216821F004012160002DB4D1002EF3
S214031060B2D11646BCE7236843F0200323607827F3
S2140310703348236884F845701F06316851F8045BCB
S21403108002D45F0648BFADB23160D90744BF43F010
S214031090200323601DB11023D4E72848E9E723681B
S2140310A023F020032360F6E724480A23CDE73368BA
S2140310B02568181D616930602E061B6801D5196006
S2140310C002E06806FBD5198000231646236197E7DE
S2140310D0336800211A1D32601E68626830460CF0C1
S2140310E0A6FC08B1801B606063682361002384F854
S2140310F0433085E72369324649464046D0470130A8
S21403110088D023689B0714D4E068039B9842B8BF33
S214031110184681E70123324649464046D047013008
S2140311203FF478AF0135E36803995B1AAB42F1DC11
S214031130EAE7002504F11906F5E700BF2342040099
S2140311403442040038B5294B05460C46186818B1D6
S214031150036A0BB9FFF706FCB4F90C30190722D45F
S214031160DA0607D409222A6043F040034FF0FF3023
S214031170A38133E0580712D5616B41B104F14403F0
S214031180994202D02846FFF74FFD00236363A389E5
S21403119023F02403A3810023636023692360A389C8
S2140311A043F00803A38123694BB9A38903F420738F
S2140311B0B3F5007F03D0214628460CF0BEFBB4F9F6
S2140311C00C3013F001020AD00022A2606269524278
S2140311D0A261226942B913F08000C5D138BD9907D0
S2140311E058BF6269A260F4E70020F7E7300C0020DE
S2140311F038B50023064D0446084611462B6001F019
S21403120000FF431C02D12B6803B1236038BD00BF27
S214031210B02A002038B50023054D044608462B6047
S21403122001F0F4FE431C02D12B6803B1236038BDE2
S214031230B02A0020094A5168C84390FAA0F048B182
S214031240B0FA80F0042805DC012383400B43536087
S21403125040B270474FF0FF30704700BFDC2A0020D3
S2140312600021034B28220348C3E900110CF0E2B91E
S214031270DC2A0020B42A002038B50546FFF7DAFF3B
S21403128004460448294600EBC4000CF035FC20460F
S21403129038BD00BFB42A0020C3B2042B10B515D83E
S2140312A004230B4A03EBC003134453E8002F0A43FB
S2140312B043E80024002CF8D101220649824051E875
S2140312C0003F134341E800300028F8D110BD00BFAB
S2140312D0B42A0020DC2A0020F7B54FF0040C0126C0
S2140312E00827184A1849194D106800B30B7806FAF0
S2140312F003F420421DD0E04352E8004F044042E886
S214031300004EBEF1000FF7D117FB03C32B4453E87F
S214031310000F43E800E4002CF9D1019048B10878A7
S21403132001AA0B4905EBC0000CF022FC012003B018
S214031330F0BD0B78506883422EBF00230133DBB227
S2140313400B70D1E7DC2A0020C72D0020B42A00202A
S21403135078563412024B1868003818BF01207047BD
S214031360DC2A002010B5044601F028F8074B1B685A
S2140313704BB1DB681B1B002BCCBF0024012401F000
S21403138023F8204610BD1C46F9E700BFF42A0020C8
S21403139038B54FF0FF34054601F010F8084B1A68CD
S2140313A01AB901F011F8204638BDD2E903310B44CF
S2140313B05B1B23F000439C4228BF1C465268EFE7A2
S2140313C0F42A00202DE9F84F0C9F0E461546994641
S2140313D080469DF82CA008B103687BB937B129462F
S2140313E03046B84740F20340BDE8F88F002DF9D0E9
S2140313F0002EF7DB284600F009FCF3E700F0DEFFDB
S2140314008346504600F0F0F90446584600F0DCFFE9
S2140314108CB947B129463046B8470320314600F019
S214031420BBFB1A20E0E7002DF7D0002EF5DB28469D
S21403143000F0ECFBF1E7656100250A9BC4F8008029
S214031440DFF87080C4E90797A660236184F818A0C4
S214031450D8F800306560984709EB000600F0AEFF49
S21403146007461248E6600268114631B1CB689B1BFB
S214031470002B13DBCB689E4210D09DB90C4B6260E9
S21403148004601C682CB1D8F800309847FFF780FF3B
S214031490A047384600F098FF0020A5E74B680D46A6
S2140314A01946E2E76B6863606C60F2E7F42A002093
S2140314B0E42A0020EC2A00202DE9F74F81460D464A
S2140314C092461E4600F07AFF4FF00008DFF874B02D
S2140314D00190DBF800402CB9019803B0BDE8F04F4B
S2140314E000F072BF23684B451CD12DB1A3682A6850
S2140314F023F00043934215D17EB96368B8F1000F19
S21403150013D1CBF800300D4B1F6887B10C4A126815
S2140315109047FFF73DFFB84709E051466069B0477B
S2140315200028EAD0A0466468D5E7C8F804306768A0
S21403153020460CF09DFA3C46CDE700BFE42A002087
S214031540EC2A0020F42A0020014B1860704700BFE5
S214031550E42A002070B50B4B04460E461546197850
S214031560094A0A480CF018FF0023094A242113608D
S214031570084A07201660084A15602246BDE87040F0
S21403158000F0B4B8E02D002045420400C82D00202A
S214031590F42A0020EC2A0020E82A00207FB504461F
S2140315A01846002303930A4B0D461B68164613B9C9
S2140315B0212004B070BD03A998470028F8D10090F5
S2140315C0324629462046039B0CF085FAF1E700BF16
S2140315D0E82A0020F8B5054610200F46164600F008
S2140315E0F7FA0A4B0446187818B1102221460CF075
S2140315F0D6FE44B101230020E3602B68C4E90176DC
S21403160023602C60F8BD1A20FCE700BFC82D00201D
S2140316102DE9F843264FDFF8A880264D3860386852
S214031620FFF7A0FE30B9244B1B689847BDE8F84384
S214031630FFF7AEBE00F0C2FED8F800400646ECB197
S2140316406368C8F800301D4BD3F80090B9F1000F5B
S2140316500CD100F0B9FEA3682C6033F0004311D11F
S21403166028680CF005FA00232B60D8E7124B1B689A
S2140316709847FFF78DFEC8473046EAE700F0A4FE1A
S2140316802C60CCE72368002BEAD018680028E7D044
S214031690A26832F00043E3D0D0E9006963692168A9
S2140316A08068C8470028DBD1002ED9D03046EFE744
S2140316B0F82A0020F02A0020EC2A0020E42A002042
S2140316C0F42A002038B504460D4600F077FE064B94
S2140316D01B683BB1DA6922601B692B60BDE83840A2
S2140316E000F072BE2360F8E7F02A00202DE9F74FDA
S2140316F04FF6FC7700241646DFF884900331DFF8B4
S21403170084B009EB00150F404FEA001ADBF80030EF
S2140317106A80804629F80A7002FB07F0EC60984757
S21403172017FB06F292B2034668602A8108B300925A
S2140317301148124A9BF8041052F8282040440CF033
S2140317402CFE21462A8968680BF074FF214623463F
S2140317509E4206DC0020D144A9F8026003B0BDE82F
S214031760F08F6A68E868541850500133EC603944C7
S214031770EEE71A20F2E700BFC92D00204443040019
S21403178004240020FC2A002070B50B4E044606EB0A
S2140317900015696839B1094B2A89185C0CF0FEFDFF
S2140317A0686800F033FA06EB04101022BDE87040B8
S2140317B000210BF03FBF00BF04240020C92D0020EA
S2140317C0044B19601A7198600201002102480BF05D
S2140317D031BF00BFFC2A002004240020014B185C04
S2140317E0704700BFC92D002070B50A4C060104EBF4
S2140317F00013DD68084B185C18B12946A25B0CF091
S214031800CEFD2DB12B683444E3606388013B6380CF
S214031810284670BD04240020C92D0020024B03EB8C
S21403182000139878704700BF04240020094B10B4B7
S21403183003EB00135A88DC6801320C60D9605A80C7
S214031840054B185C18B15DF8044B0CF0A9BD5DF8A8
S214031850044B704704240020C92D0020044A0101CC
S21403186002EB0013505A10B11B89B3FBF0F070471C
S2140318700424002038B50024154B164D1C70164B57
S21403188020461C60154B2C601C706C60AC60FFF728
S214031890E5FF80B2A0F10E036B80A0F114030130C4
S2140318A068812046EB80FFF799FF04460C4D0146FE
S2140318B00C4A28460CF070FD2146681E0A4A0CF0B6
S2140318C06BFD2146681C094ABDE838400CF064BD30
S2140318D0DE2D0020762B0020202B0020DD2D00207F
S2140318E0DB2D002088430400914304009B4304003F
S2140318F070B5044680B300F061FD637905466FF367
S21403190082036371237913F0100605D01023237125
S214031910BDE8704000F058BD104903F0030331F8EA
S21403192023203046013A21F823202146FFF77EFF85
S2140319300B4B0C4E1C681CB90A4B28461C70E7E779
S214031940237A1BB933781BB92468F4E7012BFBD140
S214031950204663689847F7E770BD00BF762B0020E4
S214031960202B0020DE2D002010B5044600F026FDB7
S214031970034B1A6822601C60BDE8104000F024BDCB
S214031980202B002010B5064B00F0E0001A78541CFC
S2140319901C70044B03F8320003EBC203596010BDFE
S2140319A0DD2D0020082B00202DE9F04F04464607C6
S2140319B089B048BF00F0F7040492029100F0FEFCE1
S2140319C0614F04F0030607EB860337F826205B888F
S2140319D081469A4204F0EF0A4FEA860831D2002085
S2140319E0FFF702FF054640B337F826304846013373
S2140319F027F8263000F0E8FC28460CF03CFB029B58
S214031A00029AAB71049B85F804A01344EB7100F0B3
S214031A10D5FC07464D4B1C68002C40F08C8038469E
S214031A2000F0D2FC4A4B985D18B1452229460CF0CB
S214031A30B6FC284609B0BDE8F08F01224846454B60
S214031A401A7000F0C1FC25071DD51F2C1BD904F006
S214031A50E003039300F0B2FC07EB08035B8837F858
S214031A6026804FF0000B98452CBF00230123DFF898
S214031A70EC90019300F0A8FC07EB86030593364B26
S214031A801B789B4508D384F004005146C0F38000BE
S214031A9000F082F80025C5E799F80030039A1A4249
S214031AA004D0D9F80480D8F8003023B90BF1010B21
S214031AB009F10809E3E707935A79D00708D51A7995
S214031AC0510705D5019941B98AEA0202920704D063
S214031AD098461B68002BEFD1E5E740460CF031F93A
S214031AE00579079007A80CF00EF92946002000F0A8
S214031AF053F800F063FC059B37F826205B88054601
S214031B009A4234BF01230023019309D20020FFF732
S214031B106BFE079058B137F82630013327F8263086
S214031B20284600F051FC079D002DBCD064E7012237
S214031B30084B1A70F4E7237A012B02D12046636818
S214031B409847246868E700BF762B0020202B0020E8
S214031B50DA2D0020DE2D0020DD2D0020082B0020AE
S214031B600022014B1A607047242B002010B5044650
S214031B7000F024FC074A13682BB914602360BDE801
S214031B80104000F021BCA34202D01A461B68F3E7BC
S214031B9010BD00BF242B002070B505460E46054B2E
S214031BA01C6804B970BD63683146284698472468A4
S214031BB0F7E700BF242B0020024B034A197803489B
S214031BC00CF0EABBDF2D0020A8430400E02D002024
S214031BD038B5C41C24F00304204601F0F4FB0A4B7A
S214031BE00546187818B1224629460CF0D8FB2DB9BD
S214031BF021460220FFF7D0FF284638BD22460021A3
S214031C0028460BF017FDF7E7E02D002010B5044635
S214031C1028B1054B187810B121460CF0C1FB2046BD
S214031C20BDE8104001F0EDBBE02D002010B5064CDA
S214031C30237823B9E9F774F818B901232370002031
S214031C4010BD40F20740FBE7E12D002038B50B4BF3
S214031C5004461B780D464BB121462846E8F780FF1D
S214031C60002840F2074008BF002038BD0449054855
S214031C70FFF7DCFF0028EFD0F7E700BFE12D0020D9
S214031C80EFBEADDEBEBAFECA406800B97047436811
S214031C908B4201D00068F8E70120704700207047A8
S214031CA008B5E0F75BFC042008BD08B5E0F7AEFC1A
S214031CB0042008BD08B53030E0F700FD042008BD59
S214031CC008B5E0F75DFD042008BD08B5E0F7B0FDF4
S214031CD0042008BD0020704708B501F05AFBE1F761
S214031CE099FF01F063FBE1F7EBFFE7F7D1FDF8E7B8
S214031CF0EEF76CBF08B5E8F71FFDBDE80840F1F73F
S214031D001BB810B50446E2F7ABFE2046E2F73AFCF2
S214031D102046E2F71BFA10BD0120704700B5C3B09A
S214031D20EEF7E6FE05F0A9FE48B1FFF7F5FF30B182
S214031D3001A806F071FD10B901A8FFF7E2FF43B052
S214031D405DF804FB00F09FB808B5E3F795FBE3F7EF
S214031D50A7FEE2F725FEE2F735FEBDE8084000F0F1
S214031D60E6B808B500F08DF8E8F7A0F9E7F724F928
S214031D7000F050FFE7F72CFBE8F7D2FF00F0D3FFA5
S214031D80BDE80840E2F7F2BD08B5E5F7F1FA00F062
S214031D90A6FBBDE80840FFF7ADBF08B5E2F730FF86
S214031DA0BDE80840E3F70EB8704708B5E2F77CFFD6
S214031DB0BDE80840E3F72AB9FFF7B0BF7047E2F77C
S214031DC0E3BD0120704738B5E2F7B0FF0446E3F7FA
S214031DD057F9051E18BF2546EEF7B2FE041E18BFB8
S214031DE02C46E2F7BDFB002818BF204638BD38B5A1
S214031DF0E7F776FE0446E2F7ADFF042825D002286F
S214031E004FF0000508BF0124E3F730F904281ED07D
S214031E10022808BF012405F072FE042819D0022800
S214031E2008BF0124E2F7B6FD042814D0022808BF31
S214031E300124FFF7C6FF04280FD0022808BF012499
S214031E40002D18BF0024204638BD0125DCE70125F8
S214031E50E1E70125E6E70125EBE70024F3E782B097
S214031E6002AB03E90300012002B0704770477047D6
S214031E70042208B5114601230020E4F707FF0020DB
S214031E8008BDFFF7F5BF042208B500231146184620
S214031E90E4F7FCFE002008BD08B501213A20E4F76C
S214031EA09FF8FFF74FFFBDE80840E3F7F1B80121BD
S214031EB03A20E4F795B870B5002506462C46052C5F
S214031EC020D8DFE804F003070B0F13175B21082065
S214031ED0E3F732FB0C210820E3F72EFBD121082081
S214031EE0E3F72AFB80210820E3F726FB00210820DE
S214031EF0E3F722FB6C1C2946E4B208202546E3F7E9
S214031F001BFB0624A4F10E03012B05D85A21082037
S214031F10E3F712FB0134D2E7102C05D1BDE870407D
S214031F205D210820E3F708BBB31F195DEFE708B58B
S214031F30082000F0B1F8BDE80840082000F0B7B864
S214031F40012307B520F07F4040EA81700190684680
S214031F508DF80030FFF7AFFF03B05DF804FBFEE734
S214031F6010B53AB1002350F8234041F8234001331B
S214031F709A42F8D110BD002070474FF400407047D6
S214031F804FF47A70704700230360704703680B6052
S214031F9001607047036803B970478B4202D10B6830
S214031FA0036070471846F5E7436803B118472220D5
S214031FB07047436903B11847FF20704710B40A6897
S214031FC008461378022B13D014213023147913FBFD
S214031FD0041303F1A04303F570331B685179CB4018
S214031FE0DB4303F0010313705DF8044BE2F714BE02
S214031FF05DF8044B704703681878704702681378D7
S214032000022B27D014213023107913FB001303F17E
S214032010A04303F5703351791B68CB40917903F0E5
S2140320200103012912D1508843EA40034FF6E070BA
S21403203063F03F039BB2834202D111705380704713
S2140320404FF6DF718B42F9D10021F6E711B983F021
S21403205001031370704703681A78022A03D100221B
S2140320605A80E3F7B7B9704713B504682378022B91
S21403207010D0A379022B0BD100216079E3F728FD5A
S2140320800023627920791146CDE90033E4F7A4FDF5
S2140320900223237002B010BD4FF060420123D2F832
S2140320A0001E83400B430020C2F8003E70474FF0EB
S2140320B060410122D1F8003E824023EA0203002059
S2140320C0C1F8003E7047D0E90003184783680068EC
S2140320D01847C3680068184703690068184710B5AF
S2140320E0044601213A20E3F77BFFA3782078B3FA6E
S2140320F083F3042261785B09E4F7C8FD002010BD72
S2140321000122417803788A4030214B4343F2100181
S21403211003F1A04303F570335A5070471021302360
S2140321200246007813FB001303F1A04303F5703354
S2140321301B685178CB4003F0010093780BB980F00D
S2140321400100704710B588B004460E9800920790B9
S2140321500D98224606909DF8300005900B98049043
S2140321609DF8280003900020CDE901300B4601219D
S214032170E3F72CFA08B010BD704713B5044601A860
S214032180E4F75EFF9DF8063023804FF48073638088
S214032190E4F776FF6060002002B010BDE4F7D6BE19
S2140321A008B5E4F7C3FE002008BD10B5044644EAAC
S2140321B0010313F00303084609D1934201D100201B
S2140321C010BD54F8231040F823100133F5E72146D9
S2140321D092000BF03AFAF2E70A4601390144E7F7B0
S2140321E059B908B5E3F78AF8BDE808400021E3F7D4
S2140321F0D1BE1FB5002380280446019371D02AD888
S214032200002872D0A0F12004412C32D8412C30D8BB
S214032210DFE804F06B6E6B6E7E7E7E7E6E6E883CB1
S2140322209E623C6E6E6E2F2F2F2F2F2F83546E6E53
S2140322306EA8A36E2F2F2F2F2F2F2F2F2F2F2F2F3B
S2140322402F6B2F6B6B6B7E2F2F2F2F2F2F2F2F2F57
S2140322502F2F2F2F6B6BB0F5806F59D021D8B0F589
S214032260007F50D008D8B0F5807F60D0B0F5C07F2F
S2140322703BD0019804B010BDB0F5607F43D0F8D8CA
S214032280B0F5207F34D0B0F5407FF2D1E3F724F8E1
S21403229002464FF42070E3F753FEB2FBF0F2520807
S2140322A02FE0B0F5C06F53D00DD8B0F5A06F34D083
S2140322B0B0F5B06F36D0B0F5906FDAD1002101A833
S2140322C0E3F742FDD5E7B0F5E06F46D0B0F5F06F23
S2140322D048D0B0F5D06FCCD1002101A8E3F78CFD30
S2140322E0C7E7E2F7DFFF0190C3E7E2F7F5FFFAE798
S2140322F0E2F7F2FF02464FF42070E3F721FEB2FB4B
S214032300F0F20192B5E7E2F7CDFF02462046F4E786
S214032310002101A8E3F7D2FCABE7002101A8E3F70D
S214032320DFFDA6E7002101A8E3F7ECFCA1E7029393
S2140323304FF0E0231B695B0705D5E2F7CDFF02905C
S214032340029B019395E703A902A8E3F731FDF7E79C
S214032350002101A8E3F72CFD8BE7002101A8E3F792
S21403236077FD86E7002101A8E3F796FD81E70029BC
S214032370CCBF01210021E3F70DBE02214FF42070EC
S214032380E4F7D4B810B5E2F7A7FF0446E3F78AFCF0
S214032390C0F102012046FFF7EAFF01210020E4F71F
S2140323A055FAE4F729F9BDE81040E3F739BEEFF331
S2140323B0108072B6704700B962B67047EFF31180AB
S2140323C0302383F31188704780F311887047704772
S2140323D070470020E4F73AB90120E4F737B97047AD
S2140323E0C36C0B42FCD1704708B543680246DB0753
S2140323F014D50A2350210363FFF7F2FF136C9907E2
S214032400FCD1936A012110469362FFF7E9FF136C30
S2140324101B0604D4012302F50052536008BD536B18
S214032420F5E738B50C460121024600F5805359609E
S21403243004F00F0540F2FF71FFF7D2FF7821056322
S214032440FFF7CEFF04F00103610748BF43F0020322
S214032450116C01F003019942FAD138BD09B9FFF7AF
S214032460C3BFFFF7DEBF036C5B06FCD5C1637047D3
S2140324700022E4F7F7BAFFF7FBBF70B5054614462C
S2140324800E46FFF794FF2B685C4034405C402C609C
S214032490BDE87040FFF78FBF70474FF0B0435A68F0
S2140324A012B19A6A002AFAD1704738B5054614461F
S2140324B021B94FF42070FFF79CFE014601396400F2
S2140324C0B1FBF4F10902E96138BD83695A06FCD50C
S2140324D0C16383699B06FCD5406AC0B27047F8F7B0
S2140324E067B90020704713B51AB10024009400F0B2
S2140324F0F4F802B010BDF0B58DB005AC84E8070063
S2140325001C46A1420D4628BF2546129B0DB304B3B5
S21403251011462846002603F53813CDE90A468DE80A
S214032520030003F241135F02C5EB432309930295AD
S2140325300CAA059B12E90700069500F057FAA54278
S21403254007D23146621B381B0DB0BDE8F04000F0E1
S2140325504BBA0DB0F0BD30B591B001AC84E80700BE
S2140325601C461346DA0049BF029A6200033222F081
S2140325700302014604A8FFF7B6FF04A800F0C2F85A
S2140325801499224601F5381101F241114D0208A8AB
S214032590C4EB41210023FFF7A6FF05F500710023D6
S2140325A02246091B0CA8FFF79EFF0CA800F0AAF80A
S2140325B008A904A800F086F811B030BD70B590B035
S2140325C001AC84E807001C461499164601F5381139
S2140325D001F2411122464D0208A8C4EB4121002313
S2140325E0FFF781FF05F5007122460023091B0CA89F
S2140325F0FFF779FF0CA800F085F8F30048BF029AAE
S214032600334648BF033201994CBF22F003026200EF
S21403261004A8FFF768FF04A800F074F804A908A844
S21403262000F050F810B070BD10B58CB005AC84E85F
S21403263007000E9ADDE9060102F5381202F5A072CC
S2140326405202CDE9092300228DE803000B92029380
S2140326500CAA059B12E9070000F0C8F90CB010BDE0
S2140326602DE9F04B4FF000089946074616464546B7
S2140326708AB003AC84E8070002F0805B07AC049AD8
S214032680424502D80AB0BDE8F08B139B13B9AA1EC5
S214032690012A0AD9129BCDE90779099600955BB101
S2140326A094E807004B46FFF726FFBBF1000F00D167
S2140326B04F440135C844E2E74B4694E80700FFF76A
S2140326C0B3FFF2E708B5E4F735FFE4F769FFE4F78D
S2140326D071FFBDE80840E4F781BF10B5044622F059
S2140326E07042103060602160A26039B1A26803F0C6
S2140326F070431343A360029BE36010BDA36843F0DB
S2140327008043F7E701234360C36843F02003C360B5
S214032710836843F000538360704737B515464A68AD
S21403272004463AB18C680093096845EA0403FFF748
S214032730D4FF0446204603B030BD2DE9F04FD3B096
S214032740CDE90123DDE95D7BDDE95FA90023039085
S214032750042003ACCDE9050307C907AB83E80700EC
S21403276021461846619E0494E4F74CFF80460028F1
S21403277040F0B3805C9A0AAB07CADBF8045083E8E0
S2140327800700DAF804304C421D44D9F804306D4291
S2140327905B420093BB6805F00F05DA0048BF7B6811
S2140327A004F00F0442BF033323F003037B60B368D4
S2140327B0DB0041BF7368033323F003037360002316
S2140327C0DBF80400DAF80420CDE915338118294430
S2140327D0CDE90E1379680D93494201F00F01CDE957
S2140327E0103171681293494201F00F01CDE913319C
S2140327F0CDE9173319935C9B5B684BB9D9F8043062
S2140328001343184301BF1024CDE90B4016AB0A93BC
S21403281011234FF0005204A932A8FFF77EFF40F6BB
S21403282011034FF0005207A9FFF777FF42F6110393
S2140328304FF000520299FFF770FF44F611034FF072
S21403284000520199FFF769FF412300225946FFF71B
S21403285064FF2B024FF00052514643F04103FFF74B
S2140328605CFF23024FF0005243F001030AA9FFF76F
S21403287054FF009B4FF000521B0203F4706349465B
S21403288043F00103FFF749FF1038FFF73BFF002330
S2140328900DA91A461AA8FFF740FF002339461A4621
S2140328A0FFF73BFF002310A91A46FFF736FF002366
S2140328B031461A46FFF731FF002313A91A46FFF7DE
S2140328C02CFF002362991A46FFF727FF1038FFF7FD
S2140328D019FF1AA932A8FFF7F5FE404653B0BDE824
S2140328E0F08F084611461A465B68102B01D1E4F7B1
S2140328F011BF0720704782B000B589B00DF1200CD8
S21403290020290CE907000B9312D8DDE90E0102AB70
S21403291083E803005CE902018DE803000BAA059B2C
S21403292007CA00F0EAF809B05DF804EB02B0704796
S2140329300120F8E782B070B586B00B93119B03AD08
S214032940202B85E807003CD80C9AB2EB430F3AD10C
S2140329500F9EB34237D106225A438A4203D003EB73
S21403296083038B422FD1012231462220129BE4F7A8
S21403297023FD0446F8B90123CDE9003395E80700A3
S2140329800E253346FFF76CFE00950EAA07CA33469C
S214032990FFF7B1FD2346062229460220E4F7F8FC9A
S2140329A0E4F726FD0623044678B900930BAA3346BC
S2140329B007CAFFF703FE204606B0BDE8704002B024
S2140329C070470124F7E70724F5E71C46F3E70346B9
S2140329D010461944CA1A012A00D5704711F8012D6A
S2140329E002440A701012F5E70AF024BE82B02DE9FD
S2140329F0F0438BB005AE86E80700079D1F4615F02B
S214032A00804513938046DDE914328946169C16D119
S214032A108C4228BF0C46D20016D584B10F2C1AD888
S214032A20A9EB0502042A3B6828BF042208EB05002D
S214032A3009A9043509930AF008FEAC42F0D80BB096
S214032A40BDE8F04302B070479C4228BF1C46002CEA
S214032A50F5D00F2C13D9DDE914018DE80300029499
S214032A60139B96E80700E4F76DFDE4F799FDE4F79A
S214032A70A1FD0BB0BDE8F04302B0E4F7AFBD2246BC
S214032A8039460BB0BDE8F04302B00AF0DEBD82B0B3
S214032A9070B586B00E9E0B930C9B03ADB3EB460F3F
S214032AA085E8070027D10122314626200F9BE4F74D
S214032AB083FC0446C8B90123CDE9003395E8070033
S214032AC006253346FFF7CCFD00950BAA07CA334607
S214032AD0FFF741FD2346224621462846E4F758FCE5
S214032AE0E4F786FC041E18BF0524204606B0BDE89E
S214032AF0704002B070470724F7E782B02DE9F04F25
S214032B0089B01D461393149B01AC8B4284E80700DF
S214032B1006460C4605D0072009B0BDE8F04F02B0C4
S214032B2070476B1813F8013CDB07F4D50027EB5D01
S214032B30B3B34FF0FF084FEA480111EA030A5FFAFE
S214032B4081F8F8D13A46514606EB07093046E71BAB
S214032B500AF070FD04F1FF3BCDE9067ACDF8149038
S214032B600DF1140A9AE80E00DDE91607B8470021AE
S214032B7001278C46084699F8003023EA080389F8AB
S214032B800030A1420ED1BCF1000FC4D00028E9D119
S214032B90002FE7D101223046FFF719FF3846BBE77F
S214032BA00137C4E76A5C735C8B4508BF02F0FE021C
S214032BB0A2EB030E5FEA1E2E07F0010E08BF4FF0CE
S214032BC0000E5340013B1B0A07F0010740EA0E00C4
S214032BD008BF00270131002A18BF4CF0010CD0E7CC
S214032BE008B5E4F71FFC10F00E03FAD0022BF8D05A
S214032BF010F4806018BF062008BD10B50446E4F73D
S214032C0035FC2046E4F77EFE18B9BDE81040E4F72D
S214032C10E5BE10BDFFF765BCF0B5154649228FB07B
S214032C20149C8DF8242004F10C060DF1250254F8AB
S214032C30047BB44242F8047BF9D1247814704FF431
S214032C408074ADF834409DF8544000228DF8364029
S214032C5004240694169CCDE90015059413240494C5
S214032C6009ACCDE902340B4611468DF832208DF8B7
S214032C703350E4F70FFF0FB0F0BD30B5C02A93B062
S214032C802FD0B2F5807F29D0802A2CD14FF48074C0
S214032C9080F001002043019016980125029010242D
S214032CA02120039504940590069301AB0795089499
S214032CB009900A9306AB0B9304230C9311230D93ED
S214032CC00AAB0E910F9340F61103D20802A90EA881
S214032CD010921193E4F7AEFE13B030BD4FF4827436
S214032CE0D6E70F20F8E72920F6E71FB5079C0294DE
S214032CF09DF81840CDE9003413460A4601460020E5
S214032D00FFF78AFF04B010BD1FB5079C02949DF819
S214032D101840CDE9003413460A4601460120FFF762
S214032D207BFF04B010BD08B5E5F708F8BDE808401A
S214032D30E5F738B810B50446FFF739FB4FF0A8435C
S214032D401A6822601B696360FFF735FB002010BD1D
S214032D5010B50446FFF72BFB4FF0A84322681A6012
S214032D6062681A61FFF727FB002010BD70B50646A0
S214032D700D4614468CB0CAB11022002108A80AF0EA
S214032D8059FC002207AB029305AB019306AB0093F5
S214032D903046294608ABCDE90522E5F761F818B9B0
S214032DA0099B6360059B23600CB070BD6FF08600C3
S214032DB0FAE770B505460E46E4F7FAFF044648B947
S214032DC031462846E5F768FA044628B1E4F7FCFDE1
S214032DD0E4F7FAFF204670BDBDE87040E4F7F4BFA1
S214032DE010B5436A8AB0041DCDE901430023CDE93B
S214032DF0052310223C30CDE90331CDE908230790A3
S214032E00E4F7D6FF60B907AB1A4604A901A8E4F7AE
S214032E1059FC0446E4F7D8FF002C18BF6FF0920065
S214032E200AB010BDE5F7EABD08B528B14C2200216B
S214032E300AF000FC002008BD6FF08600FBE70020C8
S214032E40704738B51C4600230846236011461546CE
S214032E50FFF7AFFF00B9256038BD08B50120E3F7DB
S214032E6025FB002008BD70B50C46154610B9E5F7DE
S214032E7035FF38B143682BB12A462146BDE870407A
S214032E8000681847232070BDF7B50D4616461C4646
S214032E9048B103B901AC87685FB123463246294679
S214032EA00068B84706E0E5F719FF04B901AC002847
S214032EB0F1D1232003B0F0BDF8B50C4615460646FF
S214032EC058B9E5F70BFF20462946FDF729FE0446C9
S214032ED0002CD4BF37200020F8BDE5F7FFFE86425E
S214032EE00746F0D03046E5F7EDFE29462046FDF7C7
S214032EF017FE04463846E5F7E5FEE9E70EB403B5E4
S214032F0003AA52F8041B0192FFF7D6FF02B05DF83E
S214032F1004EB03B0704710B50446FFF748FA0421E4
S214032F20236CBDE810401A6C12F0800F03F5805234
S214032F3004BF03F5005359644FF0040318BF5164EC
S214032F409364FFF738BA08B5006CFFF78CFA0020D5
S214032F5008BD0122036C19B103F580539A647047C8
S214032F6003F500539A645A64704770B50468236C7B
S214032F705A6CD10709D5012103F5005251641B6C25
S214032F809A0602D5204600F022F9206C436C5B07B4
S214032F900AD5042500F5005384F83C505D64227E70
S214032FA01AB99D640123237670BD627E002AFBD086
S214032FB094F82D2002B30026132184F83560FFF71A
S214032FC052FA236C03F5805295645B6BDBB2112BCC
S214032FD00DD1012384F834303022237A534303F18E
S214032FE0A04303F58023DB6E013B2363DCE7132B4F
S214032FF0DAD184F83460EFE79D64D5E700207047A4
S214033000FEE74FF4005300204B60704701207047E3
S2140330100020704707B5002001AB0190FFF734FF8F
S2140330200198002808BF4FF0FF3003B05DF804FB9B
S21403303010B514460020FFF716FF204610BD0346C2
S21403304070B190F8382090F83C002AB1022803D1DA
S214033050012283F83C20704704284FF00102F8D081
S2140330600120704780F82C10704790F82C007047AA
S21403307090F8390070473022037A534303F1A04394
S21403308003F58023D96ED0E903231344994214BF72
S214033090084610467047F8B504460D4690F8393092
S2140330A081B173B990F83A60FFF781F905460121BB
S2140330B03046E6F727FB2846FFF77DF9012384F819
S2140330C03930F8BD002BFCD090F83A70FFF76FF953
S2140330D0064629463846E6F715FB3046FFF76BF9F2
S2140330E084F83950EDE72DE9F843044616460D46B5
S2140330F090F82C80FFF762F994F8382003469AB1CB
S214033100FFF762F994F83B90FFF751F90746012160
S2140331104846E6F7F7FA3846FFF74DF9FFF74EF954
S2140331200022034684F838201846FFF74DF92E444C
S214033130B54204D101212046236A98473DE094F81E
S2140331402D302BB3FFF73AF9237E0746EBB1204623
S214033150FFF791FFE1680138884238BF2069D4F849
S21403316030C03CBF00F1FF30401803469C450BD0EF
S21403317013F80129112A01D0132A21D1A2F1110330
S2140331805A425A4184F8342020633846FFF71CF924
S21403319094F83430002BCBD0B8F1000F06D02B7840
S2140331A00A2B03D10D212046E36998472046E3699D
S2140331B015F8011B98470028BAD00020BDE8F8830D
S2140331C0994282BF236903F1FF335B18CEE7F8B554
S2140331D090F83830044603F0FF06A3B93146036A75
S2140331E09847012384F8383094F83B70FFF7DFF8EC
S2140331F0054631463846E6F785FA2846FFF7DBF8F4
S214033200022384F83C30F8BD08B5E6F7A5F908BDF7
S21403321010B5FFF7CCF80446E6F7EAF92046BDE812
S2140332201040FFF7C8B87047012070474FF4C870C6
S214033230E6F71EBB70472DE9FF410D4616461F46AF
S2140332400446A8B14FF00008C0F81C80E6F768FFF4
S214033250BDF82C30424602939DF828302946CDE926
S214033260007320463346E6F7C1FE04B0BDE8F0819E
S2140332702220FAE7F0B50D4616461F46044685B0EB
S21403328090B10023C361E6F74BFFBDF82C302A4606
S21403329002939DF828302946CDE90073204633462D
S2140332A0E6F7A4FE05B0F0BD2220FBE7F0B51F4607
S2140332B0002387B00D46164604468DF81730A8B18E
S2140332C0C3610DF11701E6F75BFF9DF817207AB986
S2140332D0BDF83430294602939DF830302046CDE9B8
S2140332E000733346E6F782FE07B0F0BD2220FBE705
S2140332F00320F9E7F0B51F46002387B00D461646B0
S21403330004468DF81730B0B1C3610DF11701E6F727
S21403331037FF9DF8173083B9BDF834302A46029339
S2140333209DF830302946CDE9007320463346E6F74C
S2140333305DFE07B0F0BD2220FBE70220F9E738B5B3
S214033340FFF73CF8054600F008F804462846FFF762
S2140333503BF8204638BD00F019B84FF0B0439A6AE0
S2140333601207FCD4186A70474FF0B04301285B6914
S21403337004D0022805D1C3F38010704703F0010080
S2140333807047002070473E20FEF733BF3E20E2F72B
S2140333900DBF08B5E1F75AFAFEF7D6FCFEF7E1FCD7
S2140333A0FEF7F2FCBDE80840FEF7F7BC08B5FEF7EB
S2140333B0FBFCFEF7FAFCFEF7FFFCBDE80840FEF751
S2140333C0FDBCE1F7DFBF38B50446FEF7F0FF054660
S2140333D02046FDF785F904462846FEF7ECFF20460F
S2140333E038BD70B504460E46FEF7E1FF3146054686
S2140333F02046FDF75BF904462846FEF7DCFF204629
S21403340070BD38B50546FEF7D2FF04462846FDF7DD
S2140334106FF92046BDE83840FEF7CDBF10B5044629
S21403342008B1E7F795F92046BDE81040FFF7E9BF76
S21403343000F4E040B0F5805F04D0A0F50053584296
S2140334405841704701207047F0B59E4600F0FE4392
S214033450B3F1106F06460F46944691B003D06FF053
S214033460850011B0F0BD20F01F6121F47021002902
S214033470F5D13D4607ACCDE90E110FCD0FC495E847
S214033480070084E80700D7E909230899090AE6D163
S2140334901899304604911799CDF800C003911699F0
S2140334A0CDE901E107A9E4F7EFFFDAE73AB100292E
S2140334B018BF00232121D21A18440AF0BBB870475C
S2140334C038B5037904460D463BB9A3680221204666
S2140334D02B6000F0D0FD38B938BDD0E9091200F0F2
S2140334E060FE0028F1D0F7E700232B60F4E72DE910
S2140334F0F04F9946002393B08DF81F301F9B9046DC
S214033500DDE91CA6002B0D460B460CBF4FF40062EC
S2140335104FF4806208A91E9FE7F742FA044668BB89
S214033520DDF820B009ACDC46CDE91000BCE80F009E
S2140335300FC49CE8070084E807002846BDF824105B
S2140335400DF11F02E7F79CFA0446B8B99DF81F3041
S214033550B34223D8DBE909120A98000A21D1CDE940
S2140335600337CDE9019A2B46CDF8008009A8E5F785
S214033570DDF910F1860F044600D000B13E603246F6
S214033580214650463B68FFF791FF089800F0B0FDD0
S214033590002C18BF204613B0BDE8F08F6FF08904E7
S2140335A0ECE76FF08604E9E700232DE9F341D0E961
S2140335B0016804460F4630461146136000F0C2FD0C
S2140335C0054688B9304600F0BFFD054660B9F6B239
S2140335D076B9B8F1000F05D1E36823F47F4323F0EF
S2140335E0030363B16FF08605284602B0BDE8F08199
S2140335F00146A06800F02EFD0028EDD1F2E74FF655
S214033600F87362889A421ED8238B012BEAD8394670
S21403361001A8E7F7EBFB05460028E5D10FCC3F688A
S2140336203E460FC694E807003B7986E807000BB9C9
S214033630019BBB603B8B012123F0010338463B8390
S21403364000F019FDD0E76FF08505CDE741F20523BD
S21403365098421AD8B0F5905F09D241F20103984216
S2140336600CD0B0F5885F09D06FF08500704729232A
S214033670A0F5905080B2C340DB07F5D511F0070FD5
S2140336800CBF00206FF086007047B0F5105FEBD1DB
S21403369021F04003802B06D0B1F5807F0CBF0020BD
S2140336A06FF0860070470020704770B5446A054681
S2140336B00E463CB90120FFF794FE686228B1204607
S2140336C0AE6270BD6FF08A00FBE76FF08C00F8E720
S2140336D0F8B50F46114606461546FFF7E6FF0446BD
S2140336E020B92A463946706A09F0AFFF2046F8BD6E
S2140336F02DE9F041089D88461F46048802B32046FC
S214033700FFF796FEE0B12B680BB9D3002B6020467B
S2140337102968FFF79BFF044678B9CE1DB2EBD60F98
S21403372011D1069B9A4211D84146384609F08DFFBF
S2140337302B68079A0733DB0813602046BDE8F08141
S2140337406FF08504F9E76FF08604F6E76FF08904F7
S214033750F3E72DE9F04F476885B03F0A0446DDE9F5
S2140337600E9A0D4616469846DDF840B015D1CDE9BB
S21403377001ABCDF80090E5F711F810F1860F0ED1E6
S2140337804346324629462046CDE90FABCDF838905E
S21403379005B0BDE8F04FFFF7ABBF6FF0860005B08E
S2140337A0BDE8F08F10B50446406A10B1A16AFFF772
S2140337B035FE0020C4E9090010BD38B50546FFF7FD
S2140337C0F1FF95F820300446043B012B0CD8EB6937
S2140337D0002B0CBF04466FF096042C2200212846CB
S2140337E009F028FF204638BD6FF09604F5E710B5BC
S2140337F0044638B1042100F03EFC2046BDE81040E4
S214033800FFF7DBBF10BD38B590F820300546052B13
S21403381016D10479FF2C07D1FFF7CFFF041E08BF8C
S2140338206FF08404204638BD1CB1806800F09EFC0F
S21403383004462846FFF7C1FF002818BF0446F1E7F1
S2140338406FF08804EEE707B558B1012201A9E7F740
S21403385009FB30B9019800F046FC28B10198FFF740
S214033860D2FF03B05DF804FB6FF09900F9E7F7B5F4
S214033870044608460E4600F043FB002320461A463D
S21403388001A9E7F78DF878B9019F34463D460FCD79
S2140338900FC495E8070084E80700338B384603F027
S2140338A00103338300F024FC03B0F0BD70B5144667
S2140338B002881D461046049EFFF7BAFD68B944F217
S2140338C0010322F44050984207D002F44F42B2F567
S2140338D0824F02D0B2F5844F0ED1B4420FD822469F
S2140338E0284609F0B2FE0021321B281909F0A2FE71
S2140338F00020059B1C6070BD6FF08500FBE76FF032
S2140339008900F8E72DE9F0438946984617468DB0B7
S2140339107AB300230122C8F8003002A9E7F740F87B
S2140339200446A0B9029E03AC3546CDE90A000FCD86
S2140339300FC495E80700049B84E80700D6E909123C
S2140339401B0A08D0304600F0D3FB6FF086042046EF
S2140339500DB0BDE8F0834B46CDE9007803A8FFF72A
S214033960A5FF0446304600F0C3FB002C08BF044600
S214033970EDE76FF08904EAE770B514460288049D04
S21403398002F4E040B0F5804F1CD144F2010022F46B
S2140339904056864207D002F44F42B2F5824F02D019
S2140339A0B2F5844F0ED1AC420FD81846224609F022
S2140339B04CFE00212A1B204409F03CFE0020059BF8
S2140339C01C6070BD6FF08500FBE76FF08900F8E7B9
S2140339D02DE9F0438946984617468DB07AB30023FF
S2140339E002A91A46C8F80030E6F7DAFF044640B9DB
S2140339F0029E33885B0408D4304600F079FB6FF0F0
S214033A00860420460DB0BDE8F083354603ACCDE909
S214033A100A000FCD0FC495E8070084E80700CDE938
S214033A2000784B46D6E9091203A800F0F1FA0446DB
S214033A30029800F05DFB002C08BF0446E1E76FF038
S214033A408904DEE72DE9F0411F46002388B00546CA
S214033A5088461646CDE905333B60002A54D0B2F1BA
S214033A60005F54D206AA05A9FFF79EFD0446A0B937
S214033A700598436AABB1059B41465A882846079288
S214033A8007AA029203F1280201929A6A00925B6ADD
S214033A903246FFF75EFE044680B10598FFF7A7FEA1
S214033AA028E06B681B0A02D06FF08604F5E7314600
S214033AB0FFF7FBFD04460028DDD0EEE70598079BDD
S214033AC04288DAB943804FF6F872934219D82B88A6
S214033AD013B102889A42E7D12B6A002BE4D16B8894
S214033AE013B142889A42DFD13946FFF7E9FC044610
S214033AF00028D2D1204608B0BDE8F0819A42D3D13F
S214033B00E1E76FF08504C8E76FF08604F2E76FF02D
S214033B108504EFE710B50446006868B106280CD1A3
S214033B2004F10800FFF780F900232360A38823F439
S214033B30FF7323F00103A38010BD6FF08600F3E745
S214033B402DE9F0430546984600238DB002932B6873
S214033B5008461746002B47D1B8F1000F134602A9B3
S214033B6014BF4FF480624FF40062E6F719FF044671
S214033B7000283BD1DDF8089003AC4E46CDE90A0099
S214033B800FCE0FC496E8070084E807003846BDF852
S214033B900C102A1DE6F774FF044638BB6B790499AC
S214033BA068F300036B71090AD9E90923B8F1000F1A
S214033BB012D011BB009703A905F10800E4F71EFF16
S214033BC0044698B9062302982B6000F091FA04463F
S214033BD020460DB0BDE8F08379B9009703A905F137
S214033BE00800FFF71FF9EBE76FF088042846FFF796
S214033BF091FF029800F07CFAEAE76FF08604F5E797
S214033C000123FFF79DBF38B50546006898B112B982
S214033C100024204638BD06280AD105F10800E4F73B
S214033C201FFF04460028F3D02846FFF773FFF0E78C
S214033C306FF08604F8E76FF08804EAE72DE9F041B1
S214033C4005460068884616461F46F8B16A79D207C5
S214033C501CD52A79D2B1B2421BD806281CD105F14D
S214033C600800E4F74DFF044610B100233E602B71B5
S214033C703246214640463B68FFF718FC2846FFF7C6
S214033C8049FF002C18BF2046BDE8F0816FF088047A
S214033C90EBE76FF08904E8E76FF08604E5E71FB506
S214033CA001240394089C0294079C0194069C0094A8
S214033CB0FFF71DFC04B010BD2DE9F04705469A46F4
S214033CC0002386B0059305F0FE43B3F1106F084654
S214033CD0DDE90E961746DDF8408029D12B464FF4D2
S214033CE0804205A9E6F75CFE044618BB05990B88D7
S214033CF023F0FF03B3F5E24F02D0B3F5E44F04D14C
S214033D004B880733B6EBD30F1ED353463A462846A3
S214033D10CDE90168CDF80090FFF796FB044648B955
S214033D20059800F0E5F90446204606B0BDE8F0879E
S214033D306FF0860431464846E6F712FF0598C8F842
S214033D40006000F0D5F9EFE76FF08904F2E7034669
S214033D5010B50C461146DA6900880AB91B6A3BB9E6
S214033D60FFF766FB38B12046BDE81040E6F7F8BE1D
S214033D706FF0860010BD6FF08500FBE700232DE98A
S214033D80F04385B0CDE901330B60438806460D4604
S214033D90002B00F0B280038803F4E043B3F5804FB2
S214033DA000F0AB8002AA01A9FFF7FEFB0446002839
S214033DB07CD1019A7768526A6AB17368019F1B0ABD
S214033DC0D7F8248057F8289F74D06FF0860401989C
S214033DD0FFF7E8FC6AE03F0A61D1B6F80080718815
S214033DE04046FFF725FB80B14046FFF72FFC04460D
S214033DF000285BD108F4E043B3F5805F02D0B3F547
S214033E00005F0AD10731CF0817E028F0FF03B3F5A8
S214033E10E24F37D06FF0850448E008F44F43B3F51C
S214033E20844FEFD047F2010398450FD1490801317B
S214033E30C90801EBC10101F13B07039703990198F8
S214033E40FFF733FC04460028B7D02FE044F2010303
S214033E50984503D1C90801F11007EEE747F20202BD
S214033E60904505D1C90801EB410101F15A07E4E782
S214033E7044F20202904505D1C90801EB410101F164
S214033E804A07DAE728F0FF00B0F5E24FBAD0B0F5FC
S214033E90824F01BF0731C90849004F1CCDE73046A2
S214033EA003A900F059F804460028C7D00198FFF785
S214033EB09EFC13E033885B0414D43B464A464146D3
S214033EC03046FFF744FF04460198002C7FF47FAF8B
S214033ED02946FFF7F5FA04460028E7D1204605B041
S214033EE0BDE8F0833B464A4641463046E4F778FB56
S214033EF010F1860F0446E7D1DFE76FF08604EDE79F
S214033F0010B50446C069FFF77CFA2046BDE81040AA
S214033F102422002109F08EBB2DE9F04105460F4609
S214033F2090461C469BB119460120FFF75AFA0646EF
S214033F3078B12246414609F088FBE86908B1FFF7E5
S214033F4060FA0020C5E907642F80BDE8F0811E46AD
S214033F50F3E76FF08C00F8E7028843884068000AAE
S214033F6051D102F4E040B0F5805F02D0B0F5005FB7
S214033F7005D10733DB0840D16FF08500704702F4A4
S214033F804F40B0F5844F03D10733DB080AD1F3E77C
S214033F9047F20100824208D15B080133DB0803EBDA
S214033FA0C3033B3300200B60704744F20100824298
S214033FB002D1DB081033F5E747F20200824204D150
S214033FC0DB0803EB43035A33ECE744F20200824276
S214033FD004D1DB0803EB43034A33E3E722F0FF0293
S214033FE0B2F5E24FD0D0B2F5824FC5D10733DB0826
S214033FF05B000133012BD5D1BEE722F0FF02B2F5F9
S214034000824FCFD1F6E700236FF086000B60704730
S2140340102DE9F34747680446DDE90A9A3F0A0D4649
S2140340201646984611D1CDE9009AE4F743FB10F102
S214034030860F0CD14346324629462046CDE90A9AD6
S21403404002B0BDE8F047FFF797BC6FF0860002B0FA
S214034050BDE8F08703466FF040420846591E91427A
S21403406007D338B103F1404393428CBF00200120AD
S21403407070470120704790F82030052B11D8DFE8F1
S21403408003F0030B16141F214B1E012B09D9042919
S21403409007D06FF087007047022902D00B1F012B51
S2140340A00BD880F8201000207047022902D0CB1EC0
S2140340B0022BF5E7C369002BF3D06FF08800704737
S2140340C00529EED00029ECD0F7E710B50321044606
S2140340D0FFF7D1FF30B9E3695A1C0EBF6FF09600A5
S2140340E00133E36110BDC069B0FA80F04009704740
S2140340F008B90020704790F82020032A08D1C26927
S214034100EAB1013AC261002AF3D10221FFF7B3BF35
S214034110052A09D0042A0FD1C26982B1013AC261C5
S214034120002AE6D1FFF749BBC26942B1013AC26130
S214034130002ADED1FFF767BB6FF0880070476FF089
S2140341409600704700207047C0B2FF280CBF6FF080
S21403415086000020704707B500216A46FEF706FE74
S2140341608C3018BF012003B05DF804FB13B50021A3
S2140341706A460446FEF7FAFD8C3002D1002002B0F0
S21403418010BD00212046E4F745F8014610B16FF054
S2140341909800F4E76A462046FEF7E8FD8C30EDD03B
S2140341A0F5E72DE9FF4107461446884600293FD028
S2140341B0002A3DD0B2F5005F3DD202F12406314617
S2140341C00120FFF70EF90546C0B303463A462146DB
S2140341D04046E6F7C1FEBF6800243846FFF7BBFF3C
S2140341E001281FD021462B46324638460094E3F773
S2140341F04FFF0146C8B9384602AAFEF7B7FD044684
S21403420020B9029B9E4205D06FF0980438460021E1
S214034210E4F700F831462846FFF700F9204604B0D5
S214034220BDE8F0816FF08A04F4E76FF09804F1E7D5
S2140342306FF08604F2E76FF08D04EFE76FF08C04FF
S214034240ECE7FFF7EBB82DE9F047D0F808A086B007
S2140342508146884617465046002104AAFEF786FD87
S214034260044610BB049E01203146FFF7BAF8054604
S214034270002837D02146504604AA0394FEF776FD5D
S214034280044670B903AB02462146CDE900535046B7
S2140342903346E3F769FF039B04469E4209D06FF05B
S2140342A0980431462846FFF7B9F8204606B0BDE81D
S2140342B0F0870028F5D13B46424631462846CDF8DE
S2140342C00090E6F767FE04460028EAD1D8F80030E7
S2140342D02BB13B68002B08BF6FF09104E1E76FF04A
S2140342E09104DEE76FF08C04DFE750E8003F0B43F2
S2140342F040E80032002AF8D17047C94350E8003F2F
S2140343000B4040E80032002AF8D17047431E032BC7
S21403431006D8DFE803F002040204032070470420F3
S21403432070477047CB69184770477047002070473F
S21403433070474FF000007047002070477047704783
S2140343400020704700207047002070470020704709
S2140343500020704770470020704700207047704762
S2140343607047002070477047704711207047002041
S21403437070470020704770477047002070474FF023
S214034380FF307047112070470020704701207047A8
S214034390002070470020704700207047704701F0E8
S2140343A009BD38B50446FEF709F8D4E910120546E8
S2140343B02046E6F733FEE18C228DE060521A40F287
S2140343C0712101FB020303F59C530833284623613E
S2140343D0BDE83840FDF7F8BF08B52030FFF785FF86
S2140343E0BDE808404FF08050ECF7FCBB38B50D46EF
S2140343F004460830E8F7F4FE294600252046EAF787
S2140344001FFBE06EE56110B1E7F700FDE56604F11A
S2140344105000BDE8384009F076BC38B5044619B3F9
S21403442090F838208AB190F839300133DBB29A42DB
S21403443080F8393009D10121FFF7D8FF4FF080719A
S2140344402046BDE83840FFF7C7BF236ADA030BD51B
S214034450E36B62689B1A002B06DA01212046FFF7FE
S214034460C5FF4FF08061EBE7236A1B0426D403F0F5
S214034470F8F91123B0FBF3F303EB0313C01A94F913
S214034480613085B213FA80F0102888BFC5F1100595
S2140344906DB2083B2B4484F8613020460121EAF7CD
S2140344A0CFFA40F27121E28C63682A4401FB02339F
S2140344B020466360BDE83840EAF772BA0025ECE7A9
S2140344C02DE9F84F1D46C3690F4604461646DDF828
S2140344D030809DF838909DF840B09DF848109DF8C0
S2140344E050A0002B40F0D180EB0600F1BE8005F013
S2140344F00303032B08BF05F0FD0505F0F705BDF81C
S2140345003C30A806A3869DF8540048BF05F0FC057A
S214034510FFF7FCFE47F6FF731BF0020F84F8360026
S214034520A4F8783040F0A4801BF0040F00F0A280BB
S21403453000F0FD00012814BF0323042394F87F2012
S2140345409DF8580063F3030284F87F20FFF7DEFE2E
S21403455047F6FF738A0784F83700A4F8883000F11B
S2140345608B804B0740F18A8000F0FD00012814BFC2
S2140345700321042194F88F30606E61F3030384F8FB
S2140345808F30FFF7F1FE00222046216CE6F746FD4A
S21403459040F271237343984279D849F6FF7104F1C8
S2140345A02000FFF7AAFEFF2384F85430BAF1000F69
S2140345B003D0236A43F480532362290705D50626CE
S2140345C03746236A43F484132362236A6A0723F471
S2140345D0C04323620CD419F0010F1CBF43F40053ED
S2140345E02362236A19F0020F1CBF43F4804323623D
S2140345F0236AA5852B43236204F12E03B8F1000F2B
S2140346003ED0D8F80020C4F82E20B8F804209A80AC
S2140346109DF82C30012B03D14FF48061FFF765FE24
S214034620236A9DF8282023F4407343EA0223236277
S21403463003F017F994F860309DF84C2084F85F0077
S21403464023F00F03C0F30320034362F3071384F836
S21403465060309DF834302046E784268584F82A3077
S214034660FFF79FFE0020BDE8F88F01218B4646E743
S214034670022363E7012361E702217BE7012179E750
S214034680C4F82E80A3F80480CAE70C20EBE7452085
S214034690E9E72DE9F743894617460446019330B9FF
S2140346A001A809F030FB422003B0BDE8F0830129DE
S2140346B020D0022910D089B9C369C3B900F14005D7
S2140346C04FF40036236AD9061ED55A0726D501A805
S2140346D009F019FB0020E7E7406E20B901A809F0AE
S2140346E012FB0C20E0E71946FFF73FFEDCE700F17C
S2140346F04805E5E7C36923B900F144054FF480266E
S214034700E0E700F14C05F9E79B0707D5B9F1000F81
S21403471004D101A809F0F7FA1220C5E704F120082E
S21403472040463146FFF7E9FDF80702D5284609F06B
S214034730EAFA019921B1284609F0CCFB002301933C
S214034740286809F065FB236AD90605D51F2801DC0E
S214034750032F16D02846DDE740F27262904204DD4E
S214034760284609F0D0FA07209EE7B9F1000F08D1D2
S214034770BF2806DD9A0704D0284609F0C4FA452068
S21403478092E72046D4E91212E6F748FCE3696BB1D8
S21403479040F27122E38C5343984207D9238D834218
S2140347A0EAD300F51C70B0FBF2F0E084FDF706FEDA
S2140347B0E36905467BB1BB070DD531464046FFF797
S2140347C094FD6368C3F57A7603F087F8F04202D562
S2140347D02046EAF751FA2846FDF7F6FD7AE708B5CC
S2140347E048B1CB0701D4002008BD4FF40011203098
S2140347F0FFF77BFDF7E74220F6E708B548B1CB079E
S21403480001D4002008BD4FF400112030FFF775FDDA
S214034810F7E74220F6E7E6F7E7BE38B5C36904468E
S2140348200D463BB1036A13F0010011D194F824300E
S214034830FE2B0CD004F120004FF48001FFF755FD4A
S21403484001202B68C4F85530AB88A4F8593038BD1E
S2140348500020FCE7036A10B5044613F4602030D04A
S2140348609A0307D504F1400009F04DFAA36C2364BC
S2140348700023A364236A5B0307D504F1440009F00D
S21403488042FAE36C63640023E3644FF4602104F1AB
S2140348902000FFF732FD2046FFF783FD012094F842
S2140348A0602094F85F3002F00F0143EA01230133DE
S2140348B084F85F3022F00F02C3F303231A4384F80D
S2140348C0602010BD10B50446503009F003FB2046A7
S2140348D0BDE810404FF00071FFF77EBD50E8003F83
S2140348E00B4340E80032002AF8D17047C94350E82A
S2140348F0003F0B4040E80032002AF8D1704738B535
S2140349000446D0F8A00010B9D4F8A40058B194F81F
S214034910375109F029FA05F00F0581B2063128460A
S214034920EAF70EFF80B240F27122B4F8783000F551
S214034930487053439842B8BF184638BD38B5054645
S2140349400C4603F050F820B149F640439C4228BF7A
S2140349501C46EA68A2420BD240F27121B5F87A30BF
S2140349604B43934238BF1346A34228BF23461A46F7
S2140349702A6138BD03469A6A4430920404D5D3F8B4
S2140349802821998FEBF79EBE93F86F10EBF790BE36
S21403499000207047012070470020704700207047B2
S2140349A001207047C82070470020704770470120D9
S2140349B070477047704790F8852010B5531C03F076
S2140349C00F03072B28BF0023044663F303020344A5
S2140349D080F8852083F87E1090F885306F2B4FEA99
S2140349E013129EBF013262F3071380F88530FFF778
S2140349F0E1FF94F83711204601F00F0100F01BFF8A
S214034A0010BD7047704770470020704700207047FE
S214034A1010B101F1B000704701F1D4007047F830CF
S214034A207047806A70472830FFF758BF2830FFF773
S214034A305DBFC06A70472C30FFF750BF2C30FFF7BE
S214034A4055BF00F59C70704790F8851008B50F2980
S214034A5004D909097E3002F005FE08BD7F20FCE775
S214034A6008B50B79DB0702D4FFF7CBFF08BD91F936
S214034A700510BDE80840FFF79EBF02290346808F56
S214034A8011D0032909D0012906D11A8F5B6B1201B5
S214034A90B2FBF3F3184480B270475A6B4FF47A4371
S214034AA0B3FBF2F3F6E75B8F073000EB4300F2E766
S214034AB070B540F2712606FB01F345685643826AD9
S214034AC01D441207044645600ED500F140052946ED
S214034AD000F13402E8F75AFF334629462046BDE87C
S214034AE07040012201F0A1BD05EB5605456070BD7F
S214034AF0836A590505D4D0F8A03013B15B799A07B9
S214034B0008D4D0F8A40000B9704743799B0701D4B2
S214034B100068F8E70120704780F87710704738B5CB
S214034B20044601F094FF04F1A40009F0ECF804F144
S214034B30A80009F0E8F804F1AC0009F0E4F804F181
S214034B40A00009F0E0F82046E6F7B8FEC4B2204617
S214034B50FFF7F6FB05462046FFF7F4FB014628461B
S214034B60FFF7EDFB38BD38B5836A04461B0713D53C
S214034B700246B0F87C3052F8341F4B4340F27121A2
S214034B804B4300F14001E8F701FF236C20469D08E4
S214034B90FFF7B5FE2844E06040F27125616B2046BE
S214034BA001396943FFF7CAFE20460121E9F748FFAA
S214034BB0636BB4F87C2020465A43636805FB0233D4
S214034BC06360BDE83840E9F7EBBEB0F8303110B5A6
S214034BD0A0F834310446E6F771FEC0B2FFF7E2FEF2
S214034BE094F8373194F8362103F00F0304F14401A7
S214034BF002F0F2FEEAF7EAFDB4F93021824205D06C
S214034C00A4F83001EBF774FAA4F83201B4F93421AE
S214034C10B4F930319A4209D0A36A9B0306D52046DD
S214034C20BDE810404FF40041E6F75EBE10BD808E2F
S214034C307047836A0A4600F14401C3F34030EBF73A
S214034C40EBBC10B5A0F87810A0F87A200446FFF75E
S214034C5056FE2169E0602046BDE81040FFF76EBEB1
S214034C6038B504460D463AB94FF4C0212830FFF74D
S214034C703DFE9DB9002038BDE8F71EF898B12834EC
S214034C804FF4C0212046FFF731FE1DB14FF400312B
S214034C90FFF724FE4FF48021204601E04FF4003155
S214034CA0FFF71CFEE6E71120E5E72DE9FF41836ADF
S214034CB004469B032CD5B0F93081B0F9347100203B
S214034CC0EBF70AFB8045CCBF0025012502F089FEE1
S214034CD094F83711C82201F00F01EBF707FB0646DD
S214034CE02046E6F7EBFDB045B4BF002601260023B9
S214034CF094F83711A8EB07073FB245EA46051A466C
S214034D00CDE90085029701F00F0180B201F028F883
S214034D1004B0BDE8F08186307047F8B504460E4609
S214034D2000295AD040F27123476B30465F43A7F2FF
S214034D308A277F083946EAF713FD94F88E30851FD5
S214034D40ADB29D4239463046A8BF1D46EAF708FD78
S214034D5094F88F20831F9BB29342A8BF1346F21E7C
S214034D60012AB4F88610B4F888202BD8B1F5296F39
S214034D7044F29020B8BF4FF429618142A8BF014690
S214034D80B2F5296FB8BF4FF429628242A8BF024624
S214034D901B2DB8BF1B251B2BB8BF1B23304684F81F
S214034DA0913084F89050A4F88A10A4F88C20EAF77F
S214034DB0D7FC831F9BB2AB42A8BF2B46DBB284F85B
S214034DC09230F8BDB1F5A47FB8BF4FF4A471B2F525
S214034DD0A47FB8BF4FF4A472DAE71B23EFE770B5DE
S214034DE04900466B89B28E4218BF40F271250446CD
S214034DF017BF4068002105FB060005FB1100658F01
S214034E001EBF6060616301219542208F17D08342E5
S214034E10628700D02387238F626B1B01B3FBF2F3F9
S214034E2094F837112046A4F89C3001F00F01FFF7E1
S214034E3074FF2046BDE870400421E6F755BD834263
S214034E40E8D1A36A1B07E6D50029E4D170BDF0B507
S214034E5085B004460E466A4600F1860300F18E07C7
S214034E60154618685968083303C5BB422A46F7D166
S214034E701868314628609B882046AB80FFF74DFFB5
S214034E809DF80B2094F891309A4211D1BDF8062074
S214034E90B4F88C309A420BD19DF80A2094F89030DF
S214034EA09A4205D1BDF80420B4F88A309A4207D056
S214034EB04FF48141204605B0BDE8F040E6F714BD47
S214034EC005B0F0BD37B5044694F88E50BDF818000B
S214034ED08D420BD1B4F88650954207D194F88F5083
S214034EE09D4203D1B4F8885085421DD08DF8061034
S214034EF0ADF80420019D84F88E1094F8371184F8D9
S214034F008F30A4F88800C4F840512046A4F88620C1
S214034F1001F00F01FFF79BFFB4F88A30A4F8863040
S214034F20B4F88C30A4F8883003B030BD90F837312D
S214034F3070B503F00F03044616460D46D9B18B42EF
S214034F4019D0012200F047FD29460022204600F032
S214034F5004FD94F83731204665F3030384F83731AC
S214034F6005F00F01FFF773FF2046BDE870404FF4CE
S214034F708441E6F7B9BC19462046FFF768FF002EC2
S214034F80F2D170BDF8B51D46C36A04465B070F46EB
S214034F90164610D404212C30FFF7A0FC84F89A7030
S214034FA02046A4F89660A4F898504FF40061BDE834
S214034FB0F840E6F799BCF8BD10B511B190F89A40E1
S214034FC00C7012B1B0F89610118013B1B0F8982097
S214034FD01A80C06AC0F3800010BD4FF40041283029
S214034FE0FFF77CBC00F5A270704790F8370100F01D
S214034FF00F00704770B50446FDF7E0F9656806468E
S21403500002F06BFC2D1AB5F5FA7504D53046BDE8EB
S2140350107040FDF7D9B940F27122636B94F87010B3
S2140350205343B5FBF3F5A38FAAB29B1AA38794F851
S2140350306F30154602FB1133252193FBF1F001FB7C
S2140350401033002BB8BF5B1884F86F30B4F89C306D
S21403505020469B1AA4F89C300021E9F7F1FC40F2A5
S2140350607122636B20465D43636802FB15336360FE
S214035070E9F796FCCAE700232DE9F3474E79044681
S214035080B00758BF06F0010608460D4648BF03267C
S214035090ADF8043058BF0136FFF74BF9074607F063
S2140350A01F03002BE36A15BF4FF001084FF00008FB
S2140350B04FF003094FF0020999050CD59DF804300B
S2140350C0294666F3010368F345138DF8043020463A
S2140350D0019A00F08EF9284608F09AFE8246494661
S2140350E0284608F050FE9DF80430AA7966F30103BB
S2140350F068F345138DF804308DF805A0BDF8043029
S2140351000C32AB529DF80430A9189A066B7948BF47
S2140351108F7043F001036B71FDF750F90646204686
S214035120294650F8A48F08F0D5FE94F8463101338B
S21403513084F84631A36A1B070CD5B4F87C30012BE0
S21403514002D92046FFF756FF304602B0BDE8F047C7
S214035150FDF73AB9656802F0C0FB0746E9F786FD36
S2140351608442F1D1ED1BB5F57A7FEDDDB8F1000F82
S21403517003D0D4F8A030002BE6D1EAF70FF9E3E723
S21403518008B5022008F083FF10B101F094F901205E
S21403519008BD10B504464FF440712830FFF7A6FB50
S2140351A02046BDE810400021E7F71EB8012310B5DE
S2140351B0A1F12002C1F1200423FA04F403FA02F257
S2140351C022438B40D0E9084123400A40134314BFCF
S2140351D00120002010BDC36A10B5044613F0080072
S2140351E012D00123A1F12002C1F1200023FA00F01E
S2140351F003FA02F202438B40D4E9080103400A4053
S214035200134314BF0120002010BD10B50C46C9B2CD
S214035210FFF7E1FF70B1E8F7A5FBC4F12002A4F1A4
S2140352202003E04001FA02F2104321FA03F3184385
S21403523000F0010010BD70B504460E46E8F7C4FC46
S214035240FDF7BCF805460221204684F87760E6F7AA
S2140352504BFB20460021E9F7F3FB2846BDE87040E8
S214035260FDF7B2B870B504460D46FDF7A7F8064637
S214035270E9F7FCFC844201D1EAF770F83046FDF703
S214035280A3F829462046BDE87040FFF7D4BF0B6855
S214035290C0F84031704738B540F64805D0F840317D
S2140352A00C460B609BB2AB4204D90B21FFF7ADFF54
S2140352B008B9258038BD44F290232380FAE708B561
S2140352C000F082FCE6F778FC00F095FE00F008F8A4
S2140352D0E8F7B2FBE9F76EF9BDE80840E9F7EAB983
S2140352E0704770B515460E461C46FFF798FB2B68AD
S2140352F04EB103606B6843602368C0F825302368AB
S214035300C0F8153070BD83606B68C3602368C0F84F
S21403531029302368C0F81930F4E770B50546FFF75F
S2140353207EFB0446FDF74AF806464FF4807128468E
S214035330FFF779FB4FF400612846FFF77CFB304606
S214035340FDF742F80023284623612375236284F879
S2140353502430FFF766FB802310F0080F14BF237575
S21403536084F8243070BD10B50446FFF712FF2046BC
S214035370BDE810401021E6F7B7BA10B504464FF45F
S2140353806061FFF75BFB2046BDE81040FFF701BFF7
S2140353907FB506460C46FFF742FB4FF4C061054651
S2140353A03046FFF748FB4FF400613046FFF746FBF5
S2140353B04FF48060E8F77CFA224670B969462846BF
S2140353C0E7F7F8FA6B4605F1100213F8011B02F82B
S2140353D0011DAA42F9D104B070BD6C4602F1100655
S2140353E0234610685168083203C3B2421C46F7D1FD
S2140353F0E8E7F0B587B00D46ADF80C20FFF70FFBD6
S2140354000446284608F004FD064600B32846E7F798
S2140354100FFB9DF80C3005AF03F0230322463146FD
S2140354200093019704F12003FDF76EFC2846E7F787
S21403543015FB04223946284608F027FF236A013362
S214035440236223B994F82430013384F8243007B058
S214035450F0BD30B585B00391ADF80820FFF7DFFA4D
S2140354600446039808F0D4FC051F002D02DC002038
S21403547005B030BD0398E7F7DBFA431901939DF8AF
S2140354800830224603F023030093294604F1100351
S214035490FDF72BFC0028EAD10398E7F7DFFA04218F
S2140354A003A808F057FD2369013323610BB10120DC
S2140354B0DEE7237D01332375F9E7013903291FD876
S2140354C0DFE801F00209101712B190F900007047E7
S2140354D090F90100704712B190F90200704790F9F5
S2140354E00300704712B190F90400704790F9050065
S2140354F0704712B190F90600704790F9070070479D
S2140355007F20704770B505460124012221462846B0
S214035510FFF7D3FF0022064621462846FFF7CDFFB6
S214035520864205DC0134E4B2052CEED1104670BD8C
S2140355301220FCE70028B4BF6FF0040305230344DE
S2140355400A2093FBF0F35843704710B504464FF414
S2140355500050E8F7ADF948B12046E7F7C9FA1A282C
S21403556006D041F20903984204D028B9002010BDA2
S2140355700720FCE70920FAE71F20F8E72DE9F74F95
S21403558080464FF400500E469246E8F791F90028FD
S21403559042D040460125E7F73BFB731EDBB29D4036
S2140355A0032E0446EDB23AD145F0080527460023FC
S2140355B0062240F2EC4B02FB03F914F8091045FAF5
S2140355C003F000F0010021F00C01013341EA8001F1
S2140355D004F809100020D9B20193E7F7FFFAA7F8F9
S2140355E002B0B88014F80910019B21F0030104F8F7
S2140355F00910FF21042B79704FF0060207F1060706
S214035600D9D10020314684F818A06083A083E7F739
S214035610E5FAE083A8F8340103B0BDE8F08F042E62
S21403562008BF45F00405C1E7F8B504464FF400503B
S214035630E8F73EF9B0B32046E7F7EAFA062205464E
S21403564094F8373104F1440103F00F03581EC0B237
S21403565002FB005094F83621B0F90400E7F7AEFADF
S2140356600646FCF7ABFEEE8307463046EAF7AEF88F
S214035670B4F93021824205D0A4F83001EAF738FDA8
S214035680A4F83201B4F93421B5F91E309A4204D095
S2140356904FF400412046E6F727F93846BDE8F840C0
S2140356A0FCF792BE2046FFF790FAF8BD10B50C46FD
S2140356B0E7F7AEFA447610BD08B5E7F7A9FA407ED9
S2140356C008BD10B54C1EE4B2032C07D8E7F7A0FAC2
S2140356D006235C43005DC0F3800010BD0020FCE79A
S2140356E02DE9F04F87B088469DF8481015469B462F
S2140356F00746BDF944900591BDF940A0E7F788FA3F
S214035700062308F1FF36F6B27343C25C059965F3C8
S21403571000026BF34102C25406EB460200EB420260
S214035720044651703846A2F802900493FFF779F9BD
S214035730049B10F4802FE35C27D1180727D4237E1D
S2140357409A0750D523F00203B8F1030F237648D007
S214035750B8F1040F47D103256B1EDBB203EB4303FB
S21403576004EB43042946B4F902203846E7F760FA07
S21403577000EB8000420029463846B4F9043012B2E2
S21403578007B0BDE8F04FE9F78DB819071ED5BBF192
S214035790000F18D14FF0020B3846E6F78FF85B463A
S2140357A000224146CDE9015ACDF8009080B200F0C0
S2140357B0D7FABBF1020FC2D106235E43A35D6FF394
S2140357C0C303A355BBE745F00205E3E7BBF1000FB0
S2140357D001D045F00205BAF1000FB0D04FF0010B2F
S2140357E0DAE70425B8E707B0BDE8F08F30B585B033
S2140357F00546E7F70DFA437E0446D3B10622013B7E
S214035800DBB25343C25C11070FD56FF3C302C25416
S2140358102846E6F753F80023617E2222CDE90133BA
S214035820009380B2022300F09BFA237E23F0020348
S214035830237605B030BD70B505464FF400500E46CE
S214035840E8F736F8002841D021212846FFF7C3FCA5
S21403585000283BD02846E7F7DBF90622731EDBB2A7
S2140358605343C35C04465A0730D500212846FFF746
S21403587004F9238C984212D9C31A9BB2208483B1AD
S214035880A28B9A4232BF0022D21A92B2A283628BB2
S21403589093428DBF0023D21A6283638301E012D33F
S2140358A02084A38B93B92846FFF7C3F843040DD48B
S2140358B028464FF48031E6F717F831462846BDE808
S2140358C07040FFF7F3BEC31A013BD6E770BD2DE960
S2140358D0F8438046E7F79CF9477E05467C1E5FFA49
S2140358E084F909EB490400EB440439464046B4F90D
S2140358F00220E7F79DF9061E26D04FF0060325DAA9
S21403590003FB09F3EB5C13F0010F1DD14046FFF7D1
S2140359108EF9830803F54873C0F34F009BB2B3FBBD
S214035920F0F306EB8606AB83720039464046B4F9BD
S214035930043012B2E8F7B6FF30B9033F012F9EBF1B
S2140359402B7E43F002032B76BDE8F88303FB09F9AD
S21403595015F8093013F0020FD7E7F8B507464FF4EA
S21403596000500D461646E7F7A3FF10B9112630463A
S214035970F8BD21213846FFF719FC0028F6D0384633
S214035980E7F746F96B1E0446DBB20EB9828B02BB01
S214035990062202FB0343294600223846B3F90430A5
S2140359A0E8F780FF06460028E1D13846FFF73FF9BF
S2140359B0830803F548739BB2C0F34F00B3FBF0F3C1
S2140359C0033D012DA383D2D8237E43F0020323761F
S2140359D0CDE72326CBE72DE9F74380464FF4005067
S2140359E00D461746E7F764FF00286ED02946404663
S2140359F0002F66D0FFF765FE002866D14046E7F71E
S214035A0007F9032D044663D1037B294643F00403B9
S214035A100373007E022600F00100E7F7DFF820821A
S214035A2006236B43E25C691C42F00402E254207EC8
S214035A30C9B200F0010004EB0309E7F7CFF8A9F8B1
S214035A4004000EE04046E7F7E3F8032D04463FD193
S214035A500226037B67F382030373837C67F3820365
S214035A60837422214046FFF7A1FB70B34046FEF73E
S214035A70E0FF030429D50123FF2D03FA06F10CBF2B
S214035A800023AB4049B218BF5BB21943C9B2002F1B
S214035A904BD0062303FB0646B6F9043001220093D7
S214035AA04046002301F038FD4046FFF7C0F8830860
S214035AB003F548739BB2C0F34F00B3FBF0F3638365
S214035AC003E0FFF7FEFD0028BCD103B0BDE8F0837A
S214035AD0042D14D006236E1EF6B27343E25C04EB69
S214035AE0030967F38202E2543FB1207E294600F0A1
S214035AF00100E7F773F8A9F80400FF25B1E7A37CD4
S214035B0067F38203A3744FB1207E294600F0010099
S214035B10E7F764F802250326E08281E7237B022564
S214035B2067F38203032623739BE740F2EC43B5E750
S214035B302DE9F0430E4685B00746E7F769F840F2CD
S214035B40EC43741E5FFA84F808EB480400EB440445
S214035B50B4F90290054699451FD1012231463846CD
S214035B60FFF7FBFE044648B9062303FB08F3EA5C8B
S214035B7042F00802EA5405B0BDE8F0833846E5F77C
S214035B809DFE00232246CDE901330223CDF8009083
S214035B90314680B200F0E4F8EDE7062303FB08F88D
S214035BA010F808303846C3F34002C3F3000545EA4D
S214035BB04205E5F783FE0022EDB2CDE90152B4F9C2
S214035BC0023000930223E3E708B54FF40060E7F7DB
S214035BD06FFE40B94FF48050E7F76AFE40B9BDE860
S214035BE00840EAF7B9BDFEF70FFF0028F2D008BD5C
S214035BF0FEF70CFF0028F2D0F9E741F0004141F42C
S214035C00E02101607047002070470020704770470E
S214035C1070477047704710B5DC1D043383734379B0
S214035C20C47123F0030343F003030E2443710123DB
S214035C3044738371C3730182827410BDD31CC37112
S214035C403E2343734379827323F0030343F0030332
S214035C5043710123C173837170470F234373042376
S214035C6083734379A0F8111023F0030343F003036F
S214035C70437140F20173C3800123C27303747047F8
S214035C80D31CC3714379417323F0030343F0030327
S214035C904371012382738371704708B50023FFF7AE
S214035CA0BAFFBDE80840E7F7FDBA2DE9F84380469A
S214035CB00220894617461E4608F0E9F9D0B10C23A0
S214035CC043730823837340F601334579C38025F075
S214035CD003059DF8203045F003054571A0F81080B4
S214035CE080F81290A0F81370A0F81560C373E7F756
S214035CF0D9FA0120BDE8F883F8B504460F461646E0
S214035D0013211D460922FFF799FF83790C331C44A0
S214035D10A170E77026712B68C4F80530AB88A4F829
S214035D200930BDE8F840E7F7BDBA70B5064602206D
S214035D300D4608F0ACF9044668B114210422FFF7B7
S214035D407DFF83790C331C44A170A4F8036065714E
S214035D50E7F7A8FA012070BD08B501F028FF08BDD3
S214035D602DE9F041074602200D4690461E4608F0F0
S214035D708EF90446E0B109222121FFF75FFF0A22CC
S214035D8083790C331C44BDF9183084F8038093FBE5
S214035D90F2F323729DF81C30A7806372BDF920309E
S214035DA0A67193FBF2F3E571A372E7F77BFA012082
S214035DB0BDE8F081704710B5E7F7AEFA83790021A6
S214035DC00C33C418E078E5F795F96168FEF707FD2C
S214035DD00446E7F7A7FA2246BDE8104000234FF62D
S214035DE01941FFF718BF10B5E7F796FA8379002134
S214035DF00C33C418E078E5F77DF96168FEF7FDFC1F
S214035E000446E7F78FFA2246BDE8104000234FF614
S214035E101A41FFF700BF70B5E7F77EFA00218679CF
S214035E200446FE20E5F766F90546FFF7ECFE50B19B
S214035E300C24E7F777FA2246BDE87040002342F2C7
S214035E400501FFF7E8BEFFF7E0FE0028F0D1344473
S214035E500F342DB121462846FEF7DFFC0028E7D095
S214035E602046E7F765FC0024E3E72DE9F041E7F772
S214035E7053FA837900250C33C418E678E7F74CFA0F
S214035E800768E7F749FAA6F1FE0359425941056048
S214035E903046E5F72FF93B4629462279FEF7F9FB0C
S214035EA00446E7F73FFA2B462246BDE8F04142F2A6
S214035EB03701FFF7B0BE2DE9F041E7F72DFA8379F6
S214035EC000250C33C418E678E7F726FA0768E7F7E1
S214035ED023FAA6F1FE035942594105603046E5F719
S214035EE009F93B4622790121FEF7D3FB0446E7F77F
S214035EF019FA2B462246BDE8F04142F23801FFF775
S214035F008ABE2DE9F047E7F707FA83790C33C418FE
S214035F10277994F8038027B9B8F1010F27D0E5F75E
S214035F204BFB00260534BE420ADB0025E7F7FAF9E9
S214035F302A46BDE8F047002342F23901FFF76BBE5D
S214035F402078B4F80150A0F1FE035942594194F861
S214035F5003900434E5F7CEF858B12A464B4641463B
S214035F60E5F726FA05460028E0D10136DBE71225D9
S214035F70DCE74225DAE710B5E7F7CEF983790021A7
S214035F800C33C418E078E5F7B5F880B1211DFEF7A9
S214035F9044FC00280CBF0C240024E7F7C3F9224670
S214035FA0BDE81040002342F23501FFF734BE422419
S214035FB0F3E7FE282DE9F8430646894690461F4632
S214035FC016D0022008F063F8044690B10622122188
S214035FD0FFF734FE1223A57920460C352544AB7013
S214035FE085F803902E71A5F80580EF71E7F75AF947
S214035FF00120BDE8F883704710B5FFF704FE04469A
S214036000FEF7AFF92043C0B210BD38B5E7F784F901
S2140360108379C17903F10C020244CB1A02200021D2
S214036020B2F8035008F05EF9044640B9E7F77AF988
S2140360300722BDE8384042F21901FFF70EBE284694
S214036040E5F728FC38B12146E8F7C8FA0446E7F72F
S21403605069F92246EDE72046FBF74AFC0224F6E7F9
S21403606070B5E7F759F983791844B0F80F60B0B202
S214036070E5F710FC80B1002100F06EFE0546E7F759
S21403608051F9044602232A4642F21B01FFF7C3FDD9
S214036090A3791C44668270BD0225F0E770B5E7F766
S2140360A03BF983790C33C418B4F803502846E5F754
S2140360B0F1FBA0B1611D00F04FFE0646E7F732F98B
S2140360C004460223324642F21A01FFF7A4FDE3799F
S2140360D023449D72E3792D0A1C44E57270BD0226A3
S2140360E0ECE710B5E7F718F983790C3318444479CD
S2140360F0B0F80300E5F7CEFB60B12146E8F74AF8AF
S2140361000446E7F70FF9E2B240F20641BDE8104055
S214036110FFF7A3BD0224F4E770B5E7F7FDF883792C
S2140361201844B0F80F50FCF749F904462846E5F73B
S214036130B1FB80B11621FFF795F800252046FCF742
S21403614043F9E7F7EFF82A46BDE8704000234FF619
S2140361500441FFF760BD0225F0E7F8B5E7F7DCF882
S214036160847905460C340444B4F80300E5F792FB3F
S214036170064640B9E7F7D6F80222BDE8F84042F2F1
S2140361801301FFF76ABDAB79E97903F10C0202202C
S214036190CB1A2A44002108F0A5F8014618B9E7F7F8
S2140361A0C1F80722E9E78379033383713046B4F8ED
S2140361B00D50B4F80F70E7F7A1FF04463A46294698
S2140361C03046FEF73EFDE7F7ADF82246D5E738B58D
S2140361D0FCF7F4F80446FFF70FFF00280CBF0C2566
S2140361E00025E7F79FF82A4642F20E01FFF755FD12
S2140361F0FFF70EFD2046BDE83840FCF7E5B810B5BE
S214036200E7F78AF883791844B0F80F00C0B2E5F7C9
S2140362108FFEE7F787F8BDE81040002342F224011B
S2140362201A46FFF7F8BC2DE9F84381460220884654
S21403623017461E4607F02BFF044690B10A22032199
S214036240FFF7FCFC0023A57920460C352544EB70AC
S214036250A5F80490A5F806802F816E81E7F722F84B
S2140362600120BDE8F8832DE9F043814685B002207E
S2140362700E461F469DF844808DF80F2007F007FF53
S2140362800546002844D022222921FFF7D7FC002206
S214036290AC7930460C342C4404F10E0304F114019B
S2140362A0C4F80E209A806261228300913A460DF16B
S2140362B00F01FEF761F89DF84030A4F80490E370F0
S2140362C006F00103A3719DF80F3016F0FD0FE3717E
S2140362D03B68A360BB88A3814FF6FF7304D0032EED
S2140362E008BF43464FF0FF08BDF8302028466283B8
S2140362F0BDF8342084F82180A283BDF83820638457
S214036300E2839DF83C2084F82020E6F7CBFF0120AB
S21403631005B0BDE8F083F8B50746022016461D46CD
S21403632007F0B5FE044690B10C220421FFF786FC65
S214036330A1799DF818300C31214420468F80C1F88E
S2140363400660C1F80A50CB70E6F7ACFF0120F8BD33
S21403635070B5064602200D4607F099FE044668B15E
S21403636003223021FFF78CFCA37920460C33234409
S214036370A3F803609D70E6F795FF012070BD70B526
S214036380064602200D4607F082FE044688B1042224
S2140363900821FFF775FCB5FA85F2A37952090C3389
S2140363A023442046A3F803605A719D70E6F77AFFEC
S2140363B0012070BD2DE9F843814602208846174622
S2140363C01E4607F064FE0446B0B10B220721FFF712
S2140363D035FCA579BDF820300C3525442046A5F8B4
S2140363E00390A5F80580A5F80770A5F80960A5F839
S2140363F00B30E6F757FF0120BDE8F883F8B50746EC
S21403640002200E46154607F042FE0446A0B10D22B2
S2140364100521FFF713FCA37920460C332344A3F886
S2140364200370A3F80D602A68C3F805206A68C3F8EA
S2140364300920E6F737FF0120F8BD2DE9FF41164690
S2140364406A4680460F4615460A9C03F1100E94468C
S214036450186859680833ACE8030073456246F6D1FA
S21403646024B9022007F013FE044608B31D22ED21CB
S2140364702046FFF7E3FBA3790C332344A3F80380FA
S214036480A3F80D702EB13268C3F805207268C3F8FE
S21403649009200F3304AE2A4603CAB2421860596075
S2140364A0154603F10803F6D12046E6F7FBFE012066
S2140364B004B0BDE8F08113B51321827901900C3244
S2140364C0841881544FF44072C280E6F74BF9A070EB
S2140364D020B901A807F017FC02B010BD80000130F8
S2140364E060700198E6F7DEFEF6E770B50646022012
S2140364F00D4607F0CCFD044678B104220521FFF7CC
S214036500BFFB0022A37920460C332344A3F8036081
S2140365105D719A70E6F7C6FE012070BD13B58379E8
S21403652001900C33C418C05CE5F7B4F920B901A890
S21403653007F0E9FB02B010BD6378019913F0300F42
S2140365400CBF012200228B7904338B714B7962F3E3
S21403655000034B71E5F748FEECE72DE9F041E6F75B
S214036560DBFE83790C33C418B4F803801FFA88F073
S214036570E5F790F9054600B3A2796179FEF770FB5B
S2140365800646E6F7CFFE07460223324642F27A0174
S214036590FFF741FBBB7938463B44A3F81280E6F786
S2140365A081FE46B9A37933B12846FEF71EFD0146A0
S2140365B02846FFF7BDFABDE8F0810226E1E700F0C2
S2140365C060BE704750E8003F0B4340E80032002AA5
S2140365D0F8D17047704770B50E461546E5F718FBB9
S2140365E0044648B93046E5F7CBF8044620B92846B2
S2140365F0E9F7DEFF044640B10020E5F709FB00207B
S214036600E5F7BEF80020E9F7D3FF204670BD4FF448
S2140366100010EAF7E7BAE9F7DBB9E7F76BB84368C0
S214036620143B4360A0230B6070471AB94268A2EB81
S214036630530242600A6802EB83020A60704788428C
S21403664010B518D8052816D9B1F5486F13D8B3F581
S214036650FA7F10D240F67644A2F10A0080B2A04236
S21403666009D801339BB24B435B00B3EBC20F94BF15
S2140366700120002010BD0020FCE7C94350E8003F7E
S2140366800B4040E80032002AF8D1704700207047DC
S2140366902DE9F04104460F4600264FF00108214637
S2140366A086F00100FEF7B4F94FF48051FFF7E5FFDB
S2140366B0836833B940460EB1BDE8F08101268046B3
S2140366C0EDE7028ABA4206D1002201212046984706
S2140366D00028EFD1EFE70268D205EBD5002211467A
S2140366E0F4E708B5FEF7ADF900230380436008BD61
S2140366F070B506460C46FBF761FE05463046FEF7C8
S214036700A0F930B103781C4304704FF40070EAF725
S21403671069FA2846BDE87040FBF756BEE5F764BD48
S21403672007B542798DF8071022F0030242F0030200
S214036730427140F203320DF10701C280012207F0D5
S214036740C5FA03B05DF804FBF8B5174606460C46D3
S2140367501D46FEF76EF9020713D502213046FEF7F3
S21403676025FD70B111212046FFF7DAFF2046E7F733
S214036770D3F94570877021463046BDE8F840E5F703
S21403678033BD28204FF08861C5F12002A5F1200310
S214036790E94000FA02F220FA03F311431943CB0748
S2140367A0E0D40D212046FFF7BBFF2046E7F7B4F9F8
S2140367B04770E0E770B50C460546072120461646A7
S2140367C0FFF7AEFF2046E7F7A7F9214646702846AF
S2140367D0BDE87040E5F708BD38B50C460021054610
S2140367E0FEF74BF947F6FE73241AA4B29C4205D96A
S2140367F028462821FEF71FFD002038BD0120FCE7B0
S21403680038B504460D4601460020FEF701F9036835
S2140368109B0505D429462046BDE83840FFF7DCBF74
S214036820002038BD2DE9F04115461F469DF8188017
S214036830FEF7EEF80446FBF7C1FDB8F1010F064676
S21403684023D154E8003F43F4807344E80032002A1F
S214036850F7D105B354E8002F42F4007244E800234E
S214036860002BF7D1FF212046FFF707FF54E8002F40
S21403687048EA020244E80023002BF7D13046A5601D
S2140368802782BDE8F041FBF79FBD4FF48071204699
S214036890FFF7F3FEDDE74FF400712046FFF7EDFE4A
S2140368A0E0E773B5064601200C46FEF7B1F8002371
S2140368B005461A46009321463046FFF7B3FF6B683A
S2140368C063B14FF480712046E5F70EF855E8003FB4
S2140368D043F4007345E80032002AF7D1FBF76EFD58
S2140368E005462046FEF7ADF828B103881BB14FF4E2
S2140368F00070EAF777F9284602B0BDE87040FBF768
S21403690063BD38B505460C46FEF782F883684BB17F
S214036910022120460022984721462846BDE83840F3
S214036920FFF7BFBF38BD012938B505460C4608D06A
S214036930CC1E012C03D801460120FFF7E2FF0120FD
S21403694038BD2221FEF7E8F820462946FFF7D9FF8F
S2140369500020F5E708B5FEF75BF8006800F0F000E6
S21403696008BD10B5014604460120FFF7F3FF20B922
S2140369702146BDE81040FFF7EDBF10BD70B50646D3
S2140369800C4601460120FEF743F831460546002033
S214036990FEF73EF82B680268014643EA0200C0058C
S2140369A01ED49B0502F4007203D49AB94FF0FF304D
S2140369B070BD2B8A1B1B98B27AB1098A091B89B250
S2140369C08842A8BF08464FF6FF73984208BF4FF0A9
S2140369D0FF30EDE74FF6FF70EFE74FF6FF71EFE797
S2140369E00120E5E72DE9F341044601910146012024
S2140369F01546FEF70DF8214606460020FEF708F872
S214036A0080462046FEF70DF8810606D501A807F056
S214036A107AF90C2002B0BDE8F081FBF7CFFC3368AF
S214036A2007469A0503D4D8F800309B0509D5019983
S214036A30301D8D6007F04EFA3846FBF7C5FC002084
S214036A40E8E7FBF7C1FC20460199A847E2E738B51B
S214036A50014604460120FDF7DBFF05460C3007F030
S214036A6052F9281D07F04FF921460020FDF7D0FF05
S214036A7004460C3007F047F9201DBDE8384007F000
S214036A8042B970B5014605460120FDF7C1FF06462B
S214036A90043007F0B5F9044670B14FF40071304680
S214036AA0FFF7EBFD21462846A368984720B120460A
S214036AB0BDE87040FAF71CBF70BD00238260C0E9D2
S214036AC00031704708B50B4601461846FDF7A0FF90
S214036AD00068C0F3402008BDFFF725BFCB1E012B7F
S214036AE070B504460D46164606D81A21FEF714F866
S214036AF040212046E4F7F8FE324629462046BDE804
S214036B007040FFF710BF38B504460D46FDF7F0FF9B
S214036B1028B1012D04D122212046FDF7FDFF0020D8
S214036B2038BDF8B50C468B7907460B44D3F80D6091
S214036B30D3F811303246E5F739FB09212046FFF733
S214036B40EFFD2046E6F7E8FFA579E6F70BFF0C35E1
S214036B5066F0FF0625440640C5F80160E6F702FF27
S214036B603846C5F805102146FFF7D8FD02213846FA
S214036B70FFF7BEFDF8BD70B50E460546014600207C
S214036B80FDF746FF012E044603D0022E11D0012046
S214036B9070BDC16828468B7919440D31FEF749F854
S214036BA0E068FAF7A5FE00202946E060FFF779FEC5
S214036BB0EDE7C068FAF79CFE0023E360E7E738B525
S214036BC00D46044601460120FDF722FF012D08D19C
S214036BD000F112012046FEF72CF821462846FFF75F
S214036BE060FE012038BD08B5FDF71BFFC0F3C000EB
S214036BF008BDF8B50C460746FFF7F5FF80F001061B
S214036C00F6B239463046FDF703FF0546C068012C49
S214036C10837903D0022C1BD00120F8BD0C33C41893
S214036C2023893846E288A188FEF7D9F86188627816
S214036C304900384689B25200FDF73AFFE868FAF78A
S214036C4057FE002339463046EB60FFF72AFEE3E79C
S214036C50FAF74EFE0023EB60DEE708B5FDF7E9FE24
S214036C6000F0010008BD38B50C4602210546FDF7C5
S214036C70E2FE0C212046FFF753FD2046E6F74CFFC5
S214036C804FF0FF3383700223C3700D2343706FF0FE
S214036C902F0303710523214643712846BDE8384078
S214036CA0FFF73CBD042910B5044601D0002010BDF3
S214036CB0FFF799FFC0F10200E6F7FAFD0028F5D1C9
S214036CC007F0E5F9014608B90220F0E72046E7F7A2
S214036CD033FA0028F8D10120E9E708B5FDF7A1FE4D
S214036CE0C0F3C00008BD2DE9F0410F4604469046A8
S214036CF0FFF7F3FF80F00105EDB221462846FDF7C6
S214036D0087FE012F064603D0032F0FD001200BE08A
S214036D102046FEF732FB22212046FDF7FDFE2846DD
S214036D202146FFF7EEFD0020BDE8F081C068FAF7C4
S214036D30DFFD00232046F360FEF71FFB20465FFAC5
S214036D4088F1FDF7E9FE20462021E4F7CDFD214634
S214036D502846FFF7D6FDD9E737B504460D46FDF7B7
S214036D6068FE03054CD5022007F091F90190002830
S214036D7048D0204645B3FFF7B0FF50B10521019830
S214036D80FFF7CEFC0198E6F7C7FE20460199FFF70A
S214036D90C5FC20462946FEF7FBFA2046FFF79DFF73
S214036DA078B94FF400612046FDF740FE06210198AE
S214036DB0FFF7B6FC0198E6F7AFFE20460199FFF70A
S214036DC0ADFC002003B030BDFFF787FF68B1019923
S214036DD0032306222046FFF7B7FC2046FEF7CDFA2C
S214036DE021462846FFF78DFDEBE701A806F08BFF4B
S214036DF020463D21FEF71FFA2046FEF7BEFAE0E7DF
S214036E000C20DFE70720DDE7F7B501460446002040
S214036E10FDF7FEFD054600F112074FF48060E6F726
S214036E2047FD50B92046E4F749FD3A46698B80B2E0
S214036E3003B0BDE8F040FFF7E1BA2046E4F73EFDB5
S214036E40064620466D8BFDF7EAFD002203460092B8
S214036E5029463A46B0B2FFF7F0FA03B0F0BD83789E
S214036E601A2B09D81B2383700288B2F5A47F07D296
S214036E704FF4A473038007E0FB2BF5D9FB23F2E75B
S214036E8044F290239A42F5D87047F0B50446CA797F
S214036E908B7987B043EA0223ADF80C308B8803A8BE
S214036EA08DF80E30CA788B7840F6480543EA0223FD
S214036EB0ADF810300B8805A98DF81230FFF7CFFF19
S214036EC004A8FFF7CCFF2046FEF7E5F90B21204682
S214036ED0FEF79BF944F29023002818BF1D46BDF821
S214036EE00C709DF80E30BDF81460BDF810209DF8A8
S214036EF016009DF81210AF42D4BF00970095FB2BE7
S214036F00A8BFFB23B242A8BF32468142A8BF0146B0
S214036F102046FDF7D7FF07B0F0BD37B51446054644
S214036F201046FFF7FDFB2046E6F7F6FD01A90446EB
S214036F302846FEF7B0F90B212846FEF766F96FF0F0
S214036F4004036370002344F29022A37040F64803C0
S214036F50002818BF1346A4F803309DF80630A4F89B
S214036F600530BDF80430A4F8073003B030BDFFF792
S214036F70DABC022973B505460C4603D00024204626
S214036F8002B070BD0521FEF711F90028F6D0E4F72C
S214036F90D5FF1B28F2D94FF40040E6F789FC0028FA
S214036FA0ECD107F074F806460028E8D0284601A975
S214036FB0FEF771F9314628469DF80630BDF80420E1
S214036FC0E7F78EFB0028D9D10124D8E730B190FA31
S214036FD0A0F00123B0FA80F08340D8B2704770B5B2
S214036FE00646FDF726FD80F0400402060546C4F378
S214036FF0801406D408213046FEF7EDF808B144F0B5
S2140370000204EB0506D40B213046FEF7E4F808B17C
S21403701044F00404204670BD2DE9F8430446914627
S2140370200F46FDF706FDC0F340152046FDF7DAFFD1
S214037030214680462846FDF7EBFC49460646204691
S214037040FDF76AFD98F80110384601F00F0100F0CD
S214037050FCFB062814BF014600212A462046FDF7FE
S21403706065FF21462846FFF71CFC20212046FDF736
S214037070E5FC56E8003F43F4805346E80032002A16
S214037080F7D1BDE8F883F8B50E4604461546FDF776
S214037090D0FC032EC0F340170DD0042E16D0012EBD
S2140370A012D122212046FDF737FD38462146FFF749
S2140370B028FC0020F8BDEAB200212046FFF7ACFF0B
S2140370C021463846FFF71DFC0120F3E70C22F3E7C1
S2140370D0012910B504460BD1FDF7ABFC2146C0F3DE
S2140370E04010FDF795FC0022817C2046FFF794FFB5
S2140370F0012010BD2DE9F7430F460546FDF799FC21
S21403710000F02009C0F340182846FDF76BFFBB7953
S2140371100C333B445E789B781E400378C3F303002E
S21403712000EA13103040FFF751FF044648B9B9F19F
S214037130000F06D12846FFF752FF3040FFF746FF01
S21403714004462846FDF751FFE8F71EFBA04223D06E
S2140371501CB302212846FDF790FC0021064628466C
S214037160FDF7DBFD18213846FFF7DAFA3846E6F76F
S214037170D3FCB6B2394644708470A0F80360284640
S214037180FFF7CCFA23462246294640460096E7F701
S214037190E1FA03B0BDE8F08300242646E2E770B5C3
S2140371A004460D46FFF7DDFB28B929462046BDE811
S2140371B07040FFF79FBF402829462046BDE8704031
S2140371C04FF0160314BF2A222322FFF7BDBA38B5A1
S2140371D005460C46FDF72DFC830604D42046BDE881
S2140371E03840FAF785BB21462846BDE83840FFF706
S2140371F081BF73B58C7906460C340C440D46FDF7F7
S21403720018FCA278C0F34010032A14D0052A28BF1E
S21403721000226378032B10D0052B28BF0023B4F875
S214037220031000913146E7F795FA284602B0BDE809
S2140372307040FAF75DBB0022EBE70023EFE708B5E3
S2140372408B790B441B7B162B03D0172B05D0002002
S21403725008BDFFF7A4FF0120FAE7FFF7B8FFFAE738
S21403726008B58B790B441B7B162B03D0182B05D044
S214037270002008BDE7F798FA0120FAE7FFF7B9FF01
S214037280FAE77047012910B504460FD003390129E0
S2140372900AD8FEF7ABFA4FF480412046FDF7CEFB43
S2140372A021460120FFF72DFB012010BD2221FDF70B
S2140372B033FC4FF480412046FDF7C0FB2046FEF723
S2140372C095FA0020F1E72DE9F0478B7904460C3355
S2140372D011F803800D46B8F1240F86B001EB0306C0
S2140372E000F09980B8F1250F00F0C680B8F1230F9F
S2140372F040F0FB80002796F90230212103EB83033D
S2140373005B00ADF8143096F903308DF8127003EB7A
S21403731083035B00ADF816308DF81370FDF746FF58
S21403732030B92323202229462046FFF70DFA5CE0D6
S2140373304FF400412046FDF77EFB40F2EC43BDF9D7
S21403734016209A4202D143461E22ECE77278D307F0
S21403735052D53B46394600E00121012000FA03F3EB
S2140373609A43DED10E1831462046FEF7AAF90028C6
S2140373704CD00DF1130301930DF112030093314624
S21403738020460DF1160305AAE5F702FE2046FDF793
S21403739050FB420448BFFF234FF0240148BF8DF83B
S2140373A0123028469DF81390BDF91470BDF9166087
S2140373B09DF81280FFF7B4F92846E6F7ADFB4FEACF
S2140373C0490303F00203C9F3400943EA0903437080
S2140373D00A2397FBF3F796FBF3F68770C67080F8DD
S2140373E0048029462046FFF799F9012006B0BDE838
S2140373F0F08702210B46B0E79607C2F34003ABD4EF
S2140374005007F6D411078CD50321F3E740F2EC437B
S214037410ADF81630BAE701460120FFF772FA2046A8
S214037420FDF707FB430403D42846FAF761FADCE7C3
S2140374304FF480412046FDF701FB96F903307E2B7F
S214037440F2D02046FEF738F933797278029396F92C
S2140374500330014603EB83035B00019396F9023086
S214037460204603EB83035B000093C2F3400302F062
S2140374700102FEF735F9D7E72221FDF797FE08B993
S21403748043464FE796F904307E2B3FF45CAF204625
S214037490FDF7A8FD4FF00109804600234FF0FF0AD1
S2140374A098F8001072785F1C02EA111209FA03F1C9
S2140374B00A4216D0B278CDF808A096F904302046D2
S2140374C003EB83035B00019396F90330F9B203EBF6
S2140374D083035B000093C2F3400302F00102FEF74E
S2140374E0FFF8042F3B46DBD19EE700207EE7022908
S2140374F010B504460CD1FDF778FD00220146204660
S214037500FEF72BFA30B1C31F58425841400010BD56
S2140375100020FCE70120FAE72DE9F0478A462221FE
S214037520804615461F46BDF92090FDF73FFE60B323
S214037530022006F0ACFD064648B32521FFF7F0F817
S2140375403046E6F7E9FA6B0003F00203C5F340059D
S2140375501D4385700A2540F2EC4397FBF5F79945E2
S214037560044680F801A0C7700DD04846E8F72EF908
S21403757090FBF5F35BB2404631462371FFF7CEF836
S2140375800020BDE8F0877E23F5E71120F9E7072002
S214037590F7E71FB54A1E042A03460C465FD801299F
S2140375A002D1008804B010BD022905D100885B888B
S2140375B0984238BF1846F5E74A00014601A806F088
S2140375C044F8032C07D10023ADF80A304FF6FF73B7
S2140375D0ADF80C3001E0042CF8D0BDF80620BDF859
S2140375E00430934284BFADF80630ADF80420BDF8EE
S2140375F00A30BDF80C20934288BFADF80A20BDF8C8
S2140376000A2088BFADF80C30BDF80430934288BF1B
S214037610ADF80A30BDF80620BDF80C309A4288BF94
S214037620ADF80630BDF80820BDF80630934284BF97
S214037630ADF80830ADF80620BDF80A30BDF80820CE
S2140376409A4288BFADF80830BDF80820BDF806306A
S2140376509A4238BFADF80830BDF80800A2E74FF6E7
S214037660FF709FE74A1E062A13B503460C4600F230
S214037670AF80012903D190F9000002B010BD0229A2
S21403768007D190F9000093F901309842B8BF184625
S214037690F3E70A460146684605F0D7FF032C0AD1EE
S2140376A080238DF803304FF4FF43ADF804307F2377
S2140376B08DF8063009E0042CF5D0052C03D1802381
S2140376C08DF80530F3E7062CF1D09DF900309DF9CF
S2140376D005209342C4BF8DF800208DF805309DF930
S2140376E003209DF900309342C4BF8DF803308DF814
S2140376F000209DF901309DF906209DF90010934264
S214037700C4BF8DF801208DF806309DF904209DF93D
S21403771002309342C4BF8DF802208DF804309DF9E1
S2140377200120BDF8003091425BBA9DF90520C8BF21
S214037730ADF800309DF903309342C4BF8DF80320A3
S2140377408DF805309DF906209DF902309342C8BF97
S2140377508DF802209DF902109DF90320C8BF8DF80D
S2140377600630BDF8023091425BBAC8BFADF80230AE
S2140377709DF903209DF906309DF904109A42C8BF6F
S2140377808DF803309DF90520BDF8043091425BBAAD
S214037790C8BFADF804309DF904209DF9013093422B
S2140377A0C4BF8DF801208DF804309DF903209DF9A0
S2140377B001309A42B8BF8DF803309DF903209DF936
S2140377C004309A42C8BF8DF803309DF9030054E78E
S2140377D06FF07F0051E710B5418904468389C2895B
S2140377E00846FEF72CFFE0B1E279531E072B19D8A3
S2140377F06389934216D922899A4213D8237C43B9C4
S214037800637C33B9A37C23B9E07C10B9237D0F2BAB
S21403781007D9607D1B3000F01F000B288CBF0020AB
S214037820012010BD0020FCE708B5E8F7EDFBBDE836
S21403783008400020E8F756BCC94350E8003F0B4019
S21403784040E80032002AF8D17047022808D00428FE
S21403785003D0012818BF0620704701F00101C81C99
S2140378607047E8F7A3BF0A2802D80130C0B27047B2
S214037870242801D80230F9E7252805D0262805D084
S214037880272818BFFF207047002070470C2070473A
S21403789008B5E7F7F5FFBDE808404FF00060E9F7E5
S2140378A0A1B908B5E8F788FF20B1BDE80840102065
S2140378B0FFF7EEBF08BD70477047704770477047C5
S2140378C000207047704770477047704770471046F0
S2140378D01946704700200021704705F04DBAF2F7AD
S2140378E0CBBD05F001BB08B5E8F7CCF920B1BDE880
S2140378F008400420FFF7CCBF08BDF0B587B00D469F
S21403790016468DF8070002B9A3B329469DF807006B
S214037910FCF73EFD0446B8B929469DF80700FCF778
S2140379203BFD40BB16B39DF80710003918BF012175
S21403793028460DF10F02E8F7FBFDF8B99DF80F4056
S214037940013418BF012416E004AF012239460DF1B5
S2140379500700FCF71FFD04464EB19DF80730191EBD
S21403796018BF0121002818BF3D46E1E70124FCF7B4
S21403797000FD00B90124204607B0F0BD4FF0FF34E8
S214037980DEE737B50246136A084603F4007403F4C9
S2140379900015DB0505D47CB9E5F7A4FE204603B045
S2140379A030BD4CB9B5FA85F4D2F8551064090160B8
S2140379B0B2F859208280F1E7019092F95430B5FA73
S2140379C085F4009300231A4619461846FCF7DAFC9A
S2140379D06409E3E770477047024619460020E8F754
S2140379E085BC002070470020704707B500214FF084
S2140379F0FF336A46084600938DF80430E8F70CFE1A
S214037A0003B05DF804FB38B50546006806F01DF8BC
S214037A100446287900F01F0006F017F82044C0B289
S214037A20012894BF0020012038BD7047914270B5ED
S214037A300D4614461E4609D2FFF713FF641B013496
S214037A4090FBF4F303FB14000544ACB23480FFF759
S214037A5008FF33880133B0FBF3F202FB1300049BE9
S214037A60188070BD70477047704708B5202000F037
S214037A7042FF003818BF012008BD08B5FFF7F5FF21
S214037A8020B1BDE80840202000F03DBF08BD73B517
S214037A9006460D461446D2B100F02AFFA84218D86F
S214037AA0304600F03AFF01460190A0B100232A4673
S214037AB0204606F01EF901A806F025F92246022004
S214037AC052F8041B00F0D6FE002002B070BD222040
S214037AD0FBE72120F9E72D20F7E708B5F9F73AFC8D
S214037AE008B1012008BD00F064F8F9F73BFC002854
S214037AF0F7D1EBF79DFC003818BF0120F2E708B575
S214037B00E9F71EF800280CBF0420012008BDE9F79A
S214037B1025B80020704730B50446154687B008469A
S214037B20FEF77BFD122200210DF1060005F082FD13
S214037B30A368ADF804500293E3680393E38BADF8B0
S214037B401030238CADF81230FFF7E3FF029B8DF85D
S214037B50140043F41053029300F039FE18B1029B4D
S214037B6043F004030293029B01A843F48033029379
S214037B70E5F7B0FE10F0FF0516D1A38C0DF1020158
S214037B80ADF80030E38C6846ADF8023000F097FDA0
S214037B90E9F780F8FEF73FFD012104F0D3FFEAF78B
S214037BA06BFD284607B030BD40F20C40FAE7E9F714
S214037BB081B8FBF7C4BBE2F75DBBC160704741EA1F
S214037BC0002008B540F49020FBF73DFE014640B187
S214037BD010F1880F05D0BDE8084040F20740EDF7E6
S214037BE009BD08BD0120704770B50C460646114610
S214037BF01D46E9F727F958B144EA06206FEA4040E4
S214037C006FEA50402A46BDE8704080B2E9F76EB886
S214037C1040F2064070BD837901461A0703D5062253
S214037C200020E9F799B99B0602D506220120F8E75A
S214037C304FF0FF3070478379532B01D1E9F7BEB974
S214037C40FFF7E9BF70B5064614461D46E9F7FAF88E
S214037C5010B90024204670BD41EA06206FEA404072
S214037C606FEA50402A46214680B2E9F75DF80028BD
S214037C70F0D0EEE713B50446E9F7E4F810B90020B0
S214037C8002B010BD08226B4611462046FFF7DAFF06
S214037C900828F4D19DF80230002BF0D09DF903009C
S214037CA0013018BF0120EBE7704700207047002023
S214037CB07047532838B505460C4604D1BDE838400E
S214037CC00846EDF71BBD0620F9F7C0FF68B96379D0
S214037CD0142D03F03F03637104D0722D08D163F0B3
S214037CE03F0363710020A57138BD40F20740FBE7F0
S214037CF02120F9E71FB550F80C4BADF80A3094F87D
S214037D007040069BADF806108DF8082040F203512C
S214037D1001AA8DF80440039305F02AFF10B906A8BC
S214037D2005F0F1FF04B010BD2DE9F0414FF0000857
S214037D3086B004460E461546CDF80C8000F144077F
S214037D4012B303A805F0DFFF384605F0DCFF84F81E
S214037D501C8000233246009318212B46204600F051
S214037D6061FF05F58855204650F80C3B40F2055157
S214037D7093F8703004AA8DF81030059505F0F8FED8
S214037D80002006B0BDE8F08143691A0710D4A84660
S214037D90384605F0D6FF03460390C0B903A805F09E
S214037DA0B2FF384605F0AFFF0023237755B1D0E77F
S214037DB023F00803436103A805F0A5FF384605F042
S214037DC0A2FF2577204600F0A9FF0025CBE7997987
S214037DD0204601F10C021A44B2F801600531B2F8EC
S214037DE003209971314601F0AFFCCDF80C800028D2
S214037DF0CED00546D2E72DE9F84F0E4691469A4671
S214037E0005469DF828B010B1037C012B60D02846A8
S214037E1001F0B1F9304601F02AFB002231468046D4
S214037E20284601F097FB0746304601F019FE42F656
S214037E30052398421CD118F0300F26D1BBF1000F52
S214037E4033D018F0200F3FD0BA073FD5EB8B002B6B
S214037E5038D153464A463146284600F091FF044639
S214037E60E8B940F20A412846EE8301F092F916E09B
S214037E70284601F035FA0028DDD0284601F045FAF9
S214037E800028D8D041F2121409E0B907D6D03146FB
S214037E90284601F0FBFB0028D0D000F5885428467E
S214037EA001F06EF92046BDE8F88F18F0100F0BD0DE
S214037EB0FB070BD553464A463146284600F03DFF9E
S214037EC00446ECE70524EAE72124E8E70224E6E78C
S214037ED00724E7E72DE9F047002586B09DF838909C
S214037EE090F81CA004460F4690460F9E0577B9F1FE
S214037EF0000F09D00A464B465146009600F092FE04
S214037F00284606B0BDE8F087BAF1080FADF816901C
S214037F1026D145893246043DADB29D424FF002015B
S214037F204FF00900A8BF1D4600F00DFE0222814651
S214037F3005A93046ADF8147006F0A7F92A4641465F
S214037F40304606F0A2F90546831C3146204689F8DA
S214037F500130EBF771FCADF81650BDF81600D0E70C
S214037F60BAF10A0F0DF116020CBF0B210D21CDE954
S214037F70016200930122434600F078FE1A28ECD1F2
S214037F8011233A4651462046CDF80090ADF8169098
S214037F9000F048FEE1E7F0B5002589B01746012258
S214037FA004460E460393ADF8165001F002FB8DF817
S214037FB01500002846D1304601F073F910B130465B
S214037FC001F031FA304601F062FAB8B103A805F0C1
S214037FD09AFE204650F80C2B237F92F8702040F22E
S214037FE002518DF8182006AAADF81A608DF81C30D9
S214037FF0ADF81E7005F0BCFD09B0F0BD0DF115031C
S2140380000DF116023146204601F070FB9DF815303F
S21403801002465BB9BDF81630BB4235BF0723DB1BF0
S2140380208DF81530D21928BFADF81630039B3146AC
S21403803001939DF8153020460093BDF81630FFF7E0
S21403804049FFD9E72A46F1E7F7B51E460023136032
S214038050338004460D46174601F023F910B1204637
S21403806001F0E1F9214600200DF105030DF10602AA
S21403807001F03CFB9DF8054024B9BDF806402CB939
S214038080002001E004F5885003B0F0BDAC4204D3F1
S2140380902844641B38603480F2E741F20710F3E7A4
S2140380A070B504460D46164601F0FBF840B9334654
S2140380B02A46214601F048FB08B100F5885070BDFA
S2140380C041F20310FBE71FB550F80C4BADF80A302E
S2140380D094F87040069BADF806108DF8082040F221
S2140380E0015101AA8DF80440039305F041FD10B930
S2140380F006A805F008FE04B010BD1FB550F80C4BDB
S214038100ADF80A3094F87040BDF81830ADF8061094
S2140381108DF8082040F2045101AA8DF80440ADF80A
S2140381200C3005F025FD04B010BDF0B5122785B060
S21403813003920777022205460E4601F03AFA0446F2
S21403814068B103A805F0DFFD00232B770023324632
S214038150009312212346284600F064FD0FE0039A9D
S214038160304693790333937101F091F948B1039B39
S2140381703A460093314623462846FFF7BBFD05B033
S214038180F0BD42F6293001F0D2FBB04220D103986D
S21403819030B903A805F0B7FD00230D242B77D5E7E8
S2140381A005F036FE80B20128F3D1039B28469A7960
S2140381B01344197B01F0CFF8044603A805F0A3FD8A
S2140381C000232B77002CC1D1284600F06EFDD6E79E
S2140381D0224631462846039B01F0B6FA0446EFE7EB
S2140381E02DE9FF410392042204460D4601F0E1F90E
S2140381F0074628B103A805F086FD04B0BDE8F08164
S2140382004FF05208039A284693790333937184F800
S2140382101C8001F03CF9064640B1039B424600939E
S21403822029463B462046FFF765FDE6E742F629303A
S21403823001F07DFBA842039B0BD19A792046134499
S214038240197B01F088F803A805F05DFD002323776A
S214038250D3E732462946204601F076FAF6E72DE9BB
S214038260FF418B7904460C330B44B3F801700E467A
S2140382703846B3F8038001F0F2F8002858D00222FB
S2140382803946204601F095F90546E8B9384601F027
S214038290FEF868B116222277B37939460533B371EF
S2140382A0204643460096FFF725FD04B0BDE8F0815F
S2140382B0F9F7B4FA33461B680135EDB2002BFAD151
S2140382C00635A8421DDC092504F1440005F01BFD14
S2140382D02B463A4616212046009600F0A3FC092DAD
S2140382E0E3D1204650F80C3B40F2055193F870302A
S2140382F002AA8DF8083041F20913039305F038FCFF
S214038300D3E70121304605F08BFF01460028DAD07B
S21403831004F1440005F0DEFDB37942460533B3713C
S21403832039463346204604B0BDE8F04100F0CCBCE5
S2140383300125C9E713B5044641B9443005F0E3FC0B
S214038340204602B0BDE8104000F0E8BC182243699E
S214038350027713F0080306D0002319460093FFF7AD
S214038360C9FC02B010BD1A46194602B0BDE810405B
S214038370FFF7DABC7FB5C58B04462DB342F605205E
S21403838001F0D5FAA84207D10021204600F0C4FF29
S214038390636923F001036361002640F20A41204625
S2140383A000F0FDFE29460DF10E022046ADF80E60E4
S2140383B001F0D0F8BDF80E200346009229460222AB
S2140383C02046FFF79AFEE68304B070BD2DE9F74317
S2140383D005460F46904601F042F898B3284601F04A
S2140383E046F810F0300F30D0284601F040F8064625
S2140383F0002000F049FF044606F010091CB9204689
S21403840003B0BDE8F08300222946204601F0A2F817
S214038410B9F1000F01D0C10712D4B20617D58307EE
S21403842015D5012300933A46434629462046FFF7CF
S214038430E2FC1A28E4D0204600F026FF0446DDE7D7
S2140384400023EFE741F20110DAE72120D8E7022004
S214038450D6E7F7B504461F460E46154600F08BFED4
S214038460237C012B58D0237F182B2CD063691B0742
S21403847013D5217F16292DD008D8122914D002250A
S214038480204600F07DFE284603B0F0BD18291AD01A
S2140384905229F4D10023237713E0304600F0F7FF88
S2140384A00028E6D12125EBE70023237735B1009397
S2140384B032462B46204600F0B5FB02E0204600F08D
S2140384C0F4FB0025DCE72A4631462046FFF72CFC62
S2140384D00546D5E700232377002DE8D1052117208D
S2140384E0BDF82430089A009500F051FB20B91123FB
S2140384F0324612210095DDE700F006FB626903466B
S21403850042F00802626182793146053282713A4648
S214038510204600F0D9FBD4E70725B1E72DE9F04163
S214038520054688B042F6052001F001FA064604A87F
S214038530ECF7B6F9102205F121010DEB020005F068
S2140385404FF850B10121284600F0E6FE284601F018
S214038550A0FA6B6923F001036B6142F60303022062
S21403856003A9ADF80C30ECF7E3FA012407464FF005
S214038570000820463A464FF6FF7101F09DF904467F
S21403858010B908B0BDE8F08100F069FF0134A4B269
S2140385900028EED0A64203D131462846E9F782F9F1
S2140385A0214628460DF10E02ADF80E8000F0D2FFEC
S2140385B003460028DDD0BDF80E202146009228464B
S2140385C00122FFF79AFDD4E708B5ECF757F9002028
S2140385D0E9F7F6FD002008BD10B90120E9F7E4BE6F
S2140385E070470220E9F7D6BE0020E9F7D3BE38B5B8
S2140385F00C460546E4F790FE4379C47523F003035F
S21403860043F0030343710923837104F10C03C3711D
S214038610A0F81550153038BD2DE9F3410D46164622
S2140386208046E4F779FE05F10C03C37143790446EB
S21403863023F0030343F0030343710923019083717B
S214038640A0F8158000F11507304605F0E1FB334628
S2140386500544E5753BB901A8314605F03BFC3846B1
S21403866002B0BDE8F0815A7922F0030242F002021A
S2140386705A711B68EEE708B5E4F754FE83790C33AA
S214038680184408BD08B5E9F7DDFDECF7DFFDE8F7AC
S214038690CFFFEBF7B9FFBDE80840FFF7A5BF10B55E
S2140386A00446E9F77BFF20B92046BDE81040F8F7FB
S2140386B0AFBF2046F8F7ACFFFFF793FFF1E773B5BC
S2140386C00E4605F08DFE044600BB42F6072001F079
S2140386D02EF90546D0B10A22B6F900300021002B48
S2140386E0CBBF0533053BB3FBF2F393FBF2F35BB26D
S2140386F08DF8073001230DF10702184605F0F2FD49
S214038700002203462946104601F01EF8204602B012
S21403871070BD430803F05503C01A00F03303C0F3DB
S214038720850000F03300184400EB101000F00F0033
S2140387307047002110B5421D441E14F8010FFFF7C1
S214038740E8FF94420144F8D1084610BD0E20704756
S2140387500E2070470E2070470E20704708B5012183
S2140387600220E9F727FF002008BD0078EBF7E0B802
S21403877013B50C460DF107020DF10601EBF7C8F928
S21403878030B19DF80600031B5842584102B010BD95
S2140387900120FBE77047704708B5ECF751FB002054
S2140387A008BDECF7B5BEEAF7D9BBEAF7D9BE02F0C7
S2140387B00DB802F00DB87047704770477047E8F77A
S2140387C05FBB0F2070470F2070477047704700202D
S2140387D07047704770477047F8B504460F4616460D
S2140387E013680A461D0A0021043504F023FFEDB280
S2140387F021222046394605F0D4F92046294605F0BD
S21403880059FAA27933681444E360F8BD7047704799
S214038810704770477047704702464FF482712020B6
S214038820FFF735B9FFF7C1BF014608B500F03800BA
S214038830EAF732FD78B1D0E901324078C1F3074157
S21403884010F0020F08BF1346043B53F8040F10B191
S21403885002788A42F9D108BD38B505460C4604B9F4
S21403886038BD013C55F824301B69002BF7D09847D8
S214038870F5E770477047F8B543780546DB0701D43C
S214038880EAF74CFD00266B786F6823F00C0343F081
S21403889002036B7057F826402CB9202005F10C0113
S2140388A0F9F770F80FE0A3680136002BF2D098476B
S2140388B004460028EED031463846FFF7CDFF6B78E6
S2140388C023F002036B702046F8BD4078C0F34000E7
S2140388D07047437813F00E0F0CBF0120002070473B
S2140388E010B5EAF785FD0446EAF79AFD204610BD63
S2140388F04FF48270704708B5EAF7CEFCC0680038BC
S21403890018BF012008BD08B5EAF7C6FC20B1BDE8CC
S2140389100840C06805F028BA08BD38B5EAF7BCFCBD
S214038920044650B1F9F74AFD054604F10C0005F07C
S21403893008FA04462846F9F747FD204638BD37B5FA
S2140389408379019003440446D86800F03800EAF7B8
S214038950A3FC054628B901A805F0D5F9022003B003
S21403896030BD204605F0D9F9F9F728FD04460199EC
S21403897005F10C0005F0AEFA2046F9F725FDE8F7F9
S214038980EDF80020EBE72DE9F04104461F462502EB
S214038990C4F3072305F4E06524F47F441D4324F061
S2140389A0C704EE1944F080048B7944EA1624360291
S2140389B0B6B20C333443084601EB0308CC501146D9
S2140389C0FFF7BDFF20B94544EF704046BDE8F08190
S2140389D04FF00008F9E7427810B50432044601F078
S2140389E00400D2B2002140F0290005F011FC18B1B2
S2140389F0837922680344DA6010BD10B50021FFF7BF
S214038A00EAFF044608B9002010BD0179FFF797FF77
S214038A100028F8D1A3790C33E018F5E72DE9F041E7
S214038A2017461A46036801F004011C0204F4E064C6
S214038A30C3F307231C4341F02905043406463B468B
S214038A402146284605F04EFC804650B1E1B205F0BB
S214038A509AF93B462A4641463068BDE8F041FFF79F
S214038A6092BFBDE8F0812DE9F341002401F0040133
S214038A700768064641F029051068294614600190E8
S214038A8005F04BF9019805F0C3F9390201F4E061EA
S214038A90C7F30727394380460122043101A805F0AE
S214038AA033FB30B101A805F02EF9204602B0BDE82D
S214038AB0F08143462A4601993068FFF764FFF5E7DD
S214038AC07047002307B5CDE9003369468DF80200E9
S214038AD04FF0FF3004F0D2F803B05DF804FBA0F8C3
S214038AE06E10704701238B4090F87110194380F87D
S214038AF07110704708B50120F8F7B0FEC0B208BD84
S214038B0083790C33184470471438704710B50446FD
S214038B10A1F1140005F07CF9201A20EAE07080B277
S214038B2010BD70B51C460D461646FFF7EFFFA04274
S214038B3007D322463146A5F1140005F0A6FB012013
S214038B4070BD0020FCE770B506460D4614467AB99C
S214038B500A462046082105F05BFB044690B92A46E0
S214038B600821292005F054FB044658B9204670BD59
S214038B70104605F0C8F8204605F07DFA08231D4484
S214038B80A371E571A3790C331C442670EEE72DE937
S214038B90F0411646069A074688461D46FFF7D3FF5A
S214038BA00446F0B114382A463146069005F06DFBAC
S214038BB0854217D9069B06A81C7904F0200405F005
S214038BC0A2F874B942460821292005F021FB2A465B
S214038BD03146069005F059FB854206D906A805F0EE
S214038BE092F800242046BDE8F081069A93790C3368
S214038BF0D418D754F6E711B11439EAF71DBE1A2074
S214038C00704738B5002204460D4602200321FFF7BD
S214038C109AFF014608B1A0F801502046BDE8384047
S214038C20FFF7E9BFF8B504460F46164605210120AF
S214038C30069A1D46FFF787FF014638B14770468000
S214038C4005712046BDE8F840FFF7D5BFF8BD38B537
S214038C500D46032104460846FFF775FFA0F80150AA
S214038C6001462046BDE83840FFF7C5BF73B5054645
S214038C70084611466C891A46641ABDF81830A4B221
S214038C809C4228BF1C46079B089E00932346FFF77B
S214038C907EFF014630B12846348002B0BDE87040FE
S214038CA0FFF7A9BF1A2002B070BD012110B500223C
S214038CB004461320FFF747FF014620B12046BDE8D0
S214038CC01040FFF798BF10BDF7B544890546184610
S214038CD00F461646019305F09BF8053CA4B2844262
S214038CE003DA011B01A805F035F90521019805F003
S214038CF0D2F9014628B901A805F005F81A2003B0F1
S214038D00F0BD83790C33C2181720C8542846A2F83E
S214038D100170A2F80360EAF78FFDF0E7012110B5B2
S214038D20002204461920FFF70EFF014620B1204615
S214038D30BDE81040FFF75FBF10BD73B50E460021B8
S214038D4044890546033CA4B2A342009128BF2346A8
S214038D5003211B20FFF71BFF014670B1012210F809
S214038D600F3CA0F8016062F3071300F80F3C284697
S214038D7002B0BDE87040FFF73EBF1A2002B070BDD8
S214038D8073B50E46002144890546033CA4B2A342AC
S214038D90009128BF234603211D20FFF7F8FE014656
S214038DA038B1A0F80160284602B0BDE87040FFF76E
S214038DB022BF1A2002B070BD4B88042B07D1836CE8
S214038DC008885B8998428CBF0020012070470020EA
S214038DD0704710B50446806920B10021EAF768FCA5
S214038DE00023A36110BD38B5A0224FF4A07300255D
S214038DF0C0E907230723044680F83130C58185710F
S214038E00103004F080FF04F1140004F07CFF2046C9
S214038E10FFF7DFFF40F20113E3857F2384F8323048
S214038E202046A5626562BDE83840FEF73DBF07B53C
S214038E3001228DF807100DF1070105F026FA03B09D
S214038E405DF804FBF7B505464FF428500C4600F0D2
S214038E506EFD064600F003FBB0B3022C02D80020DA
S214038E6003B0F0BD002731460DF105030DF10602F0
S214038E703846ADF8067000F039FCBDF80620631ED0
S214038E80934206461EDC072C1AD9023CADF8064070
S214038E900824BDF80630002BE1D00133D9B22846AA
S214038EA0FFF7C5FF21462846FFF7C1FF3146284690
S214038EB0BDF8062005F0E9F9BDF806000230CFE755
S214038EC0ADF806700924E4E74FF0FF30C8E702293F
S214038ED02DE9F34104460D461746184603D80020ED
S214038EE002B0BDE8F08100F022FD064600F0B7FAB6
S214038EF00028F4D04FF0000831460DF105030DF1BC
S214038F0006024046ADF8068000F0F0FBBDF80630DA
S214038F10BDF820200646934228BF1346AB4228BF1F
S214038F202B469DF80500ADF80630C0B9002BD7D008
S214038F3001339AB29542D3D9D9B22046FFF777FFC9
S214038F4039462046FFF773FF31462046BDF8062014
S214038F5005F09BF9BDF806000230C0B2C0E74046F4
S214038F60BEE738B50446EAF715FD38B1022905D839
S214038F702046BDE838400022EAF79ABE212038BDD5
S214038F8091F8393073B55B0706460C4615462DD463
S214038F900846EAF79DFC6B1E042B16D8032D14D047
S214038FA0A379142B24D0A3697BB90093ADF80430BE
S214038FB08DF80630E8F7F6FB6946EAF7EFFA18B9D4
S214038FC01A25284602B070BDA061636AE57343F0B4
S214038FD016036362E8F766FB3046EAF7BFFD05460D
S214038FE00028EED02046FFF7F4FEEAE70225E8E77E
S214038FF02125E6E7002337B580F8723040F6FF7385
S214039000A0F86E3083680446DA040D46C16010D4B7
S21403901043F480636A46A36040F203212046CDE909
S214039020004504F0A5FD00212046EAF741FB03B006
S21403903030BD90F87600EAF797FFA36823F48053D1
S214039040E8E773B56E4604464A7930460D46063160
S214039050E8F7EEFB96E80300A4F85010090C11F0AD
S214039060800FE06484F8521004F1530312D00122F7
S214039070184605F11201E8F7DBFB0C352846FFF727
S21403908058FB28B10122294604F15A00E8F7D0FB21
S21403909002B070BDB4F8501094F85220C4F85300D0
S2140390A099809A71E9E71FB590F87420044602F098
S2140390B0010301908DF808300BB102F002038DF81E
S2140390C0093094F8753020468DF80A30039101F084
S2140390D0EDFB4FF4017101AA204604F049FD20463A
S2140390E0EAF772FB04B010BDEAF7BABAFFF702BD9F
S2140390F00A460021EBF7B8BE13220121EBF7B4BEF4
S214039100826838B5C2F380320446B0F86E000D4666
S214039110EBF750FF20B9A3681DB143F40053A360D7
S21403912038BD23F40053FAE70020704710B5044611
S21403913060B1806C50B1EBF77BFAA06C0028FAD1D3
S2140391402046BDE810400321EAF7B2BA10BD4389B2
S21403915007B58B420CD050F80C2B40F2014192F825
S2140391607020ADF806308DF8042001AA04F000FD47
S21403917003B05DF804FB436943F00403436170479F
S214039180436923F00403436170474069C0F38000DA
S214039190704747F2305300220068F8F7FFB90068BB
S2140391A004F083BC38B5436904469B070D4603D5D4
S2140391B040F20941FFF7F3FFEAF75CFB08B1A36946
S2140391C01D702046BDE8384040F20941FFF7E1BF75
S2140391D007B5027C012A09D00122027440F2094233
S2140391E0914206D040F20A4291420ED003B05DF897
S2140391F004FB4FF4816150F80C3B01AA93F87030DE
S2140392008DF8043004F0B4FCF0E750F80C3B01AAE8
S21403921093F870308DF80430F4E738B522F0004345
S2140392200D46114640F20322934204461AD0B3F584
S214039230017F09D240F20122934213D040F2022268
S214039240934209D0002038BD6FF481621344012B8A
S214039250F8D8FFF7BDFFF5E700F022F92046FFF741
S2140392605DF9EFE763699B0704D540F209412046A1
S214039270FFF795FF2846FFF759FFE3E708B5EAF738
S214039280D9F900B1806C08BD08B500B10068EAF7EB
S214039290DFF908B9034602E0836C002BF7D01846C3
S2140392A008BD10B5044642F62A3000F040FB031B07
S2140392B05842584110BD022806D142F62A33088880
S2140392C0C31A5842584170470020704710B50446E9
S2140392D042F6293000F02BFB031B5842584110BDC1
S2140392E090F8200000F0010070471FB5044668465A
S2140392F0EBF7D6FA1022694604F1210004F070F960
S214039300B0FA80F0400904B010BD08B5FFF7EDFFD2
S214039310B0FA80F0400908BD70B5044600F1210597
S21403932091B92846EBF7BCFA236893F97500FEF764
S214039330A1FC78B120682B46BDE8704010220D21B1
S21403934090F97500FEF750BC10220021284604F061
S21403935071F9E9E770BD38B50446002390F820207C
S21403936041FA03F0C50703D442FA03F0C0071ED43C
S2140393700133082BF4D101F0010523682A4384F84E
S214039380202093F97500FEF775FC40B1234653F889
S214039390200B01220C2190F97500FEF725FC0DB970
S2140393A0002038BD00212046FFF7B6FFF8E713205C
S2140393B0F7E768B13F290AD800EBA10090F831001F
S2140393C001F003014900084100F003007047002044
S2140393D0704710B50368044693F97500431C0DD017
S2140393E0FEF748FC50B12346BDE8104053F8310B56
S2140393F010220B2190F97500FEF7F6BB10BD10B5D1
S21403940090F87430DB0706D490F97530013314BF37
S2140394100F20052010BD847CECF742F8844234BF4D
S2140394200C200020F6E730B5044685B06846EBF717
S21403943037FA1021684604F06AFF2046EBF742FC31
S2140394406B46C26804AD06321C4603CCAC421060C1
S2140394505160234602F10802F6D105B030BD08B5C7
S214039460EBF730FC08B1EBF701FCC0B208BD0138DE
S21403947010B580B2EBF726FC044608B9002010BDF1
S214039480408800F07FFB0028F8D0207BF7E708B57C
S214039490EBF718FC18B1007AC31F5842584108BDB1
S2140394A070B5054655F8213B044693F97500431CF1
S2140394B004D12846BDE87040EBF7F2B9FEF7DAFBB5
S2140394C00028F6D0234653F8310B10220B2190F9CF
S2140394D07500FEF7B7FB234653F8200B01220C2139
S2140394E090F97500FEF7AEFB20682B46BDE870408A
S2140394F010220D2190F97500FEF7A4BB01302DE96B
S214039500F04185B228460E46EBF7DCFB42F602171F
S214039510044642F603089CB12046EBF7A7FB78B156
S214039520204600F03EFBB84205D10EB123883380B7
S214039530607BBDE8F081204600F033FB404502D156
S2140395404FF0FF30F5E70135ADB22846EBF7BAFB2F
S2140395500446E0E72DE9F04707460E4690460D46DB
S21403956042F6021942F6030A0135ADB22846EBF776
S214039570A9FB044678B1EBF779FB60B1204600F00F
S21403958010FB484505D1237A072B04D10320BDE8F9
S214039590F0875045E8D141463046FFF7AFFF431CFE
S2140395A0014604D03846BDE8F047FFF702BF002067
S2140395B0EDE770B5054608461646EBF783FB04460B
S2140395C008B9012070BDEBF751FB0028F9D0F0076E
S2140395D013D4B10734D4720702D5A3885B0732D5F8
S2140395E016F0060F31D116F40060EBD0A38813F4FF
S2140395F0006F14BF00200620E4E7A388DA0743D5EC
S21403960013F0700F0AD1980610D45806E1D52B68CC
S21403961093F975300133DCD10820D3E72868FFF7C8
S214039620EEFEA388990608D50028CBD12A6892F8BF
S21403963074209207E9D40520C4E70028C2D1E4E7E2
S214039640A3889907C7D40320BCE7A38813F4E06F65
S21403965009D198050FD45B05C5D52B6893F97530EA
S2140396600133C0D1D8E72868FFF7C9FEA388990558
S21403967007D50028A6D12A6892F874209207EAD460
S214039680D9E700289ED1E6E702209BE738B50446D3
S2140396900846EBF717FB054608B9012038BDEBF77C
S2140396A0E5FA0028F9D0AB8813F4E04F0CD1980400
S2140396B012D413F48040F1D0236893F97500431C49
S2140396C058425841C000E9E72068FFF798FEAB8888
S2140396D0990408D50028E1D1226892F874209207ED
S2140396E0E7D40520DAE70028D8D1E2E72DE9F047EA
S2140396F04FF00009044683F800900846A2F800904D
S214039700884616461D46EBF7DDFA074620B90123C1
S21403971000202B70BDE8F08774B1EBF7A7FA00289A
S214039720F5D04046FFF7D2FD30B1012385F800900F
S21403973004F120003380EDE72B46324639462046B7
S214039740BDE8F047EBF738B82DE9FF410746084672
S214039750884616460393EBF7B5FA044638B903A8CA
S21403976004F0D1FA0125284604B0BDE8F0811FB104
S214039770EBF77CFA0028F2D0237A072B05D8DFE82C
S21403978003F017262F381C17172126BB039800282B
S21403979035D13246257A022D62D0032D64D0012DB1
S2140397A03BD0002F7FD1002503A804F0ACFADAE7FC
S2140397B003A804F0A8FA0325D5E703A804F0A3FA40
S2140397C00625D0E703A804F09EFA8025CBE7E368D6
S2140397D05D88B54209DA03A804F095FA0725C2E7BF
S2140397E0E3689A88B242F6D35D88039840B9024686
S2140397F009E0022EEFDC039868B90246CAE735464D
S21403980004F006FB82B29319AB42C3DD03A804F04F
S2140398107AFA0D25A7E70225F2E7E068063000236B
S2140398200399304404F065FA002FBCD0237A032B47
S21403983039D103A804F067FA00212046EBF7FCF9B8
S21403984068B30588617B3846FFF7B3FD01220346FC
S21403985029463846CDF80080FEF74FFC002582E700
S214039860E068B3188380D9E7039B9A79D979891A74
S214039870C9B2481E012810D8134402291A7B04BF14
S2140398805B7B42EA0322237B32EA03038CD1012368
S2140398903846617BEAF766FFC6E70D2584E708F1DD
S2140398A0FF35ADB2CEE7039B4146009338463346B9
S2140398B03A7FFEF708FCD1E7884270B504460D46AA
S2140398C0164611D8012838BF01242046EBF7FAF9CB
S2140398D010B14388B34208D00134A4B22046EBF754
S2140398E0D5F908B1A542F0D20024204670BD70B564
S2140398F00C4616461D460146B8B1B3B1022C01D03C
S214039900102C12D1E0B2EBF713F94FF6FF71884231
S214039910024602D141F20A1070BD3046FFF7CCFF73
S2140399200028F7D028800020F6E72120F4E700235C
S21403993007B50122ADF80400ADF8063002210DF19B
S214039940060301A8FFF7D3FFBDF8060003B05DF8D2
S21403995004FBF8B50F461646441CA4B22046EBF7A4
S214039960B1F910B9013CA0B2F8BD00F01AF90546EA
S214039970304600F0F2F820B1284600F0EEF8002852
S214039980F0D1304600F0E2F820B1284600F0DEF8C9
S2140399900028E7D10134A4B22046EBF777F908B1E3
S2140399A0BC42DBD94FF6FF70DEE72DE9F04F9A464F
S2140399B087B08B880D460C88814604A90220ADF833
S2140399C010309046EBF7B4F8AB680090A888AF89E0
S2140399D0059300F0BBF838B1102F05D105A8EBF7B7
S2140399E08DF8022808BF02274FF6FF7B33E0204698
S2140399F0009AFFF761FF064680B3AA886988FFF7D7
S214039A00A8FF04463046FFF72AFD00B30DF10F0307
S214039A10314648460DF11202FFF768FE9DF80F30F7
S214039A202BB1A8F80060184607B0BDE8F08FBDF864
S214039A301220BA420BD13A460599019303F0D0FDA2
S214039A40019B20B9A8F80060AAF80040EBE75C4544
S214039A5004D00134A4B26988A142C8D80A23E2E735
S214039A6008B5EBF72FF9BDE8084000F09AB838B50B
S214039A7005460846EBF726F9044610B94FF6FF707D
S214039A8038BD0DB96088FBE7EBF7F0F80028F9D18D
S214039A90F4E770B5044642F60520FFF748FFB0B179
S214039AA00021FFF72BFD054601462046FFF781FC04
S214039AB006461022002104F1310003F0BBFD3246B6
S214039AC029462046BDE870400023EAF74BBE70BD2A
S214039AD07FB504460D4610220021684603F0AAFD12
S214039AE00026AB575A1C1BD031462046FFF761FCB5
S214039AF01946002BB8BFD91C04AA02EBA10100F03B
S214039B000302584200F0030003F0030358BF434226
S214039B105B0002FA03F311F8102C134301F8103C10
S214039B200136402EDDD16B4604F1310504AE1A46EC
S214039B3003CAB24228606960134605F10805F6D1E8
S214039B40204604B0BDE87040FFF743BCA0F52050A4
S214039B5001288CBF00200120704742F60303C31A76
S214039B6058425841704708B5030409D4EAF7ACFFD6
S214039B70A0F5205080B201288CBF0020012008BD2C
S214039B800020FCE7020408B507D4EAF79DFF42F677
S214039B900303C31A5842584108BD0020FCE7C00B14
S214039BA070470346B3F902304088002B01DBEAF71F
S214039BB08BBF0020704708B5FFF7F3FFA0F52050D2
S214039BC080B201288CBF0020012008BD10B50446D2
S214039BD08069143004F097F8A069BDE81040183087
S214039BE004F091B82DE9F0410F46144605461E468B
S214039BF0FFF7ECFF23463A4608210020D5F81880E5
S214039C0004F070FBAA69C8F81400536923B1002056
S214039C1054811682BDE8F0811A20FBE770B504462E
S214039C20084604F0F5F8A16986B28A894D8912B10F
S214039C30521B96420CDA6389581E80B225B90A78FD
S214039C40082A04BF043B98B2831B5842584170BD90
S214039C500020FCE730B5044654F80C0B8DB09DF895
S214039C60405090F8700042EA01428DF8040019460D
S214039C70029203A82A46079503F0E7FC40F2024146
S214039C80204601AA03F074FF0DB030BD10B550F89E
S214039C900C4B86B094F87040ADF80E10ADF810205B
S214039CA040F2064103AA01938DF80C40059303F096
S214039CB05FFF10B901A804F026F806B010BD37B54B
S214039CC004460D46FFF782FF204640F20941FFF7A0
S214039CD066FA00222046A36940F207411A7050F83C
S214039CE00C3B6A4693F8703001958DF8003003F00C
S214039CF03FFF03B030BD13B501910021044602F0C7
S214039D00F7F90422002320460DEB0201FFF76AFF52
S214039D1002B010BDF0B504460F461E46154685B084
S214039D2052B983691B78072B30D0082B14BF15460E
S214039D300925002E18BF0D250A9804F069F8A369B3
S214039D409A894AB15B8981B2D21A914204DD92B2F2
S214039D50891A0AA804F0FEF8204650F80C3B40F295
S214039D60054193F8703001AA8DF804300A9BADF8CC
S214039D7006708DF80850ADF80A60039303F0F8FEFA
S214039D8010B90AA803F0BFFF05B0F0BD0B25D0E756
S214039D90B0F80AC02DE9F041ACF1020C9C4505462B
S214039DA00E4617461C4603DDBDE8F04102F04DB9EA
S214039DB083692246198100233946FFF713FF0446B9
S214039DC058B9AB690246314628460E3302F056F9B7
S214039DD0044610B12846FFF7F9FE2046BDE8F08199
S214039DE02DE9F043202A8FB0054617461C460391FB
S214039DF00BD941F2041421462846FFF760FF03A857
S214039E0003F081FF0FB0BDE8F083002B46D1084670
S214039E10A2F1060803F0FCFF4FF6FF765FFA88F818
S214039E201FFA80F94C4510D3AB69DA88B24239D9A8
S214039E3042F60203ADF814300223711C0093284641
S214039E4005AB89B202F0AAF825E023463A46039901
S214039E5006A803F04EFFAB69BDF818609A88B242B5
S214039E60C7D8DA88B242C4D3BDF81A10BDF81C208E
S214039E70B8F1000F09D02846CDF800800DF11E0377
S214039E803C44FFF7E7FEA4B2CCE728469E80198140
S214039E905A8102F09CF804460028B0D041F20A1317
S214039EA09C42A8D10024A6E72DE9F0471C4696B0AD
S214039EB0836901921B780646062B03D0102B60D0CD
S214039EC001A81CE00129104614BF4FF010084FF0FC
S214039ED002080392002C4CD103F09AFF4FF6FF754D
S214039EE008F1020987B2A7420ED8B369DA88AA42F4
S214039EF037D8002421463046FFF7E1FE03A803F0D7
S214039F0002FF16B0BDE8F08723464A46039904A825
S214039F1003F0EFFEB369BDF810509A88AA422DD815
S214039F20DB88AB422AD39DF81330282BE1D0B24608
S214039F305AF80C3B424693F870300DF112010DA807
S214039F408DF83030ADF83250CDF844804C4403F0F1
S214039F507CFB40F2044150460CAA03F009FEA4B26F
S214039F60C1E7691C304689B201F0E8FF04460028C1
S214039F70C4D041F20A139C42BBD0BBE741F204149F
S214039F80B8E70129104614BF12270427049284BB9E
S214039F9003F03EFF42F602184FF6FF7185B2A54264
S214039FA00DD8B369DB888B4221D901314FF6FF7296
S214039FB0304689B201F0C2FF0446A0B119E0234639
S214039FC03A4604990CA803F094FEBDF83220BDF877
S214039FD0301042459DF8333007D1B269022330462C
S214039FE00A32FFF7D5FE04A889E7282B06D141F2EB
S214039FF00A1421463046FFF762FEF4E73C44A4B257
S21403A000CDE7F0B5836987B003911B780546022B2D
S21403A010144653D108460491002A47D103F0F8FEAC
S21403A0204FF6FF7687B2A7420DD8A869C288B24218
S21403A0302BD8002421462846FFF741FE04A803F048
S21403A04062FE07B0F0BD04220499234605A803F078
S21403A05050FEAA69BDF814109088BDF816608142B8
S21403A06029D3D388994226D8864224D39E4222D81F
S21403A0705069927A837904340C330092034432464F
S21403A0802846FFF7E7FDA4B2CDE743694089711C74
S21403A0900190987989B20C300344009328464FF414
S21403A0A0205301F05FFF04460028C7D041F20A138D
S21403A0B09C42BFD1BDE741F20414BBE703A8BEE749
S21403A0C0F0B587B0054617461C46039153B9FFF70C
S21403A0D0A5FD38B1012322462846039900F084F8EB
S21403A0E007B0F0BDA9690B78082B05D8062B44D812
S21403A0F0032B0FD003A83DE00E2BFBD1039B059348
S21403A100002C6DD1002B6BD0224628460989FFF719
S21403A110BDFD59E00398059018B3ECB91026837972
S21403A1204A890C330989034400962846FFF792FDB3
S21403A130AB699988DA88914217D242F60203ADF8E2
S21403A140103002230131009328460DEB060389B233
S21403A15001F024FF044660B141F20A139C4204D185
S21403A16001E0002CF8D141F21F0421462846FFF7F0
S21403A170A6FD05A803F0C7FDB2E7039805907CBBD0
S21403A18070B303F045FE0FB386B2B7421ED239460C
S21403A19005A804F019F838B905A803F0B4FD1A2188
S21403A1A02846FFF78CFD9BE78379F61BC21802331C
S21403A1B091898371AB6900225B89B6B20090284609
S21403A1C0FFF7A8FDB742E2D92146E9E7AA69284680
S21403A1D053891189059A00920022FFF79BFDF3E746
S21403A1E005A803F090FDEFE7F0B585B006461F46D9
S21403A1F01446039132BB084603F00AFE054608B32D
S21403A200B1690B784A89082B0BD8062B0BD9039B0D
S21403A21009893046009313462246FFF77BFD0394D5
S21403A22001E00E2B19D0B1694B89EA1892B2B2F548
S21403A230007F4A8117D82FB13046098901F0D8FE2E
S21403A240044628B10022234611463046FFF738FF5E
S21403A25003A803F058FD05B0F0BD3046039B0989FB
S21403A260FFF714FDDBE741F20414EBE773B58369EC
S21403A27001911B780446082B15460ED8062B0ED9DB
S21403A280019E20463146FFF7C9FC2A46034631465F
S21403A2902046FFF7A9FF02B070BD0E2BF0D001A831
S21403A2A003F031FDF7E730B5836987B003911B7878
S21403A2B00546092B144611D105915AB91346009148
S21403A2C00F222146FFF726FD21462846FFF7F7FC17
S21403A2D007B030BD05A803F016FDF5E703A803F0A5
S21403A2E012FDF5E72DE9F04F87699FB003913F789C
S21403A2F00546052F16461C4604D8032F16D810D03D
S21403A30003A867E0082FFBD108461391002B00F043
S21403A310C28013A803F0F7FC21462846FFF7CFFCBC
S21403A32001E0FFF75DFD1FB0BDE8F08F202A084669
S21403A330049148D8002B40F0A880571F03F068FD0F
S21403A3404FF6FF78FFB21FFA80FA0DF11C0BA245F9
S21403A35006D8AB69DA88424500F28780002434E0E9
S21403A3602346324604990BA803F0C3FCAB69BDF839
S21403A3702C809A88424526D8DA88424523D35969E1
S21403A380F1B9A94659F80C1BBDF82F2091F87010A7
S21403A3909DF82E308DF84C10ADF84E200DF131019E
S21403A3A03A4615A88DF85030199703F04EF940F247
S21403A3B00341484613AA03F0DBFB3444A4B2C6E7C2
S21403A3C05A89102A09D941F2041421462846FFF770
S21403A3D076FC04A803F097FCA5E70023584603F091
S21403A3E088FCAB690DF13101102FCDE9051B93F8FD
S21403A3F00A902BD1B9F1020F34D105A8EAF77EFBF8
S21403A4000228DAD14A46DDE9051003F0E9F8002808
S21403A410D3D12B4653F80C0BBDF82F1090F87000D1
S21403A4209DF82E208DF84C00ADF84E108DF8502078
S21403A43059464A4615A80293CDF8649003F005F9E9
S21403A440029B40F20341184613AAB4E7022F09D130
S21403A450B9F1100F06D106A8EAF750FB0228ACD1D3
S21403A4603A46D0E73A465846CFE742F60303ADF8F6
S21403A4704C30022308F101010093284613AB89B23E
S21403A48001F08CFD04460028A3D041F20A139C4237
S21403A4903FF464AF99E759B900210023AA69284617
S21403A4A093815381118113993246FFF709FE3AE7E8
S21403A4B003F0AEFC16B180B28642EDD1139A9379BF
S21403A4C0D118023389899371E7E72DE9F0431C46D7
S21403A4D08FB0836903911B780546012B17465BD122
S21403A4E00846059103F094FC202F0BD941F204147F
S21403A4F021462846FFF7E3FB05A803F004FC0FB04C
S21403A500BDE8F083002C42D1059803F081FC4FF69A
S21403A510FF76A7F104081FFA88F81FFA80F95FFA96
S21403A52088F8A14505D8AB69DA88B24220D800245A
S21403A530DEE723463A46059906A803F0DAFBAB693D
S21403A540BDF818109A88BDF81A609142CED3DB88FE
S21403A5509942CBD89642C9D39E42C7D8324628469C
S21403A560CDF8008007AB3C44FFF774FBA4B2D8E7F2
S21403A5704FF42053ADF810300223711C0093284685
S21403A58004AB89B201F048FD04460028B4D041F27A
S21403A5900A139C42CBD0ABE703A8AEE783691B78CC
S21403A5A00A2B02D00F3B012B01D8FFF788BB70475D
S21403A5B0F0B585B00193836917461A7804460A3ABC
S21403A5C00A9E072A42D8DFE802F0044130414104DC
S21403A5D041290198039003F01BFC85B203A803F0FE
S21403A5E092FB26B131462046FFF785FB0FE0A169B3
S21403A5F07A194B8992B293420BD90A8201F10E0360
S21403A6002046098901F03AFD01460028EBD105B042
S21403A610F0BD0121204601F06BFDF5E72EB91A8A3D
S21403A6200198BA420BD04FF48166019B03A80393AB
S21403A63003F069FB31462046FFF741FBE7E7DA897B
S21403A640596903F0F0FB0028EDD1EEE701A803F00B
S21403A6505AFBDCE738B58269044613780D460D2BA2
S21403A66012D00F2B01D00A2B12D1536933B199792B
S21403A67002F114000B44DD6803F045FB294620462F
S21403A680BDE83840FFF78ABFBDE83840FFF717BB81
S21403A69038BD07B5002300921B22FFF73BFB03B030
S21403A6A05DF804FB07B583695980009200231D22D9
S21403A6B0FFF730FB03B05DF804FB4B88052B05D191
S21403A6C008880E288CBF00200120704700207047A2
S21403A6D0F8B505460F46164604210A22002003F065
S21403A6E097FD0246B8B1847905210C3403194FF05F
S21403A6F0060C00209970D87002F804C013241C714D
S21403A70002245F715870D8719C7128461E81BDE87B
S21403A710F840E7F7C1BEF8BD73B50546104601928B
S21403A7200C4603F075FB042186B2019803F0B3FCD4
S21403A730024628B901A803F0E6FA1A2002B070BD53
S21403A740837901900C33C1184C80C65221462846A3
S21403A750E7F7A2FE0020F1E72DE9F041064688461A
S21403A760174604210A22002003F052FD0246B8B120
S21403A770857900240C354319052106209970DC7071
S21403A78050550120187102205C70987183F805807B
S21403A7903046DC711F81E7F77FFE2046BDE8F08177
S21403A7A01A20FBE7002070470020704707B501A872
S21403A7B0019203F0A8FA03B05DF804FB704700208B
S21403A7C070470F2070470F2070477047EBF730BA7B
S21403A7D0EBF738BA07B58DF80710E8F72BFF68B123
S21403A7E045F21D0200210DF1070300F0CAF9B0FA85
S21403A7F080F04009400003B05DF804FB2120FAE72F
S21403A80010B588B0E8F716FF044600284AD090F83B
S21403A8107200022848D1A36813F4407F2AD094F824
S21403A8207320012A32D194F97500421C01D1D9054F
S21403A8302CD594F8743013F0010327D1CDE90133F6
S21403A840CDE90433CDE90633ADF80C30FDF712FA43
S21403A850A36888B9DA0519D5A06AE16A01AB03C310
S21403A860228E1A802046BDF8042004AB0DF10601A3
S21403A870EAF770FB08B010BDDB05EDD40A2202210F
S21403A88094F9750001ABFDF7DDF9EBE7002345F21C
S21403A89017021946204600F074F9B0FA80F0400912
S21403A8A04000E7E72120E5E70220E3E738B545F275
S21403A8B01B020C460B460021054600F062F930B930
S21403A8C02CB121462846BDE83840EAF775BE38BDA8
S21403A8D000F086B901F00FBB01F018BB10B50446B3
S21403A8E04C30FDF7A8F984F875002046BDE8104003
S21403A8F001F0DCBA10B50446FDF774F902280DD151
S21403A90094F8733094F97000012B14BF05210321CA
S21403A91084F83210BDE8104001F00FBBA36843F47F
S21403A9200073A36010BD00F08CB938B503780446F5
S21403A9303E2B0D4604D18378052B02D0ED2B0FD08A
S21403A94038BDB0F80300E8F767FE20B1B4F80D1081
S21403A950621D00F0DCF92846BDE8384003F0D3B9A1
S21403A960B0F80300E8F758FE0028F4D0B4F80D104A
S21403A97004F10F03621D00F0CDF9ECE7CB0448BFEA
S21403A98041F48061C160704710B50446006C30B96D
S21403A9904FF4B07003F005FD206420B910BD4FF4EA
S21403A9A0B07103F0C2FCFF23226C82F85E31A36809
S21403A9B01B0603D5C02301201370EFE794F873300A
S21403A9C0012B14BF80234023F5E710B5044645F258
S21403A9D01A0103F06AF82046BDE8104047F23053E8
S21403A9E0002245F21A01F6F7D9BD10B50A46044609
S21403A9F00821002003F00CFC10B1837903441C7378
S21403AA0010BD38B505460C460D201121FFF7EDFFA6
S21403AA10024688B12146837903440D3304F11000BE
S21403AA2051F8044B814243F8044BF9D12846BDE85C
S21403AA3038400621FFF770BE38BD38B505460C46CC
S21403AA4004201121FFF7D1FF024688B121468379FE
S21403AA5003440D3304F1100051F8044B814243F8CC
S21403AA60044BF9D12846BDE838400621FFF754BE0B
S21403AA7038BD38B505460C4603201121FFF7B5FF50
S21403AA80024688B12146837903440D3304F110004E
S21403AA9051F8044B814243F8044BF9D12846BDE8EC
S21403AAA038400621FFF738BE38BD37B500220546C5
S21403AAB00821104603F0ACFB0446C0B10C23012268
S21403AAC00DF107018DF8073003F0DFFB296C202218
S21403AAD05131204603F0D9FB296C202271312046E0
S21403AAE003F0D3FB224606212846FFF715FE03B0E4
S21403AAF030BD08B5D0B2E8F79DFD28B190F87730A1
S21403AB0003F07F0380F87730012008BD036C4BB950
S21403AB1083681B0608D490F87330012B14BF80207B
S21403AB204020704718787047C020704770B50446B9
S21403AB30FFF7ECFFEAF70AFE0D460346002245F24E
S21403AB40010120469847236C03B11D702846EAF797
S21403AB50FDFD4FF4A041034600222046BDE87040A9
S21403AB60184770B51546044648B1FFF7CFFFEAF716
S21403AB70EDFD2A4603462046BDE8704018470220EE
S21403AB8070BD114608B51A4621F00041FFF7E9FFEC
S21403AB90B0FA80F0400908BD10B4C4691CB95DF86A
S21403ABA0044B0180704700235DF8044B1A46F9F7FF
S21403ABB0B3B908B50B4601461846F7F747F8003809
S21403ABC018BF012008BD10B50446006838B11A2125
S21403ABD003F0ABFB2068F7F719F80023236010BDDA
S21403ABE030B58BB00D46002201A9EAF769FF04468B
S21403ABF020BB01460D220DF10B0002F01BFDB5F83C
S21403AC0003206B79ADF8082006A9019A02A88DF8EF
S21403AC100A30EAF7BBFD40F20343BDF818200028CC
S21403AC2018BF1C469DF81A30102102A82A80AB7064
S21403AC3003F07BFB102106A803F077FB20460BB03E
S21403AC4030BD10B50446EAF75FFD04F13400FFF7A4
S21403AC50BAFFA3685A0606D523F040030021204610
S21403AC60A360E7F7E7FB236C63B1D3F89400F8F728
S21403AC70EAFD0421206C03F058FB206CF6F7C6FFB0
S21403AC800023236410BDF7B50D4669461646EAF75A
S21403AC9017FF044698B929461022009801ABF8F727
S21403ACA031FE07461021284603F031FB2FB1102151
S21403ACB0284603F03AFB40F2074406B137602046C5
S21403ACC003B0F0BD38B50446C51C03212846FFF77C
S21403ACD070FFC8B9E27863797AB922791A43F4D057
S21403ACE003F07F0343F0400363715323A3712146AC
S21403ACF0BDE83840FF20FFF773BFFF2AF0D1227963
S21403AD001A40FF2AE1D0EBE740F2074038BD0021A6
S21403AD10E7F790BBF8B51D46836804465B060F4607
S21403AD2016462DD41A2003F03CFB0146606320B977
S21403AD302046BDE8F840E7F77DBB034623F8027BD1
S21403AD40326805F11001C0F8022072685A602A467C
S21403AD50636B0A3352F8040B8A4243F8040BF9D1A7
S21403AD601021284603F0E1FAA36843F0400213F4E7
S21403AD70407FA26004D02046BDE8F840EAF7A6BFAD
S21403AD80F8BD38B504460D4605200221FFF72DFE13
S21403AD900246B8B18379062103445D732046FFF764
S21403ADA0BBFC45F490512046EAF706FC94F8733052
S21403ADB02046012B18BF8021BDE8384008BF40213C
S21403ADC0FFF7B4BE38BDB1F5A04F70B504460D46C7
S21403ADD016460AD045F20603994218D0324629464B
S21403ADE02046BDE87040EBF745B9836843F080031F
S21403ADF0836090F87330012B14BF80204020EAF75D
S21403AE00A5FC002203462046BDE870401847937908
S21403AE101344597C41F49051EAF7CEFBDEE72DE963
S21403AE20F04196B0154605AA1C4606460B469046C4
S21403AE301D9F01F1200E9446186859680833ACE844
S21403AE40030073456246F6D12021404603F05FFABD
S21403AE500DAB2A469C4605F1200E1D461068516828
S21403AE60083203C572452B46F7D12021604603F00E
S21403AE704EFAAEB3336C93F85D31013B022B2FD8F9
S21403AE809DF8703043F0800301AA8DF854301546C0
S21403AE90234604F1100C144618685968083303C493
S21403AEA063452246F7D11021284603F030FA3B4685
S21403AEB0412241462846EAF7CBFC044610212846A1
S21403AEC003F033FA4121404603F02FFA54B11EB182
S21403AED008213046FFF755FF204616B0BDE8F0813F
S21403AEE00023D1E71021384603F011FA002EF3D0E1
S21403AEF0224645F211013046FFF733FEECE72DE913
S21403AF00F74390F873700446012F056C04D195F847
S21403AF105031002B40F0568195F85C3195F85181FD
S21403AF20032B00F2F180DFE803F00287AFD418F0BA
S21403AF30010F7CD011210620FFF757FD814600281C
S21403AF4000F040818679102106440D363046FFF71F
S21403AF5030FE014658B120460821FFF712FF0021B4
S21403AF6040F2074003B0BDE8F043EAF743BBA07CDA
S21403AF70C0F11002304402F05DFBFCF733FE0228FA
S21403AF8095F95E010BD032460521E5F77FFF90B1B8
S21403AF900821204603B0BDE8F043FFF7F2BE334670
S21403AFA010220521FCF720FE28B1002140F21B40A9
S21403AFB0EAF720FBECE7FCF715FE02280FD1012F7A
S21403AFC00DD004F1180306F1100256F8041B96423E
S21403AFD043F8041BF9D1A36843F48073A3604A467D
S21403AFE006212046FFF798FB0B210720FFF7FDFC01
S21403AFF08146002800F0E680867995F95E310C36A6
S21403B000064443F43F430821A6F80130F01CFFF73B
S21403B010D0FD0A22042195F95E01731CFCF7E4FDBA
S21403B0200028C2D14A4606212046FFF775FB95F84D
S21403B0305C31013385F85C3118F0020F1FD0112103
S21403B0400820FFF7D2FC0646002800F0BB8000234A
S21403B050817901AA01440D31FF200193FFF713FE06
S21403B06040B108212046FFF78CFE40F207400199C5
S21403B070EAF7C0FA324606212046FFF74DFB95F85D
S21403B0805C31013385F85C3118F0020F1CD00821BF
S21403B0900920FFF7AAFC8146002800F093808679F2
S21403B0A00C360644E6F77AFB83794A4683F00803B0
S21403B0B0C3F3C003737003680621C6F8023083889F
S21403B0C02046F380FFF728FB95F85C31013385F8BB
S21403B0D05C3118F0040F12D011210A20FFF785FC0B
S21403B0E0064600286ED0807910223044AB210D30FE
S21403B0F002F0A0FA324606212046FFF70DFB95F82C
S21403B1005C31013385F85C31012F08D0236C93F84A
S21403B1105031002B56D195F85C31042B52D1A36CD9
S21403B12010220B2195F95E013133FCF75DFD70B1FA
S21403B13040F21B412046EAF73FFA012F14BF802155
S21403B1404021204603B0BDE8F043FFF7EFBCA36CF5
S21403B15001220C2195F95E012033FCF745FD0028FA
S21403B160E6D1A36C10220D2195F95E012133FCF77D
S21403B1703BFD0028DCD1082295F95E01114604F157
S21403B1801003FCF731FD0028D2D1236C93F85E211F
S21403B19084F87520FF2283F85E21D3F858315B06C6
S21403B1A003D404F14C00FDF7D3FAFCF71BFD022889
S21403B1B008BFA368204604BF43F48073A360EAF77E
S21403B1C0D3F9BAE703B0BDE8F083EAF7ABBF70B5CF
S21403B1D0B1F5A04F0446154688B07BD045F21B0652
S21403B1E0B14240F00E8190F87430DB076AD5056CE7
S21403B1F0B5F850312BB14C21FFF798FC002008B06E
S21403B20070BDD5F858315E074BD5AB79D80748D50E
S21403B2106B7BD90745D5A36C10220B2195F95E01EC
S21403B2203133FCF7E1FC38B140F21B412046EAF724
S21403B230C3F940F21B40E2E7A36C206C01220C2109
S21403B24090F95E012033FCF7CFFC0028ECD1A36C09
S21403B250206C10220D2190F95E012133FCF7C4FC0B
S21403B2600028E1D10822206C114690F95E0104F112
S21403B2701003FCF7B9FC0028D6D104F14C00FDF707
S21403B28067FA236C93F85E2184F87520FF2283F80F
S21403B2905E2120464021FFF749FC2046EAF764F981
S21403B2A0ACE705F5987304F1180205F5A07553F895
S21403B2B0041BAB4242F8041BF9D1A36843F4807322
S21403B2C0A360E6E74021FFF731FC29462046EAF76C
S21403B2D073F993E7036CD3F8582112F0040255D0A0
S21403B2E00022CDE90122ADF80C209A79D2073FD58A
S21403B2F05B7BDB073CD5FCF775FC0228206C0CD087
S21403B30000F59872032190F95E01E5F7BFFD78B367
S21403B31008212046FFF735FD8BE700F598731022CA
S21403B320032190F95E01FCF75FFC28B1002140F28F
S21403B3301B40EAF75FF9EBE7206C102200F59873E1
S21403B340052190F95E01FCF74FFC0028EED1236C33
S21403B35004F1180103F5987203F5A07352F8040B71
S21403B3609A4241F8040BF9D1A36843F48073A360AF
S21403B3700023BDF80420CDE90433CDE906330DF1EF
S21403B380060104AB2046E9F7E5FD37E7D3F8B81026
S21403B390C3F8D010D3F8BC100092C3F8D410006CD6
S21403B3A0694600F59870EAF73FFB48B10098F8F74E
S21403B3B04AFA20460821FFF7E4FC40F207401EE75E
S21403B3C0206C009A00F59871C830EAF7DFF9054655
S21403B3D00028EBD10098F8F736FA236CA07C03F527
S21403B3E09873C0F110022946184402F023F92A463E
S21403B3F0CDE90155CDE90455CDE9065504AB01A9C0
S21403B400C0E708B0BDE87040EAF734BE2DE9F04760
S21403B41096B01D46DDE9229705AB06460C469E46CA
S21403B420DDF8908002F1100A9C46106851680832D5
S21403B430ACE8030052456346F6D17046102102F08D
S21403B44066FF09AA2B46944605F1100E15461868A2
S21403B4505968083303C573452A46F7D16046102159
S21403B46002F055FF0DAA94461E9B03F1100E1546D7
S21403B47018685968083303C573452A46F7D16046EA
S21403B480102102F044FF9DF87C30D9F800008DF8B7
S21403B49044309DF8803006218DF845309DF8843081
S21403B4A012908DF8463099F8063012A883F00803F8
S21403B4B0C3F3C0038DF84730B9F80430ADF84C3009
S21403B4C002F025FFBB79062183F00803C3F3C0030C
S21403B4D08DF84E303B680DF14F00CDF84F30BB88EA
S21403B4E004F11007ADF8533002F011FF01AA23460A
S21403B4F01546144618685968083303C4BB422246E7
S21403B500F7D11021284602F002FF4346412205A93F
S21403B5102846EAF79DF904461021284602F005FF5F
S21403B520412105A802F001FF34B108213046FFF798
S21403B53028FC16B0BDE8F0874046102102F0E7FE6F
S21403B540224645F213013046FFF70BFBF1E72DE9E0
S21403B550F0419CB0154608AA1C4606460B46904684
S21403B560239F01F1200E9446186859680833ACE807
S21403B570030073456246F6D12021404602F0C7FE1B
S21403B58010AB2A469C4605F1200E1D4610685168EE
S21403B590083203C572452B46F7D16046202102F0D8
S21403B5A0B6FE18AA9446229B03F1100E1546186899
S21403B5B05968083303C573452A46F7D160461021F8
S21403B5C002F0A5FE04AA2346154604F1100C144601
S21403B5D018685968083303C463452246F7D1102117
S21403B5E0284602F094FE6B46502241462846EAF768
S21403B5F02FF904461021284602F097FE50214046B4
S21403B60002F093FE34B108213046FFF7BAFB1CB0B4
S21403B610BDE8F081039B38463B60042102F077FEC9
S21403B6206846102102F081FE224645F21401304698
S21403B630FFF797FAEBE72DE9F3411D46089B04460F
S21403B6408846164690F873705BB110211046FFF7D4
S21403B650B0FA30B10821204602B0BDE8F041FFF74A
S21403B66090BB236C013E691E03F1100013F8012FF3
S21403B67016F801CF834282EA0C0201F8012FF5D1B6
S21403B6800023404601A90193EAF7CEF948B1019891
S21403B690F8F7D9F808212046FFF773FB02B0BDE898
S21403B6A0F08129462846019AEAF770F80028EED179
S21403B6B0022F0CBF0023062304F159022B4404F186
S21403B6C05F0012F8016F1978904281EA060103F8C9
S21403B6D0011BF6D1022F14BF0023062304F15202E6
S21403B6E02B4404F1580012F8016F1978904281EA4E
S21403B6F0060103F8011BF6D129462846019AEAF704
S21403B70045F805460198002DC2D1F8F79CF82A465D
S21403B71045F210012046FFF724FABFE773B545F25A
S21403B7200406B142044615460DD045F21006B14252
S21403B73022D0B1F5A04F38D1FFF747F9236CD3F8E1
S21403B7405831D90720D5236CD3F85821D2070BD408
S21403B750AA7998330C3215446A1D153552F8041B22
S21403B760AA4243F8041BF9D1216CD1F8583113F0DF
S21403B77004030CD0832104E0016CA831FFF779F9A8
S21403B78085212046FFF7D2F9002002B070BD81F86C
S21403B7905C31012301F1B8020093204601F1A803AE
S21403B7A001F59871FFF747FFEEE702B0BDE870407A
S21403B7B0EAF760BC45F21003F0B59942044685B03B
S21403B7C000F087800CD8B1F5A04F1CD045F20503D6
S21403B7D099421DD0204605B0BDE8F040EAF74ABCC2
S21403B7E045F21103994200F08D8045F21203994207
S21403B7F0F0D1036C93F85D31042B40F2B380052B34
S21403B80003D148217BE0FFF7E0F8002005B0F0BD48
S21403B8109179036C0C310A44511DB833153251F833
S21403B820040B914243F8040BF9D1256C102205F161
S21403B830C80705F1B8063146384601F0D1FE20B9EF
S21403B84004212046FFF79DFADFE7D5F8583113F0B9
S21403B850040332D095F85D31042B13D105F1F803B8
S21403B860039305F59873029304F15303019304F1CC
S21403B8705A0300933A463346204605F1D801EAF7C1
S21403B880C9FEC2E705F5A07005F1110105F15102E5
S21403B89001900BB1052B06D10023009320463346B7
S21403B8A0FFF7BDFAB1E795F85C01D5F82C31C34034
S21403B8B003F0010343F08003EFE785F85C3132467B
S21403B8C00093204605F5A07305F59871FFF7B3FEC0
S21403B8D09BE7056C102205F1A80105F5A07001F0A1
S21403B8E07FFE0028ACD14B21D5F858319B0742BFC9
S21403B8F094F8743043F0020384F874302046FFF75C
S21403B90015F982E7056C102205F1A80105F5A0706C
S21403B91001F066FE002893D195F85D31013B022BBA
S21403B9200FD895F85C310133DBB2142B85F85C3104
S21403B93007D0D5F85831432123F00103C5F8583111
S21403B940DCE705F1F803039305F59873029304F116
S21403B9505303019304F15A03009305F1C80205F15A
S21403B960B80389E74921CAE7B1F5A04F70B5044685
S21403B970154607D045F20406B1420CD0BDE8704028
S21403B980EAF778BBFFF721F8236CD3F85831D907C9
S21403B99001D4002070BD236CD3F85821D20718D4E5
S21403B9A0AA79A8330C3215446A1D153552F8041BC0
S21403B9B0AA4243F8041BF9D1206C102200F1A80117
S21403B9C0983001F00DFE20B904212046FFF7D9F97F
S21403B9D0DFE7206C1021C830FFF7EBF858B10821D9
S21403B9E02046FFF7CEF940F207400021E9F702FEB2
S21403B9F040F20740CEE7216C2046C831FFF71DF81A
S21403BA0047212046FFF792F8C3E7B1F5A04F70B57C
S21403BA100346144607D045F21806B14207D0BDE8E0
S21403BA207040EAF727BBFEF7D0FF002070BD126810
S21403BA30551C03D10121FFF7A4F9F6E7016CD1F8F1
S21403BA405801400743BF002281F85C212268C1F8F1
S21403BA50302148BFC1F82C2118464321FFF766F86A
S21403BA60E3E7B1F5A04F70B51346044607D045F299
S21403BA700406B14207D0BDE87040EAF7FBBAFEF70A
S21403BA80A4FF002070BD9979026C0C310B44591D3C
S21403BA90A832153351F8040B994242F8040BF9D136
S21403BAA0256C102205F1A80105F1980001F098FD18
S21403BAB020B904212046FFF764F9E2E7204605F1A2
S21403BAC0C801FEF7BAFF47212046FFF72FF8D8E74D
S21403BAD0B1F5A04F13B504460ED0A1F5A043103B15
S21403BAE0012B45D8016C9831FEF7C3FF442120464D
S21403BAF0FFF71CF8002017E0016CD1F8583101F16C
S21403BB00C80213F0040328D010211046FFF751F89B
S21403BB1060B108212046FFF734F940F207400021C0
S21403BB20E9F768FD40F2074002B010BD216C2046DD
S21403BB3001F19803019391F85C21D1F82C31D3409D
S21403BB4003F0010343F08003009301F1110201F1B6
S21403BB50C8035131FFF763F9CCE781F85C31012361
S21403BB60009301F1980301F59871FFF764FDC1E7AF
S21403BB7002B0BDE81040EAF77DBAB1F5A04F73B541
S21403BB80044615467BD045F21B06B14240F0FA80C8
S21403BB9090F87430DB076AD5056CB5F850312BB1D5
S21403BBA08921FEF7C3FF002002B070BDD5F85831D7
S21403BBB05E074BD5AB79D80748D56B7BD90745D5F8
S21403BBC0A36C10220B2195F95E013133FCF70CF8B8
S21403BBD038B140F21B412046E9F7EEFC40F21B4029
S21403BBE0E2E7A36C206C01220C2190F95E0120335E
S21403BBF0FBF7FAFF0028ECD1A36C206C10220D2172
S21403BC0090F95E012133FBF7EFFF0028E1D108220C
S21403BC10206C114690F95E0104F11003FBF7E4FF74
S21403BC200028D6D104F14C00FCF792FD236C93F860
S21403BC305E2184F87520FF2283F85E21204680214A
S21403BC40FEF774FF2046E9F78FFCACE705F598731B
S21403BC5004F1180205F5A07553F8041BAB4242F82D
S21403BC60041BF9D1A36843F48073A360E6E780213D
S21403BC70FEF75CFF29462046E9F79EFC93E7036C34
S21403BC80D3F8582112F0040245D09A79D2078AD500
S21403BC905B7BDB0787D5FBF7A5FF0228206C0ED05E
S21403BCA000F59872032190F95E01E5F7EFF8002896
S21403BCB03FF479AF08212046FFF763F88EE700F5D7
S21403BCC098731022032190F95E01FBF78DFF28B1CC
S21403BCD0002140F21B40E9F78DFCEBE7206C1022B5
S21403BCE000F59873052190F95E01FBF77DFF0028A8
S21403BCF0EED1236C04F1180103F5987203F5A073D3
S21403BD0052F8040B9A4241F8040BF9D1A36843F4A2
S21403BD108073A36047E7D3F8B810C3F8D010D3F8FE
S21403BD20BC100192C3F8D410006C01A900F59870FA
S21403BD30E9F77AFE48B10198F7F785FD2046082112
S21403BD40FFF71FF840F207402EE7206C019A00F534
S21403BD509871C830E9F71AFD05460198002DEBD116
S21403BD60F7F771FD236CA07C03F598732946C0F1A1
S21403BD701002184401F05EFC216C2046B831FEF731
S21403BD805CFE10E702B0BDE87040EAF773B9B1F5A0
S21403BD90A04FF7B5044608D045F21105A94236D0A0
S21403BDA003B0BDE8F040EAF765B9006C1021B8307F
S21403BDB0FEF7FFFE60B108212046FEF7E2FF40F2E1
S21403BDC007400021E9F716FC40F2074003B0F0BD38
S21403BDD0256C95F85D6105F1A807013E022E0197D3
S21403BDE09CBFD5F82C0195F85C6105F151019EBF07
S21403BDF0F04000F0010040F08000009005F11102D1
S21403BE00204605F1B803FFF70AF80020DEE7016CC9
S21403BE10A831FEF72EFE85212046FEF787FEF4E7BF
S21403BE2070B545F20406B1420446134625D045F2E2
S21403BE301806B14206D0B1F5A04F33D1FEF7C5FDC3
S21403BE40002070BD11684D1C03D10121FEF799FF38
S21403BE50F6E7026CD2F85801400743BF002182F888
S21403BE605C111B68C2F8301120464FF0840148BFAE
S21403BE70C2F82C31FEF75AFEE2E79979026C0C31D0
S21403BE800B44591D9832153351F8040B994242F866
S21403BE90040BF9D1226CD2F8583143F00103C2F8EF
S21403BEA05831CDE7BDE87040EAF7E4B8002310B593
S21403BEB00364044690F97500431C13D0E5F790FB22
S21403BEC0082204F11003114694F97500FBF7BAFE35
S21403BED094F91330012B07D194F8743043F002031E
S21403BEE084F87430002010BD022BFBD194F8743014
S21403BEF043F00A03F4E74B88062B05D1088841284C
S21403BF008CBF0020012070470020704707B58B794F
S21403BF100A460B440191197C4B1E0D2B04D801F5E0
S21403BF20A0410131FEF71DFE01A801F0ECFE03B0AF
S21403BF305DF804FB002070477047704770B50446F1
S21403BF400E461546052100220420FCF7FCFD01469B
S21403BF5018B1A0F80160A0F803502046BDE8704071
S21403BF60FCF749BEF7B51D460023044600930F466B
S21403BF70164607210620BDF82430089AFCF707FE6C
S21403BF80014628B1A0F80170A0F80360A0F8055098
S21403BF90204603B0BDE8F040FCF72DBE73B515464A
S21403BFA01A460023044600930E46082005219DF8F2
S21403BFB01830FCF7ECFD014618B1A0F80160A0F8B4
S21403BFC00350204602B0BDE87040FCF714BE38B5F7
S21403BFD0002204460D460A200321FCF7B4FD014661
S21403BFE008B1A0F801502046BDE83840FCF703BE70
S21403BFF070B504460E461546052100220C20FCF7B4
S21403C000A2FD014618B1A0F80160A0F8035020462F
S21403C010BDE87040FCF7EFBD73B515461A4600231E
S21403C020044600930E46102005219DF81830FCF7B1
S21403C030AEFD014618B1A0F80160A0F803502046F3
S21403C04002B0BDE87040FCF7D6BD73B50E460021BE
S21403C05044890546033CA4B2A342009128BF234665
S21403C06003211220FCF793FD014608B1A0F80160F6
S21403C070284602B0BDE87040FCF7BDBD2DE9F3418C
S21403C0800546984683690F465869164601F0C0FE72
S21403C0906C8980B2053CA4B2844228BF0446A869D2
S21403C0A02146143002F090F8009048B1052208218A
S21403C0B0002002F0ADF8019030B9684601F023FE87
S21403C0C01A2002B0BDE8F081009901A801F002FF32
S21403C0D01620019A93790C33D118D054A8F800404F
S21403C0E02846A1F80170A1F80360FCF784FDE8E791
S21403C0F038B5002204460D4618200221FCF723FD1E
S21403C100014600B145702046BDE83840FCF773BDD4
S21403C11070B5857904460C35461901F079FE625DE3
S21403C120431E013A9BB21C2A10D8DFE802F0110F17
S21403C130160F180F290F2F0F400F400F400F330F06
S21403C140250F0F0F390F250F3E0F3E00002070BD41
S21403C150042B14BF01200320F9E7022BF9E743B3AE
S21403C1607278022A0AD0012A23D10222013B023224
S21403C170B3FBF2F102FB1133002BEAE71022F5E7DB
S21403C18013F0030F14BF01200320E0E78BB172788E
S21403C190013BEDE76BB17278032A0AD9013BE7E767
S21403C1A0042B34BF01200320D1E7022BF9E7032039
S21403C1B0CDE70120CBE74369406CDA1C1438B2FBA9
S21403C1C0F0F203EBC203CA1D0333B2FBF0F2B3FB78
S21403C1D0F0F30132023301EBC20100FB0310704798
S21403C1E038B5446905462146FFF7E5FF6A6CE31D4B
S21403C1F0143AB3FBF2F3013304EBC304204438BD13
S21403C20073B506460D460024F36B012201A92819CF
S21403C2105B699847019B013309D10434736C621937
S21403C2205B426A401A42EFD0204602B070BD00243B
S21403C230FAE770B505460C46D9F726FDEB6B2046A4
S21403C240DB68BDE87040184770B5002586B0044625
S21403C2500562E369AB4202D8206A06B070BD666C1D
S21403C2600522206801A9E36B06FB05005B69984776
S21403C27001A800F010FC00F033FC10B1236A013370
S21403C28023620135E5E738B50446456C006804F1DA
S21403C290400305FB0101E06B00F02FFC054620463A
S21403C2A0FFF7D2FF284638BDF0B5054687B000260F
S21403C2B0EC69013CB44203D80C46204607B0F0BDF7
S21403C2C001B14C1E6F6C0522286801A9EB6B07FBB6
S21403C2D004005B69984701A800F0DDFB00F000FC52
S21403C2E00028EAD101362146E2E7F0B5044687B0D6
S21403C2F0466C0D4600680522E36B01A906FB0500A4
S21403C3005B69984701A800F0C6FB00F0E9FB20B183
S21403C31001A800F097FB07B0F0BD29462046FFF7BB
S21403C320C3FF676C0646E36B206805225B6901A9B9
S21403C33007FB0600984701A800F084FB431CEAD0DD
S21403C340B54238BF0130E6E72DE9F043D0F8248044
S21403C3504FF6FF7987B004460E46C84514BF4546D8
S21403C36000250027E369BB4202D807B0BDE8F08387
S21403C370E26B01A92368606CD2F814C0052200FBA7
S21403C3800530E04701A800F086FB022806D0C84522
S21403C3900CD1721C29462046FFF775FF0135E36969
S21403C3A00137B5FBF3F203FB1255DBE729462046BC
S21403C3B0FFF79BFFB0F1FF3F14BF02463246013240
S21403C3C0E8E70368F0B5CC1A436C87B00646002549
S21403C3D0B4FBF3F4F36937685A1E706C954208D3BE
S21403C3E0706C336800FB043007B0BDE8F04000F023
S21403C3F082BB013401A9B4FBF3F203FB1244F36BD3
S21403C40005225B6900FB0470984701A800F043FB14
S21403C41000F066FB0028E3D10135DBE710B423F018
S21403C42003049B07436C2244C3F100030A4418BF6A
S21403C430043282EA0104234203D05DF8044BFFF77B
S21403C440C0BF10465DF8044B70472DE9F041D0E9B4
S21403C4500A3686B004469E4228D1C369142245682C
S21403C46002FB1355284606B0BDE8F081206801A9F3
S21403C470676C331AE26BB3FBF7F3D2F8148007FB4F
S21403C48003000522C04701A800F005FB012804D0DD
S21403C490636C1D44013B3340ED1A31462046FFF7DB
S21403C4A090FF0646A36AB342E0D1DBE70025F9E72F
S21403C4B0F0B5002587B004462E46E369B34202D89A
S21403C4C0284607B0F0BD636C0522276801A903FB65
S21403C4D00677E36B38465B69984701A800F0DBFAFA
S21403C4E000F0FEFA58B1384600F005FB0146204638
S21403C4F0FFF786FE636C143B834208BF01350136A3
S21403C500DBE708B508301346D1E90012EDF770F9FA
S21403C510012008BD13B50C4600212176009313466F
S21403C52061682246EBF7EEFE18B1E37D03B1A07E09
S21403C530A075A07D02B010BD73B500F108051646C0
S21403C5400C460DF107020968284600F0A1F9032EF0
S21403C55006D16368834203D12168284600F07FF939
S21403C560012002B070BDD01E009B42424241187E9D
S21403C570824211D11A688A420ED85A688A420BD36D
S21403C5805A6901325A61D3E9030282423FBF98686F
S21403C59040F8221001321A6101207047032A10B5B1
S21403C5A0029C07D1A26A5340626C5242134201D1E5
S21403C5B000F055F9012010BD08B5C3680020984760
S21403C5C0BDE80840D9F768BB012870B514BF04203E
S21403C5D00220002442431C70CC7D101D02F0020290
S21403C5E04CB91AB1012220F003001A7000F10803B7
S21403C5F04868184470BD1AB1012220F003001A706F
S21403C6000C7E002301F12005DAB2944201D8002003
S21403C610F0E735F833205E1C824206D901EBC303EC
S21403C62000F10802D8691044E4E7801A3346EBE7C2
S21403C63073B590F8426005461C460DF10303304679
S21403C640FFF7C2FFEB6B012E5B690DD1324601A9E2
S21403C65098479DF8033013B1BDF806300193BDF833
S21403C6600430236002B070BD0122214602B0BDE84B
S21403C67070401847F0B50546002487B04868EB6B52
S21403C68027460E4601225B6902A9083002949847A2
S21403C69095F84230012B40F08480632C02D902982F
S21403C6A007B0F0BD612C08D805AB224631462846B4
S21403C6B0FFF7BEFF9DF814301BB305AB2246314689
S21403C6C028468DF81070FFF7B3FF95F84230012B1C
S21403C6D0059B55D14FF6FF72934200F096800822D1
S21403C6E005A904A800F05EF9059B9DF81010C3F396
S21403C6F00722914240F08980DBB2029A1A440292E2
S21403C70083E095F84230012B30D103AB2246314605
S21403C7102846FFF78DFF04AB621C31462846FFF719
S21403C72087FF05ABA21C31462846FFF781FF102280
S21403C73008230DF107000DEB02018DF8073000F01A
S21403C74031F9102205A90DF1070000F02BF9039B20
S21403C750DAB2002A52D19DF80720B2EB132F4DD13F
S21403C760DDE9043203EB0243029347E0302C2BD976
S21403C77044E09DF80720B2EB134F3FD1049BF3E749
S21403C780013342D0102205A90DEB020000F00AF98E
S21403C790059B9DF81010C3F30742914235D19BB217
S21403C7A0ABE7312C3FF67BAF87D005AB224631464D
S21403C7B02846FFF73DFFBDF81430002B7FF47DAF0E
S21403C7C095F84230012BA0D003AB224631462846CB
S21403C7D0FFF72EFF04AB621C31462846FFF728FFFF
S21403C7E0102320220DF107000DEB03018DF807300F
S21403C7F000F0D8F8039B9AB2002ABAD095F84230D4
S21403C800012B14BF012302231C44013440E713B554
S21403C81000240194049C0094ECF708F902B010BDC0
S21403C82013B501240194049C0094ECF7FFF802B0BE
S21403C83010BD30B5002344684FF0FF329C4202D14E
S21403C8400023037230BD016801EBC30541F83320B2
S21403C85001336A60F2E7C0E90012FFF7EABFF0B5FA
S21403C860002345689D4210D00468DF0054F8332047
S21403C87004EBC306B2F1FF3F08D0C2F313029142A2
S21403C88004D14FF0FF33E3517360F0BD0133E9E7A2
S21403C890F0B5002345689D4202D14FF0FF300EE00D
S21403C8A00468DE0054F83340671C09D0C4F313074A
S21403C8B0B94205D1240D1470036833445868F0BD9B
S21403C8C00133E8E713B50023044601461B220DF1A6
S21403C8D007008DF8073000F065F822689DF80730EA
S21403C8E0B3EBD26F0CBF0120002002B010BD13B50E
S21403C8F000230446014620220DF107008DF8073079
S21403C90000F050F80DF107001A22211D00F04AF836
S21403C91062689DF80730B3EB926F0CBF01200020CE
S21403C92002B010BD0068431C584258417047006867
S21403C93010F07E0F0CBFC0F3C16000207047006884
S21403C940C0F3D3107047006800F07F0001288CBF47
S21403C950002001207047036813F07E0F14BF0420E5
S21403C96008207047036813F07E0F03D1406820F059
S21403C9707C40704713F078001CBF03F07F03D81F7A
S21403C9807047006800F07F007047032809D002282C
S21403C99003D1C1F10201C8B2704700290CBF0720BA
S21403C9A0002070471F2A0B689EBF4FF0FF3191404F
S21403C9B08B43590801F055315B1A03F033319B085A
S21403C9C003F033330B44017803EB13130A444FF09D
S21403C9D0013103F00F334B43A2EB1362027070472F
S21403C9E037B501F10C040546436969460122204622
S21403C9F09847BDF80030012201A901932046AB6990
S21403CA00984703B030BD37B501F10C0443690122E2
S21403CA106946054620469847009B4FF6FF7299B233
S21403CA2091420DD11B0C012201A920461B0443F49D
S21403CA30254343F0A5030193AB69984703B030BD84
S21403CA400020FBE737B5044600251B22011D0DF128
S21403CA5007008DF80750FFF7A5FF60689DF80720CD
S21403CA60B2EBD06F03D120F0784003B030BD0DF1A8
S21403CA7007001B2204F108018DF80750FFF792FF09
S21403CA80A0689DF80730B3EBD06F01D1C043EAE747
S21403CA904FF0FF30E9E703684BF29A22B2EB134FED
S21403CAA010B5044613D19BB2012B13D1FFF7CAFF6F
S21403CAB001300CD0E0684FF6FF72B2EB104F4FEA2E
S21403CAC0104309D180B2C01A18BF012010BD2368D5
S21403CAD0013303D00420F9E70220F7E70320F5E744
S21403CAE001288CBF002001207047033801288CBF23
S21403CAF0002001207047143070472DE9F0410546A9
S21403CB009846036908460E4617469847044638B9BA
S21403CB1043463A4631462846ECF746FF044618B1E4
S21403CB2031462846FFF75CFF2046BDE8F081022029
S21403CB307047002070470120704700207047002090
S21403CB407047704737B504460D4601A8EEF752FF07
S21403CB5001A8FFF7F6FF204601A98DF80650EDF76A
S21403CB601DF803B030BD08461146EDF7F5B870471B
S21403CB70431E012B03D9031F584258417047012017
S21403CB80704700F0BEBB4FF4C472002100F052BDE4
S21403CB9010B50446002100F085F82046BDE8104095
S21403CBA0EEF766BEEEF704BAEEF708BAF8B5054632
S21403CBB00E46EDF799F8D5F8C03073B15B6963B1EB
S21403CBC0F0F7A2FDD5F8C03040F26B125B69422144
S21403CBD01B1A58425841EDF767FA00224FF6FF73C7
S21403CBE04FF0240CF768D0B2B84208D31C4621464F
S21403CBF02846EDF701FA00F087FB2046F8BDB1683A
S21403CC000CFB0011CC899C4202D2002CEFD02346A9
S21403CC100132E8E7EDF7F0B9008B70470A7838B5CC
S21403CC2005461046FFF7A4FF60B14C782046FFF791
S21403CC309FFF38B12243530704D42846BDE8384043
S21403CC40EEF7DCB9012038BDFFF7E8BF10B50446A0
S21403CC500878FFF78DFF58B14A781046FFF788FF2C
S21403CC6030B1042A04D02046BDE81040EEF7FCB9E4
S21403CC70012010BDFFF7EABFEDF708BF0846EFF740
S21403CC8059BBEEF783B870B504460D461646EDF766
S21403CC90B3F930B9324629462046BDE87040F2F76C
S21403CCA08FBB70BDEFF74CB8F1F79CBE38B50446A2
S21403CCB000200D4600F026FBD4F8D4302BB92946C5
S21403CCC02046BDE83840EEF79BBA022038BD38B59B
S21403CCD0044648880D4600F015FBD4F8D4302BB92B
S21403CCE029462046BDE83840EEF7F4B9022038BDA1
S21403CCF000F009BB00F07CB900F00FBB38B5054661
S21403CD000C46F5F754FB2B6B1C40EB6A2343EB6294
S21403CD10F5F751FB211E18BF01210020490238BD3B
S21403CD20EEF750BDEDF7BABF00F0B0B900F0D2B9D8
S21403CD3008461146EFF7D6BDEEF796BB00F06CB982
S21403CD4038B50446154609B100F0E4F925B1204686
S21403CD50BDE83840EEF780BC38BD00F0E9B900F016
S21403CD60F3B910B5044600F08BF820B92046BDE8A9
S21403CD701040EDF775BA10BD00F0D3BAF0F768BBF4
S21403CD802DE9FF41984604460E461746F5F716FB6F
S21403CD9005462046FFF7E5FF0A9B3A460293002323
S21403CDA03146CDE900832046EDF7A8FA0446284627
S21403CDB0F5F70AFB204604B0BDE8F08138B5044613
S21403CDC0F5F7FCFA05462046FFF7CBFF2046EDF7BE
S21403CDD073FA04462846F5F7F7FAB4FA84F04009DE
S21403CDE038BD38B50446F5F7E9FA05462046FFF799
S21403CDF0B8FF204600F053F804462846F5F7E4FA51
S21403CE00204638BD38B50446F5F7D8FA0546204619
S21403CE10FFF7A7FF204600F048F804462846F5F734
S21403CE20D3FA204638BD70B504460E46F5F7C6FA63
S21403CE3005462046FFF795FF31462046EDF7ACFA48
S21403CE4004462846F5F7C0FA204670BD134607B5D4
S21403CE5000228DF807100DF10700194600F01EFAA0
S21403CE6003B05DF804FB084611461A4600F016BAEE
S21403CE700020704701207047EFF798B900F0B7B964
S21403CE80EDF728B910B5F5F799FA044600F015F84A
S21403CE90EDF746F92046BDE81040F5F795BA024689
S21403CEA008B5EDF717F9507D08BD024608B5EDF74E
S21403CEB011F9507D80F0010008BD00F032BAEDF79D
S21403CEC0FFBF00F06BB8437C03B1084702207047EE
S21403CED010B50446EFF7D2F82046BDE8104003210C
S21403CEE0EDF72EBEFFF7F4BF437C0BB1EFF78CB81C
S21403CEF002207047437C0BB1EFF7AAB802207047B5
S21403CF0038B5447C0D46BCB1053C012C8CBF0024CF
S21403CF10012449682246EFF7EBF8286890FAA0F058
S21403CF20000AF0F711FEA97A2889224681F001014A
S21403CF30EFF70EF9002038BD0220FCE71FB5ADF869
S21403CF4008309DF81830CDE9001269468DF80A308E
S21403CF50FFF7D6FF05B05DF804FB002070470020FE
S21403CF60704702210120EDF733BB7047436B03F094
S21403CF706003402B0DD0602B03D0203B5842584112
S21403CF80704749B10B68012B06D9486940F0010088
S21403CF90704740F201107047002070470220F0F7F8
S21403CFA0D1B9D0F8C8304BB11A68022A06D993F81B
S21403CFB0250028B11B6AB3FBF0F07047FFF7F2BDFC
S21403CFC07047D0F8C8207AB11368022B0CD9536A7D
S21403CFD013F47F4FC3F3072106D0126ADBB2534321
S21403CFE08B42B3FBF1F201D2FFF7DEBD104670476A
S21403CFF00346D0F804010860B3F8083100208B809C
S21403D000704790F804310E2B14BF807DFF207047C5
S21403D0104FF48071F3F768B9F8B507460E468D8866
S21403D020EDF7D2FF7F7C0446082F737C4FEAC505D5
S21403D0301ED1012B014604D80120F1F725FE033546
S21403D04002E00020F1F720FE03230544B371DCB1B0
S21403D050B5F5803F18D84FF22442630902FB053327
S21403D0602409B3FBF4F300203268D21A3260F8BD09
S21403D070053FFFB2012F01468CBF00200120F1F7C8
S21403D08003FE012FE0D8DAE70220F0E7084610B5E2
S21403D09010F0030411461BD13F2B15D9B3FA83F3C3
S21403D0A0C3F11902D2B2062A01D8192B0ED0062ACA
S21403D0B028BF06220124931DDBB29C40A4B2A142E2
S21403D0C028BF2146EFF79AF9204610BD2246F1E71E
S21403D0D00024F9E7084611F0030110B518D11388A8
S21403D0E03F2B15D9B3FA83F3C3F11904E4B2062C24
S21403D0F001D8192B03D0062C214628BF062101236D
S21403D1008C1DE4B2A3401380EFF796F9002010BD00
S21403D1100120FCE7EDF710BC10B5144608460121C4
S21403D120F0F7B8FB2046BDE810400121F0F7B2BB8C
S21403D13010B50A011021F3F7C3F80446F3F7DEF837
S21403D140201E18BF012010BD1021F3F7CDB8F8B587
S21403D15004460E461746F5F72AF93A46054631467B
S21403D160204600F07CF904462846F5F724F92046C5
S21403D170F8BD0220704703207047F0F7DBB810B500
S21403D180EEF7BEFC044608B9F2F70CF9204610BDCC
S21403D19038B504461D46EEF7B3FC28B929462046A3
S21403D1A0BDE83840F2F7D2B938BD8021F3F79CB812
S21403D1B038B50546EDF7DEFC04462846EDF7B8FC21
S21403D1C0072811D1D5F8C43024F47F41DB6921F058
S21403D1D0080103B15B7841EA032141F020012846A8
S21403D1E0BDE83840EDF7CCBC24F02001F7E7EEF7B6
S21403D1F0DDBF38B5054610460C46EFF74BF865B16C
S21403D200D5F8C4304BB15B693BB12268013204BF29
S21403D2106FF00102226022681A60002038BD0020E9
S21403D22070472DE9F74F01251C469DF8303006461A
S21403D23001930368174603F0070306339D4005F181
S21403D240FF380B46A1B1416804EA080BA5EB0B0AAD
S21403D25041F00059524509EB0B0114D952461846C2
S21403D26000F0F3F949467A1B5A44504400F0EDF9AE
S21403D270019B2BB13C4448EA050804EA0804F46021
S21403D28003B0BDE8F08F1846F0E737B5002514461F
S21403D2900095FFF7C6FF204603B030BD70B50E46B7
S21403D2A01546044608B9002070BD0378042B18D031
S21403D2B02078EFF71DFCB0B923780E2BF3D10EB10F
S21403D2C0FF233370CDB1FF232B7016E02078013097
S21403D2D0C0B203282070EBD8EFF70AFC0028F5D07D
S21403D2E0E6E70020F5E71EB12078EFF735FC30704F
S21403D2F01DB1207800F009F828700120D4E7EEF776
S21403D300FBBC704770477047704710F0FD0F14BFA3
S21403D3104FF0FF300020C0B2704770470020002156
S21403D320704708B5F0F724F8BDE80840F0F75EB894
S21403D33008B5F0F735F8BDE80840F0F757B810B56C
S21403D3400446F0F715F8844288BF01F1FF31204602
S21403D350BDE8104001F00301F0F748B838B50446BD
S21403D360FFF7DFFF0546FFF7DCFF431BA342FAD3B5
S21403D37038BD08B521B1920000F067F9002008BD5A
S21403D3800120FCE70B0CB3F5384FF7B506460D4600
S21403D3908FB216D04BF60102934214D04BF602021C
S21403D3A0934212D0B3F5304F14BF04240324D6F8A7
S21403D3B0C4300BB1196851B9D6F8C0309BB9286888
S21403D3C00FE00024F3E70124F1E70224EFE7234606
S21403D3D068463A46F0F762F89DF804300098002B4A
S21403D3E0EAD103B0F0BD19680029E8D023466846A1
S21403D3F03A46F0F753F89DF804300098002BDED138
S21403D400EFE700F03003202B10B513D110F4E02F14
S21403D410C0F302440AD0C0F3C423B3FBF4F410F4FD
S21403D420C01F18BF6400052C0ED86408F0F7FEFA78
S21403D430604310BD6FF01204C0F382131C4104F066
S21403D4400104C4F10204F1E70424EFE74FF0384384
S21403D45059699A6903F500530A405A617047F7B54C
S21403D46005460F4668461146F0F7D6FB064698B1C2
S21403D47097B1DDE900311B0A43EA0163A5FB0343C9
S21403D480090A05FB0135F0F73FF900230246294652
S21403D4902046F2F77BFF3860304603B0F0BD03202A
S21403D4A07047704730B14FF47A735843A0F57A60EB
S21403D4B0F1F7DEBA49F64040FAE7F2F783BAF2F735
S21403D4C081BAF2F77FBAF2F77DBAF2F77BBA002297
S21403D4D08A4202D14FF0FF30704750F8223093FA59
S21403D4E0A3F30BB90132F3E7B3FA83F000EB421070
S21403D4F070470020704770B5A1FB02543CB929461B
S21403D500F3F720F9064628B90026304670BD0C22EC
S21403D5100260F9E72A46214600F08CF8F5E72DE984
S21403D520F8430746884614460026D4E90195B9F120
S21403D530010905D52468002CF7D13046BDE8F883E9
S21403D540AB89012B07D9B5F90E30013303D0294631
S21403D5503846C04706436835E9E710B50C46B1F9C7
S21403D5600E10F3F709FB0028ABBF636DA3891B18E6
S21403D57023F48053ACBF6365A38110BD2DE9F0414E
S21403D5801F468B8905460C46DB05164605D5022342
S21403D5900022B1F90E10F3F7DDFAA3893246B4F987
S21403D5A00E10284623F48053A3813B46BDE8F04182
S21403D5B0F3F704BB10B50C46B1F90E10F3F7CAFA2D
S21403D5C0431CA38915BF606523F4805343F480533B
S21403D5D0A38118BFA38110BDB1F90E10F3F7AABA41
S21403D5E00139024410B5904201D1002005E00378CA
S21403D5F011F8014FA34201D0181B10BD0130F2E70A
S21403D600884210B501EB020402D98442234607D8A8
S21403D610431EA14208D011F8012B03F8012FF8E7A7
S21403D620024401468A4200D110BD13F8014D02F8A8
S21403D630014DF7E702440346934200D1704703F8CF
S21403D640011BF9E77047704770470A44431E91422F
S21403D65000D1704710B511F8014B914203F8014F02
S21403D660F9D110BD9368013B002B936010B408DA20
S21403D6709469A34201DB0A2903D15DF8044B00F049
S21403D68098B91368581C1060084619705DF8044B67
S21403D6907047F8B506460F461446D518AC4201D176
S21403D6A0002007E03A4614F8011B3046FFF7DAFF7E
S21403D6B0431CF3D1F8BD2DE9F047164698468A6811
S21403D6C007460B690C46DDF820909342B8BF134615
S21403D6D0336091F843200AB1013333602368990617
S21403D6E042BF336802333360256815F0060506D15A
S21403D6F004F1190AE36832689B1AAB422BDC94F8F0
S21403D70043302268003B18BF0123920630D404F14D
S21403D710430241463846C847013023D023681A34AB
S21403D72054F80A2C03F00603042B0ABF54F80E5CC5
S21403D730002533684FF0000608BFED1A54F8123C74
S21403D74008BF25EAE5759342C4BF9B1AED18B54298
S21403D7501AD1002008E00123524641463846C847FE
S21403D760013003D14FF0FF30BDE8F0870135C1E744
S21403D770E1185A1C30200233224481F8430094F8FF
S21403D780451082F84310C2E7012322464146384635
S21403D790C8470130E6D00136D9E7B1F90C202DE9A8
S21403D7A0F041170705460C4656D44B68002B02DC9F
S21403D7B00B6C002B3DDDE66A002E3AD0002312F4F4
S21403D7C080522F68216A2B6025D0626DA389580783
S21403D7D005D56368D21A636B0BB1236CD21A216A20
S21403D7E00023E66A2846B047411C24D00023636022
S21403D7F023692360A389DA0400D56065616B2F6013
S21403D800B9B104F14403994202D02846F3F70CFA5F
S21403D810002363630DE001232846B047461C0246F7
S21403D820D4D12B68002BD1D01D2B01D0162B2AD197
S21403D8302F6000202EE02A68B4F90C3042B11D2A6E
S21403D84001D0162A21D10023636023692360D5E71C
S21403D850626022692260CEE70F69002FE9D0930742
S21403D8600E680F600CBF4B690023A6EB07088B609E
S21403D870B8F1000FDDDD43463A46216A2846A66A1C
S21403D880B047002808DCB4F90C3043F040034FF0EF
S21403D890FF30A381BDE8F0810744A8EB0008E7E763
S21403D8A038B50B6905460C4613B90025284638BD1E
S21403D8B018B1036A0BB9F3F755F8B4F90C30002B1B
S21403D8C0F3D0626ED00704D4990502D4A06DFFF797
S21403D8D0BAFE28462146FFF760FF636E0546DA0761
S21403D8E0E4D4A3899B05E1D4A06DFFF7ADFEDDE785
S21403D8F070B50C46B1F90E1096B0154600291E46B3
S21403D9000CDAA389002113F0800F14BF40234FF4D1
S21403D9108063002031602B6016B070BD6A46F3F753
S21403D92067FC0028EDDB019901F47041A1F5005373
S21403D930594259414FF48063EBE78B89F7B59D074E
S21403D94006460C4607D504F14703236023610123EB
S21403D950636103B0F0BD01AB6A46FFF7C9FF009FE2
S21403D960054630463946F2F7EDFE48B9B4F90C30B1
S21403D9709A05EED423F0030343F00203A381E2E700
S21403D980A389206043F08003A381019BC4E90407B5
S21403D9905BB1B4F90E103046F3F73CFC28B1A3890B
S21403D9A023F0030343F00103A381A3891D43A58149
S21403D9B0CFE7F8B50E461446054618B1036A0BB909
S21403D9C0F2F7D0FFA369A360A3891A0701D52369D9
S21403D9D043B921462846F3F7B5FB18B14FF0FF3796
S21403D9E03846F8BD2368F6B222693746981A636943
S21403D9F0834205DC21462846FFF752FF0028EDD177
S21403DA00A368013BA36023685A1C22601E70431C54
S21403DA1062699A4204D0A389DB07E1D50A2EDFD1D7
S21403DA2021462846FFF73CFF0028D9D0D6E7C9B2DF
S21403DA300346024410B59342184601D1002003E082
S21403DA40047801338C42F6D110BD430803F05533F6
S21403DA50C01A00F03333800800F0333018444FF018
S21403DA60013300EB101000F00F305843000E7047E0
S21403DA7010B5044678B1036A41696BB1806898476C
S21403DA800023207E63611028636004D82146F3F7E1
S21403DA90CDFE1123237610BD0029F1D08368002B19
S21403DAA0EEDB0846F4F7B2F8EAE7002307B51A46B2
S21403DAB0019101A9F3F700FD03B05DF804FB1FB560
S21403DAC0002402949DF81C400194069C0094F3F7EE
S21403DAD079FC04B010BD13B507240194049C00948C
S21403DAE0FFF7EDFF02B010BD002307B50093FFF765
S21403DAF0F2FF03B05DF804FB03680B600160704738
S21403DB002DE9F0410E46174600240546006808B97D
S21403DB10BDE8F081D0E90083B3420BD18368BB42F2
S21403DB2008D154B9C5F80080C368DB0701D5F4F7FC
S21403DB306DF8204604464046E9E7C4F80080F3E75C
S21403DB40D1E90112FFF7DCBF002370B51A46194668
S21403DB5005460468F3F7B0FC0CB92C6070BDE368A7
S21403DB602668DB0702D52046F4F750F83446F3E779
S21403DB702DE9F8430E461746054610B90020BDE8C2
S21403DB80F8830468002CF9D0D4E900893B46324672
S21403DB902946A068C8470028F1D14446F2E7242066
S21403DBA0704738B5054614460A460021FFF742FD7E
S21403DBB024F01C046B7944F0100443F004032C7126
S21403DBC06B7138BD2DE9F74F1F469DF830308A46F6
S21403DBD080460093002850D0002967D00C68002C9C
S21403DBE066D04FF0000BE679A179761AF6B2BE42FC
S21403DBF008D30C31394408EB020945462144F61B89
S21403DC00C84537E02068A346BF1B002835D0044626
S21403DC10E9E7AB19994538BFA9EB0506324628460E
S21403DC20FFF713FD009B002B3DD0E279A079F3B2FA
S21403DC3037BB1844A071E279A37927689A4232D198
S21403DC40DAF80030A34208BFCAF80070BBF1000F31
S21403DC5001D0CBF800702046F3F74AFE3C46354425
S21403DC604CB10027A379E67903F10C01F61A214497
S21403DC70F6B24D45CDD3A5EB080003B0BDE8F08F53
S21403DC80121AD2B2F918914209DA0C302044D21B88
S21403DC90D21A014438440193FFF7B2FC019BE279A0
S21403DCA0D31AE371C7E7A3462468D8E70846E4E730
S21403DCB02046E2E710B5C4790246C4F14503D8B25C
S21403DCC0884228BF08460444D47110BD38B50546BB
S21403DCD0C079C0F14504E4B2944288BFD4B20C3094
S21403DCE022462844FFF7B1FCEB7920462344EB7128
S21403DCF038BD1FB503910021009103A9FFF762FF0A
S21403DD0005B05DF804FB38B50446206800B938BD95
S21403DD100568F3F7EDFD2560F7E7034610B501F058
S21403DD20EC0103B910BD1A7902F013020A431A7103
S21403DD301A1A544254415A7964F300025A711B6802
S21403DD40EFE710B558B1016802685AB1136823B1FA
S21403DD505C79E40704D5002414600360084610BD0C
S21403DD600360F1E71346F8E7034658B10020DA7973
S21403DD7099791B68521A50FA82F01BB15A79D20766
S21403DD80F5D57047704770B50D460446E8B18679F9
S21403DD908E4203D3751A8571012070BDC27906F1D0
S21403DDA045039B1ADBB299420FD806F10C010144D6
S21403DDB0921BA81BD2B20844FFF722FC0023A371D0
S21403DDC0E3791D44AD1BE571E6E70020E5E710B5F2
S21403DDD00C4698B191B18979E279C379521AC3F1A5
S21403DDE04503D2B2DBB2934208D30C312144FFF78A
S21403DDF06DFF2046F3F77CFD012010BD0020FCE7F5
S21403DE000346006818B102681A600023036070476F
S21403DE100346002003B97047DA7999791B68521ACA
S21403DE2050FA82F0F6E72DE9F84F89461446824603
S21403DE30FFF7EEFF05464846FFF7EAFFA54207460B
S21403DE4001D3A04208D2BD4208D10024A346A0466F
S21403DE50264647B9384604E02746F6E738D24FF059
S21403DE60FF30BDE8F88F5EB99AF806809AF8076027
S21403DE70A6EB080608F10C08D044DAF800A0F6B2C0
S21403DE80BBF1000F0BD199F8064099F807B0ABEB3E
S21403DE90040B0C344C44D9F800905FFA8BFB5E45B8
S21403DEA0354628BF5D46BD4228BF3D4621462A4625
S21403DEB04046FFF795FB0028D3D1A8442C447F1B8C
S21403DEC0EDB2761BABEB0505F6B25FFA85FBC0E752
S21403DED00120C6E703680BB9016070471A461B6842
S21403DEE0002BFBD111607047036803B10B60016020
S21403DEF0704739B10B461A461B68002BFBD10368E3
S21403DF0013600160704770B5046806460D4644B159
S21403DF102046FFF77DFFA84211D8236813B9E3799B
S21403DF20A37170BD20463360F3F7E2FC3468F4E770
S21403DF30ED1A236820463360F3F7DAFC3468002DC5
S21403DF40EFD0A279E3799B1ADBB2AB42F0D92A442D
S21403DF50A271E6E7F8B5066805460C4646B13046B4
S21403DF60FFF756FFA0421DD8336813B9F379B37190
S21403DF70F8BD30462B60F3F7BBFC2E68F4E7064685
S21403DF8038460768002FFAD1C2798379D31ADBB2F1
S21403DF90A34202D9121BC271EAE7E41AF3F7A8FCFC
S21403DFA03EB13760002CE3D028680028E0D0002676
S21403DFB0E7E72E60F6E7F8B504460F46BC4200D105
S21403DFC0F8BDA179E5796D1AEDB2C5F14506B6B28D
S21403DFD00EB92468F2E749B10C312A46214404F10C
S21403DFE00C00FFF70DFB0023E571A3712368BB420A
S21403DFF0EFD05A79D207ECD49979DD79A0796D1AE6
S21403E000EDB2B54228BF3546E2790C3010440C31E8
S21403E0102A4619442044FFF718FBE379206853FA8D
S21403E02085F3E3718379761B53FA85F5C379EDB2ED
S21403E030AB42B6B2857103D103682360F3F758FC8D
S21403E040002ED3D1C5E738B50C46016809B904607C
S21403E05038BD0D4609680029FBD1236823B1204645
S21403E060FFF7A9FF2C60F3E721462846FFF7AFFE2C
S21403E0700028EDD1F6E748B1002302794360036038
S21403E08083604379027143F00403437170470022AF
S21403E0901146F3F789BC38B504460D46FFF773FE01
S21403E0A098B984B12079FFF7F2FF58B163794279C2
S21403E0B0C3F3400363F3410245235D1B04604271CF
S21403E0C0C371857138BD0120EDE72046FAE738B500
S21403E0D0036804460D469BB11879FFF7D8FF88B14D
S21403E0E02368427903605B79C3F3400363F3410219
S21403E0F045235D1B4271C37185712060002038BDC6
S21403E1000120EAE71920FAE738B50C46054640B37E
S21403E110006830B309B9002038BD4AB9C9B2FFF761
S21403E12032FE0028F7D12B689A799871A41A06E074
S21403E130452918D8C9B2FFF726FE0028EBD1442C90
S21403E14007D8002CE7D02846E1B2BDE83840FFF7F1
S21403E150BEBF45212846FFF7BAFF0028DCD1453C61
S21403E160EDE72220D8E72120D6E72DE9F84390F8FB
S21403E170078090F806900446A8EB0907FFB2B94259
S21403E1800D4602D30020BDE8F8830079FFF77FFF32
S21403E19006460028F6D0A17980790C317F1B2944E6
S21403E1A00C30BAB221443044FFF74FFAF37901201A
S21403E1B03B44F371E37999444D442368A5EB080582
S21403E1C0E57133602660DEE7F8B5076806460D4658
S21403E1D03C46002305B12CB90BB100221A6034600B
S21403E1E03846F8BDE379A2799B1ADBB2AB4207D86F
S21403E1F0E379A2799B1ADBB2ED1A23462468E9E792
S21403E2002046E9B2FFF7B1FF0028F1D10746E7E75A
S21403E2105318452B02DCC9B2F3F7C6BB0020704780
S21403E220F7B5002605460F4601960DB9019C09E091
S21403E230002238461146F3F7B7FB044628B901A86F
S21403E240FFF761FD204603B0F0BDAB798371EA7931
S21403E250C27168796179D21A60F3000161716979D4
S21403E2606079C1F3400161F34100607103F10C0072
S21403E2702918D2B22044FFF7E8F9019B03B90194A9
S21403E28006B1346026462D68CFE72DE9F8430D46E0
S21403E2901446064610B319B3DAB1034699461B680B
S21403E2A0002BFBD12746C8463A4629464046FFF789
S21403E2B00DFDC145A7EB0007054418BFC9F800804C
S21403E2C037B10022B1793079F3F76EFBC14618B93E
S21403E2D0E41B2046BDE8F8838046E5E70446F8E7F6
S21403E2E00C46F6E737B51546C9B200221C46F3F7C7
S21403E2F05BFB019040B122462946FFF7C6FF8442E6
S21403E30002D901A8FFF7FFFC019803B030BD03460E
S21403E31010B501391A1A914200D810BD445C1A7818
S21403E32003F8014B42540139F4E7002301448842C1
S21403E33000D1704700F8013BF9E738B505460C46AF
S21403E34004B938BD013C55F834305B68002BF7D070
S21403E3509847F5E72DE9F0410446002654F8363091
S21403E3602BB904F10408B34203D100250FE00136AC
S21403E370F4E754F833205F1C12685AB158F8330098
S21403E3809047054630B139462046FFF7D6FF284664
S21403E390BDE8F0813B46E6E7704770477047704735
S21403E3A07047F3F715BC38B50446F9F71AFB05466C
S21403E3B058B9C820E1F7DAFFC82202212846E1F758
S21403E3C095FF8442A8BF044624B22046E1F7CEFF59
S21403E3D0F9F707FBBDE83840C8220221E1F786BFFC
S21403E3E0B0F90020B1F900302DE9F0479A4204460F
S21403E3F00D4648DCF3F7E2FF8046DDF7ABFC00286A
S21403E4003ED1E1F769FF8246F9F7EBFAC82202210B
S21403E410E1F76CFF47F6FF73B5F9002081469A4291
S21403E42002D1E1F77DFF288047F6FF73B4F9002099
S21403E4309A4202D1E1F76EFF2080B5F90000FFF79C
S21403E440B2FFB4F9003007468342C8BF2080B4F950
S21403E4500000E1F76BFFDEF70DFD064658B15046A8
S21403E460E1F764FF4846E1F781FF4046F3F7ACFF68
S21403E4703046BDE8F087E1F72FFF20802F80F4E7D2
S21403E48041F20C06F1E72126F2E700000000000047
S21403E4900000000000000000000000000000000074
S21403E4A0F8B500BFF8BC08BC9E467047F8B500BF79
S21403E4B0F8BC08BC9E4670475FF800F0A50E002027
S21403E4C05FF800F0FD0D00205FF800F0450D00201A
S21403E4D00000000000000000000000000000000034
S21403E4E00000000000000000000000000000000024
S21403E4F00000000000000000000000000000000014
S21403E500B1230100F5230100891C0300000000006D
S21403E51000000000000000000000000000000000F3
S21403E5207165705F6D736D002575005B495D200036
S21403E53042534C5F736F6674776172655F7472697A
S21403E5406767657265642E0A005B575D2000557029
S21403E550646174655F417373657274696F6E732E5D
S21403E5600A005B435D20002E2E2F5363722F6273C7
S21403E5706C5F4669726D776172655F75706461740E
S21403E580652E630025733A2564203A25733A2000E6
S21403E59066616C736500417373657274696F6E2090
S21403E5A027257327206661696C656400537461745C
S21403E5B075733A202573203D203078253034782033
S21403E5C000417373657274696F6E206661696C656A
S21403E5D06400486F73745F42534C5F537461727484
S21403E5E041707000486F73745F42534C5F4D6173A4
S21403E5F073457261736500486F73745F42534C5F73
S21403E6006C6F616450617373776F726400486F73E5
S21403E610745F42534C5F476574494400486F737494
S21403E6205F42534C5F436F6E6E656374696F6E0033
S21403E6302E2E2F5363722F6273702E6300515F6FFB
S21403E6406E4572726F72002E2E2F5363722F627492
S21403E6505F53504335315F534D2E630042534C5F37
S21403E66052585F6275666665725B305D203D3D207D
S21403E670756172745F6E6F4572726F720042534CAF
S21403E6805F4D41585F4255464645525F53495A458A
S21403E690203E3D204D41585F5041434B45545F5308
S21403E6A0495A45004E6F2053656375726974790A3B
S21403E6B000556E61757468656E746963617465642C
S21403E6C02070616972696E67207769746820656E69
S21403E6D06372797074696F6E20284A757374205755
S21403E6E06F726B73290A0041757468656E7469638B
S21403E6F0617465642070616972696E6720776974F6
S21403E7006820656E6372797074696F6E20284C6535
S21403E710676163792050616972696E67290A0041EF
S21403E720757468656E7469636174656420536563A4
S21403E73075726520436F6E6E656374696F6E7320C2
S21403E74070616972696E67207769746820656E63A5
S21403E75072797074696F6E2028425420342E3220EA
S21403E7604C45205365637572652050616972696E06
S21403E77067290A00436F6E6E656374696F6E204384
S21403E7806C6F7365642E2E2E2E0A006D652D3E73F8
S21403E79063004164766572746973696E672E2E2E04
S21403E7A02E0A004D616E6167696E67204E6577209D
S21403E7B0636F6E6E656374696F6E2E2E2E2E0A005F
S21403E7C0504B3A202530366C750A00426F6E6469EA
S21403E7D06E67204661696C65642E2E2E2E0A0043F2
S21403E7E06C6F73696E6720636F6E6E656374696FB3
S21403E7F06E2E2E2E2E0A0052656D6F746520626F84
S21403E8006E64696E67207265716575737420636FD5
S21403E8106E6669726D65642E0A00426F6E64656487
S21403E8202E2E2E2E0A0042534C5F52585F62756698
S21403E8306665725B305D203D3D2030783531007370
S21403E84074617469632072616E646F6D00707562C3
S21403E8506C69632064657669636500537461636BF2
S21403E8602076657273696F6E3A2025752E25752E90
S21403E87025750D0D0A00426C7565746F6F746820FC
S21403E880257320616464726573733A2025303258A9
S21403E8903A253032583A253032583A253032583AEB
S21403E8A0253032583A253032580D0A00436F6E6EC3
S21403E8B0656374696F6E204F70656E65642E2E2EC9
S21403E8C02E0A004E65772064657669636520636F5C
S21403E8D06E6E656374696F6E2074696D6572206809
S21403E8E0616C7465642E2E2E0A004E65772044658F
S21403E8F0766963652E0A00416C726561647920420D
S21403E9006F6E6465642E0A00436F6E6E6563746192
S21403E910626C6520746F206E657720646576696324
S21403E92065732E2E2E0A00427574746F6E73206400
S21403E930697361626C65642E0A0055706461746560
S21403E94054696D657220537461727465640A00417C
S21403E9506C6C2D626F6E64732064656C657465649D
S21403E9602E2E2E0A0053797374656D2072657365B7
S21403E970740A00001CEC0300AB1C0300000000003C
S21403E98062745F53504335315F436865636B5374FA
S21403E9906175730080EC0300552901004D350100B5
S21403E9A0492901000000000062745F53504335316B
S21403E9B05F53544152545F4150500000CCEB030068
S21403E9C0353B010000000000B8EB0300CB1C03003E
S21403E9D00000000062745F53504335315F50524F5E
S21403E9E04752414D5F53454354494F4E0000000084
S21403E9F0CCEB0300353B01000000000062745F535C
S21403EA00504335315F4D4153535F455241534500A3
S21403EA10E0EB0300C11C03000000000080EC0300D1
S21403EA20552901004D350100492901000000000069
S21403EA30F4EB0300712901000000000062745F53C9
S21403EA40504335315F554E4C4F434B0008EC0300A3
S21403EA50B51C03000000000062745F535043353159
S21403EA605F4745545F4445565F494E464F00000096
S21403EA70A4EB0300392D01000000000062745F530D
S21403EA80504335315F53454E445F434F4E4E00006F
S21403EA9030EC0300A11C0300000000006CEC030034
S21403EAA0712B0100000000006CEC0300712B0100C9
S21403EAB00000000062745F53504335315F4D414E92
S21403EAC04147494E475F434F4E4E454354494F4E89
S21403EAD00062745F53504335315F4D414E414749A1
S21403EAE04E475F434F4E4E454354494F4E5F650076
S21403EAF06CEC0300712B01000000000062745F538E
S21403EB00504335315F4144564552544953494E4765
S21403EB100000000058EC0300812C010000000000F8
S21403EB2062745F53504335315F41445645525449EE
S21403EB3053494E475F65000044EC0300552F010020
S21403EB4065290100000000006CEC0300712B010036
S21403EB500000000080EC03004D3501004929010048
S21403EB600000000062745F53504335315F494E49DD
S21403EB705449414C495A494E4700000094EC03005F
S21403EB800000000062745F53504335315F486F7373
S21403EB90745F42534C5F77726974654D656D6F722F
S21403EBA07900000044EC030019310100392D0100FF
S21403EBB00000000000000000F4EB03009D3001009D
S21403EBC0CB1C03000000000000000000F4EB030071
S21403EBD0693B0100353B0100000000000000000017
S21403EBE0F4EB030005300100C11C03000000000025
S21403EBF00000000044EC0300D51C030000000000E6
S21403EC00000000007129010044EC0300652F010099
S21403EC10B51C0300000000000000000044EC0300E5
S21403EC207D290100AB1C030000000000000000006B
S21403EC3044EC030045340100A11C0300000000005F
S21403EC4000000000000000009D1C0300552F01007B
S21403EC50552901006529010080EC0300552D0100AC
S21403EC60812C0100000000000000000080EC03007F
S21403EC706D350100712B010000000000000000004C
S21403EC8000000000592A01004D3501000000000075
S21403EC904929010000000000A9310100000000001E
S21403ECA00000000000000000341200200080202036
S21403ECB0390500002B0200002B02000000000000B4
S21403ECC0000000000000000000000000000000003C
S21403ECD000000000000000002B02000000000000FF
S21403ECE0000000002B0200002B0200002B02000095
S21403ECF0890400002B0200002B0200002B020000F8
S21403ED002B0200002B0200002B0200000000000074
S21403ED102B0200002B020000000000000000000091
S21403ED202B0200002B020000590400002B020000F7
S21403ED302B0200002B0200002B0200002B02000017
S21403ED402B02000000000000000000002B02000061
S21403ED502B02000000000000000000002B02000051
S21403ED60000000002B0200002B02000082B0274D9B
S21403ED70274C0127BE0500F010FA26480221019110
S21403ED8001600097F903244A11600160234F0020B5
S21403ED9038703878002812D1204600F01AFA2E6010
S21403EDA0387800280BD1204600F013FA2E60387806
S21403EDB0002804D1204600F00CFA2E60E9E7284626
S21403EDC010380660203D0098C0062860204600F0F4
S21403EDD000FA1348134D144E019F144C246814492B
S21403EDE00C40A4091349621800230B60091D9142C5
S21403EDF0FBD31149621800230B60091D9142FBD314
S21403EE0007602E6030BF30BF30BFFBE7B0320A402A
S21403EE1000127A0000E100E080E200E0000020201B
S21403EE2000030B4004030B40010000E41800C44138
S21403EE300000FF030000302000002020002A49D0F5
S21403EE4084468B071CD1830722D1102A08D370B4BB
S21403EE50103A78C978C0103AFBD270BC103238D05A
S21403EE60042A2CD3082A05D30C2A01D308C908C0C0
S21403EE7008C908C008C908C092072AD0920F22E022
S21403EE800B780370491C401C521E22D08B07F7D107
S21403EE90C30714D18307D8D0121F12D308C903801F
S21403EEA01B0C4380001D121FF8D20AE008C903702A
S21403EEB01B0A43701B0A83701B0AC370001D121FB4
S21403EEC0F4D2121D05D00B780370491C401C521E49
S21403EED0F9D160467047FEE7F0B5441C007800237E
S21403EEE0082B30D02578C6070FD166782D01370951
S21403EEF07F190F253540ED1C122D0BD102256657C1
S21403EF00F5B2002E08D4E61C0CE0641C4E1C0D70F3
S21403EF10314615E0A61C06E0261DE4787F22154040
S21403EF20E20155191235094A97420ED0FC43002DCB
S21403EF3005D00A5D4F1C0A706D1E3946F7E7344646
S21403EF4040085B1CCCE72046C7E7F0BDFF0F000078
S21403EF5010B51549154C204600F029F914492046EA
S21403EF6000F05CF8134801680322D2039143016062
S21403EF700169114A0A40D0320261416915220A43E7
S21403EF802A218A4342614168012211404368934320
S21403EF905918416009490B6894021C430C600168C8
S21403EFA01143016010BDC0465205000000801040AA
S21403EFB048050000009110400000FFFF2890104015
S21403EFC00F48822101600F4941600F490167812183
S21403EFD041670E480160212080050D4908600863DB
S21403EFE00C4801680122D3020B4303600A48016AF6
S21403EFF05205114301620168114301607047C04620
S21403F000548042408200040081000600E8804240AB
S21403F010A0320A40A0330A4028300A4070B51122B5
S21403F0201302C218C4580125AC43C4500C888D780B
S21403F03025438C882C43C558084E2E40084D254042
S21403F040AC19C4508879CB790343087A18435168BE
S21403F0507E23994318400818506070BDE798FDFF5B
S21403F0601867000070B50A480A4C84420CD00A4D53
S21403F0700A4EB54208D02A686968501C1278920076
S21403F080A25890470835F4E700BF00BF70BDC046DE
S21403F09064050000580500007405000084050000A0
S21403F0A080B5074807494160074A5160074B5960D6
S21403F0B00749016011601960102000F08AF880BDCE
S21403F0C000080A40030000B100280A4000881040E8
S21403F0D0010000260948002101600948011F0A684B
S21403F0E00323DB4313400B60016830229143016026
S21403F0F001680F22914301607047C04608030B4026
S21403F10004010B4007480068C0B20B2809D1064823
S21403F1100068064908700878222802D104480121AD
S21403F1200170704720901040249110400100202069
S21403F1300000202006480068022807D1054800681A
S21403F140C0B2162802D10448012101707047C04698
S21403F1503011404020300A4000002020084880F349
S21403F160088800BF00BF00F03FF8002801D0FFF773
S21403F17079FF0020FFF7FAFD012000F037F8C046BC
S21403F1800080202003228058002805D0401E4A1CF9
S21403F19000230B701146F7E7704780B5FFF780FF33
S21403F1A0FFF70EFFFFF796FFFFF7D2FE80BD10B501
S21403F1B00122120383180C789C604978815010BD95
S21403F1C080B50B4603214258C11D184600F006F8C9
S21403F1D080BD801E001F00BFFCD2704780B5FFF7BE
S21403F1E02DFE80BDBAE770470120704700BFFEE7DB
S21403F1F000000000000018000000003000000800B7
S21403F200000000002D02000015050000D9040000D0
S21403F2100200000001000000000100FFF0000000F3
S21403F22064050000000020206C050000010020207B
S21403F2300000000078050000100000001000000029
S21403F240000000002E2E2F6170702E63004E65772F
S21403F2502064657669636520636F6E6E65637469A3
S21403F2606F6E2077696E646F772065787069726554
S21403F270642E2E2E0A005374696C6C2061647665C6
S21403F28072746973696E672E2E2E0A006275747423
S21403F2906F6E5F707265737365642E0A00557064D3
S21403F2A06174655F74696D65725F657870697265B0
S21403F2B0642E0A0042534C5F52585F627566666559
S21403F2C0725B4844525F4C454E5F434D445F425920
S21403F2D0544553202B2041434B5F42595445202D20
S21403F2E020315D203D3D206542534C5F737563635B
S21403F2F0657373004C65645F636F6E666967206E43
S21403F3006F74696669636174696F6E20656E6162A6
S21403F3106C65642E0A004368616E676573206E6FC2
S21403F32074696669636174696F6E20656E61626C89
S21403F33065642E0A00556E6B6E6F776E2063686188
S21403F34072616374657269737469633A206E6F746D
S21403F3506966795F666C61675F6368616E67650A95
S21403F360004C25752025752025750A004C25750A41
S21403F37000556E6B6E6F776E20636F6E666967758A
S21403F380726174696F6E3A202573257525750A00B8
S21403F390556E6B6E6F776E2063686172616374651A
S21403F3A0726973746963203A2073656E645F6E6F67
S21403F3B074696669636174696F6E0A005072657377
S21403F3C07365642E0A0073656E645F6E6F74696698
S21403F3D069636174696F6E0070617273655F6461FF
S21403F3E07461416E6450726F63657373006170700D
S21403F3F05F70726F636573735F616374696F6E00CA
S21403F4006170705F696E697400000000050000009B
S21403F41000E000000600000000E000004252443412
S21403F42031383341002E2E2F736C5F676174745F1F
S21403F430736572766963655F6465766963655F693C
S21403F4406E666F726D6174696F6E2E630041303144
S21403F45000342E342E3600736C5F676174745F73EA
S21403F4606572766963655F6465766963655F696E11
S21403F470666F726D6174696F6E5F6F6E5F657665DA
S21403F4806E740000A4F403002300230060F7030057
S21403F4900E000E0020F70300040004000200FFFF26
S21403F4A0FFFF0000010000000108FFFF000000004E
S21403F4B0D4F60300020002000108FFFF0500000067
S21403F4C020000A0003000A000008FFFF01000000F6
S21403F4D0800C002004000D000308FFFF030000005B
S21403F4E002000000050002000108FFFF05000000FF
S21403F4F002000B0006000B000108FFFF01000000DE
S21403F5008A0C0020070002000108FFFF0500000028
S21403F5100A000C0008000C000308FFFF01000000AF
S21403F520A00C0020090000000188FFFF0000000077
S21403F530D8F603000A0002000108FFFF05000000DA
S21403F540120000800B0000805158FFFF01000000EE
S21403F550A80C00200C000D00030DFFFF03000000A5
S21403F560010100000D0002000108FFFF0500000076
S21403F570080001800E000180020DFFFF010000005D
S21403F580B20C00200F0000000108FFFF000000007F
S21403F590EAF60300100002000108FFFF0500000062
S21403F5A002000300110003000108FFFF0000000033
S21403F5B0EEF60300120002000108FFFF050000003C
S21403F5C002000400130004000108FFFF010000000E
S21403F5D0BC0C0020140002000108FFFF0500000019
S21403F5E002000500150005000108FFFF01000000EA
S21403F5F0CA0C0020160002000108FFFF05000000E9
S21403F60002000600170006000108FFFF01000000C5
S21403F610D40C0020180002000108FFFF05000000BC
S21403F62002000700190007000108FFFF01000000A1
S21403F630E00C00201A0002000108FFFF050000008E
S21403F640020002801B0002800108FFFF0100000089
S21403F650EE0C00201C0000000108FFFF0000000065
S21403F660FCF603001D0002000108FFFF0500000072
S21403F670020008001E0008000108FFFF000000004B
S21403F68000F703001F0002000108FFFF050000004B
S21403F69002000900200009000108FFFF0000000027
S21403F6A00AF70300210000000108FFFF0000000026
S21403F6B00EF70300220002000108FFFF050000000A
S21403F6C008000380230003800208FFFF07000000F2
S21403F6D000000000020001181000A24E96114FEC25
S21403F6E0CEBDC8402D30AC4333BB02000A180C0015
S21403F6F053696C69636F6E204C6162730200001875
S21403F700080062745F53504335780200000010000F
S21403F710F01921B4478FA4BFA14F63FDEED6141D85
S21403F7206C3851443A914392BD4074278956F55F2D
S21403F7306D3851443A914392BD4074278956F55F1C
S21403F7405621E4979CA1C182514E961E2CE72D822A
S21403F750636032E0375EA488534E6DFB6435BFF7B3
S21403F760002801280328292A242A272A262A232A86
S21403F770002A012A052A2A2B292B02290500000024
S21403F7800000000000C2010000020000001000009C
S21403F790000000000000000000000000F60C00203F
S21403F7A0D5530100FD1F0300572003006920030003
S21403F7B0F71F0300FE0C0020D5530100FD1F0300B6
S21403F7C05720030069200300F71F0300060D0020DF
S21403F7D0D5530100FD1F03005720030069200300D3
S21403F7E0F71F0300220D0020DF2003007D550100D4
S21403F7F0A5550100012103001D210300433A2F53A1
S21403F800696C69636F6E4C6162732F53696D706CBC
S21403F810696369747953747564696F2F76352F6FCE
S21403F82066666C696E652F73646B2F6765636B6FB3
S21403F8302D73646B2F6170702F626C7565746F6FB8
S21403F84074682F636F6D6D6F6E2F696E5F706C617A
S21403F85063655F6F74615F6466752F736C5F627454
S21403F8605F696E5F706C6163655F6F74615F64662A
S21403F870752E630064656C61795F74696D65725F8C
S21403F880636200736C5F62745F696E5F706C616362
S21403F890655F6F74615F6466755F6F6E5F657665DF
S21403F8A06E74003F002800292000000005000000B9
S21403F8B00000000040420F000501000000000000A9
S21403F8C0000000000000000013B779FAC925DDB771
S21403F8D0ADF3CFE0F1B614B801020000000000005B
S21403F8E0FFFFFFFF200000000100000000000000F3
S21403F8F00000000000000000000000000000000000
S21403F90000000000000000000000000000000000EF
S21403F91000000000000000001E000003A1210300F9
S21403F9209D2103007B21030079210300455C010030
S21403F930AB210300095C01002C0000000200020159
S21403F9400009007F78F903000100000F58F903004F
S21403F9500000000000000000E1FE59FF8FFFADFF2E
S21403F960C1FFD0FFDCFFE4FFEBFFF2FFF6FFFAFF79
S21403F970FDFF0000030005005500EDFEFF006400D8
S21403F9801E0000007F001B0DD063FDFF3600B7038B
S21403F9904DDAFFFF1C005901EC3600001100BD00D4
S21403F9A0C83B00000B007100143500000700490037
S21403F9B0352C000005003700052600000300140060
S21403F9C0FF140000000000000000000000000040DC
S21403F9D00000000001000000ECF90300C000000076
S21403F9E0000000000000100020000000FFFFFFFFE3
S21403F9F000000001000000000000000000000000FE
S21403FA00FFFFFFFFFFFFFFFFFFFFFFFFFFFFFFFFFE
S21403FA1000000000FFFFFFFFFFFFFFFFBCE6FAAD9D
S21403FA20A7179E84F3B9CAC2FC6325516B17D1F29C
S21403FA30E12C4247F8BCE6E563A440F277037D81F8
S21403FA402DEB33A0F4A13945D898C2964FE342E292
S21403FA50FE1A7F9B8EE7EB4A7C0F9E162BCE335700
S21403FA606B315ECECBB6406837BF51F5FFFFFFFF65
S21403FA70000000010000000000000000000000007D
S21403FA80FFFFFFFFFFFFFFFFFFFFFFFC5AC635D850
S21403FA90AA3A93E7B3EBBD55769886BC651D06B0C8
S21403FAA0CC53B0F63BCE3C3E27D2604B6BC0BCE19A
S21403FAB02A459991E134741A7F9E1925AE2D8A57EB
S21403FAC01E03AC9C9EB76FAC45AF8E5130C81C4628
S21403FAD0A35CE411E5FBC1191A0A52EFF69F24450D
S21403FAE0DF4F9B17AD2B417BE66C37103FF1CAA166
S21403FAF0681FAC09120ECA307586E1A72B7E151651
S21403FB0028AED2A6ABF7158809CF4F3C6C5C585489
S21403FB10801024FFFFFFFFFFFFFFFFFFFFFFFFFF36
S21403FB20FFFFFF000000000001200000002000008F
S21403FB3000000000718301000040025C000000002A
S21403FB400000001001030401010109030B0000007B
S21403FB500B00000002000000000020200000000050
S21403FB60030000008C8C3C00000000000000000036
S21403FB700000000001260000040000000000000052
S21403FB800001000000000000010410400100000016
S21403FB900500020000030000DCFD0300B8FD0300BF
S21403FBA054FD030074FD030004FE03009CFD0300E4
S21403FBB088FD030000000000F0FD030000000000C5
S21403FBC0CCFD030000000000E0FC03000000000082
S21403FBD068FD030039FC030028FE03003AFC03001B
S21403FBE020FE03000000000018FE030000000000D3
S21403FBF04CFD030000000000B0FD03000000000001
S21403FC000000000000000000000000004E0C000092
S21403FC10000000000000000084F403000000000061
S21403FC20000000000400000000000000E2FF500097
S21403FC30C4D8C4D8C4D8C4D801010400FB00141423
S21403FC4000001C2030401C2000001C203040505375
S21403FC5041004B4559000001010201020203010263
S21403FC60070B0B0701160C0000010808000005012E
S21403FC7008FFFF02FFFF0808020204FF010022FF3D
S21403FC80FFFFFFFFFF030404FFFFFFFF2AFFFF142E
S21403FC9019191B011C15120400480C140102040454
S21403FCA0F4010000FA000000960000006400000063
S21403FCB04B000000320000001E000000140000008D
S21403FCC0000000000101500040000800500024001E
S21403FCD004009001500240009001AE0110000000A5
S21403FCE0F112020000000000004972531449720723
S21403FCF0FF000102030405FF145300724907CDF603
S21403FD009787030071270200AD4002009587030022
S21403FD101788030011880300394302002BA9030048
S21403FD20CB8703001388030015880300B7870300F7
S21403FD300D88030025220200D985030079230200DB
S21403FD4001020C0000000400000008005D870300A9
S21403FD500000000004000000000000000000000097
S21403FD60B1260200000000006B87030000000000BD
S21403FD70A00104015600000000000000000000007F
S21403FD8000000000000000000A0000000000000061
S21403FD900000000000000000000000000900000052
S21403FDA0000000000000000000000000000000004B
S21403FDB099870300000000000F0000000000000009
S21403FDC0000000000000000000000000A3870300FE
S21403FDD0000000000000000000000000010000001A
S21403FDE0000000000000000000000000000000000B
S21403FDF02D29020000000000A0010107A000010455
S21403FE0002040800060000000000000000000000D6
S21403FE10312A0200152A0200B387030000000000FF
S21403FE20AF87030000000000712A020000000000F4
S21403FE30A0030601A0090609A0020608A0050607F6
S21403FE40A0050606A0070605A0020604A0010610E4
S21403FE50A00A0602A00D0600000004020503060120
S21403FE6007010108090A0000A0015C02A0035C0167
S21403FE70A0025C00A0020F09A0030F04A0030F0357
S21403FE80A0050F02A0010F01A0050F00A0040108A2
S21403FE90A0020105A0030106A01201002001040A26
S21403FEA02D270200200C0403D9260200200004019B
S21403FEB00527020020025602C1270200200256012F
S21403FEC09527020020010605C12C020020030A1113
S21403FED07928020020040A044528020020050A02A5
S21403FEE01528020020040A00DD27020020000F0761
S21403FEF0B528020020020F0E1129020020010F046C
S21403FF009D28020020020F01F5280200200001159B
S21403FF10D929020062676170692062756666657238
S21403FF207300010002000000000000000300000050
S21403FF300D0003000200010005006761747420636E
S21403FF406F6E6E656374696F6E00000000FB349B12
S21403FF505F8000008000100000000000000000002A
S21403FF60BBA60300B98D0300D5A80300A5A703000D
S21403FF70E69D350E480103CCDBFDF4AC1191F4EF9E
S21403FF80B9A5F9E9A7832C5E2CBE97F2D203B0205D
S21403FF90008BD28915D08E1C742430ED8FC2456336
S21403FFA0765C15525ABF9A32636DEB2A65499C807C
S21403FFB0DC006C888391AAF5A53860370BDB5A60A2
S21403FFC083BE0000000100010005010005020203D4
S21403FFD00002000000000002050100050000010009
S21403FFE001000001000102020300020000000000FD
S21403FFF00202010002000000E977020079720200A3
S21404000021BE03008FBD03001DB70300517002001C
S2140400109D6F0200F56D02007BBB0300CBB10300AD
S2140400200D740200CD69020019680200D1BA0300FB
S21404003063BA03000BBA030069B90300B5B703003B
S21404004099650200C56302007D640200CFB1030017
S21404005025610200BF01FB9D4EF3BC36D874F5390A
S2140400604138684C8BD28915D08E1C742430ED8FA1
S214040070C24563765C15525ABF9A32636DEB2A65A5
S214040080499C80DCE69D350E480103CCDBFDF4ACD0
S2140400901191F4EFB9A5F9E9A7832C5E2CBE97F26B
S2140400A0D203B0203F49F6D4A3C55F3874C9B3E37E
S2140400B0D2103F504AFF607BEB40B7995899B8A6D8
S2140400C0CD3C1ABDA0010A05A0030A04A0080A0331
S2140400D0A0070A02A0060A01A0070A00A003090650
S2140400E0A0060905A0070904A0040903A00509023F
S2140400F0A0060901A0030900020203000000000094
S214040100CD9A0200159B0200C19A0200219B0200B0
S214040110099B020081CD0300BDCD0300E3CD03009F
S21404012005CE030027CE0300FDAE0200B5AE0200E6
S214040130C1AE020095AF02009DCF03002FCB030093
S21404014033CB03003FCB030037CB03003BCB03008A
S2140401500000000088010000E80F0020E1FE000017
S21404016002000080FF7F00000080FF7F0E025241E5
S214040170494C0000A000000059A6020050000000F0
S214040180D1A50200000000010000010100010101E8
S21404019009A90200EDA8020091DD020039E0020080
S2140401A071DF020001010203000000011F150F1594
S2140401B0150F151FFFFFFFFFFFFFFFFFFFFFFFFFEA
S2140401C0FFFFFFFFFFFFFFFFFFFFFFFFFFFFFFFF36
S2140401D0FFFFFFFF00A801A802A8000000B801B8AE
S2140401E002B800B0F83404001035040028350400C2
S2140401F040350400583504000304040808050000CC
S214040200000000000000000000000000B8320000FB
S214040210F8040000B037000004000000303E000080
S2140402200300000000000000B8320000343E000066
S21404023000000000343E0000410000000000000002
S214040240303E0000853200009D3200009D320000E2
S2140402509D3200009D3200009D3200000000000028
S2140402600000000000000000000000009D320000B6
S2140402709D3200009D320000112B00009D320000CC
S2140402803B2C00004B2C0000D12C0000192D000044
S2140402909B2D0000012F0000BB2D0000912F0000B5
S2140402A0072E0000452E0000B92E0000F130000095
S2140402B0C53100000D2C0000712800002124000028
S2140402C08F280000012900009D320000D929000073
S2140402D09D2900009D3200009D320000212A000066
S2140402E09D3200009D3200009D320000F90F000090
S2140402F0E90F0000031000000D10000017100000A6
S2140403008C488068000200D4704780B58020800244
S214040310A8490860CF2000F04BFA01BDF8B586481E
S2140403200068864C802292032260854E3168090557
S2140403301DD5110BA023034001D0216017E0024015
S2140403403FD180277F4A17607F4A1760084038D01D
S214040350784D287A400705D501207C4908600002BC
S2140403607B4908602878002801D0062801DB002095
S214040370F2BD00F057FB716889684E682978052934
S21404038007D1B905A1606E60B668CC218901704AB0
S214040390116000F050FB012E00DA0226BC20800516
S2140403A085490860942080058449086065480021D2
S2140403B0C94301647142416481490F604021016070
S2140403C0D5E7B1480160FFF79BFF0120F2BD5A480C
S2140403D00168890504D5C06E0004000F022801D008
S2140403E0002070470120704738B5802455480460C3
S2140403F000F018FB05007348006800F065F9280053
S21404040000F019FBFFF77CFF4A48007A000705D581
S214040410A0004A49086000F0E6FB31BD60039A4933
S2140404200860B048046031BDFEB50500CC208001EC
S21404043096494860012696480660FFF7C8FF0028DC
S21404044077D03C4C2078002873D0310201950528DB
S21404045002D02A460A406CD1CC27BF018B4A1760CB
S214040460A14A126853075B0F022805D1022B5ED3FC
S214040470080137490860F7BD4D01032804D1022B53
S21404048055D933480560F7BD042802D111404ED033
S214040490F7BD05284BD10198002848D0C005C10FE8
S2140404A0684641700198C004C10F6846017000F0A8
S2140404B0B9FA0290606869464978002903D006684C
S2140404C08021214A11602C0488496A461278002A41
S2140404D00CD0C2680B68D21AA74B1B68234001D005
S2140404E0066800E04668964200DD160068464078D6
S2140404F06A461278024308D008684242B01E824216
S21404050002DA7042886000E00026029800F093FA4F
S2140405100198800501D5994804600198054001D0EA
S21404052097480460002E02D009480760F7BDFFF71D
S2140405305BFFF7BD343E0000400002A8402002A83E
S214040540C43E00000CC001A890E001A894D000A806
S214040550505201A838B580248A48046001204C49CA
S2140405600860894D2878052802D06000874908600D
S214040570FFF72DFF002812D012480068000A8021D9
S2140405804140A868000EC9B2814208D256480068A5
S2140405904007400F022802D2FFF726FF31BD7C48F1
S2140405A00168C0220A4002D1C06F204001D004482E
S2140405B0046031BD1C1002A808E001A808D001A8F8
S2140405C094D001A818C000A8F1B582B00F00802608
S2140405D0B600A020384002D06E48066052E000F014
S2140405E021FA00906C480468F80202D5A0680069F5
S2140405F0029000F045FBB102606800F06FF92278C3
S21404060020000021521C4378934200D20022182373
S2140406105343C5180C352B78082BF3DA14000270F4
S21404062085602878584A10703E400CD000F0FAF9DD
S214040630594909688968CE6800F0FDF9F80201D4C2
S2140406400320864331005048816001260846304026
S21404065003D100F0D2FB00F07BFFF104686900F0E0
S2140406603DF93C2000F0A4F8E0B200F0A1F80098B0
S21404067000F0E1F930054749086048480660300252
S214040680024908600298FEBD401002A84C6201A808
S21404069094E000A810B542480068800501D4FE2006
S2140406A010BDC02080033F49086000F0BBF93A49FA
S2140406B009688A78D20702D589688C7800E00C78B5
S2140406C000F0B9F9200010BD334909688A688B78B0
S2140406D0DB0704D5927818235A438A180C329060A4
S2140406E070470000100002A8084001A848C001A8EE
S2140406F0F1B582B02C4F3C680026200F000702D1CB
S214040700E00102902AE000F023FF00F08BF901904C
S21404071080210903606800F0E1F825786D1C607894
S214040720A84200D20025E80020180C30009000688B
S2140407300290802109030098406800F0CFF83D201D
S21404074000F036F8E8B200F033F825700098A060A0
S214040750019800F070F902A800F05EFF13480068E4
S214040760800407D5786901F026FC029908180290DF
S21404077000D502960298FEBD480002A8481002A8BA
S214040780482002A894E001A8343E0000506201A864
S21404079014C001A8402002A8C83E000090E000A8AB
S2140407A0400002A8401002A8CC3E0000FC0302A8A9
S2140407B041490968002901D5404908607047F3B5E6
S2140407C081B03F4FB9683F4C4A004CD5012509011A
S2140407D000D5212501003C4A106856682268920616
S2140407E0920E94463A68930080221340624613435E
S2140407F0802252001A4300920A0023D0890601D5AB
S214040800012008E0F021014007D16946097A0C224C
S2140408100A4002D0022000F03FF82C490968090477
S2140408200AD53968090701D5022605E0396849035F
S21404083001D5002600E003264835009A24490968B5
S214040840890003E0009A2249C9690909402319402E
S21404085011439A00002E02D01643266608352166F8
S214040860024322662566E06D4407640F00F0C4F870
S214040870A0070BD0052C09D0B868000406D400F0F5
S214040880D1F80221134A116000F0D5F800F0BDF843
S214040890002000F001F8F7BD0B490A68F0239A43DC
S2140408A0000110430860C0B270478020C0020A49A5
S2140408B008607047000000004C0002A8884000A8AA
S2140408C0440002A8284000A8683F0000384101A858
S2140408D0084001A87CD40350485000A880B55E4A5E
S2140408E0116001F093FBFFF7E0FF01BDFEB500F0D9
S2140408F099F802901020594908600023584803606C
S2140409000220584908605848C0684005C20DD52AD8
S21404091001D2D52204E0D1204000824200D9020050
S21404092010000100514C0194883C246864011DD5D4
S2140409304F4C0094251D4F4E367806277E43AA5307
S2140409400024019D2D7CE540ED070CD5009D062670
S2140409506643AD19AD888FB2BD4200D2290086B277
S214040960AE4200D22800641C022CEAD389B2463177
S2140409700904414C0C404638C005C00D20433A4992
S2140409800860C02000063D4908603848017D0029FB
S2140409900CD03B49D52A02D98024E4050C60D12426
S2140409A06400A24202D2802424060C601021354C36
S2140409B0216035490B604188002900D102800298E5
S2140409C000F039F8F7BD80B5304831490860314841
S2140409D0C1680902090A19225143416005210160D0
S2140409E0FFF784FF01BD2B480068C00300D470479E
S2140409F080B5FFF77BFF01BD8020C0021649086062
S214040A00254800684007FBD470478020C00223496D
S214040A100860704701E022490860224909680140DD
S214040A20F9D17047204800682021204A116010211F
S214040A301F4A116070473021014002D110201B4923
S214040A40086070471848006830210140102901D119
S214040A500120704700207047401002A8F41302A833
S214040A60048002A8409002A87C400050743F000016
S214040A70603E00005C3E00000000FF01A0600050E5
S214040A80A4500050F42302A818E000E07F1A0601E0
S214040A90500002A810E000E0400002A8402002A88F
S214040AA0282002A8280002A85C0002A85C2002A84D
S214040AB05C1002A8FEB54E488021490281610221DD
S214040AC04C4A516000214C4A11604C4A1180032163
S214040AD0484A1160022101604948046820204949B7
S214040AE00860802048490860CC2080014749086097
S214040AF00120474908604048806F01900F26000B8C
S214040B003040009043480068C505ED0D103DC020F8
S214040B102843C0B2FFF74CFEE00506D50098092826
S214040B2003D001F0ABFB01F0C7F8019806403A4841
S214040B300468032E04D0022E06D10098032833D06E
S214040B4000F0EAF9032E04D0009806282CD1062DCE
S214040B502AD0324800680127C00B384001D001F083
S214040B607FFD2F480068000108D5052D06D1012514
S214040B702C4807606805FFF74DFF00E000252100BC
S214040B80009800F0CBF90400274E002D05D000F0A5
S214040B9067FB376002202549086078057065800980
S214040BA02349086001F04AFB124880214902C161CA
S214040BB00099002908D10221416000200E490861ED
S214040BC0C020C0001B4908602000FEBD80B5FFF7AA
S214040BD013FF19480078800602D4022017490860DB
S214040BE0FFF713FF01BD0220154908607047000097
S214040BF02C1002A8282002A8340002A8703E000088
S214040C00B40002A894E001A80CC001A8506201A890
S214040C1094E000A804ED00E0B44000A800E200E080
S214040C20EC3E0000645000A8646000A82C4000A8B5
S214040C3080E200E02C6001A8C43E0000081002A870
S214040C40082002A87F480068800700D4704730B5A3
S214040C507D4804218C4A0123E024E400856825406D
S214040C6002D01360D160D3600068044002D01360E1
S214040C705160536030BD8548012181600160704732
S214040C8010B5012071498A680240FCD1804A0423C9
S214040C90D3600C680440FCD15360106010BD7D49DD
S214040CA008680122104200D1704710B5E023DB002B
S214040CB00340FF24A41CA34204D3774B1B689B0663
S214040CC000D54868024001D000F0ABF810BDFEB570
S214040CD00700C82071490860062071490860802012
S214040CE040037049086070480168704A0A408021D1
S214040CF00901114301606E4CC020C000206002252B
S214040D00A56168036B4908606B4E6C48F0664C201E
S214040D106B49C86638686B498968814201D201917B
S214040D2000E001900199401A38600121380000F073
S214040D3040FB694608703868019940183860FFF728
S214040D4081FF5F4800685F4908605F48016849069C
S214040D5001D55E4900E05E49316769460978002995
S214040D6008D10321E16100683068054002D0802084
S214040D708002206168460078FEBDF8B50400554D33
S214040D808020C0012860544801218162534A1160C2
S214040D901F2303605623436606230366504B1B68D3
S214040DA0002B02D40823036643664E4B0365C02318
S214040DB0DB004D4E3668F827FF01374001D18367C4
S214040DC000E05361E86B014008D0286BC00705D4E7
S214040DD046480078800701D401F0E0FC44484549C1
S214040DE00860FFF72FFF200001F084FD286B8001C8
S214040DF0FCD4286AC8490860F1BD3F480121416116
S214040E00C1603E4A3E4B5366364B1365032303606C
S214040E1000203C4B186011609162C8032D4908609D
S214040E207047F0210901384A1160014037480160D3
S214040E30202037490860374909680840B7490860E0
S214040E40704700004C0002A86C0102A8700102A8BA
S214040E5080B5B3480821B34A13680B4001D001613A
S214040E6041611178C90602D5862109010160FFF7A0
S214040E7016FF1420AC490860AC480168490701D045
S214040E80FF21416101BD0000681102A86C2102A87F
S214040E90682102A8783F0000400002A8548001A8F8
S214040EA00C9001A8942002A8680102A8FFF1FFFF95
S214040EB0441102A8A01002A8E40002A8294E0600C5
S214040EC0300002A8A03F0000FC0302A8CC3F0000AC
S214040ED0C43F0000100002A8E01002A8442102A8A3
S214040EE028C000A80C1E0000A88001A83C3E0000F4
S214040EF0FFFF7F7FB46000A8602102A8E02002A85C
S214040F005E060000400102A82C6001A82C5001A82F
S214040F10442002A8084001A870470000F8B586B02F
S214040F2005000C008248866AFFF77CFD0590B00534
S214040F3003D580480068FFF7C7FB00200290012213
S214040F407306DB0F7C498E688860B82040007B4FB0
S214040F5038606708B82038400978F0270F40402FDB
S214040F6002D10100402008430D2D02D13100042691
S214040F700E43710704D501001420084310218C4346
S214040F80AC4909686D462A700493019605006C4FB7
S214040F90C80506D580204000A2490860280001251F
S214040FA005430498002811D10C20284008280DD0A9
S214040FB028005F49496BCA0601D41022904389066B
S214040FC001D420218843B12101405AD068460078D4
S214040FD0002859D0B86DC004C00C792809D38025E0
S214040FE00620534908606802A14908600020694643
S214040FF008708120284049D008200499002900D18F
S2140410003862019908430190102084430420039019
S21404101000059849086040089749086001209749E8
S21404102008606846007800282ED00398062833D334
S2140410309348806BC0062FD592480068000E029035
S2140410408F480668B6B28F48006A000603D03000A0
S21404105080267601064301F060F8002809D0FB20BC
S21404106080010078C00604D030008026F6010643CE
S214041070B6B23E61301238616E480168C80587D43E
S2140410800AE0082039460862009531E08FA0690618
S214041090C90E405C0390C4E7009503982449CB6AC4
S2140410A0784A12683D686E46B58128251D4005437A
S2140410B0980CC00128431D001B0E2B4010252B4006
S2140410C00343900040221040184303AA9070086B14
S2140410D0000A03A9C870FFF7DDFA03A9087102988D
S2140410E0487169480068C8800398F8660498F866EA
S2140410F00598FFF7A0FC0820610601D55D498860C5
S214041100624908600198C1B20098C0B2FFF757FB65
S214041110200007B0F0BD00009C3F0000441002A869
S214041120301102A8F84F0000703F00000C4000A8E1
S214041130180002A81CC000A8683F0000B46000A8FD
S214041140540000AAF8B5524F524C0F2501265249B6
S214041150606BC00621D501200870504800685049CD
S2140411600A68824204D289695118491C081A00E0A8
S214041170101A4C4909684018012852DB01F05EFE3B
S21404118049490968090B0D40022D48D17105474AA3
S21404119011601021F963266041E0E06BC00026D59B
S2140411A043480068E021890501403AD03E4C414856
S2140411B00068C00504D42068000B28400228F5D037
S2140411C03D480668FFF72EFC3C49F2B20A6032043A
S2140411D0120E0A603202120E0A60320E0A60FFF71E
S2140411E02AFC2068000B28400228DFD0F1BD344CCE
S2140411F02068002815D00E7001F07CFB002810D162
S21404120001F01CFE28490968090B0D40022D06D181
S2140412103104264A1160022139600021216001F060
S21404122011FEF1BD1C2100AA802080042549086017
S214041230704700001C0100AA802040042149086071
S21404124070478020C0041F4908607047802000054E
S2140412501C4908607047802040051A49086070479A
S21404126019480168490701D0FF2141617047000011
S214041270141100AA401002A8205001A8006101A879
S2140412801C4000A8084001A8448001A8845000A877
S214041290082002A8100002A8733E00001CC101A882
S2140412A020C001A8DC3E0000AC0002A81C1002A866
S2140412B0204001A8084000A8904000A8640000AAA6
S2140412C0483E0000382002A80C4000A80301070688
S2140412D003010706050106060501060603020706BE
S2140412E0030207060502060605020606FF2807D0BF
S2140412F0032805D2AC490978C140C807C00F704717
S21404130000207047F8B58020000200908E480388BD
S21404131008208E4908600A2201200124944000997E
S2140413200C43A249B6A5AD5C25438D60F025A04EBE
S2140413303560864DB5A6B65C022737432F60042673
S2140413402E60814D9B4E3668064008D12E88F61ACC
S214041350B6B2012E03D88E6C3603F3D401E0022015
S214041360F2BD8D6CCE6C6D036D0BAE4200D2009454
S214041370521ED2D508228E4B1A60009A8A608E4A74
S2140413801268520113D58D4B5A78541C01252540FA
S2140413905D70140006256C431C190968A180009929
S2140413A0E1801A7080490B7890401843087000203A
S2140413B0F2BDF1B582B0FFF75EFC00247E480068FB
S2140413C0400102D4012001901DE07D48826B00207C
S2140413D07A49C3B206256B43CB189B8895B2AB42B9
S2140413E004D0401CC3B2022BF3D3FF2008700120A4
S2140413F0019071480068400105D50878FFF776FF2C
S214041400002800D001946F4800686F4988616F4DCA
S21404141002980068296D4618002E15DD00F07FFD41
S2140414202860C001301A00280EDDFFF729FC00F002
S2140414308FF802980068296D401801F05BFA0100E5
S21404144002D002990C60FEBD614F80208000386097
S2140414505D4A10680226072829D005210840052879
S21404146005D011600C2001F057FA01006AD1594DDD
S21404147059482862FFF704FC2E60E020C002574952
S2140414800860000256494860300678603E600120D5
S21404149001F042FAF0012862022001F03DFA9020A1
S2140414A040012862022001F037FA700228624D4D8E
S2140414B0E02040002860042001F02EFA07003BD10B
S2140414C047480660B002A862C001A86210203C49E2
S2140414D008600126EE6540254348006828401BD175
S2140414E035480068400113D53448007869460870CA
S2140414F068460078FFF7FAFE002809D02F486946A8
S2140415000978062251434018C0882D49086403E030
S214041510FFF7F8FE07000FD129480660C4670220CB
S21404152001F0FAF9314C2560A8002060022001F091
S214041530F3F98120C002A0620198002801D0FFF7C9
S21404154052FA3800FEBD0000703E0000889001A8E4
S21404155070B5FFF790FBFFF793FB0226184806606A
S214041560234DF0022862C4082C62012001F0D4F94D
S214041570600828622E601F482862E02040001B494D
S2140415800860174D2E60FFF737FA1B4E3078002898
S21404159000D005200C490860FFF737FA2C6017487E
S2140415A00068706370BD0000843F0000448001A89A
S2140415B088A001A8140002A8EC3E00005C3E0000CF
S2140415C00C8001A8F80302A83C0102A88C3F000086
S2140415D0941002A83C1102A8BD080000142102A819
S2140415E0942002A82C9001A84C0002A82CA001A8C4
S2140415F03C2102A8FD680000603F0000300002A8FD
S2140416000000000101020408102020005050504041
S2140416104040403020202000F8B50400FFF730FB9F
S2140416202948C021C900294A1268F823DB0113405F
S21404163002D1274A116000E0016000942549AC22DB
S21404164052008A640A220A602349802252030A60EE
S214041650224C626A224B13408022D2001A436262F2
S21404166080222260022242605003C8601D48E06067
S2140416701D4E4C20F0661D4D68699621C901471819
S21404168000980068874200D30700C01B00990860D2
S21404169000210098FFF78DFE00990968C919009A81
S2140416A011603168296012490968490601D5114953
S2140416B000E011492161F2BD802000010F49086055
S2140416C000010F4908607047582102A8AC8001A8A1
S2140416D0581102A80C8001A8941002A8440102A87C
S2140416E0FFF1FFFF286E0600300002A8903F0000BE
S2140416F0FC0302A8CC3F0000C43F0000401002A830
S214041700685000A8F1B584B0BD4800680290BD4892
S214041710006B9621C90140180499884205D2081A1C
S21404172001F0E8F8002800D027E2B74C6068C0074C
S21404173000D522E20420B54988628003B449486291
S214041740B44800680090606B8607B60F1025032E19
S21404175002D0AE48856222E0084669034162A26B65
S214041760920601D5012065E0009A12060FD5A36BF8
S214041770022213400BD1A84B05271F60A76B2F40EE
S2140417803A431A6000221A60626B120A1A60042234
S2140417908262A06B002802D59C4841620026606BDA
S2140417A0400704D5606BC0002901084003E0954853
S2140417B08068C10701D5FFF734FBC14900980522AC
S2140417C00240052A07D1BF48B2018018006AC00447
S2140417D0C00C401E08600020BB4AD26E12041AD504
S2140417E0BA4A1268002A16D401220120496900293F
S2140417F011D0B7490A700021B64A1160B6498D6205
S214041800C106B64A91670722B44B1A600022B24B4F
S2140418101A601A46D167B249C02292000A6033029F
S214041820002801D0100000E01800AE4D28604A6081
S2140418306B600020E16B942292050A40150000D0EC
S2140418400125802636022843000637D07148282111
S214041850405CC021014040290DD1FFF7B7F9694823
S214041860C06D00906846FFF732FA002876D10098DB
S214041870FFF783FA01E0FFF7B6F9202020602D0673
S21404188000D17AE1944D606B400708D57008604932
S21404189048620220E86200F05DFA002806D00420C0
S2140418A05A49886240025A494862EE6259480078AA
S2140418B0000600D461E130015449FFE00125606868
S2140418C028404BD1AE480068C005400F022803D01C
S2140418D0032801D0062802D169464D7005E0002091
S2140418E069464870A748A849486068044849886219
S2140418F0FFF782F8E06B064006D1FFF793F8022163
S214041900A24A1160FFF797F8FFF77FF828032060D4
S2140419109F4EC0200006706028049B490860606BD8
S2140419204007C10F68460170E027FF023020029985
S21404193049072FD54021A54A11624901924A1166EA
S2140419400321A24A91640021116030608E484565E7
S21404195080207060062000F0DFFF002800D00CE135
S214041960894D80204000E866022000F0D5FF8020E4
S21404197040009749886618207060082000F0CCFF65
S2140419800028EBD1242070609148C765A020C002CF
S214041990286672E0E16BC90249D5C0494968090264
S2140419A0090E01914909022901DB8A4901E0B321A4
S2140419B08900019A302A3AD3124A1288E72A36D383
S2140419C095235B009A4205D89A1A12095143890A4C
S2140419D04B4204E0804BD218120951438B0A5BB287
S2140419E00199C918074A126B9446064AD26B5343A8
S2140419F06246D218034B1A639F290FD39F2110E027
S214041A00FC0302A8743F0000100002A81C2002A8D1
S214041A101C1002A8C43E0000E40000AA202900D836
S214041A2021210A020A4309041143274A116067491F
S214041A30AA020A629A4A8A6414220A6030605248E9
S214041A4045656348C765A8034F49886640027060C9
S214041A50062000F061FF002831D12D064A48C566ED
S214041A60022000F059FF5A4885666809706008200D
S214041A7000F052FF002822D17560032000F04CFFCE
S214041A8088481649886700F04AFA874D401DC00109
S214041A90296B47188548406F8021C901084001908A
S214041AA0084683490860049887421ED2296B401A68
S214041AB000F020FF002817D001987E4908605CE0FB
S214041AC0204000A80C0000AACC4001A8784201A837
S214041AD0723E00006C3E00003C5000A83C6000A82B
S214041AE0046100A8045100A8049F206AE8620298D2
S214041AF0400701D5402003E0802080047060C008C1
S214041B007060012000F008FF802040001E49086035
S214041B10380000F0EFFE8B4E68460078002806D1A9
S214041B2062480068F0618020C00387490860019815
S214041B30604908608548864908602548802109016F
S214041B40416669464978002901D104210160206A6A
S214041B50686268460078002809D0012000F0DCFEA0
S214041B603078000603D58020000391490860E06BB6
S214041B70C00202D549480068286305B0F0BD0000DD
S214041B80204001A8040000FFB41002A87CE403501F
S214041B90441102A810B5FEF745FF864900240C60E0
S214041BA00A22CA61FEF747FF8348C0218902016002
S214041BB082494160824810210160C9054165402080
S214041BC0804908608048047010BD0000400102A8E7
S214041BD0B82002A833070000D6FEFFFF7B48406B00
S214041BE0800300D47047F8B57948046800270020BD
S214041BF000257849E20706D5C02080028025ED033B
S214041C00EA0A0A6003E0A20701D403204025284319
S214041C10C862012000F080FE802040006E490867FC
S214041C2008206E4908606E490968090203D46D49A4
S214041C3009680140FBD0012000F06EFE6A4EE00702
S214041C4002D58020800430643564042000F064FEED
S214041C50600702D5E020C002F060644830640120CA
S214041C6000F05AFE62483064C320000630645A48C6
S214041C708021490201671021B163890271615D49BF
S214041C800F60012232603022F2638F628021890164
S214041C904E4A116009010160F1BD0000F83F0000E2
S214041CA0F3070000FFFF7F7F743F000020C001A8F9
S214041CB094E001A894D001A8F8B54F4800680D2711
S214041CC007400424002F00D104274C48102566033F
S214041CD008214B4A4B4B1B682340126814D04260C1
S214041CE0394004D00220FEF7D7FD474806603C4042
S214041CF007D046480068054344480560B008424992
S214041D0008600220424915E00260394005D00220EE
S214041D10FEF7C2FDA0023C4908603C4006D03B48A2
S214041D2001680D4305607009374908603848066045
S214041D30300329490860FFF751FF00210020FEF711
S214041D403EFDF1BDC43E00001C1002A803000300C3
S214041D50482102A810B580202E490A6802400AD0FD
S214041D602D4B1A680624144005D15C6E2B4A22407B
S214041D701B6D9C0101D5002010BD096808400DD0DC
S214041D802748824203D1180501D5012010BD2548F5
S214041D900068C107C90F481E8041C00F10BD224805
S214041DA00321C163A82181631021016070470000EC
S214041DB01C2002A8D80000AA402002A80400008024
S214041DC0646000A82C4000A8723E0000100002A820
S214041DD0FC0302A81C1102A8442002A84C6201A815
S214041DE0C44001A84C4201A8082102A8240000010E
S214041DF098008800600102A8B44000A8E43E0000F1
S214041E001CC101A8440002A8401002A8683F0000B4
S214041E10685000A8400002A814C001A81F1F0000B4
S214041E20010C000030C101A8082002A86C48006814
S214041E300121084209D16B4A12686B4B000C18400A
S214041E40F03291400B40984201D0022070470020A7
S214041E507047F8B507000F386A461080604CA068D3
S214041E600A0004D16B461B8882B29A423AD20022F8
S214041E706B461A80012502263A0013D022683240A7
S214041E8007D000292ED059480088401C574908809E
S214041E9000203900E16056490E6080B2B84201D392
S214041EA069460D805348456000E030BF20683040E6
S214041EB003D1FFF7BBFF0028F7D04D484560390033
S214041EC010D02168314005D048490A886B461B88E3
S214041ED0D2180A8006600020E060A068B84201D2EA
S214041EE044480660FFF7A2FFF2BD38B5050000F0CF
S214041EF0A5FF0400012199204543A8093E4A12681B
S214041F008018123880B2FFF7A4FF05008020C001B5
S214041F103A490860200000F095FF280032BD334897
S214041F2003883549096802889342F9D110040818D1
S214041F307047FEB51238070C6946088000F07EFF2D
S214041F400190274C294D2888B8421ADA01202C49DA
S214041F500860274E30BF02202168014006D030605A
S214041F604003264908602888401C2880FFF75EFF47
S214041F70010002D12988B942ECDB012171600028F6
S214041F800DD12888B8420AD1A068694609888842D3
S214041F9005D2002168460088FFF75BFF01E0FFF7E3
S214041FA045FF04008020C00114490860019800F031
S214041FB049FF2000FEBD10B512490A680E4B1B6887
S214041FC00C689442FAD0DB014033141A02D28869B2
S214041FD02418641C0C4800684443181B10BD0000F9
S214041FE0280002A804ED00E0FF3F0000703E000059
S214041FF0282002A8281002A8300002A880E200E0E8
S2140420002C1002A820C001A8B43F0000F0B502E0DE
S2140420100A601C602E607EC84F1C07D05F1C04D06C
S2140420206F1CF5D10A601C60F0BD0A60F0BD0000AC
S2140420300006800F70479D4909684143880B704726
S2140420408A4800680104C80F704788480168090474
S21404205007D587490A68964B1A604A6842618868B9
S214042060C860704780B5FEF7DDFC01208149087022
S21404207081480068022808D28E480068F0210905C5
S2140420800140C02080048142F2D08B480068C01C06
S2140420908A4901438A48016001BD8A488849086024
S2140420A000208949086080218902884A11607149A4
S2140420B008707047F1B582B00F001400C006000E19
S2140420C000901038912827D2FFF7BAFF002823D0B3
S2140420D0002501260298FFF7ABFF002802D002284D
S2140420E004D004E07A480068304000D00125260079
S2140420F0784C38000C30FFF79EFF8019206000985B
S2140421003818FFF798FF80196060C0208001724974
S2140421100860280371490860F7BD6D4800780621F9
S214042120014001D100207047B84800680228804169
S214042130C00F7047F8B56A4C634A0421C0239B0459
S214042140F0252D055B4E2069084204D0107C8006DD
S214042150C10F490020E0800720D5D068042803D2A8
S214042160306828409842F8D0107C0007000F0728F3
S21404217014D1507C022811DD907C8006800E022843
S2140421800CDBD07C009007460F4207D0C00700D572
S2140421900A21B80700D5891D002904D1FFF77DFF61
S2140421A00020A061F1BD481CD768874203D2376877
S2140421B02F409F42F8D09648405CA061C300F821A7
S2140421C0194002D08023DB04136049005160A168E3
S2140421D0002932D10102F82252010A406168914274
S2140421E000D20A0023681D1F8A498B61AA184A6117
S2140421F0864A1368002B01D1BF2600E09326304B95
S2140422001D686769BF00BF0BF6193603AD05AD0D33
S21404221035431D6080235B010B60810908D111687A
S214042220002901D1282200E019220021FFF742FFED
S214042230207C000701D40120A060F1BD80B5FFF723
S2140422406CFF002811D01A484168002903D0724A4E
S21404225011600021416007480078002805D0FFF788
S2140422601CFF1C486D490160416001BD584201A82D
S214042270983E0000743E0000D04000A880B5FFF7EA
S2140422804CFF002811D006206549086000206549E7
S2140422900860F0200001644908608020400063491B
S2140422A008600C485D490160416001BDBC3E000009
S2140422B0403E00000C0002A8204000A800F0FF3FAB
S2140422C0544201A8FFF3FF3FC44000A84C6201A893
S2140422D0B83E00005C4201A8586201A8585201A802
S2140422E0A83E0000F0B581B00400A0031CD5474802
S2140422F00068002800D081E0474801684C4A5160D5
S214042300CAB2FF239943D30702D5EC23DB02C918CC
S21404231052080A4302600E2000F0FEFA08204549DF
S2140423200860C0034449086044480168444D0904F1
S2140423303FD569694161FEF775FB3D490A68531C40
S2140423406A68934200D32B681E78B706BF0E5B1CE0
S214042350934200D32B68BC461E78B701FC26360190
S2140423603E4067463E435B1C934200D32B68B4460C
S2140423701E783603FC27BF023740664637435B1C8D
S214042380934200D32B68BC461E78B704FC2636045A
S2140423903E4067463E435B1C934200D32B681A7844
S2140423A01706FC2292053A4032430B606A61FEF738
S2140423B042FBA00727D58020C0021F490860FFF70C
S2140423C0ACFE00281FD0686AC0B2002802D00621DE
S2140423D01C4A1160810916D01B490A68012AFBD9D8
S2140423E049680905090D091DC900084A1268012A29
S2140423F000D14908002A03D1282202E00C208BE7EA
S2140424001922FFF757FE01B0F0BD00006C3F000034
S214042410D44000A82C4000A8EC4001A8FFFF03000D
S214042420846201A8504000A80C6000A80C5000A8C4
S214042430403E0000846000A84C6201A8584201A8EF
S214042440903E0000845201A81C4000A880B5FEF708
S21404245023FA01207E49086001BD80B5EB2000F018
S21404246001F801BD30B57B490B68184010221342B1
S21404247010D0794B794C2468224008D0A94A1468B5
S2140424802402FF252D022540DD62002414608022EC
S21404249052031A60086030BDF3B5010016001C0034
S2140424A000250095A048019A330000270BE0BC469F
S2140424B04F5D4743AE009E597E40575D47433740C5
S2140424C0664637436D1CA542F1D3390939438A0859
S2140424D00A43510811430840C10901430F208A0BDF
S2140424E00A4302405040F6BDF1B582B00E0000200B
S2140424F08C4908608D4DEF7AA87A01900F213940F7
S21404250000910ED00B468A4A8A490298FFF7C4FF08
S2140425100199014083480160874841438748084041
S21404252001D1012400E04401380915D032003B09EA
S21404253029000298009E6D7A75194019FFF7ACFFC2
S214042540019909110140774802680B01134303609F
S214042550002901D04800444379480068204001D14E
S2140425600420FEBD0020FEBD80B50A0000211180B7
S214042570744952888018FFF7B7FF02BD70B50F2262
S214042580714B5C7905780F202040C540200928400F
S2140425909C79C440E40701D4032070BD2F4C246802
S2140425A0A50705D59D684600AD5B6D1E674E356074
S2140425B0DD78DE79C640F00711D5E0060FD5002D8C
S2140425C00DD0634848600888488008881C7800193D
S2140425D02A4080185A7880182A09801800E00020BB
S2140425E00880002070BD80B55A4801685A4A082001
S2140425F0014201D050611061C90602D58621090145
S21404260011605649564A126812040CD5554A126887
S214042610530401D5C00305E0C0239B0113404202C6
S214042620934200D008600D480078C022024002D1D0
S2140426308020400508604C4800682022104008604E
S2140426404A480068C00101D4FFF707FF01BD000037
S2140426502C4000A8703F00001C1002A8C43E0000D6
S214042660F8B5434F38687E680640424830404249D1
S21404267008608024A403414DF00228D54048016830
S214042680080606D53F480068A86001202870022086
S21404269015E00120014202D03B49A9600FE000206A
S2140426A0C9060CD52A49A960384A91780B071B0F2E
S2140426B012789A1809095118A980E880A888A88071
S2140426C0A888002801D0264301E0FFF7C6FE26406E
S2140426D026D0294E74603460A88800280ED0F96984
S2140426E081420BD3291D2A48AA6890470100F3D0DB
S2140426F0FEF7D2F8012027490860F1BD01000CD08E
S214042700FC218902B161244902038A6134604C6069
S214042710FA69824204D30C60F1BDEB20FFF7A2FEF7
S214042720F1BD00004C3E0000010101013C3F0000E9
S214042730F43E0000343F0000111100002184000024
S214042740F03E0000143F0000443F0000204000A874
S21404275029230000F84F0000302102A8441002A8E4
S214042760384101A8204201A8084001A8CC4000A88E
S214042770B44000A8FFFFDFFFB46000A8503E00008E
S214042780C43E0000B03700003D230000453F000073
S214042790D44000A82C4000A8B45000A8FEB5C02021
S2140427A0C0043649086036483649C8651024364899
S2140427B00460102000F0B0F801005ED1FF20000590
S2140427C03249086032483349086033482D49086066
S2140427D025042E48056031480768082000F09CF858
S2140427E001004AD108262E480660012000F094F81D
S2140427F02A48806802902B4806602B4821490860C6
S21404280022480560082000F087F8010035D12448E6
S2140428100660012000F080F8204DA8680190214849
S2140428200660184E214830600299019800F046F878
S2140428300104FC208003084000900298C10B019814
S214042840C00B00F03BF80006FC2189050140009807
S214042850014317480A0C4240FF239B1CD218104021
S214042860084330602F60E003084908602868286041
S21404287010480460104981640020FEBD20E000A8D2
S214042880F71700002C0102A8401102A8B02002A8E5
S2140428900000380EB01002A810103030E04001A836
S2140428A0E05001A8E06001A830301010202020205D
S2140428B03F3F0000402102A8F7FFF00010B549048E
S2140428C0CA104004C310991A00209A18D30F9A18F5
S2140428D0521052188B115B0E5B18DB11D218202392
S2140428E0541A01D422001843CC0F611849105B080F
S2140428F0F6D110BD10B5C409FFF711FB201A312814
S21404290006DAC000183801D4C01EFDD5002010BD5C
S2140429102000FFF70EFB10BDC32148436F3801D4D7
S2140429201E38FDD50020704710B5C200182313408A
S214042930FF249C40E2438907090E9940030004D40F
S21404294076489B089B00C01806E0B04B0007000FB3
S214042950083880088000181803681A40114301607C
S21404296010BD80B57B225421002000F021FA01BD61
S21404297010B500F063FA0121694A1160694B6A4A8E
S21404298013606A4A13600323694C2360694C23600E
S214042990694B1960694B196080239D4C2360D16094
S2140429A000F050FA10BD00F049FA05000024012199
S2140429B060B2FFF7B9FF641C0E2CF8D301210F2078
S2140429C0FFF7B2FF01211120FFF7AEFF012113200C
S2140429D0FFF7AAFF01211720FFF7A6FF0321012016
S2140429E0C043FFF7A1FF01211B20FFF79DFF012134
S2140429F01C20FFF799FF01211D20FFF795FF0121F9
S214042A001E20FFF791FF01211F20FFF78DFF6E4860
S214042A106E4908606E48C16AC1620168016002209E
S214042A206C49086001208549086047046A4C2068A0
S214042A303840FCD0FDF7C7FF280000F003FA754DB8
S214042A400AE000281BD0FDF7EDFF18E020683840A8
S214042A50FCD0300000F0F6F9206D0004000F0228C8
S214042A6001D1FEF76FFB00F0E9F90600FDF7EAFF77
S214042A700028A878E5D0002801D1FDF7DCFF012066
S214042A806978002909D12978002905D16C49096893
S214042A90890601D44F49086030BF0021697029783F
S214042AA00029D6D102214B4A116064490860CDE75B
S214042AB06448016842680A40634810401A4908603E
S214042AC0800703D5A0480188491C0180704770B56B
S214042AD05E48016840680840000E00065C49802293
S214042AE01205104218D05B4B1C68641C1C605A4CC0
S214042AF05A4D2D682D0407D5A568002D04D007254A
S214042B000D600125A74E3560402525601B68012B06
S214042B1002D910238B62CA67886770BD00E400E0A0
S214042B20040002A80000FF3F282002A82C1002A8D8
S214042B3040E002A844C002A804C001A8044001A8BA
S214042B40F8B5824C206B616B01400091964D0846A7
S214042B50286000989549014001D0FFF7C3FB802008
S214042B60009901401CD0F821C90123680B4017D0F6
S214042B70C0221201934213D880231B06EB622668F8
S214042B800E40944F3F683F043F0F022F01D0032F9F
S214042B9003D1002E01D09642F1D38F490B602860F2
S214042BA08E48007806280DDA0098CC218901014069
S214042BB008D000F043F904000098FDF735FC200027
S214042BC000F040F9F1BD0000FFFF9BF800E100E0D3
S214042BD0E04001A85C2002A85C0002A810B580486A
S214042BE0016844680C407F48046080210C4205D08C
S214042BF041607D4801600020FDF716FC600403D5A3
S214042C00802040057949086010BD00001CED00E0F6
S214042C10505201A8723E000038B5754801684468F1
S214042C200C40E00707D500F009F90500FDF792FC13
S214042C30280000F007F96F48046031BD5C1002A854
S214042C40F40302A8280002A8FFFF00C0B44000A8AE
S214042C503C6000A86C3E00002C4000A8384101A847
S214042C60FEB5654C206C666C064001273E4216D0C5
S214042C703D0662480560206861490F60002802D05E
S214042C800021FDF72BFE5F480068A021C901884299
S214042C908041C043C00F5C4988705C480560FDF7FE
S214042CA0C1FE029002210E4049D06068C2B2019271
S214042CB0000A009008224B4B4C03554D0020019E01
S214042CC0012E27D0022E38D1009E012E24D1EE7973
S214042CD00096504E2F780C2047430020F051287859
S214042CE0400590277F04C719032038434A4F3860AD
S214042CF01C604A480460301D2B780C246343484CFF
S214042D002468009FE419C45028780C235843315093
S214042D10444811E00091DCE7002E0ED1424E3760A5
S214042D203C4E361D2D780C277D4370515C601C602C
S214042D30C8043E4B18603E48026031480160029861
S214042D40FDF779FEF7BD0000703E00001C4201A8A6
S214042D5070B5FDF767FE040000F070F82E490A68A7
S214042D60D20718D52B4A121DFA239B015D790C262F
S214042D70754356592A4D2D681E60CE689E60496874
S214042D80D9808021C9041D4E3160197B69185B798E
S214042D900C256B43D15000F055F82000FDF74BFE90
S214042DA070BD00003C5000A84C6201A8020006005A
S214042DB0002800D0704710B50C00FDF733FE1D49FF
S214042DC00C6001221C4B1A600B6C1340FCD1FDF7FF
S214042DD032FE10BDAC0002A8785201A8343E0000B2
S214042DE090C001A890E001A80CC001A804ED00E082
S214042DF090C000A890E000A800C002A8401002A856
S214042E0040E002A8404000A8723E0000402002A80D
S214042E10853E0000300000A860C101A894D001A837
S214042E20200000A8F42302A860E101A880E200E0E4
S214042E30F41302A8008002A8409002A8EFF31080C2
S214042E4072B67047002800D162B6704780B5FDF7A9
S214042E5031FEB348006800030AD4FEF75DF8FEF7B7
S214042E60BDFEFDF7CAFF0120FEF794FEFEF770FBD9
S214042E7080208005FDF7CEFD01BD80B5FDF71AFE66
S214042E8080204002FDF7C6FD01BDF8B5FDF7B4FD90
S214042E90052098490860FDF7B8FDFDF7ECFEFDF740
S214042EA009FEA048016800919F4B406818609F483F
S214042EB001688A05D00F0022012421420FD0009217
S214042EC09B4D6E681E602E689A4B1F68BD1BBE42E3
S214042ED002D39F69ED196D1C974FBD42F5D3974DEC
S214042EE02A60002803D00098FDF76EFB009028683F
S214042EF0204004D16846FDF7EAFE002802D1009877
S214042F00FDF73BFFAA4804606004FDF783FDF1BDAE
S214042F1038B5A84CE06BC00506D5802000062060B6
S214042F2000BF00BF40082060FDF792FFFDF7C2FD1A
S214042F30FDF7F4F90500A048A0490860FFF785F8F6
S214042F408020C002FDF766FD002D01D080202060A1
S214042F5001209B49087031BDF8B5FDF7ABFDFDF7C0
S214042F604BFD02249348C06B000405D4FDF75AFDBC
S214042F7094490C60FDF75FFDFDF747FD1020C04344
S214042F809149086000258B48856390480560FFF7E3
S214042F90C4F80700FB26B601002F02D0FFF762F83C
S214042FA000E035602C20305C0521014002D0FDF79E
S214042FB00DFE01E0FDF717FEF06A044002D0012082
S214042FC07C490860FFF70FFB002F01D0FFF7B2F82B
S214042FD080200003FDF71EFDF1BD80B5FDF76AFDF8
S214042FE04F480068000303D4FDF707FFFEF7B0FA66
S214042FF080204003FDF70EFD01BD38B5FDF75AFDF0
S2140430006C4C2025FEF7A6FE002806D0206B000791
S21404301004D5FEF7C4FEFEF74FFB2560FDF7EDFE74
S214043020FEF796FABD4800780C210140042902D127
S214043030FDF7CCFD01E0FDF7D6FD6804FDF7EAFCDC
S2140430404020206031BD1CB5FDF7D6FC052029497B
S2140430500860FDF7DAFCFDF72DFDFEF7A0FEB0488C
S214043060006800906846FEF7D7FA0400FEF7EDFF06
S214043070002C02D10098FEF745FB80204004FDF7A3
S214043080C9FC13BDF8B5FDF715FDA64C256A5020FE
S214043090284002D0FDF79AFD01E0FDF7A4FD454F58
S2140430A0FEF758FE00281BD1786B40071DD4386BFA
S2140430B0E0214901014018D1A80611D4FDF79CFC73
S2140430C0256A994E354207D0FF20C0432D18256245
S2140430D08020000595490860FDF797FC2E4002D035
S2140430E00120386001E00020206080208004FDF785
S2140430F091FCF1BD3C1102A880B5FDF7DBFCBC4891
S2140431000068400601D5FDF778FE0120FEF742FD73
S214043110FEF71EFA8020C004FDF77CFC01BD00000B
S2140431200C0002A8B83F0000483E0000400002A879
S214043130D03E000020C001A801FF00003C3E000075
S21404314010B576480468FDF7B5FCAA490968090372
S21404315028D40321C00601D5214001E0A00801407F
S214043160012902D1FDF732FD0BE0200107D50E2020
S214043170FFF76CF9A0480421016008210160FDF7FF
S21404318032FD9E4C20699E490860FEF75EFF20686B
S214043190002807D04000122802D2FFF7BDFB01E04A
S2140431A0FEF7A3FE80208003FDF734FC10BD00006C
S2140431B0402002A8100002A870012000B46000A8F5
S2140431C0733E00007CE40350442002A84C3E0000FA
S2140431D0F8B584B001266846067000270297FDF706
S2140431E069FC0390834C2068000300D58FE003201D
S2140431F0A449C863A4480068A44D0F210F220240C6
S214043200032A03D0000B014006294DD1A0480068CC
S214043210A0498E6DE16B890701D59E49CE6DFEF7F8
S214043220CAFE8619FEF779FF00280ED02879C10653
S2140432300BD02868090D4143890B7618954909680F
S214043240002902D10002400C3618002E01D5019741
S21404325000E00196606B0107C80F03212A6B0A4041
S214043260022A1BD1039AD20618D5AA68D30513D509
S214043270A66B894B1E409E4203D11021814AD1631E
S2140432800CE092050AD4E26B2823134006D16B4661
S2140432901F70264A116001E06A461770029068465D
S2140432A00678002E03D10FE07A48406D0190FEF7B1
S2140432B051FD002808D0FEF772FD0298002802D0BF
S2140432C0FEF7FAF900E0002602206E490860002E98
S2140432D010D03020285C0C210140042902D0A06BB9
S2140432E0C00602D5FDF772FC01E0FDF77CFC202049
S2140432F060600CE0FDF781FD01A8FEF78DF904007F
S214043300FEF7A3FE002C02D10198FEF7FBF98020FD
S2140433100004FDF77FFB05B0F0BD0000EC3E0000A6
S214043320CC3F0000CC3E000000FFFF00441002A883
S214043330FEB500240194FDF7BDFBFEF786FE574E4E
S214043340F06E574D0007000F072807D17068002855
S21404335004D40020FEF71EFC286841E00121032067
S214043360504A73685B070BD44F4B1B680B4007D05F
S2140433701368DF050BD55B0502D43368DB0503D47D
S2140433800191916A890904E01021484B1960916AF9
S2140433900909084000900020FEF7FCFB009800286E
S2140433A005D17068C00602D4FDF71DFC01E0FDF7E8
S2140433B00DFC00200199002903D13D480068FEF762
S2140433C0FAFD6969401801D5009400E0009068464B
S2140433D0FDF77DFC002805D10098FDF7CEFCA86912
S2140433E00749086080200005FDF714FBF7BD0000C0
S2140433F0440102A80C0002A880E200E0AC3F0000F2
S214043400483E0000F8B5FDF755FB00240025294882
S214043410066B80277F05300606D5300709D5FEF7EC
S214043420BEFCFEF749F929E001251F48006828403C
S21404343019D00020FEF7AEFB0220064002D01E493B
S2140434400C60C8611D480468002D03D02000FDF7F9
S2140434504FF90400FEF7A3FC2000FEF753F93800EA
S214043460FDF7D8FAF1BD16480078C021014040297E
S21404347002D1FDF7ABFB01E0FDF7B5FB20200D49BB
S2140434800860ECE7082002A8AC0002A8BC3E0000D6
S2140434900CC101A86C3F000010000010400002A8F8
S2140434A0BC3F0000C43E0000B44000A8441002A87C
S2140434B01CC101A8100002A8180000AAD83F0000EA
S2140434C0EC3E0000FFF754FA024803494860FFF751
S2140434D06AFA00BF672700000000000080B5EFF31B
S2140434E005800B2801D23A2100E029218C225200C3
S2140434F00020FFF75DFCFEE7B83D04000000000076
S21404350070350400010000000000000000F04902CD
S214043510B83D0400000000009435040001000000DB
S2140435200000000000F04902B83D0400000000005E
S214043530B8350400010000000000000000F0490255
S214043540B83D040000000000DC350400060000005E
S2140435500000000000F04902B83D0400000000002E
S214043560B4360400010000000000000000F0490228
S214043570D8360400809C2B8F80841E000000000038
S2140435802700FF7F1C0C002000000000644104009C
S2140435900000000038380400809C2B8F80841E00B6
S2140435A0000000002700FF7F1C0C00200000000025
S2140435B0644104000000000098390400809C2B8FAE
S2140435C080841E00000000002700FF7F1C0C0020E3
S2140435D0000000006441040000000000F83A040003
S2140435E0809C2B8F80841E000000000022002C018B
S2140435F01C0C0020000000006441040000000000D1
S214043600F83A0400809C2B8F80841E000000230060
S2140436102300B6001C0C00200000000064410400D7
S21404362000000000F83A0400809C2B8F80841E0063
S2140436300000240024009D001C0C00200000000054
S2140436406441040000000000F83A0400809C2B8FBC
S21404365080841E000000250025007D001C0C002030
S214043660000000006441040000000000F83A040072
S214043670809C2B8F80841E000000260026003A00C3
S2140436801C0C002000000000644104000000000040
S214043690F83A0400809C2B8F80841E0000002700CC
S2140436A027002C011C0C00200000000064410400CC
S2140436B000000000583C0400809C2B8F80841E0071
S2140436C0000000002700FF7F1C0C00200000000004
S2140436D06441040000000000FC4F0103D43F0400D2
S2140436E010400100004100003C40010000000000C2
S2140436F0484001002007040050400100000000007C
S2140437005C4001000D0F000004410100FF4C000066
S21404371020400301000000861FC0010000200000B6
S214043720384001010000000058400401180005005C
S21404373040080000090000009200040080400F01C9
S2140437408C002C02000000001200120000808C196D
S214043750000000000002050E1C2F435362696861D6
S2140437605543320416100E0E0D0C0A0807060504FF
S214043770030302020201010101010100EC40010100
S21404378080B0B18CFC4003019C200B00055B60807C
S2140437904737414A0C410301B85512002A194929F2
S2140437A00908404028410101FFDD000038410701B7
S2140437B04CD4E83B04196F10080E141A20262C3239
S2140437C0383E10325476980A1D00000070410101FC
S2140437D0C0030000344201010008000E4842010103
S2140437E058AA1EC0784201010000008038800101FA
S2140437F0114910009C800301EB400200703803005E
S214043800D0000000A8800111F0010000A88001315A
S214043810055AFD01AC800111F0010000AC800131B5
S214043820053EFD00E40001026C2C51115401010216
S214043830C43F0000FFFFFFFFFC4F010324400400C9
S21404384010400100004100003C4001001000000050
S2140438504840010020170400504001000104000005
S2140438605C4001000D0F00000441010003C001008C
S21404387020400301300000461FC80100002000104D
S21404388038400101000000005840040118000500FB
S214043890400800000900000092000A0080400F0162
S2140438A08C002C0200000000120012005B808C1BAF
S2140438B0000000000002050E1C2F43536269686175
S2140438C05543320416100E0E0D0C0A08070605049E
S2140438D0030302020201010101010100EC4001019F
S2140438E080B0B18CFC4003019C200A00016120805A
S2140438F0B75635120C410301B8551200A01B042913
S21404390008884040284101010000000038410701B2
S2140439104CD4E83B04196F300A10161C22282E34A7
S2140439203A4010325476980A1D5F80A47041010113
S21404393000000000344201010008000E4842010164
S214043940F4811F0078420101000000003880010164
S214043950114910009C800301EB40020070380300FC
S214043960D0000000A8800111F0010000A8800131F9
S214043970055AFD01AC800111F0010000AC80013154
S214043980053EFD00E40001026C2C511154010102B5
S214043990C43F0000FFFFFFFFFC4F01037440040018
S2140439A010400100004100003C40010010000000EF
S2140439B048400100200704005040010000040000B5
S2140439C05C4001000D0F00000441010003C001002B
S2140439D020400301300000461FC8010000200010EC
S2140439E0384001010000000058400401180005009A
S2140439F0400800000900000092000A0080400F0101
S214043A008C002C0200000000120012005B808C1B4D
S214043A10000000000002050E1C2F43536269686113
S214043A205543320416100E0E0D0C0A08070605043C
S214043A30030302020201010101010100EC4001013D
S214043A4080B0B18CFC4003019C200A0001612080F8
S214043A50B75635120C410301B8551200A01B0429B1
S214043A600888404028410101000000003841070151
S214043A704CD4E83B04196F30080E141A20262C3256
S214043A80383E10325476980A1D5F000070410101DA
S214043A9000000000344201010008000E4842010103
S214043AA0F4811F0078420101000000003880010103
S214043AB0114910009C800301EB400200703803009B
S214043AC0D0000000A8800111F0010000A880013198
S214043AD0055AFD01AC800111F0010000AC800131F3
S214043AE0053EFD00E40001026C2C51115401010254
S214043AF0C43F0000FFFFFFFFFC4F0103C440040067
S214043B0010400100014100003C400100000000009C
S214043B1048400100A00704005040010000000000D7
S214043B205C4001000000000004410100FF4C00005E
S214043B3020400301000000861FC001000060000052
S214043B403840010100000040584004016402FF00B0
S214043B5040080000010000009200080080400F01A9
S214043B608C000C0200000000D703220000000000B6
S214043B70000000000002050D1A2D3F5060686963BE
S214043B8057463525150D09080706050504040403DC
S214043B90030303020202020201010101EC400101D7
S214043BA090382C8CFC4003019C200A00055B58804E
S214043BB04737414A0C410301B85552002A1949298E
S214043BC0893B404028410101FFDD000038410701E0
S214043BD0E853FA00000000000000000000000000A7
S214043BE00000000000000000000000007041010119
S214043BF0C1030000344201010000000E48420101E6
S214043C0058AA1EC078420101000000003880010155
S214043C10114910009C800301000000007078030026
S214043C20FFC00200A8800111F0010000A880013145
S214043C300542CB01AC800111F0010000AC800131DB
S214043C40050A0D00E40001026C2C51115401010216
S214043C50C43F0000FFFFFFFFFC4F010314410400B4
S214043C6010400100014100003C400100000000003B
S214043C7048400100A0070400504001000000000076
S214043C805C4001000000000004410100FF4C0000FD
S214043C9020400301000000861FC0010000600000F1
S214043CA0384001010000004058400401C804FF00E9
S214043CB040080000010000009200040080400F014C
S214043CC08C000C0200000000B60322000000000076
S214043CD0000000000002050E1C2F43536269686151
S214043CE05543320416100E0E0D0C0A08070605047A
S214043CF0030302020201010101010100EC4001017B
S214043D0090E82B8CFC40030190200A00055B588049
S214043D104737414A0C410301F56252002A194929E2
S214043D20893B404028410101FFDD0000384107017E
S214043D30E853FA0000000000000000000000000045
S214043D4000000000000000000000000070410101B7
S214043D50C1030000344201010000000E4842010184
S214043D6058AA1EC0784201010000000038800101F4
S214043D70552510009C8003010000000070780300A5
S214043D80D0000000A8800111F0010000A8800131D5
S214043D900542CB01AC800111F0010000AC8001317A
S214043DA0053EFD00E40001026E2C5113540101028D
S214043DB0C43F0200FFFFFFFF0C4001000181010029
S214043DC02040020000000000010000003040030014
S214043DD00000000000000000000000004040020058
S214043DE000000000004000006040010001010000E7
S214043DF0A840010007000000BC40040000000000CA
S214043E00000000000000000000000000084103005D
S214043E10FF4C0000FF4D0000FF4D000020C00110C5
S214043E2000F8070020C00130F502080024C008008E
S214043E3000130000EC80B38343754051A00F004884
S214043E403040000000000000000000002E020000C9
S214043E5050C00400511130040E2D09E6540607081C
S214043E60D1B6020064C00A000430001C40301809B1
S214043E700D647920EBFCFB017FF6E803BD4B72155D
S214043E8011A3180510325476980A000000000000AA
S214043E90080001010807000018000101AAAAAA00E8
S214043EA0200001010060DA001C400101100000003F
S214043EB02C40030100800000000000030000000006
S214043EC0684002012941767100000000BC400201EE
S214043ED00000000000000000E04002013300000083
S214043EE000000000F4400201640483078813C83A03
S214043EF02441010100000000304102016406660C02
S214043F000C01000054410101010100006841020156
S214043F106404830788138200304201010000000015
S214043F203842020100000000000000004442010183
S214043F3000000000544209010000000000003C009C
S214043F4000000000000000005555555517000000FD
S214043F500000000000000000AAAA06007C4202013D
S214043F6000000000000000001080010103000000B3
S214043F703C80010101000000B08002010003000241
S214043F803700000198000202000C00044C000000F8
S214043F90A400010200040000D0000202050040AAAA
S214043FA088010000F4000202000000003D21081110
S214043FB0FC0001123F000000FC0001320054040023
S214043FC03001010260005102680101020004000091
S214043FD0FFFFFFFF1000000000008000000000004C
S214043FE0F8410400BC41040000000000802596004F
S214043FF00048E80140420F000108F500114950024C
S21404400000000000664104000000000000000000FC
S214044010000000003D420F00000000000000000009
S21404402000000000100000000000800000000000F7
S214044030F8410400C84104000000000080259600F2
S2140440400048E80140420F000102F5001149500201
S21404405000000000664104000000000000000000AC
S214044060000000003D420F000000000000000000B9
S21404407000000000100000000000800000000000A7
S214044080F8410400D4410400000000008025960096
S2140440900048E80140420F000108F50011495002AB
S2140440A0000000006641040000000000000000005C
S2140440B0000000003D420F00000000000000000069
S2140440C00000000010000000000080000000000057
S2140440D0F8410400E04104000000000000478600A8
S2140440E00048E80180841E000101F50011495002D1
S2140440F0000000006641040000000000000000000C
S2140441000000000054841E000000000000000000B0
S2140441100000000010000000000080000000000006
S214044120F8410400EC41040000000000841743003A
S2140441300024F40040420F000101F5005525500309
S21404414000000000664104000000000000000000BB
S2140441500000000038420F000000000000000000CD
S2140441600000000003000200000000F049020614EC
S214044170000000E0930405380000A00800000000DA
S214044180580901040706100A01040707C80A0004B0
S2140441900807800B00040808380C000409086108A6
S2140441A000000000680800000000C70901040403BA
S2140441B02C0B01040404920C0104050450C30000F3
S2140441C0E62D0000D0070000E5BF00001027000021
S2140441D0C2010000F5DA0200102700002C010000DE
S2140441E050C3000050140000FA00000050C3000042
S2140441F0FC210000B3010000193F01060410010071
S2140442000001010600102700000C0000000000005A
S2140442100000232D302B2000686C4C006566674533
S2140442204647003031323334353637383941424325
S21404423044454600303132333435363738396162D6
S214044240636465660062675F6D65737361676520A6
S2140442507265636569766572730062676275660087
S21404426061636C006C6C5F636F6E6E656374696F1C
S2140442706E006C6C5F6164765F7365740067617072
S2140442805F636F6E74657874006C6C5F76616C69DE
S2140442906461746F72006D6573685F70726F765FC9
S2140442A064620062675F6D65737361676500736F50
S2140442B066745F74696D65725F6D65737361676557
S2140442C000666F756E646174696F6E5F636D64001B
S2140442D06C6C5F6164765F73796E63006C6C5F739D
S2140442E063616E5F73796E63006761705F70657299
S2140442F0696F6469635F616476006761705F7065A7
S21404430072696F6469635F73796E63006C326361AC
S214044310705F636F635F6368616E6E656C006D6586
S21404432073685F70726F765F64625F6170706B65EE
S21404433079006D626564746C735F636F6E74657820
S214044340740000005A420400604204006442040000
S214044350724204007D42040089420400964204002E
S214044360A3420400AE420400C1420400D04204004A
S214044370DC420400E9420400FA4204000C43040050
S2140443801E4304003243040062676275665F696E0A
S2140443900062676275665F6F757400626762756651
S2140443A05F6E6F666C6F770062675F6D616C6C6FD3
S2080443B0630000009D
S20C0443B44CDFFC7F0100000051
S2100443BCC8430400C00A002019010000D9
S2140443C8BCEC0300ACEC03002C1300202C130020D8
S2140443D80200000055490100CCF70300B4F70300B7
S2140443E89CF70300E8030000C0EA2101C0EA2101A3
S2140443F80080000000F04902E82D0020000B002091
S2140444080040070000A0000034170020C800000081
S214044418FE000000000000001CF90300280F00201E
S214044428A0000000898D010035D603002000000096
S214044438000000000000000000000000000000006B
S21404444800000000592D02000000000000000000D3
S21404445800000000210C020000000000000000001C
S21404446800000000F1160200000000000000000032
S21404447800000000092602000000000000000000FA
S21404448800000000A787030000000000B929020006
S2140444980000000000000000000000006929020077
S2140444A8000000000000000000000000A92A020026
S2140444B80000000000000000613402000000000054
S2140444C800FFFFFFFF000000BFA70300C3A7030009
S2140444D8C7A70300CBA70300FFFFFFFF6FCB0300AC
S2140444E850010400FFFFFFFF5C0104005FCF0300D8
S2140444F85BCF0300FFFFFFFF6BCF0300FFFFFFFF49
S2140445081DD3030073D30300FFFFFFFFFFFFFFFF66
S214044518FFFFFFFFFFFFFFFF23270000FFFFFFFF4C
S21404452800000000000000000300000074290020BA
S214044538340C00200000000074290020DC29002028
S214044548442A0020000000000000000000000000CC
S214044558000000000000000000000000000000004A
S214044568000000000000000000000000000000003A
S214044578000000000000000000000000000000002A
S21404458820000400000000000000020010000000E4
S214044598000000000000000000000000000000000A
S2140445A80A00010000000000120004000000303079
S2140445B830300800030000005030300002000800C5
S2140445C80000303030303030303002000300000055
S2140445D830303000020005000000302E302E300047
S2140445E802000800000000000000000000000200AE
S2140445F801000000000000000000000002000000A7
S2140446080000010202000000000001000200FFFF93
S214044618FFFF0400080702001700FFFF0E00000053
S2140446280000010101011F04010101BF8FAF7F874C
S21404463800370F10100004040F05140A0301FF0EB8
S214044648FF0F7F0082B030BF074BD3F8F030DB078C
S21404465804D500230193019B052B01DD02B07047A6
S214044668019B0133F6E700BF00ED00E0F0B5114A00
S214044678114C124E00F00105E3695F0713D40DB917
S214044688334213D103EA00078F4207D10B4A1A4074
S214044698002A0CBF00206FF00100F0BD013AEBD1F0
S2140446A86FF00200F9E74FF0FF30F6E76FF001000D
S2140446B8F3E700BF8096980000000350020001004C
S2140446C80B4B70B5D96911F480310DD101244FF420
S2140446D88072084E084DF46020462C641A61FFF771
S2140446E8C5FF3464EC6070BD6FF00100FBE700BFE3
S2140446F80000035000100350002003504FF400320B
S21404470838B50F4B0F4C9A6641F671330122E569AA
S214044718E3630D4B0021DA600223606121202361E4
S21404472805F48035FFF7A2FF10B92120FFF79EFF96
S2140447380122064BDA600DB10023E36338BD00BFDF
S214044748009000500000035000100350002003504F
S21404475870B5134C6061E3695B071ED40E4656F8C1
S214044768043B8D18A361AE420BD1042300212120FB
S2140447782361FFF77BFF58B9BDE870402120FFF797
S21404478875BF08210846FFF771FF10B1042323619B
S21404479870BD56F8043BA361E5E74FF0FF30F7E732
S2140447A8000003502DE9F84315464FF40032184B21
S2140447B889469A6641F6713203F51C33DF69DA6373
S2140447C80122064603F58053DFF84C8007F4803749
S2140447D8DA6055B9284601220E4BDA601FB100226A
S2140447E8A3F50053DA63BDE8F88306F5005404EA33
S2140447F80804A41BAC4228BF2C4649462246304629
S214044808FFF7A6FF0028E6D12644A1442D1BE0E7BF
S214044818009000500020035000E0FFFFDD22010056
S208044828B5220100AB
S8040151D1D8
