:020000021000EC
:10200000C00A00207D3701002B1303002B130300AF
:10201000B92503002B1303002B1303002B1303001C
:102020002B1303002B1303002B1303002B130300AC
:102030002B13030054D20300E51003002B130300FD
:102040002B1303002B1303002B1303002B1303008C
:102050002B1303002B1303002B1303002B1303007C
:102060002B1303002B1303002B1303002B1303006C
:10207000318C01002B1303002B1303002B130300DF
:102080002B1303002B1303002B1303002B1303004C
:102090002B130300993F01002B1303002B130300A4
:1020A0002B13030069410100454101002B1303007C
:1020B0002B130300F1DE02002B13030039E90200A9
:1020C0005BB7030057B7030029E1020067B70300BD
:1020D0005FB7030011E9020063B7030079E902006A
:1020E00009C30200CDC40200E9E902002B1303007A
:1020F0002B1303002B1303002B1303002B130300DC
:102100002B1303002B1303002B1303002B130300CB
:102110002B1303002B1303002B1303002B130300BB
:102120002B1303002B1303002B1303002B130300AB
:102130002B1303002B130300A1300100B711030080
:10214000013800D0FCE77047002370B5404C0546CD
:102150008AB0E36318B1008823600CF0FDF83D48B5
:1021600028F05AFE3C4E3D4B304633603C4B73608A
:1021700023F033FD0021304616F04AF832A3D3E9AC
:102180000023A062C4E9062323F032FDD4E906232C
:1021900019431043C4E90601CDE900014FF0FF33B4
:1021A0004FF0FF32A06A28F0B2FE02224FF0FF315A
:1021B000A06A28F0B1FE01200BF04EFE4FF4007330
:1021C00000222849A06A28F0FAFEB0F5007F38D135
:1021D00000239422CDE9073309933C23CDE9033250
:1021E00005939623A06A03A9069316F02FF935B339
:1021F000287C0CF05FFA0546F0B9A06A28F0C0FF11
:102200000CF006FA0BF00AFE20B14FF480700021AA
:1022100008F0B6FE0BF012FE20B14FF40060002172
:1022200008F0AEFE23F086FD012016F045F80E4AB8
:102230000E49A06A23F0CFFC28460AB070BDFF20EB
:10224000D7E70725F8E700BF0DD5015520000000AE
:10225000880F0020690345EC14240020DDDC010018
:1022600024240020142200207F5B0300BF5B0300B6
:1022700010B5054C237833B9044B13B1044800E082
:1022800000BF0123237010BDE811002000000000F2
:10229000581D040008B5034B1BB10349034800E077
:1022A00000BF08BD00000000EC110020581D040014
:1022B000A3F5803A704700BF174B002B08BF134BA4
:1022C0009D46FFF7F5FF00218B460F461348144A41
:1022D000121A29F095FA0E4B002B00D098470D4B9F
:1022E000002B00D098470020002104000D000D486D
:1022F000002802D00C4800E000BF1CF0A5FD200023
:1023000029001EF0E3FE1CF08BFD00BF000008005A
:102310000000000000000000C00A0020180F00208C
:10232000042C0020000000000000000070B50446EE
:102330000D4621B94FF4167108481EF059FE0E469D
:10234000062056F8043F33B906288ABFA3682B68D5
:102350001B68636070BD20469847F2E760CC0300BD
:1023600038B5036804462BB183681BB145680B4A36
:10237000954203D0C8210A481EF03AFE9847082823
:1023800001D0D221F7E7A3681B6863602046A168EB
:10239000FFF7CCFF0728F9D838BD00BF68CC030091
:1023A00060CC0300F0B504460F46456887B001B124
:1023B00025B94FF4967131481EF01AFE2E46394663
:1023C00020467368984701283FD83668002EF6D11A
:1023D00007B0F0BDEB681BB1204601919847019909
:1023E0002D6839E0906828B106A800EB830040F81A
:1023F000102C0133126837E05D1E6B1C13D13B6952
:102400006760C3B12046984765682E4600270628B6
:10241000DED9A168A760AE420FD12046FFF786FF44
:1024200065682E46F3E702AB53F8253020469B68DB
:102430009847013DE1E70620E6E7EB681BB120463F
:102440000191984701992D68E5E70628C0D9092828
:10245000DCD1A16867686560B542BBD12046FFF753
:1024600065FF3A46002361688A4201D0032BB9DD3B
:10247000042BC1DD40F22A319DE700BF60CC030090
:10248000024B0360024BC0E9013170477CCC030072
:1024900068CC0300014B83600820704710CE030016
:1024A000014B836008207047F8CD0300014B836027
:1024B00008207047ACCD0300044B0A689A4203BF62
:1024C000034B836007200020704700BFA00009066F
:1024D00080CE030010B50446024806F005F9E0601E
:1024E000052010BD3812002008B502481EF0D6FFA6
:1024F000052008BD20D2030008B502481EF0D1FF18
:10250000052008BD20D203000B68234A10B5934272
:1025100004463ED007D8052B32D002F17F429342C9
:102520000DD0002010BD1D4A934222D002F18072CE
:102530009342F6D1FF2380F83330194B14E0194B46
:102540001B681A7B80F8222001205B7B2083FF2BF5
:10255000E8D0628B5AB162694AB1E2693AB1228C21
:102560002AB184F82C30104B0720A360DAE70F4B18
:10257000FAE70C4B1B685B7980F82C300C4BF3E7C7
:1025800090F822000FF0B0F810B9E0600220C9E71F
:10259000FEE7084BE8E700BFA0000601A0000F031C
:1025A0004CCE03006C12002070CE03005CCE030002
:1025B00038CE030028CE030030B50B68844A0446A9
:1025C000934285B000F0E38007D8042B1AD0052B86
:1025D00000F0C680002005B030BD7E4A934200F076
:1025E000C98002F100729342F4D17B4B1B68B3F8AF
:1025F000052041F212139A4240F0AA80774B836083
:102600000720E8E74B7A032B45D8DFE803F00260A8
:1026100094A50A7A724B53F82230724A934213D12E
:10262000532380F8273090F82B30418B80F82830E6
:102630000123032280F8293000F1270390F82200BB
:102640000FF08CF8B0B1FEE7674A934226D15023D1
:1026500080F8273090F82B30418B80F828302B23DE
:10266000032280F8293000F1270390F822000FF0B0
:1026700075F890B9E06001225C4B5D481A701EF05D
:1026800010FF00235021CDE900335A4A5A4806F082
:1026900031F9D8B9E06002209DE7FEE7574A93423E
:1026A000E9D1502380F8273090F82B30418B80F807
:1026B00028302D23032280F8293000F1270390F8D9
:1026C00022000FF04BF80028D4D0FEE7FEE7444B81
:1026D0000A7A53F82220434B9A4239D190F82B3092
:1026E0005322022B8EBF00230133DBB280F82B3044
:1026F00080F8272080F8283080F82920418B00F1CD
:102700002703032290F822000FF028F80546E06026
:1027100000B1FEE70222354B35481A701EF0C1FEAB
:102720002B465021CDE90055324A334806F0E2F8F5
:102730000028AFD0FEE72A4B0A7A53F822202F4B0D
:102740009A4205D190F822000EF0CEFF18B9E06051
:1027500000F0C2FD9FE7FEE7002024F080F99AE731
:1027600090F822000EF0C0FFE06000B1FEE700F03C
:10277000CFFD90E7184B1968038BB1F805209A42FA
:1027800089D18A7A23300B3129F013F883E7124B71
:102790001B68DB7A012B7FF47EAF028B002A3FF4AB
:1027A0007AAF174AC821137000234FF6FF720383D4
:1027B000CDE901324FF4FA72009290F822004FF402
:1027C00096720EF067FF00283FF464AFFEE700BF8B
:1027D000A0000602A00009046C120020D8CD03005E
:1027E000CC0A0020D8D10300F0D10300C32A002076
:1027F00020D20300C92D01003812002008D20300A6
:10280000C52A00200B681F4A70B59342044605D0C4
:1028100002F1A06293421BD0002070BD1A4B10221F
:102820001D681A4905F10A06304628F0B2FF20B9A2
:10283000D5F8053063610220EFE7022230461449E3
:1028400028F0A7FF0028F6D1D5F80530E361F2E7BC
:1028500043692BB1C3691BB10E4B83600720DCE7D2
:1028600094F822000EF040FFE06000B1FEE794F81B
:1028700022000EF04BFFE06000B1FEE7FF2384F87A
:102880003330D8E7A00009016C120020B0CE03005D
:10289000C2CE03009CCD03000A68114B13B59A42C7
:1028A00004461AD11EF00AFC032124200EF0BAFFC0
:1028B000E06000B1FEE74FF6FF730E21CDE90003A3
:1028C0000522642308460EF093FEE06000B1FEE7A7
:1028D0000720044BA36002B010BD0020FBE700BF3F
:1028E000A000010004CE03000B68154A10B5934206
:1028F000044621D002F1007293421DD002F17D42C4
:1029000093421BD10F4805F0EFFEE06010B90E486E
:102910001EF0C4FD0D4B1B689A8841F213039A42C6
:1029200005D194F82C000EF091FF20B9E06007204B
:10293000074BA36010BDFEE70220FBE70020F9E78C
:10294000A00006023812002020D203006C120020E2
:10295000ECCD0300012213B50446018C01AB90F8C5
:1029600022008DF804200EF0F9FEE06000B1FEE7D1
:1029700002481EF096FD042002B010BD20D20300D4
:102980000B68124A10B59342044615D002F18062DA
:10299000934219D1038C1BB10D4B8360072010BDEE
:1029A00090F822000EF0A0FEE06000B1FEE7FF23E9
:1029B00084F833300220F2E7064B1A685379927993
:1029C00043EA02230384F5E70020E8E7A0000902B8
:1029D00094CE03006C1200200B68244A73B5934216
:1029E00004460AD002F1806202F5802293423BD075
:1029F000052B37D0002002B070BD1D4E3068037922
:102A0000032B01D00120F6E7817D173000F08EF90D
:102A10000028F7D0174805F067FEE06000B1FEE738
:102A20003568EA7A0090A97A6B7A43EA0123014675
:102A3000D5F8050063F30F0101230EF0FDFDE06002
:102A400000B1FEE73368D3F80520C4F82D20B3F8B1
:102A50000920DB7AA4F8312084F83330064B0720B4
:102A6000A360C8E7054BFAE70220C4E7A000050011
:102A70006C12002038120020C8CD0300B8CD03002E
:102A80000B6837B5042B044605D0154A93421DD078
:102A9000002003B030BD90F83320FF2A14D000F19D
:102AA0002203009390F8311090F832500123D0F8AF
:102AB0002D0041EA05210EF0BFFDE06000B1FEE708
:102AC000084B0720A360E4E7074BFAE7074805F047
:102AD0000BFEE06010B906481EF0E0FC054BF0E785
:102AE000A000060118CE030078CD030038120020A4
:102AF00020D2030068CD030010B5416904461022BE
:102B0000064B90F822000EF013FEE06000B1FEE7E5
:102B100003481EF0C6FC042010BD00BFA0CE030079
:102B200020D2030010B5C16904460222064B90F87A
:102B300022000EF0FDFDE06000B1FEE720840348B6
:102B40001EF0AFFC042010BDC0CE030020D2030055
:102B50001FB503A905F06CFE38B90346CDE90000A6
:102B6000034A039903481FF03FFD05B05DF804FBDD
:102B70002D2C01003812002008B502481EF091FCEF
:102B8000052008BD20D2030008B502481EF089FCCC
:102B9000052008BD20D2030008B502481EF081FCC4
:102BA000052008BD20D2030010B5044690F822008D
:102BB0000EF0ACFDE06000B1FEE702481EF071FCD3
:102BC000042010BD20D203000B68124A10B59342B6
:102BD000044605D002F1806293420AD0002010BD65
:102BE0000D4B1A685379927943EA022343830220FA
:102BF000F5E7438B1BB1094B83600720EFE790F8A3
:102C000022000EF071FDE06000B1FEE7FF2384F8C2
:102C10003330ECE7A00009026C12002088CD0300DD
:102C20000149FFF72DBC00BF952401000122014B93
:102C30001A707047C72A002004220A4B70B500257D
:102C40001A60E0221D715A71074B1C682046FFF77D
:102C5000E7FF23682A4629462046BDE870401B68E6
:102C6000184700BF6012002088CC03001FB51B4B23
:102C70001A78B2B100221A481A7005F035FD00B179
:102C8000FEE741F2883003A905F0D2FD034638B9CA
:102C9000CDE90000134A039911481FF0A5FC00B1CB
:102CA000FEE7114B1A783AB100221A700F4B104907
:102CB000186803685B6898470E4B1A7852B1002277
:102CC0001A700A4B0C49186803685B6805B05DF818
:102CD00004EB184705B05DF804FB00BFC42A0020D0
:102CE000381200202D2C0100C52A002088CC0300BA
:102CF00060120020C72A0020C4CE0300084B0949F7
:102D000018600368002223F47F4323F007030B605D
:102D1000E0234B71044B0A71186803685B6818471D
:102D20006C1200205812002088CC03002DE9F041DD
:102D300005460F460024DFF83480BC4202D3002051
:102D4000BDE8F0812B195B782E5D063B012B06D880
:102D5000A01C10224146284428F01BFD18B1013662
:102D60003444E4B2E9E70120EAE700BFB0CE030053
:102D7000054B1878054B1B781843054B1B781843F7
:102D800080F00100704700BFC72A0020C52A00203C
:102D9000C42A002038B5094D04462B783BB90849B0
:102DA00008480EF065FD00B1FEE701232B7014B159
:102DB000034B1B782370034838BD00BFC62A002090
:102DC000C22A0020BC2A002010B50B4C23787BB10E
:102DD0000A481EF069FB30B108481EF062FB2378F8
:102DE000013B237010BD0548BDE810401EF059BBE3
:102DF0000122034B1A70F5E7C32A002020D20300FA
:102E0000C42A00200122034B1A70034B5972187216
:102E100000F07EBAC52A0020601200207FB503684A
:102E2000274A23F47F4323F00703934244D1002130
:102E300008221420234B0EF0A7FC014600B1FEE748
:102E400003221620204B0EF09FFC014600B1FEE746
:102E5000052218201D4B0EF097FC00B1FEE70DF186
:102E6000070102A80EF004FD014600B1FEE79DF83F
:102E70000D3008228DF810309DF80C301A208DF896
:102E800011309DF80B308DF81230FF238DF8133080
:102E9000FE238DF814309DF80A308DF815309DF81A
:102EA00009308DF816309DF808308DF8173004ABD6
:102EB0000EF06AFC00B1FEE707B05DF804FB00BF4E
:102EC000A0000100CCCE0300D5CE0300D9CE030074
:102ED00010B5234C01F030FC01F05AFE236F23F0B3
:102EE000070343F0030323671EF033FC1D4B002050
:102EF0009B6A9B075EBF01221B4B9A62D4F820316C
:102F000023F0030343F00203C4F82031D4F8243142
:102F100023F0070343F00203C4F82431D4F840310E
:102F200023F0030343F00203C4F84031D4F86031C6
:102F300023F0030343F00203C4F86031D4F84032B5
:102F400023F0030343F00203C4F84032D4F8003204
:102F500023F0070343F00203C4F8003210BD00BFA2
:102F60000080005000C0005000E0005008B502F0A2
:102F70005FFB01280ED1144B04205A6E4FF48023BE
:102F80001249520358BF124A4B6601F510410862BC
:102F900058BF536604F080F91EF084F904F00AF972
:102FA00004F064F904F028F91FF05CF9FFF790FFD2
:102FB00004F010F91EF06BF900F09AFC01F0E6F84D
:102FC000BDE8084004F076BE00800050009000503C
:102FD00000A0005030B51F4D9DB009AC0FCD0FC4FF
:102FE00095E80F0084E80F002822002112A828F09D
:102FF00007FC194B4FF480141193382313930523C6
:10300000159306231022002105A8179328F0F8FB3A
:10301000124B09AACDE903433E238DF814303F2318
:103020008DF815300E4B03A9069320230793012337
:103030008DF820300B4B0C48009311AB04F0BEF917
:10304000044600214FF416501EF060F920461DB0D2
:1030500030BD00BFB8D103000000035A3400035A4A
:10306000C82A002070120020E8120020022905D88A
:10307000034B1B68186808B1436A1847704700BFC4
:10308000C80A002008B50449044804F0D7FEBDE88A
:103090000840FFF79FBF00BFC00A0020E0120020D9
:1030A00001481FF03CB900BFE8120020014B1A6A2A
:1030B00018681047E812002008B505481EF05AF9B4
:1030C00004481EF057F9BDE8084003481EF052B905
:1030D000D8D10300F0D1030008D2030001481EF04C
:1030E000DAB900BF20D2030008B5064B834207D1EE
:1030F000054B1B7823B1C8B20EF0F6FA00B1FEE71B
:1031000008BD00BF0C130020E82A002030B50024C1
:103110000368384A23F47F4323F0070385B09342C2
:1031200005468DF808408DF809408DF80A408DF865
:103130000B408DF80C408DF80D4035D002F5802203
:1031400093420CD0A2F18272934251D12A4B1B7848
:10315000002B4DD005B0BDE830401FF008BBB0F8E3
:103160000530222B44D1FF2304A91A4611E903009C
:103170001EF072F8012814BF41F2FC141E4B4FF0F0
:10318000220108BF187004F0FC0228790EF012FB2F
:1031900000B1FEE7194900902B79194A09681948CE
:1031A00000F048F920B3FEE7B0F80530B7EE047A36
:1031B00007EE903AF8EE677AB0F8073027EE877A94
:1031C000013307EE903AF8EEE77A67EE277AB1EE30
:1031D000047A67EE877AFAFE677AFCEEE77A17EEF2
:1031E000903AB3F57A7F38BF4FF47A73034A13608D
:1031F00005B030BDA0000602E82A0020D80A002051
:10320000E93001000C13002004210022034B197146
:103210001A6019739A6019751A6170474413002077
:103220002DE9F8431F4B06461B78ABB90325DFF8A1
:103230007C901D4C59F8043BB34207D130461EF038
:103240009EF801280AD11FF050FA2060013D15F0C8
:10325000FF0504F10804EDD1BDE8F88330461EF007
:103260008EF880460028F1D11FF03FFA2368C71A74
:10327000FA2005F0CBFAB84202D984F80480E5E7D9
:103280004FF4FA6005F0C2FAB84202D90123237163
:10329000DCE741F2883005F0B9FAB8428CBF02236E
:1032A0000323F4E7190D002044130020CC0A00206A
:1032B00070B500240426074D2979E0B2042902D014
:1032C000FFF7A0FD2E710134032C05F10805F3D1A1
:1032D00070BD00BF4413002070B50024094D0A4E94
:1032E00055F8040B1EF04BF8012803D11FF0FDF92F
:1032F00046F834000134032CF2D10022034B1A703B
:1033000070BD00BFCC0A002044130020190D00201E
:10331000064B1A784AB9012119700421044B19711E
:103320001A6019739A6019751A617047190D002097
:1033300044130020074B187850B9074B1A79042A18
:1033400006D11A7B042A03D1187D031F5842584125
:10335000704700BF190D002044130020094B1B7853
:103360005BB9094B1879042809D11A7B042A07D1C3
:103370001B7D042B08BF01207047012070470420EB
:10338000704700BF190D002044130020012208B52A
:10339000074B1A700022074B1A700422064B1A7052
:1033A0001F22064B1A7003F0A1FF054B186008BDE1
:1033B0001A0D0020E92A00201B0D00201C0D002002
:1033C0005C13002038B505461EF0DFF900230B4AD8
:1033D00014685CB1AC4206D1A96A6BB199621EF067
:1033E000DAF9012007E02346A46AF2E7002DF3D0C2
:1033F0001EF0D1F9204638BD1160F0E760130020BF
:1034000010B5044690B105F06FF92046FFF7DAFFDA
:1034100058B194F82C0040B11EF0B7F9044A136873
:10342000013B13601EF0B7F9002010BD2220FCE71D
:10343000641300202DE9F04F85B00546914698466B
:103440000E469DF8387009B9002F66D12846FFF75F
:10345000D7FF0446002840D185F82C00686305F0AA
:103460007DFA86423DD905F0CBF940F2E7318C4632
:103470002146E6FB00C14FF47A72604600231BF040
:1034800037FB4FF0FF32002383468A461BF030FBA8
:103490004FF0FF32E8860023584651461BF028FBC8
:1034A0002B4611462846CDE900441D4A1FF0F8F886
:1034B000044690B9C5E9089885F82D702E631EF072
:1034C00064F9184A136833B31A469B6A002BFBD180
:1034D00095620023AB621EF05EF9204605B0BDE8A0
:1034E000F08F47B12B4631462846CDE900440C4ABF
:1034F00005F0BCF9DCE7304603A905F099F904466C
:103500000028EAD12B462846CDE90077044A0399E2
:103510001FF0A2F8CCE71560DBE72124DDE700BF50
:10352000293501006013002091F82C3013B50C46AA
:1035300083B98B8ECA8E93420ED243B9CDE9003344
:1035400020460B46104A4FF0FF311FF069F8A38E5A
:103550000133A38602B010BD52B191F82D307BB17A
:1035600001230093D1E908232046096BFFF762FF8E
:103570000123064A84F82C30136801331360E9E70D
:10358000084605F0B1F8F3E729350100641300207F
:103590002DE9F041144E336823B34FF00008134F68
:1035A0001EF0F3F805463C6824B92846BDE8F04112
:1035B0001EF0F1B894F82C3093B1336884F82C8065
:1035C000013B336094F82D3013B92046FFF7FAFE23
:1035D00028461EF0E0F8D4E9083120469847DFE796
:1035E000A46AE1E7BDE8F0816413002060130020C5
:1035F000034B1B68002B0CBF01200420704700BF49
:1036000064130020024B1868B0FA80F0400970473C
:103610006413002007B508201DF024FF02238DF855
:103620000030054B684601931DF040FE082003B0B2
:103630005DF804EB1DF022BF006A18102DE9F04779
:10364000434D88B001AC0FCD0FC495E807000125AC
:1036500084E8070001213A2000F092FFDFF8FC80A7
:103660000121282000F08CFF3A4B404601A903932A
:103670008DF8125002F01CF82B4604220021022083
:1036800001F0E0FD2A4629460023022001F0DAFD80
:1036900002212B460846042201F0D4FD0422032116
:1036A0002B46022001F0CEFD4FF002132A4C0226D9
:1036B000C4F83036A3F58033C4F82C361C23082711
:1036C000C4F8346604F5005AC4F81C364FF4487048
:1036D00005F0E0FA04F580591420CAF8707005F07E
:1036E000D9FA2320C9F8707005F0D4FAB921404600
:1036F000CAF870701EF0D0F8002330461A461946FA
:10370000C9F8707001F09EFD002329461A46304624
:1037100001F098FD2B4631463046002201F092FD23
:103720002B4600220321304601F08CFD404601F07B
:1037300091FF00212820C4F83016C4F82C16C4F8D4
:103740003416C4F81C1600F01BFF08B0BDE8F08763
:1037500038D2030000127A0000C0035000C00550A8
:103760000348044A0449121A92101DF0DFBD00BF3D
:10377000C4210400C4210400042C002008B500F07A
:103780002FF8FFF7EDFF124B12498B4212D30020A6
:10379000114B12498B4218D3FEF78EFD186850F872
:1037A0002240586840F82240013298688242F5D39E
:1037B0000C33EAE70022F8E71C6844F822000132E3
:1037C0005C68A242F8D30833E4E70022F8E700BFC0
:1037D000601D04006C1D04006C1D04006C1D0400C1
:1037E0004FF400414FF0FF30124B134A10B59A606E
:1037F000D3F8882042F47002C3F888200F4A9166FB
:1038000001F1884101F5005210664FF6DF705066F5
:103810000220C3F8D000BFF34F8FBFF36F8F08248F
:103820004FF440330648C0F88041D36004600B6118
:1038300010BD00BF00ED00E000200100009000502E
:1038400000E100E0014B1868704700BFE00A00206B
:10385000084B1B6F03F00703022B04D0032B05D08A
:10386000012B05D0FEE7044B18687047034BFBE7BC
:103870000348704700800050E00A0020E40A00205E
:10388000002D310108B5FFF7E3FF054B1B6FC3F3B4
:1038900003330133B0FBF3F0024B186008BD00BFE7
:1038A00000800050DC0A00200048704700B4C404C7
:1038B000014B1868704700BFE40A0020054B1860F0
:1038C000054B1B6F03F00703032B01D1FFF7DABF92
:1038D000704700BFE40A0020008000500048704795
:1038E000002D3101014B1868704700BFE80A002025
:1038F0000020836A10B5B3F5903F0ED21968084ACC
:1039000091420AD1074C227812F0FD0F04D1DB69F5
:10391000984708B90123237010BD4FF48170FBE76D
:1039200007B0CD5EEA2A00204FF00053074A1A6024
:10393000BFF34F8F0649074BCA6802F4E062134396
:10394000CB60BFF34F8F00BFFDE700BF02020FF057
:1039500000ED00E00400FA0505490A68131805485F
:1039600083428CBF4FF0FF320B601046704700BFA0
:10397000EC0A002000800020F7B50468012105460C
:103980003A2000F0FDFD002301226179207901F049
:1039900059FC14233021227911FB023101F1A0419D
:1039A00001F5703109686379D940C943A37901F001
:1039B0000101022B217017D100F044FB164A2B465F
:1039C0006179207900F068FBFF28024660790ED10A
:1039D0002A46114900F08AFB0123024661792079C9
:1039E000CDE9003301F0D6FB002003B0F0BD012685
:1039F0002779002301460096384601F085FC2A46C7
:103A00000549607900F072FB002361790246207954
:103A1000009301963346E5E78913030008B50121B9
:103A20003A2000F0ADFD032101230422002001F023
:103A300009FC00201DF017FF0122214B4FF460709C
:103A4000C3F844241DF0BDFD1E4B00F5D520D3F86E
:103A5000F02000F2FC4042F00102C3F8F020D3F85D
:103A6000FC2042F08072C3F8FC20174AA3F55D43A6
:103A70001A60164B0222B0FBF3F0154B01381861A7
:103A8000C3F8F0204FF48072C3F804234FF0604372
:103A9000104A0020C3F8B02F0F4AC3F8802ED3F885
:103AA000002E42F48072C3F8002EFF2283F82020FB
:103AB000D3F8002E22F48072C3F8002E08BD00BF98
:103AC00000D0035000ED00E0FF030040F8590D0066
:103AD000000004E055CEACC5090001004FF0604382
:103AE000D3F8802E30B5D20715D501240B4D844074
:103AF000D5F8FC2042F08072C5F8FC20D3F8002EE7
:103B00002243C3F8002E53F82020002AF0D003F8F7
:103B10002010002030BD1120FCE700BF00ED00E0C8
:103B200010B5012243780178847830209A40054B03
:103B300000FB01331CB942F210015A5010BD41F292
:103B40001001FAE700C0035010B501224378017854
:103B5000847830209A40054B00FB01331CB941F2B8
:103B600010015A5010BD42F21001FAE700C0035094
:103B70002DE9F04F9A46564B85B01B7806460F4606
:103B80001546DDF83C909DF844B0DDF85080002BE0
:103B900000F08D80072A00F28C800E9B002B00F035
:103BA0008880B9F1000F00F08480129BB3F5006F9C
:103BB0007FDC012802D1109B002B7AD0454B03EB10
:103BC00005131B7B002B76D0434C10220021684646
:103BD00027F016FE04EB45141022002F59D1394668
:103BE000204627F00DFE43F210036380BBF1000F67
:103BF00003D1E37843F00303E370374A0E9B02EBF3
:103C0000451CCCE90193129B6901013BC3F30A00F7
:103C10009DF84C30012E03F003034FEA836343EA1F
:103C2000001E53582D48CDF800A000EA03004EEACC
:103C30000003535041D113230CF1100ECCF80C307B
:103C40009CE80F008EE80F006FF00301DCF81C20E9
:103C5000109B61F39F02012FCCF81C20CCF814308C
:103C600003D1CCF81890CCF804300027194A290168
:103C700002EB051342F80180159A28465A606946FE
:103C800022469F605E7301F0BBFB384605B0BDE87D
:103C9000F08F0021204627F0B3FD4FF4447363807A
:103CA000BBF1000FA9D1E37843F03003A4E70C483F
:103CB000ECE70C48EAE70C48E8E7B8F1000FD4D18C
:103CC0009CF8023068F304138CF80230CDE700BF93
:103CD000EB2A002068130020E81300200F80FFF378
:103CE000028000F0018000F0078000F038B5124B30
:103CF00005461B78DBB1E0B11DF047FD0F4A0023FC
:103D00001146147B54B92B6001251A0101EB0313F2
:103D10001D738C501DF03FFD204638BD0133082B2C
:103D200002F11002EDD11DF036FD0548F5E705481A
:103D3000F3E70548F1E700BFEB2A002068130020F5
:103D4000048000F0028000F0018000F013B51DF047
:103D50001CFD00230B4A147B7CB90133082B02F1B4
:103D60001002F8D1019001F0EDFA074B01981C7098
:103D70001DF011FD204602B010BD1DF00CFD0348E2
:103D8000F9E700BF68130020EB2A0020058000F04F
:103D90000D4B10B51B78044693B1072812D81DF0BF
:103DA000F4FC0A4B03EB04131A7B2AB100241C73A6
:103DB0001DF0F1FC204610BD1DF0EDFC0448FAE7B3
:103DC0000448F8E70448F6E7EB2A002068130020CF
:103DD000068000F0028000F0018000F0154B13B562
:103DE0001868002301908DF804301DF0CEFC124BB2
:103DF0001C7824B11DF0CFFC104802B010BD012288
:103E00001A701DF0C8FC0E4B01A81C731C7783F8B8
:103E10002C4083F83C4083F84C4083F85C4083F8A6
:103E20006C4083F87C4008238DF8073001F0B6FA27
:103E30002046E2E7A4D20300EB2A0020038000F032
:103E4000681300200A4A08B512785AB107280BD81F
:103E5000084A02EB00131B7B43B1002101F090FAEA
:103E6000002008BD0448FCE70448FAE70448F8E7E6
:103E7000EB2A002068130020028000F0018000F08F
:103E8000078000F00A4A08B512785AB107280BD803
:103E9000084A02EB00131B7B43B1012101F070FAC9
:103EA000002008BD0448FCE70448FAE70448F8E7A6
:103EB000EB2A002068130020028000F0018000F04F
:103EC000078000F00A4A08B5127852B107280AD8CC
:103ED000084A02EB00131B7B3BB101F0DBFA002028
:103EE00008BD0548FCE70548FAE70548F8E700BFC4
:103EF000EB2A002068130020028000F0018000F00F
:103F0000078000F00D4B1B7893B1072812D889B1B8
:103F10000B4B03EB00131B7B73B10A4B1A6D012390
:103F200003FA00F010401ABF00200B7008707047B1
:103F3000054870470548704705487047EB2A002040
:103F40006813002000000450028000F0018000F09F
:103F5000078000F00B4A10B512780C4662B10728B2
:103F60000CD859B1084A02EB00131B7B43B101F096
:103F7000A3FA2070002010BD0448FCE70448FAE7CB
:103F80000448F8E7EB2A002068130020028000F0C4
:103F9000018000F0078000F02DE9F843174B1F6DFA
:103FA0005B6D1F4000D5FEE701260025144CDFF8AD
:103FB0005480DFF85490374217D02368C8F8506017
:103FC0009BB1A168284601316268A1609847637B74
:103FD000012B0AD148B909EB45131A7B60F3410262
:103FE0001A731A7F60F341021A770135082D4FEAE0
:103FF000460604F11004DED1BDE8F8830000045049
:104000006813002000200450E813002070B5044617
:1040100001250B4E04B970BD94FAA4F0B0FA80F0FB
:1040200005FA00F306EB001224EA03045368002BA0
:10403000F0D0117B11B191689847EBE79847E9E719
:10404000E814002008B5192000F0CEFD28B14FF08B
:104050000072074BC3F880211A601A2000F0C4FDDB
:1040600028B14FF08062024BC3F880211A6008BD6E
:1040700000E100E038B505460C461DF086FB002245
:10408000044B03EB05135C601A73BDE838401DF068
:1040900082BB00BFE8140020F8B504460D46174661
:1040A0001E461DF072FB1CB9052D0DD0FF2414E037
:1040B000012C03D1012DF9D1032405E0022CF5D107
:1040C0007DB1052DF2D107240123074D04F1100124
:1040D00005EB0111C1E901760B731DF05CFB204675
:1040E000F8BD0624F0E700BFE8140020F8B5054647
:1040F0000F4616461DF049FB104B05F0FC02D3F8A5
:1041000024140023EC1804F00304144321FA04FCE3
:104110001CF0010F07D00133042BF3D1FF241DF055
:104120003AFB2046F8BDFF2CF9D00122044B03EBEB
:104130000413C3E901761A73F1E700BF00C003500E
:10414000E8140020074BD3F82404D3F8202403F507
:104150000053104000F0553020F05020C3F82004E8
:10416000FFF754BF00C00350074BD3F82404D3F823
:10417000202403F50053104000F0AA3020F0A020C6
:10418000C3F82004FFF742BF00C00350024B196878
:10419000024B186813F04EBCF40A0020F00A00200D
:1041A00037B5920004460D46019228F02DFD431CC0
:1041B0000BD060B929462046019A27F0EAFA002878
:1041C000044808BF002003B030BD0348FBE70348A4
:1041D000F9E700BF10E000F021E000F024E000F07B
:1041E00010B5044628F008FD431C10D088B901F032
:1041F00027FA234620F003002044984201D10020F2
:1042000010BD53F8042B0132F7D00348F8E70348F8
:10421000F6E70348F4E700BF0EE000F021E000F00D
:1042200024E000F008B51DF0A9FA014B186008BDA4
:10423000281D0020014B18681DF0A4BA281D00207D
:10424000044BD3F88420D206FBD4D3F88400C0F307
:10425000811070470040005038B5104B0546D3F828
:1042600020310C4603F00303022B0BD0032B0DD09F
:10427000012B0FD1FFF7E6FA052305B1286004B141
:10428000236038BDFFF714FB0323F6E7FFF726FB97
:104290000223F2E701230020EFE700BF0080005077
:1042A00073B50D4600210E4B0191D3F880410646AF
:1042B00004F00304012C09D0022C0CD00C460EB1E2
:1042C000019B336005B12C6002B070BD01A8FFF7FF
:1042D000C3FF0F24F3E7FFF701FB0190EFE700BFF7
:1042E0000080005038B5184B0546D3F824010C4621
:1042F00000F00700062805D8DFE800F0230B131BA9
:104300001F0F17000023184605B1286004B1236071
:1043100038BDFFF797FA0523F6E7FFF793FA062370
:10432000F2E7FFF7C5FA0323EEE7FFF7C1FA04232C
:10433000EAE7FFF7D3FA0223E6E71DF002F80723C6
:10434000E2E70123E0E700BF0080005038B5104BE2
:104350000546D3F840310C4603F00303022B0BD083
:10436000032B0DD0012B0FD11CF0EDFF092305B15C
:10437000286004B1236038BDFFF7B4FA0823F6E7DC
:104380001CF0E4FF0B23F2E701230020EFE700BF5E
:104390000080005038B5144B0546D3F800020C4697
:1043A00000F00700042804D8DFE800F01B0A0E1212
:1043B00016000023184605B1286004B1236038BDFB
:1043C0001CF0C1FF0923F6E7FFF78CFA0823F2E798
:1043D0001CF0BCFF0B23EEE7FFF754FA0E23800A14
:1043E000E9E70123E7E700BF0080005038B5104B34
:1043F0000546D3F840320C4603F00303022B0BD0E2
:10440000032B0DD0012B0FD11CF09DFF092305B10B
:10441000286004B1236038BDFFF764FA0823F6E78B
:104420001CF094FF0B23F2E700231846EFE700BFD0
:104430000080005038B5104B0546D3F860310C466B
:1044400003F00303022B0BD0032B0DD0012B0FD154
:104450001CF079FF092305B1286004B1236038BD41
:10446000FFF740FA0823F6E71CF070FF0B23F2E792
:1044700001230020EFE700BF0080005010B40D4C76
:104480000B46D4F8204204F00304012C0AD0022C7D
:104490000CD008B1002101600BB100221A605DF858
:1044A000044B70475DF8044BFFF7D6BE5DF8044B34
:1044B000FFF74CBF0080005038B50C4605461DF094
:1044C0005DF9064B9A6A82EA040101EA0504544048
:1044D0009C62BDE838401DF055B900BF00C00050D7
:1044E000B0F5207F1FD009D8B0F5007F15D003D8D4
:1044F00068B1B0F5C07F0AD000200CE0B0F5607F55
:10450000FAD10B4BD3F88000C0F3011003E0084B45
:10451000186FC0F3033001307047054BD3F890009B
:10452000C0F30460F7E7024B186FC0F38020F2E796
:10453000008000504FF400320E4B014610B50020B1
:104540009A66FFF7CDFF41F6713248430A490B4B9B
:1045500088428CBF4FF480100020DC69DA639A68CF
:1045600022F4401202439A60E20344BF0022DA635D
:1045700010BD00BF00900050005A620200000350BE
:10458000420910B510D0012A10D00B4B0B4C022A57
:1045900018BF234600F01F0051B103F580530122DC
:1045A00002FA00F0186010BD1346F3E7044BF1E780
:1045B00003F50053F3E700BF6880005060820050AD
:1045C0006480005008B580201CF0FBFF034B98422C
:1045D0009EBF4FF48032024B1A6708BD005A620238
:1045E00000A000501FB50023B0F5807F019377D065
:1045F00028D8382800F094800BD82438092810D8FF
:1046000009280ED8DFE800F0676767670D0D620DB7
:10461000377D52285FD008D83D283BD03E2800F097
:104620008480019805B05DF804FB8028F9D1414BE6
:104630001B6F03F00703013B032BF2D8DFE803F005
:1046400044413F6CB0F5D06F5BD019D8B0F5A06F86
:1046500066D00AD8B0F5806F3DD0B0F5906FE0D14C
:10466000002001A9FFF73EFEDBE7B0F5B06F2DD0CB
:10467000B0F5C06FD5D1002001A9FFF767FED0E7E4
:10468000B0F5006FECD00AD8B0F5E06F4DD0B0F5C2
:10469000F06FC6D1002001A9FFF7CCFEC1E7B0F54D
:1046A000086FBED1234BD3F8003103F00303022B74
:1046B0002CD0032B2ED0012B30D1FFF7F9F8032398
:1046C00000E005230193ACE70223FBE7002001A9EA
:1046D000FFF7E6FDA5E7002001A9FFF7BDFDA0E774
:1046E00002934FF0E0231B695B0705D5FFF7CAF87B
:1046F0000C230393039BE5E703A902A8FFF726FE1B
:10470000F8E7002001A9FFF745FE8AE7FFF7EAF87E
:104710000823D7E71CF015FE0723D3E70123D1E7D1
:10472000002001A9FFF7AAFE7BE7002001A9FFF7FF
:104730005DFE76E7008000504FF40022034B5A667E
:10474000012203F580439A62704700BF0090005039
:1047500008B5FFF747FF082811D00938012811D8FC
:104760004FF40012094B4FF6FF705A6603F5D83329
:104770005B6A13F0010F18BF4FF4FA7008BD044BC9
:104780001888FBE74FF6FF70F8E700BF0090005075
:10479000040D002070B504468020FFF723FF032896
:1047A00000F082804FF40022444B02215A6645F605
:1047B0000E03434AC2F88030424B9962012103F54F
:1047C00080539962936DD903FCD4D4E900131B057F
:1047D00043EA0163E17B94F822500B43217B94F878
:1047E000236043EA0143617B43EA0133A17B43EA4F
:1047F000811313619169D4E904031B0643EA8063C2
:1048000001F000410B43A17EE07E0B43217E43EA91
:104810000143617E43EA01239361E369126A002B3D
:104820000CBF0021082122F00D0242EA030242EAF5
:104830008002234B42EA01021A6294F820204FEAD8
:10484000421232D1986A94F8211020F0330042EAE3
:104850000112024342F001029A621B4A996D32EA48
:104860000101FBD1022217498A621A659A6D520032
:10487000FCD41869A26820F4700040EA02504FF09E
:10488000004218610F4B9A611DB9022203F5805353
:104890009A6216B901220D4B9A6294F824301BB12A
:1048A000074B0B4AC3F8802070BD996A21F0330191
:1048B00031430A4342EA4502EEE700BF0090005050
:1048C00000C0005000D000500300014000E0005044
:1048D000F1A7FFFF1F4BFF2873B5996A37D89A6D70
:1048E00012F4803F18BF01241B4A18BF94620224AF
:1048F00094629B6DDA0303D5164A936D9B07FCD532
:104900000222154B134E1A65B46D14F08044FBD18E
:10491000124B93F90050B369054423F47F0323F449
:104920007F4343EA002385F3080043EA0043B36171
:1049300002200191FFF7C0FDB06D019910F48030A5
:1049400003D00120FFF7B8FD204602B070BD212042
:10495000FBE700BF00C0005000D00050EC2A002050
:10496000014B93F900007047EC2A00200122154802
:10497000154B816A9A62826D02F00302032AFAD112
:1049800002229A621A650F4B9A6D5200FCD40F4AAC
:10499000986D32EA0000FBD101220B4B1A65A3F59A
:1049A00080539A6D9007FCD49A6D9207FCD5022231
:1049B000054B1A65034A936D9B07FCD50320FFF74F
:1049C0007BBD00BF00C0005000D0005003000100BC
:1049D000F0B5D0E901434FF480061A4A41780578D2
:1049E00056664FF4D156022702F5B8325662164E7B
:1049F0004F2977604FF0010728BF4F2106F58056F9
:104A000077601669F603FCD441EA052151611B0168
:104A1000417B43EA04230B43017B43EA4103936058
:104A2000C37B817B1B0143EA4113417C0B43017C27
:104A300043EA41035360837C13B16FF4D153536253
:104A4000F0BD00BF0090005000100250014B1880D4
:104A5000704700BF040D0020014B1880704700BF55
:104A6000020D00204FF4001208B5184B5A660223BD
:104A7000174A5360936813F48033FBD1012822D185
:104A8000FEF716FF134B984215D003F5122303F5DA
:104A9000F863984213D0104B00EB8002400AB3FB3E
:104AA000F0F0520A0A4BDA62012218635A620022BD
:104AB000074B5A6008BD45F67A10084AF2E745F6FA
:104AC0001A00074AEEE75362F1E700BF009000507A
:104AD0000040025000F0490264666666D8B80500DE
:104AE000BBCF0500B0F5207F10B50C4642D008D8EA
:104AF000B0F5007F33D003D888B1B0F5C07F0ED0B9
:104B000010BDB0F5607FFBD11F4B013CD3F8801086
:104B100021F0300141EA0414C3F88040F0E71CF0B2
:104B200048FD1CF011FE4FF48031184A164B1167F6
:104B3000196F013C21F4704141EA04341C67FEF70F
:104B4000A1FE0446FFF77CFBC0F1020120461CF0E9
:104B5000F5FD00F02DF8BDE81040FFF733BD0A4B1E
:104B6000013CD3F8901021F0F85141EA0464C3F8F5
:104B70009040C5E7044B013C196F21F4806141EA84
:104B800084241C67BCE700BF0080005000900050E8
:104B900008B50121022000F0F5F81CF00AFD1CF018
:104BA000D3FD4FF48032014B1A6708BD00900050CE
:104BB00008B54FF4C0701CF004FDBDE8084004497E
:104BC00088428CBF022101214FF42070FFF78ABF79
:104BD00080F0FA02034B5868C0F30800003818BF91
:104BE0000120704700ED00E0054B420953F82230E8
:104BF00000F01F0023FA00F0C04300F001007047EE
:104C000000E100E0194B10B51B6873B3184A5268F5
:104C1000012A2AD0174A8020C2F80031FFF7E2FCAF
:104C200005281FD14FF4C070FFF75AFC0128044635
:104C300004D102214FF4C070FFF754FF07220E4B3E
:104C40001A610122A3F580535A60094A1369DB07F0
:104C5000FCD5012C09D12146BDE810404FF4C070AD
:104C6000FFF740BF0122054B5A6010BDDC1D00203C
:104C700000C001500080005000E0015000D0015001
:104C800000224FF40031074B1A60074A516602F5C3
:104C900098325268012A02BF044AD2F800211A60F1
:104CA000704700BFDC1D00200090005000800050C5
:104CB000044A4178536F23F4407343EA0123536756
:104CC000704700BF0040005010B5044608B1FFF720
:104CD000D7FF104A136943F00403136103F0DEFAAF
:104CE0001CF05CFD0C4B0D4AC3F820241CF046FD63
:104CF00027F092FF1CF046FD1CF051FD03F0F6FA80
:104D00001CB1BDE81040FFF77DBFBDE81040FEF7C5
:104D1000B9BD00BF00ED00E000E003500000FF0F50
:104D200010B5044608B1FFF7ABFF0E4A136943F014
:104D3000040313610C4B0D4AC3F8202403F0AEFAB0
:104D40001CF01CFD27F068FF1CF01CFD03F0CEFAE0
:104D50001CB1BDE81040FFF755BFBDE81040FEF79D
:104D600091BD00BF00ED00E000E003500000FF0F28
:104D7000034A0179D36E23F030030B43D3667047A7
:104D800000400050F8B504461C4BD3F88420D106EF
:104D9000FBD4D3F88430C3F381139C422CD0FEF7AC
:104DA00057FD012C064602D121461CF0C7FC1CF021
:104DB000E5FC4FF00072124B07465A6620461CF085
:104DC000F3FC4FF480630D4D621E93402B676B6EB6
:104DD0009A0103D4D5F884309B060AD538461CF0D6
:104DE000D1FC022C08D13046BDE8F84000211CF06F
:104DF000A5BCD5F88430EAE7F8BD00BF00400050FC
:104E00000060005007B518B90191FEF721FD019926
:104E1000064B1B7843B1064B984205D8012003B0DE
:104E20005DF804EBFFF7AEBF0220F8E7ED2A0020A3
:104E3000005A62020278034B012100201A70FFF72A
:104E4000E1BF00BFED2A00204FF0004238B5264BED
:104E500026495A6601224A604AF6CD3103F50B23F2
:104E60005D6C1964154030BB9968C9070BD40024E8
:104E700001221F4B5A6015B11E4B1F4A1A6426F0BF
:104E80005EF8204638BD1A498A601C4AD96ACC07A8
:104E900005D4904201D10724EAE70130F6E79042B9
:104EA000E5D1F8E70132DC6A14F0080406D08A4242
:104EB000F8D10724DFE700221049F4E78A42F8D04E
:104EC00020220B4B0B495A620122A3F580539A60B2
:104ED00023460A4A486A800603D49342E9D0013344
:104EE000F8E79342C7D1E4E7009000500050095022
:104EF00000600950004009503254FFFF40420F004B
:104F00004FF0004238B5194B194C5A66012203F58F
:104F10000C235A604AF6CD33656C23644378154000
:104F200093401343134AD363A368827823F0740336
:104F300043EA0213C278002A14BF0422002213435A
:104F4000A3600279837943EA022323614279C3791A
:104F500043EA022363610078FFF776FF0DB1064B49
:104F6000236425F0ECFF012038BD00BF0090005005
:104F700000400950004000503254FFFF10B5044675
:104F80001CF017FC002341F202020849E360A36011
:104F9000226104F50052E3616361A36123626362ED
:104FA000E362A3645164A36210BD00BF7F370C01AC
:104FB00038B50446154639B9184B984214BF08460F
:104FC00038201CF0FEFA01466368A06800F0E0009B
:104FD00040281AD003D8D0B120281AD038BD602874
:104FE00019D08028FAD101236B434901B1FBF3F1B9
:104FF0000B4A2039204602EAC10201211CF0D5FBF0
:10500000A262BDE838401CF0D0BB0623ECE71023B9
:10501000EAE70823E8E70423E6E700BF0000035AB5
:10502000F8FF7F00436870B504460D4616461BB175
:1050300040F2FF711CF0B9FB2046FFF79FFFE989A2
:105040006B7B22690B43298A22F44C520B4322F0DA
:10505000030213432361A2682B7B297E22F0804246
:1050600022F0E2020B4313436A691343A360AB6867
:105070001BB9A36843F00043A360EB69002B58D031
:10508000A16898883F4A00F4C0400A4010431A7A49
:1050900040EA82509A7A40EA42405A7840EA8200D6
:1050A0005A7B40EAC2009A7B40EA02109A7840EAB2
:1050B0008220A060E168D3E9042021F4D81121F412
:1050C000C06102430A43997942EA8122D97942EACE
:1050D0004122E2601A7802F0FD01012908BFE1686F
:1050E000A2F1020204BF41F00401E160012A4FF085
:1050F000010294BF24492549C1F8C0205A7A04F519
:1051000080510A621AB1E26842F40062E260DA7A1F
:105110004AB1E2681E4942F40042E2601A7B02F0A2
:105120000F02C1F88020E269DB7B22F00302134307
:10513000E36136B196F8203004F58051A3B1012324
:105140008B61052120461CF051FBAA6812B16968E9
:10515000FFF72EFF204629781CF065FB236CDB430C
:1051600013F4405FFAD170BD626996F8223096F868
:10517000210022F009020343134343F001034B6172
:10518000DFE700BFE39BBDFF00D4035000E4035002
:1051900000900350072AF7B501F0030614461F4696
:1051A0004FF003012CD89500A94000FA05F21C48E5
:1051B00001911CF047FB01991A4806FA05F21CF010
:1051C00041FB194B19499DF82000002F08BF1946D3
:1051D000012303FA04F40C60154B1649002808BF9C
:1051E0000B461C60144B9DF82400C3F8204410317A
:1051F000A3F6DC33002808BF0B461C6003B0F0BDEB
:10520000A2F10805AD00A94000FA05F20B48019192
:105210001CF018FB01990A4806FA05F2CFE700BF17
:1052200000C4035008C4035010E4035010D40350CA
:1052300014D4035014E4035000E0035004C403509A
:105240000CC40350F8B504460D461F4616464AB135
:1052500001238B403021194A01FB0022FFB141F2AA
:105260001001535004EB4403072D4FF00F014FEA98
:10527000031317D8A80006FA00F28140104818441A
:105280001CF0E0FA56B9012130230C4801FA05F56B
:1052900003FB040077B141F21003C550F8BD42F2A0
:1052A0001001DEE7A5F10800800006FA00F2814057
:1052B0000448E4E742F21003EFE700BF00C00350E8
:1052C00004C003500CC0035010B50C4B0C4C0D4ADD
:1052D0000140C4F83004C3F83014C3F82C04D36E72
:1052E00003F03003202B1FBFD36E23F0300343F0B5
:1052F0001003D366C4F8200410BD00BF00D00350D3
:1053000000E003500040005038B514461D4603220B
:1053100083F00103FFF796FF012004F1100188409C
:1053200005FA01F1FFF7D0FF9DF81010034B044A76
:10533000002908BF1346186038BD00BF24D40350AD
:1053400024E403504FF400120B4B10B5C3F8802037
:10535000BFF34F8FBFF36F8F0024FF22074B21460F
:105360005C6520209A625C60FFF70AF92146BDE87F
:1053700010402120FFF704B900E100E000000450D4
:10538000044A054B002918BF1346012202FA00F017
:1053900018607047402004504010045010B501219F
:1053A00004462020FFF7ECF801212120FFF7E8F860
:1053B0000122114B5A60227812069A606178A27815
:1053C00042EA01429A61FF229A6200229A631A64B9
:1053D0004FF000425A654FF0FF324FF4001103F5D1
:1053E00000531A65054AC2F88011E3781B01DBB24D
:1053F00082F81533116010BD0000045000E100E098
:10540000F8B50125C3B2DFF888C0D1F800E09D40AF
:105410008F7ACB7A0C46097BCCF850500CF5005CA7
:105420004CF820E04FF0300E174E1B050EFB0060CD
:1054300094F80DC043EA074343EA415322F00302C4
:10544000C0F860C0C36502671CF09FF9736D227AD3
:105450002B4373650D4B02B11D64627A02B19D63EB
:105460002279A37943EA0243094A93616179E37996
:1054700043EA014305498B61034B55639D64BDE8D5
:10548000F8401CF088B900BF000004500010045020
:105490000020045010B50124C0B284401CF075F9FE
:1054A000044B5A6D22EA04025A659C62BDE8104022
:1054B0001CF071B90000045010B50124C0B2844042
:1054C0001CF063F9074BDA6A224209D15B6B34EABC
:1054D00003030CBF012400241CF05DF9204610BD1D
:1054E0000024F9E7000004504FF40032054B9A669F
:1054F00041F6713203F51C33DA63012203F50053E0
:10550000DA6070470090005041F671320121064B7D
:10551000DA6303F50052D1600022DA634FF40032FF
:10552000A3F518339A66704700000350CB784A7889
:1055300010B55B010C7843EA82030A79234343EAFE
:1055400002130C22424302F1B0421363012C02BF4A
:105550008A78024B43F8202010BD00BFE88003503A
:1055600008B54FF0B0435A6802B960B15B680BB13F
:105570001CF07AF94FF0B04130B10120074B586070
:105580001CF072F9C86008BD1CF06EF90223CB60F4
:105590001CF06AF90122024B5A60F4E7001000582F
:1055A000002000584FF0B0435B6870B50BB11CF0A1
:1055B0005BF90121104B4578596083780679002BFF
:1055C000C37814BF02240024002B14BF042200223D
:1055D0004379DB0043EA06132B43234313434FF085
:1055E000B0429360054B59600378002B14BF0B4603
:1055F0000223D36070BD00BF002000580010005887
:105600004FF48032064B5A6603F5E6235B69C3F319
:105610008512827003F03F021B0B427003707047CB
:1056200000900050014B986CD96C70470080E00FDF
:10563000024B1868C0F30740704700BF0080E00FBE
:105640000120034B9B680A3303F01F039840704707
:105650000080E00F012200F5805310B55A6040F63B
:10566000AA6341F20502436100230E498360C365CA
:10567000C26000F500520361C361C36491640A49CA
:105680008365884202D0094CA04207D18842036555
:1056900002D0064B984201D1002343650123536099
:1056A00010BD00BFFFFF010000C005500000065004
:1056B00038B50D46FFF7CEFF012300F580514B6052
:1056C00083680446A87B2A8A002814BF4FF48060B0
:1056D000002042F0010213432A7D0343002A14BF35
:1056E0004FF000520022A360A3681343A360AB7C79
:1056F0004BB11C4AEB7C94422BD1A2F51032C2F87C
:105700008C318023CB652B7B2046D5E9011243F4F5
:105710008053E3601CF0B0F86B7B0BB11023636126
:105720006B7D1BB1A36843F48033A360AB7D1BB1D9
:10573000A36843F40043A360EB7D2A7E1B07120598
:1057400003F0E04302F4E0021343A3652B786361A6
:1057500038BD054A944204BFA2F52032C2F89C31FC
:10576000CFE700BF00C005500000065038B5044622
:10577000054D25F008FC0FCC0FC594E8030085E823
:105780000300002038BD00BFE01D002047F6FF7376
:105790009A42F0B56AD002296AD8364B5B5C012B7D
:1057A00066D8354DDF0005EBC30015F8333084783B
:1057B000012B13D10025C3781B1BAB4202D8E01884
:1057C000C0B2F0BD591B4668A3EB510136F9116018
:1057D0009642D4BF0D4601F1FF33EEE74068002842
:1057E000EFD0B0F90030934204DBB0F902309342BD
:1057F000B8BF134682883D44FF2A19BFC8214FF025
:10580000280CB0F90610B0F908C0A1EB03020CBFD8
:105810000126002692FBFCF26D78324412B29542CA
:1058200001DD002A01DA6A1E12B24FF47A7700EB2A
:10583000C206F188B668013213FB016112B221EA97
:10584000E1715C319542B1FBF7F104DD00EBC2067A
:10585000B6888E42EBD200EBC20232F8040C8842CA
:1058600028BF0846A04238BF2046A9E7FF20A8E786
:105870000020A6E7CCD20300E01D00200229F0B5ED
:1058800057D82D4B585C012853D82C4C04EBC00141
:1058900014F830004B6801280FD1C8788C789042FA
:1058A00094BFC4EB0001C4EB0201001BCAB28242E8
:1058B000C8BF002233F91200F0BD002B39D0887820
:1058C000904202D3B3F90200F6E7CC78B3F90000B6
:1058D0009442F1D94C789988013CA1F1FF067142BC
:1058E00003F10405E4B2714103F10C071FFA82FCD5
:1058F000CEB2B44216D805EBC1014FF47A756A43B3
:10590000B1F902404968521A04EBD47102EB61020A
:1059100092FBF4F29042CFDBB3F902009042CBDC71
:1059200010B2C9E737F831E04E1CE645E3D3314603
:10593000DEE70348C0E700BFCCD20300E01D002033
:105940000080FFFF08B50448FFF710FFBDE80840DE
:10595000012025F01CBB00BFD0D2030000487047D7
:10596000060D00207FB50222084B0949CDE901232D
:105970004FF00073CDE90313052301A94FF0FF3069
:10598000059325F039FB07B05DF804FB006A1800A9
:10599000000204001B0603F0706300F00F00090210
:1059A000034301F47061120402F470220B431343A9
:1059B000014A1360704700BF0020025C60B50546D5
:1059C00019B10139B1F5806F10D2094EF06810F4A9
:1059D0008030FBD143EA0121120741EA050302F0BE
:1059E0008052134343F00043736060BD0120FCE725
:1059F0000020025C0122054B9A60DA68D203FCD4D5
:105A0000D86820F00F000004000C70470020025CF2
:105A1000014B1868704700BF0040025C014B58689A
:105A2000704700BF0010025C014B186B704700BF4D
:105A30000010025C014B1868704700BF0010025C48
:105A4000014B9860704700BF0010025C014B186466
:105A5000704700BF0010025C014B5864704700BFE4
:105A60000010025C014B5863704700BF0010025CDD
:105A70000022014B1A6070470010025C024A136852
:105A800043F00103136070470010025C024A136880
:105A900023F00103136070470010025C43F204021C
:105AA000014B1A60704700BF0010025C024A136885
:105AB00043F03003136070470010025C044B1A6817
:105AC00042F480721A601A6822F480721A60704779
:105AD0000010025C024A136843F48063136070474D
:105AE0000010025C034A136823F4702343EA004069
:105AF000106070470010025C044B1A6902605A691A
:105B000042609A698260DB69C36070470010025C82
:105B10000268044B1A6142685A6182689A61C268DD
:105B2000DA6170470010025C024B1A6BD207FCD49A
:105B3000186270470010025C82B01FB507930A9B81
:105B400004AC8B4228BF0B4604E907001048D10083
:105B5000079948BF03330160099948BF23F0030345
:105B600023F0704301F0E041194341F0005181609E
:105B7000002102F0E042019C134343F00053C16056
:105B800004618361416304B0BDE8104002B0704716
:105B90000000025C3F22034B1A631022DA610322E9
:105BA0009A6370470000025C024AD36B9B07FCD4E7
:105BB000704700BF0000025C034B986A10F024009D
:105BC00018BF0420704700BF0000025C08B5FFF753
:105BD000F3FF064BDB6B23F47F4323F0EF03034318
:105BE0001EBF0122024BC3F8FC2F08BD0000025C5F
:105BF00000F0FF3F032208B5054B186019615A6396
:105C0000FFF7C8FFFFF7D0FFBDE80840FFF7DEBF92
:105C10000000025C42680346182A10B50AD0202A08
:105C20001DD0102A2BD1174AD2F80424D4010AD44B
:105C3000012013E0134AD2F804249001F8D50A6831
:105C400042F008020A6010481A6882424FF00000D1
:105C50000ED10A6842F040020A60586010BD094A3D
:105C6000D2F804245201E3D50A6842F00402E9E7BD
:105C7000064CA242F2D10A6842F08002ECE707200B
:105C8000ECE700BF0000025CEE2A0020EF2A0020B3
:105C90000B4607B50749D1F80414C90708D50021F8
:105CA00000920246084600F05BF803B05DF804FB82
:105CB0000120FAE70000025C1346064AD2F80424E9
:105CC000D20504D50A46014600201BF0EFBF012093
:105CD000704700BF0000025C13B5084CD4F80444C0
:105CE000E40508D5009313460A460146002000F05B
:105CF00061F802B010BD0120FBE700BF0000025CAC
:105D000013B5084CD4F80444E40508D500931346B1
:105D10000A460146002000F071F802B010BD0120D3
:105D2000FBE700BF0000025C70B504460D46164656
:105D30008CB00A4A09AB07CA83E807001A46214615
:105D4000CDE90563CDE90333CDE9013300954FF487
:105D500080301BF0CFFE0CB070BD00BF54D30300E9
:105D6000F0B51C465B6815468DB01A07129E1AD115
:105D7000CBB17268934216D10C4B0D4A53F8217087
:105D800009AB07CA83E807001A462946CDE905335F
:105D9000CDE90333CDE90163009447F480701BF033
:105DA000A9FE0DB0F0BD0720FBE700BF60D30300E4
:105DB00054D30300F0B516465A688DB0102A0D462C
:105DC000129F15D17A68102A12D10A4A09AC07CA63
:105DD00084E8070022462946CDE90547CDE903447A
:105DE000CDE90144044800961BF084FE0DB0F0BDDF
:105DF0000720FBE754D3030030000100F0B516463E
:105E00005A688DB0102A0D46129F15D17A68102A53
:105E100012D10A4A09AC07CA84E80700224629467B
:105E2000CDE90574CDE90344CDE901440448009669
:105E30001BF060FE0DB0F0BD0720FBE754D303005C
:105E40001000010082B070B586B0149D03AE202D05
:105E500086E807000B9359D805EB85038B4203D0E6
:105E600006236B438B4253D10C9BAB4250D10F9B0B
:105E7000B3EB450F4CD1129A934249D101222946E6
:105E80002220159BFFF79AFD044630BB03460622ED
:105E90000E210C20FFF77EFD0123CDE900332B46B8
:105EA00096E807001BF0C3FD0E230BAA009307CA58
:105EB0002B461BF007FD0C23164C00930EAA2B4615
:105EC00007CA1BF02FFD636823F07F0343F026030E
:105ED0006360FFF78FFD30B10624204606B0BDE8B1
:105EE000704002B07047636823F07F0343F02203E1
:105EF0006360FFF77FFD04460028EDD1062311AA59
:105F0000009307CA2B461BF040FDE6E70124E4E7B7
:105F10000724E2E70020025C70B598B0002843D067
:105F20002C4C08AD0FCC0FC50FCC0FC50FCC0FC537
:105F300094E80F0085E80F006D4604AE04F11003ED
:105F400020340FCB85E80F0094E80F0086E80F009F
:105F5000FFF7B4FD0420FFF7C5FDFFF79FFD3046B6
:105F6000FFF7D6FD002408AE56F8040B0134FFF706
:105F7000DBFD102CF8D1FFF751FD0328FBD90024DD
:105F8000FFF776FD2646FFF743FD55F8043B013643
:105F90005840042E44EA0004F5D12CB10122062019
:105FA0000D4B1A7018B070BDFFF788FD0820FFF781
:105FB00047FD0020FFF74AFD0720FFF74DFD4FF496
:105FC0000070FFF74FFD0820FFF78CFDFFF756FD2F
:105FD0000020E7E73CD40300F12A002008B5FFF7D2
:105FE0006DFD0122014B1A7008BD00BFF02A002090
:105FF0001FB51BF0D6FF044630B1012206240D4B1D
:106000001A70204604B010BDFFF702FD0090FFF7A4
:10601000FFFC0190FFF7FCFC0290FFF7F9FC0390F6
:106020006846FFF775FDFFF7D9FFFFF73FFDFFF764
:1060300051FDE6E7F12A002006289ABF014B185CC3
:10604000002070479CD4030030B5154B87B00293F5
:10605000144B0390049346F611030D46059300F08C
:106060006DF91428044616D168461CF04AF84FF022
:10607000A843032202A95A6319601D619A63DA6B6F
:106080009207FCD1142C02D168461CF048F800F0AD
:1060900089F9044601E00028E9D0204607B030BD68
:1060A000F81D0020040000202DE9F04FB1B0054696
:1060B0008C46E9466E4F3B9EDDF8F8E0409C07F1C8
:1060C000100AC846386879680837A8E803005745B9
:1060D000C146F6D10EEB0208C8F1000909F00F091C
:1060E000002E00F0AF80774207F00F070121DDF8A6
:1060F000FCB0C4F1100ACDF810B0059144F0005185
:1061000006914FEA0A2101F4F85141F0210107916B
:1061100006B96B460893002D40F09680002C00F0E5
:10612000938004AB0993002E00F0908046F000535A
:106130000A93002D40F08D80002C14BF01232123F1
:1061400043EA07230B9308A942F00053CDF830C06F
:106150003D980D910E934FEA092343F041030F93AD
:10616000109002B10CA9002A16BF00224FF0005275
:10617000412342EA0E021191129213933C9B3D4A35
:10618000149310AB15933C4B0021169340F611036A
:1061900017933A4B002D08BF1346189314AB19936D
:1061A000374B10221A9311231B931CAB184625F072
:1061B00027FB01221D924AF080421E9200220346D4
:1061C000239205B9EB46102C08BF01230DF1900A6C
:1061D000102200215046CDF880B02193229425F062
:1061E0000FFB002C37D020AB002125938F4218BF26
:1061F000534647F0804226923A9A2CA88A42289227
:10620000299313460CBF4FF080430B4610223343B3
:106210002B912A9325F0F4FAFEB95346C8442D93E6
:106220002CA948F0804318A82E93FFF70DFF30B932
:106230002DB90346A34212D1002818BF2C2031B03B
:10624000BDE8F08F102751E701236BE747F00053BB
:106250006EE7212374E70123C6E728ABDEE703F1ED
:10626000C0026A4412F8C02C01331043E2E700BFB9
:10627000A3D40300B4D4030010000020B8D403005A
:1062800004000020F0B5C0299FB0249E4FD0B1F586
:10629000807F04D0802941D029201FB0F0BD40F27A
:1062A000344440F21445002E08BF2C462127102507
:1062B000019401240296039404950597259F06975F
:1062C00006B102AC07940124089509940A92212290
:1062D0000B940C950D92174A0AAC0E92164A0F9425
:1062E000109242F611021192129313941495159282
:1062F00001AA1692CBB112AB179304231893112362
:10630000199316AB1A901B9340F61103C9081C9100
:106310001AA806A91D93FFF797FEBEE7002E14BF2B
:106320004FF486644FF48264C0E70EABE4E70F20BD
:10633000B3E700BFBCD403001000001038B5164B03
:106340005A6E42F004025A66D3F8802242F00102EB
:10635000C3F88022114B5B68C3F3080343B14FF0CD
:10636000A842D36B13F0430FFBD11424204638BD51
:106370004FF0A843DC6B14F04304FBD1084D2B68AD
:106380001BB90421284602F073FF2B68013343F048
:1063900000432B60EAE700BF0080005000ED00E002
:1063A000F81D0020014B00205B68704700ED00E005
:1063B0004FF40052034B00209A660322C3F8602278
:1063C000704700BF009000504FF40052034B002074
:1063D0009A660322C3F86022704700BF00A00050F5
:1063E000012300F01F02A0F506200949A0F5506026
:1063F0004009934051F820201A4341F820200549D4
:1064000051F8202022EA030341F82030704700BFF2
:10641000FC1D0020101E00200121A0F506230F4ABC
:10642000A3F550635B0900F01F0001FA00F052F879
:10643000231008430A4942F82300D1E900300344FD
:1064400088680344C868096903445B1802BFC2E94D
:106450000033C2E902331361704700BF101E0020F1
:10646000FC1D00202DE9F04FA9B002921D46DDE988
:10647000326704460822CDE90301414021FA02F3C4
:106480004B40980702F1080218BF9B00202A1C44C9
:10649000F4D18123B4FBF3F303EBC313E41A7A4B77
:1064A00004F506241B7804F55064002B40D1FDF759
:1064B0006DFE014620B16FF0910029B0BDE8F08F6C
:1064C0004022059008A825F09BF94022059918A8BC
:1064D00025F096F9DFF8C891DFF8C8A14B4603F123
:1064E0000F0B102208A9DAF80000CDF800B00593D0
:1064F00024F0D8FA00220146059B09F110090DF19C
:10650000200891424CD1CDF800B01022DAF80000FA
:1065100018A924F0D0FA4FF0000B03460DF16008E3
:106520005B4549D1594B9945D8D10122564B1A7038
:106530004FF081084FF00009DFF868A1A4F50623A9
:106540005349A3F55062520951F8221004F01F0C70
:1065500021FA0CF1C90744D44E4951F8220020FA1F
:106560000CF010F0010030D0B9F1000F08BFA146C7
:10657000A3F6FF448123B4FBF3F303EBC313E41A44
:1065800004F50624B8F1010804F55064D6D1029B45
:10659000EBB1B9F1000F1AD0349BC3F800906DE055
:1065A00058F8040BCDE906230591FFF719FF069A69
:1065B000079B05990132A4E758F8040B05930BF1EA
:1065C000010BFFF729FF059BAAE7029B13B96FF0A8
:1065D0008B0072E7349BB9F1000F4ED0C3F80090E6
:1065E0006BE70EB1002333600FB100233B604FF027
:1065F000100B00232A462146DAF80000CDF800B03F
:1066000011F08AFB08BB0EB1C6F800B02B68224A15
:10661000934224D166B15FB13B462146DAF80000CF
:1066200018AA11F0CDFB80B93B6832689B1A3B6019
:10663000D5E90223DDE90310834208BF8A4216D060
:10664000A4F50624A4F6FF4494E7144B984206D020
:106650001233984203D0133B9842E9D02BE72146EE
:10666000DAF8000011F0F0FB0028E1D0AFE7029B60
:1066700013B16B68012B03D0349B1C6000201CE716
:106680006FF0840019E700BFF22A002000710800B3
:10669000FC1D0020101E0020105D175EFFDF00F0C3
:1066A000006D0800F00A00202DE9F04F87B0824607
:1066B000894698461646DDF840B02AB1002B4ED0E8
:1066C00040F26C739A424DD8BBF1010F4DD80024B3
:1066D00006F110073946012005941CF061F80546C3
:1066E000002845D021463A4625F08AF805ABCDE989
:1066F000014300942B46012250464946FFF7B2FE63
:10670000044680B110F18C0F08BF6FF08D043A463B
:106710000021284625F074F828461CF052F820463F
:1067200007B0BDE8F08F144BC5E902A92B60C5F88E
:1067300004B02EB13246414605F1100025F039F87B
:106740000E483B462A460599006811F04DFA18B9E3
:106750000598FFF745FEDAE76FF09104D7E76FF091
:106760008604DCE76FF09104D9E76FF08504D6E783
:106770006FF08C04D3E700BF105D175EF00A0020B5
:106780002DE9F0438DB08146DDE914780C461546BD
:106790001E469BB1B8F1000F05D16FF0860420466C
:1067A0000DB0BDE8F083002FF7D0B7F1005FF4D350
:1067B000C3F1005303F500439F42EED8102200219D
:1067C00008A825F01DF8002207AB029305AB019342
:1067D00006AB21460093484608ABCDE90522FFF7FA
:1067E00041FE04460028DAD10599DEB1A94203D85A
:1067F0000029D2D115B1D0E70029FBD0491BB14205
:1068000028BF3146069B0948C8F8001000913A4657
:10681000079900682B4411F07FFA002818BF6FF029
:106820009104BCE7A942E9D2B7E700BFF00A002013
:1068300030B58DB00C4605461022002108A824F082
:10684000DFFF002207AB029305AB019306AB2146A5
:106850000093284608ABCDE90522FFF703FE044666
:10686000D0B9099B012B1AD0104B0799186811F069
:10687000EBFAB8B9012207980D49A0F50623A3F554
:1068800050635B0900F01F05AA4051F823506A408D
:1068900041F82320FFF7C0FD20460DB030BD6FF05A
:1068A0008404F9E76FF09104F6E700BFF00A0020D6
:1068B000FC1D00202DE9F04F89B007460E46FFF77A
:1068C000B9F8C20705D40524013C2ED16FF092001F
:1068D00028E0102200210DEB020024F091FF04A813
:1068E000FFF70AF9049B002BEDD0059B002BEAD0A3
:1068F000069B002BE7D0079B002BE4D00025DFF898
:10690000908008F10409B5421ED30124FFF78CF8EA
:1069100000F00E03062B33D110F4807002D0FFF785
:10692000B5F8002009B0BDE8F08F01201BF046FB50
:106930000028C9D1FFF778F810F00E03FAD0022B27
:10694000F8D04305DAD5BFE7FFF768F8A6EB050AEC
:106950008400544528BF544699E8030000238DE87D
:106960000300CDE9054307EB050BCDF810B0029409
:1069700004AAD8F8003007CA1BF01CFA2544C2E765
:10698000082BA3D804FA03F313F48A7F9ED0BDE743
:10699000C8D403001FB504A800E90E0011460198F1
:1069A000FFF788FF70B1FFF719FBBFF34F8F07495F
:1069B000074BCA6802F4E0621343CB60BFF34F8F0A
:1069C00000BFFDE705B05DF804FB00BF00ED00E08F
:1069D0000400FA052DE9F0438BB01746DDE91545B3
:1069E000DDE913269C46DDE91738894621B96FF0A9
:1069F00086000BB0BDE8F083002FF8D00EB9002C54
:106A0000F5D1129909B9002AF1D10DB9002BEED1B7
:106A1000B8F1000FEBD0254A944544D10288B2F575
:106A2000105F40D14288B7EBD20FE0D322F0400193
:106A3000802902D0B2F5807FD9D11CB92046C8F890
:106A40000040D6E7AE421CD23219954219D29C4280
:106A5000CDD831462246284624F0B8FE2E4614F002
:106A60000F03C4D1CDE90197CDE90336CDE9054344
:106A7000CDE907540993FFF79BFC38B16FF0920002
:106A8000B7E79C42EBD96FF08900B2E707AA04A9E7
:106A900001A8FFF7FDF80546FFF796FC2843EDD166
:106AA000C8F80040A5E76FF08500A2E70044400465
:106AB0002DE9F04FA9B0834617469A460E46DDF8F9
:106AC000C890DDF8D88029B96FF08603184629B040
:106AD000BDE8F08F002AF7D0B9F1000FF4D0349B55
:106AE000002BF1D0B8F1000FEED00024434B0CADD9
:106AF00093E8070085E807003C22214619A818946E
:106B000024F07EFE3288718802F4E040B0F5804FB8
:106B1000DAD03B4E3B480BEA060646F0106686424A
:106B200065D1B1F5807F62D147F212118A425ED100
:106B300006203549BAF11F0F0A69CB6800FB02F243
:106B400009680B93CDE90C120E94BDD9339B402BF1
:106B5000BAD9359B1F2B4DD909F10102202612927B
:106B6000402299F800300F97042B18AFCDE9132479
:106B7000CDE91572109611941794A5D1FFF718FC62
:106B800003460028A2D10B9B15AACDE9086305ABEB
:106B900007CA83E8070002AB12AA07CA83E8070006
:106BA000DDE910018DE803000F9B95E80700FFF772
:106BB00049F90546FFF708FC55EA000384D13D4634
:106BC000349A20AE2C4603CCB44210605160254666
:106BD00002F10802F6D100221046B9180132412A0A
:106BE00003D12022C8F8002070E70870F5E76FF0A5
:106BF00085036BE76FF0890368E700BF54D3030098
:106C00000000FFF60000020928D40300F0B58C460E
:106C10001D468BB0002856D0002954D0002A52D0EF
:106C2000002B50D00488B0F802E0234604F44F4112
:106C3000B1F5824F18BF002423F0FF03B3F5E24FF4
:106C4000E4B203D06FF085000BB0F0BD122C01D080
:106C5000172CF7D10EF10703B2EBD30F4FEAD3078E
:106C600034D31D4B04AEBEF5807F93E8070086E861
:106C70000700E7D1122C07D1184B1A691B6813447F
:106C8000CDE90432002306930023CDE907C7099319
:106C9000FFF78EFB0028D7D1114A02AB92E8030020
:106CA00083E803000AAB13E903008DE80300079BA8
:106CB00096E807001BF004F80446FFF785FB204325
:106CC00007D12F60C0E76FF08600BDE76FF0890045
:106CD000BAE76FF09200B7E754D3030028D403005B
:106CE000C0D403002DE9F0438FB01D46DDE916C680
:106CF000002863D0002961D0002A5FD0002B5DD02E
:106D0000BCF1000F5AD0002E58D00388B0F802E032
:106D10001C4603F44F47B7F5824F18BF002324F0F9
:106D2000FF00B0F5824FDBB24ED0B7F5824F4BD1AA
:106D3000122B01D0172B47D10EF10700B2EBD00F69
:106D40004FEAD0083AD34FEA4802571C674538D873
:106D5000BEF5807F38D1122B18BF4FF000094FF0DD
:106D6000000308BF1B4CCDE9081805F1010114BF51
:106D70004C46D4F80C90CDE90B120A930D93FFF713
:106D800017FBC0B9CDE9058902AB08AA07CA83E899
:106D900007000EAB13E903008DE803000B9B94E89A
:106DA00007001AF0ACFF0446FFF70EFB20430ED19C
:106DB00004232B7037600FB0BDE8F0836FF08600BE
:106DC000F9E76FF08900F6E76FF08500F3E76FF001
:106DD0009200F0E728D403002DE9F04389B00D4676
:106DE00014461F46DDF8488020B96FF0860009B0D0
:106DF000BDE8F0830029F8D0002AF6D0B8F1000FE2
:106E0000F3D0028802F44F43B3F5824F0CBF134610
:106E10000023DBB202D06FF08500E8E7122B01D02F
:106E2000172BF8D122F0FF02B2F5E24F40D1428891
:106E3000C8F80020002A36D1E200C8F80020D8F8AF
:106E40000020B2F5807FE6D1122B09BF384B00221B
:106E50001A681B6905EB040608BFD2180023184600
:106E6000224412F801CD16F8011D0843B1EB0C01C4
:106E70000CBF4FF0FF3C4FF0000CB5420CEA03038F
:106E800043EA0103EDD10028AFD0002BADDA109B0F
:106E90009C4249D822462946384624F08AFC119B58
:106EA00000201C60A3E70732B4EBD20FC7D09CE7E9
:106EB0002A78042A99D1621ED2005208B2F5807F46
:106EC000C8F80020A7D1122B05F1010318BF4FF01D
:106ED00000094FF0400205934FF000030ABF144E23
:106EE0004E46D6F80C90CDE90623FFF761FA00284C
:106EF0007FF47DAFCDF80C90D8F800300733DB0875
:106F0000029308AB13E903008DE80300059B96E8A4
:106F100007001AF09DFF0646FFF756FA00287FF497
:106F200066AF002EB3D060E76FF089005FE700BF67
:106F300028D403002DE9F04F8FB00546DDE918A9EC
:106F400093461E46DDF868801C9F09B300B3B8F174
:106F5000000F1DD0E7B1BAF1000F02D1B9F1000F57
:106F600016D1284B26F47E129A4247D128461BF0B0
:106F700020F90446B0BB6B88BBEBD30F4FEAD302BA
:106F800006D316F47C1FC6F3054504D0102D03D993
:106F90006FF0860426E010251B9B9D422BD8002312
:106FA000CDE901121022CDE905930DF12809CDE9B3
:106FB000033ACDE90823CDF81C90FFF7F9F9044610
:106FC00080B907AA04A901A8FEF776FE0646FFF7D6
:106FD000FBF9044656B958B92A464946404624F0BA
:106FE000E8FB3D6020460FB0BDE8F08F6FF09204E3
:106FF00000233B60F6E76FF08904F3E76FF0850448
:10700000F0E700BF0002C0032DE9F041069F0C46E7
:107010001646054610B309B302B9FBB96288B3EB53
:10702000D20F4FEAD20819D34C220021284624F06F
:10703000E7FB0D4B27F47E129A4212D120461BF03B
:10704000B8F8044638B942463146281D24F0B1FB51
:10705000C5F824802F602046BDE8F0816FF08604DB
:10706000F9E76FF08504F6E70002C0032DE9F0416F
:107070000E4614460546002840D000293ED012B9DD
:107080000020BDE8F08103681F4823F47E1383428B
:1070900037D1AF6BE7B1C7F1100807F128004245BF
:1070A000284404D224F085FB3C44AC63E8E7424624
:1070B00024F07FFB1022103C3C19AA63E0D0284644
:1070C00005F128011BF091F80028DAD14644A863A5
:1070D000102C0CD9671E27F00F073A463146284678
:1070E0001BF083F80028CCD1E41BC9D03E442246D3
:1070F000314605F1280024F05CFBD6E76FF08600EE
:10710000BFE76FF08800BCE70002C0032DE9F04341
:1071100088461F4605468BB070B169B163B10368FC
:10712000234923F47E1088423ED113F47C1FC3F31D
:10713000054604D0102E03D96FF086042AE01026ED
:1071400096422BD8FFF734F9044618BBAB6B05F118
:107150002802CDE901236B6A2A1DCDE904231023FF
:10716000CDE9083007AB1A460390069005F13C09BB
:1071700001A904A8CDF81C90FEF7C2FD0546FFF753
:1071800023F904466DB928B932464946404624F0F1
:1071900010FB3E6020460BB0BDE8F0836FF0890421
:1071A000F8E76FF09204F5E76FF08504F2E700BFAF
:1071B0000002C00307B56B46054A1068516803C357
:1071C0006846FDF79DFE002003B05DF804FB00BF9C
:1071D000D4D4030013B50024064A6846536F43F025
:1071E0000103536700948DF80440FDF7C1FD20466C
:1071F00002B010BD0040005030B58BB06C46174D4A
:107200000FCD0FC40FCD0FC495E8030084E8030031
:10721000134BD3F84C21120317D4D3F85041E4B2E6
:107220008DF81940FDF79CFB204480F308008DF891
:1072300018000C48FCF742FB6846FDF7ABFA322019
:10724000FDF70AFC00200BB030BD074B1C884FF641
:10725000FF739C4208BF7824E2E700BFDCD4030040
:107260000080E00F00F049020001E00F30B5094D49
:1072700087B001AC0FCD0FC42B6801A82360252374
:107280008DF80530FDF7A4FB3220FDF7DFFB002071
:1072900007B030BD04D503006FF00402502110B5D3
:1072A0000A480B4C12F0800FD3B21BBF03F00F0340
:1072B000043BA3181B1802F101020CBF83F8001352
:1072C0001976402AEED1002010BD00BF00ED00E08D
:1072D00000E100E010B504461AF050FA024B1C60C1
:1072E0001AF050FA002010BD241E002010B51AF02C
:1072F00045FA034B1C681AF045FA204610BD00BF42
:10730000241E002038B50446026C136C5906FCD5C7
:107310000023E16C1A4694F84800FDF793FF002320
:10732000616D1A4694F85000FDF78CFF94F86830B0
:10733000DA0706D50023E16D1A4694F85800FDF7E8
:1073400081FF94F868309B0706D50023616E1A46CA
:1073500094F86000FDF776FF0122206C002100F513
:1073600000539A6404220A4D9A641AF05CFA0021D0
:10737000606CFDF705F9284604F16C0119F0F0FF87
:107380002B6813B9034800F06BFD002038BD00BF27
:10739000281E00202C1E0020012910B505D8064B00
:1073A0001C686C3C14F16C0F00D110BD206C0521E1
:1073B0001AF039FAE46EF4E7281E00202DE9F043B4
:1073C0008DB01C4606AB06468946184690460021FD
:1073D0001822149D24F014FA227903460AB18DF87C
:1073E00018200127C8F81C3063793046002B14BFE1
:1073F0003B460223CDE903336A4B4A4602936A4B6C
:1074000029460193694B8DF81E700093684B00F07C
:107410003BFA0646002840F09E80A36839466B641C
:10742000A3693A206B65237DDFF89C9185F8503085
:107430002369EB64237B85F84830236AEB65237F5F
:1074400085F85830A36A6B6694F8243085F860306C
:1074500023682B64FDF794F83B4604222169207BC6
:10746000FDF7F0FE3B460222A169207DFDF7EAFE12
:1074700088F8006085F868603946A068FDF780F8F4
:107480006379394633BB4FF4C060FDF779F8D9F81A
:107490002032414623F0030343F002032068C9F879
:1074A00020321AF0CDF90222424B2169C3F8C020E4
:1074B000227B42EA0142C3F8D020A169227D42EA40
:1074C0000142C3F8CC202379032B69D8DFE803F00D
:1074D0002E1947604FF48060FDF752F8D9F820323A
:1074E000414623F0030343F00103C9F8203220682A
:1074F0001AF0A3F995F8683043F0040385F8683072
:10750000D1E7002795F8683043F0010385F868302B
:1075100000230222216A207FFDF794FE226A237F46
:1075200043EA0243244AC2F8C430F7B904222B6C60
:10753000052103F580539A6420681AF074F91F4BF3
:107540001B681BB91E491F4800F078FC1B4805F159
:107550006C0119F001FF30460DB0BDE8F08395F8DD
:10756000683043F0020385F8683000230422A16AE2
:1075700094F82400FDF766FE01230F4AA16AC2F8C1
:10758000C03094F8243043EA0143C2F8C830CDE754
:1075900095F86830012743F0030385F86830B7E7B2
:1075A0002326D8E705730100E3220300CB22030062
:1075B0001323030000C4035000D40350281E0020EE
:1075C000140B00202C1E002000800050034B0222D0
:1075D000186800238068194617F05ABD180C00205F
:1075E00030B51446054687B010461AF01EFF636991
:1075F000024683423CBFD4E903315B181B1A7BB1BE
:107600000F49284603910021CDE90131012304945B
:107610000093D4E9001319F07DFF002007B030BDBE
:107620000122627694F82D20002AF6D084F83530B5
:107630001321E369204698472046636A9847ECE7A0
:10764000E17501002DE9F04788B0044688461746E9
:1076500099461AF09AF88246002F7AD0237E03F0DA
:10766000FF02002B00F0A28020461AF0DEFE6669C1
:10767000B04205D1637ED4E903521544AD1B01E04D
:10768000F9D9851BBD4228BF3D461AF07EF894F813
:107690002D300646002B6DD12A464046616924F004
:1076A00088F863692F462B44636121E0037803F077
:1076B000FD0111295BD1216B814205D1A3F111019B
:1076C0004B424B4184F83430013F6369216B0132F6
:1076D0008B4203F1010308BF236363619542606934
:1076E000E4D1D4E90323216B1344994200D12263EE
:1076F0000025D4E9032361691344994208BF6261FC
:10770000207A6576FCF79EFB20461AF08EFE6369B0
:10771000834232D1257694F82D30E568656103B156
:1077200025632046636A9847214B2A46039300232A
:1077300002932369216801930123207A0093049422
:10774000636819F0E7FE207AFCF79CFB30461AF0DC
:1077500022F85046C9F800701AF01DF8D9F8003028
:10776000002B0CBF1B20002008B0BDE8F08708F8F4
:10777000013BAAE72F460022B0E70123207A2376B7
:107780000DF11E01FCF7E6FB9DF81E30002BDAD050
:107790000DF11F01207AFCF7B5FB9DF81F100029A1
:1077A000D1D12246207AFFF71BFFCCE71746D0E75E
:1077B000E1750100002808DB0123420900F01F00E9
:1077C00003FA00F0014B43F82200704700E100E0AB
:1077D000002809DB0122430900F01F0002FA00F033
:1077E000024A603342F82300704700BF00E100E026
:1077F00070B504460568FFF779FD844202D1002088
:10780000FFF768FD95F93600FFF7E2FF95F936308E
:10781000002B0DDB01215A0903F01F0301FA03F3CA
:107820001849203241F82230BFF34F8FBFF36F8FDA
:1078300095F93700FFF7CCFF95F93730002B0DDBBA
:1078400001215A0903F01F0301FA03F30D49203205
:1078500041F82230BFF34F8FBFF36F8F287AFCF7C8
:1078600031FB287AFCF794FAFCF770FA00232846DB
:10787000C4E90033C4E90433A360AB6ABDE87040D7
:10788000184700BF00E100E02DE9F0410C46154625
:10789000064686B04022002120461F4623F0B0FF56
:1078A00095E8030000232A692376EB6884E8030047
:1078B000C4E904232A7DE36084F82C20AA7D236395
:1078C000012384F8343084F835300C9B84F82D2063
:1078D00023620D9BE76163620E9BA3622B7A84F89F
:1078E00036306B7A84F837302D4B346073602D4B13
:1078F000B3602D4B33612D4B73612D4BF360FCF75F
:107900006DFA38B12B4B984204D01024204606B0B3
:10791000BDE8F081002104F10800FCF7E7F9074613
:107920000028F2D14FF00108234B3362234B84F837
:107930003C80B361224BF3619DF8403084F83900FC
:1079400084F83B309DF83C30204684F83A30697D1D
:1079500084F838801AF079FD95F90900FFF738FFAF
:1079600095F90900FFF726FF164B0494CDE9027341
:107970002369CDE900836368E2682168207A19F001
:10798000C9FD04460028C0D195F90800FFF720FF83
:1079900095F90800FFF70EFF3046FFF79BFCB5E7AF
:1079A0009B24030045760100192403001F240300D3
:1079B000F1770100038000F0EF2303004B24030064
:1079C00025240300E1750100BFF35F8F074B5A6A5E
:1079D00022F480325A62D3F8942022F00102C3F8D4
:1079E0009420BFF34F8FBFF36F8F704700ED00E01F
:1079F00070B52648264CFFF7E7FF844208BF4FF0DA
:107A00008043244A18BF20F01F03D2F8C01018BFCB
:107A1000203B21F0FF0141F0A001B3F1005FC2F86B
:107A2000C0100CD31C4D1D4E296843F00103C2F851
:107A300098100131C2F89C60C2F8A03029608442DD
:107A400010D01548164B0268124923F01F0343F06B
:107A50000303C1F89820C1F89C30124B0132C1F8E1
:107A6000A0300260BFF35F8F05220A4BC3F8942059
:107A70005A6A42F480325A62BFF34F8FBFF36F8F5E
:107A8000BFF34F8FBFF36F8F70BD00BF380D002065
:107A9000100F002000ED00E0341E00200300002045
:107AA0002F0F0020E1FFFF3FF8B51446FFF78CFFD2
:107AB0001F2C27D90027C2062A4D1CBF20F01F000B
:107AC00020302A68CB06284B18BF21F01F01FCB2DA
:107AD000A24219D8D3F8C04020F01F0024F47F44FC
:107AE00044F4807421F01F01C3F8C04040F003004B
:107AF000C3F8982041F003010132C3F89C00C3F899
:107B0000A0102A6000201AE0C3F89840D3F89C40E7
:107B1000D3F8A06024F01F04A04226F01F0601D174
:107B2000B142EFD0B04201D8A14207D2D3F8984079
:107B3000013724F0FF04C3F89840C8E72820BFF3BA
:107B40005F8F0522084BC3F894205A6A42F48032B2
:107B50005A62BFF34F8FBFF36F8FBFF34F8FBFF3E7
:107B60006F8FF8BD341E002000ED00E0BFF34F8F93
:107B70000549064BCA6802F4E0621343CB60BFF3C9
:107B80004F8F00BFFDE700BF00ED00E00400FA05E5
:107B9000054B1A782AB95B78002B14BF022003200A
:107BA00070470120704700BFFB2A00200329F8B569
:107BB00098BF124B05460E468CBF00245C5C032820
:107BC00005D8DFE800F002080B0E44F002040C4B6D
:107BD0001F684FB9F8BD44F00804F8E744F02004EA
:107BE000F5E744F08004F2E77B681A68144203D09A
:107BF000314628465B6898473F68EAE718D5030096
:107C00005C1E002038B5104D2B78ABB10F4C23789B
:107C10001BB100F0A9FB0023237000201AF0DDFC4B
:107C20000B4C50B100F0F2FB0023012120782B70A7
:107C3000FFF7BCFF0123237038BD0122054B1A70EA
:107C40002278054B1A70F7E7FA2A0020F52A00205F
:107C5000F32A0020F92A0020002B002010B519F08B
:107C60008DFD064B04461B781BB1BDE8104019F092
:107C700089BDFFF7C7FF2046F7E700BFF42A0020C1
:107C8000002814BF0121FF21074A13780B44137009
:107C900008D0064B1B78012B04D9054B1B780BB978
:107CA000FFF7B0BF704700BFFB2A0020F32A002077
:107CB000F92A002070B519F061FD124E054633789F
:107CC0009BB900F0D7FC044620B1284619F05AFDB4
:107CD000204670BD0C4819F03CFB00F0C3FF0B4B75
:107CE0001C6000F08DFD0A4B186000F01BFA1AF0C2
:107CF00076FC084B0024186001232846337019F0E5
:107D000041FDE5E7F62A00205C1E0020641E0020ED
:107D1000601E0020581E002000292DE9F34114BFE9
:107D20000121FF21254A00F1FF30135C0B4413545D
:107D30003AD0234E3178012936D9FFF729FF01289F
:107D4000044634D81F4F19F019FD3B781BB31E4D64
:107D50002B781BB901222A701C4A1370DFF870803F
:107D600098F8003033B1019000F0FEFA002301983A
:107D700088F8003019F006FD01201AF02EFC19F0E9
:107D8000FDFC2B782BB1019000F040FB0023019803
:107D90002B7000233B7019F0F5FC3078A04203D023
:107DA0002146FFF703FF347002B0BDE8F0810329DC
:107DB000F3D10228F1D11AF016FCEEE7FB2A0020DD
:107DC000F32A0020FA2A0020F42A0020F92A0020B1
:107DD000F52A002010B5044619F0D0FC002C14BF81
:107DE0000121FF21064A13780B44DBB21370B3FA6A
:107DF00083F3BDE81040034A5B09137019F0C2BC5D
:107E0000FE2A0020FD2A002068B519F0B7FC094BB6
:107E100006461B78012B04D819F0B4FC002528462F
:107E200068BD054B1D6800F03BFB0544304619F06A
:107E3000A9FCF4E7F32A0020641E002038B5416055
:107E4000044619F09BFC05462146044819F084FAC3
:107E50002846BDE8384019F095BC00BF5C1E0020E4
:107E600013B5019019F08AFC04460199044819F0F1
:107E700077FA204602B0BDE8104019F083BC00BF7D
:107E80005C1E0020054B1B685843054B00F5742011
:107E900000F23F20B0FBF3F0704700BF601E0020EF
:107EA00040420F002DE9FF47EFF3108672B600E065
:107EB00000BF19F084F9002800F09B80704D714FCD
:107EC0002B7823B10020FFF7DBFE00232B70FFF798
:107ED0005FFE0446002800F09380841EE4B2012C6B
:107EE00040F29680FFF754FE0128804604D9664B85
:107EF0001B780BB900F0BCF9644CDFF8B091207826
:107F0000DFF8ACA140450AD0002389F800309AF888
:107F1000003013B94146FFF749FE84F8008099F814
:107F200000303BB12378022B04D1002389F80030C4
:107F300023F065F9B8F1010F0FD9DFF84C8198F8FB
:107F4000003053B9524B1B7823B900F007FA0122D5
:107F5000504B1A70012388F80030207800F08AFA1C
:107F60009AF8003013B14C4B1B78237000E000BF2F
:107F700006B962B6EFF3108672B6484B1A7852B162
:107F800000221A70444B20781B78984203D10121BB
:107F90002170FFF70BFE384600F0A6FB19F024F91C
:107FA000804600288CD1384F89F800003B789BB17F
:107FB000DFF8E0908AF8000099F800301BB100F07B
:107FC000D3F989F8008000201AF007FB00284ED072
:107FD00000F01CFA00233B702B7823B10020FFF740
:107FE0004FFE00232B7000212078FFF7DFFD0023D8
:107FF000237000E000BF06B962B604B0BDE8F087A8
:108000002B78002B3FF46EAFFFF73AFE2C7069E738
:10801000002003A900F0ACFB044600287FF462AF07
:108020001F4B039A1B689A4205D80120FFF728FED0
:1080300001232B7056E71B4BD3F8008000F030FA79
:10804000039B80449845F0D200F042FA00280CBF10
:1080500000230423039943F00203CDE9004338468B
:108060002346114AA1EB08011AF0BEFA3AE70120B3
:1080700000F000FA06B962B6EFF3108672B6A2E716
:10808000FF2A0020381E0020FA2A0020F32A0020B0
:10809000FE2A0020F52A0020002B0020F82A0020CC
:1080A000581E0020641E00205D7C0100FD2A002077
:1080B000F92A002010B519F061FB0022044B1C784E
:1080C0001A7019F05FFB00F00FFD2043C0B210BD25
:1080D000F72A002073B5114E04463378834212D03C
:1080E00000238DF8043080B102238DF8053001A8FB
:1080F000FCF7DEFD0A4D402054B1FFF7C3FE2B68AC
:10810000181A2860347002B070BD8DF80500EEE7D3
:10811000FFF7B8FE2B681844F3E700BF1D0D0020E1
:10812000AC1E002073B5002401A88DF80440FCF7B4
:1081300081FE2046FFF7CEFF414A4249136F424875
:1081400003F007030B60D2F80011404D01F003016A
:1081500001604FF400203E49032B48664FF4003085
:10816000486601F598318969C1F3400129705ED0F4
:10817000D2F8203103F00303981E43424341D2F862
:108180002421344C02F00702022A08BF43F0010305
:108190004FF4C8702370FFF775FE2F4B2F4A1860FD
:1081A0000A2316682E49013B13F0FF0341F8040B24
:1081B000F9D100EBC003304418442B781060294DEE
:1081C0006BB323781E4A3BB9D2F8003103F00303A6
:1081D000591E4B424B412370D2F8003103F0030388
:1081E000022B26D0032B27D0012B18D1FBF760FBE5
:1081F000A8B11D4B411EDC68002302460846194603
:10820000C4F30B04194E013404EB8404E4FB0601AF
:1082100016F06EFCFFF736FE2B68184428601F200E
:10822000FFF730FE2B681844286002B070BD0123B0
:10823000A5E7FBF757FBDBE719F083F8D8E700BFAA
:1082400000800050741E0020681E0020022B0020B9
:1082500000900050052B0020A81E00207C1E00204E
:10826000801E0020AC1E002000C0015040420F00C4
:10827000074A0849D2F8203103F003030B60D2F813
:108280002431054A03F00703136019F089BA00BFCF
:10829000008000506C1E0020701E002008B5104B9E
:1082A0001A78C2B100221A700E4B1A6F22F0070220
:1082B00042F001021A67D3F8202142F00302C3F80A
:1082C0002021D3F8242122F0070242F00302C3F850
:1082D0002421FBF7D7FA0122034B5A6708BD00BFE0
:1082E000032B00200080005000E000500122154BBD
:1082F00010B55A67144B154C1B7813B302201AF0B3
:1083000009FAF0B100F068FAD8B1A36DD90302D52B
:10831000E36D9A0715D40D4B9B6DDB0711D4012239
:108320000B4B1A701AF0E1F9BDE81040094B0A4AEC
:108330001860136F23F0070343F003031367FBF781
:10834000A1BA10BD00D00050052B002000C0005085
:10835000042B0020781E0020008000500122014BD9
:108360001A707047032B0020F8B51F4B1B78002BA9
:1083700039D01E4C2378B3B91D4B9A6DD10302D569
:10838000DA6D92072FD49B6DDB072CD41AF0ADF970
:10839000184B194A1860136F23F0070343F00303C7
:1083A0001367FBF76FFA1AF0A0F9124B134D1B6815
:1083B000134EC01A2B78134F56F8232046F823008B
:1083C000111A3A681048521A0A213A600932B2FB6F
:1083D000F1F20133DBB20260B3FBF1F201FB1233C5
:1083E0002B7000232370F8BD052B0020042B0020E8
:1083F00000C00050781E002000800050012B00209B
:10840000801E00207C1E0020A81E002008B519F048
:10841000C9F9124B12491A6F096822F007020A4380
:108420001A671049D3F82021096822F003020A4391
:10843000C3F820210C49D3F82421096822F007024F
:108440000A43C3F82421094B1B7813B10122084BBE
:108450009A62BDE80840FBF715BA00BF00800050E3
:10846000741E00206C1E0020701E0020052B0020B2
:1084700000E0005002280AD003280BD001280CD1BC
:10848000064A136923F00403136130BF70470020CC
:10849000FCF71ABC0020FCF743BC704700ED00E07D
:1084A000054B1B781BB1054B1B6803EBD303044A38
:1084B00010681844704700BF052B0020A81E00203C
:1084C000AC1E00200122014B1A707047052B0020C2
:1084D000014B1878704700BF052B002010B51AF02B
:1084E00012F90A4C0A4B19682368C31A01B10BB977
:1084F000206010BD4A699A423ABF9B1A0022D21AE4
:108500004A6128BF00238968F0E700BFB01E002041
:10851000BC1E0020C38870B504460D463BB9FFF76A
:1085200073FC8542064602D21AF04AF835460F49D6
:1085300065610B68ABB90C60A36011E0AD1A9A6875
:10854000184665612AB113465A69AA42F6D950B154
:108550001A4613468460A36013B15969491B5961D7
:1085600070BD0020F0E70C60F5E700BFBC1E0020E6
:1085700038B5134D2B685B6993B1124A0220146819
:108580001C4400F02BFB204600F0F6FA00230E49B5
:108590002A680B70D088800709D501230B7038BD7D
:1085A000022000F01BFB022000F03AFBEEE792688D
:1085B000002AF4D050690344012BEBD9EFE700BF48
:1085C000BC1E0020B01E0020072B002070B51646F0
:1085D0009DF81420C0E903360271049ABDF81830E2
:1085E0000260002204460D468260C38006BB1AF07A
:1085F0008AF82844A0613DB9E368656113B120465B
:108600002168984796B1354619F0B8F80646FFF745
:1086100065FF29462046FFF77DFF074B1B68A342F5
:1086200001D1FFF7A5FF304619F0ACF8002070BD6E
:108630001AF069F83044DDE7BC1E002000220C4926
:108640000B687BB183420AD183687AB193608368F7
:108650001BB15A6941690A445A61002070471A46A1
:108660009B68EEE70028EFD0022070470B60EEE732
:10867000BC1E002070B519F088F8144E05463478F9
:10868000FCB9134B1C60134B1C60134B1C8000F097
:1086900037FA012000F0A2FA1AF04BF80F4B02460D
:1086A000186020B9284619F076F8232070BD2346BB
:1086B00040F2E7310A4816F01BFA0A4B1860012312
:1086C0003370284619F067F80020EFE7062B0020EA
:1086D000BC1E0020B01E0020682A0020B81E00200A
:1086E00018FCFFFFB41E00202DE9F0410546F8B14B
:1086F00019F044F80F4F0646FFF7F0FE2846D7F86A
:108700000080FFF79BFF044628B1304619F03AF885
:108710002046BDE8F081A8453B6803D123B1FFF7AF
:1087200027FFF2E7002BF0D1022000F063FAECE71C
:108730002224EDE7BC1E002038B50C46054698B152
:1087400091B100230B7019F020F80121074B1B6831
:108750000BB122781AB119F01EF8002038BDAB42D7
:1087600014BF9B682170F3E72220F7E7BC1E0020AE
:108770002DE9F0410746884619F007F8002605461E
:10878000134B1C6824B9284619F005F81B2012E089
:1087900063691E44E388BB420FD119F0B4FF0D4C4E
:1087A0002368C01AB0420CD300222846C8F8002023
:1087B00018F0F1FF0020BDE8F081FF2FEDD0A46894
:1087C000E0E719F0A0FF22683244121AEDE700BF7B
:1087D000BC1E0020B01E002008B5074B187848B119
:1087E00019F083FF054B1B689B69C01A02288CBFD8
:1087F0000020012008BD00BF072B0020BC1E002068
:10880000014B1868704700BFB81E002038B5002122
:1088100040F2E734054B4FF47A721D680023E5FB04
:108820000041204616F064F938BD00BFB81E002094
:108830000C4B70B51B680D46834211D340F2E731F3
:1088400000248C462146084B4FF47A721E680023A0
:10885000E0FB06C1604616F04BF92860204670BD6B
:108860002120FCE7B41E0020B81E00202DE9F041B5
:108870009846002386B00E46174605468DF81330FD
:1088800088B30DF11301FFF757FF9DF8133063BB59
:10889000304605A9FFF7CCFF044600BB144B4FF44C
:1088A0007A7219680023A6FB010116F021F9002352
:1088B000C2F57A71EB8389B2BDF83430B1F57A7FB5
:1088C00014BFA983AC83059A02939DF830301146FA
:1088D000CDE9008328463B46FFF778FE0446204654
:1088E00006B0BDE8F0812224F9E70224F7E700BFD3
:1088F000B81E0020F0B50C4616461F46054687B048
:1089000040B3204605A9FFF793FF08BB124B196837
:108910004C434FF47A71B4FBF1F301FB1344002391
:108920000C1BA4B28C4208BFA883EB83284618BF57
:10893000AC83FFF7D9FEBDF83430059A02939DF859
:1089400030301146CDE9007328463346FFF73EFE2E
:1089500007B0F0BD2220FBE7B81E0020014B1868CD
:10896000704700BFB41E00200F4B10B51A689AB1B3
:108970004FF47A71531E1342A0FB01010ED1B2FADB
:1089800082F2C2F11F04531CD243E04001FA03F308
:10899000184321FA02F20243104610BD002316F0DC
:1089A000A7F80246F8E700BFB81E0020C2072DE96D
:1089B000F84304460BD5494A138801339BB2138010
:1089C000FFF78CFD464B1B680BB1FFF7D1FDA307EA
:1089D00040F1818018F0D9FE4FF000080546464668
:1089E000FFF77CFD3E4F3C680CB163698BB1002200
:1089F0003C4B012E1A7003D118F0020F18BF1E70E5
:108A0000002C58D0FFF7B4FD2846BDE8F84318F015
:108A1000C2BE23461A792179914288BF1C469B68C1
:108A200013B15A69002AF5D0284618F0B4FED4F8DC
:108A30001080B8F1000F42D019F065FEA269851AC6
:108A4000EB17454573F100033ADB23691344A36137
:108A500001232269CAB1C3B9A38BB8EB050533B1B1
:108A6000E28B13449BB2B3F57A7F1CD2E38318F0F8
:108A70008CFE804629462046FFF74CFDA3692269FB
:108A800040461344A36118F086FEE368B4F80680FC
:108A9000013613B120462168984718F076FE054646
:108AA000FFF71CFD9FE7A3F57A73E383A369013DFC
:108AB000013BA361DBE7022000F09CF8A4E74546F8
:108AC00018F063FE81462046FFF7B8FD484618F0CF
:108AD00062FE0023BDE7BDE8F88300BF682A0020DE
:108AE000BC1E0020082B002010B518F04EFE034BD2
:108AF0001C7818F050FE204610BD00BF082B002047
:108B00001FB50024194B012118689A880290D3F8E8
:108B100006009B7A00903E20ADF80C208DF80430C2
:108B2000FBF72EFD02A88DF808408DF80C40FCF7ED
:108B300039FD694601208DF80040FCF7F7FC40F252
:108B4000FF320B4B9A615A614FF0B042936A13F0B7
:108B50000803FBD113620120FCF702FD4FF48052A1
:108B6000044BC3F880211A6004B010BD1CD503006B
:108B70000020005800E100E010B5044618F0FEFDAA
:108B80004FF0B042936A1907FCD4136A116C526912
:108B9000520604D4CA1A032A01D899420ED1E21A05
:108BA000022A98BFDC1CB4F1FF3F38BF013C4FF0F4
:108BB000B04340221C6403F580539A6118F0E2FD33
:108BC000054A13783BB14FF0B041CB6B43F0020341
:108BD000CB630023137010BD1E0D002000F00103B5
:108BE0008207034A48BF43F040039361704700BFC8
:108BF00000100058820700F001030AD50121064A3F
:108C000043F0400311704FF0B041CA6B22F00302F1
:108C1000CA63024A936170471E0D0020002000586D
:108C2000830742BF4022014B5A6170470010005831
:108C300010B518F0AAFD4FF0B04304465B695A0620
:108C4000074A03F0010003F0510348BF40F002005F
:108C50005361FFF7ABFE2046BDE8104018F09BBD06
:108C6000002000580A4B10B5D3F8403203F003033C
:108C7000013B012B0BD818F081FD04460121022095
:108C8000FFF74AF82046BDE8104018F07BBD10BD44
:108C90000080005010B50446FAF7F4FD0C4BA0F527
:108CA0007A729A4212D84FF47A73B0FBF3F05C43B5
:108CB000084BB3FBF0F0B4FBF0F0022806D9BDE896
:108CC00010400323B0FBF3F0F9F73ABA10BD00BF30
:108CD000FFC99A3B40420F00024A0349034805F08E
:108CE000F3BF00BF28D503006CD5030044D50300B3
:108CF00010B50A46044619B1024B00211B6898477B
:108D000010BD00BF1C0B00200E4B0340B3F1607F71
:108D100006D1B1F5885F14BF6FF086000020704760
:108D2000B3F1707F0BD101F4E043B3F5005F06D1DE
:108D300011F4E06F0CBF6FF08600002070476FF0F9
:108D4000860070470000C07F8A42F8B507460D468E
:108D500000F021819B4822F0FF01814210D09A4C03
:108D600022F4FF7323F00103A34209D0974B9942E9
:108D700006D0974922F47F7323F003038B4223D15B
:108D800025F0FF01814210D08F4825F4FF7323F0B6
:108D90000103834209D08D4B994206D08C4925F4BA
:108DA0007F7323F003038B420ED115F0FF030BD02A
:108DB000884943F000738B4206D16A4032F0FF03CA
:108DC0000CBF01200020F8BD05F0FE43B3F1A06FF9
:108DD00017D102F0FE43B3F1A06F40F0DE8082EACB
:108DE000050333F47E1340F0D88015F40040EAD038
:108DF000C5F30540C2F3054290428CBF002001201C
:108E0000E1E7B3F1407F40F0B38002F0FE43B3F1FD
:108E1000407F40F0C28082EA050333F47E1640F0C2
:108E2000BC8039462846FFF76FFF002840F0B58028
:108E3000694C12F47C1C04EA020438D0B4F1607F5F
:108E4000C2F3054C7AD16549D3B243F000738B422B
:108E500078D003F17E410439012975D960498B42EC
:108E600076D001318B4275D001318B4274D0013103
:108E70008B426BD001318B426AD001318B4269D079
:108E800003318B4264D001318B4263D001318B427C
:108E900062D001318B4208BF402615F47C1FC5F318
:108EA00005435BD1664514BF002001208BE7B4F178
:108EB000607F2BD14949D3B243F000738B426ED00F
:108EC00003F17E41043901296CD945498B426FD0A9
:108ED00001318B426FD001318B426FD001318B4217
:108EE00063D001318B4263D001318B4263D00331B7
:108EF0008B425DD001318B425DD001318B425DD020
:108F000001318B4208BF4FF0400C9CE7B4F1707FF9
:108F1000C3D107F4E043B3F5005F05D14FF0010C76
:108F2000C7F302230CFA03FC07F4E043B3F5005F38
:108F3000B3D10126C7F302239E40AEE7B4F1707FA0
:108F4000ABD1F1E71026A8E71426A6E74026A4E750
:108F50001C26A2E72026A0E730269EE712F47C1FFD
:108F600001D1B34217D02A047FF52DAF634544E702
:108F7000B3F1106F11D125F01F6323F4702363B98F
:108F800002F0FE43B3F1106F07D11648104040F0D5
:108F90001060A84287E7012015E7002013E74FF093
:108FA000100C50E74FF0140C4DE74FF0400C4AE71F
:108FB0004FF01C0C47E74FF0200C44E74FF0300C0B
:108FC00041E700BF0013000600020006000900068A
:108FD00000040006FF0000020000C07F0300000242
:108FE000080000020000FFF62DE9F84317460022B2
:108FF00088461C4600F0ACFA0546002859D1D8F83E
:109000000060B6F8009009F4E043B3F5804FF368D0
:1090100008BF27F0010737EA030342D1002C48D0EC
:109020002E4A24F0FF03934211D02D4924F4FF72FD
:1090300022F001028A420AD02A4A934207D024F43D
:109040007F7222F0030201F500718A4234D114F0DC
:10905000FF0231D021498B4211D0214824F4FF7105
:1090600021F0010181420AD01E498B4207D024F42D
:109070007F7323F00303A1F5A0618B4204D142F07A
:109080000073194A93421ED0224648463169FFF7C1
:109090005BFE074668B9224648467169FFF754FEF1
:1090A000D0B96FF0840500233046C8F800301AF0BC
:1090B000F2F92846BDE8F88304F0FE43B3F1407F9F
:1090C00004D12304E0D56FF08605ECE7B3F1A06F7F
:1090D000F7D0054B9C42D6E73D46EAE70013000671
:1090E0000002000600090006FF00000200F0FE4337
:1090F000B3F1407F70B505460E4602D06FF0860092
:1091000070BDFFF701FE0028FAD115F47C1F05D0D1
:10911000C5F30543032B13700DD86BE04D4B2B406B
:10912000B3F1607F69D14C49EBB243F000738B42DD
:1091300031D110231370474C2C40B4F1607F6AD1B9
:109140004549EAB242F000728A4279D002F17E418A
:109150000439012976D941498A4275D001318A42C0
:1091600074D001318A4273D001318A4211D0013169
:109170008A4269D001318A4268D003318A4263D081
:1091800001318A4262D001318A4261D001318A4282
:10919000B4D140214DE003F17E410439012901D8C9
:1091A0001423C7E72D498B4201D11C23C2E72C4968
:1091B0008B4201D12023BDE72A498B4201D13023C4
:1091C000B8E729498B4201D14023B3E727498B42B5
:1091D000EBD001318B42EDD003318B42E5D0013130
:1091E0008B42E7D001318B42E9D001318B42EBD089
:1091F000002313706FF0850082E7B3F1707FF7D121
:1092000001F4E043B3F5005FF2D10123C1F3022181
:109210008B40DBB27EE7B4F1707F7FF46FAF06F472
:10922000E042B2F5005F7FF469AF0121C6F302228C
:1092300091408B423FF662AF142B7FF661AFD9E7C6
:109240001021F6E71421F4E71C21F2E72021F0E7D2
:109250003021EEE70000C07F03000002080000029A
:10926000090000020A0000020B0000020C000002CC
:1092700037B50B4D0C462B787BB100230A46019382
:10928000014601AB281D18F0E1FF20B9019BA34264
:1092900018BF6FF0930003B030BD6FF08800FAE79D
:1092A000C01E00202DE9F04F00249B4601F0FE4334
:1092B00097B0B3F1806F0E46DDE920899246229F78
:1092C000089440F081800B464FF4807208A9FFF7A4
:1092D0008BFE0546002841D1DDF820C00DAC654667
:1092E000CDE914000FCD0FC495E80700BCF800309D
:1092F00084E8070003F4E042B2F5005F1BD113F4E9
:10930000E06FC3F3022116D0334826F48072824204
:109310000AD000F50070864206D03048864203D05D
:10932000A0F53F40824206D101248C40102C0DD97B
:109330006FF0830512E042F20402934202D1284BFF
:109340009E421ED0274B9E421DD10D24A14538D3ED
:10935000214609A8FFF78CFF0546A8B108981AF026
:109360009AF80646A5BB90BB24B12246404609A9FF
:1093700022F01FFA3B6823443B60304617B0BDE83B
:10938000F08F0C24E2E70024089BD3E90912B8F11E
:10939000000F14D008EB04000E9DA9EB04032D0A66
:1093A00012D1CDE9053709ABCDE903B00093CDE982
:1093B000014A33460DA8FDF70DFB0546CEE74046B2
:1093C000EAE76FF08905C9E76FF08605C6E705464D
:1093D00000232E463B60D0E70010C00400FF40048D
:1093E000000180040013C00408B500F05FF8064BCC
:1093F0005A7812B10022C3E90122BDE808400C21CD
:109400000148FFF775BC00BFC01E002070B50C4DB1
:109410002B7883B918F018FF044670B9022301268F
:10942000C5E90100AE706B7000F038F8044620B951
:109430002E70204670BD0024FBE7FFF7D5FFF8E74C
:10944000C01E002000F100420332022A38B5044653
:109450000D4609D82C21104B01FB02339A68824239
:1094600017D100202B6038BD012119F0C7FF68B16A
:10947000094B9A689442F4D05A6B944204D01A6E05
:10948000944206D15833ECE72C33EAE76FF08700BB
:10949000E9E76FF08B00E6E7CC1E00200122024BCB
:1094A000002083F884207047CC1E002070B5094C42
:1094B000002526460421204619F0B0FF013520463C
:1094C00019F05EFB032D04F12C04F3D1002386F880
:1094D000843070BDCC1E0020F8B51B4C064694F8B5
:1094E00084300F464BB300252346294693F82000CD
:1094F0001A46B8B125B91A7912B1022808BF1D461B
:109500000131032903F12C03F0D115B96FF08C0060
:1095100015E00421284619F081FF98B9284619F072
:109520002FFB2A46094B141BA4105C4304F1004492
:10953000033C346000203A6004E06FF088000023B0
:109540003B603360F8BD00BFCC1E0020A38B2EBA59
:109550002DE9FF4100230B60384B804693F884309F
:109560000D461646002B66D0FFF76CFF0446A0B9E7
:109570002EB9286804B0BDE8F04119F079BF012E7A
:1095800004D00024204604B0BDE8F08105212868FD
:1095900004B0BDE8F04119F041BF10F18C0FF1D1DA
:1095A000294601A8FFF798FF04460028EAD10123C5
:1095B0002F68CDE90200C7F8088038467B6003AA0F
:1095C00002A91AF007F8044628B9DDE90212384664
:1095D00019F062FA0446DDE9020119F0F9FF2CB92D
:1095E0000221384619F01AFF044660B104212868A8
:1095F00019F014FF286819F0C3FA14F18C0F08BF92
:109600006FF08704BEE72868C368D90444BF43F4F9
:109610008063C360C3689A0444BF43F40063C360BB
:109620001EB919F025FF0446ACE7012EA9D105218A
:1096300019F0F4FEF7E76FF08804A3E7CC1E0020D2
:1096400030B40D4D2C681C606C685C6000249C601C
:109650005468DC6014881C8254885C82D4685C6125
:1096600014699C61526930BCDA6119620A4601468C
:1096700003F1240022F09DB8C0D503002DE9F84382
:10968000232904460F4691469846089E04D86FF059
:1096900098052846BDE8F8830822194922F079F890
:1096A00005460028F3D1A368002BF0D1216A243F9E
:1096B000B942C8F80010EAD8B1F5005FE7D271B935
:1096C000C9F80000E3687360238A3380638A73807B
:1096D0006369F360A3693361E3697361D9E70120CA
:1096E00019F05EF8C9F8000030B1D8F8002004F194
:1096F000240122F05EF8E5E76FF08C05C9E700BFB2
:10970000C0D5030030B5174B826A1B681206597921
:1097100026D5028F1C79436B1203B2FBF3F2631A56
:10972000B2FBF3F2B0F89C3003B1013BD0F8A0508B
:1097300005B15B101B02B3FBF2F35B180CD090F881
:1097400095200F2A08D91209B3EB820FB8BF002366
:109750004FEA8201A8BF5B1A9C42A8BF1C46E1B237
:10976000417630BD10210020084B9A7E82420AD9F2
:109770004FF4A4721B6802FB0030836A13F0100FD1
:1097800008BF002070470020704700BF541F002012
:10979000084A09491368C31AD810002B01FB00F0CE
:1097A00005DB937E8342D8BF4FF0FF3070474FF008
:1097B000FF307047541F0020199C8FC170B50446BC
:1097C0000E4617F0E2FF3146054604F1300019F06D
:1097D00053FF2046FFF7DCFF01218140054819F0C7
:1097E0004BFF4FF4807005F05BFC2846BDE87040ED
:1097F00017F0D1BF781F0020F329F8B504460D46B5
:10980000724E25D1338D63B9A36813F4601F00F045
:10981000BA80238F626B1B01B3FBF2F3F32D9FB26F
:109820002DD1204619F0E6FFB4F89C70002F40F0CF
:10983000B380A36A13F0800F0CBF3E23082384F883
:1098400077302046FFF75EFFF32D36D1012057E039
:109850007369590640F18F80836A1A0740F18B8043
:10986000336900F1400143601BF061FA338D002B36
:10987000CAD0238F626B1B01B3FBF2F39FB2618FDF
:10988000B4F89C209BB25B1A9A427EDC736994F810
:1098900036019B074CBF002102211CF001FA40F267
:1098A000022372699343BCD12046A4F89C7019F03E
:1098B000A2FF2046FFF726FF0127A36A1807C5D598
:1098C000628F002AC2D013F4C05FBFD1726912F058
:1098D0000C0FBBD140F202239343B7D1D4F8A4308C
:1098E000002BB3D12046A18F1BF0DFFB002855DDF4
:1098F000638F0133984251DC0128A7D0013880B230
:10990000236BA4F87C00590409D54FF4804104F17D
:10991000300019F0B9FE00212046FFF74FFFB4F8E0
:109920007C20A38F94F870101344A387B4F89C3064
:109930009B1AA4F89C3094F86F3002FB0133252267
:10994000B3FBF2F102FB113384F86F304FBBA36A13
:109950001A0702D41E4B1B689847204608211BF0AB
:109960005EFA20460221FFF729FF2046BDE8F840B5
:10997000012103F091B9318D238F626B00293FF4EF
:1099800043AF1B0178E7338543E7737F002B86D015
:10999000032194F8360180E7012752E7608F0130F8
:1099A000ADE7204619F0C8FE2046A18F1BF007FA4C
:1099B000A36A05461B0702D4054B1B689847002D78
:1099C000CBD02046BDE8F84019F0BBBF541F0020A3
:1099D000881F00200022074B10B55A77202204462A
:1099E0005A6119F095FE84F8360120461AF00DF8F8
:1099F00010BD00BF541F0020012810B50C462AD00E
:109A0000022830D000283DD191F8953060F307133B
:109A100081F895300846FFF7DDFFA36A20461B0753
:109A200016D503F02DFB042001F0A4FA50B3164A1A
:109A3000937F3BB3D37F0133DBB2D37792F82120FE
:109A40009A421FD8BDE810404FF0806005F028BB57
:109A500003F0EAFCE7E703F035FA844212D1BDE8EF
:109A6000104003F001BB91F895302046C3F3031278
:109A7000013262F3071381F89530BDE81040F321FD
:109A8000FFF7BABE10BD00BF541F002010B501F093
:109A9000D1FAFB22114B10F0020F1A770CBF0122F2
:109AA00003224107197E48BF42F0040262F303011A
:109AB00019761A7EC2F3030161F307121A764FF486
:109AC000417100221984DA76DA835A621A611A85A2
:109AD000034BBDE810401B68184700BF541F00200F
:109AE000801F00202DE9F8434B4C0546A06818B1B3
:109AF00016F0D4F80023A360022016F01BF85FFADA
:109B000085F8002019F026FE404619F03AFE064678
:109B1000002868D1404619F03FFE0746002862D170
:109B2000002D75D005EB850105EBC101C900334659
:109B30000122022089B215F0AFFF002850D14FF466
:109B4000A479022084F81A8016F024F809FB05F79E
:109B500031463A46206021F053FE32462368681EA3
:109B600003EB0901824233DB002DA7F5A4724FF00D
:109B70000001D8BF002299502846636019F0EAFD21
:109B800088BB404619F0EAFD68BB404619F0F1FD7C
:109B9000074640BB002D16DD022022F0E0F902232B
:109BA000A060C37183793946C3F102020C33D2B28B
:109BB000184421F025FE0121A3689A7913441A7BE9
:109BC00061F301021A73FFF761FF3046BDE8F883C5
:109BD00009FB02FC013243F80C1001F5A471C1E746
:109BE000C4E90077A7760025002019F0CAFD0020FF
:109BF00019F0D2FD2846C4E90055A57619F0AEFD4E
:109C0000284619F0A7FD022015F094FF0726DCE78F
:109C10002B46A5762560AFE7541F0020014B987EA8
:109C2000704700BF541F0020014BD87E704700BF13
:109C3000541F0020F8B5284D17F0A7FD6C681CB91B
:109C400017F0A9FD2046F8BD4FF4A476012723683C
:109C50006B60EB7E0133EB7617F09DFD3246002101
:109C6000204621F0CDFD04F128004021676119F064
:109C700003FD2B8B0722A4F8443194F837310021DF
:109C800067F3030384F837314FF6FF73A4F87A3093
:109C90002B7FA4F8866084F8423144F29023A4F824
:109CA000403194F8853004F1080062F3030384F82E
:109CB00085300A4BC4F8883003F1CE5303F598136E
:109CC000C4F88C3041F61B33A4F890301B2384F881
:109CD00092301AF0FBFAB5E7541F00204801480102
:109CE00070B50446002619F008FE04F1080000F0E3
:109CF000ABFE0D4B20461B689847C4E90A6617F077
:109D000044FD05464FF4A4723146204621F078FD0B
:109D1000064B28465A682260DA7E5C60013ADA76A1
:109D2000BDE8704017F037BD841F0020541F00208D
:109D30002DE9F04106464FF480400F4601F01AF934
:109D4000044630B90E4B1D6893F81A807135A04552
:109D500002D80020BDE8F08155F8493CDA0609D563
:109D6000C3F38003BB4205D106222946304621F0C9
:109D700010FD18B1013405F5A475E8E70B20E9E7FB
:109D8000541F002008B5B0F894305A1C62F30B033E
:109D9000A0F89430042001F0EDF870B1074A937FE9
:109DA0000133DBB2937792F820209A4205D8BDE8C0
:109DB00008404FF0806005F073B908BD541F0020C3
:109DC00038B58B7905460B449B7D0C4603F00303A5
:109DD000032B09D101212C3019F04EFC4FF4006106
:109DE00005F1280019F048FC21460548A56021F03E
:109DF000F1FFBDE838404FF0005005F051B900BF09
:109E0000601F0020014B1877704700BF541F0020CF
:109E1000014B187F704700BF541F00202DE9F74FFA
:109E20001D4616462A4604469DF838309DF83C806B
:109E300080F89B3052F8103B0F46C0F8283100F1F3
:109E40004401B8F1000018BF0120DDF830A09DF8F2
:109E500040909DF834B004F03DFE20461AF0D8FF43
:109E6000204619F09BFC1BF021FF49460246204684
:109E700019F08EFCC82320460DF10601ADF806301E
:109E800019F079FC47F6FF73A4F83031AB88A4F8D9
:109E90002C31AB7984F82E31DAF80030C4F8713007
:109EA000BAF8043004F1280AA4F87530BBF1000FA9
:109EB00003D00421504619F0DFFBB8F1000F04D0A5
:109EC0004FF40051504619F0D7FB4FF4607001F089
:109ED00051F8C0F3C018C3054FEA881848BF48F0CE
:109EE0008008810548BF48F4807817F04EFC83460F
:109EF0004FF48261504619F0BFFB414604F12C003B
:109F000019F0BAFB584617F046FCBB1E012B7AD855
:109F10004FF40021504619F0AFFB01212046FFF716
:109F20004DFC042120461AF07AFF6B7D2046C3F3D6
:109F3000040384F870306A8907F0FD0752006263F9
:109F4000697B2A7B42EA01226287E97BAA7B42EA9B
:109F5000012222876A7D84F86F30C2F3421284F8AE
:109F60003E2000220523A2870122A4F89C30A4F8F9
:109F70007C209DF9441019F016FC01F055F820F4EE
:109F80000060C4E908012046FFF7BCFB3A4A3B4B9E
:109F9000B2F82880B8F1000F68D1002F38D140F214
:109FA000C7186660E3612046166119F076FBB9F1C7
:109FB000010FE0600AD094F83731204669F30303BB
:109FC00084F8373109F00F0119F097FD04F108000A
:109FD00041461AF07BF9012002F004FE28B96369BA
:109FE0001A075CBF43F00403636140F271216B897F
:109FF0002046013B594319F06FFB204602F0FCFD5F
:10A0000003B0BDE8F08F012F87D140F2014185E711
:10A010004FF4D778E36140F271272B8940F60801AD
:10A020005B0007FB03665046666004F1400619F0CA
:10A0300023FB314620461AF07AFE2B893146013344
:10A040005B0020467B4304F1340201F001F8EB7918
:10A0500031465B00012220467B431AF06EFE236CE2
:10A0600020469E0819F019FB3044A0E76660E361C2
:10A07000002FD0D197E700BF541F0020F9990100AD
:10A0800070B51D46C36A04461B07164613D4082143
:10A090002C3025F4105519F0EFFA25F01005064B79
:10A0A0002D0433402D0C2046C4E90835BDE870402E
:10A0B0004021FFF783BB70BD2FCF87F72DE9F04F0D
:10A0C00085B004460191084689B34B799A071FD49D
:10A0D00021F01EFE019D70B96B79DB0705D54FF4A9
:10A0E000803104F1280019F0C7FA01A821F0A4FD7D
:10A0F00005B0BDE8F08FA36ADF0309D54FF48031C6
:10A1000004F1280019F0C0FA6B7943F001036B7178
:10A11000019E17F03AFB737931469E0705461ED51E
:10A1200004F1AC0021F065FE284617F034FBDFF89F
:10A13000909117F02AFBA36A0746DD0514D5D4F8E1
:10A14000AC3043B19A7913441B7B392B03D829FADD
:10A1500003F3D80711D4384617F01DFBC8E704F104
:10A16000A80021F037FEDFE794F94631022BF2DC3C
:10A17000D4E92A2372B9002BEDD004F1AC0021F010
:10A1800079FD0546384617F006FB2946204619F0AA
:10A1900062FECEE7002BF0D194F89280039304F195
:10A1A000A80BD4F8A86096F807A0B379AAEB030A25
:10A1B0005FFA8AFAC24527DC584621F0A1FD054620
:10A1C000A8EB0A086B7929466FF3C3036B7103A8E8
:10A1D00021F000FED4F8A8302BB15B79990702D1A9
:10A1E000B8F1000FDDD1039B002BB4D09B79022B7B
:10A1F00040D8002021F0B3FE014670BB039904F162
:10A20000A80021F0F6FDA6E7002021F0A8FE0546F3
:10A2100030B9039904F1A80021F0EBFD03959AE70A
:10A220008079B1790C300C3142463144284421F018
:10A23000C0FAEB7953FA88F3EB71B379727953FA78
:10A2400088F3B3716B794FF0000862F300036B7110
:10A2500073796FF300037371B4E7039B4A795879FC
:10A2600060F300024A715A7903A86FF300025A7131
:10A2700021F0BAFDE36A9A0512D5039803460068F7
:10A280000028FBD1DB79C3F14503DBB2032B07D8F0
:10A2900021F065FE01460028B0D003A821F09AFD08
:10A2A000D4F8A83013B15B79DB0704D5039A53794E
:10A2B00043F008035371384617F06DFA039965E7C8
:10A2C0007C2C020070B5036B0446990786B001D55B
:10A2D00019F013FB236BDA0733D5A66A330723D5AE
:10A2E00016F4002F14BF032501252046FFF750FA6E
:10A2F00094F89B30294605930023049394F83E304C
:10A30000C6F380020393238F80B20293638F01937D
:10A31000636BC3F34F03009304F171031AF02CFB3A
:10A3200030B9002006B070BDB50C05F00205DCE7C1
:10A33000012104F1300019F0A7F94FF4005119F090
:10A340009BF9236B980410D52046FFF721FAA16AE8
:10A35000C0B2C1F340311AF08FF80028E1D04FF4B9
:10A36000005104F1300019F08FF9236BD90409D59D
:10A3700000212046FFF7A2FE4FF4805104F1300087
:10A3800019F082F9236B5A0512D52046FFF700FA1F
:10A39000002394F89B50C2B21946284622F06AF86E
:10A3A0000028BED04FF4806104F1300019F06CF940
:10A3B000236B5B0711D52046FFF7EAF9616B238F0A
:10A3C000628FC1F34F0180B21AF0B6FA0028A8D00C
:10A3D000042104F1300019F057F9236B1E0709D549
:10A3E00020461BF0A8F800289BD0082104F130007B
:10A3F00019F04AF9236BDD0618D52046FFF7C8F996
:10A40000E16A80B211F4805100F0C58000211AF099
:10A4100028FB002885D04FF4805104F12C0019F05E
:10A4200033F9102104F1300019F02EF9236B58068E
:10A4300015D52046FFF7ACF994F8773080B2009339
:10A44000D4E908231AF0F0FA00283FF46AAF002399
:10A45000402184F8773004F1300019F015F9236BAE
:10A46000190516D52046FFF793F900230093B4F899
:10A470009830B4F8962094F89A1080B219F0AFFF93
:10A4800000283FF44EAF4FF4006104F1300019F0A2
:10A49000FBF8236B13F4804532D19A0516D520467C
:10A4A000FFF776F994F8371194F8772001F00F014F
:10A4B00080B200F01FFC00283FF433AF4FF400716E
:10A4C00084F8775004F1300019F0DEF8236B1B0696
:10A4D00016D52046FFF75CF9B4F88C3080B20093B3
:10A4E00094F89130B4F88A2094F890101AF0EBFAAE
:10A4F00000283FF416AF802104F1300019F0C4F8B1
:10A50000236B9E0612D52046FFF742F994F8771088
:10A5100080B21AF0BDFA00283FF403AF00232021D7
:10A5200084F8773004F1300019F0AEF8236BDD05C4
:10A5300008D504F130004FF4807119F0A5F82046D9
:10A540001AF036FE236B180408D504F130004FF4DE
:10A55000004119F099F8204619F0CBFA236BD90382
:10A5600008D504F130004FF4803119F08DF8204601
:10A5700019F009F9236B9A0308D504F130004FF460
:10A58000003119F081F8204619F00BF9236B9B0775
:10A5900004D40120C6E61AF07BFA3AE700222046EE
:10A5A000114619F0FCF8204619F0FBF82046FFF799
:10A5B000EFF894F8771080B21AF020FB00283FF4EF
:10A5C000B0AE022104F1300019F05EF82046FFF72A
:10A5D00087FB024B1B689847DBE700BF801F00200A
:10A5E000F8B50023124A02F1240151E8004F41E876
:10A5F0000035002DF7D1012734B9BDB10D482946EA
:10A6000019F03AF82046F8BD94FAA4F0B0FA80F0B8
:10A6100007FA00F624EA0604FFF7A6F80028EBD0B4
:10A62000FFF750FE0028E7D13543E5E70120EAE7D0
:10A63000541F0020781F00202DE9F74F0446019099
:10A64000002860D0C5794FF000080C35054417F09C
:10A650009CF8464600904FF4A47A40462B4FBA7EB1
:10A660005FFA88F94A4517D90AFB09FB3A685A4448
:10A67000916ACB0644D5B2F89420C2F30B02002AAB
:10A680003ED0E279C2F14502D2B2032A15D80220A7
:10A6900021F065FC044640B900230098FB8317F0C5
:10A6A0007AF8304603B0BDE8F08F014601A821F0EA
:10A6B00091FB0020E5790C3525440422012300217B
:10A6C00012FB003305F82090E9543B6802FB005C64
:10A6D0005B44B3F8943001368CF80230032312FB4C
:10A6E0000032A9543B6801305B44B3F89420C0B2F7
:10A6F00061F30B02A3F89420E379F6B20433E3711B
:10A7000008F10108ABE70646CBE700BF541F002065
:10A71000F7B5684604F0D2F900254FF4A477124E3D
:10A72000B37EAB4201DC03B0F0BD346807FB0544E7
:10A73000A36A03F01803102B13D10522694604F114
:10A74000450021F026F860B1012120461AF051FDA4
:10A7500038B9012021F003FC014610B1204601F078
:10A76000B5F80135DCE700BF541F00202DE9F74F95
:10A7700017F00BF8424BDA6800920022DA6017F00B
:10A780000AF8009B13B903B0BDE8F08F684621F0CA
:10A7900071FA8279876802F10C0404440146019041
:10A7A000A07A0A3210F0200F14BF032002200244C6
:10A7B0008A71FA6A52050FD5E07AA27A42EA00223B
:10A7C000384619F036FD38B901A821F035FA3D2197
:10A7D000384619F020FCD4E7BA6A94F80AB012F4AB
:10A7E000007201990BF0030013D003288A79EBD192
:10A7F0000A44127B392AE7D8224B23FA02F2D30704
:10A80000E2D54A79384642F002024A7100F066FD0C
:10A81000B7E70328F5D048790BF0030B62F341004A
:10A820004871084694F8069094F905A021F070FA52
:10A83000019D0646AC793846063CE4B2AC71FEF7A1
:10A84000A7FF0C34C0F3032305EB040843EA0B1302
:10A8500088F803302B46F6B288F80200A8F80460A6
:10A8600005F804A088F801905A796FF341025A71F3
:10A870001B68002BF8D1284619F015FE81E700BFB0
:10A88000541F00207C2C0200002370B50D46D168B7
:10A890008AB009BA0291C178C66861F3070381786A
:10A8A00036BA61F30F23417806AC61F31743916820
:10A8B000069609BA0391816809BA0791516812682E
:10A8C00009BA12BA049105920178426861F31F63D4
:10A8D00012BACDE9082323468022012002A9009460
:10A8E00017F0B0FB0028F6D1DDE90810DDE90632EB
:10A8F00000BA09BA12BA1BBA28606960AA60EB6094
:10A900000AB070BDF8B504460026084F0CB90748D8
:10A91000F8BDA179E579B8196D1AEDB20C31214471
:10A920002A4620F046FF2E442468EFE7901F0020BF
:10A93000F8B504460026084F04B9F8BDA079E579BA
:10A94000B9192D1AEDB20C3020442A4620F031FFFF
:10A950002E442468F0E700BF901F0020104B1A78A7
:10A9600042F0F0021A701A7C42F0F0021A7493F866
:10A97000202042F0F00283F8202093F8302042F0AB
:10A98000F00283F8302093F8402042F0F00283F880
:10A99000402093F8502042F0F00283F85020704796
:10A9A000A02000200368054A23F07F6323F40023DE
:10A9B00002EAC14213430360704700BF0000F80F72
:10A9C000F8B54488054604F00704072C1C4E28D12E
:10A9D00016F0DBFE00221101735C06EB02171B0967
:10A9E0000F2B0AD00132062AF5D1164A13880133FB
:10A9F000138016F0D0FE1920F8BD2B6894B27B802E
:10AA00001123735416F0C7FE1BF0F5F806EB041380
:10AA1000D8602B68002023F4E02343EA04432B6032
:10AA2000EAE72301F15CC1F30312013202F00F02E5
:10AA3000052A28BF002262F30711F154E4E700BFA2
:10AA4000A02000206A2A002038B54488054604F07A
:10AA50000704072C0FD016F098FE074A2401135D57
:10AA600043F0F00313552B6843F4E0232B60BDE85B
:10AA7000384016F090BE38BDA02000202DE9F047E8
:10AA80004588074605F00705072D894637D01D4C38
:10AA90004FEA051814F808601BF0ADF804EB051A2E
:10AAA000DAF80C30360906EBC506C01A04EB460688
:10AAB000708014F8083003F00F02042A9EBF0132A0
:10AAC00062F3030304F80830B9F1030F14D114F84A
:10AAD000081004EB0514A01C01F00F011AF069FF27
:10AAE000044616F052FE3A68074B134023433B607E
:10AAF000BDE8F04716F04FBE4FF6FF74F1E7BDE832
:10AB0000F08700BFA02000200000FF7F064A08B5A4
:10AB10009268824207D0427922F0030242F0030297
:10AB2000427104F025FB08BD0021002010B5064C41
:10AB3000204621F081F8201D21F07EF804F1080064
:10AB4000BDE8104021F078B80021002010B50220A7
:10AB500021F005FA034C6060022021F000FAA060A9
:10AB600010BD00BF0021002008B5FFF7DFFF002265
:10AB7000024BDA60BDE80840FFF7E8BF0021002083
:10AB8000014B5868704700BF00210020014B9868B6
:10AB9000704700BF0021002038B50C4CE3681BB1A2
:10ABA000E36898470023E36023686BB1074821F00E
:10ABB00061F8054640B123681BB14FF0004004F036
:10ABC0006FFA28461AF033F838BD00BF0021002084
:10ABD00010B5084CE0604FF0004004F061FA00BF8F
:10ABE00000BF00BF00BFE3681BB1E36898470023C4
:10ABF000E36010BD0021002038B58379044603448A
:10AC00005B7B13F0300F437923F0030308BF43F05D
:10AC10000103437116F0B9FD05462146054821F0B0
:10AC2000D9F84FF0004004F03BFA2846BDE8384020
:10AC300016F0B1BD00210020F7B5144F7C68A37950
:10AC40000C331C4400F0F6F96679E6B116F0020503
:10AC500019D136EA000016D1E378B4F80920B4F827
:10AC60000710A07901962479009401F07BFA00285E
:10AC700008BF0C252A4642F24101B86803B0BDE87E
:10AC8000F04019F0A4BB1125F4E700BF002100201B
:10AC900010B50D4C626893790C331A441179D07851
:10ACA000003918BF01210038B2F8073018BF012061
:10ACB000B2F8052001F0BEFB42F242010246A06854
:10ACC000BDE8104019F083BB0021002010B5084CEE
:10ACD0006068837918440F3000F07AF80023A06888
:10ACE0001A46BDE810404FF6284119F02EBB00BFB0
:10ACF00000210020F8B5074601200D46164621F038
:10AD00002EF90446C0B106220C2119F031FB691E50
:10AD1000C9B2032988BF0022A37998BF074A03F16B
:10AD20000C0398BF525C234420469F80DE70DA718A
:10AD30009A71FFF7EBFE0120F8BD00BFC8D50300F4
:10AD4000F8B5FFF71DFF83791844B0F80F60B0B273
:10AD5000FEF70AFD0446C0B119F037F80138C0B259
:10AD6000032814D800270B4B1C5CFFF70FFF054688
:10AD700004233A4642F2300119F0E7FAAB790C337A
:10AD8000E818C68004724472F8BD0227EDE700247B
:10AD90002746EAE7C8D503000B4610B50649074C1D
:10ADA0000622002808BF2146184620F0F2FCB0FA1F
:10ADB00080F0400910BD00BF0A2B0020102B00209E
:10ADC000024B1A6802609B8883807047102B00201A
:10ADD00013B50D4C28B1036823608388A38002B0AB
:10ADE00010BDFAF71FFCCDE900019DF80230BDF857
:10ADF0000020A370BDF805302280A4F803309DF830
:10AE000007306371EBE700BF102B002010B504463C
:10AE100016F0BBFC2268064B1A60A2889A80054A8D
:10AE2000137843F00103137016F0B5FC012010BD38
:10AE30000A2B0020092B0020024B1878003818BF7D
:10AE400001207047092B0020024B1A6802609B8882
:10AE5000838070470A2B0020024B186908B104F068
:10AE60001FB97047680F0020002310B53C4A02F15B
:10AE7000100151E8001F02F1100C4CE80034002CC6
:10AE8000F5D140EA0104A10201D501F021FF220120
:10AE900001D503F04BFB002C01DAFFF77DFE6300C8
:10AEA00001D501F037FDA00001D5FFF75FFCE100FF
:10AEB00007D515F03FFB20B94FF08051294819F014
:10AEC00009FF620107D519F04BF820B94FF08061F6
:10AED000244819F0FFFEA30105D51AF0E0FEFFF7A4
:10AEE00017FC19F02AFAE00108D518F040FC0728F1
:10AEF00004D14FF080711B4819F0ECFE610201D5BE
:10AF000019F0EAF9220201D518F01CFCE30207D57A
:10AF100018F026FC20B94FF48011124819F0DAFE1F
:10AF2000A00507D500F0A8F920B94FF400710D482D
:10AF300019F0D0FEE10507D5FFF752FB20B94FF419
:10AF40008071084819F0C6FE620503D519F0FBF9B7
:10AF500019F0FAF9230501D519F0C4FE10BD00BFA0
:10AF6000680F0020780F00200146014819F0B2BE9A
:10AF7000680F0020014B1B6818407047680F0020C5
:10AF800010B5044BD3E9064204430A43C3E9064221
:10AF900010BD00BF680F002070B51E4D04462B6821
:10AFA000002B03DAFFF7E0FD002031E04CF20C004B
:10AFB0000021FFF7E5FF0023174E336024B16368DB
:10AFC0002B60A36803B133604FF00040FFF7CCFF64
:10AFD00033680BB9114B3360114B1248AB6000233F
:10AFE0002B7314F097FEFFF7B9FC2046F7F7ACF887
:10AFF00070B92CB1B4F90E10B4F90C0002F0EEFDEA
:10B000001AF058FE03F02CFD03F0B2FC0028C9D062
:10B0100070BD00BF680F0020102100201F0D002010
:10B0200059AE01006C0F0020014BD3E906017047B7
:10B03000680F0020054B9B69DA054CBF03200120F7
:10B040001B0548BF40F00400704700BF680F002098
:10B05000F8B517461C460D46064603F077F91C4B1B
:10B06000BA7A1C4953F8222053F820308C421A44F3
:10B0700024D9194B9C4214D9184B013C93FBF2F391
:10B08000002BB8BF03339A1004EBA304B4FBF2F314
:10B0900071682A68A1EB930102EB430271602A6098
:10B0A000F8BD0F4B0F49A3FB04435B0902FB03F3FD
:10B0B00003F6C313A1FB0313DB0AE9E702FB04F366
:10B0C000094A03F574338F33A2FB03231B0CDFE71C
:10B0D00020D603004C6210001366660640420F0043
:10B0E0001F85EB515917B7D183DE1B43034600F090
:10B0F0003F003F2830B51FD090B1194600220132E1
:10B100001B2A4FEA510105D100212E480A4601248D
:10B11000584007E001F03F003F280DD00028EED155
:10B1200030BD012104FA02F5054202F1010205D108
:10B13000202AF7D1022907D00020F1E7202A01F1C7
:10B140000101F7D00229ECD1DAB2C3F30721914211
:10B1500025D000211C46084604F00305013D012DC1
:10B1600001F1010198BF01301F294FEA54041ED19B
:10B170001828E1DC052000219B0E03F00304013CAC
:10B18000012C98BF013101384FEA5303F5D1012951
:10B19000C6DD8AB90228D4BF00200120C0E7C3F36E
:10B1A00007419142D5D1B2EB136FD2D1C4E7102938
:10B1B000D2D10B28D0DDBFE7D30748BF01305208FA
:10B1C000E7E700BFD6BE898E024B1A68026018609E
:10B1D000704700BF182100200022024B1A6000F0C7
:10B1E000FBB900BF182100202DE9F843064618F0EE
:10B1F00022FB0446002835D045784DB916F0C5FA33
:10B20000237863701B4B1B682570636016F0C3FACC
:10B210004FF00108677837B923781BB34FF40070FB
:10B2200003F03EFF1EE097FAA7F5B5FA85F508FA98
:10B2300005F55FFA85F9636833B90E4B27EA050512
:10B2400065701B686360E5E79B681BB963681B68F2
:10B250006360F0E7494630469847012805D16368A6
:10B260001B6863600120BDE8F8830228EED100204E
:10B27000F9E700BF1821002070B500250D4EFEF73C
:10B28000CDFCA84201D8012012E03068FEF76CFA2C
:10B2900050B93468FEF7C2FC0134B4FBF0F303FB91
:10B2A000104401353460EAE7FFF79EFF0028F0D133
:10B2B00070BD00BF1421002010B5044683790344FB
:10B2C0001B7B392B96BF044AFF21D15C20F08BFCFD
:10B2D000A0790C30204410BDCCD503002DE9F341FA
:10B2E00005460C46019118F096FA830605D501A88B
:10B2F00020F0A2FC02B0BDE8F081019FBE790C36BF
:10B30000BB5D392B18D8164A12F80380B8F1FF0F2D
:10B3100012D0384620F0FCFC013840450CD1114BCE
:10B320001E6896B921462846A37923441A7B02B0A9
:10B33000BDE8F04119F0D5BD019820F07DFC28460C
:10B34000BA5D019919F0CDFDD4E773680BB9366881
:10B35000E7E72146284698470028F8D0CAE700BF0B
:10B36000CCD503001821002037B504460D46202116
:10B3700018F053FA2946204618F0BCFA214601205D
:10B3800019F056FE2146002019F052FE012000233C
:10B390002146034A009019F0DCFD03B030BD00BF28
:10B3A000BB4D030073B50C461646054619F0B2FFB7
:10B3B00080F001002946C0B218F024FAC368012CBD
:10B3C0009A7907D032462146284602B0BDE870403F
:10B3D00019F0A6BF13441022DB8A294600920020F0
:10B3E000024A19F0B6FD204602B070BD2153030099
:10B3F00037B5044619F0CEFF0321204618F02BFA8A
:10B400000025034621460120034A009519F0A1FDBD
:10B41000284603B030BD00BF075203002DE9F347B3
:10B42000074602200E4620F09AFD0546002846D029
:10B43000B37900210C333344B3F80480B3F806A089
:10B44000B3F8089019F003FD2846FFF735FF0221F5
:10B450000446384618F0FFF9A4F804806081A4F887
:10B4600006A0A4F808901AF08AFB08F10108B0FBC6
:10B47000F8F303FB1800022360806370AB79B371AB
:10B48000EA7903F10C00F271D21AD2B229183044D1
:10B4900020F08FF93946012018F0B4F91022C66067
:10B4A0006389394601200092064A19F052FD384658
:10B4B000294619F0CAFC002002B0BDE8F087072039
:10B4C000FAE700BF215303002DE9F34104460D467E
:10B4D0000146012018F096F901210746284619F087
:10B4E000B6FC2846FFF7E8FE064600F10108404694
:10B4F00003F0E4FAD6F801300221C7F8123073796C
:10B500002046BB7518F0A7F929460746F08020466B
:10B5100019F09BFC20232146009301203B46034A5F
:10B5200019F017FD002002B0BDE8F081ED520300D4
:10B530007FB504460D460146012018F063F950E836
:10B54000003F43F4806340E80036002EF7D12046E8
:10B5500019F0E0FED8B3204618F065F9430715D579
:10B560003346324620460DF10F0118F015FC9DF8C8
:10B570000F30062B0AD8284614F090FB0122002336
:10B580002046FEF77DFD002004B070BD0E21284648
:10B5900019F05DFC2846FFF78FFE0646FFF744FDD5
:10B5A000C6F80510FFF740FD2946C6F80100204601
:10B5B00019F04BFC0321204618F04DF900220346F8
:10B5C000009221460120034A19F0C3FCDBE7082161
:10B5D000DDE700BF0B52030010B5054C054A2046BD
:10B5E000054919F001FE2046BDE81040FFF7ECBD0B
:10B5F0001C210020D353030065B70100F7B58B79F8
:10B6000004460C33CE18CB5C0D46023B0F2B00F2E8
:10B61000A080DFE803F0089E9E9E9E739E829E9E01
:10B620002C689E9E9E4F16F0B0F871780746204613
:10B6300018F060F92021204618F0EFF8214601208B
:10B6400019F0F6FC2146002019F0F2FC01230093CA
:10B65000002321461846404A19F07BFC284614F086
:10B660001DFB384616F097F8012003B0F0BDB388F3
:10B670007288717818F076FB204618F0D4F88307AA
:10B6800008D42946204619F085FE0121204619F0EC
:10B69000C6FBE9E72146012018F0B4F82F4B826879
:10B6A0009A4203D12146012019F092FC284614F059
:10B6B000F5FAEAE777780846B67814F0EFFA162F2D
:10B6C00005D13246032120461AF074F8CCE7214612
:10B6D000012018F097F88368002BC5D0324603216B
:10B6E00020469847C0E70146012018F08BF807462E
:10B6F0002846767814F0D2FABB68EDE701460120BF
:10B7000018F080F807462846767814F0C7FABB6828
:10B71000002BA9D032460421E2E70146012018F0AF
:10B7200071F80F4B82689A4203D0284614F0B6FA9B
:10B730009AE7D6F80120D6F805302046FEF7A0FC9F
:10B74000284614F0ABFA2146012019F041FC0221F1
:10B750009CE7002089E700BF8953030007520300DC
:10B760000B5203002DE9F3410C46054619F0D2FDBA
:10B77000A37900286BD00C3314F80380E618B8F1D5
:10B78000010F41D0B8F1080F39D0B8F1000F51D1F5
:10B790007189284619F0CBFBB188738872788B4287
:10B7A00094BF0746002709290B4638BF0923013BF0
:10B7B0009BB29A420FD8002A08BF00270846F38898
:10B7C000328919F0D3FA40B9204614F067FA012003
:10B7D00002B0BDE8F0814746F0E7002FF4D02946DB
:10B7E000002018F00FF81022C46073890092013B0A
:10B7F0001B4A9BB22946002019F0ABFBE7E7214624
:10B80000284619F025FDE2E72846F18819F08FFB5C
:10B810000746701C1AF05CFA0028D5D0002FD3D050
:10B820002946002017F0EEFF2023C4600093F38820
:10B830000C4ADFE7214628461AF0A9F80028C6D1AD
:10B840002146284602B0BDE8F041FFF7D7BE2344A9
:10B850001B7B0E2BD3D0214628461AF087F8EDE744
:10B86000A5B30100A552030038B504460D4617F0F4
:10B87000DAFF42070BD4204617F0D5FF830706D422
:10B8800029462046BDE83840034A19F042BC284604
:10B8900014F004FA002038BDF1B3010038B50546B4
:10B8A0000C4617F0B8FF00F01800102806D121460A
:10B8B0002846BDE83840044A19F02BBC204614F055
:10B8C000EDF90C2038BD00BF1DB40100014A19F08C
:10B8D00020BC00BFC9B4010070B505460C46014646
:10B8E000012017F08FFF0646284617F09CFF02073D
:10B8F00004D5204614F0D2F9002070BD33685B05F2
:10B90000F7D4284619F006FD40B121462846FFF736
:10B91000ABFF18B920F023FB044630B1214628467E
:10B92000BDE87040024A19F0F4BB0720E5E700BF0C
:10B9300031B5010073B504460E4617F06CFF00F0F8
:10B94000300010284FF0020031D120F008FB0546EE
:10B9500078B34379022143F00203437119F077FA77
:10B960002846FFF7A9FC29464670204619F06DFAD3
:10B970001621204617F0BEFF2021204617F04DFF6C
:10B980002146012019F054FB2146002019F050FBFC
:10B99000204619F0F3FB0121204617F05CFF034617
:10B9A000012021460090044A19F0D3FA002002B089
:10B9B00070BD0720FBE700BF355203002DE9F043BF
:10B9C00087B004460E4617F02EFF00F4C060B0F5B5
:10B9D000C06F06D1022020F0C2FA054610B9072038
:10B9E00054E000252146012017F00CFF814696F80F
:10B9F000068000F1120208F10C08B04408F10F03B0
:10BA000008F11F0153F8040B8B4242F8040BF9D1E3
:10BA10000321304619F01BFA3046FFF74DFC0A228D
:10BA2000074608F1050101301FF0D0FE0C210DEB97
:10BA3000010002F0B1FF03AB03CBC7F80B00C7F85E
:10BA40000F10059B07F10B02C7F813300DB30A2145
:10BA5000284619F0FCF92846FFF72EFC2946204617
:10BA600019F0F3F94FF480712046C9F80C6017F013
:10BA7000D4FE0321204617F0EEFE002503462146A2
:10BA800001200C4A009519F064FA284607B0BDE879
:10BA9000F083204607F11303012118F012FB204622
:10BAA000314619F0D2F92046C9F80C5018F025FBA0
:10BAB000DFE700BF15540300F0B589B00D4604461A
:10BAC00019F0A2FCAB79002800F0A3800C33EA182F
:10BAD000EB5C033B082B00F23881DFE813F0090030
:10BAE0003601360184003601360136015D007E00E4
:10BAF000D2F80100D2F8051003ABB2F8097003C305
:10BB000002F1130301210B32204618F0DAFA042166
:10BB1000284619F09CF92846FFF7CEFB06460C2173
:10BB200005A802F039FF05AB03CB3346C6F8010088
:10BB3000C6F80510079A002143F8092F2046721C09
:10BB400018F0BFFA2146002017F05CFE034603AA56
:10BB5000478303CAC3F81200C3F816102046082111
:10BB6000FDF72CFE4FF40071204617F056FE2046DC
:10BB700018F0C3FA2946204619F067F90321204638
:10BB800017F069FE034600202146714A009019F023
:10BB9000E0F9012009B0F0BD0B21284619F057F952
:10BBA0002846FFF789FB2946204619F04EF915F083
:10BBB000ECFD05464FF44071204617F02EFE4FF481
:10BBC0008051204617F031FE284615F0E4FD4FF471
:10BBD0008061204617F02CFEDBE7284614F05EF863
:10BBE0004FF40071F5E70621284619F030F9284690
:10BBF000FFF762FB204618F0E0F82946204619F0CE
:10BC000024F9204618F09FFA2146002019F0E0F9A7
:10BC1000BFE72B441B7B043B072BBBD801A252F888
:10BC200023F000BF45BC01006BBC0100CDBC01008E
:10BC300095BB010095BB010095BB010095BB0100C0
:10BC4000E3BC010020464FF4007117F0E6FDAA792D
:10BC500020460C322A4402F109030021013218F077
:10BC600030FA284614F01AF893E74FF48060FFF793
:10BC700081F9B0B100274FF40061204617F0CDFDE7
:10BC80002046CDE90577FDF783FD0646204617F0EF
:10BC9000C0FD39460346009505AAB0B218F056FF1C
:10BCA00077E72146012017F0ADFD00F11201204693
:10BCB00018F05EFA0621284619F0C9F82846FFF761
:10BCC000FBFA2946204619F0C0F862E7284613F02F
:10BCD000E5FF2146012019F0ABF9204618F033FAB0
:10BCE00057E715F052FD06464FF40071204617F055
:10BCF00094FD4FF48051204617F097FD304615F023
:10BD00004AFD4FF4C061204617F092FD29462046B7
:10BD100019F09BF82146012017F074FDC268054612
:10BD200082B1937901210C331A4402F113032046A6
:10BD30000B3218F0C6F9204618F0DFF92046E96802
:10BD400019F083F80023EB6023E7002022E700BF0F
:10BD50001554030010B5074C07492046002219F07E
:10BD600043FA2046FFF730FABDE8104001200021D9
:10BD7000FFF706B928210020B9BA010038B50546F9
:10BD80000C4617F048FD00F01800102806D1214697
:10BD90002846BDE83840044A19F0BBB9204613F0E4
:10BDA0007DFF0C2038BD00BFBDB9010038B50C4681
:10BDB0008B7905460C331944E35C142B03D0152B07
:10BDC0000FD0002038BD013119F0F6FB15212846AF
:10BDD000224619F039FC2146284619F036F8012090
:10BDE000F0E70146012017F00DFD0B4B82689A42E7
:10BDF00003D0204613F052FFF1E7A17928462144F1
:10BE00000D3119F0D9FB204613F048FF29460120D7
:10BE100019F0DEF8E3E700BF9D56030037B504468E
:10BE20000D460A46142119F00FFC2946204619F048
:10BE30000CF80321204617F00EFD30220346009235
:10BE400021460120024A19F084F8002003B030BDD9
:10BE50009D56030010B5074C07492046074A19F0C4
:10BE6000C3F92046FFF7B0F9BDE8104020200021BB
:10BE7000FFF786B834210020ADBD0100A1560300B4
:10BE800073B51E46ADF800208DF80230009B0446C5
:10BE900001A801930D46114619F078FB9DF8063074
:10BEA000B34203D1BDF804308B4205D0284613F0CD
:10BEB000F5FE122002B070BD204617F01CFE9DF862
:10BEC0000230827A9A4209D18288BDF800309A42C3
:10BED00004D1284613F0E2FE0020EBE76946204635
:10BEE00018F0C5F829462046014A19F012F9E1E791
:10BEF0001DBE01002DE9F04116461A4307460C46C7
:10BF00001D46BDF8188005D12046BDE8F041114618
:10BF100019F019BC4146204618F0F5FF78B12146CA
:10BF2000384617F06FFC40238674C574214606938B
:10BF300038464346BDE8F041024A19F00AB8BDE868
:10BF4000F08100BFFF570300F7B505460E460146D6
:10BF5000012017F057FC036813F0F00F03D02946B7
:10BF6000012019F065F8284617F02CFFB3790C333F
:10BF700033445F789B781F400378C3F3030000EAE3
:10BF80001310384019F0B9FB044668B9284619F077
:10BF9000BDFB384019F0B1FB044628B9284617F01C
:10BFA00014FF01F011FE04462846002117F0A5FDFC
:10BFB0001721304618F04BFF3046FFF77DF9314628
:10BFC00044708470284618F040FF0321284617F07B
:10BFD00042FC40220346009229460020024A18F003
:10BFE000B8FF03B0F0BD00BFB557030008B581B27C
:10BFF000074818F06BF9012000F0F4FD30B9054A4C
:10C00000536919075CBF43F00403536108BD00BFC7
:10C01000482100204021002001238340DB430649C2
:10C0200001F1240252E8002F1A4001F1240C4CE8DF
:10C0300000200028F4D17047402100200123074A46
:10C0400003FA00F002F1240353E8003F034302F136
:10C05000240C4CE800310029F4D170474021002025
:10C06000044A4FF08040536A43F40023536203F0C4
:10C0700017B800BF4021002038B50E4D044601F02E
:10C08000EFF9E86B18B113F009FE0023EB6318F029
:10C0900050F90948FEF7D8FCAB6B0BB1FFF7E0FF96
:10C0A0002146044800F0F8FDBDE8384003481FF081
:10C0B000C3BD00BF40210020482100206021002096
:10C0C000034B586A10F0050001D1FFF7D5BF704748
:10C0D0004021002038B54FF010131D4C0122E362BF
:10C0E0004FF4E063238647F6FF730025A4F8603021
:10C0F00094F86730656262F3030384F86730154A89
:10C10000154BC4E91632FEF795FF4FF48073A4F87F
:10C110004830124B84F85600E361114B65611A6890
:10C1200029461378527804F1080013445B106376B3
:10C13000A4F8BC50A4F8B45018F0C8F8294604F18B
:10C14000940018F0C3F8BDE8384019F0D3BD00BF23
:10C150004021002055555500D6BE898E855A0300D2
:10C16000102100202DE9F0411F4C9846636A0F46CC
:10C17000D90715469DF81C6033D460B30120FFF742
:10C180005DFF626A9DF8183022F4C07242EAC31261
:10C19000052E626284F8546007D101F055FE68B93B
:10C1A0006D00ADB2BD4228BF3D4694F854309A07A9
:10C1B00015D413F0040F14BF03260126012094F8B0
:10C1C0006730A78566F3030384F86730E58584F854
:10C1D0003080BDE8F0810120FFF71EFFD1E7022685
:10C1E000ECE70020F5E700BF40210020024B586A31
:10C1F000C0F38000704700BF4021002010B51D4CE7
:10C20000FFF7F4FF636A13F0010313D1A8B994F8A0
:10C21000663094F83110253BDBB20133DBB2032BDF
:10C2200028BF002341FA03F2D207F6D5253384F85C
:10C23000663018E094F8543010B194F85520134348
:10C2400003F00503052BE2D101F0FEFD0028DED14D
:10C2500094F8673003F00F02012A05D1032262F33C
:10C26000030384F8673010BD012262F3030384F8EE
:10C270006730CCE740210020024B586A00F00100F3
:10C28000704700BF40210020F8B52C4C18B16369FD
:10C2900043F01003636119F0AEFC40F27121E28DAE
:10C2A000E66C151F4D43AE42236DA78D18D2A3F542
:10C2B000967301FB0733E768181A23893B448342CE
:10C2C0000EDA51436369891B43F0100363618142B5
:10C2D000D4BF216120611948BDE8F84000F08CBC52
:10C2E00040F271277A43A2F5AF722261FFF786FF11
:10C2F000236DA28DAE4207FB0233636023654FF0CE
:10C300000003E3640E4B0CD31A68616A137B490780
:10C31000617E4CBF927912780B4493420CDC6376B9
:10C32000D9E7626A1B685207197B4CBFDA795A78E1
:10C33000637E5B1A9342F2DA6276CCE740210020FA
:10C340001021002038B51A4C0546636923F010030C
:10C35000636101F085F8B4F8BC302BB9A36813F41D
:10C36000601F08BFA4F8BC300121114800F094FC04
:10C37000104BE361636A5A0405D485F00100BDE8FF
:10C380003840FFF781BFA26A6168521A002AF4DAC6
:10C3900023F0010343F400436362FFF791FE4FF083
:10C3A000804002F07DFEFFF721FF0028E5D138BD77
:10C3B00040210020855A030008B5FFF717FFB0B1F0
:10C3C0000B4B586A20F0040210F001005A6203D1AE
:10C3D000BDE80840FFF750BE01F042F817F0A9FF92
:10C3E000FFF73EFEBDE808400020FFF7ABBF08BDE9
:10C3F0004021002038B505460D4C80B10320FFF7E1
:10C400000BFE002384F845300123A4F846300420B5
:10C41000FFF702FEBDE838401020FFF7FDBD052004
:10C42000FFF7FAFD012384F8B650A4F8B830EEE720
:10C430004021002070B53B4C1646636A03F00102B0
:10C4400070B95AB115F0A1F9636A054623F00103EA
:10C450006362FFF735FE284615F09DF9002070BD98
:10C46000002AFBD19B0704D5E36BBBB10120FFF78A
:10C47000C1FF94F8303003F0FD03012B16D015F006
:10C4800084F90546C6B10E20FFF7D8FD19F0B3FBBD
:10C4900042F2107303FB0600A06210E002201FF0BE
:10C4A0005EFDE0630028E1D10720D8E7FEF7C4FC79
:10C4B0000028E4D11220D2E70E20FFF7ADFD0020C6
:10C4C000FFF7BCFD636A13F00403C4D140F271228C
:10C4D000E364E38DE260023B5343236119F04FFBB9
:10C4E0000323B0FBF3F303EB4303C31A253384F8B0
:10C4F0006630FFF783FE19F07EFB60602065B4F8BC
:10C50000BC00002808BFF520FFF770FD064B05486A
:10C510001A681378527813445B10637600F06CFB52
:10C5200099E700BF4021002010210020274B70B563
:10C530005A6A0D4609B3160747D503F1450603F1BC
:10C54000460428B3D1061FD52388012B1CD95B08CC
:10C5500004202380FFF760FD1020FFF75DFD19F038
:10C560000EFB2388B0FBF3F202FB1300307055B3CF
:10C570000320BDE87040FFF74FBD940625D503F1B9
:10C58000B60603F1B804DCE70420FFF757FDE3E744
:10C59000D20314D5B3F84610B3F8482091420ED216
:10C5A00022881020520092B22280B3F84830934281
:10C5B00028BF13462380FFF72FFD0420CDE710206E
:10C5C000FFF73CFDF9E70520D3E770BD40210020CF
:10C5D0002DE9F04F002783468946304C8BB0A56B80
:10C5E000636BAE79C4E90D770C36079305EB06084B
:10C5F000D8F824A001F066FFAA5D08F10806C2F38E
:10C60000C01231460DF127008DF8272017F084FE67
:10C61000CDE904B9636A5246C3F380230393FF2331
:10C6200002939DF827303946CDE90063079808F159
:10C630000E03FDF7F3FB284613F030FB636A23F08B
:10C640002402D907626205D40120FFF715FD0BB063
:10C65000BDE8F08F124B94F854501A68052D1378EA
:10C66000527813444FEA6303637602D101F0ECFB86
:10C6700040B994F854309A070ED413F0040F14BF45
:10C680000325012594F86730012065F3030384F83E
:10C690006730FFF757FEDAE70225F3E74021002075
:10C6A0001021002070B58AB005466B46484AAC7927
:10C6B00010685168127A03C30C3408201A702C4495
:10C6C000FEF758FC20B101222846A11D1FF097FA61
:10C6D0000021A379CDF821108DF80F30A37AADF8A1
:10C6E000251003F00F0303F128026A4412F8282CE6
:10C6F0008DF82010ADF81020062B08D8DFE803F0E5
:10C70000044F07075F074B000D20FFF797FCA37A44
:10C710000DF11301C3F380138DF81230E3680DF1AE
:10C720001200CDF81330238A09AEADF8173000237C
:10C730001A4617F0DCFDE3791C218DF819304FF40F
:10C740007F43ADF81A307F238DF81C30637928467B
:10C750008DF81D300023ADF81E30AB7903AC1233D9
:10C76000AB711FF0A9FAAB792B440C33224603CAF4
:10C77000B24218605960144603F10803F6D11068FC
:10C780002946186013481FF025FB4FF0804002F047
:10C7900087FC0AB070BD0D20FFF73EFCB7E7D4F868
:10C7A0001230CDF82130E38AADF82530EB79063B25
:10C7B000EB71A37AC3F3C0138DF82030A7E7064BC3
:10C7C0005B6A9B0444BF42F00102ADF810209EE773
:10C7D00006D60300602100204021002070B5837937
:10C7E0000C33C4182379DA0702D44FF0FF3070BD40
:10C7F000A37AE27A03F00F05082DF6D8062D01D9A9
:10C800002846F4E7911F1F29EFD8012D1FD10C2ACC
:10C81000EBD1244E736A13F0060F01D1DB05EFD480
:10C8200017F072FD20B917F066FD0028E8D1DCE7AB
:10C83000A37A96F83020C3F3C010B2EBD31FD4D143
:10C8400004F1120100F00100FEF7A6FAEDE7042D55
:10C85000D6D11449144A486A0240002AC5D0C96B8F
:10C860000029CDD08A79C3F380130C3288188A5CF2
:10C87000B3EBD21F08D017F047FD0028C0D117F046
:10C8800031FD0028BCDBB0E704F10C0106220830C2
:10C890001EF07FFF044617F037FD0028B0D1002CB2
:10C8A000AED0ECE74021002008000400F0B5184CA1
:10C8B00087B0606B00B3A76BBE79FCF769FF0223FA
:10C8C000FF210C36BA5DCDE90431BD1995F823304E
:10C8D00000215B090393AB8BD20902936B8B80B26F
:10C8E00001932B8B009305F1080318F045F8606B5A
:10C8F000FDF7F6F900236363A06B13F0CFF9002373
:10C90000A363636A23F00403636207B0F0BD00BF52
:10C910004021002013B5154C14F037FF236A019312
:10C920000023236214F037FF019BA3B9636A1A0442
:10C9300006D517F07BFDA0B1636A23F40043636260
:10C94000636A1B0305D5FFF7B1FF636A23F4002375
:10C95000636202B010BD01A81FF08CF917F0D1FD81
:10C96000E2E74FF0804002F09BFBE9E74021002026
:10C9700037B5054608461146254A526A02F4107238
:10C98000B2F5107F04D1022B40D0032B08BF012346
:10C990000193162300F0010200932846052319F0A5
:10C9A000AFF8AC7918F0D3F90C342C440321C4F857
:10C9B0000E0004F1120001F0EFFFBDF8203004F189
:10C9C0001E002383BDF82430E38202236375BDF883
:10C9D00018306383BDF81C30A38302F06FF80C227B
:10C9E000A37CB3FBF2F102FB113394F8232005334F
:10C9F00063F3040284F8232001F0A8FC94F82330A8
:10CA000060F3471384F8233003B030BD0023BFE741
:10CA1000402100202DE9F041054686B000200F4658
:10CA20001FF09DFA0646002800F09E804F4C06201D
:10CA3000676395F8018018F0010800F09080FFF717
:10CA4000FDFA6A7A636A023A012A99BF43F40073D5
:10CA500088F0010023F40073002094BF63626362D6
:10CA600017F05BFC0DF116030093414B3846D3F8E9
:10CA70000080AA89698905ABC047BDF81630EA1C59
:10CA80000393BDF81430304602932B8A0193EB894F
:10CA900000936B7AA978FFF76BFF0020A663FFF77E
:10CAA000A9FC14F072FE636A074643F00403636254
:10CAB000304B1A689379D27913445B106376AE7C5D
:10CAC000052E84F8556002D101F0BEF940B994F802
:10CAD00055309A0746D413F0040F14BF03260126DD
:10CAE00094F8673066F3030384F8673095F90230F1
:10CAF000002BBCBF042384F85530636ADB0727D4BE
:10CB0000B4F8BC00002808BFF520FFF76FFA40F228
:10CB10007122E38DE2605343A3F5AF73236119F0F3
:10CB20002EF80323B0FBF3F303EB4303C01A00F129
:10CB3000250384F8663047F6FF73A4F86030FFF7EA
:10CB40005DFB19F058F860602065084800F054F863
:10CB5000384614F020FE002006B0BDE8F081FFF753
:10CB60005BFA6EE70226BBE70720F5E740210020CD
:10CB70008C1F00201021002010B5074C2368DA0616
:10CB800007D523F01003236018B90120A16816F01F
:10CB9000CDFD0023A36010BD00220020014610B58A
:10CBA0000446022016F0C2FD054B1B68D90305D4CC
:10CBB00063691A075CBF43F00403636110BD00BFE3
:10CBC00000220020014BD868DC387047002200208A
:10CBD000034B10B5DC6819F00EF8DC3C201A10BDD0
:10CBE00000220020034B1B6813EA004314BF0120FE
:10CBF0000020704700220020F8B50023036043693D
:10CC0000044658070DD5204650F8081FC90C01F4FA
:10CC1000FC7141F00501FDF7C5FE636923F00403D3
:10CC2000636163692589D90603D518F0E4FF2844B8
:10CC30006060184E6068314651F8043F2D1A8BB978
:10CC400023600C60B3684BB1617E5A7E914219D269
:10CC50006269D2060FD50020FFF78EFFBDE8F840CD
:10CC600018F05DB85A681F892A44D21B002AE7DAF7
:10CC700019461B68E3E75A681B6913441B1A002B0B
:10CC8000ECDBE8E71A895B68D31AE2680344D34215
:10CC9000E4D5E0E70022002038B504460A4D0846F6
:10CCA000AB68A34201D1FFF767FF6B68074A1BB16E
:10CCB000A342196804D11160BDE8384018F02FB8BC
:10CCC0001A460B46F3E700BF002200200422002092
:10CCD0002DE9F047754D2B685B0700F1AF80AB681D
:10CCE000002B40F0AB8055E8003F43F0040345E8DB
:10CCF0000032002AF7D16C689CB118F07CFFD4E9AF
:10CD0000043717F0100F0646A26819D010FA82F205
:10CD100062602068D4F8048038BBDC334344C5E942
:10CD2000024355E8003F23F0040345E80037002F95
:10CD3000F7D1AC68002C74D1BDE8F04701F01ABA05
:10CD4000606892B2811AFF07A1EB060109D400299D
:10CD5000DFDAE768DF1BCF4205D432441844831A78
:10CD6000D6E70029D5DA20464FE041690289CF068F
:10CD7000D0F804E048BF06EB020EAEEB020211F061
:10CD8000010C11BF1146D0E90371C91B891808EBCA
:10CD900003077F1A002F28DDBB4205D9E768A1EB06
:10CDA0000801DC378F423AD9D4F814A01AF0010FE9
:10CDB0001DD12169D0F80C9027894144A1EB0901CC
:10CDC000C91BE768A1EB0E01DC37B9420FDD971BE9
:10CDD000BCF1000F03D10169A1EB09010F44002F41
:10CDE00005DB4B46C0F804E00446006892E7477E46
:10CDF000617E8F42F9D2921BBCF1000F03D1D0E9C2
:10CE000003135B1A1A44002A02DAFFF7C7FE72E71F
:10CE10001AF0100FA7D0C368C0F804E0E4E70B468F
:10CE2000E3E7A36813F4601FC3F3C24008D12146AF
:10CE30002B6843F010032B6016F078FCBDE8F087F8
:10CE400004F108063046FDF7BBFD2B68214643F090
:10CE500010032B60F8B916F069FCA36813F4601F87
:10CE60004FEAD341C3F3C24517D0013DEDB201F4FF
:10CE7000FC7130462943FDF795FD03213046FDF74F
:10CE8000FDFD75B1A268237E1344120C9BB21204FF
:10CE90001343A360D2E73846CEE703213046FDF7BF
:10CEA000EDFD3046FDF7D0FDECE700BF002200208D
:10CEB00008B5034B996809B116F038FC08BD00BFEE
:10CEC00000220020014B9868704700BF002200201C
:10CED0000A4B70B59C6884420FD12146012016F0A0
:10CEE00025FC6668258918F086FEAD1BC5422146E3
:10CEF0004CBF0020022016F019FC70BD002200205B
:10CF000038B50D460446002001F04AFB01F0DAFA7C
:10CF100029462046FCF770FC0022014B1A6038BD00
:10CF2000102200200123074A03FA00F002F1140343
:10CF300053E8003F034302F1140C4CE80031002990
:10CF4000F4D17047541F0020F8B5244F05467B6983
:10CF50000C4613F4C07F03D099063BD401200CE0AB
:10CF600039B15A0705D4D5F8A43013B90820FFF712
:10CF7000D9FF7B699B0601D50020F8BD7B7FAE6A97
:10CF8000022B06F0080604D916B114B90220F4E702
:10CF9000E4B995F8921095F83701063100F00F00CA
:10CFA00000F0EEFD85B20EB904B16D00FFF710FE82
:10CFB000A8420DDB7B6913F01C0FDDD11EB1002CE4
:10CFC000DAD10520D9E7002CFBD1D5E70320D4E73F
:10CFD0000420D2E7002CCFD0C3E700BF541F0020AD
:10CFE00038B50446114D4FF480616B69283043F425
:10CFF00000736B6118F0AEFD0121204616F018FC9D
:10D0000000212046FFF7A0FF014620B12046BDE8E1
:10D010003840FFF775BF6869617E80F48070C0F3A7
:10D020000020BDE8384001F013B900BF541F0020B4
:10D0300038B504460B4B186000F5947001F0E4F825
:10D040002046FCF7A5FBC4B2204616F07DFB054642
:10D05000204616F07BFB29460246022016F068FBAC
:10D0600038BD00BF1022002008B5002001F098FA5A
:10D0700001F028FA0022014B1A6008BD102200209E
:10D0800010B50446FFF7D4FF064801F089FA61683D
:10D09000226C637E1120BDE8104001EB920201F08A
:10D0A000C3B900BF71D301003F4B37B51C680023E3
:10D0B000A26A01935005D4F8A03012D504F1A4005F
:10D0C00001931EF0D7FDC4F8A00050B194F846318A
:10D0D0004FF48061013B84F8463104F1280018F0D8
:10D0E00039FDD4F8A0500DB9304B9D6894F9463104
:10D0F000022B0DDCD4F8A83013B1A36AD90502D5F0
:10D10000D4F8AC3023B14FF480512046FCF756FBE5
:10D11000D4F8A410A36A002914BF01210021AA7920
:10D120004FEA830302F10C0203F00C0343EA0113FC
:10D13000A95C21F01C0143EA0103AB540DD11B4A49
:10D1400002F1140353E8003F23F0080302F1140036
:10D1500040E800310029F3D102E00320FFF7E2FEAE
:10D16000284601F08DF8019B53B15B7903F00A0367
:10D17000082B02D12046FCF705FE01A81EF05CFD3D
:10D180006B799A070ED5A36A1B040BD50820FFF70D
:10D19000C9FE4FF4004104F1280003B0BDE830405F
:10D1A00018F0D8BC03B030BD10220020541F00205E
:10D1B00000232DE9F04385B00446032103A803931F
:10D1C00000F064FE039D35B9F4212046FFF798FE78
:10D1D00005B0BDE8F083AB79644F0C331D442A7968
:10D1E0007B69D6074ED4DD064CBF07200420FFF72D
:10D1F00099FE002601212046FFF7A6FE054650B9FC
:10D200007869617E80F48070C0F30020400001F0F6
:10D2100087F8FFF749FF039800F0EEFEDDF80C8079
:10D220007A6998F80630510603F10C0308EB0309FC
:10D2300015D458F8033006203B61FFF773FEA36A4C
:10D240001A060CD404F1280252E8003F43F0800390
:10D2500042E800310029F7D10120FFF763FE49467B
:10D26000204616F0EBFA99F80430DB077BD5002E48
:10D2700052D11DB129462046FFF742FE03A800F017
:10D28000DFFCA5E7012023F010037B61FFF74AFED6
:10D29000AE7AF0062FD50220FFF744FEA36AAA7AE1
:10D2A00083F00203C2F38002C3F340039A422FD1FA
:10D2B0004FF4006104F1280018F04CFC50E8002FF6
:10D2C00042F4806240E80023002BF7D1A26A82F08A
:10D2D0000202A2627B77AA7AA36AC2F3C00203F0B9
:10D2E00001018A4285D183F0010316F0030618BFBD
:10D2F0000126A3627EE707F1140353E8003F23F001
:10D30000040307F1140141E80032002AF3D1C5E714
:10D310007B7F0133DBB2DDE72046FCF739FAC0B290
:10D3200016F012FA06462046FCF732FACDF80480D1
:10D33000A38F82B2009331460023022016F000FA38
:10D340004FF0FF3103A800F0A1FD03998B790B4446
:10D35000DB7D002B8DD02046FCF732FD002D3FF405
:10D3600037AF294631E7002E83D0E9E7541F00206C
:10D3700008B50346114A042B10680BD002D8032BC2
:10D3800018D008BD053B012BFBD8BDE80840F121B2
:10D39000FFF7B6BDFFF70CFF094A02F1140353E88B
:10D3A000003F23F0200302F1140040E8003100297F
:10D3B000F3D1E6E7BDE80840FFF712BE10220020D7
:10D3C000541F0020164B033810B51C68032818D8CA
:10D3D000DFE800F00702181E2046BDE81040FFF706
:10D3E000E7BE2046FFF7FCFD0E4A02F1140353E8A6
:10D3F000003F23F0200302F1140040E8003100292F
:10D40000F3D110BDF1212046BDE81040FFF778BDF3
:10D410004FF4806104F1280018F09CFBF221F2E740
:10D4200010220020541F002010B50446FFF700FE14
:10D43000054801F0B5F8FFF737FE627E616802200B
:10D44000BDE8104018F0DDBBC5D30100034B5B6A9B
:10D4500013F0060F0CBFE220F1207047402100209E
:10D4600008B5FFF72FFD054B834206D101F02AF8DE
:10D47000BDE80840002001F093B808BD402100201D
:10D4800070B5214C214801F08BF894F8673094F87E
:10D490006620002103F00F03C82018F002FC00F002
:10D4A000B5FBB4F96020824205D0A4F8600001F019
:10D4B0007DF8A4F86200164800F0A6FE002211468E
:10D4C000104616F035F9666818F095FB0246FFF72E
:10D4D000BDFFB61AB6F5FA6F054609DCFFF772FB19
:10D4E000627EA0F5AF712846BDE8704000F05EBFD7
:10D4F0006668FFF767FB3146637EA0F5AF7228468A
:10D50000BDE8704000F090BF40210020A9D9010083
:10D510009821002038B500F0D5FFFFF759FBB0F592
:10D52000967F0D4C0CDDFFF791FF0546FFF74AFB98
:10D53000627EA0F5AF712846BDE8384000F036BFE6
:10D5400018F059FBE36C62689B1A0344E364002003
:10D55000BDE8384018F0A3BA40210020F7B5104CC0
:10D56000064694F845500F462DB10020013D84F841
:10D57000455003B0F0BD0B4B02201B68597800F0FA
:10D58000CFFE94F830303A46CDE9005331460323BC
:10D59000E06B18F0B5FAE06B00F072FE0120E8E7EE
:10D5A0004021002010210020094A02F1240353E801
:10D5B000003F43F0080302F1240040E80031002955
:10D5C000F3D1044B01201B68597800F041BE00BF25
:10D5D00040210020102100200289438940F271205F
:10D5E0005B004343D0B25B1A4343120AB3FBF2F32E
:10D5F000024A126811445818704700BF3C240020AA
:10D6000030B58C1AE41A002C08DA124C551A6468EA
:10D610001D44B5FBF4F505FB04442144134440F2DA
:10D62000E242CB1AB3FBF2F39BB242892BB940F230
:10D630007124530004FB031113460132B3FBF2F4CF
:10D6400002FB1432028140F2E2409B1A00FB1310ED
:10D6500030BD00BF3C2400202DE97043064618462B
:10D660009DF8183089461446E3B9C31E012B8CBFC0
:10D6700002250325222100F083FA40F27128154B80
:10D680006D005B6808FB05F581446BB121463046AF
:10D69000FFF7A2FF4A460146ABB23046BDE87043F1
:10D6A000FFF7AEBF0125E5E7738934890133B4FB89
:10D6B000F3F203FB1244F37934815B00640008FB4E
:10D6C00003F308FB04F404EB530404EB09002844BF
:10D6D000BDE870833C2400202DE9F041134E8046C4
:10D6E000736A5B071BD58B790C33CF18C8B9FD79EA
:10D6F000CC582846398900F043FA0444B8F1000FA9
:10D7000011D1033D012D94BF0323022340F2712266
:10D710005B0002FB034434647B7986F84430BDE847
:10D72000F0810125E4E70123F0E700BF402100205C
:10D730002DE9F04F16468DB0021E069108BF00215C
:10D740001F46954B05929D6B5B6AAC7938460C344D
:10D750002A5DC3F3801A61F345122A55314603F05E
:10D760004002039216F0D2FD05EB04080790285DF5
:10D7700008F1080B5946C00916F0C8FD039B814605
:10D78000002B44D1002844D116F0BEFD80F00103E7
:10D79000DBB252463146384603F0010318F03BFA3B
:10D7A0000490002800F08A80039B002B33D1B9F14C
:10D7B000000F75D1079B002B72D016F096FD002844
:10D7C0006ED001220AA90DF1270016F0A1FD002854
:10D7D00074D09DF827302A5D591E4B424B41B3EB64
:10D7E000D21F6BD1062258460AA91DF0D2FF00288D
:10D7F00064D13368C8F80830B388ABF804302B5DC7
:10D8000067F3C7132B554FF00009CA4619E00123EF
:10D81000BFE7039BBDE7604B5B6A13F400791CD143
:10D8200015F804A0CAF3801A484616F076FD33684E
:10D83000C8F80830B388ABF804302B5D67F3C71322
:10D840002B55059B544E002B3ED196F8B630002B3D
:10D850003AD0013B86F8B63030E016F043FD0028A0
:10D8600006DA15F804A04FF00009CAF3801ADBE7C6
:10D8700000221146104616F045FD15F804A0814619
:10D88000CAF3801A0028CFD0002302211A4608EBE1
:10D89000010018F00DF92B5D60F386132B55C3E7DB
:10D8A0007A1E57422B5D5741B7EBD31F06D1062294
:10D8B000314658461DF06DFF0028A4D00023049384
:10D8C00004980DB0BDE8F08F18F095F9074615F0F3
:10D8D00095FF059B02463946009308F10E009DF81E
:10D8E0005830FFF7B9FE2D4B059A1B680746D979CA
:10D8F0009AB9022000F014FDB06B00F0C1FCB36BCC
:10D900009A7913441F63FFF7DDFA254BC361069B29
:10D91000B3B9736A23F4806315E0002000F000FDC2
:10D92000B06B00F0ADFCB36B1E489A7913441F63D3
:10D9300000F036FE069BC3B9736A23F4806317E0D8
:10D94000736A43F480637362039B9BB1B9F1000F68
:10D95000B6D0002351461A4608F1020018F0A8F884
:10D960002B5D60F386132B55AAE7736A43F480633B
:10D970007362EBE72B5D0022C3F3C01359460AA87C
:10D980008DF8283016F0C4FC2B5D9DF8282062F33A
:10D99000C7132B55DAE700BF4021002010210020DB
:10D9A0003143030055DB010004282DE9FF471ED059
:10D9B00005D8032800F0C08004B0BDE8F087431FFD
:10D9C000012BF9D805384FF0010118BF0120FEF7EF
:10D9D000ADFD18F010F95D4AD36C51685B1A034431
:10D9E0000020D36404B0BDE8F04718F058B8002414
:10D9F00003A84FF0FF31039400F048FA039858B1A0
:10DA0000FEF7ECFE0828074603D8514B1E5C310791
:10DA10000AD403A81EF010F94C4B5B6A13F0060FF2
:10DA200012D0FFF777FD0FE00728039D13D12246A0
:10DA30002946464816F073FC0028EDD016F07AFC13
:10DA400010B10120FEF720FC0121084604B0BDE81A
:10DA5000F047FEF76BBDDFF8F480D8F8244014F0EF
:10DA6000040410D016F002040DD00120AA790C3263
:10DA70002A44917A0090C1F380130C32C1F3401113
:10DA8000FFF756FE0446284600F0B6FA2946012064
:10DA9000FFF722FED8F82430DA072DD503F0800AEC
:10DAA00095F8069016F030FC09F10C09A94480F0B5
:10DAB000010399F80A00BAF1000218BF0122DBB293
:10DAC00009F10C01C0F3801018F0A5F860B12CBB6F
:10DAD000D8F8243028469B0733D5F40710D47307B1
:10DAE00031D5FEF7DFFD97E7BAF1000F04D15146BB
:10DAF00016F010FC0028EAD0284612F0CFF818E003
:10DB000018F019F9044648B1A8790C302844817AF4
:10DB10000C30C1F38011FFF721FD0446042F03D11F
:10DB2000D8F824309907E7D57207E5D52846FEF7DF
:10DB3000B9FD002C88D16FE704B0BDE8F047FFF7CE
:10DB400033BD042FCBD112F0A9F865E740210020A6
:10DB500010D60300032808B50AD1074800F020FDBD
:10DB6000064B012093F94410BDE80840FEF730BD94
:10DB7000BDE80840FFF718BFA9D9010040210020E7
:10DB8000064B10B55B690C4610B101F061F8034615
:10DB900018795B8804FB003010BD00BF880F00209F
:10DBA000084B10B55B690C4610B101F051F8034603
:10DBB0005A88A2423DBF1B79A41AB4FBF3F000209F
:10DBC00010BD00BF880F00200138C0B203289ABFE3
:10DBD000014B185C0020704719D603008BB2002956
:10DBE0004FF00A01B4BF053B05331BB293FBF1F3C1
:10DBF000014A108093707047722A0020024B9B7874
:10DC0000C01A40B2704700BF722A0020024B1B8826
:10DC1000C01A00B2704700BF722A0020074B186874
:10DC200040F20D1338B9002BC1BF45224433B3FB7A
:10DC3000F2F0C0B270470068453BF3E7880F002060
:10DC40002DE9F041064613F0A0FD0746FFF7E6FF79
:10DC500035460446286818B16CB928461DF0ECFF1B
:10DC600031680A481EF0B6F8384613F094FD0023D8
:10DC70003360BDE8F081D0F800801EF064F92B68B5
:10DC8000013CC3F800802D68E4B2E3E7880F002070
:10DC9000024BDB6B03B11847FFF70AB9880F00206E
:10DCA000C04310B5054A131D53E8003F0340141D3F
:10DCB00044E800310029F6D110BD00BF880F0020D4
:10DCC00010B5054A131D53E8003F0343141D44E8F3
:10DCD00000310029F6D110BD880F0020F8B5164696
:10DCE0001C4607461946104617F07AFF324623466F
:10DCF000384617F07AFF434DD5E9062300EA0204BF
:10DD000001EA030654EA060313D0670104F08060B9
:10DD100010D56B68180623D43B4B234093BB3B4B79
:10DD200006F020022340134356D12046314617F017
:10DD300053FFF8BDA4F1080333431CD1EB7A012B48
:10DD400042D16B68D90743D50323EB7204206B8C57
:10DD500001336B84FFF79CFF012017F042FFE4E7DB
:10DD60002B1D53E8003F23F08003291D41E80032BA
:10DD7000002AF5D1DDE7A4F10C03334317D117F0E6
:10DD800030FFDBE724F0011323F4A0433343C6D173
:10DD9000EB7A012B18D140F201436A6805209343C6
:10DDA00014BF00230323EB72FFF772FFBDE7231FAD
:10DDB000334302D117F016FFB7E704F17F43334333
:10DDC000AAD1EB7A022B0FD0042017F0EFFEACE7BC
:10DDD00013F40063BAD1B8E70420FFF771FF4FF0E6
:10DDE000006001F05DF9A0E76B689A0706D504238F
:10DDF000EB722B8C032001332B84ABE713F0200351
:10DE0000F7D1F5E7880F0020015001000DD501552D
:10DE1000014B986A704700BF880F002010B5064C70
:10DE2000A06A1DF073F928B9A06A1DF071F900F01D
:10DE3000010010BD0120FAE7880F0020014B986A0D
:10DE40001DF068B9880F0020024B5868C0F34020CD
:10DE5000704700BF880F002010B504464FF40070D3
:10DE6000FFF71EFF084B986A1DF056F938B10CB940
:10DE7000002010BD4FF40070FFF722FFF8E7002CE0
:10DE8000F6D00C20F5E700BF880F00202DE9F04FF9
:10DE9000046806468846574D89B0002C48D0204675
:10DEA000A7791DF035FF0C3727443C890A38B8F1B3
:10DEB000FF3FA4EB000402D04445A8BF4446B5F898
:10DEC0003890B0EB090713D4002C0EDD6D6B36686B
:10DED0003D44FF2C224629463046A8BFFF221DF0B4
:10DEE0008EFE241A36680544F3D109B0BDE8F08FE0
:10DEF000A9EB0009A145A8BFA146296BC846D6F8E1
:10DF000000A001EB000BB9F1000F0DD04246FF2A33
:10DF100059465046A8BFFF221DF071FEB8EB00081D
:10DF2000DAF800A08344F1D1A4EB09044F44CBE715
:10DF30000321A86A03AA1DF046F8BDF80E70A14699
:10DF400002940A3702ACE86209E023601B682B6088
:10DF50002368C3F800902368002F1C4611DD2B684E
:10DF6000453F002BF1D101201DF0F9FF0346206051
:10DF70000028F1D1019002A81DF05EFE019B3360E4
:10DF8000B3E72B1D53E8003F43F008032A1D42E886
:10DF90000034002CF5D14FF0006001F081F80298B8
:10DFA000BDF8102043790A2143F001034371069B19
:10DFB00030606B63059B2A872B638379BDF80E2045
:10DFC0000C3303441C711A812A7ADC719A719DF812
:10DFD0000C20072A0BBF0122AB8C1A7101331FBF23
:10DFE000AB846B8C03F1FF336B841DF0FCFD346854
:10DFF00055E700BF880F00202DE9F04187790546DD
:10E000000C37C419237986B013F002081BD1174EC0
:10E0100043F0020323716A46D6E90A011CF0D7FFD8
:10E02000238969460333B06AADF804301CF0D1FF90
:10E03000009B9DF90E00EB51FFF7E0FD6071B37A94
:10E04000022B03D8E37106B0BDE8F0819DF81130D2
:10E05000012B04D0022B04D02BB90423F2E70323B5
:10E06000F0E70123EEE784F80780ECE7880F002053
:10E0700037B5124B00F00F041B88012CADF80430AB
:10E0800015D0022C15D18DF8044042F222000C4D1F
:10E090006B680340A3420ED0FFF702FE2046FFF755
:10E0A0000FFEA86A01A91CF01AFF03B030BD20249E
:10E0B000EBE70024E9E70020F7E700BF44D60300C0
:10E0C000880F00202DE9F04302234FF00008114F84
:10E0D00085B0814610460E461546CDE90218FB7202
:10E0E00017F07CFD00904246797AB86A02AB0AF0DC
:10E0F00017F9044650B94846FFF7BAFF2B460446C5
:10E100004246012130463D7317F064FD204605B0BC
:10E11000BDE8F083880F002037B5144B00F00F04E2
:10E120001B88012CADF8043014D0022C16D000242A
:10E1300041F601000E4D6B680340A34213D0FFF778
:10E14000AFFD2046FFF7BCFDA86A01A91CF0DDFE6B
:10E1500003B030BD04238DF80430E9E78DF80440A6
:10E160004FF40064E4E70020F2E700BF44D6030068
:10E17000880F0020002210B5084C1046114617F0F9
:10E1800028FDA06A0AF090F817F02EFD20461DF039
:10E1900053FDBDE810400820FFF782BD880F002026
:10E1A000014B986A1CF0F4BF880F002038B5154C5D
:10E1B0000546A37A834210D0431E042B08D8DFE81B
:10E1C00003F0030D11161800A06A0AF0B7FC20B97D
:10E1D0002846A57200F03CFD606138BDA06A17F0CA
:10E1E0000CFDF4E70121A06A17F009FDEFE7032118
:10E1F000F9E7FFF729FE0028EAD0A06AFFF7D0FF71
:10E20000E5E700BF880F002073B50446408900F0A1
:10E210002BFB0E4DA07B0026287217F0B2FC687213
:10E22000E07B00F00F00FFF7C1FF0096A37BD4E96D
:10E230000021A86A1CF0D0FF32463146304615F066
:10E2400077FA206817F0CFFC02B070BD880F00206D
:10E2500038B50123094D0C46EB72FFF75DFF10B195
:10E26000042017F0A3FC2B7BA34204D922460021F3
:10E27000012017F0AEFC15F05CFA38BD880F0020C5
:10E28000F8B5044615F056FA0746A179E279114E21
:10E29000521A0C310123B06AD2B221441CF08DFE17
:10E2A000E579A379ED1A57FA85F524680CB935613B
:10E2B000F8BDA179E2790023521A0C31D2B2B06ACA
:10E2C00021441CF07AFEE379A2799B1A55FA83F572
:10E2D000EBE700BF880F0020F8B502230F4E0D4674
:10E2E000F372FFF7C5FE044620B1BDE8F8400420F4
:10E2F00017F05CBC284617F071FC07462A462146F9
:10E300000120357317F065FC3B462246717AB06AEE
:10E3100009F0F8FF0028E8D1F8BD00BF880F002001
:10E3200038B50223084D0C46EB72FFF7A1FE10B181
:10E33000042017F03BFC2B7BA34204D9224600218A
:10E34000012017F046FC38BD880F0020014B587B98
:10E35000704700BF880F002068B1084B194653F87A
:10E36000042F0AB18242FAD25B1A9B10013BDBB246
:10E37000034A537370470123FAE700BF20D6030016
:10E38000880F002010B5084C606810F480700AD027
:10E39000A06A1CF02FFE30B90121A06A1CF028FEF3
:10E3A00080F00100C0B210BD880F00202DE9FF41B0
:10E3B00000234FF001081B4E00938DF80C30C0F382
:10E3C00040138DF80E30C0F300130446154686F84E
:10E3D0000B808DF8048002918DF80D30FFF79CFEC4
:10E3E00028B1042017F0E2FB04B0BDE8F081284614
:10E3F00017F0F4FB6A460346717AB06A09F09CFF95
:10E400002A46C4F3801107464046357317F0E1FBF6
:10E4100015F08FF9230601D5FFF7B4FF002FE0D1E7
:10E42000E2E700BF880F00202DE9FF4104460F46B8
:10E430001D46012100231C4EE006F1720193039357
:10E440000097029205D573691B888DF80D1013444F
:10E450000293C4F3401328468DF80E3017F0BEFB2C
:10E460006A460346717AB06A09F066FF28B1042053
:10E4700017F09CFB04B0BDE8F0812046FFF74CFE8E
:10E480002B460121C4F3801280463846357317F0BD
:10E49000A1FB15F04EF9230601D5FFF773FFB8F184
:10E4A000000FE4D1E6E700BF880F0020044B5A6854
:10E4B000D20503D50021986A1CF09ABD704700BFB1
:10E4C000880F002038B5114CE37A23B100221146A1
:10E4D000104617F07EFB00252846E57217F081FBF9
:10E4E000A06A012203211CF089FC2A46A06A0121AE
:10E4F0001CF071FDFFF7DAFF8020FFF7D1FBBDE8CC
:10E5000038404FF44050FFF7DBBB00BF880F0020BE
:10E5100008B5FFF7D7FF044A0620D38C0133D38414
:10E52000BDE80840FFF7B4BB880F0020F8B51B4DCD
:10E530006B68590704D50420FFF7B2FBFFF7E8FF2B
:10E540006B681A070FD513F020F90646FFF766FB34
:10E550000446124F24B101201DF001FD0146A8B967
:10E56000304613F018F96B68DB0615D51020FFF75D
:10E5700097FB00F07FFB78B113F007F90446FFF733
:10E58000C7FF2046BDE8F84013F005B93846013C06
:10E590001DF02AFCE4B2DDE7F8BD00BF880F0020C3
:10E5A000014BD863704700BF880F002073B50F4B35
:10E5B00004469B7D0E4EFF2B15D10023ADF80400C1
:10E5C0000DF10302B06A01A98DF803300AF080FA58
:10E5D0009DF8035022462946B06AF7F7D7F840EA7B
:10E5E000052002B070BD034B1D78F3E7722A0020AE
:10E5F000880F00206C2A0020044BC2B2C0F3072110
:10E60000986A82B002B0F7F739B900BF880F0020CE
:10E6100010B50D4C0021A06A1CF047FC0B49A06A04
:10E620001CF0A0FCFE21A06A1CF08BFCA06A0AF082
:10E6300069F8074BB3F910208242C8BF18821A8AC2
:10E640009A805A8ADA8010BD880F00206C2A002038
:10E65000722A0020F0B585B0ADF80210ADF80420A4
:10E6600069464FF0C812ADF806304FF08213ADF88E
:10E670000000CDE9022304200B460C4C02ADB4F996
:10E680001070B1F9002035F9026BBA42A8BF3A46C2
:10E69000B242A8BF3246013821F8022BF1D103CB98
:10E6A000034BA060596005B0F0BD00BF722A002086
:10E6B0007A2A002073B50546F7F750F9314E036802
:10E6C000314C33608388FF2DB3804FF00003A3707B
:10E6D0002380337818BF1D46A5752C4D8DF8013069
:10E6E0000DF10303A86A0DF102020DF101011CF006
:10E6F00008FD9DF8013040B90133DBB20D2B8DF8D8
:10E700000130EDD9012002B070BDA27DFF2A00D0FA
:10E71000A3758DF8053033709DF802308DF8043004
:10E720000198FFF769FFC828A8BFC8209DF80330EB
:10E7300020828DF804300198FFF75EFF144B984259
:10E74000B8BF18466082B4F91000FFF72FFFADF88C
:10E7500004000198FFF750FF2082B4F91200FFF780
:10E7600025FFADF804000198FFF746FF4FF6FF7351
:10E77000A382642360821A4618461946FFF76AFF8F
:10E780000020C0E76C2A0020722A0020880F002099
:10E790000CFEFFFF0346034AB2F906000BB1FFF778
:10E7A00035BA7047722A0020084B10B5B3F90440FF
:10E7B00030B903EB4103B3F906309C42A8BF1C46B5
:10E7C000A242A8BF2246104610BD00BF722A0020F8
:10E7D000014BB3F912007047722A0020014BB3F9C4
:10E7E00010007047722A002073B5064612F0CDFF64
:10E7F0000C4D0446B5F91200B5F91030B042B8BF5F
:10E8000030469842A8BF1846FFF7D0FEADF8040086
:10E810000198FFF7F1FEE880204602B0BDE87040A5
:10E8200012F0B9BF722A002073B5064612F0ADFF90
:10E830000C4D0446B5F91000B5F91230B042A8BF2E
:10E8400030469842B8BF1846FFF7B0FEADF8040056
:10E850000198FFF7D1FEA880204602B0BDE87040C5
:10E8600012F099BF722A0020F0B5C0F3072585B0D9
:10E87000FE2DADF8040027D09DF8047012F085FF3E
:10E88000124C0646637DAB420ED0114B02A91868AC
:10E890009B880290ADF80C300E4B8DF80850986AAA
:10E8A0001CF060FBFF232375237DBB4206D0094B80
:10E8B0003946986A1CF045FB27756575304605B0EA
:10E8C000BDE8F04012F067BF05B0F0BD722A00202D
:10E8D0006C2A0020880F00202DE9F04707460E46DD
:10E8E0001446DFF8409086B00DF10808A9F1100A2F
:10E8F0003A4680215046CDE900980A4BF7F7C2FC12
:10E900000028F5D1102C254628BF102530462A4670
:10E9100041461CF04EFF641B2F442E44E8D106B044
:10E92000BDE8F087262B002030B589B0202269464B
:10E93000FFF7D2FF6A460C4D04AB144603CC9C4251
:10E9400028606960224605F10805F6D1074C08AD3C
:10E950001A4603CAAA4220606160134604F1080403
:10E96000F6D109B030BD00BF162B0020262B0020A9
:10E9700010B588B06946202011F03EFB044630B93E
:10E980006846FFF7D1FF0122024B83F82020204682
:10E9900008B010BD162B002070B5134B054693F838
:10E9A00020300C468CB00BB9FFF7E2FF0023CDE915
:10E9B0000033CDE9023354B91C22214605A8049442
:10E9C0001CF01EFF04A8FFF7AFFF0CB070BD102CA9
:10E9D000264628BF1026294632466846FFF77CFFA8
:10E9E0003544A41BE7E700BF162B00202DE9F84FA4
:10E9F000DFF868908246D9F800B088461746BBF128
:10EA0000000F28D0002699F80450B54207D13D7078
:10EA100099F80400A84214BF0120022017E07419DD
:10EA20006110C1EBC10159448879C4F3470400F077
:10EA30000100B8EB000003D1062250461CF0A9FEED
:10EA4000002806DB02D0661CF6B2DEE73C70BDE8AB
:10EA5000F88F2546D9E70320F9E700BF34240020CA
:10EA60000022014B1A71704734240020F8B5054686
:10EA700012F08BFE104C85F3070563790646AB4216
:10EA800005D10024304612F086FE2046F8BD00274E
:10EA900020686571277110B111F08EFA27606379D3
:10EAA000002BEED0C5EBC50011F068FA20600028FD
:10EAB000E7D160710724E5E734240020044BD3F844
:10EAC000012002605B7903F01F030371704700BFF0
:10EAD000372B0020244BF0B5002918BF0B461446F5
:10EAE0000021012512688BB0C3F80120227919702A
:10EAF0005A71C1F3C402A65C01F0070205FA02F2E2
:10EB00001642CFB207D01A7802F128066E440132BD
:10EB100006F8287C1A7001312529EAD11A7828B123
:10EB20006946981D1CF045FE0BB0F0BD002AFBD0D5
:10EB300001260533C0F3C405675D00F0070506FA3A
:10EB400005F52F42C1B208D1B1FBF2F502FB151158
:10EB50000AAD55FA81F111F8281C0130252803F877
:10EB6000011FE7D1E0E700BF372B0020034B00284F
:10EB700018BF03460B449879704700BF372B00201D
:10EB8000224B10B5002814BF84469C464FF0010E5E
:10EB900082EA124290B280EA010393FAA3F31BBA0D
:10EBA0009BB203EB031303449BB293FAA3F31BBA88
:10EBB0009BB203EB031303449BB293FAA3F31BBA78
:10EBC0009BB203EB031303445840114C82B2A4FBE5
:10EBD0000234131B04EB5304630903EBC30103EB7F
:10EBE0008103D31AC3F3C401D8B2614403F007030D
:10EBF0000EFA03FE4B7813EA0E0F01BF9CF80030AB
:10EC000053430CEB134C9CF8060010BD372B00202F
:10EC10004D91CFBA064B074A01201A60064B074AAE
:10EC20001A60074B074A1A60074B084A1A60704778
:10EC30008C1F0020F95C0300881F0020315D030059
:10EC4000841F0020F75C0300801F0020335D030059
:10EC5000052808BF03200622024B013802FB0030C2
:10EC6000704700BF46D60300014B186E80B2704754
:10EC700000C001B80A4BD86800F07060B0F1106FA6
:10EC80000CD008D8B0F1E06F08D0B0F1006F14BF1D
:10EC9000002001207047B0F1406FF8E70120704775
:10ECA000000002B8431C07B5014606D00023044A01
:10ECB000CDE90033034813F097FC03B05DF804FB83
:10ECC000DF5D03006425002070B50E46154604463E
:10ECD00018B302F039FF10B3236813F4807F18BF14
:10ECE0000122104B18BF1A700F4A1B7814600F4A8C
:10ECF00016600F4A15601BB917F0FFFF02F0FCFE0B
:10ED000011F030F902F0DEFD0A4B0B48197802F0E1
:10ED1000E5FDBDE8704002F009BB212070BD40F266
:10ED20000440FBE7632B0020502400204C240020EB
:10ED300048240020002C00207DFF02002DE9F04136
:10ED400086B011F0E3F88A4B8A4D1A7811208A496F
:10ED500010F00CFF2B6851215A685423B2FBF3F2D8
:10ED6000002392B2184610F097FE0446002840F0A7
:10ED7000F18010F055FF814B1968814B186808F03D
:10ED800059FE00F059F90446002840F0E3802B6852
:10ED90001C7F002C00F0B080102C28BF10241CF029
:10EDA00097FE621C81B200230820D2B210F074FEDC
:10EDB0000446002840F0CE800D20724A724910F0BF
:10EDC0009FFD0446002840F0C58010F01FFC022182
:10EDD000322004AA00F006FA28B94FF0FF30BDF83F
:10EDE00010101CF0E8F86E460023324606212C2055
:10EDF0008DF8063000F0F6F958B9304617F0CFFD1F
:10EE000008B130287AD13C2000F00AFA2C2000F01A
:10EE100007FA9DF80630190740F1818096E8030053
:10EE2000ADF80C10090C02908DF80E109DF806300C
:10EE300013F0280F07D1DDE90201ADF80410090C29
:10EE400000908DF806102B68186900287CD12B687B
:10EE5000586900F037F92B6893F82220D2077DD447
:10EE600013F04FFC02A902460746286816F0BBFFC4
:10EE7000044600286ED10AF003F813F07AFC044629
:10EE8000002867D1012000F039FE404B18681DF0C2
:10EE9000C9F9044600285DD118F046F9044607F088
:10EEA0006BFA804617F0A8FD41460246204615F051
:10EEB0001AFF044600284DD12B681B689B050CD413
:10EEC000B7F5FA7F09D912F059FC01210746084627
:10EED000F8F722FF384612F055FC2B689A692C4B44
:10EEE0001A6016F0CEFF2B4B1860304600F09EFEE5
:10EEF000294810F0FFFC2DE0042450E701213C20BC
:10EF000004AA00F06FF940B99DF81030012B14BF2E
:10EF1000492372238DF806307BE74923FAE7F6F799
:10EF200081FBCDE90401030C8DF80A30BDF81530E2
:10EF3000ADF80800ADF80B309DF817308DF80D30A6
:10EF400049238DF80E3071E717F074FC0446002851
:10EF50003FF47DAF204606B0BDE8F08193F8230072
:10EF600017F0CCFE00283FF47BAF40F20C44F1E7F1
:10EF7000002C0020502400207DFF0200F40A002015
:10EF8000F00A0020875E0300835E03004C2400200B
:10EF90008825002084250020A5EC01000022032103
:10EFA00001481CF03ABD00BF1C260020F8B51148EE
:10EFB00017F0ACFDE0B916F064FF0F4D0D4E286060
:10EFC00006F10C07286817F0A0FC10F05BFB044664
:10EFD000304617F097FD10B938461CF02DFE02F0B0
:10EFE00031FD08B9002CEDD1BDE8F84017F003BDA4
:10EFF000F8BD00BF200B00208425002008B5054B7C
:10F000001B782BB916F0D1FEB0FA80F0400908BD8C
:10F010000020FCE7622B0020012310B5044C237074
:10F02000044B1B6803B198470023237010BD00BF39
:10F03000622B0020882500200D4B98420DD8023B02
:10F04000984210D870B1023B98420ED020F0704028
:10F0500020F4604000F590607047064B9842F5D16F
:10F0600040F21C4070472120704740F21B4070471F
:10F070000AE000F00BE000F04FF08052014B5A60C4
:10F08000704700BF00ED00E00023044A52E8000F83
:10F0900042E800310029F9D1FBF7E6BE90250020B7
:10F0A000064A52E8003F034342E800310029F8D104
:10F0B000034B1B6803B11847704700BF9025002021
:10F0C0008C250020034B002814BF02461A46024B31
:10F0D0001A60704779F001008C25002037B51C6854
:10F0E000E10705D517F004FC164917481CF09DFCF4
:10F0F000A20723D501F08AFCD0B9144D019012F07B
:10F1000044FB044628461CF0B5FD0190204612F051
:10F1100042FB019890B143799B070CD401A80221CE
:10F120001CF071FE019801F061FC17F090FBE6E71E
:10F1300017F08DFBDEE701F04DFCF6E7002003B091
:10F1400030BD00BF340B00201C2600209425002079
:10F1500008B5054810F066FA044B01211870BDE8A7
:10F16000084010F06FBA00BF440B0020642B002051
:10F1700038B5044648B112F008FB05462146084858
:10F180001CF028FE284612F006FB064B022193F9DC
:10F19000000010F057FABDE83840FFF73DBF00BF50
:10F1A00094250020642B0020F8B50C4B0C4F04462E
:10F1B0000E4638681968154608F03CFCFFF73CFF1E
:10F1C00050B933462A46386844F4802108F00CFDD3
:10F1D000BDE8F840FFF730BFF8BD00BFF40A0020DB
:10F1E000F00A0020F8B50C4B0C4F04460E46386868
:10F1F0001968154608F01EFCFFF71EFF50B933468C
:10F200002A46386844F4802108F038FDBDE8F8400B
:10F21000FFF712BFF8BD00BFF40A0020F00A00207B
:10F2200038B50A4B0A4D04461968286808F002FCF4
:10F23000FFF702FF40B9286844F4802108F004FE7B
:10F24000BDE83840FFF7F8BE38BD00BFF40A002023
:10F25000F00A00202DE9F043134B0E461968134BBA
:10F2600005468DB01868174608F0E4FB80B93346B0
:10F270000A222846009702A91BF014FC4FF0000850
:10F2800004460DF10809444505D1002CEFD1204674
:10F290000DB0BDE8F083284659F8041B08F0D4FDF2
:10F2A00008F10108EFE700BFF40A0020F00A00208F
:10F2B000F8B50C4B0C4F06460C463868196808F038
:10F2C000B9FBFFF7B9FE054648B9E24316FA82F2E8
:10F2D000386842F4802246F48021FFF7BBFF2846BD
:10F2E000F8BD00BFF40A0020F00A00200022034B02
:10F2F0001A609A80FF229A71704700BF872B002006
:10F30000064A1379834207D90123126883401342C6
:10F3100014BF01200020704700207047982500206E
:10F32000054A03461068002208B91A607047C107F1
:10F3300048BF01324008F7E798250020014B1879B3
:10F34000704700BF98250020F0B541EA002087B043
:10F3500040F4902606200F461546F6F76DFE1CF089
:10F3600088FF044640B901461A2004F09BF96FF06B
:10F370008C05284607B0F0BD43688660DAB222B932
:10F3800023F0FF0343F001034360062F204B0CBF23
:10F3900040F201114FF48071204616F076FD236192
:10F3A000E3696BBB4FF4105323808023638002AB6F
:10F3B0002A461E4605F110071D461068516808329E
:10F3C00003C5BA422B46F7D1102130461CF007FF87
:10F3D00010223146204601AB13F00CFD054620B14A
:10F3E000014640F2074004F05DF9102130461CF060
:10F3F00004FF204613F05DFF204610F0DDFDB8E766
:10F4000000234FF410511A4613F05FFFCDE700BF01
:10F4100000444004102A2DE9FF4706460F461546D2
:10F4200023D800244FF00109DFF84480DFF844A01E
:10F43000D8F8002009FA04F3134213D046EA042056
:10F4400040EA0A006A46E9B280B2FFF7CBFE48B94B
:10F450002A46394668461CF09CF918B960B204B0D7
:10F46000BDE8F0870134202CE2D14FF0FF30F6E701
:10F47000982500200080FFFF2DE9F3411D4E054631
:10F480000146062230461CF084F920B996F90600A0
:10F4900002B0BDE8F0810024A046EF1C2046FFF733
:10F4A0002FFFD8B13B88CDF80080ADF80330BB7892
:10F4B0006946E0B28DF8053019F00EFB21280DD019
:10F4C000A8B90322294668461CF063F930B92B68B5
:10F4D00060B23360AB88B071B380D9E70134202CBF
:10F4E000DCD12B683360AB88B380FF23B3714FF05E
:10F4F000FF30CDE7872B0020034B93F90630013313
:10F5000001D1FFF7F3BE7047872B0020F7B5044603
:10F5100017F09AFA631C5AD117F04EFA0024FFF73D
:10F52000E5FE634E3379A3422CD84FF4004100240A
:10F530000846FFF7BDFE20224FF0FF315D483460E2
:10F540001CF05EF9204602F077FBFF2604465A4D78
:10F550005CBB5A4813F05AFB014630B110F1880FDA
:10F5600003D040F2074004F09DF80C21504A43F6C6
:10F57000FF70FFF719FE202138204E4AFFF714FED6
:10F5800000202AE02046FFF7BBFE60B165B20521EE
:10F59000284616F07CFC0321284616F078FC06214C
:10F5A000284616F074FC0134BCE794F97530013339
:10F5B00005D02B7843B91321204617F0B7FD20461C
:10F5C00002F03AFB0446C3E784F87560F7E720468B
:10F5D000FFF796FE18B940F2064003B0F0BD6B4647
:10F5E00006220021204616F095FC002848D0492329
:10F5F00068468DF8063017F0E3F94FF47F41304844
:10F6000040EA04200840FFF753FE0521204616F08B
:10F610003EFC0321204616F03AFC0621204616F057
:10F6200036FC01222249E3B29A400B6823EA020326
:10F630000B60244B93F90630A34201D1FFF756FE2D
:10F64000002005460B791B4A013BC1B2994221DBE0
:10F65000FF260020D65402F0EFFA0546164F002D83
:10F6600083D095F97530A34205D13B78EBB91321CE
:10F67000284617F05BFD284602F0DEFA0546EEE765
:10F680006B4606220121204616F044FC0028B4D027
:10F690007223ADE75656A64200D025B1551895F90C
:10F6A0000150555401250130CFE785F87560E2E738
:10F6B00098250020672B0020652B002037000400D0
:10F6C0000080FFFF872B00202DE9FF41354C0646C7
:10F6D00001A8FFF725FE2379019A93421ED862798B
:10F6E000012A40D100274FF0FF383D4610E0236843
:10F6F000EB40D9070BD5082202AB114668B216F0D1
:10F7000009FC20B1039B43453CBF2F469846013579
:10F7100023799D42EBD378B2FFF7F8FE236813F00C
:10F72000010529D0002501220135202D18D002FA2B
:10F7300005F71F42F8D13B432360A3680C21013336
:10F7400043F6FF70174A7361A360FFF72DFDA8B160
:10F75000236823EA07032360A368013BA360736166
:10F760004FF0FF3519E0022AFAD10F4A134413F97A
:10F77000010D421CFBD0CFE70127DCE722790A4CC0
:10F78000013A2146D2B2601C1CF020F86DB222462C
:10F79000202138202570FFF707FD284604B0BDE87A
:10F7A000F08100BF98250020672B00202DE9F04351
:10F7B000002489B0B34D04213F2001AA2C70FFF72B
:10F7C00011FD00B10194019F002F4FD000267A1E39
:10F7D0005742574100242C70AB4D0C212A4643F66A
:10F7E000FF70FFF7FFFCC0B10D23AB80019B2C60C5
:10F7F000032BAC6011D803AC2246142143F6FF70F2
:10F80000FFF7F0FC48B994E8070085E807002A46AE
:10F810000C2143F6FF70FFF7C7FC019B042B06D0B9
:10F8200004213F200DEB01020191FFF7BDFC2021D7
:10F830003820964AFFF7D6FC28B120224FF0FF313E
:10F8400092481BF0DDFF03222B795B00B3FBF2F340
:10F850008F4A1370FFF74AFDF9F7D8FD014618B13A
:10F8600040F2074003F01EFF002413E00126374654
:10F87000B0E72B68E340DB070BD508224FFA84F88A
:10F880001146404603AB16F045FB10B94046FFF762
:10F890003DFE01342B799C42EBD38EB110213720F1
:10F8A00003AAFFF79FFC002853D10620F6F7C4FBFC
:10F8B0001CF0DFFC044690B901461A2003F0F2FE6A
:10F8C0003FB13D20FFF7ACFC00242B799C42C0F0F7
:10F8D000B38017F077F8002009B0BDE8F0836D4AD7
:10F8E00043688260DAB222B923F0FF0343F00103D8
:10F8F0004360694B40F20111204616F0C6FA2361BD
:10F90000E36943BB4FF410532380802310216380AD
:10F9100003A81CF064FC102202AB03A9204613F0DC
:10F9200069FA0646102103A81CF067FC204613F074
:10F93000C0FC204610F040FB3720FFF771FC46B1B9
:10F9400040F20740314603F0ADFE4FF0FF30FFF7C5
:10F95000DDFD00262AE000234FF410511A4613F073
:10F96000B4FCD2E73046FFF7CBFCF0B174B2102202
:10F970000321204603AB16F0CDFA1028814620D192
:10F980000321204603AAFFF7DFFC8046494603A86F
:10F990001CF033FCB8F1000F0CD040F20740414698
:10F9A00003F080FE2046FFF7B1FD01362B799E4221
:10F9B000D8D385E748F2030040EA062080B2FFF77B
:10F9C0002FFC10220521204603AB16F0A3FA1028C5
:10F9D000814613D10521204603AAFFF7B5FC8046D6
:10F9E000494603A81CF009FCB8F1000FD5D148F234
:10F9F000050040EA062080B2FFF712FC1022062123
:10FA0000204603AB16F086FA10288146CDD1062198
:10FA1000204603AAFFF798FC8046494603A81CF03D
:10FA2000ECFBB8F1000FB8D148F2060040EA06201E
:10FA300080B2FFF7F5FBB8E72046FFF761FCF0B1B5
:10FA400066B204220C21304602AB16F063FA042899
:10FA50000AD1029B0122C3F300238DF80C300C2144
:10FA6000304603AB16F028FA00231022CDE9033309
:10FA7000CDE905330D21304603AB16F01DFA0134F4
:10FA800023E700BF652B002098250020672B00206E
:10FA9000662B00203700040000444004F8B5104BEA
:10FAA000044618790F4B00221D46D1B2884204D972
:10FAB00013F9017B561CA74204D10B4B1B788B42D8
:10FAC00002D9F8BD3246F0E70649481C1BF07EFE1D
:10FAD0002C702021BDE8F8403820024AFFF764BBB3
:10FAE00098250020672B0020662B00200149024842
:10FAF0001BF09BBF540B00201C26002010220A4B39
:10FB00002821DA826422C3E906124FF6FF721A84B2
:10FB100002225A60002283F82B200F2283F82D0046
:10FB200083F82C20704700BFA425002038B502F0D0
:10FB300019FA40B9094B48241A6893F82A10034669
:10FB40002432994200DC38BD04FB03F55559ED061B
:10FB500001D40133F5E70120F5E700BFA42500201B
:10FB600038B5104C94F82B30D3B1626812F001050F
:10FB700016D104F1080003F019FEFFF7D7FF78B1A2
:10FB80004EF6602294F82C304FF4827153430648AD
:10FB90002A460FF0D9FE18B9636843F00103636089
:10FBA00038BD00BFA42500201C26002022F0004202
:10FBB000052A10B50DD0B2F5827F13D0032A06D1E5
:10FBC000114A536823F00203536002F0D3F9002076
:10FBD00010BD0D4A1B88118D9942F8D10023138561
:10FBE0000120F5E7084B5A6893F82B4022F00102F8
:10FBF000012C5A60F4D106F047FCFFF7B1FF204614
:10FC000002F066FAECE700BFA42500200048704728
:10FC1000B3250020044890F82B1000F10F020830A3
:10FC2000012918BF10467047A4250020F0B482793E
:10FC3000034612F0280F26D00025144A016892F8D6
:10FC40002A60C2F80F108188A2F8131081795175CB
:10FC50001168AE4207DCF0BC5368032043F0040394
:10FC6000536002F035BA4C6A14F4404F08D118685A
:10FC700044F0080408609F8898798F8088714C62EE
:10FC800001354831E5E72120F0BC7047A42500206C
:10FC90004379024A9B09D05C704700BF78D60300C5
:10FCA0000B6810B503608B88FF2A0446838002D15D
:10FCB0000723A37109E0032A08D8054B9B5C072B97
:10FCC000837102D1FFF7E4FFA07110BD0023F0E7BC
:10FCD0007CD603008379024A03F00703D05C7047A7
:10FCE00070D6030010B582798B79094C02F00702B7
:10FCF00003F00703A25CE35C9A4206D106221BF0E4
:10FD000048FDB0FA80F0400910BD0020FCE700BFBC
:10FD100068D603007FB5134B0E4605460446039391
:10FD2000A0B117F03EFB78B900223146204617F00B
:10FD30006DFC022807D1012331460093204604239D
:10FD400003AA16F0FDF90DB104B070BD204617F0FE
:10FD5000F7FA04460028F7D017F023FB0028F5D166
:10FD6000E2E700BF0100FFFF2DE9F04F97B08346A7
:10FD7000099117F05CFA099883790C33C45CC518B3
:10FD80001BF0C6FF1E2C0646099F24D8012C26D93D
:10FD9000C54BE340DA0722D5384697F806801BF0BA
:10FDA000B7FFBBF80A2083B29A4228D214F00102AE
:10FDB00040F0A18004F07F03522B00F09C801E2CA9
:10FDC00000F09980099B214600935846042317F0C0
:10FDD00046F821240CE004F07F03522BDCD02146AE
:10FDE000062300225846009717F039F841F206140E
:10FDF000584617F021FA204617B0BDE8F08F474467
:10FE00003A7B013B1E2A9BB242D8012ACED9023A44
:10FE10001C2ACBD801A151F822F000BFADFE010091
:10FE2000ADFD0100B1FE0100ADFD0100A7FE010026
:10FE3000ADFD01009DFE0100ADFD0100ADFE010024
:10FE4000ADFD0100B1FE0100ADFD0100B5FE0100F8
:10FE5000ADFD01009DFE0100ADFD0100E3FE0100CE
:10FE6000ADFD0100ADFD0100ADFD0100E7FE0100AB
:10FE7000ADFD0100EBFE0100ADFD0100ADFD010097
:10FE8000ADFD0100ADFD0100ADFD0100EFFE010083
:10FE9000522A26D0D22A89D10D2B05E0062B0FD06D
:10FEA000142B83D10CE0052B80D909E0022BF8E755
:10FEB000042BF6E7032B7FF679AFDB073FF576AF30
:10FEC000022C00F0F380DBF800309B689F0516D40D
:10FED0000BF144001BF0B0FE099BCBF8443000242A
:10FEE00086E7012BE0E7032BDEE7012BD9E7002BA8
:10FEF0007FF45CAFE4E709A81BF09EFE69E71E2CC7
:10FF0000584600F0918317F04CFA0746002840F05D
:10FF10008280584617F040FA00287CD004F07F0316
:10FF2000522B00F0BC80082C68D1B6B2152E14BF3D
:10FF300002201020691D17F01AFA00285ED0DBF8A5
:10FF40001430D8074BBF23F0010343F001033946B7
:10FF5000012158464CBFCBF81430CBF8143017F0C1
:10FF600037FA09980D9016F0E8FE0446B0F80180C3
:10FF7000B0F803900D981BF0CBFE152814BF022596
:10FF8000102505342146284602F088FE21460390BC
:10FF9000284617F0ECF90490B8F1000F00F0438107
:10FFA000C84500F24081022109200D9A16F0E8FEB2
:10FFB000BBF80A708246023FBFB23E4640464FF051
:10FFC000FF354946039A17F0D3FC0446002800F099
:10FFD0006C8117F0A0FA002800F0848101222146EC
:10FFE000584617F042FB03468DF82E00002800F01B
:10FFF0001F810D9A009222460821A3E0DBF81430FD
:020000022000DC
:1000000013F001063CD023F0010300215846CBF841
:10001000143017F0DDF91E2C63D8032C66D9231F8A
:10002000142B63D801A252F823F000BFFB02020098
:10003000ED000200EB030200ED00020063FF01008F
:10004000ED000200D1040200ED000200EF04020006
:10005000ED00020005050200ED000200F9000200BB
:10006000ED000200F9050200ED000200ED000200C3
:10007000ED00020015060200ED0002001F0602005E
:1000800043F0010301215846CBF8143017F0A0F9D2
:100090001223324621465846009616F0E0FE09A883
:1000A0001BF0CAFD1BE700BF54554541099DBA4CE2
:1000B000284616F042FE2188B0F801602A465846CC
:1000C00016F0E2FE2388BBF80A10B34228BF33467D
:1000D000172BB8BF17235846ABF80A3017F093F820
:1000E000FDE6522C00F08F82D22CD8D0099B002242
:1000F00000932146062325E0099F384616F01DFE91
:100100000546B0F80180B0F803A038461BF000FEA9
:1001100015280CBF20460220691D02F0BFFDB5F86E
:10012000053004900793B8F1000F07D0D04505D8EB
:1001300017F075FD50B91023009701E001230097D7
:1001400042461021584616F08AFEC8E63A46022179
:10015000112016F015FE44464FF0FF35BBF80A306B
:1001600005909E1E0393063B9BB2B6B20893514680
:100170002046049A17F0FCFB814668B35146079A63
:1001800017F043FC0446484617F0C5F940B94FF64E
:10019000FF739C4201D00134A4B25445E7D91BE05F
:1001A0004FF000030DAAADF8343049460CAB584669
:1001B00017F0F8FA039ABDF83430053A9A42089AD3
:1001C0000690D8BF1346002DADF8343009DB9D42B0
:1001D00002D1EB1CB34208DB691C1CD10A23009737
:1001E000AEE7351F9D42A8BF1D46042211A938461F
:1001F000ADF84490ADF846401BF0AFFF2A463846B4
:1002000006991BF0AAFF4FF6FF73043E761B9C4233
:10021000B6B2C0D1E0E73946059B04355D7058465B
:1002200001F0FEFD5BE60D9B009301234246E3E6F1
:10023000049B13B1204617F052F9204617F083F9BA
:10024000D8B1002D54DC0DA81BF0F6FC082358464D
:100250008BF81C3050F80C2B40F2025192F87020B1
:100260008DF8483000238DF8442011AAADF846409F
:10027000ADF84A301BF015FC31E6ADF844000DF145
:100280002E032146584611AA17F08CFABDF84430C7
:100290000590BB4228BF3B46002DADF844300ADB39
:1002A000AB4202D16B1CB34209DB6A1C0D9B1FD110
:1002B00000930A23BAE7B51E9D42A8BF1D4602223D
:1002C0000CA90D98ADF830401BF047FF2A46059960
:1002D0000D981BF042FF4FF6FF73023E761B9C42C7
:1002E000B6B2E2D0601C80B28145BFF46AAEDCE7F2
:1002F00002350D998AF8015091E7DDF824904846BF
:1003000016F01BFDB0F80330B0F801800493B8F18B
:10031000000F43D0984541D84FF6FF774A46022157
:10032000052016F02DFD4546BA46BBF80A4005905B
:10033000023CA4B22946584617F0F5FB5045064644
:100340004BD04FF400622946584617F08EF900282A
:100350003ED1304617F07FFC00280CBF022310234B
:100360005745039320D0304617F075FC0690384669
:1003700017F071FC069B834203D1039B0133A34218
:1003800013DB384617F067FC059B0130194658709F
:10039000584616F04DFDA2E50C0D00200123CDF8C6
:1003A000009042460421CDE637460DF14601304625
:1003B000ADF8445002F0C8FC039B48469A1C11A9B2
:1003C0001BF0CBFE039B023CE41A5545A4B2D8D0E7
:1003D000049B0135ADB2AB42ACD24FF6FF739F42E6
:1003E000CFD10A23CDF80090DBE7DDF8249000247C
:1003F000484616F0A2FCB0F80530B0F803A0B0F8FB
:1004000001600746484603931BF082FCC51FADB24E
:10041000102D0C9458D82A46F91D0DA81BF0C9F9C7
:10042000002E53D0564551D84A460121072016F0D8
:10043000A7FCA046074633460A249A45049307D9E9
:100440003946BBF80A0016F07EFC0328049B04D84A
:10045000B8F1000F1AD039469AE7ADF84430039B43
:100460005846ADF848300DAB13930BAA0DF12E038F
:1004700011A9ADF846A0ADF8505017F0F2FA0A28CD
:100480000446E5D0BDF82C3030B11E462346324636
:100490000621CDF8009055E6ADF83030BDF82E308D
:1004A0000CAAADF8323039460423BBF80A0016F026
:1004B00055FC4FF6FF72BDF82E309342CBD001337E
:1004C0004FF001089BB2B8E70424DFE70124DDE721
:1004D0000A23099C8BF81C30204616F02EFC23467C
:1004E0000022B0F80110584615F0FAFEF7E4099C16
:1004F000204616F022FC0C238BF81C30B0F80320A9
:100500002346EEE7DDF82480404616F016FC05464B
:1005100040461BF0FDFB0023441EBBF80AA08DF8EB
:10052000343061D014F001075ED120460FF026FD73
:10053000064600285ED00AF1FF332246691C039369
:100540001BF037F9424601210F2016F019FCB14685
:100550000490002C04DC30460FF02EFD049917E7C0
:1005600039F8025B01222946584617F07EF8023C12
:100570008DF8340068B9284616F0EFFE10B1284611
:1005800016F0ADFF284616F0DEFF60B180238DF82F
:10059000343030460FF010FD2A460E219DF83430DD
:1005A000CDF80080CEE529460DAB584611AA17F0CC
:1005B000F9F89DF834300146002BEAD1039BBDF8D1
:1005C0004420DB1B9A42C2BF0AF1FF33DB1BADF8AC
:1005D00044304046BDF844201BF0BFFDBDF8443018
:1005E0009842B8D31F44B4E7042300258DF8343073
:1005F0002E46CEE71123F8E75846099AB5F80110C0
:1006000015F00CFF6BE45846099AB5F8011015F087
:1006100060FF64E45846099915F09AFF5FE4584674
:10062000697816F000F83AE516F01DF837E500BFD6
:100630007FB5174A0646136842F6052023F00803E3
:10064000136017F0D0F9054650B1684602F0DEF9A4
:10065000002016F075FE044620B92946FFF75AFB24
:1006600004B070BD1022684604F121011BF091F81E
:1006700038B10121204616F0ABFE636923F0010377
:1006800063611EB13146204617F07EFA2046E0E74E
:100690008426002007B5837801916A460821044822
:1006A0008DF800301BF0FDF903B05DF804FB00BFCE
:1006B0001C2600200022054BC3E90322C3E90522C2
:1006C0001A70DA614FF6FF725A847047F8250020DD
:1006D000014B1860704700BFF425002082780D4B55
:1006E00013B55A60B0F8032091B2102910D040F62B
:1006F0000344A1420CD041795B8C8DF80210ADF817
:10070000042005216A460448ADF800301BF0C9F901
:1007100002B010BDF82500201C26002073B5837997
:1007200001900C33C418C35C132B0ED8042B10D9C2
:10073000053B0E2B0DD8DFE803F01E0C0C1E0C0C35
:100740000C0C0C161A0C0C0C2300302B13D03E2B67
:100750001BD0FAF71BFA019B834202D001A81BF0C1
:100760006BFA02B070BD2046FFF7B8FFF1E7E27800
:100770000E4B5A60EDE7204601A901F093FEE8E731
:10078000204601A916F03FF9E3E70025084E019B3A
:100790003BB1204656F8043B01A9013598470E2D80
:1007A000F5D101A81BF048FAD3E700BFF8250020D7
:1007B00080D6030007B500F013F920B103B05DF84F
:1007C00004EBFFF7ABBF00F017F9019018B1054B30
:1007D0001B681BB1984703B05DF804FB01A81BF030
:1007E0002BFAF8E7F4250020024610B1022804D0C5
:1007F0007047032102481BF010B9FFF7DBBF00BFB1
:100800001C260020024B1A78024B53F8223018475E
:10081000F8250020B8D6030010B504460120FFF7E4
:10082000F1FF034B00201C70BDE81040FFF7EABF4A
:10083000F825002010B50446062142F2050016F006
:100840000CF82368C0F80330A388A0F807300648E6
:10085000FAF7BEF916F045F8407920B116F041F8E4
:10086000407940F4805010BDD9C2030010B5044651
:1008700006214FF6284015F0F0FF2368C0F803303A
:10088000A388A0F807300648FAF7A2F916F029F86D
:10089000407920B116F025F8407940F4805010BD21
:1008A000CDAC010038B505460C4669B9022142F2CB
:1008B0001B0015F0D2FFB5F86E30A0F803300D48DC
:1008C000BDE83840FAF784B9122142F21A0015F057
:1008D000C4FF2146B5F86E30053020F8023C04F123
:1008E000100351F8042B994240F8042BF9D1024827
:1008F000E6E700BFB5450300F145030001481BF0E2
:10090000B9B900BF0826002040F6FF732DE9F34176
:100910000D46B0F86E100192994205D101A81BF066
:100920008BF902B0BDE8F0811146134601229BBB52
:100930001E481BF04FFAFFF7E1FF04460028F0D0F5
:100940001BF0E6F96379074603F001086FF3000333
:10095000637104212046A6681BF005FB4379044619
:1009600068F300034371DB438179B6F86E200C31E4
:10097000866003F001036254C2F30322084442EA92
:1009800003124270478022463046294616F040F84E
:100990002046FAF731F9CEE75C79986024F0030439
:1009A00014435C7100221B68C1E700BF08260020C9
:1009B00070B50546064C206800B970BD8368AB422F
:1009C00004D106680FF06AF92660F4E70446F2E7FE
:1009D00008260020014601481BF0FCB90C26002027
:1009E00001481BF047B900BF0C2600200146014812
:1009F0001BF0F0B904260020034BD86818B103F1AE
:100A00000C001BF037B97047F8250020044BDA685A
:100A100022B95869003818BF01207047012070477B
:100A2000F82500200138C0B20A289ABF014B185C93
:100A300000207047C0D6030007B506481BF01AF91E
:100A4000042101900DEB01001BF0DDF9019803B0CA
:100A50005DF804FB20260020F7B5186810F00200AE
:100A600003D0164E316811B9012003B0F0BD002447
:100A7000042223460DEB020001941BF0D3F8BDF8CD
:100A80000630DB0702D4FFF7D7FF044600250C4FE2
:100A900057F8043B23B12146BDF80400984748B1FC
:100AA0003368002BE0D0074B022193F900000EF0D1
:100AB000C9FDD9E70135062DEAD1F1E7202600204E
:100AC000242600208E2B002010B509480EF0AAFD28
:100AD0000024084B0849187020200C600FF028F9FA
:100AE000064BC3E90044C3E90244C3E9044410BD12
:100AF000640B00208E2B00202026002024260020BE
:100B00000020024B1870024B18707047902B002089
:100B10008F2B002038B50546007815F03EFA0446C4
:100B200048B96978287801F099FA044618B9044B55
:100B30001A78044B1A70044800F092FF848038BD84
:100B4000902B00208F2B00202002050310B501F010
:100B5000B1FA0446024800F083FF848010BD00BF54
:100B6000200205052DE9F04383780D460D2B91B049
:100B70004FD109AC2646821C00F11A0327461068A3
:100B80005168083203C79A423C46F7D113881C21AA
:100B90003B8028461BF037F9BDF826402F6814F03B
:100BA0000C043ED138461BF0B3F8A0F10208A04572
:100BB0000DDA4FF0FF3400239C428DF81C301EDB11
:100BC00001223946A31C07A81BF02CF817E0631C70
:100BD0000122394605A81BF025F89DF81430012B99
:100BE000E9D023460122394607A81BF01BF89DF8DF
:100BF0001C3013B101331C44D9E78DF81C3001F0CF
:100C000099F9012808D0022843D050B928461BF092
:100C100013F811B0BDE8F0839DF81C3013F0010FFC
:100C2000F4D09DF82F0000F0DBFC07469DF8300063
:100C300000F0D6FC0DF11C099DF828200DF12901CA
:100C4000804605A8FFF72CF848469DF836200DF1A0
:100C50003701FFF725F8134B1B78DB071ED405A8D7
:100C600015F051F9044605AB424639463046CDE908
:100C70000145CDF8009000F017F82B68002BC5D087
:100C8000424639463046CDE9004505AB19F056FAE3
:100C9000BCE79DF81C3013F0030FC1E74FF0FF34A1
:100CA000E1E700BF8F2B00202DE9F74FB0F802C01D
:100CB00006461CF0100F1C460C9F9DF934A0DDF871
:100CC00038B033D05FFA8CF51CF0080F184614BF0B
:100CD00005F0080505F00F0516F079FA814638464B
:100CE00016F075FA96F90F3080465A4604211348DB
:100CF0000193767815F0D4FF019BA0B105712268AD
:100D0000C0F80520A28880F80B90A0F8092080F890
:100D10000CA0437386733B68C0F80F30BB8880F823
:100D20001580A0F8133003B0BDE8F08FCDE90DAB0E
:100D30000C9703B0BDE8F04F15F04ABEF0D60300A3
:100D4000002110B5421D0379044608461BF032FA13
:100D5000024648B16188208815F01BFB0446034811
:100D600000F07EFE848010BD1A24F8E720020A02FB
:100D700013B50446007816F0DDFA70B10023CDE912
:100D80000033E278B4F8011015F099FC04460448E9
:100D900000F066FE848002B010BD2524F7E700BF96
:100DA00020020A0410B5007817F035FD0446024809
:100DB00000F056FE848010BD2002090130B50446C3
:100DC000457987B02A46811D01A81AF0F2FCD4F8B3
:100DD000011001AA2078059517F027FD0446034865
:100DE00000F03EFE848007B030BD00BF2002090441
:100DF00010B5B0F80110C378021D007817F02BFD74
:100E00000446024800F02CFE848010BD200209092F
:100E100010B504460078FF280ED015F0EFFD2078BD
:100E200015F0EEFD94F90000FEF770FB0446034850
:100E300000F016FE848010BD2124F8E720020F0682
:100E400010B54178007802F097FB0446024800F0A4
:100E500007FE848010BD00BF20020F0108B50649BF
:100E600006481AF0E2FD064906481AF0DEFD06487B
:100E70000FF052F8002008BD7C0B00204026002017
:100E80008C0B00203C260020740B0020014815F03C
:100E900039BE00BF200B002030B5114B0D469942E2
:100EA000144685B019D193000FD503A902A80EF0FE
:100EB000DFFD08230193039BE1B200930022284643
:100EC000029B41F000511AF093FD064815F0B2FE66
:100ED00000B10471012005B030BD0020FBE700BF68
:100EE0003C26002064D7030022F00042B2F1A04F5C
:100EF00008B504D1034815F09DFE012008BD00206F
:100F0000FCE700BF68D7030070B5FFF7BFFF90B1E3
:100F1000FEF77CFE002604462046FEF7DBFE054673
:100F2000064800F09DFD86802268C0F80620A28851
:100F30000573428170BD0226014CEDE720090115C1
:100F400040D7030008B501F0DDF8BDE808400249CC
:100F500002481AF08EBD00BF9C0B00201C2600200A
:100F6000F8B5054600200D4E0127307100F064FEF3
:100F700004466CB16DB994F872306BB1377115F0ED
:100F800038FD2046132116F0D1F86468002CF2D108
:100F9000F8BD204616F0CEF86468EAE78A2A0020F9
:100FA00038B50023094C2360A380036823602078B0
:100FB00016F0B8F8054630B9054806491AF035FD6F
:100FC000608801F017F9284638BD00BF8A2A002042
:100FD0001C2600209C0B002022F00042B2F5887FE6
:100FE0002DE9F0471C4600F0E5800ED840F20313CF
:100FF0009A423CD040F209139A4200F0C5800E2A72
:1010000000F0B6800020BDE8F08740F207239A4246
:101010004AD0B2F5037F59D040F206239A42F1D16B
:1010200020684C30FEF756FE25680746664895F85E
:10103000736095F870A095F9759095F87680A488FE
:1010400015F0F8FD0028DDD0EB6C4360B5F85030AA
:1010500087720381731E5E425E41C67280F80CA0E7
:1010600080F80D9080F80E80A0F80F40CAE7207835
:1010700000F0C2FD0028C5D0544894F80090B4F8A0
:101080000280A788E688257A648915F0D3FD0028B8
:10109000B8D080F80490A0F80580A0F80770A0F8F8
:1010A0000960C5728481ADE7207800F0A5FD0028B5
:1010B000A8D060782578FFF7B5FC0446444815F0C1
:1010C000B9FD00289ED0057144719BE7A578012DDC
:1010D0001ED0022D2DD0CDB9E37894F80080023BCC
:1010E000DBB2022B8CBF01253A4A94F90470667971
:1010F00098BFD55C94F90640374815F09BFD28B1A0
:1011000080F8048045718771C671047201207AE706
:10111000E37894F80080023BDBB2022B98BF2D4AA3
:1011200094F90470667998BFD55C94F906402B4811
:10113000E3E7E3782A48023BDBB2022B94BF254A5F
:10114000012594F80180277898BFD55C94F9049024
:10115000667994F9064015F06DFD0028D6D0A0F808
:1011600004808771C57180F8089046728472CDE75B
:1011700023460822002113F8014B1A4815F06BFD95
:101180000028C3D00471C1E7174894F8008067882D
:10119000A688E588248915F04DFD0028B6D080F892
:1011A0000480A0F80570A0F80760A0F80950A0F826
:1011B0000B40ABE70D481C7815F03CFD00283FF4D0
:1011C00021AF04711EE700BFC0D70300BCD70300E6
:1011D000B4D703006CD70300ACD70300A8D7030033
:1011E000B0D70300A4D70300A0D70300B8D70300EB
:1011F0001FB54389029303890193C38800938388B1
:1012000042880188FF2000F093FF0446024800F066
:1012100027FC848004B010BD200206001FB50146E3
:101220000078FF2817D0B1F80B300293B1F80930DD
:101230000193B1F807300093B1F80530B1F80320FD
:10124000B1F8011000F074FF0446044800F008FCF7
:10125000848004B010BD2124F7E700BF20020606F9
:1012600030B587B001468279054604A815F09CFF89
:10127000002303939DF8163013F0180408D121259C
:1012800003950F4800F0ECFB8580847107B030BDFA
:1012900004A800F0BFFC034660B903AA0092E879F5
:1012A000084A04A900F0CAFF034618B90446BDF86D
:1012B0000C50E6E7BDF80C5093F87040E1E700BF32
:1012C000200306046113020010B5007800F094FCBE
:1012D00040B1132115F02AFF0446034800F0C0FB7B
:1012E000848010BD2524F8E72002060570B5144659
:1012F00006460D46204614210A4A15F08AFB204670
:10130000217915F039FC58B9A3790C331C44064BEC
:10131000A6711B79A5801BB1BDE8704015F06ABBB2
:1013200070BD00BF9CD703008A2A0020024B00201A
:101330001A68024B5A60704748240020200B002096
:1013400010B5FDF7FBFC044630B9044815F0B0FBBE
:10135000044608B9FDF722FE204610BD200B0020F0
:1013600073B51C4640F20A6322F000459D4208D83E
:10137000B5F5C06F08D8042D47D00D2D4DD0032DE5
:101380001ED0002002B070BD6FF4C0631D44092D53
:10139000F7D801A353F825F07F1402002D140200A2
:1013A000511402006114020077140200831302003A
:1013B00097140200AD140200CD14020019150200AA
:1013C00001A8F4F71DF95648BDF8044015F032FCA9
:1013D0000028D6D000234371C37103724372037394
:1013E00043738373C373282383746FF00B03C37435
:1013F0006FF066030722432103753E230271857156
:101400008172C27204824375BBE74648246815F0B6
:1014100011FC0028B5D08480B3E7234604220021C4
:1014200053F8044B404815F016FCF2E7207800F022
:10143000E3FB0028A5D03D48267894F90150A47814
:1014400015F0F8FB00289CD006714571847198E76F
:101450002478374815F0EEFB002892D0047190E70D
:1014600025783448646815F0E5FB002889D00571BB
:10147000C0F8054085E725782F486468F3E72F48D2
:101480002578646815F0D6FB00283FF47AAF057123
:10149000A0F8054075E72A482578646815F0CAFB6E
:1014A00000283FF46EAF057144716AE76378254800
:1014B0000D2B96BF244A0125D55C247815F0BAFB84
:1014C00000283FF45EAF047145715AE7637800214C
:1014D0000D2B98BF1C4A1D4898BFD55C6368A27845
:1014E00088BF0125267815F0B6FB08B10671457155
:1014F0006378012B3FF645AF8DF8043001220021BF
:10150000124801AB247815F0A6FB00283FF439AF50
:1015100001230471437134E724780D489AE700BF32
:1015200004D80300FCD7030000D80300E8D7030069
:10153000F0D70300F4D70300ECD70300E4D703008F
:10154000E0D70300DCD70300C4D70300D8D70300DB
:10155000D4D703001422002101481AF051B900BF6A
:101560004426002070B5054610F00FF91A4C0646C7
:1015700063795B070ED414212046184A15F049FA06
:101580002046217915F0F8FA20B13046BDE87040C8
:1015900010F001B9A3790C3323442DB91A79FF2A2D
:1015A000F3D001321A71F0E7012D05D15A79FF2AE3
:1015B000EBD001325A71E8E7022D05D19A79FF2A62
:1015C000E3D001329A71E0E7032DDED1DA79FF2A08
:1015D0001CBF0132DA71D8E744260020F8D7030097
:1015E000042828BF0020014B185C704708D803006E
:1015F0002DE9F04780460E480F4616461D46BDF8B9
:1016000020A0BDF8249000F0A7F970B9094B1C6820
:10161000A4F80480E78026816581A4F80CA0A4F8D2
:101620000E90BDE8F04715F078BABDE8F08700BF2E
:1016300024D80300642600202DE9F3416F4687E893
:101640000300114816461D46DDF8208000F084F99D
:101650000446A0B90D4B00981968BB8848600B81FF
:101660008E72CD7200F0CEF90446B8F1000F04D0AE
:10167000074B1B689B7988F8003000F0DBF92046A7
:1016800002B0BDE8F08100BF1CD803006426002032
:10169000602600202DE9F84F804611480F46164677
:1016A0001D46BDF828B0BDF82CA0BDF8309000F064
:1016B00053F998B90B4B1C6884F80480A4F80570A2
:1016C000A4F80760A4F80950A4F80BB0A4F80DA082
:1016D000A4F80F90BDE8F84F15F01FBABDE8F88FD9
:1016E00014D803006426002010B50446054800F015
:1016F00033F930B9044B1B681C71BDE8104015F07C
:101700000CBA10BD0CD803006426002010B50446A6
:10171000054800F021F930B9044B1B681C71BDE885
:10172000104015F0FAB910BD3CD803006426002023
:1017300038B505460C460748012100F01DF940B9AF
:10174000054B1B681D71C3F80540BDE8384015F016
:10175000E4B938BD34D803006426002038B5054606
:101760000C460748012100F007F940B9054B1B68FA
:101770001D71A3F80540BDE8384015F0CEB938BD5D
:101780002CD803006426002038B505460C460748CF
:10179000012100F0F1F838B9054B1B689D80DC8011
:1017A000BDE8384015F0B9B938BD00BF4CD80300CA
:1017B0006426002070B5064608480D46144600F021
:1017C000CBF848B9064B1B681E71A3F80550DC71B5
:1017D000BDE8704015F0A1B970BD00BF44D803004A
:1017E0006426002008B5044800F0B6F818B9BDE832
:1017F000084015F092B908BD5CD8030038B505461D
:1018000006480C4600F0A8F838B9054B1B681D7156
:101810005C71BDE8384015F080B938BD54D803007C
:101820006426002038B5054606480C4600F094F8BA
:1018300038B9054B1B681D715C71BDE8384015F067
:101840006CB938BD6CD803006426002010B504467E
:10185000054800F081F830B9044B1B681C71BDE8E5
:10186000104015F05AB910BD64D80300642600205A
:1018700070B505460B480E4600F06EF8044678B980
:1018800000F0C0F8084B04461B6825B1D3F80620C9
:101890002A605A89AA800EB11B7B337000F0CAF807
:1018A000204670BD74D8030060260020044A034619
:1018B000106810B102789A4200D170470069F8E7C9
:1018C0005C26002008B515F0F1F8FFF743FE002272
:1018D000014B1A6008BD00BF5C26002038B5104DD2
:1018E0000446104A28461AF0BFFC4FF48270A04705
:1018F0000D4B01461860287818B14FF482721AF027
:10190000B6FC4FF48270A047084B01461860287857
:1019100028B1BDE838404FF482721AF0A8BC38BD37
:10192000912B00207CD80300642600206026002034
:10193000084A136833B94178036141F001014170ED
:1019400010607047197802789142FAD003F11002C2
:101950001B69EFE75C26002010B5044618F0EFFB8A
:1019600028B9034B22681C60024B1B681A6010BD2B
:1019700058260020642600202DE9F84F0468984678
:101980004FEA042A0AF4E06AC4F307234AEA030A86
:101990000AEB0209B9F5807F83460F46154603D945
:1019A0001D263046BDE8F88F18F0C9FB0646002812
:1019B000F7D1124B24F47F44C3F800B024F0C704DD
:1019C0000F4B44EA19244FEA09291B681FFA89F9C9
:1019D00044EA090443F8044B53442A464146184656
:1019E00019F0E7FE012F04D1FF2DD9D800F8015CD2
:1019F000D7E7022F08BF20F8025CD2E75826002064
:101A00006426002008B5074B1A68074B52F8040BF0
:101A10001968064B49681B689847054B1B689888EE
:101A200008BD00BF6426002058260020AC0B002013
:101A3000602600200022024B1A6018F082BB00BF13
:101A400058260020054B186808B1C3681BB1003840
:101A500018BF012070470069F6E700BF5C26002030
:101A600010B5034C23681860FDF7D6FA206810BD46
:101A700060260020F8B504460D46014600201746B2
:101A800015F015F8F3F7A6F8194E78BB194B1B683B
:101A90001C603368187058709870D870204614F025
:101AA000E0FF18B165B94368220E2BB90F250DE090
:101AB0005979914204D008331D68002DF8D1F5E71B
:101AC0003846A84733681B684BB9012524F47F408A
:101AD00020F0C70040F40070FFF7C2FF8580326835
:101AE000012052F8041B14F0E2FFF8BD1425EDE7C5
:101AF00060260020642600204022094B83F8212321
:101B000083F8222383F8232383F8262383F82523CD
:101B100083F8202383F82423502283F8222C704753
:101B200000E100E0BFF34F8F0549064BCA6802F49D
:101B3000E0621343CB60BFF34F8F00BFFDE700BFF0
:101B400000ED00E00400FA05044BD86910F4805061
:101B50001CBF186A00F00100704700BF0080E00F52
:101B600070B504460D461B4A13686BB393F87D109D
:101B7000586811F0040129D110608C22184693F89E
:101B8000706019F03DFE034680F870602268C0F86E
:101B90005A20A288A0F85E20A27980F860202868E8
:101BA000D864AA79A98883F85220FF2283F8752087
:101BB00083F8762040F6FF72A3F86E20064AA3F859
:101BC0005010116813605960184670BD1A1D034605
:101BD000CBE700BF6C26002068260020054A03469C
:101BE000106800B97047B0F86E209A42FAD0406889
:101BF000F7E700BF68260020054A0346106800B9D1
:101C0000704790F870209A42FAD04068F7E700BF1A
:101C10006826002038B50546064B1C680CB92046DE
:101C200038BD294604F14C00FEF75CF80028F6D1D7
:101C30006468F3E76826002010B9024B1868704703
:101C400040687047682600200023114A2DE9F041C2
:101C50008C2113608046024601200DF01DFF0446D2
:101C600020B905460B4E3060A84502D82046BDE895
:101C7000F08101200DF08EFF07468C2200210135F6
:101C800019F0BEFD87F8705037603E1DECE700BFCD
:101C9000682600206C260020012310B58B4090F8A8
:101CA0007110044621EA030149B280F8711000293D
:101CB00049D114F0ACFE204616F039FF102104F192
:101CC00018001AF09AFA2046FEF772FE04F1380066
:101CD00019F0B2FF204616F08BFE214A13681BB1A3
:101CE0009C42596830D11160A36859050BD51A057B
:101CF00009D443F40063A18994F87000A36004F14F
:101D00007802FFF7F3FA00232046636019F0B5FE6E
:101D100015F00DF84FF48072B2FBF0F2424394F8E4
:101D200070300344B3FBF2F102FB1133DBB2591EF6
:101D3000C9B2FD29F5D884F8703000236360094BDF
:101D40001A6852B91C6010BD1A465B68002BCBD0D4
:101D50009C42F9D163685360C6E7131D5268F0E7EF
:101D6000682600206C26002010B5084C206830B989
:101D7000BDE81040064B186001200DF0DBBE436843
:101D800090F871102360FFF787FFEFE768260020C7
:101D90006C26002090F8743003F00B03013BDBB29B
:101DA0000A2B9ABF014AD05C002070478AD80300F2
:101DB0001FB5014690F870308DF80430FFF7EAFF48
:101DC000B1F862308DF80C00ADF80630B1F864302F
:101DD00001AAADF80A30B1F866300748ADF808300E
:101DE000B1F86C3040F20311ADF80E3019F059FE25
:101DF00005B05DF804FB00BF1C26002007B590F875
:101E000070308DF8051001AA40F2072103488DF8C3
:101E1000043019F046FE03B05DF804FB1C260020D8
:101E200038B50A4B04461B680D462BB143699B0726
:101E300002D515F006FA30B12A4620680421BDE823
:101E4000384016F047BDA3699D6138BD702600205B
:101E5000014B1860704700BF70260020024B1868C5
:101E6000003818BF012070477026002013B50446C3
:101E7000019120B901A819F0DFFE212012E00846E7
:101E80000029FAD019F044FF80B20028F2D0094BA3
:101E900020461B6801994BB1984728B92046019903
:101EA000FDF762FF02B010BD0020FBE700F0E6FF87
:101EB000F3E700BF7026002073B5144D144C6A6818
:101EC000236802F0800103F002030B431BD053068A
:101ED0004CBF0126A67AFDF79DFE0196837983F01B
:101EE0000803C3F3C0030093E388A288217A607AD1
:101EF00001F0B4F940B9236823F0020323606B6852
:101F000023F080036B60002002B070BDA425002088
:101F10007426002001210020054BA3F10802C3E92B
:101F2000000043F8081C4FF01013517253607047C3
:101F30007C260020014B187B704700BF74260020D0
:101F4000074BDA7A4AB95A7A82421FBF1A68587226
:101F500042F002021A60FFF7AFBF0020704700BFD7
:101F600074260020024BD87A003818BF0120704731
:101F70007426002070B5224E716811F002013AD12A
:101F8000204D2B68580706D5084601F08DF92B68BF
:101F900023F004032B602B68726803F0080302F03F
:101FA0000402134310D0FDF735FE83791A071FD5BD
:101FB000FEF75CFC0446C8B92B6823F008032B60CD
:101FC000736823F004037360FFF776FF044668B973
:101FD000EB7A5BB12B685B0708D40121084601F05E
:101FE00063F950B92B6843F004032B60204670BDA1
:101FF000FEF720FCDEE71124F8E70446F6E700BF11
:10200000A42500207426002070B5124C257B637B2C
:1020100022689D42B8BF1D469207E37AEEB201D412
:10202000B34215D01BB10023E372FFF7A3FFE672A2
:1020300075B1094B93F82B30012B05D1236843F080
:1020400002032360FDF78CFDBDE87040FFF792BFEF
:10205000002070BD74260020A4250020022938B578
:1020600004460D4601D9212038BD14F0CFFF0028C9
:10207000F9D00E4B1A7BB2B91A68D10742BF22F0D1
:10208000010242F002021A60094A525D1A735A7A3A
:10209000A2421FBF1A685C7242F002021A60BDE8D9
:1020A0003840FFF7B1BF0220DEE700BF74260020F2
:1020B00095D80300054A137B013B022B03D800236C
:1020C0001373FFF7A1BF0020704700BF74260020E4
:1020D000032805D10A4A136843F00803136008E097
:1020E000012808D1064BDA7A42B11A6842F0080298
:1020F0001A60FFF73FBF10F0FD0FEBD000207047D4
:10210000742600200020094B10B55862FFF794FD9B
:1021100004461CB9BDE81040FFF726BE204641F238
:10212000160114F085FF6468F3E700BFA4250020C2
:102130002DE9FF4791420E4615469946BDF830A05D
:10214000BDF83480BDF8387003D9212004B0BDE853
:10215000F08740F67A428B1F9BB29342F5D8B5F5D3
:10216000486FF2D8B9F5FA7FEFD240F67642AAF17D
:102170000A039BB29342E8D809F101039BB26B4377
:10218000B3EB8A0FE1DAB845DFD8FF280BD1184B43
:10219000D9821D83A3F81A90A3F81CA0A3F81E806F
:1021A0001F840020D2E7FFF727FD04460028CCD08B
:1021B00090F873302A46012B31464B46CDE9018712
:1021C000CDF800A008D100F0A1FF0028BED1A4F8EE
:1021D0006880A4F86A70E4E700F098FF4B462A464E
:1021E00031462046CDF800A016F094FBEDE700BF85
:1021F000A4250020A0F11B03E02B10B5044618D83D
:10220000042142F2240014F028FB6FF06F034371A5
:102210004223A0F8034083710748F8F7D9FC14F073
:1022200060FB407920B114F05CFB407940F48050B1
:1022300010BD2120FCE700BF114903002DE9F04348
:102240009946002387B00E9E324C3360636A07467E
:102250000D46904613B10223336012E013F08CFE5A
:10226000074213D037EA000010D1012F01D0042F0C
:102270000CD1284633464A46414614F073FF0546C2
:1022800030B90025284607B0BDE8F0832123E3E7F5
:102290003846FFF755FE3060002831D194F82B30D6
:1022A000012B18D16368DB0715D4DFF86C8040463A
:1022B00001F07CFA306018BB6368A06843F0040347
:1022C000B8F80420636098F80630C5F85A00A5F8FD
:1022D0005E2085F86030FFF74DFE306080B9238CBA
:1022E0003A460493E38BFF210393A38B2846029382
:1022F000638B0193238B0093E38A00F049FE3060E7
:10230000336823B100212846FFF7C6FCB9E76562B0
:10231000B8E700BFA4250020AC25002037B504464F
:102320000D4614F0ACFE6988204614F0F5FC6A7E78
:102330002B7E204643EA0223A4F862306A7F2B7F7B
:1023400043EA0223A4F86430EA7EAB7E43EA022328
:10235000A4F866301B23A4F86C302D4BDA8B1B8C51
:10236000A4F86820A4F86A30022384F8723014F0CC
:102370004DFB204616F0B6FB94F87330022B15D1B6
:1023800001F0ECF870B194F9753001330AD10521F0
:102390002046A36843F48053A36003B0BDE83040F7
:1023A00014F0C4BE0021204614F0B9FC00212046E0
:1023B00000F02AFA4FF6FF73288C984225D000F0DF
:1023C000C3F9009400F0AEF96A46ADF8040040F29B
:1023D0000621104819F065FB002240F20221204638
:1023E00019F01BFB2046FFF7E3FC204616F086FBA6
:1023F000204600F007FFA368012123F48043204614
:10240000A36014F09BFE03B030BD0020D9E700BFED
:10241000A42500201C260020F7B504460F461646CA
:1024200068465A79991D1D46FDF73AFC2CB9694654
:102430003046FFF795FB0446A0B140F2032384F831
:102440007670A4F8723033682946C4F85A30B388DD
:102450002046A4F85E30B37984F86030FFF75EFF61
:1024600003B0F0BD032140F2064014F0F6F96B888A
:10247000A0F803300D2343710148F8F7A9FBEFE7FB
:102480003746030007B590F870304FF4887101AA01
:1024900003488DF8043019F004FB03B05DF804FB29
:1024A0001C2600202DE9FF4103780446302B0E4600
:1024B00039D006D8052B25D0082B41D004B0BDE873
:1024C000F0813E2BFAD183780C2B4BD8022BF5D917
:1024D000033B092BF2D801A252F823F07525020024
:1024E000AF260200BD240200BD24020047260200E0
:1024F000BD240200BD240200BD240200BD24020050
:102500009B260200B0F80300FFF768FB28B1617951
:1025100009B141F4805114F08BFD304604B0BDE8A0
:10252000F04119F089BBB0F80300FFF757FB002812
:10253000F3D0A17809B141F4805114F0D2FDECE759
:10254000B0F80300FFF74AFB0028E6D0627990F864
:10255000743022B143F0010380F87430E9E703F0EE
:10256000FE03F9E7212B00F0B780292B1FD0202B89
:10257000D3D0A3E78088FFF731FB0028CDD0E278E5
:10258000002ACAD1E179A27942EA0122A0F86220A8
:10259000E17AA27A42EA0122A0F86420227A617AE2
:1025A00042EA0122A0F86620FFF702FCB5E7C778EF
:1025B000851C3C2F02D103F09BFFAEE790F806800C
:1025C000B8F1000F23D1544A546AC2F82480CFB125
:1025D0002946204647F4805714F051FDE76084F8FF
:1025E000728040F20121204601AACDE9014719F08D
:1025F00058FAA368414643F480632046A360FFF77E
:102600004BFB8AE729462046FFF788FE85E74FF611
:10261000FF73408C98420BD000F096F840B1FDF764
:10262000F9FA2B460246FF210020FFF7F5FE74E77A
:102630003A4B223455F8042BA54243F8042BF9D128
:102640002A881A8069E7B0F80300FFF7C7FA002864
:102650003FF463AF40F20911B4F8053090F87020F0
:10266000A0F86C308DF80420ADF80630227AE379BA
:1026700043EA0223ADF80830A27A637A43EA0223E0
:10268000ADF80A30227BE37A43EA0223ADF80C303E
:1026900001AA234819F005FA3FE78088FFF79EFA60
:1026A00000283FF43AAFA179FFF7A8FB35E780880F
:1026B000FFF794FA00283FF430AF90F870300E2105
:1026C0008DF80430D4F8063001AACDF80530D4F8DE
:1026D0000A30CDF80930DCE78088FFF77FFA002860
:1026E0003FF41BAF90F870304FF403718DF8043055
:1026F000E37801AA8DF80530A3798DF80630E379E7
:102700008DF80730237A8DF80830637A8DF8093018
:10271000A37A8DF80A30BCE7A4250020D22500203A
:102720001C26002050B10C22064B1B68C31AB3FBB9
:10273000F2F3807A40EA032080B270474FF6FF70D0
:10274000704700BFB00B0020024609490B7A0968A8
:10275000FF2B01D10020704703EB430301EB830003
:1027600031F82330C3F30B039342F4D0C37AEFE77D
:10277000B00B002008B5054B054A1978054819F03B
:1027800073FDF722044B1A8008BD00BF002C002007
:1027900098D80300932B00200C0D002010B50446A0
:1027A00070B30068836CA34222D1636883642246BD
:1027B000144919F03EF904F10C0019F05EF904F126
:1027C000440019F039FAFFF749FB58B1A06948B144
:1027D000143019F031FAA069183019F02DFAA069F7
:1027E0000DF0EAFB2046BDE810400DF0E5BB1346B6
:1027F000002BDCD05A68A242F9D162685A60D6E751
:1028000010BD00BFD3720300F8B5054648200E4640
:1028100019F02FFD2A4F0446387818B14822214676
:1028200019F025FD8CB1FFF719FB98B11C2019F0A8
:1028300020FD0146A061387810B11C2219F017FD67
:10284000A3692BB920460DF0B7FB00242046F8BD44
:1028500000221A700321284614F061FAAB6C22465C
:102860006360AC64172326810026638115492846DE
:102870002560267766640DF083F803F091FC3246FC
:10288000014604F10C000DF07BF802232374FFF7DE
:10289000E5FA18B90C4B1B78002BD7D00B4B1988D5
:1028A0001729D3D9204614F0C9FA0028CED1122115
:1028B000204614F0D3FC636943F002036361C5E76B
:1028C000932B0020D3720300922B00200C0D0020CC
:1028D000F8B5054610B3002920DB114C2468247E8E
:1028E0008C421BDD3F2919DC032701F0030600EBB6
:1028F000A10191F831407600B74002F0030224EACA
:102900000704B240224381F8312013B1002114F0B2
:102910005FFD2846BDE8F84014F0B7BDF8BD00BF24
:102920008C26002070B5164600221A7032800A7A72
:102930000D46072A4DD8DFE802F004090D111A1ED2
:10294000304AE86830F8023B338043E0EB68981D7A
:102950005B88F9E7EB68981D9B88F5E7697B14F0C5
:1029600084FD02221C4B18801846328032E002237C
:102970001A4833802EE01A4C2B7BE88923702B8871
:10298000E11C013363702B8801331B12A37000F02C
:10299000DBF90330308020461CE0124CA889EB891B
:1029A000020AA3701B0A20706270E37000F040FA04
:1029B00058B1C3681A88022A07D19A782271DB7845
:1029C000637106230748338004E00423FAE780227A
:1029D0001A70002070BD00BFAD2B0020A8D80300E6
:1029E0009A2B0020942B0020054A064B1860136890
:1029F00043F001031360828B034B1A80704700BFC2
:102A0000842600208C260020902A002000232DE917
:102A1000F04FDFF8C09191B0D9F80070054617F07B
:102A20000807CDE90633CDE908330AD0664B03F138
:102A3000100253F8041B934245F8041BF9D10020FF
:102A400011E00320F3F7F8FA19F013FC804648B1BF
:102A50000620F3F7F1FA19F00CFC064630B94046AF
:102A60000DF0AAFA1A2011B0BDE8F08FCDE9047775
:102A7000F6F7CCFC044668B140460DF09DFA3046AE
:102A80000DF09AFA40F20740214600F00BFE40F2AA
:102A90000740E8E74FF4A0524C4BC6E90323F36923
:102AA000002B42D14FF410533380802310227380C7
:102AB000304604AB06A910F09DF90446A0B9404683
:102AC000424A049910F078FA044668B98346404BAC
:102AD000BAB21B68D98891422FD8102229464046A5
:102AE00005AB10F087FA0446404610F0EBF940467B
:102AF0000DF062FA304610F0DCFB30460DF05CFA67
:102B0000049810F083F8002CBCD12F4B05F1100273
:102B100055F8041B954243F8041BF9D1D9F800304D
:102B200043F00803C9F8003089E73B463A464FF4C2
:102B30001051304610F0C9FBB7E71A68BCB221014A
:102B400002EB04142046ADF80EB00191009215F08E
:102B500084F88246204600F03FF930B3DDE90021D9
:102B6000AAF5205080B2032802D9BAF5245F1ED1FD
:102B7000525A00202146ADF828200DF10D030DF129
:102B80000E02ADF82AA0FFF7CDFEBDF80E200146DB
:102B90000BA818F00EFEBDF80E20404604320AA91C
:102BA00010F00DFA044600289ED101378FE70AF590
:102BB0005640FF3080B20428F7D8525AADF82AA008
:102BC000ADF82820E7E700BFAF2B00200002C003CC
:102BD0008C26002084260020134B01461B6870B50C
:102BE00013F0040306D00022104B1C68E38990B256
:102BF000834209D80E4A14680022E58990B28542C2
:102C000009D84FF6FF7005E0A56835F8125001327B
:102C10008D42ECD170BDA66836F8126001328E424A
:102C2000ECD1034498B2F5E78426002088260020E2
:102C30008C260020094B1B685B070AD5084B1A68D5
:102C4000D389834203D9936833F810007047C01AC0
:102C500080B2044B1B689B68F6E700BF8426002007
:102C6000882600208C26002038B5046805460C22F2
:102C70002046084918F08DFD50B90222064904F19A
:102C80000E0018F086FD18B902200C342C6038BDF7
:102C90001020FCE7ABD80300B9D803002DE9F743B7
:102CA000102801910BD0022804D04FF6FF7003B01A
:102CB000BDE8F083019B1888FFF78EFFF7E701A8B6
:102CC000FFF7D2FF0228F5D01028EED11B4B019F51
:102CD0001E6816F0040608D00024194BD3F80080B3
:102CE000B8F81660A5B2AE421AD80025154BD3F835
:102CF0000080B8F81690ACB24C45D6D2D8F8100087
:102D0000102200EB0510394618F043FD013500286C
:102D1000F1D1A0196FEA40406FEA504080B2C6E797
:102D2000D8F81000102200EB0410394618F031FDDD
:102D300001340028D6D145F40040B8E784260020AD
:102D4000882600208C260020020408B51DD5124BD1
:102D5000C0F30E001B685B0713D5104B1A68D38AAB
:102D600098420CD2136903EB001000F1100350F8E5
:102D7000042B984241F8042BF9D1102008BDC01A49
:102D800080B2074B1B681B69EDE7FFF753FF087024
:102D9000000A48700220F1E78426002088260020DF
:102DA0008C26002070B5044642F60306094B1B68CA
:102DB0001D68A5420AD2204629B914F04EFFB04240
:102DC00006D1103402E014F052FF08B1204670BD65
:102DD000103CEEE78C260020437ADA0702D5C3F3D5
:102DE00080007047034BC2881B881A4214BF012021
:102DF00000207047902A00200A4B1B68DB0708D58B
:102E000070B1094B1B68DB88834234BF002001206E
:102E1000704728B1054B1B88834294BF00200120D6
:102E2000704700BF842600208C260020922A0020B4
:102E300070B50246FFF7E0FFE8B10F4B1968CD8887
:102E4000954209D302F180500B680138040103EB6D
:102E500000101B5B93420ED0002398B2854201D82C
:102E6000002008E00E681C01345B06EB031094425E
:102E700003F10103F1D170BD8C26002037B58B79A9
:102E80000A460C33CD180191C95C044611F00103C8
:102E900029D01D290AD101211E2013F071FF0146FE
:102EA000204613F0C5FF012003B030BD032916D121
:102EB0000E4BB5F801201B884189934228BF134669
:102EC000172BB8BF1723438114F09DF9636940F2B3
:102ED000094123F002032046636114F0BCF901A804
:102EE00018F0AAFEDFE71846DEE700BF0C0D002051
:102EF00030B585B0054614F0C5FE0446A8B9AB69E7
:102F00000B4A01215A604FF42053ADF80C300223D4
:102F10004FF6FF720093284603AB17F0C8F904463A
:102F200018B90121284614F099F9204605B030BDA2
:102F30000100FFFF38B5124B04461B8842898B42C3
:102F400028BF0B46172BB8BF17231146438114F037
:102F50005AF9636923F002036361A3699D693DB176
:102F60000022294620469A61BDE83840FEF758BF46
:102F700040F20941204614F06EF9A3691D7038BD76
:102F80000C0D00200148FEF763BF00BFC1650200C1
:102F90002DE9FF41044600200D461746984618F0DB
:102FA000DEFF0646002859D04FF0C813ADF8048064
:102FB0004FF000080093BDF82830ADF80630BDF89A
:102FC0002C30ADF80830BDF83030ADF80A30BDF81F
:102FD0003430ADF80C30BDF83830ADF80E3047FA6B
:102FE00008F3DB0704D510226946304618F007FEC7
:102FF00008F10108B8F1030FF1D132460C2142F279
:10300000850013F03FFC00230571FF2D18BF94F8D5
:1030100076508773C570437194F8603083F008036D
:10302000C3F3C003837194F8523083F00803C3F3F1
:10303000C003C371E36C8360B4F8503083810848E7
:10304000F7F7C6FD13F04DFC807820B113F049FC72
:10305000807840F4805004B0BDE8F0811A20FAE78F
:103060005347030008B5002142F20E0013F0F5FBB0
:10307000BDE808400148F7F7ABBD00BF2347030098
:1030800038B590F872300446032B154606D1FFF789
:10309000E9FF0123002084F8723019E0C9B9012B3F
:1030A0002DD9032140F2064013F0D7FBB4F86E305F
:1030B0004571A0F803301348F7F78AFD13F011FCAF
:1030C0008378002BE5D013F00CFC807840F480501E
:1030D00038BDA3B102214FF6044013F0BEFBB4F893
:1030E0006E30A0F803300848F7F772FD13F0F9FBD3
:1030F0004379002BCDD013F0F4FB4079E6E70220B2
:10310000E6E700BF374603006D460300F8B5074603
:103110000E4642F213000E2115461C4613F09DFB8D
:10312000B7F86E30A0F80560A0F80330BDF818308D
:10313000A0F80750A0F80B30BDF81C30A0F80940EB
:10314000A0F80D30BDF82030A0F80F300648F7F792
:103150003FFD13F0C6FB807820B113F0C2FB8078EE
:1031600040F48050F8BD00BFAF460300F8B50746F5
:103170000D4642F219001C211C46164613F06DFB49
:10318000B7F86E300F3020F80C3C2B6804F11002B9
:1031900040F80A3C6B6820F8026C40F8063C234675
:1031A00053F8041B934240F8041BF9D10648F7F783
:1031B0000FFD13F096FB807820B113F092FB80781E
:1031C00040F48050F8BD00BF5F45030070B506466F
:1031D0000D4642F27A000421144613F03EFBA0F89B
:1031E0000360457184710648F7F7F2FC13F079FB30
:1031F000407920B113F075FB407940F4805070BDE8
:103200006D4C030010B50446022142F2300013F069
:1032100024FBB4F86E30A0F803300F48F7F7D8FC61
:1032200013F05FFB437963B913F05BFBC088FEF7D3
:10323000D5FC044628B113F054FB017A2046FEF772
:10324000DDFD13F04EFB407920B113F04AFB4079CD
:1032500040F4805010BD00BF41AD0100F8B50746F5
:103260000E4642F24100082115461C4613F0F5FABD
:103270009DF818304771C3709DF81C30867103713A
:10328000A0F80750A0F809400648F7F7A1FC13F092
:1032900028FB407920B113F024FB407940F48050A2
:1032A000F8BD00BF39AC010038B505460C4642F206
:1032B0004200062113F0D1FA0023C57043718371D7
:1032C000C371037204710648F7F782FC13F009FB1F
:1032D000407920B113F005FB407940F4805038BDAF
:1032E00091AC0100044B18780130C0B2012838BFFE
:1032F00001201870704700BF902600200148FDF79C
:10330000E7B900BF093302002DE9F04F867987B095
:103310000C3605900546805BC0F30B00FEF75EFCA3
:10332000044618B905A818F087FC4EE090F87230F2
:10333000022BF7D1AB5B059AC3F30B0103F44053A7
:10334000B3F5805F9060A95342D153796FF30003C6
:103350005371836B002BE5D0042105A804F13806D6
:1033600018F051FD3046059918F034FDA06B00238C
:1033700001465A1CA9BBDBB2012B01D918F09BFDF9
:10338000A06B18F0C5FC03281FD9D4F83890484624
:1033900099F8067018F0BCFC0C3709EB070539F8F2
:1033A0000770A0F10408474522D9524FD4F838A03D
:1033B00007F1100957F804BB5346424629462046F8
:1033C000D8474F4510D00028F4D007B0BDE8F08FA3
:1033D000383018F031FC059A537943F001035371EA
:1033E000BAE713460968C4E70028EED130469AE7E9
:1033F000A06B18F08DFC04378742F7D36988A1F1E0
:1034000040033F2B0BD80421304618F0FCFC20462B
:10341000A26B698815F0E4FA0023A363D5E70529B8
:103420000BD0062961D00429E0D1304618F0EBFC1E
:10343000A16BA06CFEF71AFDEEE72946204615F0B9
:10344000CDFA02460028D1D12B79122B06D0132BAE
:1034500036D02046697915F099FAC7E794F87330A9
:10346000022BF6D040F67A4029898B1F9BB283420B
:1034700024D86A89931F9BB283421FD891421DD8DA
:10348000AB89B3F5FA7F19D240F6764CEF89A7F1F4
:103490000A0080B2604511D8B4F86A000290B4F80E
:1034A0006800CDE900702046FFF730FE021E18BF0D
:1034B00001222046697915F0E9F997E70122F8E73A
:1034C00094F87330012B03D12046697915F05EFA28
:1034D000A3681A048AD523F40043A3602B89012B27
:1034E00084D12046FEF7CEFF80E72046A16B15F081
:1034F000F7FA91E7BCD803000C4B01461A789AB949
:103500005B689B0710D490F97520013218BF012227
:1035100091F8523013F0400005D091F8600010F09F
:10352000400018BFD0B270470122F1E79826002072
:10353000024B586800F00200704700BF9826002038
:10354000024B586800F00800704700BF9826002022
:10355000014B1B68184700BFBC0B002008B512F0D8
:10356000A9FC022817BF034B0020586800F0100088
:1035700008BD00BF9826002007B50246084604286B
:1035800002F0010113D9B1B903200C4B5A6002F0CB
:103590008003019302F04003009302F0200302F045
:1035A000040200F05FFB002003B05DF804FB00297B
:1035B000EBD00328E9D12120F6E700BF98260020B0
:1035C00038B50D490D480CF007FD0446054688B98D
:1035D0000B4B0C4A1A600C4A5A600C4A9A600C4A0F
:1035E000DA6000F091FB032104462846FFF7C4FF90
:1035F000084B1D70204638BDEFBEADDEBEBAFECA18
:10360000BC0B0020593C0200CD8E0300A53C0200FB
:10361000315402009826002038B5044603200CF0EF
:10362000ADFC0546D0B194F87030037094F8753055
:1036300043702046FEF7AEFB2A46A87040F20261B6
:10364000074818F0EAF9074B2046DB680121984744
:1036500094F97500BDE83840FBF74EBF38BD00BF98
:103660001C260020BC0B002070B5054608200E4625
:103670000CF084FC044680B195F870300021037092
:10368000064B4660DB68284698472246BDE87040F6
:1036900040F20161024818F0C0B970BDBC0B0020B7
:1036A0001C26002038B5054608200C460CF066FCA8
:1036B000024638B1C0E90054BDE838400D21024847
:1036C00018F0ABB938BD00BF1C26002038B5054640
:1036D00008200C460CF052FC024650B195F87030B0
:1036E00040F20561037044600248BDE8384018F0BC
:1036F00094B938BD1C26002013B50446019111462B
:1037000012B301A904200CF077FC019B104A20465B
:10371000B3FBF2F102FB113345F2180200210193D1
:1037200001AB15F032FB08200CF028FC024648B132
:1037300094F8703040F204610370019B43600548C7
:1037400018F06BF902B010BD45F2180201ABE8E7C2
:1037500040420F001C26002010B5044601200CF04A
:103760000DFC024648B194F8703040F203610370DA
:10377000BDE81040014818F050B910BD1C260020CB
:1037800038B5054608200C460CF0F8FB024650B14F
:1037900095F8703040F20761037044600248BDE85C
:1037A000384018F03AB938BD1C260020014B5B6840
:1037B000184700BFBC0B002010B50F4C2368D3B1D5
:1037C0000022D3F8A0001A7783F83D2083F85E200A
:1037D0000FF01CFA20684421603018F00EFD2068BC
:1037E00021211D3018F009FD20682121BDE810407D
:1037F0003E3018F002BD10BDA026002000F0C0032E
:10380000402B07D1094B1B6873B100F03F0053F800
:1038100020007047802B01D1054BF4E7054A06488C
:10382000C02B08BF1046704703487047A8260020E9
:10383000A4260020CF8F0300254102002DE9F0438C
:103840008BB006AC884615460346264600F11007A5
:10385000224618685968083303C2BB421446F7D1A0
:103860001021304618F0BBFC002306200593F2F728
:10387000E3FB18F0FEFC044648B3DFF880904FF4F9
:10388000807115F07FF94FF41051C0F8109015F0C9
:1038900087FA80231027638005AB284602933246BF
:1038A0003B464946CDE90087F5F7FCFC0546F0B9F3
:1038B0003946404618F093FC3946304618F09DFCD6
:1038C00020460FF0F6FC20460CF076FB0BE06FF084
:1038D0008C0140F20740FFF7E5FE1021304618F05A
:1038E0008CFC6FF08C0528460BB0BDE8F0830146D8
:1038F00040F20740FFF7D6FEDEE700BF0044400479
:103900002DE9F0439846002387B0044606200E4672
:103910001746CDE90433F2F78FFB18F0AAFC0546F1
:1039200060B3DFF884904FF4805115F02BF94FF419
:103930001051C0F8109015F033FA802321466B80A7
:103940001022284604AB0FF055FA044628BB05ABFD
:10395000029310233246CDE9008349463B46049842
:103960000FF079FB0446C0B904980FF04FF92846D0
:103970000FF09FFC28460CF01FFB0AE06FF08C0153
:1039800040F20740FFF78EFE04980FF03FF96FF00A
:103990008C04204607B0BDE8F083214640F2074082
:1039A000FFF780FEE0E700BF0002C00370B50E46DF
:1039B0000446154692B020223046434917F0E9FEEE
:1039C00068B920222846414917F0E3FE38B9404B38
:1039D0001B681B7D002B63D040F203401BE0246C6E
:1039E0002022304604F1510117F0D3FE38B92022CD
:1039F000284604F1710117F0CCFE0028ECD0062017
:103A0000F2F71AFB18F035FC044630B901461A20CB
:103A1000FFF748FE1A2012B070BD00234FF480411A
:103A2000009315F0AFF82B4B44F21211036115F01F
:103A3000B7F94FF480736380042330468DF8043067
:103A400006F120020DF1050350F8041B904243F8E3
:103A5000041BF9D10DF10500202118F0C0FB284608
:103A60000DF1250305F1200250F8041B904243F8A4
:103A7000041BF9D120210DF1250018F0B0FB01A99C
:103A80006B46412220460FF0B5F9014650B9204659
:103A90000FF00FFC20460CF08FFA00980FF0B6F8EC
:103AA0000020B8E710F1870F03D040F20740FFF77E
:103AB000F9FD20460FF0FDFB20460CF07DFA009842
:103AC0000FF0A4F888E700BFE0D90300C0D90300D5
:103AD000A0260020000002092DE9FF41044606202F
:103AE0008846F2F7A9FA18F0C4FB054648B9014622
:103AF0001A20FFF7D7FD6FF08C04204604B0BDE814
:103B0000F0814FF4807115F03DF8184B4FF41051CF
:103B1000036115F045F922466C46802327466B80E9
:103B200002F11003264610685168083203C69A4213
:103B30003446F7D11021384618F051FB4346102285
:103B4000394628460FF056F9044620B1014640F2A6
:103B50000740FFF7A7FD1021384618F04EFB284616
:103B60000FF0A7FB28460CF027FAC6E700444004F4
:103B7000FF282DE9F74318BF344C814618BF44EAAB
:103B800000244FF006000F46164608BF304CF2F7EF
:103B900053FA18F06EFB8046002852D001462046AA
:103BA0000FF048F8054640460FF083FB40460CF006
:103BB00003FA15F1880F40D1B9F1FF0F3FD106206C
:103BC000F2F73AFA18F055FB044658B901461A20A4
:103BD000FFF768FD002005463C6006B1356003B084
:103BE000BDE8F08300231A4A019343688260DAB289
:103BF00022B923F0FF0343F001034360204640F263
:103C0000011114F0BFFF134B4FF41051236115F055
:103C1000C7F8802301A9204663800FF089FA014686
:103C200018B140F20740FFF73DFD20460FF041FB81
:103C300020460CF0C1F9019CCCE7002DCAD0212010
:103C4000CBE71A206FF08C05C7E700BF06800400A1
:103C50003700040000444004014B1B68187A704789
:103C6000A0260020003918BF0121003B18BF012306
:103C700010B50B4C003A246818BF0122A3749DF8BC
:103C800008302070003B18BF0123E3749DF80C300E
:103C90002174003B18BF01236274237510BD00BF5F
:103CA000A026002001280AD002280ED098B90B4B7C
:103CB0001A68936943F00103002093617047074B32
:103CC0001A68936943F00203F6E7044B1A68936994
:103CD00043F00403F0E72120704700BFA026002036
:103CE000024B034A00201A60704700BFA82600203C
:103CF0007CD90300024B034A00201A60704700BFC2
:103D0000A426002054D9030010B5194C236833B9F8
:103D1000A42018F0AEFA206038B91A2426E0FFF784
:103D20004BFDA421206818F068FA03224FF0FF3100
:103D3000236810481A70D960002210211A7719726E
:103D400083F83D200C4983F85E201A829A749A61A8
:103D50000BF016FE044648B9F5F758FB30B1224681
:103D60000549044817F065FE40F20744204610BD9F
:103D7000A0260020AC260020FB8C03002DE9F04398
:103D800083680446590687B040F1B18023F04003B0
:103D9000836014F0BFFF802802D0402840F0AA8042
:103DA00094F9758004F13409B8F1FF3F1DD112F088
:103DB00081F8022871D0636B04201A888DF80820DE
:103DC0001A4632F8021B090A8DF80910D3F802309E
:103DD00002A9CDF80A3053680A22CDF80E30FBF75D
:103DE00019FBB0F1FF3F804657D0A56815F48075E8
:103DF00053D10620F2F720F918F03BFA074698B99C
:103E000001461A20FFF74EFC204641F20601FFF75B
:103E10002BFC20460021FCF745FD04F1340007B0DF
:103E2000BDE8F04314F0D3BF204614F073FF8028A0
:103E300028D1494D394645EA082528460EF0FAFEB4
:103E4000064638460FF035FA16F1880F1BD1434D60
:103E5000394645EA082528460EF0ECFE0646384667
:103E60000FF027FA38460CF0A7F896B9606B2A468F
:103E700002A90A30FFF7E2FC70B3102102A818F083
:103E8000BCF9C1E72E46204614F044FF4028E9D192
:103E9000DDE7314640F20740B4E794F87430DA07C2
:103EA00002D4A368DB05AFD5002301A904F11800F3
:103EB0000193FFF711FE18B101980EF0A7FEA3E7DA
:103EC000606B019A02A90A30FFF7B8FC0546019819
:103ED0000EF09CFE002DD0D1204602A9FCF7E2FC9A
:103EE00002A8102118F089F9484614F070FF07B0B5
:103EF000BDE8F083636B1A88002A85D1882801D039
:103F00004B2881D10022013313F8011F00297FF4CF
:103F10007BAF0132082AF7D1206C019100F598702F
:103F200001A9FFF7D9FD0028C6D1606B019A02A94B
:103F30000A30FFF783FC054601980EF067FE002D5E
:103F40009BD1204602A9FCF7ADFC02A8102118F075
:103F500054F904F13400C8E705800400038004002C
:103F60002DE9F043804693B006200F461646994649
:103F7000F2F762F818F07DF9054648B901461A20B3
:103F8000FFF790FB6FF08C04204613B0BDE8F08380
:103F90004FF4804114F0F6FD5D4B47F212110361BE
:103FA00014F0FEFE4FF480736B805A4B1A68137F37
:103FB000022B21D102F1600302F1800153F8040BBE
:103FC0008B4247F8040BF9D102F1A00153F8040B1E
:103FD0008B4246F8040BF9D1D2F8A0302846C9F834
:103FE00000300FF066F928460BF0E6FFB8F1000F3D
:103FF00040F086800024C7E79369DB072DD5464B48
:1040000003F1200253F8041B934247F8041BF9D133
:10401000424B03F1200253F8041B934246F8041B61
:10402000F9D14B4620223E4928460EF0E3FE0446D5
:1040300028460FF03EF928460BF0BEFF002CD5D0E5
:10404000214640F20740FFF72DFBB8F1000F9BD04F
:104050000821404614F099FF96E7494628460FF09C
:1040600067F8044690B1014640F20740FFF71AFB9B
:10407000B8F1000F03D00821404614F086FF28460F
:104080000FF017F928460BF097FF7DE76B464122AA
:1040900001A9D9F800000EF078FE044628460FF07A
:1040A00008F928460BF088FF4CB1214640F2074042
:1040B000FFF7F8FAD9F800000EF0A8FDC5E73A4678
:1040C0000DF105030DF1250153F8040B8B4242F865
:1040D000040BF9D132460DF1450153F8040B8B4224
:1040E00042F8040BF9D101A8412118F086F83846AE
:1040F000202118F074F82021304618F070F875E788
:10410000002245F21601404614F02FFE72E700BF70
:1041100000000209A0260020CCD80300EDD803003F
:1041200000DA030045F20603994210B504463CD07C
:104130000DD840F2032399421AD045F20203994266
:1041400011D040F20123994212D048202CE045F2D0
:10415000170399423AD045F21A0399421CD045F20E
:104160000C039942F1D10521204614F00EFF1AE00C
:10417000174894F8701017F031FC94F873304FF42E
:10418000A041012B14BF80204020FFF737FB002205
:10419000034620469847D8E7C02114F0CBFD0721FD
:1041A0002046FFF761FA002010BD93791A44517C34
:1041B00041F49051FFF758FA94F873302046012BE0
:1041C00014BF8021402114F0B5FDECE70220EBE79D
:1041D000AC260020B1F5A04F2DE9F3410546144669
:1041E00000F03681A1F5A043DE1F042E00F23781D6
:1041F0009279083B0C321444026C92F85021032B44
:1042000005D8DFE813F047009400C5002201D1076C
:1042100040F1BC80053410222146934817F0B9FACA
:10422000002800F09D8011F045FE0228286C27D060
:104230002246032190F95E01FBF786F80026074627
:1042400011F038FE022812D195F87330012B0ED1EF
:10425000234605F1180204F1100153F8040B8B42B8
:1042600042F8040BF9D1AB6843F48073AB601021C2
:10427000204617F0C2FF002E6DD0002130462FE0FF
:1042800023461022032190F95E0111F015FE00274C
:104290000646D5E712F0010778D011F00BFE022890
:1042A00021D02B6C062093F95E81F1F7C5FE17F043
:1042B000E0FF064608B91A26DFE701466B4840EAE8
:1042C00008200EF0B7FC804630460EF0F2FF304674
:1042D0000BF072FEB8F1000F05D0414640F20740E6
:1042E000FFF7E0F938E0286C04F1050843460A229C
:1042F000022190F95E0111F0DFFDD4F80530064689
:10430000AB62D4F80930EB62B4F80D302B8600288C
:10431000B3D12A6C92F8503123EA070382F8503166
:10432000284614F0F0FE002002B0BDE8F0819207AC
:104330002CD511F0BFFD022804F10504286C16D01D
:104340000621224690F95E01FAF7FEFF102107468A
:10435000204617F052FFCFB10821284614F015FE71
:104360002846082114F011FE40F20340DCE7062144
:104370002346102290F95E0111F09EFD06461021A1
:10438000204617F03AFF002E7FF477AF0027C0E7F2
:104390009307FBD511F08EFD02281AD02B6C062056
:1043A00093F95E71F1F748FE17F063FF06460028A7
:1043B00081D001462E4840EA07200EF03BFC07461C
:1043C00030460EF076FF30460BF0F6FD0FB1394661
:1043D00084E7617989B90A46631D13F8010F60B952
:1043E0000132062AF9D195F85210286C81F00801A3
:1043F00005F14C03C1F3C00106E000394FF006029D
:1044000018BF0121286CA31D90F95E0111F054FD25
:104410002A6C0646D2F8583143F04003C2F85831AE
:104420006389D4F80600ADF8043063790090002B5E
:104430000CBF4923722368468DF8063012F0BEFA8D
:10444000002E7FF41AAF022763E702F0040760E74B
:1044500014F0BFFB00222B6C83F85C2160E702B0F4
:10446000BDE8F041FFF75EBEB0D903000380040051
:1044700006800400F0B5B1F5A04F05468DB008D018
:1044800045F21304A14244D00DB0BDE8F040FFF75F
:1044900049BE0023046CCDE90833CDE90A3394F812
:1044A0005D310DF1200C042B2CD11F4B1B6893F8B0
:1044B0005E205AB1674603F13E024E333E46106815
:1044C0005168083203C69A423746F7D104F584731F
:1044D000069305F15303059305F15A0304932379D9
:1044E00028460393637904F1C8020293A37904F187
:1044F000F801CDE900C304F1B80315F08BF80020F2
:104500000DB0F0BD013B022B9CBFD4F82C310893B9
:10451000DCE7016C01F5847114F077FB4A21284631
:1045200014F008FCEBE700BFA0260020F0B545F230
:104530000E06B142044613468DB00BD045F213036C
:10454000994260D0B1F5A04F77D114F042FB002022
:104550000DB0F0BD9979026C0C310B44591D02F578
:104560008C72153351F8040B994242F8040BF9D1BF
:10457000256C102205F58C7105F5847017F009F98A
:1045800020B90B21204614F000FDE0E70023CDE91F
:104590000833CDE90A3395F85D310DF1200C042B79
:1045A0002AD1284B1B6893F83D205AB1674603F186
:1045B0001D022D333E4610685168083203C69A42E8
:1045C0003746F7D105F5A073069304F15A03059316
:1045D00004F153030493EB7A204603932B7B05F1FC
:1045E000B80202936B7B05F1F801CDE900C305F138
:1045F000C80315F00FF8AAE7013B022B9CBFD5F8C2
:104600002C310893DEE7056C102205F5A07105F545
:104610008C7017F0BEF80028B3D1D5F858314B2173
:104620009B0748BF94F87430204644BF43F0020310
:1046300084F8743014F07EFB89E70DB0BDE8F040DB
:10464000FFF770BDA026002073B545F21406B142F5
:1046500004461AD045F21906B14221D0B1F5A04F57
:1046600028D114F0B6FA216C204601F59473019319
:1046700001F1B803009301F1110201F1C8035131B6
:1046800015F069F8002002B070BD036CD3F8282142
:104690000B4BB2FBF3F103FB1121FFF717F8F1E726
:1046A00013781BB90C2114F070FCEBE7492114F0CE
:1046B00041FBE7E702B0BDE87040FFF733BD00BF44
:1046C00040420F002DE9F04F97B01546DDE92098E4
:1046D00004AA06468C4692461C46524B229F03F182
:1046E000100B9646186859680833AEE803005B451E
:1046F0007246F6D16B46202261465046FFF700F91C
:104700008346002871D1484B05F1100208936523B8
:104710008DF824300DF12503184655F8041B9542F9
:1047200043F8041BF9D1102117F059FD0DF13503A1
:10473000184604F1100254F8041B944243F8041B79
:10474000F9D1102117F04BFD99F80630062183F0BE
:104750000803C3F3C0038DF84530D9F800300DF1DC
:104760004600CDF84630B9F804300124ADF84A309F
:1047700017F035FD98F80630062183F00803C3F3DF
:10478000C0038DF84C30D8F800300DF14D00CDF855
:104790004D30B8F80430ADF8513017F020FD00234B
:1047A00035228DF854306846239B08A98DF8534074
:1047B000FFF7A6F88346C0B91021239817F00FFD24
:1047C0003B463522684608A98DF82040FFF798F847
:1047D000834650B9B27C0146C2F11002384617F048
:1047E0000FF81021384617F0FAFC1021684617F030
:1047F00004FD352108A817F000FD1021504617F0E0
:10480000FCFCBBF1000F06D00821304614F0BDFBC4
:1048100017B0BDE8F08F5A4645F21201304614F049
:10482000A4FAF5E70ED903000062746C70B51E4659
:104830000423054696B014468DF8143001F1200289
:104840000DF1150351F8040B914243F8040BF9D113
:1048500020210DF1150017F0C2FC22460DF13503A1
:1048600004F1200152F8040B8A4243F8040BF9D1F9
:1048700020210DF1350017F0B2FC04AB0293202388
:1048800001931A9B314600930E48412305AA0EF06E
:10489000EFFB0446412105A817F0AFFC54B12146B7
:1048A00040F20740FEF7FEFE0821284614F06DFB9B
:1048B00016B070BD224645F21501284614F055FA8F
:1048C000F6E700BF0000020945F20D039942F7B573
:1048D000044627D00DD8B1F5A04F1DD045F20403F2
:1048E000994200F08F80204603B0BDE8F040FFF70A
:1048F00019BC45F21103994200F0A68045F2150358
:104900009942F0D1006C90F85D31052B06D8DFE8B4
:1049100003F0503A423A555014F05BF900273846FC
:1049200003B0F0BD93790C331A44561D02F12505EE
:104930002A463146FFF73AF8074620B10B212046B8
:1049400014F023FBEBE73146236C113351F8042BB1
:10495000A94243F8042BF9D1236C01F12002313331
:1049600051F8040B914243F8040BF9D1216C204615
:1049700001F1D8030093D1F8943001F131021131E3
:10498000FFF754FFCAE72046452114F0D3F920462B
:10499000FEF7E2FEC2E72046452114F0CBF9364B84
:1049A00020461B68D9684B1C5A425A41FEF7A4FEA8
:1049B000B4E74621204614F0BDF9AFE72E4B1B6843
:1049C00093F85E5065B1002100F1110200F5A0706E
:1049D00001900091204611463E3314F024FB9DE7E0
:1049E0001021C83014F0E9F900283DD008212046F4
:1049F00014F0CBFA294640F20740FEF753FE40F28E
:104A000007478CE79179036C0C310A44511DA83398
:104A1000153251F8040B914243F8040BF9D1256C7F
:104A2000102205F1A80105F1980016F0B2FE20B998
:104A30000421204614F0A9FA70E7D5F8583143F064
:104A40000103C5F8583169E70B4B056C1968102252
:104A50004E3105F5A07016F09CFE0028E8D110211B
:104A600005F1C80014F0A9F9216C2046C83114F0F2
:104A7000E8F847219EE700BFA0260020F8B545F2E0
:104A800016039942044600F062810BD8B1F5A04F9D
:104A90000ED045F2030399420ED02046BDE8F840FF
:104AA000FFF740BB45F217039942F6D1022002E01E
:104AB00014F08FF80020F8BD9379056C0C33D618EC
:104AC000F379DF0708D4FEF733FD28B1052120462E
:104AD00014F05BFA2120EEE79F4F327A3B681B7A95
:104AE0009A4201D20621F2E7D6F80530C5F80B301C
:104AF000B6F80930A5F80F300223AB7294F95230A2
:104B000094F85210002BB2BF012381F00803C3F3C5
:104B1000C003AB7094F8603083F00803C3F3C003A4
:104B20006B70337A102B28BF1023A374F379D80746
:104B30002BD5AB79DA0728D5737A2A7A134085F812
:104B40005131B37A6A7A134085F8503195F95E3164
:104B500001331ED0206C90F850319B0719D481F09E
:104B60000801062290F95E0104F14C03C1F3C00173
:104B700011F0A2F968B140F21B412046FEF774FD26
:104B8000A3685907A6D50821A1E7002385F851316C
:104B9000DAE73B68F079597C00F0080229B112B1DC
:104BA000AA79120703D4032191E7002A79D0AA79C0
:104BB000110776D5D5F8581141F00401C5F8581100
:104BC000B5F8501121F4807121F00101A5F85011C0
:104BD00093F81CC0B179BCF1020F02D019B30221C5
:104BE00075E789B1012283F83D20DA7CB2B904224D
:104BF00085F85D21A27C0F2A27D994F8742042F011
:104C0000080284F8742020E093F85E20002AE6D0A1
:104C1000DA7C83F83D10002AE1D1E8E793F85E20C2
:104C2000002AE4D1DBE7024312F004023FD072799C
:104C30004A49052A28BF0322187802EB82020A4457
:104C4000125C85F85D21002AD4D1197C95F85D218C
:104C500009B1002AA7D0206C042A00F598703AD137
:104C600003F11D022D3352F8041B9A4240F8041B35
:104C7000F9D1D5F8583195F85D2103F004017ABBDC
:104C800023F00203C5F85831E27400295AD0216C90
:104C9000204601F1940301F171025131FFF760F9EF
:104CA00008E71A7F012A05D1B2791AB1042285F8E2
:104CB0005D21CAE7420703D4AA7912F00402F6D0B4
:104CC00072792749052A28BF0322187802EB82024D
:104CD0000A44125CEBE71022002116F091FDC8E7B0
:104CE00043F00203C5F8583149B90123013AE3748E
:104CF000032A3FF6DFAEDFE802F010181025A37C90
:104D00000F2B89BF94F87430012343F0080384F813
:104D1000743088BF0223E374B9E72046452114F0BC
:104D200009F82046FEF718FDC4E62046452114F098
:104D300001F83B682046D9684B1C5A425A41FEF79D
:104D4000DBFCB7E64321204613F0F4FFB2E613F094
:104D5000B0FF4221F7E700BFA02600201FD90300C3
:104D600038D90300F8B50446FEF7C6FB266C0546A5
:104D700028B394F975305F1C0BD086F85E31FEF7CE
:104D8000D7FB0721012013F034FF024618BB1A217C
:104D900011E02046FAF798FC86F85E01236C93F93F
:104DA0005E310133EBD1FEF7C3FB90B1A3685D0721
:104DB00009D441F205212046FEF756FC07E0FF2307
:104DC00086F85E31EFE70521204614F0DEF800207A
:104DD000F8BD0025D5E73249867909680C3691F887
:104DE00000C0831983F801C091F81CE0281E18BF89
:104DF0000120BEF1010F0DD183F802E0D870487C8C
:104E000000B3D87800071DD4A3685B07DBD441F258
:104E10000321D0E78F69BEF1020F07F002070ED120
:104E200091F85EE0BEF1000F09D04FF0010E83F85B
:104E300002E0D870002FE2D140F00800DEE74FF02A
:104E4000000EF4E7BCF1030F07D0096911F0FF1F52
:104E50001EBFD97841F00401D97094F874108F07FF
:104E600008D5D978480705D4BCF1030FCFD041F05D
:104E70000401D970002D18BF032510215D7119712F
:104E80009D71216C9059C1F803009888A1F8070022
:104E90009B7920464B72062113F01CFD012097E7F9
:104EA000A0260020F0B545F20E06B1420446154694
:104EB0008DB00ED045F21306B1425CD0B1F5A04FD3
:104EC00040F0BD8013F085FE236CD3F858311907EC
:104ED00057D5236CD3F8582112070CD4AA7903F5BF
:104EE00084730C3215446A1D153552F8041BAA420E
:104EF00043F8041BF9D10023256CCDE90833CDE933
:104F00000A3385F85C3195F85D310DF1200C042BE6
:104F10002AD14D4B1B6893F83D205AB1674603F1E7
:104F20001D022D333E4610685168083203C69A426E
:104F30003746F7D105F5A073069304F15A0305939C
:104F400004F1530304932B7905F1C80203936B79A1
:104F50000293AB79CDE900C305F1B803204605F112
:104F6000F80114F057FB0CE0013B022B9CBFD5F875
:104F70002C310893DEE7056C95F85C3123B1012BE9
:104F800054D000200DB0F0BD102205F5A07105F53C
:104F9000847016F0FEFB20B10B21204613F0F5FFC4
:104FA000EFE7D5F858310DF1200C9B0742BF94F87C
:104FB000743043F0020384F87430012385F85C31C7
:104FC0000023CDE90833CDE90A3395F85D31042B90
:104FD00025D11D4B1B6893F85E205AB1674603F13B
:104FE0003E024E333E4610685168083203C69A426C
:104FF0003746F7D105F58C73069304F153030593F7
:1050000004F15A030493EB7A05F1B80203932B7B66
:1050100002936B7BCDE900C305F1C8039EE7013B1A
:10502000022B9CBFD5F82C310893E3E705F58C7172
:1050300013F0EBFD8821204613F07CFEA1E70DB0B4
:10504000BDE8F040FFF76EB8A026002045F214033B
:10505000994213B504462BD00CD8B1F5A04F13D00C
:1050600045F20E03994232D0204602B0BDE810400E
:10507000FFF758B845F219039942F5D1137813BBDD
:105080000C2113F082FF10E013F0A3FD216C2046E9
:1050900001F59473019301F1B803009301F15102FA
:1050A00001F1C803113114F056FB002002B010BD0D
:1050B000036CD3F82821114BB2FBF3F103FB112150
:1050C000FEF704FBF1E7872113F034FEEDE7917959
:1050D000036C0C310A44511D03F58473153251F8E9
:1050E000040B914243F8040BF9D1226CD2F85831E9
:1050F00043F00803C2F85831D7E700BF40420F0021
:1051000045F2100330B59942044685B000F0A68000
:105110000CD8B1F5A04F27D045F20503994228D00D
:10512000204605B0BDE83040FEF7FCBF45F2110354
:10513000994200F0B08045F212039942F0D1016C1F
:1051400091F85D3113B1043B012B03D82046B831EF
:1051500013F077FD236C93F85D31042B40F2DF8070
:10516000052B03D1862192E013F033FD002005B01A
:1051700030BD9179036C0C310A44511DC83315328E
:1051800051F8040B914243F8040BF9D1206CD0F88C
:10519000583113F0040354D090F85D31042B22D120
:1051A000604B1B6893F85E5065B1002100F111025D
:1051B0000091114600F5A07001903E33204613F097
:1051C00032FFD3E71021B83013F0F7FD58B10821B2
:1051D000204613F0DAFE40F207402946FEF762FA55
:1051E00040F20740C3E7216C91F85D3101F1C8023C
:1051F00013B1043B012B12D801F1F803039301F51D
:105200009873029304F15A03019304F1530300933A
:1052100001F1B8032046D831FFF754FAA6E701F5AB
:10522000A073019391F85C01D1F82C31C34003F0D5
:10523000010343F080030093134601F15102113141
:10524000BCE780F85C3100F1C802009300F598716A
:1052500000F5A073204614F0F2FA87E7056C1022DF
:1052600005F1980105F5A07016F093FA20B104211C
:10527000204613F08AFE79E78821D5F858319B073C
:1052800042BF94F8743043F0020384F8743020462F
:1052900013F050FD6AE7056C95F85D3105F5A070D7
:1052A000042B1ED11F4B102219684E3116F071FAD3
:1052B0000028DCD1102105F1B80013F07EFD216C2F
:1052C00001F1F803039301F59873029304F15A0373
:1052D000019304F15303009301F1C80201F1B803F3
:1052E00098E70146102205F1980016F052FA0028BE
:1052F000BDD105F1B801204613F0A3FC216C91F853
:105300005C310133DBB2142B81F85C31D8D0D1F899
:10531000583123F00103C1F858318421B7E78721C0
:10532000B5E700BFA026002045F215039942F7B566
:10533000044651D00CD8B1F5A04F19D045F20D0359
:1053400099421BD0204603B0BDE8F040FEF7EABE0C
:1053500045F216039942F5D1016C01F1D80300938F
:10536000D1F8943001F131021131FFF75FFA01E019
:1053700013F02FFC0027384603B0F0BD93790C33AF
:105380001A44551D02F1250632462946FEF70EFB4A
:10539000074620B10B21204613F0F7FDEBE7294625
:1053A000236C113351F8042BB14243F8042BF9D18B
:1053B000236C01F12002313351F8040B914243F880
:1053C000040BF9D1216C204601F1940301F1710223
:1053D0005131FEF7C5FDCDE713F06BFC236C93F85C
:1053E0005D31052BC6D8DFE803F0190311111E1932
:1053F0002046822113F09EFC0C4B20461B68D96886
:105400004B1C5A425A41FEF777F9B3E720468221F6
:1054100013F090FC2046FEF79FF9ABE7832120466E
:1054200013F088FCA6E78521F9E700BFA02600203D
:10543000204B10B51B6804469B6913F0040310D180
:1054400041B180F8773090F87010BDE810401A48EC
:1054500016F0C4BA90F87330012B03D18368580753
:1054600005D410BD022B02D183685907F9D494F9F1
:10547000772094F87730002AF3DBB3B9012384F85E
:10548000773094F877305B08EBD04FF47A7294F869
:1054900070105343084800220AF056FA94F8773007
:1054A00063F07F0384F87730DBE75A06E9D45B00CA
:1054B000E5E700BFA0260020AC26002045F21E0331
:1054C00030B599420446154689B010D845F2160306
:1054D000994213D845F20103994200F0AF8145F299
:1054E0000C03994222D0B1F5A04F00F0AD812A46BD
:1054F000204609B0BDE83040FEF714BEA1F5A04338
:10550000173B072BF3D801A252F823F0F555020000
:10551000EF540200EF540200EF540200F95702006A
:10552000EF540200CD570200DF55020090F97730AA
:10553000002B02DB8268530707D52046092113F0B0
:1055400024FD41F2092009B030BDAB792B449D4DBB
:105550005B7C2D6803F008016D7CD5B121B9032176
:1055600013F013FD2120EEE713F0040F03F0010305
:1055700008D042F00802826093B9A36843F0200388
:10558000A36013E0002BF8D0836843F0100383601E
:10559000F3E7580744BF42F00802A260DB0703D5D7
:1055A000A36843F01003A3600029E6D1A368224654
:1055B00043F00403A360844920460AF0E1F9022184
:1055C000204611F0ACFB47F23053002245F21A019D
:1055D00020460AF0B9F9A3689D0540F18980A368C7
:1055E000580740F1858094F8700009B0BDE830405C
:1055F00013F00ABA90F87430D9074DD590F9753088
:10560000013342D094F9131001291DDCA2689306DE
:105610000DD56C4B15071B6801D4187C38B1187F69
:1056200010B91878032802D09B69980734D501294E
:105630000AD0644B11071B6801D41A7C22B11A7F6F
:1056400052BB1B78032B27D10023CDE90433CDE9CE
:10565000063310F02FFC022801AB35D1A06AE16AB5
:10566000228E03C31A8094F97500BDF80450421CC1
:1056700037D010F067FC002833D1204641F20601F4
:10568000FDF7F2FF41F206005DE78368DA0616D403
:10569000FDF74EFF0028B5D04A4B1B68197F022941
:1056A00032D1DA7C82B393F85E306BBBA3685B07C0
:1056B00020D5204613F069FC41F2022043E7FDF7B4
:1056C0001BFF0028E4D0E7E70A22022194F97500C5
:1056D00010F020FC0028C6D1CDE90100ADF80C0087
:1056E000C1E72A46204604AB0DF10601FDF73EFD59
:1056F000002028E7204641F20221FDF7B5FF0121F5
:105700002046FFF795FED7E7204613F041FAA5683B
:1057100060B96D0705D50821204613F036FC1A2024
:1057200011E71A212046FDF79FFFF8E715F0040561
:1057300008D0FDF705FFC8B1204694F97510FEF7B3
:105740001FF8D5E72246204920460AF019F9022120
:10575000204611F0E4FA47F230532A4645F21A0186
:1057600020460AF0F1F8A3685807E2D494F975309E
:10577000591C15D048F2080040EA032080B2F9F71E
:105780004FFD052194F9750010F081FB032194F978
:10579000750010F07CFB062194F9750010F077FB82
:1057A000226C2046D2F8583143F02003C2F8583119
:1057B000FFF7D8FA00289BD04121204613F0BAFA0F
:1057C00096E700BFA02600208B8D0300FDF7B8FEF2
:1057D00000285BD0236C002B58D0A268520755D507
:1057E000D3F85831980651D42B78002BBED105211F
:1057F000204613F0CAFB7BE790F87430D90706D433
:10580000402113F097FA29462046FDF72DFFA368A3
:105810005A077FF56DAF204645F21A0116F0DEF803
:10582000204622461A4916F004F9A368022123F003
:105830003C032046A360FCF72FFA59E702461449BF
:1058400014480AF09DF853E745F21A0116F0C6F81D
:10585000A36823F03E03A360236C2BB193F95E0190
:10586000431C01D0F9F752FE22462046084916F0A3
:10587000E0F822460649074816F0DBF820460221E8
:10588000FCF70AFA204613F0E0FA31E702205AE664
:105890008B8D03001C26002045F21E0399422DE942
:1058A000F3410446154611D845F21603994214D81F
:1058B00045F20103994200F0288345F20203994220
:1058C00000F09880B1F5A04F00F025832A462046CD
:1058D00002B0BDE8F041FEF725BCA1F5A043173B9F
:1058E000072BF3D801A252F823F000BF0D59020094
:1058F000CD580200CD580200CD580200C75E02000C
:10590000CD580200B15A02008B5A0200994E3368FA
:105910001A7F022A11D1DA7C7AB193F85E3063B92A
:1059200041F20221FDF7A0FE20460121FFF780FD94
:1059300041F2022002B0BDE8F081A3685D0701D505
:105940000220F7E72046FDF7D7FD3368051E1A78D9
:1059500018BF0125032A07D019696AB211F0FF1F89
:1059600024D042F0040503E094F87420900725D475
:105970009A6992071FD41A7F012A1CD045F00805A6
:1059800002210B2013F035F90246E0B1837906219C
:1059900003445D7394F975302046013302BFA36858
:1059A00043F00203A36012F095FF0CE094F874102A
:1059B0008907D6D4DCE75B7C002BE1D041F20321E0
:1059C0002046FDF751FEA368224643F00403A3607E
:1059D0006949204609F0D4FF0221204611F09FF9C1
:1059E00047F23053002245F21A01204609F0ACFF7D
:1059F00000209FE783685F0703D490F97730002B7E
:105A000005DB236C53B1D3F85831DE0606D52046AA
:105A1000092113F0BAFA41F209208BE7204613F06E
:105A2000B7F828B90821204613F0AFFA212081E702
:105A3000206CD0F8583143F01003C0F85831AB79DE
:105A40000C332B445A68C0F803201A89A0F80720A9
:105A500001229B7A4372236CDA70A26812F004066A
:105A600010D122464449204609F08AFF02212046EF
:105A700011F055F947F23053324645F21A012046EB
:105A800009F062FFA3689805B2D5236C002BAFD054
:105A9000D3F85831D906ABD594F97530013320D0FD
:105AA00094F87430DA071CD5A36843F00203A360AE
:105AB000236C002B3FF444AFD3F85831DA067FF55E
:105AC0003FAF9F063FF53CAFFDF73AFD20B3A3681B
:105AD0009E0721D42B78FBB90521204613F055FAF7
:105AE00086E7FDF72DFD94F9751040B14B1C02D1EE
:105AF000A3689F07DCD42046FDF742FE78E74E1CE2
:105B0000D6D094F87430D807D2D4084610F01AFAD8
:105B10000028CDD0052186E794F97530581C15D0A2
:105B200048F2080040EA032080B2F9F779FB05212A
:105B300094F9750010F0ABF9032194F9750010F099
:105B4000A6F9062194F9750010F0A1F9A368256C57
:105B500023F00203A360D5F85831064F43F0200329
:105B6000C5F858313B68EA791B7A934206D9062179
:105B700059E700BFA02600208B8D030094F9521036
:105B800094F852300029B2BF012383F00803C3F315
:105B9000C003102A28BF10226B7094F86030204692
:105BA00083F00803C3F3C003AB70A274AE79FDF7B2
:105BB000A3FC002836D0F10734D594F97530D4F819
:105BC00040805A1C24D088F85E3106F00D063B68F0
:105BD0009A69900704D41A7F012A01D0310701D4B1
:105BE00006F0F7061A78032A1FD01B6913F0FF1F6F
:105BF00001D046F0040694F874309A071BD5730759
:105C000019D40321204613F0C0F940F2034091E675
:105C10002046F9F759FD88F85E01236C93F95E314F
:105C20000133D2D106F00C06D1E71B7F002BE2D165
:105C300006F0FB06DFE70721022012F0DAFF0190F1
:105C40000028E2D090F806C03A680CF10C0C1378EA
:105C500000EB0C014B70137F012B06D0022B45D1BA
:105C600092F85E30003B18BF01238B701023CE707A
:105C700016F0010608BF32460B711FBF2B7A6A7AF5
:105C800003F003034B71236C14BF02F003024E7147
:105C90008A7183F851214A7983F8502150F80C20F9
:105CA000C3F80A208A88DA818A791A7406B3206CCC
:105CB00090F8501111F002061AD194F852100622F1
:105CC00081F0080190F95E0104F14C03C1F3C001B9
:105CD00010F0F2F860B13146FDF7E4FC20460821EF
:105CE00013F053F901A815F0A7FF8EE70023BCE7D6
:105CF000019E002E89D0FDF71BFC95F806C078B1F7
:105D00001CF0010F04D0236C93F95E31013307D1ED
:105D10000521204613F039F9304609F0BFFF85E62A
:105D20003B680CF00802597C29B112B16A7B10075C
:105D300003D40321EDE7002A75D06A7B110772D5E1
:105D4000D5F8581141F00401C5F85811B5F85011B3
:105D500021F4807121F00101A5F85011187F6979B3
:105D600002280BD071B942EA0C0212F0040248D1A9
:105D700085F85D211B7C002BDBD10DE021B993F868
:105D80005E209ABB0221C4E7012283F83D20DA7C21
:105D900092BB042385F85D3132460621204612F07D
:105DA00099FD95F85D31206C042B52D13B6800F5CC
:105DB000987003F11D022D3352F8041B9A4240F8EB
:105DC000041BF9D1D5F8583195F85D2103F0040191
:105DD000002A45D123F00203C5F85831E2740029A6
:105DE0004AD08121204612F0A5FF01E683F83D103C
:105DF000DB7C002BC6D1CCE793F85E30002BC8D1FA
:105E0000C0E72A791978052A28BF0322514801EBF7
:105E1000810101448A5C85F85D211B7C002BBBD08D
:105E2000002AB9D185E71A7F012A02D16A79002AAE
:105E3000AFD11CF0040F03D16A7B12F0040297D09B
:105E40002A791978052A28BF0322434801EB8101EA
:105E5000DFE71022002100F5987015F0D1FCB1E7C2
:105E600043F00203C5F8583141B90123032AE37412
:105E700012D9042A7FF4BCAD8421B3E7A37C0F2B95
:105E800089BF94F87430012343F0080384F8743018
:105E900088BF0223E374A4E7012A07D020468221A9
:105EA00012F048FF2046FDF757FCA1E5204682216D
:105EB00012F040FF3B68D968481C424242412046EC
:105EC000FDF71AFC94E590F87430D90706D4402108
:105ED00012F030FF29462046FDF7C6FBA3685A079B
:105EE0007FF586AD45F21A01204615F077FD224672
:105EF00020461A4915F09DFDA36823F00403A36012
:105F000002212046FBF7C8FE72E5024613491448F9
:105F100009F036FD6CE545F21A0115F05FFDA36846
:105F200023F03E03A360236C2BB193F95E01431C65
:105F300001D0F9F7EBFA22462046084915F079FD21
:105F400022460649064815F074FD204612F07DFFF2
:105F5000D6E700BF1FD9030038D903008B8D03009B
:105F60001C260020184640F20A4322F000429A42C2
:105F70002DE9F04120D8B2F5806F01D800203EE035
:105F80006FF480642244092AF8D801A353F822F060
:105F9000D75F0200E35F020003600200516002006D
:105FA000256002006D6002008F60020097600200B1
:105FB0007D5F0200AF6002006FF4A0615318042BF4
:105FC000DCD8A2F20252032A79D8DFE812F08A0064
:105FD0009200B700CB0005784488644810F02AFE90
:105FE0003EE005784468826900F1080300216048BA
:105FF00010F031FE10B10571C0F805400120BDE878
:10600000F081067845880479826900F1080300214F
:10601000584810F020FE0028F0D00671A0F8055076
:10602000C471EBE704790778A4F11B035942594185
:106030004688C58800F1080289004F4810F030FEFC
:106040000028DBD00771A0F80560C4710581D5E791
:10605000057844884269031D0021484810F0FBFD83
:106060000028CBD00571A0F80540C7E70678458821
:10607000848800F108020021414810F011FE002838
:10608000BCD00671A0F80550A0F80740B6E7057827
:1060900044683C48A2E704783A4810F0CBFD002859
:1060A000ACD007234371002304718371A6E7047801
:1060B000354810F0BFFD0028A0D004719EE7077896
:1060C00046880579C48800F1080200212F4810F0A5
:1060D000E7FD002892D00771A0F80560C571048122
:1060E0008CE7077846880579C488294810F0A2FD16
:1060F000EFE787684588047906787FB1C78800F1A3
:1061000008020021234810F0CBFD00283FF476AFB1
:106110000671A0F80550C47107816FE73B463A4607
:1061200039461C4810F097FD00283FF467AF067110
:10613000A0F80550C471077247725FE790F80080BD
:1061400047880679C5880489134810F073FD002834
:106150003FF454AF80F80480A0F80570C671058143
:1061600044814BE7057844680C4837E750DA030070
:106170004CDA030048DA030040DA030044DA030093
:106180003CDA030038DA030020DA030034DA0300D3
:1061900030DA03002CDA030028DA030024DA0300E3
:1061A00000487047655F020038B5436A04465904E9
:1061B00015D4134A03F4004392F82B20012A0FD17F
:1061C000826A92040CD4002B01460CBF5320142089
:1061D0000FF0E5FE18B9636A43F00803636238BD47
:1061E000002BFCD1074D20462946F9F77BFD0028FE
:1061F000F5D12868AA88AB792060A280A371EAE76C
:10620000A4250020B3250020074B93F82A208242C2
:1062100081BF1B6800EBC00003EBC003586A8CBF52
:1062200000F0010000207047A425002008B50146B9
:10623000FFF7EAFF40B1054B01EBC1011B6803EB1F
:10624000C103586AC0F3C02008BD00BFA4250020C8
:106250002DE9F04F0746384A93B0106851680FABEC
:1062600003C39068354A1860146807EBC70304EB52
:10627000C304E37B12AA02EB430333F80C1C636AEA
:1062800094F82E80DA0494F82F6047D40126B046A3
:1062900041F0100194F80D90C3F3404A5B0348BFEE
:1062A0004AF0020A8BB289F00809B8F1010F94F89C
:1062B00031500B9304F1070BD4E90723C9F3C0094C
:1062C00094F9324009D0B8F1020F06D0B8F1040FAA
:1062D00014BF4FF000084FF00308012E05D0022E26
:1062E00003D0042E14BF002603263846CDE90C2324
:1062F000FFF79CFFDDE90C230121CDE90760CDE923
:1063000000513846CDE90548CDE903BA0B99CDF8DF
:10631000089000F05BFA13B0BDE8F08FA26A950612
:1063200048BF41F02001500648BF41F04001DA0368
:1063300048BF41F00401ADE754DA0300A425002072
:10634000002170B50B4B93F82A601C688E4202DC6A
:10635000FF25284670BDCDB22846FFF755FF28B16E
:10636000E37B012B02D1636ADB06F2D401314834AE
:10637000ECE700BFA4250020014B93F82A007047EA
:10638000A42500203F4A70B5146800EBC00304EB5D
:10639000C304636A06465B0704D500231A46194600
:1063A00000F0F6FA636A9D0706D53046FFF750FF06
:1063B000636A23F002036362636A18070CD5A2794B
:1063C00021463046C2F3C00200F080FA0546E8B923
:1063D000636A23F008036362304613F0F8FE054653
:1063E000A0B9626AD10611D5D30404D530460FF0A6
:1063F000D2FD40B11BE01206E37B09D4E37B626A65
:10640000023B012B15D9616A48071FD4284670BD8D
:1064100003F0FB03012BF6D03046216900F07CFA33
:10642000636A256123F0800363620028E6D0054695
:10643000ECE7D305E7D53046616900F08BFA00231D
:106440006361636A23F480736362D2E7E37BA28DA6
:10645000012B03D1A2B1802A28BF802211F0400F66
:1064600094F830304FF0010118BF0123304600F09E
:106470008FFA0028DBD1636A23F004036362C5E767
:106480004022EBE7A42500202DE9F0410024482715
:10649000104D95F82A30A34201DCBDE8F081E6B248
:1064A0003046FFF7B1FE98B107FB04F82868404476
:1064B000436ADA060CD55B040AD4FFF775FE2B6835
:1064C000304643445A6A42F006025A62FFF75AFFC6
:1064D0000134DEE7A4250020044A00EBC003116864
:1064E00001EBC301CA7B13F038BE00BFA425002016
:1064F00070B5FFF725FFFF28044615D00B4D03B2FA
:10650000286803EBC30300EBC300DE00436A23F0FB
:106510001003436213F017FE2968204631443431DA
:10652000BDE870400FF036BD70BD00BFA42500204F
:1065300083782DE9F041122B0F463CD10B689A79F4
:106540000C321344DD781E790DB145F48055304688
:10655000FFF75AFED0B1DFF8648006EBC603D8F827
:10656000004004EBC304636A23F01003636295B92F
:1065700022463146A06908F12E03FBF74DFF222287
:106580002946A56108F12E0015F03AF93846BDE814
:10659000F04115F051BB204613F0D5FD636A5A0651
:1065A00003D523F040036362F0E7304604F1340181
:1065B0000FF0F0FCEAE7BDE8F08100BFA425002061
:1065C00030B5044685B00846039113F0ECFE83070E
:1065D00008D410F0010003D003A815F02DFB012012
:1065E00005B030BD03998B7903F10C0288188A5CE1
:1065F000013A1C2A00F2E880DFE802F00FE689E6A3
:106600008CE695E69CE6A4E6ACE6B3E6BAE6C2E61E
:10661000E6E6C4E6D2E6D4E6DD0003790BB103F585
:1066200088534278023A162AD6D801A151F822F0AE
:106630008D660200D965020097660200D9650200E6
:10664000A3660200D9650200AF660200D9650200A8
:10665000BB660200D9650200D3660200D96502005C
:10666000C7660200D9650200DF660200D965020034
:10667000EB660200D9650200D9650200D965020007
:10668000F5660200D9650200056702001721204661
:10669000FCF750FCA0E700222046114611F0B2FCA6
:1066A0009AE71A460021204611F059FD94E700228E
:1066B0002046114611F0C4FE8EE700222046114606
:1066C00011F0ACFD88E71A460021204611F099FE32
:1066D00082E71A460021204611F076FE7CE7002270
:1066E0002046114611F09FFF76E71946204612F02A
:1066F00003F871E70093002320461A46194612F06A
:1067000005F869E71946204612F052F864E7B0F838
:106710000110BCE702338B710A4600234178204602
:1067200011F070FC5BE70133002220468B7111F001
:1067300016FD54E702338B7142780023204611F096
:106740007FFE4CE701338B71002320461A4611F07F
:1067500065FD44E70133002220468B7111F034FEC1
:106760003DE70133002220468B7111F04AFE36E7E7
:1067700002338B7142780023204611F054FF2EE73C
:106780000021B3E705338B710023B0F80320B0F884
:10679000010000930B460146204611F0B7FF1EE7AB
:1067A0000021B0E703338B710A46B0F80110204690
:1067B00012F01DF813E703338B710A46B0F801108D
:1067C000204612F01DF80AE7002009E72DE9F04104
:1067D000154606460F4642F2360019211C46DDF8E2
:1067E000248010F03AF82B0AC371230A83729DF8B3
:1067F0001830857103739DF81C30447243739DF803
:1068000020302D0C240CC67087800572C4728373EF
:10681000D8F80030C0F80F30B8F804308676A0F809
:1068200013309DF8283043759DF92C3083759DF801
:106830003030C375002303769DF8343043769DF8DD
:106840003830C3760648F4F7C3F910F04AF84079B7
:1068500020B110F046F8407940F48050BDE8F08156
:106860007100030038B505460C464FF61940052166
:106870000FF0F3FFC57044600648F4F7A9F910F073
:1068800030F8407920B110F02CF8407940F4805075
:1068900038BD00BF79C2030038B505460C464FF637
:1068A0001A4005210FF0D9FFC57044600648F4F77F
:1068B0008FF910F016F8407920B110F012F84079F5
:1068C00040F4805038BD00BFA9C2030070B50D462A
:1068D00006460121DAB1FFF7C5FF0446A8B9072132
:1068E00042F235000FF0B9FFC6702B684360AB88E9
:1068F00003810848F4F76CF90FF0F3FF437923B1F3
:106900000FF0EFFF447944F48054204670BDFFF748
:10691000C3FFE2E739C403000A4610B50421044668
:1069200042F237000FF0AEFF032303710023C4705F
:10693000437183710648F4F74BF90FF0D2FF4079A9
:1069400020B10FF0CEFF407940F4805010BD00BF61
:106950002DC303000A4610B50421044642F2380054
:106960000FF090FF032303710023C4704371837100
:106970000648F4F72DF90FF0B4FF407920B10FF07D
:10698000B0FF407940F4805010BD00BF79C30300D0
:10699000F8B506460F4642F23900062114461D4658
:1069A0000FF05BFF01238471240A0371C7704671E5
:1069B000C47105720648F4F70BF90FF092FF4079A5
:1069C00020B10FF08EFF407940F48050F8BD00BF39
:1069D000C5C303002DE9F04F144687B09B46C36B37
:1069E00006460D465B69012202A960689847F36B71
:1069F000012203A95B692846984702A814F0DDF834
:106A0000074648B10023A37563754FF0FF33A360B9
:106A1000002007B0BDE8F08F03A814F0DBF80123D5
:106A2000A375237E04EBC303DD611F846368AB425F
:106A30000ED1206003A814F0EFF84FF0FF3320755B
:106A4000A360237D043B022B25D80023A375DFE739
:106A500023681A1A03A853425341A37514F0DCF8B3
:106A6000237D834203A818BFA77514F0B7F8074623
:106A700002A814F0B3F8874203A81CBF0023A37533
:106A800014F0B4F8074602A814F0B0F887421CBF0F
:106A90000023A375D5E703A814F0A0F880B1F36B29
:106AA000022204A928465B69984704A814F0A5F8B7
:106AB0000346207D032839D8DFE800F03838040980
:106AC00003A8F3E7237ECC2204EBC3031A8401F06E
:106AD000C9FA109B187003A8277E14F073F804EB12
:106AE000C70787F8220003A8237E04EBC303B3F88B
:106AF000209093F8227014F071F8804603A814F0E7
:106B000075F88246B8F1000F15D0F36B022204A984
:106B100028465B69984704A814F034F86075637DD3
:106B20006BB90023A3754FF0000838E0227E04EB18
:106B3000C2021384CBE703A814F00FF8EEE794F831
:106B40001680B8F1000FEED0B9F1000F09D1DFB116
:106B50000123627EE375002A44D19F4218D16776F3
:106B600014E0736C05EB0A02594285EA0200084200
:106B70001CBF0021A175591E0A409B1A9945D0D807
:106B8000A37D002BE3D1CEE7E37D43B94FF00008AE
:106B90004B4652462946304613F08BFDA060A27D3D
:106BA00012B123694B4423611349237E097899422A
:106BB0001ED901332376BBF1000F1BD0D2B1E37D88
:106BC000C3B1B8F1000F15D1032F13D0A1684B1C2E
:106BD00010D0109B2246304600930123FFF7FAFEA7
:106BE000A07507E0012FDAD0032F08BFA376CDE709
:106BF0000023A375A07D0CE7C4D203002DE9F04F5C
:106C00000E468BB09846002304464FF0FF311046E5
:106C100017468DF8133001F00FFAB6F5801F3BD3FD
:106C2000B21C53D1E56A6B1C57D1616A204613F040
:106C300086FC0546B31CDFF8189118BF01230193A9
:106C4000636A05A9626C4FF0000B0293236802FB94
:106C5000053AE36B05225B695046984705A814F096
:106C600065F814F088F8504614F090F88246014612
:106C70004B1C05D0636C81EA0A025B42134232D09E
:106C80002946204613F05BFC029BAB424DD0BBF182
:106C9000000F4DD10546D3E7314605AA04F108009F
:106CA00013F041FF0146481C10D0384601F0C4F9EA
:106CB0000DF1130301223946204613F076FD28B169
:106CC0009DF8133088F80030002003E0237C002B6F
:106CD000A8D11D480BB0BDE8F08F2368ED1A636C96
:106CE000B5FBF3F5A6E7484601F0A6F90DF113034D
:106CF000019A4946204613F058FD034690B1B21C54
:106D000003D0D9F80020B2420CD19DF81320494697
:106D1000039338460D4B88F800201A6814F049FD9B
:106D2000039B9B46D9F80810A2E7BBF1000FD0D017
:106D3000B6F5801FC8D298F8003031467A6804F161
:106D4000080001F0BDF8BFE70BE000F0C8D2030077
:106D5000841D00202DE9F3410E460446174698464F
:106D6000816A194DE36A8B422AD04B1C18E02846F1
:106D700001F062F90DF1070301222946204613F0C4
:106D800014FD30B143469DF8072029462046B847F8
:106D9000B0B1A9684A1C05D0012E0AD0E36A994215
:106DA000E5D10DE06968204613F056FC012E01463E
:106DB000D8D16B6881EA0302636C5B421A42D1D07E
:106DC00002B0BDE8F08100BFB01D00202DE9F04108
:106DD000036B9046826B90B007680E469A42426CF5
:106DE00001A9044688BF8363436A02FB0377C36B30
:106DF00005225B693846984701A813F097FF0128E0
:106E00000146307056D0656C06A9E26B2368606A53
:106E1000D2F814C0052205FB00300025E04706A883
:106E200013F084FF012823D001218DF834800E95C2
:106E30008DF83C10D4E90A32CDE90B4593422AD1B2
:106E40001946204613F008FC236B626C1433E06291
:106E50009B1A23630C9B53B99DF83C303BB1626A8B
:106E6000616C2368E06B01FB023113F017FF0C9D8E
:106E7000E36B052201A938465B69984701A813F026
:106E800055FF3070236B2846A26B9A4288BFA363DC
:106E900010B0BDE8F081237C33B90BAA1C4904F182
:106EA000080001F05DF8D5E70BAB1A4A2046FFF762
:106EB00051FFCFE7237C23BB2246174904F108008A
:106EC00001F04EF8616A204613F05AFB616A421CD9
:106ED000204613F023FB054620B9236B626C134454
:106EE000143B2363A16A204613F0B6FB2368A0621B
:106EF000C01A636CB0FBF3F06062204613F0F0FB45
:106F0000B6E70023054A2046FFF724FFDAE700BF73
:106F1000017702007D76020033A80300CFA70300AB
:106F200073B50D46D11E1C461B7E4A424A419A4209
:106F300026D129682368994222D3636899421FD8D1
:106F4000114E0DF107033246FFF758FEC0B97268C3
:106F50006B689A4214D19DF80730DA1E53425341B0
:106F6000227E93420CD1636901336361D4E9032328
:106F7000934205D22968A26842F8231001332361A5
:106F8000012002B070BD00BF581D00202DE9F04F58
:106F90008BB09A46DFF854B180469DF850300D46CC
:106FA00016460293DBF810305345C0F09880DBF8AA
:106FB0000430D1460193B9F1000F00F08C80D8F86D
:106FC0003C30012207A901985B69984707A813F094
:106FD00001FEDBF80030984240F0848007A813F0EF
:106FE00005FE0428074614D107A813F006FE019BEE
:106FF000029A04463B44002A3ED1864212D9361AF0
:1070000014460199404613F027FBA9EB04090190AF
:10701000D1E7D8F83C30022208A901985B6998476B
:1070200008A8E2E7841B9F19544528BF5446032C47
:10703000AAEB040A4FEA94021CD9D8F83C3029463E
:10704000384604F003065B69984724F003031F44A5
:107050001D44002ED5D0D8F83C30012208A938466E
:107060005B6998473246284608A9354414F0A1FBCD
:107070000026C6E72646ECE700F003020344074675
:1070800003922A1805930492049BDD1B059BD81BD1
:10709000039B9F420FD1002FB3D0D8F83C30012280
:1070A00008A95B6998473A4608A9284614F071FB7D
:1070B00078B93D44A5E7D8F83C30012208A95B69BE
:1070C0009847042208A9284614F063FB08B9043F36
:1070D000DAE7DFF81C9048460BB0BDE8F08FDFF828
:1070E0001490F8E7DFF81090F5E700BF2C1D0020A2
:1070F00012E000F011E000F022E000F02DE9F04194
:107100000F4688B016469846044660B390F834504F
:10711000FDB1012113F0D8F90E9B0021CDF80480B8
:107120000496CDE902379DF83C308DF81C30237C65
:10713000CDE905118BB901AA0C4904F1080000F052
:107140000FFFE06BDDE90553002E08BF1D4613F06D
:107150007EFB284608B0BDE8F08101AB044A20461A
:10716000FFF7F8FDEDE70546F3E700BFFDA70300D5
:10717000216F02002DE9F04F99B00F4604460992A5
:107180000A69416C0E93D31D1439B3FBF1F301333B
:1071900002EBC302036B9342C0F00F820023DFF8BF
:1071A00024940D93E36A48461946079300F044FF80
:1071B000D7E9033604930E9B022B4ED1CC2E40F020
:1071C0008C81099B002B42D03946204613F09DFB51
:1071D000656C079A6B1E14901340ED1AE36B012245
:1071E00016A978685B69984716A813F0F7FC002881
:1071F0000CBF04230823782E06933FD901230025D2
:107200004FF0080A05933B6805990E98C9F80030BD
:10721000C9F8106013F004FD4FEA9A03DDF81CB0C2
:1072200089F81400109300230B930F9308930C9389
:10723000616C4A1E0BEA02028B1A002E3AD05544AA
:10724000AB4242D8236B5B1A13442363ADE0049B2B
:107250001B68149308230693D0E7656C782E079A71
:1072600005F1FF3303EA0203A5EB030516D8FB7D06
:107270007BB9099B002BB1D104230693331DAB428C
:1072800010D9A6B1082DB9D804250023AA46059324
:10729000B9E7099B002BA1D10823EEE7099B002B3E
:1072A0009CD1D7E7002505954FF0040AABE70425EC
:1072B0000596F9E75345C5D30BEB0A03B046039394
:1072C000089B002B18BF032313E0A3EB0A03B0466F
:1072D0000BEB0A029E42039228BF98469E42EFD9CA
:1072E000D9F810200123964289F8173071D1C9F8D6
:1072F00004B0089399F81730002B6CD099F8182037
:107300000899D31C013209EBC30389F81820C3F88C
:1073100004B0A3F808809972B8F1000F14D00E9B46
:10732000022B5BD10B9B7BB90F9B4344032B0BD9E7
:10733000E36B012214A903989B699847054600282E
:1073400040F03D8101230B93089B16A80193059BF8
:107350000093434699F81420396800F023FEE36B4C
:10736000109A16A99B6958469847051E0D9B18BF91
:107370005B4652460D9359464346204613F099F911
:10738000236B08F10302C9F80800A3EB0A0322F0FB
:1073900003029B1A2363002D40F011810F9BA6EB83
:1073A0000806DDF80CB043440F935946204613F00D
:1073B00053F900258346002E7FF43AAF814A04F149
:1073C0000800396893685268E3620E9B00F078FD0C
:1073D000DEE002238DE7C9F804B09DE7099B002B8E
:1073E00030D1049BB8F1030F43440A9327D9E36BD0
:1073F0004FEA98029B69DDE903019847054600289A
:1074000065D118F003025FD028F00305049B2B44DC
:107410000493039B1D444FF0FF33049915A8159363
:1074200014F0C7F9E36B2846012215A99B69984718
:107430000A9B05460493002D86D0039B99E7039D84
:107440004246E8E7039B0A9307F120031193FB7D73
:1074500078689BB13D7E00230C9AD9B28D4211D938
:10746000119903F1010C31F83310914226D907EB41
:10747000C3030699D8690A44104403E00C9B069A9A
:1074800013441844E36B012215A95B699847159BC7
:10749000012213A913930C9B0A9804330C93E36BFA
:1074A0009B699847039B0A9A054643449B1A042B01
:1074B00007D978B9134604330A93C8E7521A6346CA
:1074C000CBE70A9B0393B6E70A9B04933CE70A9B2E
:1074D0000493B2E70A9B0393AFE73B4E04F1080322
:1074E00003932368079A606CA2EB030ABAFBF0FAD5
:1074F00000FB0A3013F04AFCE16A8046204613F094
:10750000ABF8A26A82424AD0626CD9F80830511EA8
:107510002568E0620B40216B891A0B4423630D9BA5
:107520005D1BB5FBF2F5AA4536D1079BB3EB080A04
:1075300012D0E36B4FEA9A0241469B699847E36A8F
:10754000079A834653440398DA46E362236B9B1AF7
:107550004344236313F0B8FA2368616CE06B01FBCA
:10756000053113F088FB204612F0B9FF204613F0D6
:10757000B7F82063BAF1000F11D03A69616CD31DDE
:107580001439B3FBF1F3013302EBC3029042A8D2EA
:10759000304619B0BDE8F08F4FF0000ADCE73A69D9
:1075A000616CD31D1439B3FBF1F3013302EBC30259
:1075B000236B9342BFF4F6ADEAE7044EE8E72E46AC
:1075C0008CE700BF841D002023E000F006E000F0FF
:1075D0002DE9F3471E46436904468846B3421746E1
:1075E0009DF828903DD300258DF80750D4F830A0A1
:1075F000204612F040FF82450AD2236AB5EB430FC2
:1076000006D200220DF107012046FFF7DFFB30B361
:107610009DF80730012B05D100220DF1070120460E
:10762000FFF7D4FBB9F1030F06D0256B3146204696
:1076300012F00CFF854218D30D4D4FF0FF31284654
:1076400000F0FAFC4B46002229462046C5F800808F
:10765000C5E9037602B0BDE8F047FFF78BBD013501
:10766000C4E7044802B0BDE8F0870348FAE700BF6A
:10767000581D00200FE000F006E000F0032A2DE97D
:10768000F34106460D4617461C4606D1237A012BC8
:1076900023D0012002B0BDE8F081DFF860800DF159
:1076A000070309684246FFF7A9FA60600028EDD198
:1076B0009DF80720237A032AE8D0D8F804106A68D6
:1076C0009142E3D1012B2969D4F80CC007D10CEB0E
:1076D00001037269934202D92074207CDAE70831F1
:1076E0003B46012230466144E1602946FFF742FDF6
:1076F00060600028CAD00020CCE700BF581D0020E1
:107700002DE9F341089C032A1746266806D1237AFF
:10771000012B24D0012002B0BDE8F081DFF8908079
:107720000DF1070330464246FFF768FA6060002813
:10773000EDD12568D8F80400A96AD5F844C04840BE
:10774000227ACCF100031840E1D1012A09D1E26884
:10775000D8F8103013447269934202D92074207C07
:10776000D9E72868EB6A1B1A081AB3FBFCF3B0FBD5
:10777000FCF083420BD1706CF36A421E1340326BF3
:10778000121A28461344336312F066FFE862D8F8F1
:107790001020E36808320649206813440122E360A0
:1077A0003B46FFF7E7FC60600028B0D00020B2E75E
:1077B000581D00202DE9F04F4FF0FF334FF6FF72B8
:1077C000002500F10806044687B0C3620F46056233
:1077D0000563C0E90923304613F076F9204612F01C
:1077E0007EFE28BB2046394612F0F9FE204612F0F4
:1077F00076FE28BB8A4D204612F0A5FFECE0E26B36
:1078000001A92368606CD2F814C0052200FB053082
:10781000E04701A813F08AFA012828D1294620461A
:1078200012F0AEFE421C2946204612F077FE0135CA
:10783000E3699D42E3D3204612F051FE0028D1D0E7
:1078400000254FF0FF394FF6FF73CA46A846C4E93A
:107850000853E369984514D3A5EB0905012D37D8E2
:10786000636A4FF6FF72934247D16E4DC3E713F040
:1078700087FA0028DBD02946204612F081FE024616
:10788000D1E7236801A9E26B606C5769052200FB10
:107890000830B84701A813F049FA834601A813F04D
:1078A0001CFA0746584613F066FA70B15745236A2A
:1078B000BA4638BFC4F82480B94503F1010328BF94
:1078C000B946BD42236238BF3D4608F10108C0E712
:1078D0004FF6FF7300256362E3699D42C0D2676C77
:1078E0000522206801A9E36B07FB050001355B69F0
:1078F000984701A813F0F1F9EEE7E26B01A9676C74
:1079000020685569052207FB0300A84701A813F06A
:10791000E4F9626A2368606C434D00FB023013F0A7
:1079200035FA4FF0FF33A0622A46E3626FF001019F
:107930000DF103032046FFF761F9002850D1AD682F
:1079400029462046E56212F0A6FD206320B9E16ACF
:10795000204612F081FEE0622946204612F07CFEAD
:107960000546A36A9D423DD165692046626CE91CCB
:10797000143AB1FBF2F105EBC1050335B5FBF2F5A5
:10798000023512F0E0FE8046A8423DD2616A2046F0
:1079900012F0D5FD0027064604F1400A474512D3F0
:1079A000626C01A9236802FB0639E36B05225B695F
:1079B0004846984701A813F090F9534602464946B5
:1079C000E06B13F0E5F901373146204612F0B7FDC0
:1079D000AF420646E2D3154D284607B0BDE8F08F0A
:1079E000A56AADE72946204612F055FD236B0746F0
:1079F000294603442046236312F02EFE0546002F3D
:107A0000AFD1C4E90B07ACE73046002513F05CF8B2
:107A10000023074A20461946FFF79CF9EBE600BF12
:107A200003E000F016E000F0581D002013E000F025
:107A300099A70300634A00232DE9F04117680E4619
:107A40000446136018B9604D2846BDE8F08190F8EF
:107A500034500DB309680268914240F0AA80716801
:107A60004268914240F0A580B1688268914240F03E
:107A7000A080F168C268914240F09B803169426900
:107A8000914240F09680B169C26B914240F0918082
:107A900072691D468261D7E750222946D0F83880A6
:107AA00013F0AEFE336804F10800C4F83880236098
:107AB00073686360336963617369D6E90212A36115
:107AC00013F014F8B36904F14000E3639B6898472E
:107AD00094F8432020B1E561002AB4D03B4DB3E7D0
:107AE000656C002DF7D06668B6FBF5F3E361002AFC
:107AF000A9D0B542F2D82268B2FBF5F105FB1122FC
:107B0000002A58D105FB1363002B54D1204612F0F4
:107B1000B2FCA369043303449E424ED3636940F62A
:107B20003472CC3B93424AD8B5F5007FD6D30321BB
:107B3000204612F0C9FCE36BD4E900011B689847AA
:107B4000E36B05460220DB6898471DB1002384F8EB
:107B500034301EE039462046FFF72CFE1C4B05460C
:107B6000984204D139462046FFF724FE0546636C4F
:107B7000143B002DEAD1226A204602FB03F612F0E4
:107B80007AFCA369043303449E4206D284F834503D
:107B9000104DE06B12F05BFE56E70F4A012384F8AC
:107BA000343013680133D4E90001136009F0FCFCA0
:107BB000EFE70A4D48E70A4D46E7064D44E7094D11
:107BC00042E700BFB426002009E000F004E000F026
:107BD00013E000F002E000F0B026002008E000F022
:107BE00001E000F005E000F02DE9FF410F4690466E
:107BF0001E46054698B390F8343093B3B1F5801F14
:107C000031D21A4C022112F05FFC0DF10F03224613
:107C100039462846FEF7F2FF024678B10123424674
:107C20003946284600933346FFF7D2FC0446E86BFA
:107C300012F00DFE204604B0BDE8F0819DF80F3033
:107C4000012BEBD12169B142E8D100934146334683
:107C50002846FFF79BF904460028DFD1E7E7044CEC
:107C6000E8E7044CE6E7044CE4E700BF2C1D0020E5
:107C700009E000F007E000F00AE000F02DE9FF4124
:107C80000C4616461F46054688B390F8343083B339
:107C9000B1F5801F2FD2DFF87C80012112F014FC97
:107CA00021460DF10F0342462846FEF7A7FF044682
:107CB00070B99DF80F30012B11D1D8F81030BB42AC
:107CC00013D10246009031462846FFF75FF904467B
:107CD000E86B12F0BCFD204604B0BDE8F081074C13
:107CE000074A022B08BF1446F2E7064CF0E7064CA1
:107CF000F1E7064CEFE7064CEDE700BF0BE000F0C4
:107D00000CE000F011E000F009E000F007E000F006
:107D10000AE000F02C1D00202DE9F04385B00C4650
:107D200017461E46DDF830800546A0B390F8343083
:107D30009BB3B1F5801F32D2DFF88090012112F0A1
:107D4000C3FB21460DF10F034A462846FEF756FFB6
:107D5000044688B99DF80F30012B14D106EB0803B7
:107D6000D9F810209A4214D300904346324639463F
:107D70002846FFF70BF90446E86B12F068FD204631
:107D800005B0BDE8F083074C074A022B08BF144634
:107D9000F2E7064CF0E7064CF1E7064CEFE7064C3D
:107DA000EDE700BF0BE000F00CE000F011E000F0A8
:107DB00009E000F007E000F00AE000F02C1D0020D0
:107DC0002DE9F3411F4600230C46164605463B604D
:107DD00050B390F834304BB3B1F5801F28D2DFF8A0
:107DE0006480012112F070FB21460DF10703424629
:107DF0002846FEF703FF0446A0B99DF80730032B81
:107E000010D0022B0AD10123336004233B60E86BBE
:107E100012F01DFD204602B0BDE8F081D8F8103008
:107E20003060F3E7034CF2E7034CF3E7034CF1E770
:107E3000034CEFE70BE000F009E000F007E000F092
:107E40000AE000F02C1D002030B50C4685B0054638
:107E500028B390F8343023B3B1F5801F23D2022128
:107E600012F032FB0DF10F03104A21462846FEF7AF
:107E7000C5FE034688B99DF80F20032A0DD00322C2
:107E80002146009202462846FFF7A2FB0446E86B13
:107E900012F0DDFC204605B030BD054CF7E7054C7F
:107EA000F8E7054CF6E7054CF4E700BF2C1D002071
:107EB0000BE000F009E000F007E000F00AE000F05D
:107EC0002DE9F0414668002E46D005684FF0000CC1
:107ED000A846AE4655F83C400CF1010CC4F313071C
:107EE000013401D0B94218D0B4450EF1080EF1D1D9
:107EF0002F46002403E0B44207F1080713D055F8D9
:107F000034C00134BCF1FF3FF5D1C1F313017A60F5
:107F100041EA03513960BDE8F08141EA0353CEE9FB
:107F20000032BDE8F081032B16D0002403E0B442F8
:107F300008F1080810D055F834700134C7F307571A
:107F4000032FF4D1C1F31301C8F8042041EA03530D
:107F5000C8F80030BDE8F08101230372BDE8F0816C
:107F60002DE9F043476883B0C7B10646884691467D
:107F700000243368304653F8345003EBC403013413
:107F8000C5F30752C5F31301013505D05B68CDF881
:107F90000090C04710B17768BC42EAD303B0BDE897
:107FA000F08300BF73B5012A044622489DF818509B
:107FB00000EAC11123F07C4007D9961E012E28D972
:107FC000073303F07F03194308E09DF81C300A4390
:107FD000DB0603F0C053134343F060410023C4E9C0
:107FE00000108DF80730B5B1202221460DF10700B1
:107FF00012F023FE1A220DF10700211D12F01DFEC2
:1080000063689DF80720082043EA8263636002B03A
:1080100070BD1143E2E71B220DF10700214612F06B
:108020000CFE23689DF80720042043EAC263236006
:10803000EDE700BF80FFFF0738B5094B0D46002173
:1080400004461A6813F0DCFB00234FF0FF32236173
:10805000A260E3822383A376C4E9002538BD00BF74
:10806000C8D203000138C0B205289ABF014B185C82
:108070000120704760DA03002DE9F0410E4659688F
:1080800088B007461546490A0024012922464FEACE
:10809000510104F10104F8D8DC78520399784FF0CB
:1080A000000824031B88C9020DF1070004F4805462
:1080B000C3F30A0301F4006192B28DF807800C4308
:1080C00002A923449C18254B1B22039325F07843D7
:1080D000ED436FEA0444029312F0AFFD9DF80720D0
:1080E00025F07845029B02A90DF10700029543EAAD
:1080F000C2631B228DF807806FEA1444049312F0C8
:108100009CFD9DF8072007A9029B06F1100007942B
:1081100043EAC263012205934FF0FF330693BB6924
:1081200098470446BB6905A9012206F10800984753
:10813000404518BF0446BB6904A90122301D984779
:10814000404518BF0446BB69012203A93046984741
:10815000404508BF204608B0BDE8F08101009AB252
:108160001046044A1368591E033102D800211160D9
:1081700018477047CC0B0020034B1868034B0028AE
:1081800008BF1846704700BFB826002090DA0300E9
:10819000014812F061BF00BFC026002013B50B4C90
:1081A0000229226005D10A4812F056FF002002B0D1
:1081B00010BD0A4600930146064B054812F02EFFFB
:1081C000003818BF01204000F1E700BFCC0B0020B1
:1081D000C026002061810200014812F050BF00BF9C
:1081E000C02600200021014812F06BBFC0260020ED
:1081F00008B5064B1B68013305D0FFF7EDFF80F093
:108200000100C0B208BD0020FCE700BFCC0B00207D
:10821000F8B50D4610B900242046F8BD0E4F3E6853
:10822000002EF8D100F0A2F804460028F3D0386000
:1082300000F0E8F8204612F0F6FD38B130463E6016
:1082400000F0E0F8204612F0E9FDE4E7002DE3D06D
:108250002046A847E0E700BFBC260020024B186874
:10826000003818BF01207047BC26002038B50C46E6
:1082700001F088FFA3780B4A13705A1E55425541EE
:10828000A8420CD0012B04D02846BDE8384001F0AC
:108290005BBF204601F02AFF0028F5D038BD002042
:1082A000FCE700BFBF2B00200021024B08465B68A3
:1082B000184700BFE00B002010B50446FFF75CFF35
:1082C0000C4B1A1A53425341A34201D1012010BD55
:1082D000094B1B683BB9094A064B002C08BF1346E3
:1082E000074A1360F2E712F0A7FF0028F3D000203E
:1082F000EDE700BF68DA0300BC26002090DA030037
:10830000B826002010B513F088F8044618B9034BBE
:1083100001215B689847204610BD00BFE00B00209C
:1083200010B513F083F820B9BDE81040014B1B686D
:10833000184710BDE00B002010B512F0EFFD20B97A
:10834000BDE81040014B1B68184710BDE00B002032
:10835000431E033306D8044B984228BF18466428AE
:1083600038BF6420704700BF40420F00F8B5054693
:1083700009F004FA07460F4B1E6826B9384609F083
:1083800001FA344611E0B4688CB194F810C01CF0C6
:10839000010F0CD14CF0010C95E80F0084F810C0CF
:1083A00084E80F00384609F0EDF92046F8BD36683C
:1083B000E3E700BFD40B002038B505460C4641B1B9
:1083C0000B6833B11B68013303D0CB680BB18B68EA
:1083D0004BB913F0E2F8BDE838404FF492724121F6
:1083E000002000F0C9B9084602F09CFE0023044AB0
:1083F00085F81031C5E93043C2E9003338BD00BF0C
:10840000C80F002010B5044618B9054B054A136083
:1084100010BD00F0E5FED4F8CC30002BF6D1F4E727
:1084200005AE0300D00B002010B50C4600F016FF7F
:10843000054B002103205B6898471CB102F02EF821
:108440000128FBD110BD00BFE00B002008B502469B
:108450000868FFF77DFF08604868FFF779FF48600C
:108460008868FFF775FF8860C868FFF771FF0B69C0
:10847000C860581C03D00B48834228BF03460B61D9
:108480004B69581C03D00748834228BF03468869BC
:108490004B61FFF75DFFBDE808408861104601F0C1
:1084A000A9BD00BF40420F002DE9F84FD0F8C430FD
:1084B00006460F4613B1038B8B4244D0D6F8C0B0AA
:1084C000BBF1000F42D0DBF80830002B3ED0DBF8C8
:1084D0000C1000293AD0D6F8D4A0BAF1000F38D049
:1084E0004FF000094D46C84601E0DBF8083005EBC7
:1084F000C50203EB8204E3890135BB4214D8238A09
:10850000BB4211D3B4F91220B6F92430934250DDA6
:10851000304696F80411EDF739F9737D81468342B0
:10852000A04606D9DBF80C108D42DED3B8F1000F5F
:1085300039D00023424630461946D0473783C6F823
:10854000C48086F80D910020BDE8F88F0320BDE8B7
:10855000F88FD14647F6FF755446524604EBC408DF
:1085600003EB8808B8F80E30BB4216D8B8F81030C4
:10857000BB4212D3B8F91220AA4202D14FF0FF0930
:10858000DCE7304696F80411EDF700F9737D81467B
:108590008342D3D94246DBF80C100134A14204D9FE
:1085A000DBF80830DAE70120CEE7002AFBD090465E
:1085B000C4E7A046BDE700BF2DE9F04782B00446FE
:1085C0008946164601F018FF002847D13B4D2B681D
:1085D000D4F8C0A0D4F8C4700BB153454FD04FF0BD
:1085E0000008C5F8089001F059FF01283AD12B681E
:1085F000DAF800103A6813B1186888424AD0204669
:1086000012F0D8FEC5E900A7D4F8D4508DF8076061
:10861000002D46D00022204611460DF10703A84741
:10862000204601F0A3F90546B8F1000F00D08EB145
:10863000B5FA85F040F2DE323321400900F09CF8B3
:108640003146204601F09AFB1D4B0546394620462F
:108650001B689847284602B0BDE8F0870023174DF5
:108660006B60B4E7012000F0F9FD164B00210320F8
:108670005B68984701F012FF0128FBD1B7E76B68F0
:10868000002BACD0BB42AAD1AB68994514D04FF0B7
:108690000108A6E7696811B109689142B2D059682A
:1086A000ADE7617D94F80D313246994228BF1946F5
:1086B000204601F0E1F8B3E70025CBE7C80F002022
:1086C000D00B0020E00B0020F8B50E46054609F05F
:1086D00055F8314607462846FFF7E6FE044620B126
:1086E000384609F04FF82046F8BD01F06DFE2246ED
:1086F00031462846FFF760FF0446384609F042F845
:108700002046F8BD13B50446694612F03EFC2046EB
:1087100012F0C5FDFF28024606D020469DF8001045
:10872000EDF7ACF802B010BD0048FBE70080FFFF9A
:108730004FF4007307B50A490DF10602ADF8063093
:1087400012F03FFCBDF80630B3F5007F05D10228DA
:1087500008BF002003B05DF804FB0120FAE700BF6A
:10876000D8260020024B1960024B1860FEE700BFBC
:10877000D80B0020D828002008B550B90548064B72
:1087800001601A60054B1A68054B1A601868FFF7FC
:10879000E9FF08BDD80B0020DC280020BC26002003
:1087A000D8280020054B1B680BB918467047834238
:1087B00001D01B69F8E70120704700BFE4280020C2
:1087C000094A13680BB918467047834207D11B69E1
:1087D00001201360054A1368013B1360704703F1E1
:1087E00010021B69EEE700BFE4280020E02800200B
:1087F0002DE9F74F064608F0C8FFDFF8288101236E
:1088000098F800B0DFF820910190BBF1000F06D07E
:1088100089F8003003B0BDE8F04F08F0BCBF3F4F0F
:1088200088F8003089F800B012F099FC08B112F015
:1088300094FC3D683A495DB9DFF8F0A0DAF8002011
:108840000024AA423B682FD84FF0FF3134483BE068
:108850006B7D8BB12B68B34202D09A1B8A420BD935
:108860006A6813442B60AB68003A18BF0122003BD2
:1088700018BF01236A75AB752D69DCE7907D20B1C7
:10888000107D88429CBF014614461269002AF5D12A
:10889000002CD9D0D4E90001A275411AD4E90232E2
:1088A000204698470135C9E71A46FF21EEE75A7D71
:1088B0004AB11A68B24224D0921B824221D8914216
:1088C00001D311461C461B69002BF0D15CB1204638
:1088D000FFF776FF38B13B683C602361DAF800307F
:1088E0000133CAF800303B685A7D6AB912F033FC94
:1088F000064699F80030002B94D1019888F8003092
:1089000088E71C460021DEE7186800F0D3F804462B
:1089100012F021FC0646002C84D1EAE7E42800206E
:10892000FCFFFFBFC12B0020C02B0020E02800204F
:1089300038B5054608B31822002112F061FF08F08F
:1089400024FF02462846FFF72DFF20B1104608F00D
:1089500022FF022038BD0A4B1C6854B909491D602A
:108960000B68104601332C610B6008F014FF2046A1
:10897000F0E704F110032469EFE70120EAE700BF04
:10898000E4280020E028002038B50446FFF70AFF5D
:1089900008F0FBFE05462046FFF704FF637D23B980
:1089A000284608F0F8FE032038BD00236375064B07
:1089B0001B68A34203D112F0CEFBFFF719FF284634
:1089C00008F0E9FE0020EFE7E42800202DE9F84F49
:1089D000DDF82890984604460D469246FFF7E2FEE1
:1089E000DDF830B008F0D1FE074612F0B4FB0646C1
:1089F0002046FFF7D7FE637D23B12046FFF7C4FF73
:108A00000023A375BAF1010F23D175B9B8F1000F96
:108A100021D1B9F1000F03D05A4631462046C8474C
:108A2000384608F0B8FE002019E035440D4BAA1B6B
:108A30009A4210D8012363759DF82C303046C4E962
:108A40000058C4F808902375C4F80CB0FFF7D0FEA6
:108A5000E6E7AE42EAD1384608F09DFE0120BDE8C7
:108A6000F88F00BFFCFFFFBF2DE9F04107468846A5
:108A7000FFF798FE08F089FE3D68064612F06BFB92
:108A80007B7D7BB185420DD0094B2C1A9C4209D8C5
:108A9000304608F080FEB8F1010F08BF2546284691
:108AA000BDE8F081304608F076FE0025F7E700BF0C
:108AB000FCFFFFBF08B50023044A194600F086FDFD
:108AC00010B1012818BF032008BD00BF21B1030069
:108AD0000E232DE9F74F06460F46144600254FF0AA
:108AE0000609DFF854801370EBB209FB03F3D8F8E2
:108AF0000010CA185079012807D92078A0F10E0378
:108B00005842584103B0BDE8F08F31F903B01179F4
:108B1000B2F902A030460022019112F0E5FA019963
:108B200008B90135E0E72170B7F900305B45F8DBA3
:108B30005345F6DC0020E5E7DC0B0020014912F08C
:108B400010BB00BFADA60200014912F00ABB00BF76
:108B500081A6020070B5164E032804460D463378F0
:108B60001ED023FA04F202F00102AA421DD053B132
:108B70000122A240A54023EA02032B43DBB233705B
:108B80004BB1012070BD2DB10A4B01201B689847E5
:108B90003378EDE73570074B00201B689847F0E706
:108BA0009A07DED003F0FC03E9E7002070BD00BFA8
:108BB000C32B002024290020F8B505460C4608F0F8
:108BC000DDFD104F06463B7833B1012D04D01CB9B2
:108BD0000D48EFF789FD3C7021462846FFF7BAFFA4
:108BE0000A4B04461B783BB93B782BB912F013FCB7
:108BF00010B1074B1B689847304608F0C3FD20466C
:108C0000F8BD00BFC42B0020F8280020C32B002093
:108C1000E00B0020054A0B46117831B1002111709C
:108C2000034A01215268187810477047C42B00206E
:108C3000E00B002038B5074D04462B78834207D05F
:108C400001F016FC20462C70BDE83840EFF7C2B8A2
:108C500038BD00BFC22B002038B5044680B108F0F3
:108C60008DFD012104460846EFF756F801210B4A15
:108C7000084609F0B1FC2046BDE8384008F082BD46
:108C800008F07CFD054621460120EFF745F801205C
:108C90002146024A09F0A0FC2846EDE7D6DA030097
:108CA0001B4B022910B5187002D0032904D010BD47
:108CB000184B1B78002BFAD1FFF7D0FA0028F6D01A
:108CC0004FF00052144BC3F88020BFF34F8FBFF317
:108CD0006F8F01F0A5FB0028E9D001F017FA0028FA
:108CE000E5D10E4B1C6834B123689847BDE81040AD
:108CF000002001F0B1BB12F08DF9094B186009F0AA
:108D0000F4FC084B1860204601F092FBEEE700BF30
:108D1000310D0020C22B002000E100E0442900209A
:108D2000202900201C29002038B504460D46FFF7F5
:108D300095FA80B14FF00052124B1A6001F070FBAF
:108D400048B9012D07D8012001F086FB0E4B1B68A6
:108D500023B15B6898470D4B1C7038BD09F0C5FC0A
:108D60000B4B1A68801A1860EFF7FEFD4FF47A7209
:108D7000084B1B6802FB003012F04EF9012001F095
:108D800057FBE8E700E100E044290020310D002016
:108D90001C29002020290020F0B585B008F0EEFC49
:108DA000304D04462B7823B12F48EFF79DFC002867
:108DB0004BD1EFF725FD02AA03A912F016FB0346DB
:108DC000002833D012F025FB029B98421ED10020D0
:108DD000264B03991B68264E9942307022D90027F2
:108DE000C91A012320482B70224A3346CDE9007767
:108DF00009F032FC002830D11F4A1378D90718D463
:108E0000204608F0BFFC002005B0F0BD12F0FFFACC
:108E1000029B98421FD0002318461449144A09683F
:108E2000137003910121FFF795FEE9E720462B70AF
:108E3000E7E731780029E3D103F0FE031370002B3C
:108E4000DED10E4B1B689847DAE7204608F09AFC03
:108E5000032005B0F0BD0220BAE7032320462F709F
:108E60003370F3E7C42B0020F828002018290020D5
:108E7000300D0020158C0200C32B00202429002077
:108E800070B508F07BFC164D04462B780BBB154AD9
:108E900015491370154B164A16481A60164A174E94
:108EA0005A60EEF7CBFF16491648EEF7C7FF164B90
:108EB00080203360EBF796FB052804BF134B33602B
:108EC000134B5B6F9B0542BF0222124B1A600123BA
:108ED0002B70EFF7F7FA204608F054FC002070BD25
:108EE000C52B0020C42B0020DCDA0300E00B00209F
:108EF000998D0200E8280020B98B02002429002067
:108F0000E4DA0300F0280020358C0200598C0200BE
:108F1000004000501829002037B50C46234D59B9A0
:108F20000A46072105F07EFD214BAC645C6003B06E
:108F3000BDE8304005F094BD0722114605F072FDF2
:108F400007221C4B0121DA60237901A885F84830FB
:108F50006379019312F009FC019BC2B2D34000F087
:108F60000F0040EA031085F84900A27985F84A20ED
:108F7000E27985F84B202068E86401939BB10121D8
:108F800002888B4208D82379013B13440A4A1362B2
:108F900005F066FD03B030BD30F811500131AA4232
:108FA00028BF2A46EDE71A46EDE700BF003F00B0B4
:108FB000483F00B0006000B8004000B810B5054C54
:108FC000237823B103F086FB0020207010BD03201E
:108FD000FCE700BFC72B002008B503F049FB0122C6
:108FE000014B00201A7008BDC72B0020431C07D07E
:108FF0006FF0FF02034B10405A62A3F58053586292
:10900000704700BF00E000B810B504234FF03A41AC
:1090100001240A4AD1F81801C2F81831C2F81431F3
:109020004C634FF400511163410742BFC2F8143141
:10903000A2F58052C2F8183110BD00BF002000BA5E
:1090400000F01803182B0AD003070AD440F20113CA
:1090500010F0100018BF1846034BD8677047002067
:10906000FAE70120F8E700BF003F00B0344B2DE9DC
:10907000F7431E6801F4007900F00103174653EA34
:10908000090205460C462ED04FF0000803B300231A
:10909000002201200021CDE9008804F003FB4146B5
:1090A000304603F09DF8414670830120FFF7BCF97C
:1090B000716B06F1D80003F00DF922490868FFF73B
:1090C00095FF4FF0FF330B60337C43F004033374A0
:1090D000B9F1000F07D00121304611F05AFF24F4F6
:1090E000007405430C43D6E94A232A40234052EA40
:1090F000030103D01449304609688847FB070FD5A0
:109100001249134A08680021136811600121114AAD
:10911000117003B19847104B002102205B689847FB
:1091200017F00E0F08D040F2F3123B21002003B0DD
:10913000BDE8F043FFF720BB03B0BDE8F08300BFFC
:10914000BC260020E80B0020EC0B00203829002072
:109150003C290020C92B0020E00B0020F7B5044675
:109160001046D4E94AC7DDE908268CEA020587EAF9
:1091700006010540194085EA0C057940C4E94A51C9
:10918000002523F4004106EA010320F0010043F426
:109190000073024043F00203CDE9005504F082FA67
:1091A000237C9A0717D5D4F82C319B0513D54FF49F
:1091B0008811204611F0EDFE237C65F341032374F2
:1091C000D4E94A2302400B4052EA030103D0034989
:1091D000204609688847002003B0F0BDEC0B002052
:1091E00038B10368044A002B08BF1346034A1360D2
:1091F0007047014BFAE700BF07B20300EC0B0020F9
:10920000024B986E00F00F00704700BF003F00B0A7
:109210000F2938B505460C460ED801F03FF9012854
:109220000CD1074A2846936E23F00F03234393661D
:1092300012F00CF9002038BD0120FCE70220FAE70B
:10924000003F00B0014BD86E704700BF003F00B038
:10925000014B0020D9667047003F00B003282DE97C
:10926000F7434CD8274B13F80080274B1E5C274B45
:1092700013F8009008F082FA074604F0E1FB054677
:1092800040B100230022CDE900330120002300215A
:1092900004F008FA04F0DCFB48B100230022CDE919
:1092A0000033002000234FF4004104F0FBF926B303
:1092B000174BDC6C04F00804164B3146DC64404666
:1092C00004F0D4FD4A463146404604F059FE124BA4
:1092D000DC6465B1114B1868416BD83002F0FAFFBD
:1092E0000F490868FFF782FE4FF0FF330B603846E6
:1092F00003B0BDE8F04308F045BA3446DCE703B0FC
:10930000BDE8F083F4DA0300F0DA0300ECDA0300DE
:10931000004000B8006000B8005000B8BC26002033
:10932000E80B00200F4A136C13F0A00F15D1506CFE
:1093300010F0040013D10C4BD3F8EC3E23F07F4324
:1093400023F0FF035BB1D368C3F30362092A07D09C
:10935000B2F10C0018BF01207047002070470120B7
:10936000704700BF000002B8003000B070B504467E
:109370000D4616462BB1FFF747FE2946204601F061
:1093800087FA4FF03A420124D368D26A03F0070308
:1093900006339C40C2F30C03E41AA4B2B44228BFC3
:1093A000344629462246024801F0BCFB204670BDE7
:1093B0000C0000BA70B50D46064620B9194B1B6863
:1093C000A3B1032011E001F069F8012828D1164B60
:1093D00093F90040C4F12704641BC4F11C03002B63
:1093E000B8BF5B42232B0CDD012070BDA1F10B0344
:1093F000002BB8BF5B42232BF6DC0B4B197000200F
:10940000F3E7B57408F0BAF9084AE402136A04F401
:10941000FF2423F4FF231C43146208F0B3F9EEE7A2
:109420000220E2E7BC260020C62B002000C000B8C6
:10943000094B08465A6A91020BD4D3F80021D2078F
:1094400008D4D3F8803013F4706F14BF01200020CB
:1094500070470120704700BF004001B8F8B50D46C5
:10946000436B02EA010423EA0103234343633D4AB9
:1094700001F00B0323EA0401D1642340A2F58052DA
:109480006F070646D36410D50121FFF7D1FF60B105
:1094900004F08EFC4FF4007314F0040F14BF324A32
:1094A000324A53620422324B1A64E90606D514F09C
:1094B000100F14BF00221B222E4B5A652A061DD501
:1094C000230616D54FF40012274B1A62012203F52A
:1094D0008053C3F8002108F051F90E2107460320FC
:1094E00002F044FE40F20122224B3846DA6208F0D4
:1094F00049F9214606F1D80002F0ECFEEF0503D54C
:10950000E00529D502F002FEA90503D5A20526D55E
:1095100002F008FE15F0600F09D0D6F8C8103046EA
:1095200011F072FE8022144B9867144B1A612B05C0
:1095300010D504F03DFC124A14F4006FD2F8EC3E52
:1095400014BF43F0006323F00063C2F8EC3E042232
:10955000074B1A640020F8BD02F0D2FDD4E702F0F8
:10956000DBFDD7E7006000B8005001B8006001B82B
:10957000002002B8004000B8003F00B0000002B870
:10958000003000B0014B1868704700BF342900203C
:1095900037B5012300240022CDE900340023104612
:1095A000194604F07FF8022002F05AF9054D064BE7
:1095B00021461C6002206B6898472B6803B0BDE809
:1095C00030401847E00B00203C2900202DE9FF41E6
:1095D00002290C4615469846039005D1FFF7D8FF9F
:1095E000002004B0BDE8F08108F0C8F8184E074626
:1095F00033683BB1AB4205D008F0C4F8002301202A
:109600003360EEE7134B0022C3F80080012335607E
:10961000CDE90033002300251046194604F042F836
:109620000D4B02201D7002F01BF922462B4603A9A8
:10963000022002F033F90446084B039A1A60084BE3
:109640001B689847384608F09DF8002CC8D1D5E72C
:109650003C29002038290020C92B00203429002073
:10966000E00B0020044B5B6E5B054EBF0120034BFB
:10967000187800F00100704700C001B8C92B002025
:10968000014B186A02F084BD004001B8014B186A12
:1096900012F005B8004001B8437C5A1F012A01D9D5
:1096A000082B05D14B7C2BB1012B05D0022B05D00B
:1096B00011F0D5BD02487047024870470248704714
:1096C00020A1070048E8010040420F0070B50E4697
:1096D00008F054F8054600F005FF044620B128467E
:1096E00008F050F8204670BD04F062FB104B327851
:1096F000D3F8EC3E022A23F0F00315D0101F4242AB
:109700004241520043EA02137278022A0ED0111F1E
:109710004A424A41520043EA8213054AC2F8EC3EEB
:109720000422044B1A64DAE70122EBE70122F2E794
:10973000003000B0002002B870B50E4608F01EF8E8
:10974000054600F0E5FE044620B1284608F01AF868
:10975000204670BD04F02CFB104B3278D3F8EC3E61
:10976000022A23F00F0314D0101F4242424152003C
:1097700013437278022A0ED0111F4A424A41520006
:1097800043EA8203054AC2F8EC3E0422044B1A6401
:10979000DBE70122ECE70122F2E700BF003000B076
:1097A000002002B82DE9F8430E780446042E0D4639
:1097B00090F804810BD100275FFA87F9484601F041
:1097C000FFFC08B14E4602E00137042FF4D13046C9
:1097D00001F0F6FC002845D094F80431B34208D1DA
:1097E000AA88A36C9A4204D16A88B4F806319A42D6
:1097F00035D084F80461AB883046A4F808316B8812
:10980000A4F80631AB8804F58275A364FF23A37521
:1098100011F0C9FE6075284601F092FC18BB28467D
:1098200001F0C4FCF8B9D4F8C43053B194F8041171
:10983000414506D02046B3F91220EBF7A7FF84F884
:109840000D01204601F0FEFC0949A4F8080101239E
:10985000084AD1F8FC1004F1D80003F011FD0020F3
:10986000BDE8F88301200E2384F80431F8E700BF37
:10987000004F00B0A43F00B070B5054690F8040159
:109880000C460E281DD0FF291DD01AB14FF0FF3213
:109890000E4B1A6011F087FE064695F8040101F0A0
:1098A000C3FC844228BF0446E4B2B44238BF344605
:1098B000E0B2A87501F0BAFDA0F1FF03584258418B
:1098C00070BD0220FCE70120FAE700BFF00B00208A
:1098D00010B590F8043104460E2B3ED0D0F8C430B9
:1098E0004175BBB3D0F8D420DAB990F80D318B4272
:1098F0001DD300222046FFF7BFFF88B9184B1B7805
:1099000013F0FD0F0BD1204601F09CFC15490123FB
:10991000154AD1F8FC1004F1D80003F0B1FC002086
:1099200010BDB0F92420B3F912309A42E1DD0022D3
:10993000204694F80D11FFF79FFF0028F0D1C4F8DE
:10994000C400204611F0B3FA01462046BDE810409D
:10995000FEF7BABEFF238375E1E70220E0E700BF10
:10996000100D0020004F00B0A43F00B0C36B012BCE
:1099700001D10020704770B505464D498EB011F0F9
:109980004FFED5F8C46001462C8BC5F8C80026B13F
:10999000336813B15B68002B5CD107F0EFFE07F072
:1099A000F1FE0123D5F8C8108DF80E30B389D6E941
:1099B0000120E31A9BB200FB03223E48ADF80C30B5
:1099C00003680292994207D0284611F01DFC8022BC
:1099D00039493A4B88671A61394C384E00F05EFDC0
:1099E0000128FBD1236CDA07F8D4336CDB01F5D402
:1099F000D5F8C81028460D919DF80E20029908ABA5
:109A000003F032F918BB08A901A803F045FBF0B92F
:109A10002A8B2C4B5A642B7C60F341032B7411F07E
:109A20004CFDD5F8C43002465B691968431EDBB2B1
:109A3000FD2B049114D9CC1C12D9234B01311B6886
:109A400015D0D81C10D8284604A904930AE0022097
:109A50000EB070BD1A68032A9FD99B6A5B0EA3E7FC
:109A6000284604A911F013FD00200EB070BDD91CCA
:109A700004D8284604A9049311F009FDD5F82C3127
:109A80009B0504D42B7C43F002032B74ECE74FF4CA
:109A90008031284611F07DFAD5E94A2302400B4077
:109AA00052EA0301E0D00949284609688847DBE704
:109AB000FC4F00B028290020003F00B0000002B891
:109AC00000C002B8008001B8FC0B0020EC0B0020A5
:109AD00038B590F8105104463DB307F04FFE1F22F1
:109AE000124B013D5A621540114A12495562D4F891
:109AF00014518D66D4F81851CD66D1F80011C907FC
:109B00000FD54FF0FF31C3F80411216CC2F80411D6
:109B10004FF0F041C3F81011E37CDB060B40C2F8B4
:109B20001031BDE8384007F02DBE38BD006001B8E7
:109B3000005001B8004001B82DE9F74F0646154620
:109B4000084619B9012003B0BDE8F08F002AF9D00A
:109B5000032904D8002101F02DFA0028F2D0B0F931
:109B60000010837800290488077990F805B0B0F8D0
:109B700006C003F00702C0F2CE80A2F10708D8F1B8
:109B8000000141EB0801052A297394BF0021C3F3AA
:109B90000011C3F3801069739909287401F0020160
:109BA000C3F3C0000143C3F340136974AB74EF7493
:109BB000736BA5F814C0D80600F19980063A012A03
:109BC00000F29580554B4FF001095B6D4FF03A4321
:109BD0001A6DDB6C083C03F00703063309FA03F93E
:109BE000002309F1FF3942F0005804EA090418F88B
:109BF00004A0013404EA0904AB60631D03EA09030D
:109C00005A1C02EA090218F8037018F80220BAF187
:109C1000800F737C18BFAAF1320A47EA02270CBFF3
:109C20006FF07F0A4FFA8AFA3FB2A3B30020D6F84A
:109C3000D0300BB1514698470134E87385F80EA037
:109C400004EA090418F80410013404EA090418F8B5
:109C50000430013404EA090441EA032118F804300D
:109C6000013404EA090441EA034118F8043041EAE6
:109C7000036117F4804305D0294BDB6EB3FA83F3FD
:109C80005B095B0030466A7C03F0BCFB062328605E
:109C9000AB71002057E7F90425D5D6F8C830ABB131
:109CA0001A68022A12D993F82400C7F30B03DB00C9
:109CB00008B1B3FBF0F39B45B8D8002BB6D0CBEB83
:109CC0000B20B0FBF3F0C043C0B2B0E729463046EA
:109CD000FFF7E2FC0190304611F0B1FA019BB3FBB3
:109CE000F0F0C0B2E1E718F804004000ECE7002310
:109CF0000020EB730B4BDA69C2F30723120448BF51
:109D000063F0FF035AB212F1800F1CBF323B5AB20C
:109D1000AA730346BBE7022015E700BF004000B866
:109D2000003F00B000C000B870B54FF03A434FF4A8
:109D300080640A4DD3F818610020C5F81841C5F8B1
:109D4000144104F0F9F84FF400532B67730542BF38
:109D5000034BC5F81441C3F8184170BD002000BA88
:109D6000001000BA082310B1024A13647047024A77
:109D7000FBE700BF001002B8002002B8F8B50446A7
:109D80000E4611B9037C5A0647D44FF6FF73A18BD8
:109D9000D4F8C870994204D0344B1B680BB12046EC
:109DA0009847334D2B68BB4254D0324B1B683BB1B4
:109DB0001FB13A68002A4FD0BF68394620469847FD
:109DC0000727204601F03EFA002E39D004F048FE65
:109DD0000620294B94F9122093F900302749C3F14A
:109DE00027039B1A0A6ADB0222F4FF2203F4FF23F3
:109DF00013430B62D4F8C820214B2A60986701F006
:109E00007DFB002501211F4A1F4B1170204683F85E
:109E1000845011F01BFB2846F8BD4FF6FF71144D1E
:109E2000D0F8C8702A6866F386139742818303745A
:109E300017D0104B1B68002BBAD101F003FA07278B
:109E400012493B46124AD1F8FC1004F1D80003F045
:109E500017FABBE70127B4E717462046394698476B
:109E6000AEE701F0EFF90127EAE700BF3029002053
:109E7000282900202C290020C62B002000C000B873
:109E8000006000B8C82B0020003F00B0004F00B0B9
:109E9000A43F00B02DE9F8430D4600F0FFFA012879
:109EA000044630D1194F3B7883B92846EAF712FDB2
:109EB000054610B9EAF75AFD2C463B781BB1012143
:109EC000022003F055F92046BDE8F8830021022066
:109ED00003F04EF911F073FB0646DFF83490DFF81B
:109EE0003480D9F8F4331B07DFD411F068FB801BF2
:109EF000404541F6A2224FF045018CBF00200120D1
:109F0000FEF73AFCEDE70224DDE700BFCA2B002094
:109F1000000002B83F420F0008B558220021064851
:109F200011F06EFC1022FF21044811F069FCBDE81D
:109F3000084004F095BD00BFF03E00B0343F00B0D3
:109F4000002373B583746923C0F8E03074234FF0A5
:109F5000FF350E26A0F8F43064230446C0E93933F7
:109F6000C0E93B33C0E9075580F804618564457555
:109F7000C58203F075FD2046FFF7CEFF94F912105D
:109F80002046FFF717FA6023114A40F6FF71D364A9
:109F90004FF03A42116311670E4A2946D3644022BA
:109FA0000D4B20461A64626BFFF758FA002240F20C
:109FB000022310461946CDE9006603F073FB01F059
:109FC00013F9204602B0BDE87040FEF7B1BB00BFF8
:109FD000004000B8005000B8002002B8044BD3F88D
:109FE000EC3E13F0806F14BF23200020704700BFA9
:109FF000003000B00246F8B5B0F8084100F1D805CD
:10A00000FFF7ECFF0B688E68013304BFD2F8E03035
:10A010000B604B68013304BFD2F8EC304B60771C07
:10A0200037D1D2F8E830CF688B607E1C38D1D2F8B7
:10A03000E4600F69CE60013704BFD2F8D8700F61B9
:10A040004F69013704BFD2F8DC704F618F69013767
:10A0500004BFD2F8F0708F618F6947BBC0F1640410
:10A0600008688C61C2F8E8304B68C2E93806C2E97A
:10A070003B340B692846C2F8D8304B690F49C2F807
:10A08000DC30D1F8FC1007230D4A03F0F9F800206A
:10A09000F8BD04F169031B1AB34238BF3346C2E767
:10A0A00004F17406361ABE4238BF3E46C1E7693431
:10A0B000241ABC4238BF3C46D2E700BF004F00B074
:10A0C000A43F00B038B50446074D21462868621CFD
:10A0D000003818BF012002F0BBFA2B680020003BBB
:10A0E00018BF0123A37038BD4029002038B5054CA6
:10A0F000054B417800782568236002F0FBF900B138
:10A10000256038BD4029002000DB030070B507F052
:10A1100035FB05460B4E00F0C1F9012804D0284656
:10A1200007F030FB022070BDF36813F0706FF2D1BE
:10A13000F46814F08054EED1284607F023FB204643
:10A14000F1E700BF000002B80A4B10B51B680446D7
:10A1500073B1094B48B10121084A1A60022003F08B
:10A1600007F80020064B1C7010BD01461860F5E78B
:10A170000220F9E74029002044290020F8DA0300F2
:10A18000CA2B0020014B1878704700BFCA2B002053
:10A1900038B507F0F3FA4FF6FF710A4A13888B427D
:10A1A00003D107F0EFFA032038BD074C074D1B041D
:10A1B0006566A4F580546366118007F0E3FA002019
:10A1C000F2E700BF0E0D0020006001B80000FFFFA5
:10A1D0002DE9F34105460F461446FFF7A3F890B169
:10A1E000DFF8E08102F0B0FFD8F81430DE0740F16C
:10A1F000CE8007F0C3FA0646032001F055FC38B1C3
:10A20000304607F0BFFA0226304602B0BDE8F081C2
:10A21000D8F8143013F0060FF2D1304607F0B2FA36
:10A220005C4B4FF400612846D3F8EC8ED3F8CC6E2B
:10A2300004F00CFC38B14FF400720121564B084673
:10A240001A64FEF7F1F839462846FEF73DFA514BFD
:10A25000C3F8CC6EC3F8EC8E06460028D4D12B7C14
:10A26000D80601D4002C55D0C4F3400003F066FD9D
:10A27000022314F4807F1FBF484A002113644FF06B
:10A280003A420BBF444A91611364536303F090FD5B
:10A290004FF4806314F0040F14BF414A414A14F094
:10A2A000400F53624FF004023B4B20461A644FF0BC
:10A2B000400314BF3C4A3D4AC2F88830FEF7C0FE56
:10A2C000284610F0F3FF38B14FF4807314F0010FFB
:10A2D00014BF324A304A1364A10642D54FF6FF72CA
:10A2E0006B8C93420FD0324A3249526E100CC2F33B
:10A2F00001120132B3FBF2F30880294A29492E48A2
:10A300001B0448665366003C18BF01242B7C64F391
:10A3100004132B74284611F096F8F0B1284610F07B
:10A32000C5FFD0B14FF40031284604F08FFB431C29
:10A3300003229BB2214801A911F0F5F89DF80420F1
:10A3400002F00703052B9DF8053013D112070BD43B
:10A3500043F480731A4AC2F8D430002011F020F977
:10A3600052E7FFF715FFCEE713F0040F09D19DF870
:10A370000630EDE703F03002202A05D113F0010F7B
:10A38000F4E74FF48073E5E79DF80630E2E7032633
:10A390003AE700BF003000B0002002B8001002B859
:10A3A000005001B8006001B800D000B800E000B86B
:10A3B000004001B80E0D00200000FFFF0C0000BAA5
:10A3C000003E00B000C001B808B5094BD3F84C31CD
:10A3D0005A1C0CD05B000AD40320FEF73FFF4FF05D
:10A3E0008062044BDA6401225A6102229A6208BD3B
:10A3F0000080E00F001002B84FF40022034B186CED
:10A4000003F500531A64C0F3C0407047000002B85F
:10A41000014B024A1A6070472C290020198F020054
:10A42000024B586900F00100704700BF00C001B83E
:10A43000084B5A69D10707D508B901F0EDB95B6936
:10A44000DA0706D401F0DAB95B69DB0701D400282A
:10A45000F8D1704700C001B84FF0806310B1024AD4
:10A4600053617047014AFBE7001002B8002002B8B0
:10A47000202350B1064AC2F8F433064B196C11F090
:10A48000020104D1032002F073BE034AF3E77047D0
:10A49000001002B800C002B8002002B80F4BDB6801
:10A4A000C3F30363013B0B2B0FD8DFE803F0060671
:10A4B0000C06060606080A08080802207047042051
:10A4C00070470520704703207047054B5B6913F008
:10A4D000060F0CBF01200420704700BF000002B827
:10A4E00000C001B8094AD368C3F303630B2B08D03B
:10A4F0006FF49050184100F0010080F0010040001E
:10A500007047106C10F48030EDD17047000002B835
:10A510000C4AD368C3F30363062B07D8042BD8B2C5
:10A520000BD8C31E5842584140007047072B06D134
:10A53000D2F844010028ECD1704702207047002077
:10A54000704700BF000002B8F0B5CF072BD5002A36
:10A5500014BFAA2555250E461E24154F01F00303EE
:10A5600083F001033B449B7806F0070C17F80CC0FE
:10A57000013C63444FEA5606F6D10E4E73436FF426
:10A5800081769B0C334482B991FAA1F195FAA5F535
:10A590004A082D0F490042EAC57201F00204C47452
:10A5A000C0E91023F0BDAA25D5E7034AF7E700BFAD
:10A5B00014DB030036FC1000B756351230B547F6F1
:10A5C000FE74164BC3F83042456C04EA4504144D42
:10A5D000C5F830420F245C66CC071CD5DAB90124DB
:10A5E0006C664FF0FF34C3F80441056C0C4CC4F8A2
:10A5F00004514FF0F045C3F81051C37CDB062B40EB
:10A60000C4F8103132B14FF03A430222C0F8801042
:10A61000C3F8F42030BD0224E2E700BF006001B8B7
:10A62000005001B813B5437C0446033BDBB2072B53
:10A6300096BF104A0021D15CFEF70AFE012001F00E
:10A6400057F84FF4F0620C4BDA644FF40072A3F544
:10A650008053DA64637C053B012B08D80421074B47
:10A6600001229B6E0DEB0100019300F021FB02B073
:10A6700010BD00BF0CDB0300006000B8004001B853
:10A68000012310B580F8F6302823C0F8DC3004230D
:10A6900004464374044B196810F0D3FB2046FFF7BF
:10A6A000C1FF002010BD00BF58DB0300012310B51F
:10A6B00080F8F6302823C0F8DC30022304464374C7
:10A6C000044B196810F0BDFB2046FFF7ABFF0020DC
:10A6D00010BD00BF5CDB0300012910B5044604D99E
:10A6E0000239012914D9032011E00B4B1968052305
:10A6F000012284F8F6204FF4BC726374C4F8DC20A5
:10A70000204610F09EFB2046FFF78CFF002010BD76
:10A71000024B19680623EBE754DB030050DB030010
:10A72000012310B580F8F6304FF4BC73C0F8DC306C
:10A73000082304464374044B196810F082FB20463A
:10A74000FFF770FF002010BD4CDB030038B5184B3D
:10A7500004461D6845B1EB6833B1286801F016FC6A
:10A76000AB68186801F012FC124B1B682BB1DA6859
:10A770001AB19B68186801F009FC0F4B1B682BB1DC
:10A78000DA681AB19B68186801F000FC0B4B1B6873
:10A790002BB1DA681AB19B68186801F0F7FB204604
:10A7A000FFF784FF2046BDE83840FFF73BBF00BFFE
:10A7B0005CDB030058DB030054DB030050DB0300C9
:10A7C000F8B5D0F8143104468B420D46164603D135
:10A7D00090F81031202B0ED0324629462046FFF744
:10A7E000B3FE202384F810310023C4F81451C4F8B8
:10A7F0001831FFF76DF94FF00077074B32461F64B1
:10A8000029462046FFF7DAFE8022044B1A6103F541
:10A8100000531F64F8BD00BF001002B8000002B86A
:10A82000072330B5124D134CEB63134B69B1442130
:10A8300040F04000596398630123E3634FF4804381
:10A8400092B1C4F804310A4A07E0596399634FF49E
:10A850008043084AE163C4F80431C2F80831C2F801
:10A860000C31C2F8103130BDC5F80431EBE700BF40
:10A87000006000B8005000B8004000B8034BD3F8A7
:10A88000F80780F00070C0F340607047000002B825
:10A8900010B5407CA0B1304BD3F8B82012F0060FB1
:10A8A00001D004280DD94FF470622C4BDA604FF4BC
:10A8B0008072A3F58053DA600022274BC3F8B420DE
:10A8C00010BD02F0020412F0040202D00B789B06C5
:10A8D00037D4002C39D00B7803F00F03072B34D179
:10A8E0004B78022B31D98B7813F03E0F2DD0CC78DA
:10A8F00014F0040F29D014F0010F0CBF04230A2315
:10A90000A40748BF0633CB5CFBB1002A14BF022268
:10A910000122042840F6FF7003F01F0108BF490020
:10A92000013940EA01310E4801654FF470600B496E
:10A930001202C860A1F58051CA60074AC2F8B4305B
:10A94000BEE7002CC7D18B7823B90023044A1365D6
:10A950000122EAE70222DCE7003E00B0006000B816
:10A96000004000B80A68064B12F0802F1CBF42F26C
:10A970000101C3F82812C3F88822C3F88C2270475B
:10A98000004001B8F0B585B06C460E460B4B07464B
:10A9900015460FCB84E80F00094BD3F848220092EC
:10A9A00026B16B1EDBB2FD2B88BF32602A462146E2
:10A9B000384610F06CFD05B0F0BD00BF1CDB030095
:10A9C0000080E00F30B50823054685B080B9094AFC
:10A9D000C2F8FC3351B96C46074B0FCB84E80F002B
:10A9E000064B2A4621461868FFF7CCFF05B030BD5C
:10A9F000034AEDE7001002B82CDB0300BC26002060
:10AA0000002002B838B5044601F0D6F901213A20F9
:10AA1000E9F7B6FDE0782179154A40EA0143C2F82A
:10AA2000DC34E579A37943EA0543C2F8E0342378BE
:10AA30001BB100230422EAF705FC63782BB1002345
:10AA40000422E179A079EAF7FDFB2278012352B1D3
:10AA5000084AC2F8D8346278022332B1054A00208D
:10AA6000C2F8D83438BD044AF3E7034AF7E700BF19
:10AA700000C0035000D0035000E003504FF03A43B1
:10AA8000D3F81421D2031ED54FF480320E49C1F8F9
:10AA90001421A1F58051C1F818215A6DD1B2C2F329
:10AAA0000722C3F8A410C3F8A4200422C3F8A420EA
:10AAB0000022C3F8A420C3F8A420C3F8A420C3F83C
:10AAC000A420C3F8A4207047002000BAF8B50D46B2
:10AAD0004FF03A441746064606F050FE0123042183
:10AAE000074A6363E76026616561C2F81411054A8D
:10AAF000C2F8843106F046FE0DB102236363F8BD4F
:10AB0000002000BA00E100E0054B012218604FF080
:10AB10003A435A6740F6FF72D96418651A6770475E
:10AB20004C2900202DE9F04105460124006800F081
:10AB30000700063004FA00F3A868EC685E1EA04225
:10AB400062D000EA060E6C6810441E430640A3EB78
:10AB50000E000EEB040C8242644618D9D31A0EEB99
:10AB6000030298B1431E052B04D94B1CACEB030325
:10AB7000022B59D80B460844ACEB010E03EB0E0137
:10AB800013F8014B83420C70F8D101466C688AB10E
:10AB9000531E052B01F1010302D9E01A022812D835
:10ABA0000A44611E00E0013313F8010C934201F8DE
:10ABB000010FF8D106F0E2FD0223AE60AB62BDE802
:10ABC000F04106F0DFBD0B46204622F0030E8E4416
:10ABD00053F804CB734540F804CBF9D122F00303BA
:10ABE000D01A920701EB030C04EB0307E2D0CA5C16
:10ABF0000128E254DED09CF8013002287B70D9D0C5
:10AC00009CF80230BB70D5E7042A35D90878043A9D
:10AC1000A86148780431A86111F8020CA86111F804
:10AC2000010CA861A8688CE70B4620F003070F44CD
:10AC3000ACEB010E1C684EF803400433BB42F9D163
:10AC400020F0030310F0030F01EB030EA0EB03044D
:10AC50000CEB030728D011F80380012C0CF80380BB
:10AC600022D09EF80130022C7B7018BF9EF8023073
:10AC7000084418BFBB7088E7013A032A12D8DFE8FE
:10AC800002F00F1507020B4613F8012B1946AA61B3
:10AC90000A4612F8013BAB61114611F8013BAB616A
:10ACA0000B78AB61BDE8F08108446EE70A46F3E734
:10ACB00038B50B46154601464FF03A4470B10122B3
:10ACC0001048C4F8F4201A46FFF72CFF25B14FF0C6
:10ACD0003A430422C3F8F420002038BD73B1D4F8FD
:10ACE000D8209A4284BF0122C4F8F4204FF03A429F
:10ACF000C2F8D4300223C2F8F430E7E70123C4F8E5
:10AD0000F430E3E7CC0000BA10B506F037FD4FF0A1
:10AD10003A4301225A67C3F8B420C3F88C20154A7D
:10AD20001549C3F890200722C3F8B020134B0446FE
:10AD30001A800023124A13804FF4A022C1F8142174
:10AD4000A1F58051C1F818210E4A13600E4B1B6CFF
:10AD50005B020AD54FF480020C4B18680C4BD830BC
:10AD60001A6450F8A41C01F0B5FA2046BDE8104062
:10AD700006F008BD60110020002000BA962A0020CD
:10AD8000942A002048290020000002B8BC26002098
:10AD9000002002B807220D4B01211A8000220C4B23
:10ADA0001A804FF03A43C3F8F410C3F8CC204FF4A4
:10ADB0000052C3F8D000C3F8F020F022054B9A648B
:10ADC000A022A3F580539A64FFF79EBF962A002025
:10ADD000942A0020006000B82DE9F041044688B1B3
:10ADE00006F0CCFC3D4E3E4A3388032C03F078013C
:10ADF00005463C4F03F07F0C11445DD13C6824B9FB
:10AE000006F0C0FC0320BDE8F08124F0010438689E
:10AE100020F00100A04254D100223A6022888C42E6
:10AE20006FEA42426FEA5242228040D12E4CDFF854
:10AE3000D0C02788ACF180083A46083A92B201F1B6
:10AE40000800604528BF4046082A04D9B0F900E050
:10AE5000BEF1000F40DB228088780C884FF03A4129
:10AE60003B449B1ADBB2C4F30C048C653380C1F8FD
:10AE70009830C1F8B0204FF480221C4B00F007003E
:10AE8000C3F8142101221A4BC3F88421FFF7F6FD01
:10AE900004280CD14FF48002164B1B6C164B18681B
:10AEA000164BD8301A6450F8A41C01F013FA284647
:10AEB00006F068FC0020A6E7601E012898BF0C463B
:10AEC000A5E7094862440088A21A48BF80320838C2
:10AED0009042A3DC284693E70146AEE7942A00207F
:10AEE0006011002048290020962A0020002000BA86
:10AEF00000E100E0000002B8BC260020002002B8FB
:10AF0000E01100201249134B0A881B881248134491
:10AF1000083292B20A804FF03A41C1F8B0204FF4A3
:10AF200080210E4A073BC2F81411012103F0780377
:10AF3000034498780A4A00F007000428C2F88411F4
:10AF400003D10849CA681203FCD4074A136070474A
:10AF5000962A0020942A002060110020002000BAC8
:10AF600000E100E0000002B84829002010B5054CBF
:10AF7000206828B1C30701D4FFF72EFF0023236008
:10AF800010BD00BF482900204FF48033084AC2F8A2
:10AF90001831A2F58052C2F814314FF03A43D3F879
:10AFA000AC30C3F30C03782B01D8FFF767BD7047B3
:10AFB000002000BA2DE9F84304460E4606F0DEFBF9
:10AFC000514B81461A885148514D02F07801032CAB
:10AFD0002D8802F07F03014417D14E4C24688CB9B0
:10AFE0002A44073A02F0780284180344E31A48BF5F
:10AFF0008033AB4210DB484606F0C4FB00242046F9
:10B00000BDE8F88324F00104EFE7012C02D0022C04
:10B01000EBD1083D0C46E8E7002E44D08C4246D1E7
:10B020004FF03A42D2F858804FF03A410127CA6CAB
:10B0300002F0070206329740D1F8AC20C2F30C02AE
:10B040009A4247DDB4F900302588002BD3DBA37882
:10B05000C5F30C0503F007037A1EA5EB08053A4378
:10B06000052B337005EA02052CD82DB2E84340F2D7
:10B0700036420421C00FFDF77FFB7580E378264A36
:10B08000337412687B1E03EA0803D118B160A9B2B9
:10B0900013FA85F5BD4291BF0023FF1AB780F26015
:10B0A0009CBFB180F360484606F06CFBA7E7A4F1B3
:10B0B0000802824238BF04F17802B2F80080C8F377
:10B0C0000C08B1E7154B5B6D003B18BF0123A5EBE6
:10B0D000C305CAE74B6D7A1EA3EB08033A431A4037
:10B0E0000F4B15B2DB6862B9C3F30363D91E4B4241
:10B0F0004B41DB0033700A4B72809B6CC3F3072318
:10B10000BDE70823F6E700BF942A00206011002065
:10B11000962A0020482900204C290020004000B831
:10B12000000002B8054BA622D3F84C013121431C84
:10B130000CBF0120C0F38070FDF71EBB0080E00F44
:10B1400038B5134D0446297819B92022114810F05A
:10B1500057FB6188104A23785180002113700F4AF1
:10B16000022BC2F8CC104FF0FF010D4A0D4B1170AD
:10B170004FF007010C4A4FF00000C2F8FC130CBF5F
:10B1800004220122C3F8FC2301232B7038BD00BF29
:10B19000CB2B0020E03F00B0100D0020004001B894
:10B1A000340D0020001002B8002002B8034B1A68CA
:10B1B00002609B8883800020704700BF100D002034
:10B1C00010B5044600F0F8FD064BD3F8F83724B963
:10B1D00083F40033C3F3404010BDA31E58425841CE
:10B1E000FAE700BF000002B84FF63F7208B50A4BFD
:10B1F000D3F8FC37934206D0084AC3F30113137007
:10B20000E022074B1A7000F031FE41F66A03B0FBF2
:10B21000F3F0044B186008BD000002B8350D0020A3
:10B22000360D00205029002020B1022804D1034B04
:10B2300018787047024BFBE700207047350D00205F
:10B24000360D00202DE9F74F846C4C22022C38BFBC
:10B2500002246A49013C0B6AD1F8CC506849C3F317
:10B260008213DA400B680646A34290F804B1654B9E
:10B27000DFF8ACA1DFF8AC91DFF8AC8102F001029D
:10B2800014D11878904211D19AF8000058450DD188
:10B29000F06C58B1A84209D1B57D99F800008542FB
:10B2A00004D1B8F8040003B0BDE8F08F0C6098F842
:10B2B00000101A700846FFF7B7FF002A00F08680DA
:10B2C00004234FF07F4100254F4AC2F8B8304F4B5E
:10B2D000C3F8B810B37D1B06C2F8B8304FF08052E7
:10B2E000494BC3F8B42000F0C1FD40F27123B0FB1C
:10B2F000F3F0192160431828B0FBF1F14FEA05443F
:10B3000070D8002C78D0B4FA84F2C2F12002C2F1D5
:10B310000F03012B38BF0123D440A14201D2013BCE
:10B3200064086A1C03F01F0152008A40384F121B48
:10B330009208C7F8B0201A0242EA0312134301939D
:10B3400005EB052305EB0325324B40F6C7021868D1
:10B350002B21003818BF0120FDF70EFAFA222D4BE1
:10B3600002FB04F01B6840F6FF72B0FBF3F00A2307
:10B370005843294B00F57A74C3F8C420019AA3F509
:10B380008053C3F8C420A3F58053C3F8CC50D3F83E
:10B39000CC3000F58C50C7F8FC30F5641F4D1430EC
:10B3A0002C6001F017FF4FF47A72C7F8A400C7F8B9
:10B3B000F8002B68B4FBF2F0B3FBF2F3A8F804300A
:10B3C000B37D8AF800B089F800306CE7002914BF1B
:10B3D00010252025B37D834294BFED182D1805F06C
:10B3E000FF057BE7B1FA81F234B1B4FA84F3D21AE3
:10B3F000002A8CDC0F2390E70F2392E7004001B86E
:10B40000F00B0020CC2B0020001002B8002002B866
:10B41000003F00B050290020006001B854290020EE
:10B42000330D0020320D0020100D002010B5114BFF
:10B4300001461B78104C0E2B02D1FF20207010BD4E
:10B44000184610F0B0F802461846FFF7EDFE8842A5
:10B4500028BF0846C0B2904238BF10462378C0B219
:10B460008342ECD0054B20701868FFF7EBFE207884
:10B47000E5E700BF100D0020340D0020BC260020A1
:10B4800010B50446FCF7EAFE78B1154B1B786BB992
:10B4900064B1144B1B784BB1134B1B78013B012B50
:10B4A00004D84FF40042114BDA6410BD104BDB6C32
:10B4B0001B04FAD406F062F9044602F079FC4FF45A
:10B4C00000420C4B2046BDE81040DA6402220A4BD1
:10B4D000C3F87C240422054B1A6406F053B900BF5C
:10B4E000CD2B0020CE2B002058290020002002B8B0
:10B4F000000002B8001002B800D003504FF48022C0
:10B50000014B9A64704700BF005000B870B5054603
:10B5100000F052FC01213A20E9F732F8424C434B4B
:10B5200000201D70FFF7ACFF2378013B012B0CD8E6
:10B530000122217CE37B8A4030214B4342F21001FF
:10B5400003F1A04303F570335A500022384BC3F87F
:10B550007C24ADB94FF6FF71364AC2F88410F82149
:10B56000A2F58052C2F88410C3F87C54324B4FF0DD
:10B570008042DA644FF48022304B00209A6470BD20
:10B58000636883B300F072FC626800EB5203B3FBA4
:10B59000F2F3013B1B0243F0F80326782549022E03
:10B5A000264A22D0032E4FF6FF7521482AD0012EBD
:10B5B00033D143F00203C1F88450C2F8843007232A
:10B5C000C0F87C343021E37B01204B4341F2100171
:10B5D000227C03F1A04300FA02F203F570335A50C3
:10B5E000FFF74EFF17E0F823D7E74FF6FF7043F061
:10B5F0000103C1F88400C2F8843006220C4BC3F862
:10B600007C24DFE743F00503C1F88450C2F884309E
:10B610000423C0F87C340A4BA9E7C1F88450C2F86F
:10B6200084300023F5E700BF58290020CE2B0020EE
:10B6300000C00350006000B8002002B8005000B8FD
:10B64000001002B8F8B5214F06463D4604460FCE1D
:10B650000FC533682B6000F0AFFB01213A20E8F7FB
:10B660008FFF00221A4BC3F87C24A17A627A42EA47
:10B670000142C3F88824217CE27B42EA0142C3F8FC
:10B680008424207B617B40EA0142C3F880243B781C
:10B69000032B19D8DFE803F01202060C0023042262
:10B6A000E9F7D0FD00230422217CE07BE9F7CAFD05
:10B6B00001230422A17A607AE9F7C4FD054B1878CA
:10B6C000BDE8F840FFF722BF0120F8BD582900204F
:10B6D00000C00350CE2B0020034BDB6C002BBCBF03
:10B6E000024BC3F888007047000002B8004000B861
:10B6F0004FF0006338B1064AD364064B4FF4003272
:10B70000C3F884207047044AD364044BF6E700BFB3
:10B71000001002B8005000B8002002B8006000B865
:10B720002DE9F0472D4B2E4C4FF47A76A36000F0B4
:10B730009DFB4FF4FA73B0FBF6F6734307462948B6
:10B74000190E1B021818284A4FF0000341F100019E
:10B7500003F0CEF9A0F580730546236320B9662275
:10B760002B21FDF709F801254FF47A724FF0000AFA
:10B770006A4353465008310203F0BAF91B4BB7F540
:10B780007A7F19601A4B4FEA0568894604461860AB
:10B790004FEA152505D276222B215046FCF7ECFF07
:10B7A00001264FF47A73A8FB030103FB051173080C
:10B7B000C01841F100010023324603F099F90D4B06
:10B7C000023419600C4B49F10009A408186044EADE
:10B7D0008974034B013C9C63BDE8F08702110100B2
:10B7E00000C001B820A1070040420F0078290020C6
:10B7F00074290020702900206C2900201022044B9D
:10B80000C3F884215A600122024BDA60704700BFFE
:10B8100000E100E000C001B81022064BC3F884210B
:10B82000C3F88420BFF34F8FBFF36F8F0422024B06
:10B83000DA60704700E100E000C001B810B50446CE
:10B84000A242A2EB0000A3EB010104D2034B013999
:10B850009B6B0133184401F0030110BD00C001B817
:10B8600038B501250A4B02019D504FF48073044600
:10B87000084A8340536605F081FF074AA5401378C4
:10B8800023EA05031370BDE8384005F07BBF00BF15
:10B8900000E101B800E001B8CF2B00202DE9F84FFE
:10B8A000164605468A461F4605F068FF022E00F040
:10B8B000B080804605F069FF694B6A4AD3F8209052
:10B8C00092F88D405A6EE4B2520744BFD3F82090EC
:10B8D000013405F060FF644B644A1B681168A3FBE8
:10B8E000093213F100434FEA847301FB093343EB40
:10B8F000020304F00302DAF80040012E04BF013411
:10B90000E418A3EB040308BFCAF80040B3F1804F6A
:10B91000C0F093804FF0004000235549D1F800C09B
:10B9200024F04041ECFB01035248A40F006800FBE7
:10B9300001334B495048896B8B4281BF013401313F
:10B940005B1A04F00304A41A994584BF444A04F125
:10B95000FF3404F0030488BF926BA3EB090C445539
:10B96000A4B1FC0742BF41F61F71444A5167B907B1
:10B9700042BF424A424951677A0742BF0021384AD2
:10B9800091673C0742BF0021354A91654FF0110A8B
:10B990004FF0010E324A05F11004240102EB051BA1
:10B9A000CBF80C3142F804A0136A3649A3EB090323
:10B9B0000EFA05F4D2F864900A78E4B222436345A3
:10B9C0000A7025D34FF48073AB4019EA030F1FD1DF
:10B9D000425D002A40D10EB32B4AF807536607D5C3
:10B9E00041F61F7140F20110244B596750675967A7
:10B9F000B90706D5214B224A234924485A6748678C
:10BA00005A677A0742BF0122214B1A613B071AD4B9
:10BA1000404605F0B7FE0120BDE8F88F1D4A2D0114
:10BA200042F805E042F89C3C05F0A8FE15490B7869
:10BA300023EA04030B7005F0A5FE404605F0A2FEC4
:10BA40000020BDE8F88F2120FFF746FE4FF480323A
:10BA5000034B4046DA60DCE70B4A40465366D8E7C2
:10BA600000C001B8003E00B06C2900207029002001
:10BA70007429002078290020D02B002000E001B894
:10BA800000001F1FCF2B002000D001B800000101D3
:10BA9000000002B800E101B8024B1878003818BF66
:10BAA00001207047CF2B0020034B103000011858A5
:10BAB00000F00100704700BF00C001B8044B01F066
:10BAC000F071103041F0030100011950704700BFC0
:10BAD00000C001B838B505F058FE084B084A1D6A89
:10BAE00092F88D405A6EE4B2520744BF1D6A013489
:10BAF00005F051FE284604F0030138BD00C001B82E
:10BB0000003E00B038B50B4B03EB001210300001C3
:10BB1000D2F80C411D58FFF7DDFFAB0706D5844274
:10BB200000D90139204601F0030138BD844238BFF5
:10BB30000131F7E700C001B808B52220FFF7CCFDBE
:10BB40004FF48022014BDA6008BD00BF00C001B88D
:10BB5000064B1B68434303EB8171054B1B68A3FB3A
:10BB6000003013F1004341EB0000704770290020C2
:10BB70006C2900200C4A20F04043014610B50020FB
:10BB800014684FF00042E4FB0320084A890F126852
:10BB900002FB0300064B9B6B984204D90133013131
:10BBA000C01A01F0030110BD74290020782900207B
:10BBB00000C001B8F8B50646FEF732FC044608B1ED
:10BBC000FFF72AFE00230B4D0B4FAB613046EB61B4
:10BBD0002B6287F88D30FFF7CDFFC9B287F88D1043
:10BBE00028622CB1FFF70AFE4FF08062034B1A6403
:10BBF0000020F8BD00C001B8003E00B0002002B82F
:10BC000070B50C68651C15D0C4F302669E42C4F37F
:10BC1000074530D1A4B294422DD804EB8506B24238
:10BC200029D2141BA50824F003040E59340F04D0A4
:10BC3000012C09D00022012303E06B1C51F82320C2
:10BC400000230260037170BD0D4C34F8133042EADA
:10BC500003431A686B1C51F8234001EB83014B68C6
:10BC600022405E4036F07044EAD11B0F032B04BF24
:10BC70008B681A43E4E7013501EB8501C1E700BF9A
:10BC800044DB030070B51646054610B90124204672
:10BC900070BD0029FAD04268104B006803321B685F
:10BCA000920800F13040984704460028EFD1002E5A
:10BCB000ECD0EA68A86803323146920800F13040BF
:10BCC0000FF0A5FC04460028E1D1D5E90402214685
:10BCD00000F130400FF094FDD9E700BFF80B0020D1
:10BCE00007B501A8E9F78CFC9DF80530022B02BFCF
:10BCF00040220B4BC3F8FC23C8220A4B5A650A4B5F
:10BD00000A4AD3F86032DBB2FF2B08BF03239B0043
:10BD100043F47F53C2F8F83303B05DF804FB00BF6F
:10BD2000001002B8008001B80080E00F000002B8E7
:10BD3000002310B5194C012123643A206364A364E5
:10BD4000E8F71EFC0122164B5A6102229A62E36850
:10BD5000C3F303630D2B01D0002BF8D11123114A3B
:10BD6000A36311491148FFF78DFF01F069FB104AE9
:10BD7000936843B94FF08062094B5A61012203F581
:10BD800080535A6110BD0B49D268096803F13043F2
:10BD9000032AEFD943F8041B043AF9E7000002B87C
:10BDA000001002B8A4DB0300A8DB03008CDB030057
:10BDB00074DB03000C0C0020012341F6FF710D4AD7
:10BDC000C2F8803291660C4A53600C4A53600C4AA8
:10BDD0005360A2F580425360A2F54042536002F5E1
:10BDE000C032536002F580425360A2F500425360B6
:10BDF000704700BF0090005000D000B8001000BA9B
:10BE0000005001B838B50324FFF7D6FF114A124B92
:10BE1000124DDA64FFF764FF114BC3F8E0400123D1
:10BE2000EB6401F091F94FF460736B614FF40073B0
:10BE3000EB640FF042FB0021FEF7C4FD8022094BAA
:10BE40001C64A3F580535C64074BC3F884215A60DB
:10BE500038BD00BF0048F000000002B8001002B872
:10BE6000005001B800A002B800E100E008B5E7F713
:10BE7000EFFC044B1B6FC3F300430133B0FBF3F043
:10BE800008BD00BF008000502DE9F04F044687B088
:10BE900003908A465AF8046B731C06D1039B2660F4
:10BEA000E01A801007B0BDE8F08FC6F30745012DFA
:10BEB00038BF0125324BC6F3016233F81230B7B2F6
:10BEC00047EA0347EB002F490493043323448B4292
:10BED0004FEA167602D92C4B9C424ED907234FF0DD
:10BEE0000109D346D34003F0010309FA06F902938E
:10BEF00009F0940304F1080801950593059B0BF1E3
:10BF0000040B53B919F0420F19D119F0280F0BD1B6
:10BF100048F8087C5BF8042C20E040F2AA72322139
:10BF20000020FCF729FCF3E740F2AF7232210298BF
:10BF3000FCF722FC07F5805248F8082CEAE74FF49A
:10BF4000F76232210298FCF717FC07F50052012E28
:10BF500048F8082CDED15BF8042CD243019B48F84A
:10BF6000042C013B07F1040708F108080193C5D12F
:10BF7000049B0AEB85011C448BE7002092E700BF7D
:10BF80003CDB0300DF4F00B0E04F00B0F8B50646E1
:10BF9000E0B10024144B25461F46144953F8042BE6
:10BFA000AAB91348314600EB8500FFF76DFF30B9A1
:10BFB00040F661023621BDE8F840FCF7DDBB0D4BD1
:10BFC0000135281847F8246023F81400F8BDB24260
:10BFD000FCD001340C2C02D031F81450DEE740F6CE
:10BFE0006F0236210020E6E77C290020962A0020F7
:10BFF000404000B0982A002070B5044690B1A9B125
:10C000003A4A52F8043B834212D10023384A116C59
:10C01000C907FCD49B0003F5804340331360354BC4
:10C0200001221A6470BD01330C2B02D1324D2CE079
:10C03000012352F8041BA142F5D1304A32F81330E3
:10C04000E4E7C2F3016335F81300110C93B211F069
:10C05000FE0F43EA0043606820D00434CAB2022ACB
:10C06000216808D9D4E90160033AC3E90016986051
:10C070000C340C33F3E704D16268C3E900120834CE
:10C0800003E0012A01D1043419602268531CD8D17D
:10C090000022174B1A6003F58053C1E7120F072ADD
:10C0A000EDD8DFE802F00704090D1013181DC04396
:10C0B00003F500531860E2E71A6842401A60DEE7B1
:10C0C00003F58053F6E70FF097FAD8E7012203F55E
:10C0D00080538240F2E7012203F500538240EDE7EE
:10C0E0001A6830EA0202FBD1C9E700BF7C290020B0
:10C0F00000C002B800D002B844DB0300962A00203A
:10C100000122014BDA647047001002B80122014B92
:10C11000DA647047002002B84022014BDA647047AD
:10C12000002002B84022014BDA647047001002B8C8
:10C1300008B50C4B1B68D3F8C83023B11A68022A23
:10C1400001D9186A08BDFFF791FE074B02469B6DA7
:10C1500098B20028F6D0C3F30743D2085343B3FB89
:10C16000F0F0EFE7BC260020004001B8064BDB688A
:10C17000C3F30363984206D1044A936E23F0F0039D
:10C1800043EA011191667047000002B8003F00B019
:10C1900010B50446FFF7CCFF0F4AD2F838311B0424
:10C1A0000E4B48BF40089B6C03F4C053B3F5805F4F
:10C1B0000ABF936BC4F30113C3F34163012B02D095
:10C1C000022B02D010BD4008FCE7C4F3C4240134A4
:10C1D000B0FBF4F0F6E700BF004001B8004000B843
:10C1E0002DE9F0470E460FF0EAF900248046DFF80B
:10C1F000B4A0DFF8B49005F0C1FADAF80C300746C5
:10C20000C3F30363012B0BD1711C35D00FF0D7F9A9
:10C21000A0EB0804384605F0B5FAA642EBD80DE0CD
:10C22000052BF1D00B2BEFD0023B012B09D90136A6
:10C2300002D00FF0C4F9384605F0A4FA1848BDE85A
:10C24000F087D9F80C3013F4603FDDD0D9F81830FE
:10C250001A04C3F3891512D4013602D00FF0AFF9D6
:10C26000384605F08FFA2DB26FF4FF73A5F1C800C0
:10C270009842B8BF1846E2E705F084FABBE7731CA2
:10C2800003D00FF09CF9A0EB08046FEA85556FEA24
:10C290009555384605F076FA15F5007FBDD0E3E7F1
:10C2A00000FEFFFF000002B800C000B80122024BF0
:10C2B00098611A61704700BF000001B8044BD3F8C1
:10C2C000AC3010B1C3F30332027003F00F007047BB
:10C2D000000002B8094B01F080011B6C03F48003DD
:10C2E0000B4309D14FF40012054B1A62837F1BB137
:10C2F0000122044BC3F80021704700BF000002B8C0
:10C30000006001B8005001B810B505F037FA084BCD
:10C3100004461B683BB1984728B1002200204FF427
:10C32000806101F0A7F92046BDE8104005F02ABA67
:10C33000AC2900204FF604014FF60502044B012002
:10C340001B6C9BB28B4208BF1346024A13667047B0
:10C350000080E00F00C001B8074BD3F8483203F06B
:10C360000303012B03D0022B03D00020704704F0FD
:10C37000EABFE7F7B7BA00BF008000502DE9F74FDA
:10C38000DFF8ECB081460F46DBF808A0FFF7A2FB10
:10C390004FF0FF35CDE9000100202C46064606F19E
:10C3A00010031B015BF8033003F00308B8F1010F21
:10C3B00015D13046FFF7A6FB02460B46DDE900012A
:10C3C000FFF73CFADBF8643006F10802D340DB07E4
:10C3D00037D5002F3ED000252C463E604046013622
:10C3E000082EDCD150B3224F0AF44033B96B00223F
:10C3F0000131A4FB0141641941F10001B3F5003F93
:10C4000030D17B6B0AF4405A013342F10006BAF591
:10C41000805F22D13D6B15F5807505FB06F642F174
:10C42000000203FB0266A5FB03323244594304FBBE
:10C430000212A3FB04341444C9E9003403B0BDE87C
:10C44000F08FA84271EB0403C8D207B13E600546E5
:10C450000C46C3E73D463C46C0E7320242EA13625F
:10C460001B02E3E73B6B13F5807342F10002DDE74B
:10C4700000C001B8F8B506200FF0A8F804460FF088
:10C480009EF842F21073041B9C42054618D94FF0E7
:10C4900080624F240B4B1A6441F26F770A4E0BE017
:10C4A0000FF08DF8401BB8424FF0F70221468CBFC9
:10C4B00000200120FCF760F9336C5B01F0D5F8BD7A
:10C4C0001A24E9E7002002B8000002B808B50FF00E
:10C4D0000BF90122054B93F8853002335B00DBB288
:10C4E00002FA03F3024A536108BD00BF003E00B0E8
:10C4F000002000B80B2870B500F29580012900F2E9
:10C5000092804A4B83F8840083F88510484B5B681F
:10C510009D05C3F3402227D44FF038435A60454A63
:10C52000506E44026BD5444B5B6803F00303022B4F
:10C5300065D00223C2F848320122404B9A604FF086
:10C5400038435A60DA60996A0807FCD11969C9074B
:10C55000F8D540F2FF323A4B9A615A614FF40072BB
:10C56000334BC3F884215A60304C01213B20E8F75B
:10C5700007F894F8853094F88420324943F4402336
:10C5800043F41063063241F82230FFF76FFC46088F
:10C59000C507FFF7E1FE002302463146284602F0B8
:10C5A000A7FA090241EA1061C0F3C05040EA410015
:10C5B000254BA067186B10F5807005D14FF4E17220
:10C5C0002B21FCF7D9F8022002460023002001218C
:10C5D00002F08EFAE067FFF7BFFE40F6494358438A
:10C5E000000DFF2828BFFF20022838BF02200021AD
:10C5F00084F88C00012000F0BBFD002070BD10F419
:10C60000001006D0114B586800F00300023818BF24
:10C6100001204FF4A9721B21FCF7AEF80122054B53
:10C62000C3F8482288E70120E8E700BF003E00B0D9
:10C6300000E100E00080005000000250001000B84F
:10C64000002000B80080035000C001B80040025034
:10C6500038B1064B93F88400087093F88530137056
:10C66000704707230B700123F9E700BF003E00B0BD
:10C6700070B5FFF7FFFE0021022000F079FD0EF0FB
:10C680009EFF04460F4D104ED5F8F4331B070BD513
:10C6900005F074F8BDE8704002220C4BDA6001220C
:10C6A0000B4B1A7005F06EB80EF089FF001BB042FC
:10C6B00040F22A224FF045018CBF00200120FCF7F8
:10C6C0005BF8E1E7000002B83F420F0000C001B88C
:10C6D000D82B0020224910B50B78002B3FD0012227
:10C6E000204C94F8853002335B0002FA03F31E4AB3
:10C6F00093614FF400721D4BC3F8842100230B702B
:10C700001B4B4FF43072186C3921C0F38060FCF77A
:10C7100033F84FF48041174B174AC3F894100C219B
:10C7200094F885304B4303F138435B6BD4F88010A9
:10C73000994202BFD2F86C31C4F88830D2F8643123
:10C74000D4F8880008BFA4F88630B4F8861000F04A
:10C75000A7F8BDE810400121022000F009BD10BD7E
:10C76000D82B0020003E00B0002000B800E100E01F
:10C77000000002B800E001B800C001B810B50446DE
:10C78000FFF7EAFD6043044B00F5F42000F59070DC
:10C79000B0FBF3F010BD00BF40420F002DE9F74F92
:10C7A000FFF7ECFF0546FFF765FE04F0E7FF002109
:10C7B0004FF0384ADFF8E4900646684689F80010E2
:10C7C000FFF7DCFD304BDAF82070DB6813F0706F98
:10C7D0001DD12E4B5B6913F0060818D100284CD0F0
:10C7E000FFF744FB691DA1FB00B4FFF7B5FD21462F
:10C7F00002464346584602F07BF9DDE9004B090248
:10C8000041EA10610002A04271EB0B0105D33046F2
:10C8100003B0BDE8F04F04F0B5BFFFF79DFD220A5D
:10C8200042EA0B624FEA1B23A0FB02B200FB032487
:10C83000FFF71CFB434602462146584602F058F9D2
:10C840000C220121124B013593F885307F1B5A438E
:10C8500002335B00074402F13842DCB2576301FA4D
:10C8600004F40C4F99400C4B7C619961DAF820304C
:10C87000526B2D1A9B1AAB42C9D30222034BDA60CA
:10C88000012389F80030C2E7000002B800C001B8F7
:10C89000003E00B0002000B8001000B8D82B0020E7
:10C8A0002DE9F04F4FF00C0A0027B54A054692F8E3
:10C8B000854088460AFB04F303F138431F6392F86E
:10C8C0008420B04B87B0C3F8B4204FF40032AE4B95
:10C8D00046461A610222A3F58053DA604FF03843CE
:10C8E000AA4A1B6A92F82413AB46C9B2059192F882
:10C8F00029130134C9B20491012104F0010482F822
:10C90000247382F82973A21C0AFB04F4500001FA74
:10C9100000F003F1FF390290019004F13844A3EBD9
:10C920000903002B40F3FF800137022F65D9DB227A
:10C930000D210020FBF720FF4FF080539449934ACC
:10C940004B66059B934C03F0F00382F82433049B61
:10C9500003F0F00382F82933894A4FF40033C4F816
:10C960006CB1C4F86461A2F886600026C2F88090B9
:10C97000C2F888B00B61834BC3F8B4600C2392F803
:10C9800085205A4302F13842166304F0F7FE33461D
:10C9900032464FF4807E276AD4F864C003F1100158
:10C9A0000901615801F00301012910D10EFA03F1C8
:10C9B00011EA0C0F0BD104EB0316AF42D6F80C6151
:10C9C000C0F0D880B54202D2B74280F0D6800133A1
:10C9D000082BE3D1704D2C68012C40F2E3803AB172
:10C9E0006749B1F88E301343A1F88E30664B5A6612
:10C9F00007B0BDE8F04F04F0C5BE4FF0000B604E2D
:10CA000096F885300AFB03F303F13843C3F830B0DE
:10CA100004F0B4FE4FF080515D4B039059664FF027
:10CA2000384396F885201B6A00920AFB02F203F154
:10CA3000010902F13842C2F83490534A02331167B7
:10CA4000C4F830B0029A6363544B52485A61019A59
:10CA5000A3F580539A618368DB0340F18880D6F8A0
:10CA60008030B26FA9EB0303A3FB0221036B03F534
:10CA7000807CF36FA1FB0360A2FB03E39B19ACFB7B
:10CA800003E640F100000CFB0066B2EB0E0261EB26
:10CA90000606120A42EA06624244B2EB1C2F4FEA33
:10CAA0001C2603D3013340F10000921B043E964242
:10CAB00028BF16463749324A8E6192F88D20D1F848
:10CAC00020C0EB18D2B2896B40F10000654584BFED
:10CAD00002F1FF32D2B2B1F1FF3F0ED04FF0000EA3
:10CAE00001F1010C99427EEB000B08D20132B3EB4D
:10CAF0000C03D2B260F10000F4E70244D2B29B46CC
:10CB00001F49244B02F0030281F88D20C3F820B0A6
:10CB10000222009B03980AFB03F303F138431A63D4
:10CB2000226304F02FFE4FF038431B6A009304F099
:10CB300025FE1B490A6922F004020A6130BF4FF04A
:10CB40008051019B154A936102F5E0321167002282
:10CB5000102122630D4AC2F8841104F013FE0D4A1D
:10CB6000009B526E12F0805F3FF4D9AEE4E6464679
:10CB7000AB46CDE7B542BFF427AF11438AB226E7F3
:10CB8000003E00B00080035000D001B800E100E09A
:10CB900000E001B800C001B818290020002000B84A
:10CBA00000ED00E011490B78142B01BF0023104E5B
:10CBB0000B7033700B7801330B70002A3FF418AF01
:10CBC0000C4EB6F88E301343A6F88E300A4B5A66D8
:10CBD000074A13780133DBB2022B13707FF408AFDE
:10CBE000002301342C600B70137001E7DA2B002056
:10CBF000D92B0020003E00B000D001B8F8B50B469C
:10CC0000002213F8044B944225D91D68854224D193
:10CC100006245A791D79124B88181E6804FB0503F7
:10CC2000104F33F8063C7B43B3420ED900238A5A97
:10CC30007A43964202D804FB0300F8BD9D42FAD91C
:10CC4000013304FB03F2825AF2E740F25F423D21D6
:10CC50000020FBF791FD0020EFE708330132D2E717
:10CC6000B029002040420F0000202DE9F84FA2FB20
:10CC7000018BBD4EBD4F18EB060699466BF10003C4
:10CC8000B74270EB030307D240F259220E21FBF7A3
:10CC900073FD0220BDE8F88FD9F814A00C461546A4
:10CCA000BAF1000F04D0DAF80030032B00F21D8136
:10CCB000AF4BB04A9F6BA3F58043D3F8EC30C7F37A
:10CCC00014075900AC4B48BF47F400171B6ED2F84D
:10CCD000FCA05A074EBF4FF440039B0503F0E073DE
:10CCE0001F43A64BD3F8E4309E0748BF47F0807738
:10CCF00047EA4567E6F7DCFD012D0646C9D1002865
:10CD0000C7D09F4B984200F0FF8003F5122303F534
:10CD1000F863984200F0FE809A4B984200F07581CB
:10CD2000002502462B4600204FF0007101F0E0FE86
:10CD30002B46013008FB03F3C7F3130100FB0B3351
:10CD4000A1FB0662A8FB008001FB052203442033FF
:10CD50009B09C9F80030F60C8B4B46EA4236F802C4
:10CD60001C6058BF7642894B894D34441E602C604C
:10CD7000BAF1000F00F0B7800023F9018549C7F32D
:10CD800081528A5C194648BF6408002EB8BF7642BB
:10CD900092066008C2FB0601224601F0A9FEDAF8FD
:10CDA00000600E2E08D9744B714A916BDA69D3F882
:10CDB0000C31D20600F1CF8017F4001714BFC42243
:10CDC00040F207127449C0F31300A1FB04C14FEAFB
:10CDD000511102FB01F1C9F80400DAF818004FF410
:10CDE000FA73B1FBF0F118BF002701FB03F3A4FBBA
:10CDF00002C2FA33A3FB003004FB072263459041D3
:10CE000038BF0131C9B241F4006CC9F808C000292B
:10CE10007ED0DAF81C00A1FB00371CB1B4FA84F212
:10CE20000E2A7EDDE203002F78D1B2FBF3F253002D
:10CE300003FB0113A3FB00874FEA044EC6454FEAEC
:10CE4000144474EB070709D34F003B44A0FB038154
:10CE5000C64574EB010102F10102F6D2C2F30E02E3
:10CE60004CEA023C4CF00063062EC9F8083040F250
:10CE70009980DAF83030002B00F094800023C9F854
:10CE80000C30C9F81030E6F713FDDAF83010FFF770
:10CE9000B5FE044618B18378002B40F0D580E6F744
:10CEA000D1FCDAF83010FFF7A9FE0446D8B1837838
:10CEB000CBB1407940F28B52003818BF01203D21A0
:10CEC000FBF75AFC207940F28C5200384FF03D01BC
:10CED00018BF0120FBF750FC237962791B0243EA5B
:10CEE0000213C9F810300020D4E6042BDAF82870B9
:10CEF0007FF400AFF8014CBF4FF4400307F0E0733C
:10CF000027F0E0771F43F5E6002324481D4611E78C
:10CF10000120BFE6002322481D460BE70B460022F6
:10CF200088E7C2F10F0E02F1110807FA08F823FA98
:10CF30000EF343EA0803AEF1200827FA08F843EAA3
:10CF4000080327FA0EFE01334EF1000704FA02F23D
:10CF5000002FE3D169E701F4801103F400131943B2
:10CF600008BFC0F5801027E7006CCA88807C814A22
:10CF7000008001B8004F00B0004001B8000002B8C6
:10CF800000F04902005A6202B8290020B4290020AA
:10CF9000B029002060DB0300D34D62100A3BB2DFF2
:10CFA000313641DCE6F784FC2C6894B3B4FA84F3A0
:10CFB000D3F1020358BFDC40354B9C4288BF640864
:10CFC000C8B3B4FBF0F3642100FB134201FB02F28F
:10CFD000904203F1FF3253D85D085308013D1B0214
:10CFE00043EA0515C9F80C50E6F732FCE0B1B4FB92
:10CFF000F0F2642100FB124401FB04F4A0423DD88E
:10D00000531E52085B08013A68E7002321481D4679
:10D0100090E66FF01F050028E4D140F2DD422B219D
:10D020000020FBF7A9FBDDE74FF4A0622B21FBF703
:10D03000A3FB621EE4E7631EA51E5B086D08013BAF
:10D040002D0245EA0315E8E740794FF4AE62003857
:10D0500018BF01203D21FBF78FFB207940F2715270
:10D06000003818BF01203D21FBF786FB2379627948
:10D070001B0243EA0213C9F80C3010E71446D8E744
:10D080009D1E6D085308013B2D0245EA0315A9E7D3
:10D090003FBE4025D694BFD610B5044686B059B9D8
:10D0A000214B4168D3F8FC30827A20480593006810
:10D0B0006B46FFF7D9FD69461D4B0A685A631A4B48
:10D0C000D3F8FC3033B34B6843B11A4B1A4AC3F858
:10D0D0000C214A68A3F58053C3F80C218B6843B137
:10D0E000144B164AC3F8EC208A68A3F58053C3F8A2
:10D0F000EC20134AC868D2F8743123F4EE6303437A
:10D10000C2F87431D2F86C31096923F4EE630B4331
:10D11000C2F86C31002022890A4B9A6203F5A033D1
:10D12000186406B010BD00BF004F00B0BC26002040
:10D13000008001B8006001B8FFFF0F00FFF8FF0F8B
:10D14000000002B8004000B8064B9A6E920607D560
:10D150005B6E002B4FF48043B4BF034A034AD36491
:10D160000020704700800050002002B8001002B874
:10D17000064B1A6C9207FCD4022240EA0120586048
:10D18000034B1A640122034B1A70704700C002B8A7
:10D1900000D002B8DB2B002040B10368012B05D979
:10D1A0000069034B002808BF1846704700487047C5
:10D1B00068DB0300064B586E5B6AC0F30112000C7B
:10D1C00002FB000003F01F0301331844704700BF47
:10D1D000004001B8084BC1171A68A2FB000302FB0C
:10D1E000013310F1807043F10003400E40EAC31098
:10D1F000803820EAE0707047C02900200722194BD0
:10D2000070B5DA63FEF732FE174BC408010B054612
:10D21000E005C018154A41F10001002301F068FC47
:10D22000134B144E18601448FFF7D4FF4042C6F861
:10D23000DC0049F65800FFF7CDFFC6F8A8000F48FC
:10D24000FEF798FC024660B1E301500818184FEA57
:10D2500015714FF0000341F1000101F049FCC6F8DF
:10D26000B40070BD000002B8B2E60E0065CD1D002E
:10D27000C0290020003F00B07011010040420F00A3
:10D280002DE9F047064608469846FFF785FF154604
:10D29000074616B308F0020918F004081FD1B9F1C7
:10D2A000000F1AD04FF47A7073685843002B40F087
:10D2B0008680FFF78FFF28637369002B00F085805D
:10D2C0004FF47A72B86802FB0300A0F5FA50FFF73A
:10D2D00081FFE862B8F1000F53D1BDE8F0873069F3
:10D2E000002863D04FF47A735843BB68A0F57A6086
:10D2F000C01AFFF76FFFA862B08B002859D04FF417
:10D300007A735843BB68A0F57A60C01AFFF762FFD2
:10D31000E861324BF468D3F800A0002C4CD04FF4F5
:10D320007A735C43BB68A4F57A64E41A7B68E41AF8
:10D330002B4BE1171A68A2FB044302FB013314F1E3
:10D34000807443F10003640E44EAC314803C254B0F
:10D350002C62D3F8C430244C6B6223684BB1504626
:10D360000EF071F828B12A4639462368DAF87C00B5
:10D370009847B06900210EF0E3F96863B9F1000F36
:10D3800090D1B06820BB47F23050FFF723FF6861AF
:10D390004FF47A703368584323B13B6803F51C534C
:10D3A00010331844FFF716FFA86196E749F640408E
:10D3B0009FE749F64040A9E749F64044B8E73B6893
:10D3C00003F51C531033184473E747F230507EE7DF
:10D3D0004FF47A735843A0F5FA50D6E7BC260020E4
:10D3E000C0290020003F00B0BC29002008B9FFF789
:10D3F000E1BE034881420CBF2F20BC20704700BF14
:10D4000048E8010010B508461C460EF0E6F8094B46
:10D410000246D3F8FC00FFF7BFFE4368A018002BBC
:10D42000054AA8BF4FF4FA721A44044B92FBF3F278
:10D43000104410BD004F00B00CFEFFFF18FCFFFFB2
:10D4400070B588B06D46124C0FCC0FC594E80F0034
:10D4500085E80F00B02200210E480EF0D1F92022FD
:10D4600000210D480EF0CCF9D82200210B480EF017
:10D47000C7F90EF064F90A4B1B783BB16D46044EB8
:10D480000FCD0FC695E80F0084E80F0008B070BDFF
:10D49000E03F00B0503F00B0E04F00B0783E00B039
:10D4A000CB2B00200A4B197801F0FF0229B1002193
:10D4B000197008499202C1F80421597801F0FF025D
:10D4C00029B1002159709302024AC2F8083170470D
:10D4D000DC2B0020005000B8064BD3F8EC0E064BB6
:10D4E0005B6C1A0103D4054B9B6E1B0401D500F540
:10D4F00080707047003000B0000002B8004000B8F3
:10D5000008B504F03BF90E4B1A78A2B90D4A12681F
:10D5100012F4843F0FD10C4A1021D1641B7863B9F7
:10D52000084B1B68DB0508D4074B2022DA64BDE8F2
:10D53000084004F027B9054AEEE7044BF5E700BFC1
:10D54000E02B0020E0110020002002B8001002B8FB
:10D5500010B504F013F90E2104460320FEF706FE71
:10D5600040F20122034B2046BDE81040DA6204F08D
:10D5700009B900BF004000B80022044B1A70044BE8
:10D58000197811B11A70FFF7BBBF7047DF2B00206D
:10D59000E02B002008B504F0F1F84FF00042264BD4
:10D5A000C3F88020BFF34F8FBFF36F8F0122C3F802
:10D5B0008420BFF34F8FBFF36F8F0222C3F8842004
:10D5C000BFF34F8FBFF36F8F0422C3F88420BFF3E4
:10D5D0004F8FBFF36F8F0822C3F88420BFF34F8FA4
:10D5E000BFF36F8F4FF00052C3F88020BFF34F8F0F
:10D5F000BFF36F8F1022C3F88420BFF34F8FBFF3A8
:10D600006F8F2022C3F88420BFF34F8FBFF36F8F3B
:10D610004022C3F88420BFF34F8FBFF36F8F4FF4C6
:10D620008062C3F88420BFF34F8FBFF36F8FBDE8D4
:10D63000084004F0A7B800BF00E100E008B504F01E
:10D640009DF84FF000420A4B1A6001225A600422F2
:10D650005A6008225A604FF000521A6010225A6035
:10D6600020225A6040225A60BDE8084004F08AB87F
:10D6700000E100E0012370B5074C2370074B1E68E2
:10D68000074B3240D3E9005319402840FBF7EEFC2A
:10D690000023237070BD00BFDE2B0020C8290020AE
:10D6A000E01100202DE9F047DDF820A003EA010891
:10D6B000099B06460D4602EA000703EA0A09BAF189
:10D6C000000F40F05C81031F0B4300F01C81052814
:10D6D00071F1000380F0F28050EA010300F07281E2
:10D6E000431E0B4300F03281FFF754FFB64AD2E9E4
:10D6F000004323EA050324EA06043C4343EA0807FF
:10D70000B24BC2E900471E6826EA0A0646EA090645
:10D710001E60FFF7F5FE14F02A4F14BF48F2020313
:10D720004FF40043AA4AB007D26EAA4848BF43F458
:10D73000005383EA020122EA0302C266A64A0B40B2
:10D740008166D366C4F380421203210348BF42F4CA
:10D750008072E30648BF42F40052A04BA50648BFC2
:10D7600042F400726006D3F80C3248BF42F4806283
:10D77000210648BF42F40062994882EA030123EA85
:10D780000203C0F80C32974B0A40C0F80812C3F8E5
:10D790000C22BA0507F4007300F11081924A1D466D
:10D7A000D2F8A41002F50052C2F8A410C2F8A010DA
:10D7B0004FF05022C2F8A4308C4ADFF86C8282F815
:10D7C0008830E30448BF45F48035A00348BF45F4E2
:10D7D0008015A10748BF45F4001514F4001F06D0BA
:10D7E000D8F800000DF0D3FF08B945F40025E20297
:10D7F00048BF45F40035FB067D4B48BF45F4800526
:10D800001A6A7C4985EA020323F001031A400A627E
:10D810001D40CB61784B16F0010F1D62774B784AA3
:10D8200018BF1A46774B7D071B6F48BF42F0006256
:10D83000754882EA030123EA02030367734B0A4037
:10D8400041661A67724A04F00103916CA0F58030BA
:10D8500081EA030221EA0301816442641A406D4BAC
:10D8600020029A64D8F8002048BF6B4B92F81D2123
:10D8700058BF6A4B610748BF43F4806322B114F478
:10D88000C06F18BF43F4807332074FF03A42BDE8CF
:10D89000F047D2F8181148BF43F0004383EA010271
:10D8A00022F4A0225E481140C0F818111340C0F8BD
:10D8B00014215C4AC2F81831FFF7C0BEA0F580639E
:10D8C0000B4306D020F48063A3F500730B437FF471
:10D8D0000BAF03F053FF3C49D1E9003223EA0603C2
:10D8E00022EA050242EA08023B43C1E900324E4AFD
:10D8F000126892F81D114A4A09B313F4C06F1ED082
:10D900004FF4807311E003F039FF2F4AD2E9003160
:10D9100023F004033B4341EA080157EA0807C2E940
:10D9200000314FF480633E4A0BD0C2F81431A2F5A7
:10D930008052C2F81831BDE8F04703F023BF4FF41E
:10D940008073C2F81831C2F81431F4E703F016FFFF
:10D950001D4AD2E9003123F001033B4341EA0801AB
:10D96000C2E900310123314A57EA08071BBF53645B
:10D97000A2F580529364936408BF5364DBE750EAD6
:10D9800001037FF4B1AEBAF1010F7FF4ADAE03F045
:10D99000F5FE0E4A136823F0010343EA09031360FE
:10D9A0004FF48063184AB9F1000F04D05366A2F512
:10D9B00080521367BFE713675366BCE701234FF438
:10D9C0008025F9E6BDE8F087E0110020C829002095
:10D9D000004000B8006000B8005000B8004001B836
:10D9E000006001B8005001B800400050003F00B096
:10D9F000000002B8002002B8001002B8041C0003A6
:10DA00000418000300C001B800E001B800D001B85C
:10DA100000C000B800D000B80D0A0A09090A0A09B6
:10DA2000002000BA001000BABC26002000E000B8B8
:10DA3000024B5868C0F3C000704700BFE0110020DF
:10DA4000024B186800F00100704700BFE011002091
:10DA5000024B5868C0F3C030704700BFE01100208F
:10DA600010B50446FEF7CEF9FFF794FD04F18000EF
:10DA7000FDF790F9FEF75CF9FDF752FEFDF7BEFEEB
:10DA8000FFF7BCFB13490723134AD1F8FC1004F13C
:10DA9000D800FFF7F5FB4FF080710020FEF70EF87D
:10DAA0004FF000720D4B4FF400110120C3F800211C
:10DAB000FEF704F8FEF73EFC20B940F2E7221421FD
:10DAC000FAF75AFE0DF039FEBDE810400120FDF7CF
:10DAD0001DBD00BF004F00B0A43F00B000D001B892
:10DAE0008022074B1A64082203F580531A64054A02
:10DAF000D2F8C43E23F02003C2F8C43E704700BFF2
:10DB0000001002B8003000B008B503F037FEFFF790
:10DB1000E7FF0122024B1A61BDE8084003F032BE64
:10DB2000000002B8F0B583B014460646FFF70CFBC0
:10DB3000FCF776FC002800F09780524B5D6915F0E9
:10DB4000060540F0918003F019FE23790746022B69
:10DB500000953ED1237B022B35D00320FDF7A4FF97
:10DB600018B9494BDB685B047BD5A37B257B003B65
:10DB700018BF0123A2684549012D01920B705ED0A8
:10DB80000023434A434C13702278002A62D10420B8
:10DB9000FDF766FE04203B4E2A46736F0DEB000135
:10DBA00023F0F85323F4F81343F0506343F4803325
:10DBB00073670223FDF772FE00285CD0012130223A
:10DBC000354B2170DA64384603F0DCFD002003B0E9
:10DBD000F0BD0320FDF768FF002842D12279D6F876
:10DBE000E030012A226839D0D51A0021254B2B4A72
:10DBF00000955A679967637B294A8B4214BF0B468D
:10DC000001231370274B274AD3F8C43E4FF003007B
:10DC10000CBF43F0200323F02003C2F8C43EFDF7FD
:10DC20001FFE184B204A03205A67694601232279B8
:10DC3000FDF734FED0B101221C4B1A708AE723791C
:10DC4000022B9DD0009BD6F8E01000250B44134416
:10DC5000019395E72370FFF753FC98E79A42C4D3EA
:10DC6000C2E7384603F08EFD0320B0E7384603F0E4
:10DC700089FD0120ABE70320FDF7F2FD074B384695
:10DC80007367EFE700C001B8000002B8E22B002084
:10DC9000DF2B0020E02B0020001002B80000010163
:10DCA000E12B0020003000B0010C0100E32B00202C
:10DCB0002DE9F34100240D46074603F05FFD1B4BA1
:10DCC000DFF874801C70FFF70BFF194B0646C8F88D
:10DCD0007430C8F878406879431E58425841FCF7C0
:10DCE00041F840F60143C8F878302A792968012ABA
:10DCF000D7F8E83001D1994200D3CC1A042303208D
:10DD00000DEB03010194FDF7C9FD48B98822094BC9
:10DD100030461A6403F036FD012002B0BDE8F08100
:10DD2000304603F02FFD0020F7E700BFE32B002073
:10DD300000000101002002B800C001B8F8B5194C7C
:10DD40000546207840F20642B0FA80F03E214009B4
:10DD5000FAF712FD55B9607840F20642BDE8F84086
:10DD6000B0FA80F03E214009FAF706BD4FF4406654
:10DD70000D4F0E4DD7F8043140F20642C3F3812314
:10DD80002370C5F8046160783E21B0FA80F0400944
:10DD9000FAF7F2FCD7F80831C3F381236370C5F8B2
:10DDA0000861F8BDDC2B0020004000B8006000B81E
:10DDB000F8B5084C084D236C0423084F2B64236CE2
:10DDC0005B0300D4F8BD042602203E640DF014FC71
:10DDD0002E64F4E7000002B8001002B8002002B878
:10DDE000A82238B51A4B1D6C03F500531A64102293
:10DDF0009A60A3F5804302F100521A675A66FFF752
:10DE000051FB144B1B7813B90320FDF729FD0024A7
:10DE1000114B9C67FFF7CCFF104A114BD2F8EC1E58
:10DE20000B40C2F8EC3E04220E4B1A640E4BAA06BD
:10DE3000C3F8CC4008D503F580739B6FB3F5817FA1
:10DE400022BF8022024B1A61BDE83840FCF7A0B91E
:10DE5000000002B8E32B002000C001B8003000B081
:10DE6000DF0000FF002002B8003E00B010B551B93D
:10DE700020B3154BDB681B0E13F00E0F1ED1134B96
:10DE80001B6CD9071AD4FFF763FB0F4C0020FEF779
:10DE900015FA032801D0092805D1A36ADA07F5D4B9
:10DEA000636CDB03F2D4FFF783FF0122084B5A6156
:10DEB00002229A62042203F580531A644FF4C0626E
:10DEC000044BDA6210BD00BF000002B800C002B807
:10DED000001002B8006001B808B503210920FEF760
:10DEE00045F92022014B1A6108BD00BF000002B8AD
:10DEF0000D4A10B5D2F8A030D2F8A4100B40B3F1FF
:10DF0000804F0CD34FF040400849094CC1F8A400A1
:10DF1000D467C1F8A0004FF48021064AD161034ABA
:10DF2000C2F8A03010BD00BF00400050006000509B
:10DF30000000FF01001002B838B5054603F01EFCD2
:10DF40000446FCF7E1FE35B1FFF716FB2046BDE8BD
:10DF5000384003F017BC084B1B78002BF6D0074B5A
:10DF60001D78002DF2D1FFF707FB2A464FF48040C1
:10DF70000021FFF77FFBE9E7DF2B0020DE2B0020ED
:10DF80002DE9F84F5A4B06460D4614461B6C002AE5
:10DF900040F0AB8013F0A00F14BF4FF001094FF019
:10DFA0000009FCF7F5F8A0234FF0000ADFF85C81C8
:10DFB0000320C8F84030FDF753FC0420FDF750FC67
:10DFC0004C4FFFF7D9FA4C4B4FF0040B7B67C7F867
:10DFD00078A0FFF7EDFE494B4FF48071D3F8C42EC3
:10DFE00042F02002C3F8C42EFF22C8F80820404A9D
:10DFF0001161D3F8EC2E42491140C3F8EC1EC8F869
:10E0000040B0C3F8CCAE7B6913F0060F04D0FDF727
:10E0100093FD5846FDF724FCB9F1000F08D04FF4EA
:10E020000062384B1A644FF40042A3F5E0339A665D
:10E0300066B1354BDB6C180701D4FFF789FAFFF79F
:10E040004BFF0420FDF70CFCFFF72CFA284B5A6914
:10E05000D10748D5DA6812F0706FFBD12B4B2C4AF0
:10E060001A642C4A936E23F0F003936615B1204690
:10E07000FFF762FF284BD3F84C315A1C01D05B00EC
:10E0800002D50122214B5A616CB31F4BDA6E03F5A6
:10E0900000539A6603F5D0331B6A1C4A23F0010330
:10E0A000D3611E4BD3F80C1203F50053C3F80812CA
:10E0B00003F50053D3F8841003F5005399674FF02C
:10E0C0003A43D3F8181103F50053C3F81411144B55
:10E0D000996C03F500535964124903F5803359666E
:10E0E0004FF608431364BDE8F88F4FF0000958E776
:10E0F000000002B800C001B800000101003000B00B
:10E10000DF0000FF001002B8004000B8002002B895
:10E1100010003000003F00B00080E00F004001B868
:10E1200000C000B85000002F9D4B2DE9F04F9F6EAE
:10E13000DB6E85B01F409B4B9F664FF03A43D3F890
:10E140001451D3F818311D40974BC3F81451974B15
:10E15000D3F80822D3F80C3202EA0309944BC3F82F
:10E16000089203F52043DA691B6A02EA0308914B1F
:10E17000914A08EA0303D361904BD3F80422D206F4
:10E1800005D4D3F80431C3F30016DB0652D503F0EF
:10E19000F5FA8B4B5A695E6E1B6F12F0060F06EA9A
:10E1A0000306884A26F0007314BF4FF0010A4FF0AF
:10E1B000000A23F400637407536606D5824A92F876
:10E1C0008D300133DBB282F88D3003F0DBFA002FA3
:10E1D00000F0E38017F4004300F0D48003F0CEFA9F
:10E1E0000146FFF779F90446DFF8D4B1DBF82020C7
:10E1F000DBF820309A42FBD0DBF820209342FBD0A2
:10E20000FFF76AF9A04217D1084603F0BBFA6F4B3B
:10E210001C606F4BD3F840B01BF4E0520ED124F0D9
:10E220007F4424F0DF040CB9FFF7DAFD4FF0807B68
:10E23000002414E0B246CAE70446D7E70192FFF78C
:10E24000CFFD5D4B019A1BF480541A6440F09C8012
:10E250001BF4806F0CBF4FF0805B4FF0806BB807F2
:10E2600015D55B4A5448126C02F4604101640029E0
:10E2700000F08D80110400F18D8012F4005F0CBF5E
:10E280004FF000524FF0006200244BEA020BC7F33C
:10E2900040377F004F4A2A40002A4BD015F4206FA8
:10E2A0000AD040F60F0206210020FAF765FA002096
:10E2B000FFF742FE25F48025EB0506D5FF213E4AF7
:10E2C0004BF4C06B9160FFF743F915F0090F0BD0C9
:10E2D00040F6240208210020FAF74EFAFFF7FCFD71
:10E2E0004FF03A420121516315F0106F0CD040F607
:10E2F0002D0209210020FAF73FFAFFF7EDFD002279
:10E3000011461046FCF7D4FC15F4202F0AD040F635
:10E31000350207210020FAF72FFA0020FFF70CFE44
:10E3200025F48025E80301D5FCF72EFE002DB8BFAB
:10E3300047F0080769070ED54FF03A42126B12F406
:10E34000005F4FF4005217BF174923490A634BF48B
:10E35000000B08BF0A636A0548BF4BF0040B15F4B5
:10E360008023019300F0A180FCF7CCFD0138062842
:10E3700034D8DFE810F017011A0117011D01200140
:10E38000230123019B4653E74FF0804B50E74FF0AA
:10E39000007279E74FF0004276E7BB463C4679E7EA
:10E3A000004000B8006000B8002000BA004001B88A
:10E3B000006001B80000F7FF002002B800E100E0B3
:10E3C00000C001B800E001B8003E00B0C429002040
:10E3D000000002B8090B0B89001000BA40F6660273
:10E3E00003210020FAF7C8F94FF03A400121D0F894
:10E3F0008C20D0F8AC3002F00702063201FA02F2AB
:10E40000C3F30C0CA2EB0C0292B2072A12D9754A84
:10E41000126C53020ED4744BC26CC06E5B6D5BB158
:10E4200002F0070206329140C0F30C00091A89B2CB
:10E43000072901D84BF4007B6C4A1278002A34D0AB
:10E440004FF03A42D2F8142112F4A02F2DD1684A8D
:10E45000684912789AB9F20411D40A787AB14FEA6D
:10E46000DB02654842EA447282F00102D0F8EC0E09
:10E4700002F00102520020FA02F2930715D10420A3
:10E48000FDF7EEF95D4A5E485067FFF775F85949A8
:10E490000A7832B95B4A5C4912680BEA02020A4206
:10E4A00001D14BF4804B26F48056B9F1000F1DD0FA
:10E4B00019F4805F18BF4BF4802B19F4807F18BFCC
:10E4C0004BF4002B19F4005F18BF4BF0100B19F43C
:10E4D000007F18BF4BF0200B19F4806F18BF4BF072
:10E4E000400B19F4006F18BF4BF0800BB8F1000F10
:10E4F0003AD018F4802F18BF44F4007418F4803F09
:10E5000018BF4BF4805B18F4801F18BF4BF4003B1E
:10E5100018F4001F18BF4BF0020B18F4003F18BF8F
:10E520004BF4801B18F4800F18BF44F0100418F44B
:10E53000002F19D0304AD2F8C42E12F0C00F13D0D9
:10E540002849CA68C2F30362032A01D0072A05D109
:10E550004A6CD00602D48A6C110732D54FF40021E0
:10E560002A4A28F40028D161002E00F015813205D6
:10E5700040F187802648DFF88490C2782549002A38
:10E580004ED04FF40063013AD2B24B66C27032B93A
:10E59000214A1278C2B140F60141204A5167002257
:10E5A00000216BE04BF4803B1EE74BF4006B1BE754
:10E5B0004BF4806B18E74BF4807B15E74BF0080BAE
:10E5C00012E74BF4001BCFE7D9F8782012F4A05FD4
:10E5D00015BF4FF4807240F60142C9F85820C9F8BF
:10E5E0007820DCE7000002B8004000B8E02B0020F3
:10E5F000DF2B0020E12B0020003000B000C001B86C
:10E6000000000101E0110020088D0100002002B887
:10E61000D02B002000E001B8E32B002000D001B88F
:10E620000320FDF71DF9D9F81420A34B12F0060FB3
:10E6300004BF41F61F72A149A14808BF4A674FF4C1
:10E6400000619E4A5166D9F8142012F0060208BFF4
:10E65000C9F87820B3F88E2012F400615DD022F45E
:10E660000062A3F88E20027802F0FF09002A58D138
:10E67000FDF762FAFFF7B4FB4A4620214BEA020B92
:10E680000C43B30009D52E20FDF726F84FF00051BA
:10E690008A4A44F0080411675166F00606D52B201B
:10E6A000FDF71AF81021854A1167516616F0306F90
:10E6B00005D1F1045DD5BAF1000F00F0A780320159
:10E6C00011D52920FDF708F8FFF7B2F948B17D4AC6
:10E6D0007D487A494A66026700F54050C0684304A5
:10E6E00022D444F0040416F0007A28D00420FDF768
:10E6F000B7F82720FCF7F0FFFFF772FB4FF000712F
:10E700006E4A5166714AD2F8EC1E490678D4704AB6
:10E710000221916044F0020428E002784FF4005294
:10E72000ACE74FF400423BE70A6720204A66FCF75B
:10E73000D3FF2D2044F00C04FCF7CEFFD3E716F0F6
:10E74000807FDFF8909146D00420FDF789F82820DB
:10E75000FCF7C2FFD9F87820002A39D1FFF740FB37
:10E76000564A584944F00104116751660021594A3C
:10E770009165320405D5584A126890474BEA000B60
:10E780000C43730508D555498A78002A00F08E801D
:10E79000013A8A70002217433A4658462146FEF74E
:10E7A00069FF019B0BB1FCF7E1FB01224C4B05F02B
:10E7B0000435C3F814514B4B18F4002FC3F88421CF
:10E7C0001EBF4FF40022424BDA6105B0BDE8F08F66
:10E7D000C9F878A0C4E7F004C8D50420FDF740F8D4
:10E7E000414AC9F87420FDF7A7F9D9F8642012F05E
:10E7F000407FBBD12A20FCF76FFFFFF7F1FA81E7DA
:10E80000D2F8C42E930685D4384A81E733490A7971
:10E8100052B1013AD2B20A7112B92B4A3449516746
:10E8200000224BEA020BA4E70420FDF719F80320AD
:10E83000FDF716F8274A2C49516702F09FFF8146E1
:10E840000DF10F00FDF73AFD2A4A824612780AB10F
:10E85000FEF77EFEBAF1030F0ED1DFF8A0A0002074
:10E86000FDF72CFD032807D1DAF82820D007F6D4CD
:10E87000DAF84420D103F2D49DF80F20032A06D100
:10E8800001211D4A4846117002F07CFFC8E74FF095
:10E890003A42D2F8142112F4A02FF1D1FEF76CFE07
:10E8A000484602F06FFF4FF48042BAE70220FCF7BF
:10E8B000D7FF01226FE700BF003E00B000E001B8C3
:10E8C000E32B00201000002000D001B8003000B081
:10E8D000002002B800C001B8F40B0020D02B0020AB
:10E8E000002000BA00E100E000000101001002B8C1
:10E8F0000000010DE22B0020DF2B0020000002B8F9
:10E900000122024B1A62DA61704700BF002002B890
:10E91000074A08B5D369116A0B40064998B2DB076C
:10E92000C86104D5D068C0F30360FFF7E9FF08BDF4
:10E93000000002B8002002B80C4A08B5536C926C73
:10E9400013400B4A5364DB070FD50A4B40F6AC2249
:10E950001878122100F00100F9F70EFFBDE8084019
:10E96000002201200021FEF785BE08BD00C000B8CE
:10E9700000E000B8E0110020184B70B51C6C5A6C18
:10E980001440174A24F002011164E10705D540F64E
:10E99000F32200201968F9F7EFFEA2071CD5022226
:10E9A0000F4B1A64A3F500535B68DBB2A3B9FDF704
:10E9B00091F804460D460B4ED6F8F433DB060BD522
:10E9C000FDF788F802460B4620462946FCF736FF3D
:10E9D000652871F10001EFD370BD00BF008002B85F
:10E9E00000A002B8000002B870B580260A4C0B4D9A
:10E9F000D4F88430DB070AD4A36FD4F88420134002
:10EA0000074A936770BDFFF7B7FFC5F88461D5F873
:10EA100004311A06F7D4EBE7008001B800E100E00A
:10EA200000A001B870B514460D4602F0A7FE064BD3
:10EA3000D3F8C46E74402C407440C3F8C44E02F046
:10EA4000A1FE06EA050070BD003000B0034BD3F80C
:10EA5000C43E99430CBF012000207047003000B035
:10EA60001E4BD3F8C43E13F001001ED01C4B93F88C
:10EA700048001C4A40F08073C2F8CC304FF4801339
:10EA80001949C1F8B430A1F58051C1F8B830D2F8B5
:10EA90000C31DBB2FF2B1FD0984294BF0020012025
:10EAA00040F6DF323C21F9F767BE1A06E1D40F4A7F
:10EAB00092F8471121B1DB0602D592F84401D8E75C
:10EAC0004FF480120020084B0649C3F8B820C1F863
:10EAD000CC00C3F8B42070470120E1E7003000B05B
:10EAE000003F00B0004000B8006000B8003E00B039
:10EAF00053B94AB9002908BF00281CBF4FF0FF31A5
:10EB00004FF0FF3000F082B9ADF1080C6DE904CE92
:10EB100000F006F8DDF804E0DDE9022304B07047F8
:10EB20002DE9F04F099D04460F46002B48D18A423B
:10EB3000944661D9B2FA82F343B1C3F120019F40F8
:10EB400002FA03FC9C4020FA01F10F434FEA1C41FA
:10EB50001FFA8CFE220CB7FBF1F601FB167706FBC1
:10EB60000EF042EA0742904208D91CEB020206F17D
:10EB7000FF3702D2904200F237813E46121AA4B209
:10EB8000B2FBF1F001FB102200FB0EFE44EA02444E
:10EB9000A64508D91CEB040400F1FF3202D2A645B9
:10EBA00000F21C81104640EA0640A4EB0E04002649
:10EBB0001DB1DC400023C5E900433146BDE8F08FBC
:10EBC0008B4209D9002D00F0FD800026C5E9000127
:10EBD00030463146BDE8F08FB3FA83F6002E4BD1B4
:10EBE0008B42C0F0F280824240F2EF803046002D2E
:10EBF000E3D0C5E90047E0E702B9FFDEB2FA82F3ED
:10EC0000002B40F09D80891A4FEA124E97B20126E0
:10EC1000200CB1FBFEF20EFB121140EA014107FB92
:10EC200002F088420FD91CEB010102F1FF382CBF22
:10EC30004FF001094FF00009884203D9B9F1000FE4
:10EC400000F0CF804246091AA4B2B1FBFEF00EFBE1
:10EC5000101100FB07F744EA0144A74208D91CEB56
:10EC6000040400F1FF3102D2A74200F2B48008464A
:10EC7000E41B40EA02409BE7C6F12007B34001FADB
:10EC800006F422FA07FCF940B2404CEA030C20FAE1
:10EC900007F34FEA1C491C431FFA8CFE00FA06F3E7
:10ECA000200CB1FBF9F809FB181140EA014108FBFF
:10ECB0000EF088420FD91CEB010108F1FF3A2CBF7E
:10ECC0004FF0010B4FF0000B884203D9BBF1000F4E
:10ECD00000F08D80D046091AA4B2B1FBF9F009FB0F
:10ECE000101100FB0EFE44EA01418E4507D91CEBD2
:10ECF000010100F1FF3401D28E457FD8204640EA61
:10ED00000840A1EB0E01A0FB029841454C46C646C7
:10ED100002D306D14B4504D20138B9EB020468EBAB
:10ED20000C0E002D70D01A1B61EB0E0122FA06F3B7
:10ED300001FA07F7F14000261F43C5E900713CE7DF
:10ED400002FA03FCC3F1200001FA03F221FA00F6F3
:10ED50004FEA1C4E24FA00F11FFA8CF79C40114335
:10ED6000B6FBFEF00A0C0EFB106642EA064200FB00
:10ED700007F696420ED91CEB020200F1FF382CBFB9
:10ED80004FF001094FF00009964202D9B9F1000F86
:10ED900031D04046921B89B2B2FBFEF60EFB162222
:10EDA00041EA024106FB07F28A4207D91CEB010146
:10EDB00006F1FF3801D28A4223D84646891A46EA2C
:10EDC000004625E72E462846F7E6841A61EB030342
:10EDD00001201F460BE76444023849E764440238C7
:10EDE000E1E6023A61442EE7023E6244C6E6A8F13B
:10EDF000020861446FE702386244CBE7023861449D
:10EE00007DE7023E6144D9E72E46D6E6704700BF53
:10EE1000024B0A46014618680CF0FABC180C002098
:10EE200008B5074B044613B1002100E000BF054BB5
:10EE30001868836A03B19847204603F0BBFA00BF05
:10EE4000000000007C1B040070B50D4D00260D4C29
:10EE5000641BA410A64209D10B4D00260B4C0DF0EB
:10EE6000BFFE641BA410A64205D170BD55F8043B3B
:10EE700001369847EEE755F8043B01369847F2E72C
:10EE8000100F0020100F0020100F0020140F002082
:10EE9000024B0146186800F077B800BF180C00203C
:10EEA000024B0146186800F003B800BF180C0020A0
:10EEB00037B5002943D051F8043C0C1F0190002BBA
:10EEC000B8BFE41800F028FB1E4A0198136833B954
:10EED0006360146003B0BDE8304000F023BBA34280
:10EEE00008D9256861198B4201BF19685B68491907
:10EEF0002160EDE71A465B680BB1A342FAD91168AD
:10EF00005518A5420BD12468214454181160A3421E
:10EF1000E0D11C685B68214453601160DAE702D9D4
:10EF20000C230360D6E7256861198B4202BF19687C
:10EF30005B684919636008BF21605460CAE703B089
:10EF400030BD00BFCC29002070B50E4E0C460546E2
:10EF5000316811B900F08CF830602146284600F085
:10EF600087F8431C0AD0C41C24F00304A04207D035
:10EF7000211A284600F07CF8013001D14FF0FF340F
:10EF8000204670BDD02900202DE9F041CD1C074658
:10EF900025F0030508350C2D38BF0C25002D01DBAD
:10EFA000A94205D90C2300263B603046BDE8F0811C
:10EFB0002E4E00F0B1FA33681C4634BB2946384661
:10EFC000FFF7C2FF431C04464DD134682646002E8D
:10EFD00040D123683146384604EB030800F048F876
:10EFE00080453AD12168033538466D1A25F003056E
:10EFF00008350C2D38BF0C252946FFF7A5FF013039
:10F000002BD023682B4423600EE02268521B1ED4B1
:10F010000B2A16D96119A342256018BF596063688D
:10F0200008BF316062514B6004F10B06384600F0B6
:10F0300079FA231D26F00706F21AB6D09B1BA350BF
:10F04000B3E76268A3420CBF32605A60ECE7234624
:10F050006468B2E734467668B9E70C2338463B600B
:10F0600000F060FAA1E72560DEE700BFCC290020B0
:10F0700038B50023054D044608462B60E4F76CFCC8
:10F08000431C02D12B6803B1236038BDD429002072
:10F090002DE9F7431D465C4B04460E461F6890461B
:10F0A00027B1BB6913B9384600F0B8F9574B9C42F9
:10F0B00067D17C68B8F1020F06D0B8F1010F00F2F9
:10F0C0009E80002DC0F29B80636EDB0705D4A38970
:10F0D000980502D4A06D0CF0E7FB2146384600F0FD
:10F0E0001FF9616B41B104F14403994202D03846E3
:10F0F000FFF7DEFE002363630023A3616360A3893F
:10F10000190603D521693846FFF7D2FEA389B8F165
:10F11000020F23F44A6323F00303A3816BD001ABF6
:10F120006A46214638460CF0C1FBA3891843A081EA
:10F13000002D30D1009D2846FFF7AAFE0646002884
:10F1400054D1DDF80090A94549D14FF0FF35002298
:10F15000B4F90C30A26004F1470243F002032260CC
:10F1600022610122A3816261626ED20705D413F489
:10F17000007F02D1A06D0CF098FB284603B0BDE8DB
:10F18000F083234B9C4201D1BC6893E7214B9C4206
:10F1900008BFFC688EE7002ECDD0BB6913B9384696
:10F1A00000F03CF9B8F1010F266002BFA38943F0DB
:10F1B0000103A381A28912F00803C4E904651CD0ED
:10F1C000D30745BF00236D42A560A36048BFA5617A
:10F1D000656E15F0010515D112F4007FC9E74846A8
:10F1E000FFF756FE06460028AFD04D46A38943F0F0
:10F1F0008003A381D1E70025A9E7A360E8E74FF0EA
:10F20000FF35BAE70025B8E7180C0020A01B040062
:10F21000C01B0400801B04008A892DE9F0410546CB
:10F2200010070C4658D44B68002B05DC0B6C002BE8
:10F2300002DC0020BDE8F081E66A002EF9D0002350
:10F2400012F480522F682B6032D0606DA3895A0768
:10F2500005D56368C01A636B0BB1236CC01A002319
:10F260000246E66A2846216AB047431CA38906D1B4
:10F2700029681D292CD8294ACA40D60728D500223A
:10F28000D90462602269226004D5421C01D12B6836
:10F2900003B96065616B2F600029CAD004F1440393
:10F2A000994202D02846FFF703FE00206063C1E7C1
:10F2B000216A01232846B047411CC7D12B68002B87
:10F2C000C4D01D2B01D0162B01D12F60B1E7A3892B
:10F2D00043F04003A381ADE70F69002FA9D0930746
:10F2E0000E680F600CBF4B690023A6EB07088B600C
:10F2F000B8F1000F9DDD43463A46216A2846A66ACA
:10F30000B047002806DCA3894FF0FF3043F04003EC
:10F31000A3818FE70744A8EB0008E9E7010040203C
:10F3200038B50B6905460C4613B90025284638BD8B
:10F3300018B183690BB900F071F8144B9C421BD1D2
:10F340006C68B4F90C30002BEFD0626ED00704D497
:10F35000990502D4A06D0CF0A7FA28462146FFF7C4
:10F360005BFF636E0546DA07E0D4A3899B05DDD415
:10F37000A06D0CF09AFAD9E7054B9C4201D1AC681C
:10F38000DFE7044B9C4208BFEC68DAE7A01B0400EF
:10F39000C01B0400801B0400002310B504468360DA
:10F3A000818119464366C28108228361C0E9003326
:10F3B000C0E904335C300CF023FA054B246263622D
:10F3C000044BA362044BE362044B236310BD00BFF4
:10F3D000F7B8030019B9030051B9030075B9030068
:10F3E00001490CF041BA00BF21F3020001480CF0C2
:10F3F0005BBA00BFE52B002001480CF056BA00BFF5
:10F40000E52B002001480CF04FBA00BFE62B00208E
:10F4100001480CF04ABA00BFE62B002010B50446A4
:10F42000FFF7F0FFA3691BB1BDE81040FFF7F0BF85
:10F43000C4E9123323652046124B134A1B68A262AB
:10F44000A34204BF0123A36100F020F860602046BE
:10F4500000F01CF8A060204600F018F800220421FB
:10F46000E0606068FFF798FF01220921A068FFF7BC
:10F4700093FF02221221E068FFF78EFF0123A361B0
:10F48000D2E700BF7C1B0400E1F30200F8B5074699
:10F49000FFF7ACFF1E4B1E68B36913B93046FFF788
:10F4A000BDFF4836D6E90134013B03D533680BB3C1
:10F4B0003668F7E7B4F90C50D5B9164B04F158008B
:10F4C0006566E3600CF0EFF9FFF796FF0822294626
:10F4D00004F15C002560A561C4E90155C4E9045547
:10F4E0000CF08EF9C4E90D55C4E912552046F8BD5B
:10F4F0006834D9E7042138460CF0A0F9044630609E
:10F500000028D5D1FFF778FF0C233B60EEE700BF62
:10F510007C1B04000100FFFF01480CF0C5B900BFCF
:10F52000E42B002001480CF0C0B900BFE42B002000
:10F5300038B50446064D0846114600222A601A4690
:10F5400002F04EFF431C02D12B6803B1236038BD8B
:10F55000D429002038B50023054D044608462B6009
:10F5600002F026FF431C02D12B6803B1236038BD93
:10F57000D429002038B50023064D0446084611461C
:10F580002B6002F018FF431C02D12B6803B12360EB
:10F5900038BD00BFD429002038B50446064D0846C2
:10F5A000114600222A601A4602F00AFF431C02D1CB
:10F5B0002B6803B1236038BDD429002038B5044638
:10F5C000064D0846114600222A601A4602F0FAFE4D
:10F5D000431C02D12B6803B1236038BDD42900201D
:10F5E000094A5168C84390FAA0F048B1B0FA80F0D7
:10F5F000042805DC012383400B43536040B270476D
:10F600004FF0FF30704700BF002A00200021034B5D
:10F6100028220348C3E900110CF0F2B8002A0020A8
:10F62000D829002038B50546FFF7DAFF044604481C
:10F63000294600EBC4000CF0F8F9204638BD00BFA5
:10F64000D8290020C3B2042B10B515D804230B4AC7
:10F6500003EBC003134453E8002F0A4343E800249C
:10F66000002CF8D101220649824051E8003F1343A3
:10F6700041E800300028F8D110BD00BFD829002093
:10F68000002A0020F7B54FF0040C01260827184A7D
:10F690001849194D106800B30B7806FA03F420429C
:10F6A0001DD0E04352E8004F044042E8004EBEF156
:10F6B000000FF7D117FB03C32B4453E8000F43E8B7
:10F6C00000E4002CF9D1019048B1087801AA0B4957
:10F6D00005EBC0000CF0E5F9012003B0F0BD0B789C
:10F6E000506883422EBF00230133DBB20B70D1E799
:10F6F000002A0020E72B0020D82900207856341259
:10F70000024B1868003818BF01207047002A0020FB
:10F7100010B5044602F039F8074B1B684BB1DB68A3
:10F720001B1B002BCCBF0024012402F034F8204620
:10F7300010BD1C46F9E700BF182A002038B54FF06D
:10F74000FF34054602F021F8084B1A681AB902F096
:10F7500022F8204638BDD2E903310B445B1B23F06D
:10F7600000439C4228BF1C465268EFE7182A00203D
:10F770002DE9F84F0C9F0E461546994680469DF898
:10F780002CA008B103687BB937B129463046B84789
:10F7900040F20340BDE8F88F002DF9D0002EF7DBD2
:10F7A000284600F009FCF3E701F0EFFF83465046DE
:10F7B00000F0F0F90446584601F0EDFF8CB947B16E
:10F7C00029463046B8470320314600F0BBFB1A20DB
:10F7D000E0E7002DF7D0002EF5DB284600F0ECFB2B
:10F7E000F1E7656100250A9BC4F80080DFF87080AE
:10F7F000C4E90797A660236184F818A0D8F8003000
:10F800006560984709EB000601F0BFFF0746124804
:10F81000E6600268114631B1CB689B1B002B13DBFD
:10F82000CB689E4210D09DB90C4B626004601C688E
:10F830002CB1D8F800309847FFF780FFA047384632
:10F8400001F0A9FF0020A5E74B680D461946E2E745
:10F850006B6863606C60F2E7182A0020082A0020B9
:10F86000102A00202DE9F74F81460D4692461E468C
:10F8700001F08BFF4FF00008DFF874B00190DBF867
:10F8800000402CB9019803B0BDE8F04F01F083BFF0
:10F8900023684B451CD12DB1A3682A6823F000438F
:10F8A000934215D17EB96368B8F1000F13D1CBF83C
:10F8B00000300D4B1F6887B10C4A12689047FFF764
:10F8C0003DFFB84709E051466069B0470028EAD0DB
:10F8D000A0466468D5E7C8F80430676820460CF095
:10F8E00060F83C46CDE700BF082A0020102A00201F
:10F8F000182A0020014B1860704700BF082A00201A
:10F9000070B50B4B04460E4615461978094A0A484D
:10F910000CF0AAFC0023094A24211360084A07209E
:10F920001660084A15602246BDE8704000F0B4B881
:10F93000002C0020E01B0400E82B0020182A0020E7
:10F94000102A00200C2A00207FB504461846002308
:10F9500003930A4B0D461B68164613B9212004B0C9
:10F9600070BD03A998470028F8D100903246294677
:10F970002046039B0CF048F8F1E700BF0C2A00205A
:10F98000F8B5054610200F46164600F0F7FA0A4B68
:10F990000446187818B1102221460CF068FC44B1D6
:10F9A00001230020E3602B68C4E9017623602C600A
:10F9B000F8BD1A20FCE700BFE82B00202DE9F84332
:10F9C000264FDFF8A880264D38603868FFF7A0FE84
:10F9D00030B9244B1B689847BDE8F843FFF7AEBE2B
:10F9E00001F0D3FED8F800400646ECB16368C8F8D1
:10F9F00000301D4BD3F80090B9F1000F0CD101F08D
:10FA0000CAFEA3682C6033F0004311D128680BF0C4
:10FA1000C8FF00232B60D8E7124B1B689847FFF7FD
:10FA20008DFEC8473046EAE701F0B5FE2C60CCE712
:10FA30002368002BEAD018680028E7D0A26832F0CB
:10FA40000043E3D0D0E90069636921688068C84752
:10FA50000028DBD1002ED9D03046EFE71C2A002049
:10FA6000142A0020102A0020082A0020182A00202A
:10FA700038B504460D4601F088FE064B1B683BB1C5
:10FA8000DA6922601B692B60BDE8384001F083BE53
:10FA90002360F8E7142A00202DE9F74F4FF6FC7792
:10FAA00000241646DFF884900331DFF884B009EBB8
:10FAB00000150F404FEA001ADBF800306A808046DC
:10FAC00029F80A7002FB07F0EC60984717FB06F272
:10FAD00092B2034668602A8108B300921148124A24
:10FAE0009BF8041052F8282040440CF0BEFB21463D
:10FAF0002A8968680BF084FE214623469E4206DC74
:10FB00000020D144A9F8026003B0BDE8F08F6A6814
:10FB1000E868541850500133EC603944EEE71A207D
:10FB2000F2E700BFE92B0020E01C04005424002071
:10FB3000202A002070B50B4E044606EB00156968BC
:10FB400039B1094B2A89185C0CF090FB686800F009
:10FB500033FA06EB04101022BDE8704000210BF0D0
:10FB60004FBE00BF54240020E92B0020044B196035
:10FB70001A7198600201002102480BF041BE00BFDB
:10FB8000202A002054240020014B185C704700BF3D
:10FB9000E92B002070B50A4C060104EB0013DD6868
:10FBA000084B185C18B12946A25B0CF060FB2DB124
:10FBB0002B683444E3606388013B6380284670BD52
:10FBC00054240020E92B0020024B03EB001398780B
:10FBD000704700BF54240020094B10B403EB0013FE
:10FBE0005A88DC6801320C60D9605A80054B185C79
:10FBF00018B15DF8044B0CF03BBB5DF8044B70474B
:10FC000054240020E92B0020044A010102EB0013D8
:10FC1000505A10B11B89B3FBF0F0704754240020F8
:10FC200038B50024154B164D1C70164B20461C6031
:10FC3000154B2C601C706C60AC60FFF7E5FF80B268
:10FC4000A0F10E036B80A0F11403013068812046FF
:10FC5000EB80FFF799FF04460C4D01460C4A2846FD
:10FC60000CF002FB2146681E0A4A0CF0FDFA214600
:10FC7000681C094ABDE838400CF0F6BAFE2B00209B
:10FC8000B02A0020442A0020FD2B0020FB2B00205E
:10FC9000241D04002D1D0400371D040070B504460A
:10FCA00080B301F072FD637905466FF382036371DF
:10FCB000237913F0100605D010232371BDE870409E
:10FCC00001F069BD104903F0030331F823203046E9
:10FCD000013A21F823202146FFF77EFF0B4B0C4E03
:10FCE0001C681CB90A4B28461C70E7E7237A1BB92D
:10FCF00033781BB92468F4E7012BFBD120466368F5
:10FD00009847F7E770BD00BFB02A0020442A0020C2
:10FD1000FE2B002010B5044601F037FD034B1A6896
:10FD200022601C60BDE8104001F035BD442A00206F
:10FD300010B5064B00F0E0001A78541C1C70044B00
:10FD400003F8320003EBC203596010BDFD2B002005
:10FD50002C2A00202DE9F04F0446460789B048BF01
:10FD600000F0F7040492029101F00FFD614F04F0DE
:10FD7000030607EB860337F826205B8881469A4204
:10FD800004F0EF0A4FEA860831D20020FFF702FFA5
:10FD9000054640B337F826304846013327F8263069
:10FDA00001F0F9FC28460CF0CEF8029B029AAB71E8
:10FDB000049B85F804A01344EB7101F0E6FC0746B0
:10FDC0004D4B1C68002C40F08C80384601F0E3FC61
:10FDD0004A4B985D18B1452229460CF048FA28464E
:10FDE00009B0BDE8F08F01224846454B1A7001F07A
:10FDF000D2FC25071DD51F2C1BD904F0E00303936B
:10FE000001F0C3FC07EB08035B8837F826804FF04E
:10FE1000000B98452CBF00230123DFF8EC900193E1
:10FE200001F0B9FC07EB86030593364B1B789B4525
:10FE300008D384F004005146C0F3800000F082F83B
:10FE40000025C5E799F80030039A1A4204D0D9F882
:10FE50000480D8F8003023B90BF1010B09F108092F
:10FE6000E3E707935A79D00708D51A79510705D5E2
:10FE7000019941B98AEA0202920704D098461B68A8
:10FE8000002BEFD1E5E740460BF0F4FE0579079033
:10FE900007A80BF0D1FE2946002000F053F801F02E
:10FEA00074FC059B37F826205B8805469A4234BFD0
:10FEB00001230023019309D20020FFF76BFE079076
:10FEC00058B137F82630013327F82630284601F09C
:10FED00062FC079D002DBCD064E70122084B1A701C
:10FEE000F4E7237A012B02D12046636898472468FF
:10FEF00068E700BFB02A0020442A0020FA2B002027
:10FF0000FE2B0020FD2B00202C2A00200022014B7C
:10FF10001A607047482A002010B5044601F035FCED
:10FF2000074A13682BB914602360BDE8104001F044
:10FF300032BCA34202D01A461B68F3E710BD00BFD3
:10FF4000482A002070B505460E46054B1C6804B9CA
:10FF500070BD63683146284698472468F7E700BFBC
:10FF6000482A0020024B034A197803480CF07CB958
:10FF7000FF2B0020441D0400002C002038B5C41CB9
:10FF800024F00304204602F0FDFB0A4B05461878D6
:10FF900018B1224629460CF06AF92DB921460220F3
:10FFA000FFF7D0FF284638BD2246002128460BF037
:10FFB00027FCF7E7002C002010B5044628B1054BBC
:10FFC000187810B121460CF053F92046BDE81040D6
:10FFD00002F0F7BB002C002010B5064C237823B9A3
:10FFE000E9F714FA18B901232370002010BD40F27C
:10FFF0000740FBE7012C002038B50B4B04461B786B
:020000023000CC
:100000000D464BB121462846E9F732F9002840F267
:10001000074008BF002038BD04490548FFF7DCFF52
:100020000028EFD0F7E700BF012C0020EFBEADDEC7
:10003000BEBAFECA242816D80F2805D802280CD824
:10004000B0FA80F040097047084B103880B2C340C6
:1000500003F0010383F0010070470538012894BFC5
:100060000020012070470120704700BF2D201100A3
:100070002DE9F04F95B0EAF783FD42F23603867919
:1000800005460C3630F80680841998450ED1EAF7FB
:1000900077FD02210BF0A7FD7F22A3780233A37026
:1000A000AA55002320222377627063770121E0782C
:1000B00000F050F900230646002800F0D780CDE973
:1000C0001233237AE2888DF84A30E37AADF848207B
:1000D0008DF84E30A388B4F8092013F01000ADF865
:1000E0004C2003F0050306D093B1E37D012B51D0E2
:1000F0000025122614E07BB3E37D657E012B37D10A
:100100006B1EDBB2022B09D8EAF794FF012338E01B
:100110004FF48043DDE91212914220D900251126C7
:10012000EAF734FD012332464146ACB204F00DF942
:10013000002DCCBF0534053C24B2002E40F0998040
:100140000A2394FBF3F4E4B2EAF720FDC3791844E0
:10015000C47215B0BDE8F08F4FF6FF73DAE71F29C0
:10016000DCD99A42DAD8E37D657E0028BED1C5E7A6
:10017000032BD3D16B1EDBB2022BCFD8EAF75AFF89
:1001800004230342CAD0032D08BF04252840C0B26F
:100190000028C3D0E07804F0A0F820B1A088FFF7D1
:1001A00049FF0028A4D0344A237F1278002A54D073
:1001B000042B9DD8637F042B9AD8A388DB0653D4E5
:1001C00005F074FD0121C8220840EEF7EDFA94F91C
:1001D0001630B4F804E003EB8303B0EB430F4FEAAF
:1001E0004302637B677E0F93A37BE188109304F146
:1001F0000F031193637F94F80C9094F815A094F872
:1002000018B00546E07DC8BF15B2B4F809200C93BC
:10021000237F03280B93E37E08BF0420032F08BF2E
:100220000427003B18BF01230A93A37E1FFA85FC15
:10023000CDE90873119BCDE9060B0293109BCDE924
:1002400004ACCDF80C9001930F9B304600935FFAFD
:100250008EF30CF04EFA064662E7002B7FF45EAF99
:10026000637F002BA9D059E70020ABE7054607269E
:1002700056E7002468E700BF022C0020F7B50546CA
:100280006B461646164A0C461068516803C395F82B
:100290002A3008336B4413F8087CAB8DDA0609D496
:1002A000334622463946284604F019F800F5FA701C
:1002B00003B0F0BD20460BF02BFDAB8D00F10A041E
:1002C0009B074FEAC40405D030460BF021FD04F52E
:1002D0000C740444E823781E584304FB0700E5E748
:1002E0004E1D04009022174B10B51C68002102FB24
:1002F000004420460BF084FA134B04F108001B68FD
:100300000021DB78637603F0E1FF4FF40063E384C0
:100310002385072384F82A301323FF22A385236A29
:1003200084F8242043F01303236284F85420074BFD
:10033000074A2046C4E91C32C4E92032BDE8104017
:100340000CF048B94C2A002010210020D6BE898E1E
:1003500055555500F0B5104B02461E6893F804C081
:1003600035464FF0FF3400239C4508DC91B1631CF7
:1003700010D0902303FB046080F82420F0BD95F892
:10038000247028469742F9D0FF2F08BF1C469035AD
:100390000133E9E70020F1E74C2A002070B504465C
:1003A000234D002842D00830EAF74EFB0026FF23F9
:1003B00004F1400084F82430E6610BF03DFC04F1C8
:1003C00044000BF039FC04F148000BF035FC04F15B
:1003D0004C000BF031FC04F150000BF02DFC2868B0
:1003E000144B201A00115843C0B203F0B1F9014672
:1003F000304603F0A8F9E06E10B1E9F771FCE6664B
:10040000606E18B103F0B1F900236366A06E03F0CB
:1004100099FF0023A36670BD286806FB0400FFF760
:10042000BDFF01342B79A342F6DCF4E79026F9E70F
:100430004C2A0020398EE338F7B5044605F09FFBBF
:10044000C0F30F23542B3ED9AA2B34BF0123022320
:10045000C0B27E288CBF0222012203218DF8043015
:100460001344B3FBF1F000EB40001B1A8DF805308C
:100470001344B3FBF1F202EB42029B1A8DF80630F3
:10048000002318461D461A46104901AF4B7517F850
:10049000016B44FA06FC1CF0010F06D053009E408D
:1004A000012330430132C0B2D2B20135EDB2032D87
:1004B000EDD103B148754B7D43EA82134B75FF23A1
:1004C0000B7503B0F0BD0023C2E700BF4C2A00202B
:1004D000064B1B68D97ADA78437E5B1A9342A8BF31
:1004E000DAB2002142760CF0B1B800BF1021002032
:1004F000B0F862302BB9836813F4601F08BFA0F80E
:10050000623011B1012911D070474369417E23F057
:1005100010034361064B1A68D37A92780B449342D6
:10052000D8BFDAB2012142760CF090B8FFF7D0BF05
:10053000102100202DE9F0410025344E8AB0337996
:10054000AB4203DC01200AB0BDE8F081902334689F
:1005500003FB054494F82430FF2B0DD0236A980147
:1005600006D504F1500840460BF0CAFB074628B9EF
:10057000226A12F0A06F1ED10135E0E7BB7908A90D
:100580000C333B44D8689A7A1B8AC2F38012ADF8C8
:10059000243000238DF81F2008901A460DF11F000B
:1005A00003F0A5FE38469DF81F2094F8241008ABF0
:1005B00003F049FFD7E7A38D1D2B18D13C23FF2162
:1005C0000020CDE90431CDE902000121CDE9000090
:1005D00004F12E03C2F3802204F0CEF90028B2D039
:1005E0004FF0A06104F120000BF0E0FFC4E712F02F
:1005F000807F08BF3C214FF0000218BF432194F8D0
:10060000393094F824000BF035FFE7E74C2A00203E
:100610002DE9F0411F46C36904460D4616468BB1CD
:1006200069B901F0B2F806462946A06E03F084FECF
:10063000204629460BF0F3FF304601F0ACF80020CD
:10064000BDE8F0810029FAD0036A03F01203022BFF
:1006500000F0BA80236ADD0700F1BE8094F82430F0
:10066000FE2B0CD104F15500EAF7EEFBEAF7E4FBB0
:1006700028B14FF4800104F120000BF08FFF256AB0
:10068000614B2B40B3F5807F00F0B980A8052FD5D2
:10069000C5F3802504F12E0800224146284603F0C8
:1006A0002CFE002184F8540003F038FE414600225D
:1006B000284603F027FEA18D20B194F954000028AC
:1006C00080F296804FF4007104F120000BF06EFF71
:1006D000A28D02F00302012A0AD14146284603F006
:1006E00011FE28B14FF4006104F120000BF056FF19
:1006F000236AD90600F18180D4E910122046FFF761
:10070000BDFD012F0ED040F27123E28C5A4390427E
:1007100008D9228D5A43904273D800F51C70B0FB63
:10072000F3F0E084394BE361002384F83930236A25
:10073000E168B4F8625023F4803284F838702262A1
:1007400021613DB913F0100F0CBFC8253C2525765B
:1007500005F2B3154EB140F27121238D42F480327F
:10076000C3EB06134B432262E363236A43F4002383
:100770002362274B1B68DB78637601F006F8636918
:10078000074643F0100304F108002946636103F0B3
:100790009DFD0120ECF726FA28B963691A075CBFB2
:1007A00043F00403636126B105F025FAE36B0344CB
:1007B000E3632046ECF720FA384600F0ECFF012115
:1007C000A06E03F0B9FD3AE7406C0BF0A1FA0028E7
:1007D0007FF440AF0C2033E7E36E002B7FF43EAF95
:1007E000E9F728FAE06600287FF438AF092027E708
:1007F00001F0010103F092FD6AE7064B93E7122036
:100800001EE745201CE700BF00014000E342030053
:10081000102100204D09030070B500249026094DD9
:100820002B79A34200DC70BD286806FB040090F819
:100830002430FF2B04D000231A461946FFF7E8FEA8
:100840000134EDE74C2A00202DE9F04F91F806B075
:100850008DB00BF10C0B04460E46012201EB0B058B
:100860000DF127000AA903F053FD824668B19DF8F7
:1008700027100AAF3846E9F75BFA60B13046FFF758
:100880000DFA00200DB0BDE8F08FA97A05F10C0734
:10089000C1F38011EEE7E36EE06695F807900793E9
:1008A000236A4846298956F80BB003F01008EDF783
:1008B00067F98344B8F1000F39D1A9F10303012B83
:1008C00094BF0323022340F271225B0002FB03B2B8
:1008D0001D4B1B685B79637605F11803BAF1000FB5
:1008E00027D09DF8271094F824E0B8F1000F24D009
:1008F0004FF0010CA87AC0F3401095F90550CDE9EE
:1009000002E0CDE90071CDE904C501210798E9F7BE
:1009100085FAB8F1000F05D00CF022F9012120462C
:100920000BF07DFE3046FFF7B9F90120AAE701235D
:10093000C9E7A97AC1F38011D5E794F88FC00120E7
:100940000CF00F0CD9E700BF10210020012810B5D2
:100950000C461CD0022822D030BB08460CF093F87D
:1009600040F27121E38C228D94F82A00D21AE368B8
:1009700003F59C53083301FB02332361FFF75CFD51
:100980000A4B2046BDE81040996800F053B9ECF7D7
:1009900099FA844208D1BDE810400CF0E1B808464D
:1009A000BDE81040FFF794BD10BD00BF4C2A0020E9
:1009B00038B50A4D0020FFF7F1FCAB6813B10022F7
:1009C0001A60DA800BF057FC00242B79A34200DC7C
:1009D00038BD2046FFF786FC0134F6E74C2A00209C
:1009E00070B52A4C0546A06818B1FFF757F90023E7
:1009F000A360FFF7DDFF002002F0AEFE55B9032033
:100A000025712560E582FFF795F8207902F0A4FEB4
:100A100028B970BD02200BF0A2FAA06048B90025E9
:100A2000A0682571256060BB002002F095FE0720BC
:100A3000EFE70026032025712660E682FFF77AF8AB
:100A4000B542E2DD05EBC501090133460122032071
:100A500089B2FFF721F806460028E0D10320FFF70E
:100A600099F820600028DAD0902231466A430AF0D3
:100A7000C7FE2379B342C8DD3046FFF733FC0136A9
:100A8000F7E7FFF70BF9A560CEE700BF4C2A00207F
:100A9000054B1B681B6A13F0100003D013F0030012
:100AA00018BF0120704700BF642A002006222DE9EC
:100AB000F341344B06469C688846A5790C35635D46
:100AC000671903F04F036355838D7A70103B0D2B2C
:100AD00031D8DFE803F053304F07300C303030307E
:100AE0003030300C635D6FF30303635523E0012363
:100AF000625D006A63F3030262550C2210F4006F1A
:100B00007A7006F12E0107F108020CD001924FF025
:100B1000FF32C0F3802000921A4603F0F1FB635DC0
:100B200043F08003E1E7D6F82E30BB608B889380DA
:100B3000336A5B05F3D4B28D635D304662F34513CF
:100B40006355B91C0CF014F8635D60F386136355AC
:100B5000A3797A7802331344E371B38D03F014035D
:100B6000142B04D0B8F1000FC4BF42447A7002B015
:100B7000BDE8F081635D62F30303B6E70222635DC3
:100B8000F9E700BF4C2A002038B5294904460B7DFF
:100B90004A7D0133DBB2B3EB921F0B7503D3032302
:100BA00000200B7538BD016AC90234D5032390F8C3
:100BB0007E20243A92FBF3F303EB4303D21A25324F
:100BC000D2B2A18D94F87F3011F01001B4F9340045
:100BD00084F87E2003F00F0323D105F062F8EDF7CF
:100BE00015F8B4F9782004F17005824204D0A4F815
:100BF0007800EDF7DBFC68812846EDF705FB002265
:100C00001146104602F094FD94F87E00002105F094
:100C100047F80120C6E75B001A4102F003022532C3
:100C2000CFE7024619460020EDF7BEFDD7E700BF2B
:100C30004C2A00201F4B2DE9F04104461860006C3F
:100C40000BF066F801462046FFF730FFA38D1A4EE1
:100C500003F01403142B0CBF0022226CB36820464F
:100C60001A60FFF791FFFFF713FF144B051E14489E
:100C700008BF1846EDF794FC6369676803F0100835
:100C800004F0B9FF6D000346627EE8B2B8F1000FD0
:100C900003D1FF1AB7F59B7F07D51146EDF71CFB73
:100CA000B068BDE8F041EDF7EBBA616804F0A9FF68
:100CB000F6E700BF642A00204C2A0020510D0300F3
:100CC0009D0F030070B50546FFF7E2FE104B041EB2
:100CD000104808BF1846EDF763FC2846FFF754FF9D
:100CE0000D4E054660B133686000597E00F0FE008D
:100CF000EDF7F2FABDE87040084B9868EDF7C0BA1E
:100D0000EDF74EFC29463068BDE87040FFF7F0BBB8
:100D1000510D03009D0F0300642A00204C2A00207F
:100D2000034610B5094C052B20680AD0062B0CD1C0
:100D30000020EDF735FC20680121BDE81040FFF7E9
:100D4000D7BBBDE81040FFF7BDBF10BD642A00202F
:100D5000032803D1024B1868FFF7B4BFFFF7E0BFC9
:100D6000642A00200C4B032810B51C680FD1206C9E
:100D70000AF0CEFF01462046FFF798FE074B226C93
:100D80009B682046BDE810401A60FFF79BBFBDE896
:100D90001040FFF7C5BF00BF642A00204C2A002086
:100DA0002DE9F8438B7906460C33CC182379DA0702
:100DB00003D44FF0FF30BDE8F883E77A252FF8D849
:100DC0003C4B9A6893790C33D118D35CA27AC3F365
:100DD0008013B3EBD21FECD1056A0622EB064CBFA1
:100DE0000231043104F112000AF0D3FC0028E0D1F2
:100DF00094F80A9003F088FA05F4C04580F00103E6
:100E00002A1EC9F3801904F10C08414618BF0122BB
:100E10004846DBB204F0FFFE014658B1A37A03F066
:100E20000F03032B16D1336A9807C2D50C2FC0D1FC
:100E30000320C0E703F06EFA0028BAD1A37A03F0CA
:100E40000F03002DEDD0032B85F4C04513D1A90469
:100E5000AFD5E8E7052BACD1306AC207A9D500F0C1
:100E60001403142B0CD004F118000BF050FE0028D2
:100E70009FD005209FE7052B9BD16B04ECD498E70E
:100E800006F12E052946C0F3802003F032FA00282F
:100E9000E9D1A27A336AC2F38012C3F380239A4263
:100EA00087D10622294640460AF073FC0028DAD092
:100EB0007FE700BF4C2A00202DE9F74F00244FF0B8
:100EC000FF31074601A80194ECF7E0FF019949B111
:100ED0003846FFF765FF032806D005284BD001A848
:100EE0000AF0AAFE01203FE0DFF8A8802848EDF7CD
:100EF00057FBD8F800302046597EEDF711FAD8F8A4
:100F000000B0DFF89490DBF84400D9F808600AF0EC
:100F1000FFFEB47905460C34335D06EB040A03F09A
:100F2000400343F0040333550AF1020158460BF025
:100F30001FFE335D002D60F386133355D8F8003063
:100F4000D9F808005B6CA4BF06358AF8015003602D
:100F5000EDF796F9D8F800301B6ADB0407D5384660
:100F600001990BF0C8FD002003B0BDE8F08F01A887
:100F70000AF062FEF7E70198EDF73EF8384601996E
:100F80000BF062FD0028ADD02046EDF709FBEAE743
:100F9000650D0300642A00204C2A00200E4A032815
:100FA00010B5146805D0042809D0BDE81040FFF73B
:100FB000B7BE617E0120BDE81040EDF749B920467B
:100FC000FFF77AFF30B1EDF77DFA2046BDE810401B
:100FD000FFF778BE10BD00BF642A0020406800B94A
:100FE000704743688B4201D00068F8E701207047E2
:100FF000FEE704207047002070470520704708B5C1
:10100000E2F76AF9042008BD1FB500234FF6FF720E
:10101000CDE901324FF4FA72009204464FF4967211
:10102000C82190F82200F0F735FBE06000B1FEE740
:10103000052004B010BD10B50446F0F7D3FBE06006
:1010400000B1FEE7052010BD10B5044640F6B830EB
:10105000E1F77EFDE06000B1FEE7042010BD10B5B1
:10106000044641F28830E1F773FDE06000B1FEE72D
:10107000042010BD0023FF2280F82230038380F873
:101080002B30532380F8332080F82730704710B579
:101090000446E2F73DF941F28830E1F759FDE0609E
:1010A00000B1FEE701210846F0F7A8FBE06000B1BF
:1010B000FEE72046FFF7DEFF042010BD07B50DF167
:1010C0000700E1F767FE03B05DF804FB08B501F027
:1010D00036FBE1F7B1FD01F03FFBE1F7C7FDE6F7B5
:1010E000E1FEF8E7EDF7D0BF08B5E7F7F5FDBDE89D
:1010F0000840F0F725B910B50446E2F707F8204696
:10110000E1F78CFE2046E1F7F9FD10BD01207047A4
:1011100000B5C3B0EDF74AFF04F017FE48B1FFF782
:10112000F5FF30B101A805F094FC10B901A8FFF754
:10113000E2FF43B05DF804FB00F0A0B808B5E2F7A9
:101140006DFCE2F77FFFE1F7B7FFE1F7C7FFBDE80E
:101150000840E2F75FBA08B500F08EF8E7F78AFAC0
:10116000E6F734FA00F03AFFE6F742FCE8F74EF90A
:1011700000F0C0FFBDE80840E1F784BF08B5E4F720
:10118000E1FB00F093FBE4F7EDFBBDE80840FFF75F
:10119000ABBF08B5E2F738F8BDE80840E2F7F6B8AB
:1011A000704708B5E2F784F8BDE80840E2F7F0B907
:1011B000FFF7AEBF7047E1F773BF0120704710B56E
:1011C000E2F7B8F80446E2F71DFA002808BF002449
:1011D000EDF714FF002808BF0024E1F7C9FD00283F
:1011E00014BF2046002010BD38B5E6F763FF044663
:1011F000E2F7B4F8042825D002284FF0000508BF14
:101200000124E2F7F5F904281ED0022808BF0124C2
:1012100004F0DDFD042819D0022808BF0124E1F7FD
:1012200045FF042814D0022808BF0124FFF7C5FF9A
:1012300004280FD0022808BF0124002D18BF002465
:10124000204638BD0125DCE70125E1E70125E6E779
:101250000125EBE70024F3E782B002AB03E90300CA
:10126000012002B07047042208B511460123002076
:10127000E3F7E8FF002008BDFFF7F5BF042208B53B
:10128000002311461846E3F7DDFF002008BD08B52E
:1012900001213A20E3F774F9FFF74EFFBDE808405B
:1012A000E2F7CCB901213A20E3F76AB970B500241E
:1012B000064625465B210820E2F710FC102C04F1BD
:1012C000010300D170BD012B14D0022B14D0032BCD
:1012D00014D0042B14D0052B04D16A1C2946D5B296
:1012E0001C46E8E70D3C012C0CD9102B0CD0B21F8A
:1012F000D15CF5E70C21F3E7D121F1E78021EFE79D
:101300000021EDE75A21EBE75D21E9E7012307B56D
:1013100020F07F4040EA8170019068468DF80030EF
:10132000FFF7C4FF03B05DF804FBFEE710B53AB168
:10133000002350F8234041F8234001339A42F8D16A
:1013400010BD002070474FF4004070474FF47A7092
:10135000704700230360704703680B6001607047AB
:10136000036803B970478B4202D10B680360704772
:101370001846F5E7436803B11847222070474369D0
:1013800003B11847FF20704710B40A681378022B86
:1013900014D014203023147913FB040303F1A04369
:1013A00003F570331B685079C340DB4303F001033E
:1013B000137008465DF8044BE1F732BF5DF8044B4B
:1013C000704703681878704702681378022B27D09B
:1013D00014213023107913FB001303F1A04303F50C
:1013E000703351791B68CB40917903F001030129D7
:1013F00012D1508843EA40034FF6E07063F03F0398
:101400009BB2834202D11170538070474FF6DF7157
:101410008B42F9D10021F6E711B983F00103137073
:10142000704703681A78022A03D100225A80E2F733
:10143000A3BA704713B504682378022B10D0A379A0
:10144000022B0BD100216079E2F714FE00236279B0
:1014500020791146CDE90033E3F79CFE0223237087
:1014600002B010BD4FF060420123D2F8001E03FA13
:1014700000F00843C2F8000E002070474FF06041B2
:101480000122D1F8003E02FA00F023EA0003C1F87D
:10149000003E00207047D0E900031847C368006889
:1014A000184703690068184743690068184710B572
:1014B000044601213A20E3F763F8A3782078B3FAD1
:1014C00083F3042261785B09E3F7BCFE002010BDC2
:1014D0000122417803788A4030214B4343F21001C6
:1014E00003F1A04303F570335A50704730231021A5
:1014F0000246007813FB001303F1A04303F5703399
:1015000050781B68C34003F0010093780BB980F05A
:101510000100704710B588B00E9C009207940D9C96
:10152000024606949DF8304005940B9C04949DF867
:10153000284003940024CDE9013420460B460121C4
:10154000E2F716FB08B010BD704713B5044601A8BA
:10155000E4F756F89DF8063023804FF480736380DB
:10156000E4F76EF86060002002B010BDE3F7CCBF76
:1015700008B5E3F7B9FF002008BD10B5044644EAFA
:10158000010313F00303084609D1934201D100205F
:1015900010BD54F8231040F823100133F5E721461D
:1015A00092000AF006F9F2E70A4601390144E6F72B
:1015B0007BBA08B5E2F778F9BDE808400021E2F708
:1015C000B9BF1FB5002380280446019371D02AD8E3
:1015D000002872D0A0F12004412C32D8412C30D800
:1015E000DFE804F06B6E6B6E7D7D7D7D6E6E873CFB
:1015F0009D623C6E6E6E2F2F2F2F2F2F82546E6E9A
:101600006EA7A26E2F2F2F2F2F2F2F2F2F2F2F2F81
:101610002F6B2F6B6B6B7D2F2F2F2F2F2F2F2F2F9C
:101620002F2F2F2F6B6BB0F5806F58D021D8B0F5CE
:10163000007F4FD008D8B0F5807F5FD0B0F5C07F75
:101640003BD0019804B010BDB0F5607F42D0F8D80F
:10165000B0F5207F34D0B0F5407FF2D1E2F712F937
:1016600002464FF42070E2F73BFFB2FBF0F0400877
:1016700021E0B0F5C06F52D00DD8B0F5A06F33D0D7
:10168000B0F5B06F35D0B0F5906FDAD1002101A878
:10169000E2F728FED5E7B0F5E06F45D0B0F5F06F82
:1016A00047D0B0F5D06FCCD1002101A8E2F772FE8F
:1016B000C7E7E2F7CDF80190C3E7E2F7E3F8FAE70E
:1016C000E2F7E0F802464FF42070E2F709FFB2FBC0
:1016D000F0F0F0E7E2F7BCF802462046F5E700211B
:1016E00001A8E2F7B9FDACE7002101A8E2F7C6FEC8
:1016F000A7E7002101A8E2F7D3FDA2E702934FF08C
:10170000E0231B695B0705D5E2F7BCF80290029B5A
:10171000019396E703A902A8E2F718FEF7E7002174
:1017200001A8E2F713FE8CE7002101A8E2F75EFEB4
:1017300087E7002101A8E2F77DFE82E70029CCBF00
:1017400001210021E2F7F6BE02214FF42070E3F7F9
:10175000C9B910B5E2F796F80446E2F771FDC0F199
:1017600002012046FFF7EAFF01210020E3F74AFBD0
:10177000E3F71EFABDE81040E2F724BFEFF3108054
:1017800072B6704700B962B67047EFF3118030232C
:1017900083F31188704780F3118870477047704752
:1017A000E3F76EBAE3F72EBA7047C36C0B42FCD175
:1017B000704708B543680246DB0714D50A23502159
:1017C0000363FFF7F2FF136C9907FCD1936A0121C1
:1017D00010469362FFF7E9FF136C1B0604D4012344
:1017E00002F50052536008BD536BF5E738B50C465F
:1017F0000121024600F58053596004F00F0540F2C4
:10180000FF71FFF7D2FF78210563FFF7CEFF04F0E9
:101810000103610748BF43F00203116C01F00301AB
:101820009942FAD138BD09B9FFF7C3BFFFF7DEBF50
:10183000036C5B06FCD5C16370470022E3F7F2BB83
:10184000FFF7FBBF70B5054614460E46FFF796FF3F
:10185000296881EA040202EA06044C402C60BDE8D3
:101860007040FFF78FBF70474FF0B0435A6812B116
:101870009A6A002AFAD1704738B50546144621B94C
:101880004FF42070FFF79DFE014601396400B1FB63
:10189000F4F10902E96138BD83695A06FCD5C163D8
:1018A00083699B06FCD5406AC0B27047F7F7E8BA77
:1018B0000020704713B51AB10024009400F0E9F835
:1018C00002B010BDF0B58DB005AC84E807001C4631
:1018D000A1420D4628BF2546129B0DB304B3114605
:1018E0002846002603F53813CDE90A468DE80300A3
:1018F00003F241135F02C5EB4323099302950CAA3F
:10190000059B12E90700069500F054FAA54207D29C
:101910003146621B381B0DB0BDE8F04000F048BAFC
:101920000DB0F0BD30B591B001AC84E807001C46A5
:101930001346DA0049BF029A6200033222F0030222
:10194000014604A8FFF7B6FF04A800F0B8F8149900
:10195000224601F5381101F241114D0208A8C4EBED
:1019600041210023FFF7A6FF05F500710023224661
:10197000091B0CA8FFF79EFF0CA800F0A0F808A90F
:1019800004A8E4F737F911B030BD70B590B001ACE0
:1019900084E807001C461499164601F5381101F237
:1019A000411122464D0208A8C4EB41210023FFF754
:1019B00081FF05F5007122460023091B0CA8FFF7E3
:1019C00079FF0CA800F07BF8F30048BF029A334679
:1019D00048BF033201994CBF22F00302620004A801
:1019E000FFF768FF04A800F06AF804A908A8E4F764
:1019F00001F910B070BD10B58CB005AC84E80700DB
:101A00000E9ADDE9060102F5381202F5A0725202C3
:101A1000CDE9092300228DE803000B9202930CAA62
:101A2000059B12E9070000F0C5F90CB010BD2DE9C7
:101A3000F04B4FF0000899460746164645468AB0D7
:101A400003AC84E8070002F0805B07AC049A4245CF
:101A500002D80AB0BDE8F08B139B13B9AA1E012A65
:101A60000AD9129BCDE90779099600955BB194E8F4
:101A700007004B46FFF726FFBBF1000F00D14F4494
:101A80000135C844E2E74B4694E80700FFF7B3FF8F
:101A9000F2E710B522F0704200F1100444600160DA
:101AA000826041B1826803F0704313438360029BFC
:101AB000C360204610BD836843F08043F6E70123EE
:101AC0004360C36843F02003C360836843F000535E
:101AD0008360704737B54D68044645B18C68009304
:101AE000096842EA04032A46FFF7D3FF044620466A
:101AF00003B030BD2DE9F04F2DED028BD1B0019038
:101B000008EE903ADDE95D59DDE95F8704200023A6
:101B100001AECDE9030305AB08EE102A07C983E83F
:101B20000700314618460296619CE4F773F80646B2
:101B3000002840F0B5805C9A08AB07CA83E807002C
:101B4000D8F80420D9F80430494213445B4203F02A
:101B50000F0B7B6801F00F0A5B420093AB68DA0061
:101B600041BF6B68033323F003036B60A368DB00A2
:101B700041BF6368033323F0030363600023D9F894
:101B80000400D8F80420CDE9133381185944CDE975
:101B90000C1369680B93494201F00F01CDE90E3136
:101BA00061681093494201F00F01CDE91131CDE98F
:101BB000153317935C9B5B684BB97B6813430343F6
:101BC00005D110218A46CDE9091314AA08921123E0
:101BD0004FF0005202A930A8FFF77CFF40F6110336
:101BE0004FF0005205A9FFF775FF42F611034FF0C1
:101BF000005218EE901AFFF76DFF44F611034FF0F4
:101C0000005218EE101AFFF765FF412300224946E3
:101C1000FFF760FF4FEA0B234FF00052414643F0BD
:101C20004103FFF757FF4FEA0A234FF0005243F0FA
:101C3000010308A9FFF74EFF009B4FF000521B0263
:101C400003F47063394643F00103FFF743FF103894
:101C5000FFF735FF00230BA91A4618A8FFF73AFF34
:101C6000002329461A46FFF735FF00230EA91A461E
:101C7000FFF730FF002321461A46FFF72BFF002312
:101C800011A91A46FFF726FF002362991A46FFF7AB
:101C900021FF1038FFF713FF18A930A8E3F7AAFFB8
:101CA000304651B0BDEC028BBDE8F08F08461146BE
:101CB0001A465B68102B01D1E4F736B8072070474D
:101CC00082B000B589B00DF1200C20290CE9070085
:101CD0000B9312D8DDE90E0102AB83E803005CE947
:101CE00002018DE803000BAA059B07CA00F0E6F885
:101CF00009B05DF804EB02B070470120F8E782B04C
:101D000070B586B00B93119B03AD202B85E80700BF
:101D10003CD80C9AB2EB430F3AD10F9EB34237D165
:101D200006225A438A4203D003EB83038B422FD10E
:101D3000012231462220129BE3F740FE0446F8B907
:101D40000123CDE9003395E807000E253346FFF760
:101D50006EFE00950EAA07CA3346FFF7B3FD234671
:101D6000062229460220E3F715FEE3F743FE062389
:101D7000044678B900930BAA334607CAFFF705FE5D
:101D8000204606B0BDE8704002B070470124F7E776
:101D90000724F5E71C46F3E70144C043C84201D5D8
:101DA0001046704711F8013D1A440A701212F5E707
:101DB00009F026BD82B02DE9F0418AB005AE12F0DF
:101DC000804586E80700149C119333D1139B8C4205
:101DD00028BF0C4613F080538846129A02D19442D1
:101DE00028BF144634B30F2C13D9DDE912018DE856
:101DF00003000294119B96E80700E3F79DFEE3F7CA
:101E0000C9FEE3F7D1FE0AB0BDE8F04102B0E3F746
:101E1000DDBE059E119F93B1A8EB0502042A3B6825
:101E200028BF0422701909A90435099309F0C1FCDF
:101E3000AC42F1D80AB0BDE8F04102B0704722468A
:101E4000394630460AB0BDE8F04102B009F0B1BCF5
:101E500082B070B586B00E9E0B930C9B03ADB3EBB6
:101E6000460F85E8070027D10122314626200F9B27
:101E7000E3F7A4FD0446C8B90123CDE9003395E892
:101E8000070006253346FFF7D2FD00950BAA07CAC7
:101E90003346FFF747FD2346224621462846E3F70F
:101EA00079FDE3F7A7FD041E18BF0524204606B000
:101EB000BDE8704002B070470724F7E782B02DE913
:101EC000F04F89B001AC84E80700149A0C468A42AE
:101ED000139305D0072009B0BDE8F04F02B070475A
:101EE0001D460B4413F8013CDB07F3D50027EB5DDF
:101EF000BBB34FF0FF084FEA480111EA030A5FFA4B
:101F000081F8F8D1019E3A46514606EB0709304662
:101F1000E71B09F075FC04F1FF3BCDE9067ACDF82B
:101F200014900DF1140A9AE80E00DDE91607B8477F
:101F3000002101278C46084699F8003023EA08035F
:101F400089F80030A1420ED1BCF1000FC2D00028A8
:101F5000E9D1002FE7D101223046FFF71DFF3846B7
:101F6000B9E70137C3E76A5C735C8B4508BF02F0D1
:101F7000FE02A2EB030E5FEA1E2E07F0010E08BF61
:101F80004FF0000E5340013B1B0A07F0010740EAE7
:101F90000E0008BF00270131002A18BF4CF0010CC9
:101FA000D0E708B5E3F740FD10F00E03FAD0022B9E
:101FB000F8D010F4806018BF062008BD07B5019066
:101FC000E3F756FD0198E3F7A7FF20B903B05DF8EA
:101FD00004EBE4F70DB803B05DF804FBFFF768BC51
:101FE000F0B549248FB08DF82440149C0DF12505DF
:101FF00004F10C0654F8047BB44245F8047BF9D193
:1020000024782C7001258DF835509DF8545000240B
:102010008DF8365004250695169DCDE900120595DC
:102020001325049509ADCDE902358DF833200B4613
:10203000224621468DF832408DF83440E4F734F8DA
:102040000FB0F0BD30B5C02A93B033D0B2F5807F69
:1020500004D0802A2BD0292013B030BD4FF48274D5
:102060000194019C80F00100204301901698012505
:10207000029010242120039504940590069301AB4F
:102080000795089409900A9306AB0B9304230C93CD
:1020900011230D930AAB0E910F9340F61103D20852
:1020A00002A90EA810921193E3F7CEFFD4E74FF4E4
:1020B0008074D5E70F20CFE71FB5079C02949DF8E9
:1020C0001840CDE9003413460A4601460020FFF7C8
:1020D00087FF04B010BD1FB5079C02949DF81840FF
:1020E000CDE9003413460A4601460120FFF778FF88
:1020F00004B010BD08B5E4F721F9BDE80840E4F7E5
:1021000051B910B50446FFF739FB4FF0A8431A68E0
:1021100022601B696360FFF735FB002010BD10B51E
:102120000446FFF72BFB4FF0A84322681A60626851
:102130001A61FFF727FB002010BD70B506460D465B
:1021400014468CB0CAB11022002108A809F058FB2F
:10215000002207AB029305AB019306AB0093304618
:10216000294608ABCDE90522E4F77CF918B9099BAB
:102170006360059B23600CB070BD6FF08600FAE7CA
:1021800037B505460191E4F713F9044648B92846E6
:102190000199E4F78FFB044630B1E3F71FFFE4F742
:1021A00013F9204603B030BD03B0BDE83040E4F77A
:1021B0000BB90388B3F5105F11D14388DB08A3F195
:1021C0001002102A0ED80123934003F0013323F0AC
:1021D0008073002B0CBF6FF08600002070476FF0FB
:1021E000850070476FF08600704710B5436A8AB06B
:1021F000041DCDE901430023CDE9052310223C3025
:10220000CDE90331CDE908230790E4F7D1F860B9AF
:1022100007AB1A4604A901A8E3F75EFD0446E4F7FC
:10222000D3F8002C18BF6FF092000AB010BDE4F78D
:10223000EBBE08B528B14C22002109F0E1FA0020DC
:1022400008BD6FF08600FBE70020704738B51C46DC
:1022500000230846236011461546FFF791FF00B999
:10226000256038BD08B50120E2F7FCFB002008BD61
:1022700007B530B9CDE90012E5F738F8DDE900120D
:1022800030B1436823B1006803B05DF804EB184730
:10229000232003B05DF804FB30B51C4685B058B967
:1022A000CDE90012E5F722F8DDE9001204B903AC2C
:1022B00020B9232005B030BD03B903AC8568002DDB
:1022C000F7D023460068A847F4E70122036C19B150
:1022D00003F580539A64704703F500539A645A6477
:1022E000704710B50446FFF749FA0421236CBDE896
:1022F00010401A6C12F0800F03F5805204BF03F5F2
:10230000005359644FF0040318BF51649364FFF7FE
:1023100039BA08B5006CFFF78BFA002008BD70B51C
:102320000468236C5A6CD10709D5012103F50052CA
:1023300051641B6C9A0602D5204600F01FF9206CF0
:10234000436C5B070AD5042500F5005384F83C5024
:102350005D64227E1AB99D640123237670BD627E7E
:10236000002AFBD094F82D2002B30026132184F814
:102370003560FFF75DFA236C03F5805295645B6B63
:10238000DBB2112B0DD1012384F834303022237AB3
:10239000534303F1A04303F58023DB6E013B23632A
:1023A000DCE7132BDAD184F83460EFE79D64D5E7DE
:1023B00000207047FEE74FF4005300204B60704749
:1023C0000020704707B5002001AB0190FFF764FFC4
:1023D0000198002808BF4FF0FF3003B05DF804FB00
:1023E00010B514460020FFF743FF204610BD88B10A
:1023F00090F8382090F83C3032B1022B04D1012201
:1024000080F83C2018467047042B4FF00102F7D0AB
:102410001346F7E70123F5E780F82C10704790F892
:102420002C00704790F8390070473022037A5343EC
:1024300003F1A04303F58023D96ED0E903231344AD
:10244000994214BF084610467047F8B504460D4639
:1024500090F8393081B173B990F83A60FFF78EF98E
:10246000054601213046E5F757FC2846FFF78AF973
:10247000012384F83930F8BD002BFCD090F83A7075
:10248000FFF77CF9064629463846E5F745FC304615
:10249000FFF778F984F83950EDE72DE9F843044661
:1024A00016460D4690F82C70FFF76FF994F8382017
:1024B00003469AB1FFF76FF994F83B90FFF75EF986
:1024C000804601214846E5F727FC4046FFF75AF9C8
:1024D000FFF75BF90022034684F838201846FFF71F
:1024E0005AF92E44B54204D101212046236A984767
:1024F0003AE094F82D3023B3FFF747F9237E804666
:10250000E3B12046FFF791FF421EE068D4F830C0E7
:1025100082423EBF226902F1FF32121813469C45E7
:102520000BD013F80119112901D013291FD1A1F1E2
:1025300011035942594184F8341022634046FFF791
:102540002AF994F83430002BCCD037B12B780A2BF1
:1025500003D10D212046E36998472046E36915F829
:10256000011B98470028BDD00020BDE8F8839842A1
:1025700082BF236903F1FF331B18D0E790F838308E
:1025800073B5044603F0FF01A3B9036A01919847AC
:10259000012384F8383094F83B60FFF7EFF80546E4
:1025A00001993046E5F7B8FB2846FFF7EBF8022320
:1025B00084F83C3002B070BD08B5E5F7D7FA08BD25
:1025C00007B5FFF7DBF80190E5F71CFB019803B0B6
:1025D0005DF804EBFFF7D6B87047012070474FF461
:1025E000C870E5F74FBC7047F0B587B015461E467A
:1025F0000446059190B10027C761E6F775F8BDF86C
:1026000034303A4602939DF830302046CDE90063DD
:1026100005992B46E5F7DAFF07B0F0BD2220FBE76E
:10262000F0B50D4616461F46044685B090B100230E
:10263000C361E6F759F8BDF82C302A4602939DF89D
:1026400028302946CDE9007320463346E5F7BEFF22
:1026500005B0F0BD2220FBE7F0B51F46002387B090
:102660000D46164604468DF81730A8B1C3610DF12A
:102670001701E6F761F89DF817207AB9BDF83430F4
:10268000294602939DF830302046CDE90073334649
:10269000E5F79CFF07B0F0BD2220FBE70320F9E738
:1026A000F0B51F46002387B00D46164604468DF848
:1026B0001730B0B1C3610DF11701E6F73DF89DF891
:1026C000173083B9BDF834302A4602939DF8303074
:1026D0002946CDE9007320463346E5F777FF07B07A
:1026E000F0BD2220FBE70220F9E738B5FFF74DF8EF
:1026F000054600F008F804462846FFF74CF8204647
:1027000038BD00F019B84FF0B0439A6A1207FCD4F4
:10271000186A70474FF0B04301285B6904D0022863
:1027200005D1C3F38010704703F00100704700200B
:1027300070473E20FEF745BF3E20E2F709B808B5D6
:10274000E0F714FCFEF7FAFCFEF705FDFEF716FDB8
:10275000BDE80840FEF71DBD08B5FEF721FDFEF7F8
:1027600020FDFEF725FDBDE80840FEF723BDE1F79B
:10277000DBB808B5E9F7AEFC01F091FC02F0A8FA6D
:10278000002008BD38B50446FEF7F8FF0546204690
:10279000FCF77EFB04462846FEF7F4FF204638BDD2
:1027A00037B504460191FEF7E9FF01990546204639
:1027B000FCF72EFB04462846FEF7E4FF204603B054
:1027C00030BD38B50546FEF7D9FF04462846FCF76C
:1027D00067FB2046BDE83840FEF7D4BF10B504467D
:1027E00008B1E6F785FA2046BDE81040FFF7E9BFDB
:1027F00000F4E040B0F5805F04D0A0F500535842EB
:102800005841704701207047F0B59E4600F0FE43E6
:10281000B3F1106F06460F46944691B003D06FF0A7
:10282000850011B0F0BD20F01F6323F47023002B4E
:10283000F5D10D4607ACCDE90E330FCD0FC495E8A9
:10284000070084E80700D7E909230899090AE6D1B7
:102850001899304604911799CDF800C00391169944
:10286000CDE901E107A9E4F723F9DAE73AB1002954
:1028700018BF00232121D21A184408F0C1BF7047A5
:1028800038B5037904460D463BB9A36802212046BA
:102890002B6000F0C3FD38B938BDD0E9091200F053
:1028A00047FE0028F1D0F7E700232B60F4E72DE97D
:1028B000F0479A46002392B08DF81F301D9B90463A
:1028C000DDE91A96002B0D460B4614BF4FF48062CB
:1028D0004FF4006208A91C9FE6F786FB044668BB1C
:1028E000DDF820C009ACCDE91000BCE80F000FC432
:1028F0009CE8070084E807002846BDF824100DF185
:102900001F02E6F7F3FB0446C0B99DF81F30B3423F
:1029100027D80A98089A000AD2E9091224D1CDE9E9
:102920000337CDE901A92B46CDF8008009A8E4F7CB
:1029300001FB10F1860F044600D018B100233E6061
:102940008DF81F303246214648463B68FFF78EFF20
:10295000089800F0A0FD002C18BF204612B0BDE87A
:10296000F0876FF08904E9E76FF08604E6E700235B
:102970002DE9F341D0E9016804460F46304611467F
:10298000136000F0A7FD054688B9304600F0A4FDAD
:10299000054660B9F6B276B9B8F1000F05D1E36823
:1029A00023F47F4323F0030363B16FF086052846C9
:1029B00002B0BDE8F0810146A06800F01FFD0028CC
:1029C000EDD1F2E74FF6F87362889A4220D8238B54
:1029D00023F00103002BE8D1394601A8E6F77CFD7E
:1029E00005460028E3D10FCC3F683E460FC694E869
:1029F00007003B7986E807000BB9019BBB603B8B66
:102A0000012123F0010338463B8300F007FDCEE7A8
:102A10006FF08505CBE741F2052398421CD8B0F54D
:102A2000905F09D241F2010398420ED0B0F5885F61
:102A30000BD06FF0850070470123A0F5905080B255
:102A400003FA00F010F0290FF3D011F0070F14BFB4
:102A50006FF0860000207047B0F5105FE9D121F0DB
:102A60004003802BF1D0B1F5807FEED06FF086006F
:102A7000704770B5446A05460E463CB90120FFF721
:102A80008FFE686228B12046AE6270BD6FF08A008A
:102A9000FBE76FF08C00F8E773B50E46114605466C
:102AA0000192FFF7E6FF044620B93146019A686AB1
:102AB00008F07FFE204602B070BD2DE9F041089D70
:102AC00088461F46048802B32046FFF791FEE0B116
:102AD0002B680BB9D3002B6020462968FFF79BFFBA
:102AE000044678B9CE1DB2EBD60F11D1069B9A429F
:102AF00011D84146384608F05CFE2B68079A073328
:102B0000DB0813602046BDE8F0816FF08504F9E72B
:102B10006FF08604F6E76FF08904F3E72DE9F04FD4
:102B2000456885B02D0A0446DDE90E7A89461646C9
:102B30009846DDF840B013D1CDE901AB0097E4F73A
:102B40004BF910F1860F0DD14346324649462046D7
:102B5000CDE90FAB0E9705B0BDE8F04FFFF7ADBF65
:102B60006FF0860005B0BDE8F08F10B50446406AEE
:102B700010B1A16AFFF732FE0020C4E9090010BDC0
:102B800038B50546FFF7F1FF95F820300446043BC1
:102B9000012B0CD8EB69002B0CBF04466FF0960498
:102BA0002C220021284608F02BFE204638BD6FF06D
:102BB0009604F5E710B5044638B1042100F02EFC68
:102BC0002046BDE81040FFF7DBBF10BD38B590F8D8
:102BD00020300546052B16D10479FF2C07D1FFF7CD
:102BE000CFFF041E08BF6FF08404204638BD1CB11F
:102BF000806800F083FC04462846FFF7C1FF0028E8
:102C000018BF0446F1E76FF08804EEE707B558B146
:102C1000012201A9E6F79CFC30B9019800F036FCCE
:102C200028B10198FFF7D2FF03B05DF804FB6FF005
:102C30009900F9E773B5044608460E4600F039FBE3
:102C4000002320461A4601A9E6F7CEF970B93446AA
:102C5000019D0FCD0FC495E8070084E80700338B72
:102C6000019803F00103338300F015FC02B070BD3E
:102C700070B5144602881D461046049EFFF7B8FD45
:102C800068B944F2010322F44050984207D002F49C
:102C90004F42B2F5824F02D0B2F5844F0ED1B4420A
:102CA0000FD82246284608F084FD0021321B28193F
:102CB00008F0A6FD0020059B1C6070BD6FF085002C
:102CC000FBE76FF08900F8E72DE9F04188461F46E1
:102CD00016468CB052B3002301223B6002A9E6F7EE
:102CE00083F9E8B9DDF808C003AC6546CDE90A0010
:102CF0000FCD0FC495E80700049B84E80700DCE9CA
:102D000009121B0A0FD14346CDE9006703A8FFF75C
:102D1000AFFF0446029800F0BEFB002C18BF20460F
:102D20000CB0BDE8F0816FF08604F3E76FF0890026
:102D3000F6E770B514460288049D02F4E040B0F551
:102D4000804F1CD144F2010022F44056864207D045
:102D500002F44F42B2F5824F02D0B2F5844F0ED149
:102D6000AC420FD81846224608F023FD00212A1B4A
:102D7000204408F045FD0020059B1C6070BD6FF0ED
:102D80008500FBE76FF08900F8E72DE9F0438946FD
:102D9000984617468DB052B3002302A91A46C8F8C8
:102DA0000030E6F721F9E0B9029E33885B041BD5B9
:102DB000354603ACCDE90A000FCD0FC495E80700F6
:102DC00084E80700CDE900784B46D6E9091203A84C
:102DD00000F0F2FA0446029800F05DFB002C18BFE8
:102DE00020460DB0BDE8F0836FF08604F3E76FF086
:102DF0008900F6E72DE9F0411F46002388B005461B
:102E000088461646CDE905333B60002A54D0B2F11E
:102E1000005F54D206AA05A9FFF7A9FD0446A0B990
:102E20000598436AABB1059B41465A8828460792EC
:102E300007AA029203F1280201929A6A00925B6A41
:102E40003246FFF76BFE044680B10598FFF7B2FEED
:102E500028E06B681B0A02D06FF08604F5E7314664
:102E6000FFF707FE04460028DDD0EEE70598079B34
:102E70004288DAB943804FF6F872934219D82B880A
:102E800013B102889A42E7D12B6A002BE4D16B88F8
:102E900013B142889A42DFD13946FFF7F1FC04466C
:102EA0000028D2D1204608B0BDE8F0819A42D3D1A3
:102EB000E1E76FF08504C8E76FF08604F2E76FF092
:102EC0008504EFE710B50446006868B106280CD108
:102ED00004F10800FFF7ADF900232360A38823F471
:102EE000FF7323F00103A38010BD6FF08600F3E7AA
:102EF0002DE9F0410546984600238CB002932B68DB
:102F000008461746002B4FD1B8F1000F134602A90F
:102F100014BF4FF480624FF40062E6F765F8044690
:102F2000002835D1029E03ACCDE90A000FCE0FC4B4
:102F300096E8070084E807003846BDF80C102A1D03
:102F4000E6F7D4F8044618BB6B79049968F30003DC
:102F50006B71029B090AD3E90923B8F1000F1BD05A
:102F600029BB009703A905F10800E4F74DF850B913
:102F700006232B60029800F08EFA002C18BF204622
:102F80000CB0BDE8F08110F1860F13D16FF085040D
:102F90002846FFF797FFEDE749B9009703A905F128
:102FA0000800FFF744F9E2E76FF08804F0E76FF0FC
:102FB0008604EDE70446EBE70123FFF799BF38B538
:102FC0000546006898B112B90024204638BD06288D
:102FD0000AD105F10800E4F749F804460028F3D0C7
:102FE0002846FFF76FFFF0E76FF08604F8E76FF011
:102FF0008804EAE72DE9F041054600688846164650
:103000001F46F8B16A79D2071CD52A79D2B1B242EB
:103010001BD806281CD105F10800E4F777F8044610
:1030200010B100233E602B713246214640463B687A
:10303000FFF71CFC2846FFF745FF002C18BF204671
:10304000BDE8F0816FF08804EBE76FF08904E8E7F2
:103050006FF08604E5E71FB501240394089C0294F1
:10306000079C0194069C0094FFF721FC04B010BD5E
:103070002DE9F04705469A46002386B0059305F0F2
:10308000FE43B3F1106F0846DDE90E961746DDF8F2
:10309000408030D12B464FF4804205A9E5F7A4FFCC
:1030A0000446C8B905990B8823F0FF03B3F5E24F36
:1030B00002D0B3F5E44F04D14B880733B6EBD30FFE
:1030C0001CD353463A462846CDE90168CDF8009016
:1030D000FFF79AFB044628B131464846E6F7C8F8A0
:1030E000C8F80060059800F0D6F9002C18BF2046FB
:1030F00006B0BDE8F0876FF08604EDE76FF0890455
:10310000EAE7034610B50C461146DA6900880AB9A9
:103110001B6A3BB9FFF76CFB38B12046BDE8104095
:10312000E6F7A6B86FF0860010BD6FF08500FBE7EC
:1031300000232DE9F04186B0CDE903330B604388CD
:1031400006460D46002B00F0B180038803F4E043EF
:10315000B3F5804F00F0AA8004AA03A9FFF707FC8B
:103160000446F8B9039B5B6A63B17368039F1B0A4B
:10317000796A57F8282F76D06FF086040398FFF706
:10318000F4FC0FE07268170A65D1B6F80080728807
:103190004046FFF72DFB60B111464046FFF73BFC70
:1031A000044658B10398FFF705FD204606B0BDE878
:1031B000F08128F0FF03B3F5E24F74D108F4E04347
:1031C000B3F5805F02D0B3F5005F02D10732D708B4
:1031D0000FE008F44F43B3F5844FF7D047F20103F3
:1031E00098450FD152080132D20802EBC20202F117
:1031F0003B07059705990398FFF73BFC0446002819
:10320000B3D0CFE744F20103984503D1D20802F1CD
:103210001007EEE747F20203984505D1D20802EB0A
:10322000420202F15A07E4E744F20203984505D14D
:10323000D20802EB420202F14A07DAE728F0FF0067
:10324000B0F5E24FC2D0B0F5824F01BF0732D208CD
:103250005200571CCDE7304605A900F056F8044649
:103260000028C7D09EE733885B040FD43B46304626
:10327000FFF747FF04460398002C7FF47FAF2946F1
:10328000FFF7FEFA044600288FD08BE73B46304616
:10329000CDE90012E3F7BAFCDDE9001210F1860F68
:1032A0000446E8D1E2E76FF085047BE76FF086041F
:1032B0007BE710B50446C069FFF783FA2046BDE8F6
:1032C00010402422002108F09BBA2DE9F041054668
:1032D0000F4690461C469BB119460120FFF760FA45
:1032E000064678B12246414608F063FAE86908B11B
:1032F000FFF767FA0020C5E907642F80BDE8F08179
:103300001E46F3E76FF08C00F8E7028843884068B8
:10331000000A4CD102F4E040B0F5805F02D0B0F575
:10332000005F05D10733DB088BB96FF0850070476C
:1033300002F44F40B0F5844FF4D047F201008242CE
:103340000FD15B080133DB0803EBC3033B3322F0EF
:10335000FF02B2F5824F01D1012BE6D000200B60B5
:10336000704744F20100824202D1DB081033EEE7DD
:1033700047F20200824204D1DB0803EB43035A33D5
:10338000E5E744F20200824204D1DB0803EB430389
:103390004A33DCE722F0FF00B0F5E24FC2D0B0F5CF
:1033A000824FC2D10733DB085B000133CFE7002334
:1033B0006FF086000B6070472DE9F34745680446BF
:1033C000DDE90A7A2D0A89461646984611D1CDE9DB
:1033D000007AE3F787FC10F1860F0CD143463246A2
:1033E00049462046CDE90A7A02B0BDE8F047FFF72A
:1033F000A0BC6FF0860002B0BDE8F0876FF04043DC
:10340000421E9A4208D329B100F1404098428CBF35
:1034100000210121084670470121FBE790F8203088
:10342000052B11D8DFE803F0030B16141F214B1EE8
:10343000012B09D9042907D06FF0870070470229B2
:1034400002D00B1F012B0BD880F8201000207047F2
:10345000022902D0CB1E022BF5E7C369002BF3D063
:103460006FF0880070470529EED00029ECD0F7E70F
:1034700010B503210446FFF7D1FF30B9E3695A1CA8
:103480000EBF6FF096000133E36110BDC069B0FA62
:1034900080F04009704708B90020704790F820106C
:1034A000CA1E022A10D8C2698AB1013AC261002A32
:1034B000F2D1052901D1FFF789BB042901D1FFF71A
:1034C0005FBB0221FFF7AABF6FF0880070476FF063
:1034D0009600704700207047C0B2FF280CBF6FF005
:1034E00086000020704707B500216A46FEF725FEDA
:1034F0008C3018BF012003B05DF804FB13B5002128
:103500006A460446FEF719FE8C3002D1002002B054
:1035100010BD00212046E3F78BF9014628B96A4621
:103520002046FEF70AFE8C30F0D06FF09800EEE7F0
:103530002DE9FF4107461446884600293FD0002A5E
:103540003DD0B2F5005F3DD202F1240631460120A4
:10355000FFF726F90546C0B303463A4621464046E2
:10356000E6F76EF8BF6800243846FFF7BCFF012875
:103570001FD021462B46324638460094E3F794F894
:103580000146C8B9384602AAFEF7D7FD044620B95D
:10359000029B9E4205D06FF0980438460021E3F765
:1035A00047F931462846FFF719F9204604B0BDE82F
:1035B000F0816FF08A04F4E76FF09804F1E76FF0A0
:1035C0008604F2E76FF08D04EFE76FF08C04ECE710
:1035D000FFF704B92DE9F047D0F808A086B081467E
:1035E000884617465046002104AAFEF7A6FD044669
:1035F00010BB049E01203146FFF7D2F80546002893
:1036000037D02146504604AA0394FEF796FD04469F
:1036100070B903AB02462146CDE90053504633460C
:10362000E3F7AEF8039B04469E4209D06FF098047E
:1036300031462846FFF7D2F8204606B0BDE8F087AD
:103640000028F5D13B46424631462846CDF8009049
:10365000E6F714F804460028EAD1D8F800302BB178
:103660003B68002B08BF6FF09104E1E76FF0910415
:10367000DEE76FF08C04DFE750E8003F0B4340E8E3
:103680000032002AF8D17047C94350E8003F0B4090
:1036900040E80032002AF8D1704738B50446D0F827
:1036A000A00010B9D4F8A40058B194F8375108F02C
:1036B000F4FA05F00F0581B206312846EAF760FA00
:1036C00080B240F27122B4F8783000F5487053436C
:1036D0009842B8BF184638BD38B505460C4602F0CA
:1036E000E7FA20B149F640439C4228BF1C46EA68ED
:1036F000A2420BD240F27121B5F87A304B4393428B
:1037000038BF1346A34228BF23461A462A6138BD54
:1037100003469A6A4430920404D5D3F82821998F3D
:10372000EBF72EBA93F86F10EBF720BACB69184776
:10373000704770470020704770474FF00000704797
:103740000020704770477047002070470020704786
:10375000002070470020704700207047002070470D
:1037600001207047704711207047002070470020EB
:1037700070470020704701207047C8207047002024
:10378000704700207047704770471120704770479E
:103790007047002070477047002070477047012035
:1037A00070477047704790F8852010B5531C03F0A0
:1037B0000F03072B28BF0023044663F303020344CF
:1037C00080F8852083F87E1090F885306F2B4FEAC3
:1037D00013129EBF013262F3071380F88530FFF7A2
:1037E000E1FF94F83711204601F00F01FFF7CCFFFD
:1037F00010BD704770477047002070470020704729
:103800000020704710B101F1B000704701F1D40001
:103810007047F8307047806A70472830FFF72CBF38
:103820002830FFF731BFC06A70472C30FFF724BF44
:103830002C30FFF729BF00F59C70704708B50B7955
:10384000DB0702D4FFF7D5FF08BD91F90510BDE8ED
:103850000840FFF7A8BF02290346808F11D0032933
:1038600009D0012906D11A8F5B6B1201B2FBF3F369
:10387000184480B270475A6B4FF47A43B3FBF2F3AB
:10388000F6E75B8F073000EB4300F2E770B540F2DC
:10389000712606FB01F345685643826A1D441207F0
:1038A000044645600ED500F14005294600F134027A
:1038B000E7F7CEFB334629462046BDE8704001229B
:1038C00001F03BBA05EB5605456070BD836A5905AA
:1038D00005D4D0F8A03013B15B799A0708D4D0F89A
:1038E000A40000B9704743799B0701D40068F8E74A
:1038F0000120704780F87710704738B5044601F012
:103900003DFC04F1A40008F097F904F1A80008F0C8
:1039100093F904F1AC0008F08FF904F1A00008F06D
:103920008BF92046E5F734FFC4B22046FFF70CFFC1
:1039300005462046FFF70AFF01462846FFF703FF2A
:1039400038BD38B5836A04461B0713D50246B0F864
:103950007C3052F8341F4B4340F271214B4300F14D
:103960004001E7F775FB236C20469D08FFF795FEA5
:103970002844E06040F27125616B204601396943BB
:10398000FFF7AAFE20460121E9F786F9636BB4F838
:103990007C2020465A43636805FB02336360BDE820
:1039A0003840E9F729B9B0F8303110B5A0F8343112
:1039B0000446E5F7EDFEC0B2FFF7DFFE94F83731BD
:1039C00094F8362103F00F0304F1440102F069F981
:1039D000EAF71CF9B4F93021824205D0A4F830018D
:1039E000EAF7E4FDA4F83201B4F93421B4F9303136
:1039F0009A4209D0A36A9B0306D52046BDE8104031
:103A00004FF40041E5F7DABE10BDFFF7CCBF836A83
:103A10000A4600F14401C3F34030EBF75BB810B540
:103A2000A0F87810A0F87A200446FFF736FE216946
:103A3000E0602046BDE81040FFF74EBE38B50446B2
:103A40000D463AB94FF4C0212830FFF71DFE9DB94D
:103A5000002038BDFFF79DFE98B128344FF4C021F7
:103A60002046FFF711FE1DB14FF40031FFF704FEB1
:103A70004FF48021204601E04FF40031FFF7FCFDB8
:103A8000E6E71120E5E72DE9FF41836A04469B0341
:103A90002CD5B0F93081B0F934710020EAF77AFE04
:103AA0008045CCBF0025012502F000F994F83711BC
:103AB000C82201F00F01EAF777FE06462046E5F737
:103AC00067FEB045B4BF00260126002394F83711E5
:103AD000A8EB07073FB245EA46051A46CDE900853F
:103AE000029701F00F0180B200F0E1FC04B0BDE8E4
:103AF000F081FFF7C8BF86307047F8B504460E4620
:103B000000295AD040F27123476B30465F43A7F239
:103B10008A277F083946EAF743F894F88E30851FE4
:103B2000ADB29D4239463046A8BF1D46EAF738F887
:103B300094F88F20831F9BB29342A8BF1346F21EB6
:103B4000012AB4F88610B4F888202BD8B1F5296F73
:103B500044F29020B8BF4FF429618142A8BF0146CA
:103B6000B2F5296FB8BF4FF429628242A8BF02465E
:103B70001B2DB8BF1B251B2BB8BF1B23304684F859
:103B8000913084F89050A4F88A10A4F88C20EAF7B9
:103B900007F8831F9BB2AB42A8BF2B46DBB284F869
:103BA0009230F8BDB1F5A47FB8BF4FF4A471B2F55F
:103BB000A47FB8BF4FF4A472DAE71B23EFE770B518
:103BC0004900466B89B28E4218BF40F27125044607
:103BD00017BF4068002105FB060005FB1100658F3B
:103BE0001EBF6060616301219542208F17D0834220
:103BF000628700D02387238F626B1B01B3FBF2F334
:103C000094F837112046A4F89C3001F00F01FFF71B
:103C100074FF2046BDE870400421E5F7CFBD834224
:103C2000E8D1A36A1B07E6D50029E4D170BDF0B541
:103C300085B004460E466A4600F1860300F18E0701
:103C4000154618685968083303C5BB422A46F7D1A0
:103C50001868314628609B882046AB80FFF74DFFEF
:103C60009DF80B2094F891309A4211D1BDF80620AE
:103C7000B4F88C309A420BD19DF80A2094F8903019
:103C80009A4205D1BDF80420B4F88A309A4207D090
:103C90004FF48141204605B0BDE8F040E5F78EBD08
:103CA00005B0F0BD37B5044694F88E50BDF8180045
:103CB0008D420BD1B4F88650954207D194F88F50BD
:103CC0009D4203D1B4F8885085421DD08DF806106E
:103CD000ADF80420019D84F88E1094F8371184F813
:103CE0008F30A4F88800C4F840512046A4F88620FC
:103CF00001F00F01FFF79BFFB4F88A30A4F886307B
:103D0000B4F88C30A4F8883003B030BD90F8373167
:103D100070B503F00F03044616460D46D9B18B4229
:103D200019D00122FFF733FD294600222046FFF774
:103D30002CFD94F83731204665F3030384F83731BE
:103D400005F00F01FFF773FF2046BDE870404FF408
:103D50008441E5F733BD19462046FFF768FF002E82
:103D6000F2D170BDF8B51D46C36A04465B070F4625
:103D7000164610D404212C30FFF77EFC84F89A708C
:103D80002046A4F89660A4F898504FF40061BDE86E
:103D9000F840E5F713BDF8BD10B511B190F89A40A1
:103DA0000C7012B1B0F89610118013B1B0F89820D1
:103DB0001A80C06AC0F3800010BD4FF40041283063
:103DC000FFF75ABC00F5A270704790F8370100F079
:103DD0000F00704770B50446FDF7D7FC65680646CE
:103DE00001F009FF2D1AB5F5FA7504D53046BDE886
:103DF0007040FDF7D0BC40F27122636B94F87010F4
:103E00005343B5FBF3F5A38FAAB29B1AA38794F88B
:103E10006F30154602FB1133252193FBF1F001FBB6
:103E20001033002BB8BF5B1884F86F30B4F89C30A7
:103E300020469B1AA4F89C300021E8F72DFF40F2A1
:103E40007122636B20465D43636802FB1533636038
:103E5000E8F7D2FECAE700232DE9F3474E7904467E
:103E6000B00758BF06F0010608460D4648BF0326B6
:103E7000ADF8043058BF0136FFF75FFC074607F086
:103E80001F03002BE36A15BF4FF001084FF0000835
:103E90004FF003094FF0020999050CD59DF8043045
:103EA000294666F3010368F345138DF80430204674
:103EB000019A00F08EF9284607F02AFF824649460B
:103EC000284607F0F9FE9DF80430AA7966F301034D
:103ED00068F345138DF804308DF805A0BDF8043063
:103EE0000C32AB529DF80430A9189A066B7948BF82
:103EF0008F7043F001036B71FDF747FC06462046C7
:103F0000294650F8A48F07F065FF94F84631013335
:103F100084F84631A36A1B070CD5B4F87C30012B1A
:103F200002D92046FFF756FF304602B0BDE8F04701
:103F3000FDF731BC656801F05EFE0746E8F7C2FF99
:103F40008442F1D1ED1BB5F57A7FEDDDB8F1000FBC
:103F500003D0D4F8A030002BE6D1E9F7A5F8E3E7C9
:103F600008B5022007F0FBFF10B100F02DFE012084
:103F700008BD10B504464FF440712830FFF784FBAC
:103F80002046BDE810400021E6F798B8012310B59F
:103F9000A1F12002C1F1200423FA04F403FA02F291
:103FA00022438B40D0E9084123400A40134314BF09
:103FB0000120002010BDC36A10B5044613F00800AC
:103FC00012D00123A1F12002C1F1200023FA00F058
:103FD00003FA02F202438B40D4E9080103400A408D
:103FE000134314BF0120002010BD10B50C46C9B208
:103FF000FFF7E1FF70B1E7F717F8C4F12002A4F171
:104000002003E04001FA02F2104321FA03F31843BF
:1040100000F0010010BD70B504460E46E7F7A4F9A4
:10402000FDF7B3FB05460221204684F87760E5F7EB
:10403000C5FB20460021E8F72FFE2846BDE870406A
:10404000FDF7A9BB70B504460D46FDF79EFB06467D
:10405000E8F738FF844201D1E9F706F83046FDF76A
:104060009AFB29462046BDE87040FFF7D4BF0B6895
:10407000C0F84031704738B540F64805D0F84031B7
:104080000C460B609BB2AB4204D90B21FFF7ADFF8E
:1040900008B9258038BD44F290232380FAE708B59B
:1040A00000F0FBF8E5F7F2FC00F04FFA00F008F83A
:1040B000E7F792F8E7F74EFEBDE80840E7F7CABE1B
:1040C000704770B515460E461C46FFF7A2FB2B68DD
:1040D0004EB103606B6843602368C0F825302368E5
:1040E000C0F8153070BD83606B68C3602368C0F88A
:1040F00029302368C0F81930F4E770B50546FFF79A
:1041000088FB0446FDF741FB06464FF480712846C4
:10411000FFF783FB4FF400612846FFF786FB30462C
:10412000FDF739FB0023284623612375236284F8B9
:104130002430FFF770FB802310F0080F14BF2375A5
:1041400084F8243070BD10B50446FFF712FF2046F6
:10415000BDE810401021E5F731BB10B504464FF41F
:104160006061FFF765FB2046BDE81040FFF701BF27
:104170007FB506460C46FFF74CFB4FF4C061054681
:104180003046FFF752FB4FF400613046FFF750FB1B
:104190004FF48060E6F7EEFE224670B96946284685
:1041A000E6F772FB6B4605F1100213F8011B02F8EB
:1041B000011DAA42F9D104B070BD6C4602F110068F
:1041C000234610685168083203C3B2421C46F7D137
:1041D000E8E7F0B587B00D46ADF80C20FFF719FB06
:1041E0000446284607F094FD064600B32846E6F745
:1041F00089FB9DF80C3005AF03F0230322463146BE
:104200000093019704F12003FDF765FF2846E6F7C8
:104210008FFB04223946284607F09FFF236A0133AB
:10422000236223B994F82430013384F8243007B092
:10423000F0BD30B585B00391ADF80820FFF7E9FA7D
:104240000446039807F064FD051F002D02DC0020E2
:1042500005B030BD0398E6F755FB431901939DF86F
:104260000830224603F023030093294604F110038B
:10427000FDF722FF0028EAD10398E6F759FB042155
:1042800003A807F0E7FD2369013323610BB1012087
:10429000DEE7237D01332375F9E708B54FF40060AD
:1042A000E6F768FE40B94FF48050E6F763FE40B988
:1042B000BDE80840EAF7AEBCFFF79EFA0028F2D04E
:1042C00008BDFFF79DFA0028F2D0F9E741F0004160
:1042D00041F4E021016070477047002070470020E2
:1042E000704770474FF0FF307047002070477047AD
:1042F000704700207047002070474FF0FF30704734
:10430000112070470020704701207047002070473F
:10431000002070470020704770477047704707B50E
:1043200001A8019107F088FC002003B05DF804FBB0
:1043300070477047002070477047704700207047F3
:104340001120704770477047704710B5DC1D04336B
:1043500083734379C47123F0030343F003030E24F2
:104360004371012344738371C3730182827410BD4E
:10437000D31CC3713E2343734379827323F0030339
:1043800043F0030343710123C173837170470F230B
:104390004373042383734379A0F8111023F00303BC
:1043A00043F00303437140F20173C3800123C273DE
:1043B00003747047D31CC3714379417323F0030323
:1043C00043F003034371012382738371704708B57F
:1043D0000023FFF7BAFFBDE80840E6F797BB2DE9D9
:1043E000F84380460220894617461E4607F0B7FD6F
:1043F000D0B10C2343730823837340F6013345790E
:10440000C38025F003059DF8203045F00305457174
:10441000A0F8108080F81290A0F81370A0F8156032
:10442000C373E6F773FB0120BDE8F88308B50220EB
:1044300007F095FD30B101221121FFF799FFE6F752
:1044400065FB012008BDF8B504460F46164613214A
:104450001D460922FFF78CFF83790C331C44A170A1
:10446000E77026712B68C4F80530AB88A4F80930D2
:10447000BDE8F840E6F74ABB70B5064602200D4697
:1044800007F06DFD044668B114210422FFF770FFA8
:1044900083790C331C44A170A4F803606571E6F7BE
:1044A00035FB012070BD08B501F0E9FC08BD2DE920
:1044B000F041074602200D4690461E4607F04FFD8C
:1044C0000446E0B109222121FFF752FF0A22837935
:1044D0000C331C44BDF9183084F8038093FBF2F3CD
:1044E00023729DF81C30A7806372BDF92030A6713D
:1044F00093FBF2F3E571A372E6F708FB0120BDE838
:10450000F08137B5044607F003FC3E22A379C0B220
:104510000C33E518E254831E6B700D23AB70AB793E
:104520001C38012BE8768DF8073009D10023E91DEE
:104530001A460DF10700FFF7DAFE9DF80730AB7160
:104540002046E6F7E3FA03B030BD704710B5E7F751
:104550004DFE0446FFF7F2FE2043C0B210BD38B551
:10456000E6F70EFB8379C17903F10C020244CB1A02
:1045700002200021B2F8035007F01CFE044640B9A7
:10458000E6F704FB0722BDE8384042F21901FFF7C5
:10459000FEBE2846E5F7E8F838B12146E7F7EEFB1E
:1045A0000446E6F7F3FA2246EDE72046FBF776FBF2
:1045B0000224F6E770B5E6F7E3FA83791844B0F819
:1045C0000F60B0B2E5F7D0F880B1002100F05BFFDA
:1045D0000546E6F7DBFA044602232A4642F21B01AF
:1045E000FFF7B3FEA3791C44668270BD0225F0E795
:1045F00070B5E6F7C5FA83790C33C418B4F80350E4
:104600002846E5F7B1F8A0B1611D00F03CFF064671
:10461000E6F7BCFA04460223324642F21A01FFF7DB
:1046200094FEE37923449D72E3792D0A1C44E572DC
:1046300070BD0226ECE710B5E6F7A2FA83790C33D9
:1046400018444479B0F80300E5F78EF860B12146CC
:10465000E7F770F90446E6F799FAE2B240F206414C
:10466000BDE81040FFF793BE0224F4E770B5E6F70B
:1046700087FA83791844B0F80F50FDF786F804469E
:104680002846E5F771F880B11621FFF7DBFC00251D
:104690002046FDF780F8E6F779FA2A46BDE8704033
:1046A00000234FF60441FFF750BE0225F0E7F8B5AE
:1046B000E6F766FA847905460C340444B4F803003E
:1046C000E5F752F8064640B9E6F760FA0222BDE87F
:1046D000F84042F21301FFF75ABEAB79E97903F1D2
:1046E0000C020220CB1A2A44002107F063FD014688
:1046F00018B9E6F74BFA0722E9E7837903338371A8
:104700003046B4F80D50B4F80F70E7F7C7F8044618
:104710003A4629463046FFF782F9E6F737FA22464D
:10472000D5E738B5FDF731F80446FFF70FFF00284D
:104730000CBF0C250025E6F729FA2A4642F20E01A5
:10474000FFF745FEE7F738FE2046BDE83840FDF7A5
:1047500022B82DE9F04F8BB0E6F712FA42F285024B
:1047600090F80680064608F10C0830F8081000EBB7
:104770000803914202681FD1002193F803A093F827
:1047800004B0BAF1FF0F016003F10504049220D1D7
:104790009B7B013B062B24D91125049B13B104A854
:1047A00007F04AFAE6F7F2F92A4636F80810FFF75A
:1047B000EEFD0BB0BDE8F08FDC1C00234FF0FF0ACC
:1047C00003600492637A013B062BE5D84FF0FF0BA0
:1047D00002E0BBF1FF0FF5D00AF11003DBB20E2BA4
:1047E0000ED98BF080037E2B0CD9E5F723FA074610
:1047F00050B9049B13B104A807F01EFA0725D1E7AE
:104800004225CAE71225C8E7FFF7A0FE30B1049B96
:1048100013B104A807F010FA0C2435E0637803F014
:10482000FD03012B09D1E6F707FB30B9049B13B157
:1048300004A807F001FA122426E004F1030949460E
:10484000A01CFFF769FD4846A178E5F771FA054617
:1048500030B1049B13B104A807F0EEF92C4613E025
:10486000BAF1FF0FA27814D004A963783846CDE9D5
:104870000191009251465A46FFF762FD049B04469F
:10488000002B41D1002C8DD03846E5F729FA25467A
:1048900088E7637A8DF814008DF8263023788DF838
:1048A00016208DF81530D9F800303846CDF817307D
:1048B000B9F80430ADF81B3063788DF81D30049BD7
:1048C0009A790C32134459791A7942EA0122ADF8E7
:1048D0001E20D9799A7942EA0122ADF82020597A2E
:1048E0001A7A42EA0122ADF82220D97A9A7A42EA6B
:1048F0000122ADF824209989DA89FFF790F839462A
:1049000005A8E8F787F8B9E704A807F095F9B9E72B
:1049100010B5E6F735F983791844B0F80F00C0B246
:10492000E5F770FAE6F732F9BDE81040002342F2ED
:1049300024011A46FFF709BD2DE9F84381460220FC
:10494000884617461E4607F00AFB044690B10A2225
:104950000321FFF70DFD0023A57920460C352544E2
:10496000EB70A5F80490A5F806802F816E81E6F71C
:10497000CDF80120BDE8F8832DE9F043814685B0EC
:1049800002200E461F469DF844808DF80F2007F048
:10499000E6FA0546002844D022222921FFF7E8FC48
:1049A0000022AC7930460C342C4404F10E0304F19F
:1049B0001401C4F80E209A806261228300913A4665
:1049C0000DF10F01FFF794FC9DF84030A4F804901E
:1049D000E37006F00103A3719DF80F3016F0FD0F90
:1049E000E3713B68A360BB88A3814FF6FF7304D0DB
:1049F000032E08BF43464FF0FF08BDF8302028467D
:104A00006283BDF8342084F82180A283BDF8382069
:104A10006384E2839DF83C2084F82020E6F776F852
:104A2000012005B0BDE8F083F8B507460220164620
:104A30001D4607F094FA044690B10C220421FFF7BA
:104A400097FCA1799DF818300C31214420468F80C5
:104A5000C1F80660C1F80A50CB70E6F757F801209C
:104A6000F8BD70B5064602200D4607F078FA0446F8
:104A700068B103223021FFF79DFCA37920460C3357
:104A80002344A3F803609D70E6F740F8012070BD51
:104A900070B5064602200D4607F061FA044688B15B
:104AA00004220821FFF786FCB5FA85F2A3795209A2
:104AB0000C3323442046A3F803605A719D70E6F737
:104AC00025F8012070BD2DE9F84381460220884673
:104AD00017461E4607F043FA0446B0B10B220721E1
:104AE000FFF746FCA579BDF820300C35254420465B
:104AF000A5F80390A5F80580A5F80770A5F809604A
:104B0000A5F80B30E6F702F80120BDE8F883F8B508
:104B1000074602200E46154607F021FA0446A0B1CA
:104B20000D220521FFF724FCA37920460C332344F2
:104B3000A3F80370A3F80D602A68C3F805206A681B
:104B4000C3F80920E5F7E2FF0120F8BD2DE9FF4198
:104B500016466A4680460F4615460A9C03F1100E1B
:104B60009446186859680833ACE8030073456246F8
:104B7000F6D124B9022007F0F2F9044608B31D2249
:104B8000ED212046FFF7F4FBA3790C332344A3F86F
:104B90000380A3F80D702EB13268C3F80520726847
:104BA000C3F809200F3304AE2A4603CAB242186084
:104BB0005960154603F10803F6D12046E5F7A6FF34
:104BC000012004B0BDE8F08113B513218279019072
:104BD0000C32841881544FF44072C280E5F72CFDEA
:104BE000A07020B901A807F027F802B010BD80001E
:104BF000013060700198E5F789FFF6E770B5064669
:104C000002200D4607F0ABF9044678B104220521D5
:104C1000FFF7D0FB0022A37920460C332344A3F8EE
:104C200003605D719A70E5F771FF012070BD13B5E7
:104C3000837901900C33C418C05CE4F795FD20B96A
:104C400001A806F0F9FF02B010BD6378019913F0D6
:104C5000300F0CBF012200228B7904338B714B790A
:104C600062F300034B71E5F729FAECE72DE9F04117
:104C7000E5F786FF83790C33C418B4F803801FFA74
:104C800088F0E4F771FD054600B3A2796179FEF77B
:104C9000D5FE0646E5F77AFF07460223324642F282
:104CA0007A01FFF752FBBB7938463B44A3F81280E8
:104CB000E5F72CFF46B9A37933B12846FFF785F80D
:104CC00001462846FEF767FDBDE8F0810226E1E7D0
:104CD00000F06EBE50E8003F0B4340E80032002A6F
:104CE000F8D17047704770B50E461546E4F7FAFEE6
:104CF000044648B93046FBF773FE044620B92846FF
:104D0000E9F7B4FE044640B10020E4F7EBFE0020D2
:104D1000FBF766FE0020E9F7A9FE204670BD4FF4C0
:104D20000010EAF7BDB9E9F773B8E6F751B8436880
:104D3000143B4360A0230B6070471AB94268A2EB92
:104D4000530242600A6802EB83020A60704713B59F
:104D500004210DEB0100E9F71FFE019C2046E6F758
:104D6000C5F90028F4D0204602B010BD884210B525
:104D700018D8052816D9B1F5486F13D8B3F5FA7FBE
:104D800010D240F67644A2F10A0080B2A04209D8BF
:104D900001339BB24B435B00B3EBC20F94BF0120C6
:104DA000002010BD0020FCE7C94350E8003F0B4045
:104DB00040E80032002AF8D17047002070472DE902
:104DC000F04104460F4600264FF00108214686F0C8
:104DD0000100FEF717FD4FF48051FFF7E5FF8368F0
:104DE00033B940460EB1BDE8F08101268046EDE7BB
:104DF000028ABA4206D100220121204698470028A3
:104E0000EFD1EFE70268D205EBD500221146F4E7B7
:104E100008B5FEF710FD00230380436008BD70B5A0
:104E200006460C46FCF7B1FC05463046FEF703FD8E
:104E300030B103781C4304704FF40070EAF730F986
:104E40002846BDE87040FCF7A6BCE5F737B907B5C2
:104E500042798DF8071022F0030242F003024271FA
:104E600040F203320DF10701C280012206F0C7FEB5
:104E700003B05DF804FBF8B5174606460C461D4620
:104E8000FEF7D1FC020713D502213046FFF77EF86A
:104E900070B111212046FFF7DAFF2046E6F70CFA41
:104EA0004570877021463046BDE8F840E5F706B901
:104EB00028204FF08861C5F12002A5F12003E940C8
:104EC00000FA02F220FA03F311431943CB07E0D4AE
:104ED0000D212046FFF7BBFF2046E6F7EDF94770AE
:104EE000E0E770B50C460546072120461646FFF759
:104EF000AEFF2046E6F7E0F9214646702846BDE8B9
:104F00007040E5F7DBB838B50C4600210546FEF7E2
:104F1000A2FC47F6FE73241AA4B29C4205D9284687
:104F20002821FFF778F8002038BD0120FCE738B5CC
:104F300004460D4601460020FEF764FC03689B050D
:104F400005D429462046BDE83840FFF7DCBF0020E5
:104F500038BD2DE9F04115461F469DF81880FEF733
:104F600051FC0446FCF711FCB8F1010F064623D1B1
:104F700054E8003F43F4807344E80032002AF7D13C
:104F800005B354E8002F42F4007244E80023002BDC
:104F9000F7D1FF212046FFF707FF54E8002F48EA2A
:104FA000020244E80023002BF7D13046A560278297
:104FB000BDE8F041FCF7EFBB4FF480712046FFF7EE
:104FC000F3FEDDE74FF400712046FFF7EDFEE0E76A
:104FD00073B5064601200C46FEF714FC0023054677
:104FE0001A46009321463046FFF7B3FF6B6863B162
:104FF0004FF480712046E4F7E1FB55E8003F43F4AD
:10500000007345E80032002AF7D1FCF7BEFB0546E5
:105010002046FEF710FC28B103881BB14FF4007046
:10502000EAF73EF8284602B0BDE87040FCF7B3BB93
:1050300038B505460C46FEF7E5FB83684BB1022107
:1050400020460022984721462846BDE83840FFF711
:10505000BFBF38BD012938B505460C4608D0CC1E67
:10506000012C03D801460120FFF7E2FF012038BDE3
:105070002221FEF73FFC20462946FFF7D9FF0020FA
:10508000F5E708B5FEF7BEFB006800F0F00008BDCC
:1050900010B5014604460120FFF7F3FF20B9214671
:1050A000BDE81040FFF7EDBF10BD70B506460C46D9
:1050B00001460120FEF7A6FB314605460020FEF71B
:1050C000A1FB2B680268014643EA0200C0051ED41A
:1050D0009B0502F4007203D49AB94FF0FF3070BD03
:1050E0002B8A1B1B98B27AB1098A091B89B28842A4
:1050F000A8BF08464FF6FF73984208BF4FF0FF3035
:10510000EDE74FF6FF70EFE74FF6FF71EFE7012095
:10511000E5E72DE9F34104460191014601201546DA
:10512000FEF770FB214606460020FEF76BFB80462B
:105130002046FEF770FB810606D501A806F07CFD2F
:105140000C2002B0BDE8F081FCF71FFB3368074676
:105150009A0503D4D8F800309B0509D50199301D74
:105160008D6006F037FE3846FCF715FB0020E8E7B7
:10517000FCF711FB20460199A847E2E738B5014644
:1051800004460120FEF73EFB05460C3006F054FDB8
:10519000281D06F051FD21460020FEF733FB044692
:1051A0000C3006F049FD201DBDE8384006F044BD36
:1051B00070B5014605460120FEF724FB0646043083
:1051C00006F09EFD044670B14FF400713046FFF7C3
:1051D000EBFD21462846A368984720B12046BDE84C
:1051E0007040FAF75BBD70BD00238260C0E90031FA
:1051F000704708B50B4601461846FEF703FB0068EA
:10520000C0F3402008BDFFF725BFCB1E012B70B5B2
:1052100004460D46164606D81A21FEF76BFB4021C0
:105220002046E4F7CBFA324629462046BDE87040D6
:10523000FFF710BF38B504460D46FEF747FB28B10F
:10524000012D04D122212046FEF754FB002038BD59
:10525000F8B50C468B7907460B44D3F80D60D3F8AC
:1052600011303246E4F70CFF09212046FFF7EFFD2D
:105270002046E6F721F8A579E5F7D6FE0C3566F06D
:10528000FF0625440640C5F80160E5F7CDFE384627
:10529000C5F805102146FFF7D8FD02213846FFF773
:1052A000BEFDF8BD70B50E46054601460020FEF76E
:1052B000A9FA012E044603D0022E11D0012070BDA0
:1052C000C16828468B7919440D31FEF7A0FBE068D0
:1052D000FAF7E4FC00202946E060FFF779FEEDE7ED
:1052E000C068FAF7DBFC0023E360E7E738B50D465A
:1052F000044601460120FEF785FA012D08D100F190
:1053000012012046FEF783FB21462846FFF760FE88
:10531000012038BD08B5FEF77EFAC0F3C00008BD15
:10532000F8B50C460746FFF7F5FF80F00106F6B228
:1053300039463046FEF766FA0546C068012C837987
:1053400003D0022C1BD00120F8BD0C33C4182389D4
:105350003846E288A188FEF732FC6188627849000D
:10536000384689B25200FEF791FAE868FAF796FCDF
:10537000002339463046EB60FFF72AFEE3E7FAF7F1
:105380008DFC0023EB60DEE708B5FEF74CFA00F079
:10539000010008BD38B50C4602210546FEF745FA66
:1053A0000C212046FFF753FD2046E5F785FF4FF01F
:1053B000FF3383700223C3700D2343706FF02F03FC
:1053C00003710523214643712846BDE83840FFF7A5
:1053D0003CBD042910B5044601D0002010BDFFF7E4
:1053E00099FFC0F10200E5F7C5FD0028F5D106F0F0
:1053F000B6FD014608B90220F0E72046E6F76CFA50
:105400000028F8D10120E9E708B5FEF704FAC0F357
:10541000C00008BD2DE9F0410F4604469046FFF755
:10542000F3FF80F00105EDB221462846FEF7EAF9C8
:10543000012F064603D0032F0FD001200BE020469A
:10544000FEF78BFE22212046FEF754FA284621461D
:10545000FFF7EEFD0020BDE8F081C068FAF71EFC02
:1054600000232046F360FEF778FE20465FFA88F1BD
:10547000FEF740FA20462021E4F7A0F9214628460D
:10548000FFF7D6FDD9E737B504460D46FEF7CBF951
:1054900003054CD5022006F062FD0190002848D09B
:1054A000204645B3FFF7B0FF50B105210198FFF743
:1054B000CEFC0198E5F700FF20460199FFF7C5FCF7
:1054C00020462946FEF754FE2046FFF79DFF78B997
:1054D0004FF400612046FEF7A3F906210198FFF77B
:1054E000B6FC0198E5F7E8FE20460199FFF7ADFC10
:1054F000002003B030BDFFF787FF68B10199032397
:1055000006222046FFF7B7FC2046FEF726FE21467E
:105510002846FFF78DFDEBE701A806F08DFB20463E
:105520003D21FEF778FD2046FEF717FEE0E70C2050
:10553000DFE70720DDE7F7B5014604460020FEF768
:1055400061F9054600F112074FF48060E5F712FD9E
:1055500050B92046E4F71CF93A46698B80B203B093
:10556000BDE8F040FFF7D3BA2046E4F711F906464C
:1055700020466D8BFEF74DF9002203460092294626
:105580003A46B0B2FFF7E2FA03B0F0BD83781A2BC7
:1055900009D81B2383700288B2F5A47F07D24FF489
:1055A000A473038007E0FB2BF5D9FB23F2E744F259
:1055B00090239A42F5D87047F0B50446CA798B79A2
:1055C00087B043EA0223ADF80C308B8803A88DF82E
:1055D0000E30CA788B7840F6480543EA0223ADF8CE
:1055E00010300B8805A98DF81230FFF7CFFF04A803
:1055F000FFF7CCFF2046FEF73EFD0B212046FEF7CD
:10560000F4FC44F29023002818BF1D46BDF80C702E
:105610009DF80E30BDF81460BDF810209DF81600FE
:105620009DF81210AF42D4BF00970095FB2BA8BF86
:10563000FB23B242A8BF32468142A8BF01462046A2
:10564000FEF730FB07B0F0BD37B5144605461046EF
:10565000FFF7FDFB2046E5F72FFE01A9044628468B
:10566000FEF709FD0B212846FEF7BFFC6FF004038F
:105670006370002344F29022A37040F64803002890
:1056800018BF1346A4F803309DF80630A4F805307F
:10569000BDF80430A4F8073003B030BDFFF7DABC22
:1056A000022973B505460C4603D00024204602B0FB
:1056B00070BD0521FEF76AFC0028F6D0E4F7A8FBD0
:1056C0001B28F2D94FF40040E5F754FC0028ECD138
:1056D00006F045FC06460028E8D0284601A9FEF75A
:1056E000CAFC314628469DF80630BDF80420E6F78E
:1056F000C7FB0028D9D10124D8E730B190FAA0F037
:105700000123B0FA80F08340D8B2704770B50646E6
:10571000FEF789F880F0400402060546C4F38014C1
:1057200006D408213046FEF746FC08B144F00204D6
:10573000EB0506D40B213046FEF73DFC08B144F0E2
:105740000404204670BD2DE9F843044691460F46F7
:10575000FEF769F8C0F340152046FEF733FB2146FB
:1057600080462846FEF74EF8494606462046FEF794
:10577000C1F898F80110384601F00F0100F0F3F974
:10578000062814BF014600212A462046FEF7BEFA2D
:1057900021462846FFF71CFC20212046FEF748F84A
:1057A00056E8003F43F4805346E80032002AF7D120
:1057B000BDE8F883F8B50E4604461546FEF733F803
:1057C000032EC0F340170DD0042E16D0012E12D197
:1057D00022212046FEF78EF838462146FFF728FCA6
:1057E0000020F8BDEAB200212046FFF7ACFF2146B9
:1057F0003846FFF71DFC0120F3E70C22F3E70129EF
:1058000010B504460BD1FEF70EF82146C0F3401048
:10581000FDF7F8FF0022817C2046FFF794FF01206E
:1058200010BD2DE9F7430F460546FDF7FCFF00F0DC
:105830002009C0F340182846FEF7C4FABB790C33A0
:105840003B445E789B781E400378C3F3030000EA74
:1058500013103040FFF751FF044648B9B9F1000F6B
:1058600006D12846FFF752FF3040FFF746FF0446B7
:105870002846FEF7AAFAE8F7A7F9A04223D01CB3FE
:1058800002212846FDF7E7FF002106462846FEF7DD
:1058900034F918213846FFF7DAFA3846E5F70CFDF7
:1058A000B6B2394644708470A0F803602846FFF70A
:1058B000CCFA23462246294640460096E6F71AFBD4
:1058C00003B0BDE8F08300242646E2E770B5044645
:1058D0000D46FFF7DDFB28B929462046BDE870409C
:1058E000FFF79FBF402829462046BDE870404FF093
:1058F000160314BF2A222322FFF7BDBA38B5054686
:105900000C46FDF790FF830604D42046BDE83840DE
:10591000FAF7C4B921462846BDE83840FFF781BFF1
:1059200073B58C7906460C340C440D46FDF77BFFAD
:10593000A278C0F34010032A14D0052A28BF002201
:105940006378032B10D0052B28BF0023B4F8031075
:1059500000913146E6F7CEFA284602B0BDE8704025
:10596000FAF79CB90022EBE70023EFE708B58B7943
:105970000B441B7B162B03D0172B05D0002008BD32
:10598000FFF7A4FF0120FAE7FFF7B8FFFAE708B531
:105990008B790B441B7B162B03D0182B05D00020D2
:1059A00008BDE6F7D1FA0120FAE7FFF7B9FFFAE7F9
:1059B00070471FB54A1E042A03460C465FD80129CA
:1059C00002D1008804B010BD022905D100885B888F
:1059D000984238BF1846F5E74A00014601A805F08D
:1059E000E8FE032C07D10023ADF80A304FF6FF7311
:1059F000ADF80C3001E0042CF8D0BDF80620BDF85D
:105A00000430934284BFADF80630ADF80420BDF8F1
:105A10000A30BDF80C20934288BFADF80A20BDF8CB
:105A20000A2088BFADF80C30BDF80430934288BF1F
:105A3000ADF80A30BDF80620BDF80C309A4288BF98
:105A4000ADF80630BDF80820BDF80630934284BF9B
:105A5000ADF80830ADF80620BDF80A30BDF80820D2
:105A60009A4288BFADF80830BDF80820BDF806306E
:105A70009A4238BFADF80830BDF80800A2E74FF6EB
:105A8000FF709FE7012804D0022804D030B9E7F75F
:105A9000F7BCE7F7E5BC0020E6F754BC704710B14F
:105AA000012803D070470120E6F74CBC0020FBE73B
:105AB000F7B51F468B1E012B05460C46164613D81C
:105AC000FEF710FC0023CDE90005F01A18BF0120F5
:105AD0001A463946FEF714FC80B1022C0BD1284639
:105AE000E5F76EF9002004E00029F8D0012902D082
:105AF000FF2003B0F0BD2846E5F7A6F90120F8E73E
:105B000070B50D4600219DF810600446817106F1C4
:105B10000C014173111E18BF012103F00F00237BFC
:105B200040EAC11003F04003184320732B469DF850
:105B3000141004F10E00FFF7BBFF237B0E3660F359
:105B4000861323732B686361AB882383A379334463
:105B5000E37170BDC94350E8003F0B4040E800329C
:105B6000002AF8D17047022808D0042803D0012861
:105B700018BF0620704701F00101C81C7047E9F703
:105B800073B80A2802D80130C0B27047242801D85F
:105B90000230F9E7252805D0262805D0272818BF88
:105BA000FF207047002070470C20704708B5E8F7C9
:105BB00087F8BDE808404FF00060E9F771BA08B512
:105BC000E9F758F820B1BDE808401020FFF7EEBF14
:105BD00008BD704770477047704770470020704796
:105BE00070477047704770477047104619467047B6
:105BF00000200021704705F00DBAF2F7A5BF05F0AF
:105C0000C1BA08B5E8F75EFA20B1BDE80840042043
:105C1000FFF7CCBF08BDF0B587B00D4616468DF82E
:105C2000070002B9A3B329469DF80700FEF76EFBF3
:105C30000446B8B929469DF80700FEF76BFB40BB48
:105C400016B39DF80710003918BF012128460DF141
:105C50000F02E8F7CBFEF8B99DF80F40013418BFEA
:105C6000012416E004AF012239460DF10700FEF7CA
:105C70004FFB04464EB19DF80730191E18BF012195
:105C8000002818BF3D46E1E70124FEF72EFB00B9CE
:105C90000124204607B0F0BD4FF0FF34DEE7704727
:105CA0007047024619460020E8F77EBD0020704785
:105CB0000020704707B500214FF0FF336A460846C1
:105CC00000938DF80430E8F705FF03B05DF804FB9E
:105CD00038B50546006805F051FE0446287900F005
:105CE0001F0005F04BFE2044C0B2012894BF0020E5
:105CF000012038BD70477047914270B50D4614467B
:105D00001E4609D2FFF73BFF641B013490FBF4F3FE
:105D100003FB14000544ACB23480FFF730FF338836
:105D20000133B0FBF3F202FB1300049B188070BD3B
:105D30007047704770470120704708B5202000F079
:105D4000F7FE003818BF012008BD08B5FFF7F5FFC2
:105D500020B1BDE80840202000F0F2BE08BD73B5B8
:105D600006460D461446D2B100F0DFFEA84218D810
:105D7000304600F0EFFE01460190A0B100232A4614
:105D8000204605F04FFF01A805F056FF22460220ED
:105D900052F8041B00F08BFE002002B070BD2220E0
:105DA000FBE72120F9E72D20F7E708B5F9F7A8FC74
:105DB00008B1012008BD00F064F8F9F7A9FC00283B
:105DC000F7D1EBF73FFE003818BF0120F2E708B526
:105DD000E9F714F900280CBF0420012008BDE9F7F9
:105DE0001BB90020704730B50446154687B00846F9
:105DF000FEF79BFF122200210DF1060005F000FDC9
:105E0000A368ADF804500293E3680393E38BADF805
:105E10001030238CADF81230FFF7E3FF029B8DF8B2
:105E2000140043F41053029300F0EEFD18B1029BEE
:105E300043F004030293029B01A843F480330293CE
:105E4000E5F7AAF810F0FF0516D1A38C0DF10201B9
:105E5000ADF80030E38C6846ADF8023000F065FD27
:105E6000E9F776F9FEF75FFF012104F0B6FFEAF7E4
:105E70002BFE284607B030BD40F20C40FAE7E9F7A8
:105E800077B9FCF732BCE2F7D3BCC160704741EA96
:105E9000002008B540F49020FCF7B8FE014640B160
:105EA00010F1880F05D0BDE8084040F20740EDF73B
:105EB000F9BB08BD0120704770B50C460646114677
:105EC0001D46E9F71DFA58B144EA06206FEA404042
:105ED0006FEA50402A46BDE8704080B2E9F764B9E5
:105EE00040F2064070BD837901461A0703D50622A9
:105EF0000020E9F78FBA9B0602D506220120F8E7B9
:105F00004FF0FF3070478379532B01D1E9F7B4BAD2
:105F1000FFF7E9BF70B5064614461D46E9F7F0F9EC
:105F200010B90024204670BD41EA06206FEA4040C7
:105F30006FEA50402A46214680B2E9F753F900281B
:105F4000F0D0EEE713B50446E9F7DAF910B900200E
:105F500002B010BD08226B4611462046FFF7DAFF5B
:105F60000828F4D19DF80230002BF0D09DF90300F1
:105F7000013018BF0120EBE710B5E7F74FFF00280D
:105F800014BF03240124E7F759FF08B144F00404C7
:105F9000204610BD704700207047002070475328EE
:105FA00038B505460C4604D1BDE838400846EDF743
:105FB000FDBB0620FAF720F868B96379142D03F0C9
:105FC0003F03637104D0722D08D163F03F03637106
:105FD0000020A57138BD40F20740FBE72120F9E71A
:105FE0004FF0FF33F7B50093ADF804308379DA064C
:105FF0000CD5532B08BF00234FF03F0208BFADF86C
:1060000000308DF8052008BF8DF802300021451EB4
:10601000431D6A46084615F8016F12F8014B9D4270
:1060200006EA040724EA060440EA070041EA0401FC
:10603000F1D110B1081E18BF012003B0F0BD1FB58B
:1060400050F80C4BADF80A3094F87040069BADF850
:1060500006108DF8082040F2035101AA8DF8044083
:10606000039305F01EFD10B906A805F0E5FD04B088
:1060700010BD2DE9F0414FF0000886B004460E46F1
:106080001546CDF80C8000F1440712B303A805F0C3
:10609000D3FD384605F0D0FD84F81C80002332463D
:1060A000009318212B46204600F0D9FE05F58855AF
:1060B000204650F80C3B40F2055193F8703004AA8A
:1060C0008DF81030059505F0ECFC002006B0BDE819
:1060D000F08143691A0710D4A846384605F0CAFD76
:1060E00003460390C0B903A805F0A6FD384605F0A5
:1060F000A3FD0023237755B1D0E723F008034361C4
:1061000003A805F099FD384605F096FD2577204651
:1061100000F021FF0025CBE79979204601F10C0220
:106120001A44B2F801600531B2F803209971314682
:1061300001F066FBCDF80C800028CED00546D2E7F2
:106140002DE9F84F0E4691469A4605469DF828B02F
:1061500010B1037C012B60D0284601F068F830466E
:1061600001F0E1F9002231468046284601F04EFA5E
:106170000746304601F0D0FC42F6052398421CD178
:1061800018F0300F26D1BBF1000F33D018F0200FDC
:106190003FD0BA073FD5EB8B002B38D153464A4648
:1061A0003146284600F009FF0446E8B940F20A41AA
:1061B0002846EE8301F049F816E0284601F0ECF895
:1061C0000028DDD0284601F0FCF80028D8D041F2A4
:1061D000121409E0B907D6D03146284601F0B2FAC8
:1061E0000028D0D000F58854284601F025F8204634
:1061F000BDE8F88F18F0100F0BD0FB070BD55346F6
:106200004A463146284600F0B5FE0446ECE7052430
:10621000EAE72124E8E70224E6E70724E7E72DE997
:10622000F047002586B09DF8389090F81CA00446F1
:106230000F4690460F9E0577B9F1000F09D00A4628
:106240004B465146009600F00AFE284606B0BDE8CF
:10625000F087BAF1080FADF8169026D1458932467D
:10626000043DADB29D424FF002014FF00900A8BFBE
:106270001D4600F085FD0222814605A93046ADF895
:10628000147005F06AFF2A464146304605F065FF66
:106290000546831C3146204689F80130EBF7C0FDE6
:1062A000ADF81650BDF81600D0E7BAF10A0F0DF19F
:1062B00016020CBF0B210D21CDE9016200930122D2
:1062C000434600F0F0FD1A28ECD111233A4651461E
:1062D0002046CDF80090ADF8169000F0C0FDE1E743
:1062E000F0B5002589B01746012204460E460393F7
:1062F000ADF8165001F0B9F98DF81500002846D117
:10630000304601F02AF810B1304601F0E8F8304686
:1063100001F019F9B8B103A805F08EFC204650F839
:106320000C2B237F92F8702040F202518DF8182038
:1063300006AAADF81A608DF81C30ADF81E7005F095
:10634000B0FB09B0F0BD0DF115030DF11602314699
:10635000204601F027FA9DF8153002465BB9BDF8DA
:106360001630BB4235BF0723DB1B8DF81530D21921
:1063700028BFADF81630039B314601939DF81530C8
:1063800020460093BDF81630FFF749FFD9E72A46AB
:10639000F1E770B504460D46164600F0DEFF40B941
:1063A00033462A46214601F02BFA08B100F5885001
:1063B00070BD41F20310FBE71FB550F80C4BADF870
:1063C0000A3094F87040069BADF806108DF808204E
:1063D00040F2015101AA8DF80440039305F061FBDE
:1063E00010B906A805F028FC04B010BD1FB550F880
:1063F0000C4BADF80A3094F87040BDF81830ADF889
:1064000006108DF8082040F2045101AA8DF80440CE
:10641000ADF80C3005F045FB04B010BDF0B5122707
:1064200085B003920777022205460E4601F01DF95A
:10643000044668B103A805F0FFFB00232B77002377
:106440003246009312212346284600F008FD0FE053
:10645000039A304693790333937101F074F848B18D
:10646000039B3A460093314623462846FFF7E7FD53
:1064700005B0F0BD42F6293001F0B5FAB04220D1A6
:10648000039830B903A805F0D7FB00230D242B7720
:10649000D5E705F03DFC80B20128F3D1039B2846E7
:1064A0009A791344197B00F0B2FF044603A805F063
:1064B000C3FB00232B77002CC1D1284600F012FD2E
:1064C000D6E7224631462846039B01F099F9044657
:1064D000EFE72DE9FF410392042204460D4601F047
:1064E000C4F8074628B103A805F0A6FB04B0BDE830
:1064F000F0814FF05208039A284693790333937141
:1065000084F81C8001F01FF8064640B1039B424608
:10651000009329463B462046FFF791FDE6E742F609
:10652000293001F060FAA842039B0BD19A792046EA
:106530001344197B00F06BFF03A805F07DFB0023DB
:106540002377D3E732462946204601F059F9F6E78A
:106550002DE9FF418B7904460C330B44B3F80170ED
:106560000E463846B3F8038000F0D5FF002858D017
:1065700002223946204601F078F80546E8B9384647
:1065800000F0E1FF68B116222277B379394605336E
:10659000B371204643460096FFF751FD04B0BDE8B5
:1065A000F081F9F711FB33461B680135EDB2002B82
:1065B000FAD10635A8421DDC092504F1440005F096
:1065C0003BFB2B463A4616212046009600F047FC3E
:1065D000092DE3D1204650F80C3B40F2055193F8C9
:1065E000703002AA8DF8083041F20913039305F0C8
:1065F00058FAD3E70121304605F07AFD014600281C
:10660000DAD004F1440005F0E5FBB37942460533E6
:10661000B37139463346204604B0BDE8F04100F07E
:1066200070BC0125C9E713B5044641B9443005F0F3
:1066300003FB204602B0BDE8104000F08CBC1822DD
:106640004369027713F0080306D00023194600932C
:10665000FFF7F5FC02B010BD1A46194602B0BDE8BE
:106660001040FFF706BD7FB5C58B04462DB342F63B
:10667000052001F0B8F9A84207D10021204600F01A
:10668000A7FE636923F001036361002640F20A411B
:10669000204600F0E0FD29460DF10E022046ADF83F
:1066A0000E6000F0B3FFBDF80E20034600922946AD
:1066B00002222046FFF79AFEE68304B070BDF7B5CC
:1066C00004461F460E46154600F0B1FD237C012B03
:1066D00058D0237F182B2CD063691B0713D5217F3B
:1066E00016292DD008D8122914D00225204600F0F2
:1066F000A3FD284603B0F0BD18291AD05229F4D1C1
:106700000023237713E0304600F01DFF0028E6D178
:106710002125EBE70023237735B1009332462B4642
:10672000204600F09CFB02E0204600F0DBFB002549
:10673000DCE72A4631462046FFF79BFC0546D5E7B5
:1067400000232377002DE8D105211720BDF8243040
:10675000089A009500F038FB20B911233246122127
:106760000095DDE700F0EDFA6269034642F00802A9
:10677000626182793146053282713A46204600F0E4
:10678000C0FBD4E70725B1E72DE9F041054688B005
:1067900042F6052001F027F9064604A8ECF736F981
:1067A000102205F121010DEB020004F0F2FF50B1BF
:1067B0000121284600F00CFE284601F0C6F96B695D
:1067C00023F001036B6142F60303022003A9ADF835
:1067D0000C30ECF763FA012407464FF0000820461E
:1067E0003A464FF6FF7101F0C3F8044610B908B0FD
:1067F000BDE8F08100F08FFE0134A4B20028EED095
:10680000A64203D131462846E9F784FA21462846B4
:106810000DF10E02ADF80E8000F0F8FE03460028E0
:10682000DDD0BDF80E202146009228460122FFF758
:10683000DDFDD4E708B5ECF7D7F80020E9F7F8FE5E
:10684000002008BD10B90120E9F7E6BF704702201B
:10685000E9F7D8BF0020E9F7D5BF38B50C460546A3
:10686000E4F78EF94379C47523F0030343F003037F
:1068700043710923837104F10C03C371A0F815500F
:10688000153038BD2DE9F3410D4616468046E4F734
:1068900077F905F10C03C3714379044623F0030330
:1068A00043F003034371092301908371A0F815801D
:1068B00000F11507304605F02BFA33460544E5751F
:1068C0003BB901A8314605F085FA384602B0BDE86B
:1068D000F0815A7922F0030242F002025A711B68D9
:1068E000EEE708B5E4F752F983790C33184408BD94
:1068F00008B5E9F7DFFEECF701FDE9F7F7F8EBF78C
:1069000039FFBDE80840FFF7A5BF10B50446EAF718
:106910007DF820B92046BDE81040F9F74FB8204671
:10692000F9F74CF8FFF793FFF1E773B50E4605F062
:10693000E0FD044600BB42F6072001F054F805468E
:10694000D0B10A22B6F900300021002BCBBF0533AD
:10695000053BB3FBF2F393FBF2F35BB28DF8073028
:1069600001230DF10702184605F024FC002203461E
:106970002946104600F044FF204602B070BD43088F
:1069800003F05503C01A00F03303C0F3850000F094
:106990003300184400EB101000F00F007047002186
:1069A00010B5421D441E14F8010FFFF7E8FF944292
:1069B0000144F8D1084610BD0E2070470E207047E4
:1069C0000E2070470E20704770477047EBF7A2BA51
:1069D000704708B5ECF7D6FA002008BDECF7F0BD1B
:1069E000EAF7C0BDEBF79EB802F00AB802F00AB8A9
:1069F0007047704770477047E8F7A0BC0F2070479A
:106A00000F207047704770470020704770477047ED
:106A10007047F8B504460F46164613680A461D0A25
:106A20000021043504F0ECFEEDB221222046394667
:106A300005F050F82046294605F0D5F8A2793368CC
:106A40001444E360F8BD7047704770477047704763
:106A5000704702464FF482712020FFF780B9FFF79C
:106A6000C1BF014608B500F03800EAF71FFF78B152
:106A7000D0E901324078C1F3074110F0020F08BF9E
:106A80001346043B53F8040F10B102788A42F9D13F
:106A900008BD38B505460C4604B938BD013C55F86B
:106AA00024301B69002BF7D09847F5E770477047F3
:106AB000F8B543780546DB0701D4EAF739FF00262D
:106AC0006B786F6823F00C0343F002036B7057F888
:106AD00026402CB9202005F10C01F9F729F90FE027
:106AE000A3680136002BF2D0984704460028EED068
:106AF00031463846FFF7CDFF6B7823F002036B7009
:106B00002046F8BD4078C0F340007047437813F04A
:106B10000E0F0CBF01200020704710B5EAF772FF7E
:106B20000446EAF787FF204610BD4FF48270704795
:106B300008B5EAF7BBFEC068003818BF012008BDE1
:106B400008B5EAF7B3FE20B1BDE80840C06805F01B
:106B5000A4B808BD38B5EAF7A9FE044650B1FAF763
:106B600014FE054604F10C0005F084F8044628469E
:106B7000FAF711FE204638BD37B5837901900344FA
:106B80000446D86800F03800EAF790FE054628B9B8
:106B900001A805F051F8022003B030BD204605F0F1
:106BA00055F8FAF7F2FD0446019905F10C0005F0DD
:106BB00011F92046FAF7EFFDE8F72EFA0020EBE78F
:106BC0002DE9F04104461F462502C4F3072305F4CE
:106BD000E06524F47F441D4324F0C704EE1944F01B
:106BE00080048B7944EA16243602B6B20C3334435F
:106BF000084601EB0308CC501146FFF7BDFF20B952
:106C00004544EF704046BDE8F0814FF00008F9E7D9
:106C1000427810B50432044601F00400D2B20021DB
:106C200040F0290005F05CFA18B18379226803442A
:106C3000DA6010BD10B50021FFF7EAFF044608B97D
:106C4000002010BD0179FFF797FF0028F8D1A37944
:106C50000C33E018F5E72DE9F04117461A460368B2
:106C600001F004011C0204F4E064C3F307231C4395
:106C700041F02905043406463B462146284605F0E6
:106C800099FA804650B1E1B205F016F83B462A4623
:106C900041463068BDE8F041FFF792BFBDE8F081A2
:106CA0002DE9F341002401F004010768064641F094
:106CB0002905106829461460019004F0C7FF019867
:106CC00005F026F8390201F4E061C7F307273943DC
:106CD00080460122043101A805F07EF930B101A8F7
:106CE00004F0AAFF204602B0BDE8F08143462A46E0
:106CF00001993068FFF764FFF5E77047002307B597
:106D0000CDE9003369468DF802004FF0FF3004F002
:106D100000F903B05DF804FBA0F86E107047012382
:106D20008B4090F87110194380F87110704708B5C6
:106D30000120F8F769FFC0B208BD83790C3318440D
:106D400070471438704710B50446A1F1140004F0E0
:106D5000DFFF201A20EAE07080B210BD70B51C463B
:106D60000D461646FFF7EFFFA04207D322463146F5
:106D7000A5F1140005F0F1F9012070BD0020FCE739
:106D800070B506460D4614467AB90A4620460821D3
:106D900005F0A6F9044690B92A460821292005F0F5
:106DA0009FF9044658B9204670BD104604F044FFD0
:106DB000204605F0C8F808231D44A371E571A379A6
:106DC0000C331C442670EEE72DE9F0411646069A76
:106DD000074688461D46FFF7D3FF0446F0B1143836
:106DE0002A463146069005F0B8F9854217D9069B28
:106DF00006A81C7904F0200404F01EFF74B9424672
:106E00000821292005F06CF92A463146069005F044
:106E1000A4F9854206D906A804F00EFF00242046F6
:106E2000BDE8F081069A93790C33D418D754F6E76D
:106E300011B11439EAF7F4BF1A20704738B50022AF
:106E400004460D4602200321FFF79AFF014608B1D0
:106E5000A0F801502046BDE83840FFF7E9BFF8B57B
:106E600004460F46164605210120069A1D46FFF7E7
:106E700087FF014638B14770468005712046BDE85E
:106E8000F840FFF7D5BFF8BD38B50D4603210446DD
:106E90000846FFF775FFA0F8015001462046BDE8FF
:106EA0003840FFF7C5BF73B50546084611466C89E3
:106EB0001A46641ABDF81830A4B29C4228BF1C467A
:106EC000079B089E00932346FFF77EFF014630B1E3
:106ED0002846348002B0BDE87040FFF7A9BF1A20F1
:106EE00002B070BD012110B5002204461320FFF747
:106EF00047FF014620B12046BDE81040FFF798BF8C
:106F000010BDF7B54489054618460F46164601934D
:106F100004F0FEFE053CA4B2844203DA011B01A882
:106F200004F098FF0521019805F01DF8014628B9E5
:106F300001A804F081FE1A2003B0F0BD83790C3360
:106F4000C2181720C8542846A2F80170A2F803609E
:106F5000EAF766FFF0E7012110B500220446192088
:106F6000FFF70EFF014620B12046BDE81040FFF7B5
:106F70005FBF10BD73B50E46002144890546033C32
:106F8000A4B2A342009128BF234603211B20FFF790
:106F90001BFF014670B1012210F80F3CA0F8016000
:106FA00062F3071300F80F3C284602B0BDE87040BA
:106FB000FFF73EBF1A2002B070BD73B50E46002128
:106FC00044890546033CA4B2A342009128BF23464E
:106FD00003211D20FFF7F8FE014638B1A0F801603B
:106FE000284602B0BDE87040FFF722BF1A2002B069
:106FF00070BD4B88042B07D1836C08885B8998424D
:107000008CBF0020012070470020704710B5044657
:10701000FEF7B2FF0346204009D014F0050006D069
:10702000DB4363F0050323420CBF0120002010BDA9
:10703000002337B580F8723040F6FF73A0F86E3049
:1070400083680446DA040D46C16010D443F48063BB
:107050006A46A36040F203212046CDE9004504F0D2
:1070600020FD00212046EAF717FE03B030BD90F85E
:107070007600EFF731FAA36823F48053E8E773B59D
:107080006E4604464A7930460D460631E8F708FE5A
:1070900096E80300A4F85010090C11F0800FE0648A
:1070A00084F8521004F1530312D00122184605F15E
:1070B0001201E8F7F5FD0C352846FFF770FC28B102
:1070C0000122294604F15A00E8F7EAFD02B070BD3A
:1070D000B4F8501094F85220C4F8530099809A7173
:1070E000E9E71FB590F87420044602F0010301900F
:1070F0008DF808300BB102F002038DF8093094F8D6
:10710000753020468DF80A30039101F0D3FC4FF41E
:10711000017101AA204604F0C4FC2046EAF748FEAB
:1071200004B010BDEAF790BDFFF701BE0A4600218A
:10713000EBF7A6BF13220121EBF7A2BF826838B597
:10714000C2F380320446B0F86E000D46ECF73EF80C
:1071500020B9A3681DB143F40053A36038BD23F4E4
:107160000053FAE7F8B504460E4617461D46E8F701
:1071700051FD2146EAF7F4FC044698B10021FFF7DF
:10718000CEFD3A4631462046F8F7FAFBA36843F0B5
:107190000103A36040F20313A4F8723000232046D9
:1071A0002B60F8BD1A23FAE710B504460B680846B1
:1071B00023608B88A38042B1E8F76AFDA071204666
:1071C000FEF70EFF00B9A07110BD4920F6E78379E4
:1071D0001A0705D413F0100F0CBFFF2001207047D1
:1071E0000020704710B5044660B1806C50B1EBF7D9
:1071F000D5FAA06C0028FAD12046BDE81040032142
:10720000EAF74ABD10BD438907B58B420CD050F850
:107210000C2B40F2014192F87020ADF806308DF849
:10722000042001AA04F03DFC03B05DF804FB4369AF
:1072300043F0040343617047436923F0040343614F
:1072400070474069C0F38000704747F23053002216
:107250000068F8F779BB006804F0C0BB38B5436933
:1072600004469B070D4603D540F20941FFF7F3FFA3
:10727000EAF7F4FD08B1A3691D702046BDE8384067
:1072800040F20941FFF7E1BF07B5027C012A09D0AE
:107290000122027440F20942914206D040F20A42B1
:1072A00091420ED003B05DF804FB4FF4816150F8B9
:1072B0000C3B01AA93F870308DF8043004F0F1FB18
:1072C000F0E750F80C3B01AA93F870308DF80430C9
:1072D000F4E738B522F000430D46114640F2032290
:1072E000934204461AD0B3F5017F09D240F201223D
:1072F000934213D040F20222934209D0002038BDBD
:107300006FF481621344012BF8D8FFF7BDFFF5E756
:1073100000F022F92046FFF737FAEFE763699B0791
:1073200004D540F209412046FFF795FF2846FFF7B4
:1073300059FFE3E708B5EAF75FFC00B1806C08BDD0
:1073400008B500B10068EAF777FC08B9034602E027
:10735000836C002BF7D0184608BD10B5044642F6E2
:107360002A3000F040FB031B5842584110BD022850
:1073700006D142F62A330888C31A5842584170474A
:107380000020704710B5044642F6293000F02BFB70
:10739000031B5842584110BD90F8200000F0010036
:1073A00070471FB504466846EBF730FB102269466C
:1073B00004F1210004F0EDF9B0FA80F0400904B0C6
:1073C00010BD08B5FFF7EDFFB0FA80F0400908BD29
:1073D00070B5044600F1210591B92846EBF716FB7C
:1073E000236893F97500FEF7ADFD78B120682B4650
:1073F000BDE8704010220D2190F97500FEF75CBDCC
:1074000010220021284604F0FBF9E9E770BD38B5E9
:107410000446002390F8202041FA03F0C50703D466
:1074200042FA03F0C0071ED40133082BF4D101F057
:10743000010523682A4384F8202093F97500FEF79C
:1074400081FD40B1234653F8200B01220C2190F915
:107450007500FEF731FD0DB9002038BD0021204632
:10746000FFF7B6FFF8E71320F7E768B13F290AD81E
:1074700000EBA10090F8310001F003014900084140
:1074800000F0030070470020704710B50368044601
:1074900093F97500431C0DD0FEF754FD50B12346FF
:1074A000BDE8104053F8310B10220B2190F9750004
:1074B000FEF702BD10BD10B590F87430DB0706D49E
:1074C00090F97530013314BF0F20052010BD847C66
:1074D000ECF73EF8844234BF0C200020F6E730B5CC
:1074E000044685B06846EBF791FA1021684604F02F
:1074F00076FE2046EBF79CFC6B46C26804AD063274
:107500001C4603CCAC4210605160234602F10802D5
:10751000F6D105B030BD08B5EBF78AFC08B1EBF742
:107520005BFCC0B208BD013810B580B2EBF780FC3F
:10753000044608B9002010BD408800F07FFB0028F9
:10754000F8D0207BF7E708B5EBF772FC18B1007AAA
:10755000C31F5842584108BD70B5054655F8213B38
:10756000044693F97500431C04D12846BDE87040D9
:10757000EBF74CBAFEF7E6FC0028F6D0234653F8AA
:10758000310B10220B2190F97500FEF7C3FC234646
:1075900053F8200B01220C2190F97500FEF7BAFC7C
:1075A00020682B46BDE8704010220D2190F975002F
:1075B000FEF7B0BC01302DE9F04185B228460E46F9
:1075C000EBF736FC42F60217044642F603089CB17C
:1075D0002046EBF701FC78B1204600F03EFBB842B4
:1075E00005D10EB123883380607BBDE8F081204651
:1075F00000F033FB404502D14FF0FF30F5E7013595
:10760000ADB22846EBF714FC0446E0E72DE9F0475D
:1076100007460E4690460D4642F6021942F6030A08
:107620000135ADB22846EBF703FC044678B1EBF721
:10763000D3FB60B1204600F010FB484505D1237A0A
:10764000072B04D10320BDE8F0875045E8D141461F
:107650003046FFF7AFFF431C014604D03846BDE873
:10766000F047FFF702BF0020EDE770B5054608467A
:107670001646EBF7DDFB044608B9012070BDEBF7B9
:10768000ABFB0028F9D0F00713D4B10734D472074C
:1076900002D5A3885B0732D516F0060F31D116F458
:1076A0000060EBD0A38813F4006F14BF0020062005
:1076B000E4E7A388DA0743D513F0700F0AD19806E0
:1076C00010D45806E1D52B6893F975300133DCD11D
:1076D0000820D3E72868FFF7EEFEA388990608D5AF
:1076E0000028CBD12A6892F874209207E9D40520AB
:1076F000C4E70028C2D1E4E7A3889907C7D40320D0
:10770000BCE7A38813F4E06F09D198050FD45B059B
:10771000C5D52B6893F975300133C0D1D8E72868F7
:10772000FFF7C9FEA388990507D50028A6D12A68C6
:1077300092F874209207EAD4D9E700289ED1E6E7B0
:1077400002209BE738B504460846EBF771FB054677
:1077500008B9012038BDEBF73FFB0028F9D0AB8812
:1077600013F4E04F0CD1980412D413F48040F1D0FC
:10777000236893F97500431C58425841C000E9E75B
:107780002068FFF798FEAB88990408D50028E1D15E
:10779000226892F874209207E7D40520DAE70028DF
:1077A000D8D1E2E72DE9F0474FF00009044683F80D
:1077B00000900846A2F80090884616461D46EBF752
:1077C00037FB074620B9012300202B70BDE8F08766
:1077D00074B1EBF701FB0028F5D04046FFF7D2FD6E
:1077E00030B1012385F8009004F120003380EDE7EB
:1077F0002B46324639462046BDE8F047EBF792B8B3
:107800002DE9FF4107460846884616460393EBF7E5
:107810000FFB044638B903A804F00EFA01252846E8
:1078200004B0BDE8F0811FB1EBF7D6FA0028F2D022
:10783000237A072B05D8DFE803F017262F381C170B
:10784000172126BB0398002835D13246257A022D10
:1078500062D0032D64D0012D3BD0002F7FD10025B5
:1078600003A804F0E9F9DAE703A804F0E5F9032531
:10787000D5E703A804F0E0F90625D0E703A804F053
:10788000DBF98025CBE7E3685D88B54209DA03A818
:1078900004F0D2F90725C2E7E3689A88B242F6D32A
:1078A0005D88039840B9024609E0022EEFDC039898
:1078B00068B90246CAE7354604F02AFA82B293193B
:1078C000AB42C3DD03A804F0B7F90D25A7E70225F5
:1078D000F2E7E068063000230399304404F0A2F98F
:1078E000002FBCD0237A032B39D103A804F0A4F9CC
:1078F00000212046EBF756FA68B30588617B3846CD
:10790000FFF7B3FD0122034629463846CDF8008033
:10791000FEF76CFD002582E7E068B3188380D9E7A5
:10792000039B9A79D979891AC9B2481E012810D8BF
:10793000134402291A7B04BF5B7B42EA0322237BA8
:1079400032EA03038CD101233846617BEAF7C0FF9A
:10795000C6E70D2584E708F1FF35ADB2CEE7039BFE
:1079600041460093384633463A7FFEF725FDD1E77E
:10797000884270B504460D46164611D8012838BF16
:1079800001242046EBF754FA10B14388B34208D0E3
:107990000134A4B22046EBF72FFA08B1A542F0D289
:1079A0000024204670BD70B50C4616461D460146A3
:1079B000B8B1B3B1022C01D0102C12D1E0B2EBF768
:1079C0006DF94FF6FF718842024602D141F20A106A
:1079D00070BD3046FFF7CCFF0028F7D0288000208C
:1079E000F6E72120F4E7002307B50122ADF80400F3
:1079F000ADF8063002210DF1060301A8FFF7D3FF11
:107A0000BDF8060003B05DF804FBF8B50F46164656
:107A1000441CA4B22046EBF70BFA10B9013CA0B20B
:107A2000F8BD00F01AF90546304600F0F2F820B132
:107A3000284600F0EEF80028F0D1304600F0E2F8D9
:107A400020B1284600F0DEF80028E7D10134A4B2C6
:107A50002046EBF7D1F908B1BC42DBD94FF6FF70F5
:107A6000DEE72DE9F04F9A4687B08B880D460C88EB
:107A7000814604A90220ADF810309046EBF70EF9CC
:107A8000AB680090A888AF89059300F0BBF838B1C7
:107A9000102F05D105A8EBF7E7F8022808BF022749
:107AA0004FF6FF7B33E02046009AFFF761FF064662
:107AB00080B3AA886988FFF7A8FF04463046FFF71D
:107AC0002AFD00B30DF10F03314648460DF11202B5
:107AD000FFF768FE9DF80F302BB1A8F8006018463C
:107AE00007B0BDE8F08FBDF81220BA420BD13A467C
:107AF0000599019303F04DFE019B20B9A8F80060A1
:107B0000AAF80040EBE75C4504D00134A4B26988D0
:107B1000A142C8D80A23E2E708B5EBF789F9BDE826
:107B2000084000F09AB838B505460846EBF780F9EA
:107B3000044610B94FF6FF7038BD0DB96088FBE7F9
:107B4000EBF74AF90028F9D1F4E770B5044642F69C
:107B50000520FFF748FFB0B10021FFF72BFD0546D8
:107B600001462046FFF781FC06461022002104F161
:107B7000310003F045FE324629462046BDE87040FC
:107B80000023EAF7A5BE70BD7FB504460D4610225E
:107B90000021684603F034FE0026AB575A1C1BD068
:107BA00031462046FFF761FC1946002BB8BFD91CAF
:107BB00004AA02EBA10100F00302584200F0030006
:107BC00003F0030358BF43425B0002FA03F311F8CA
:107BD000102C134301F8103C0136402EDDD16B46CA
:107BE00004F1310504AE1A4603CAB2422860696046
:107BF000134605F10805F6D1204604B0BDE87040F3
:107C0000FFF743BCA0F5205001288CBF00200120C5
:107C1000704742F60303C31A58425841704708B5EB
:107C2000030409D4EBF706F8A0F5205080B2012830
:107C30008CBF0020012008BD0020FCE7020408B52D
:107C400007D4EAF7F7FF42F60303C31A5842584134
:107C500008BD0020FCE7C00B70470346B3F90230B3
:107C60004088002B01DBEAF7E5BF0020704708B52C
:107C7000FFF7F3FFA0F5205080B201288CBF002051
:107C8000012008BD037C012B07D08369187828B137
:107C900012280CBF0020052070470720704710B540
:107CA00004468069143003F0C7FFA069BDE81040A6
:107CB000183003F0C1BF2DE9F0410F4614460546C8
:107CC0001E46FFF7ECFF23463A4608210020D5F870
:107CD000188004F06FFAAA69C8F81400536923B138
:107CE000002054811682BDE8F0811A20FBE71FB501
:107CF0000A468369090C92B29980DA8042F603033E
:107D0000ADF80C300223009303AB02F092FA05B0F9
:107D10005DF804FB70B50446084603F0F9FFA1695D
:107D200086B28A894D8912B1521B96420CDA638958
:107D3000581E80B225B90A78082A04BF043B98B2BD
:107D4000831B5842584170BD0020FCE730B5044603
:107D500054F80C0B8DB09DF8405090F8700042EA3A
:107D600001428DF804001946029203A82A4607959D
:107D700003F01FFD40F20241204601AA03F091FEEC
:107D80000DB030BD10B550F80C4B86B094F8704073
:107D9000ADF80E10ADF8102040F2064103AA019391
:107DA0008DF80C40059303F07CFE10B901A803F098
:107DB00043FF06B010BD37B504460D46FFF76FFF11
:107DC000204640F20941FFF746FA00222046A36907
:107DD00040F207411A7050F80C3B6A4693F8703035
:107DE00001958DF8003003F05CFE03B030BD13B593
:107DF00001910021044602F0C6FA04220023204625
:107E00000DEB0201FFF757FF02B010BDF0B50446BD
:107E10000F461E46154685B052B983691B78072B5D
:107E200030D0082B14BF15460925002E18BF0D258C
:107E30000A9803F06DFFA3699A894AB15B8981B200
:107E4000D21A914204DD92B2891A0AA804F002F80B
:107E5000204650F80C3B40F2054193F8703001AADF
:107E60008DF804300A9BADF806708DF80850ADF817
:107E70000A60039303F015FE10B90AA803F0DCFEB4
:107E800005B0F0BD0B25D0E7B0F80AC02DE9F041F0
:107E9000ACF1020C9C4505460E4617461C4603DD18
:107EA000BDE8F04102F01CBA836922461981002323
:107EB0003946FFF700FF044658B9AB690246314620
:107EC00028460E3302F025FA044610B12846FFF783
:107ED000E6FE2046BDE8F0812DE9F043202A8FB070
:107EE000054617461C4603910BD941F2041421465E
:107EF0002846FFF760FF03A803F09EFE0FB0BDE821
:107F0000F083002B46D10846A2F1060803F000FFDB
:107F10004FF6FF765FFA88F81FFA80F94C4510D3C8
:107F2000AB69DA88B24239D942F60203ADF81430AF
:107F30000223711C0093284605AB89B202F079F93F
:107F400025E023463A46039906A803F06BFEAB6989
:107F5000BDF818609A88B242C7D8DA88B242C4D352
:107F6000BDF81A10BDF81C20B8F1000F09D0284642
:107F7000CDF800800DF11E033C44FFF7E7FEA4B2EC
:107F8000CCE728469E8019815A8102F06BF904469D
:107F90000028B0D041F20A139C42A8D10024A6E7E1
:107FA00070B505460E4611461A46FFF76BFE0446AD
:107FB00070B903462846FFF77EFE044640B93146B5
:107FC0002846FFF794FE044620B12846FFF767FED7
:107FD000204670BD05212846FFF740F9F8E770B547
:107FE00005461E46FFF74EFE044648B9334628466E
:107FF000FFF74AFF044618B90A212846FFF72EF971
:10800000204670BD2DE9F0471C4696B08369019269
:108010001B780646062B03D0102B60D001A81CE06D
:108020000129104614BF4FF010084FF002080392C8
:10803000002C4CD103F06CFE4FF6FF7508F10209DD
:1080400087B2A7420ED8B369DA88AA4237D800248B
:1080500021463046FFF7AFFE03A803F0EDFD16B052
:10806000BDE8F08723464A46039904A803F0DAFDE9
:10807000B369BDF810509A88AA422DD8DB88AB426C
:108080002AD39DF81330282BE1D0B2465AF80C3B86
:10809000424693F870300DF112010DA88DF8303082
:1080A000ADF83250CDF844804C4403F082FB40F2EE
:1080B000044150460CAA03F0F4FCA4B2C1E7691CC9
:1080C000304689B202F085F804460028C4D041F257
:1080D0000A139C42BBD0BBE741F20414B8E7012964
:1080E000104614BF12270427049284BB03F010FE2D
:1080F00042F602184FF6FF7185B2A5420DD8B3695A
:10810000DB888B4221D901314FF6FF72304689B2AC
:1081100002F05FF80446A0B119E023463A460499FC
:108120000CA803F07FFDBDF83220BDF830104245A9
:108130009DF8333007D1B269022330460A32FFF787
:10814000A3FE04A889E7282B06D141F20A14214690
:108150003046FFF730FEF4E73C44A4B2CDE7F0B57B
:10816000836987B003911B780546022B144653D1CF
:1081700008460491002A47D103F0CAFD4FF6FF7666
:1081800087B2A7420DD8A869C288B2422BD8002472
:1081900021462846FFF70FFE04A803F04DFD07B067
:1081A000F0BD04220499234605A803F03BFDAA690B
:1081B000BDF814109088BDF81660814229D3D38889
:1081C000994226D8864224D39E4222D85069927A78
:1081D000837904340C330092034432462846FFF777
:1081E000B5FDA4B2CDE743694089711C019098792F
:1081F00089B20C300344009328464FF4205301F019
:10820000FCFF04460028C7D041F20A139C42BFD1AC
:10821000BDE741F20414BBE703A8BEE7F0B587B0A1
:10822000054617461C46039153B9FFF773FD38B155
:10823000012322462846039900F084F807B0F0BDD8
:10824000A9690B78082B05D8062B44D8032B0FD02F
:1082500003A83DE00E2BFBD1039B0593002C6DD1B1
:10826000002B6BD0224628460989FFF78BFD59E089
:108270000398059018B3ECB9102683794A890C331A
:108280000989034400962846FFF760FDAB69998889
:10829000DA88914217D242F60203ADF81030022379
:1082A0000131009328460DEB060389B201F0C1FFAE
:1082B000044660B141F20A139C4204D101E0002C53
:1082C000F8D141F21F0421462846FFF774FD05A8A6
:1082D00003F0B2FCB2E7039805907CBB70B303F0E7
:1082E00017FD0FB386B2B7421ED2394605A803F078
:1082F000D3FE38B905A803F09FFC1A212846FFF7E2
:108300005AFD9BE78379F61BC2180233918983716A
:10831000AB6900225B89B6B200902846FFF776FD74
:10832000B742E2D92146E9E7AA692846538911896B
:10833000059A00920022FFF769FDF3E705A803F014
:108340007BFCEFE7F0B585B006461F461446039167
:1083500032BB084603F0DCFC054608B3B1690B7874
:108360004A89082B0BD8062B0BD9039B0989304669
:10837000009313462246FFF749FD039401E00E2BBC
:1083800019D0B1694B89EA1892B2B2F5007F4A81DF
:1083900017D82FB13046098901F075FF044628B17E
:1083A0000022234611463046FFF738FF03A803F0AA
:1083B00043FC05B0F0BD3046039B0989FFF7E2FCA2
:1083C000DBE741F20414EBE773B5836901911B7895
:1083D0000446082B15460ED8062B0ED9019E2046C2
:1083E0003146FFF797FC2A46034631462046FFF701
:1083F000A9FF02B070BD0E2BF0D001A803F01CFC49
:10840000F7E730B5836987B003911B780546092BE0
:10841000144611D105915AB9134600910F222146F5
:10842000FFF7F4FC21462846FFF7C5FC07B030BD36
:1084300005A803F001FCF5E703A803F0FDFBF5E751
:108440002DE9F04F87699FB003913F780546052FCE
:1084500016461C4604D8032F16D810D003A867E090
:10846000082FFBD108461391002B00F0C28013A8FF
:1084700003F0E2FB21462846FFF79DFC01E0FFF7F1
:108480002BFD1FB0BDE8F08F202A0846049148D884
:10849000002B40F0A880571F03F03AFC4FF6FF78FE
:1084A000FFB21FFA80FA0DF11C0BA24506D8AB698A
:1084B000DA88424500F28780002434E023463246C1
:1084C00004990BA803F0AEFBAB69BDF82C809A8829
:1084D000424526D8DA88424523D35969F1B9A946DD
:1084E00059F80C1BBDF82F2091F870109DF82E3014
:1084F0008DF84C10ADF84E200DF131013A4615A81B
:108500008DF85030199703F054F940F20341484672
:1085100013AA03F0C6FA3444A4B2C6E75A89102A53
:1085200009D941F2041421462846FFF744FC04A867
:1085300003F082FBA5E70023584603F073FBAB6909
:108540000DF13101102FCDE9051B93F80A902BD1C5
:10855000B9F1020F34D105A8EAF786FB0228DAD177
:108560004A46DDE9051003F014F90028D3D12B4663
:1085700053F80C0BBDF82F1090F870009DF82E20CA
:108580008DF84C00ADF84E108DF8502059464A46F3
:1085900015A80293CDF8649003F00BF9029B40F20A
:1085A0000341184613AAB4E7022F09D1B9F1100FFD
:1085B00006D106A8EAF758FB0228ACD13A46D0E724
:1085C0003A465846CFE742F60303ADF84C30022353
:1085D00008F101010093284613AB89B201F029FE8E
:1085E00004460028A3D041F20A139C423FF464AF32
:1085F00099E759B900210023AA692846938153813C
:10860000118113993246FFF709FE3AE703F080FB28
:1086100016B180B28642EDD1139A9379D118023304
:1086200089899371E7E72DE9F0431C468FB0836990
:1086300003911B780546012B17465BD1084605912F
:1086400003F066FB202F0BD941F204142146284683
:10865000FFF7B1FB05A803F0EFFA0FB0BDE8F08318
:10866000002C42D1059803F053FB4FF6FF76A7F19B
:1086700004081FFA88F81FFA80F95FFA88F8A14504
:1086800005D8AB69DA88B24220D80024DEE7234659
:108690003A46059906A803F0C5FAAB69BDF818106B
:1086A0009A88BDF81A609142CED3DB889942CBD824
:1086B0009642C9D39E42C7D832462846CDF800809C
:1086C00007AB3C44FFF742FBA4B2D8E74FF420537A
:1086D000ADF810300223711C0093284604AB89B218
:1086E00001F0E5FD04460028B4D041F20A139C4293
:1086F000CBD0ABE703A8AEE783691B780A2B02D087
:108700000F3B012B01D8FFF756BB7047F0B585B082
:108710000193836917461A7804460A3A0A9E072A83
:1087200042D8DFE802F00441304141044129019878
:10873000039003F0EDFA85B203A803F07DFA26B1A9
:1087400031462046FFF753FB0FE0A1697A194B89A8
:1087500092B293420BD90A8201F10E032046098995
:1087600001F0D7FD01460028EBD105B0F0BD012195
:10877000204601F008FEF5E72EB91A8A0198BA42A0
:108780000BD04FF48166019B03A8039303F054FAC6
:1087900031462046FFF70FFBE7E7DA89596903F016
:1087A000C2FA0028EDD1EEE701A803F045FADCE7B4
:1087B00038B58269044613780D460D2B12D00F2B65
:1087C00001D00A2B12D1536933B1997902F1140007
:1087D0000B44DD6803F030FA29462046BDE83840F6
:1087E000FFF78ABFBDE83840FFF7E5BA38BD07B5E7
:1087F000002300921B22FFF709FB03B05DF804FB86
:1088000007B583695980009200231D22FFF7FEFA05
:1088100003B05DF804FB08B5FEF78CFD18B1BDE8A8
:108820000840EAF765BB252008BD70B50D46144623
:10883000FEF780FD58B12369022B01D0102B08D11F
:1088400022462946BDE87040DBB2FFF7A9BB2520D0
:1088500070BD2120FCE770B50C4615461E46FEF79C
:1088600069FD30B133462A462146BDE87040FFF726
:10887000B6BB252070BD4B88052B05D108880E2876
:108880008CBF00200120704700207047F8B50546D6
:108890000F46164604210A22002003F021FC02465E
:1088A000B8B1847905210C3403194FF0060C00206F
:1088B0009970D87002F804C013241C7102245F71EF
:1088C0005870D8719C7128461E81BDE8F840E8F7C1
:1088D0001BB8F8BD73B50546104601920C4603F06F
:1088E00017FA042186B2019803F03DFB024628B92D
:1088F00001A803F0A1F91A2002B070BD837901909C
:108900000C33C1184C80C65221462846E7F7FCFFBD
:108910000020F1E72DE9F84F8A4691469846064631
:1089200080B3846814F400442CD1EAF7DBFC1022F5
:1089300083460421204603F0D3FB024620B30521E1
:108940000C2387790C37C519A970EC70C355122315
:108950002B710823AB71BDF828303046EB816C7069
:1089600085F805B0EC71A5F808A0A5F80A90A5F85F
:108970000C80E7F7C9FFB36843F40043B3602046B7
:10898000BDE8F88F0224FAE71A24F8E72DE9F04150
:1089900006468846174604210A22002003F0A0FB61
:1089A0000246B8B1857900240C354319052106200B
:1089B0009970DC7050550120187102205C7098711C
:1089C00083F805803046DC711F81E7F79DFF204664
:1089D000BDE8F0811A20FBE70020704700207047B7
:1089E00007B501A8019203F027F903B05DF804FB75
:1089F0007047002070470F2070470F207047704766
:108A0000EBF76EB9EBF776B910B588B0E9F7F4F883
:108A1000044600284AD090F87200022848D1A36882
:108A200013F4407F2AD094F87320012A32D194F9AC
:108A30007500421C01D1D9052CD594F8743013F07F
:108A4000010327D1CDE90133CDE90433CDE9063364
:108A5000ADF80C30FDF776FAA36888B9DA0519D5B8
:108A6000A06AE16A01AB03C3228E1A802046BDF8DA
:108A7000042004AB0DF10601EAF778FB08B010BD45
:108A8000DB05EDD40A22022194F9750001ABFDF754
:108A900041FAEBE7002345F217021946204600F0A1
:108AA00074F9B0FA80F040094000E7E72120E5E7DB
:108AB0000220E3E738B545F21B020C460B460021C5
:108AC000054600F062F930B92CB121462846BDE8D0
:108AD0003840EAF7C9BD38BD00F086B901F00FBBD8
:108AE00001F018BB10B504464C30FDF70CFA84F8C1
:108AF00075002046BDE8104001F0DCBA10B5044610
:108B0000FDF7D8F902280DD194F8733094F970006C
:108B1000012B14BF0521032184F83210BDE8104059
:108B200001F010BBA36843F40073A36010BD00F014
:108B30008CB938B5037804463E2B0D4604D18378B2
:108B4000052B02D0ED2B0FD038BDB0F80300E9F7AC
:108B500045F820B1B4F80D10621D00F0DCF928468C
:108B6000BDE8384003F068B8B0F80300E9F736F81C
:108B70000028F4D0B4F80D1004F10F03621D00F0CA
:108B8000CDF9ECE7CB0448BF41F48061C160704788
:108B900010B50446006C30B94FF4B07003F069FBB7
:108BA000206420B910BD4FF4B07103F026FBFF2301
:108BB000226C82F85E31A3681B0603D5C023012016
:108BC0001370EFE794F87330012B14BF8023402318
:108BD000F5E710B5044645F21A0102F0FFFE204603
:108BE000BDE8104047F23053002245F21A01F6F773
:108BF000ABBE10B50A4604460821002003F070FA07
:108C000010B1837903441C7310BD38B505460C467A
:108C10000D201121FFF7EDFF024688B1214683792F
:108C200003440D3304F1100051F8044B814243F822
:108C3000044BF9D12846BDE838400621FFF74ABE6B
:108C400038BD38B505460C4604201121FFF7D1FF89
:108C5000024688B12146837903440D3304F11000A4
:108C600051F8044B814243F8044BF9D12846BDE842
:108C700038400621FFF72EBE38BD38B505460C46F4
:108C800003201121FFF7B5FF024688B12146837901
:108C900003440D3304F1100051F8044B814243F8B2
:108CA000044BF9D12846BDE838400621FFF712BE33
:108CB00038BD37B5002205460821104603F010FAEA
:108CC0000446C0B10C2301220DF107018DF80730D5
:108CD00003F043FA296C20225131204603F03DFA7B
:108CE000296C20227131204603F037FA22460621F2
:108CF0002846FFF7EFFD03B030BD08B5D0B2E8F766
:108D00007BFF28B190F8773003F07F0380F877304D
:108D1000012008BD036C4BB983681B0608D490F88A
:108D20007330012B14BF80204020704718787047A3
:108D3000C020704770B50446FFF7ECFFEAF75EFD10
:108D40000D460346002245F2010120469847236C58
:108D500003B11D702846EAF751FD4FF4A0410346C8
:108D600000222046BDE87040184770B515460446FD
:108D700048B1FFF7CFFFEAF741FD2A4603462046F8
:108D8000BDE870401847022070BD114608B51A466C
:108D900021F00041FFF7E9FFB0FA80F0400908BD7B
:108DA00010B4C4691CB95DF8044B018070470023FE
:108DB0005DF8044B1A46FAF788BA08B50B46014627
:108DC0001846F7F719F9003818BF012008BD10B58B
:108DD0000446006838B11A2103F00FFA2068F7F74B
:108DE000EBF80023236010BD30B58BB00D46002298
:108DF00001A9EAF7BDFE044620BB01460D220DF194
:108E00000B0002F0FDFCB5F803206B79ADF80820EB
:108E100006A9019A02A88DF80A30EAF70FFD40F280
:108E20000343BDF81820002818BF1C469DF81A30CF
:108E3000102102A82A80AB7003F0DFF9102106A8E8
:108E400003F0DBF920460BB030BD10B50446EAF75D
:108E5000B3FC04F13400FFF7BAFFA3685A0606D545
:108E600023F0400300212046A360E7F71BFD236C9D
:108E700063B1D3F89400F9F7C9FE0421206C03F024
:108E8000BCF9206CF7F798F80023236410BDF7B500
:108E90000D4669461646EAF76BFE044698B9294620
:108EA0001022009801ABF9F70FFF07461021284662
:108EB00003F095F92FB11021284603F09EF940F2F6
:108EC000074406B13760204603B0F0BD38B504460C
:108ED000C51C03212846FFF770FFC8B9E278637903
:108EE0007AB922791A43F4D003F07F0343F04003A8
:108EF00063715323A3712146BDE83840FF20FFF77B
:108F000073BFFF2AF0D122791A40FF2AE1D0EBE7A4
:108F100040F2074038BD0021E7F7C4BCF8B51D4654
:108F2000836804465B060F4616462DD41A2003F0CC
:108F3000A0F90146606320B92046BDE8F840E7F794
:108F4000B1BC034623F8027B326805F11001C0F87A
:108F5000022072685A602A46636B0A3352F8040B87
:108F60008A4243F8040BF9D11021284603F045F951
:108F7000A36843F0400213F4407FA26004D020466F
:108F8000BDE8F840EAF7FABEF8BD38B504460D462C
:108F900005200221FFF72DFE0246B8B18379062194
:108FA00003445D732046FFF795FC45F4905120463D
:108FB000EAF75AFB94F873302046012B18BF802142
:108FC000BDE8384008BF4021FFF7B4BE38BDB1F559
:108FD000A04F70B504460D4616460AD045F206036A
:108FE000994218D0324629462046BDE87040EBF73A
:108FF00099B8836843F08003836090F87330012B45
:1090000014BF80204020EAF7F9FB002203462046E7
:10901000BDE87040184793791344597C41F490514E
:10902000EAF722FBDEE72DE9F04196B0154605AAE6
:109030001C4606460B4690461D9F01F1200E9446A5
:10904000186859680833ACE8030073456246F6D1E6
:109050002021404603F0C3F80DAB2A469C4605F19B
:10906000200E1D4610685168083203C572452B4614
:10907000F7D12021604603F0B2F8AEB3336C93F819
:109080005D31013B022B2FD89DF8703043F08003F7
:1090900001AA8DF854301546234604F1100C1446ED
:1090A00018685968083303C463452246F7D1102174
:1090B000284603F094F83B46412241462846EAF709
:1090C0001FFC04461021284603F097F84121404632
:1090D00003F093F854B11EB108213046FFF755FF55
:1090E000204616B0BDE8F0810023D1E710213846B4
:1090F00003F075F8002EF3D0224645F211013046F8
:10910000FFF733FEECE72DE9F74390F87370044660
:10911000012F056C04D195F85031002B40F0568199
:1091200095F85C3195F85181032B00F2F180DFE86E
:1091300003F00287AFD418F0010F7CD01121062074
:10914000FFF757FD8146002800F040818679102105
:1091500006440D363046FFF730FE014658B1204632
:109160000821FFF712FF002140F2074003B0BDE8DD
:10917000F043EAF797BAA07CC0F11002304402F045
:109180003FFBFCF797FE022895F95E010BD03246B3
:109190000521E6F7D9F890B10821204603B0BDE8D3
:1091A000F043FFF7F2BE334610220521FCF784FEA0
:1091B00028B1002140F21B40EAF774FAECE7FCF713
:1091C00079FE02280FD1012F0DD004F1180306F10A
:1091D000100256F8041B964243F8041BF9D1A36809
:1091E00043F48073A3604A4606212046FFF772FBD2
:1091F0000B210720FFF7FDFC8146002800F0E680E8
:10920000867995F95E310C36064443F43F430821D4
:10921000A6F80130F01CFFF7D0FD0A22042195F9D1
:109220005E01731CFCF748FE0028C2D14A460621A5
:109230002046FFF74FFB95F85C31013385F85C3130
:1092400018F0020F1FD011210820FFF7D2FC0646AC
:10925000002800F0BB800023817901AA01440D3170
:10926000FF200193FFF713FE40B108212046FFF7CE
:109270008CFE40F207400199EAF714FA32460621C3
:109280002046FFF727FB95F85C31013385F85C3108
:1092900018F0020F1CD008210920FFF7AAFC814614
:1092A000002800F0938086790C360644E6F7AEFC81
:1092B00083794A4683F00803C3F3C00373700368DD
:1092C0000621C6F8023083882046F380FFF702FBB0
:1092D00095F85C31013385F85C3118F0040F12D039
:1092E00011210A20FFF785FC064600286ED0807900
:1092F00010223044AB210D3002F082FA32460621B2
:109300002046FFF7E7FA95F85C31013385F85C31C8
:10931000012F08D0236C93F85031002B56D195F8CB
:109320005C31042B52D1A36C10220B2195F95E0104
:109330003133FCF7C1FD70B140F21B412046EAF722
:1093400093F9012F14BF80214021204603B0BDE8CE
:10935000F043FFF7EFBCA36C01220C2195F95E01ED
:109360002033FCF7A9FD0028E6D1A36C10220D21C3
:1093700095F95E012133FCF79FFD0028DCD108221E
:1093800095F95E01114604F11003FCF795FD0028E4
:10939000D2D1236C93F85E2184F87520FF2283F8E4
:1093A0005E21D3F858315B0603D404F14C00FDF77D
:1093B00005FBFCF77FFD022808BFA368204604BF19
:1093C00043F48073A360EAF727F9BAE703B0BDE876
:1093D000F083EAF7FFBE70B5B1F5A04F044615461D
:1093E00088B07BD045F21B06B14240F00E8190F868
:1093F0007430DB076AD5056CB5F850312BB14C21C0
:10940000FFF798FC002008B070BDD5F858315E0712
:109410004BD5AB79D80748D56B7BD90745D5A36C1D
:1094200010220B2195F95E013133FCF745FD38B16F
:1094300040F21B412046EAF717F940F21B40E2E7F1
:10944000A36C206C01220C2190F95E012033FCF703
:1094500033FD0028ECD1A36C206C10220D2190F973
:109460005E012133FCF728FD0028E1D10822206CA1
:10947000114690F95E0104F11003FCF71DFD002870
:10948000D6D104F14C00FDF799FA236C93F85E21D4
:1094900084F87520FF2283F85E2120464021FFF7E3
:1094A00049FC2046EAF7B8F8ACE705F5987304F1F3
:1094B000180205F5A07553F8041BAB4242F8041BD3
:1094C000F9D1A36843F48073A360E6E74021FFF776
:1094D00031FC29462046EAF7C7F893E7036CD3F836
:1094E000582112F0040255D00022CDE90122ADF836
:1094F0000C209A79D2073FD55B7BDB073CD5FCF784
:10950000D9FC0228206C0CD000F59872032190F948
:109510005E01E5F719FF78B308212046FFF735FD16
:109520008BE700F598731022032190F95E01FCF798
:10953000C3FC28B1002140F21B40EAF7B3F8EBE787
:10954000206C102200F59873052190F95E01FCF75C
:10955000B3FC0028EED1236C04F1180103F59872D6
:1095600003F5A07352F8040B9A4241F8040BF9D1A9
:10957000A36843F48073A3600023BDF80420CDE901
:109580000433CDE906330DF1060104AB2046E9F7BB
:10959000EDFD37E7D3F8B810C3F8D010D3F8BC10FE
:1095A0000092C3F8D410006C694600F59870EAF791
:1095B00093FA48B10098F9F729FB20460821FFF7F4
:1095C000E4FC40F207401EE7206C009A00F5987119
:1095D000C830EAF733F905460028EBD10098F9F7CF
:1095E00015FB236CA07C03F59873C0F1100229468B
:1095F000184402F005F92A46CDE90155CDE9045594
:10960000CDE9065504AB01A9C0E708B0BDE870403C
:10961000EAF788BD2DE9F04796B01D46DDE92297AF
:1096200005AB06460C469E46DDF8908002F1100A16
:109630009C46106851680832ACE803005245634606
:10964000F6D17046102102F0CAFD09AA2B469446B5
:1096500005F1100E154618685968083303C573459F
:109660002A46F7D16046102102F0B9FD0DAA9446B2
:109670001E9B03F1100E154618685968083303C580
:1096800073452A46F7D16046102102F0A8FD9DF8E7
:109690007C30D9F800008DF844309DF880300621E8
:1096A0008DF845309DF8843012908DF8463099F849
:1096B000063012A883F00803C3F3C0038DF84730C7
:1096C000B9F80430ADF84C3002F089FDBB790621C1
:1096D00083F00803C3F3C0038DF84E303B680DF1EF
:1096E0004F00CDF84F30BB8804F11007ADF8533070
:1096F00002F075FD01AA23461546144618685968FC
:10970000083303C4BB422246F7D11021284602F099
:1097100066FD4346412205A92846EAF7F1F80446CA
:109720001021284602F069FD412105A802F065FDDF
:1097300034B108213046FFF728FC16B0BDE8F087A9
:109740004046102102F04BFD224645F213013046FF
:10975000FFF70BFBF1E72DE9F0419CB0154608AA95
:109760001C4606460B469046239F01F1200E944668
:10977000186859680833ACE8030073456246F6D1AF
:109780002021404602F02BFD10AB2A469C4605F1F5
:10979000200E1D4610685168083203C572452B46DD
:1097A000F7D16046202102F01AFD18AA9446229BA8
:1097B00003F1100E154618685968083303C5734540
:1097C0002A46F7D16046102102F009FD04AA23467B
:1097D000154604F1100C144618685968083303C480
:1097E00063452246F7D11021284602F0F8FC6B466B
:1097F000502241462846EAF783F8044610212846BD
:1098000002F0FBFC5021404602F0F7FC34B1082185
:109810003046FFF7BAFB1CB0BDE8F081039B384629
:109820003B60042102F0DBFC6846102102F0E5FCFD
:10983000224645F214013046FFF797FAEBE72DE98F
:10984000F3411D46089B04468846164690F87370FF
:109850005BB110211046FFF7B0FA30B10821204665
:1098600002B0BDE8F041FFF790BB236C013E691EDA
:1098700003F1100013F8012F16F801CF834282EA9A
:109880000C0201F8012FF5D10023404601A90193F4
:10989000EAF722F948B10198F9F7B8F9082120460A
:1098A000FFF773FB02B0BDE8F08129462846019A14
:1098B000E9F7C4FF0028EED1022F0CBF00230623D6
:1098C00004F159022B4404F15F0012F8016F19787A
:1098D000904281EA060103F8011BF6D1022F14BF62
:1098E0000023062304F152022B4404F1580012F81D
:1098F000016F1978904281EA060103F8011BF6D145
:1099000029462846019AE9F799FF05460198002D56
:10991000C2D1F9F77BF92A4645F210012046FFF73C
:1099200024FABFE773B545F20406B1420446154672
:109930000DD045F21006B14222D0B1F5A04F38D17A
:10994000FFF747F9236CD3F85831D90720D5236C9A
:10995000D3F85821D2070BD4AA7998330C32154486
:109960006A1D153552F8041BAA4243F8041BF9D1AD
:10997000216CD1F8583113F004030CD0832104E09A
:10998000016CA831FFF779F985212046FFF7D2F95C
:10999000002002B070BD81F85C31012301F1B802F2
:1099A0000093204601F1A80301F59871FFF747FFE6
:1099B000EEE702B0BDE87040EAF7B4BB45F2100331
:1099C000F0B59942044685B000F087800CD8B1F517
:1099D000A04F1CD045F2050399421DD0204605B08A
:1099E000BDE8F040EAF79EBB45F21103994200F052
:1099F0008D8045F212039942F0D1036C93F85D31EA
:109A0000042B40F2B380052B03D148217BE0FFF704
:109A1000E0F8002005B0F0BD9179036C0C310A44E8
:109A2000511DB833153251F8040B914243F8040B21
:109A3000F9D1256C102205F1C80705F1B8063146A9
:109A4000384601F0A6FE20B904212046FFF79DFA12
:109A5000DFE7D5F8583113F0040332D095F85D31C3
:109A6000042B13D105F1F803039305F598730293C2
:109A700004F15303019304F15A0300933A46334629
:109A8000204605F1D801EAF71DFEC2E705F5A070F2
:109A900005F1110105F1510201900BB1052B06D121
:109AA0000023009320463346FFF7BDFAB1E795F84F
:109AB0005C01D5F82C31C34003F0010343F080036F
:109AC000EFE785F85C3132460093204605F5A07338
:109AD00005F59871FFF7B3FE9BE7056C102205F1C1
:109AE000A80105F5A07001F054FE0028ACD14B216F
:109AF000D5F858319B0742BF94F8743043F0020305
:109B000084F874302046FFF715F982E7056C1022BF
:109B100005F1A80105F5A07001F03BFE002893D1E6
:109B200095F85D31013B022B0FD895F85C3101337C
:109B3000DBB2142B85F85C3107D0D5F858314321BE
:109B400023F00103C5F85831DCE705F1F80303936E
:109B500005F59873029304F15303019304F15A033A
:109B6000009305F1C80205F1B80389E74921CAE766
:109B7000B1F5A04F70B50446154607D045F204066E
:109B8000B1420CD0BDE87040EAF7CCBAFFF721F83B
:109B9000236CD3F85831D90701D4002070BD236C51
:109BA000D3F85821D20718D4AA79A8330C32154417
:109BB0006A1D153552F8041BAA4243F8041BF9D15B
:109BC000206C102200F1A801983001F0E2FD20B9CC
:109BD00004212046FFF7D9F9DFE7206C1021C830B7
:109BE000FFF7EBF858B108212046FFF7CEF940F215
:109BF00007400021E9F756FD40F20740CEE7216C0F
:109C00002046C831FFF71DF847212046FFF792F89C
:109C1000C3E7B1F5A04F70B50346144607D045F22F
:109C20001806B14207D0BDE87040EAF77BBAFEF7EC
:109C3000D0FF002070BD1268551C03D10121FFF731
:109C4000A4F9F6E7016CD1F85801400743BF0022A0
:109C500081F85C212268C1F8302148BFC1F82C216D
:109C600018464321FFF766F8E3E7B1F5A04F70B55A
:109C70001346044607D045F20406B14207D0BDE8BA
:109C80007040EAF74FBAFEF7A4FF002070BD997943
:109C9000026C0C310B44591DA832153351F8040BDA
:109CA000994242F8040BF9D1256C102205F1A80164
:109CB00005F1980001F06DFD20B904212046FFF761
:109CC00064F9E2E7204605F1C801FEF7BAFF472133
:109CD0002046FFF72FF8D8E7B1F5A04F13B504469B
:109CE0000ED0A1F5A043103B012B45D8016C983153
:109CF000FEF7C3FF44212046FFF71CF8002017E0C1
:109D0000016CD1F8583101F1C80213F0040328D0D6
:109D100010211046FFF751F860B108212046FFF7E7
:109D200034F940F207400021E9F7BCFC40F207405B
:109D300002B010BD216C204601F19803019391F807
:109D40005C21D1F82C31D34003F0010343F08003B0
:109D5000009301F1110201F1C8035131FFF763F9DA
:109D6000CCE781F85C310123009301F1980301F500
:109D70009871FFF764FDC1E702B0BDE81040EAF753
:109D8000D1B9B1F5A04F73B5044615467BD045F265
:109D90001B06B14240F0FA8090F87430DB076AD5B8
:109DA000056CB5F850312BB18921FEF7C3FF0020B7
:109DB00002B070BDD5F858315E074BD5AB79D807E6
:109DC00048D56B7BD90745D5A36C10220B2195F99B
:109DD0005E013133FCF770F838B140F21B41204688
:109DE000E9F742FC40F21B40E2E7A36C206C012241
:109DF0000C2190F95E012033FCF75EF80028ECD1CD
:109E0000A36C206C10220D2190F95E012133FCF728
:109E100053F80028E1D10822206C114690F95E0128
:109E200004F11003FCF748F80028D6D104F14C00E7
:109E3000FCF7C4FD236C93F85E2184F87520FF22A3
:109E400083F85E2120468021FEF774FF2046E9F763
:109E5000E3FBACE705F5987304F1180205F5A0756E
:109E600053F8041BAB4242F8041BF9D1A36843F436
:109E70008073A360E6E78021FEF75CFF2946204659
:109E8000E9F7F2FB93E7036CD3F8582112F00402D0
:109E900045D09A79D2078AD55B7BDB0787D5FCF75B
:109EA00009F80228206C0ED000F59872032190F971
:109EB0005E01E5F749FA00283FF479AF0821204612
:109EC000FFF763F88EE700F598731022032190F9ED
:109ED0005E01FBF7F1FF28B1002140F21B40E9F7DA
:109EE000E1FBEBE7206C102200F59873052190F957
:109EF0005E01FBF7E1FF0028EED1236C04F11801AD
:109F000003F5987203F5A07352F8040B9A4241F8D6
:109F1000040BF9D1A36843F48073A36047E7D3F837
:109F2000B810C3F8D010D3F8BC100192C3F8D41005
:109F3000006C01A900F59870E9F7CEFD48B10198D1
:109F4000F8F764FE20460821FFF71FF840F20740AB
:109F50002EE7206C019A00F59871C830E9F76EFC85
:109F600005460198002DEBD1F8F750FE236CA07C3C
:109F700003F598732946C0F11002184401F040FC23
:109F8000216C2046B831FEF75CFE10E702B0BDE858
:109F90007040EAF7C7B8B1F5A04FF7B5044608D04E
:109FA00045F21105A94236D003B0BDE8F040EAF70A
:109FB000B9B8006C1021B830FEF7FFFE60B108217F
:109FC0002046FEF7E2FF40F207400021E9F76AFB76
:109FD00040F2074003B0F0BD256C95F85D6105F1D6
:109FE000A807013E022E01979CBFD5F82C0195F8D9
:109FF0005C6105F151019EBFF04000F0010040F0AE
:10A000008000009005F11102204605F1B803FFF72A
:10A010000AF80020DEE7016CA831FEF72EFE85214C
:10A020002046FEF787FEF4E770B545F20406B1421C
:10A030000446134625D045F21806B14206D0B1F5C4
:10A04000A04F33D1FEF7C5FD002070BD11684D1C37
:10A0500003D10121FEF799FFF6E7026CD2F858010F
:10A06000400743BF002182F85C111B68C2F8301121
:10A0700020464FF0840148BFC2F82C31FEF75AFE4B
:10A08000E2E79979026C0C310B44591D9832153373
:10A0900051F8040B994242F8040BF9D1226CD2F822
:10A0A000583143F00103C2F85831CDE7BDE87040A4
:10A0B000EAF738B8002310B50364044690F9750038
:10A0C000431C13D0E5F7EAFC082204F11003114603
:10A0D00094F97500FBF71EFF94F91330012B07D19B
:10A0E00094F8743043F0020384F87430002010BDFB
:10A0F000022BFBD194F8743043F00A03F4E74B8849
:10A10000062B05D1088841288CBF0020012070470C
:10A110000020704707B58B790A460B440191197CE2
:10A120004B1E0D2B04D801F5A0410131FEF71DFE99
:10A1300001A801F081FD03B05DF804FB7047002029
:10A1400070477047704710B50446806920B1002100
:10A15000E7F7A2FD0023A36110BD91F8393073B574
:10A160005B0706460C4615462DD40846ECF71CF84E
:10A170006B1E042B16D8032D14D0A379142B24D0D6
:10A18000A3697BB90093ADF804308DF80630E5F78C
:10A1900041FD6946E7F7E4FC18B91A25284602B0E4
:10A1A00070BDA061636AE57343F016036362E5F76F
:10A1B000D7FC3046ECF7E6F805460028EED02046FE
:10A1C000FFF7C1FFEAE70225E8E72125E6E70020DF
:10A1D000704770B504460E4615460521002204203E
:10A1E000FCF7CEFD014618B1A0F80160A0F80350BD
:10A1F0002046BDE87040FCF71BBEF7B51D460023A6
:10A20000044600930F46164607210620BDF8243069
:10A21000089AFCF7D9FD014628B1A0F80170A0F812
:10A220000360A0F80550204603B0BDE8F040FCF7FD
:10A23000FFBD73B515461A460023044600930E462B
:10A24000082005219DF81830FCF7BEFD014618B125
:10A25000A0F80160A0F80350204602B0BDE87040AD
:10A26000FCF7E6BD38B5002204460D460A2003215E
:10A27000FCF786FD014608B1A0F801502046BDE874
:10A280003840FCF7D5BD70B504460E46154605218D
:10A2900000220C20FCF774FD014618B1A0F8016003
:10A2A000A0F803502046BDE87040FCF7C1BD73B56F
:10A2B00015461A460023044600930E461020052139
:10A2C0009DF81830FCF780FD014618B1A0F8016038
:10A2D000A0F80350204602B0BDE87040FCF7A8BDCE
:10A2E00073B50E46002144890546033CA4B2A3423F
:10A2F000009128BF234603211220FCF765FD01468B
:10A3000008B1A0F80160284602B0BDE87040FCF733
:10A310008FBD2DE9F3410546984683690F4658697C
:10A32000164601F0F5FC6C8980B2053CA4B284426B
:10A3300028BF0446A8692146143001F0ADFE009004
:10A3400048B105220821002001F0CAFE019030B971
:10A35000684601F071FC1A2002B0BDE8F081009956
:10A3600001A801F037FD1620019A93790C33D1181A
:10A37000D054A8F800402846A1F80170A1F8036065
:10A38000FCF756FDE8E738B5002204460D461820D4
:10A390000221FCF7F5FC014600B145702046BDE8FE
:10A3A0003840FCF745BD70B5857904460C35461933
:10A3B00001F0AEFC625D431E013A9BB21C2A10D82C
:10A3C000DFE802F0110F160F180F290F2F0F400FA3
:10A3D000400F400F330F250F0F0F390F250F3E0F82
:10A3E0003E00002070BD042B14BF01200320F9E7BC
:10A3F000022BF9E743B37278022A0AD0012A23D14B
:10A400000222013B0232B3FBF2F102FB1133002BBB
:10A41000EAE71022F5E713F0030F14BF0120032031
:10A42000E0E78BB17278013BEDE76BB17278032AFC
:10A430000AD9013BE7E7042B34BF01200320D1E711
:10A44000022BF9E70320CDE70120CBE74369406CFD
:10A45000DA1C1438B2FBF0F203EBC203CA1D03335B
:10A46000B2FBF0F2B3FBF0F30132023301EBC201B5
:10A4700000FB0310704738B5446905462146FFF7D5
:10A48000E5FF6A6CE31D143AB3FBF2F3013304EB0E
:10A49000C304204438BD73B506460D460024F36B53
:10A4A000012201A928195B699847019B013309D151
:10A4B0000434736C62195B426A401A42EFD0204642
:10A4C00002B070BD0024FAE770B505460C46D9F716
:10A4D000A9FEEB6B2046DB68BDE87040184770B5FD
:10A4E000002586B004460562E369AB4202D8206AC3
:10A4F00006B070BD666C0522206801A9E36B06FBFF
:10A5000005005B69984701A800F010FC00F033FCDF
:10A5100010B1236A013323620135E5E738B50446FB
:10A52000456C006804F1400305FB0101E06B00F09D
:10A530002FFC05462046FFF7D2FF284638BDF0B570
:10A54000054687B00026EC69013CB44203D80C46AE
:10A55000204607B0F0BD01B14C1E6F6C0522286883
:10A5600001A9EB6B07FB04005B69984701A800F0A9
:10A57000DDFB00F000FC0028EAD101362146E2E7CD
:10A58000F0B5044687B0466C0D4600680522E36BC3
:10A5900001A906FB05005B69984701A800F0C6FB0E
:10A5A00000F0E9FB20B101A800F097FB07B0F0BD77
:10A5B00029462046FFF7C3FF676C0646E36B206819
:10A5C00005225B6901A907FB0600984701A800F076
:10A5D00084FB431CEAD0B54238BF0130E6E72DE9E1
:10A5E000F043D0F824804FF6FF7987B004460E463A
:10A5F000C84514BF454600250027E369BB4202D881
:10A6000007B0BDE8F083E26B01A92368606CD2F863
:10A6100014C0052200FB0530E04701A800F086FBCE
:10A62000022806D0C8450CD1721C29462046FFF7E7
:10A6300075FF0135E3690137B5FBF3F203FB1255F2
:10A64000DBE729462046FFF79BFFB0F1FF3F14BF31
:10A65000024632460132E8E70368F0B5CC1A436C93
:10A6600087B006460025B4FBF3F4F36937685A1E39
:10A67000706C954208D3706C336800FB043007B0EF
:10A68000BDE8F04000F082BB013401A9B4FBF3F255
:10A6900003FB1244F36B05225B6900FB04709847CF
:10A6A00001A800F043FB00F066FB0028E3D1013570
:10A6B000DBE710B423F003049B07436C2244C3F18F
:10A6C00000030A4418BF043282EA0104234203D083
:10A6D0005DF8044BFFF7C0BF10465DF8044B7047B0
:10A6E0002DE9F041D0E90A3686B004469E4228D1D1
:10A6F000C3691422456802FB1355284606B0BDE81D
:10A70000F081206801A9676C331AE26BB3FBF7F3A1
:10A71000D2F8148007FB03000522C04701A800F00F
:10A7200005FB012804D0636C1D44013B3340ED1A46
:10A7300031462046FFF790FF0646A36AB342E0D1B8
:10A74000DBE70025F9E7F0B5002587B004462E4683
:10A75000E369B34202D8284607B0F0BD636C052216
:10A76000276801A903FB0677E36B38465B699847C6
:10A7700001A800F0DBFA00F0FEFA58B1384600F00C
:10A7800005FB01462046FFF786FE636C143B8342BF
:10A7900008BF01350136DBE708B508301346D1E9BB
:10A7A0000012EDF78DFB012008BD13B50C4600210A
:10A7B00021760093134661682246ECF70BF918B135
:10A7C000E37D03B1A07EA075A07D02B010BD73B57E
:10A7D00000F1080516460C460DF1070209682846E7
:10A7E00000F0A1F9032E06D16368834203D12168EA
:10A7F000284600F07FF9012002B070BDD01E009BFA
:10A8000042424241187E824211D11A688A420ED8D1
:10A810005A688A420BD35A6901325A61D3E903025A
:10A8200082423FBF986840F8221001321A6101202D
:10A830007047032A10B5029C07D1A26A5340626C8C
:10A840005242134201D100F055F9012010BD08B564
:10A85000C36800209847BDE80840D9F7EBBC012841
:10A8600070B514BF04200220002442431C70CC7D2C
:10A87000101D02F002024CB91AB1012220F00300AF
:10A880001A7000F108034868184470BD1AB101221B
:10A8900020F003001A700C7E002301F12005DAB2CB
:10A8A000944201D80020F0E735F833205E1C824244
:10A8B00006D901EBC30300F10802D8691044E4E7AC
:10A8C000801A3346EBE773B590F8426005461C46A4
:10A8D0000DF103033046FFF7C2FFEB6B012E5B69FE
:10A8E0000DD1324601A998479DF8033013B1BDF848
:10A8F00006300193BDF80430236002B070BD012220
:10A90000214602B0BDE870401847F0B50546002466
:10A9100087B04868EB6B27460E4601225B6902A9A7
:10A9200008300294984795F84230012B40F084801B
:10A93000632C02D9029807B0F0BD612C08D805AB92
:10A94000224631462846FFF7BEFF9DF814301BB360
:10A9500005AB2246314628468DF81070FFF7B3FF4D
:10A9600095F84230012B059B55D14FF6FF7293426B
:10A9700000F09680082205A904A800F05EF9059B66
:10A980009DF81010C3F30722914240F08980DBB29A
:10A99000029A1A44029283E095F84230012B30D19A
:10A9A00003AB224631462846FFF78DFF04AB621CFD
:10A9B00031462846FFF787FF05ABA21C31462846E3
:10A9C000FFF781FF102208230DF107000DEB0201B4
:10A9D0008DF8073000F031F9102205A90DF10700BC
:10A9E00000F02BF9039BDAB2002A52D19DF8072020
:10A9F000B2EB132F4DD1DDE9043203EB0243029396
:10AA000047E0302C2BD944E09DF80720B2EB134FE0
:10AA10003FD1049BF3E7013342D0102205A90DEB8F
:10AA2000020000F00AF9059B9DF81010C3F30742DD
:10AA3000914235D19BB2ABE7312C3FF67BAF87D04B
:10AA400005AB224631462846FFF73DFFBDF81430DE
:10AA5000002B7FF47DAF95F84230012BA0D003ABE3
:10AA6000224631462846FFF72EFF04AB621C3146D2
:10AA70002846FFF728FF102320220DF107000DEBD9
:10AA800003018DF8073000F0D8F8039B9AB2002A32
:10AA9000BAD095F84230012B14BF012302231C4485
:10AAA000013440E713B500240194049C0094ECF7B2
:10AAB00025FB02B010BD13B501240194049C009441
:10AAC000ECF71CFB02B010BD30B5002344684FF01A
:10AAD000FF329C4202D10023037230BD016801EBBA
:10AAE000C30541F8332001336A60F2E7C0E9001280
:10AAF000FFF7EABFF0B5002345689D4210D0046817
:10AB0000DF0054F8332004EBC306B2F1FF3F08D056
:10AB1000C2F31302914204D14FF0FF33E35173604B
:10AB2000F0BD0133E9E7F0B5002345689D4202D14D
:10AB30004FF0FF300EE00468DE0054F83340671C2D
:10AB400009D0C4F31307B94205D1240D147003686A
:10AB500033445868F0BD0133E8E713B500230446D9
:10AB600001461B220DF107008DF8073000F065F853
:10AB700022689DF80730B3EBD26F0CBF0120002094
:10AB800002B010BD13B500230446014620220DF18A
:10AB900007008DF8073000F050F80DF107001A2279
:10ABA000211D00F04AF862689DF80730B3EB926F00
:10ABB0000CBF0120002002B010BD0068431C5842A9
:10ABC00058417047006810F07E0F0CBFC0F3C160A1
:10ABD000002070470068C0F3D3107047006800F091
:10ABE0007F0001288CBF002001207047036813F00C
:10ABF0007E0F14BF042008207047036813F07E0FF7
:10AC000003D1406820F07C40704713F078001CBFEF
:10AC100003F07F03D81F7047006800F07F00704783
:10AC2000032809D0022803D1C1F10201C8B270473C
:10AC300000290CBF0720002070471F2A0B689EBF09
:10AC40004FF0FF3191408B43590801F055315B1AA9
:10AC500003F033319B0803F033330B44017803EBEB
:10AC600013130A444FF0013103F00F334B43A2EBAF
:10AC700013620270704737B501F10C040546436951
:10AC80006946012220469847BDF80030012201A9FB
:10AC900001932046AB69984703B030BD37B501F149
:10ACA0000C04436901226946054620469847009BEB
:10ACB0004FF6FF7299B291420DD11B0C012201A9EE
:10ACC00020461B0443F4254343F0A5030193AB69DD
:10ACD000984703B030BD0020FBE737B50446002598
:10ACE0001B22011D0DF107008DF80750FFF7A5FF8E
:10ACF00060689DF80720B2EBD06F03D120F0784058
:10AD000003B030BD0DF107001B2204F108018DF8DE
:10AD10000750FFF792FFA0689DF80730B3EBD06FA4
:10AD200001D1C043EAE74FF0FF30E9E703684BF297
:10AD30009A22B2EB134F10B5044613D19BB2012BEC
:10AD400013D1FFF7CAFF01300CD0E0684FF6FF7255
:10AD5000B2EB104F4FEA104309D180B2C01A18BFAE
:10AD6000012010BD2368013303D00420F9E702203D
:10AD7000F7E70320F5E701288CBF0020012070478A
:10AD8000033801288CBF0020012070471430704721
:10AD90002DE9F04105469846036908460E461746D8
:10ADA0009847044638B943463A4631462846EDF7B7
:10ADB00063F9044618B131462846FFF75CFF204688
:10ADC000BDE8F081022070470020704701207047E5
:10ADD0000020704700207047704737B504460D4685
:10ADE00001A8EFF76FF901A8FFF7F6FF204601A9C8
:10ADF0008DF80650EDF73AFA03B030BD084611461B
:10AE0000EDF712BB7047431E012B03D9031F5842B5
:10AE1000584170470120704700F0C1BB4FF4C47225
:10AE2000002100F0EDBC10B50446002100F085F8CB
:10AE30002046BDE81040EFF783B8EEF721BCEEF7EF
:10AE400025BCF8B505460E46EDF7B6FAD5F8C03084
:10AE500073B15B6963B1F1F709F8D5F8C03040F21E
:10AE60006B125B6942211B1A58425841EDF784FC72
:10AE700000224FF6FF734FF0240CF768D0B2B842AF
:10AE800008D31C4621462846EDF71EFC00F08AFB3D
:10AE90002046F8BDB1680CFB0011CC899C4202D25F
:10AEA000002CEFD023460132E8E7EDF70DBC008B14
:10AEB00070470A7838B505461046FFF7A4FF60B121
:10AEC0004C782046FFF79FFF38B12243530704D444
:10AED0002846BDE83840EEF7F9BB012038BDFFF742
:10AEE000E8BF10B504460878FFF78DFF58B14A78DF
:10AEF0001046FFF788FF30B1042A04D02046BDE891
:10AF00001040EEF719BC012010BDFFF7EABFEEF7C5
:10AF100025B90846EFF776BDEEF7A0BA70B504463E
:10AF20000D461646EDF7D0FB30B93246294620468D
:10AF3000BDE87040F2F7F6BD70BDEFF769BAF2F701
:10AF400003B938B5044600200D4600F029FBD4F8BB
:10AF5000D4302BB929462046BDE83840EEF7B8BCBE
:10AF6000022038BD38B5044648880D4600F018FB6D
:10AF7000D4F8D4302BB929462046BDE83840EEF746
:10AF800011BC022038BD00F00CBB00F07FB900F00E
:10AF900012BB38B505460C46F6F7F0FB2B6B1C4090
:10AFA000EB6A2343EB62F6F7EDFB211E18BF01218C
:10AFB0000020490238BDEEF76DBFEEF7D7B900F0BB
:10AFC000B3B900F0D5B908461146EFF7F3BFEEF775
:10AFD000B3BD00F06FB938B50446154609B100F0AD
:10AFE000E7F925B12046BDE83840EEF79DBE38BDF3
:10AFF00000F0ECB900F0F6B90846F0F723BB10B545
:10B00000044600F08BF820B92046BDE81040EDF76B
:10B010008FBC10BD00F0D3BAF0F7CCBD2DE9FF41D5
:10B02000984604460E461746F6F7AFFB05462046FF
:10B03000FFF7E5FF0A9B3A46029300233146CDE92C
:10B0400000832046EDF7C2FC04462846F6F7A3FB32
:10B05000204604B0BDE8F08138B50446F6F795FB0C
:10B0600005462046FFF7CBFF2046EDF78DFC044652
:10B070002846F6F790FBB4FA84F0400938BD38B59D
:10B080000446F6F782FB05462046FFF7B8FF204648
:10B0900000F053F804462846F6F77DFB204638BDFD
:10B0A00038B50446F6F771FB05462046FFF7A7FFC3
:10B0B000204600F048F804462846F6F76CFB204688
:10B0C00038BD70B504460E46F6F75FFB05462046D0
:10B0D000FFF795FF31462046EDF7C6FC04462846AB
:10B0E000F6F759FB204670BD134607B500228DF8D0
:10B0F00007100DF10700194600F01EFA03B05DF8C5
:10B1000004FB084611461A4600F016BA00207047A4
:10B1100001207047EFF7B2BB00F0B7B9EDF742BBC3
:10B1200010B5F6F732FB044600F015F8EDF760FBBA
:10B130002046BDE81040F6F72EBB024608B5EDF7F5
:10B1400031FB507D08BD024608B5EDF72BFB507D65
:10B1500080F0010008BD00F032BAEEF719BA00F035
:10B160006BB8437C03B108470220704710B5044612
:10B17000EFF7ECFA2046BDE810400321EEF748B89F
:10B18000FFF7F4BF437C0BB1EFF7A6BA022070477C
:10B19000437C0BB1EFF7C4BA0220704738B5447C4A
:10B1A0000D46BCB1053C012C8CBF0024012449682C
:10B1B0002246EFF705FB286890FAA0F0000AF1F7A5
:10B1C00075F8A97A2889224681F00101EFF728FB5A
:10B1D000002038BD0220FCE71FB5ADF808309DF80F
:10B1E0001830CDE9001269468DF80A30FFF7D6FF16
:10B1F00005B05DF804FB0020704700207047022175
:10B200000120EDF74DBD7047436B03F06003402B09
:10B210000DD0602B03D0203B58425841704749B1B4
:10B220000B68012B06D9486940F00100704740F2D5
:10B2300001107047002070470220F0F735BCD0F8AD
:10B24000C8304BB11A68022A06D993F8250028B1F4
:10B250001B6AB3FBF0F07047FFF7EFBD7047D0F803
:10B26000C8207AB11368022B0CD9536A13F47F4FAC
:10B27000C3F3072106D0126ADBB253438B42B3FB00
:10B28000F1F201D2FFF7DBBD104670470346D0F85C
:10B2900004010860B3F8083100208B80704790F8F3
:10B2A00004310E2B14BF807DFF2070474FF4807156
:10B2B000F3F7CCBBF8B507460E468D88EEF7ECF9F0
:10B2C0007F7C0446082F737C4FEAC5051ED1012BF5
:10B2D000014604D80120F2F789F8033502E0002086
:10B2E000F2F784F803230544B371DCB1B5F5803F70
:10B2F00018D84FF22442630902FB05332409B3FB3B
:10B30000F4F300203268D21A3260F8BD053FFFB274
:10B31000012F01468CBF00200120F2F767F8012FB2
:10B32000E0D8DAE70220F0E7084610B510F0030491
:10B3300011461BD13F2B15D9B3FA83F3C3F1190280
:10B34000D2B2062A01D8192B0ED0062A28BF06220F
:10B350000124931DDBB29C40A4B2A14228BF214628
:10B36000EFF7B4FB204610BD2246F1E70024F9E7D1
:10B37000084611F0030110B518D113883F2B15D9D9
:10B38000B3FA83F3C3F11904E4B2062C01D8192BE4
:10B3900003D0062C214628BF062101238C1DE4B2D0
:10B3A000A3401380EFF7B0FB002010BD0120FCE7A5
:10B3B000EDF72ABE10B5144608460121F0F71CFE31
:10B3C0002046BDE810400121F0F716BE10B50A0175
:10B3D0001021F3F727FB0446F3F742FB201E18BFAA
:10B3E000012010BD1021F3F731BBF8B504460E461D
:10B3F0001746F6F7C3F93A4605463146204600F0AF
:10B400007CF904462846F6F7BDF92046F8BD02202F
:10B41000704703207047F0F73FBB10B5EEF7D8FE3A
:10B42000044608B9F2F770FB204610BD38B5044653
:10B430001D46EEF7CDFE28B929462046BDE8384026
:10B44000F2F736BC38BD8021F3F700BB38B50546AE
:10B45000EDF7F8FE04462846EDF7D2FE072811D195
:10B46000D5F8C43024F47F41DB6921F0080103B131
:10B470005B7841EA032141F020012846BDE83840CD
:10B48000EDF7E6BE24F02001F7E7EFF7F7B938B59E
:10B49000054610460C46EFF765FA65B1D5F8C4309D
:10B4A0004BB15B693BB12268013204BF6FF001020E
:10B4B000226022681A60002038BD002070472DE904
:10B4C000F74F01251C469DF830300646019303686E
:10B4D000174603F0070306339D4005F1FF380B467E
:10B4E000A1B1416804EA080BA5EB0B0A41F0005931
:10B4F000524509EB0B0114D95246184600F059F990
:10B5000049467A1B5A44504400F053F9019B2BB131
:10B510003C4448EA050804EA0804F46003B0BDE8C6
:10B52000F08F1846F0E737B5002514460095FFF771
:10B53000C6FF204603B030BD70B50E461546044622
:10B5400008B9002070BD0378042B18D02078EFF7DD
:10B5500037FEB0B923780E2BF3D10EB1FF23337031
:10B56000CDB1FF232B7016E020780130C0B2032844
:10B570002070EBD8EFF724FE0028F5D0E6E7002096
:10B58000F5E71EB12078EFF74FFE30701DB120783F
:10B5900000F009F828700120D4E7EEF715BF7047D6
:10B5A00070477047704710F0FD0F14BF4FF0FF3029
:10B5B0000020C0B27047704700200021704708B5D6
:10B5C000F0F788FABDE80840F0F7C2BA08B5F0F71E
:10B5D00099FABDE80840F0F7BBBA10B50446F0F799
:10B5E00079FA844288BF01F1FF312046BDE810405E
:10B5F00001F00301F0F7ACBA38B50446FFF7DFFFFE
:10B600000546FFF7DCFF431BA342FAD338BD08B55C
:10B6100021B1920000F0CDF8002008BD0120FCE728
:10B620000B0CB3F5384FF7B506460D468FB216D062
:10B630004BF60102934214D04BF60202934212D011
:10B64000B3F5304F14BF04240324D6F8C4300BB133
:10B65000196851B9D6F8C0309BB928680FE00024AA
:10B66000F3E70124F1E70224EFE7234668463A4670
:10B67000F0F7C6FA9DF804300098002BEAD103B029
:10B68000F0BD19680029E8D0234668463A46F0F72D
:10B69000B7FA9DF804300098002BDED1EFE700F0F8
:10B6A0003003202B10B513D110F4E02FC0F3024467
:10B6B0000AD0C0F3C423B3FBF4F410F4C01F18BFC6
:10B6C0006400052C0ED86408F0F762FD604310BDDD
:10B6D0006FF01204C0F382131C4104F00104C4F1A2
:10B6E0000204F1E70424EFE74FF0384359699A69FF
:10B6F00003F500530A405A617047F7B505460F46F7
:10B7000068461146F0F73AFE064698B197B1DDE972
:10B7100000311B0A43EA0163A5FB0343090A05FB49
:10B720000135F0F7A3FB0023024629462046F3F734
:10B73000DFF93860304603B0F0BD03207047704732
:10B7400030B14FF47A735843A0F57A60F1F742BDF7
:10B7500049F64040FAE7F2F7E7BCF2F7E5BCF2F74A
:10B76000E3BCF2F7E1BCF2F7DFBC00228A4202D16F
:10B770004FF0FF30704750F8223093FAA3F30BB923
:10B780000132F3E7B3FA83F000EB42107047002078
:10B7900070470139024410B5904201D1002005E004
:10B7A000037811F8014FA34201D0181B10BD0130DE
:10B7B000F2E70A44431E914200D1704710B511F8D8
:10B7C000014B914203F8014FF9D110BD884210B5E9
:10B7D00001EB020402D98442234607D8431EA1424A
:10B7E00008D011F8012B03F8012FF8E702440146B5
:10B7F0008A4200D110BD13F8014D02F8014DF7E760
:10B8000002440346934200D1704703F8011BF9E755
:10B8100037B5A1FB02244CB911460192F3F7B4FBF2
:10B82000019A054630B9284603B030BD0C220025E8
:10B830000260F8E72146FFF7E3FFF4E770B56822FE
:10B840004D1E0E46554305F17401F3F79DFB04466A
:10B8500040B1002105F16802C0E900160C30A0607B
:10B86000FFF7CEFF204670BD2DE9F8430646884617
:10B8700000F148040027D4E90195B9F1010905D583
:10B880002468002CF7D13846BDE8F883AB89012B3A
:10B8900007D9B5F90E30013303D029463046C047E9
:10B8A00007436835E9E770477047704770B50E4643
:10B8B000B1F90E1096B0144600291D4608DAB6F903
:10B8C0000C3000222A601A0610D44FF480630EE078
:10B8D0006A46F3F74FFE0028F1DB019A02F470424A
:10B8E000A2F500535A425A412A60EEE74023002055
:10B8F000236016B070BD10B50C46B1F90E10F3F709
:10B900005DFE0028ABBF636DA3891B1823F4805331
:10B91000ACBF6365A38110BD2DE9F0411F468B8943
:10B9200005460C46DB05164605D502230022B1F973
:10B930000E10F3F731FEA3893246B4F90E102846F3
:10B9400023F48053A3813B46BDE8F041F3F7F0BDFB
:10B9500010B50C46B1F90E10F3F71EFE431CA38977
:10B9600015BF606523F4805343F48053A38118BF4F
:10B97000A38110BDB1F90E10F3F7ECBD430803F03D
:10B980005533C01A00F03333800800F033301844C8
:10B990004FF0013300EB101000F00F305843000E51
:10B9A000704710B5044678B1036A41696BB180688D
:10B9B00098470023207E63611028636004D82146E5
:10B9C000F4F70AF91123237610BD0029F1D083681A
:10B9D000002BEEDB0846F4F7EFFAEAE7002307B5A1
:10B9E0001A46019101A9F3F73DFF03B05DF804FB8E
:10B9F0001FB5002402949DF81C400194069C0094FD
:10BA0000F3F7B6FE04B010BD13B507240194049CEF
:10BA10000094FFF7EDFF02B010BD002307B50093BF
:10BA2000FFF7F2FF03B05DF804FB03680B600160F1
:10BA300070472DE9F0410E46174600240546006880
:10BA400008B9BDE8F081D0E90083B3420BD1836827
:10BA5000BB4208D154B9C5F80080C368DB0701D5E3
:10BA6000F4F7AAFA204604464046E9E7C4F8008005
:10BA7000F3E7D1E90112FFF7DCBF002370B51A46E6
:10BA8000194605460468F3F7EDFE0CB92C6070BD4D
:10BA9000E3682668DB0702D52046F4F78DFA3446C2
:10BAA000F3E72DE9F8430E461746054610B9002086
:10BAB000BDE8F8830468002CF9D0D4E900893B463E
:10BAC00032462946A068C8470028F1D14446F2E72B
:10BAD0002420704738B5054614460A460021FFF772
:10BAE0008FFE24F01C046B7944F0100443F004032F
:10BAF0002C716B7138BD2DE9F74F1F469DF8303022
:10BB00008A4680460093002850D0002967D00C68F0
:10BB1000002C66D04FF0000BE679A179761AF6B2C8
:10BB2000BE4208D30C31394408EB02094546214492
:10BB3000F61BC84537E02068A346BF1B002835D058
:10BB40000446E9E7AB19994538BFA9EB050632462B
:10BB50002846FFF72EFE009B002B3DD0E279A0790E
:10BB6000F3B237BB1844A071E279A37927689A42EF
:10BB700032D1DAF80030A34208BFCAF80070BBF136
:10BB8000000F01D0CBF800702046F4F787F83C4650
:10BB900035444CB10027A379E67903F10C01F61A7C
:10BBA0002144F6B24D45CDD3A5EB080003B0BDE866
:10BBB000F08F121AD2B2F918914209DA0C302044EF
:10BBC000D21BD21A014438440193FFF7FFFD019BB9
:10BBD000E279D31AE371C7E7A3462468D8E7084699
:10BBE000E4E72046E2E710B5C4790246C4F1450314
:10BBF000D8B2884228BF08460444D47110BD38B575
:10BC00000546C079C0F14504E4B2944288BFD4B27D
:10BC10000C3022462844FFF7CCFDEB792046234424
:10BC2000EB7138BD1FB503910021009103A9FFF707
:10BC300062FF05B05DF804FB38B50446206800B922
:10BC400038BD0568F4F72AF82560F7E7034610B514
:10BC500001F0EC0103B910BD1A7902F013020A4396
:10BC60001A711A1A544254415A7964F300025A71F3
:10BC70001B68EFE710B558B1016802685AB1136844
:10BC800023B15C79E40704D50024146003600846FE
:10BC900010BD0360F1E71346F8E7034658B10020F2
:10BCA000DA7999791B68521A50FA82F01BB15A79E5
:10BCB000D207F5D57047704770B50D460446E8B118
:10BCC00086798E4203D3751A8571012070BDC279C1
:10BCD00006F145039B1ADBB299420FD806F10C011D
:10BCE0000144921BA81BD2B20844FFF76FFD00234A
:10BCF000A371E3791D44AD1BE571E6E70020E5E79C
:10BD00000346006818B102681A6000230360704798
:10BD10000346002003B97047DA7999791B68521AF3
:10BD200050FA82F0F6E72DE9F84F8946144682462C
:10BD3000FFF7EEFF05464846FFF7EAFFA542074634
:10BD400001D3A04208D2BD4208D10024A346A04698
:10BD5000264647B9384604E02746F6E738D24FF082
:10BD6000FF30BDE8F88F5EB99AF806809AF8076050
:10BD7000A6EB080608F10C08D044DAF800A0F6B2E9
:10BD8000BBF1000F0BD199F8064099F807B0ABEB67
:10BD9000040B0C344C44D9F800905FFA8BFB5E45E1
:10BDA000354628BF5D46BD4228BF3D4621462A464E
:10BDB0004046FFF7EEFC0028D3D1A8442C447F1B5B
:10BDC000EDB2761BABEB0505F6B25FFA85FBC0E77B
:10BDD0000120C6E703680BB9016070471A461B686B
:10BDE000002BFBD111607047036803B10B60016049
:10BDF000704739B10B461A461B68002BFBD103680C
:10BE000013600160704770B5046806460D4644B182
:10BE10002046FFF77DFFA84211D8236813B9E379C4
:10BE2000A37170BD20463360F3F738FF3468F4E740
:10BE3000ED1A236820463360F3F730FF3468002D95
:10BE4000EFD0A279E3799B1ADBB2AB42F0D92A4456
:10BE5000A271E6E7F8B5066805460C4646B13046DD
:10BE6000FFF756FFA0421DD8336813B9F379B371B9
:10BE7000F8BD30462B60F3F711FF2E68F4E7064655
:10BE800038460768002FFAD1C2798379D31ADBB21A
:10BE9000A34202D9121BC271EAE7E41AF3F7FEFECD
:10BEA0003EB13760002CE3D028680028E0D000269F
:10BEB000E7E72E60F6E7F8B504460F46BC4200D12E
:10BEC000F8BDA179E5796D1AEDB2C5F14506B6B2B6
:10BED0000EB92468F2E749B10C312A46214404F135
:10BEE0000C00FFF773FC0023E571A3712368BB42CC
:10BEF000EFD05A79D207ECD49979DD79A0796D1A0F
:10BF0000EDB2B54228BF3546E2790C3010440C3111
:10BF10002A4619442044FFF74CFCE379206853FA81
:10BF200085F3E3718379761B53FA85F5C379EDB216
:10BF3000AB42B6B2857103D103682360F3F7AEFE5E
:10BF4000002ED3D1C5E748B10023027943600360D6
:10BF500083604379027143F0040343717047002208
:10BF60001146F3F7F7BE38B504460D46FFF7A4FEB9
:10BF700098B984B12079FFF7F2FF58B1637942791B
:10BF8000C3F3400363F3410245235D1B0460427128
:10BF9000C371857138BD0120EDE72046FAE738B559
:10BFA000036804460D469BB11879FFF7D8FF88B1A6
:10BFB0002368427903605B79C3F3400363F3410272
:10BFC00045235D1B4271C37185712060002038BD1F
:10BFD0000120EAE71920FAE738B50C46054640B3D8
:10BFE000006830B309B9002038BD4AB9C9B2FFF7BB
:10BFF00063FE0028F7D12B689A799871A41A06E09D
:10C00000452918D8C9B2FFF757FE0028EBD1442CB8
:10C0100007D8002CE7D02846E1B2BDE83840FFF74A
:10C02000BEBF45212846FFF7BAFF0028DCD1453CBA
:10C03000EDE72220D8E72120D6E72DE9F84390F854
:10C04000078090F806900446A8EB0907FFB2B942B2
:10C050000D4602D30020BDE8F8830079FFF77FFF8B
:10C0600006460028F6D0A17980790C317F1B29443F
:10C070000C30BAB221443044FFF79BFBF379012026
:10C080003B44F371E37999444D442368A5EB0805DB
:10C09000E57133602660DEE7F8B5076806460D46B1
:10C0A0003C46002305B12CB90BB100221A60346064
:10C0B0003846F8BDE379A2799B1ADBB2AB4207D8C8
:10C0C000E379A2799B1ADBB2ED1A23462468E9E7EB
:10C0D0002046E9B2FFF7B1FF0028F1D10746E7E7B4
:10C0E0005318452B02DCC9B2F3F734BE0020704769
:10C0F000F7B5002605460F4601960DB9019C09E0EB
:10C10000002238461146F3F725FE044628B901A857
:10C11000FFF792FD204603B0F0BDAB798371EA7959
:10C12000C27168796179D21A60F30001617169792D
:10C130006079C1F3400161F34100607103F10C00CB
:10C140002918D2B22044FFF734FB019B03B90194B4
:10C1500006B1346026462D68CFE72DE9F8430D4639
:10C160001446064610B319B3DAB1034699461B6864
:10C17000002BFBD12746C8463A4629464046FFF7E2
:10C180003EFDC145A7EB0007054418BFC9F8008074
:10C1900037B10022B1793079F3F7DCFDC14618B927
:10C1A000E41B2046BDE8F8838046E5E70446F8E74F
:10C1B0000C46F6E737B51546C9B200221C46F3F720
:10C1C000C9FD019040B122462946FFF7C6FF8442CF
:10C1D00002D901A8FFF730FD019803B030BD034636
:10C1E00010B501391A1A914200D810BD445C1A7872
:10C1F00003F8014B42540139F4E70023014488421B
:10C2000000D1704700F8013BF9E738B505460C4608
:10C2100004B938BD013C55F834305B68002BF7D0C9
:10C220009847F5E72DE9F0410446002654F83630EA
:10C230002BB904F10408B34203D100250FE0013605
:10C24000F4E754F833205F1C12685AB158F83300F1
:10C250009047054630B139462046FFF7D6FF2846BD
:10C26000BDE8F0813B46E6E770477047704770478E
:10C270007047F3F783BE704710B5DEF781FC837912
:10C2800000210C33C418E078F4F764F8616800F01A
:10C29000BFFB0446DEF77AFC2246BDE810400023CF
:10C2A0004FF61941F8F751B810B5DEF769FC8379FC
:10C2B00000210C33C418E078F4F74CF8616800F002
:10C2C000B5FB0446DEF762FC2246BDE810400023C1
:10C2D0004FF61A41F8F739B870B5DEF751FC002176
:10C2E00086790446FE20F4F735F80546DFF77EFF31
:10C2F00050B10C24DEF74AFC2246BDE87040002312
:10C3000042F20501F8F721B8DFF7B6FF0028F0D1B7
:10C3100034440F342DB12146284600F097FB002805
:10C32000E7D02046DEF772FD0024E3E72DE9F04177
:10C33000DEF726FC837900250C33C418E678DEF797
:10C340001FFC0768DEF71CFCA6F1FE0359425941A9
:10C3500005603046F3F7FEFF3B462946227900F0A0
:10C36000B1FA0446DEF712FC2B462246BDE8F04146
:10C3700042F23701F7F7E9BF2DE9F041DEF700FCA3
:10C38000837900250C33C418E678DEF7F9FB0768DB
:10C39000DEF7F6FBA6F1FE0359425941056030462F
:10C3A000F3F7D8FF3B462279012100F08BFA0446CF
:10C3B000DEF7ECFB2B462246BDE8F04142F23801A5
:10C3C000F7F7C3BF2DE9F047DEF7DAFB83790C33CB
:10C3D000C418277994F8038027B9B8F1010F27D042
:10C3E000F4F71AFA00260534BE420ADB0025DEF710
:10C3F000CDFB2A46BDE8F047002342F23901F7F7AA
:10C40000A4BF2078B4F80150A0F1FE03594259416D
:10C4100094F803900434F3F79DFF58B12A464B4635
:10C420004146F4F7F5F805460028E0D10136DBE790
:10C430001225DCE74225DAE710B5DEF7A1FB8379A8
:10C4400000210C33C418E078F3F784FF80B1211D7C
:10C4500000F0FCFA00280CBF0C240024DEF796FB49
:10C460002246BDE81040002342F23501F7F76DBFC8
:10C470004224F3E7FE282DE9F84306468946904614
:10C480001F4616D00220FFF76AFD044690B106222F
:10C490001221F7F76DFF1223A57920460C352544AC
:10C4A000AB7085F803902E71A5F80580EF71DEF76B
:10C4B0002DFB0120BDE8F88338B50446F9F7F6FBFB
:10C4C000054658B9C820E2F7AFF9C822022128462C
:10C4D000E2F76AF98442A8BF044624B22046E2F794
:10C4E000A3F9F9F7E3FBBDE83840C8220221E2F7DF
:10C4F0005BB9B0F90020B1F900302DE9F0479A425C
:10C5000004460D4648DCF5F740F98046DDF78CFB24
:10C5100000283ED1E2F73EF98246F9F7C7FBC82270
:10C520000221E2F741F947F6FF73B5F90020814691
:10C530009A4202D1E2F752F9288047F6FF73B4F924
:10C5400000209A4202D1E2F743F92080B5F90000B9
:10C55000FFF7B2FFB4F9003007468342C8BF20801E
:10C56000B4F90000E2F740F9F7F709F9064658B1C7
:10C570005046E2F739F94846E2F756F94046F5F7F2
:10C580000AF93046BDE8F087E2F704F920802F80F1
:10C59000F4E741F20C06F1E72126F2E750E8003F0C
:10C5A0000B4340E80032002AF8D17047C94350E8F5
:10C5B000003F0B4040E80032002AF8D17047431E8C
:10C5C000032B06D8DFE803F00204020403207047BF
:10C5D0000420704738B50446F5F7D7F8D4E91012AF
:10C5E00005462046F3F74AFEE18C228DE060521AA0
:10C5F00040F2712101FB020303F59C5308332846E6
:10C600002361BDE83840F5F7C6B808B52030FFF71C
:10C61000C5FFBDE808404FF08050E2F741BD38B596
:10C620000D4604460830DEF70FFA2946002520465D
:10C63000E0F732FBE06EE56110B1DDF751FBE56636
:10C6400004F15000BDE83840FFF7F6BA38B50446AB
:10C6500019B390F838208AB190F839300133DBB241
:10C660009A4280F8393009D10121FFF7D8FF4FF005
:10C6700080712046BDE83840FFF7C7BF236ADA0360
:10C680000BD5E36B62689B1A002B06DA012120466A
:10C69000FFF7C5FF4FF08061EBE7236A1B0426D448
:10C6A000F9F76DFA1123B0FBF3F303EB0313C01A90
:10C6B00094F9613085B213FA80F0102888BFC5F173
:10C6C00010056DB2083B2B4484F8613020460121EF
:10C6D000E0F7E2FA40F27121E28C63682A4401FB40
:10C6E000023320466360BDE83840E0F785BA002594
:10C6F000ECE72DE9F84F1D46C3690F460446164680
:10C70000DDF830809DF838909DF840B09DF84810D5
:10C710009DF850A0002B40F0D180EB0600F1BE80C8
:10C7200005F00303032B08BF05F0FD0505F0F70531
:10C73000BDF83C30A806A3869DF8540048BF05F01C
:10C74000FC05FFF73CFF47F6FF731BF0020F84F870
:10C750003600A4F8783040F0A4801BF0040F00F0FD
:10C76000A28000F0FD00012814BF0323042394F8E5
:10C770007F209DF8580063F3030284F87F20FFF7C1
:10C780001EFF47F6FF738A0784F83700A4F8883045
:10C7900000F18B804B0740F18A8000F0FD000128FA
:10C7A00014BF0321042194F88F30606E61F30303FA
:10C7B00084F88F30F6F7D6FF00222046216CF3F77D
:10C7C0005DFD40F271237343984279D849F6FF71B9
:10C7D00004F12000FFF7EAFEFF2384F85430BAF199
:10C7E000000F03D0236A43F480532362290705D541
:10C7F00006263746236A43F484132362236A6A07B2
:10C8000023F4C04323620CD419F0010F1CBF43F47E
:10C8100000532362236A19F0020F1CBF43F48043C4
:10C820002362236AA5852B43236204F12E03B8F10A
:10C83000000F3ED0D8F80020C4F82E20B8F804200D
:10C840009A809DF82C30012B03D14FF48061FFF7C3
:10C85000A5FE236A9DF8282023F4407343EA0223AF
:10C860002362F9F78CF994F860309DF84C2084F835
:10C870005F0023F00F03C0F30320034362F30713A9
:10C8800084F860309DF834302046E784268584F8AB
:10C890002A30FFF79FFE0020BDE8F88F01218B466C
:10C8A00046E7022363E7012361E702217BE70121D9
:10C8B00079E7C4F82E80A3F80480CAE70C20EBE7E0
:10C8C0004520E9E72DE9F7438946174604460193D9
:10C8D00030B901A8FFF7B0F9422003B0BDE8F083FA
:10C8E000012920D0022910D089B9C369C3B900F148
:10C8F00040054FF40036236AD9061ED55A0726D5BF
:10C9000001A8FFF799F90020E7E7406E20B901A8D8
:10C91000FFF792F90C20E0E71946F6F724FFDCE771
:10C9200000F14805E5E7C36923B900F144054FF478
:10C930008026E0E700F14C05F9E79B0707D5B9F140
:10C94000000F04D101A8FFF777F91220C5E704F121
:10C95000200840463146FFF729FEF80702D5284651
:10C96000FFF76AF9019921B12846FFF733FA00234E
:10C9700001932868FFF7CCF9236AD90605D51F284B
:10C9800001DC032F16D02846DDE740F272629042A8
:10C9900004DD2846FFF750F907209EE7B9F1000FA4
:10C9A00008D1BF2806DD9A0704D02846FFF744F9CE
:10C9B000452092E72046D4E91212F3F75FFCE369C1
:10C9C0006BB140F27122E38C5343984207D9238D17
:10C9D0008342EAD300F51C70B0FBF2F0E084F4F778
:10C9E000D4FEE36905467BB1BB070DD53146404611
:10C9F000FFF7D4FD6368C3F57A76F9F7FCF8F042E7
:10CA000002D52046E0F764FA2846F4F7C4FE7AE738
:10CA100008B548B1CB0701D4002008BD4FF4001180
:10CA20002030FFF7BBFDF7E74220F6E708B548B135
:10CA3000CB0701D4002008BD4FF400112030FFF7D0
:10CA4000B5FDF7E74220F6E7F3F7FEBE38B5C36958
:10CA500004460D463BB1036A13F0010011D194F86E
:10CA60002430FE2B0CD004F120004FF48001FFF79E
:10CA700095FD01202B68C4F85530AB88A4F85930D7
:10CA800038BD0020FCE7036A10B5044613F46020AB
:10CA900030D09A0307D504F14000FFF7CDF8A36C1E
:10CAA00023640023A364236A5B0307D504F14400D5
:10CAB000FFF7C2F8E36C63640023E3644FF4602182
:10CAC00004F12000FFF772FD2046FFF783FD0120EF
:10CAD00094F8602094F85F3002F00F0143EA0123DC
:10CAE000013384F85F3022F00F02C3F303231A43AB
:10CAF00084F8602010BD10B504465030FFF76AF985
:10CB00002046BDE810404FF00071FFF77EBD10B524
:10CB1000418904468389C2890846F8F727F9E0B1BC
:10CB2000E279531E072B19D86389934216D92289BB
:10CB30009A4213D8237C43B9637C33B9A37C23B9CD
:10CB4000E07C10B9237D0F2B07D9607D1B3000F0EE
:10CB50001F000B288CBF0020012010BD0020FCE727
:10CB600008B5E1F7AFFCBDE808400020E1F718BDCB
:10CB700037B50246136A084603F4007403F400153F
:10CB8000DB0505D47CB9DEF71BF9204603B030BDC8
:10CB90004CB9B5FA85F4D2F8551064090160B2F8C1
:10CBA00059208280F1E7019092F95430B5FA85F46A
:10CBB000009300231A4619461846F7F7A1FB6409AB
:10CBC000E3E700000000000000000000000000009B
:10CBD0000000000000000000000000000000000055
:10CBE000F8B500BFF8BC08BC9E467047F8B500BF5A
:10CBF000F8BC08BC9E46704701B40248844601BC9C
:10CC0000604700BFF10D002001B40248844601BC1A
:10CC1000604700BF990E002001B40248844601BC61
:10CC2000604700BF390D0020000000000000000038
:10CC300000000000000000000000000000000000F4
:10CC400000000000000000000000000000000000E4
:10CC500000000000000000000000000000000000D4
:10CC60007165705F6D736D000000000000000000D2
:10CC7000000000000000000000000000612301002F
:10CC8000A5230100DD0F030004120020DCCC03000B
:10CC900081290100252B0100992B010000000000D3
:10CCA00000000000992801000000000000000000C2
:10CCB00000000000DCCC030005280100A92B0100C6
:10CCC000F924010000000000DCCC0300C92B0100A6
:10CCD000F92A0100892B01000000000018CD030093
:10CCE000F70F0300F30F030009100300AD24010048
:10CCF00000000000812A0100FF0F0300FB0F03006A
:10CD00000000000018CD03000925010049100300B0
:10CD1000D52401000000000000000000E928010007
:10CD20000000000000000000A124010018CD030055
:10CD3000B92501005F100300E92401000000000094
:10CD400018CD0300D92901008F100300371003000C
:10CD5000000000008CCC0300B9240100552901001B
:10CD6000792B010000000000F0CC0300FB0F030052
:10CD7000FF0F03000000000040CD0300FB0F030085
:10CD80008F100300000000002CCD0300892B010050
:10CD9000091003005F100300000000008CCC0300AA
:10CDA000F9240100252B010000000000B4CC030091
:10CDB000A92B010000000000F0CC03003710030095
:10CDC000FF0F03000000000004CD03003710030034
:10CDD0004910030000000000DCCC0300E92401003E
:10CDE000F30F0300AD24010000000000F0CC0300AD
:10CDF000FF0F03000000000040CD03008F10030070
:10CE00000000000018CD0300A12401000000000074
:10CE1000A0CC03000000000004CD0300FB0F0300C2
:10CE20004910030000000000F0CC0300D5240100ED
:10CE3000FF0F030000000000DCCC0300D52401003C
:10CE4000F30F0300AD24010000000000F0CC03004C
:10CE5000D5240100FF0F030000000000DCCC03001C
:10CE6000D5240100F30F0300AD24010000000000F1
:10CE70002CCD0300D52401005F100300000000004A
:10CE8000C8CC0300792B0100992B0100F92A01007D
:10CE90000000000054CD03005529010000000000EF
:10CEA0006D3851443A914392BD4074278956F55FDD
:10CEB000A24E96114FECCEBDC8402D30AC4333BBD3
:10CEC000292B01180500000000E000004252443404
:10CED000313833410041303100342E342E360000D9
:10CEE0004CCF0300220022009CD103000E000E0054
:10CEF0006CD10300030003000300FFFFFFFF0000ED
:10CF00000200011802000A180C0053696C69636F73
:10CF10006E204C61627302000018080062745F5357
:10CF200050433531020000001000F01921B4478F42
:10CF3000A4BFA14F63FDEED6141D1000A24E9611A2
:10CF40004FECCEBDC8402D30AC4333BB01000000D8
:10CF50000108FFFF0000000000CF030002000200F4
:10CF60000108FFFF0500000020000A0003000A007E
:10CF70000008FFFF010000009E0C002004000D00CF
:10CF80000308FFFF0300000002000000050002008C
:10CF90000108FFFF0500000002000B0006000B0067
:10CFA0000108FFFF01000000CC0C00200700020078
:10CFB0000108FFFF050000000A000C0008000C003B
:10CFC0000308FFFF01000000E20C00200900000040
:10CFD0000188FFFF000000003ACF03000A000200B2
:10CFE0000108FFFF05000000120000800B00008018
:10CFF0005158FFFF010000007C0C00200C000D00C8
:10D00000030DFFFF03000000010100000D000200FE
:10D010000108FFFF05000000180001800E000180DC
:10D02000025DFFFF01000000860C00200F000D00D4
:10D03000030DFFFF030000000102000010000000CC
:10D040000108FFFF0000000004CF030011000200F0
:10D050000108FFFF050000000200030012000300AA
:10D060000108FFFF0000000008CF030013000200CA
:10D070000108FFFF05000000020004001400040086
:10D080000108FFFF01000000900C002015000200C5
:10D090000108FFFF05000000020005001600050062
:10D0A0000108FFFF01000000A80C0020170002008B
:10D0B0000108FFFF0500000002000600180006003E
:10D0C0000108FFFF01000000B20C0020190002005F
:10D0D0000108FFFF05000000020007001A0007001A
:10D0E0000108FFFF01000000BE0C00201B00000033
:10D0F0000108FFFF0000000016CF03001C00020023
:10D100000108FFFF05000000020008001D000800E4
:10D110000108FFFF000000001ACF03001E000200FC
:10D120000108FFFF05000000020009001F000900C0
:10D130000108FFFF0000000024CF030020000000D2
:10D140000108FFFF0000000028CF030021000200BB
:10D150000108FFFF05000000080002802200028095
:10D160000208FFFF07000000000000006C38514477
:10D170003A914392BD4074278956F55F6D3851440A
:10D180003A914392BD4074278956F55F636032E05F
:10D19000375EA488534E6DFB6435BFF70028012825
:10D1A0000328292A242A272A262A232A002A012A70
:10D1B000052A2A2B292B0229050000000000000067
:10D1C00080250000800200000010000000000040E8
:10D1D0000000000000000000EA0C00207939010086
:10D1E000C91303002314030035140300C313030001
:10D1F000F20C002079390100C91303002314030045
:10D2000035140300C3130300FA0C00207939010020
:10D21000C91303002314030035140300C3130300D0
:10D22000160D0020AF140300213B0100493B010013
:10D23000D1140300ED1403000500000000000000FD
:10D2400040420F0005010000000000000000000047
:10D250000000000013B779FAC925DDB7ADF3CFE0C0
:10D26000F1B614B80102000000000000FFFFFFFF4C
:10D27000200000000100000000000000000000008D
:10D28000000000000000000000000000000000009E
:10D29000000000000000000000000000000000008E
:10D2A000000000001E000003711503006D1503004F
:10D2B0004B15030049150300E14101007B150300F4
:10D2C000A1410100020000002C000000000201004A
:10D2D0000009007F08D303000100000FE8D203001B
:10D2E0000000000000000000E1FE59FF8FFFADFFCD
:10D2F000C1FFD0FFDCFFE4FFEBFFF2FFF6FFFAFF18
:10D30000FDFF0000030005005500EDFEFF00640076
:10D310001E0000007F001B0DD063FDFF3600B70329
:10D320004DDAFFFF1C005901EC3600001100BD0072
:10D33000C83B00000B0071001435000007004900D5
:10D34000352C0000050037000526000003001400FE
:10D35000FF1400000000000000000000000000407A
:10D360000000000001000000FFFFFFFF00000001BF
:10D37000000000000000000000000000FFFFFFFFB1
:10D38000FFFFFFFFFFFFFFFFFFFFFFFF00000000A9
:10D39000FFFFFFFFFFFFFFFFBCE6FAADA7179E846C
:10D3A000F3B9CAC2FC6325516B17D1F2E12C424795
:10D3B000F8BCE6E563A440F277037D812DEB33A052
:10D3C000F4A13945D898C2964FE342E2FE1A7F9BFA
:10D3D0008EE7EB4A7C0F9E162BCE33576B315ECE19
:10D3E000CBB6406837BF51F5FFFFFFFF00000001DB
:10D3F000000000000000000000000000FFFFFFFF31
:10D40000FFFFFFFFFFFFFFFC5AC635D8AA3A93E79C
:10D41000B3EBBD55769886BC651D06B0CC53B0F60F
:10D420003BCE3C3E27D2604B68D30300C0000000D7
:10D430000000000000001000200000006BC0BCE1F4
:10D440002A459991E134741A7F9E1925AE2D8A5789
:10D450001E03AC9C9EB76FAC45AF8E5130C81C46C6
:10D46000A35CE411E5FBC1191A0A52EFF69F2445AB
:10D47000DF4F9B17AD2B417BE66C37103FF1CAA104
:10D48000681FAC09120ECA307586E1A72B7E1516EF
:10D4900028AED2A6ABF7158809CF4F3C6C5C585428
:10D4A000801024FFFFFFFFFFFFFFFFFFFFFFFFFFD5
:10D4B000FFFFFF000120000000200000000000002E
:10D4C00000000000956901000040025C00000000BF
:10D4D0000000001001030401010109030B0000001A
:10D4E0000B000000020000000000202000000000EF
:10D4F000030000008C8C3C000000000000000000D5
:10D5000000000000012600000400000000000000F0
:10D5100000010000000000000104104001000000B4
:10D52000050002000003000048D7030024D70300D1
:10D53000CCD6030070D7030008D70300F4D603004D
:10D5400000000000000000004E0C00000000000081
:10D5500000000000E0CE030000000000000000001A
:10D560000400000000000000E2FF50005CD7030050
:10D570000000000038D703000000000060D6030060
:10D5800000000000E0D6030000000000E8D6030021
:10D590000000000094D70300BCD503008CD7030023
:10D5A0000000000084D70300000000001CD7030027
:10D5B0000000000000000000000000000400FB006C
:10D5C000505341004B4559000102070B0B07011650
:10D5D0000C00000108080000050108FFFF02FFFF22
:10D5E0000808020204FF010022FFFFFFFFFFFF0304
:10D5F0000404FFFFFFFF2AFFFF1419191B011C156C
:10D60000120400480C14131510801A801280800038
:10D610000F0E0C080C080D18100102040400000085
:10D62000F4010000FA000000960000006400000011
:10D630004B000000320000001E000000140000003B
:10D6400000000000010150004000080050002400CC
:10D6500004009001500240009001AE011000000053
:10D66000ADF7010000000000004972531449720731
:10D67000FF000102030405FF145300724907CDF6B1
:10D68000650B0200C969030031650200CB69030024
:10D69000516A03004B6A0300A5240200338B030088
:10D6A000056A03004D6A03004F6A0300F169030035
:10D6B000476A03009506020045680300E907020077
:10D6C00001020C000000040000000800050000003A
:10D6D000000000000000000000000000000000004A
:10D6E000010B020000000000CD69030000000000F3
:10D6F000A01305000A000000000000000000000068
:10D700000000000000000000090000000000000010
:10D71000000000000000000000000000D3690300CA
:10D72000000000000F0000000000000000000000EA
:10D730000000000000000000DD69030000000000A0
:10D7400000000000000000000100000000000000D8
:10D750000000000000000000000000005D0E02005C
:10D7600000000000A0010107A0000104020408005D
:10D77000060000000000000000000000610F020031
:10D78000450F0200ED69030000000000E969030095
:10D7900000000000A10F020000000000A00306012D
:10D7A000A0090609A0020608A0050607A0050606AE
:10D7B000A0070605A0020604A0010610A00A0602A2
:10D7C000A00D060000000402050306010701010880
:10D7D000090A0000A0015C02A0035C01A0025C0039
:10D7E000A0020F09A0030F04A0030F03A0050F025E
:10D7F000A0010F01A0050F00A0040108A00201056F
:10D80000A0030106A0120100010102042001060587
:10D81000C9120200200D06061D120200200806048F
:10D8200061120200200C0600F11102002004090917
:10D83000F10D020020060904BD0D020020010901BE
:10D84000A50D020020040A04710D020020050A0241
:10D85000410D020020020503150B02002000050502
:10D860004D0B020020010F06110E020020020F01D5
:10D87000410E020020000115090F0200626761706D
:10D88000692062756666657273000100020000001F
:10D8900000000000030102036761747420636F6E6F
:10D8A0006E656374696F6E00000000FB349B5F80DF
:10D8B00000008000100000000000000077880300D6
:10D8C000F36F0300DD8A0300D9890300E69D350E5E
:10D8D000480103CCDBFDF4AC1191F4EFB9A5F9E9F3
:10D8E000A7832C5E2CBE97F2D203B020008BD28986
:10D8F00015D08E1C742430ED8FC24563765C1552B2
:10D900005ABF9A32636DEB2A65499C80DC006C88B3
:10D910008391AAF5A53860370BDB5A6083BE0000FF
:10D9200000010001000501000502020300020000E1
:10D9300000000002050100050000010001000001D7
:10D9400000010202030002000000000002020100C8
:10D9500002000000995802002953020029A0030088
:10D96000979F030025990300015102004D500200CA
:10D97000A54E0200839D0300D3930300BD54020013
:10D980007D4A0200C9480200D99C03006B9C030039
:10D99000139C0300719B0300BD99030049460200DC
:10D9A000754402002D450200D7930300D5410200C3
:10D9B000BF01FB9D4EF3BC36D874F5394138684C35
:10D9C0008BD28915D08E1C742430ED8FC2456376BE
:10D9D0005C15525ABF9A32636DEB2A65499C80DC14
:10D9E000E69D350E480103CCDBFDF4AC1191F4EF5C
:10D9F000B9A5F9E9A7832C5E2CBE97F2D203B0201B
:10DA00003F49F6D4A3C55F3874C9B3E3D2103F5081
:10DA10004AFF607BEB40B7995899B8A6CD3C1ABD38
:10DA2000A0010A05A0030A04A0080A03A0070A022D
:10DA3000A0060A01A0070A00A0030906A00609051E
:10DA4000A0070904A0040903A0050902A006090112
:10DA5000A003090000000D00030002000100050002
:10DA600002020300000000009D810200E581020027
:10DA700091810200F1810200D98102001DB00300F2
:10DA800059B003007FB00300A1B00300C3B003008E
:10DA9000CD950200859502009195020065960200E1
:10DAA00039B20300C5AD0300C9AD0300D5AD030015
:10DAB000CDAD0300D1AD03000000000088010000DF
:10DAC000D80F0020E1FE000002000080FF7F000070
:10DAD0000080FF7F0E025241494C0000A000000070
:10DAE000298D020050000000A18C020000000001FE
:10DAF0000000010100010101D98F0200BD8F020069
:10DB0000F5C402009DC70200D5C602000101020350
:10DB1000000000011F150F15150F151FFFFFFFFF58
:10DB2000FFFFFFFFFFFFFFFFFFFFFFFFFFFFFFFF05
:10DB3000FFFFFFFFFFFFFFFFFFFFFFFF00A801A8A0
:10DB400002A8000000B801B802B800B0600E0400DE
:10DB5000780E0400900E0400A80E0400C00E04000D
:10DB60000304040808050000000000000000000095
:10DB700000000000B8320000F8040000B0370000D8
:10DB800004000000303E0000030000000000000020
:10DB9000B8320000343E000000000000343E0000B7
:10DBA0004100000000000000303E0000853200000F
:10DBB0009D3200009D3200009D3200009D32000029
:10DBC0009D32000000000000000000000000000086
:10DBD000000000009D3200009D3200009D320000D8
:10DBE000112B00009D3200003B2C00004B2C00004C
:10DBF000D12C0000192D00009B2D0000012F0000EA
:10DC0000BB2D0000912F0000072E0000452E0000C4
:10DC1000B92E0000F1300000C53100000D2C0000CD
:10DC200071280000212400008F2800000129000035
:10DC30009D320000D92900009D2900009D3200007E
:10DC40009D320000212A00009D3200009D3200001C
:10DC50009D320000F90F0000E90F000003100000E2
:10DC60000D100000171000008C488068000200D4DE
:10DC7000704780B580208002A8490860CF2000F05E
:10DC80004BFA01BDF8B586480068864C80229203A5
:10DC90002260854E316809051DD5110BA023034074
:10DCA00001D0216017E002403FD180277F4A1760F2
:10DCB0007F4A1760084038D0784D287A400705D54C
:10DCC00001207C49086000027B4908602878002810
:10DCD00001D0062801DB0020F2BD00F057FB71687F
:10DCE00089684E682978052907D1B905A1606E6059
:10DCF000B668CC218901704A116000F050FB012EFA
:10DD000000DA0226BC208005854908609420800541
:10DD10008449086065480021C94301647142416437
:10DD200081490F6040210160D5E7B1480160FFF7EC
:10DD30009BFF0120F2BD5A480168890504D5C06ED9
:10DD40000004000F022801D0002070470120704716
:10DD500038B580245548046000F018FB050073486E
:10DD6000006800F065F9280000F019FBFFF77CFF60
:10DD70004A48007A000705D5A0004A49086000F02B
:10DD8000E6FB31BD60039A490860B048046031BDCC
:10DD9000FEB50500CC2080019649486001269648D2
:10DDA0000660FFF7C8FF002877D03C4C2078002899
:10DDB00073D031020195052802D02A460A406CD161
:10DDC000CC27BF018B4A1760A14A126853075B0F2B
:10DDD000022805D1022B5ED3080137490860F7BD40
:10DDE0004D01032804D1022B55D933480560F7BDF6
:10DDF000042802D111404ED0F7BD05284BD101981F
:10DE0000002848D0C005C10F684641700198C00481
:10DE1000C10F6846017000F0B9FA02906068694667
:10DE20004978002903D006688021214A11602C041A
:10DE300088496A461278002A0CD0C2680B68D21A48
:10DE4000A74B1B68234001D0066800E04668964255
:10DE500000DD1600684640786A461278024308D012
:10DE600008684242B01E824202DA7042886000E0D6
:10DE70000026029800F093FA0198800501D5994890
:10DE800004600198054001D097480460002E02D03C
:10DE900009480760F7BDFFF75BFFF7BD343E0000A0
:10DEA000400002A8402002A8C43E00000CC001A807
:10DEB00090E001A894D000A8505201A838B5802461
:10DEC0008A48046001204C490860894D287805285B
:10DED00002D0600087490860FFF72DFF002812D0AC
:10DEE00012480068000A80214140A868000EC9B2AB
:10DEF000814208D2564800684007400F022802D2EB
:10DF0000FFF726FF31BD7C480168C0220A4002D1DC
:10DF1000C06F204001D00448046031BD1C1002A82D
:10DF200008E001A808D001A894D001A818C000A852
:10DF3000F1B582B00F008026B600A020384002D094
:10DF40006E48066052E000F021FA00906C480468C8
:10DF5000F80202D5A0680069029000F045FBB1020A
:10DF6000606800F06FF9227820000021521C43788D
:10DF7000934200D2002218235343C5180C352B7846
:10DF8000082BF3DA1400027085602878584A107064
:10DF90003E400CD000F0FAF9594909688968CE680A
:10DFA00000F0FDF9F80201D4032086433100504807
:10DFB000816001260846304003D100F0D2FB00F01A
:10DFC0007BFFF104686900F03DF93C2000F0A4F803
:10DFD000E0B200F0A1F8009800F0E1F930054749FF
:10DFE0000860484806603002024908600298FEBD99
:10DFF000401002A84C6201A894E000A810B5424865
:10E000000068800501D4FE2010BDC02080033F4978
:10E01000086000F0BBF93A4909688A78D20702D54E
:10E0200089688C7800E00C7800F0B9F9200010BD08
:10E03000334909688A688B78DB0704D592781823FE
:10E040005A438A180C32906070470000100002A8F2
:10E05000084001A848C001A8F1B582B02C4F3C6827
:10E060000026200F000702D1E00102902AE000F014
:10E0700023FF00F08BF9019080210903606800F014
:10E08000E1F825786D1C6078A84200D20025E800F0
:10E0900020180C300090006802908021090300983D
:10E0A000406800F0CFF83D2000F036F8E8B200F00C
:10E0B00033F825700098A060019800F070F902A86C
:10E0C00000F05EFF13480068800407D5786901F00E
:10E0D00026FC02990818029000D502960298FEBD0F
:10E0E000480002A8481002A8482002A894E001A80D
:10E0F000343E0000506201A814C001A8402002A8CC
:10E10000C83E000090E000A8400002A8401002A80D
:10E11000CC3E0000FC0302A841490968002901D552
:10E12000404908607047F3B581B03F4FB9683F4C34
:10E130004A004CD50125090100D5212501003C4AA2
:10E140001068566822689206920E94463A689300C8
:10E150008022134062461343802252001A430092E9
:10E160000A0023D0890601D5012008E0F0210140F2
:10E1700007D16946097A0C220A4002D0022000F039
:10E180003FF82C49096809040AD53968090701D5FF
:10E19000022605E03968490301D5002600E0032680
:10E1A0004835009A24490968890003E0009A224909
:10E1B000C96909094023194011439A00002E02D071
:10E1C0001643266608352166024322662566E06D01
:10E1D0004407640F00F0C4F8A0070BD0052C09D049
:10E1E000B868000406D400F0D1F80221134A116087
:10E1F00000F0D5F800F0BDF8002000F001F8F7BD00
:10E200000B490A68F0239A43000110430860C0B22A
:10E2100070478020C0020A49086070470000000073
:10E220004C0002A8884000A8440002A8284000A88A
:10E23000683F0000384101A8084001A87CD4035081
:10E24000485000A880B55E4A116001F093FBFFF7CB
:10E25000E0FF01BDFEB500F099F802901020594989
:10E260000860002358480360022058490860584855
:10E27000C0684005C20DD52A01D2D52204E0D120C4
:10E280004000824200D9020010000100514C01946C
:10E29000883C246864011DD54F4C0094251D4F4EC9
:10E2A000367806277E43AA530024019D2D7CE54045
:10E2B000ED070CD5009D06266643AD19AD888FB2DB
:10E2C000BD4200D2290086B2AE4200D22800641CB2
:10E2D000022CEAD389B246310904414C0C4046383D
:10E2E000C005C00D20433A490860C02000063D49E2
:10E2F00008603848017D00290CD03B49D52A02D955
:10E300008024E4050C60D1246400A24202D280245F
:10E3100024060C601021354C216035490B60418882
:10E32000002900D10280029800F039F8F7BD80B5CD
:10E330003048314908603148C1680902090A192288
:10E340005143416005210160FFF784FF01BD2B4867
:10E350000068C00300D4704780B5FFF77BFF01BDA4
:10E360008020C00216490860254800684007FBD499
:10E3700070478020C00223490860704701E02249AD
:10E380000860224909680140F9D1704720480068B7
:10E390002021204A116010211F4A1160704730214E
:10E3A000014002D110201B490860704718480068DE
:10E3B00030210140102901D1012070470020704711
:10E3C000401002A8F41302A8048002A8409002A8FA
:10E3D0007C400050743F0000603E00005C3E000046
:10E3E0000000FF01A0600050A4500050F42302A8D8
:10E3F00018E000E07F1A0601500002A810E000E0DB
:10E40000400002A8402002A8282002A8280002A854
:10E410005C0002A85C2002A85C1002A8FEB54E4871
:10E4200080214902816102214C4A516000214C4AFD
:10E4300011604C4A11800321484A11600221016099
:10E4400049480468202049490860802048490860FC
:10E45000CC208001474908600120474908604048B6
:10E46000806F01900F26000B3040009043480068F9
:10E47000C505ED0D103DC0202843C0B2FFF74CFE8E
:10E48000E00506D50098092803D001F0ABFB01F0A8
:10E49000C7F8019806403A480468032E04D0022EBB
:10E4A00006D10098032833D000F0EAF9032E04D0F7
:10E4B000009806282CD1062D2AD032480068012762
:10E4C000C00B384001D001F07FFD2F4800680001EB
:10E4D00008D5052D06D101252C4807606805FFF7F2
:10E4E0004DFF00E000252100009800F0CBF904006A
:10E4F000274E002D05D000F067FB3760022025492C
:10E5000008607805706580092349086001F04AFBBE
:10E51000124880214902C1610099002908D10221D5
:10E52000416000200E490861C020C0001B490860FE
:10E530002000FEBD80B5FFF713FF19480078800664
:10E5400002D4022017490860FFF713FF01BD022023
:10E5500015490860704700002C1002A8282002A866
:10E56000340002A8703E0000B40002A894E001A8A4
:10E570000CC001A8506201A894E000A804ED00E0DE
:10E58000B44000A800E200E0EC3E0000645000A8A7
:10E59000646000A82C4000A880E200E02C6001A884
:10E5A000C43E0000081002A8082002A87F480068A6
:10E5B000800700D4704730B57D4804218C4A012380
:10E5C000E024E4008568254002D01360D160D36068
:10E5D0000068044002D013605160536030BD85482C
:10E5E000012181600160704710B5012071498A687E
:10E5F0000240FCD1804A0423D3600C680440FCD163
:10E600005360106010BD7D4908680122104200D19E
:10E61000704710B5E023DB000340FF24A41CA34295
:10E6200004D3774B1B689B0600D54868024001D095
:10E6300000F0ABF810BDFEB50700C82071490860B6
:10E6400006207149086080204003704908607048C6
:10E650000168704A0A4080210901114301606E4C33
:10E66000C020C00020600225A56168036B490860D6
:10E670006B4E6C48F0664C206B49C86638686B4935
:10E680008968814201D2019100E001900199401A0C
:10E6900038600121380000F040FB69460870386896
:10E6A000019940183860FFF781FF5F4800685F49B3
:10E6B00008605F480168490601D55E4900E05E498F
:10E6C000316769460978002908D10321E1610068B2
:10E6D0003068054002D080208002206168460078C2
:10E6E000FEBDF8B50400554D8020C0012860544897
:10E6F00001218162534A11601F2303605623436640
:10E7000006230366504B1B68002B02D408230366C4
:10E7100043664E4B0365C023DB004D4E3668F82739
:10E72000FF01374001D1836700E05361E86B01408E
:10E7300008D0286BC00705D446480078800701D46C
:10E7400001F0E0FC444845490860FFF72FFF200036
:10E7500001F084FD286B8001FCD4286AC849086058
:10E76000F1BD3F4801214161C1603E4A3E4B5366C5
:10E77000364B13650323036000203C4B1860116087
:10E780009162C8032D4908607047F0210901384A99
:10E79000116001403748016020203749086037493F
:10E7A00009680840B7490860704700004C0002A89B
:10E7B0006C0102A8700102A880B5B3480821B34AD1
:10E7C00013680B4001D0016141611178C90602D57F
:10E7D000862109010160FFF716FF1420AC4908608B
:10E7E000AC480168490701D0FF21416101BD00002B
:10E7F000681102A86C2102A8682102A8783F0000D5
:10E80000400002A8548001A80C9001A8942002A8FE
:10E81000680102A8FFF1FFFF441102A8A01002A89E
:10E82000E40002A8294E0600300002A8A03F000024
:10E83000FC0302A8CC3F0000C43F0000100002A867
:10E84000E01002A8442102A828C000A80C1E000065
:10E85000A88001A83C3E0000FFFF7F7FB46000A8B5
:10E86000602102A8E02002A85E060000400102A884
:10E870002C6001A82C5001A8442002A8084001A83F
:10E8800070470000F8B586B005000C008248866A23
:10E89000FFF77CFD0590B00503D580480068FFF7C1
:10E8A000C7FB0020029001227306DB0F7C498E68B3
:10E8B0008860B82040007B4F38606708B820384037
:10E8C0000978F0270F40402F02D101004020084373
:10E8D0000D2D02D1310004260E43710704D501002D
:10E8E0001420084310218C43AC4909686D462A70F6
:10E8F0000493019605006C4FC80506D580204000A2
:10E90000A24908602800012505430498002811D178
:10E910000C20284008280DD028005F49496BCA0602
:10E9200001D410229043890601D420218843B121CB
:10E9300001405AD068460078002859D0B86DC0040C
:10E94000C00C792809D38025062053490860680245
:10E95000A14908600020694608708120284049D0FC
:10E9600008200499002900D13862019908430190D8
:10E970001020844304200390000598490860400853
:10E980009749086001209749086068460078002888
:10E990002ED00398062833D39348806BC0062FD51A
:10E9A00092480068000E02908F480668B6B28F4801
:10E9B000006A000603D0300080267601064301F08D
:10E9C00060F8002809D0FB2080010078C00604D040
:10E9D00030008026F6010643B6B23E61301238613F
:10E9E0006E480168C80587D40AE0082039460862E5
:10E9F000009531E08FA06906C90E405C0390C4E722
:10EA0000009503982449CB6A784A12683D686E469F
:10EA1000B58128251D400543980CC00128431D00E1
:10EA20001B0E2B4010252B4003439000402210402A
:10EA3000184303AA9070086B000A03A9C870FFF777
:10EA4000DDFA03A908710298487169480068C88016
:10EA50000398F8660498F8660598FFF7A0FC08206C
:10EA6000610601D55D498860624908600198C1B2BC
:10EA70000098C0B2FFF757FB200007B0F0BD0000C0
:10EA80009C3F0000441002A8301102A8F84F00007B
:10EA9000703F00000C4000A8180002A81CC000A88D
:10EAA000683F0000B46000A8540000AAF8B5524FB7
:10EAB000524C0F2501265249606BC00621D501201A
:10EAC00008705048006850490A68824204D2896937
:10EAD0005118491C081A00E0101A4C4909684018DE
:10EAE000012852DB01F05EFE49490968090B0D401F
:10EAF000022D48D17105474A11601021F963266043
:10EB000041E0E06BC00026D543480068E02189055C
:10EB100001403AD03E4C41480068C00504D420680A
:10EB2000000B28400228F5D03D480668FFF72EFC70
:10EB30003C49F2B20A603204120E0A603202120E2E
:10EB40000A60320E0A60FFF72AFC2068000B28409A
:10EB50000228DFD0F1BD344C2068002815D00E709B
:10EB600001F07CFB002810D101F01CFE2849096847
:10EB7000090B0D40022D06D13104264A11600221F5
:10EB800039600021216001F011FEF1BD1C2100AAB5
:10EB90008020800425490860704700001C0100AAFD
:10EBA000802040042149086070478020C0041F492C
:10EBB00008607047802000051C490860704780206D
:10EBC00040051A490860704719480168490701D093
:10EBD000FF21416170470000141100AA401002A8F3
:10EBE000205001A8006101A81C4000A8084001A80D
:10EBF000448001A8845000A8082002A8100002A8A0
:10EC0000733E00001CC101A820C001A8DC3E00002A
:10EC1000AC0002A81C1002A8204001A8084000A8CF
:10EC2000904000A8640000AA483E0000382002A8D6
:10EC30000C4000A8030107060301070605010606AC
:10EC4000050106060302070603020706050206067B
:10EC500005020606FF2807D0032805D2AC4909782B
:10EC6000C140C807C00F704700207047F8B580202A
:10EC7000000200908E48038808208E4908600A220E
:10EC800001200124944000990C43A249B6A5AD5C33
:10EC900025438D60F025A04E3560864DB5A6B65C47
:10ECA000022737432F6004262E60814D9B4E366825
:10ECB000064008D12E88F61AB6B2012E03D88E6C03
:10ECC0003603F3D401E00220F2BD8D6CCE6C6D03EF
:10ECD0006D0BAE4200D20094521ED2D508228E4B4C
:10ECE0001A60009A8A608E4A1268520113D58D4BC1
:10ECF0005A78541C012525405D70140006256C438C
:10ED00001C190968A1800099E1801A7080490B786C
:10ED10009040184308700020F2BDF1B582B0FFF7B3
:10ED20005EFC00247E480068400102D4012001906E
:10ED30001DE07D48826B00207A49C3B206256B43F3
:10ED4000CB189B8895B2AB4204D0401CC3B2022BB7
:10ED5000F3D3FF2008700120019071480068400142
:10ED600005D50878FFF776FF002800D001946F489A
:10ED700000686F4988616F4D02980068296D4618D8
:10ED8000002E15DD00F07FFD2860C001301A00283C
:10ED90000EDDFFF729FC00F08FF802980068296D5E
:10EDA000401801F05BFA010002D002990C60FEBD30
:10EDB000614F8020800038605D4A10680226072875
:10EDC00029D005210840052805D011600C2001F04C
:10EDD00057FA01006AD1594D59482862FFF704FCDF
:10EDE0002E60E020C0025749086000025649486082
:10EDF000300678603E60012001F042FAF00128629E
:10EE0000022001F03DFA902040012862022001F02A
:10EE100037FA700228624D4DE0204000286004203F
:10EE200001F02EFA07003BD147480660B002A86205
:10EE3000C001A86210203C4908600126EE6540250B
:10EE40004348006828401BD135480068400113D56D
:10EE5000344800786946087068460078FFF7FAFE83
:10EE6000002809D02F4869460978062251434018E6
:10EE7000C0882D49086403E0FFF7F8FE07000FD1B2
:10EE800029480660C467022001F0FAF9314C256078
:10EE9000A8002060022001F0F3F98120C002A062E6
:10EEA0000198002801D0FFF752FA3800FEBD00009B
:10EEB000703E0000889001A870B5FFF790FBFFF747
:10EEC00093FB022618480660234DF0022862C4080E
:10EED0002C62012001F0D4F9600828622E601F48DE
:10EEE0002862E02040001B490860174D2E60FFF7A4
:10EEF00037FA1B4E3078002800D005200C490860F6
:10EF0000FFF737FA2C6017480068706370BD000087
:10EF1000843F0000448001A888A001A8140002A832
:10EF2000EC3E00005C3E00000C8001A8F80302A843
:10EF30003C0102A88C3F0000941002A83C1102A8DA
:10EF4000BD080000142102A8942002A82C9001A85A
:10EF50004C0002A82CA001A83C2102A8FD680000DA
:10EF6000603F0000300002A8000000010102040818
:10EF700010202000505050404040403020202000C1
:10EF8000F8B50400FFF730FB2948C021C900294A21
:10EF90001268F823DB01134002D1274A116000E018
:10EFA000016000942549AC2252008A640A220A605A
:10EFB0002349802252030A60224C626A224B13408A
:10EFC0008022D2001A4362628022226002224260C2
:10EFD0005003C8601D48E0601D4E4C20F0661D4D7A
:10EFE00068699621C901471800980068874200D3D4
:10EFF0000700C01B0099086000210098FFF78DFEF4
:10F0000000990968C919009A11603168296012498C
:10F010000968490601D5114900E011492161F2BD95
:10F02000802000010F49086000010F490860704707
:10F03000582102A8AC8001A8581102A80C8001A890
:10F04000941002A8440102A8FFF1FFFF286E0600F9
:10F05000300002A8903F0000FC0302A8CC3F000053
:10F06000C43F0000401002A8685000A8F1B584B069
:10F07000BD4800680290BD48006B9621C901401848
:10F080000499884205D2081A01F0E8F8002800D057
:10F0900027E2B74C6068C00700D522E20420B549DA
:10F0A00088628003B4494862B44800680090606B8D
:10F0B0008607B60F1025032E02D0AE48856222E0E7
:10F0C000084669034162A26B920601D5012065E002
:10F0D000009A12060FD5A36B022213400BD1A84B46
:10F0E00005271F60A76B2F403A431A6000221A6061
:10F0F000626B120A1A6004228262A06B002802D599
:10F100009C4841620026606B400704D5606BC000DC
:10F110002901084003E095488068C10701D5FFF741
:10F1200034FBC149009805220240052A07D1BF4897
:10F13000B2018018006AC004C00C401E08600020A4
:10F14000BB4AD26E12041AD5BA4A1268002A16D4E3
:10F15000012201204969002911D0B7490A70002114
:10F16000B64A1160B6498D62C106B64A9167072258
:10F17000B44B1A600022B24B1A601A46D167B249EA
:10F18000C02292000A603302002801D0100000E083
:10F190001800AE4D28604A606B600020E16B94223D
:10F1A00092050A40150000D001258026360228432A
:10F1B000000637D071482821405CC0210140402919
:10F1C0000DD1FFF7B7F96948C06D00906846FFF7A9
:10F1D00032FA002876D10098FFF783FA01E0FFF7B2
:10F1E000B6F9202020602D0600D17AE1944D606BA5
:10F1F000400708D57008604948620220E86200F0C4
:10F200005DFA002806D004205A49886240025A4913
:10F210004862EE6259480078000600D461E130018E
:10F220005449FFE00125606828404BD1AE48006892
:10F23000C005400F022803D0032801D0062802D1C0
:10F2400069464D7005E0002069464870A748A84906
:10F250004860680448498862FFF782F8E06B06401E
:10F2600006D1FFF793F80221A24A1160FFF797F841
:10F27000FFF77FF8280320609F4EC02000067060D3
:10F2800028049B490860606B4007C10F6846017005
:10F29000E027FF023020029949072FD54021A54AD7
:10F2A00011624901924A11660321A24A9164002128
:10F2B000116030608E48456580207060062000F047
:10F2C000DFFF002800D00CE1894D80204000E86677
:10F2D000022000F0D5FF8020400097498866182062
:10F2E0007060082000F0CCFF0028EBD12420706073
:10F2F0009148C765A020C002286672E0E16BC90290
:10F3000049D5C04949680902090E019149090229F4
:10F3100001DB8A4901E0B3218900019A302A3AD3FE
:10F32000124A1288E72A36D395235B009A4205D801
:10F330009A1A12095143890A4B4204E0804BD218B1
:10F34000120951438B0A5BB20199C918074A126B23
:10F350009446064AD26B53436246D218034B1A6353
:10F360009F290FD39F2110E0FC0302A8743F0000E7
:10F37000100002A81C2002A81C1002A8C43E000015
:10F38000E40000AA202900D821210A020A43090426
:10F390001143274A11606749AA020A629A4A8A649D
:10F3A00014220A603060524845656348C765A80367
:10F3B0004F49886640027060062000F061FF002817
:10F3C00031D12D064A48C566022000F059FF5A483F
:10F3D000856668097060082000F052FF002822D17D
:10F3E0007560032000F04CFF88481649886700F0DC
:10F3F0004AFA874D401DC001296B47188548406F68
:10F400008021C9010840019008468349086004989A
:10F4100087421ED2296B401A00F020FF002817D027
:10F4200001987E4908605CE0204000A80C0000AA1A
:10F43000CC4001A8784201A8723E00006C3E00005A
:10F440003C5000A83C6000A8046100A8045100A83A
:10F45000049F206AE8620298400701D5402003E03B
:10F46000802080047060C0087060012000F008FFF8
:10F47000802040001E490860380000F0EFFE8B4EEF
:10F4800068460078002806D162480068F061802054
:10F49000C00387490860019860490860854886492B
:10F4A000086025488021090141666946497800299C
:10F4B00001D104210160206A686268460078002852
:10F4C00009D0012000F0DCFE3078000603D5802052
:10F4D000000391490860E06BC00202D5494800680A
:10F4E000286305B0F0BD0000204001A8040000FF23
:10F4F000B41002A87CE40350441102A810B5FEF732
:10F5000045FF864900240C600A22CA61FEF747FFC6
:10F510008348C021890201608249416082481021EC
:10F520000160C90541654020804908608048047039
:10F5300010BD0000400102A8B82002A83307000057
:10F54000D6FEFFFF7B48406B800300D47047F8B5C0
:10F55000794804680027002000257849E20706D58D
:10F56000C02080028025ED03EA0A0A6003E0A207BA
:10F5700001D4032040252843C862012000F080FE0A
:10F58000802040006E49086708206E4908606E4977
:10F590000968090203D46D4909680140FBD00120C4
:10F5A00000F06EFE6A4EE00702D5802080043064D1
:10F5B0003564042000F064FE600702D5E020C0023C
:10F5C000F06064483064012000F05AFE6248306404
:10F5D000C320000630645A48802149020167102187
:10F5E000B163890271615D490F600122326030228E
:10F5F000F2638F62802189014E4A11600901016026
:10F60000F1BD0000F83F0000F3070000FFFF7F7F1F
:10F61000743F000020C001A894E001A894D001A884
:10F62000F8B54F4800680D2707400424002F00D18B
:10F6300004274C481025660308214B4A4B4B1B6896
:10F640002340126814D04260394004D00220FEF7F3
:10F65000D7FD474806603C4007D046480068054350
:10F6600044480560B008424908600220424915E05C
:10F670000260394005D00220FEF7C2FDA0023C49DD
:10F6800008603C4006D03B4801680D4305607009A6
:10F690003749086038480660300329490860FFF799
:10F6A00051FF00210020FEF73EFDF1BDC43E0000E9
:10F6B0001C1002A803000300482102A810B58020F6
:10F6C0002E490A6802400AD02D4B1A6806241440BD
:10F6D00005D15C6E2B4A22401B6D9C0101D5002098
:10F6E00010BD096808400DD02748824203D1180593
:10F6F00001D5012010BD25480068C107C90F481E6B
:10F700008041C00F10BD22480321C163A82181633D
:10F7100010210160704700001C2002A8D80000AA38
:10F72000402002A804000080646000A82C4000A8CB
:10F73000723E0000100002A8FC0302A81C1102A8DF
:10F74000442002A84C6201A8C44001A84C4201A870
:10F75000082102A82400000198008800600102A886
:10F76000B44000A8E43E00001CC101A8440002A867
:10F77000401002A8683F0000685000A8400002A89E
:10F7800014C001A81F1F0000010C000030C101A817
:10F79000082002A86C4800680121084209D16B4A80
:10F7A00012686B4B000C1840F03291400B409842AD
:10F7B00001D00220704700207047F8B507000F38CD
:10F7C0006A461080604CA0680A0004D16B461B8812
:10F7D00082B29A423AD200226B461A800125022652
:10F7E0003A0013D02268324007D000292ED0594861
:10F7F0000088401C5749088000203900E1605649C4
:10F800000E6080B2B84201D369460D80534845600E
:10F8100000E030BF2068304003D1FFF7BBFF002875
:10F82000F7D04D484560390010D02168314005D0EF
:10F8300048490A886B461B88D2180A800660002057
:10F84000E060A068B84201D244480660FFF7A2FF1A
:10F85000F2BD38B5050000F0A5FF04000121992094
:10F860004543A8093E4A12688018123880B2FFF753
:10F87000A4FF05008020C0013A490860200000F084
:10F8800095FF280032BD334803883549096802884E
:10F890009342F9D1100408187047FEB51238070CCE
:10F8A0006946088000F07EFF0190274C294D28888A
:10F8B000B8421ADA01202C490860274E30BF0220D6
:10F8C0002168014006D0306040032649086028883E
:10F8D000401C2880FFF75EFF010002D12988B94251
:10F8E000ECDB0121716000280DD12888B8420AD1D3
:10F8F000A06869460988884205D2002168460088C8
:10F90000FFF75BFF01E0FFF745FF04008020C00127
:10F9100014490860019800F049FF2000FEBD10B5B1
:10F9200012490A680E4B1B680C689442FAD0DB013E
:10F930004033141A02D288692418641C0C480068E9
:10F940004443181B10BD0000280002A804ED00E08D
:10F95000FF3F0000703E0000282002A8281002A8E7
:10F96000300002A880E200E02C1002A820C001A80C
:10F97000B43F0000F0B502E00A601C602E607EC853
:10F980004F1C07D05F1C04D06F1CF5D10A601C60AF
:10F99000F0BD0A60F0BD00000006800F70479D4971
:10F9A00009684143880B70478A4800680104C80F02
:10F9B000704788480168090407D587490A68964B4B
:10F9C0001A604A6842618868C860704780B5FEF76F
:10F9D000DDFC01208149087081480068022808D2B6
:10F9E0008E480068F02109050140C0208004814252
:10F9F000F2D08B480068C01C8A4901438A480160E4
:10FA000001BD8A4888490860002089490860802132
:10FA10008902884A1160714908707047F1B582B057
:10FA20000F001400C006000E00901038912827D255
:10FA3000FFF7BAFF002823D0002501260298FFF720
:10FA4000ABFF002802D0022804D004E07A48006806
:10FA5000304000D001252600784C38000C30FFF7EC
:10FA60009EFF8019206000983818FFF798FF8019D2
:10FA70006060C020800172490860280371490860F5
:10FA8000F7BD6D4800780621014001D10020704784
:10FA9000B848006802288041C00F7047F8B56A4C2A
:10FAA000634A0421C0239B04F0252D055B4E206989
:10FAB000084204D0107C8006C10F490020E0800776
:10FAC00020D5D068042803D2306828409842F8D066
:10FAD000107C0007000F072814D1507C022811DD8C
:10FAE000907C8006800E02280CDBD07C00900746BC
:10FAF0000F4207D0C00700D50A21B80700D5891DDD
:10FB0000002904D1FFF77DFF0020A061F1BD481C52
:10FB1000D768874203D237682F409F42F8D0964873
:10FB2000405CA061C300F821194002D08023DB04AF
:10FB3000136049005160A168002932D10102F82206
:10FB400052010A406168914200D20A0023681D1FD9
:10FB50008A498B61AA184A61864A1368002B01D131
:10FB6000BF2600E09326304B1D686769BF00BF0BBE
:10FB7000F6193603AD05AD0D35431D6080235B01DD
:10FB80000B60810908D11168002901D1282200E009
:10FB900019220021FFF742FF207C000701D4012039
:10FBA000A060F1BD80B5FFF76CFF002811D01A48A6
:10FBB0004168002903D0724A116000214160074862
:10FBC0000078002805D0FFF71CFF1C486D49016034
:10FBD000416001BD584201A8983E0000743E0000FB
:10FBE000D04000A880B5FFF74CFF002811D00620B8
:10FBF00065490860002065490860F02000016449FB
:10FC0000086080204000634908600C485D4901603D
:10FC1000416001BDBC3E0000403E00000C0002A857
:10FC2000204000A800F0FF3F544201A8FFF3FF3F2F
:10FC3000C44000A84C6201A8B83E00005C4201A884
:10FC4000586201A8585201A8A83E0000F0B581B042
:10FC50000400A0031CD547480068002800D081E0BC
:10FC6000474801684C4A5160CAB2FF239943D30701
:10FC700002D5EC23DB02C91852080A4302600E20A9
:10FC800000F0FEFA082045490860C00344490860B6
:10FC900044480168444D09043FD569694161FEF754
:10FCA00075FB3D490A68531C6A68934200D32B6870
:10FCB0001E78B706BF0E5B1C934200D32B68BC4670
:10FCC0001E78B701FC2636013E4067463E435B1C6A
:10FCD000934200D32B68B4461E783603FC27BF023C
:10FCE0003740664637435B1C934200D32B68BC46C3
:10FCF0001E78B704FC2636043E4067463E435B1C34
:10FD0000934200D32B681A781706FC2292053A40DA
:10FD100032430B606A61FEF742FBA00727D58020C3
:10FD2000C0021F490860FFF7ACFE00281FD0686AB8
:10FD3000C0B2002802D006211C4A1160810916D0E9
:10FD40001B490A68012AFBD949680905090D091DE3
:10FD5000C900084A1268012A00D14908002A03D1C3
:10FD6000282202E00C208BE71922FFF757FE01B092
:10FD7000F0BD00006C3F0000D44000A82C4000A85B
:10FD8000EC4001A8FFFF0300846201A8504000A8D6
:10FD90000C6000A80C5000A8403E0000846000A841
:10FDA0004C6201A8584201A8903E0000845201A86C
:10FDB0001C4000A880B5FEF723FA01207E490860A8
:10FDC00001BD80B5EB2000F001F801BD30B57B49E5
:10FDD0000B6818401022134210D0794B794C2468DC
:10FDE000224008D0A94A14682402FF252D0225408C
:10FDF000DD6200241460802252031A60086030BD66
:10FE0000F3B5010016001C0000250095A048019ADA
:10FE1000330000270BE0BC464F5D4743AE009E59C0
:10FE20007E40575D47433740664637436D1CA542C9
:10FE3000F1D3390939438A080A435108114308406C
:10FE4000C10901430F208A0B0A4302405040F6BD0E
:10FE5000F1B582B00E0000208C4908608D4DEF7A1C
:10FE6000A87A01900F21394000910ED00B468A4AA2
:10FE70008A490298FFF7C4FF019901408348016055
:10FE8000874841438748084001D1012400E04401EC
:10FE9000380915D032003B0929000298009E6D7A7E
:10FEA00075194019FFF7ACFF019909110140774816
:10FEB00002680B0113430360002901D0480044434A
:10FEC00079480068204001D10420FEBD0020FEBD1D
:10FED00080B50A0000211180744952888018FFF70C
:10FEE000B7FF02BD70B50F22714B5C7905780F200A
:10FEF0002040C540200928409C79C440E40701D433
:10FF0000032070BD2F4C2468A50705D59D684600C9
:10FF1000AD5B6D1E674E3560DD78DE79C640F0075B
:10FF200011D5E0060FD5002D0DD063484860088834
:10FF3000488008881C7800192A4080185A78801850
:10FF40002A09801800E000200880002070BD80B5DC
:10FF50005A4801685A4A0820014201D05061106194
:10FF6000C90602D58621090111605649564A126810
:10FF700012040CD5554A1268530401D5C00305E09C
:10FF8000C0239B0113404202934200D008600D48F9
:10FF90000078C022024002D18020400508604C4811
:10FFA00000682022104008604A480068C00101D45F
:10FFB000FFF707FF01BD00002C4000A8703F0000C4
:10FFC0001C1002A8C43E0000F8B5434F38687E6894
:10FFD000064042483040424908608024A403414D15
:10FFE000F00228D540480168080606D53F48006859
:10FFF000A86001202870022015E00120014202D0F3
:020000024000BC
:100000003B49A9600FE00020C9060CD52A49A96028
:10001000384A91780B071B0F12789A180909511862
:10002000A980E880A888A880A888002801D0264355
:1000300001E0FFF7C6FE264026D0294E74603460EA
:10004000A88800280ED0F96981420BD3291D2A48BF
:10005000AA6890470100F3D0FEF7D2F801202749A3
:100060000860F1BD01000CD0FC218902B161244976
:1000700002038A6134604C60FA69824204D30C60E6
:10008000F1BDEB20FFF7A2FEF1BD00004C3E0000E9
:10009000010101013C3F0000F43E0000343F00003C
:1000A0001111000021840000F03E0000143F000008
:1000B000443F0000204000A829230000F84F000022
:1000C000302102A8441002A8384101A8204201A80A
:1000D000084001A8CC4000A8B44000A8FFFFDFFF03
:1000E000B46000A8503E0000C43E0000B0370000DD
:1000F0003D230000453F0000D44000A82C4000A84C
:10010000B45000A8FEB5C020C00436490860364887
:100110003649C865102436480460102000F0B0F855
:1001200001005ED1FF2000053249086032483349A2
:10013000086033482D49086025042E480560314881
:100140000768082000F09CF801004AD108262E48D4
:100150000660012000F094F82A48806802902B483D
:1001600006602B482149086022480560082000F0FD
:1001700087F8010035D124480660012000F080F89E
:10018000204DA868019021480660184E2148306033
:100190000299019800F046F80104FC208003084011
:1001A00000900298C10B0198C00B00F03BF80006CC
:1001B000FC21890501400098014317480A0C424080
:1001C000FF239B1CD2181040084330602F60E003CF
:1001D0000849086028682860104804601049816454
:1001E0000020FEBD20E000A8F71700002C0102A8A7
:1001F000401102A8B02002A80000380EB01002A8DA
:1002000010103030E04001A8E05001A8E06001A8E3
:1002100030301010202020203F3F0000402102A855
:10022000F7FFF00010B54904CA104004C310991A32
:1002300000209A18D30F9A18521052188B115B0E87
:100240005B18DB11D2182023541A01D42200184362
:10025000CC0F611849105B08F6D110BD10B5C40968
:10026000FFF711FB201A312806DAC000183801D434
:10027000C01EFDD5002010BD2000FFF70EFB10BDF5
:10028000C32148436F3801D41E38FDD50020704784
:1002900010B5C20018231340FF249C40E243890795
:1002A000090E9940030004D476489B089B00C018AF
:1002B00006E0B04B0007000F0838800880001818CF
:1002C00003681A401143016010BD80B57B225421A0
:1002D000002000F021FA01BD10B500F063FA012101
:1002E000694A1160694B6A4A13606A4A13600323C2
:1002F000694C2360694C2360694B1960694B196034
:1003000080239D4C2360D16000F050FA10BD00F0B6
:1003100049FA05000024012160B2FFF7B9FF641C0F
:100320000E2CF8D301210F20FFF7B2FF012111207D
:10033000FFF7AEFF01211320FFF7AAFF01211720CD
:10034000FFF7A6FF03210120C043FFF7A1FF012112
:100350001B20FFF79DFF01211C20FFF799FF0121C2
:100360001D20FFF795FF01211E20FFF791FF0121BE
:100370001F20FFF78DFF6E486E4908606E48C16A06
:10038000C1620168016002206C4908600120854952
:10039000086047046A4C20683840FCD0FDF7C7FF6E
:1003A000280000F003FA754D0AE000281BD0FDF785
:1003B000EDFF18E020683840FCD0300000F0F6F97E
:1003C000206D0004000F022801D1FEF76FFB00F042
:1003D000E9F90600FDF7EAFF0028A878E5D0002833
:1003E00001D1FDF7DCFF01206978002909D12978C6
:1003F000002905D16C490968890601D44F49086074
:1004000030BF0021697029780029D6D102214B4ADA
:10041000116064490860CDE76448016842680A4099
:10042000634810401A490860800703D5A048018836
:10043000491C0180704770B55E48016840680840FB
:10044000000E00065C4980221205104218D05B4B5A
:100450001C68641C1C605A4C5A4D2D682D0407D52D
:10046000A568002D04D007250D600125A74E356035
:10047000402525601B68012B02D910238B62CA67B7
:10048000886770BD00E400E0040002A80000FF3FA0
:10049000282002A82C1002A840E002A844C002A80C
:1004A00004C001A8044001A8F8B5824C206B616B20
:1004B00001400091964D08462860009895490140FA
:1004C00001D0FFF7C3FB8020009901401CD0F82128
:1004D000C90123680B4017D0C0221201934213D8E0
:1004E00080231B06EB6226680E40944F3F683F0452
:1004F0003F0F022F01D0032F03D1002E01D09642CF
:10050000F1D38F490B6028608E48007806280DDAF9
:100510000098CC218901014008D000F043F9040083
:100520000098FDF735FC200000F040F9F1BD000017
:10053000FFFF9BF800E100E0E04001A85C2002A87A
:100540005C0002A810B58048016844680C407F48F0
:10055000046080210C4205D041607D48016000208C
:10056000FDF716FC600403D580204005794908603A
:1005700010BD00001CED00E0505201A8723E0000CA
:1005800038B57548016844680C40E00707D500F0AD
:1005900009F90500FDF792FC280000F007F96F4803
:1005A000046031BD5C1002A8F40302A8280002A870
:1005B000FFFF00C0B44000A83C6000A86C3E0000F3
:1005C0002C4000A8384101A8FEB5654C206C666C33
:1005D000064001273E4216D03D066248056020686D
:1005E00061490F60002802D00021FDF72BFE5F4813
:1005F0000068A021C90188428041C043C00F5C4906
:1006000088705C480560FDF7C1FE029002210E4033
:1006100049D06068C2B20192000A009008224B4B98
:100620004C03554D0020019E012E27D0022E38D1BB
:10063000009E012E24D1EE790096504E2F780C208A
:1006400047430020F0512878400590277F04C719C0
:10065000032038434A4F38601C604A480460301D0C
:100660002B780C246343484C2468009FE419C45041
:1006700028780C2358433150444811E00091DCE7BE
:10068000002E0ED1424E37603C4E361D2D780C2781
:100690007D4370515C601C60C8043E4B18603E484E
:1006A0000260314801600298FDF779FEF7BD000055
:1006B000703E00001C4201A870B5FDF767FE040003
:1006C00000F070F82E490A68D20718D52B4A121D7F
:1006D000FA239B015D790C26754356592A4D2D68E6
:1006E0001E60CE689E604968D9808021C9041D4E75
:1006F0003160197B69185B790C256B43D15000F090
:1007000055F82000FDF74BFE70BD00003C5000A8DE
:100710004C6201A802000600002800D0704710B506
:100720000C00FDF733FE1D490C6001221C4B1A60C2
:100730000B6C1340FCD1FDF732FE10BDAC0002A8DB
:10074000785201A8343E000090C001A890E001A8B2
:100750000CC001A804ED00E090C000A890E000A843
:1007600000C002A8401002A840E002A8404000A833
:10077000723E0000402002A8853E0000300000A824
:1007800060C101A894D001A8200000A8F42302A809
:1007900060E101A880E200E0F41302A8008002A852
:1007A000409002A8EFF3108072B67047002800D185
:1007B00062B6704780B5FDF731FEB34800680003AC
:1007C0000AD4FEF75DF8FEF7BDFEFDF7CAFF012073
:1007D000FEF794FEFEF770FB80208005FDF7CEFD4E
:1007E00001BD80B5FDF71AFE80204002FDF7C6FD71
:1007F00001BDF8B5FDF7B4FD052098490860FDF787
:10080000B8FDFDF7ECFEFDF709FEA0480168009178
:100810009F4B406818609F4801688A05D00F0022EE
:10082000012421420FD000929B4D6E681E602E68FD
:100830009A4B1F68BD1BBE4202D39F69ED196D1C08
:10084000974FBD42F5D3974D2A60002803D00098FA
:10085000FDF76EFB00902868204004D16846FDF744
:10086000EAFE002802D10098FDF73BFFAA48046089
:100870006004FDF783FDF1BD38B5A84CE06BC00501
:1008800006D580200006206000BF00BF4008206021
:10089000FDF792FFFDF7C2FDFDF7F4F90500A04852
:1008A000A0490860FFF785F88020C002FDF766FDCB
:1008B000002D01D08020206001209B49087031BDAF
:1008C000F8B5FDF7ABFDFDF74BFD02249348C06B77
:1008D000000405D4FDF75AFD94490C60FDF75FFD57
:1008E000FDF747FD1020C0439149086000258B4863
:1008F000856390480560FFF7C4F80700FB26B60142
:10090000002F02D0FFF762F800E035602C20305C49
:100910000521014002D0FDF70DFE01E0FDF717FEB5
:10092000F06A044002D001207C490860FFF70FFB09
:10093000002F01D0FFF7B2F880200003FDF71EFD65
:10094000F1BD80B5FDF76AFD4F480068000303D490
:10095000FDF707FFFEF7B0FA80204003FDF70EFD1C
:1009600001BD38B5FDF75AFD6C4C2025FEF7A6FEFB
:10097000002806D0206B000704D5FEF7C4FEFEF762
:100980004FFB2560FDF7EDFEFEF796FABD480078B7
:100990000C210140042902D1FDF7CCFD01E0FDF757
:1009A000D6FD6804FDF7EAFC4020206031BD1CB58F
:1009B000FDF7D6FC052029490860FDF7DAFCFDF7B4
:1009C0002DFDFEF7A0FEB048006800906846FEF7D7
:1009D000D7FA0400FEF7EDFF002C02D10098FEF7D5
:1009E00045FB80204004FDF7C9FC13BDF8B5FDF7B9
:1009F00015FDA64C256A5020284002D0FDF79AFD2F
:100A000001E0FDF7A4FD454FFEF758FE00281BD17D
:100A1000786B40071DD4386BE0214901014018D1A3
:100A2000A80611D4FDF79CFC256A994E354207D0E3
:100A3000FF20C0432D1825628020000595490860DD
:100A4000FDF797FC2E4002D00120386001E0002025
:100A5000206080208004FDF791FCF1BD3C1102A8CC
:100A600080B5FDF7DBFCBC480068400601D5FDF70A
:100A700078FE0120FEF742FDFEF71EFA8020C0043A
:100A8000FDF77CFC01BD00000C0002A8B83F00008F
:100A9000483E0000400002A8D03E000020C001A84F
:100AA00001FF00003C3E000010B576480468FDF7E9
:100AB000B5FCAA490968090328D40321C00601D559
:100AC000214001E0A0080140012902D1FDF732FDDB
:100AD0000BE0200107D50E20FFF76CF9A048042198
:100AE000016008210160FDF732FD9E4C20699E499E
:100AF0000860FEF75EFF2068002807D0400012283B
:100B000002D2FFF7BDFB01E0FEF7A3FE80208003C9
:100B1000FDF734FC10BD0000402002A8100002A820
:100B200070012000B46000A8733E00007CE4035014
:100B3000442002A84C3E0000F8B584B00126684667
:100B4000067000270297FDF769FC0390834C20682C
:100B5000000300D58FE00320A449C863A4480068BF
:100B6000A44D0F210F220240032A03D0000B0140A5
:100B700006294DD1A0480068A0498E6DE16B890718
:100B800001D59E49CE6DFEF7CAFE8619FEF779FFA4
:100B900000280ED02879C1060BD02868090D4143E2
:100BA000890B761895490968002902D10002400C8A
:100BB0003618002E01D5019700E00196606B010701
:100BC000C80F03212A6B0A40022A1BD1039AD206BE
:100BD00018D5AA68D30513D5A66B894B1E409E4233
:100BE00003D11021814AD1630CE092050AD4E26B53
:100BF0002823134006D16B461F70264A116001E07E
:100C00006A461770029068460678002E03D10FE0FE
:100C10007A48406D0190FEF751FD002808D0FEF79C
:100C200072FD0298002802D0FEF7FAF900E00026D3
:100C300002206E490860002E10D03020285C0C2164
:100C40000140042902D0A06BC00602D5FDF772FC5A
:100C500001E0FDF77CFC202060600CE0FDF781FDE9
:100C600001A8FEF78DF90400FEF7A3FE002C02D1C7
:100C70000198FEF7FBF980200004FDF77FFB05B02B
:100C8000F0BD0000EC3E0000CC3F0000CC3E000078
:100C900000FFFF00441002A8FEB500240194FDF7F8
:100CA000BDFBFEF786FE574EF06E574D0007000F56
:100CB000072807D17068002804D40020FEF71EFC26
:100CC000286841E001210320504A73685B070BD478
:100CD0004F4B1B680B4007D01368DF050BD55B0536
:100CE00002D43368DB0503D40191916A890904E0D9
:100CF0001021484B1960916A0909084000900020B2
:100D0000FEF7FCFB0098002805D17068C00602D4ED
:100D1000FDF71DFC01E0FDF70DFC00200199002905
:100D200003D13D480068FEF7FAFD6969401801D516
:100D3000009400E000906846FDF77DFC002805D196
:100D40000098FDF7CEFCA8690749086080200005DF
:100D5000FDF714FBF7BD0000440102A80C0002A837
:100D600080E200E0AC3F0000483E0000F8B5FDF72F
:100D700055FB002400252948066B80277F05300697
:100D800006D5300709D5FEF7BEFCFEF749F929E084
:100D900001251F480068284019D00020FEF7AEFB4F
:100DA0000220064002D01E490C60C8611D4804683C
:100DB000002D03D02000FDF74FF90400FEF7A3FC3F
:100DC0002000FEF753F93800FDF7D8FAF1BD1648B8
:100DD0000078C0210140402902D1FDF7ABFB01E0C2
:100DE000FDF7B5FB20200D490860ECE7082002A8BC
:100DF000AC0002A8BC3E00000CC101A86C3F000082
:100E000010000010400002A8BC3F0000C43E0000DB
:100E1000B44000A8441002A81CC101A8100002A8F8
:100E2000180000AAD83F0000EC3E0000FFF754FA7B
:100E3000024803494860FFF76AFA00BF67270000CD
:100E40000000000080B5EFF305800B2801D23A21A5
:100E500000E029218C2252000020FFF75DFCFEE714
:100E60002017040000000000D80E0400010000005C
:100E70000000000000F049022017040000000000FC
:100E8000FC0E0400010000000000000000F0490218
:100E90002017040000000000200F040001000000E3
:100EA0000000000000F049022017040000000000CC
:100EB000440F0400060000000000000000F049029A
:100EC00020170400000000001C10040001000000B6
:100ED0000000000000F0490240100400809C2B8FAD
:100EE00080841E00000000002700FF7F100C0020FF
:100EF00000000000CC1A040000000000A011040053
:100F0000809C2B8F80841E00000000002700FF7F44
:100F1000100C002000000000CC1A040000000000AB
:100F200000130400809C2B8F80841E0000000000B2
:100F30002700FF7F100C002000000000CC1A0400E6
:100F40000000000060140400809C2B8F80841E0031
:100F50000000000022002C01100C00200000000006
:100F6000CC1A04000000000060140400809C2B8F49
:100F700080841E00000023002300B600100C002017
:100F800000000000CC1A04000000000060140400FF
:100F9000809C2B8F80841E000000240024009D0074
:100FA000100C002000000000CC1A0400000000001B
:100FB00060140400809C2B8F80841E00000025009C
:100FC00025007D00100C002000000000CC1A040059
:100FD0000000000060140400809C2B8F80841E00A1
:100FE0000000260026003A00100C0020000000003F
:100FF000CC1A04000000000060140400809C2B8FB9
:1010000080841E000000270027002C01100C002007
:1010100000000000CC1A040000000000C01504000D
:10102000809C2B8F80841E00000000002700FF7F23
:10103000100C002000000000CC1A0400000000008A
:10104000FC4F01033C190400104001000041000066
:101050003C4001000000000048400100200704005F
:1010600050400100000000005C4001000D0F000036
:1010700004410100FF4C00002040030100000086F5
:101080001FC00100002000003840010100000000E6
:101090005840040118000500400800000900000045
:1010A0009200040080400F018C002C020000000020
:1010B0001200120000808C19000000000002050ED2
:1010C0001C2F4353626968615543320416100E0E9B
:1010D0000D0C0A08070605040303020202010101C0
:1010E00001010100EC40010180B0B18CFC40030122
:1010F0009C200B00055B60804737414A0C4103018F
:10110000B85512002A19492909084040284101010F
:10111000FFDD0000384107014CD4E83B04196F1093
:10112000080E141A20262C32383E10325476980AB3
:101130001D00000070410101C003000034420101A4
:101140000008000E4842010158AA1EC07842010161
:101150000000008038800101114910009C800301CB
:10116000EB40020070380300D0000000A88001119D
:10117000F0010000A8800131055AFD01AC80011189
:10118000F0010000AC800131053EFD00E4000102E9
:101190006C2C511154010102C43F0000FFFFFFFFFE
:1011A000FC4F01038C1904001040010000410000B5
:1011B0003C400100100000004840010020170400DE
:1011C00050400100010400005C4001000D0F0000D0
:1011D0000441010003C0010020400301300000462B
:1011E0001FC801000020001038400101000000006D
:1011F00058400401180005004008000009000000E4
:1012000092000A0080400F018C002C0200000000B8
:10121000120012005B808C1B000000000002050E13
:101220001C2F4353626968615543320416100E0E39
:101230000D0C0A080706050403030202020101015E
:1012400001010100EC40010180B0B18CFC400301C0
:101250009C200A0001612080B75635120C41030121
:10126000B8551200A01B04290888404028410101FC
:1012700000000000384107014CD4E83B04196F30EE
:101280000A10161C22282E343A4010325476980A3E
:101290001D5F80A470410101000000003442010183
:1012A0000008000E48420101F4811F00784201014C
:1012B0000000000038800101114910009C800301EA
:1012C000EB40020070380300D0000000A88001113C
:1012D000F0010000A8800131055AFD01AC80011128
:1012E000F0010000AC800131053EFD00E400010288
:1012F0006C2C511154010102C43F0000FFFFFFFF9D
:10130000FC4F0103DC190400104001000041000003
:101310003C4001001000000048400100200704008C
:1013200050400100000400005C4001000D0F00006F
:101330000441010003C001002040030130000046C9
:101340001FC801000020001038400101000000000B
:101350005840040118000500400800000900000082
:1013600092000A0080400F018C002C020000000057
:10137000120012005B808C1B000000000002050EB2
:101380001C2F4353626968615543320416100E0ED8
:101390000D0C0A08070605040303020202010101FD
:1013A00001010100EC40010180B0B18CFC4003015F
:1013B0009C200A0001612080B75635120C410301C0
:1013C000B8551200A01B042908884040284101019B
:1013D00000000000384107014CD4E83B04196F308D
:1013E000080E141A20262C32383E10325476980AF1
:1013F0001D5F000070410101000000003442010146
:101400000008000E48420101F4811F0078420101EA
:101410000000000038800101114910009C80030188
:10142000EB40020070380300D0000000A8800111DA
:10143000F0010000A8800131055AFD01AC800111C6
:10144000F0010000AC800131053EFD00E400010226
:101450006C2C511154010102C43F0000FFFFFFFF3B
:10146000FC4F01032C1A0400104001000141000050
:101470003C4001000000000048400100A0070400BB
:1014800050400100000000005C400100000000002E
:1014900004410100FF4C00002040030100000086D1
:1014A0001FC0010000600000384001010000004042
:1014B000584004016402FF004008000001000000E1
:1014C0009200080080400F018C000C020000000018
:1014D000D703220000000000000000000002050DFC
:1014E0001A2D3F506068696357463525150D090868
:1014F00007060505040404030303030202020202B3
:1015000001010101EC40010190382C8CFC400301E9
:101510009C200A00055B58804737414A0C41030173
:10152000B85552002A194929893B404028410101F8
:10153000FFDD000038410701E853FA000000000019
:10154000000000000000000000000000000000009B
:101550000000000070410101C1030000344201019C
:101560000000000E4842010158AA1EC07842010145
:101570000000000038800101114910009C80030127
:101580000000000070780300FFC00200A880011175
:10159000F0010000A88001310542CB01AC800111AF
:1015A000F0010000AC800131050A0D00E4000102E9
:1015B0006C2C511154010102C43F0000FFFFFFFFDA
:1015C000FC4F01037C1A040010400100014100009F
:1015D0003C4001000000000048400100A00704005A
:1015E00050400100000000005C40010000000000CD
:1015F00004410100FF4C0000204003010000008670
:101600001FC00100006000003840010100000040E0
:1016100058400401C804FF00400800000100000019
:101620009200040080400F018C000C0200000000BA
:10163000B603220000000000000000000002050EBA
:101640001C2F4353626968615543320416100E0E15
:101650000D0C0A080706050403030202020101013A
:1016600001010100EC40010190E82B8CFC400301DA
:1016700090200A00055B58804737414A0C4103011E
:10168000F56252002A194929893B4040284101014D
:10169000FFDD000038410701E853FA0000000000B8
:1016A000000000000000000000000000000000003A
:1016B0000000000070410101C1030000344201013B
:1016C0000000000E4842010158AA1EC078420101E4
:1016D0000000000038800101552510009C800301A6
:1016E0000000000070780300D0000000A880011105
:1016F000F0010000A88001310542CB01AC8001114E
:10170000F0010000AC800131053EFD00E400010263
:101710006E2C511354010102C43F0200FFFFFFFF72
:101720000C40010001810100204002000000000087
:101730000100000030400300000000000000000035
:1017400000000000404002000000000000400000D7
:101750006040010001010000A840010007000000F6
:10176000BC40040000000000000000000000000079
:101770000000000008410300FF4C0000FF4D000086
:10178000FF4D000020C0011000F8070020C001300C
:10179000F502080024C0080000130000EC80B383A9
:1017A00043754051A00F0048304000000000000089
:1017B000000000002E02000050C00400511130044F
:1017C0000E2D09E654060708D1B6020064C00A00CF
:1017D0000430001C403018090D647920EBFCFB013B
:1017E0007FF6E803BD4B721511A31805103254762D
:1017F000980A00000000000008000101080700002E
:1018000018000101AAAAAA00200001010060DA0064
:101810001C400101100000002C400301008000006A
:1018200000000003000000006840020129417671B9
:1018300000000000BC4002010000000000000000A9
:10184000E04002013300000000000000F44002010B
:10185000640483078813C83A244101010000000092
:10186000304102016406660C0C0100005441010184
:1018700001010000684102016404830788138200AB
:101880003042010100000000384202010000000067
:101890000000000044420101000000005442090120
:1018A0000000000000003C000000000000000000FC
:1018B00055555555170000000000000000000000BD
:1018C000AAAA06007C4202010000000000000000FD
:1018D00010800101030000003C80010101000000B4
:1018E000B0800201000300023700000198000202EC
:1018F000000C00044C000000A400010200040000E1
:10190000D0000202050040AA88010000F400020293
:10191000000000003D210811FC0001123F00000002
:10192000FC00013200540400300101026000510249
:101930006801010200040000FFFFFFFF100000002B
:101940000000800000000000601B0400241B040055
:1019500000000000802596000048E80140420F008A
:101960000108F5001149500200000000CE1A0400E1
:101970000000000000000000000000003D420F00D9
:101980000000000000000000000000001000000047
:101990000000800000000000601B0400301B0400F9
:1019A00000000000802596000048E80140420F003A
:1019B0000102F5001149500200000000CE1A040097
:1019C0000000000000000000000000003D420F0089
:1019D00000000000000000000000000010000000F7
:1019E0000000800000000000601B04003C1B04009D
:1019F00000000000802596000048E80140420F00EA
:101A00000108F5001149500200000000CE1A040040
:101A10000000000000000000000000003D420F0038
:101A200000000000000000000000000010000000A6
:101A30000000800000000000601B0400481B040040
:101A400000000000004786000048E80180841E0076
:101A50000101F5001149500200000000CE1A0400F7
:101A600000000000000000000000000054841E0080
:101A70000000000000000000000000001000000056
:101A80000000800000000000601B0400541B0400E4
:101A900000000000841743000024F40040420F00BF
:101AA0000101F5005525500300000000CE1A040086
:101AB00000000000000000000000000038420F009D
:101AC0000000000000000000000000000300020011
:101AD000000000F049020614000000E093040538FD
:101AE0000000A00800000000580901040706100AC1
:101AF00001040707C80A00040807800B000408084F
:101B0000380C0004090861080000000068080000A3
:101B10000000C709010404032C0B01040404920C07
:101B20000104050450C30000E62D0000D0070000AA
:101B3000E5BF000010270000C2010000F5DA020036
:101B4000102700002C01000050C3000050140000BA
:101B5000FA00000050C30000FC210000B3010000A7
:101B6000193F0106041001000001010600102700C2
:101B7000000C000000000000000000001C0C002011
:101B80000000000000000000000000000000000055
:101B90000000000000000000000000000000000045
:101BA0000000000000000000000000000000000035
:101BB0000000000000000000000000000000000025
:101BC0000000000000000000000000000000000015
:101BD0000000000000000000000000000000000005
:101BE00062675F6D657373616765207265636569C0
:101BF000766572730062676275660061636C006C83
:101C00006C5F636F6E6E656374696F6E006C6C5FA2
:101C10006164765F736574006761705F636F6E7493
:101C2000657874006C6C5F76616C696461746F7266
:101C3000006D6573685F70726F765F6462006267E3
:101C40005F6D65737361676500736F66745F746958
:101C50006D65725F6D65737361676500666F756E44
:101C6000646174696F6E5F636D64006C6C5F616466
:101C7000765F73796E63006C6C5F7363616E5F7324
:101C8000796E63006761705F706572696F64696324
:101C90005F616476006761705F706572696F646927
:101CA000635F73796E63006C326361705F636F634F
:101CB0005F6368616E6E656C006D6573685F7072FE
:101CC0006F765F64625F6170706B6579006D6265ED
:101CD00064746C735F636F6E7465787400000000E9
:101CE000F51B0400FB1B0400FF1B04000D1C04007B
:101CF000181C0400241C0400311C04003E1C0400B9
:101D0000491C04005C1C04006B1C0400771C0400CC
:101D1000841C0400951C0400A71C0400B91C0400CA
:101D2000CD1C040062676275665F696E006267625F
:101D300075665F6F75740062676275665F6E6F6669
:101D40006C6F770062675F6D616C6C6F63000001A0
:081D5000010201020203000080
:081D58005805FD7F01000000A9
:0C1D60006C1D0400C00A002016010000E9
:101D6C00020000006D300100E8120020D8D1030001
:101D7C00F0D1030008D20300E8030000C0EA2101FF
:101D8C00C0EA210100F0490200800000082C00206C
:101D9C00180F0020F80A00200040070000A00000E7
:101DAC00E8160020C8000000FE0000000000000043
:101DBC00A8D20300A00000009973010001B8030031
:101DCC0020000000000000000000000000000000E7
:101DDC000000000000000000611302000000000081
:101DEC000000000000000000DDF001000000000019
:101DFC000000000000000000ADFB0100000000002E
:101E0C000000000000000000590A02000000000061
:101E1C000000000000000000E16903000000000069
:101E2C00E90E0200000000000000000000000000AD
:101E3C00990E0200000000000000000000000000ED
:101E4C00D90F02000000000000000000751A02000B
:101E5C000000000000FFFFFFFF000000F3890300FB
:101E6C00F7890300FB890300FF890300FFFFFFFFD5
:101E7C0005AE0300B8DA0300FFFFFFFFC4DA03006E
:101E8C00FBB10300F7B10300FFFFFFFF07B2030034
:101E9C00FFFFFFFFB9B503000FB60300FFFFFFFF05
:101EAC00FFFFFFFFFFFFFFFFFFFFFFFF23270000E8
:101EBC00FFFFFFFF000000001C0C002000000000D2
:101ECC00A01B0400C01B0400801B040000000000C9
:101EDC0000000000000000000000000000000000F6
:101EEC0000000000000000000000000000000000E6
:101EFC0000000000000000000000000000000000D6
:101F0C0000000000000000000000000000000000C5
:101F1C00000000000000000000000000120004009F
:101F2C00000030303030180003000000503030001A
:101F3C0002000800000030303030303030302000EB
:101F4C00040000000000000002000300000030301C
:101F5C003000020005000000302E302E3000020050
:101F6C00080000000000000000000000020010004B
:101F7C000000000000000000000000000000000055
:101F8C0000000A0001000000000000000000010039
:101F9C00020000000000010202000000000000002E
:101FAC000200FFFFFFFF0400080702001700FFFFFD
:101FBC000E00000000000101010101041F0101BF1E
:101FCC008FAF7F8700370F10100004040F05140A21
:101FDC000301FF0EFF0F7F0082B030BF074BD3F819
:101FEC00F030DB0704D500230193019B052B01DDA9
:101FFC0002B07047019B0133F6E700BF00ED00E033
:10200C00F0B5114A114C124E00F00105E3695F075F
:10201C0013D40DB9334213D103EA00078F4207D111
:10202C000B4A1A40002A14BF6FF001000020F0BDCB
:10203C00013AEBD16FF00200F9E74FF0FF30F6E711
:10204C006FF00100F3E700BF80969800000003508A
:10205C00020001000B4B70B5D96911F480310DD120
:10206C0001244FF48072084E084DF46020462C6415
:10207C001A61FFF7C5FF3464EC6070BD6FF00100AE
:10208C00FBE700BF0000035000100350002003507A
:10209C004FF4003238B50F4B0F4C9A6641F6713342
:1020AC000122E569E3630D4B0021DA6002236061D4
:1020BC002120236105F48035FFF7A2FF10B9212000
:1020CC00FFF79EFF0122064BDA600DB10023E3639C
:1020DC0038BD00BF009000500000035000100350AA
:1020EC000020035070B5134C6061E3695B071ED48C
:1020FC000E4656F8043B8D18A361AE420BD1042357
:10210C00002121202361FFF77BFF58B9BDE8704007
:10211C002120FFF775BF08210846FFF771FF10B1AA
:10212C000423236170BD56F8043BA361E5E74FF02F
:10213C00FF30F7E7000003502DE9F84315464FF444
:10214C000032184B89469A6641F6713203F51C33FE
:10215C00DF69DA630122064603F58053DFF84C8011
:10216C0007F48037DA6055B9284601220E4BDA6045
:10217C001FB10022A3F50053DA63BDE8F88306F51E
:10218C00005404EA0804A41BAC4228BF2C46494660
:10219C0022463046FFF7A6FF0028E6D12644A1448C
:1021AC002D1BE0E7009000500020035000E0FFFFE3
:0821BC009522010071220100CF
:040000031000377D35
:00000001FF
