S019000062742D72656D6F74652D726564657369676E2E733337CE
S214012000C00A0020053601002B0A03002B0A030034
S2140120100F1C03002B0A03002B0A03002B0A0300E4
S2140120202B0A03002B0A03002B0A03002B0A0300CA
S2140120302B0A0300C8C90300BB0803002B0A0300D0
S2140120402B0A03002B0A03002B0A03002B0A0300AA
S2140120502B0A03002B0A03002B0A03002B0A03009A
S2140120602B0A03002B0A03002B0A03002B0A03008A
S214012070098801002B0A03002B0A03002B0A030020
S2140120802B0A03002B0A03002B0A03002B0A03006A
S2140120902B0A0300253D01002B0A03002B0A03002F
S2140120A02B0A0300013F0100DD3E01002B0A03005D
S2140120B02B0A0300C9D802002B0A030011E3020011
S2140120C0E5AD0300E1AD030001DB0200F1AD030065
S2140120D0E9AD0300E9E20200EDAD030051E30200C1
S2140120E0E1BC0200A5BE0200C1E302002B0A030008
S2140120F02B0A03002B0A03002B0A03002B0A0300FA
S2140121002B0A03002B0A03002B0A03002B0A0300E9
S2140121102B0A03002B0A03002B0A03002B0A0300D9
S2140121202B0A03002B0A03002B0A03002B0A0300C9
S2140121302B0A03002B0A0300953001007D090300DA
S214012140002370B5404C05468AB0E36318B1008899
S21401215023600BF027FE3D4828F0A3F93C4E3D4B8B
S214012160304633603C4B736023F07CF800213046E8
S21401217015F03AFD32A3D3E90023A062C4E9062391
S21401218023F07BF8D4E9062319431043C4E906017A
S214012190CDE900014FF0FF334FF0FF32A06A28F07F
S2140121A0FBF902224FF0FF31A06A28F0FAF901206C
S2140121B00BF078FB4FF4007300222849A06A28F040
S2140121C043FAB0F5007F38D100239422CDE90733D6
S2140121D009933C23CDE9033205939623A06A03A90C
S2140121E0069315F01FFE35B3287C0BF089FF0546D4
S2140121F0F0B9A06A28F009FB0BF030FF0BF034FBB6
S21401220020B14FF48070002108F0E0FB0BF03CFB9E
S21401221020B14FF40060002108F0D8FB23F0CFF87E
S214012220012015F035FD0E4A0E49A06A23F018F874
S21401223028460AB070BDFF20D7E70725F8E700BF9C
S2140122400DD5015520000000880F0020690345ECDC
S2140122501024002029D7010020240020102200206D
S21401226009520300495203000348044B834202D03B
S214012270034B03B118477047180F0020180F0020B2
S21401228000000000064B0749C91A891048BF0131F2
S214012290491003D0044B0BB101481847704700BFE3
S2140122A0180F0020180F00200000000010B5064C83
S2140122B0237843B9FFF7D8FF044B13B10448AFF3B3
S2140122C000800123237010BDF42B002000000000C5
S2140122D05414040008B5054B1BB105490548AFF376
S2140122E00080BDE80840FFF7CDBF00BF000000003A
S2140122F0E811002054140400A3F5803A704700BF8B
S214012300174B002B08BF134B9D46FFF7F5FF002127
S2140123108B460F461348144A121A28F01EFE0E4B1F
S214012320002B00D098470D4B002B00D0984700207B
S214012330002104000D000D48002802D00C48AFF320
S21401234000801CF0CFFC200029001EF0AAFA1CF029
S21401235053FA00BF00000800000000000000000063
S214012360C00A0020180F00203C2D002000000000AD
S2140123700000000070B504460D4621B94FF41671F1
S21401238008481EF037FA0E46062056F8043F33B9C1
S21401239006288ABFA3682B681B68636070BD204649
S2140123A09847F2E700C4030038B5036804462BB12A
S2140123B083681BB145680B4A954203D0C8210A4879
S2140123C01EF018FA9847082801D0D221F7E7A3682B
S2140123D01B6863602046A168FFF7CCFF0728F9D881
S2140123E038BD00BFECC3030000C403002DE9FF4164
S2140123F004460F46456801B125B94FF496712F483A
S2140124001EF0F8F92E46394620467368984701288B
S21401241024D83668002EF6D104B0BDE8F081EB680A
S2140124200BB1204698472D6820E0906828B104A893
S21401243000EB830040F8102C013312681FE05DF8B2
S214012440253020469B689847013D1DE0062023E085
S214012450EB680BB1204698472D6825E00628DBD9A6
S21401246009281BD1D4F8088067686560B542D6D1C3
S21401247041462046FFF77EFF3A46002361688A42BE
S21401248001D0042BD1D15D1E6B1CD8D13B6967608E
S214012490002BDBD02046984765682E460027062885
S2140124A0BAD9D4F80880A760AE42D1D141462046B9
S2140124B0FFF760FF65682E46F1E700BF00C4030022
S2140124C0024B0360024BC0E901317047E0C30300D1
S2140124D0ECC30300014B83600820704734C503003A
S2140124E0014B8360082070471CC50300014B8360C5
S2140124F008207047D0C40300044B0A689A4203BF01
S214012500034B836007200020704700BFA000090628
S21401251090C4030010B50446024805F0D3FEE060FF
S214012520052010BD3412002008B502481EF01DFB20
S214012530052008BDB0C9030008B502481EF018FB07
S214012540052008BDB0C903000B68124A10B59342B6
S214012550044615D002F18062934219D1038C1BB157
S2140125600D4B8360072010BD90F822000EF0A8FDE9
S214012570E06000B1FEE7FF2384F833300220F2E783
S214012580064B1A685379927943EA02230384F5E7E6
S2140125900020E8E7A0000902A4C403006812002096
S2140125A00B68244A10B5934204463ED007D8052B43
S2140125B032D002F17F4293420DD0002010BD1E4A58
S2140125C0934222D002F180729342F6D1FF2380F823
S2140125D033301A4B14E01A4B1B681A7B80F8222002
S2140125E001205B7B2083FF2BE8D0628B5AB16269A6
S2140125F04AB1E2693AB1228C2AB184F82C30114BE7
S2140126000720A360DAE7104BFAE70D4B1B685B79EE
S21401261080F82C300D4BF3E790F822000EF050FDB9
S21401262010B9E0600220C9E7FEE7FF2380F83330E7
S214012630074BE5E7A0000601A0000F035CC40300FA
S2140126406812002080C403006CC4030048C4030061
S21401265038C4030030B50B687C4A0446934285B003
S21401266000F0D68007D8042B1AD0052B00F0B980CD
S214012670002005B030BD764A934200F0BC8002F1DE
S21401268000729342F4D1734B1B68B3F8052041F2F4
S21401269012139A4240F09D806F4B83600720E8E753
S2140126A04B7A032B00F29780DFE803F0025F9397E3
S2140126B00A7A6A4B53F82230694A934213D153235C
S2140126C080F8273090F82B30418B80F82830012392
S2140126D0032280F8293000F1270390F822000EF03B
S2140126E029FDB0B1FEE75F4A934225D1502380F819
S2140126F0273090F82B30418B80F828302B2303228B
S21401270080F8293000F1270390F822000EF012FD20
S21401271088B9E0600122544B54481A701EF028FA1A
S21401272000235021CDE90033514A524805F0D4FE2A
S214012730D0B9E0604FE0FEE74F4A9342EAD150231A
S21401274080F8273090F82B30418B80F828302D23E5
S214012750032280F8293000F1270390F822000EF0BA
S214012760E9FC0028D5D0FEE7FEE73C4B0A7A53F891
S21401277022203B4B9A422CD190F82B305322022B2D
S2140127808EBF00230133DBB280F82B3080F8272080
S21401279080F8283080F82920418B00F12703032296
S2140127A090F822000EF0C6FC0546E06000B1FEE798
S2140127B002222D4B2D481A701EF0DAF92B465021B5
S2140127C0CDE900552A4A2B4805F086FE0028B0D0F0
S2140127D0FEE700F073FD02204BE7002023F084FCA7
S2140127E0F9E790F822000EF06BFCE06000B1FEE71E
S2140127F000F080FDEFE7174B1968038BB1F8052051
S2140128009A42E8D18A7A23300B3128F0B1FBE2E70D
S214012810104B1B68DB7A012BDDD1028B002ADAD044
S214012820164AC821137000234FF6FF720383CDE9C1
S21401283001324FF4FA72009290F822004FF4967229
S2140128400EF014FC00283FF474AFFEE7A000060269
S214012850A000090468120020FCC40300CC0A002072
S21401286098C9030080C90300FD2B0020B0C90300EE
S214012870FD2D01003412002068C90300FE2B002044
S2140128801FB50B681B4A0446934206D002F18062CC
S21401289093420BD0002004B010BD174B1A68537931
S2140128A0927943EA022343830220F4E7638B90F88C
S2140128B02200B3B10122114BC8211A7000234FF632
S2140128C0FF72CDE901324FF4FA7200924FF496721C
S2140128D00EF0CCFBE06000B1FEE7094B0720A360D9
S2140128E0D9E70EF0EDFBE06000B1FEE7FF2384F8C8
S2140128F03330D9E7A000090268120020FE2B002021
S214012900B0C403000B68244A73B5934204460AD048
S21401291002F1806202F5802293423BD0052B37D02C
S214012920002002B070BD1D4D28680379032B01D02D
S2140129300120F6E7817D173000F012FA0028F7D063
S214012940174805F0BFFC0146E06000B1FEE72868C5
S214012950C27A0091437A867AD0F8050043EA0623C4
S21401296063F30F0101230EF053FBE06000B1FEE7B5
S2140129702B68D3F80520C4F82D20B3F80920DB7A9C
S214012980A4F8312084F83330064B0720A360C8E74B
S214012990054BFAE70220C4E7A000050068120020F4
S2140129A034120020ECC40300DCC403000B6837B506
S2140129B0042B044605D0154A93421BD0002003B0D1
S2140129C030BD90F83320FF2A1ED000F12203009379
S2140129D090F8311090F832500123D0F82D0041EADA
S2140129E005210EF015FB00B1FEE7094BE06007205C
S2140129F0A360E4E7074805F065FCE06010B9064807
S214012A001EF0B3F8054BF2E7054BF0E7A000060110
S214012A1028C4030034120020B0C9030008C4030010
S214012A2018C403000B681F4A70B59342044605D0CC
S214012A3002F1A06293421BD0002070BD1A4B1022F7
S214012A401D681A4905F10A06304628F05CFA20B9D5
S214012A50D5F8053063610220EFE7022230461449BB
S214012A6028F051FA0028F6D1D5F80530E361F2E7EF
S214012A7043692BB1C3691BB10E4B83600720DCE7AA
S214012A8094F822000EF01CFBE06000B1FEE794F81B
S214012A9022000EF027FBE06000B1FEE7FF2384F87A
S214012AA03330D8E7A00009016812002038C60300B9
S214012AB026C60300C0C403000A680A4B10B59A4232
S214012AC004460CD11DF0E5FE032122200EF096FBF4
S214012AD0E06000B1FEE70720034BA36010BD0020B5
S214012AE0FCE700BFA000010028C503000B68154ADB
S214012AF010B59342044621D002F1007293421DD0D4
S214012B0002F17D4293421BD10F4805F0DBFBE060EA
S214012B1010B90E481EF029F80D4B1B689A8841F231
S214012B2013039A4205D194F82C000EF07BFB20B9D2
S214012B30E0600720074BA36010BDFEE70220FBE71D
S214012B400020F9E7A000060234120020B0C90300F5
S214012B506812002010C50300012213B50446018C3B
S214012B6001AB90F822008DF804200EF0E3FAE06045
S214012B7000B1FEE702481DF0FBFF042002B010BDC5
S214012B80B0C9030010B5416904461022064B90F8FF
S214012B9022000EF0B9FAE06000B1FEE703481DF02E
S214012BA0E7FF042010BD00BF28C60300B0C903001C
S214012BB010B5C16904460222064B90F822000EF0B9
S214012BC0A3FAE06000B1FEE7208403481DF0D0FFC1
S214012BD0042010BD24C60300B0C903001FB503A915
S214012BE005F01AFC38B90346CDE90000034A0399FB
S214012BF003481FF023F805B05DF804FB612C0100C3
S214012C003412002008B502481DF0B2FF052008BDA9
S214012C10B0C9030008B502481DF0AAFF052008BD8B
S214012C20B0C9030008B502481DF0A2FF052008BD83
S214012C30B0C9030010B5044690F822000EF052FA0F
S214012C40E06000B1FEE702481DF092FF042010BDCF
S214012C50B0C903000149FFF733BC00BFD52401000A
S214012C600122014B1A707047FF2B002004220A4BE9
S214012C7070B500251A60E0221D715A71074B1C6859
S214012C802046FFF7E7FF23682A4629462046BDE887
S214012C9070401B68184700BF5C1200203CC503004B
S214012CA01FB51B4B1A78B2B100221A481A7005F0EC
S214012CB009FB00B1FEE742F2107003A905F0ACFB78
S214012CC0034638B9CDE90000134A039911481EF0AE
S214012CD0B5FF00B1FEE7114B1A783AB100221A701F
S214012CE00F4B1049186803685B6898470E4B1A78B3
S214012CF052B100221A700A4B0C49186803685B68C7
S214012D0005B05DF804EB184705B05DF804FB00BF9D
S214012D10002C002034120020612C0100FE2B002024
S214012D203CC503005C120020FF2B00201CC60300DC
S214012D30084B094918600368002223F47F4323F0F7
S214012D4007030B60E0234B71044B0A711868036894
S214012D505B68184768120020541200203CC5030027
S214012D602DE9F04105460F460024DFF83480BC42C9
S214012D7002D30020BDE8F0812B195B782E5D063B5F
S214012D80012B06D8A01C10224146284428F0BBF887
S214012D9018B101362644F4B2E9E70120EAE700BF9C
S214012DA038C60300054B1878054B1B781843054BAE
S214012DB01B78184380F00100704700BFFF2B0020EE
S214012DC0FE2B0020002C002038B5094D04462B7838
S214012DD03BB9084908480EF037FA00B1FEE701236F
S214012DE02B7014B1034B1B782370034838BD00BF0A
S214012DF0FC2B0020F52B0020F62B002010B50B4CE9
S214012E0023787BB10A481DF0B6FE30B108481DF0A4
S214012E10AFFE2378013B237010BD0548BDE8104086
S214012E201DF0A6BE0122034B1A70F5E7FD2B00200C
S214012E30B0C90300002C00200122034B1A70034B7B
S214012E405972187200F056BAFE2B00205C12002050
S214012E507FB503681C4A23F47F4323F0070393429C
S214012E602ED1052200211720184B0EF079F900B15A
S214012E70FEE70DF1070102A80EF0E6F9014600B1E2
S214012E80FEE7BDF80C3008225BBAADF810309DF8AD
S214012E900B3019208DF81230FF238DF81330FE23E6
S214012EA08DF814309DF80A308DF81530BDF80830CD
S214012EB05BBAADF8163004AB0EF052F900B1FEE77E
S214012EC007B05DF804FB00BFA000010048C6030080
S214012ED010B5234C01F0F6FA01F0D2FC236F23F073
S214012EE0070343F0030323671DF09BFF1D4B0020E0
S214012EF09B6A9B075EBF01221B4B9A62D4F8203166
S214012F0023F0030343F00203C4F82031D4F824313C
S214012F1023F0070343F00203C4F82431D4F8403108
S214012F2023F0030343F00103C4F84031D4F86031C1
S214012F3023F0030343F00103C4F86031D4F84032B0
S214012F4023F0030343F00103C4F84032D4F80032FF
S214012F5023F0070343F00103C4F8003210BD00BF9D
S214012F600080005000C0005000E0005008B502F09C
S214012F70D3F901280ED1114B04205A6E4FF4802349
S214012F800F49520358BF0F4A4B6601F510410862BC
S214012F9058BF536603F04AFF03F0EEFE03F00EFF40
S214012FA01EF08FFCFFF794FF03F0F6FE00F0E4FB43
S214012FB000F0B8FFBDE8084004F044BC00800050B3
S214012FC00090005000A0005030B51F4D9DB009ACD8
S214012FD00FCD0FC495E80F0084E80F004FF4E133DE
S214012FE02822002112A80B9327F0B7FF174B0E22B9
S214012FF011933823139302238DF8503015938DF8CF
S2140130005830032300210DF11600179327F0A5FF72
S2140130104FF480110E4B09AACDE903133E238DF818
S21401302014303F238DF815300A4B03A9069320234D
S214013030079301238DF82030074B0848009311AB06
S21401304003F086FF1DB030BD48C903000000035AD7
S2140130503400035A012C00206C120020DC120020E0
S214013060022905D8034B1B68186808B1436A18473C
S214013070704700BFC00A002008B50449044804F0A0
S214013080A7FCBDE80840FFF79FBF00BFC40A0020A9
S2140130900013002001481EF06DBC00BFDC120020AA
S2140130A0014B1A6A18681047DC12002008B505485B
S2140130B01DF0E0FC04481DF0DDFCBDE808400348B7
S2140130C01DF0D8BC98C9030080C9030068C9030075
S2140130D001481DF047BD00BFB0C9030008B5064B47
S2140130E0834207D1054B1B7823B1C8B20DF0E8FF28
S2140130F000B1FEE708BD00BF08130020212C002008
S21401310030B500250368344A23F47F4323F00703D0
S21401311085B0934204460295ADF80C5035D002F5C1
S214013120802293420CD0A2F18272934251D12B4B52
S2140131301B78002B4DD005B0BDE830401EF044BED4
S214013140B0F80530232B44D1FF2304A91A4611E910
S21401315003001DF063FC012814BF41F2FC151F4B50
S2140131604FF0230108BF187005F0FC0220790EF01D
S2140131700DF800B1FEE71A4900902379194A09684B
S214013180194800F04BF920B3FEE7B0F80530B7EE6A
S214013190047A07EE903AF8EE677AB0F8073067EEF1
S2140131A0877A013307EE103AB8EEC77A67EE877A68
S2140131B0B1EE047A67EE877AFAFE677AFCEEE77A72
S2140131C017EE903AB3F57A7F38BF4FF47A73044A14
S2140131D0136005B030BD00BFA0000602212C002000
S2140131E0D80A0020DD300100081300200421002247
S2140131F0034B19711A6019739A6019751A61704731
S214013200401300202DE9F8431F4B06461B78ABB947
S2140132100325DFF87C901D4C59F8043BB34207D1D7
S21401322030461DF02CFC01280AD11EF08BFD2060D3
S214013230013D15F0FF0504F10804EDD1BDE8F88362
S21401324030461DF01CFC80460028F1D11EF07AFDA8
S2140132502368C71AFA2005F0CDF8B84202D984F8D7
S2140132600480E5E74FF47A7005F0C4F8B84202D955
S21401327001232371DCE741F2883005F0BBF8B84240
S2140132808CBF02230323F4E7190D0020401300200E
S214013290CC0A002070B500240426074D297904299C
S2140132A003D0E0B2FFF7C8FD2E710134032C05F1FF
S2140132B00805F3D170BD00BF4013002038B50024C7
S2140132C0094D55F8040B1DF0DAFB012804D11EF058
S2140132D039FD064B43F834000134032CF1D10022AA
S2140132E0034B1A7038BD00BFCC0A002040130020E3
S2140132F0190D0020064B1A784AB9012119700421CC
S214013300044B19711A6019739A6019751A6170471E
S214013310190D002040130020074B187850B9074BB1
S2140133201A79042A06D11A7B042A03D1187D031FB1
S21401333058425841704700BF190D00204013002025
S214013340094B1B785BB9094B1879042809D11A7BFC
S214013350042A07D11B7D042B08BF012070470120DA
S21401336070470420704700BF190D0020401300204D
S214013370012208B5074B1A700022074B1A70042267
S214013380064B1A701F22064B1A7003F079FD054B87
S214013390186008BD1C0D0020222C00201B0D0020EB
S2140133A01A0D00205813002038B505461DF055FDAE
S2140133B000230B4A14685CB1AC4206D1A96A6BB112
S2140133C099621DF050FD012007E02346A46AF2E74A
S2140133D0002DF3D01DF047FD204638BD1160F0E703
S2140133E05C13002010B5044698B104F06BFF20462C
S2140133F0FFF7DAFF10B194F82C300BB9002010BD9E
S2140134001DF02BFD044A1368013B13601DF02BFDD4
S214013410F4E72220F3E700BF601300202DE9F04314
S21401342085B00546914698460E469DF8307009B916
S214013430002F5CD12846FFF7D5FF0446002836D179
S21401344085F82C00686305F079F8864233D904F0D4
S214013450CBFF2146844640F2E7304FF47A720023D0
S214013460E6FB0C011BF030F84FF0FF3200231BF097
S2140134702BF82B46E88611462846CDE900441D4A1E
S2140134801EF03BFC044690B9C5E9089885F82D70F6
S2140134902E631DF0E2FC184A136833B31A469B6A82
S2140134A0002BFBD195620023AB621DF0DCFC2046AD
S2140134B005B0BDE8F08347B12B4631462846CDE935
S2140134C000440C4A04F0C6FFDCE7304603A904F0CA
S2140134D0A3FF04460028EAD12B462846CDE900770B
S2140134E0044A03991EF0E5FBCCE71560DBE72124CF
S2140134F0DDE700BFFD3401005C13002091F82C309D
S21401350013B50C4683B98B8ECA8E93420ED243B93D
S214013510CDE9003320460B46104A4FF0FF311EF02E
S214013520ACFBA38E0133A38602B010BD52B191F855
S2140135302D307BB101230093D1E908232046096B86
S214013540FFF76CFF0123064A84F82C301368013319
S2140135501360E9E7084604F0B5FEF3E7FD34010021
S214013560601300202DE9F041144E336823B34FF069
S2140135700008134F1DF071FC05463C6824B9284627
S214013580BDE8F0411DF06FBC94F82C3093B1336860
S21401359084F82C80013B336094F82D3013B9204613
S2140135A0FFF702FF28461DF05EFCD4E908312046ED
S2140135B09847DFE7A46AE1E7BDE8F08160130020E1
S2140135C05C130020034B1B68002B14BF0420012052
S2140135D0704700BF60130020024B1868B0FA80F0F5
S2140135E040097047601300200348044A0449121A30
S2140135F092101DF01BBA00BFC0180400C0180400CA
S2140136003C2D002008B500F02FF8FFF7EDFF124B18
S21401361012498B4212D30020114B12498B4218D308
S214013620FEF76EFE186850F82240586840F82240AF
S214013630013298688242F5D30C33EAE70022F8E7B4
S2140136401C6844F8220001325C68A242F8D30833B1
S214013650E4E70022F8E700BF5C14040068140400E5
S21401366068140400681404004FF400414FF0FF3062
S214013670124B134A10B59A60D3F8882042F47002B0
S214013680C3F888200F4A916601F1884101F500527E
S21401369010664FF6DF7050660220C3F8D000BFF305
S2140136A04F8FBFF36F8F08244FF440330648C0F89E
S2140136B08041D36004600B6110BD00BF00ED00E0E7
S2140136C0002001000090005000E100E0014B186866
S2140136D0704700BFE00A0020084B1B6F03F007038A
S2140136E0022B04D0032B05D0012B05D0FEE7044B9B
S2140136F018687047034BFBE703487047008000508B
S214013700E00A0020E80A0020002D310108B5FFF785
S214013710E3FF054B1B6FC3F303330133B0FBF3F039
S214013720024B186008BD00BF00800050DC0A002074
S2140137300048704700B4C404014B1868704700BFC6
S214013740E80A0020054B1860054B1B6F03F00703C2
S214013750032B01D1FFF7DABF704700BFE80A00204C
S2140137600080005000487047002D3101014B186859
S214013770704700BFE40A002000239B6A10B5B3F52A
S214013780903F11D219680A4A91420DD1094C22780C
S21401379012F0FD0F01D0002010BDDB69984700280C
S2140137A0FAD101232370F6E74FF48170F4E700BFE6
S2140137B007B0CD5E232C00204FF00053074A1A6055
S2140137C0BFF34F8F0649074BCA6802F4E062134302
S2140137D0CB60BFF34F8F00BFFDE700BF02020FF0C3
S2140137E000ED00E00400FA050346054A05491068A5
S2140137F003448B428CBF4FF0FF301360704700BF0D
S214013800EC0A002000800020F7B504680121054677
S2140138103A2000F07DFD002301226179207901F034
S21401382089FB14233021227911FB023101F1A041D9
S21401383001F5703109686379D940C943A37901F06C
S2140138400101022B217017D100F0C2FA164A2B464D
S2140138506179207900F0E6FAFF28024660790ED1F8
S2140138602A46114900F008FB0123024661792079B6
S214013870CDE9003301F004FB002003B0F0BD0126C2
S2140138802779002301460096384601F0B3FB2A4605
S2140138900549607900F0F0FA002361790246207943
S2140138A0009301963346E5E7890A030010B5012225
S2140138B043780178847830209A40054B00FB013329
S2140138C01CB942F210015A5010BD41F21001FAE73C
S2140138D000C0035010B50122437801788478302067
S2140138E09A40054B00FB01331CB941F210015A50B6
S2140138F010BD42F21001FAE700C003502DE9F04F67
S2140139009A46564B85B01B7806460F461546DDF897
S2140139103C909DF844B0DDF85080002B00F0978075
S214013920072A00F296800E9B002B00F09280B9F1D8
S214013930000F00F08E80129BB3F5006F00F38980B4
S214013940012803D1109B002B00F08380444B03EB2E
S21401395005131B7B002B7ED0424C102200216846AB
S21401396027F0FBFA04EB45141022A7BB3946204684
S21401397027F0F3FA43F210036380BBF1000F03D183
S214013980E37843F00303E370364A0E9B02EB451CD3
S214013990CCE90193129B6901581E9DF84C30C0F387
S2140139A00A0003F003039B0643EA001E53582E4801
S2140139B0012E00EA03004EEA0003CDF800A05350A2
S2140139C017D0B8F1000F2ED19CF8023068F304131B
S2140139D08CF8023027E00021204627F0BEFA4FF48B
S2140139E044736380BBF1000FCED1E37843F030031C
S2140139F0C9E713230CF1100ECCF80C309CE80F002D
S214013A008EE80F006FF00301DCF81C20109B61F3B9
S214013A109F02012FCCF81C20CCF8143003D1CCF82F
S214013A201890CCF8043000270D4A290102EB051343
S214013A3042F80180159A28465A60694622469F60D8
S214013A405E7301F053FB384605B0BDE8F08F0748BA
S214013A50FAE70748F8E70748F6E700BF242C0020F6
S214013A6064140020641300200F80FFF3028000F02E
S214013A70018000F0078000F038B5124B05461B7830
S214013A80DBB1E0B11DF0E9F90F4A00231146147BC2
S214013A9054B92B6001251A0101EB03131D738C50D9
S214013AA01DF0E1F9204638BD0133082B02F1100262
S214013AB0EDD11DF0D8F90548F5E70548F3E70548C7
S214013AC0F1E700BF242C002064140020048000F0DD
S214013AD0028000F0018000F038B51DF0BEF9002329
S214013AE005460B4A147B6CB90133082B02F1100210
S214013AF0F8D101F09DFA074B28461C701DF0B3F96A
S214013B00204603E028461DF0AEF9034838BD00BF45
S214013B1064140020242C0020058000F00D4B10B505
S214013B201B78044693B1072812D81DF096F90A4B64
S214013B3003EB04131A7B2AB100241C731DF093F9BE
S214013B40204610BD1DF08FF90448FAE70448F8E74F
S214013B500448F6E7242C002064140020068000F0B8
S214013B60028000F0018000F0154B13B518680023A1
S214013B7001908DF804301DF070F9124B1C7824B1B9
S214013B801DF071F9104802B010BD01221A701DF027
S214013B906AF90E4B01A81C731C7783F82C4083F836
S214013BA03C4083F84C4083F85C4083F86C4083F8D3
S214013BB07C4008238DF8073001F066FA2046E2E7DC
S214013BC018CA0300242C0020038000F0641400208F
S214013BD00A4A08B512785AB107280BD8084A02EBE8
S214013BE000131B7B43B1002101F040FA002008BD01
S214013BF00448FCE70448FAE70448F8E7242C0020C8
S214013C0064140020028000F0018000F0078000F0BC
S214013C100A4A08B512785AB107280BD8084A02EBA7
S214013C2000131B7B43B1012101F020FA002008BDDF
S214013C300448FCE70448FAE70448F8E7242C002087
S214013C4064140020028000F0018000F0078000F07C
S214013C500A4A08B5127852B107280AD8084A02EB70
S214013C6000131B7B3BB101F08BFA002008BD054811
S214013C70FCE70548FAE70548F8E700BF242C0020D2
S214013C8064140020028000F0018000F0078000F03C
S214013C900D4B1B7893B1072812D889B10B4B03EB58
S214013CA000131B7B73B10A4B1A6D01238340134229
S214013CB014BF0123002300200B707047054870478E
S214013CC00548704705487047242C002064140020DE
S214013CD000000450028000F0018000F0078000F030
S214013CE00B4A10B512780C4662B107280CD859B1A8
S214013CF0084A02EB00131B7B43B101F053FA207014
S214013D00002010BD0448FCE70448FAE70448F8E739
S214013D10242C002064140020028000F0018000F0B2
S214013D20078000F0184B2DE9F0411F6D5B6D1F40B9
S214013D3000D5FEE701260025144CDFF858803742EF
S214013D4018D02368C8F85060A3B1A168284601318D
S214013D506268A1609847637B012B0BD150B90C4B6D
S214013D6003EB45131A7B60F341021A731A7F60F363
S214013D7041021A770135082D4FEA460604F1100470
S214013D80DDD1BDE8F08100BF0000045064140020BE
S214013D90641300200020045070B5044601250B4E24
S214013DA004B970BD94FAA4F0B0FA80F005FA00F3F5
S214013DB006EB001224EA03045368002BF0D0117BB3
S214013DC011B191689847EBE79847E9E7E4140020BA
S214013DD008B5192000F080FD28B14FF00072074B9E
S214013DE0C3F880211A601A2000F076FD28B14FF042
S214013DF08062024BC3F880211A6008BD00E100E032
S214013E0038B505460C461DF028F80022044B03EB96
S214013E1005135C601A73BDE838401DF024B800BF76
S214013E20E4140020F8B504460D4617461E461DF05C
S214013E3014F81CB9052D0DD0FF2414E0012C03D174
S214013E40012DF9D1032405E0022CF5D17DB1052D14
S214013E50F2D10724074904F1100301EB03110123F2
S214013E60C1E901760B731CF0FEFF2046F8BD06245F
S214013E70F0E700BFE4140020F8B505460E461746E5
S214013E801CF0EBFF134B2C46D3F8242405F0FC0161
S214013E9022FA05F3DB0712D500230133DBB2042B2C
S214013EA004D1FF241CF0DFFF2046F8BDEC1804F017
S214013EB003040C4422FA04FC1CF0010FEDD1FF2C84
S214013EC0F0D00122044B03EB0413C3E901671A7314
S214013ED0E8E700BF00C00350E4140020074BD3F806
S214013EE02404D3F8202403F50053104000F0553085
S214013EF020F05020C3F82004FFF74EBF00C0035047
S214013F00074BD3F82404D3F8202403F500531040BC
S214013F1000F0AA3020F0A020C3F82004FFF73CBF31
S214013F2000C00350024B1968024B186813F06EBAB2
S214013F30F00A0020100B002070B5940022460546BA
S214013F400E4628F02DFA431C0AD058B922463146AF
S214013F50284626F0D8FF0028034808BF002070BD79
S214013F600248FCE70248FAE710E000F021E000F022
S214013F7024E000F010B5044628F016FA431C10D0D1
S214013F8088B901F0D1F9234620F003002044984275
S214013F9001D1002010BD53F8042B0132F7D003489D
S214013FA0F8E70348F6E70348F4E700BF0EE000F041
S214013FB021E000F024E000F008B51CF047FF014BBB
S214013FC0186008BDD41D0020014B18681CF042BFC4
S214013FD0D41D0020044BD3F88420D206FBD4D3F89A
S214013FE08400C0F3811070470040005038B5104B74
S214013FF00546D3F820310C4603F00303022B0BD001
S214014000032B0DD0012B0FD1FFF760FB052305B164
S214014010286004B1236038BDFFF78EFB0323F6E763
S214014020FFF7A0FB0223F2E701230020EFE700BF22
S2140140300080005073B50D4600210E4B0191D3F858
S2140140408041064604F00304012C09D0022C0CD052
S2140140500C460EB1019B336005B12C6002B070BDF9
S21401406001A8FFF7C3FF0F24F3E7FFF77BFB0190DF
S214014070EFE700BF0080005038B5184B0546D3F86F
S21401408024010C4600F00700062823D8DFE800F0DC
S214014090040A121A1E0E1600012305B1286004B187
S2140140A0236038BDFFF712FB0523F6E7FFF70EFB8B
S2140140B00623F2E7FFF740FB0323EEE7FFF73CFB9F
S2140140C00423EAE7FFF74EFB0223E6E71CF0B9FC00
S2140140D00723E2E700231846DFE700BF0080005011
S2140140E038B5104B0546D3F840310C4603F00303B0
S2140140F0022B0BD0032B0DD0012B0FD11CF0A3FCF0
S214014100092305B1286004B1236038BDFFF72EFBF3
S2140141100823F6E71CF09AFC0B23F2E701230020A4
S214014120EFE700BF0080005038B5144B0546D3F8C2
S21401413000020C4600F0070004281BD8DFE800F058
S21401414003090D111500012305B1286004B1236090
S21401415038BD1CF078FC0923F6E7FFF707FB0823B8
S214014160F2E71CF073FC0B23EEE7FFF7CFFA0E2302
S214014170800AE9E700231846E6E700BF0080005002
S21401418038B5104B0546D3F840320C4603F003030E
S214014190022B0BD0032B0DD0012B0FD11CF053FC9F
S2140141A0092305B1286004B1236038BDFFF7DEFAA4
S2140141B00823F6E71CF04AFC0B23F2E70023184617
S2140141C0EFE700BF0080005038B5104B0546D3F826
S2140141D060310C4603F00303022B0BD0032B0DD0EA
S2140141E0012B0FD11CF02FFC092305B1286004B167
S2140141F0236038BDFFF7BAFA0823F6E71CF026FC61
S2140142000B23F2E701230020EFE700BF00800050F8
S21401421010B40D4C0B46D4F8204204F00304012CD4
S2140142200AD0022C0CD008B1002101600BB100228B
S2140142301A605DF8044B70475DF8044BFFF7D6BE75
S2140142405DF8044BFFF74CBF0080005038B50C46B4
S21401425005461CF0FBFD054B9A6A54402C40544021
S2140142609C62BDE838401CF0F5BD00BF00C00050A0
S214014270B0F5207F1FD009D8B0F5007F15D003D840
S21401428068B1B0F5C07F0AD000200CE0B0F5607FC1
S214014290FAD10B4BD3F88000C0F3011003E0084BB2
S2140142A0186FC0F3033001307047054BD3F8900008
S2140142B0C0F30460F7E7024B186FC0F38020F2E703
S2140142C0008000504FF400320E4B014610B500201E
S2140142D09A66FFF7CDFF484341F671320A490B4B08
S2140142E0884294BF00200120DC69DA639A6822F4D0
S2140142F0401242EA00529A60E20344BF0022DA63A7
S21401430010BD00BF00900050005A6202000003502A
S214014310420910B50FD0012A0FD00A4B0A4C022AC7
S21401432018BF234600F01F0049B103F58053012250
S21401433082401A6010BD1346F4E7044BF2E703F51A
S2140143400053F4E76880005060820050648000509B
S21401435008B580201CF09CFC034B98429EBF4FF48E
S2140143608032024B1A6708BD005A620200A0005054
S2140143701FB50023B0F5807F019377D028D8382861
S21401438000F094800BD82438092810D809280ED8B4
S214014390DFE800F0676767670D0D620D377D52280D
S2140143A05FD008D83D283BD03E2800F08480019895
S2140143B005B05DF804FB8028F9D1414B1B6F03F073
S2140143C00703013B032BF2D8DFE803F044413F6CBF
S2140143D0B0F5D06F5BD019D8B0F5A06F66D00AD80B
S2140143E0B0F5806F3DD0B0F5906FE0D1002001A907
S2140143F0FFF742FEDBE7B0F5B06F2DD0B0F5C06F2A
S214014400D5D1002001A9FFF76BFED0E7B0F5006F0C
S214014410ECD00AD8B0F5E06F4DD0B0F5F06FC6D14C
S214014420002001A9FFF7D0FEC1E7B0F5086FBED1A5
S214014430234BD3F8003103F00303022B2CD0032BBC
S2140144402ED0012B30D1FFF777F9032300E00523A7
S2140144500193ACE70223FBE7002001A9FFF7EAFD81
S214014460A5E7002001A9FFF7C1FDA0E702934FF0E1
S214014470E0231B695B0705D5FFF748F90C23039377
S214014480039BE5E703A902A8FFF72AFEF8E7002049
S21401449001A9FFF749FE8AE7FFF768F90823D7E77E
S2140144A01CF0CFFA0723D3E70123D1E7002001A9A7
S2140144B0FFF7AEFE7BE7002001A9FFF761FE76E776
S2140144C0008000504FF40022034B5A66012203F588
S2140144D080439A62704700BF0090005008B5FFF70E
S2140144E047FF082811D00938012802D94FF6FF7076
S2140144F008BD4FF40012064B5A6603F5D8335B6AC3
S214014500DB07F3D54FF4FA70F2E7024B1888EFE7B2
S21401451000900050040D0020F8B504468020FFF7F7
S21401452027FF032800F087804FF40022424B022128
S2140145305A6645F60E03414AC2F88030404B9962EE
S214014540012103F580539962936DD903FCD4D4E914
S21401455000131B0543EA0163E17B94F820500B43EB
S214014560217BE77E43EA0143617B6D0143EA013328
S214014570A17B43EA811313619169D4E904031B0605
S21401458043EA806301F000410B43A17E94F82300C7
S2140145900B43217E43EA0143617E43EA0123936193
S2140145A0136AE66923F00D0394F8221043EA8703A1
S2140145B0002E2DD11362966A94F8213045EA031332
S2140145C026F033052B4343F0010393621D4D1B4B2D
S2140145D09A6D35EA0202FBD10222194DAA621A65CA
S2140145E09A6D5200FCD41A69A56822F4700242EA58
S2140145F005521A614FF00042114B9A6119B9022215
S21401460003F580539A6278B901220F4B9A620BE048
S214014610334343F008031362936A23F033030343DF
S2140146202B4343EA4103936294F824301BB1034BB6
S214014630064AC3F88020F8BD0090005000C0005024
S21401464000D000500300014000E00050F1A7FFFF3A
S2140146501E4BFF2870B59E6A35D89A6D12F4803FBE
S21401466018BF01211A4A18BF9162022191629B6DFF
S214014670DC0303D5154A936D9907FCD50222144B2A
S214014680124D1A65AC6D14F08044FBD1114AAB692A
S21401469092F9002023F47F03024423F47F4382F33C
S2140146A0080243EA002343EA0243AB613146022093
S2140146B0FFF7CCFDAB6DDB0303D531460120FFF7D9
S2140146C0C5FD204670BD2124FBE700BF00C0005099
S2140146D000D00050252C0020014B93F900007047B4
S2140146E0252C002001221548154B816A9A62826D9D
S2140146F002F00302032AFAD102229A621A650F4ACD
S214014700936D5B00FCD40F48936D30EA0303FBD135
S21401471001220B4B1A65A3F580539A6D9007FCD4C2
S2140147209A6D9207FCD50222054B1A65034A936DD2
S2140147309B07FCD50320FFF789BD00BF00C00050D2
S21401474000D0005003000100014B1880704700BFE5
S214014750020D00204FF4001208B5184B5A660223CA
S214014760174A5360936813F48033FBD1012822D192
S214014770FEF7E2FF134B984215D003F5122303F51B
S214014780F863984213D0104B00EB8002400AB3FB4B
S214014790F0F3520A0A49CA620B6301234B620022F4
S2140147A0074B5A6008BD45F67A13084AF2E745F604
S2140147B01A03074AEEE75362F1E700BF0090005084
S2140147C00040025000F0490264666666D8B80500EB
S2140147D0BBCF0500B0F5207F10B50C4642D008D8F7
S2140147E0B0F5007F33D003D888B1B0F5C07F0ED0C6
S2140147F010BDB0F5607FFBD11F4A4C1ED2F8803049
S21401480023F0300343EA0413C2F88030F0E71CF0CB
S21401481037FA1CF001FB4FF48031184B164A196722
S214014820136F013C23F4704343EA04331367FEF726
S2140148306DFF0446FFF7CEFBC0F1020120461CF0D7
S214014840E5FA00F02DF8BDE81040FFF781BD0A4AF1
S2140148504C1ED2F8903023F0F85343EA0463C2F8B2
S2140148609030C5E7044A4C1E136F23F4806343EA75
S21401487084231367BCE700BF0080005000900050FF
S21401488008B50121022000F0F5F81CF0F9F91CF03A
S214014890C3FA4FF48032014B1A6708BD00900050EE
S2140148A008B54FF4C0701CF0F3F9BDE808400449A0
S2140148B0884294BF012102214FF42070FFF78ABF7E
S2140148C080F0FA02034B5868C0F30800003818BF9E
S2140148D00120704700ED00E0054B420953F82230F5
S2140148E000F01F0023FA00F0C04300F001007047FB
S2140148F000E100E010B5224B70B94FF40031214AB7
S2140149001860516602F598325268012A03D11E4A90
S214014910D2F800211A6010BD1B68002BFBD01B4A81
S2140149205268012AF7D0184A8020C2F80031FFF7F2
S2140149301FFD05281FD14FF4C070FFF799FC012811
S214014940044604D102214FF4C070FFF743FF07224B
S2140149500F4B1A610122A3F580535A600B4A136963
S214014960DB07FCD5012CD6D12146BDE810404FF41B
S214014970C070FFF72FBF0122064B5A60CBE700BF7E
S214014980D81D0020009000500080005000C001504B
S21401499000E0015000D00150044A4178536F23F4DF
S2140149A0407343EA01235367704700BF004000503D
S2140149B010B5044610B10020FFF79CFF104A13699A
S2140149C043F00403136103F04FFA1CF04FFA0D4B4A
S2140149D00D4AC3F820241CF039FA27F0DDFC1CF040
S2140149E039FA1CF044FA03F067FA1CB9BDE8104026
S2140149F0FEF78CBE0120BDE81040FFF77BBF00BF6D
S214014A0000ED00E000E003500000FF0F10B5044683
S214014A1010B10020FFF76EFF0E4A136943F004033E
S214014A2013610D4B0D4AC3F8202403F01DFA1CF048
S214014A300DFA27F0B1FC1CF00DFA03F03DFA1CB993
S214014A40BDE81040FEF762BE0120BDE81040FFF74A
S214014A5051BF00BF00ED00E000E003500000FF0F73
S214014A60034A0179D36E23F030030B43D3667047B4
S214014A7000400050F8B504461C4BD3F88420D106FC
S214014A80FBD4D3F88430C3F381139C422CD0FEF7B9
S214014A9023FE012C064602D121461CF0B7F91CF074
S214014AA0D5F94FF00072124B07465A6620461CF0A5
S214014AB0E5F94FF480630D4D621E93402B676B6ED4
S214014AC09A0103D4D5F884309B060AD538461CF0E3
S214014AD0C1F9022C08D13046BDE8F84000211CF08F
S214014AE095B9D5F88430EAE7F8BD00BF004000501C
S214014AF00060005010B50C4608B9FEF7EDFD074BF7
S214014B0021461B783BB1064B984204D80120BDE8EC
S214014B101040FFF7AFBF0220F9E700BF262C0020A8
S214014B20005A62020278034B012100201A70FFF737
S214014B30E1BF00BF262C00204FF0004238B5264BBF
S214014B4026495A6601224A604AF6CD3103F50B23FF
S214014B505D6C1964154030BB9968C9070BD40024F5
S214014B6001221F4B5A6015B11E4B1F4A1A6425F0CD
S214014B702BFD204638BD1A498A601C4AD96ACC07E3
S214014B8005D4904201D10724EAE70130F6E79042C6
S214014B90E5D1F8E70132DC6A14F0080406D08A424F
S214014BA0F8D10724DFE700221049F4E78A42F8D05B
S214014BB020220B4B0B495A620122A3F580539A60BF
S214014BC023460A4A486A800603D49342E9D0013351
S214014BD0F8E79342C7D1E4E700900050005009502F
S214014BE000600950004009503254FFFF40420F0058
S214014BF04FF0004238B5174B174C5A66012203F5A1
S214014C000C235A604AF6CD33656C2364437893408F
S214014C101343124AD363C3788178A2689B0043EAA0
S214014C20011322F074021343A3600279837943EAE5
S214014C30022323614279C37943EA02236361007840
S214014C40FFF77AFFEB0744BF054B236425F0BCFC56
S214014C50012038BD0090005000400950004000502F
S214014C603254FFFF10B504461CF00DF9002341F243
S214014C7002020849E360A360226104F50052E36181
S214014C806361A36123626362E362A3645164A36206
S214014C9010BD00BF7F370C0138B50446154639B93B
S214014CA01848844214BF084638201BF0F1FF01461D
S214014CB06368A36803F0E003402B1AD003D8D3B18E
S214014CC0202B1AD038BD602B19D0802BFAD10123A6
S214014CD06B434901B1FBF3F10B4A2039204602EA46
S214014CE0C10201211CF0CBF8A262BDE838401CF0DD
S214014CF0C6B80623ECE71023EAE70823E8E704230F
S214014D00E6E700BF0000035AF8FF7F00F8B54368E6
S214014D1004460D4616461BB140F2FF711CF0AFF873
S214014D202046FFF79FFFE9896B7B22690B43298A9F
S214014D3022F44C520B4322F0030213432361A26870
S214014D402B7B297E22F0804222F0E2020B431343A2
S214014D506A69AF681343A3601FB9A36843F00043B1
S214014D60A360EB69002B57D0987A1A7A4004A168A1
S214014D7040EA82503E4A0A4010439A8802F4C042F2
S214014D8010435A7840EA82005A7B40EAC2009A7B76
S214014D9040EA02109A7840EA8220A060E168D3E9EE
S214014DA0042021F4D81121F4C06102430A43997901
S214014DB042EA8122D97942EA4122E2601A78012A3E
S214014DC005D1E26842F00402E2602A4A06E0032ABC
S214014DD03DD1E26842F00402E260274A0121C2F8AE
S214014DE0C0105A7A04F580510A621AB1E26842F498
S214014DF00062E260DA7A4AB1E268204942F400428F
S214014E00E2601A7B02F00F02C1F88020E269DB7BC8
S214014E1022F003021343E36136B196F8203004F51D
S214014E208051C3B101238B61052120461CF048F84F
S214014E301FB13A466968FFF72FFF204629781CF014
S214014E405CF8236CDB4313F4405FFAD1F8BD023AF9
S214014E50012AC2D9B9E7626996F8223096F821008C
S214014E6022F009020343134343F001034B61DBE7DE
S214014E70E39BBDFF00E4035000D4035000900350B1
S214014E80072A2DE9F041154698464FF0030401F034
S214014E9003072DD89600B44000FA06F221461C48B6
S214014EA01CF03AF821461B4807FA06F21CF034F8C3
S214014EB0194B1A499DF81800B8F1000F18BF19468A
S214014EC0012303FA05F50D60154B1649002818BF96
S214014ED00B461D60144B9DF81C00C3F8205410317E
S214014EE003F22443002818BF0B461D60BDE8F0817D
S214014EF0A2F10806B600B44000FA06F221460B48B5
S214014F001CF00AF821460A4807FA06F2CEE700BF67
S214014F1000C4035008C4035010D4035010E40350D7
S214014F2014E4035014D4035000E0035004C40350A7
S214014F300CC40350F8B504460D461F4616464AB142
S214014F4001238B403021184A01FB0022F7B141F2C0
S214014F501001535004EB4403072D4FF00F014FEAA5
S214014F60031316D8A80006FA00F281400F48184429
S214014F701BF0D2FF4EB9012330210B4AAB4001FB97
S214014F80042277B141F210015350F8BD42F21001EC
S214014F90DFE7A5F10800800006FA00F28140044828
S214014FA0E5E742F21001EFE700C0035004C00350EA
S214014FB00CC0035010B50C4B0C4C0D4A0140C4F804
S214014FC03004C3F83014C3F82C04D36E03F0300356
S214014FD0202B1FBFD36E23F0300343F01003D3669C
S214014FE0C4F8200410BD00BF00D0035000E00350F9
S214014FF00040005038B514461D46032283F00103D5
S214015000FFF798FF012004F11001884005FA01F12D
S214015010FFF7D0FF9DF81010034B044A002918BF74
S2140150201346186038BD00BF24E4035024D403504F
S2140150304FF400120B4B10B5C3F88020BFF34F8F0F
S214015040BFF36F8F0024FF22074B21465C652020AB
S2140150509A625C60FFF75CF92146BDE810402120AA
S214015060FFF756B900E100E000000450044A054B82
S214015070002908BF1346012282401A60704700BF0C
S214015080401004504020045010B501210446202051
S214015090FFF73EF901212120FFF73AF90122114BD2
S2140150A05A60227812069A606178A27842EA014232
S2140150B09A61FF229A6200229A631A644FF00042B4
S2140150C05A654FF0FF324FF4001103F500531A658D
S2140150D0054AC2F88011E3781B01DBB282F815336A
S2140150E0116010BD0000045000E100E0F8B5012594
S2140150F0C3B2DFF888C0D1F800E09D408F7ACB7A42
S2140151000C46097BCCF850500CF5005C4CF820E0BE
S2140151104FF0300E174E1B050EFB006094F80DC0C5
S21401512043EA074343EA415322F00302C0F860C052
S214015130C36502671BF091FE736D227A2B4373657C
S2140151400D4B02B11D64627A02B19D632279A37987
S21401515043EA0243094A93616179E37943EA0143E9
S21401516005498B61034B55639D64BDE8F8401BF010
S2140151707ABE00BF00000450001004500020045006
S21401518010B50124C0B284401BF067FE044B5A6D73
S21401519022EA04025A659C62BDE810401BF063BE19
S2140151A00000045010B50124C0B284401BF055FE27
S2140151B0074BDA6A224208D15B6B9C430CBF012481
S2140151C000241BF050FE204610BD0024F9E700BF66
S2140151D0000004504FF40032054B9A6641F67132D6
S2140151E003F51C33DA63012203F50053DA607047D6
S2140151F00090005041F671320121064BDA6303F547
S2140152000052D1600022DA634FF40032A3F518335E
S2140152109A66704700000350CB784A7810B55B0158
S2140152200C7843EA82030A79234343EA02130C22E9
S214015230424302F1B0421363012C02BF8A78024B4B
S21401524043F8202010BD00BFE880035008B54FF09A
S214015250B0435A686AB958B15B680BB11BF06BFE74
S21401526001210D4B59601BF066FE4FF0B043D9602B
S21401527008BD5B680BB11BF05EFE0028F0D11BF089
S2140152805AFE4FF0B0430222DA601BF054FE0122B0
S214015290024B5A60ECE700BF00100058002000588F
S2140152A04FF0B0414B6810B50BB11BF044FE012224
S2140152B00B4BC4785A608378934043EA840344785E
S2140152C02343047943EA0413447943EAC4038B6015
S2140152D0044B5A600378C3F10203CB6010BD00BFD4
S2140152E000200058001000584FF48032064B5A66D2
S2140152F003F5E6235B69C3F38512827003F03F0270
S2140153001B0B42700370704700900050014B986C65
S214015310D96C70470080E00F024B1868C0F3074055
S214015320704700BF0080E00F0120034B9B680A33E3
S21401533003F01F03984070470080E00F38B504461D
S214015340054D25F065F90FCC0FC594E8030085E8F7
S2140153500300002038BD00BFDC1D002047F6FF73A8
S2140153609A42F0B56FD002296FD8394B5B5C012B9E
S2140153706BD8384DDF0005EBC30415F83330A17840
S214015380012B13D10025E078401AA84202D8084420
S214015390C0B2F0BD431B6668A0EB530336F9136039
S2140153A09642D4BF1D4603F1FF30EEE76068002841
S2140153B0EFD0B0F90040944204DBB0F902409442C9
S2140153C0B8BF144683883D44FF2B19BFC8224FF04F
S2140153D0280CB0F90620B0F908C0A2EB04030CBFF4
S2140153E00126002693FBFCF333446E781BB29E42E3
S2140153F001DD002B01DA731E1BB24FF47A7C0133F8
S2140154009BB2071D5D1E2DB24FEAC50E00EBC5050A
S214015410EA88AD689E4214FB025222EAE27202F169
S2140154205C02B2FBFCF204DD37F8335001339542DF
S214015430E8D200EB0E039888904228BF10468842B7
S21401544038BF0846A4E7FF20A3E70020A1E700BF76
S2140154503DCA0300DC1D00200229F0B555D82C4BAF
S214015460585C012851D82B4C04EBC00114F83000CD
S2140154704B6801280FD1C8788C78904294BFC4EB52
S2140154800001C4EB0201001BCAB28242C8BF00225F
S21401549033F91200F0BD002B37D08878904202D342
S2140154A0B3F90200F6E7CC78B3F900009442F1D9DB
S2140154B04C789988013CA1F1FF06714203F104057D
S2140154C0E4B2714103F10C07CEB2B44216D805EB33
S2140154D0C1014FF47A756A43B1F902404968521A1C
S2140154E004EBD47102EB610292FBF4F29042D1DB41
S2140154F0B3F902009042CDDC10B2CBE737F831C0E9
S2140155004E1C9445E3D33146DEE70348C2E700BFAD
S2140155103DCA0300DC1D00200080FFFF08B50448DB
S214015520FFF70CFFBDE80840012025F075B800BF65
S21401553040CA030000487047060D00207FB51422BC
S214015540002101A825F009FD044B01A94FF0FF3009
S214015550029325F096F807B05DF804FB006A180080
S2140155601B0603F0706300F00F000902034301F409
S2140155707061120402F470220B431343014A136054
S214015580704700BF0020025C60B5054619B10139BD
S214015590B1F5806F0FD2094EF06810F48030FBD160
S2140155A043EA012312072B4302F08052134343F0D0
S2140155B00043736060BD0120FCE700BF0020025C71
S2140155C00122054B9A60DA68D203FCD4D86820F031
S2140155D00F000004000C70470020025C014B1868A5
S2140155E0704700BF0040025C014B5868704700BF1F
S2140155F00010025C014B186B704700BF0010025C84
S214015600014B1868704700BF0010025C014B9860A0
S214015610704700BF0010025C014B1864704700BF62
S2140156200010025C014B5864704700BF0010025C1A
S214015630014B5863704700BF0010025C0022014B0B
S2140156401A6070470010025C024A136843F00103B7
S214015650136070470010025C024A136823F00103CE
S214015660136070470010025C43F20402014B1A609B
S214015670704700BF0010025C024A136843F0300313
S214015680136070470010025C044B1A6842F4807283
S2140156901A601A6822F480721A6070470010025C61
S2140156A0024A136843F48063136070470010025C7B
S2140156B0034A136823F4702343EA004313607047D8
S2140156C00010025C044B1A6902605A6942609A69CA
S2140156D08260DB69C36070470010025C0268044B9D
S2140156E01A6142685A6182689A61C268DA617047D3
S2140156F00010025C024B1A6BD207FCD4186270478A
S2140157000010025C0322024B186019615A6370474D
S2140157100000025C82B01FB507930A9B04AC8B4263
S21401572028BF0B4604E907001048D100079948BF77
S21401573003330160099948BF23F0030323F0704344
S21401574001F0E041194341F000518160002102F06F
S214015750E042019C1A4342F00052C160046182613A
S214015760416304B0BDE8104002B070470000025C1F
S2140157703F22034B1A631022DA6103229A637047B1
S2140157800000025C024AD36B9B07FCD4704700BF43
S2140157900000025C044B9B6A13F0240F14BF012027
S2140157A000208000704700BF0000025C08B5FFF7CC
S2140157B0F1FF064BDB6B23F47F4323F0EF03034338
S2140157C01EBF0122024BC3F8FC2F08BD0000025C7D
S2140157D000F0FF3F4368182B0AD0202B1DD0102B5A
S2140157E02BD1174BD3F80434DB010AD401207047C0
S2140157F0134BD3F804349A01F8D50B6843F0080329
S2140158000B6003680F4A934210D10B6843F04003C4
S2140158100B600023436000207047094BD3F8043423
S2140158205B01E3D50B6843F00403E9E7064A9342BC
S214015830F1D10B6843F08003EAE70720704700BF09
S2140158400000025C282C0020272C00200B4607B500
S2140158500749D1F80414C90708D500210092024669
S214015860084600F05BF803B05DF804FB0120FAE798
S2140158700000025C1346064AD2F80424D20504D579
S2140158800A46014600201BF060BD0120704700BF9C
S2140158900000025C13B5084CD4F80444E40508D5AE
S2140158A0009313460A460146002000F061F802B054
S2140158B010BD0120FBE700BF0000025C13B5084CD9
S2140158C0D4F80444E40508D5009313460A46014675
S2140158D0002000F071F802B010BD0120FBE700BF08
S2140158E00000025C70B504460D4616468CB00A4AA6
S2140158F009AB07CA83E807001A462146CDE90563C6
S214015900CDE90333CDE9013300954FF480301BF028
S21401591048FC0CB070BD00BFC4CA0300F0B51C46FD
S2140159205B6815468DB01A07129E1AD1CBB1726804
S214015930934216D10C4B0D4A53F8217009AB07CA96
S21401594083E807001A462946CDE90533CDE9033336
S214015950CDE90163009447F480701BF022FC0DB082
S214015960F0BD0720FBE700BFD0CA0300C4CA03008E
S214015970F0B516465A688DB0102A0D46129F15D1FD
S2140159807A68102A12D10A4A09AC07CA84E80700C5
S21401599022462946CDE90547CDE90344CDE9014430
S2140159A0044800961BF0FDFB0DB0F0BD0720FBE799
S2140159B0C4CA030030000100F0B516465A688DB01F
S2140159C0102A0D46129F15D17A68102A12D10A4A5A
S2140159D009AC07CA84E8070022462946CDE90574C2
S2140159E0CDE90344CDE90144044800961BF0D9FBF8
S2140159F00DB0F0BD0720FBE7C4CA0300100001008C
S214015A0082B070B586B0149D03AE202D86E80700DF
S214015A100B9359D805EB85038B4203D006236B43C2
S214015A208B4253D10C9BAB4250D10F9BB3EB450F2E
S214015A304CD1129A934249D1012229462220159B24
S214015A40FFF7A2FD044630BB034606220E210C20BA
S214015A50FFF786FD0123CDE900332B4696E80700C4
S214015A601BF032FB0E230BAA009307CA2B461BF032
S214015A7076FA0C23164C00930EAA2B4607CA1BF087
S214015A809EFA636823F07F0343F026036360FFF703
S214015A9097FD30B10624204606B0BDE8704002B03E
S214015AA07047636823F07F0343F022036360FFF7C8
S214015AB087FD04460028EDD1062311AA009307CAE4
S214015AC02B461BF0AFFAE6E70124E4E70724E2E7FA
S214015AD00020025C70B598B0002843D02C4C08AD6D
S214015AE00FCC0FC50FCC0FC50FCC0FC594E80F0018
S214015AF085E80F006D4604AE04F1100320340FCB89
S214015B0085E80F0094E80F0086E80F00FFF7BCFD5C
S214015B100420FFF7CDFDFFF7A7FD3046FFF7DEFDBA
S214015B20002408AE56F8040B0134FFF7E3FD102CF1
S214015B30F8D1FFF759FD0328FBD90024FFF77EFDB6
S214015B402646FFF74BFD55F8043B01365840042E18
S214015B5044EA0004F5D12CB1012206200D4B1A703F
S214015B6018B070BDFFF790FD0820FFF74FFD00202D
S214015B70FFF752FD0720FFF755FD4FF40070FFF7C2
S214015B8057FD0820FFF794FDFFF75EFD0020E7E7CD
S214015B90ACCB03002A2C002008B5FFF775FD0122C7
S214015BA0014B1A7008BD00BF292C00201FB51BF041
S214015BB04BFD044630B1012206240D4B1A702046D7
S214015BC004B010BDFFF70AFD0090FFF707FD019036
S214015BD0FFF704FD0290FFF701FD03906846FFF70B
S214015BE07DFDFFF7D9FFFFF747FDFFF759FDE6E714
S214015BF02A2C002006289ABF014B185C002070470B
S214015C000CCC030030B5154B87B00293144B0390B0
S214015C10049346F611030D46059300F077F9142810
S214015C20044616D168461BF0B9FD4FF0A84303227F
S214015C3002A95A6319601D619A63DA6B9207FCD157
S214015C40142C02D168461BF0B7FD00F093F9044608
S214015C5001E00028E9D0204607B030BDF41D002041
S214015C60040000202DE9F04FB1B005468C469E4653
S214015C70E8466F4EDDF8EC90409C06F1100A474668
S214015C8030687168083603C75645B846F7D13E9B5B
S214015C9003EB0208C8F1000A0AF00F0AB9F1000F77
S214015CA000F09D80C9F1000707F00F070121DDF81C
S214015CB0FCB044F00050C4F11006CDF810B00591C8
S214015CC00690300200F4F85040F021000790B9F138
S214015CD0000F40F08680CDF820D047F00050002D10
S214015CE000F08480099121210A9041EA07210B9155
S214015CF042F00050CDF830C03D9B08A94FEA0A2C6F
S214015D000D910E904CF041000F901093002A75D122
S214015D103E9B119143F0005312933C9B13901493B6
S214015D2010AB1593434B444A169340F61103179351
S214015D30424B0021002D08BF1346189314AB19934C
S214015D403F4B10221A9311231B931CAB184625F0C8
S214015D5004F901221D92002246F0804603461E9653
S214015D60239205B9EB46102CCDF880B024AE4BD16A
S214015D7001232246002130462193229425F0EDF896
S214015D8020AB002125938F4218BF334647F080424F
S214015D9026923A9A2CA828922993B2FA82F35B09A2
S214015DA049EA837310222B912A9325F0D6F8B9F18C
S214015DB0000F00D028AED04448F080432CA918A884
S214015DC02D962E93FFF71EFF30B92DB90346A34239
S214015DD025D1002818BF2C2031B0BDE8F08F102740
S214015DE064E7CDF820E049F0005078E7002C3FF456
S214015DF079AF04A9099101210A9076E73E9B0CAA86
S214015E0011924120129388E71022002130462193F7
S214015E10229425F0A2F8002CB2D10123B1E703F1B8
S214015E20C0026A4412F8C02C01331043CFE700BF0A
S214015E3013CC03001000002028CC03002CCC030058
S214015E4004000020F0B5C0299FB0DDE9244557D0F5
S214015E50B1F5807F04D0802948D029201FB0F0BD3D
S214015E6001265CB140F23447029410240396049450
S214015E70212401970594069502AC0AE040F21447E6
S214015E800294102403960494212405940124019776
S214015E900695079401251024089409950A92212253
S214015EA00B950C940D92174A0AAD0E92164A0F9551
S214015EB0109242F6110211921293139514941592B0
S214015EC001AA1692D3B112AB179304231893112388
S214015ED0199316AB1A901B9340F61103C9081C912F
S214015EE01AA806A91D93FFF78DFEB7E7012614B978
S214015EF04FF48267C4E74FF48667B5E70EABE3E776
S214015F000F20ABE724CC03001000001038B5164B69
S214015F105A6E42F004025A66D3F8802242F0010219
S214015F20C3F88022114B5B68C3F3080343B14FF0FB
S214015F30A842D36B13F0430FFBD11424204638BD7F
S214015F404FF0A843DC6B14F04304FBD1084D2B68DB
S214015F501BB90421284602F09DFE2B68013343F04D
S214015F6000432B60EAE700BF0080005000ED00E030
S214015F70F41D0020014B00205B68704700ED00E037
S214015F804FF40052034B00209A660322C3F86022A6
S214015F90704700BF009000504FF40052034B0020A2
S214015FA09A660322C3F86022704700BF00A0005023
S214015FB0012300F01F02A0F506200949A0F5506054
S214015FC04009934051F820201A4341F82020054902
S214015FD051F8202022EA030241F82020704700BF32
S214015FE00C1E0020F81D00200121A0F506230E4AF4
S214015FF0A3F550635B0900F01F00814052F82300AF
S214016000014342F823100949D1E900300344886866
S2140160100344C868096903445B1802BFC2E9003338
S214016020C2E9023313617047F81D00200C1E0020E0
S2140160302DE9F04FA9B003921D4604460822339E6F
S214016040CDE90401414021FA02F34B40980702F1E1
S214016050080218BF9B00202A1C44F4D18123B4FBFC
S214016060F3F303EBC313E41A734B04F506241B780E
S21401607004F55064002B3ED1FDF754FF074620B1CE
S2140160806FF0910029B0BDE8F08F0146402208A8C4
S21401609024F063FF4022394618A824F05EFFDFF89B
S2140160A0B481DFF8B491C3460BF10F0ACDF800A016
S2140160B0102208A95B46D9F8000024F038F800221F
S2140160C0014608F1100808AF914246D1CDF800A06C
S2140160D05B461022D9F8000018A924F031F84FF0D9
S2140160E0000A834618AFD34541D1544B9845DAD1BF
S2140160F00122514B1A704FF0810A4FF00008DFF869
S2140161005CB1A4F50627A7F550635B095BF823206D
S21401611004F01F01CA40D2073DD4494A52F8233041
S214016120CB40DB072AD5B8F1000F08BFA046812374
S214016130A7F6FF47B7FBF3F303EBC313FF1A07F505
S2140161400624BAF1010A04F55064DAD1039BBBB107
S214016150B8F1000F14D0444619E057F8040BCDE906
S2140161600612FFF725FF079A06990132ACE757F8A2
S214016170040BFFF739FF0AF1010AB4E7039B13B9D1
S2140161806FF08B007EE7B8F1000F18BF4446349BD2
S21401619000201C6076E7329B13B10023329A13600D
S2140161A00EB1002333601023DFF8AC9000932A462B
S2140161B000232146D9F8000011F09AFA60BB329903
S2140161C02A68204BC9B99A4206D02146D9F8000060
S2140161D011F026FB0028D3D1D5E90223DDE904100E
S2140161E0834208BF8A42A2D1039B002BCFD06B68A3
S2140161F0012BCCD16FF0840044E7102032999A42EB
S2140162000860E2D1002EE7D033462146D9F80000D7
S21401621018AA11F0C1FA48B10B4B9842D5D00B4BD6
S2140162209842D2D00A4B9842D6D029E7329A3368A0
S21401623012689B1A3360CFE72B2C002000710800F0
S214016240F81D0020105D175EFFDF00F011E000F082
S214016250FEDF00F0006D0800100B00200C1E002071
S2140162602DE9F04F87B08246894698461646DDF8F6
S21401627040B02AB1002B4FD040F26C739A424ED8F0
S214016280BBF1010F4ED8002406F110073946012054
S21401629005941BF0B2FD0546002846D021463A4635
S2140162A024F05BFE05ABCDE9014300942B460122A9
S2140162B050464946FFF7BCFE044680B110F18C0FEC
S2140162C008BF6FF08D043A460021284624F045FEAB
S2140162D028461BF0A2FD204607B0BDE8F08F144B00
S2140162E0C5E902A92B60C5F804B02EB13246414675
S2140162F005F1100024F03CFE059E0E483B462A465A
S2140163003146006811F05CF918B93046FFF750FEC7
S214016310D9E76FF09104D6E76FF08604DBE76FF0FC
S2140163209104D8E76FF08504D5E76FF08C04D2E7C7
S214016330105D175E100B00202DE9F0438DB08146ED
S214016340DDE914780E4615461C469BB1B8F1000FE0
S21401635005D16FF0860630460DB0BDE8F083002FFC
S214016360F7D0B7F1005FF4D3C3F1005303F5004350
S2140163709F42EED81022002108A824F0EEFD00224C
S21401638007AB029305AB019306AB31460093484633
S21401639008ABCDE90522FFF74BFE06460028DAD109
S2140163A0059BA4B1AB4215D853EA0504D1D1069B8F
S2140163B00B48C8F8004000943A46079900682B44F9
S2140163C011F096F9002818BF6FF09106C3E7AB42AB
S2140163D0EDD2BEE75B1B9C4228BF1C46E7E700BF29
S2140163E0100B002030B58DB00C460546102200215A
S2140163F008A824F0B2FD002207AB029305AB019377
S21401640006AB21460093284608ABCDE90522FFF7E7
S2140164100FFE0446D8B9099B012B1BD0079D104BD4
S2140164202946186811F0FCF9B8B90122A5F506232A
S2140164300C49A3F550635B0905F01F00824051F833
S21401644023004240284641F82320FFF7CDFD204691
S2140164500DB030BD6FF08404F9E76FF09104F6E7F4
S214016460100B00200C1E00202DE9F04F89B00746C6
S2140164700E46FFF7C5F8C00709D4042401201BF017
S214016480F0F880B3013CF9D16FF0920028E01022B9
S21401649000210DEB020024F060FD04A8FFF712F9BD
S2140164A0049B002BE9D0059B002BE6D0069B002B16
S2140164B0E3D0079B002BE0D00025DFF8808008F1B1
S2140164C00409B54219D34FF48A74FFF793F800F024
S2140164D00E03062B2DD1C30501D5FFF7BDF800200D
S2140164E009B0BDE8F08FFFF785F810F00E03FAD07B
S2140164F0022BF8D04105DFD5C4E7FFF775F8A6EB08
S214016500050A8400544528BF544699E80300002331
S2140165108DE80300CDE9054307EB050BCDF810B078
S214016520029404AAD8F8003007CA1AF093FF25444B
S214016530C7E724FA03F3DA07A6D5C6E738CC030083
S2140165401FB504A800E90E0011460198FFF78CFF5D
S21401655070B1FFF721FBBFF34F8F0749074BCA689E
S21401656002F4E0621343CB60BFF34F8F00BFFDE739
S21401657005B05DF804FB00BF00ED00E00400FA057D
S2140165802DE9F0438BB01746DDE91545DDE9132605
S2140165909C46DDE91738894621B96FF086000BB0B5
S2140165A0BDE8F083002FF8D00EB9002CF5D1129972
S2140165B009B9002AF1D10DB9002BEED1B8F1000FBF
S2140165C0EBD0244A944541D10288B2F5105F3DD103
S2140165D04288B7EBD20FE0D322F04001802902D0E7
S2140165E0B2F5807FD9D16CB3AE421CD23219954236
S2140165F019D29C42D1D831462246284624F093FC33
S2140166002E4614F00F03C8D1CDE90197CDE9033624
S214016610CDE90543CDE907540993FFF7B1FC38B13D
S2140166206FF09200BBE79C42EBD96FF08900B6E7AA
S21401663007AA04A901A8FFF709F90546FFF7ACFC6C
S2140166400543EDD10020C8F80040A8E76FF08500AB
S214016650A5E700BF004440042DE9F04FA9B08346EA
S21401666017469A460E46DDF8C890DDF8D88029B957
S2140166706FF08603184629B0BDE8F08F002AF7D0E0
S214016680B9F1000FF4D0349B002BF1D0B8F1000F14
S214016690EED00024424B0CAD93E8070085E80700D6
S2140166A03C22214619A8189424F057FC3388728896
S2140166B003F4E040B0F5804FDAD03A4E3A480BEAA0
S2140166C0060646F01066864263D1B2F5807F60D139
S2140166D047F2121293425CD10620344ABAF11F0FD8
S2140166E0D3680E940B931369126800FB03F3CDE98C
S2140166F00C23BDD9339B402BBAD9359B1F2B4BD9C5
S21401670009F1010220261292402299F800300F97D3
S214016710042B18AFCDE91324CDE915721096119408
S2140167201794A5D1FFF72CFC03460028A2D10B9B9A
S21401673015AACDE9086305AB07CA83E8070002ABD3
S21401674012AA07CA83E80700DDE910018DE80300F5
S2140167500F9B95E80700FFF753F90546FFF71CFC6A
S21401676055EA000384D13D46349A20AE2C4603CC2C
S214016770B44210605160254602F10802F6D10022AB
S2140167801146B9540132402AFBD12022C8F8002014
S21401679070E76FF085036DE76FF089036AE700BF66
S2140167A0C4CA03000000FFF600000209D8CA0300AD
S2140167B0F0B50E461D468BB0002853D0002951D0A7
S2140167C0002A4FD0002B4DD0048804F44F43B3F574
S2140167D0824F03D06FF085000BB0F0BDE3B224F01A
S2140167E0FF04B4F5E24FB0F802C0F3D1122B01D08A
S2140167F0172BEFD10CF10701B2EBD10F4FEAD107FE
S21401680033D31D4A04ACBCF5807F07CA84E8070071
S214016810E0D1122B07D1194B1A691B681344CDE935
S2140168200432002306930023CDE907670993FFF797
S214016830A7FB0028D0D1124A02AB92E8030083E8F6
S21401684003000AAB13E903008DE80300079B94E8F5
S21401685007001AF084FD0446FFF79EFB204307D18C
S2140168602F60B9E76FF08600B6E76FF08900B3E7EF
S2140168706FF09200B0E700BFC4CA0300D8CA030095
S21401688030CC03002DE9F0438FB01D46DDE916C676
S21401689000285CD000295AD0002A58D0002B56D0A8
S2140168A0BCF1000F53D0002E51D0038803F44F449F
S2140168B0B4F5824F51D1DCB223F0FF03B3F5824F1A
S2140168C040884AD0122C01D0172C46D1C31DB2EBFA
S2140168D0D30F4FEAD3083AD34FEA4802571C67450D
S2140168E038D8B0F5807F38D1122C18BF4FF0000988
S2140168F04FF0000308BF1C4CCDE9081805F1010153
S21401690014BF4C46D4F80C90CDE90B120A930D93A4
S214016910FFF736FBC0B9CDE9058902AB08AA07CA5D
S21401692083E807000EAB13E903008DE803000B9B19
S21401693094E807001AF032FD0446FFF72DFB2043CA
S2140169400ED104232B7037600FB0BDE8F0836FF0D3
S2140169508600F9E76FF08900F6E76FF08500F3E748
S2140169606FF09200F0E700BFD8CA03002DE9F043AC
S21401697089B00E4615461F46DDF8488020B96FF0EF
S214016980860009B0BDE8F0830029F8D0002AF6D0C9
S214016990B8F1000FF3D0038803F44F42B2F5824FEB
S2140169A002D06FF08500ECE7DAB2122A01D0172A7E
S2140169B0F7D123F0FF03B3F5E24F41D14488C8F87D
S2140169C0004044B9EB00B3F5807FC8F80030E8D149
S2140169D0122A0DD108E0E31DB5EBD30FCFD1B4F5E4
S2140169E0807FDED1122A29D1354B1C681B691C44D5
S2140169F00023194670192C4414F801CD10F8012D06
S214016A001143B2EB0C020CBF4FF0FF3C4FF0000CF1
S214016A1086420CEA030343EA0203EDD10029AED015
S214016A20002BACDA109B9D4246D82A4631463846A2
S214016A3024F09EFA119B00201D60A2E70024D7E7F0
S214016A403378042B9BD16B1EDB005B08B3F5807F8C
S214016A50C8F80030A5D1122A06F1010318BF4FF07D
S214016A6000094FF0400205934FF000030ABF144C93
S214016A704C46D4F80C90CDE90623FFF781FA00289E
S214016A807FF47FAFCDF80C90D8F800300733DB08E1
S214016A90029308AB13E903008DE80300059B94E815
S214016AA007001AF028FD0446FFF776FA00287FF45F
S214016AB068AF002CB6D062E76FF0890061E700BFCF
S214016AC0D8CA03000388B3F5105F0ED14388DB08EC
S214016AD0103B102B0CD8084A22FA03F313F0010FCF
S214016AE014BF00206FF0860070476FF08500704776
S214016AF06FF08600704700BF010101002DE9F04FDD
S214016B008FB01546DDE918A91E46DDF868801C9F82
S214016B1009B300B3B8F1000F1DD0E7B1BAF1000F09
S214016B2002D1B9F1000F16D1274B26F47E129A42F4
S214016B30B0F802B044D1FFF7C5FF0446A8BBB5EBD9
S214016B40DB0F4FEADB0306D316F47C1FC6F30545BD
S214016B5004D0102D03D96FF0860426E010251B9A69
S214016B6095422AD8CDE9011300231022CDE90593D9
S214016B700DF12809CDE9033ACDE90823CDF81C909B
S214016B80FFF7FEF9044680B907AA04A901A8FEF793
S214016B9071FE0646FFF700FA044656B958B92A466A
S214016BA04946404624F0E4F93D6020460FB0BDE872
S214016BB0F08F6FF092040025F6E76FF08904F4E792
S214016BC06FF08504F1E700BF0002C0032DE9F04134
S214016BD0069F0C461646054610B309B302B9FBB923
S214016BE06288B3EBD20F4FEAD20819D34C220021A8
S214016BF0284624F0B2F90D4B27F47E129A4212D1A0
S214016C002046FFF75FFF044638B942463146281D45
S214016C1024F0AEF9C5F824802F602046BDE8F08147
S214016C206FF08604F9E76FF08504F6E70002C0030B
S214016C302DE9F0410E4614460546002840D00029AD
S214016C403ED092B10368214823F47E1383423AD1A1
S214016C50AF6BF7B1C7F1100807F128004245284489
S214016C6006D2274424F084F9AF630020BDE8F08102
S214016C70424624F07DF91022103C3C19AA63F4D058
S214016C80284605F128011AF0DFFD0028EED146441A
S214016C90A863102C0CD9671E27F00F073A46314619
S214016CA028461AF0D1FD0028E0D1E41BDDD03E4491
S214016CB02246314605F1280024F05AF9AC63D4E7A0
S214016CC06FF08600D2E76FF08800CFE70002C003BE
S214016CD02DE9F04388461F4605468BB070B169B171
S214016CE063B10368234923F47E1088423ED113F42E
S214016CF07C1FC3F3054604D0102E03D96FF086041B
S214016D002AE0102696422BD8FFF73AF9044618BB1C
S214016D10AB6B05F12802CDE901236B6A2A1DCDE98B
S214016D2004231023CDE9083007AB1A4603900690DA
S214016D3005F13C0901A904A8CDF81C90FEF7BEFD9B
S214016D400546FFF729F904466DB928B93246494682
S214016D50404624F00DF93E6020460BB0BDE8F083B6
S214016D606FF08904F8E76FF09204F5E76FF0850499
S214016D70F2E700BF0002C00307B56B46054A10687C
S214016D80516803C36846FDF733FF002003B05DF882
S214016D9004FB00BF44CC030013B50024064A684632
S214016DA0536F43F00103536700948DF80440FDF7D9
S214016DB057FE204602B010BD0040005030B58BB0E3
S214016DC06C46174D0FCD0FC40FCD0FC495E80300C9
S214016DD084E80300134BD3F84C2112031CD5A3F50A
S214016DE0FE431C884FF6FF739C4208BF8C248DF827
S214016DF01940FDF771FC204480F308008DF8180057
S214016E000948FCF79FFC6846FDF786FB3220FDF734
S214016E109BFC00200BB030BDD3F85041E4B2E6E74E
S214016E204CCC03000080E00F00F049026FF0040331
S214016E30502110B50A480B4C13F0800F03F10102E4
S214016E4007D12344402A83F800131346F4D10020C7
S214016E5010BD03F00F03043B034419761346EBE71A
S214016E6000ED00E000E100E010B5044619F0EEFF89
S214016E70024B1C6019F0EEFF002010BD201E002002
S214016E8010B519F0E3FF034B1C6819F0E3FF204629
S214016E9010BD00BF201E002038B50446026C136CDE
S214016EA05906FCD50023E16C1A4694F84800FEF713
S214016EB041F80023616D1A4694F85000FEF73AF83F
S214016EC094F86830DA0706D50023E16D1A4694F87F
S214016ED05800FEF72FF894F868309B0706D5002374
S214016EE0616E1A4694F86000FEF724F80122206CC1
S214016EF0002100F500539A6404220A4D9A6419F0A1
S214016F00FCFF0021606CFDF703FA284604F16C01D2
S214016F1019F0A6FD2B6813B9034800F06BFD00209D
S214016F2038BD00BF241E0020281E0020012910B5F0
S214016F3005D8064B1C686C3C14F16C0F00D110BDD3
S214016F40206C052119F0D9FFE46EF4E7241E002019
S214016F502DE9F0438DB01C4606AB06468946184619
S214016F60904600211822149D23F0F7FF227903464C
S214016F700AB18DF818200127C8F81C30637930460D
S214016F80C3F10203DBB2CDE903336A4B4A460293EF
S214016F90694B29460193694B8DF81E700093684B27
S214016FA000F034FA0646002840F09E80A368394671
S214016FB06B64A3693A206B65237DDFF89C9185F8A5
S214016FC050302369EB64237B85F84830236AEB65F0
S214016FD0237F85F85830A36A6B6694F8243085F8C9
S214016FE0603023682B64FDF793F93B460422216940
S214016FF0207BFDF79FFF3B460222A169207DFDF71E
S21401700099FF88F8006085F868603946A068FDF742
S2140170107FF96379394633BB4FF4C060FDF778F9E1
S214017020D9F82032414623F0030343F002032068D7
S214017030C9F8203219F06EFF0222424B2169C3F8CB
S214017040C020227B42EA0142C3F8D020A169227DFA
S21401705042EA0142C3F8CC202379032B67D8DFE844
S21401706003F02E1947604FF48060FDF751F9D9F807
S2140170702032414623F0030343F00103C9F82032CE
S214017080206819F044FF95F8683043F0040385F84A
S2140170906830D1E7002795F8683043F0010385F89A
S2140170A0683002220023216A207FFDF743FF226A0F
S2140170B0237F43EA0243244AC2F8C430F7B90422C4
S2140170C02B6C052103F580539A64206819F015FF8F
S2140170D01E4B1B681BB91E491E4800F079FC1B4855
S2140170E005F16C0119F0B8FC30460DB0BDE8F0832F
S2140170F095F8683043F0020385F8683000230422CF
S214017100A16A94F82400FDF715FF01230E4AA16A2F
S214017110C2F8C03094F8243043EA0143C2F8C830BC
S214017120CDE795F86830012743F00303B7E7232638
S214017130DAE700BF996E0100211903005D1903000B
S2140171405119030000C4035000D40350241E00202C
S214017150140B0020281E002000800050034B022242
S214017160186800238068194617F0B2BC240C00206A
S21401717030B51446054687B010461AF07FFC6369A1
S214017180024683423CBFD4E903315B181B1A7BB12C
S2140171900F49049403910021CDE9013101230093A5
S2140171A02846D4E9001319F01CFD002007B030BDB5
S2140171B00122627694F82D20002AF6D084F8353024
S2140171C01321E369204698472046636A9847ECE70F
S2140171D0717101002DE9F04788B004460F46164646
S2140171E0984619F03AFE8146002E7AD0237E03F0A7
S2140171F0FF02002B00F0A28020461AF03FFC6569D2
S214017200A84205D1637ED4E9033213445D1B01E035
S214017210F9D9451BB54228BF354619F01EFE94F82C
S2140172202D308246002B6DD12A463846616923F0FF
S2140172309FFE63692E462B44636121E0037803F0C9
S214017240FD0111295BD1216B814205D1A3F1110109
S2140172504B424B4184F83430013E6369216B013265
S2140172608B4203F1010308BF2363636195426069A2
S214017270E4D1D4E90323216B1344994200D122635C
S2140172800025D4E9032361691344994208BF62616A
S214017290207A6576FCF79CFC20461AF0EFFB6369C2
S2140172A0834232D1257694F82D30E568656103B1C5
S2140172B025632046636A9847214B04940393002371
S2140172C0029323692A460193012300936368216888
S2140172D0207A19F086FC207AFCF79AFC504619F0C1
S2140172E0C2FD4846C8F8006019F0BDFDD8F8003068
S2140172F0002B0CBF1B20002008B0BDE8F08707F864
S214017300013BAAE72E460022B0E70123207A237626
S2140173100DF11E01FCF7E4FC9DF81E30002BDAD0BF
S2140173200DF11F01207AFCF7B3FC9DF81F10002910
S214017330D1D12246207AFFF71BFFCCE71646D0E7CD
S21401734071710100002807DB01234109034A00F09F
S2140173501F00834042F82130704700BF00E100E083
S214017360002808DB01224309034900F01F00824080
S214017370603341F82320704700E100E070B5044611
S2140173800568FFF77DFD844202D10020FFF76CFD02
S21401739095F936603046FFF7E3FF002E0CDB01223D
S2140173A01949730906F01F06B240203341F823201D
S2140173B0BFF34F8FBFF36F8F95F937603046FFF7F6
S2140173C0CFFF002E0CDB01220F49730906F01F06C2
S2140173D0B240203341F82320BFF34F8FBFF36F8FA6
S2140173E0287AFCF735FC287AFCF798FBFCF774FB47
S2140173F000232846C4E90033C4E90433A360AB6A1A
S214017400BDE87040184700BF00E100E02DE9F043F9
S2140174100C461546064687B04022002120461F46E8
S21401742023F09BFD95E8030000232A692376EB6889
S21401743084E80300C4E904232A7DE36084F82C2051
S214017440AA7D2363012384F8343084F835300E9BFB
S21401745084F82D2023620F9BE7616362109BA36271
S2140174602B7A84F836306B7A84F837302D4B3460BB
S21401747073602D4BB3602D4B33612D4B73612D4BD8
S214017480F360FCF771FB38B12B4B984204D0102403
S214017490204607B0BDE8F083002104F10800FCF7A0
S2140174A0EBFA07460028F2D14FF00108234B33626E
S2140174B0234B84F83C80B361224BF3619DF848303E
S2140174C084F8390084F83B309DF84430204684F82F
S2140174D03A30697D84F838801AF0E0FA95F9099017
S2140174E04846FFF73DFF4846FFF72CFF164B04942E
S2140174F0CDE902732369CDE900836368E2682168F8
S214017500207A19F06EFB04460028C0D195F9085080
S2140175102846FFF725FF2846FFF714FF3046FFF7FA
S214017520A3FCB5E7ED1A0300D57101006B1A030041
S214017530711A03007D730100038000F0451A0300F1
S2140175409D1A0300771A030071710100BFF35F8F64
S214017550074B5A6A22F480325A62D3F8942022F0FA
S2140175600102C3F89420BFF34F8FBFF36F8F7047AC
S21401757000ED00E070B52948294CFFF7E7FF84428B
S214017580284D294919D1D5F8C03023F0FF0343F01F
S214017590A003C5F8C0304FF080430A68214D234E42
S2140175A0C5F8982043F0010301328442C5F89C6077
S2140175B0C5F8A0300A601ED00DE0D5F8C02020F036
S2140175C01F03203B22F0FF0242F0A002B3F1005F4E
S2140175D0C5F8C020E1D2164B0A68124823F01F03F3
S2140175E043F00303C0F89820C0F89C30114B0132D9
S2140175F0C0F8A0300A60BFF35F8F0522094BC3F8BD
S21401760094205A6A42F480325A62BFF34F8FBFF316
S2140176106F8FBFF34F8FBFF36F8F70BD380D002094
S214017620100F002000ED00E0301E002003000020B7
S2140176302F0F0020E1FFFF3FF8B51446FFF786FF46
S2140176401F2C27D90027C2062A4D1CBF20F01F0079
S21401765020302A68CB06284B18BF21F01F01FCB248
S214017660A2422BD8D3F8C04020F01F0024F47F4458
S21401767044F4807421F01F01C3F8C04040F00300B9
S214017680C3F8982041F003010132C3F89C00C3F807
S214017690A0102A600020BFF35F8F0522164BC3F8A7
S2140176A094205A6A42F480325A62BFF34F8FBFF376
S2140176B06F8FBFF34F8FBFF36F8FF8BDC3F898403E
S2140176C0D3F89C40D3F8A06024F01F04A04226F013
S2140176D01F0601D1B142DDD0B04201D8A14207D286
S2140176E0D3F89840013724F0FF04C3F89840B6E772
S2140176F02820D0E7301E002000ED00E0BFF34F8FBA
S2140177000549064BCA6802F4E0621343CB60BFF337
S2140177104F8F00BFFDE700BF00ED00E00400FA0553
S214017720054B1A782AB95B78002B0CBF0320022080
S21401773070470120704700BF362C00200329F8B59A
S21401774098BF124B05460E468CBF00245C5C03288E
S21401775005D8DFE800F002080B0E44F002040C4BDB
S2140177601F684FB9F8BD44F00804F8E744F0200458
S214017770F5E744F08004F2E77B681A68144203D008
S214017780314628465B6898473F68EAE774CC0300B1
S214017790601E002038B5104D2B78ABB10F4C237806
S2140177A01BB100F0C7FB0023237000201AF03FFA3C
S2140177B00B4C50B100F010FC0023012120782B70F7
S2140177C0FFF7BCFF0123237038BD0122054B1A7059
S2140177D02278054B1A70F7E7312C00202F2C002059
S2140177E0382C0020322C0020332C002010B519F044
S2140177F02DFB064B04461B781BB1BDE8104019F063
S21401780029BBFFF7C7FF2046F7E700BF2E2C002055
S214017810094A137830B101331370084B1B78012BDA
S21401782003D87047013B13707047054B1B780BB9A3
S214017830FFF7B0BF704700BF362C0020382C002061
S214017840322C002070B519F001FB124E0546337834
S2140178509BB900F0FDFC044620B1284619F0FAFA5F
S214017860204670BD0C4819F0F4F800F0E7FF0B4B0A
S2140178701C6000F0B9FD0A4B186000F03BFA1AF0E4
S214017880D8F9084B0024186001232846337019F0F4
S214017890E1FAE5E7392C0020601E0020341E0020A6
S2140178A05C1E0020381E00202DE9F843284A0138C6
S2140178B0135C39B1274F013339781354012904D8A1
S2140178C0BDE8F883013B1354FAE7FFF729FF0128C7
S2140178D0044635D819F0BAFADFF88480054698F8D8
S2140178E0003013B31C4E33781BB9012232701B4A89
S2140178F01370DFF8709099F8003023B100F01AFB8E
S214017900002389F80030284619F0A4FA01201AF05D
S2140179108EF919F09BFA337805461BB100F05CFB33
S21401792000233370002388F80030284619F092FAB5
S2140179303878A042C4D02146FFF700FF3C70BFE76D
S2140179400329F5D10228F3D11AF077F9F0E700BF41
S214017950362C0020382C00202E2C0020322C002023
S214017960312C00202F2C002010B5044619F06EFA99
S214017970002C0CBFFF210121064A13780B44DBB211
S2140179801370B3FA83F3BDE81040034A5B09137022
S21401799019F060BA352C0020342C002038B519F0C7
S2140179A055FA094B05461B78012B04D819F052FAF3
S2140179B00024204638BD054B1C6800F057FB0444E4
S2140179C0284619F047FAF4E7382C0020341E002028
S2140179D038B54160044619F039FA0546214604488F
S2140179E019F03AF82846BDE8384019F033BA00BF16
S2140179F0601E002038B5054619F028FA04462946C7
S214017A00034819F02DF82046BDE8384019F022BA8F
S214017A10601E0020054B1B685843054B00F574207B
S214017A2000F23F20B0FBF3F0704700BF5C1E002061
S214017A3040420F002DE9F04F85B0EFF3108772B684
S214017A40AFF3008018F09EFF00286FD0804EDFF85D
S214017A502C82337823B10020FFF7DAFE002333703F
S214017A60FFF75EFE0446002867D0841EE4B2012CB0
S214017A706AD9FFF755FE01280546764CDFF80092D5
S214017A8000F28C802078854240F0C680207800F095
S214017A90D7FA99F8003013B16F4B1B782370AFF308
S214017AA0008007B962B6EFF3108772B66B4B1A788F
S214017AB052B100221A70684B20781B78984203D185
S214017AC001212170FFF73AFE654800F0FBFB18F034
S214017AD06DFF05460028BCD1624BDFF89481187013
S214017AE098F80030ABB189F80000DFF88C9199F86E
S214017AF000301BB100F01EFA89F8005000201AF081
S214017B0096F8002800F09B8000F066FA002388F8BB
S214017B100030337823B10020FFF77AFE002333705C
S214017B2000212078FFF70AFE00232370AFF30080C0
S214017B3007B962B605B0BDE8F08F3378002B98D050
S214017B40FFF766FE347094E7002003A900F008FCF6
S214017B50044600288DD1D8F80030039A9A4205D8F9
S214017B600120FFF755FE0123337082E73E4B1D6867
S214017B7000F07CFA039B05449D42F1D200F08EFA98
S214017B808200039942F0020292B2CDE900422346F6
S214017B90364A491B32481AF051F86AE7344BDFF887
S214017BA0C4A093F800B0BBF1000F25D100F046F950
S214017BB02078854230D19AF800307BB92C4D2B784D
S214017BC0002B7FF463AF2B4B1B7823B900F0ACF985
S214017BD00122294B1A7001232B7057E7022DEDD194
S214017BE08AF800B015E02378022B25D100238AF805
S214017BF0003022F049FE1FE0207885420CD19AF829
S214017C000030002B3FF442AF022DD7D100238AF873
S214017C10003022F039FED1E70023DFF848A08AF8C9
S214017C20003099F8003013B92946FFF787FD9AF816
S214017C3000302570002BD6D1012DBFD826E70120B4
S214017C4000F0FEF907B962B6EFF3108772B655E792
S214017C50302C0020382C0020332C00202C2C002027
S214017C603C1E0020342C0020341E0020ED7701003D
S214017C70312C0020352C00202F2C0020381E00200F
S214017C80322C002010B519F0E1F80022044B1C78C4
S214017C901A7019F0DFF800F013FD2043C0B210BDD2
S214017CA02D2C002073B5114E0446337883420FD035
S214017CB04FF400730E4DADF8043058B101A8FCF72F
S214017CC06BFE4020FFF7A6FE2B68181A286034705A
S214017CD002B070BD8DF8050001A8FCF75DFE4020DE
S214017CE0FFF798FE2B681844F0E700BF1D0D002033
S214017CF0981E002073B5002401A88DF80440FCF7F7
S214017D0011FF2046FFF7CEFF404A4149136F414815
S214017D1003F007030B60D2F800113F4D01F0030199
S214017D2001604FF400203D49032B48664FF40030B4
S214017D30486601F598318969C1F3400129705DD023
S214017D40D2F8203103F00303981E43424341D2F890
S214017D502421334C02F00702022A08BF43F0010334
S214017D604FF4C8702370FFF755FE00222D4B2E49A5
S214017D7018602E4E0B680132D2B20A2A46F8040B5E
S214017D80F9D1034400EBC00003440B602B78284D67
S214017D9063B323781D4A3BB9D2F8003103F00303DD
S214017DA0591E4B424B412370D2F8003103F00303B6
S214017DB0022B25D0032B26D0012B17D1FBF7BCFCB9
S214017DC0024698B11B4B1C4EDC6800231946C4F3CF
S214017DD00B04013404EB84040138E4FB060116F0BD
S214017DE073FBFFF717FE2B6803442B601F20FFF77A
S214017DF011FE2B6803442B6002B070BD0123A6E779
S214017E00FBF7B4FCDCE718F01CFED9E70080005055
S214017E109C1E0020A01E00203D2C0020009000503B
S214017E203E2C0020641E0020681E00206C1E0020D0
S214017E30981E002000C0015040420F00074A084922
S214017E40D2F8203103F003030B60D2F82431054A3F
S214017E5003F00703136019F00BB800BF0080005051
S214017E60A81E0020A41E002008B5104B1A78C2B127
S214017E7000221A700E4B1A6F22F0070242F001021E
S214017E801A67D3F8202142F00302C3F82021D3F861
S214017E90242122F0070242F00302C3F82421FBF753
S214017EA035FC0122034B5A6708BD00BF3C2C00205D
S214017EB00080005000E000500122154B10B55A67B3
S214017EC0144B154C1B7813B3022019F050FFF0B178
S214017ED000F076FAD8B1A36DD90302D5E36D9A07FF
S214017EE015D40D4B9B6DDB0711D401220B4B1A7079
S214017EF019F028FFBDE81040094B0A4A1860136FB5
S214017F0023F0070343F003031367FBF7FFBB10BD22
S214017F1000D000503E2C002000C000503B2C00201A
S214017F20941E0020008000500122014B1A707047F9
S214017F303C2C0020F8B51F4B1B78002B39D01E4C6B
S214017F402378B3B91D4B9A6DD10302D5DA6D92072A
S214017F502FD49B6DDB072CD419F0F4FE184B194A6D
S214017F601860136F23F0070343F003031367FBF74F
S214017F70CDFB19F0E7FE124B134D1B68134EC01ACA
S214017F802B78134F56F8232046F82300111A3A6827
S214017F901048521A0A213A600932B2FBF1F2013353
S214017FA0DBB20260B3FBF1F201FB12332B7000234C
S214017FB02370F8BD3E2C00203B2C002000C0005052
S214017FC0941E0020008000503A2C00206C1E0020D9
S214017FD0681E0020641E002008B518F04CFF124BE6
S214017FE012491A6F096822F007020A431A671049F4
S214017FF0D3F82021096822F003020A43C3F820219E
S2140180000C49D3F82421096822F007020A43C3F871
S2140180102421094B1B7813B10122084B9A62BDE853
S2140180200840FBF773BB00BF008000509C1E002079
S214018030A81E0020A41E00203E2C002000E00050B8
S21401804002280AD003280BD001280CD1064A13694E
S21401805023F00403136130BF70470020FCF7A8BC6F
S2140180600020FCF7D3BC704700ED00E0054B187804
S21401807018B1054B186800EBD000044B1B68184478
S214018080704700BF3E2C0020641E0020981E002072
S2140180900122014B1A7070473E2C0020014B1878C4
S2140180A0704700BF3E2C002038B519F059FE002558
S2140180B0084B094C1A682368C31A2AB123B15169BF
S2140180C0994203D3C91A5161206038BD55615B1AC4
S2140180D09268F2E7B41E0020B01E0020C38870B577
S2140180E004460D463BB9FFF759FC8542064602D2C7
S2140180F019F091FD35460E4965610B688BB90C6028
S214018100A3600DE0AD1A9A68184665616AB1134618
S2140181105A69AA42F6D930B18460521BA3605A61EB
S21401812070BD0020F4E70C60F7E79C60A260F7E7FB
S214018130B41E002038B5134D2B685B6993B1124A03
S214018140022014681C4400F035FB204600F000FBBA
S21401815000230E492A680B70D088800709D50123B1
S2140181600B7038BD022000F025FB022000F044FB16
S214018170EEE79268002AF4D050690344012BEBD94C
S214018180EFE700BFB41E0020B01E0020402C0020E8
S21401819070B516469DF81420C0E903360271049A9C
S2140181A0BDF818300260002204460D468260C38086
S2140181B0EEB919F0D5FD2844A0619DB12E4618F000
S2140181C045FE0546FFF770FF31462046FFF786FF5E
S2140181D0104B1B68A34201D1FFF7ACFF284618F0ED
S2140181E039FE02E0E36865617BB9002070BD19F0D5
S2140181F0B7FD3044A061002DE0D1E3686561002B36
S214018200DDD0204621689847D9E72046216898475F
S214018210EBE700BFB41E002000220C490B687BB1BF
S21401822083420AD183687AB1936083681BB15A6925
S21401823041690A445A61002070471A469B68EEE776
S2140182400028EFD0022070470B60EEE7B41E002036
S21401825070B518F002FE144E05463478FCB9134B7F
S2140182601C60134B1C60134B1C8000F035FA012078
S21401827000F0A0FA19F08AFD0F4B0246186020B9EB
S214018280284618F0F0FD232070BD234640F2E73162
S2140182900A4816F019F90A4B18600123337028466C
S2140182A018F0E1FD0020EFE7412C0020B41E00206D
S2140182B0B01E0020A02B0020B81E002018FCFFFFD7
S2140182C0AC1E002070B5044640B318F0BFFD144E36
S2140182D00546FFF7E9FE3068A04209D02046FFF7C1
S2140182E09BFF0446B0B1284618F0B4FD204670BD89
S2140182F0FFF792FF04460028F5D133683BB9022008
S21401830000F064FA284618F0A5FD0024EEE7FFF712
S21401831011FFF7E73368002BF4D1F0E72224E5E7F5
S214018320B41E002038B50C460546A8B1A1B10023FD
S2140183300B7018F092FD0121084B1B6833B918F039
S21401834092FD002038BD9D4204D121702278002A7A
S214018350F9D0F4E79B68F1E72220F3E7B41E00208A
S214018360F8B506460F4618F078FD00250446124B70
S2140183701B6823B9204618F076FD1B2011E05A69C8
S2140183801544DA88B2420DD119F0EAFC0B4E336877
S214018390C01AA8420AD3002320463B6018F063FDAA
S2140183A00020F8BDFF2EEFD09B68E2E719F0D8FC5D
S2140183B033682B441B1AEFE7B41E0020B01E0020C2
S2140183C008B5074B187848B119F0BCFC054B1B687B
S2140183D09B69C01A02288CBF0020012008BD00BF7F
S2140183E0402C0020B41E0020014B1868704700BFC7
S2140183F0B81E002038B50021044640F2E730054B90
S2140184004FF47A721D680023E5FB040116F05CF850
S21401841038BD00BFB81E0020F8B50C4B05461B68DA
S2140184200E4683420FD3002440F2E7302146084B24
S2140184304FF47A721F680023E5FB070116F044F833
S21401844030602046F8BD2120FCE700BFAC1E0020AE
S214018450B81E00202DE9F0419846002386B00D464F
S214018460174606468DF8133080B30DF11301FFF75A
S21401847059FF9DF813305BBB284605A9FFF7CCFFD3
S2140184800446F8B9134B4FF47A7218680023A5FB1B
S214018490000116F019F8C2F57A7189B2B1F57A7F42
S2140184A008BF0021BDF83430B183F483059A0293E6
S2140184B09DF830301146CDE9008330463B46FFF744
S2140184C067FE0446204606B0BDE8F0812224F9E79F
S2140184D00224F7E7B81E0020F0B50C4616461F46E4
S2140184E0054687B030B3204605A9FFF795FFF8B9D2
S2140184F0114BE8831B6828465C434FF47A73B4FB40
S214018500F3F203FB1244191B89B2994208BF0021FA
S214018510A983FFF7D7FEBDF83430059A02939DF87C
S21401852030301146CDE9007328463346FFF730FE5A
S21401853007B0F0BD2220FBE7B81E0020014B1868EB
S214018540704700BFAC1E00200F4B10B51A689AB1D9
S2140185504FF47A71531E1342A0FB01010ED1B2FAF9
S21401856082F2C2F11F04531CD243E04001FA03F326
S214018570184321FA02F20243104610BD002315F0FB
S214018580A3FF0246F8E700BFB81E0020C2072DE988
S214018590F84304460BD5474A138801339BB2138030
S2140185A0FFF782FD444B1B680BB1FFF7C3FDA30722
S2140185B07DD518F052FC4FF0000805464646FFF7F9
S2140185C073FD3D4F3C680CB163698BB100223B4B98
S2140185D0012E1A7003D118F0020F18BF1E70002C5E
S2140185E061D0FFF7A7FD2846BDE8F84318F03BBC6D
S2140185F023465A693AB91A792179914288BF1C46AD
S2140186009B68002BF5D1284618F02DFC2569DDB1B5
S21401861019F0A6FBA269A0EB02084FEAE873A84589
S21401862073F1000311DB23691344A361E368B4F813
S2140186300680013613B120462168984718F00DFCD4
S2140186400546FFF731FDBDE7A84618F006FC814652
S2140186502046FFF7E1FD484618F005FC2369002B8C
S214018660E4D0A38BB5EB080533B1E28B13449BB280
S214018670B3F57A7F0FD2E38318F0EFFB80462946E5
S2140186802046FFF72BFDA369226940461344A361E8
S21401869018F0E9FBCAE7A3F57A73E383A369013D02
S2140186A0013BA361E8E7022000F090F89BE7BDE8F4
S2140186B0F88300BFA02B0020B41E00203F2C002012
S2140186C010B518F0CAFB034B1C7818F0CCFB2046FB
S2140186D010BD00BF3F2C00201FB50024194B0121FF
S2140186E018689A880290D3F806009B7A00903E207C
S2140186F0ADF80C208DF80430FBF70AFE02A88DF8C1
S21401870008408DF80C40FCF7CBFD694601208DF83A
S2140187100040FCF781FD40F2FF320B4B9A615A6133
S2140187204FF0B042936A13F00803FBD113620120A5
S214018730FCF78CFD4FF48052044BC3F880211A607D
S21401874004B010BD78CC03000020005800E100E022
S21401875010B5044618F07AFB4FF0B042936A190739
S214018760FCD4136A116C5269520604D4CA1A032A3D
S21401877001D899420ED1E21A022A98BFDC1CB4F144
S214018780FF3F38BF013C4FF0B04340221C6403F565
S21401879080539A6118F05EFB054A13783BB14FF09F
S2140187A0B041CB6B43F00203CB630023137010BDC3
S2140187B01E0D002000F001038207034A48BF43F064
S2140187C040039361704700BF00100058820700F015
S2140187D001030AD50121064A43F0400311704FF008
S2140187E0B041CA6B22F00302CA63024A9361704722
S2140187F01E0D002000200058830742BF4022014B77
S2140188005A6170470010005810B518F026FB4FF05B
S214018810B04304465B695A06074A03F0010003F0B9
S214018820510348BF40F002005361FFF7AFFE2046F8
S214018830BDE8104018F017BB002000580A4B10B5D1
S214018840D3F8403203F00303013B012B0BD818F099
S214018850FDFA044601210220FFF726F82046BDE86E
S214018860104018F0F7BA10BD00800050024A0349C4
S214018870034805F04FBF00BF84CC0300A0CC030023
S214018880F0CC030010B50A46044619B1024B00218C
S2140188901B68984710BD00BF1C0B00200E4B034001
S2140188A0B3F1607F06D1B1F5885F14BF6FF0860023
S2140188B000207047B3F1707F0BD101F4E043B3F5AC
S2140188C0005F06D111F4E06F0CBF6FF08600002048
S2140188D070476FF0860070470000C07F8A42F8B587
S2140188E006460C4600F0DB806F4922F4FF7323F046
S2140188F001038B420ED06D4B22F0FF01994209D045
S2140189006B4822F47F7323F00303834202D0694B42
S214018910994228D1684B24F0FF0199420FD114F0F7
S214018920FF000BD0654B40F00070984240F0B980D4
S21401893082EA0400FF288CBF00200120F8BD5B4BB3
S2140189409942ECD0A3F588539942E8D024F4FF73FA
S21401895023F00103B3F1062FE1D056488142DED061
S21401896053498B42DBD004F0FE43B3F1A06F14D120
S21401897002F0FE43B3F1A06F40F0938082EA040355
S21401898033F47E1340F08D8014F40040D6D0C4F347
S2140189900540C2F305429042CDE7B3F1407F6AD16C
S2140189A002F0FE43B3F1407F7BD182EA040535F441
S2140189B07E1576D131462046FFF770FF002870D12C
S2140189C03F4B12F47C1703EA02031BD0B3F1607F1E
S2140189D0C2F305473FD13B49D3B243F000738B4204
S2140189E03DD003F17E43043B0F2B01D83649CD5CC5
S2140189F014F47C1FC4F3054333D1BD4214BF0020D9
S214018A0001209BE7B3F1607F0DD12E49D3B243F02D
S214018A1000738B421DD003F17E43043B0F2BDAD843
S214018A202A49CF5CD7E7B3F1707FE1D106F4E04382
S214018A30B3F5005F03D10127C6F302239F4006F476
S214018A40E043B3F5005FD3D10125C6F302218D4083
S214018A50CEE71027BFE7B3F1707FC9D1EFE7102546
S214018A60C6E712F47C1F01D1AB4218D022047FF571
S214018A7065AFBB425FE7B3F1106F12D124F01F6000
S214018A8020F4702068B902F0FE43B3F1106F7FF452
S214018A9055AF0F48104040F01060A042AEE70120ED
S214018AA04CE700204AE700BF00020006001300065C
S214018AB0000400060009000600030006FF0000028D
S214018AC00000C07F030000021CCD03001CCD030084
S214018AD00000FFF62DE9F8431746002288461C469B
S214018AE000F05AFA054688BBD8F80060B6F8009040
S214018AF009F4E043B3F5804FF36808BF27F0010798
S214018B0037EA03031AD10CB3254B24F0FF029A422D
S214018B101FD114F0FF0304D0224A43F0007393429E
S214018B2032D0224648463169FFF7D8FE074668B973
S214018B30224648467169FFF7D1FE70BB6FF0840587
S214018B4000233046C8F8003019F0DEFF2846BDE89D
S214018B50F883154B9A42DCD0A3F588539A42D8D0B5
S214018B6024F4FF7323F00103B3F1062FD1D00F498C
S214018B708A42CED00E4A9342CBD004F0FE43B3F1E4
S214018B80407F04D12304CCD56FF08605D8E7B3F136
S214018B90A06FF7D0034B9C42C2E73D46D6E700BF25
S214018BA000030006FF00000200130006000900068D
S214018BB00004000638B500F0FE43B3F1407F0446DA
S214018BC00D4602D06FF0860038BDFFF767FE00281D
S214018BD0FAD114F47C1F12D0C4F30543032B13708F
S214018BE022D9284A2240B2F1607F3DD1264AE4B21A
S214018BF044F0007494422BD1102BE5D9E2E7214BC7
S214018C002340B3F1607F15D11F49E3B243F00073EF
S214018C108B4202D110231370D6E703F17E43043B47
S214018C200F2B04D9002313706FF08500CCE717498A
S214018C30CB5CD3E7B3F1707FF4D101F4E043B3F535
S214018C40005FEFD10123C1F302218B40DBB2C5E700
S214018C5004F17E44043C0F2CB4D80D4A125D9342B5
S214018C60B0D8142BB0D9DFE7B2F1707FAAD105F4E2
S214018C70E042B2F5005FA5D10122C5F30225AA4064
S214018C80EDE700BF0000C07F030000021CCD03001B
S214018C901CCD030037B50B4D0C462B787BB100235A
S214018CA00A460193014601AB281D18F0FEFD20B9C6
S214018CB0019BA34218BF6FF0930003B030BD6FF065
S214018CC08800FAE7BC1E00202DE9F04F9B460023E2
S214018CD0924601F0FE4297B0B2F1806F0E46DDE992
S214018CE02078DDF88890089305D0184619F00CFF17
S214018CF06FF086043CE00B464FF4807208A9FFF73C
S214018D00E9FE044618B1089819F0FEFE30E0DDF8D9
S214018D1020C00DAC6546CDE914000FCD0FC495E813
S214018D200700BCF8003084E8070003F4E042B2F51F
S214018D30005F20D113F4E06FC3F302211BD0384843
S214018D4026F4807282420AD000F50070864206D070
S214018D503448864203D0A0F53F4082420BD101251C
S214018D608D40102D12D9604619F0CEFE6FF08304A7
S214018D702646002548E042F20402934202D12A4BDD
S214018D809E420BD0294B9E4244D10D25A84507D2C1
S214018D90604619F0B9FE6FF08904E9E70C25F5E79E
S214018DA0294609A8FFF776FF04460028ABD10898A4
S214018DB0D0E9091287B307EB050C0E9CA8EB050357
S214018DC0240A93D10DF12408CDE90539CDE903BC78
S214018DD03346CDE9015ACDF800800DA8FDF7D0FB4A
S214018DE0044614F1860F08988ED019F08DFE0646BB
S214018DF0002CBDD190B925B12A464146384622F00D
S214018E00B7F8D9F800301D443046C9F8005017B0FD
S214018E10BDE8F08F0025CAE7BC46CEE70446A7E7C3
S214018E200010C00400FF4004000180040013C004C9
S214018E3008B500F05FF8064B5A7812B10022C3E974
S214018E400122BDE808400C210148FFF71BBD00BF09
S214018E50BC1E002070B50C4D2B7873B918F023FD9D
S214018E60044668B902230126C5E90100AE706B709D
S214018E7000F038F8044618B92E700024204670BD5C
S214018E80FFF7D6FFFAE700BFBC1E002000F1004244
S214018E900332022A38B504460D4609D82C21104B58
S214018EA001FB02339A68824211D06FF08B0010E00A
S214018EB0012119F0DBFD78B1094B9A68944206D07E
S214018EC05A6B944206D01A6E9442EED15833002063
S214018ED02B6038BD2C33FAE76FF08700F9E700BF47
S214018EE0C81E00200122024B002083F88420704710
S214018EF0C81E002070B5094C0025264604212046D0
S214018F0019F0C5FD0135204619F063F9032D04F16A
S214018F102C04F3D1002386F8843070BDC81E0020CF
S214018F20F8B51B4C064694F884300F464BB3002523
S214018F302346294693F820001A46B8B125B91A796E
S214018F4012B1022808BF1D460131032903F12C0383
S214018F50F0D115B96FF08C0015E00421284619F000
S214018F6096FD68B9284619F034F92A460020094BBF
S214018F70141BA4105C4304F10044033C34603A60C3
S214018F80F8BD6FF0880000233B603360F8E700BF50
S214018F90C81E0020A38B2EBA2DE9FF4100230B60CB
S214018FA0394B804693F884300D461646002B68D020
S214018FB0FFF76CFF0446A0B92EB9286804B0BDE8D7
S214018FC0F04119F08EBD012E04D00024204604B0D5
S214018FD0BDE8F0810521286804B0BDE8F04119F02C
S214018FE056BD10F18C0FF1D1294601A8FFF798FF65
S214018FF004460028EAD101232F68CDE90200C7F80C
S214019000088038467B6003AA02A919F028FE0446A8
S21401901088B1DDE9020119F020FE2D6804212846F9
S21401902019F035FD284619F0D4F814F18C0F08BF55
S2140190306FF08704CAE7DDE90212384619F054F8E2
S2140190400446DDE9020119F008FE002CE5D10221F3
S214019050384619F01CFD04460028DED12868C3688E
S214019060D90444BF43F48063C360C3689A0444BF11
S21401907043F40063C360002EA0D0012EA5D10521C4
S214019080AAE76FF08804A1E7C81E002030B40D4D92
S2140190902C681C606C685C6000249C605468DC6012
S2140190A014881C8254885C82D4685C6114699C6153
S2140190B0526930BCDA6119620A46014603F124009E
S2140190C021F056BF2CCD03002DE9F8432329044691
S2140190D00F4691469846089E04D86FF09805284694
S2140190E0BDE8F8830822194921F00DFF054600283E
S2140190F0F3D1A368002BF0D1216A243F8F42C8F830
S2140191000010EAD3B1F5005FE7D271B9C9F80000E3
S214019110E3687360238A3380638A73806369F360CC
S214019120A3693361E3697361D9E7012018F065FE2D
S214019130C9F8000030B1D8F8002004F1240121F06C
S21401914017FFE5E76FF08C05C9E700BF2CCD0300DC
S21401915030B5174B826A1B681206597926D5028FDD
S2140191601C79436B1203B2FBF3F2631AB2FBF3F200
S214019170B0F89C3003B1013BD0F8A05005B15B10AC
S2140191801B02B3FBF2F35B180CD090F895200F2A64
S21401919008D91209B3EB820FB8BF00234FEA820148
S2140191A0A8BF5B1A9C42A8BF1C46E1B2417630BDFF
S2140191B00C210020084B9A7E82420AD94FF4A472F1
S2140191C01B6802FB0030836A13F0100F08BF0020F3
S2140191D070470020704700BF501F0020084A094909
S2140191E01368C31AD810002B01FB00F005DB937E31
S2140191F08342D8BF4FF0FF3070474FF0FF307047C3
S214019200501F0020199C8FC170B504460E4617F0FA
S21401921024FE3146054604F1300019F072FD204661
S214019220FFF7DCFF01218140054819F06AFD4FF484
S214019230807005F05BFC2846BDE8704017F013BE51
S214019240741F0020F329F8B504460D46724E25D149
S214019250338D63B9A36813F4601F00F0BA80238FBF
S214019260626B1B01B3FBF2F3F32D9FB22DD12046A7
S21401927019F005FEB4F89C70002F40F0B380A36A85
S21401928013F0800F0CBF3E23082384F87730204666
S214019290FFF75EFFF32D36D1012057E073695906BB
S2140192A040F18F80836A1A0740F18B80336900F1A1
S2140192B0400143601BF080F8338D002BCAD0238F0A
S2140192C0626B1B01B3FBF2F39FB2618FB4F89C2073
S2140192D09BB25B1A9A427EDC736994F836019B074F
S2140192E04CBF002102211CF020F840F202237269D3
S2140192F09343BCD12046A4F89C7019F0C1FD2046CA
S214019300FFF726FF0127A36A1807C5D5628F002A33
S214019310C2D013F4C05FBFD1726912F00C0FBBD17B
S21401932040F202239343B7D1D4F8A430002BB3D133
S2140193302046A18F1BF0FEF9002855DD638F01330F
S214019340984251DC0128A7D0013880B2236BA4F8DB
S2140193507C00590409D54FF4804104F1300019F01E
S214019360D8FC00212046FFF74FFFB4F87C20A38FDE
S21401937094F870101344A387B4F89C309B1AA4F891
S2140193809C3094F86F3002FB01332522B3FBF2F1D7
S21401939002FB113384F86F304FBBA36A1A0702D45D
S2140193A01E4B1B689847204608211BF07DF8204677
S2140193B00221FFF729FF2046BDE8F840012103F00E
S2140193C091B9318D238F626B00293FF443AF1B01A6
S2140193D078E7338543E7737F002B86D0032194F823
S2140193E0360180E7012752E7608F0130ADE720465E
S2140193F019F0E7FC2046A18F1BF026F8A36A054664
S2140194001B0702D4054B1B689847002DCBD020467E
S214019410BDE8F84019F0DABD501F0020841F002077
S2140194200022074B10B55A77202204465A6119F0DC
S214019430B4FC84F83601204619F02CFE10BD00BF9E
S214019440501F0020012810B50C462AD0022830D023
S21401945000283DD191F8953060F3071381F89530D7
S2140194600846FFF7DDFFA36A20461B0716D503F063
S2140194702DFB042001F0A4FA50B3164A937F3BB3A8
S214019480D37F0133DBB2D37792F821209A421FD8DB
S214019490BDE810404FF0806005F028BB03F0EAFC01
S2140194A0E7E703F035FA844212D1BDE8104003F035
S2140194B001BB91F895302046C3F30312013262F3E3
S2140194C0071381F89530BDE81040F321FFF7BABEC7
S2140194D010BD00BF501F002010B501F0D1FAFB22CD
S2140194E0114B10F0020F1A770CBF0122032241071D
S2140194F0197E48BF42F0040262F3030119761A7E10
S214019500C2F3030161F307121A764FF44171002288
S2140195101984DA76DA835A621A611A85034BBDE832
S21401952010401B68184700BF501F00207C1F0020FA
S2140195302DE9F8434B4C0546A06818B115F0B0FF6D
S2140195400023A360022015F0F7FE5FFA85F80020DD
S21401955019F045FC404619F059FC0646002868D12A
S214019560404619F05EFC0746002862D1002D75D0F2
S21401957005EB850105EBC101C90033460122022036
S21401958089B215F08BFE002850D14FF4A479022041
S21401959084F81A8015F000FF09FB05F731463A46B4
S2140195A0206021F0DAFC32462368681E03EB0901CD
S2140195B0824233DB002DA7F5A4724FF00001D8BF1D
S2140195C0002299502846636019F009FC88BB404682
S2140195D019F009FC68BB404619F010FC074640BB71
S2140195E0002D16DD022022F091F80223A060C3713F
S2140195F083793946C3F102020C33D2B2184421F002
S214019600ACFC0121A3689A7913441A7B61F3010229
S2140196101A73FFF761FF3046BDE8F88309FB02FCC9
S214019620013243F80C1001F5A471C1E7C4E90077D3
S214019630A7760025002019F0E9FB002019F0F1FBC0
S2140196402846C4E90055A57619F0CDFB284619F041
S214019650C6FB022015F070FE0726DCE72B46A57632
S2140196602560AFE7501F0020014B987E704700BF72
S214019670501F0020014BD87E704700BF501F0020AE
S214019680F8B5284D17F0E9FB6C681CB917F0EBFB31
S2140196902046F8BD4FF4A476012723686B60EB7E65
S2140196A00133EB7617F0DFFB32460021204621F02E
S2140196B054FC04F128004021676119F022FB2B8B32
S2140196C00722A4F8443194F83731002167F30303E5
S2140196D084F837314FF6FF73A4F87A302B7FA4F85D
S2140196E0866084F8423144F29023A4F8403194F81D
S2140196F0853004F1080062F3030384F885300A4BD1
S214019700C4F8883003F1CE5303F59813C4F88C30AF
S21401971041F61B33A4F890301B2384F892301AF0DC
S2140197201AF9B5E7501F00204801480170B50446F4
S214019730002619F027FC04F1080000F0ABFE0D4BE3
S21401974020461B689847C4E90A6617F086FB05465B
S2140197504FF4A4723146204621F0FFFB064B284603
S2140197605A682260DA7E5C60013ADA76BDE87040BB
S21401977017F079BB801F0020501F00202DE9F04113
S21401978006464FF480400F4601F01AF9044630B9F8
S2140197900E4B1D6893F81A807135A04502D800203B
S2140197A0BDE8F08155F8493CDA0609D5C3F38003D4
S2140197B0BB4205D106222946304621F0A4FB18B14A
S2140197C0013405F5A475E8E70B20E9E7501F0020F2
S2140197D008B5B0F894305A1C62F30B03A0F8943025
S2140197E0042001F0EDF870B1074A937F0133DBB234
S2140197F0937792F820209A4205D8BDE808404FF0AA
S214019800806005F073B908BD501F002038B58B790C
S21401981005460B449B7D0C4603F00303032B09D13D
S21401982001212C3019F06DFA4FF4006105F1280082
S21401983019F067FA21460548A56021F0A2FEBDE8A9
S21401984038404FF0005005F051B900BF5C1F0020B2
S214019850014B1877704700BF501F0020014B187F3F
S214019860704700BF501F00202DE9F74F1D461646D2
S2140198702A4604469DF838309DF83C8080F89B3097
S21401988052F8103B0F46C0F8283100F14401B8F1F8
S214019890000018BF0120DDF830A09DF840909DF82B
S2140198A034B004F03DFE20461AF0F7FD204619F0CC
S2140198B0BAFA1BF040FD49460246204619F0ADFAB9
S2140198C0C82320460DF10601ADF8063019F098FAC6
S2140198D047F6FF73A4F83031AB88A4F82C31AB7986
S2140198E084F82E31DAF80030C4F87130BAF8043052
S2140198F004F1280AA4F87530BBF1000F03D0042147
S214019900504619F0FEF9B8F1000F04D04FF400519B
S214019910504619F0F6F94FF4607001F051F8C0F3B3
S214019920C018C3054FEA881848BF48F0800881056B
S21401993048BF48F4807817F090FA83464FF4826166
S214019940504619F0DEF9414604F12C0019F0D9F918
S214019950584617F088FABB1E012B7AD84FF400211F
S214019960504619F0CEF901212046FFF74DFC04219F
S21401997020461AF099FD6B7D2046C3F3040384F854
S21401998070306A8907F0FD0752006263697B2A7BA3
S21401999042EA01226287E97BAA7B42EA0122228708
S2140199A06A7D84F86F30C2F3421284F83E200022AA
S2140199B00523A2870122A4F89C30A4F87C209DF9F7
S2140199C0441019F035FA01F055F820F40060C4E9A6
S2140199D008012046FFF7BCFB3A4A3B4BB2F8288009
S2140199E0B8F1000F68D1002F38D140F2C718666071
S2140199F0E3612046166119F095F9B9F1010FE060AF
S214019A000AD094F83731204669F3030384F83731D6
S214019A1009F00F0119F0B6FB04F10800414619F0F0
S214019A209AFF012002F004FE28B963691A075CBF99
S214019A3043F00403636140F271216B892046013BC8
S214019A40594319F08EF9204602F0FCFD03B0BDE83B
S214019A50F08F012F87D140F2014185E74FF4D77887
S214019A60E36140F271272B8940F608015B0007FB92
S214019A7003665046666004F1400619F042F9314625
S214019A8020461AF099FC2B89314601335B002046AB
S214019A907B4304F1340201F001F8EB7931465B00B7
S214019AA0012220467B431AF08DFC236C20469E083B
S214019AB019F038F93044A0E76660E361002FD0D191
S214019AC097E700BF501F00204594010070B51D4662
S214019AD0C36A04461B07164613D408212C3025F406
S214019AE0105519F00EF925F01005064B2D043340DC
S214019AF02D0C2046C4E90835BDE870404021FFF72B
S214019B0083BB70BD2FCF87F72DE9F04F85B0044694
S214019B100191084689B34B799A071FD421F0CFFCEF
S214019B20019D70B96B79DB0705D54FF4803104F1DF
S214019B30280019F0E6F801A821F055FC05B0BDE8AB
S214019B40F08FA36ADF0309D54FF4803104F12800B2
S214019B5019F0DFF86B7943F001036B71019E17F082
S214019B607CF9737931469E0705461ED504F1AC0093
S214019B7021F016FD284617F076F9DFF8909117F0D8
S214019B806CF9A36A0746DD0514D5D4F8AC3043B1A9
S214019B909A7913441B7B392B03D829FA03F3D80788
S214019BA011D4384617F05FF9C8E704F1A80021F090
S214019BB0E8FCDFE794F94631022BF2DCD4E92A23EC
S214019BC072B9002BEDD004F1AC0021F02AFC054659
S214019BD0384617F048F92946204619F081FCCEE7A9
S214019BE0002BF0D194F89280039304F1A80BD4F8DB
S214019BF0A86096F807A0B379AAEB030A5FFA8AFA77
S214019C00C24527DC584621F052FC0546A8EB0A0857
S214019C106B7929466FF3C3036B7103A821F0B1FC7E
S214019C20D4F8A8302BB15B79990702D1B8F1000FAF
S214019C30DDD1039B002BB4D09B79022B40D80020AA
S214019C4021F064FD014670BB039904F1A80021F0E0
S214019C50A7FCA6E7002021F059FD054630B9039977
S214019C6004F1A80021F09CFC03959AE78079B1796C
S214019C700C300C3142463144284421F079F9EB7915
S214019C8053FA88F3EB71B379727953FA88F3B371A7
S214019C906B794FF0000862F300036B7173796FF311
S214019CA000037371B4E7039B4A79587960F30002A5
S214019CB04A715A7903A86FF300025A7121F06BFCBE
S214019CC0E36A9A0512D50398034600680028FBD17B
S214019CD0DB79C3F14503DBB2032B07D821F016FD70
S214019CE001460028B0D003A821F04BFCD4F8A830D8
S214019CF013B15B79DB0704D5039A537943F0080364
S214019D005371384617F0AFF8039965E77C2C0200CB
S214019D1070B5036B0446990786B001D519F032F980
S214019D20236BDA0733D5A66A330723D516F4002F3B
S214019D3014BF032501252046FFF750FA94F89B30FF
S214019D40294605930023049394F83E30C6F3800217
S214019D500393238F80B20293638F0193636BC3F3E4
S214019D604F03009304F171031AF04BF930B9002048
S214019D7006B070BDB50C05F00205DCE7012104F163
S214019D80300018F0C6FF4FF4005118F0BAFF236BED
S214019D90980410D52046FFF721FAA16AC0B2C1F394
S214019DA0403119F0AEFE0028E1D04FF4005104F125
S214019DB0300018F0AEFF236BD90409D500212046E8
S214019DC0FFF7A2FE4FF4805104F1300018F0A1FF16
S214019DD0236B5A0512D52046FFF700FA002394F8A4
S214019DE09B50C2B21946284621F01BFF0028BED060
S214019DF04FF4806104F1300018F08BFF236B5B0792
S214019E0011D52046FFF7EAF9616B238F628FC1F304
S214019E104F0180B21AF0D5F80028A8D0042104F129
S214019E20300018F076FF236B1E0709D520461AF07E
S214019E30C7FE00289BD0082104F1300018F069FF06
S214019E40236BDD0618D52046FFF7C8F9E16A80B214
S214019E5011F4805100F0C58000211AF047F900285E
S214019E6085D04FF4805104F12C0018F052FF1021D8
S214019E7004F1300018F04DFF236B580615D5204627
S214019E80FFF7ACF994F8773080B20093D4E9082351
S214019E901AF00FF900283FF46AAF0023402184F836
S214019EA0773004F1300018F034FF236B190516D50E
S214019EB02046FFF793F900230093B4F89830B4F8DE
S214019EC0962094F89A1080B219F0CEFD00283FF43F
S214019ED04EAF4FF4006104F1300018F01AFF236B07
S214019EE013F4804532D19A0516D52046FFF776F948
S214019EF094F8371194F8772001F00F0180B200F042
S214019F001FFC00283FF433AF4FF4007184F87750FC
S214019F1004F1300018F0FDFE236B1B0616D5204613
S214019F20FFF75CF9B4F88C3080B2009394F8913066
S214019F30B4F88A2094F890101AF00AF900283FF431
S214019F4016AF802104F1300018F0E3FE236B9E0665
S214019F5012D52046FFF742F994F8771080B21AF02E
S214019F60DCF800283FF403AF0023202184F8773083
S214019F7004F1300018F0CDFE236BDD0508D504F1A1
S214019F8030004FF4807118F0C4FE20461AF055FCDC
S214019F90236B180408D504F130004FF4004118F083
S214019FA0B8FE204619F0EAF8236BD90308D504F168
S214019FB030004FF4803118F0ACFE204618F028FF30
S214019FC0236B9A0308D504F130004FF4003118F0E2
S214019FD0A0FE204618F02AFF236B9B0704D401201D
S214019FE0C6E61AF09AF83AE700222046114618F01B
S214019FF01BFF204618F01AFF2046FFF7EFF894F8EB
S21401A000771080B21AF03FF900283FF4B0AE022173
S21401A01004F1300018F07DFE2046FFF787FB024B67
S21401A0201B689847DBE700BF7C1F0020F8B50023BC
S21401A030124A02F1240151E8004F41E80035002D93
S21401A040F7D1012734B9BDB10D48294618F059FE9C
S21401A0502046F8BD94FAA4F0B0FA80F007FA00F6AC
S21401A06024EA0604FFF7A6F80028EBD0FFF750FE17
S21401A0700028E7D13543E5E70120EAE7501F002035
S21401A080741F00202DE9F74F04460190002860D088
S21401A090C5794FF000080C35054416F0DEFE46463D
S21401A0A000904FF4A47A40462B4FBA7E5FFA88F9A7
S21401A0B04A4517D90AFB09FB3A685A44916ACB0606
S21401A0C044D5B2F89420C2F30B02002A3ED0E279BE
S21401A0D0C2F14502D2B2032A15D8022021F016FB9E
S21401A0E0044640B900230098FB8316F0BCFE3046B8
S21401A0F003B0BDE8F08F014601A821F042FA002026
S21401A100E5790C35254404220123002112FB003396
S21401A11005F82090E9543B6802FB005C5B44B3F809
S21401A120943001368CF80230032312FB0032A95416
S21401A1303B6801305B44B3F89420C0B261F30B0274
S21401A140A3F89420E379F6B20433E37108F1010829
S21401A150ABE70646CBE700BF501F0020F7B56846C1
S21401A16004F0D2F900254FF4A477124EB37EAB4229
S21401A17001DC03B0F0BD346807FB0544A36A03F0B5
S21401A1801803102B13D10522694604F1450020F06F
S21401A190BAFE60B1012120461AF070FB38B90120E1
S21401A1A021F0B4FA014610B1204601F0B5F80135A8
S21401A1B0DCE700BF501F00202DE9F74F16F04DFEDB
S21401A1C0424BDA6800920022DA6016F04CFE009BE1
S21401A1D013B903B0BDE8F08F684621F022F9827901
S21401A1E0876802F10C04044401460190A07A0A3201
S21401A1F010F0200F14BF0320022002448A71FA6A6D
S21401A20052050FD5E07AA27A42EA0022384619F0C2
S21401A21055FB38B901A821F0E6F83D21384619F07A
S21401A2203FFAD4E7BA6A94F80AB012F400720199B8
S21401A2300BF0030013D003288A79EBD10A44127B72
S21401A240392AE7D8224B23FA02F2D307E2D54A7914
S21401A250384642F002024A7100F066FDB7E703286D
S21401A260F5D048790BF0030B62F3410048710846BC
S21401A27094F8069094F905A021F021F9019D06466F
S21401A280AC793846063CE4B2AC71FEF7A7FF0C3455
S21401A290C0F3032305EB040843EA0B1388F80330E5
S21401A2A02B46F6B288F80200A8F8046005F804A068
S21401A2B088F801905A796FF341025A711B68002B96
S21401A2C0F8D1284619F034FC81E700BF501F002062
S21401A2D07C2C0200002370B50D46D1688AB009BAFD
S21401A2E00291C178C66861F30703817836BA61F3D3
S21401A2F00F23417806AC61F317439168069609BAB5
S21401A3000391816809BA07915168126809BA12BAAD
S21401A310049105920178426861F31F6312BACDE990
S21401A320082323468022012002A9009417F0D9F9B8
S21401A3300028F6D1DDE90810DDE9063200BA09BACF
S21401A34012BA1BBA28606960AA60EB600AB070BDD9
S21401A350F8B504460026084F0CB90748F8BDA179A0
S21401A360E579B8196D1AEDB20C3121442A4620F070
S21401A370FFFD2E442468EFE78C1F0020F8B5044645
S21401A3800026084F04B9F8BDA079E579B9192D1A48
S21401A390EDB20C3020442A4620F0EAFD2E44246813
S21401A3A0F0E700BF8C1F0020104B1A7842F0F00235
S21401A3B01A701A7C42F0F0021A7493F8202042F0C8
S21401A3C0F00283F8202093F8302042F0F00283F860
S21401A3D0302093F8402042F0F00283F8402093F8B2
S21401A3E0502042F0F00283F8502070479C20002055
S21401A3F00368054A23F07F6323F4002302EAC1427F
S21401A40013430360704700BF0000F80FF8B5448897
S21401A410054604F00704072C1C4E28D116F01DFD36
S21401A42000221101735C06EB02171B090F2B0AD0E1
S21401A4300132062AF5D1164A13880133138016F025
S21401A44012FD1920F8BD2B6894B27B80112373543A
S21401A45016F009FD1AF014FF06EB0413D8602B68FA
S21401A460002023F4E02343EA04432B60EAE72301B8
S21401A470F15CC1F30312013202F00F02052A28BF74
S21401A480002262F30711F154E4E700BF9C2000208C
S21401A490A22B002038B54488054604F00704072C93
S21401A4A00FD016F0DAFC074A2401135D43F0F003DF
S21401A4B013552B6843F4E0232B60BDE8384016F0B3
S21401A4C0D2BC38BD9C2000202DE9F04745880746C0
S21401A4D005F00705072D894637D01D4C4FEA0518AC
S21401A4E014F808601AF0CCFE04EB051ADAF80C3002
S21401A4F0360906EBC506C01A04EB4606708014F84A
S21401A500083003F00F02042A9EBF013262F30303F0
S21401A51004F80830B9F1030F14D114F8081004EB4D
S21401A5200514A01C01F00F011AF088FD044616F070
S21401A53094FC3A68074B134023433B60BDE8F04761
S21401A54016F091BC4FF6FF74F1E7BDE8F08700BF47
S21401A5509C2000200000FF7F064A08B592688242D0
S21401A56007D0427922F0030242F00302427104F05E
S21401A57025FB08BDFC20002010B5064C204620F027
S21401A58032FF201D20F02FFF04F10800BDE8104027
S21401A59020F029BFFC20002010B5022021F0B6F8DB
S21401A5A0034C6060022021F0B1F8A06010BD00BF2E
S21401A5B0FC20002008B5FFF7DFFF0022024BDA601F
S21401A5C0BDE80840FFF7E8BFFC200020014B5868B3
S21401A5D0704700BFFC200020014B9868704700BF01
S21401A5E0FC20002038B50C4CE3681BB1E3689847A3
S21401A5F00023E36023686BB1074820F012FF05468D
S21401A60040B123681BB14FF0004004F06FFA2846B2
S21401A61019F052FE38BD00BFFC20002010B5084CD2
S21401A620E0604FF0004004F061FA00BF00BF00BFD9
S21401A63000BFE3681BB1E36898470023E36010BDE1
S21401A640FC20002038B58379044603445B7B13F075
S21401A650300F437923F0030308BF43F0010343712E
S21401A66016F0FBFB05462146054820F08AFF4FF011
S21401A670004004F03BFA2846BDE8384016F0F3BB2C
S21401A680FC200020F7B5144F7C68A3790C331C44DA
S21401A69000F0F6F96679E6B116F0020519D136EA48
S21401A6A0000016D1E378B4F80920B4F80710A079B1
S21401A6B001962479009401F07BFA002808BF0C2546
S21401A6C02A4642F24101B86803B0BDE8F04019F0ED
S21401A6D0C3B91125F4E700BFFC20002010B50D4CCE
S21401A6E0626893790C331A441179D078003918BF0F
S21401A6F001210038B2F8073018BF0120B2F8052052
S21401A70001F0BEFB42F242010246A068BDE81040DD
S21401A71019F0A2B9FC20002010B5084C60688379B6
S21401A72018440F3000F07AF80023A0681A46BDE8F6
S21401A73010404FF6284119F04DB900BFFC2000200B
S21401A740F8B5074601200D46164620F0DFFF044601
S21401A750C0B106220C2119F050F9691EC9B20329AD
S21401A76088BF0022A37998BF074A03F10C0398BF5C
S21401A770525C234420469F80DE70DA719A71FFF79F
S21401A780EBFE0120F8BD00BF34CD0300F8B5FFF79E
S21401A7901DFF83791844B0F80F60B0B2FEF70AFDCA
S21401A7A00446C0B118F056FE0138C0B2032814D8CA
S21401A7B000270B4B1C5CFFF70FFF054604233A46A8
S21401A7C042F2300119F006F9AB790C33E818C6806D
S21401A7D004724472F8BD0227EDE700242746EAE733
S21401A7E034CD03000B4610B50649074C0622002857
S21401A7F008BF2146184620F086FBB0FA80F04009D3
S21401A80010BD00BF432C0020492C0020024B1A68C3
S21401A81002609B8883807047492C002013B50D4C3D
S21401A82028B1036823608388A38002B010BDFAF7BD
S21401A8306DFDCDE900019DF80230BDF80020A37042
S21401A840BDF805302280A4F803309DF80730637107
S21401A850EBE700BF492C002010B5044616F0FDFAC0
S21401A8602268064B1A60A2889A80054A137843F03C
S21401A8700103137016F0F7FA012010BD432C0020D7
S21401A880422C0020024B1878003818BF0120704770
S21401A890422C0020024B1A6802609B888380704716
S21401A8A0432C0020024B186908B104F01FB9704709
S21401A8B0680F0020002310B53C4A02F1100151E850
S21401A8C0001F02F1100C4CE80034002CF5D140EAD0
S21401A8D00104A10201D501F021FF220101D503F0F7
S21401A8E04BFB002C01DAFFF77DFE630001D501F07A
S21401A8F037FDA00001D5FFF75FFCE10007D515F095
S21401A9001BFA20B94FF08051294819F028FD620141
S21401A91007D518F06AFE20B94FF08061244819F077
S21401A9201EFDA30105D51AF0FFFCFFF717FC19F071
S21401A93049F8E00108D518F05FFA072804D14FF06E
S21401A94080711B4819F00BFD610201D519F009F859
S21401A950220201D518F03BFAE30207D518F045FAB2
S21401A96020B94FF48011124819F0F9FCA00507D55B
S21401A97000F0A8F920B94FF400710D4819F0EFFC6A
S21401A980E10507D5FFF752FB20B94FF4807108485F
S21401A99019F0E5FC620503D519F01AF819F019F853
S21401A9A0230501D519F0E3FC10BD00BF680F002098
S21401A9B0780F00200146014819F0D1BC680F00202D
S21401A9C0014B1B6818407047680F002010B5044BF8
S21401A9D0D3E9064204430A43C3E9064210BD00BF59
S21401A9E0680F002070B51E4D04462B68002B03DA55
S21401A9F0FFF7E0FD002031E04CF20C000021FFF7EC
S21401AA00E5FF0023174E336024B163682B60A3680B
S21401AA1003B133604FF00040FFF7CCFF33680BB94A
S21401AA20114B3360114B1248AB6000232B7314F0AB
S21401AA3073FDFFF7B9FC2046F7F782FB70B92CB11E
S21401AA40B4F90E10B4F90C0002F0EEFD1AF077FC22
S21401AA5003F02CFD03F0B2FC0028C9D070BD00BF86
S21401AA60680F00200C2100201F0D0020A5A8010062
S21401AA706C0F0020014BD3E906017047680F0020D8
S21401AA80054B9B69DA054CBF032001201B0548BF17
S21401AA9040F00400704700BF680F0020F8B5174665
S21401AAA01C460D46064603F077F91C4BBA7A1C493C
S21401AAB053F8222053F820308C421A4424D9194BDB
S21401AAC09C4214D9184B013C93FBF2F3002BB8BF00
S21401AAD003339A1004EBA304B4FBF2F371682A68FB
S21401AAE0A1EB930102EB430271602A60F8BD0F4BA4
S21401AAF00F49A3FB04435B0902FB03F303F6C313ED
S21401AB00A1FB0313DB0AE9E702FB04F3094A03F599
S21401AB1074338F33A2FB03231B0CDFE78CCD0300BA
S21401AB204C6210001366660640420F001F85EB510B
S21401AB305917B7D183DE1B43034600F03F003F2879
S21401AB4030B51FD090B11946002201321B2A4FEAB8
S21401AB50510105D100212E480A460124584007E03C
S21401AB6001F03F003F280DD00028EED130BD012175
S21401AB7004FA02F5054202F1010205D1202AF7D1B5
S21401AB80022907D00020F1E7202A01F10101F7D0C0
S21401AB900229ECD1DAB2C3F30721914225D0002174
S21401ABA01C46084604F00305013D012D01F1010193
S21401ABB098BF01301F294FEA54041ED11828E1DC42
S21401ABC0052000219B0E03F00304013C012C98BFD5
S21401ABD0013101384FEA5303F5D10129C6DD8AB99F
S21401ABE00228D4BF00200120C0E7C3F307419142E9
S21401ABF0D5D1B2EB136FD2D1C4E71029D2D10B282D
S21401AC00D0DDBFE7D30748BF01305208E7E700BFF2
S21401AC10D6BE898E024B1A6802601860704700BF64
S21401AC20142100200022024B1A6000F0FBB900BF7D
S21401AC30142100202DE9F843064618F041F9044690
S21401AC40002835D045784DB916F007F9237863709A
S21401AC501B4B1B682570636016F005F94FF0010861
S21401AC60677837B923781BB34FF4007003F03EFFC3
S21401AC701EE097FAA7F5B5FA85F508FA05F55FFA25
S21401AC8085F9636833B90E4B27EA050565701B68BD
S21401AC906360E5E79B681BB963681B686360F0E760
S21401ACA0494630469847012805D163681B686360AA
S21401ACB00120BDE8F8830228EED10020F9E700BFA5
S21401ACC01421002070B500250D4EFEF7CDFCA842DC
S21401ACD001D8012012E03068FEF76CFA50B93468EA
S21401ACE0FEF7C2FC0134B4FBF0F303FB104401355C
S21401ACF03460EAE7FFF79EFF0028F0D170BD00BF81
S21401AD001021002010B50446837903441B7B392BA0
S21401AD1096BF044AFF21D15C20F03CFBA0790C30A1
S21401AD20204410BD38CD03002DE9F34105460C46FD
S21401AD30019118F0B5F8830605D501A820F053FB5C
S21401AD4002B0BDE8F081019FBE790C36BB5D392BA0
S21401AD5018D8164A12F80380B8F1FF0F12D03846F9
S21401AD6020F0ADFB013840450CD1114B1E6896B959
S21401AD7021462846A37923441A7B02B0BDE8F04158
S21401AD8019F0F4BB019820F02EFB2846BA5D019914
S21401AD9019F0ECFBD4E773680BB93668E7E7214690
S21401ADA0284698470028F8D0CAE700BF38CD0300E8
S21401ADB01421002037B504460D46202118F072F8FC
S21401ADC02946204618F0DBF82146012019F075FCCB
S21401ADD02146002019F071FC012000232146034A78
S21401ADE0009019F0FBFB03B030BD00BF45440300E3
S21401ADF073B50C461646054619F0D1FD80F00100E4
S21401AE002946C0B218F043F8C368012C9A7907D0D6
S21401AE1032462146284602B0BDE8704019F0C5BD4D
S21401AE2013441022DB8A294600920020024A19F0B8
S21401AE30D5FB204602B070BDAB49030037B50446CA
S21401AE4019F0EDFD0321204618F04AF800250346C7
S21401AE5021460120034A009519F0C0FB284603B09D
S21401AE6030BD00BF914803002DE9F3470746022095
S21401AE700E4620F04BFC0546002846D0B37900214B
S21401AE800C333344B3F80480B3F806A0B3F8089043
S21401AE9019F022FB2846FFF735FF02210446384603
S21401AEA018F01EF8A4F804806081A4F806A0A4F89F
S21401AEB008901AF0A9F908F10108B0FBF8F303FBB2
S21401AEC01800022360806370AB79B371EA7903F1ED
S21401AED00C00F271D21AD2B22918304420F048F888
S21401AEE03946012017F0D3FF1022C6606389394620
S21401AEF001200092064A19F071FB3846294619F0DE
S21401AF00E9FA002002B0BDE8F0870720FAE700BFA3
S21401AF10AB4903002DE9F34104460D4601460120E5
S21401AF2017F0B5FF01210746284619F0D5FA28463D
S21401AF30FFF7E8FE064600F10108404603F0E4FA92
S21401AF40D6F801300221C7F8123073792046BB7556
S21401AF5017F0C6FF29460746F080204619F0BAFAD0
S21401AF6020232146009301203B46034A19F036FB75
S21401AF70002002B0BDE8F081774903007FB50446A2
S21401AF800D460146012017F082FF50E8003F43F4CA
S21401AF90806340E80036002EF7D1204619F0FFFC0A
S21401AFA0D8B3204617F084FF430715D533463246FB
S21401AFB020460DF10F0118F034FA9DF80F30062BDC
S21401AFC00AD8284614F06CFA012200232046FEF720
S21401AFD07DFD002004B070BD0E21284619F07CFAD4
S21401AFE02846FFF78FFE0646FFF744FDC6F8051014
S21401AFF0FFF740FD2946C6F80100204619F06AFA17
S21401B0000321204617F06CFF0022034600922146DA
S21401B0100120034A19F0E2FADBE70821DDE700BF69
S21401B0209548030010B5054C054A2046054919F018
S21401B03020FC2046BDE81040FFF7ECBD182100209B
S21401B0405D4A0300B1B10100F7B58B7904460C33B4
S21401B050CE18CB5C0D46023B0F2B00F2A080DFE83A
S21401B06003F0089E9E9E9E739E829E9E2C689E9EC8
S21401B0709E4F15F0F2FE71780746204617F07FFFC7
S21401B0802021204617F00EFF2146012019F015FB5E
S21401B0902146002019F011FB0123009300232146CD
S21401B0A01846404A19F09AFA284614F0F9F9384633
S21401B0B015F0D9FE012003B0F0BDB388728871780F
S21401B0C018F095F9204617F0F3FE830708D42946B1
S21401B0D0204619F0A4FC0121204619F0E5F9E9E71C
S21401B0E02146012017F0D3FE2F4B82689A4203D1E6
S21401B0F02146012019F0B1FA284614F0D1F9EAE701
S21401B10077780846B67814F0CBF9162F05D1324673
S21401B1100321204619F093FECCE72146012017F0C3
S21401B120B6FE8368002BC5D03246032120469847D9
S21401B130C0E70146012017F0AAFE074628467678A2
S21401B14014F0AEF9BB68EDE70146012017F09FFE4B
S21401B15007462846767814F0A3F9BB68002BA9D0D9
S21401B16032460421E2E70146012017F090FE0F4B1C
S21401B17082689A4203D0284614F092F99AE7D6F8E4
S21401B1800120D6F805302046FEF7A0FC284614F02C
S21401B19087F92146012019F060FA02219CE7002078
S21401B1A089E700BF134A030091480300954803004E
S21401B1B02DE9F3410C46054619F0F1FBA379002869
S21401B1C06BD00C3314F80380E618B8F1010F41D0A8
S21401B1D0B8F1080F39D0B8F1000F51D1718928465E
S21401B1E019F0EAF9B188738872788B4294BF0746E2
S21401B1F0002709290B4638BF0923013B9BB29A4217
S21401B2000FD8002A08BF00270846F388328919F0AC
S21401B210F2F840B9204614F043F9012002B0BDE827
S21401B220F0814746F0E7002FF4D02946002017F0BA
S21401B2302EFE1022C46073890092013B1B4A9BB20A
S21401B2402946002019F0CAF9E7E72146284619F0F1
S21401B25044FBE2E72846F18819F0AEF90746701C70
S21401B2601AF07BF80028D5D0002FD3D0294600202D
S21401B27017F00DFE2023C4600093F3880C4ADFE725
S21401B2802146284619F0C8FE0028C6D12146284680
S21401B29002B0BDE8F041FFF7D7BE23441B7B0E2B5F
S21401B2A0D3D02146284619F0A6FEEDE7F1AD010000
S21401B2B02F49030038B504460D4617F0F9FD42073D
S21401B2C00BD4204617F0F4FD830706D42946204602
S21401B2D0BDE83840034A19F061BA284614F0E0F890
S21401B2E0002038BD3DAE010038B505460C4617F0C6
S21401B2F0D7FD00F01800102806D121462846BDE8E3
S21401B3003840044A19F04ABA204614F0C9F80C200D
S21401B31038BD00BF69AE0100014A19F03FBA00BF4F
S21401B32015AF010070B505460C460146012017F021
S21401B330AEFD0646284617F0BBFD020704D520469B
S21401B34014F0AEF8002070BD33685B05F7D42846CC
S21401B35019F025FB40B121462846FFF7ABFF18B987
S21401B36020F0D4F9044630B121462846BDE87040A5
S21401B370024A19F013BA0720E5E700BF7DAF0100C6
S21401B38073B504460E4617F08BFD00F0300010280A
S21401B3904FF0020031D120F0B9F9054678B3437970
S21401B3A0022143F00203437119F096F82846FFF78D
S21401B3B0A9FC29464670204619F08CF8162120462D
S21401B3C017F0DDFD2021204617F06CFD21460120F7
S21401B3D019F073F92146002019F06FF9204619F08B
S21401B3E012FA0121204617F07BFD03460120214673
S21401B3F00090044A19F0F2F8002002B070BD072050
S21401B400FBE700BFBF4803002DE9F04387B00446C1
S21401B4100E4617F04DFD00F4C060B0F5C06F06D1C2
S21401B420022020F073F9054610B9072054E00025E4
S21401B4302146012017F02BFD814696F8068000F183
S21401B440120208F10C08B04408F10F0308F11F01BD
S21401B45053F8040B8B4242F8040BF9D10321304612
S21401B46019F03AF83046FFF74DFC0A22074608F174
S21401B470050101301FF057FD0C210DEB010002F014
S21401B480B1FF03AB03CBC7F80B00C7F80F10059B42
S21401B49007F10B02C7F813300DB30A21284619F03D
S21401B4A01BF82846FFF72EFC2946204619F012F80D
S21401B4B04FF480712046C9F80C6017F0F3FC0321A5
S21401B4C0204617F00DFD00250346214601200C4AB3
S21401B4D0009519F083F8284607B0BDE8F0832046AA
S21401B4E007F11303012118F031F92046314618F00F
S21401B4F0F1FF2046C9F80C5018F044F9DFE700BF09
S21401B5009F4A0300F0B589B00D46044619F0C1FA0A
S21401B510AB79002800F0A3800C33EA18EB5C033B00
S21401B520082B00F23881DFE813F0090036013601F6
S21401B53084003601360136015D007E00D2F8010036
S21401B540D2F8051003ABB2F8097003C302F1130376
S21401B55001210B32204618F0F9F80421284618F08C
S21401B560BBFF2846FFF7CEFB06460C2105A802F0D6
S21401B57039FF05AB03CB3346C6F80100C6F8051004
S21401B580079A002143F8092F2046721C18F0DEF8AE
S21401B5902146002017F07BFC034603AA478303CA13
S21401B5A0C3F81200C3F8161020460821FDF72CFE3A
S21401B5B04FF40071204617F075FC204618F0E2F8AB
S21401B5C02946204618F086FF0321204617F088FCFE
S21401B5D0034600202146714A009018F0FFFF012023
S21401B5E009B0F0BD0B21284618F076FF2846FFF774
S21401B5F089FB2946204618F06DFF15F02EFC0546FE
S21401B6004FF44071204617F04DFC4FF48051204610
S21401B61017F050FC284615F026FC4FF480612046B2
S21401B62017F04BFCDBE7284613F03AFF4FF40071A6
S21401B630F5E70621284618F04FFF2846FFF762FB7C
S21401B640204617F0FFFE2946204618F043FF204605
S21401B65018F0BEF82146002018F0FFFFBFE72B4484
S21401B6601B7B043B072BBBD801A252F823F000BF7B
S21401B67091B60100B7B6010019B70100E1B50100A6
S21401B680E1B50100E1B50100E1B501002FB7010008
S21401B69020464FF4007117F005FCAA7920460C32BB
S21401B6A02A4402F109030021013218F04FF8284616
S21401B6B013F0F6FE93E74FF48060FFF781F9B0B11F
S21401B6C000274FF40061204617F0ECFB2046CDE939
S21401B6D00577FDF783FD0646204617F0DFFB394662
S21401B6E00346009505AAB0B218F075FD77E7214626
S21401B6F0012017F0CCFB00F11201204618F07DF86E
S21401B7000621284618F0E8FE2846FFF7FBFA2946E8
S21401B710204618F0DFFE62E7284613F0C1FE2146F8
S21401B720012018F0CAFF204618F052F857E715F026
S21401B73094FB06464FF40071204617F0B3FB4FF416
S21401B7408051204617F0B6FB304615F08CFB4FF4BF
S21401B750C061204617F0B1FB2946204618F0BAFE14
S21401B7602146012017F093FBC268054682B1937902
S21401B77001210C331A4402F1130320460B3217F051
S21401B780E5FF204617F0FEFF2046E96818F0A2FE06
S21401B7900023EB6023E7002022E700BF9F4A030057
S21401B7A010B5074C07492046002219F062F82046DA
S21401B7B0FFF730FABDE8104001200021FFF706B977
S21401B7C02421002005B5010038B505460C4617F0C2
S21401B7D067FB00F01800102806D121462846BDE870
S21401B7E03840044A18F0DABF204613F059FE0C2000
S21401B7F038BD00BF09B4010038B50C468B79054643
S21401B8000C331944E35C142B03D0152B0FD0002006
S21401B81038BD013119F015FA15212846224619F0CE
S21401B82058FA2146284618F055FE0120F0E7014651
S21401B830012017F02CFB0B4B82689A4203D020465E
S21401B84013F02EFEF1E7A179284621440D3119F0B7
S21401B850F8F9204613F024FE2946012018F0FDFED3
S21401B860E3E700BF274D030037B504460D460A46F9
S21401B870142119F02EFA2946204618F02BFE032132
S21401B880204617F02DFB3022034600922146012068
S21401B890024A18F0A3FE002003B030BD274D030076
S21401B8A010B5074C07492046074A18F0E2FF204624
S21401B8B0FFF7B0F9BDE8104020200021FFF786B859
S21401B8C030210020F9B701002B4D030073B51E4649
S21401B8D0ADF800208DF80230009B044601A80193C4
S21401B8E00D46114619F097F99DF80630B34203D17B
S21401B8F0BDF804308B4205D0284613F0D1FD122046
S21401B90002B070BD204617F03BFC9DF80230827AEB
S21401B9109A4209D18288BDF800309A4204D128465D
S21401B92013F0BEFD0020EBE76946204617F0E4FE63
S21401B93029462046014A18F031FFE1E769B80100BF
S21401B9402DE9F04116461A4307460C461D46BDF83A
S21401B950188005D12046BDE8F041114619F038BAE5
S21401B9604146204618F014FE78B12146384617F0B5
S21401B9708EFA40238674C57421460693384643469C
S21401B980BDE8F041024A18F029BEBDE8F08100BFCB
S21401B990894E0300F7B505460E460146012017F00D
S21401B9A076FA036813F0F00F03D02946012018F049
S21401B9B084FE284617F04BFDB3790C3333445F7889
S21401B9C09B781F400378C3F3030000EA1310384046
S21401B9D019F0D8F9044668B9284619F0DCF9384058
S21401B9E019F0D0F9044628B9284617F033FD01F0BE
S21401B9F011FE04462846002117F0C4FB17213046E5
S21401BA0018F06AFD3046FFF77DF9314644708470C0
S21401BA10284618F05FFD0321284617F061FA4022F8
S21401BA200346009229460020024A18F0D7FD03B0CB
S21401BA30F0BD00BF3F4E030008B581B2074817F0BE
S21401BA408AFF012000F0F4FD30B9054A5369190751
S21401BA505CBF43F00403536108BD00BF44210020CE
S21401BA603C21002001238340DB43064901F12402E7
S21401BA7052E8002F1A4001F1240C4CE8002000285F
S21401BA80F4D170473C2100200123074A03FA00F055
S21401BA9002F1240353E8003F034302F1240C4CE86F
S21401BAA000310029F4D170473C210020044A4FF0B0
S21401BAB08040536A43F40023536203F017B800BF73
S21401BAC03C21002038B50E4D044601F0EFF9E86B35
S21401BAD018B113F0E5FC0023EB6317F06FFF09487C
S21401BAE0FEF7D8FCAB6B0BB1FFF7E0FF214604482D
S21401BAF000F0F8FDBDE8384003481FF074BC00BFF5
S21401BB003C210020442100205C210020034B586A80
S21401BB1010F0050001D1FFF7D5BF70473C2100208A
S21401BB2038B54FF010131D4C0122E3624FF4E06369
S21401BB30238647F6FF730025A4F8603094F8673033
S21401BB40656262F3030384F86730154A154BC4E94E
S21401BB501632FEF795FF4FF48073A4F84830124B67
S21401BB6084F85600E361114B65611A68294613781B
S21401BB70527804F1080013445B106376A4F8BC50B5
S21401BB80A4F8B45017F0E7FE294604F1940017F024
S21401BB90E2FEBDE8384019F0F2BB00BF3C210020B0
S21401BBA055555500D6BE898E0F5103000C21002035
S21401BBB02DE9F0411F4C9846636A0F46D907154692
S21401BBC09DF81C6033D460B30120FFF75DFF626A05
S21401BBD09DF8183022F4C07242EAC312052E626242
S21401BBE084F8546007D101F055FE68B96D00ADB216
S21401BBF0BD4228BF3D4694F854309A0715D413F039
S21401BC00040F14BF03260126012094F86730A78588
S21401BC1066F3030384F86730E58584F83080BDE871
S21401BC20F0810120FFF71EFFD1E70226ECE7002096
S21401BC30F5E700BF3C210020024B586AC0F38000A4
S21401BC40704700BF3C21002010B51D4CFFF7F4FFE4
S21401BC50636A13F0010313D1A8B994F8663094F817
S21401BC603110253BDBB20133DBB2032B28BF0023A7
S21401BC7041FA03F2D207F6D5253384F8663018E088
S21401BC8094F8543010B194F85520134303F005038B
S21401BC90052BE2D101F0FEFD0028DED194F86730D5
S21401BCA003F00F02012A05D1032262F3030384F88D
S21401BCB0673010BD012262F3030384F86730CCE7D6
S21401BCC03C210020024B586A00F00100704700BF7B
S21401BCD03C210020F8B52C4C18B1636943F01003E1
S21401BCE0636119F0CDFA40F27121E28DE66C151F01
S21401BCF04D43AE42236DA78D18D2A3F5967301FB73
S21401BD000733E768181A23893B4483420EDA514306
S21401BD106369891B43F0100363618142D4BF2161CB
S21401BD2020611948BDE8F84000F08CBC40F271274C
S21401BD307A43A2F5AF722261FFF786FF236DA28DCB
S21401BD40AE4207FB0233636023654FF00003E364F2
S21401BD500E4B0CD31A68616A137B4907617E4CBF90
S21401BD60927912780B4493420CDC6376D9E7626AC7
S21401BD701B685207197B4CBFDA795A78637E5B1AC7
S21401BD809342F2DA6276CCE73C2100200C210020B7
S21401BD9038B51A4C0546636923F01003636101F058
S21401BDA085F8B4F8BC302BB9A36813F4601F08BF3C
S21401BDB0A4F8BC300121114800F094FC104BE3615B
S21401BDC0636A5A0405D485F00100BDE83840FFF7E0
S21401BDD081BFA26A6168521A002AF4DA23F00103CD
S21401BDE043F400436362FFF791FE4FF0804002F098
S21401BDF07DFEFFF721FF0028E5D138BD3C2100205C
S21401BE000F51030008B5FFF717FFB0B10B4B586A87
S21401BE1020F0040210F001005A6203D1BDE8084088
S21401BE20FFF750BE01F042F817F0C8FDFFF73EFEDF
S21401BE30BDE808400020FFF7ABBF08BD3C2100204D
S21401BE4038B505460D4C80B10320FFF70BFE0023E5
S21401BE5084F845300123A4F846300420FFF702FE9B
S21401BE60BDE838401020FFF7FDBD0520FFF7FAFDBD
S21401BE70012384F8B650A4F8B830EEE73C21002040
S21401BE8070B53B4C1646636A03F0010270B95AB1AD
S21401BE9014F0E3FF636A054623F001036362FFF7CC
S21401BEA035FE284614F0DFFF002070BD002AFBD1C6
S21401BEB09B0704D5E36BBBB10120FFF7C1FF94F8E4
S21401BEC0303003F0FD03012B16D014F0C6FF0546F3
S21401BED0C6B10E20FFF7D8FD19F0D2F942F2107361
S21401BEE003FB0600A06210E002201FF00FFCE063D7
S21401BEF00028E1D10720D8E7FEF7C4FC0028E4D1EA
S21401BF001220D2E70E20FFF7ADFD0020FFF7BCFDA3
S21401BF10636A13F00403C4D140F27122E364E38D33
S21401BF20E260023B5343236119F06EF90323B0FB31
S21401BF30F3F303EB4303C31A253384F86630FFF7A4
S21401BF4083FE19F09DF960602065B4F8BC000028F6
S21401BF5008BFF520FFF770FD064B05481A681378F1
S21401BF60527813445B10637600F06CFB99E700BFD0
S21401BF703C2100200C210020274B70B55A6A0D4643
S21401BF8009B3160747D503F1450603F1460428B35E
S21401BF90D1061FD52388012B1CD95B0804202380DA
S21401BFA0FFF760FD1020FFF75DFD19F02DF92388DE
S21401BFB0B0FBF3F202FB1300307055B30320BDE86B
S21401BFC07040FFF74FBD940625D503F1B60603F181
S21401BFD0B804DCE70420FFF757FDE3E7D20314D5E6
S21401BFE0B3F84610B3F8482091420ED222881020AA
S21401BFF0520092B22280B3F84830934228BF1346CB
S21401C0002380FFF72FFD0420CDE71020FFF73CFD2E
S21401C010F9E70520D3E770BD3C2100202DE9F04F5C
S21401C020002783468946304C8BB0A56B636BAE798F
S21401C030C4E90D770C36079305EB0608D8F824A05B
S21401C04001F066FFAA5D08F10806C2F3C012314688
S21401C0500DF127008DF8272017F0A3FCCDE904B9D0
S21401C060636A5246C3F380230393FF2302939DF82A
S21401C07027303946CDE90063079808F10E03FDF72E
S21401C080F3FB284613F00CFA636A23F02402D9075F
S21401C090626205D40120FFF715FD0BB0BDE8F08FF5
S21401C0A0124B94F854501A68052D1378527813449D
S21401C0B04FEA6303637602D101F0ECFB40B994F8D2
S21401C0C054309A070ED413F0040F14BF032501252C
S21401C0D094F86730012065F3030384F86730FFF7AF
S21401C0E057FEDAE70225F3E73C2100200C21002069
S21401C0F070B58AB005466B46484AAC7910685168F7
S21401C100127A03C30C3408201A702C44FEF758FC2C
S21401C11020B101222846A11D1FF048F90021A3796C
S21401C120CDF821108DF80F30A37AADF8251003F065
S21401C1300F0303F128026A4412F8282C8DF8201008
S21401C140ADF81020062B08D8DFE803F0044F0707E8
S21401C1505F074B000D20FFF797FCA37A0DF1130143
S21401C160C3F380138DF81230E3680DF11200CDF899
S21401C1701330238A09AEADF8173000231A4617F09C
S21401C180FBFBE3791C218DF819304FF47F43ADF8A2
S21401C1901A307F238DF81C30637928468DF81D30C0
S21401C1A00023ADF81E30AB7903AC1233AB711FF030
S21401C1B05AF9AB792B440C33224603CAB2421860B3
S21401C1C05960144603F10803F6D110682946186031
S21401C1D013481FF0D6F94FF0804002F087FC0AB0F2
S21401C1E070BD0D20FFF73EFCB7E7D4F81230CDF84E
S21401C1F02130E38AADF82530EB79063BEB71A37A63
S21401C200C3F3C0138DF82030A7E7064B5B6A9B0487
S21401C21044BF42F00102ADF810209EE772CD030044
S21401C2205C2100203C21002070B583790C33C418B2
S21401C2302379DA0702D44FF0FF3070BDA37AE27A91
S21401C24003F00F05082DF6D8062D01D92846F4E788
S21401C250911F1F29EFD8012D1FD10C2AEBD1244E97
S21401C260736A13F0060F01D1DB05EFD417F091FBCB
S21401C27020B917F085FB0028E8D1DCE7A37A96F809
S21401C2803020C3F3C010B2EBD31FD4D104F1120196
S21401C29000F00100FEF7A6FAEDE7042DD6D1144909
S21401C2A0144A486A0240002AC5D0C96B0029CDD07D
S21401C2B08A79C3F380130C3288188A5CB3EBD21FD9
S21401C2C008D017F066FB0028C0D117F050FB0028F5
S21401C2D0BCDBB0E704F10C01062208301EF013FEA9
S21401C2E0044617F056FB0028B0D1002CAED0ECE780
S21401C2F03C21002008000400F0B5184C87B0606BA4
S21401C30000B3A76BBE79FCF769FF0223FF210C3649
S21401C310BA5DCDE90431BD1995F8233000215B09DA
S21401C3200393AB8BD20902936B8B80B201932B8B59
S21401C330009305F1080317F064FE606BFDF7F6F94C
S21401C34000236363A06B13F0ABF80023A363636A57
S21401C35023F00403636207B0F0BD00BF3C21002058
S21401C36013B5154C14F079FD236A0193002323625B
S21401C37014F079FD019BA3B9636A1A0406D517F078
S21401C3809AFBA0B1636A23F400436362636A1B03EA
S21401C39005D5FFF7B1FF636A23F40023636202B099
S21401C3A010BD01A81FF03DF817F0F0FBE2E74FF0D3
S21401C3B0804002F09BFBE9E73C21002037B50546AB
S21401C3C008461146254A526A02F41072B2F5107FE9
S21401C3D004D1022B40D0032B08BF0123019316235F
S21401C3E000F0010200932846052318F0CEFEAC7932
S21401C3F017F0F2FF0C342C440321C4F80E0004F1AC
S21401C400120001F0EFFFBDF8203004F11E00238377
S21401C410BDF82430E38202236375BDF818306383C8
S21401C420BDF81C30A38302F06FF80C22A37CB3FB8B
S21401C430F2F102FB113394F82320053363F304026F
S21401C44084F8232001F0A8FC94F8233060F3471306
S21401C45084F8233003B030BD0023BFE73C21002021
S21401C4602DE9F041054686B000200F461FF04EF933
S21401C4700646002800F09E804F4C0620676395F81C
S21401C480018018F0010800F09080FFF7FDFA6A7A43
S21401C490636A023A012A99BF43F4007388F00100E7
S21401C4A023F40073002094BF6362636217F07AFA84
S21401C4B00DF116030093414B3846D3F80080AA8944
S21401C4C0698905ABC047BDF81630EA1C0393BDF871
S21401C4D01430304602932B8A0193EB8900936B7AD2
S21401C4E0A978FFF76BFF0020A663FFF7A9FC14F0FD
S21401C4F0B4FC636A074643F004036362304B1A6870
S21401C5009379D27913445B106376AE7C052E84F85A
S21401C510556002D101F0BEF940B994F855309A073A
S21401C52046D413F0040F14BF0326012694F867308F
S21401C53066F3030384F8673095F90230002BBCBF1D
S21401C540042384F85530636ADB0727D4B4F8BC00AB
S21401C550002808BFF520FFF76FFA40F27122E38D3D
S21401C560E2605343A3F5AF73236118F04DFE032336
S21401C570B0FBF3F303EB4303C01A00F1250384F881
S21401C580663047F6FF73A4F86030FFF75DFB18F0DE
S21401C59077FE60602065084800F054F8384614F0CD
S21401C5A062FC002006B0BDE8F081FFF75BFA6EE79B
S21401C5B00226BBE70720F5E73C210020881F002064
S21401C5C00C21002010B5074C2368DA0607D523F0A6
S21401C5D01003236018B90120A16816F0ECFB0023B4
S21401C5E0A36010BDFC210020014610B504460220C0
S21401C5F016F0E1FB054B1B68D90305D463691A07DE
S21401C6005CBF43F00403636110BD00BFFC21002042
S21401C610014BD868DC387047FC210020034B10B56D
S21401C620DC6818F02DFEDC3C201A10BDFC21002031
S21401C630034B1B6813EA004314BF01200020704718
S21401C640FC210020F8B5002303604369044658071F
S21401C6500DD5204650F8081FC90C01F4FC7141F0B5
S21401C6600501FDF7C5FE636923F004036361636991
S21401C6702589D90603D518F003FE28446060184EB4
S21401C6806068314651F8043F2D1A8BB923600C605F
S21401C690B3684BB1617E5A7E914219D26269D20665
S21401C6A00FD50020FFF78EFFBDE8F84017F07CBEDF
S21401C6B05A681F892A44D21B002AE7DA19461B68E2
S21401C6C0E3E75A681B6913441B1A002BECDBE8E707
S21401C6D01A895B68D31AE2680344D342E4D5E0E7DB
S21401C6E0FC21002038B504460A4D0846AB68A34233
S21401C6F001D1FFF767FF6B68074A1BB1A3421968B0
S21401C70004D11160BDE8384017F04EBE1A460B46FC
S21401C710F3E700BFFC210020002200202DE9F047AE
S21401C720754D2B685B0700F1AF80AB68002B40F0BE
S21401C730AB8055E8003F43F0040345E80032002A89
S21401C740F7D16C689CB118F09BFDD4E9043717F05B
S21401C750100F0646A26819D010FA82F262602068AD
S21401C760D4F8048038BBDC334344C5E9024355E8BA
S21401C770003F23F0040345E80037002FF7D1AC68EB
S21401C780002C74D1BDE8F04701F01ABA606892B285
S21401C790811AFF07A1EB060109D40029DFDAE76851
S21401C7A0DF1BCF4205D432441844831AD6E700294A
S21401C7B0D5DA20464FE041690289CF06D0F804E079
S21401C7C048BF06EB020EAEEB020211F0010C11BFE0
S21401C7D01146D0E90371C91B891808EB03077F1AB4
S21401C7E0002F28DDBB4205D9E768A1EB0801DC373D
S21401C7F08F423AD9D4F814A01AF0010F1DD121693D
S21401C800D0F80C9027894144A1EB0901C91BE768C0
S21401C810A1EB0E01DC37B9420FDD971BBCF1000F0F
S21401C82003D10169A1EB09010F44002F05DB4B463B
S21401C830C0F804E00446006892E7477E617E8F42B6
S21401C840F9D2921BBCF1000F03D1D0E903135B1A96
S21401C8501A44002A02DAFFF7C7FE72E71AF0100F31
S21401C860A7D0C368C0F804E0E4E70B46E3E7A36893
S21401C87013F4601FC3F3C24008D121462B6843F06E
S21401C88010032B6016F097FABDE8F08704F108064E
S21401C8903046FDF7BBFD2B68214643F010032B60A5
S21401C8A0F8B916F088FAA36813F4601F4FEAD3416B
S21401C8B0C3F3C24517D0013DEDB201F4FC71304619
S21401C8C02943FDF795FD03213046FDF7FDFD75B1C2
S21401C8D0A268237E1344120C9BB212041343A36076
S21401C8E0D2E73846CEE703213046FDF7EDFD304668
S21401C8F0FDF7D0FDECE700BFFC21002008B5034B97
S21401C900996809B116F057FA08BD00BFFC2100204E
S21401C910014B9868704700BFFC2100200A4B70B598
S21401C9209C6884420FD12146012016F044FA6668BD
S21401C930258918F0A5FCAD1BC54221464CBF002039
S21401C940022016F038FA70BDFC21002038B50D46DD
S21401C9500446002001F04AFB01F0DAFA2946204697
S21401C960FCF770FC0022014B1A6038BD0C22002037
S21401C9700123074A03FA00F002F1140353E8003FCB
S21401C980034302F1140C4CE800310029F4D170473E
S21401C990501F0020F8B5244F05467B690C4613F45A
S21401C9A0C07F03D099063BD401200CE039B15A0769
S21401C9B005D4D5F8A43013B90820FFF7D9FF7B6951
S21401C9C09B0601D50020F8BD7B7FAE6A022B06F0E0
S21401C9D0080604D916B114B90220F4E7E4B995F8AB
S21401C9E0921095F83701063100F00F0000F0EEFDC9
S21401C9F085B20EB904B16D00FFF710FEA8420DDB3B
S21401CA007B6913F01C0FDDD11EB1002CDAD1052095
S21401CA10D9E7002CFBD1D5E70320D4E70420D2E7E1
S21401CA20002CCFD0C3E700BF501F002038B5044606
S21401CA30114D4FF480616B69283043F400736B61CC
S21401CA4018F0CDFB0121204616F037FA00212046CA
S21401CA50FFF7A0FF014620B12046BDE83840FFF7AA
S21401CA6075BF6869617E80F48070C0F30020BDE800
S21401CA70384001F013B900BF501F002038B50446F6
S21401CA800B4B186000F5947001F0E4F82046FCF7B3
S21401CA90A5FBC4B2204616F09CF90546204616F0C2
S21401CAA09AF929460246022016F087F938BD00BFDA
S21401CAB00C22002008B5002001F098FA01F028FAAF
S21401CAC00022014B1A6008BD0C22002010B5044656
S21401CAD0FFF7D4FF064801F089FA6168226C637E8D
S21401CAE01120BDE8104001EB920201F0C3B900BF6E
S21401CAF0BDCD01003F4B37B51C680023A26A0193E8
S21401CB005005D4F8A03012D504F1A40001931EF00C
S21401CB1088FCC4F8A00050B194F846314FF4806107
S21401CB20013B84F8463104F1280018F058FBD4F88C
S21401CB30A0500DB9304B9D6894F94631022B0DDC9F
S21401CB40D4F8A83013B1A36AD90502D5D4F8AC300D
S21401CB5023B14FF480512046FCF756FBD4F8A410BD
S21401CB60A36A002914BF01210021AA794FEA830391
S21401CB7002F10C0203F00C0343EA0113A95C21F055
S21401CB801C0143EA0103AB540DD11B4A02F1140305
S21401CB9053E8003F23F0080302F1140040E8003197
S21401CBA00029F3D102E00320FFF7E2FE284601F058
S21401CBB08DF8019B53B15B7903F00A03082B02D170
S21401CBC02046FCF705FE01A81EF00DFC6B799A07BE
S21401CBD00ED5A36A1B040BD50820FFF7C9FE4FF438
S21401CBE0004104F1280003B0BDE8304018F0F7BA60
S21401CBF003B030BD0C220020501F002000232DE979
S21401CC00F04385B00446032103A8039300F064FEB5
S21401CC10039D35B9F4212046FFF798FE05B0BDE81F
S21401CC20F083AB79644F0C331D442A797B69D607B0
S21401CC304ED4DD064CBF07200420FFF799FE0026E0
S21401CC4001212046FFF7A6FE054650B97869617EA8
S21401CC5080F48070C0F30020400001F087F8FFF7F1
S21401CC6049FF039800F0EEFEDDF80C807A6998F82B
S21401CC700630510603F10C0308EB030915D458F8E6
S21401CC80033006203B61FFF773FEA36A1A060CD435
S21401CC9004F1280252E8003F43F0800342E80031E5
S21401CCA00029F7D10120FFF763FE4946204616F01A
S21401CCB00AF999F80430DB077BD5002E52D11DB155
S21401CCC029462046FFF742FE03A800F0DFFCA5E751
S21401CCD0012023F010037B61FFF74AFEAE7AF006CF
S21401CCE02FD50220FFF744FEA36AAA7A83F0020337
S21401CCF0C2F38002C3F340039A422FD14FF400617E
S21401CD0004F1280018F06BFA50E8002F42F4806214
S21401CD1040E80023002BF7D1A26A82F00202A26249
S21401CD207B77AA7AA36AC2F3C00203F001018A42A2
S21401CD3085D183F0010316F0030618BF0126A3620E
S21401CD407EE707F1140353E8003F23F0040307F1DD
S21401CD50140141E80032002AF3D1C5E77B7F013395
S21401CD60DBB2DDE72046FCF739FAC0B216F031F83F
S21401CD7006462046FCF732FACDF80480A38F82B22D
S21401CD80009331460023022016F01FF84FF0FF31C2
S21401CD9003A800F0A1FD03998B790B44DB7D002BE2
S21401CDA08DD02046FCF732FD002D3FF437AF2946E3
S21401CDB031E7002E83D0E9E7501F002008B503466F
S21401CDC0114A042B10680BD002D8032B18D008BDCB
S21401CDD0053B012BFBD8BDE80840F121FFF7B6BDA6
S21401CDE0FFF70CFF094A02F1140353E8003F23F052
S21401CDF0200302F1140040E800310029F3D1E6E7F0
S21401CE00BDE80840FFF712BE0C220020501F00208C
S21401CE10164B033810B51C68032818D8DFE800F055
S21401CE200702181E2046BDE81040FFF7E7BE204661
S21401CE30FFF7FCFD0E4A02F1140353E8003F23F00E
S21401CE40200302F1140040E800310029F3D110BD9F
S21401CE50F1212046BDE81040FFF778BD4FF4806110
S21401CE6004F1280018F0BBF9F221F2E70C220020A9
S21401CE70501F002010B50446FFF700FE054801F0DC
S21401CE80B5F8FFF737FE627E61680220BDE8104004
S21401CE9018F0FCB911CE0100034B5B6A13F0060FC4
S21401CEA00CBFE220F12070473C21002008B5FFF7B7
S21401CEB02FFD054B834206D101F02AF8BDE8084054
S21401CEC0002001F093B808BD3C21002070B5214C2C
S21401CED0214801F08BF894F8673094F86620002119
S21401CEE003F00F03C82018F021FA00F0B5FBB4F9DF
S21401CEF06020824205D0A4F8600001F07DF8A4F815
S21401CF006200164800F0A6FE00221146104615F0F3
S21401CF1054FF666818F0B4F90246FFF7BDFFB61A6B
S21401CF20B6F5FA6F054609DCFFF772FB627EA0F5DF
S21401CF30AF712846BDE8704000F05EBF6668FFF737
S21401CF4067FB3146637EA0F5AF722846BDE87040A8
S21401CF5000F090BF3C210020F5D301009421002071
S21401CF6038B500F0D5FFFFF759FBB0F5967F0D4CAD
S21401CF700CDDFFF791FF0546FFF74AFB627EA0F541
S21401CF80AF712846BDE8384000F036BF18F078F992
S21401CF90E36C62689B1A0344E3640020BDE83840F2
S21401CFA018F0C2B83C210020F7B5104C064694F89C
S21401CFB045500F462DB10020013D84F8455003B081
S21401CFC0F0BD0B4B02201B68597800F0CFFE94F899
S21401CFD030303A46CDE9005331460323E06B18F072
S21401CFE0D4F8E06B00F072FE0120E8E73C21002057
S21401CFF00C210020094A02F1240353E8003F43F0C4
S21401D000080302F1240040E800310029F3D1044B63
S21401D01001201B68597800F041BE00BF3C2100206A
S21401D0200C2100200289438940F271205B004343B2
S21401D030D0B25B1A4343120AB3FBF2F3024A1268F8
S21401D04011445818704700BF3824002030B58C1A98
S21401D050E41A002C08DA124C551A64681D44B5FB14
S21401D060F4F505FB04442144134440F2E242CB1A92
S21401D070B3FBF2F39BB242892BB940F27124530001
S21401D08004FB031113460132B3FBF2F402FB143224
S21401D090028140F2E2409B1A00FB131030BD00BF34
S21401D0A0382400202DE97043064618469DF81830AE
S21401D0B089461446E3B9C31E012B8CBF02250325FE
S21401D0C0222100F083FA40F27128154B6D005B684F
S21401D0D008FB05F581446BB121463046FFF7A2FFF8
S21401D0E04A460146ABB23046BDE87043FFF7AEBFD5
S21401D0F00125E5E7738934890133B4FBF3F203FBB9
S21401D1001244F37934815B00640008FB03F308FBE7
S21401D11004F404EB530404EB09002844BDE87083CF
S21401D120382400202DE9F041134E8046736A5B07D0
S21401D1301BD58B790C33CF18C8B9FD79CC58284646
S21401D140398900F043FA0444B8F1000F11D1033DC8
S21401D150012D94BF0323022340F271225B0002FBE0
S21401D160034434647B7986F84430BDE8F0810125B8
S21401D170E4E70123F0E700BF3C2100202DE9F04F52
S21401D18016468DB0021E069108BF00211F46954B1C
S21401D19005929D6B5B6AAC7938460C342A5DC3F305
S21401D1A0801A61F345122A55314603F04002039274
S21401D1B016F0F1FB05EB04080790285D08F1080B53
S21401D1C05946C00916F0E7FB039B8146002B44D164
S21401D1D0002844D116F0DDFB80F00103DBB2524695
S21401D1E03146384603F0010318F05AF80490002837
S21401D1F000F08A80039B002B33D1B9F1000F75D163
S21401D200079B002B72D016F0B5FB00286ED00122CA
S21401D2100AA90DF1270016F0C0FB002874D09DF86E
S21401D22027302A5D591E4B424B41B3EBD21F6BD1BF
S21401D230062258460AA91DF066FE002864D1336806
S21401D240C8F80830B388ABF804302B5D67F3C71312
S21401D2502B554FF00009CA4619E00123BFE7039B8F
S21401D260BDE7604B5B6A13F400791CD115F804A086
S21401D270CAF3801A484616F095FB3368C8F808309A
S21401D280B388ABF804302B5D67F3C7132B55059BAA
S21401D290544E002B3ED196F8B630002B3AD0013BC7
S21401D2A086F8B63030E016F062FB002806DA15F88C
S21401D2B004A04FF00009CAF3801ADBE700221146EA
S21401D2C0104616F064FB15F804A08146CAF3801ACE
S21401D2D00028CFD0002302211A4608EB010017F0E0
S21401D2E02CFF2B5D60F386132B55C3E77A1E57423E
S21401D2F02B5D5741B7EBD31F06D106223146584660
S21401D3001DF001FE0028A4D00023049304980DB05C
S21401D310BDE8F08F17F0B4FF074615F0B4FD059B86
S21401D32002463946009308F10E009DF85830FFF783
S21401D330B9FE2D4B059A1B680746D9799AB9022082
S21401D34000F014FDB06B00F0C1FCB36B9A79134486
S21401D3501F63FFF7DDFA254BC361069BB3B9736AFA
S21401D36023F4806315E0002000F000FDB06B00F0B0
S21401D370ADFCB36B1E489A7913441F6300F036FE6A
S21401D380069BC3B9736A23F4806317E0736A43F498
S21401D39080637362039B9BB1B9F1000FB6D0002383
S21401D3A051461A4608F1020017F0C7FE2B5D60F3DE
S21401D3B086132B55AAE7736A43F480637362EBE71F
S21401D3C02B5D0022C3F3C01359460AA88DF82830F6
S21401D3D016F0E3FA2B5D9DF8282062F3C7132B5550
S21401D3E0DAE700BF3C2100200C210020BB390300F6
S21401D3F0A1D5010004282DE9FF471ED005D8032832
S21401D40000F0C08004B0BDE8F087431F012BF9D8B7
S21401D41005384FF0010118BF0120FEF7ADFD17F0EA
S21401D4202FFF5D4AD36C51685B1A03440020D36416
S21401D43004B0BDE8F04717F077BE002403A84FF00C
S21401D440FF31039400F048FA039858B1FEF7ECFE5A
S21401D4500828074603D8514B1E5C31070AD403A897
S21401D4601DF0C1FF4C4B5B6A13F0060F12D0FFF79D
S21401D47077FD0FE00728039D13D12246294646482B
S21401D48016F092FA0028EDD016F099FA10B10120A4
S21401D490FEF720FC0121084604B0BDE8F047FEF780
S21401D4A06BBDDFF8F480D8F8244014F0040410D0E3
S21401D4B016F002040DD00120AA790C322A44917A82
S21401D4C00090C1F380130C32C1F34011FFF756FEF2
S21401D4D00446284600F0B6FA29460120FFF722FE48
S21401D4E0D8F82430DA072DD503F0800A95F806908F
S21401D4F016F04FFA09F10C09A94480F0010399F8D6
S21401D5000A00BAF1000218BF0122DBB209F10C01D0
S21401D510C0F3801017F0C4FE60B12CBBD8F82430DD
S21401D52028469B0733D5F40710D4730731D5FEF789
S21401D530DFFD97E7BAF1000F04D1514616F02FFA36
S21401D5400028EAD0284611F0ABFF18E017F038FFA4
S21401D550044648B1A8790C302844817A0C30C1F3CE
S21401D5608011FFF721FD0446042F03D1D8F824309B
S21401D5709907E7D57207E5D52846FEF7B9FD002CD1
S21401D58088D16FE704B0BDE8F047FFF733BD042F3D
S21401D590CBD111F085FF65E73C2100207CCD03004F
S21401D5A0032808B50AD1074800F020FD064B0120E4
S21401D5B093F94410BDE80840FEF730BDBDE80840C9
S21401D5C0FFF718BFF5D301003C210020064B10B52C
S21401D5D05B690C4610B101F061F8034618795B8867
S21401D5E004FB003010BD00BF880F0020084B10B5AB
S21401D5F05B690C4610B101F051F803465A88A24205
S21401D6003DBF1B79A41AB4FBF3F0002010BD00BF88
S21401D610880F00200138C0B203289ABF014B185C5E
S21401D6200020704785CD03008BB200294FF00A0118
S21401D630B4BF053B05331BB293FBF1F3014A1080DF
S21401D64093707047AA2B0020024B9B78C01A40B2F9
S21401D650704700BFAA2B0020024B1B88C01A00B2DD
S21401D660704700BFAA2B0020074B186840F20D1325
S21401D67038B9002BC1BF45224433B3FBF2F0C0B228
S21401D68070470068453BF3E7880F00202DE9F0411D
S21401D690064613F0E2FB0746FFF7E6FF354604466B
S21401D6A0286818B16CB928461DF09DFE31680A48F5
S21401D6B01DF067FF384613F0D6FB00233360BDE844
S21401D6C0F081D0F800801EF015F82B68013CC3F8F5
S21401D6D000802D68E4B2E3E7880F0020024BDB6B85
S21401D6E003B11847FFF70AB9880F0020C04310B5E9
S21401D6F0054A131D53E8003F0340141D44E800315A
S21401D7000029F6D110BD00BF880F002010B5054ACC
S21401D710131D53E8003F0343141D44E8003100295C
S21401D720F6D110BD880F0020F8B516461C460746F0
S21401D7301946104617F099FD32462346384617F02B
S21401D74099FD434DD5E9062300EA020401EA0306E2
S21401D75054EA060313D0670104F0806010D56B68A5
S21401D760180623D43B4B234093BB3B4B06F02002C9
S21401D7702340134356D12046314617F072FDF8BDBB
S21401D780A4F1080333431CD1EB7A012B42D16B6819
S21401D790D90743D50323EB7204206B8C01336B84CA
S21401D7A0FFF79CFF012017F061FDE4E72B1D53E80E
S21401D7B0003F23F08003291D41E80032002AF5D1FD
S21401D7C0DDE7A4F10C03334317D117F04FFDDBE778
S21401D7D024F0011323F4A0433343C6D1EB7A012B83
S21401D7E018D140F201436A680520934314BF002311
S21401D7F00323EB72FFF772FFBDE7231F334302D10A
S21401D80017F035FDB7E704F17F433343AAD1EB7A2E
S21401D810022B0FD0042017F00EFDACE713F40063C3
S21401D820BAD1B8E70420FFF771FF4FF0006001F0AE
S21401D8305DF9A0E76B689A0706D50423EB722B8C7B
S21401D840032001332B84ABE713F02003F7D1F5E770
S21401D850880F0020015001000DD50155014B986A33
S21401D860704700BF880F002010B5064CA06A1CF058
S21401D87092FF28B9A06A1CF090FF00F0010010BDCD
S21401D8800120FAE7880F0020014B986A1CF087BF39
S21401D890880F0020024B5868C0F34020704700BF35
S21401D8A0880F002010B504464FF40070FFF71EFFE6
S21401D8B0084B986A1CF075FF38B10CB9002010BDF2
S21401D8C04FF40070FFF722FFF8E7002CF6D00C208B
S21401D8D0F5E700BF880F00202DE9F04F04680646E3
S21401D8E08846574D89B0002C48D02046A7791DF0B0
S21401D8F0E6FD0C3727443C890A38B8F1FF3FA4EB14
S21401D900000402D04445A8BF4446B5F83890B0EBB1
S21401D910090713D4002C0EDD6D6B36683D44FF2CD1
S21401D920224629463046A8BFFF221DF03FFD241A95
S21401D93036680544F3D109B0BDE8F08FA9EB0009BC
S21401D940A145A8BFA146296BC846D6F800A001EBA1
S21401D950000BB9F1000F0DD04246FF2A594650463A
S21401D960A8BFFF221DF022FDB8EB0008DAF800A0E0
S21401D9708344F1D1A4EB09044F44CBE70321A86A01
S21401D98003AA1CF065FEBDF80E70A14602940A3784
S21401D99002ACE86209E023601B682B602368C3F8C9
S21401D9A000902368002F1C4611DD2B68453F002B95
S21401D9B0F1D101201DF0AAFE034620600028F1D116
S21401D9C0019002A81DF00FFD019B3360B3E72B1DEC
S21401D9D053E8003F43F008032A1D42E80034002CB8
S21401D9E0F5D14FF0006001F081F80298BDF81020E3
S21401D9F043790A2143F001034371069B30606B6350
S21401DA00059B2A872B638379BDF80E200C330344CC
S21401DA101C711A812A7ADC719A719DF80C20072AEA
S21401DA200BBF0122AB8C1A7101331FBFAB846B8C09
S21401DA3003F1FF336B841DF0ADFC346855E700BF7E
S21401DA40880F00202DE9F041877905460C37C41967
S21401DA50237986B013F002081BD1174E43F0020358
S21401DA6023716A46D6E90A011CF0F6FD2389694648
S21401DA700333B06AADF804301CF0F0FD009B9DF94D
S21401DA800E00EB51FFF7E0FD6071B37A022B03D86D
S21401DA90E37106B0BDE8F0819DF81130012B04D08A
S21401DAA0022B04D02BB90423F2E70323F0E701236A
S21401DAB0EEE784F80780ECE7880F002037B5124BB5
S21401DAC000F00F041B88012CADF8043015D0022C91
S21401DAD015D18DF8044042F222000C4D6B680340CC
S21401DAE0A3420ED0FFF702FE2046FFF70FFEA86AFC
S21401DAF001A91CF039FD03B030BD2024EBE700245A
S21401DB00E9E70020F7E700BFB0CD0300880F00204B
S21401DB102DE9F04302234FF00008114F85B08146EE
S21401DB2010460E461546CDE90218FB7217F09BFB10
S21401DB3000904246797AB86A02AB0AF0DDF80446EC
S21401DB4050B94846FFF7BAFF2B4604464246012124
S21401DB5030463D7317F083FB204605B0BDE8F083E1
S21401DB60880F002037B5144B00F00F041B88012CDA
S21401DB70ADF8043014D0022C16D0002441F6010072
S21401DB800E4D6B680340A34213D0FFF7AFFD20464E
S21401DB90FFF7BCFDA86A01A91CF0FCFC03B030BD70
S21401DBA004238DF80430E9E78DF804404FF400644F
S21401DBB0E4E70020F2E700BFB0CD0300880F0020A5
S21401DBC0002210B5084C1046114617F047FBA06A14
S21401DBD00AF056F817F04DFB20461DF004FCBDE890
S21401DBE010400820FFF782BD880F0020014B986A7D
S21401DBF01CF013BE880F002038B5154C0546A37AD5
S21401DC00834210D0431E042B08D8DFE803F0030D2F
S21401DC1011161800A06A0AF07DFC20B92846A572E4
S21401DC2000F03CFD606138BDA06A17F02BFBF4E7FD
S21401DC300121A06A17F028FBEFE70321F9E7FFF7B8
S21401DC4029FE0028EAD0A06AFFF7D0FFE5E700BF6B
S21401DC50880F002073B50446408900F02BFB0E4D5B
S21401DC60A07B0026287217F0D1FA6872E07B00F0DC
S21401DC700F00FFF7C1FF0096A37BD4E90021A86A35
S21401DC801CF0EFFD32463146304615F096F8206816
S21401DC9017F0EEFA02B070BD880F002038B50123E8
S21401DCA0094D0C46EB72FFF75DFF10B1042017F02B
S21401DCB0C2FA2B7BA34204D922460021012017F089
S21401DCC0CDFA15F07BF838BD880F0020F8B504466C
S21401DCD015F075F80746A179E279114E521A0C3102
S21401DCE00123B06AD2B221441CF0ACFCE579A379D9
S21401DCF0ED1A57FA85F524680CB93561F8BDA17996
S21401DD00E2790023521A0C31D2B2B06A21441CF0D7
S21401DD1099FCE379A2799B1A55FA83F5EBE700BFE4
S21401DD20880F0020F8B502230F4E0D46F372FFF759
S21401DD30C5FE044620B1BDE8F840042017F07BBAC2
S21401DD40284617F090FA07462A46214601203573E1
S21401DD5017F084FA3B462246717AB06A09F0BEFF94
S21401DD600028E8D1F8BD00BF880F002038B502238F
S21401DD70084D0C46EB72FFF7A1FE10B1042017F018
S21401DD805AFA2B7BA34204D922460021012017F020
S21401DD9065FA38BD880F0020014B587B704700BFDD
S21401DDA0880F002068B1084B194653F8042F0AB1B2
S21401DDB08242FAD25B1A9B10013BDBB2034A5373D1
S21401DDC070470123FAE700BF8CCD0300880F0020BF
S21401DDD010B5084C606810F480700AD0A06A1CF078
S21401DDE04EFC30B90121A06A1CF047FC80F001000E
S21401DDF0C0B210BD880F00202DE9FF4100234FF06F
S21401DE0001081B4E00938DF80C30C0F340138DF8BB
S21401DE100E30C0F300130446154686F80B808DF8C5
S21401DE20048002918DF80D30FFF79CFE28B1042086
S21401DE3017F001FA04B0BDE8F081284617F013FA8E
S21401DE406A460346717AB06A09F062FF2A46C4F34D
S21401DE50801107464046357317F000FA14F0AEFFFE
S21401DE60230601D5FFF7B4FF002FE0D1E2E700BF9C
S21401DE70880F00202DE9FF4104460F461D4601216B
S21401DE8000231C4EE006F172019303930097029261
S21401DE9005D573691B888DF80D1013440293C4F3DE
S21401DEA0401328468DF80E3017F0DDF96A46034612
S21401DEB0717AB06A09F02CFF28B1042017F0BBF97B
S21401DEC004B0BDE8F0812046FFF74CFE2B46012149
S21401DED0C4F3801280463846357317F0C0F914F043
S21401DEE06DFF230601D5FFF773FFB8F1000FE4D1EC
S21401DEF0E6E700BF880F0020044B5A68D20503D519
S21401DF000021986A1CF0B9BB704700BF880F00203B
S21401DF1038B5114CE37A23B100221146104617F0AA
S21401DF209DF900252846E57217F0A0F9A06A01229E
S21401DF3003211CF0A8FA2A46A06A01211CF090FBD6
S21401DF40FFF7DAFF8020FFF7D1FBBDE838404FF43A
S21401DF504050FFF7DBBB00BF880F002008B5FFF776
S21401DF60D7FF044A0620D38C0133D384BDE808408A
S21401DF70FFF7B4BB880F0020F8B51B4D6B68590737
S21401DF8004D50420FFF7B2FBFFF7E8FF6B681A071A
S21401DF900FD512F062FF0646FFF766FB0446124FE6
S21401DFA024B101201DF0B2FB0146A8B9304612F09B
S21401DFB05AFF6B68DB0615D51020FFF797FB00F0BC
S21401DFC07FFB78B112F049FF0446FFF7C7FF2046F2
S21401DFD0BDE8F84012F047BF3846013C1DF0DBFAB9
S21401DFE0E4B2DDE7F8BD00BF880F0020014BD8631F
S21401DFF0704700BF880F002073B50F4B04469B7D0A
S21401E0000E4EFF2B15D10023ADF804000DF10302CF
S21401E010B06A01A98DF803300AF046FA9DF803505C
S21401E02022462946B06AF7F799F940EA052002B078
S21401E03070BD034B1D78F3E7AA2B0020880F002044
S21401E040A42B0020044BC2B2C0F30721986A82B009
S21401E05002B0F7F701BA00BF880F002010B50D4CCB
S21401E0600021A06A1CF066FA0B49A06A1CF0BFFAF0
S21401E070FE21A06A1CF0AAFAA06A0AF02FF8074B44
S21401E080B3F910208242C8BF18821A8A9A805A8A27
S21401E090DA8010BD880F0020A42B0020AA2B0020B8
S21401E0A0F0B585B0ADF80210ADF8042069464FF022
S21401E0B0C812ADF806304FF08213ADF80000CDE976
S21401E0C0022304200B460C4C02ADB4F91070B1F9D2
S21401E0D0002035F9026BBA42A8BF3A46B242A8BF41
S21401E0E03246013821F8022BF1D103CB034BA06055
S21401E0F0596005B0F0BD00BFAA2B0020B22B00204E
S21401E10073B50546F7F716FA314E0368314C33609E
S21401E1108388FF2DB3804FF00003A37023803378EC
S21401E12018BF1D46A5752C4D8DF801300DF1030362
S21401E130A86A0DF102020DF101011CF027FB9DF802
S21401E140013040B90133DBB20D2B8DF80130EDD92A
S21401E150012002B070BDA27DFF2A00D0A3758DF804
S21401E160053033709DF802308DF804300198FFF7C2
S21401E17069FFC828A8BFC8209DF8033020828DF803
S21401E18004300198FFF75EFF144B9842B8BF18465B
S21401E1906082B4F91000FFF72FFFADF80400019874
S21401E1A0FFF750FF2082B4F91200FFF725FFADF804
S21401E1B004000198FFF746FF4FF6FF73A38264231E
S21401E1C060821A4618461946FFF76AFF0020C0E724
S21401E1D0A42B0020AA2B0020880F00200CFEFFFF96
S21401E1E00346034AB2F906000BB1FFF735BA70478A
S21401E1F0AA2B0020084B10B5B3F9044030B903EB45
S21401E2004103B3F906309C42A8BF1C46A242A8BFF0
S21401E2102246104610BD00BFAA2B0020014BB3F9C1
S21401E22012007047AA2B0020014BB3F9100070476B
S21401E230AA2B002073B5064612F00FFE0C4D0446BD
S21401E240B5F91200B5F91030B042B8BF3046984261
S21401E250A8BF1846FFF7D0FEADF804000198FFF7F7
S21401E260F1FEE880204602B0BDE8704012F0FBBD2A
S21401E270AA2B002073B5064612F0EFFD0C4D04469E
S21401E280B5F91000B5F91230B042A8BF3046984231
S21401E290B8BF1846FFF7B0FEADF804000198FFF7C7
S21401E2A0D1FEA880204602B0BDE8704012F0DBBD6A
S21401E2B0AA2B0020F0B5C0F3072585B0FE2DADF8DA
S21401E2C0040027D09DF8047012F0C7FD124C0646D4
S21401E2D0637DAB420ED0114B02A918689B88029051
S21401E2E0ADF80C300E4B8DF80850986A1CF07FF98B
S21401E2F0FF232375237DBB4206D0094B3946986A16
S21401E3001CF064F927756575304605B0BDE8F04028
S21401E31012F0A9BD05B0F0BDAA2B0020A42B002049
S21401E320880F00202DE9F04707460E461446DFF811
S21401E330409086B00DF10808A9F1100A3A468021EE
S21401E3405046CDE900980A4BF7F77CFD0028F5D139
S21401E350102C254628BF102530462A4641461CF07B
S21401E36007FE641B2F442E44E8D106B0BDE8F087B3
S21401E3705F2C002030B589B020226946FFF7D2FF16
S21401E3806A460C4D04AB144603CC9C422860696077
S21401E390224605F10805F6D1074C08AD1A4603CA10
S21401E3A0AA4220606160134604F10804F6D109B060
S21401E3B030BD00BF4F2C00205F2C002010B588B068
S21401E3C06946202011F01AFA044630B96846FFF76C
S21401E3D0D1FF0122024B83F82020204608B010BD51
S21401E3E04F2C002070B5134B054693F820300C4691
S21401E3F08CB00BB9FFF7E2FF0023CDE90033CDE97E
S21401E400023354B91C22214605A804941CF0A5FD2C
S21401E41004A8FFF7AFFF0CB070BD102C264628BF2E
S21401E4201026294632466846FFF77CFF3544A41B72
S21401E430E7E700BF4F2C00202DE9F84FDFF8689082
S21401E4408246D9F800B088461746BBF1000F28D09F
S21401E450002699F80450B54207D13D7099F804009A
S21401E460A84214BF0120022017E074196110C1EB05
S21401E470C10159448879C4F3470400F00100B8EBA0
S21401E480000003D1062250461CF03DFD002806DBA5
S21401E49002D0661CF6B2DEE73C70BDE8F88F254672
S21401E4A0D9E70320F9E700BF302400200022014B02
S21401E4B01A71704730240020F8B5054612F0CDFCDD
S21401E4C0104C85F3070563790646AB4205D1002457
S21401E4D0304612F0C8FC2046F8BD0027206865715A
S21401E4E0277110B111F06AF927606379002BEED01D
S21401E4F0C5EBC50011F044F920600028E7D1607132
S21401E5000724E5E730240020044BD3F801200260FD
S21401E5105B7903F01F030371704700BF702C002066
S21401E520244BF0B5002918BF0B46144600210125DF
S21401E53012688BB0C3F80120227919705A71C1F3A1
S21401E540C402A65C01F0070205FA02F21642CFB237
S21401E55007D01A7802F128066E44013206F8287CA4
S21401E5601A7001312529EAD11A7828B16946981D11
S21401E5701CF0FEFC0BB0F0BD002AFBD001260533D3
S21401E580C0F3C405675D00F0070506FA05F52F42DE
S21401E590C1B208D1B1FBF2F502FB15110AAD55FA6D
S21401E5A081F111F8281C0130252803F8011FE7D155
S21401E5B0E0E700BF702C0020034B002818BF03467D
S21401E5C00B449879704700BF702C0020224B10B581
S21401E5D0002814BF84469C464FF0010E82EA124280
S21401E5E090B280EA010393FAA3F31BBA9BB203EB42
S21401E5F0031303449BB293FAA3F31BBA9BB203EB38
S21401E600031303449BB293FAA3F31BBA9BB203EB27
S21401E610031303445840114C82B2A4FB0234131B6B
S21401E62004EB5304630903EBC30103EB8103D31A21
S21401E630C3F3C401D8B2614403F007030EFA03FE24
S21401E6404B7813EA0E0F01BF9CF8003053430CEBD6
S21401E650134C9CF8060010BD702C00204D91CFBACB
S21401E660064B074A01201A60064B074A1A60074BF9
S21401E670074A1A60074B084A1A607047881F00202D
S21401E68083530300841F0020BB530300801F002018
S21401E690815303007C1F0020BD530300052808BFDB
S21401E6A003200622024B013802FB0030704700BFF0
S21401E6B0B2CD0300014B186E80B2704700C001B89E
S21401E6C00A4BD86800F07060B0F1106F0CD008D813
S21401E6D0B0F1E06F08D0B0F1006F14BF0020012048
S21401E6E07047B0F1406FF8E701207047000002B8AC
S21401E6F0431C07B5014606D00023044ACDE9003382
S21401E700034813F09BFA03B05DF804FB6954030059
S21401E7106025002070B50E461546044618B302F073
S21401E720FFFE10B3236813F4807F18BF0122104B3D
S21401E73018BF1A700F4A1B7814600F4A16600F4AEA
S21401E74015601BB917F01EFE02F0C2FE11F00CF8A0
S21401E75002F0A4FD0A4B0B48197802F0ABFDBDE8A8
S21401E760704002F0F3BA212070BD40F20440FBE78E
S21401E7709C2C00204C240020482400204424002007
S21401E780382D002081F702002DE9F04186B010F007
S21401E790BFFF8A4B8A4D1A7811208A4910F0E8FD8E
S21401E7A02B6851215A685423B2FBF3F2002392B22C
S21401E7B0184610F073FD0446002840F0F18010F072
S21401E7C031FE814B1968814B186808F01FFE00F076
S21401E7D059F90446002840F0E3802B681C7F002C82
S21401E7E000F0B080102C28BF10241CF048FD621CDD
S21401E7F081B200230820D2B210F050FD0446002852
S21401E80040F0CE800D20724A724910F07BFC04461F
S21401E810002840F0C58010F0FBFA0221322004AA3D
S21401E82000F006FA28B94FF0FF30BDF810101BF0C3
S21401E83007FF6E460023324606212C208DF806304F
S21401E84000F0F6F958B9304617F0EEFB08B130285B
S21401E8507AD13C2000F00AFA2C2000F007FA9DF845
S21401E8600630190740F1818096E80300ADF80C10D8
S21401E870090C02908DF80E109DF8063013F0280F43
S21401E88007D1DDE90201ADF80410090C00908DF8FE
S21401E89006102B68186900287CD12B68586900F08F
S21401E8A037F92B6893F82220D2077DD413F056FA55
S21401E8B002A902460746286816F0DAFD0446002833
S21401E8C06ED109F0C9FF13F081FA0446002867D11A
S21401E8D0012000F039FE404B18681DF07AF8044616
S21401E8E000285DD117F065FF044607F031FA80462F
S21401E8F017F0C7FB41460246204615F039FD04468F
S21401E90000284DD12B681B689B050CD4B7F5FA7F00
S21401E91009D912F09BFA012107460846F8F7C4FF09
S21401E920384612F097FA2B689A692C4B1A6016F043
S21401E930EDFD2B4B1860304600F09EFE294810F086
S21401E940DBFB2DE0042450E701213C2004AA00F063
S21401E9506FF940B99DF81030012B14BF492372237B
S21401E9608DF806307BE74923FAE7F6F7CFFCCDE9C9
S21401E9700401030C8DF80A30BDF81530ADF8080017
S21401E980ADF80B309DF817308DF80D3049238DF812
S21401E9900E3071E717F093FA044600283FF47DAF76
S21401E9A0204606B0BDE8F08193F8230017F0EBFC93
S21401E9B000283FF47BAF40F20C44F1E7382D0020ED
S21401E9C04C24002081F70200F00A0020100B0020E2
S21401E9D0115503000D55030048240020842500200E
S21401E9E080250020F1E601000022032101481CF0E9
S21401E9F0EBBB00BF18260020F8B5114817F0CBFB7B
S21401EA00E0B916F083FD0F4D0D4E286006F10C0798
S21401EA10286817F0BFFA10F037FA0446304617F0A8
S21401EA20B6FB10B938461CF0DEFC02F0F7FC08B95C
S21401EA30002CEDD1BDE8F84017F022BBF8BD00BFB1
S21401EA40200B00208025002008B5054B1B782BB92C
S21401EA5016F0F0FCB0FA80F0400908BD0020FCE793
S21401EA609B2C0020012310B5044C2370044B1B681B
S21401EA7003B198470023237010BD00BF9B2C0020D4
S21401EA80842500200D4B98420DD8023B984210D8A1
S21401EA9070B1023B98420ED020F0704020F46040E6
S21401EAA000F590607047064B9842F5D140F21C4045
S21401EAB070472120704740F21B4070470AE000F083
S21401EAC00BE000F04FF08052014B5A60704700BFD8
S21401EAD000ED00E00023044A52E8000F42E800314E
S21401EAE00029F9D1FBF7E6BE8C250020064A52E83C
S21401EAF0003F034342E800310029F8D1034B1B686D
S21401EB0003B11847704700BF8C25002088250020D8
S21401EB10034B002814BF02461A46024B1A60704780
S21401EB20C5EA01008825002037B51C68E10705D530
S21401EB3017F023FA164917481CF04EFBA20723D5F7
S21401EB4001F08AFCD0B9144D019012F086F9044602
S21401EB5028461CF066FC0190204612F084F90198C4
S21401EB6090B143799B070CD401A802211CF022FD29
S21401EB70019801F061FC17F0AFF9E6E717F0ACF980
S21401EB80DEE701F04DFCF6E7002003B030BD00BF24
S21401EB90340B0020182600209025002008B50548D3
S21401EBA010F042F9044B01211870BDE8084010F03E
S21401EBB04BB900BF440B00209D2C002038B50446FD
S21401EBC048B112F04AF90546214608481CF0D9FC1E
S21401EBD0284612F048F9064B022193F9000010F07E
S21401EBE033F9BDE83840FFF73DBF00BF9025002050
S21401EBF09D2C0020F8B50C4B0C4F04460E46386889
S21401EC001968154608F002FCFFF73CFF50B9334679
S21401EC102A46386844F4802108F0D2FCBDE8F84062
S21401EC20FFF730BFF8BD00BFF00A0020100B002030
S21401EC30F8B50C4B0C4F04460E4638681968154655
S21401EC4008F0E4FBFFF71EFF50B933462A46386842
S21401EC5044F4802108F0FEFCBDE8F840FFF712BF3F
S21401EC60F8BD00BFF00A0020100B002038B50A4B93
S21401EC700A4D04461968286808F0C8FBFFF702FF2A
S21401EC8040B9286844F4802108F0CAFDBDE8384040
S21401EC90FFF7F8BE38BD00BFF00A0020100B0020B9
S21401ECA02DE9F043134B0E461968134B05468DB0FC
S21401ECB01868174608F0AAFB80B933460A22284688
S21401ECC0009702A91BF033FA4FF0000804460DF135
S21401ECD00809444505D1002CEFD120460DB0BDE80A
S21401ECE0F083284659F8041B08F09AFD08F101083C
S21401ECF0EFE700BFF00A0020100B0020F8B50C4B20
S21401ED000C4F06460C463868196808F07FFBFFF77B
S21401ED10B9FE054648B9E24316FA82F2386842F46B
S21401ED20802246F48021FFF7BBFF2846F8BD00BFCE
S21401ED30F00A0020100B00200022034B1A609A8074
S21401ED40FF229A71704700BFC02C0020064A137933
S21401ED50834207D9012312688340134214BF01205E
S21401ED60002070470020704794250020054A03467E
S21401ED701068002208B91A607047C10748BF0132FF
S21401ED804008F7E794250020014B1879704700BF2B
S21401ED9094250020F0B541EA002087B040F4902683
S21401EDA006200F461546F6F725FF1CF039FE0446E9
S21401EDB040B901461A2004F061F96FF08C05284627
S21401EDC007B0F0BD43688660DAB222B923F0FF03CC
S21401EDD043F001034360062F204B0CBF40F20111A4
S21401EDE04FF48071204616F095FB2361E3696BBBF7
S21401EDF04FF4105323808023638002AB2A461E46BD
S21401EE0005F110071D4610685168083203C5BA425D
S21401EE102B46F7D1102130461CF0B8FD10223146A2
S21401EE20204601AB13F01AFB054620B1014640F21D
S21401EE30074004F023F9102130461CF0B5FD2046AA
S21401EE4013F06AFD204610F0B9FCB8E700234FF432
S21401EE5010511A4613F06CFDCDE700BF0044400484
S21401EE60102A2DE9FF4706460F46154623D80024EB
S21401EE704FF00109DFF84480DFF844A0D8F80020FD
S21401EE8009FA04F3134213D046EA042040EA0A00C2
S21401EE906A46E9B280B2FFF7CBFE48B92A46394640
S21401EEA068461CF030F818B960B204B0BDE8F087C7
S21401EEB00134202CE2D14FF0FF30F6E794250020F4
S21401EEC00080FFFF2DE9F3411D4E0546014606224F
S21401EED030461CF018F820B996F9060002B0BDE8D5
S21401EEE0F0810024A046EF1C2046FFF72FFFD8B183
S21401EEF03B88CDF80080ADF80330BB786946E0B2B8
S21401EF008DF8053019F02DF921280DD0A8B9032266
S21401EF10294668461BF0F7FF30B92B6860B23360AC
S21401EF20AB88B071B380D9E70134202CDCD12B68D3
S21401EF303360AB88B380FF23B3714FF0FF30CDE76A
S21401EF40C02C0020034B93F90630013301D1FFF7A3
S21401EF50F3BE7047C02C0020F7B5044617F0B9F889
S21401EF60631C5AD117F06DF80024FFF7E5FE634ED7
S21401EF703379A3422CD84FF4004100240846FFF70A
S21401EF80BDFE20224FF0FF315D4834601BF0E5FFE7
S21401EF90204602F03DFBFF2604465A4D5CBB5A480C
S21401EFA013F05DF9014630B110F1880F03D040F23D
S21401EFB0074004F063F80C21504A43F6FF70FFF750
S21401EFC019FE202138204E4AFFF714FE00202AE0C1
S21401EFD02046FFF7BBFE60B165B20521284616F054
S21401EFE09BFA0321284616F097FA0621284616F0C2
S21401EFF093FA0134BCE794F97530013305D02B78C8
S21401F00043B91321204617F0D6FB204602F000FB39
S21401F0100446C3E784F87560F7E72046FFF796FED7
S21401F02018B940F2064003B0F0BD6B460622002137
S21401F030204616F0B4FA002848D0492368468DF8D1
S21401F040063017F002F84FF47F41304840EA0420BA
S21401F0500840FFF753FE0521204616F05DFA03210E
S21401F060204616F059FA0621204616F055FA0122D6
S21401F0702249E3B29A400B6823EA02030B60244B51
S21401F08093F90630A34201D1FFF756FE002005464C
S21401F0900B791B4A013BC1B2994221DBFF260020B6
S21401F0A0D65402F0B5FA0546164F002D83D095F9D1
S21401F0B07530A34205D13B78EBB91321284617F0EA
S21401F0C07AFB284602F0A4FA0546EEE76B460622CE
S21401F0D00121204616F063FA0028B4D07223ADE76A
S21401F0E05656A64200D025B1551895F901505554EB
S21401F0F001250130CFE785F87560E2E79425002009
S21401F100A02C00209E2C0020370004000080FFFF6A
S21401F110C02C00202DE9FF41354C064601A8FFF71B
S21401F12025FE2379019A93421ED86279012A40D19D
S21401F13000274FF0FF383D4610E02368EB40D90723
S21401F1400BD5082202AB114668B216F028FA20B198
S21401F150039B43453CBF2F469846013523799D4284
S21401F160EBD378B2FFF7F8FE236813F0010529D038
S21401F170002501220135202D18D002FA05F71F427D
S21401F180F8D13B432360A3680C21013343F6FF709B
S21401F190174A7361A360FFF72DFDA8B1236823EA20
S21401F1A007032360A368013BA36073614FF0FF353B
S21401F1B019E0022AFAD10F4A134413F9010D421C31
S21401F1C0FBD0CFE70127DCE722790A4C013A21463A
S21401F1D0D2B2601C1BF0A7FE6DB222462021382059
S21401F1E02570FFF707FD284604B0BDE8F08100BF93
S21401F1F094250020A02C00202DE9F043002489B09E
S21401F200B34D04213F2001AA2C70FFF711FD00B178
S21401F2100194019F002F4FD000267A1E5742574176
S21401F22000242C70AB4D0C212A4643F6FF70FFF7E5
S21401F230FFFCC0B10D23AB80019B2C60032BAC609F
S21401F24011D803AC2246142143F6FF70FFF7F0FCF9
S21401F25048B994E8070085E807002A460C2143F6DA
S21401F260FF70FFF7C7FC019B042B06D004213F204B
S21401F2700DEB01020191FFF7BDFC20213820964AD3
S21401F280FFF7D6FC28B120224FF0FF3192481BF041
S21401F29064FE03222B795B00B3FBF2F38F4A1370F3
S21401F2A0FFF74AFDF9F7D6FD014618B140F20740CF
S21401F2B003F0E4FE002413E001263746B0E72B688E
S21401F2C0E340DB070BD508224FFA84F81146404687
S21401F2D003AB16F064F910B94046FFF73DFE013462
S21401F2E02B799C42EBD38EB11021372003AAFFF76E
S21401F2F09FFC002853D10620F6F77CFC1CF090FBFF
S21401F300044690B901461A2003F0B8FE3FB13D20ED
S21401F310FFF7ACFC00242B799C42C0F0B38016F0BA
S21401F32096FE002009B0BDE8F0836D4A436882600E
S21401F330DAB222B923F0FF0343F001034360694BBD
S21401F34040F20111204616F0E5F82361E36943BB5C
S21401F3504FF41053238080231021638003A81CF0F0
S21401F36015FB102202AB03A9204613F077F80646D8
S21401F370102103A81CF018FB204613F0CDFA2046F6
S21401F38010F01CFA3720FFF771FC46B140F2074037
S21401F390314603F073FE4FF0FF30FFF7DDFD002628
S21401F3A02AE000234FF410511A4613F0C1FAD2E7AF
S21401F3B03046FFF7CBFCF0B174B210220321204691
S21401F3C003AB16F0ECF81028814620D10321204625
S21401F3D003AAFFF7DFFC8046494603A81CF0E4FABF
S21401F3E0B8F1000F0CD040F20740414603F046FE4C
S21401F3F02046FFF7B1FD01362B799E42D8D385E72B
S21401F40048F2030040EA062080B2FFF72FFC1022E4
S21401F4100521204603AB16F0C2F81028814613D109
S21401F4200521204603AAFFF7B5FC8046494603A8F6
S21401F4301CF0BAFAB8F1000FD5D148F2050040EA3F
S21401F440062080B2FFF712FC10220621204603ABED
S21401F45016F0A5F810288146CDD10621204603AA2C
S21401F460FFF798FC8046494603A81CF09DFAB8F1C0
S21401F470000FB8D148F2060040EA062080B2FFF736
S21401F480F5FBB8E72046FFF761FCF0B166B204224F
S21401F4900C21304602AB16F082F804280AD1029BF2
S21401F4A00122C3F300238DF80C300C21304603AB48
S21401F4B016F047F800231022CDE90333CDE90533D2
S21401F4C00D21304603AB16F03CF8013423E700BFAC
S21401F4D09E2C002094250020A02C00209F2C00208C
S21401F4E03700040000444004F8B5104B0446187970
S21401F4F00F4B00221D46D1B2884204D913F9017B75
S21401F500561CA74204D10B4B1B788B4202D9F8BD7F
S21401F5103246F0E70649481C1BF005FD2C702021F9
S21401F520BDE8F8403820024AFFF764BB9425002066
S21401F530A02C00209F2C0020014902481BF04CBE45
S21401F540540B00201826002010220A4B2821DA82AC
S21401F5506422C3E906124FF6FF721A8402225A6029
S21401F560002283F82B200F2283F82D0083F82C200D
S21401F570704700BFA025002038B502F0DFF940B97A
S21401F580094B48241A6893F82A10034624329942F4
S21401F59000DC38BD04FB03F55559ED0601D40133F3
S21401F5A0F5E70120F5E700BFA025002038B5104C8F
S21401F5B094F82B30D3B1626812F0010516D104F12C
S21401F5C0080003F0DFFDFFF7D7FF78B14EF66022A3
S21401F5D094F82C304FF48271534306482A460FF0B4
S21401F5E0B5FD18B9636843F00103636038BD00BF19
S21401F5F0A02500201826002022F00042052A10B57A
S21401F6000DD0B2F5827F13D0032A06D1114A536872
S21401F61023F00203536002F099F9002010BD0D4A51
S21401F6201B88118D9942F8D1002313850120F5E737
S21401F630084B5A6893F82B4022F00102012C5A60BD
S21401F640F4D106F00DFCFFF7B1FF204602F02CFACC
S21401F650ECE700BFA025002000487047AF2500203A
S21401F660044890F82B1000F10F020830012918BF4A
S21401F67010467047A0250020F0B48279034612F0A8
S21401F680280F26D00025144A016892F82A60C2F88D
S21401F6900F108188A2F81310817951751168AE4256
S21401F6A007DCF0BC5368032043F00403536002F008
S21401F6B0FBB94C6A14F4404F08D1186844F00804AA
S21401F6C008609F8898798F8088714C62013548312F
S21401F6D0E5E72120F0BC7047A02500204379024AC7
S21401F6E09B09D05C704700BFE4CD03000B6810B5E2
S21401F6F003608B88FF2A0446838002D10723A37107
S21401F70009E0032A08D8054B9B5C072B837102D1BD
S21401F710FFF7E4FFA07110BD0023F0E7E8CD03007A
S21401F7208379024A03F00703D05C7047DCCD0300FF
S21401F73010B582798B79094C02F0070203F00703B2
S21401F740A25CE35C9A4206D106221BF0DCFBB0FA0F
S21401F75080F0400910BD0020FCE700BFD4CD0300B7
S21401F7607FB5134B0E46054604460393A0B117F02A
S21401F7705DF978B900223146204617F08CFA022846
S21401F78007D10123314600932046042303AA16F02D
S21401F7901CF80DB104B070BD204617F016F90446EA
S21401F7A00028F7D017F042F90028F5D1E2E700BFAC
S21401F7B00100FFFF2DE9F04F97B08346099117F03E
S21401F7C07BF8099883790C33C45CC5181BF077FE67
S21401F7D01E2C0646099F24D8012C26D9C54BE3408A
S21401F7E0DA0722D5384697F806801BF068FEBBF884
S21401F7F00A2083B29A4228D214F0010240F0A18076
S21401F80004F07F03522B00F09C801E2C00F09980A0
S21401F810099B214600935846042316F065FE2124D1
S21401F8200CE004F07F03522BDCD021460623002295
S21401F8305846009716F058FE41F20614584617F03F
S21401F84040F8204617B0BDE8F08F47443A7B013BAD
S21401F8501E2A9BB242D8012ACED9023A1C2ACBD8FC
S21401F86001A151F822F000BFF9F80100F9F70100F3
S21401F870FDF80100F9F70100F3F80100F9F70100BE
S21401F880E9F80100F9F70100F9F80100F9F70100BC
S21401F890FDF80100F9F7010001F90100F9F701008F
S21401F8A0E9F80100F9F701002FF90100F9F7010065
S21401F8B0F9F70100F9F7010033F90100F9F7010042
S21401F8C037F90100F9F70100F9F70100F9F701002E
S21401F8D0F9F70100F9F701003BF90100522A26D099
S21401F8E0D22A89D10D2B05E0062B0FD0142B83D1FC
S21401F8F00CE0052B80D909E0022BF8E7042BF6E78C
S21401F900032B7FF679AFDB073FF576AF022C00F0CD
S21401F910F380DBF800309B689F0516D40BF144009A
S21401F9201BF061FD099BCBF84430002486E7012BD0
S21401F930E0E7032BDEE7012BD9E7002B7FF45CAF72
S21401F940E4E709A81BF04FFD69E71E2C584600F0B6
S21401F950918317F06BF80746002840F082805846DE
S21401F96017F05FF800287CD004F07F03522B00F0DC
S21401F970BC80082C68D1B6B2152E14BF0220102008
S21401F980691D17F039F800285ED0DBF81430D80767
S21401F9904BBF23F0010343F00103394601215846CA
S21401F9A04CBFCBF81430CBF8143017F056F8099842
S21401F9B00D9016F007FD0446B0F80180B0F80390EC
S21401F9C00D981BF07CFD152814BF02251025053463
S21401F9D02146284602F04EFE21460390284617F09F
S21401F9E00BF80490B8F1000F00F04381C84500F20F
S21401F9F04081022109200D9A16F007FDBBF80A7016
S21401FA008246023FBFB23E4640464FF0FF3549466A
S21401FA10039A17F0F2FA0446002800F06C8117F0FA
S21401FA20BFF8002800F0848101222146584617F0CD
S21401FA3061F903468DF82E00002800F01F810D9A0B
S21401FA40009222460821A3E0DBF8143013F00106E9
S21401FA503CD023F0010300215846CBF8143016F0B1
S21401FA60FCFF1E2C63D8032C66D9231F142B63D8E6
S21401FA7001A252F823F000BF47FD010039FB010047
S21401FA8037FE010039FB0100AFF9010039FB010027
S21401FA901DFF010039FB01003BFF010039FB01009E
S21401FAA051FF010039FB010045FB010039FB010054
S21401FAB04500020039FB010039FB010039FB01005A
S21401FAC06100020039FB01006B00020043F00103F4
S21401FAD001215846CBF8143016F0BFFF12233246E8
S21401FAE021465846009616F0FFFC09A81BF07BFC41
S21401FAF01BE700BF54554541099DBA4C284616F0F0
S21401FB0061FC2188B0F801602A46584616F001FDCE
S21401FB102388BBF80A10B34228BF3346172BB8BF59
S21401FB2017235846ABF80A3016F0B2FEFDE6522C03
S21401FB3000F08F82D22CD8D0099B00220093214658
S21401FB40062325E0099F384616F03CFC0546B0F82A
S21401FB500180B0F803A038461BF0B1FC15280CBF95
S21401FB6020460220691D02F085FDB5F80530049097
S21401FB700793B8F1000F07D0D04505D817F094FBCE
S21401FB8050B91023009701E0012300974246102147
S21401FB90584616F0A9FCC8E63A460221112016F08E
S21401FBA034FC44464FF0FF35BBF80A3005909E1EE4
S21401FBB00393063B9BB2B6B2089351462046049A7D
S21401FBC017F01BFA814668B35146079A17F062FA96
S21401FBD00446484616F0E4FF40B94FF6FF739C42D0
S21401FBE001D00134A4B25445E7D91BE04FF000031D
S21401FBF00DAAADF8343049460CAB584617F017F944
S21401FC00039ABDF83430053A9A42089A0690D8BF4E
S21401FC101346002DADF8343009DB9D4202D1EB1CB2
S21401FC20B34208DB691C1CD10A230097AEE7351FD7
S21401FC309D42A8BF1D46042211A93846ADF844903E
S21401FC40ADF846401BF060FE2A46384606991BF082
S21401FC505BFE4FF6FF73043E761B9C42B6B2C0D1E4
S21401FC60E0E73946059B04355D70584601F0C4FD52
S21401FC705BE60D9B009301234246E3E6049B13B12A
S21401FC80204616F071FF204616F0A2FFD8B1002DCF
S21401FC9054DC0DA81BF0A7FB082358468BF81C3034
S21401FCA050F80C2B40F2025192F870208DF8483033
S21401FCB000238DF8442011AAADF84640ADF84A302D
S21401FCC01BF0C6FA31E6ADF844000DF12E032146CD
S21401FCD0584611AA17F0ABF8BDF844300590BB4260
S21401FCE028BF3B46002DADF844300ADBAB4202D1BB
S21401FCF06B1CB34209DB6A1C0D9B1FD100930A23C0
S21401FD00BAE7B51E9D42A8BF1D4602220CA90D9852
S21401FD10ADF830401BF0F8FD2A4605990D981BF00A
S21401FD20F3FD4FF6FF73023E761B9C42B6B2E2D05D
S21401FD30601C80B28145BFF46AAEDCE702350D99DE
S21401FD408AF8015091E7DDF82490484616F03AFB10
S21401FD50B0F80330B0F801800493B8F1000F43D037
S21401FD60984541D84FF6FF774A460221052016F0FE
S21401FD704CFB4546BA46BBF80A400590023CA4B285
S21401FD802946584617F014FA504506464BD04FF40C
S21401FD9000622946584616F0ADFF00283ED130468F
S21401FDA017F09EFA00280CBF022310235745039331
S21401FDB020D0304617F094FA0690384617F090FA9D
S21401FDC0069B834203D1039B0133A34213DB3846D0
S21401FDD017F086FA059B013019465870584616F0FA
S21401FDE06CFBA2E50C0D00200123CDF800904246E5
S21401FDF00421CDE637460DF146013046ADF84450B4
S21401FE0002F08EFC039B48469A1C11A91BF07CFD50
S21401FE10039B023CE41A5545A4B2D8D0049B013595
S21401FE20ADB2AB42ACD24FF6FF739F42CFD10A239D
S21401FE30CDF80090DBE7DDF824900024484616F064
S21401FE40C1FAB0F80530B0F803A0B0F80160074673
S21401FE50484603931BF033FBC51FADB2102D0C941F
S21401FE6058D82A46F91D0DA81BF082F8002E53D04B
S21401FE70564551D84A460121072016F0C6FAA04633
S21401FE80074633460A249A45049307D93946BBF8F0
S21401FE900A0016F09DFA0328049B04D8B8F1000F57
S21401FEA01AD039469AE7ADF84430039B5846ADF868
S21401FEB048300DAB13930BAA0DF12E0311A9ADF823
S21401FEC046A0ADF8505017F011F90A280446E5D0BF
S21401FED0BDF82C3030B11E46234632460621CDF8F9
S21401FEE0009055E6ADF83030BDF82E300CAAADF8CE
S21401FEF0323039460423BBF80A0016F074FA4FF67E
S21401FF00FF72BDF82E309342CBD001334FF001087B
S21401FF109BB2B8E70424DFE70124DDE70A23099C46
S21401FF208BF81C30204616F04DFA23460022B0F816
S21401FF300110584615F019FDF7E4099C204616F005
S21401FF4041FA0C238BF81C30B0F803202346EEE769
S21401FF50DDF82480404616F035FA054640461BF08B
S21401FF60AEFA0023441EBBF80AA08DF8343061D0E7
S21401FF7014F001075ED120460FF002FC0646002869
S21401FF805ED00AF1FF332246691C03931AF0F0FF94
S21401FF90424601210F2016F038FAB1460490002C93
S21401FFA004DC30460FF00AFC049917E739F8025BC7
S21401FFB001222946584616F09DFE023C8DF8340073
S21401FFC068B9284616F00EFD10B1284616F0CCFD8D
S21401FFD0284616F0FDFD60B180238DF8343030469A
S21401FFE00FF0ECFB2A460E219DF83430CDF8008048
S21401FFF0CEE529460DAB584611AA16F018FF9DF816
S21402000034300146002BEAD1039BBDF84420DB1BAB
S2140200109A42C2BF0AF1FF33DB1BADF844304046BA
S214020020BDF844201BF070FCBDF844309842B8D3AB
S2140200301F44B4E7042300258DF834302E46CEE75D
S2140200401123F8E75846099AB5F8011015F02BFD6A
S2140200506BE45846099AB5F8011015F07FFD64E482
S2140200605846099915F0B9FD5FE45846697815F0C7
S2140200701FFE3AE515F03CFE37E500BF7FB5174A8E
S2140200800646136842F6052023F00803136016F0AE
S214020090EFFF054650B1684602F0A4F9002016F0BC
S2140200A094FC044620B92946FFF75AFB04B070BDFB
S2140200B01022684604F121011AF025FF38B1012109
S2140200C0204616F0CAFC636923F0010363611EB181
S2140200D03146204617F09DF82046E0E780260020AD
S2140200E007B5837801916A46082104488DF80030E6
S2140200F01BF0AEF803B05DF804FB00BF1826002024
S2140201000022054BC3E90322C3E905221A70DA610D
S2140201104FF6FF725A847047F4250020014B186090
S214020120704700BFF025002082780D4B13B55A6049
S214020130B0F8032091B2102910D040F60344A14231
S2140201400CD041795B8C8DF80210ADF804200521A5
S2140201506A460448ADF800301BF07AF802B010BDCB
S214020160F42500201826002073B5837901900C33FD
S214020170C418C35C132B0ED8042B10D9053B0E2BC8
S2140201800DD8DFE803F01E0C0C1E0C0C0C0C0C1623
S2140201901A0C0C0C2300302B13D03E2B1BD0FAF774
S2140201A01BFA019B834202D001A81BF01CF902B085
S2140201B070BD2046FFF7B8FFF1E7E2780E4B5A60B3
S2140201C0EDE7204601A901F059FEE8E7204601A91D
S2140201D015F05EFFE3E70025084E019B3BB1204683
S2140201E056F8043B01A9013598470E2DF5D101A812
S2140201F01BF0F9F8D3E700BFF4250020ECCD03008E
S21402020007B500F013F920B103B05DF804EBFFF771
S214020210ABBF00F017F9019018B1054B1B681BB174
S214020220984703B05DF804FB01A81BF0DCF8F8E77A
S214020230F0250020024610B1022804D070470321A0
S21402024002481AF0C1BFFFF7DBBF00BF1826002026
S214020250024B1A78024B53F822301847F425002036
S21402026024CE030010B504460120FFF7F1FF034B2E
S21402027000201C70BDE81040FFF7EABFF4250020FE
S21402028010B50446062142F2050015F02BFE23683F
S214020290C0F80330A388A0F807300648FAF7BEF97C
S2140202A015F064FE407920B115F060FE407940F406
S2140202B0805010BD87BA030010B5044606214FF6DB
S2140202C0284015F00FFE2368C0F80330A388A0F874
S2140202D007300648FAF7A2F915F048FE407920B131
S2140202E015F044FE407940F4805010BD19A7010075
S2140202F038B505460C4669B9022142F21B0015F0D4
S214020300F1FDB5F86E30A0F803300D48BDE8384070
S214020310FAF784B9122142F21A0015F0E3FD2146DB
S214020320B5F86E30053020F8023C04F1100351F89F
S214020330042B994240F8042BF9D10248E6E700BFA5
S2140203403F3C03007B3C030001481BF06AB800BF39
S2140203500426002040F6FF732DE9F3410D46B0F85F
S2140203606E100192994205D101A81BF03CF802B02A
S214020370BDE8F0811146134601229BBB1E481BF0C6
S21402038000F9FFF7E1FF04460028F0D01BF097F8CB
S2140203906379074603F001086FF3000363710421D3
S2140203A02046A6681BF0B6F94379044668F30003B4
S2140203B04371DB438179B6F86E200C31866003F018
S2140203C001036254C2F30322084442EA0312427053
S2140203D0478022463046294615F05FFE2046FAF749
S2140203E031F9CEE75C79986024F0030414435C711B
S2140203F000221B68C1E700BF0426002070B5054630
S214020400064C206800B970BD8368AB4204D106680A
S2140204100FF046F82660F4E70446F2E704260020CA
S214020420014601481BF0ADB80826002001481AF024
S214020430F8BF00BF08260020014601481BF0A1B8FD
S21402044000260020034BD86818B103F10C001AF0FE
S214020450E8BF7047F4250020044BDA6822B95869D1
S214020460003818BF0120704701207047F42500208D
S2140204700138C0B20A289ABF014B185C00207047A8
S2140204802CCE030007B506481AF0CBFF04210190D4
S2140204900DEB01001BF08EF8019803B05DF804FB2B
S2140204A01C260020F7B5186810F0020003D0164E7E
S2140204B0316811B9012003B0F0BD0024042223469E
S2140204C00DEB020001941AF084FFBDF80630DB073C
S2140204D002D4FFF7D7FF044600250C4F57F8043B1B
S2140204E023B12146BDF80400984748B13368002B73
S2140204F0E0D0074B022193F900000EF0A5FCD9E7E5
S2140205000135062DEAD1F1E71C2600202026002020
S214020510C72C002010B509480EF086FC0024084BB4
S2140205200849187020200C600FF004F8064BC3E947
S2140205300044C3E90244C3E9044410BD640B00202E
S214020540C72C00201C260020202600200020024B5C
S2140205501870024B18707047C92C0020C82C002057
S21402056038B50546007815F05DF8044648B969784E
S214020570287801F05FFA044618B9044B1A78044B3F
S2140205801A70044800F058FF848038BDC92C002039
S214020590C82C00202002050310B501F077FA0446A5
S2140205A0024800F049FF848010BD00BF2002050506
S2140205B02DE9F04383780D460D2B91B04FD109AC4F
S2140205C02646821C00F11A03274610685168083234
S2140205D003C79A423C46F7D113881C213B80284623
S2140205E01AF0E8FFBDF826402F6814F00C043ED13E
S2140205F038461AF064FFA0F10208A0450DDA4FF063
S214020600FF3400239C428DF81C301EDB0122394643
S214020610A31C07A81AF0DDFE17E0631C0122394668
S21402062005A81AF0D6FE9DF81430012BE9D0234611
S2140206300122394607A81AF0CCFE9DF81C3013B1E9
S21402064001331C44D9E78DF81C3001F05FF901280C
S21402065008D0022843D050B928461AF0C4FE11B07A
S214020660BDE8F0839DF81C3013F0010FF4D09DF81E
S2140206702F0000F0C5FC07469DF8300000F0C0FCD5
S2140206800DF11C099DF828200DF12901804605A8C8
S214020690FFF72CF848469DF836200DF13701FFF794
S2140206A025F8134B1B78DB071ED405A814F070FF41
S2140206B0044605AB424639463046CDE90145CDF8FB
S2140206C0009000F017F82B68002BC5D0424639463A
S2140206D03046CDE9004505AB19F075F8BCE79DF844
S2140206E01C3013F0030FC1E74FF0FF34E1E700BF01
S2140206F0C82C00202DE9F74FB0F802C006461CF0C1
S214020700100F1C460C9F9DF934A0DDF838B033D08C
S2140207105FFA8CF51CF0080F184614BF05F00805A2
S21402072005F00F0516F098F88146384616F094F84C
S21402073096F90F3080465A4604211348019376787C
S21402074015F0F3FD019BA0B105712268C0F80520E3
S214020750A28880F80B90A0F8092080F80CA04373BA
S21402076086733B68C0F80F30BB8880F81580A0F807
S214020770133003B0BDE8F08FCDE90DAB0C9703B094
S214020780BDE8F04F15F069BC5CCE0300002110B541
S214020790421D0379044608461BF0E3F8024648B1B8
S2140207A06188208815F03AF90446034800F044FEB2
S2140207B0848010BD1A24F8E720020A0213B5044604
S2140207C0007816F0FCF870B10023CDE90033E27829
S2140207D0B4F8011015F0B8FA0446044800F02CFEEE
S2140207E0848002B010BD2524F7E700BF20020A0469
S2140207F010B5007817F054FB0446024800F01CFEC1
S214020800848010BD2002090130B50446457987B0C0
S2140208102A46811D01A81AF0ABFBD4F8011001AAE2
S2140208202078059517F046FB0446034800F004FEC0
S214020830848007B030BD00BF2002090410B5B0F8AE
S2140208400110C378021D007817F04AFB04460248DE
S21402085000F0F2FD848010BD2002090910B504469E
S2140208600078FF280ED015F00EFC207815F00DFC4F
S21402087094F90000FEF770FB0446034800F0DCFD26
S214020880848010BD2124F8E720020F0610B54178B7
S214020890007802F05DFB0446024800F0CDFD84803D
S2140208A010BD00BF20020F0108B5064906481AF01F
S2140208B093FC064906481AF08FFC06480EF02EFFF7
S2140208C0002008BD7C0B00203C2600208C0B00205C
S2140208D038260020740B0020014815F058BC00BFD3
S2140208E0200B002030B5114B0D469942144685B0B8
S2140208F019D193000FD503A902A80EF0BBFC08235A
S2140209000193039BE1B2009300222846029B41F02A
S21402091000511AF044FC064815F0D1FC00B10471EF
S214020920012005B030BD0020FBE700BF38260020BE
S214020930D0CE030022F00042B2F1A04F08B504D197
S214020940034815F0BCFC012008BD0020FCE700BFF0
S214020950D4CE030070B5FFF7BFFF90B1FEF77CFE62
S214020960002604462046FEF7DBFE0546064800F053
S21402097063FD86802268C0F80620A288057342813D
S21402098070BD0226014CEDE720090115ACCE03002E
S21402099008B501F0A3F8BDE80840024902481AF07B
S2140209A03FBC00BF9C0B002018260020F8B5054669
S2140209B000200D4E0127307100F02AFE04466CB16D
S2140209C06DB994F872306BB1377115F057FB20464B
S2140209D0132115F0F0FE6468002CF2D1F8BD204613
S2140209E015F0EDFE6468EAE7C22B002038B5002356
S2140209F0094C2360A38003682360207815F0D7FE95
S214020A00054630B9054806491AF0E6FB608801F04B
S214020A10DDF8284638BD00BFC22B0020182600206D
S214020A209C0B002022F00042B2F5887F2DE9F047A9
S214020A301C4600F0E5800ED840F203139A423CD0E2
S214020A4040F209139A4200F0C5800E2A00F0B680E2
S214020A500020BDE8F08740F207239A424AD0B2F55A
S214020A60037F59D040F206239A42F1D120684C30D7
S214020A70FEF756FE25680746664895F8736095F8B1
S214020A8070A095F9759095F87680A48815F017FCF5
S214020A900028DDD0EB6C4360B5F8503087720381D6
S214020AA0731E5E425E41C67280F80CA080F80D90FE
S214020AB080F80E80A0F80F40CAE7207800F088FD84
S214020AC00028C5D0544894F80090B4F80280A7884D
S214020AD0E688257A648915F0F2FB0028B8D080F8FB
S214020AE00490A0F80580A0F80770A0F80960C57207
S214020AF08481ADE7207800F06BFD0028A8D06078EE
S214020B002578FFF7B5FC0446444815F0D8FB0028C4
S214020B109ED0057144719BE7A578012D1ED0022D4B
S214020B202DD0CDB9E37894F80080023BDBB2022BDD
S214020B308CBF01253A4A94F90470667998BFD55C51
S214020B4094F90640374815F0BAFB28B180F80480BD
S214020B5045718771C671047201207AE7E37894F8CA
S214020B600080023BDBB2022B98BF2D4A94F9047038
S214020B70667998BFD55C94F906402B48E3E7E3789C
S214020B802A48023BDBB2022B94BF254A012594F881
S214020B900180277898BFD55C94F90490667994F919
S214020BA0064015F08CFB0028D6D0A0F8048087718A
S214020BB0C57180F8089046728472CDE723460822F3
S214020BC0002113F8014B1A4815F08AFB0028C3D0FF
S214020BD00471C1E7174894F800806788A688E588FC
S214020BE0248915F06CFB0028B6D080F80480A0F8A3
S214020BF00570A0F80760A0F80950A0F80B40ABE714
S214020C000D481C7815F05BFB00283FF421AF0471F9
S214020C101EE700BF2CCF030028CF030020CF03001F
S214020C20D8CE030018CF030014CF03001CCF030056
S214020C3010CF03000CCF030024CF03001FB50146DC
S214020C400078FF2817D0B1F80B300293B1F80930BC
S214020C500193B1F807300093B1F80530B1F80320DC
S214020C60B1F8011000F050FF0446044800F0E4FB1F
S214020C70848004B010BD2124F7E700BF20020606D8
S214020C8030B587B001468279054604A815F0D1FD35
S214020C90002303939DF8163013F0180408D121257B
S214020CA003950F4800F0C8FB8580847107B030BDFD
S214020CB004A800F09BFC034660B903AA0092E879F8
S214020CC0084A04A900F0A6FF034618B90446BDF870
S214020CD00C50E6E7BDF80C5093F87040E1E700BF11
S214020CE020030604810D020010B5007800F070FCA7
S214020CF040B1132115F05FFD0446034800F09CFB4B
S214020D00848010BD2524F8E72002060570B5144637
S214020D1006460D46204614210A4A15F0BFF920461B
S214020D20217915F06EFA58B9A3790C331C44064B98
S214020D30A6711B79A5801BB1BDE8704015F09FB95E
S214020D4070BD00BF08CF0300C22B0020024B00205C
S214020D501A68024B5A60704744240020200B002079
S214020D6010B5FDF711FD044630B9044815F0E5F953
S214020D70044608B9FDF738FE204610BD200B0020B9
S214020D8073B51C4640F20A6322F000459D4208D81D
S214020D90B5F5C06F08D8042D47D00D2D4DD0032DC4
S214020DA01ED0002002B070BD6FF4C0631D44092D32
S214020DB0F7D801A353F825F09F0E02004D0E02004D
S214020DC0710E0200810E0200970E0200A30D0200B1
S214020DD0B70E0200CD0E0200ED0E0200390F020021
S214020DE001A8F4F781FA5648BDF8044015F067FAF0
S214020DF00028D6D000234371C37103724372037373
S214020E0043738373C373282383746FF00B03C37413
S214020E106FF066030722432103753E230271857134
S214020E208172C27204824375BBE74648246815F095
S214020E3046FA0028B5D08480B3E723460422002170
S214020E4053F8044B404815F04BFAF2E7207800F0CE
S214020E50BFFB0028A5D03D48267894F90150A47817
S214020E6015F02DFA00289CD006714571847198E71A
S214020E702478374815F023FA002892D0047190E7B8
S214020E8025783448646815F01AFA002889D0057166
S214020E90C0F8054085E725782F486468F3E72F48B1
S214020EA02578646815F00BFA00283FF47AAF0571CE
S214020EB0A0F8054075E72A482578646815F0FFF91A
S214020EC000283FF46EAF057144716AE763782548DF
S214020ED00D2B96BF244A0125D55C247815F0EFF930
S214020EE000283FF45EAF047145715AE7637800212B
S214020EF00D2B98BF1C4A1D4898BFD55C6368A27824
S214020F0088BF0125267815F0EBF908B10671457100
S214020F106378012B3FF645AF8DF80430012200219D
S214020F20124801AB247815F0DBF900283FF439AFFC
S214020F3001230471437134E724780D489AE700BF11
S214020F4070CF030068CF03006CCF030054CF0300BA
S214020F505CCF030060CF030058CF030050CF0300DE
S214020F604CCF030048CF030030CF030044CF03002A
S214020F7040CF030014220021014819F0EEBF00BF43
S214020F804026002070B505460FF067FF1A4C06464D
S214020F9063795B070ED414212046184A15F07EF8B2
S214020FA02046217915F02DF920B13046BDE8704073
S214020FB00FF059BFA3790C3323442DB91A79FF2AAF
S214020FC0F3D001321A71F0E7012D05D15A79FF2AC2
S214020FD0EBD001325A71E8E7022D05D19A79FF2A41
S214020FE0E3D001329A71E0E7032DDED1DA79FF2AE7
S214020FF01CBF0132DA71D8E74026002064CF030016
S214021000042828BF0020014B185C704774CF0300E9
S2140210102DE9F3416F4687E80300114816461D4640
S214021020DDF8208000F084F90446A0B90D4B009844
S2140210301968BB8848600B818E72CD7200F0CEF9BB
S2140210400446B8F1000F04D0074B1B689B7988F85A
S214021050003000F0DBF9204602B0BDE8F08100BFA8
S21402106088CF0300602600205C2600202DE9F84F7A
S214021070804611480F4616461D46BDF828B0BDF8F4
S2140210802CA0BDF8309000F053F998B90B4B1C68B1
S21402109084F80480A4F80570A4F80760A4F8095040
S2140210A0A4F80BB0A4F80DA0A4F80F90BDE8F84F72
S2140210B015F078B8BDE8F88F80CF030060260020D0
S2140210C010B50446054800F033F930B9044B1B68E6
S2140210D01C71BDE8104015F065B810BD78CF03004E
S2140210E06026002010B50446054800F021F930B904
S2140210F0044B1B681C71BDE8104015F053B810BDB8
S214021100A0CF03006026002038B505460C460748E7
S214021110012100F01DF940B9054B1B681D71C3F88B
S2140211200540BDE8384015F03DB838BD98CF0300FD
S2140211306026002038B505460C460748012100F017
S21402114007F940B9054B1B681D71A3F80540BDE8B9
S214021150384015F027B838BD90CF0300602600202F
S21402116038B505460C460748012100F0F1F838B9B3
S214021170054B1B689D80DC80BDE8384015F012B830
S21402118038BD00BFB0CF03006026002070B506460B
S21402119008480D46144600F0CBF848B9064B1B68C3
S2140211A01E71A3F80550DC71BDE8704014F0FABF5A
S2140211B070BD00BFA8CF03006026002008B5044813
S2140211C000F0B6F818B9BDE8084014F0EBBF08BD49
S2140211D0C0CF030038B5054606480C4600F0A8F80E
S2140211E038B9054B1B681D715C71BDE8384014F0B8
S2140211F0D9BF38BDB8CF03006026002038B50546F3
S21402120006480C4600F094F838B9054B1B681D7169
S2140212105C71BDE8384014F0C5BF38BDD0CF0300BE
S2140212206026002010B50446054800F081F830B963
S214021230044B1B681C71BDE8104014F0B3BF10BD10
S214021240C8CF03006026002070B505460B480E4640
S21402125000F06EF8044678B900F0C0F8084B044671
S2140212601B6825B1D3F806202A605A89AA800EB1D7
S2140212701B7B337000F0CAF8204670BDD8CF03003F
S2140212805C260020044A0346106810B102789A428F
S21402129000D170470069F8E75826002008B514F018
S2140212A04AFFFFF767FE0022014B1A6008BD00BF27
S2140212B05826002038B5104D0446104A28461AF023
S2140212C0AAFB4FF48270A0470D4B0146186028789F
S2140212D018B14FF482721AF0A1FB4FF48270A04745
S2140212E0084B01461860287828B1BDE838404FF40C
S2140212F082721AF093BB38BDCA2C0020E0CF0300DE
S214021300602600205C260020084A136833B941781C
S214021310036141F00101417010607047197802784C
S2140213209142FAD003F110021B69EFE7582600201B
S21402133010B5044618F048FA28B9034B22681C6018
S214021340024B1B681A6010BD54260020602600203F
S2140213502DE9F84F046898464FEA042A0AF4E06A30
S214021360C4F307234AEA030A0AEB0209B9F5807FA7
S21402137083460F46154603D91D263046BDE8F88F2C
S21402138018F022FA06460028F7D1124B24F47F44BE
S214021390C3F800B024F0C7040F4B44EA19244FEAFE
S2140213A009291B681FFA89F944EA090443F8044B21
S2140213B053442A464146184619F0DAFD012F04D155
S2140213C0FF2DD9D800F8015CD7E7022F08BF20F816
S2140213D0025CD2E7542600206026002008B5074BA0
S2140213E01A68074B52F8040B1968064B49681B68C3
S2140213F09847054B1B68988808BD00BF60260020EA
S21402140054260020AC0B00205C2600200022024B53
S2140214101A6018F0DBB900BF54260020054B186886
S21402142008B1C3681BB1003818BF012070470069B5
S214021430F6E700BF5826002010B5034C2368186054
S214021440FDF710FB206810BD5C260020F8B50446A8
S2140214500D4601460020174614F06EFEF3F732FAE8
S214021460194E78BB194B1B681C603368187058708D
S2140214709870D870204614F039FE18B165B94368E2
S214021480220E2BB90F250DE05979914204D008336C
S2140214901D68002DF8D1F5E73846A84733681B6863
S2140214A04BB9012524F47F4020F0C70040F40070B9
S2140214B0FFF7C2FF85803268012052F8041B14F041
S2140214C03BFEF8BD1425EDE75C26002060260020D2
S2140214D04022094B83F8212383F8222383F823230F
S2140214E083F8262383F8252383F8202383F82423EE
S2140214F0502283F8222C704700E100E0BFF34F8FA2
S2140215000549064BCA6802F4E0621343CB60BFF398
S2140215104F8F00BFFDE700BF00ED00E00400FA05B4
S214021520044BD86910F480501CBF186A00F0010002
S214021530704700BF0080E00F70B504460D461B4A98
S21402154013686BB393F87D10586811F0040129D123
S21402155010608C22184693F8706019F0FEFC034661
S21402156080F870602268C0F85A20A288A0F85E2030
S214021570A27980F860202868D864AA79A98883F8B6
S2140215805220FF2283F8752083F8762040F6FF72F9
S214021590A3F86E20064AA3F850101168136059602B
S2140215A0184670BD1A1D0346CBE700BF682600200A
S2140215B064260020054A0346106800B97047B0F852
S2140215C06E209A42FAD04068F7E700BF64260020F1
S2140215D0054A0346106800B9704790F870209A4290
S2140215E0FAD04068F7E700BF6426002038B5054603
S2140215F0064B1C680CB9204638BD294604F14C003F
S214021600FEF796F80028F6D16468F3E76426002011
S21402161010B9024B1868704740687047642600206D
S2140216200023114A2DE9F0418C21136080460246C0
S21402163001200DF033FE044620B905460B4E3060FD
S214021640A84502D82046BDE8F08101200DF0A4FE90
S21402165007468C220021013519F07FFC87F870506E
S21402166037603E1DECE700BF642600206826002097
S214021670012310B58B4090F87110044621EA03014D
S21402168049B280F87110002949D114F005FD2046B0
S21402169016F092FD102104F118001AF085F9204682
S2140216A0FEF7ACFE04F1380019F09DFE204616F057
S2140216B0E4FC214A13681BB19C42596830D1116080
S2140216C0A36859050BD51A0509D443F40063A1890A
S2140216D094F87000A36004F17802FFF717FB00236A
S2140216E02046636019F0A0FD14F066FE4FF4807287
S2140216F0B2FBF0F2424394F870300344B3FBF2F1CB
S21402170002FB1133DBB2591EC9B2FD29F5D884F8A3
S214021710703000236360094B1A6852B91C6010BD12
S2140217201A465B68002BCBD09C42F9D163685360A3
S214021730C6E7131D5268F0E76426002068260020DC
S21402174010B5084C206830B9BDE81040064B18604A
S21402175001200DF0F1BD436890F871102360FFF789
S21402176087FFEFE7642600206826002090F8743092
S21402177003F00B03013BDBB20A2B9ABF014AD05C93
S21402178000207047EECF03001FB5014690F8703078
S2140217908DF80430FFF7EAFFB1F862308DF80C00DE
S2140217A0ADF80630B1F8643001AAADF80A30B1F8E7
S2140217B066300748ADF80830B1F86C3040F20311D5
S2140217C0ADF80E3019F044FD05B05DF804FB00BF1D
S2140217D01826002007B590F870308DF8051001AA7B
S2140217E040F2072103488DF8043019F031FD03B0AA
S2140217F05DF804FB1826002038B50A4B04461B6821
S2140218000D462BB143699B0702D515F05FF830B140
S2140218102A4620680421BDE8384016F0A0BBA3691A
S2140218209D6138BD6C260020014B1860704700BFD2
S2140218306C260020024B1868003818BF012070473B
S2140218406C26002013B50446019120B901A819F0B0
S214021850CAFD212012E008460029FAD019F02FFE10
S21402186080B20028F2D0094B20461B6801994BB182
S214021870984728B920460199FDF79CFF02B010BD93
S2140218800020FBE700F0E6FFF3E700BF6C2600202F
S21402189073B5144D144C6A68236802F0800103F095
S2140218A002030B431BD053064CBF0126A67AFDF754
S2140218B0D7FE0196837983F00803C3F3C00300932F
S2140218C0E388A288217A607A01F0B4F940B92368E5
S2140218D023F0020323606B6823F080036B60002012
S2140218E002B070BDA0250020702600200121002035
S2140218F0054BA3F10802C3E9000043F8081C4FF0A9
S214021900101351725360704778260020014B187BE3
S214021910704700BF70260020074BDA7A4AB95A7A17
S21402192082421FBF1A68587242F002021A60FFF71C
S214021930AFBF0020704700BF70260020024BD87A47
S214021940003818BF012070477026002070B5224E5E
S214021950716811F002013AD1204D2B68580706D55E
S214021960084601F08DF92B6823F004032B602B68E0
S214021970726803F0080302F00402134310D0FDF766
S2140219806FFE83791A071FD5FEF796FC0446C8B980
S2140219902B6823F008032B60736823F0040373603C
S2140219A0FFF776FF044668B9EB7A5BB12B685B07F4
S2140219B008D40121084601F063F950B92B6843F0B8
S2140219C004032B60204670BDFEF75AFCDEE71124A6
S2140219D0F8E70446F6E700BFA025002070260020A0
S2140219E070B5124C257B637B22689D42B8BF1D46AC
S2140219F09207E37AEEB201D4B34215D01BB10023AC
S214021A00E372FFF7A3FFE67275B1094B93F82B302A
S214021A10012B05D1236843F002032360FDF7C6FDC0
S214021A20BDE87040FFF792BF002070BD7026002010
S214021A30A0250020022938B504460D4601D92120EA
S214021A4038BD14F028FE0028F9D00E4B1A7BB2B926
S214021A501A68D10742BF22F0010242F002021A605F
S214021A60094A525D1A735A7AA2421FBF1A685C72FA
S214021A7042F002021A60BDE83840FFF7B1BF02200A
S214021A80DEE700BF70260020F9CF0300054A137B6D
S214021A90013B022B03D800231373FFF7A1BF0020DC
S214021AA0704700BF70260020032805D10A4A136833
S214021AB043F00803136008E0012808D1064BDA7ADF
S214021AC042B11A6842F008021A60FFF73FBF10F0F0
S214021AD0FD0FEBD000207047702600200020094B37
S214021AE010B55862FFF794FD04461CB9BDE81040D5
S214021AF0FFF726BE204641F2160114F0DEFD6468AA
S214021B00F3E700BFA02500202DE9FF4791420E46CD
S214021B1015469946BDF830A0BDF83480BDF8387039
S214021B2003D9212004B0BDE8F08740F67A428B1F25
S214021B309BB29342F5D8B5F5486FF2D8B9F5FA7F5D
S214021B40EFD240F67642AAF10A039BB29342E8D855
S214021B5009F101039BB26B43B3EB8A0FE1DAB84596
S214021B60DFD8FF280BD1184BD9821D83A3F81A9011
S214021B70A3F81CA0A3F81E801F840020D2E7FFF75C
S214021B8027FD04460028CCD090F873302A46012B55
S214021B9031464B46CDE90187CDF800A008D100F0CA
S214021BA0A1FF0028BED1A4F86880A4F86A70E4E712
S214021BB000F098FF4B462A4631462046CDF800A054
S214021BC016F0EDF9EDE700BFA0250020A0F11B03FB
S214021BD0E02B10B5044618D8042142F2240014F073
S214021BE081F96FF06F0343714223A0F803408371BB
S214021BF00748F8F713FD14F0B9F9407920B114F04C
S214021C00B5F9407940F4805010BD2120FCE700BFB2
S214021C109B3F03002DE9F0439946002387B00E9EB2
S214021C20324C3360636A07460D46904613B1022370
S214021C30336012E013F0E5FC074213D037EA0000E7
S214021C4010D1012F01D0042F0CD1284633464A4624
S214021C50414614F0CCFD054630B90025284607B0AB
S214021C60BDE8F0832123E3E73846FFF755FE3060F0
S214021C70002831D194F82B30012B18D16368DB078A
S214021C8015D4DFF86C80404601F07CFA306018BB51
S214021C906368A06843F00403B8F80420636098F809
S214021CA00630C5F85A00A5F85E2085F86030FFF7C2
S214021CB04DFE306080B9238C3A460493E38BFF21B5
S214021CC00393A38B28460293638B0193238B009383
S214021CD0E38A00F049FE3060336823B100212846CB
S214021CE0FFF7C6FCB9E76562B8E700BFA02500208B
S214021CF0A825002037B504460D4614F005FD698870
S214021D00204614F04EFB6A7E2B7E204643EA0223D0
S214021D10A4F862306A7F2B7F43EA0223A4F8643079
S214021D20EA7EAB7E43EA0223A4F866301B23A4F8BD
S214021D306C302D4BDA8B1B8CA4F86820A4F86A3022
S214021D40022384F8723014F0A6F9204616F00FFA31
S214021D5094F87330022B15D101F0ECF870B194F9B7
S214021D60753001330AD105212046A36843F4805317
S214021D70A36003B0BDE8304014F01DBD002120462C
S214021D8014F012FB0021204600F02AFA4FF6FF73E9
S214021D90288C984225D000F0C3F9009400F0AEF9E2
S214021DA06A46ADF8040040F20621104819F050FACF
S214021DB0002240F20221204619F006FA2046FFF7DA
S214021DC0E3FC204616F0DFF9204600F007FFA36882
S214021DD0012123F480432046A36014F0F4FC03B0F0
S214021DE030BD0020D9E700BFA0250020182600201D
S214021DF0F7B504460F46164668465A79991D1D469B
S214021E00FDF774FC2CB969463046FFF795FB04468D
S214021E10A0B140F2032384F87670A4F872303368D7
S214021E202946C4F85A30B3882046A4F85E30B379FF
S214021E3084F86030FFF75EFF03B0F0BD032140F286
S214021E40064014F04FF86B88A0F803300D23437158
S214021E500148F8F7E3FBEFE7C13C030007B590F84B
S214021E6070304FF4887101AA03488DF8043019F0D7
S214021E70EFF903B05DF804FB182600202DE9FF41B8
S214021E8003780446302B0E4639D006D8052B25D0CB
S214021E90082B41D004B0BDE8F0813E2BFAD18378FE
S214021EA00C2B4BD8022BF5D9033B092BF2D801A2F7
S214021EB052F823F04D1F020087200200951E0200F2
S214021EC0951E02001F200200951E0200951E0200AB
S214021ED0951E0200951E020073200200B0F8030051
S214021EE0FFF768FB28B1617909B141F4805114F01B
S214021EF0E4FB304604B0BDE8F04119F074BAB0F81D
S214021F000300FFF757FB0028F3D0A17809B141F48C
S214021F10805114F02BFCECE7B0F80300FFF74AFB05
S214021F200028E6D0627990F8743022B143F00103BB
S214021F3080F87430E9E703F0FE03F9E7212B00F09E
S214021F40B780292B1FD0202BD3D0A3E78088FFF79A
S214021F5031FB0028CDD0E278002ACAD1E179A279F5
S214021F6042EA0122A0F86220E17AA27A42EA01223B
S214021F70A0F86420227A617A42EA0122A0F866205A
S214021F80FFF702FCB5E7C778851C3C2F02D103F0A9
S214021F909BFFAEE790F80680B8F1000F23D1544AB3
S214021FA0546AC2F82480CFB12946204647F48057A7
S214021FB014F0AAFBE76084F8728040F20121204602
S214021FC001AACDE9014719F043F9A368414643F453
S214021FD080632046A360FFF74BFB8AE7294620462C
S214021FE0FFF788FE85E74FF6FF73408C98420BD0CA
S214021FF000F096F840B1FDF733FB2B460246FF2170
S2140220000020FFF7F5FE74E73A4B223455F8042B0E
S214022010A54243F8042BF9D12A881A8069E7B0F85A
S2140220200300FFF7C7FA00283FF463AF40F2091136
S214022030B4F8053090F87020A0F86C308DF80420C3
S214022040ADF80630227AE37943EA0223ADF8083087
S214022050A27A637A43EA0223ADF80A30227BE37A55
S21402206043EA0223ADF80C3001AA234819F0F0F82F
S2140220703FE78088FFF79EFA00283FF43AAFA1793F
S214022080FFF7A8FB35E78088FFF794FA00283FF4AD
S21402209030AF90F870300E218DF80430D4F8063048
S2140220A001AACDF80530D4F80A30CDF80930DCE7BD
S2140220B08088FFF77FFA00283FF41BAF90F8703055
S2140220C04FF403718DF80430E37801AA8DF80530D9
S2140220D0A3798DF80630E3798DF80730237A8DF8E8
S2140220E00830637A8DF80930A37A8DF80A30BCE797
S2140220F0A0250020CE2500201826002050B10C2254
S214022100064B1B68C31AB3FBF2F3807A40EA03203D
S21402211080B270474FF6FF70704700BFB00B0020CA
S214022120024609490B7A0968FF2B01D10020704745
S21402213003EB430301EB830031F82330C3F30B03B5
S2140221409342F4D0C37AEFE7B00B002008B5054BF4
S214022150054A1978054819F05EFCF722044B1A80E6
S21402216008BD00BF382D0020FCCF0300CC2C002079
S2140221700C0D002010B5044670B30068836CA342B1
S21402218022D1636883642246144919F029F804F1BF
S2140221900C0019F049F804F1440019F024F9FFF78D
S2140221A049FB58B1A06948B1143019F01CF9A0696E
S2140221B0183019F018F9A0690DF000FB2046BDE8AA
S2140221C010400DF0FBBA1346002BDCD05A68A24230
S2140221D0F9D162685A60D6E710BD00BF5D69030098
S2140221E0F8B5054648200E4619F01AFC2A4F044652
S2140221F0387818B14822214619F010FC8CB1FFF746
S21402220019FB98B11C2019F00BFC0146A061387826
S21402221010B11C2219F002FCA3692BB920460DF05E
S214022220CDFA00242046F8BD00221A700321284663
S21402223014F0BAF8AB6C22466360AC6417232681AE
S21402224000266381154928462560267766640CF0C9
S21402225099FF03F091FC3246014604F10C000CF0A3
S21402226091FF02232374FFF7E5FA18B90C4B1B788B
S214022270002BD7D00B4B19881729D3D9204614F038
S21402228022F90028CED11221204614F02CFB6369D5
S21402229043F002036361C5E7CC2C00205D690300AE
S2140222A0CB2C00200C0D0020F8B5054610B30029F3
S2140222B020DB114C2468247E8C421BDD3F2919DC6E
S2140222C0032701F0030600EBA10191F831407600E6
S2140222D0B74002F0030224EA0704B240224381F820
S2140222E0312013B1002114F0B8FB2846BDE8F840AF
S2140222F014F010BCF8BD00BF8826002070B5164644
S21402230000221A7032800A7A0D46072A4DD8DFE874
S21402231002F004090D111A1E304AE86830F8023B32
S214022320338043E0EB68981D5B88F9E7EB68981DFD
S2140223309B88F5E7697B14F0DDFB02221C4B1880B4
S2140223401846328032E002231A4833802EE01A4CB6
S2140223502B7BE88923702B88E11C013363702B8862
S21402236001331B12A37000F0DBF9033030802046E5
S2140223701CE0124CA889EB89020AA3701B0A207083
S2140223806270E37000F040FA58B1C3681A88022AF5
S21402239007D19A782271DB78637106230748338067
S2140223A004E00423FAE780221A70002070BD00BF02
S2140223B0E62C00200CD00300D32C0020CD2C0020CD
S2140223C0054A064B1860136843F001031360828BBC
S2140223D0034B1A80704700BF802600208826002004
S2140223E0C82B002000232DE9F04FDFF8C09191B0F2
S2140223F0D9F80070054617F00807CDE90633CDE98F
S21402240008330AD0664B03F1100253F8041B9342BA
S21402241045F8041BF9D1002011E00320F3F7EAFB8C
S21402242019F0FEFA804648B10620F3F7E3FB19F0EE
S214022430F7FA064630B940460DF0C0F91A2011B038
S214022440BDE8F08FCDE90477F6F704FD044668B1DF
S21402245040460DF0B3F930460DF0B0F940F20740B1
S214022460214600F00BFE40F20740E8E74FF4A05288
S2140224704C4BC6E90323F369002B42D14FF41053A9
S2140224803380802310227380304604AB06A90FF0F7
S214022490E5FF0446A0B94046424A049910F0BCF84B
S2140224A0044668B98346404BBAB21B68D988914243
S2140224B02FD810222946404605AB10F0CBF804462A
S2140224C0404610F033F840460DF078F9304610F0EA
S2140224D023FA30460DF072F904980FF0C0FE002C75
S2140224E0BCD12F4B05F1100255F8041B954243F858
S2140224F0041BF9D1D9F8003043F00803C9F80030BC
S21402250089E73B463A464FF41051304610F010FA2F
S214022510B7E71A68BCB2210102EB04142046ADF8F4
S2140225200EB00191009214F0DDFE8246204600F0C5
S2140225303FF930B3DDE90021AAF5205080B2032826
S21402254002D9BAF5245F1ED1525A00202146ADF8B0
S21402255028200DF10D030DF10E02ADF82AA0FFF7AB
S214022560CDFEBDF80E2001460BA818F001FDBDF801
S2140225700E20404604320AA910F051F804460028FC
S2140225809ED101378FE70AF55640FF3080B2042805
S214022590F7D8525AADF82AA0ADF82820E7E700BFD0
S2140225A0E82C00200002C003882600208026002097
S2140225B0134B01461B6870B513F0040306D00022C5
S2140225C0104B1C68E38990B2834209D80E4A1468FD
S2140225D00022E58990B2854209D84FF6FF7005E0E1
S2140225E0A56835F8125001328D42ECD170BDA6684E
S2140225F036F8126001328E42ECD1034498B2F5E707
S214022600802600208426002088260020094B1B688E
S2140226105B070AD5084B1A68D389834203D99368A5
S21402262033F810007047C01A80B2044B1B689B68D0
S214022630F6E700BF80260020842600208826002099
S21402264038B5046805460C222046084918F05BFC9B
S21402265050B90222064904F10E0018F054FC18B9CB
S21402266002200C342C6038BD1020FCE70FD003008B
S2140226701DD003002DE9F743102801910BD0022844
S21402268004D04FF6FF7003B0BDE8F083019B1888B4
S214022690FFF78EFFF7E701A8FFF7D2FF0228F5D073
S2140226A01028EED11B4B019F1E6816F0040608D0B8
S2140226B00024194BD3F80080B8F81660A5B2AE42D3
S2140226C01AD80025154BD3F80080B8F81690ACB28D
S2140226D04C45D6D2D8F81000102200EB0510394629
S2140226E018F011FC01350028F1D1A0196FEA40401C
S2140226F06FEA504080B2C6E7D8F81000102200EB0E
S2140227000410394618F0FFFB01340028D6D145F4F0
S2140227100040B8E780260020842600208826002075
S214022720020408B51DD5124BC0F30E001B685B07EA
S21402273013D5104B1A68D38A98420CD2136903EB4E
S214022740001000F1100350F8042B984241F8042BB5
S214022750F9D1102008BDC01A80B2074B1B681B694E
S214022760EDE7FFF753FF0870000A48700220F1E712
S21402277080260020842600208826002070B5044685
S21402278042F60306094B1B681D68A5420AD220467C
S21402279029B914F0A7FDB04206D1103402E014F0B5
S2140227A0ABFD08B1204670BD103CEEE7882600203F
S2140227B0437ADA0702D5C3F380007047034BC28818
S2140227C01B881A4214BF012000207047C82B002025
S2140227D00A4B1B68DB0708D570B1094B1B68DB8800
S2140227E0834234BF00200120704728B1054B1B8866
S2140227F0834294BF00200120704700BF802600203D
S21402280088260020CA2B002070B50246FFF7E0FF9C
S214022810E8B10F4B1968CD88954209D302F1805072
S2140228200B680138040103EB00101B5B93420ED0C9
S214022830002398B2854201D8002008E00E681C01E9
S214022840345B06EB0310944203F10103F1D170BD31
S2140228508826002037B58B790A460C33CD180191AD
S214022860C95C044611F0010329D01D290AD10121B1
S2140228701E2013F0CAFD0146204613F01EFE01205C
S21402288003B030BD032916D10E4BB5F801201B88C4
S2140228904189934228BF1346172BB8BF172343819B
S2140228A013F0F6FF636940F2094123F00203204663
S2140228B0636114F015F801A818F095FDDFE71846D5
S2140228C0DEE700BF0C0D002030B585B0054614F0DB
S2140228D01EFD0446A8B9AB690B4A01215A604FF4A3
S2140228E02053ADF80C3002234FF6FF7200932846B1
S2140228F003AB17F021F8044618B90121284613F055
S214022900F2FF204605B030BD0100FFFF38B5124B7E
S21402291004461B8842898B4228BF0B46172BB8BF3A
S21402292017231146438113F0B3FF636923F00203B2
S2140229306361A3699D693DB10022294620469A61DA
S214022940BDE83840FEF758BF40F20941204613F072
S214022950C7FFA3691D7038BD0C0D00200148FEF7A5
S21402296063BF00BF995F02002DE9FF4104460020C5
S2140229700D461746984618F0C9FE0646002859D056
S2140229804FF0C813ADF804804FF000080093BDF86E
S2140229902830ADF80630BDF82C30ADF80830BDF85A
S2140229A03030ADF80A30BDF83430ADF80C30BDF832
S2140229B03830ADF80E3047FA08F3DB0704D510229C
S2140229C06946304618F0F2FC08F10108B8F1030F28
S2140229D0F1D132460C2142F2850013F098FA002318
S2140229E00571FF2D18BF94F876508773C570437132
S2140229F094F8603083F00803C3F3C003837194F83D
S214022A00523083F00803C3F3C003C371E36C8360E0
S214022A10B4F8503083810848F7F700FE13F0A6FAA0
S214022A20807820B113F0A2FA807840F4805004B087
S214022A30BDE8F0811A20FAE7DD3D030008B5002163
S214022A4042F20E0013F04EFABDE808400148F7F7CE
S214022A50E5BD00BFAD3D030038B590F872300446C0
S214022A60032B154606D1FFF7E9FF0123002084F861
S214022A70723019E0C9B9012B2DD9032140F2064064
S214022A8013F030FAB4F86E304571A0F803301348EC
S214022A90F7F7C4FD13F06AFA8378002BE5D013F03B
S214022AA065FA807840F4805038BDA3B102214FF613
S214022AB0044013F017FAB4F86E30A0F80330084852
S214022AC0F7F7ACFD13F052FA4379002BCDD013F092
S214022AD04DFA4079E6E70220E6E700BFC13C030074
S214022AE0F73C0300F8B507460E4642F213000E21E5
S214022AF015461C4613F0F6F9B7F86E30A0F80560D6
S214022B00A0F80330BDF81830A0F80750A0F80B3034
S214022B10BDF81C30A0F80940A0F80D30BDF82030F2
S214022B20A0F80F300648F7F779FD13F01FFA807801
S214022B3020B113F01BFA807840F48050F8BD00BF35
S214022B40393D0300F8B507460D4642F219001C212E
S214022B501C46164613F0C6F9B7F86E300F3020F84A
S214022B600C3C2B6804F1100240F80A3C6B6820F813
S214022B70026C40F8063C234653F8041B934240F886
S214022B80041BF9D10648F7F749FD13F0EFF98078F0
S214022B9020B113F0EBF9807840F48050F8BD00BF06
S214022BA0E93B030070B506460D4642F27A00042160
S214022BB0144613F097F9A0F803604571847106482D
S214022BC0F7F72CFD13F0D2F9407920B113F0CEF9C5
S214022BD0407940F4805070BDF742030010B50446B9
S214022BE0022142F2300013F07DF9B4F86E30A0F8FC
S214022BF003300F48F7F712FD13F0B8F9437963B9BB
S214022C0013F0B4F9C088FEF7D5FC044628B113F0D9
S214022C10ADF9017A2046FEF7DDFD13F0A7F94079FB
S214022C2020B113F0A3F9407940F4805010BD00BFE4
S214022C308DA70100F8B507460E4642F2410008216C
S214022C4015461C4613F04EF99DF818304771C370AE
S214022C509DF81C3086710371A0F80750A0F8094051
S214022C600648F7F7DBFC13F081F9407920B113F040
S214022C707DF9407940F48050F8BD00BF85A601007A
S214022C8038B505460C4642F24200062113F02AF9F0
S214022C900023C57043718371C371037204710648C1
S214022CA0F7F7BCFC13F062F9407920B113F05EF935
S214022CB0407940F4805038BDDDA60100044B1878F8
S214022CC00130C0B2012838BF01201870704700BF1B
S214022CD08C2600200148FDF721BA00BFE12C020035
S214022CE02DE9F04F867987B00C3605900546805B55
S214022CF0C0F30B00FEF75EFC044618B905A818F0F0
S214022D0072FB4EE090F87230022BF7D1AB5B059A5D
S214022D10C3F30B0103F44053B3F5805F9060A953ED
S214022D2042D153796FF300035371836B002BE5D0C6
S214022D30042105A804F1380618F03CFC3046059933
S214022D4018F01FFCA06B002301465A1CA9BBDBB27D
S214022D50012B01D918F086FCA06B18F0B0FB0328F3
S214022D601FD9D4F83890484699F8067018F0A7FB91
S214022D700C3709EB070539F80770A0F10408474538
S214022D8022D9524FD4F838A007F1100957F804BBDD
S214022D905346424629462046D8474F4510D000287B
S214022DA0F4D007B0BDE8F08F383018F01CFB059A57
S214022DB0537943F001035371BAE713460968C4E72F
S214022DC00028EED130469AE7A06B18F078FB04375D
S214022DD08742F7D36988A1F140033F2B0BD8042121
S214022DE0304618F0E7FB2046A26B698815F03DF9DD
S214022DF00023A363D5E705290BD0062961D0042951
S214022E00E0D1304618F0D6FBA16BA06CFEF71AFD97
S214022E10EEE72946204615F026F902460028D1D1CB
S214022E202B79122B06D0132B36D02046697915F053
S214022E30F2F8C7E794F87330022BF6D040F67A40E1
S214022E4029898B1F9BB2834224D86A89931F9BB21F
S214022E5083421FD891421DD8AB89B3F5FA7F19D2A7
S214022E6040F6764CEF89A7F10A0080B2604511D889
S214022E70B4F86A000290B4F86800CDE90070204603
S214022E80FFF730FE021E18BF01222046697915F0B0
S214022E9042F897E70122F8E794F87330012B03D142
S214022EA02046697915F0B7F8A3681A048AD523F480
S214022EB00043A3602B89012B84D12046FEF7CEFF68
S214022EC080E72046A16B15F050F991E720D0030069
S214022ED00C4B01461A789AB95B689B0710D490F996
S214022EE07520013218BF012291F8523013F04000CB
S214022EF005D091F8600010F0400018BFD0B27047BD
S214022F000122F1E794260020024B586800F00200E6
S214022F10704700BF94260020024B586800F0080055
S214022F20704700BF94260020014B1B68184700BF5D
S214022F30BC0B002008B512F002FB022817BF034B99
S214022F400020586800F0100008BD00BF942600203C
S214022F5007B502460846042802F0010113D9B1B9A2
S214022F6003200C4B5A6002F08003019302F04003E8
S214022F70009302F0200302F0040200F05FFB002040
S214022F8003B05DF804FB0029EBD00328E9D1212029
S214022F90F6E700BF9426002038B50D490D480CF020
S214022FA01DFC0446054688B90B4B0C4A1A600C4AAF
S214022FB05A600C4A9A600C4ADA6000F091FB0321D0
S214022FC004462846FFF7C4FF084B1D70204638BD4E
S214022FD0EFBEADDEBEBAFECABC0B00203136020022
S214022FE0578503007D360200094E02009426002013
S214022FF038B5044603200CF0C3FB0546D0B194F85E
S2140230007030037094F8753043702046FEF7AEFBBE
S2140230102A46A87040F20261074818F0D5F8074B16
S2140230202046DB680121984794F97500BDE83840D0
S214023030FBF788BF38BD00BF18260020BC0B002057
S21402304070B5054608200E460CF09AFB044680B181
S21402305095F8703000210370064B4660DB68284600
S21402306098472246BDE8704040F20161024818F0D7
S214023070ABB870BDBC0B00201826002038B505463C
S21402308008200C460CF07CFB024638B1C0E900541E
S214023090BDE838400D21024818F096B838BD00BF8A
S2140230A01826002038B5054608200C460CF068FBAA
S2140230B0024650B195F8703040F2056103704460E4
S2140230C00248BDE8384018F07FB838BD1826002000
S2140230D013B504460191114612B301A904200CF05F
S2140230E08DFB019B104A2046B3FBF2F102FB113323
S2140230F045F218020021019301AB15F08BF9082066
S2140231000CF03EFB024648B194F8703040F204617F
S2140231100370019B4360054818F056F802B010BDD4
S21402312045F2180201ABE8E740420F0018260020DD
S21402313010B5044601200CF023FB024648B194F871
S214023140703040F203610370BDE81040014818F089
S2140231503BB810BD1826002038B5054608200C4698
S2140231600CF00EFB024650B195F8703040F2076143
S214023170037044600248BDE8384018F025B838BDF0
S21402318018260020014B5B68184700BFBC0B0020C6
S21402319010B50F4C2368D3B10022D3F8A0001A77DB
S2140231A083F83D2083F85E200FF059F8206844210A
S2140231B0603018F0F9FB206821211D3018F0F4FB6E
S2140231C020682121BDE810403E3018F0EDBB10BD4E
S2140231D09C26002000F0C003402B07D1094B1B6839
S2140231E073B100F03F0053F820007047802B01D1E6
S2140231F0054BF4E7054A0648C02B08BF1046704741
S21402320003487047A4260020A02600205986030003
S214023210FD3A02002DE9F0438BB006AC884615460F
S2140232200346264600F110072246186859680833F6
S21402323003C2BB421446F7D11021304618F0A6FB53
S214023240002306200593F2F7D5FC18F0E9FB0446A6
S21402325048B3DFF880904FF4807114F0D8FF4FF433
S2140232601051C0F8109015F0E0F880231027638004
S21402327005AB2846029332463B464946CDE90087CF
S214023280F5F722FD0546F0B93946404618F07EFBB2
S2140232903946304618F088FB20460FF03DFB2046A4
S2140232A00CF08CFA0BE06FF08C0140F20740FFF74F
S2140232B0E5FE1021304618F077FB6FF08C052846A5
S2140232C00BB0BDE8F083014640F20740FFF7D6FE9A
S2140232D0DEE700BF004440042DE9F0439846002391
S2140232E087B0044606200E461746CDE90433F2F7A9
S2140232F081FC18F095FB054660B3DFF884904FF426
S214023300805114F084FF4FF41051C0F8109015F05D
S2140233108CF8802321466B801022284604AB0FF0DF
S2140233209DF8044628BB05AB029310233246CDE92E
S214023330008349463B4604980FF0BDF90446C0B9DF
S21402334004980EF08CFF28460FF0E6FA28460CF09A
S21402335035FA0AE06FF08C0140F20740FFF78EFE66
S21402336004980EF07CFF6FF08C04204607B0BDE890
S214023370F083214640F20740FFF780FEE0E700BFF9
S2140233800002C00370B50E460446154692B02022CF
S2140233903046434917F0B7FD68B92022284641490E
S2140233A017F0B1FD38B9404B1B681B7D002B63D06C
S2140233B040F203401BE0246C2022304604F1510107
S2140233C017F0A1FD38B92022284604F1710117F042
S2140233D09AFD0028ECD00620F2F70CFC18F020FB31
S2140233E0044630B901461A20FFF748FE1A2012B0EA
S2140233F070BD00234FF48041009314F008FF2B4B5E
S21402340044F21211036115F010F84FF480736380D2
S214023410042330468DF8043006F120020DF1050330
S21402342050F8041B904243F8041BF9D10DF1050035
S214023430202118F0ABFA28460DF1250305F12002EB
S21402344050F8041B904243F8041BF9D120210DF1D9
S214023450250018F09BFA01A96B46412220460EF081
S214023460FDFF014650B920460FF056FA20460CF0F2
S214023470A5F900980EF0F3FE0020B8E710F1870FCA
S21402348003D040F20740FFF7F9FD20460FF044FA5A
S21402349020460CF093F900980EF0E1FE88E700BF94
S2140234A044D1030024D103009C2600200000020918
S2140234B02DE9FF41044606208846F2F79BFB18F0EA
S2140234C0AFFA054648B901461A20FFF7D7FD6FF056
S2140234D08C04204604B0BDE8F0814FF4807114F0ED
S2140234E096FE184B4FF41051036114F09EFF2246CD
S2140234F06C46802327466B8002F11003264610682E
S2140235005168083203C69A423446F7D1102138462B
S21402351018F03CFA43461022394628460EF09EFF23
S214023520044620B1014640F20740FFF7A7FD1021EE
S214023530384618F039FA28460FF0EEF928460CF00D
S2140235403DF9C6E700444004FF282DE9F74318BFBB
S214023550344C814618BF44EA00244FF006000F465A
S214023560164608BF304CF2F745FB18F059FA80466B
S214023570002852D0014620460EF085FE05464046FB
S2140235800FF0CAF940460CF019F915F1880F40D130
S214023590B9F1FF0F3FD10620F2F72CFB18F040FAE4
S2140235A0044658B901461A20FFF768FD0020054672
S2140235B03C6006B1356003B0BDE8F08300231A4ACA
S2140235C0019343688260DAB222B923F0FF0343F024
S2140235D001034360204640F2011114F018FE134B1B
S2140235E04FF41051236114F020FF802301A92046D6
S2140235F063800FF0CFF8014618B140F20740FFF79C
S2140236003DFD20460FF088F920460CF0D7F8019CC5
S214023610CCE7002DCAD02120CBE71A206FF08C050C
S214023620C7E700BF068004003700040000444004D9
S214023630014B1B68187A70479C260020003918BF79
S2140236400121003B18BF012310B50B4C003A246839
S21402365018BF0122A3749DF808302070003B18BFE3
S2140236600123E3749DF80C302174003B18BF01233C
S2140236706274237510BD00BF9C26002001280AD064
S21402368002280ED098B90B4B1A68936943F00103CF
S214023690002093617047074B1A68936943F0020350
S2140236A0F6E7044B1A68936943F00403F0E7212017
S2140236B0704700BF9C260020024B034A00201A6077
S2140236C0704700BFA4260020E0D00300024B034A46
S2140236D000201A60704700BFA0260020B8D0030062
S2140236E010B5194C236833B9A42018F099F9206054
S2140236F038B91A2426E0FFF74BFDA421206818F0FB
S21402370053F903224FF0FF31236810481A70D9602C
S214023710002210211A77197283F83D200C4983F88B
S2140237205E201A829A749A610BF02CFD044648B900
S214023730F5F790FB30B122460549044817F050FDD4
S21402374040F20744204610BD9C260020A8260020F2
S214023750858303002DE9F04383680446590687B043
S21402376040F1B18023F04003836014F018FE8028F5
S21402377002D0402840F0AA8094F9758004F13409FA
S214023780B8F1FF3F1DD111F0DAFE022871D0636B4B
S21402379004201A888DF808201A4632F8021B090AF5
S2140237A08DF80910D3F8023002A9CDF80A30536812
S2140237B00A22CDF80E30FBF753FBB0F1FF3F8046EE
S2140237C057D0A56815F4807553D10620F2F712FA81
S2140237D018F026F9074698B901461A20FFF74EFC5C
S2140237E0204641F20601FFF72BFC20460021FCF79B
S2140237F07FFD04F1340007B0BDE8F04314F02CBEA0
S214023800204614F0CCFD802828D1494D394645EA99
S214023810082528460EF037FD064638460FF07CF897
S21402382016F1880F1BD1434D394645EA082528462E
S2140238300EF029FD064638460FF06EF838460BF0B5
S214023840BDFF96B9606B2A4602A90A30FFF7E2FC72
S21402385070B3102102A818F0A7F8C1E72E4620463A
S21402386014F09DFD4028E9D1DDE7314640F20740DD
S214023870B4E794F87430DA0702D4A368DB05AFD550
S214023880002301A904F118000193FFF711FE18B1F5
S21402389001980EF0E4FCA3E7606B019A02A90A30D5
S2140238A0FFF7B8FC054601980EF0D9FC002DD0D1E2
S2140238B0204602A9FCF71CFD02A8102118F074F895
S2140238C0484614F0C9FD07B0BDE8F083636B1A885A
S2140238D0002A85D1882801D04B2881D100220133C5
S2140238E013F8011F00297FF47BAF0132082AF7D1B3
S2140238F0206C019100F5987001A9FFF7D9FD002808
S214023900C6D1606B019A02A90A30FFF783FC05460E
S21402391001980EF0A4FC002D9BD1204602A9FCF7CC
S214023920E7FC02A8102118F03FF804F13400C8E7BB
S21402393005800400038004002DE9F043804693B01E
S21402394006200F4616469946F2F754F918F068F81C
S214023950054648B901461A20FFF790FB6FF08C0423
S214023960204613B0BDE8F0834FF4804114F04FFCBC
S2140239705D4B47F21211036114F057FD4FF480734A
S2140239806B805A4B1A68137F022B21D102F1600317
S21402399002F1800153F8040B8B4247F8040BF9D16D
S2140239A002F1A00153F8040B8B4246F8040BF9D13E
S2140239B0D2F8A0302846C9F800300EF0ADFF2846EF
S2140239C00BF0FCFEB8F1000F40F086800024C7E73B
S2140239D09369DB072DD5464B03F1200253F8041BEF
S2140239E0934247F8041BF9D1424B03F1200253F8E5
S2140239F0041B934246F8041BF9D14B4620223E494B
S214023A0028460EF02BFD044628460EF085FF284673
S214023A100BF0D4FE002CD5D0214640F20740FFF72B
S214023A202DFBB8F1000F9BD00821404614F0F2FDA2
S214023A3096E7494628460EF0ADFE044690B101468A
S214023A4040F20740FFF71AFBB8F1000F03D0082137
S214023A50404614F0DFFD28460EF05EFF28460BF0C7
S214023A60ADFE7DE76B46412201A9D9F800000EF0B3
S214023A70BBFC044628460EF04FFF28460BF09EFE7F
S214023A804CB1214640F20740FFF7F8FAD9F8000099
S214023A900EF0E5FBC5E73A460DF105030DF12501EB
S214023AA053F8040B8B4242F8040BF9D132460DF15F
S214023AB0450153F8040B8B4242F8040BF9D101A8D6
S214023AC0412117F071FF3846202117F05FFF2021B1
S214023AD0304617F05BFF75E7002245F216014046B6
S214023AE014F088FC72E700BF000002099C26002042
S214023AF030D0030051D0030064D1030045F2060320
S214023B00994210B504463CD00DD840F203239942A0
S214023B101AD045F20203994211D040F2012399428B
S214023B2012D048202CE045F2170399423AD045F2CB
S214023B301A0399421CD045F20C039942F1D1052191
S214023B40204614F067FD1AE0174894F8701017F034
S214023B501CFB94F873304FF4A041012B14BF802055
S214023B604020FFF737FB0022034620469847D8E757
S214023B70C02114F024FC07212046FFF761FA00203A
S214023B8010BD93791A44517C41F49051FFF758FACC
S214023B9094F873302046012B14BF8021402114F084
S214023BA00EFCECE70220EBE7A8260020B1F5A04FBA
S214023BB02DE9F3410546144600F03681A1F5A043EF
S214023BC0DE1F042E00F237819279083B0C32144431
S214023BD0026C92F85021032B05D8DFE813F0470059
S214023BE09400C5002201D10740F1BC8005341022A2
S214023BF02146934817F087F9002800F09D8011F0BF
S214023C009EFC0228286C27D02246032190F95E01EA
S214023C10FBF7C0F80026074611F091FC022812D1E5
S214023C2095F87330012B0ED1234605F1180204F1E4
S214023C30100153F8040B8B4242F8040BF9D1AB681F
S214023C4043F48073AB601021204617F0ADFE002EC1
S214023C506DD0002130462FE023461022032190F932
S214023C605E0111F06EFC00270646D5E712F001074A
S214023C7078D011F064FC022821D02B6C062093F930
S214023C805E81F1F7B7FF17F0CBFE064608B91A2693
S214023C90DFE701466B4840EA08200EF0F4FA804659
S214023CA030460EF039FE30460BF088FDB8F1000FB4
S214023CB005D0414640F20740FFF7E0F938E0286CAD
S214023CC004F1050843460A22022190F95E0111F02A
S214023CD038FCD4F805300646AB62D4F80930EB62FD
S214023CE0B4F80D302B860028B3D12A6C92F85031E6
S214023CF023EA070382F85031284614F049FD0020D3
S214023D0002B0BDE8F08192072CD511F018FC02280B
S214023D1004F10504286C16D00621224690F95E01AD
S214023D20FBF738F810210746204617F03DFECFB1C4
S214023D300821284614F06EFC2846082114F06AFC76
S214023D4040F20340DCE706212346102290F95E018A
S214023D5011F0F7FB06461021204617F025FE002E2E
S214023D607FF477AF0027C0E79307FBD511F0E7FB98
S214023D7002281AD02B6C062093F95E71F1F73AFFEF
S214023D8017F04EFE0646002881D001462E4840EA2D
S214023D9007200EF078FA074630460EF0BDFD304694
S214023DA00BF00CFD0FB1394684E7617989B90A46F2
S214023DB0631D13F8010F60B90132062AF9D195F88E
S214023DC05210286C81F0080105F14C03C1F3C001C2
S214023DD006E000394FF0060218BF0121286CA31D29
S214023DE090F95E0111F0ADFB2A6C0646D2F8583106
S214023DF043F04003C2F858316389D4F80600ADF8A0
S214023E00043063790090002B0CBF49237223684666
S214023E108DF8063012F017F9002E7FF41AAF02273B
S214023E2063E702F0040760E714F018FA00222B6C2E
S214023E3083F85C2160E702B0BDE8F041FFF75EBEA2
S214023E4014D103000380040006800400F0B5B1F527
S214023E50A04F05468DB008D045F21304A14244D0C7
S214023E600DB0BDE8F040FFF749BE0023046CCDE973
S214023E700833CDE90A3394F85D310DF1200C042B9A
S214023E802CD11F4B1B6893F85E205AB1674603F18C
S214023E903E024E333E4610685168083203C69A42C6
S214023EA03746F7D104F58473069305F15303059359
S214023EB005F15A030493237928460393637904F1A0
S214023EC0C8020293A37904F1F801CDE900C304F114
S214023ED0B80314F0E4FE00200DB0F0BD013B022B47
S214023EE09CBFD4F82C310893DCE7016C01F5847191
S214023EF014F0D0F94A21284614F061FAEBE700BF25
S214023F009C260020F0B545F20E06B1420446134642
S214023F108DB00BD045F21303994260D0B1F5A04F95
S214023F2077D114F09BF900200DB0F0BD9979026CA0
S214023F300C310B44591D02F58C72153351F8040BE3
S214023F40994242F8040BF9D1256C102205F58C71C2
S214023F5005F5847016F0D7FF20B90B21204614F021
S214023F6059FBE0E70023CDE90833CDE90A3395F89B
S214023F705D310DF1200C042B2AD1284B1B6893F8D7
S214023F803D205AB1674603F11D022D333E461068A6
S214023F905168083203C69A423746F7D105F5A07330
S214023FA0069304F15A03059304F153030493EB7A40
S214023FB0204603932B7B05F1B80202936B7B05F137
S214023FC0F801CDE900C305F1C80314F068FEAAE7BC
S214023FD0013B022B9CBFD5F82C310893DEE7056C1B
S214023FE0102205F5A07105F58C7016F08CFF0028DE
S214023FF0B3D1D5F858314B219B0748BF94F874309B
S214024000204644BF43F0020384F8743014F0D7F914
S21402401089E70DB0BDE8F040FFF770BD9C26002092
S21402402073B545F21406B14204461AD045F2190693
S214024030B14221D0B1F5A04F28D114F00FF9216C6E
S214024040204601F59473019301F1B803009301F140
S214024050110201F1C803513114F0C2FE002002B071
S21402406070BD036CD3F828210B4BB2FBF3F103FBB4
S2140240701121FFF717F8F1E713781BB90C2114F09A
S214024080C9FAEBE7492114F09AF9E7E702B0BDE86E
S2140240907040FFF733BD00BF40420F002DE9F04FDE
S2140240A097B01546DDE9209804AA06468C46924645
S2140240B01C46524B229F03F1100B9646186859680D
S2140240C00833AEE803005B457246F6D16B46202203
S2140240D061465046FFF700F98346002871D1484BE7
S2140240E005F11002089365238DF824300DF125039F
S2140240F0184655F8041B954243F8041BF9D11021C3
S21402410017F044FC0DF13503184604F1100254F87A
S214024110041B944243F8041BF9D1102117F036FC15
S21402412099F80630062183F00803C3F3C0038DF81E
S2140241304530D9F800300DF14600CDF84630B9F8D2
S21402414004300124ADF84A3017F020FC98F8063007
S214024150062183F00803C3F3C0038DF84C30D8F869
S21402416000300DF14D00CDF84D30B8F80430ADF802
S214024170513017F00BFC002335228DF85430684678
S214024180239B08A98DF85340FFF7A6F88346C0B9CB
S2140241901021239817F0FAFB3B463522684608A9F9
S2140241A08DF82040FFF798F8834650B9B27C014656
S2140241B0C2F11002384616F0D0FE1021384617F02B
S2140241C0E5FB1021684617F0EFFB352108A817F02B
S2140241D0EBFB1021504617F0E7FBBBF1000F06D0B1
S2140241E00821304614F016FA17B0BDE8F08F5A468A
S2140241F045F21201304614F0FDF8F5E772D00300DE
S2140242000062746C70B51E460423054696B01446CA
S2140242108DF8143001F120020DF1150351F8040B4C
S214024220914243F8040BF9D120210DF1150017F045
S214024230ADFB22460DF1350304F1200152F8040BC2
S2140242408A4243F8040BF9D120210DF1350017F00C
S2140242509DFB04AB0293202301931A9B31460093E5
S2140242600E48412305AA0EF033FA0446412105A85A
S21402427017F09AFB54B1214640F20740FEF7FEFEC5
S2140242800821284614F0C6F916B070BD224645F23B
S2140242901501284614F0AEF8F6E700BF0000020942
S2140242A045F20D039942F7B5044627D00DD8B1F56D
S2140242B0A04F1DD045F20403994200F08F8020469D
S2140242C003B0BDE8F040FFF719BC45F2110399426E
S2140242D000F0A68045F215039942F0D1006C90F8E2
S2140242E05D31052B06D8DFE803F0503A423A5550C6
S2140242F013F0B4FF0027384603B0F0BD93790C33B1
S2140243001A44561D02F125052A463146FFF73AF8A9
S214024310074620B10B21204614F07CF9EBE7314624
S214024320236C113351F8042BA94243F8042BF9D11C
S214024330236C01F12002313351F8040B914243F809
S214024340040BF9D1216C204601F1D8030093D1F871
S214024350943001F131021131FFF754FFCAE72046CB
S214024360452114F02CF82046FEF7E2FEC2E720466E
S214024370452114F024F8364B20461B68D9684B1C9E
S2140243805A425A41FEF7A4FEB4E74621204614F0EC
S21402439016F8AFE72E4B1B6893F85E5065B1002106
S2140243A000F1110200F5A07001900091204611461E
S2140243B03E3314F07DF99DE71021C83014F042F820
S2140243C000283DD00821204614F024F9294640F260
S2140243D00740FEF753FE40F207478CE79179036CDD
S2140243E00C310A44511DA833153251F8040B914280
S2140243F043F8040BF9D1256C102205F1A80105F14A
S214024400980016F080FD20B90421204614F002F927
S21402441070E7D5F8583143F00103C5F8583169E71B
S2140244200B4B056C196810224E3105F5A07016F07C
S2140244306AFD0028E8D1102105F1C80014F002F840
S214024440216C2046C83113F041FF47219EE700BF8A
S2140244509C260020F8B545F216039942044600F061
S21402446062810BD8B1F5A04F0ED045F203039942F4
S2140244700ED02046BDE8F840FFF740BB45F21703D2
S2140244809942F6D1022002E013F0E8FE0020F8BDC1
S2140244909379056C0C33D618F379DF0708D4FEF748
S2140244A033FD28B10521204614F0B4F82120EEE7AA
S2140244B09F4F327A3B681B7A9A4201D20621F2E774
S2140244C0D6F80530C5F80B30B6F80930A5F80F3027
S2140244D00223AB7294F9523094F85210002BB2BFFA
S2140244E0012381F00803C3F3C003AB7094F8603075
S2140244F083F00803C3F3C0036B70337A102B28BF14
S2140245001023A374F379D8072BD5AB79DA0728D50D
S214024510737A2A7A134085F85131B37A6A7A13404D
S21402452085F8503195F95E3101331ED0206C90F833
S21402453050319B0719D481F00801062290F95E01DA
S21402454004F14C03C1F3C00110F0FBFF68B140F266
S2140245501B412046FEF774FDA3685907A6D508211D
S214024560A1E7002385F85131DAE73B68F079597CF8
S21402457000F0080229B112B1AA79120703D4032166
S21402458091E7002A79D0AA79110776D5D5F858117D
S21402459041F00401C5F85811B5F8501121F48071A4
S2140245A021F00101A5F8501193F81CC0B179BCF1B5
S2140245B0020F02D019B3022175E789B1012283F8EE
S2140245C03D20DA7CB2B9042285F85D21A27C0F2A4E
S2140245D027D994F8742042F0080284F8742020E068
S2140245E093F85E20002AE6D0DA7C83F83D10002A93
S2140245F0E1D1E8E793F85E20002AE4D1DBE7024344
S21402460012F004023FD072794A49052A28BF0322D3
S214024610187802EB82020A44125C85F85D21002AB1
S214024620D4D1197C95F85D2109B1002AA7D0206C57
S214024630042A00F598703AD103F11D022D3352F880
S214024640041B9A4240F8041BF9D1D5F8583195F864
S2140246505D2103F004017ABB23F00203C5F858314A
S214024660E27400295AD0216C204601F1940301F12C
S21402467071025131FFF760F908E71A7F012A05D166
S214024680B2791AB1042285F85D21CAE7420703D43B
S214024690AA7912F00402F6D072792749052A28BFB1
S2140246A00322187802EB82020A44125CEBE710221D
S2140246B0002116F052FCC8E743F00203C5F8583151
S2140246C049B90123013AE374032A3FF6DFAEDFE875
S2140246D002F010181025A37C0F2B89BF94F87430B3
S2140246E0012343F0080384F8743088BF0223E3747E
S2140246F0B9E72046452113F062FE2046FEF718FD74
S214024700C4E62046452113F05AFE3B682046D96887
S2140247104B1C5A425A41FEF7DBFCB7E643212046C1
S21402472013F04DFEB2E613F009FE4221F7E700BF92
S2140247309C26002083D003009CD00300F8B50446D4
S214024740FEF7C6FB266C054628B394F975305F1C47
S2140247500BD086F85E31FEF7D7FB0721012013F057
S2140247608DFD024618BB1A2111E02046FAF7D2FC4C
S21402477086F85E01236C93F95E310133EBD1FEF7C6
S214024780C3FB90B1A3685D0709D441F20521204618
S214024790FEF756FC07E0FF2386F85E31EFE70521B9
S2140247A0204613F037FF0020F8BD0025D5E7324932
S2140247B0867909680C3691F800C0831983F801C01F
S2140247C091F81CE0281E18BF0120BEF1010F0DD182
S2140247D083F802E0D870487C00B3D87800071DD46E
S2140247E0A3685B07DBD441F20321D0E78F69BEF1F1
S2140247F0020F07F002070ED191F85EE0BEF1000F3D
S21402480009D04FF0010E83F802E0D870002FE2D1F3
S21402481040F00800DEE74FF0000EF4E7BCF1030FAD
S21402482007D0096911F0FF1F1EBFD97841F00401B5
S214024830D97094F874108F0708D5D978480705D42C
S214024840BCF1030FCFD041F00401D970002D18BF80
S214024850032510215D7119719D71216C9059C1F863
S21402486003009888A1F807009B7920464B72062120
S21402487013F075FB012097E79C260020F0B545F261
S2140248800E06B142044615468DB00ED045F213060A
S214024890B1425CD0B1F5A04F40F0BD8013F0DEFC13
S2140248A0236CD3F85831190757D5236CD3F85821FF
S2140248B012070CD4AA7903F584730C3215446A1DC8
S2140248C0153552F8041BAA4243F8041BF9D10023FB
S2140248D0256CCDE90833CDE90A3385F85C3195F8C5
S2140248E05D310DF1200C042B2AD14D4B1B6893F839
S2140248F03D205AB1674603F11D022D333E4610682D
S2140249005168083203C69A423746F7D105F5A073B6
S214024910069304F15A03059304F1530304932B7987
S21402492005F1C80203936B790293AB79CDE900C314
S21402493005F1B803204605F1F80114F0B0F90CE0D1
S214024940013B022B9CBFD5F82C310893DEE7056CA1
S21402495095F85C3123B1012B54D000200DB0F0BD88
S214024960102205F5A07105F5847016F0CCFA20B178
S2140249700B21204613F04EFEEFE7D5F858310DF125
S214024980200C9B0742BF94F8743043F0020384F86D
S2140249907430012385F85C310023CDE90833CDE974
S2140249A00A3395F85D31042B25D11D4B1B6893F80D
S2140249B05E205AB1674603F13E024E333E46106809
S2140249C05168083203C69A423746F7D105F58C730A
S2140249D0069304F15303059304F15A030493EB7A06
S2140249E005F1B80203932B7B02936B7BCDE900C3E0
S2140249F005F1C8039EE7013B022B9CBFD5F82C317C
S214024A000893E3E705F58C7113F044FC88212046F1
S214024A1013F0D5FCA1E70DB0BDE8F040FFF76EB885
S214024A209C26002045F21403994213B504462BD067
S214024A300CD8B1F5A04F13D045F20E03994232D0EE
S214024A40204602B0BDE81040FFF758B845F21903F9
S214024A509942F5D1137813BB0C2113F0DBFD10E05D
S214024A6013F0FCFB216C204601F59473019301F1CF
S214024A70B803009301F1510201F1C803113114F099
S214024A80AFF9002002B010BD036CD3F82821114BF9
S214024A90B2FBF3F103FB1121FEF704FBF1E78721DA
S214024AA013F08DFCEDE79179036C0C310A44511D2D
S214024AB003F58473153251F8040B914243F8040B44
S214024AC0F9D1226CD2F8583143F00803C2F85831B3
S214024AD0D7E700BF40420F0045F2100330B59942B7
S214024AE0044685B000F0A6800CD8B1F5A04F27D0BA
S214024AF045F20503994228D0204605B0BDE830406D
S214024B00FEF7FCBF45F21103994200F0B08045F271
S214024B1012039942F0D1016C91F85D3113B1043B56
S214024B20012B03D82046B83113F0D0FB236C93F840
S214024B305D31042B40F2DF80052B03D1862192E003
S214024B4013F08CFB002005B030BD9179036C0C315C
S214024B500A44511DC833153251F8040B914243F8EA
S214024B60040BF9D1206CD0F8583113F0040354D05A
S214024B7090F85D31042B22D1604B1B6893F85E508F
S214024B8065B1002100F111020091114600F5A070F6
S214024B9001903E33204613F08BFDD3E71021B83048
S214024BA013F050FC58B10821204613F033FD40F2B2
S214024BB007402946FEF762FA40F20740C3E7216C37
S214024BC091F85D3101F1C80213B1043B012B12D8F2
S214024BD001F1F803039301F59873029304F15A0363
S214024BE0019304F15303009301F1B8032046D83130
S214024BF0FFF754FAA6E701F5A073019391F85C015A
S214024C00D1F82C31C34003F0010343F08003009334
S214024C10134601F151021131BCE780F85C3100F114
S214024C20C802009300F5987100F5A073204614F0B0
S214024C304BF987E7056C102205F1980105F5A0707F
S214024C4016F061F920B10421204613F0E3FC79E75F
S214024C508821D5F858319B0742BF94F8743043F048
S214024C60020384F87430204613F0A9FB6AE7056C49
S214024C7095F85D3105F5A070042B1ED11F4B10224E
S214024C8019684E3116F03FF90028DCD1102105F1E3
S214024C90B80013F0D7FB216C01F1F803039301F57A
S214024CA09873029304F15A03019304F15303009399
S214024CB001F1C80201F1B80398E70146102205F196
S214024CC0980016F020F90028BDD105F1B80120465B
S214024CD013F0FCFA216C91F85C310133DBB2142B31
S214024CE081F85C31D8D0D1F8583123F00103C1F8ED
S214024CF058318421B7E78721B5E700BF9C260020FC
S214024D0045F215039942F7B5044651D00CD8B1F5D1
S214024D10A04F19D045F20D0399421BD0204603B08E
S214024D20BDE8F040FEF7EABE45F216039942F5D119
S214024D30016C01F1D8030093D1F8943001F13102ED
S214024D401131FFF75FFA01E013F088FA00273846C0
S214024D5003B0F0BD93790C331A44551D02F12506B3
S214024D6032462946FEF70EFB074620B10B212046A7
S214024D7013F050FCEBE72946236C113351F8042B51
S214024D80B14243F8042BF9D1236C01F120023133EE
S214024D9051F8040B914243F8040BF9D1216C2046DA
S214024DA001F1940301F171025131FEF7C5FDCDE721
S214024DB013F0C4FA236C93F85D31052BC6D8DFE8EE
S214024DC003F0190311111E192046822113F0F7FA77
S214024DD00C4B20461B68D9684B1C5A425A41FEF7B8
S214024DE077F9B3E72046822113F0E9FA2046FEF768
S214024DF09FF9ABE78321204613F0E1FAA6E7852167
S214024E00F9E700BF9C260020204B10B51B6804461D
S214024E109B6913F0040310D141B180F8773090F803
S214024E207010BDE810401A4816F0AFB990F873300B
S214024E30012B03D18368580705D410BD022B02D17B
S214024E4083685907F9D494F9772094F87730002AC2
S214024E50F3DBB3B9012384F8773094F877305B0834
S214024E60EBD04FF47A7294F870105343084800223D
S214024E700AF06CF994F8773063F07F0384F87730A1
S214024E80DBE75A06E9D45B00E5E700BF9C26002074
S214024E90A826002045F21E0330B599420446154660
S214024EA089B010D845F21603994213D845F2010389
S214024EB0994200F0AF8145F20C03994222D0B1F537
S214024EC0A04F00F0AD812A46204609B0BDE830402A
S214024ED0FEF714BEA1F5A043173B072BF3D801A299
S214024EE052F823F0CD4F0200C74E0200C74E020012
S214024EF0C74E0200D1510200C74E0200A551020061
S214024F00B74F020090F97730002B02DB8268530716
S214024F1007D52046092113F07DFB41F2092009B08E
S214024F2030BDAB792B449D4D5B7C2D6803F00801A8
S214024F306D7CD5B121B9032113F06CFB2120EEE77D
S214024F4013F0040F03F0010308D042F00802826057
S214024F5093B9A36843F02003A36013E0002BF8D0B4
S214024F60836843F010038360F3E7580744BF42F0B8
S214024F700802A260DB0703D5A36843F01003A36010
S214024F800029E6D1A368224643F00403A3608449BD
S214024F9020460AF0F7F80221204611F005FA47F2F9
S214024FA03053002245F21A0120460AF0CFF8A368D1
S214024FB09D0540F18980A368580740F1858094F8E2
S214024FC0700009B0BDE8304013F063B890F8743052
S214024FD0D9074DD590F97530013342D094F91310A4
S214024FE001291DDCA26893060DD56C4B15071B68BC
S214024FF001D4187C38B1187F10B91878032802D06B
S2140250009B69980734D501290AD0644B11071B689F
S21402501001D41A7C22B11A7F52BB1B78032B27D1EC
S2140250200023CDE90433CDE9063310F088FA0228CE
S21402503001AB35D1A06AE16A228E03C31A8094F9C5
S2140250407500BDF80450421C37D010F0C0FA002894
S21402505033D1204641F20601FDF7F2FF41F2060087
S2140250605DE78368DA0616D4FDF74EFF0028B5D052
S2140250704A4B1B68197F022932D1DA7C82B393F835
S2140250805E306BBBA3685B0720D5204613F0C2FADE
S21402509041F2022043E7FDF71BFF0028E4D0E7E7D2
S2140250A00A22022194F9750010F079FA0028C6D176
S2140250B0CDE90100ADF80C00C1E72A46204604AB54
S2140250C00DF10601FDF73EFD002028E7204641F2DD
S2140250D00221FDF7B5FF01212046FFF795FED7E72F
S2140250E0204613F09AF8A56860B96D0705D5082121
S2140250F0204613F08FFA1A2011E71A212046FDF7F0
S2140251009FFFF8E715F0040508D0FDF705FFC8B1C4
S214025110204694F97510FEF71FF8D5E72246204977
S21402512020460AF02FF80221204611F03DF947F2F8
S21402513030532A4645F21A0120460AF007F8A368B9
S2140251405807E2D494F97530591C15D048F2080075
S21402515040EA032080B2F9F789FD052194F975002B
S21402516010F0DAF9032194F9750010F0D5F906214A
S21402517094F9750010F0D0F9226C2046D2F8583116
S21402518043F02003C2F85831FFF7D8FA00289BD024
S2140251904121204613F013F996E700BF9C26002013
S2140251A015840300FDF7B8FE00285BD0236C002BA5
S2140251B058D0A268520755D5D3F85831980651D41C
S2140251C02B78002BBED10521204613F023FA7BE76D
S2140251D090F87430D90706D4402113F0F0F8294627
S2140251E02046FDF72DFFA3685A077FF56DAF2046D0
S2140251F045F21A0115F0C9FF204622461A4915F053
S214025200EFFFA368022123F03C032046A360FCF7CD
S2140252102FFA59E702461449144809F0B3FF53E738
S21402522045F21A0115F0B1FFA36823F03E03A3600E
S214025230236C2BB193F95E01431C01D0F9F78CFE67
S21402524022462046084915F0CBFF22460649074863
S21402525015F0C6FF20460221FCF70AFA204613F094
S21402526039F931E702205AE6158403001826002091
S21402527045F21E0399422DE9F3410446154611D81C
S21402528045F21603994214D845F20103994200F0FA
S214025290288345F20203994200F09880B1F5A04FA8
S2140252A000F025832A46204602B0BDE8F041FEF70C
S2140252B025BCA1F5A043173B072BF3D801A252F851
S2140252C023F000BFE5520200A5520200A5520200DA
S2140252D0A55202009F580200A552020089540200FD
S2140252E063540200994E33681A7F022A11D1DA7C7F
S2140252F07AB193F85E3063B941F20221FDF7A0FE5F
S21402530020460121FFF780FD41F2022002B0BDE8EF
S214025310F081A3685D0701D50220F7E72046FDF776
S214025320D7FD3368051E1A7818BF0125032A07D051
S21402533019696AB211F0FF1F24D042F0040503E097
S21402534094F87420900725D49A6992071FD41A7F7E
S214025350012A1CD045F0080502210B2012F08EFF10
S2140253600246E0B18379062103445D7394F97530F1
S2140253702046013302BFA36843F00203A36012F083
S214025380EEFD0CE094F874108907D6D4DCE75B7C5B
S214025390002BE1D041F203212046FDF751FEA3681F
S2140253A0224643F00403A3606949204609F0EAFE58
S2140253B00221204610F0F8FF47F23053002245F251
S2140253C01A01204609F0C2FE00209FE783685F07A5
S2140253D003D490F97730002B05DB236C53B1D3F856
S2140253E05831DE0606D52046092113F013F941F29C
S2140253F009208BE7204612F010FF28B90821204624
S21402540013F008F9212081E7206CD0F8583143F0D8
S2140254101003C0F85831AB790C332B445A68C0F8E5
S21402542003201A89A0F8072001229B7A4372236C74
S214025430DA70A26812F0040610D1224644492046C9
S21402544009F0A0FE0221204610F0AEFF47F23053CC
S214025450324645F21A01204609F078FEA3689805FE
S214025460B2D5236C002BAFD0D3F85831D906ABD5C2
S21402547094F97530013320D094F87430DA071CD5CD
S214025480A36843F00203A360236C002B3FF444AFEF
S214025490D3F85831DA067FF53FAF9F063FF53CAFAB
S2140254A0FDF73AFD20B3A3689E0721D42B78FBB9FB
S2140254B00521204613F0AEF886E7FDF72DFD94F998
S2140254C0751040B14B1C02D1A3689F07DCD420465E
S2140254D0FDF742FE78E74E1CD6D094F87430D80713
S2140254E0D2D4084610F073F80028CDD0052186E7FE
S2140254F094F97530581C15D048F2080040EA03208B
S21402550080B2F9F7B3FB052194F9750010F004F8A0
S214025510032194F975000FF0FFFF062194F9750038
S2140255200FF0FAFFA368256C23F00203A360D5F8F8
S2140255305831064F43F02003C5F858313B68EA79E4
S2140255401B7A934206D9062159E700BF9C26002003
S2140255501584030094F9521094F852300029B2BF11
S214025560012383F00803C3F3C003102A28BF1022C6
S2140255706B7094F86030204683F00803C3F3C003D0
S214025580AB70A274AE79FDF7A3FC002836D0F10703
S21402559034D594F97530D4F840805A1C24D088F853
S2140255A05E3106F00D063B689A69900704D41A7FAE
S2140255B0012A01D0310701D406F0F7061A78032A29
S2140255C01FD01B6913F0FF1F01D046F0040694F8A3
S2140255D074309A071BD5730719D40321204613F09B
S2140255E019F840F2034091E62046F9F793FD88F851
S2140255F05E01236C93F95E310133D2D106F00C06BC
S214025600D1E71B7F002BE2D106F0FB06DFE707217E
S214025610022012F033FE01900028E2D090F806C075
S2140256203A680CF10C0C137800EB0C014B70137FEC
S214025630012B06D0022B45D192F85E30003B18BFF4
S21402564001238B701023CE7016F0010608BF324677
S2140256500B711FBF2B7A6A7A03F003034B71236C1C
S21402566014BF02F003024E718A7183F851214A79FF
S21402567083F8502150F80C20C3F80A208A88DA8171
S2140256808A791A7406B3206C90F8501111F002064B
S2140256901AD194F85210062281F0080190F95E01A0
S2140256A004F14C03C1F3C0010FF04BFF60B1314669
S2140256B0FDF7E4FC2046082112F0ACFF01A815F025
S2140256C092FE8EE70023BCE7019E002E89D0FDF7EE
S2140256D01BFC95F806C078B11CF0010F04D0236CB1
S2140256E093F95E31013307D10521204612F092FF6D
S2140256F0304609F0D5FE85E63B680CF00802597C78
S21402570029B112B16A7B100703D40321EDE7002A00
S21402571075D06A7B110772D5D5F8581141F004018D
S214025720C5F85811B5F8501121F4807121F0010125
S214025730A5F85011187F697902280BD071B942EA90
S2140257400C0212F0040248D185F85D211B7C002B66
S214025750DBD10DE021B993F85E209ABB0221C4E7A3
S214025760012283F83D20DA7C92BB042385F85D3162
S21402577032460621204612F0F2FB95F85D31206C87
S214025780042B52D13B6800F5987003F11D022D33AD
S21402579052F8041B9A4240F8041BF9D1D5F8583146
S2140257A095F85D2103F00401002A45D123F0020397
S2140257B0C5F85831E27400294AD08121204612F0F9
S2140257C0FEFD01E683F83D10DB7C002BC6D1CCE75C
S2140257D093F85E30002BC8D1C0E72A791978052ADB
S2140257E028BF0322514801EB810101448A5C85F8F7
S2140257F05D211B7C002BBBD0002AB9D185E71A7F1E
S214025800012A02D16A79002AAFD11CF0040F03D113
S2140258106A7B12F0040297D02A791978052A28BFE3
S2140258200322434801EB8101DFE71022002100F545
S214025830987015F092FBB1E743F00203C5F85831B1
S21402584041B90123032AE37412D9042A7FF4BCADBA
S2140258508421B3E7A37C0F2B89BF94F8743001230D
S21402586043F0080384F8743088BF0223E374A4E785
S214025870012A07D02046822112F0A1FD2046FDF71C
S21402588057FCA1E52046822112F099FD3B68D968B3
S214025890481C424242412046FDF71AFC94E590F825
S2140258A07430D90706D4402112F089FD29462046D5
S2140258B0FDF7C6FBA3685A077FF586AD45F21A01C7
S2140258C0204615F062FC224620461A4915F088FC4E
S2140258D0A36823F00403A36002212046FBF7C8FE58
S2140258E072E502461349144809F04CFC6CE545F291
S2140258F01A0115F04AFCA36823F03E03A360236C4A
S2140259002BB193F95E01431C01D0F9F725FB224621
S2140259102046084915F064FC22460649064815F05A
S2140259205FFC204612F0D6FDD6E700BF83D0030008
S2140259309CD003001584030018260020184640F267
S2140259400A4322F000429A422DE9F04120D8B2F5ED
S214025950806F01D800203EE06FF480642244092A5A
S214025960F8D801A353F822F0AF590200BB5902003F
S214025970DB590200295A0200FD590200455A02006C
S214025980675A02006F5A020055590200875A0200EF
S2140259906FF4A0615318042BDCD8A2F20252032A39
S2140259A079D8DFE812F08A009200B700CB000578BB
S2140259B04488644810F083FC3EE0057844688269B7
S2140259C000F108030021604810F08AFC10B105714E
S2140259D0C0F805400120BDE8F081067845880479C4
S2140259E0826900F108030021584810F079FC00286B
S2140259F0F0D00671A0F80550C471EBE70479077879
S214025A00A4F11B03594259414688C58800F1080291
S214025A1089004F4810F089FC0028DBD00771A0F8F7
S214025A200560C4710581D5E7057844884269031D7F
S214025A300021484810F054FC0028CBD00571A0F88D
S214025A400540C7E706784588848800F108020021E9
S214025A50414810F06AFC0028BCD00671A0F8055038
S214025A60A0F80740B6E7057844683C48A2E7047801
S214025A703A4810F024FC0028ACD0072343710023D8
S214025A8004718371A6E70478354810F018FC0028E4
S214025A90A0D004719EE7077846880579C48800F18D
S214025AA0080200212F4810F040FC002892D007710F
S214025AB0A0F80560C57104818CE7077846880579E9
S214025AC0C488294810F0FBFBEFE78768458804790D
S214025AD006787FB1C78800F108020021234810F03B
S214025AE024FC00283FF476AF0671A0F80550C47176
S214025AF007816FE73B463A4639461C4810F0F0FBF2
S214025B0000283FF467AF0671A0F80550C47107720B
S214025B1047725FE790F8008047880679C58804894F
S214025B20134810F0CCFB00283FF454AF80F80480F2
S214025B30A0F80570C671058144814BE70578446874
S214025B400C4837E7B4D10300B0D10300ACD1030050
S214025B50A4D10300A8D10300A0D103009CD1030066
S214025B6084D1030098D1030094D1030090D103009E
S214025B708CD1030088D10300004870473D590200CB
S214025B8038B5436A0446590415D4134A03F400434D
S214025B9092F82B20012A0FD1826A92040CD4002B91
S214025BA001460CBF532014200FF03EFD18B9636A5D
S214025BB043F00803636238BD002BFCD1074D204634
S214025BC02946F9F7B5FD0028F5D12868AA88AB79E9
S214025BD02060A280A371EAE7A0250020AF2500205E
S214025BE0074B93F82A20824281BF1B6800EBC00055
S214025BF003EBC003586A8CBF00F001000020704718
S214025C00A025002008B50146FFF7EAFF40B1054B84
S214025C1001EBC1011B6803EBC103586AC0F3C02045
S214025C2008BD00BFA02500202DE9F04F0746384AE0
S214025C3093B0106851680FAB03C39068354A18607A
S214025C40146807EBC70304EBC304E37B12AA02EB58
S214025C50430333F80C1C636A94F82E80DA0494F833
S214025C602F6047D40126B04641F0100194F80D90FB
S214025C70C3F3404A5B0348BF4AF0020A8BB289F07C
S214025C800809B8F1010F94F831500B9304F1070B91
S214025C90D4E90723C9F3C00994F9324009D0B8F110
S214025CA0020F06D0B8F1040F14BF4FF000084FF0F1
S214025CB00308012E05D0022E03D0042E14BF0026A0
S214025CC003263846CDE90C23FFF79CFFDDE90C23BB
S214025CD00121CDE90760CDE900513846CDE90548F6
S214025CE0CDE903BA0B99CDF8089000F05BFA13B031
S214025CF0BDE8F08FA26A950648BF41F02001500623
S214025D0048BF41F04001DA0348BF41F00401ADE765
S214025D10B8D10300A0250020002170B50B4B93F8E4
S214025D202A601C688E4202DCFF25284670BDCDB272
S214025D302846FFF755FF28B1E37B012B02D1636AA1
S214025D40DB06F2D401314834ECE700BFA025002080
S214025D50014B93F82A007047A02500203F4A70B5F1
S214025D60146800EBC00304EBC304636A06465B07D1
S214025D7004D500231A46194600F0F6FA636A9D0710
S214025D8006D53046FFF750FF636A23F002036362CC
S214025D90636A18070CD5A27921463046C2F3C002C0
S214025DA000F080FA0546E8B9636A23F008036362E6
S214025DB0304613F051FD0546A0B9626AD10611D5E8
S214025DC0D30404D530460FF02BFC40B11BE012067C
S214025DD0E37B09D4E37B626A023B012B15D9616A35
S214025DE048071FD4284670BD03F0FB03012BF6D0EC
S214025DF03046216900F07CFA636A256123F080034D
S214025E0063620028E6D00546ECE7D305E7D53046C0
S214025E10616900F08BFA00236361636A23F480737E
S214025E206362D2E7E37BA28D012B03D1A2B1802A63
S214025E3028BF802211F0400F94F830304FF0010155
S214025E4018BF0123304600F08FFA0028DBD1636AC0
S214025E5023F004036362C5E74022EBE7A025002097
S214025E602DE9F04100244827104D95F82A30A34228
S214025E7001DCBDE8F081E6B23046FFF7B1FE98B12C
S214025E8007FB04F828684044436ADA060CD55B042C
S214025E900AD4FFF775FE2B68304643445A6A42F02E
S214025EA006025A62FFF75AFF0134DEE7A0250020F9
S214025EB0044A00EBC003116801EBC301CA7B13F06E
S214025EC091BC00BFA025002070B5FFF725FFFF2874
S214025ED0044615D00B4D03B2286803EBC30300EB50
S214025EE0C300DE00436A23F01003436213F070FC23
S214025EF02968204631443431BDE870400FF08FBB2C
S214025F0070BD00BFA025002083782DE9F041122B3A
S214025F100F463CD10B689A790C321344DD781E7911
S214025F200DB145F480553046FFF75AFED0B1DFF882
S214025F30648006EBC603D8F8004004EBC304636A29
S214025F4023F01003636295B922463146A06908F130
S214025F502E03FBF74DFF22222946A56108F12E00EB
S214025F6014F0FBFF3846BDE8F04115F03CBA204677
S214025F7013F02EFC636A5A0603D523F040036362CD
S214025F80F0E7304604F134010FF049FBEAE7BDE8DA
S214025F90F08100BFA025002030B5044685B0084633
S214025FA0039113F045FD830708D410F0010003D0D7
S214025FB003A815F018FA012005B030BD03998B79B5
S214025FC003F10C0288188A5C013A1C2A00F2E88067
S214025FD0DFE802F00FE689E68CE695E69CE6A4E6A4
S214025FE0ACE6B3E6BAE6C2E6E6E6C4E6D2E6D4E64F
S214025FF0DD0003790BB103F588534278023A162A7C
S214026000D6D801A151F822F065600200B15F020005
S2140260106F600200B15F02007B600200B15F0200A7
S21402602087600200B15F020093600200B15F020067
S214026030AB600200B15F02009F600200B15F020027
S214026040B7600200B15F0200C3600200B15F0200E7
S214026050B15F0200B15F0200CD600200B15F0200D4
S214026060DD60020017212046FCF750FCA0E7002264
S2140260702046114611F00BFB9AE71A4600212046ED
S21402608011F0B2FB94E700222046114611F01DFDE6
S2140260908EE700222046114611F005FC88E71A46D4
S2140260A00021204611F0F2FC82E71A460021204623
S2140260B011F0CFFC7CE700222046114611F0F8FDD5
S2140260C076E71946204611F05CFE71E7009300233E
S2140260D020461A46194611F05EFE69E71946204622
S2140260E011F0ABFE64E7B0F80110BCE702338B7127
S2140260F00A4600234178204611F0C9FA5BE70133CD
S214026100002220468B7111F06FFB54E702338B712D
S21402611042780023204611F0D8FC4CE701338B71FD
S214026120002320461A4611F0BEFB44E70133002244
S21402613020468B7111F08DFC3DE70133002220468C
S2140261408B7111F0A3FC36E702338B714278002381
S214026150204611F0ADFD2EE70021B3E705338B7123
S2140261600023B0F80320B0F8010000930B46014666
S214026170204611F010FE1EE70021B0E703338B71B4
S2140261800A46B0F80110204611F076FE13E70333F4
S2140261908B710A46B0F80110204611F076FE0AE727
S2140261A0002009E72DE9F041154606460F4642F261
S2140261B0360019211C46DDF824800FF093FE2B0AC8
S2140261C0C371230A83729DF81830857103739DF894
S2140261D01C30447243739DF820302D0C240CC6707C
S2140261E087800572C4728373D8F80030C0F80F3007
S2140261F0B8F804308676A0F813309DF82830437538
S2140262009DF92C3083759DF83030C37500230376D4
S2140262109DF8343043769DF83830C3760648F4F756
S214026220FDF90FF0A3FE407920B10FF09FFE4079F2
S21402623040F48050BDE8F08175F8020038B5054696
S2140262400C464FF6194005210FF04CFEC57044600F
S2140262500648F4F7E3F90FF089FE407920B10FF013
S21402626085FE407940F4805038BD00BF27BA03004F
S21402627038B505460C464FF61A4005210FF032FE99
S214026280C57044600648F4F7C9F90FF06FFE40790E
S21402629020B10FF06BFE407940F4805038BD00BF4D
S2140262A057BA030070B50D4606460121DAB1FFF76C
S2140262B0C5FF0446A8B9072142F235000FF012FEC8
S2140262C0C6702B684360AB8803810848F4F7A6F9CA
S2140262D00FF04CFE437923B10FF048FE447944F4A4
S2140262E08054204670BDFFF7C3FFE2E7E7BB03001A
S2140262F00A4610B50421044642F237000FF007FEA4
S214026300032303710023C470437183710648F4F7B4
S21402631085F90FF02BFE407920B10FF027FE407969
S21402632040F4805010BD00BFDBBA03000A4610B529
S2140263300421044642F238000FF0E9FD03230371FC
S2140263400023C470437183710648F4F767F90FF0AF
S2140263500DFE407920B10FF009FE407940F48050DE
S21402636010BD00BF27BB0300F8B506460F4642F233
S2140263703900062114461D460FF0B4FD0123847130
S214026380240A0371C7704671C47105720648F4F791
S21402639045F90FF0EBFD407920B10FF0E7FD4079AB
S2140263A040F48050F8BD00BF73BB03002DE9F04FE8
S2140263B0144687B09B46C36B06460D465B690122B0
S2140263C002A960689847F36B012203A95B69284615
S2140263D0984702A813F036FF074648B10023A37574
S2140263E063754FF0FF33A360002007B0BDE8F08F5F
S2140263F003A813F034FF0123A375237E04EBC30323
S214026400DD611F846368AB420ED1206003A813F0DF
S21402641048FF4FF0FF332075A360237D043B022B19
S21402642025D80023A375DFE723681A1A03A8534268
S2140264305341A37513F035FF237D834203A818BF8B
S214026440A77513F010FF074602A813F00CFF874249
S21402645003A81CBF0023A37513F00DFF074602A86E
S21402646013F009FF87421CBF0023A375D5E703A8D4
S21402647013F0F9FE80B1F36B022204A928465B6989
S214026480984704A813F0FEFE0346207D032839D859
S214026490DFE800F03838040903A8F3E7237ECC22AD
S2140264A004EBC3031A8401F0C9FA109B187003A800
S2140264B0277E13F0CCFE04EBC70787F8220003A85A
S2140264C0237E04EBC303B3F8209093F8227013F0F4
S2140264D0CAFE804603A813F0CEFE8246B8F1000F2D
S2140264E015D0F36B022204A928465B69984704A8D4
S2140264F013F08DFE6075637D6BB90023A3754FF0B4
S214026500000838E0227E04EBC2021384CBE703A81D
S21402651013F068FEEEE794F81680B8F1000FEED09E
S214026520B9F1000F09D1DFB10123627EE375002ABB
S21402653044D19F4218D1677614E0736C05EB0A02C9
S214026540594285EA020008421CBF0021A175591E65
S2140265500A409B1A9945D0D8A37D002BE3D1CEE7FB
S214026560E37D43B94FF000084B4652462946304673
S21402657013F0E4FBA060A27D12B123694B442361B1
S2140265801349237E097899421ED901332376BBF13B
S214026590000F1BD0D2B1E37DC3B1B8F1000F15D105
S2140265A0032F13D0A1684B1C10D0109B22463046F6
S2140265B000930123FFF7FAFEA07507E0012FDAD059
S2140265C0032F08BFA376CDE70023A375A07D0CE7B3
S2140265D03CCA03002DE9F04F0E468BB098460023C6
S2140265E004464FF0FF31104617468DF8133001F07F
S2140265F00FFAB6F5801F3BD3B21C53D1E56A6B1C6B
S21402660057D1616A204613F0DFFA0546B31CDFF85D
S214026610189118BF01230193636A05A9626C4FF0B3
S214026620000B0293236802FB053AE36B05225B69C3
S2140266305046984705A813F0BEFE13F0E1FE5046FA
S21402664013F0E9FE824601464B1C05D0636C81EAD4
S2140266500A025B42134232D02946204613F0B4FAAD
S214026660029BAB424DD0BBF1000F4DD10546D3E79E
S214026670314605AA04F1080013F09AFD0146481CAB
S21402668010D0384601F0C4F90DF113030122394641
S214026690204613F0CFFB28B19DF8133088F800305F
S2140266A0002003E0237C002BA8D11D480BB0BDE8D8
S2140266B0F08F2368ED1A636CB5FBF3F5A6E7484640
S2140266C001F0A6F90DF11303019A4946204613F08C
S2140266D0B1FB034690B1B21C03D0D9F80020B242F7
S2140266E00CD19DF813204946039338460D4B88F883
S2140266F000201A6814F03CFC039B9B46D9F808104D
S214026700A2E7BBF1000FD0D0B6F5801FC8D298F82A
S214026710003031467A6804F1080001F0BDF8BFE7A0
S2140267200BE000F038CA0300501D00202DE9F341AB
S2140267300E46044617469846816A194DE36A8B420E
S2140267402AD04B1C18E0284601F062F90DF1070327
S21402675001222946204613F06DFB30B143469DF8D0
S214026760072029462046B847B0B1A9684A1C05D07A
S214026770012E0AD0E36A9942E5D10DE06968204607
S21402678013F0AFFA012E0146D8D16B6881EA0302F4
S214026790636C5B421A42D1D002B0BDE8F08100BF02
S2140267A0241D00202DE9F041036B9046826B90B0C9
S2140267B007680E469A42426C01A9044688BF836364
S2140267C0436A02FB0377C36B05225B693846984728
S2140267D001A813F0F0FD01280146307056D0656C12
S2140267E006A9E26B2368606AD2F814C0052205FB8C
S2140267F000300025E04706A813F0DDFD012823D06F
S21402680001218DF834800E958DF83C10D4E90A32B9
S214026810CDE90B4593422AD11946204613F061FA78
S214026820236B626C1433E0629B1A23630C9B53B98E
S2140268309DF83C303BB1626A616C2368E06B01FBF9
S214026840023113F070FD0C9DE36B052201A9384658
S2140268505B69984701A813F0AEFD3070236B28469B
S214026860A26B9A4288BFA36310B0BDE8F081237C76
S21402687033B90BAA1C4904F1080001F05DF8D5E70C
S2140268800BAB1A4A2046FFF751FFCFE7237C23BB08
S2140268902246174904F1080001F04EF8616A2046C4
S2140268A013F0B3F9616A421C204613F07CF90546E0
S2140268B020B9236B626C1344143B2363A16A2046FF
S2140268C013F00FFA2368A062C01A636CB0FBF3F0F1
S2140268D06062204613F049FAB6E70023054A2046CE
S2140268E0FFF724FFDAE700BFD970020055700200F6
S2140268F0BD9E0300599E030073B50D46D11E1C466D
S2140269001B7E4A424A419A4226D129682368994206
S21402691022D3636899421FD8114E0DF107033246FF
S214026920FFF758FEC0B972686B689A4214D19DF898
S2140269300730DA1E53425341227E93420CD16369DA
S21402694001336361D4E90323934205D22968A2681E
S21402695042F8231001332361012002B070BD00BF4C
S2140269607C1D00202DE9F04F8BB09A46DFF854B11B
S21402697080469DF850300D4616460293DBF81030DE
S2140269805345C0F09880DBF80430D1460193B9F144
S214026990000F00F08C80D8F83C30012207A901983D
S2140269A05B69984707A813F05AFCDBF80030984258
S2140269B040F0848007A813F05EFC0428074614D132
S2140269C007A813F05FFC019B029A04463B44002A88
S2140269D03ED1864212D9361A14460199404613F021
S2140269E080F9A9EB04090190D1E7D8F83C300222DD
S2140269F008A901985B69984708A8E2E7841B9F19D3
S214026A00544528BF5446032CAAEB040A4FEA9402C4
S214026A101CD9D8F83C302946384604F003065B6990
S214026A20984724F003031F441D44002ED5D0D8F8FF
S214026A303C30012208A938465B6998473246284608
S214026A4008A9354414F094FA0026C6E72646ECE771
S214026A5000F003020344074603922A1805930492A1
S214026A60049BDD1B059BD81B039B9F420FD1002F67
S214026A70B3D0D8F83C30012208A95B6998473A4659
S214026A8008A9284614F03FFA78B93D44A5E7D8F895
S214026A903C30012208A95B699847042208A92846C7
S214026AA014F031FA08B9043FDAE7DFF81C904846DA
S214026AB00BB0BDE8F08FDFF81490F8E7DFF810901F
S214026AC0F5E700BFA81D002012E000F011E000F07C
S214026AD022E000F02DE9F0410F4688B016469846AF
S214026AE0044660B390F83450FDB1012113F031F83A
S214026AF00E9B0021CDF804800496CDE902379DF85E
S214026B003C308DF81C30237CCDE905118BB901AAE7
S214026B100C4904F1080000F00FFFE06BDDE90553B5
S214026B20002E08BF1D4613F0D7F9284608B0BDE868
S214026B30F08101AB044A2046FFF7F8FDEDE7054673
S214026B40F3E700BF879E0300F96802002DE9F04FC5
S214026B5099B00F46044609920A69416C0E93D31DFA
S214026B601439B3FBF1F3013302EBC302036B934216
S214026B70C0F00F820023DFF824940D93E36A4846A0
S214026B801946079300F044FFD7E9033604930E9B99
S214026B90022B4ED1CC2E40F08C81099B002B42D08A
S214026BA03946204613F0F6F9656C079A6B1E149068
S214026BB01340ED1AE36B012216A978685B699847C1
S214026BC016A813F050FB00280CBF04230823782EC7
S214026BD006933FD9012300254FF0080A05933B6828
S214026BE005990E98C9F80030C9F8106013F05DFBDD
S214026BF04FEA9A03DDF81CB089F8140010930023BC
S214026C000B930F9308930C93616C4A1E0BEA0202D5
S214026C108B1A002E3AD05544AB4242D8236B5B1AED
S214026C2013442363ADE0049B1B6814930823069366
S214026C30D0E7656C782E079A05F1FF3303EA020364
S214026C40A5EB030516D8FB7D7BB9099B002BB1D1BA
S214026C5004230693331DAB4210D9A6B1082DB9D82A
S214026C6004250023AA460593B9E7099B002BA1D168
S214026C700823EEE7099B002B9CD1D7E70025059554
S214026C804FF0040AABE704250596F9E75345C5D34A
S214026C900BEB0A03B0460393089B002B18BF032393
S214026CA013E0A3EB0A03B0460BEB0A029E420392E2
S214026CB028BF98469E42EFD9D9F810200123964263
S214026CC089F8173071D1C9F804B0089399F81730CB
S214026CD0002B6CD099F818200899D31C013209EBC6
S214026CE0C30389F81820C3F804B0A3F80880997281
S214026CF0B8F1000F14D00E9B022B5BD10B9B7BB915
S214026D000F9B4344032B0BD9E36B012214A9039870
S214026D109B6998470546002840F03D8101230B9366
S214026D20089B16A80193059B0093434699F81420E6
S214026D30396800F023FEE36B109A16A99B69584641
S214026D409847051E0D9B18BF5B4652460D93594643
S214026D504346204612F0F2FF236B08F10302C9F8FD
S214026D600800A3EB0A0322F003029B1A2363002DFA
S214026D7040F011810F9BA6EB0806DDF80CB04344E9
S214026D800F935946204612F0ACFF00258346002E8C
S214026D907FF43AAF814A04F1080039689368526872
S214026DA0E3620E9B00F078FDDEE002238DE7C9F871
S214026DB004B09DE7099B002B30D1049BB8F1030F6A
S214026DC043440A9327D9E36B4FEA98029B69DDE9AD
S214026DD0030198470546002865D118F003025FD0E4
S214026DE028F00305049B2B440493039B1D444FF099
S214026DF0FF33049915A8159314F0BAF8E36B2846E6
S214026E00012215A99B6998470A9B05460493002D03
S214026E1086D0039B99E7039D4246E8E7039B0A93C5
S214026E2007F120031193FB7D78689BB13D7E00231A
S214026E300C9AD9B28D4211D9119903F1010C31F88D
S214026E403310914226D907EBC3030699D8690A4440
S214026E50104403E00C9B069A13441844E36B012289
S214026E6015A95B699847159B012213A913930C9BDE
S214026E700A9804330C93E36B9B699847039B0A9A20
S214026E80054643449B1A042B07D978B913460433A4
S214026E900A93C8E7521A6346CBE70A9B0393B6E700
S214026EA00A9B04933CE70A9B0493B2E70A9B03936C
S214026EB0AFE73B4E04F1080303932368079A606C1E
S214026EC0A2EB030ABAFBF0FA00FB0A3013F0A3FAAD
S214026ED0E16A8046204612F004FFA26A82424AD045
S214026EE0626CD9F80830511E2568E0620B40216BAF
S214026EF0891A0B4423630D9B5D1BB5FBF2F5AA456D
S214026F0036D1079BB3EB080A12D0E36B4FEA9A021C
S214026F1041469B699847E36A079A83465344039817
S214026F20DA46E362236B9B1A4344236313F011F998
S214026F302368616CE06B01FB053113F0E1F9204632
S214026F4012F012FE204612F010FF2063BAF1000F74
S214026F5011D03A69616CD31D1439B3FBF1F30133D6
S214026F6002EBC3029042A8D2304619B0BDE8F08FB9
S214026F704FF0000ADCE73A69616CD31D1439B3FBA3
S214026F80F1F3013302EBC302236B9342BFF4F6AD77
S214026F90EAE7044EE8E72E468CE700BF501D0020C5
S214026FA023E000F006E000F02DE9F3471E464369B1
S214026FB004468846B34217469DF828903DD30025DE
S214026FC08DF80750D4F830A0204612F099FD82457D
S214026FD00AD2236AB5EB430F06D200220DF107014F
S214026FE02046FFF7DFFB30B39DF80730012B05D1B3
S214026FF000220DF107012046FFF7D4FBB9F1030F7B
S21402700006D0256B3146204612F065FD854218D320
S2140270100D4D4FF0FF31284600F0FAFC4B46002299
S21402702029462046C5F80080C5E9037602B0BDE8C9
S214027030F047FFF78BBD0135C4E7044802B0BDE850
S214027040F0870348FAE700BF7C1D00200FE000F03F
S21402705006E000F0032A2DE9F34106460D461746E0
S2140270601C4606D1237A012B23D0012002B0BDE8AC
S214027070F081DFF860800DF1070309684246FFF7EA
S214027080A9FA60600028EDD19DF80720237A032A2A
S214027090E8D0D8F804106A689142E3D1012B296936
S2140270A0D4F80CC007D10CEB01037269934202D9E3
S2140270B02074207CDAE708313B46012230466144E0
S2140270C0E1602946FFF742FD60600028CAD0002032
S2140270D0CCE700BF7C1D00202DE9F341089C032A63
S2140270E01746266806D1237A012B24D0012002B047
S2140270F0BDE8F081DFF890800DF107033046424686
S214027100FFF768FA60600028EDD12568D8F8040019
S214027110A96AD5F844C04840227ACCF10003184048
S214027120E1D1012A09D1E268D8F810301344726915
S214027130934202D92074207CD9E72868EB6A1B1A8E
S214027140081AB3FBFCF3B0FBFCF083420BD1706C65
S214027150F36A421E1340326B121A284613443363F4
S21402716012F0BFFDE862D8F81020E368083206493C
S214027170206813440122E3603B46FFF7E7FC6060A9
S2140271800028B0D00020B2E77C1D00202DE9F04F89
S2140271904FF0FF334FF6FF72002500F10806044653
S2140271A087B0C3620F4605620563C0E9092330460D
S2140271B012F0CFFF204612F0D7FC28BB20463946F5
S2140271C012F052FD204612F0CFFC28BB8A4D204614
S2140271D012F0FEFDECE0E26B01A92368606CD2F8C7
S2140271E014C0052200FB0530E04701A813F0E3F8BF
S2140271F0012828D12946204612F007FD421C2946BE
S214027200204612F0D0FC0135E3699D42E3D32046C6
S21402721012F0AAFC0028D1D000254FF0FF394FF615
S214027220FF73CA46A846C4E90853E369984514D3CF
S214027230A5EB0905012D37D8636A4FF6FF72934214
S21402724047D16E4DC3E713F0E0F80028DBD029469D
S214027250204612F0DAFC0246D1E7236801A9E26B67
S214027260606C5769052200FB0830B84701A813F086
S214027270A2F8834601A813F075F80746584613F09D
S214027280BFF870B15745236ABA4638BFC4F824809F
S214027290B94503F1010328BFB946BD42236238BF90
S2140272A03D4608F10108C0E74FF6FF73002563620A
S2140272B0E3699D42C0D2676C0522206801A9E36B90
S2140272C007FB050001355B69984701A813F04AF8E9
S2140272D0EEE7E26B01A9676C20685569052207FB99
S2140272E00300A84701A813F03DF8626A2368606CA1
S2140272F0434D00FB023013F08EF84FF0FF33A062CE
S2140273002A46E3626FF001010DF103032046FFF700
S21402731061F9002850D1AD6829462046E56212F090
S214027320FFFB206320B9E16A204612F0DAFCE06235
S2140273302946204612F0D5FC0546A36A9D423DD159
S21402734065692046626CE91C143AB1FBF2F105EB62
S214027350C1050335B5FBF2F5023512F039FD80465C
S214027360A8423DD2616A204612F02EFC002706464D
S21402737004F1400A474512D3626C01A9236802FB56
S2140273800639E36B05225B694846984701A812F066
S214027390E9FF534602464946E06B13F03EF80137D2
S2140273A03146204612F010FCAF420646E2D3154D97
S2140273B0284607B0BDE8F08FA56AADE72946204605
S2140273C012F0AEFB236B074629460344204623638E
S2140273D012F087FC0546002FAFD1C4E90B07ACE7D5
S2140273E03046002512F0B5FE0023074A204619460D
S2140273F0FFF79CF9EBE600BF03E000F016E000F0B2
S2140274007C1D002013E000F0239E0300634A002345
S2140274102DE9F04117680E460446136018B9604D10
S2140274202846BDE8F08190F834500DB3096802682A
S214027430914240F0AA8071684268914240F0A5806D
S214027440B1688268914240F0A080F168C2689142B9
S21402745040F09B8031694269914240F09680B16962
S214027460C26B914240F0918072691D468261D7E7F5
S21402747050222946D0F8388013F06FFD336804F1A5
S2140274800800C4F8388023607368636033696361F8
S2140274907369D6E90212A36112F06DFEB36904F1B4
S2140274A04000E3639B68984794F8432020B1E56167
S2140274B0002AB4D03B4DB3E7656C002DF7D0666862
S2140274C0B6FBF5F3E361002AA9D0B542F2D82268EA
S2140274D0B2FBF5F105FB1122002A58D105FB136316
S2140274E0002B54D1204612F00BFBA369043303444D
S2140274F09E424ED3636940F63472CC3B93424AD8DE
S214027500B5F5007FD6D30321204612F022FBE36BAB
S214027510D4E900011B689847E36B05460220DB6846
S21402752098471DB1002384F834301EE039462046C1
S214027530FFF72CFE1C4B0546984204D139462046DE
S214027540FFF724FE0546636C143B002DEAD1226A3F
S214027550204602FB03F612F0D3FAA369043303446F
S2140275609E4206D284F83450104DE06B12F0B4FC02
S21402757056E70F4A012384F8343013680133D4E9FE
S2140275800001136009F077FBEFE70A4D48E70A4D62
S21402759046E7064D44E7094D42E700BFB026002005
S2140275A009E000F004E000F013E000F002E000F072
S2140275B0AC26002008E000F001E000F005E000F054
S2140275C02DE9FF410F4690461E46054698B390F8B1
S2140275D0343093B3B1F5801F31D21A4C022112F027
S2140275E0B8FA0DF10F03224639462846FEF7F2FF97
S2140275F0024678B10123424639462846009333466E
S214027600FFF7D2FC0446E86B12F066FC204604B094
S214027610BDE8F0819DF80F30012BEBD12169B14214
S214027620E8D10093414633462846FFF79BF90446C5
S2140276300028DFD1E7E7044CE8E7044CE6E7044C11
S214027640E4E700BFA81D002009E000F007E000F014
S2140276500AE000F02DE9FF410C4616461F46054695
S21402766088B390F8343083B3B1F5801F2FD2DFF899
S2140276707C80012112F06DFA21460DF10F0342467D
S2140276802846FEF7A7FF044670B99DF80F30012B77
S21402769011D1D8F81030BB4213D1024600903146C1
S2140276A02846FFF75FF90446E86B12F015FC204601
S2140276B004B0BDE8F081074C074A022B08BF144607
S2140276C0F2E7064CF0E7064CF1E7064CEFE7064C0D
S2140276D0EDE700BF0BE000F00CE000F011E000F078
S2140276E009E000F007E000F00AE000F0A81D002024
S2140276F02DE9F04385B00C4617461E46DDF830806D
S2140277000546A0B390F834309BB3B1F5801F32D251
S214027710DFF88090012112F01CFA21460DF10F03CA
S2140277204A462846FEF756FF044688B99DF80F30AB
S214027730012B14D106EB0803D9F810209A4214D371
S21402774000904346324639462846FFF70BF9044670
S214027750E86B12F0C1FB204605B0BDE8F083074C8B
S214027760074A022B08BF1446F2E7064CF0E7064C1F
S214027770F1E7064CEFE7064CEDE700BF0BE000F042
S2140277800CE000F011E000F009E000F007E000F085
S2140277900AE000F0A81D00202DE9F3411F46002351
S2140277A00C46164605463B6050B390F834304BB351
S2140277B0B1F5801F28D2DFF86480012112F0C9F9E2
S2140277C021460DF1070342462846FEF703FF04460C
S2140277D0A0B99DF80730032B10D0022B0AD1012343
S2140277E0336004233B60E86B12F076FB204602B05F
S2140277F0BDE8F081D8F810303060F3E7034CF2E7CA
S214027800034CF3E7034CF1E7034CEFE70BE000F021
S21402781009E000F007E000F00AE000F0A81D0020F2
S21402782030B50C4685B0054628B390F8343023B3FD
S214027830B1F5801F23D2022112F08BF90DF10F034E
S214027840104A21462846FEF7C5FE034688B99DF82B
S2140278500F20032A0DD00322214600920246284614
S214027860FFF7A2FB0446E86B12F036FB204605B093
S21402787030BD054CF7E7054CF8E7054CF6E7054C36
S214027880F4E700BFA81D00200BE000F009E000F0BE
S21402789007E000F00AE000F02DE9F0414668002E0D
S2140278A046D005684FF0000CA846AE4655F83C4058
S2140278B00CF1010CC4F31307013401D0B94218D0FD
S2140278C0B4450EF1080EF1D12F46002403E0B4426F
S2140278D007F1080713D055F834C00134BCF1FF3F56
S2140278E0F5D1C1F313017A6041EA03513960BDE86C
S2140278F0F08141EA0353CEE90032BDE8F081032B62
S21402790016D0002403E0B44208F1080810D055F857
S21402791034700134C7F30757032FF4D1C1F31301B0
S214027920C8F8042041EA0353C8F80030BDE8F081E5
S21402793001230372BDE8F0812DE9F043476883B066
S214027940C7B106468846914600243368304653F847
S214027950345003EBC4030134C5F30752C5F31301D5
S214027960013505D05B68CDF80090C04710B1776846
S214027970BC42EAD303B0BDE8F08300BF73B5012A68
S214027980044622489DF8185000EAC11123F07C40B4
S21402799007D9961E012E28D9073303F07F03194311
S2140279A008E09DF81C300A43DB0603F0C05313437D
S2140279B043F060410023C4E900108DF80730B5B1EA
S2140279C0202221460DF1070012F07CFC1A220DF14E
S2140279D00700211D12F076FC63689DF80720082038
S2140279E043EA8263636002B070BD1143E2E71B2282
S2140279F00DF10700214612F065FC23689DF807206A
S214027A00042043EAC2632360EDE700BF80FFFF075E
S214027A1038B5094B0D46002104461A6813F09DFA44
S214027A2000234FF0FF322361A260E3822383A37612
S214027A30C4E9002538BD00BF38CA03000138C0B209
S214027A4005289ABF014B185C01207047C4D1030079
S214027A502DE9F0410E46596888B007461546490A90
S214027A600024012922464FEA510104F10104F8D804
S214027A70DC78520399784FF0000824031B88C90269
S214027A800DF1070004F48054C3F30A0301F4006105
S214027A9092B28DF807800C4302A923449C18254B0A
S214027AA01B22039325F07843ED436FEA04440293C6
S214027AB012F008FC9DF8072025F07845029B02A9E3
S214027AC00DF10700029543EAC2631B228DF8078078
S214027AD06FEA1444049312F0F5FB9DF8072007A9F9
S214027AE0029B06F11000079443EAC2630122059343
S214027AF04FF0FF330693BB6998470446BB6905A956
S214027B00012206F108009847404518BF0446BB69A3
S214027B1004A90122301D9847404518BF0446BB6998
S214027B20012203A930469847404508BF204608B0C0
S214027B30BDE8F08101009AB21046044A1368591E45
S214027B40033102D80021116018477047CC0B002081
S214027B50034B1868034B002808BF1846704700BF3F
S214027B60B4260020F4D10300014812F0BABD00BFCB
S214027B70BC26002013B50B4C0229226005D10A4808
S214027B8012F0AFFD002002B010BD0A460093014677
S214027B90064B054812F087FD003818BF012040004A
S214027BA0F1E700BFCC0B0020BC260020397B020088
S214027BB0014812F0A9BD00BFBC26002000210148E2
S214027BC012F0C4BDBC26002008B5064B1B68013364
S214027BD005D0FFF7EDFF80F00100C0B208BD00201F
S214027BE0FCE700BFCC0B0020F8B50D4610B9002408
S214027BF02046F8BD0E4F3E68002EF8D100F0A2F8DF
S214027C0004460028F3D0386000F0E8F8204612F068
S214027C104FFC38B130463E6000F0E0F8204612F0E5
S214027C2042FCE4E7002DE3D02046A847E0E700BF89
S214027C30B8260020024B1868003818BF012070478B
S214027C40B826002038B50C4601F088FFA3780B4A08
S214027C5013705A1E55425541A8420CD0012B04D02F
S214027C602846BDE8384001F05BBF204601F02AFFF7
S214027C700028F5D038BD0020FCE700BFF82C002015
S214027C800021024B08465B68184700BFE00B002045
S214027C9010B50446FFF75CFF0C4B1A1A53425341C9
S214027CA0A34201D1012010BD094B1B683BB9094A0A
S214027CB0064B002C08BF1346074A1360F2E712F081
S214027CC000FE0028F3D00020EDE700BFCCD1030071
S214027CD0B8260020F4D10300B426002010B512F016
S214027CE0E1FE044618B9034B01215B68984720461B
S214027CF010BD00BFE00B002010B512F0DCFE20B96C
S214027D00BDE81040014B1B68184710BDE00B002071
S214027D1010B512F048FC20B9BDE81040014B1B68B4
S214027D20184710BDE00B0020431E033306D8044B51
S214027D30984228BF1846642838BF6420704700BFA0
S214027D4040420F00F8B5054609F080F807460F4B8B
S214027D501E6826B9384609F07DF8344611E0B46844
S214027D608CB194F810C01CF0010F0CD14CF0010C31
S214027D7095E80F0084F810C084E80F00384609F032
S214027D8069F82046F8BD3668E3E700BFD40B00204A
S214027D9038B505460C4641B10B6833B11B68013352
S214027DA003D0CB680BB18B684BB912F03BFFBDE832
S214027DB038404FF492724121002000F0C9B90846BB
S214027DC002F09CFE0023044A85F81031C5E93043D0
S214027DD0C2E9003338BD00BFC80F002010B5044604
S214027DE018B9054B054A136010BD00F0E5FED4F83D
S214027DF0CC30002BF6D1F4E78FA40300D00B002082
S214027E0010B50C4600F016FF054B002103205B68F8
S214027E1098471CB102F02EF80128FBD110BD00BF16
S214027E20E00B002008B502460868FFF77DFF0860F1
S214027E304868FFF779FF48608868FFF775FF886033
S214027E40C868FFF771FF0B69C860581C03D00B485F
S214027E50834228BF03460B614B69581C03D0074870
S214027E60834228BF034688694B61FFF75DFFBDE882
S214027E7008408861104601F0A9BD00BF40420F00CD
S214027E802DE9F84FD0F8C43006460F4613B1038BDF
S214027E908B4244D0D6F8C0B0BBF1000F42D0DBF81C
S214027EA00830002B3ED0DBF80C1000293AD0D6F86A
S214027EB0D4A0BAF1000F38D04FF000094D46C8469C
S214027EC001E0DBF8083005EBC50203EB8204E38928
S214027ED00135BB4214D8238ABB4211D3B4F912200F
S214027EE0B6F92430934250DD304696F80411EDF789
S214027EF035FA737D81468342A04606D9DBF80C101C
S214027F008D42DED3B8F1000F39D000234246304608
S214027F101946D0473783C6F8C48086F80D910020EC
S214027F20BDE8F88F0320BDE8F88FD14647F6FF7507
S214027F305446524604EBC40803EB8808B8F80E30E1
S214027F40BB4216D8B8F81030BB4212D3B8F912208A
S214027F50AA4202D14FF0FF09DCE7304696F8041138
S214027F60EDF7FCF9737D81468342D3D94246DBF8AE
S214027F700C100134A14204D9DBF80830DAE70120FC
S214027F80CEE7002AFBD09046C4E7A046BDE700BF76
S214027F902DE9F04782B004468946164601F018FFDE
S214027FA0002847D13B4D2B68D4F8C0A0D4F8C47043
S214027FB00BB153454FD04FF00008C5F8089001F0BA
S214027FC059FF01283AD12B68DAF800103A6813B143
S214027FD0186888424AD0204612F031FDC5E900A74B
S214027FE0D4F8D4508DF80760002D46D000222046E3
S214027FF011460DF10703A847204601F0A3F90546EE
S214028000B8F1000F00D08EB1B5FA85F040F2DE323C
S2140280103321400900F09CF83146204601F09AFBD5
S2140280201D4B0546394620461B689847284602B02F
S214028030BDE8F0870023174D6B60B4E7012000F01F
S214028040F9FD164B002103205B68984701F012FFEA
S2140280500128FBD1B7E76B68002BACD0BB42AAD194
S214028060AB68994514D04FF00108A6E7696811B1CC
S21402807009689142B2D05968ADE7617D94F80D3136
S2140280803246994228BF1946204601F0E1F8B3E786
S2140280900025CBE7C80F0020D00B0020E00B002005
S2140280A0F8B50E46054608F0D1FE31460746284684
S2140280B0FFF7E6FE044620B1384608F0CBFE20461F
S2140280C0F8BD01F06DFE224631462846FFF760FFF6
S2140280D00446384608F0BEFE2046F8BD13B50446F0
S2140280E0694612F097FA204612F01EFCFF28024656
S2140280F006D020469DF80010EDF7AEF902B010BD8E
S2140281000048FBE70080FFFF4FF4007307B50A49FB
S2140281100DF10602ADF8063012F098FABDF80630F8
S214028120B3F5007F05D1022808BF002003B05DF832
S21402813004FB0120FAE700BFD4260020024B196098
S214028140024B1860FEE700BFD80B0020D4280020A0
S21402815008B550B90548064B01601A60054B1A6807
S214028160054B1A601868FFF7E9FF08BDD80B002018
S214028170D8280020B8260020D4280020054B1B68EB
S2140281800BB918467047834201D01B69F8E70120F5
S214028190704700BFE0280020094A13680BB918464A
S2140281A07047834207D11B6901201360054A136892
S2140281B0013B1360704703F110021B69EEE700BF34
S2140281C0E0280020DC2800202DE9F74F064608F0BC
S2140281D044FEDFF82881012398F800B0DFF82091EA
S2140281E00190BBF1000F06D089F8003003B0BDE85D
S2140281F0F04F08F038BE3F4F88F8003089F800B0DC
S21402820012F0F2FA08B112F0EDFA3D683A495DB999
S214028210DFF8F0A0DAF800200024AA423B682FD844
S2140282204FF0FF3134483BE06B7D8BB12B68B34295
S21402823002D09A1B8A420BD96A6813442B60AB6839
S214028240003A18BF0122003B18BF01236A75AB75BE
S2140282502D69DCE7907D20B1107D88429CBF0146E7
S21402826014461269002AF5D1002CD9D0D4E90001AF
S214028270A275411AD4E90232204698470135C9E769
S2140282801A46FF21EEE75A7D4AB11A68B24224D056
S214028290921B824221D8914201D311461C461B6989
S2140282A0002BF0D15CB12046FFF776FF38B13B6871
S2140282B03C602361DAF800300133CAF800303B68CC
S2140282C05A7D6AB912F08CFA064699F80030002BED
S2140282D094D1019888F8003088E71C460021DEE732
S2140282E0186800F0D3F8044612F07AFA0646002C14
S2140282F084D1EAE7E0280020FCFFFFBFFA2C00202A
S214028300F92C0020DC28002038B5054608B31822D0
S214028310002112F022FE08F0A0FD02462846FFF7D2
S2140283202DFF20B1104608F09EFD022038BD0A4BF4
S2140283301C6854B909491D600B68104601332C614C
S2140283400B6008F090FD2046F0E704F11003246964
S214028350EFE70120EAE700BFE0280020DC28002043
S21402836038B50446FFF70AFF08F077FD05462046B3
S214028370FFF704FF637D23B9284608F074FD032047
S21402838038BD00236375064B1B68A34203D112F067
S21402839027FAFFF719FF284608F065FD0020EFE7E9
S2140283A0E02800202DE9F84FDDF82890984604468C
S2140283B00D469246FFF7E2FEDDF830B008F04DFDBE
S2140283C0074612F00DFA06462046FFF7D7FE637DF3
S2140283D023B12046FFF7C4FF0023A375BAF1010FAD
S2140283E023D175B9B8F1000F21D1B9F1000F03D02E
S2140283F05A4631462046C847384608F034FD002023
S21402840019E035440D4BAA1B9A4210D80123637516
S2140284109DF82C303046C4E90058C4F808902375FD
S214028420C4F80CB0FFF7D0FEE6E7AE42EAD1384613
S21402843008F019FD0120BDE8F88F00BFFCFFFFBF62
S2140284402DE9F04107468846FFF798FE08F005FD3D
S2140284503D68064612F0C4F97B7D7BB185420DD09D
S214028460094B2C1A9C4209D8304608F0FCFCB8F19D
S214028470010F08BF25462846BDE8F081304608F0C1
S214028480F2FC0025F7E700BFFCFFFFBF08B500239C
S214028490044A194600F086FD10B1012818BF0320D1
S2140284A008BD00BFABA703000E232DE9F74F064613
S2140284B00F46144600254FF00609DFF85480137065
S2140284C0EBB209FB03F3D8F80010CA18507901285A
S2140284D007D92078A0F10E035842584103B0BDE8F0
S2140284E0F08F31F903B01179B2F902A030460022BA
S2140284F0019112F03EF9019908B90135E0E72170C1
S214028500B7F900305B45F8DB5345F6DC0020E5E7BB
S214028510DC0B0020014912F069B900BF85A00200F9
S214028520014912F063B900BF59A0020070B5164E99
S214028530032804460D4633781ED023FA04F202F0CE
S2140285400102AA421DD053B10122A240A54023EA4D
S21402855002032B43DBB233704BB1012070BD2DB149
S2140285600A4B01201B6898473378EDE73570074BB6
S21402857000201B689847F0E79A07DED003F0FC035A
S214028580E9E7002070BD00BFFC2C00202029002057
S214028590F8B505460C4608F059FC104F06463B78DF
S2140285A033B1012D04D01CB90D48EFF78BFE3C7099
S2140285B021462846FFF7BAFF0A4B04461B783BB90A
S2140285C03B782BB912F06CFA10B1074B1B68984730
S2140285D0304608F03FFC2046F8BD00BFFD2C0020C8
S2140285E0F4280020FC2C0020E00B0020054A0B4655
S2140285F0117831B100211170034A012152681878AE
S21402860010477047FD2C0020E00B002038B5074DC0
S21402861004462B78834207D001F016FC20462C70C5
S214028620BDE83840EFF7A0B938BD00BFFB2C0020EC
S21402863038B5044680B108F009FC01210446084614
S214028640EFF732F901210B4A084609F0EFFA204605
S214028650BDE8384008F0FEBB08F0F8FB05462146A8
S2140286600120EFF721F901202146024A09F0DEFA3D
S2140286702846EDE73AD203001B4B022910B51870C4
S21402868002D0032904D010BD184B1B78002BFAD158
S214028690FFF7D0FA0028F6D04FF00052144BC3F87A
S2140286A08020BFF34F8FBFF36F8F01F0A5FB00282A
S2140286B0E9D001F017FA0028E5D10E4B1C6834B158
S2140286C023689847BDE81040002001F0B1BB11F0C6
S2140286D0E6FF094B186009F035FB084B1860204688
S2140286E001F092FBEEE700BF310D0020FB2C0020CC
S2140286F000E100E0402900201C2900201829002063
S21402870038B504460D46FFF795FA80B14FF0005291
S214028710124B1A6001F070FB48B9012D07D80120F0
S21402872001F086FB0E4B1B6823B15B6898470D4B26
S2140287301C7038BD09F006FB0B4B1A68801A1860CD
S214028740EFF702FF4FF47A72084B1B6802FB003009
S21402875011F0A7FF012001F057FBE8E700E100E077
S21402876040290020310D0020182900201C29002055
S214028770F0B585B008F06AFB304D04462B7823B17D
S2140287802F48EFF79FFD00284BD1EFF72DFE02AAE8
S21402879003A912F06FF90346002833D012F07EF9CF
S2140287A0029B98421ED10020264B03991B68264E38
S2140287B09942307022D90027C91A012320482B700B
S2140287C0224A3346CDE9007709F073FA002830D101
S2140287D01F4A1378D90718D4204608F03BFB00201E
S2140287E005B0F0BD12F058F9029B98421FD0002344
S2140287F018461449144A0968137003910121FFF7B9
S21402880095FEE9E720462B70E7E731780029E3D1A9
S21402881003F0FE031370002BDED10E4B1B68984745
S214028820DAE7204608F016FB032005B0F0BD02206A
S214028830BAE7032320462F703370F3E7FD2C00209F
S214028840F428002014290020300D0020ED850200B7
S214028850FC2C00202029002070B508F0F7FA164DEF
S21402886004462B780BBB154A15491370154B164A4E
S21402887016481A60164A174E5A60EFF7A9F81649B4
S2140288801648EFF7A5F8164B80203360EBF770FD1D
S214028890052804BF134B3360134B5B6F9B0542BF27
S2140288A00222124B1A6001232B70EFF7F1FB2046CF
S2140288B008F0D0FA002070BDFE2C0020FD2C00200F
S2140288C040D20300E00B002071870200E42800205B
S2140288D0918502002029002048D20300EC280020BF
S2140288E00D86020031860200004000501429002046
S2140288F037B50C46234D59B90A46072105F07EFDC9
S214028900214BAC645C6003B0BDE8304005F094BD1A
S2140289100722114605F072FD07221C4B0121DA6080
S214028920237901A885F848306379019312F062FA38
S214028930019BC2B2D34000F00F0040EA031085F854
S2140289404900A27985F84A20E27985F84B2020680A
S214028950E86401939BB1012102888B4208D82379EF
S214028960013B13440A4A136205F066FD03B030BDAC
S21402897030F811500131AA4228BF2A46EDE71A46BE
S214028980EDE700BF003F00B0483F00B0006000B80F
S214028990004000B810B5054C237823B103F086FBDF
S2140289A00020207010BD0320FCE700BF002D002031
S2140289B008B503F049FB0122014B00201A7008BDDE
S2140289C0002D0020431C07D06FF0FF02034B10401F
S2140289D05A62A3F580535862704700BF00E000B8A1
S2140289E010B504234FF03A4101240A4AD1F818017F
S2140289F0C2F81831C2F814314C634FF400511163B7
S214028A00410742BFC2F81431A2F58052C2F81831AB
S214028A1010BD00BF002000BA00F01803182B0AD0C1
S214028A2003070AD440F2011310F0100018BF1846CC
S214028A30034BD86770470020FAE70120F8E700BF2B
S214028A40003F00B0344B2DE9F7431E6801F400796D
S214028A5000F00103174653EA090205460C462ED0DB
S214028A604FF0000803B30023002201200021CDE9C5
S214028A70008804F003FB4146304603F09DF8414669
S214028A8070830120FFF7BCF9716B06F1D80003F082
S214028A900DF922490868FFF795FF4FF0FF330B6088
S214028AA0337C43F004033374B9F1000F07D001217D
S214028AB0304611F0B3FD24F4007405430C43D6E9A6
S214028AC04A232A40234052EA030103D0144930467F
S214028AD009688847FB070FD51249134A0868002120
S214028AE0136811600121114A117003B19847104BA7
S214028AF0002102205B68984717F00E0F08D040F25C
S214028B00F3123B21002003B0BDE8F043FFF720BB81
S214028B1003B0BDE8F08300BFB8260020E80B0020B3
S214028B20EC0B00203429002038290020022D0020DA
S214028B30E00B0020F7B504461046D4E94AC7DDE943
S214028B4008268CEA020587EA06010540194085EAEE
S214028B500C057940C4E94A51002523F4004106EA8F
S214028B60010320F0010043F40073024043F00203C5
S214028B70CDE9005504F082FA237C9A0717D5D4F87B
S214028B802C319B0513D54FF48811204611F046FD73
S214028B90237C65F341032374D4E94A2302400B4045
S214028BA052EA030103D00349204609688847002099
S214028BB003B0F0BDEC0B002038B10368044A002B6A
S214028BC008BF1346034A13607047014BFAE700BF1B
S214028BD091A80300EC0B0020024B986E00F00F00E9
S214028BE0704700BF003F00B00F2938B505460C4657
S214028BF00ED801F03FF901280CD1074A2846936E99
S214028C0023F00F032343936611F065FF002038BD5F
S214028C100120FCE70220FAE7003F00B0014BD86EC5
S214028C20704700BF003F00B0014B0020D966704776
S214028C30003F00B003282DE9F7434CD8274B13F822
S214028C400080274B1E5C274B13F8009008F0FEF8B6
S214028C50074604F0E1FB054640B100230022CDE9B9
S214028C60003301200023002104F008FA04F0DCFBA4
S214028C7048B100230022CDE90033002000234FF440
S214028C80004104F0FBF926B3174BDC6C04F0080431
S214028C90164B3146DC64404604F0D4FD4A46314663
S214028CA0404604F059FE124BDC6465B1114B18685D
S214028CB0416BD83002F0FAFF0F490868FFF782FED0
S214028CC04FF0FF330B60384603B0BDE8F04308F0C0
S214028CD0C1B83446DCE703B0BDE8F08358D20300DF
S214028CE054D2030050D20300004000B8006000B81F
S214028CF0005000B8B8260020E80B00200F4A136C7C
S214028D0013F0A00F15D1506C10F0040013D10C4BC9
S214028D10D3F8EC3E23F07F4323F0FF035BB1D36826
S214028D20C3F30362092A07D0B2F10C0018BF012070
S214028D307047002070470120704700BF000002B84D
S214028D40003000B070B504460D4616462BB1FFF74C
S214028D5047FE2946204601F087FA4FF03A420124A0
S214028D60D368D26A03F0070306339C40C2F30C03AF
S214028D70E41AA4B2B44228BF344629462246024820
S214028D8001F0BCFB204670BD0C0000BA70B50D4663
S214028D90064620B9194B1B68A3B1032011E001F067
S214028DA069F8012828D1164B93F90040C4F127042C
S214028DB0641BC4F11C03002BB8BF5B42232B0CDDE3
S214028DC0012070BDA1F10B03002BB8BF5B42232B21
S214028DD0F6DC0B4B19700020F3E7B57408F036F892
S214028DE0084AE402136A04F4FF2423F4FF231C4314
S214028DF0146208F02FF8EEE70220E2E7B826002019
S214028E00FF2C002000C000B8094B08465A6A91029F
S214028E100BD4D3F80021D20708D4D3F8803013F449
S214028E20706F14BF0120002070470120704700BFFA
S214028E30004001B8F8B50D46436B02EA010423EA86
S214028E400103234343633D4A01F00B0323EA040173
S214028E50D1642340A2F580526F070646D36410D52C
S214028E600121FFF7D1FF60B104F08EFC4FF40073CE
S214028E7014F0040F14BF324A324A53620422324BB1
S214028E801A64E90606D514F0100F14BF00221B223E
S214028E902E4B5A652A061DD5230616D54FF4001208
S214028EA0274B1A62012203F58053C3F8002107F00C
S214028EB0CDFF0E210746032002F044FE40F20122B7
S214028EC0224B3846DA6207F0C5FF214606F1D80083
S214028ED002F0ECFEEF0503D5E00529D502F002FE0E
S214028EE0A90503D5A20526D502F008FE15F0600FE7
S214028EF009D0D6F8C810304611F0CBFC8022144BAD
S214028F009867144B1A612B0510D504F03DFC124AE3
S214028F1014F4006FD2F8EC3E14BF43F0006323F063
S214028F200063C2F8EC3E0422074B1A640020F8BD28
S214028F3002F0D2FDD4E702F0DBFDD7E7006000B80E
S214028F40005001B8006001B8002002B8004000B826
S214028F50003F00B0000002B8003000B0014B1868B5
S214028F60704700BF3029002037B5012300240022B5
S214028F70CDE9003400231046194604F07FF802209B
S214028F8002F05AF9054D064B21461C6002206B681A
S214028F9098472B6803B0BDE830401847E00B002026
S214028FA0382900202DE9FF4102290C46154698462D
S214028FB0039005D1FFF7D8FF002004B0BDE8F0818A
S214028FC007F044FF184E074633683BB1AB4205D064
S214028FD007F040FF002301203360EEE7134B002228
S214028FE0C3F8008001233560CDE900330023002555
S214028FF01046194604F042F80D4B02201D7002F08E
S2140290001BF922462B4603A9022002F033F9044636
S214029010084B039A1A60084B1B689847384607F0B5
S21402902019FF002CC8D1D5E73829002034290020A2
S214029030022D002030290020E00B0020044B5B6E3E
S2140290405B054EBF0120034B187800F00100704705
S21402905000C001B8022D0020014B186A02F084BD40
S214029060004001B8014B186A11F05EBE004001B81C
S214029070437C5A1F012A01D9082B05D14B7C2BB100
S214029080012B05D0022B05D011F02EBC02487047EA
S214029090024870470248704720A1070048E80100CE
S2140290A040420F0070B50E4607F0D0FE054600F0AF
S2140290B005FF044620B1284607F0CCFE204670BDC8
S2140290C004F062FB104B3278D3F8EC3E022A23F00F
S2140290D0F00315D0101F42424241520043EA0213E7
S2140290E07278022A0ED0111F4A424A41520043EABF
S2140290F08213054AC2F8EC3E0422044B1A64DAE7ED
S2140291000122EBE70122F2E7003000B0002002B8AD
S21402911070B50E4607F09AFE054600F0E5FE0446D8
S21402912020B1284607F096FE204670BD04F02CFBC0
S214029130104B3278D3F8EC3E022A23F00F0314D0F9
S214029140101F42424241520013437278022A0ED046
S214029150111F4A424A41520043EA8203054AC2F8B4
S214029160EC3E0422044B1A64DBE70122ECE7012200
S214029170F2E700BF003000B0002002B82DE9F84345
S2140291800E780446042E0D4690F804810BD1002773
S2140291905FFA87F9484601F0FFFC08B14E4602E046
S2140291A00137042FF4D1304601F0F6FC002845D0F2
S2140291B094F80431B34208D1AA88A36C9A4204D127
S2140291C06A88B4F806319A4235D084F80461AB88CE
S2140291D03046A4F808316B88A4F80631AB8804F54B
S2140291E08275A364FF23A37511F022FD60752846DD
S2140291F001F092FC18BB284601F0C4FCF8B9D4F87A
S214029200C43053B194F80411414506D02046B3F950
S2140292101220ECF7A3F884F80D01204601F0FEFCBC
S2140292200949A4F808010123084AD1F8FC1004F100
S214029230D80003F011FD0020BDE8F88301200E23BC
S21402924084F80431F8E700BF004F00B0A43F00B036
S21402925070B5054690F804010C460E281DD0FF296D
S2140292601DD01AB14FF0FF320E4B1A6011F0E0FC1F
S214029270064695F8040101F0C3FC844228BF044662
S214029280E4B2B44238BF3446E0B2A87501F0BAFD83
S214029290A0F1FF035842584170BD0220FCE70120AE
S2140292A0FAE700BFF00B002010B590F80431044630
S2140292B00E2B3ED0D0F8C4304175BBB3D0F8D420C4
S2140292C0DAB990F80D318B421DD300222046FFF703
S2140292D0BFFF88B9184B1B7813F0FD0F0BD1204641
S2140292E001F09CFC15490123154AD1F8FC1004F143
S2140292F0D80003F0B1FC002010BDB0F92420B3F969
S21402930012309A42E1DD0022204694F80D11FFF752
S2140293109FFF0028F0D1C4F8C400204611F00CF9D3
S21402932001462046BDE81040FEF7BABEFF2383750D
S214029330E1E70220E0E700BF100D0020004F00B07A
S214029340A43F00B0C36B012B01D10020704770B55B
S21402935005464D498EB011F0A8FCD5F8C46001460A
S2140293602C8BC5F8C80026B1336813B15B68002B96
S2140293705CD107F06BFD07F06DFD0123D5F8C81030
S2140293808DF80E30B389D6E90120E31A9BB200FBB2
S21402939003223E48ADF80C3003680292994207D089
S2140293A0284611F076FA802239493A4B88671A61C4
S2140293B0394C384E00F05EFD0128FBD1236CDA07EB
S2140293C0F8D4336CDB01F5D4D5F8C81028460D91D5
S2140293D09DF80E20029908AB03F032F918BB08A9D3
S2140293E001A803F045FBF0B92A8B2C4B5A642B7C60
S2140293F060F341032B7411F0A5FBD5F8C430024686
S2140294005B691968431EDBB2FD2B049114D9CC1C90
S21402941012D9234B01311B6815D0D81C10D8284608
S21402942004A904930AE002200EB070BD1A68032A4B
S2140294309FD99B6A5B0EA3E7284604A911F06CFB32
S21402944000200EB070BDD91C04D8284604A9049387
S21402945011F062FBD5F82C319B0504D42B7C43F02B
S21402946002032B74ECE74FF48031284611F0D6F84D
S214029470D5E94A2302400B4052EA0301E0D00949EB
S214029480284609688847DBE7FC4F00B024290020FD
S214029490003F00B0000002B800C002B8008001B869
S2140294A0FC0B0020EC0B002038B590F81051044657
S2140294B03DB307F0CBFC1F22124B013D5A6215400A
S2140294C0114A12495562D4F814518D66D4F81851CF
S2140294D0CD66D1F80011C9070FD54FF0FF31C3F89A
S2140294E00411216CC2F804114FF0F041C3F81011B8
S2140294F0E37CDB060B40C2F81031BDE8384007F0CB
S214029500A9BC38BD006001B8005001B8004001B8DF
S2140295102DE9F74F06461546084619B9012003B04D
S214029520BDE8F08F002AF9D0032904D8002101F003
S2140295302DFA0028F2D0B0F90010837800290488AA
S214029540077990F805B0B0F806C003F00702C0F23B
S214029550CE80A2F10708D8F1000141EB0801052AE6
S214029560297394BF0021C3F30011C3F380106973FB
S2140295709909287401F00201C3F3C0000143C3F342
S21402958040136974AB74EF74736BA5F814C0D806F5
S21402959000F19980063A012A00F29580554B4FF069
S2140295A001095B6D4FF03A431A6DDB6C083C03F021
S2140295B00703063309FA03F9002309F1FF3942F0DB
S2140295C0005804EA090418F804A0013404EA09045D
S2140295D0AB60631D03EA09035A1C02EA090218F883
S2140295E0037018F80220BAF1800F737C18BFAAF134
S2140295F0320A47EA02270CBF6FF07F0A4FFA8AFA4E
S2140296003FB2A3B30020D6F8D0300BB151469847EC
S2140296100134E87385F80EA004EA090418F8041069
S214029620013404EA090418F80430013404EA09048F
S21402963041EA032118F80430013404EA090441EA35
S214029640034118F8043041EA036117F4804305D059
S214029650294BDB6EB3FA83F35B095B0030466A7C08
S21402966003F0BCFB06232860AB71002057E7F90421
S21402967025D5D6F8C830ABB11A68022A12D993F8A3
S2140296802400C7F30B03DB0008B1B3FBF0F39B45E2
S214029690B8D8002BB6D0CBEB0B20B0FBF3F0C04310
S2140296A0C0B2B0E729463046FFF7E2FC01903046EA
S2140296B011F00AF9019BB3FBF0F0C0B2E1E718F82B
S2140296C004004000ECE700230020EB730B4BDA6942
S2140296D0C2F30723120448BF63F0FF035AB212F123
S2140296E0800F1CBF323B5AB2AA730346BBE7022066
S2140296F015E700BF004000B8003F00B000C000B849
S21402970070B54FF03A434FF480640A4DD3F81861AF
S2140297100020C5F81841C5F8144104F0F9F84FF4D2
S21402972000532B67730542BF034BC5F81441C3F8B9
S214029730184170BD002000BA001000BA082310B10C
S214029740024A13647047024AFBE700BF001002B8E1
S214029750002002B8F8B504460E4611B9037C5A0634
S21402976047D44FF6FF73A18BD4F8C870994204D041
S214029770344B1B680BB120469847334D2B68BB42CF
S21402978054D0324B1B683BB11FB13A68002A4FD007
S214029790BF683946204698470727204601F03EFA1A
S2140297A0002E39D004F048FE0620294B94F91220E8
S2140297B093F900302749C3F127039B1A0A6ADB0292
S2140297C022F4FF2203F4FF2313430B62D4F8C820CB
S2140297D0214B2A60986701F07DFB002501211F4A74
S2140297E01F4B1170204683F8845011F074F92846F6
S2140297F0F8BD4FF6FF71144DD0F8C8702A6866F3AC
S214029800861397428183037417D0104B1B68002B74
S214029810BAD101F003FA072712493B46124AD1F899
S214029820FC1004F1D80003F017FABBE70127B4E7EF
S2140298301746204639469847AEE701F0EFF901276A
S214029840EAE700BF2C29002024290020282900202E
S214029850FF2C002000C000B8006000B8012D0020D8
S214029860003F00B0004F00B0A43F00B02DE9F8431F
S2140298700D4600F0FFFA0128044630D1194F3B7816
S21402988083B92846EAF7E4FE054610B9EAF72AFF46
S2140298902C463B781BB10121022003F055F92046E5
S2140298A0BDE8F8830021022003F04EF911F0CCF94E
S2140298B00646DFF83490DFF83480D9F8F4331B0715
S2140298C0DFD411F0C1F9801B404541F6A2224FF0C9
S2140298D045018CBF00200120FEF73AFCEDE702248A
S2140298E0DDE700BF032D0020000002B83F420F0054
S2140298F008B558220021064811F02FFB1022FF213E
S214029900044811F02AFBBDE8084004F095BD00BFEC
S214029910F03E00B0343F00B0002373B58374692371
S214029920C0F8E03074234FF0FF350E26A0F8F4306E
S21402993064230446C0E93933C0E93B33C0E907551E
S21402994080F8046185644575C58203F075FD20467E
S214029950FFF7CEFF94F912102046FFF717FA60239E
S214029960114A40F6FF71D3644FF03A421163116711
S2140299700E4A2946D36440220D4B20461A64626B77
S214029980FFF758FA002240F2022310461946CDE9A4
S214029990006603F073FB01F013F9204602B0BDE83F
S2140299A07040FEF7B1BB00BF004000B8005000B8E0
S2140299B0002002B8044BD3F8EC3E13F0806F14BFBD
S2140299C023200020704700BF003000B00246F8B5E2
S2140299D0B0F8084100F1D805FFF7ECFF0B688E6877
S2140299E0013304BFD2F8E0300B604B68013304BF8A
S2140299F0D2F8EC304B60771C37D1D2F8E830CF681B
S214029A008B607E1C38D1D2F8E4600F69CE600137D5
S214029A1004BFD2F8D8700F614F69013704BFD2F87D
S214029A20DC704F618F69013704BFD2F8F0708F6126
S214029A308F6947BBC0F1640408688C61C2F8E830DD
S214029A404B68C2E93806C2E93B340B692846C2F8BD
S214029A50D8304B690F49C2F8DC30D1F8FC10072326
S214029A600D4A03F0F9F80020F8BD04F169031B1A49
S214029A70B34238BF3346C2E704F17406361ABE4212
S214029A8038BF3E46C1E76934241ABC4238BF3C465A
S214029A90D2E700BF004F00B0A43F00B038B504467E
S214029AA0074D21462868621C003818BF012002F0C4
S214029AB0BBFA2B680020003B18BF0123A37038BDF9
S214029AC03C29002038B5054C054B417800782568BE
S214029AD0236002F0FBF900B1256038BD3C29002066
S214029AE064D2030070B507F0B1F905460B4E00F0DC
S214029AF0C1F9012804D0284607F0ACF9022070BD4F
S214029B00F36813F0706FF2D1F46814F08054EED15B
S214029B10284607F09FF92046F1E700BF000002B88A
S214029B200A4B10B51B68044673B1094B48B10121B4
S214029B30084A1A60022003F007F80020064B1C7041
S214029B4010BD01461860F5E70220F9E73C2900201F
S214029B50402900205CD20300032D0020014B187818
S214029B60704700BF032D002038B507F06FF94FF697
S214029B70FF710A4A13888B4203D107F06BF9032060
S214029B8038BD074C074D1B046566A4F58054636612
S214029B90118007F05FF90020F2E700BF0E0D0020EB
S214029BA0006001B80000FFFF2DE9F34105460F46AD
S214029BB01446FFF7A3F890B1DFF8E08102F0B0FF99
S214029BC0D8F81430DE0740F1CE8007F03FF906469B
S214029BD0032001F055FC38B1304607F03BF9022667
S214029BE0304602B0BDE8F081D8F8143013F0060F04
S214029BF0F2D1304607F02EF95C4B4FF4006128464E
S214029C00D3F8EC8ED3F8CC6E04F00CFC38B14FF4DB
S214029C1000720121564B08461A64FEF7F1F83946DF
S214029C202846FEF73DFA514BC3F8CC6EC3F8EC8ECD
S214029C3006460028D4D12B7CD80601D4002C55D059
S214029C40C4F3400003F066FD022314F4807F1FBFB6
S214029C50484A002113644FF03A420BBF444A9161CE
S214029C601364536303F090FD4FF4806314F0040F03
S214029C7014BF414A414A14F0400F53624FF00402A7
S214029C803B4B20461A644FF0400314BF3C4A3D4A01
S214029C90C2F88830FEF7C0FE284610F04CFE38B1F7
S214029CA04FF4807314F0010F14BF324A304A136423
S214029CB0A10642D54FF6FF726B8C93420FD0324A02
S214029CC03249526E100CC2F301120132B3FBF2F3A8
S214029CD00880294A29492E481B0448665366003CD8
S214029CE018BF01242B7C64F304132B74284610F04F
S214029CF0EFFEF0B1284610F01EFED0B14FF4003150
S214029D00284604F08FFB431C03229BB2214801A97C
S214029D1010F04EFF9DF8042002F00703052B9DF875
S214029D20053013D112070BD443F480731A4AC2F8D3
S214029D30D430002010F079FF52E7FFF715FFCEE788
S214029D4013F0040F09D19DF80630EDE703F0300258
S214029D50202A05D113F0010FF4E74FF48073E5E7EC
S214029D609DF80630E2E703263AE700BF003000B06F
S214029D70002002B8001002B8005001B8006001B816
S214029D8000D000B800E000B8004001B80E0D002078
S214029D900000FFFF0C0000BA003E00B000C001B891
S214029DA008B5094BD3F84C315A1C0CD05B000AD4C8
S214029DB00320FEF73FFF4FF08062044BDA64012275
S214029DC05A6102229A6208BD0080E00F001002B8B3
S214029DD04FF40022034B186C03F500531A64C0F3C9
S214029DE0C0407047000002B8014B024A1A60704732
S214029DF028290020F1880200024B586900F0010071
S214029E00704700BF00C001B8084B5A69D10707D592
S214029E1008B901F0EDB95B69DA0706D401F0DAB9E0
S214029E205B69DB0701D40028F8D1704700C001B88F
S214029E304FF0806310B1024A53617047014AFBE754
S214029E40001002B8002002B8202350B1064AC2F819
S214029E50F433064B196C11F0020104D1032002F010
S214029E6073BE034AF3E77047001002B800C002B898
S214029E70002002B80F4BDB68C3F30363013B0B2BD6
S214029E800FD8DFE803F006060C06060606080A08E0
S214029E9008080220704704207047052070470320F8
S214029EA07047054B5B6913F0060F0CBF01200420B8
S214029EB0704700BF000002B800C001B8094AD36864
S214029EC0C3F303630B2B08D06FF49050184100F0D5
S214029ED0010080F0010040007047106C10F48030E2
S214029EE0EDD17047000002B80C4AD368C3F303638F
S214029EF0062B07D8042BD8B20BD8C31E584258419B
S214029F0040007047072B06D1D2F844010028ECD156
S214029F107047022070470020704700BF000002B85A
S214029F20F0B5CF072BD5002A14BFAA2555250E4615
S214029F301E24154F01F0030383F001033B449B7874
S214029F4006F0070C17F80CC0013C63444FEA5606AD
S214029F50F6D10E4E73436FF481769B0C334482B96E
S214029F6091FAA1F195FAA5F54A082D0F490042EAA1
S214029F70C57201F00204C474C0E91023F0BDAA251C
S214029F80D5E7034AF7E700BF78D2030036FC100095
S214029F90B756351230B547F6FE74164BC3F8304244
S214029FA0456C04EA4504144DC5F830420F245C663D
S214029FB0CC071CD5DAB901246C664FF0FF34C3F81F
S214029FC00441056C0C4CC4F804514FF0F045C3F83C
S214029FD01051C37CDB062B40C4F8103132B14FF06F
S214029FE03A430222C0F88010C3F8F42030BD02249F
S214029FF0E2E700BF006001B8005001B813B5437C29
S21402A0000446033BDBB2072B96BF104A0021D15C05
S21402A010FEF70AFE012001F057F84FF4F0620C4BEF
S21402A020DA644FF40072A3F58053DA64637C053B6E
S21402A030012B08D80421074B01229B6E0DEB010071
S21402A040019300F021FB02B010BD00BF70D20300E6
S21402A050006000B8004001B8012310B580F8F63061
S21402A0602823C0F8DC30042304464374044B1968E2
S21402A07010F02CFA2046FFF7C1FF002010BD00BFEB
S21402A080BCD20300012310B580F8F6302823C0F8AE
S21402A090DC30022304464374044B196810F016FAA7
S21402A0A02046FFF7ABFF002010BD00BFC0D2030062
S21402A0B0012910B5044604D90239012914D903200E
S21402A0C011E00B4B19680523012284F8F6204FF4A1
S21402A0D0BC726374C4F8DC20204610F0F7F9204600
S21402A0E0FFF78CFF002010BD024B19680623EBE732
S21402A0F0B8D20300B4D20300012310B580F8F630BC
S21402A1004FF4BC73C0F8DC30082304464374044B97
S21402A110196810F0DBF92046FFF770FF002010BD2B
S21402A120B0D2030038B5184B04461D6845B1EB683B
S21402A13033B1286801F016FCAB68186801F012FC0F
S21402A140124B1B682BB1DA681AB19B68186801F0CB
S21402A15009FC0F4B1B682BB1DA681AB19B681868AA
S21402A16001F000FC0B4B1B682BB1DA681AB19B6836
S21402A170186801F0F7FB2046FFF784FF2046BDE88B
S21402A1803840FFF73BBF00BFC0D20300BCD203007B
S21402A190B8D20300B4D20300F8B5D0F8143104469E
S21402A1A08B420D46164603D190F81031202B0ED066
S21402A1B0324629462046FFF7B3FE202384F81031A4
S21402A1C00023C4F81451C4F81831FFF76DF94FF0A4
S21402A1D00077074B32461F6429462046FFF7DAFE11
S21402A1E08022044B1A6103F500531F64F8BD00BFBA
S21402A1F0001002B8000002B8072330B5124D134C07
S21402A200EB63134B69B1442140F0400059639863F5
S21402A2100123E3634FF4804392B1C4F804310A4A3F
S21402A22007E0596399634FF48043084AE163C4F830
S21402A2300431C2F80831C2F80C31C2F8103130BD10
S21402A240C5F80431EBE700BF006000B8005000B864
S21402A250004000B8034BD3F8F80780F00070C0F354
S21402A26040607047000002B810B5407CA0B1304B89
S21402A270D3F8B82012F0060F01D004280DD94FF4F7
S21402A28070622C4BDA604FF48072A3F58053DA606A
S21402A2900022274BC3F8B42010BD02F0020412F0CD
S21402A2A0040202D00B789B0637D4002C39D00B78E8
S21402A2B003F00F03072B34D14B78022B31D98B785E
S21402A2C013F03E0F2DD0CC7814F0040F29D014F0E2
S21402A2D0010F0CBF04230A23A40748BF0633CB5C36
S21402A2E0FBB1002A14BF02220122042840F6FF70A6
S21402A2F003F01F0108BF4900013940EA01310E4848
S21402A30001654FF470600B491202C860A1F58051D6
S21402A310CA60074AC2F8B430BEE7002CC7D18B78B1
S21402A32023B90023044A13650122EAE70222DCE786
S21402A330003E00B0006000B8004000B80A68064B55
S21402A34012F0802F1CBF42F20101C3F82812C3F894
S21402A3508822C3F88C227047004001B8F0B585B059
S21402A3606C460E460B4B074615460FCB84E80F008D
S21402A370094BD3F84822009226B16B1EDBB2FD2BA6
S21402A38088BF32602A462146384610F0C5FB05B023
S21402A390F0BD00BF80D203000080E00F30B5082376
S21402A3A0054685B080B9094AC2F8FC3351B96C46F5
S21402A3B0074B0FCB84E80F00064B2A462146186847
S21402A3C0FFF7CCFF05B030BD034AEDE7001002B838
S21402A3D090D20300B8260020002002B838B5044602
S21402A3E001F0D6F901213A20E9F792FFE0782179C7
S21402A3F0154A40EA0143C2F8DC34E579A37943EA18
S21402A4000543C2F8E03423781BB100230422EAF79E
S21402A41091FD63782BB100230422E179A079EAF753
S21402A42089FD2278012352B1084AC2F8D8346278EC
S21402A430022332B1054A0020C2F8D83438BD044A95
S21402A440F3E7034AF7E700BF00C0035000D003500B
S21402A45000E003504FF03A43D3F81421D2031ED53E
S21402A4604FF480320E49C1F81421A1F58051C1F88B
S21402A47018215A6DD1B2C2F30722C3F8A410C3F84A
S21402A480A4200422C3F8A4200022C3F8A420C3F800
S21402A490A420C3F8A420C3F8A420C3F8A4207047BD
S21402A4A0002000BAF8B50D464FF03A441746064665
S21402A4B006F0CCFC01230421074A6363E7602661A9
S21402A4C06561C2F81411054AC2F8843106F0C2FC6E
S21402A4D00DB102236363F8BD002000BA00E100E07C
S21402A4E0054B012218604FF03A435A6740F6FF7256
S21402A4F0D96418651A677047482900202DE9F0418B
S21402A50005460124006800F00700063004FA00F34E
S21402A510A868EC685E1EA04262D000EA060E6C686E
S21402A52010441E430640A3EB0E000EEB040C8242C0
S21402A530644618D9D31A0EEB030298B1431E052BB4
S21402A54004D94B1CACEB0303022B59D80B46084428
S21402A550ACEB010E03EB0E0113F8014B83420C70B9
S21402A560F8D101466C688AB1531E052B01F101032E
S21402A57002D9E01A022812D80A44611E00E001330A
S21402A58013F8010C934201F8010FF8D106F05EFCB5
S21402A5900223AE60AB62BDE8F04106F05BBC0B4640
S21402A5A0204622F0030E8E4453F804CB734540F83F
S21402A5B004CBF9D122F00303D01A920701EB030C65
S21402A5C004EB0307E2D0CA5C0128E254DED09CF812
S21402A5D0013002287B70D9D09CF80230BB70D5E7D8
S21402A5E0042A35D90878043AA86148780431A86163
S21402A5F011F8020CA86111F8010CA861A8688CE792
S21402A6000B4620F003070F44ACEB010E1C684EF815
S21402A61003400433BB42F9D120F0030310F0030FCA
S21402A62001EB030EA0EB03040CEB030728D011F892
S21402A6300380012C0CF8038022D09EF80130022CF5
S21402A6407B7018BF9EF80230084418BFBB7088E7BC
S21402A650013A032A12D8DFE802F00F1507020B466A
S21402A66013F8012B1946AA610A4612F8013BAB61A0
S21402A670114611F8013BAB610B78AB61BDE8F08186
S21402A68008446EE70A46F3E738B50B461546014618
S21402A6904FF03A4470B101221048C4F8F4201A462A
S21402A6A0FFF72CFF25B14FF03A430422C3F8F420FB
S21402A6B0002038BD73B1D4F8D8209A4284BF012254
S21402A6C0C4F8F4204FF03A42C2F8D4300223C2F85B
S21402A6D0F430E7E70123C4F8F430E3E7CC0000BA2D
S21402A6E010B506F0B3FB4FF03A4301225A67C3F89F
S21402A6F0B420C3F88C20154A1549C3F890200722C7
S21402A700C3F8B020134B04461A800023124A138063
S21402A7104FF4A022C1F81421A1F58051C1F81821E6
S21402A7200E4A13600E4B1B6C5B020AD54FF4800276
S21402A7300C4B18680C4BD8301A6450F8A41C01F065
S21402A740B5FA2046BDE8104006F084BB6011002032
S21402A750002000BACE2B0020CC2B0020442900205B
S21402A760000002B8B8260020002002B807220D4BCF
S21402A77001211A8000220C4B1A804FF03A43C3F88C
S21402A780F410C3F8CC204FF40052C3F8D000C3F83C
S21402A790F020F022054B9A64A022A3F580539A6417
S21402A7A0FFF79EBFCE2B0020CC2B0020006000B807
S21402A7B02DE9F041044688B106F048FB3D4E3E4A7C
S21402A7C03388032C03F0780105463C4F03F07F0CD8
S21402A7D011445DD13C6824B906F03CFB0320BDE879
S21402A7E0F08124F00104386820F00100A04254D120
S21402A7F000223A6022888C426FEA42426FEA524254
S21402A800228040D12E4CDFF8D0C02788ACF18008D9
S21402A8103A46083A92B201F10800604528BF40461F
S21402A820082A04D9B0F900E0BEF1000F40DB22800E
S21402A83088780C884FF03A413B449B1ADBB2C4F34B
S21402A8400C048C653380C1F89830C1F8B0204FF400
S21402A85080221C4B00F00700C3F8142101221A4B79
S21402A860C3F88421FFF7F6FD04280CD14FF48002CA
S21402A870164B1B6C164B1868164BD8301A6450F8D9
S21402A880A41C01F013FA284606F0E4FA0020A6E714
S21402A890601E012898BF0C46A5E709486244008856
S21402A8A0A21A48BF803208389042A3DC284693E7B3
S21402A8B00146AEE7CC2B0020601100204429002080
S21402A8C0CE2B0020002000BA00E100E0000002B813
S21402A8D0B8260020002002B8E01100201249134BCF
S21402A8E00A881B8812481344083292B20A804FF034
S21402A8F03A41C1F8B0204FF480210E4A073BC2F815
S21402A9001411012103F07803034498780A4A00F0F0
S21402A91007000428C2F8841103D10849CA68120342
S21402A920FCD4074A13607047CE2B0020CC2B0020A5
S21402A93060110020002000BA00E100E0000002B82A
S21402A9404429002010B5054C206828B1C30701D45D
S21402A950FFF72EFF0023236010BD00BF442900200E
S21402A9604FF48033084AC2F81831A2F58052C2F872
S21402A97014314FF03A43D3F8AC30C3F30C03782BC0
S21402A98001D8FFF767BD7047002000BA2DE9F843EB
S21402A99004460E4606F05AFA514B81461A8851482A
S21402A9A0514D02F07801032C2D8802F07F030144FA
S21402A9B017D14E4C24688CB92A44073A02F0780222
S21402A9C084180344E31A48BF8033AB4210DB484680
S21402A9D006F040FA00242046BDE8F88324F001047D
S21402A9E0EFE7012C02D0022CEBD1083D0C46E8E73B
S21402A9F0002E44D08C4246D14FF03A42D2F85880CC
S21402AA004FF03A410127CA6C02F00702063297401D
S21402AA10D1F8AC20C2F30C029A4247DDB4F90030FA
S21402AA202588002BD3DBA378C5F30C0503F00703B8
S21402AA307A1EA5EB08053A43052B337005EA020594
S21402AA402CD82DB2E84340F236420421C00FFDF75F
S21402AA507FFB7580E378264A337412687B1E03EA0E
S21402AA600803D118B160A9B213FA85F5BD4291BFA9
S21402AA700023FF1AB780F2609CBFB180F36048469D
S21402AA8006F0E8F9A7E7A4F10802824238BF04F10B
S21402AA907802B2F80080C8F30C08B1E7154B5B6D7C
S21402AAA0003B18BF0123A5EBC305CAE74B6D7A1E10
S21402AAB0A3EB08033A431A400F4B15B2DB6862B9A0
S21402AAC0C3F30363D91E4B424B41DB0033700A4B80
S21402AAD072809B6CC3F30723BDE70823F6E700BF2B
S21402AAE0CC2B002060110020CE2B00204429002011
S21402AAF048290020004000B8000002B8054BA622F4
S21402AB00D3F84C013121431C0CBF0120C0F38070E6
S21402AB10FDF71EBB0080E00F38B5134D04462978BA
S21402AB2019B92022114810F018FA6188104A2378C1
S21402AB305180002113700F4A022BC2F8CC104FF03E
S21402AB40FF010D4A0D4B11704FF007010C4A4FF0F2
S21402AB500000C2F8FC130CBF04220122C3F8FC2337
S21402AB6001232B7038BD00BF042D0020E03F00B04B
S21402AB70100D0020004001B8340D0020001002B86D
S21402AB80002002B8034B1A6802609B88838000206C
S21402AB90704700BF100D002010B5044600F0F8FD07
S21402ABA0064BD3F8F83724B983F40033C3F3404096
S21402ABB010BDA31E58425841FAE700BF000002B873
S21402ABC04FF63F7208B50A4BD3F8FC37934206D0CD
S21402ABD0084AC3F301131370E022074B1A7000F001
S21402ABE031FE41F66A03B0FBF3F0044B186008BD71
S21402ABF0000002B8350D0020360D00204C2900203A
S21402AC0020B1022804D1034B18787047024BFBE7A9
S21402AC1000207047350D0020360D00202DE9F74F35
S21402AC20846C4C22022C38BF02246A49013C0B6A0F
S21402AC30D1F8CC506849C3F38213DA400B68064653
S21402AC40A34290F804B1654BDFF8ACA1DFF8AC91F3
S21402AC50DFF8AC8102F0010214D11878904211D1CB
S21402AC609AF8000058450DD1F06C58B1A84209D1A7
S21402AC70B57D99F80000854204D1B8F8040003B007
S21402AC80BDE8F08F0C6098F800101A700846FFF7BF
S21402AC90B7FF002A00F0868004234FF07F4100258C
S21402ACA04F4AC2F8B8304F4BC3F8B810B37D1B06F4
S21402ACB0C2F8B8304FF08052494BC3F8B42000F0C7
S21402ACC0C1FD40F27123B0FBF3F01921604318284E
S21402ACD0B0FBF1F14FEA054470D8002C78D0B4FAF4
S21402ACE084F2C2F12002C2F10F03012B38BF012306
S21402ACF0D440A14201D2013B64086A1C03F01F0142
S21402AD0052008A40384F121B9208C7F8B0201A0227
S21402AD1042EA03121343019305EB052305EB0325D1
S21402AD20324B40F6C70218682B21003818BF0120A4
S21402AD30FDF70EFAFA222D4B02FB04F01B6840F6D2
S21402AD40FF72B0FBF3F00A235843294B00F57A74DE
S21402AD50C3F8C420019AA3F58053C3F8C420A3F510
S21402AD608053C3F8CC50D3F8CC3000F58C50C7F8DB
S21402AD70FC30F5641F4D14302C6001F017FF4FF4C1
S21402AD807A72C7F8A400C7F8F8002B68B4FBF2F092
S21402AD90B3FBF2F3A8F80430B37D8AF800B089F862
S21402ADA000306CE7002914BF10252025B37D8342AE
S21402ADB094BFED182D1805F0FF057BE7B1FA81F276
S21402ADC034B1B4FA84F3D21A002A8CDC0F2390E74B
S21402ADD00F2392E7004001B8F00B0020052D00205B
S21402ADE0001002B8002002B8003F00B04C29002034
S21402ADF0006001B850290020330D0020320D0020DB
S21402AE00100D002010B5114B01461B78104C0E2B6E
S21402AE1002D1FF20207010BD18460FF009FF02462F
S21402AE201846FFF7EDFE884228BF0846C0B2904299
S21402AE3038BF10462378C0B28342ECD0054B207050
S21402AE401868FFF7EBFE2078E5E700BF100D00203C
S21402AE50340D0020B826002010B50446FCF7EAFEA2
S21402AE6078B1154B1B786BB964B1144B1B784BB198
S21402AE70134B1B78013B012B04D84FF40042114BB5
S21402AE80DA6410BD104BDB6C1B04FAD405F0DEFF4F
S21402AE90044602F079FC4FF400420C4B2046BDE813
S21402AEA01040DA6402220A4BC3F87C240422054BC3
S21402AEB01A6405F0CFBF00BF062D0020072D002024
S21402AEC054290020002002B8000002B8001002B880
S21402AED000D003504FF48022014B9A64704700BFA3
S21402AEE0005000B870B5054600F052FC01213A2029
S21402AEF0E9F70EFA424C434B00201D70FFF7ACFFF9
S21402AF002378013B012B0CD80122217CE37B8A406B
S21402AF1030214B4342F2100103F1A04303F5703394
S21402AF205A500022384BC3F87C24ADB94FF6FF7155
S21402AF30364AC2F88410F821A2F58052C2F884106C
S21402AF40C3F87C54324B4FF08042DA644FF48022CE
S21402AF50304B00209A6470BD636883B300F072FCC5
S21402AF60626800EB5203B3FBF2F3013B1B0243F0B1
S21402AF70F80326782549022E264A22D0032E4FF6BB
S21402AF80FF7521482AD0012E33D143F00203C1F8BF
S21402AF908450C2F884300723C0F87C343021E37B27
S21402AFA001204B4341F21001227C03F1A04300FA38
S21402AFB002F203F570335A50FFF74EFF17E0F823FC
S21402AFC0D7E74FF6FF7043F00103C1F88400C2F8DA
S21402AFD0843006220C4BC3F87C24DFE743F00503DB
S21402AFE0C1F88450C2F884300423C0F87C340A4B7B
S21402AFF0A9E7C1F88450C2F884300023F5E700BF01
S21402B00054290020072D002000C00350006000B81D
S21402B010002002B8005000B8001002B8F8B5214F60
S21402B02006463D4604460FCE0FC533682B6000F039
S21402B030AFFB01213A20E9F76BF900221A4BC3F85D
S21402B0407C24A17A627A42EA0142C3F88824217CEF
S21402B050E27B42EA0142C3F88424207B617B40EA19
S21402B0600142C3F880243B78032B19D8DFE803F0AB
S21402B0701202060C00230422E9F75CFF00230422D6
S21402B080217CE07BE9F756FF01230422A17A607A4D
S21402B090E9F750FF054B1878BDE8F840FFF722BFE6
S21402B0A00120F8BD5429002000C00350072D0020BF
S21402B0B0034BDB6C002BBCBF024BC3F88800704707
S21402B0C0000002B8004000B84FF0006338B1064AEC
S21402B0D0D364064B4FF40032C3F884207047044A08
S21402B0E0D364044BF6E700BF001002B8005000B865
S21402B0F0002002B8006000B82DE9F0472D4B2E4C18
S21402B1004FF47A76A36000F09DFB4FF4FA73B0FB1F
S21402B110F6F6734307462948190E1B021818284AE2
S21402B1204FF0000341F1000103F0CEF9A0F5807361
S21402B1300546236320B966222B21FDF709F801256F
S21402B1404FF47A724FF0000A6A43534650083102AF
S21402B15003F0BAF91B4BB7F57A7F19601A4B4FEA20
S21402B16005688946044618604FEA152505D27622F8
S21402B1702B215046FCF7ECFF01264FF47A73A8FB0E
S21402B180030103FB05117308C01841F100010023F7
S21402B190324603F099F90D4B023419600C4B49F113
S21402B1A00009A408186044EA8974034B013C9C63B6
S21402B1B0BDE8F0870211010000C001B820A1070017
S21402B1C040420F0074290020702900206C290020BC
S21402B1D0682900201022044BC3F884215A600122F9
S21402B1E0024BDA60704700BF00E100E000C001B821
S21402B1F01022064BC3F88421C3F88420BFF34F8F76
S21402B200BFF36F8F0422024BDA60704700E100E062
S21402B21000C001B810B50446A242A2EB0000A3EBA0
S21402B220010104D2034B01399B6B0133184401F030
S21402B230030110BD00C001B838B501250A4B020152
S21402B2409D504FF480730446084A8340536605F0C7
S21402B250FDFD074AA540137823EA05031370BDE8EF
S21402B260384005F0F7BD00BF00E101B800E001B8C4
S21402B270082D00202DE9F84F164605468A461F4639
S21402B28005F0E4FD022E00F0B080804605F0E5FDF4
S21402B290694B6A4AD3F8209092F88D405A6EE4B20F
S21402B2A0520744BFD3F82090013405F0DCFD644B0E
S21402B2B0644A1B681168A3FB093213F100434FEA84
S21402B2C0847301FB093343EB020304F00302DAF84A
S21402B2D00040012E04BF0134E418A3EB040308BFA8
S21402B2E0CAF80040B3F1804FC0F093804FF00040A0
S21402B2F000235549D1F800C024F04041ECFB01037D
S21402B3005248A40F006800FB01334B495048896B32
S21402B3108B4281BF013401315B1A04F00304A41A84
S21402B320994584BF444A04F1FF3404F0030488BFFD
S21402B330926BA3EB090C4455A4B1FC0742BF41F63D
S21402B3401F71444A5167B90742BF424A4249516790
S21402B3507A0742BF0021384A91673C0742BF002164
S21402B360354A91654FF0110A4FF0010E324A05F147
S21402B3701004240102EB051BCBF80C3142F804A0A2
S21402B380136A3649A3EB09030EFA05F4D2F8649061
S21402B3900A78E4B2224363450A7025D34FF48073D9
S21402B3A0AB4019EA030F1FD1425D002A40D10EB30B
S21402B3B02B4AF807536607D541F61F7140F2011073
S21402B3C0244B596750675967B90706D5214B224A5D
S21402B3D0234924485A6748675A677A0742BF0122B8
S21402B3E0214B1A613B071AD4404605F033FD012073
S21402B3F0BDE8F88F1D4A2D0142F805E042F89C3C54
S21402B40005F024FD15490B7823EA04030B7005F0BA
S21402B41021FD404605F01EFD0020BDE8F88F2120E4
S21402B420FFF746FE4FF48032034B4046DA60DCE715
S21402B4300B4A40465366D8E700C001B8003E00B04B
S21402B440682900206C290020702900207429002019
S21402B450092D002000E001B800001F1F082D002063
S21402B46000D001B800000101000002B800E101B8F6
S21402B470024B1878003818BF01207047082D0020AC
S21402B480034B10300001185800F00100704700BF4F
S21402B49000C001B8044B01F0F071103041F0030116
S21402B4A000011950704700BF00C001B838B505F05A
S21402B4B0D4FC084B084A1D6A92F88D405A6EE4B2D4
S21402B4C0520744BF1D6A013405F0CDFC284604F03D
S21402B4D0030138BD00C001B8003E00B038B50B4BC2
S21402B4E003EB001210300001D2F80C411D58FFF792
S21402B4F0DDFFAB0706D5844200D90139204601F0AC
S21402B500030138BD844238BF0131F7E700C001B8F5
S21402B51008B52220FFF7CCFD4FF48022014BDA60FB
S21402B52008BD00BF00C001B8064B1B68434303EBCF
S21402B5308171054B1B68A3FB003013F1004341EBFE
S21402B540000070476C290020682900200C4A20F071
S21402B5504043014610B5002014684FF00042E4FB59
S21402B5600320084A890F126802FB0300064B9B6BF6
S21402B570984204D901330131C01A01F0030110BD0B
S21402B580702900207429002000C001B8F8B50646CC
S21402B590FEF732FC044608B1FFF72AFE00230B4DE5
S21402B5A00B4FAB613046EB612B6287F88D30FFF7AD
S21402B5B0CDFFC9B287F88D1028622CB1FFF70AFEBC
S21402B5C04FF08062034B1A640020F8BD00C001B839
S21402B5D0003E00B0002002B870B50C68651C15D09D
S21402B5E0C4F302669E42C4F3074530D1A4B2944225
S21402B5F02DD804EB8506B24229D2141BA50824F0E6
S21402B60003040E59340F04D0012C09D00022012362
S21402B61003E06B1C51F8232000230260037170BD07
S21402B6200D4C34F8133042EA03431A686B1C51F887
S21402B630234001EB83014B6822405E4036F07044A3
S21402B640EAD11B0F032B04BF8B681A43E4E70135CC
S21402B65001EB8501C1E700BFA8D2030070B516460C
S21402B660054610B90124204670BD0029FAD042686A
S21402B670104B006803321B68920800F1304098476E
S21402B68004460028EFD1002EECD0EA68A868033200
S21402B6903146920800F130400FF0FEFA04460028C8
S21402B6A0E1D1D5E90402214600F130400FF055FC05
S21402B6B0D9E700BFF80B002007B501A8E9F714FE8A
S21402B6C09DF80530022B02BF40220B4BC3F8FC2329
S21402B6D0C8220A4B5A650A4B0A4AD3F86032DBB2D2
S21402B6E0FF2B08BF03239B0043F47F53C2F8F833B3
S21402B6F003B05DF804FB00BF001002B8008001B87A
S21402B7000080E00F000002B8002310B5194C01219A
S21402B71023643A206364A364E8F7FAFD0122164B19
S21402B7205A6102229A62E368C3F303630D2B01D0C7
S21402B730002BF8D11123114AA36311491148FFF7D0
S21402B7408DFF01F069FB104A936843B94FF080629F
S21402B750094B5A61012203F580535A6110BD0B4909
S21402B760D268096803F13043032AEFD943F8041B71
S21402B770043AF9E7000002B8001002B808D3030042
S21402B7800CD30300F0D20300D8D203000C0C002026
S21402B790012341F6FF710D4AC2F8803291660C4AC7
S21402B7A053600C4A53600C4A5360A2F580425360C1
S21402B7B0A2F54042536002F5C032536002F5804261
S21402B7C05360A2F500425360704700BF00900050DD
S21402B7D000D000B8001000BA005001B838B50324F3
S21402B7E0FFF7D6FF114A124B124DDA64FFF764FFD9
S21402B7F0114BC3F8E0400123EB6401F091F94FF4DA
S21402B80060736B614FF40073EB640FF09BF90021D9
S21402B810FEF7C4FD8022094B1C64A3F580535C64CA
S21402B820074BC3F884215A6038BD00BF0048F000B9
S21402B830000002B8001002B8005001B800A002B81A
S21402B84000E100E008B5E7F747FF044B1B6FC3F3C0
S21402B85000430133B0FBF3F008BD00BF0080005088
S21402B8602DE9F04F044687B003908A465AF8046BD7
S21402B870731C06D1039B2660E01A801007B0BDE851
S21402B880F08FC6F30745012D38BF0125324BC6F3AC
S21402B890016233F81230B7B247EA0347EB002F498A
S21402B8A00493043323448B424FEA167602D92C4B78
S21402B8B09C424ED907234FF00109D346D34003F0EA
S21402B8C0010309FA06F9029309F0940304F1080841
S21402B8D001950593059B0BF1040B53B919F0420F22
S21402B8E019D119F0280F0BD148F8087C5BF8042C04
S21402B8F020E040F2AA7232210020FCF729FCF3E78E
S21402B90040F2AF7232210298FCF722FC07F5805211
S21402B91048F8082CEAE74FF4F76232210298FCF75F
S21402B92017FC07F50052012E48F8082CDED15BF80A
S21402B930042CD243019B48F8042C013B07F1040770
S21402B94008F108080193C5D1049B0AEB85011C4443
S21402B9508BE7002092E700BFA0D20300DF4F00B0C3
S21402B960E04F00B0F8B50646E0B10024144B254679
S21402B9701F46144953F8042BAAB91348314600EB64
S21402B9808500FFF76DFF30B940F661023621BDE84B
S21402B990F840FCF7DDBB0D4B0135281847F824604C
S21402B9A023F81400F8BDB242FCD001340C2C02D0AD
S21402B9B031F81450DEE740F66F0236210020E6E743
S21402B9C078290020CE2B0020404000B0D02B00204B
S21402B9D070B5044690B1A9B13A4A52F8043B834284
S21402B9E012D10023384A116CC907FCD49B0003F518
S21402B9F0804340331360354B01221A6470BD013315
S21402BA000C2B02D1324D2CE0012352F8041BA1422A
S21402BA10F5D1304A32F81330E4E7C2F3016335F861
S21402BA201300110C93B211F0FE0F43EA0043606854
S21402BA3020D00434CAB2022A216808D9D4E90160A7
S21402BA40033AC3E9001698600C340C33F3E704D1CA
S21402BA506268C3E90012083403E0012A01D1043403
S21402BA6019602268531CD8D10022174B1A6003F5BE
S21402BA708053C1E7120F072AEDD8DFE802F0070469
S21402BA80090D1013181DC04303F500531860E2E7B2
S21402BA901A6842401A60DEE703F58053F6E70FF0B5
S21402BAA0F0F8D8E7012203F580538240F2E701223C
S21402BAB003F500538240EDE71A6830EA0202FBD132
S21402BAC0C9E700BF7829002000C002B800D002B83B
S21402BAD0A8D20300CE2B00200122014BDA64704765
S21402BAE0001002B80122014BDA647047002002B847
S21402BAF04022014BDA647047002002B84022014B14
S21402BB00DA647047001002B808B50C4B1B68D3F80D
S21402BB10C83023B11A68022A01D9186A08BDFFF78D
S21402BB2091FE074B02469B6D98B20028F6D0C3F3EF
S21402BB300743D2085343B3FBF0F0EFE7B8260020E2
S21402BB40004001B8064BDB68C3F30363984206D194
S21402BB50044A936E23F0F00343EA0111916670479C
S21402BB60000002B8003F00B010B50446FFF7CCFF55
S21402BB700F4AD2F838311B040E4B48BF40089B6C64
S21402BB8003F4C053B3F5805F0ABF936BC4F301138B
S21402BB90C3F34163012B02D0022B02D010BD400832
S21402BBA0FCE7C4F3C4240134B0FBF4F0F6E700BFAC
S21402BBB0004001B8004000B82DE9F0470E460FF0ED
S21402BBC043F800248046DFF8B4A0DFF8B49005F00E
S21402BBD03DF9DAF80C300746C3F30363012B0BD1A9
S21402BBE0711C35D00FF030F8A0EB0804384605F08B
S21402BBF031F9A642EBD80DE0052BF1D00B2BEFD096
S21402BC00023B012B09D9013602D00FF01DF8384647
S21402BC1005F020F91848BDE8F087D9F80C3013F47F
S21402BC20603FDDD0D9F818301A04C3F3891512D450
S21402BC30013602D00FF008F8384605F00BF92DB29F
S21402BC406FF4FF73A5F1C8009842B8BF1846E2E742
S21402BC5005F000F9BBE7731C03D00EF0F5FFA0EB6E
S21402BC6008046FEA85556FEA9555384605F0F2F8EE
S21402BC7015F5007FBDD0E3E700FEFFFF000002B827
S21402BC8000C000B80122024B98611A61704700BFDB
S21402BC90000001B8044BD3F8AC3010B1C3F3033242
S21402BCA0027003F00F007047000002B8094B01F063
S21402BCB080011B6C03F480030B4309D14FF400127E
S21402BCC0054B1A62837F1BB10122044BC3F8002185
S21402BCD0704700BF000002B8006001B8005001B80B
S21402BCE010B505F0B3F8084B04461B683BB19847FD
S21402BCF028B1002200204FF4806101F0A7F9204607
S21402BD00BDE8104005F0A6B8A82900204FF60401A9
S21402BD104FF60502044B01201B6C9BB28B4208BFF8
S21402BD201346024A136670470080E00F00C001B84F
S21402BD30074BD3F8483203F00303012B03D0022B40
S21402BD4003D00020704704F07EBEE7F70FBD00BFA9
S21402BD50008000502DE9F74FDFF8ECB081460F4621
S21402BD60DBF808A0FFF7A2FB4FF0FF35CDE9000194
S21402BD7000202C46064606F110031B015BF8033032
S21402BD8003F00308B8F1010F15D13046FFF7A6FB02
S21402BD9002460B46DDE90001FFF73CFADBF86430A9
S21402BDA006F10802D340DB0737D5002F3ED0002528
S21402BDB02C463E6040460136082EDCD150B3224F58
S21402BDC00AF44033B96B00220131A4FB0141641925
S21402BDD041F10001B3F5003F30D17B6B0AF4405AC3
S21402BDE0013342F10006BAF5805F22D13D6B15F5AC
S21402BDF0807505FB06F642F1000203FB0266A5FB10
S21402BE0003323244594304FB0212A3FB04341444A3
S21402BE10C9E9003403B0BDE8F08FA84271EB040311
S21402BE20C8D207B13E6005460C46C3E73D463C46CF
S21402BE30C0E7320242EA13621B02E3E73B6B13F5EA
S21402BE40807342F10002DDE700C001B8F8B50620B3
S21402BE500EF001FF04460EF0F7FE42F21073041BCA
S21402BE609C42054618D94FF080624F240B4B1A6449
S21402BE7041F26F770A4E0BE00EF0E6FE401BB84228
S21402BE804FF0F70221468CBF00200120FCF760F934
S21402BE90336C5B01F0D5F8BD1A24E9E7002002B83E
S21402BEA0000002B808B50EF064FF0122054B93F8B5
S21402BEB0853002335B00DBB202FA03F3024A5361B7
S21402BEC008BD00BF003E00B0002000B80B2870B5C9
S21402BED000F29580012900F292804A4B83F8840092
S21402BEE083F88510484B5B689D05C3F3402227D430
S21402BEF04FF038435A60454A506E44026BD5444B65
S21402BF005B6803F00303022B65D00223C2F84832B3
S21402BF100122404B9A604FF038435A60DA60996AC1
S21402BF200807FCD11969C907F8D540F2FF323A4B27
S21402BF309A615A614FF40072334BC3F884215A60F7
S21402BF40304C01213B20E8F7E3F994F8853094F869
S21402BF508420324943F4402343F41063063241F806
S21402BF602230FFF76FFC4608C507FFF7E1FE002305
S21402BF7002463146284602F0A7FA090241EA106153
S21402BF80C0F3C05040EA4100254BA067186B10F57D
S21402BF90807005D14FF4E1722B21FCF7D9F802200C
S21402BFA0024600230020012102F08EFAE067FFF726
S21402BFB0BFFE40F649435843000DFF2828BFFF2026
S21402BFC0022838BF0220002184F88C00012000F0ED
S21402BFD0BBFD002070BD10F4001006D0114B58684F
S21402BFE000F00300023818BF01204FF4A9721B218B
S21402BFF0FCF7AEF80122054BC3F8482288E7012079
S21402C000E8E700BF003E00B000E100E0008000501C
S21402C01000000250001000B8002000B80080035054
S21402C02000C001B80040025038B1064B93F88400B5
S21402C030087093F885301370704707230B7001233E
S21402C040F9E700BF003E00B070B5FFF7FFFE002123
S21402C050022000F079FD0EF0F7FD04460F4D104E5B
S21402C060D5F8F4331B070BD504F0F0FEBDE870409C
S21402C07002220C4BDA6001220B4B1A7004F0EABE65
S21402C0800EF0E2FD001BB04240F22A224FF04501BC
S21402C0908CBF00200120FCF75BF8E1E7000002B845
S21402C0A03F420F0000C001B8112D0020224910B5F2
S21402C0B00B78002B3FD00122204C94F885300233B7
S21402C0C05B0002FA03F31E4A93614FF400721D4BA3
S21402C0D0C3F8842100230B701B4B4FF43072186C8C
S21402C0E03921C0F38060FCF733F84FF48041174BD8
S21402C0F0174AC3F894100C2194F885304B4303F189
S21402C10038435B6BD4F88010994202BFD2F86C3188
S21402C110C4F88830D2F86431D4F8880008BFA4F88E
S21402C1208630B4F8861000F0A7F8BDE8104001216A
S21402C130022000F009BD10BD112D0020003E00B007
S21402C140002000B800E100E0000002B800E001B8FC
S21402C15000C001B810B50446FFF7EAFD6043044B81
S21402C16000F5F42000F59070B0FBF3F010BD00BFB0
S21402C17040420F002DE9F74FFFF7ECFF0546FFF7A9
S21402C18065FE04F063FE00214FF0384ADFF8E490C3
S21402C1900646684689F80010FFF7DCFD304BDAF8F1
S21402C1A02070DB6813F0706F1DD12E4B5B6913F0A5
S21402C1B0060818D100284CD0FFF744FB691DA1FBE6
S21402C1C000B4FFF7B5FD214602464346584602F044
S21402C1D07BF9DDE9004B090241EA10610002A04248
S21402C1E071EB0B0105D3304603B0BDE8F04F04F007
S21402C1F031BEFFF79DFD220A42EA0B624FEA1B237D
S21402C200A0FB02B200FB0324FFF71CFB43460246D8
S21402C2102146584602F058F90C220121124B0135EC
S21402C22093F885307F1B5A4302335B00074402F1C2
S21402C2303842DCB2576301FA04F40C4F99400C4BB7
S21402C2407C619961DAF82030526B2D1A9B1AAB4248
S21402C250C9D30222034BDA60012389F80030C2E711
S21402C260000002B800C001B8003E00B0002000B8CE
S21402C270001000B8112D00202DE9F04F4FF00C0AE7
S21402C2800027B54A054692F8854088460AFB04F31D
S21402C29003F138431F6392F88420B04B87B0C3F88B
S21402C2A0B4204FF40032AE4B46461A610222A3F582
S21402C2B08053DA604FF03843AA4A1B6A92F8241376
S21402C2C0AB46C9B2059192F829130134C9B204915A
S21402C2D0012104F0010482F8247382F82973A21C57
S21402C2E00AFB04F4500001FA00F003F1FF39029051
S21402C2F0019004F13844A3EB0903002B40F3FF80BE
S21402C3000137022F65D9DB220D210020FBF720FF23
S21402C3104FF080539449934A4B66059B934C03F027
S21402C320F00382F82433049B03F0F00382F82933E7
S21402C330894A4FF40033C4F86CB1C4F86461A2F8B9
S21402C34086600026C2F88090C2F888B00B61834BE4
S21402C350C3F8B4600C2392F885205A4302F138429F
S21402C360166304F073FD334632464FF4807E276A26
S21402C370D4F864C003F110010901615801F0030109
S21402C380012910D10EFA03F111EA0C0F0BD104EBBE
S21402C3900316AF42D6F80C61C0F0D880B54202D27E
S21402C3A0B74280F0D6800133082BE3D1704D2C685B
S21402C3B0012C40F2E3803AB16749B1F88E3013435C
S21402C3C0A1F88E30664B5A6607B0BDE8F04F04F00F
S21402C3D041BD4FF0000B604E96F885300AFB03F322
S21402C3E003F13843C3F830B004F030FD4FF080510B
S21402C3F05D4B039059664FF0384396F885201B6ACA
S21402C40000920AFB02F203F1010902F13842C2F875
S21402C4103490534A02331167C4F830B0029A636309
S21402C420544B52485A61019AA3F580539A61836825
S21402C430DB0340F18880D6F88030B26FA9EB0303A5
S21402C440A3FB0221036B03F5807CF36FA1FB036061
S21402C450A2FB03E39B19ACFB03E640F100000CFBD6
S21402C4600066B2EB0E0261EB0606120A42EA0662AA
S21402C4704244B2EB1C2F4FEA1C2603D3013340F191
S21402C4800000921B043E964228BF16463749324A9F
S21402C4908E6192F88D20D1F820C0EB18D2B2896B4B
S21402C4A040F10000654584BF02F1FF32D2B2B1F11D
S21402C4B0FF3F0ED04FF0000E01F1010C99427EEBC9
S21402C4C0000B08D20132B3EB0C03D2B260F10000CB
S21402C4D0F4E70244D2B29B461F49244B02F0030201
S21402C4E081F88D20C3F820B00222009B03980AFB35
S21402C4F003F303F138431A63226304F0ABFC4FF0F4
S21402C50038431B6A009304F0A1FC1B490A6922F017
S21402C51004020A6130BF4FF08051019B154A9361B5
S21402C52002F5E03211670022102122630D4AC2F89A
S21402C530841104F08FFC0D4A009B526E12F0805F4D
S21402C5403FF4D9AEE4E64646AB46CDE7B542BFF485
S21402C55027AF11438AB226E7003E00B000800350A0
S21402C56000D001B800E100E000E001B800C001B868
S21402C57014290020002000B800ED00E011490B78D5
S21402C580142B01BF0023104E0B7033700B7801334F
S21402C5900B70002A3FF418AF0C4EB6F88E301343D9
S21402C5A0A6F88E300A4B5A66074A13780133DBB276
S21402C5B0022B13707FF408AF002301342C600B703B
S21402C5C0137001E7132D0020122D0020003E00B04C
S21402C5D000D001B8F8B50B46002213F8044B94427B
S21402C5E025D91D68854224D106245A791D79124B15
S21402C5F088181E6804FB0503104F33F8063C7B437D
S21402C600B3420ED900238A5A7A43964202D804FBD2
S21402C6100300F8BD9D42FAD9013304FB03F2825AA5
S21402C620F2E740F25F423D210020FBF791FD002039
S21402C630EFE708330132D2E7AC29002040420F0070
S21402C64000202DE9F84FA2FB018BBD4EBD4F18EB23
S21402C650060699466BF10003B74270EB030307D256
S21402C66040F259220E21FBF773FD0220BDE8F88F37
S21402C670D9F814A00C461546BAF1000F04D0DAF821
S21402C6800030032B00F21D81AF4BB04A9F6BA3F51F
S21402C6908043D3F8EC30C7F314075900AC4B48BFBD
S21402C6A047F400171B6ED2F8FCA05A074EBF4FF491
S21402C6B040039B0503F0E0731F43A64BD3F8E43018
S21402C6C09E0748BF47F0807747EA4567E7F734F8A2
S21402C6D0012D0646C9D10028C7D09F4B984200F0CC
S21402C6E0FF8003F5122303F5F863984200F0FE80FC
S21402C6F09A4B984200F07581002502462B46002090
S21402C7004FF0007101F0E0FE2B46013008FB03F308
S21402C710C7F3130100FB0B33A1FB0662A8FB0080E4
S21402C72001FB0522034420339B09C9F80030F60CAE
S21402C7308B4B46EA4236F8021C6058BF7642894B5B
S21402C740894D34441E602C60BAF1000F00F0B780A9
S21402C7500023F9018549C7F381528A5C194648BF0E
S21402C7606408002EB8BF764292066008C2FB060135
S21402C770224601F0A9FEDAF800600E2E08D9744BA4
S21402C780714A916BDA69D3F80C31D20600F1CF8088
S21402C79017F4001714BFC42240F207127449C0F3FC
S21402C7A01300A1FB04C14FEA511102FB01F1C9F8C3
S21402C7B00400DAF818004FF4FA73B1FBF0F118BF70
S21402C7C0002701FB03F3A4FB02C2FA33A3FB0030EB
S21402C7D004FB07226345904138BF0131C9B241F4D8
S21402C7E0006CC9F808C000297ED0DAF81C00A1FB4C
S21402C7F000371CB1B4FA84F20E2A7EDDE203002F63
S21402C80078D1B2FBF3F2530003FB0113A3FB0087BC
S21402C8104FEA044EC6454FEA144474EB070709D3A1
S21402C8204F003B44A0FB0381C64574EB010102F1B5
S21402C8300102F6D2C2F30E024CEA023C4CF000634E
S21402C840062EC9F8083040F29980DAF83030002B0C
S21402C85000F094800023C9F80C30C9F81030E6F7CF
S21402C8606BFFDAF83010FFF7B5FE044618B183788E
S21402C870002B40F0D580E6F729FFDAF83010FFF7F4
S21402C880A9FE0446D8B18378CBB1407940F28B52E8
S21402C890003818BF01203D21FBF75AFC207940F2F0
S21402C8A08C5200384FF03D0118BF0120FBF750FCB8
S21402C8B0237962791B0243EA0213C9F8103000207A
S21402C8C0D4E6042BDAF828707FF400AFF8014CBFE8
S21402C8D04FF4400307F0E07327F0E0771F43F5E6D6
S21402C8E0002324481D4611E70120BFE60023224804
S21402C8F01D460BE70B46002288E7C2F10F0E02F137
S21402C900110807FA08F823FA0EF343EA0803AEF111
S21402C910200827FA08F843EA080327FA0EFE01332E
S21402C9204EF1000704FA02F2002FE3D169E701F4A0
S21402C930801103F40013194308BFC0F5801027E7DF
S21402C940006CCA88807C814A008001B8004F00B023
S21402C950004001B8000002B800F04902005A620224
S21402C960B4290020B0290020AC290020C4D203003C
S21402C970D34D62100A3BB2DF313641DCE6F7DCFE0D
S21402C9802C6894B3B4FA84F3D3F1020358BFDC40A4
S21402C990354B9C4288BF6408C8B3B4FBF0F36421ED
S21402C9A000FB134201FB02F2904203F1FF3253D81E
S21402C9B05D085308013D1B0243EA0515C9F80C50F1
S21402C9C0E6F78AFEE0B1B4FBF0F2642100FB124403
S21402C9D001FB04F4A0423DD8531E52085B08013AFC
S21402C9E068E7002321481D4690E66FF01F050028E1
S21402C9F0E4D140F2DD422B210020FBF7A9FBDDE764
S21402CA004FF4A0622B21FBF7A3FB621EE4E7631E32
S21402CA10A51E5B086D08013B2D0245EA0315E8E7F3
S21402CA2040794FF4AE62003818BF01203D21FBF773
S21402CA308FFB207940F27152003818BF01203D2149
S21402CA40FBF786FB237962791B0243EA0213C9F8D5
S21402CA500C3010E71446D8E79D1E6D085308013BBC
S21402CA602D0245EA0315A9E73FBE4025D694BFD658
S21402CA7010B5044686B059B9214B4168D3F8FC304C
S21402CA80827A2048059300686B46FFF7D9FD69460F
S21402CA901D4B0A685A631A4BD3F8FC3033B34B6803
S21402CAA043B11A4B1A4AC3F80C214A68A3F58053BD
S21402CAB0C3F80C218B6843B1144B164AC3F8EC201A
S21402CAC08A68A3F58053C3F8EC20134AC868D2F8E4
S21402CAD0743123F4EE630343C2F87431D2F86C3136
S21402CAE0096923F4EE630B43C2F86C3100202289F5
S21402CAF00A4B9A6203F5A033186406B010BD00BF55
S21402CB00004F00B0B8260020008001B8006001B8CF
S21402CB10FFFF0F00FFF8FF0F000002B8004000B84A
S21402CB20064B9A6E920607D55B6E002B4FF4804337
S21402CB30B4BF034A034AD364002070470080005003
S21402CB40002002B8001002B8064B1A6C9207FCD4FA
S21402CB50022240EA01205860034B1A640122034B6A
S21402CB601A70704700C002B800D002B8142D002018
S21402CB7040B10368012B05D90069034B002808BFA2
S21402CB801846704700487047CCD20300064B586ED2
S21402CB905B6AC0F30112000C02FB000003F01F03E5
S21402CBA001331844704700BF004001B8084BC11754
S21402CBB01A68A2FB000302FB013310F1807043F1F6
S21402CBC00003400E40EAC310803820EAE070704747
S21402CBD0BC2900200722194B70B5DA63FEF732FE35
S21402CBE0174BC408010B0546E005C018154A41F16B
S21402CBF00001002301F068FC134B144E1860144821
S21402CC00FFF7D4FF4042C6F8DC0049F65800FFF7AB
S21402CC10CDFFC6F8A8000F48FEF798FC024660B1A2
S21402CC20E301500818184FEA15714FF0000341F15E
S21402CC30000101F049FCC6F8B40070BD000002B85D
S21402CC40B2E60E0065CD1D00BC290020003F00B0F4
S21402CC507011010040420F002DE9F04706460846D3
S21402CC609846FFF785FF1546074616B308F00209F1
S21402CC7018F004081FD1B9F1000F1AD04FF47A70D9
S21402CC8073685843002B40F08680FFF78FFF2863B7
S21402CC907369002B00F085804FF47A72B86802FB45
S21402CCA00300A0F5FA50FFF781FFE862B8F1000F23
S21402CCB053D1BDE8F0873069002863D04FF47A7309
S21402CCC05843BB68A0F57A60C01AFFF76FFFA862E8
S21402CCD0B08B002859D04FF47A735843BB68A0F53E
S21402CCE07A60C01AFFF762FFE861324BF468D3F845
S21402CCF000A0002C4CD04FF47A735C43BB68A4F5BA
S21402CD007A64E41A7B68E41A2B4BE1171A68A2FBD2
S21402CD10044302FB013314F1807443F10003640EF2
S21402CD2044EAC314803C254B2C62D3F8C430244C0E
S21402CD306B6223684BB150460DF0CAFE28B12A46F4
S21402CD4039462368DAF87C009847B06900210EF06D
S21402CD503CF86863B9F1000F90D1B06820BB47F287
S21402CD603050FFF723FF68614FF47A7033685843F8
S21402CD7023B13B6803F51C5310331844FFF716FF24
S21402CD80A86196E749F640409FE749F64040A9E782
S21402CD9049F64044B8E73B6803F51C531033184481
S21402CDA073E747F230507EE74FF47A735843A0F5A4
S21402CDB0FA50D6E7B8260020BC290020003F00B073
S21402CDC0B829002008B9FFF7E1BE034881420CBF2C
S21402CDD02F20BC20704700BF48E8010010B5084667
S21402CDE01C460DF03FFF094B0246D3F8FC00FFF746
S21402CDF0BFFE4368A018002B054AA8BF4FF4FA727C
S21402CE001A44044B92FBF3F2104410BD004F00B0DC
S21402CE100CFEFFFF18FCFFFF70B588B06D46124C83
S21402CE200FCC0FC594E80F0085E80F00B022002152
S21402CE300E480EF092F8202200210D480EF08DF8D2
S21402CE40D82200210B480EF088F80DF0BDFF0A4BE1
S21402CE501B783BB16D46044E0FCD0FC695E80F000A
S21402CE6084E80F0008B070BDE03F00B0503F00B04D
S21402CE70E04F00B0783E00B0042D00200A4B19782F
S21402CE8001F0FF0229B10021197008499202C1F887
S21402CE900421597801F0FF0229B10021597093024A
S21402CEA0024AC2F808317047152D0020005000B81B
S21402CEB0064BD3F8EC0E064B5B6C1A0103D4054BFB
S21402CEC09B6E1B0401D500F580707047003000B0E1
S21402CED0000002B8004000B808B503F0B7FF0E4BDA
S21402CEE01A78A2B90D4A126812F4843F0FD10C4A7E
S21402CEF01021D1641B7863B9084B1B68DB0508D484
S21402CF00074B2022DA64BDE8084003F0A3BF054AB7
S21402CF10EEE7044BF5E700BF192D0020E0110020D4
S21402CF20002002B8001002B810B503F08FFF0E21E1
S21402CF3004460320FEF706FE40F20122034B20467B
S21402CF40BDE81040DA6203F085BF00BF004000B8BB
S21402CF500022044B1A70044B197811B11A70FFF7AD
S21402CF60BBBF7047182D0020192D002008B503F00E
S21402CF706DFF4FF00042264BC3F88020BFF34F8F61
S21402CF80BFF36F8F0122C3F88420BFF34F8FBFF326
S21402CF906F8F0222C3F88420BFF34F8FBFF36F8FC9
S21402CFA00422C3F88420BFF34F8FBFF36F8F08228B
S21402CFB0C3F88420BFF34F8FBFF36F8F4FF000523A
S21402CFC0C3F88020BFF34F8FBFF36F8F1022C3F8D2
S21402CFD08420BFF34F8FBFF36F8F2022C3F88420C5
S21402CFE0BFF34F8FBFF36F8F4022C3F88420BFF387
S21402CFF04F8FBFF36F8F4FF48062C3F88420BFF366
S21402D0004F8FBFF36F8FBDE8084003F023BF00BF0A
S21402D01000E100E008B503F019FF4FF000420A4BAA
S21402D0201A6001225A6004225A6008225A604FF09F
S21402D03000521A6010225A6020225A6040225A6019
S21402D040BDE8084003F006BF00E100E0012370B52A
S21402D050074C2370074B1E68074B3240D3E9005338
S21402D06019402840FBF7EEFC0023237070BD00BF7A
S21402D070172D0020C4290020E01100202DE9F047DA
S21402D080DDF820A003EA0108099B06460D4602EADF
S21402D090000703EA0A09BAF1000F40F05C81031F99
S21402D0A00B4300F01C81052871F1000380F0F2802A
S21402D0B050EA010300F07281431E0B4300F03281F6
S21402D0C0FFF754FFB64AD2E9004323EA050324EAEF
S21402D0D006043C4343EA0807B24BC2E900471E680F
S21402D0E026EA0A0646EA09061E60FFF7F5FE14F06F
S21402D0F02A4F14BF48F202034FF40043AA4AB0076D
S21402D100D26EAA4848BF43F4005383EA020122EAD9
S21402D1100302C266A64A0B408166D366C4F3804207
S21402D1201203210348BF42F48072E30648BF42F46A
S21402D1300052A04BA50648BF42F400726006D3F820
S21402D1400C3248BF42F48062210648BF42F40062B5
S21402D150994882EA030123EA0203C0F80C32974B8D
S21402D1600A40C0F80812C3F80C22BA0507F4007386
S21402D17000F11081924A1D46D2F8A41002F5005220
S21402D180C2F8A410C2F8A0104FF05022C2F8A43081
S21402D1908C4ADFF86C8282F88830E30448BF45F494
S21402D1A08035A00348BF45F48015A10748BF45F463
S21402D1B0001514F4001F06D0D8F800000DF02CFE5F
S21402D1C008B945F40025E20248BF45F40035FB06DF
S21402D1D07D4B48BF45F480051A6A7C4985EA0203FE
S21402D1E023F001031A400A621D40CB61784B16F009
S21402D1F0010F1D62774B784A18BF1A46774B7D0798
S21402D2001B6F48BF42F00062754882EA030123EAB8
S21402D21002030367734B0A4041661A67724A04F0B8
S21402D2200103916CA0F5803081EA030221EA030132
S21402D230816442641A406D4B20029A64D8F800203A
S21402D24048BF6B4B92F81D2158BF6A4B610748BF17
S21402D25043F4806322B114F4C06F18BF43F48073A2
S21402D26032074FF03A42BDE8F047D2F8181148BFED
S21402D27043F0004383EA010222F4A0225E481140F2
S21402D280C0F818111340C0F814215C4AC2F81831CD
S21402D290FFF7C0BEA0F580630B4306D020F4806380
S21402D2A0A3F500730B437FF40BAF03F0CFFD3C49AD
S21402D2B0D1E9003223EA060322EA050242EA08021C
S21402D2C03B43C1E900324E4A126892F81D114A4A9F
S21402D2D009B313F4C06F1ED04FF4807311E003F04D
S21402D2E0B5FD2F4AD2E9003123F004033B4341EA5D
S21402D2F0080157EA0807C2E900314FF480633E4A44
S21402D3000BD0C2F81431A2F58052C2F81831BDE82B
S21402D310F04703F09FBD4FF48073C2F81831C2F88D
S21402D3201431F4E703F092FD1D4AD2E9003123F0EE
S21402D33001033B4341EA0801C2E900310123314AB5
S21402D34057EA08071BBF5364A2F58052936493649E
S21402D35008BF5364DBE750EA01037FF4B1AEBAF1CB
S21402D360010F7FF4ADAE03F071FD0E4A136823F091
S21402D370010343EA090313604FF48063184AB9F1C4
S21402D380000F04D05366A2F580521367BFE71367F7
S21402D3905366BCE701234FF48025F9E6BDE8F08723
S21402D3A0E0110020C4290020004000B8006000B848
S21402D3B0005000B8004001B8006001B8005001B843
S21402D3C000400050003F00B0000002B8002002B843
S21402D3D0001002B8041C00030418000300C001B8C1
S21402D3E000E001B800D001B800C000B800D000B814
S21402D3F00D0A0A09090A0A09002000BA001000BA32
S21402D400B826002000E000B8024B5868C0F3C000FF
S21402D410704700BFE0110020024B186800F00100C0
S21402D420704700BFE0110020024B5868C0F3C030BE
S21402D430704700BFE011002010B50446FEF7CEF993
S21402D440FFF794FD04F18000FDF790F9FEF75CF912
S21402D450FDF752FEFDF7BEFEFFF7BCFB134907239E
S21402D460134AD1F8FC1004F1D800FFF7F5FB4FF091
S21402D47080710020FEF70EF84FF000720D4B4FF44D
S21402D48000110120C3F80021FEF704F8FEF73EFC67
S21402D49020B940F2E7221421FAF75AFE0DF092FC68
S21402D4A0BDE810400120FDF71DBD00BF004F00B0D3
S21402D4B0A43F00B000D001B88022074B1A640822AD
S21402D4C003F580531A64054AD2F8C43E23F02003BB
S21402D4D0C2F8C43E704700BF001002B8003000B069
S21402D4E008B503F0B3FCFFF7E7FF0122024B1A610F
S21402D4F0BDE8084003F0AEBC000002B8F0B583B049
S21402D50014460646FFF70CFBFCF776FC002800F0F4
S21402D5109780524B5D6915F0060540F0918003F046
S21402D52095FC23790746022B00953ED1237B022BDE
S21402D53035D00320FDF7A4FF18B9494BDB685B041E
S21402D5407BD5A37B257B003B18BF0123A2684549F8
S21402D550012D01920B705ED00023434A434C137098
S21402D5602278002A62D10420FDF766FE04203B4E94
S21402D5702A46736F0DEB000123F0F85323F4F813D9
S21402D58043F0506343F4803373670223FDF772FE61
S21402D59000285CD001213022354B2170DA643846EF
S21402D5A003F058FC002003B0F0BD0320FDF768FF2F
S21402D5B0002842D12279D6F8E030012A226839D0F2
S21402D5C0D51A0021254B2B4A00955A679967637B2B
S21402D5D0294A8B4214BF0B4601231370274B274A56
S21402D5E0D3F8C43E4FF003000CBF43F0200323F0F1
S21402D5F02003C2F8C43EFDF71FFE184B204A032044
S21402D6005A67694601232279FDF734FED0B101221A
S21402D6101C4B1A708AE72379022B9DD0009BD6F802
S21402D620E01000250B441344019395E72370FFF79F
S21402D63053FC98E79A42C4D3C2E7384603F00AFC82
S21402D6400320B0E7384603F005FC0120ABE70320D1
S21402D650FDF7F2FD074B38467367EFE700C001B8E7
S21402D660000002B81B2D0020182D0020192D0020C6
S21402D670001002B8000001011A2D0020003000B090
S21402D680010C01001C2D00202DE9F34100240D465B
S21402D690074603F0DBFB1B4BDFF874801C70FFF7BA
S21402D6A00BFF194B0646C8F87430C8F878406879FC
S21402D6B0431E58425841FCF741F840F60143C8F869
S21402D6C078302A792968012AD7F8E83001D19942B8
S21402D6D000D3CC1A042303200DEB03010194FDF7BB
S21402D6E0C9FD48B98822094B30461A6403F0B2FBDA
S21402D6F0012002B0BDE8F081304603F0ABFB00200B
S21402D700F7E700BF1C2D002000000101002002B830
S21402D71000C001B8F8B5194C0546207840F206421A
S21402D720B0FA80F03E214009FAF712FD55B960784A
S21402D73040F20642BDE8F840B0FA80F03E214009C9
S21402D740FAF706BD4FF440660D4F0E4DD7F804317A
S21402D75040F20642C3F381232370C5F80461607861
S21402D7603E21B0FA80F04009FAF7F2FCD7F8083109
S21402D770C3F381236370C5F80861F8BD152D002038
S21402D780004000B8006000B8F8B5084C084D236C9D
S21402D7900423084F2B64236C5B0300D4F8BD0426D5
S21402D7A002203E640DF06DFA2E64F4E7000002B823
S21402D7B0001002B8002002B8A82238B51A4B1D6C19
S21402D7C003F500531A6410229A60A3F5804302F10F
S21402D7D000521A675A66FFF751FB144B1B7813B9AF
S21402D7E00320FDF729FD0024114B9C67FFF7CCFFB1
S21402D7F0104A114BD2F8EC1E0B40C2F8EC3E042243
S21402D8000E4B1A640E4BAA06C3F8CC4008D503F595
S21402D81080739B6FB3F5817F22BF8022024B1A6111
S21402D820BDE83840FCF7A0B9000002B81C2D002065
S21402D83000C001B8003000B0DF0000FF002002B8D0
S21402D840003E00B010B551B920B3154BDB681B0E75
S21402D85013F00E0F1ED1134B1B6CD9071AD4FFF709
S21402D86063FB0F4C0020FEF715FA032801D00928A7
S21402D87005D1A36ADA07F5D4636CDB03F2D4FFF7AB
S21402D88083FF0122084B5A6102229A62042203F5A0
S21402D89080531A644FF4C062044BDA6210BD00BFB4
S21402D8A0000002B800C002B8001002B8006001B85A
S21402D8B008B503210920FEF745F92022014B1A611B
S21402D8C008BD00BF000002B80D4A10B5D2F8A0305D
S21402D8D0D2F8A4100B40B3F1804F0CD34FF0404067
S21402D8E00849094CC1F8A400D467C1F8A0004FF457
S21402D8F08021064AD161034AC2F8A03010BD00BF9B
S21402D90000400050006000500000FF01001002B806
S21402D91038B5054603F09AFA0446FCF7E1FE35B13F
S21402D920FFF716FB2046BDE8384003F093BA084BD3
S21402D9301B78002BF6D0074B1D78002DF2D1FFF78F
S21402D94007FB2A464FF480400021FFF77FFBE9E7FA
S21402D950182D0020172D00202DE9F84F5A4B0646A9
S21402D9600D4614461B6C002A40F0AB8013F0A00F45
S21402D97014BF4FF001094FF00009FCF7F5F8A02399
S21402D9804FF0000ADFF85C810320C8F84030FDF74C
S21402D99053FC0420FDF750FC4C4FFFF7D9FA4C4BD2
S21402D9A04FF0040B7B67C7F878A0FFF7EDFE494BF4
S21402D9B04FF48071D3F8C42E42F02002C3F8C42E6E
S21402D9C0FF22C8F80820404A1161D3F8EC2E4249DB
S21402D9D01140C3F8EC1EC8F840B0C3F8CCAE7B6961
S21402D9E013F0060F04D0FDF793FD5846FDF724FC0E
S21402D9F0B9F1000F08D04FF40062384B1A644FF4A6
S21402DA000042A3F5E0339A6666B1354BDB6C180725
S21402DA1001D4FFF789FAFFF74BFF0420FDF70CFC51
S21402DA20FFF72CFA284B5A69D10748D5DA6812F064
S21402DA30706FFBD12B4B2C4A1A642C4A936E23F040
S21402DA40F003936615B12046FFF762FF284BD3F822
S21402DA504C315A1C01D05B0002D50122214B5A617F
S21402DA606CB31F4BDA6E03F500539A6603F5D03398
S21402DA701B6A1C4A23F00103D3611E4BD3F80C1217
S21402DA8003F50053C3F8081203F50053D3F88410C5
S21402DA9003F5005399674FF03A43D3F8181103F58C
S21402DAA00053C3F81411144B996C03F500535964D0
S21402DAB0124903F5803359664FF608431364BDE8EE
S21402DAC0F88F4FF0000958E7000002B800C001B80E
S21402DAD000000101003000B0DF0000FF001002B8B5
S21402DAE0004000B8002002B810003000003F00B02E
S21402DAF00080E00F004001B800C000B85000002FC0
S21402DB009D4B2DE9F04F9F6EDB6E85B01F409B4B01
S21402DB109F664FF03A43D3F81451D3F818311D409C
S21402DB20974BC3F81451974BD3F80822D3F80C320C
S21402DB3002EA0309944BC3F8089203F52043DA6914
S21402DB401B6A02EA0308914B914A08EA0303D3616F
S21402DB50904BD3F80422D20605D4D3F80431C3F38B
S21402DB600016DB0652D503F071F98B4B5A695E6ECE
S21402DB701B6F12F0060F06EA0306884A26F00073A9
S21402DB8014BF4FF0010A4FF0000A23F40063740733
S21402DB90536606D5824A92F88D300133DBB282F89C
S21402DBA08D3003F057F9002F00F0E38017F400439E
S21402DBB000F0D48003F04AF90146FFF779F90446EB
S21402DBC0DFF8D4B1DBF82020DBF820309A42FBD015
S21402DBD0DBF820209342FBD0FFF76AF9A04217D168
S21402DBE0084603F037F96F4B1C606F4BD3F840B012
S21402DBF01BF4E0520ED124F07F4424F0DF040CB96B
S21402DC00FFF7DAFD4FF0807B002414E0B246CAE745
S21402DC100446D7E70192FFF7CFFD5D4B019A1BF44E
S21402DC2080541A6440F09C801BF4806F0CBF4FF047
S21402DC30805B4FF0806BB80715D55B4A5448126C70
S21402DC4002F460410164002900F08D80110400F1A5
S21402DC508D8012F4005F0CBF4FF000524FF000624E
S21402DC6000244BEA020BC7F340377F004F4A2A4094
S21402DC70002A4BD015F4206F0AD040F60F02062178
S21402DC800020FAF765FA0020FFF742FE25F4802509
S21402DC90EB0506D5FF213E4A4BF4C06B9160FFF7B9
S21402DCA043F915F0090F0BD040F624020821002094
S21402DCB0FAF74EFAFFF7FCFD4FF03A4201215163A4
S21402DCC015F0106F0CD040F62D0209210020FAF74D
S21402DCD03FFAFFF7EDFD002211461046FCF7D4FC92
S21402DCE015F4202F0AD040F6350207210020FAF755
S21402DCF02FFA0020FFF70CFE25F48025E80301D555
S21402DD00FCF72EFE002DB8BF47F0080769070ED5B0
S21402DD104FF03A42126B12F4005F4FF4005217BFF4
S21402DD20174923490A634BF4000B08BF0A636A05C6
S21402DD3048BF4BF0040B15F48023019300F0A1803A
S21402DD40FCF7CCFD0138062834D8DFE810F01701BE
S21402DD501A0117011D012001230123019B4653E7E7
S21402DD604FF0804B50E74FF0007279E74FF00042D9
S21402DD7076E7BB463C4679E7004000B8006000B84C
S21402DD80002000BA004001B8006001B80000F7FFAA
S21402DD90002002B800E100E000C001B800E001B8CF
S21402DDA0003E00B0C0290020000002B8090B0B8913
S21402DDB0001000BA40F6660203210020FAF7C8F9FE
S21402DDC04FF03A400121D0F88C20D0F8AC3002F067
S21402DDD00702063201FA02F2C3F30C0CA2EB0C02A3
S21402DDE092B2072A12D9754A126C53020ED4744B99
S21402DDF0C26CC06E5B6D5BB102F0070206329140E8
S21402DE00C0F30C00091A89B2072901D84BF4007B2B
S21402DE106C4A1278002A34D04FF03A42D2F81421D3
S21402DE2012F4A02F2DD1684A684912789AB9F204E2
S21402DE3011D40A787AB14FEADB02654842EA4472A4
S21402DE4082F00102D0F8EC0E02F00102520020FA33
S21402DE5002F2930715D10420FDF7EEF95D4A5E48FB
S21402DE605067FFF775F859490A7832B95B4A5C4938
S21402DE7012680BEA02020A4201D14BF4804B26F4E6
S21402DE808056B9F1000F1DD019F4805F18BF4BF40D
S21402DE90802B19F4807F18BF4BF4002B19F4005F17
S21402DEA018BF4BF0100B19F4007F18BF4BF0200B75
S21402DEB019F4806F18BF4BF0400B19F4006F18BFAF
S21402DEC04BF0800BB8F1000F3AD018F4802F18BF31
S21402DED044F4007418F4803F18BF4BF4805B18F4C7
S21402DEE0801F18BF4BF4003B18F4001F18BF4BF0FE
S21402DEF0020B18F4003F18BF4BF4801B18F4800F77
S21402DF0018BF44F0100418F4002F19D0304AD2F883
S21402DF10C42E12F0C00F13D02849CA68C2F3036297
S21402DF20032A01D0072A05D14A6CD00602D48A6C8D
S21402DF30110732D54FF400212A4A28F40028D1616D
S21402DF40002E00F01581320540F187802648DFF862
S21402DF508490C2782549002A4ED04FF40063013AD5
S21402DF60D2B24B66C27032B9214A1278C2B140F6BA
S21402DF700141204A5167002200216BE04BF4803BAE
S21402DF801EE74BF4006B1BE74BF4806B18E74BF471
S21402DF90807B15E74BF0080B12E74BF4001BCFE72C
S21402DFA0D9F8782012F4A05F15BF4FF4807240F6BD
S21402DFB00142C9F85820C9F87820DCE7000002B808
S21402DFC0004000B8192D0020182D00201A2D002020
S21402DFD0003000B000C001B800000101E0110020CE
S21402DFE0088D0100002002B8092D002000E001B8CB
S21402DFF01C2D002000D001B80320FDF71DF9D9F82A
S21402E0001420A34B12F0060F04BF41F61F72A1495B
S21402E010A14808BF4A674FF400619E4A5166D9F884
S21402E020142012F0060208BFC9F87820B3F88E2032
S21402E03012F400615DD022F40062A3F88E2002780A
S21402E04002F0FF09002A58D1FDF762FAFFF7B4FB87
S21402E0504A4620214BEA020B0C43B30009D52E2078
S21402E060FDF726F84FF000518A4A44F0080411677B
S21402E0705166F00606D52B20FDF71AF81021854AC0
S21402E0801167516616F0306F05D1F1045DD5BAF10D
S21402E090000F00F0A780320111D52920FDF708F8FD
S21402E0A0FFF7B2F948B17D4A7D487A494A66026767
S21402E0B000F54050C068430422D444F0040416F02D
S21402E0C0007A28D00420FDF7B7F82720FCF7F0FFE7
S21402E0D0FFF772FB4FF000716E4A5166714AD2F832
S21402E0E0EC1E490678D4704A0221916044F002047C
S21402E0F028E002784FF40052ACE74FF400423BE7C8
S21402E1000A6720204A66FCF7D3FF2D2044F00C0451
S21402E110FCF7CEFFD3E716F0807FDFF8909146D06B
S21402E1200420FDF789F82820FCF7C2FFD9F87820EA
S21402E130002A39D1FFF740FB564A584944F00104F9
S21402E140116751660021594A9165320405D5584A2D
S21402E150126890474BEA000B0C43730508D55549E5
S21402E1608A78002A00F08E80013A8A7000221743CD
S21402E1703A4658462146FEF769FF019B0BB1FCF76B
S21402E180E1FB01224C4B05F00435C3F814514B4B0E
S21402E19018F4002FC3F884211EBF4FF40022424B0E
S21402E1A0DA6105B0BDE8F08FC9F878A0C4E7F004DC
S21402E1B0C8D50420FDF740F8414AC9F87420FDF797
S21402E1C0A7F9D9F8642012F0407FBBD12A20FCF7C9
S21402E1D06FFFFFF7F1FA81E7D2F8C42E930685D4D3
S21402E1E0384A81E733490A7952B1013AD2B20A7102
S21402E1F012B92B4A3449516700224BEA020BA4E7B4
S21402E2000420FDF719F80320FDF716F8274A2C49D3
S21402E210516702F01BFE81460DF10F00FDF73AFD35
S21402E2202A4A824612780AB1FEF77EFEBAF1030F38
S21402E2300ED1DFF8A0A00020FDF72CFD032807D1A1
S21402E240DAF82820D007F6D4DAF84420D103F2D43C
S21402E2509DF80F20032A06D101211D4A4846117057
S21402E26002F0F8FDC8E74FF03A42D2F8142112F451
S21402E270A02FF1D1FEF76CFE484602F0EBFD4FF4FC
S21402E2808042BAE70220FCF7D7FF01226FE700BF01
S21402E290003E00B000E001B81C2D00201000002057
S21402E2A000D001B8003000B0002002B800C001B8AB
S21402E2B0F40B0020092D0020002000BA00E100E047
S21402E2C000000101001002B80000010D1B2D002005
S21402E2D0182D0020000002B80122024B1A62DA61F1
S21402E2E0704700BF002002B8074A08B5D369116A12
S21402E2F00B40064998B2DB07C86104D5D068C0F364
S21402E3000360FFF7E9FF08BD000002B8002002B86C
S21402E3100C4A08B5536C926C13400B4A5364DB07E5
S21402E3200FD50A4B40F6AC221878122100F00100F5
S21402E330F9F70EFFBDE80840002201200021FEF793
S21402E34085BE08BD00C000B800E000B8E01100209D
S21402E350184B70B51C6C5A6C1440174A24F0020114
S21402E3601164E10705D540F6F32200201968F9F793
S21402E370EFFEA2071CD502220F4B1A64A3F5005328
S21402E3805B68DBB2A3B9FDF791F804460D460B4E67
S21402E390D6F8F433DB060BD5FDF788F802460B46B3
S21402E3A020462946FCF736FF652871F10001EFD3B7
S21402E3B070BD00BF008002B800A002B8000002B81C
S21402E3C070B580260A4C0B4DD4F88430DB070AD48D
S21402E3D0A36FD4F884201340074A936770BDFFF7F3
S21402E3E0B7FFC5F88461D5F804311A06F7D4EBE70F
S21402E3F0008001B800E100E000A001B870B5144644
S21402E4000D4602F023FD064BD3F8C46E74402C4032
S21402E4107440C3F8C44E02F01DFD06EA050070BD46
S21402E420003000B0034BD3F8C43E99430CBF012022
S21402E43000207047003000B01E4BD3F8C43E13F0E5
S21402E44001001ED01C4B93F848001C4A40F0807313
S21402E450C2F8CC304FF480131949C1F8B430A1F594
S21402E4608051C1F8B830D2F80C31DBB2FF2B1FD086
S21402E470984294BF0020012040F6DF323C21F9F793
S21402E48067BE1A06E1D40F4A92F8471121B1DB069D
S21402E49002D592F84401D8E74FF480120020084BC8
S21402E4A00649C3F8B820C1F8CC00C3F8B4207047B8
S21402E4B00120E1E7003000B0003F00B0004000B8A5
S21402E4C0006000B8003E00B053B94AB9002908BF40
S21402E4D000281CBF4FF0FF314FF0FF3000F082B92A
S21402E4E0ADF1080C6DE904CE00F006F8DDF804E0A4
S21402E4F0DDE9022304B070472DE9F04F099D0C4672
S21402E500002B4DD18A420F4684469646B2FA82F3D3
S21402E51060D94BB102FA03FEC3F120029F4000FA13
S21402E52003FC20FA02F217434FEA1E461FFA8EF445
S21402E5304FEA1C42B7FBF6F106FB117701FB04F02B
S21402E54042EA0742904208D91EEB020201F1FF3767
S21402E55002D2904200F231813946121A1FFA8CFC1E
S21402E560B2FBF6F006FB102200FB04F44CEA024C67
S21402E570644508D91EEB0C0C00F1FF3202D264454A
S21402E58000F21E81104640EA0140ACEB040C00216A
S21402E59025B12CFA03F30022C5E90032BDE8F08F5C
S21402E5A08B4205D90DB1C5E9000100210846F5E701
S21402E5B0B3FA83F100294DD1A342C0F0F380904212
S21402E5C080F0F080064623460846002DE6D0C5E9D0
S21402E5D00063E3E7002B40F0A3808A1A4FEA1E4747
S21402E5E01FFA8EF60121B2FBF7F407FB14204FEA5E
S21402E5F01C4242EA004206FB04F090420FD91EEB90
S21402E600020204F1FF382CBF4FF001094FF0000957
S21402E610904203D9B9F1000F00F0CC804446121A9A
S21402E6201FFA8CFCB2FBF7F007FB102200FB06F683
S21402E6304CEA024C664508D91EEB0C0C00F1FF3280
S21402E64002D2664500F2B3801046ACEB060C40EAF6
S21402E65004409DE7C1F120068B4004FA01FE22FA2F
S21402E66006F720FA06FCF4408A401F434EEA0C03E3
S21402E67000FA01FE4FEA17484FEA13491FFA87FCD1
S21402E680B4FBF8F008FB104449EA044400FB0CF91A
S21402E690A1450ED93C1900F1FF3A2CBF4FF0010BF1
S21402E6A04FF0000BA14503D9BBF1000F00F08B80A1
S21402E6B05046A4EB09041FFA83F9B4FBF8F308FBEF
S21402E6C0134403FB0CFC49EA0444A44506D93C194E
S21402E6D003F1FF3801D2A4457BD8434643EA004003
S21402E6E0A4EB0C04A0FB02984445CC46434602D356
S21402E6F006D1CE4504D20138B9EB020C68EB07030B
S21402E700002D6CD0BEEB0C0264EB030422FA01F37C
S21402E71004FA06F6CC4000211E43C5E900643DE734
S21402E72002FA03FEC3F1200104FA03F200FA03FC24
S21402E730CC404FEA1E4720FA01F11FFA8EF6B4FBD0
S21402E740F7F00A4307FB1044110C41EA044100FBB0
S21402E75006F48C420ED91EEB010100F1FF382CBFE5
S21402E7604FF001094FF000098C4202D9B9F1000FAF
S21402E7702CD04046091B92B2B1FBF7F407FB1411EA
S21402E78042EA014204FB06F1914207D91EEB02025D
S21402E79004F1FF3801D291421ED84446521A44EA86
S21402E7A0004120E7861A64EB030301200DE7F444D8
S21402E7B002384AE7023C724431E702397244CCE638
S21402E7C0F4440238DFE602383C4472E70238714409
S21402E7D0D0E7023B3C4481E7023C7244DEE729462E
S21402E7E0DCE600BF704700BF024B0A4601461868C7
S21402E7F00CF014BB240C002008B5064B044613B1DB
S21402E8000021AFF30080044B1B6803B198472046F3
S21402E81003F0FBF800000000082B0020024B014624
S21402E820186800F02DB800BF240C0020024B0146E9
S21402E830186800F07BBA00BF240C002070B50F4E9B
S21402E8400C460546316811B900F02AFA30602146B6
S21402E850284600F025FA431C03D14FF0FF34204629
S21402E86070BDC41C24F00304A042F8D0211A284626
S21402E87000F016FA0130F2D1EFE700BFC8290020F7
S21402E8802DE9F041CD1C064625F0030508350C2D72
S21402E89038BF0C25002D01DBA94204D90C233360B6
S21402E8A00020BDE8F081314F00F062F83B681C465C
S21402E8B044BB29463046FFF7C1FF431C044650D1ED
S21402E8C03C682146002941D1002C44D023683046BA
S21402E8D004EB030800F0E4F980453CD12168304699
S21402E8E06D1A2946FFF7AAFF013034D023682B445D
S21402E8F023603B68002B36D05A68A24229D10022F8
S21402E9005A600EE02268521B1DD40B2A16D96119D2
S21402E910A342256018BF5960636808BF3960625118
S21402E9204B60304600F02AF804F10B00231D20F05D
S21402E9300700C21AB5D01B1AA350B2E7A3426268F8
S21402E940DED13A60EDE723466468B1E70C464968D3
S21402E950B8E71346CEE70C233046336000F00EF8D5
S21402E9609EE70560DDE75B60FFDE00BFCC29002086
S21402E97001480CF0FBBA00BF1D2D002001480CF028
S21402E980F6BA00BF1D2D0020002310B50446836092
S21402E990818119464366C28108228361C0E9003339
S21402E9A0C0E904335C300CF0D8FA0D4B2462636283
S21402E9B00C4BA3620C4BE3620C4B23630C4B9C4246
S21402E9C006D003F16802944202D0D0339C4205D1AD
S21402E9D004F15800BDE810400CF0C7BA10BD00BFE5
S21402E9E081AE0300A3AE0300DBAE0300FFAE03005E
S21402E9F0D0290020024A034903480CF023BA00BF7C
S21402EA00180C002091B00300280C002041680C4B23
S21402EA10994210B5044601D00CF03AFBA168094BA6
S21402EA20994202D020460CF033FBE168064B99422D
S21402EA3004D02046BDE810400CF02ABB10BD00BF33
S21402EA40D0290020382A0020A02A002010B50B4B1F
S21402EA5004210B4C0B4A20461A600022FFF794FF53
S21402EA6004F1680001220921FFF78EFF04F1D000AD
S21402EA7002221221BDE81040FFF786BF082B0020B5
S21402EA80D0290020F5E9020001480CF06FBA00BF59
S21402EA901E2D002001480CF06ABA00BF1E2D002071
S21402EAA010B50446FFF7F0FF236A1BB1BDE810401D
S21402EAB0FFF7F0BF044B2362044B1B68002BF5D113
S21402EAC0FFF7C4FFF2E700BF0DEA0200082B0020A2
S21402EAD02DE9F7431D46574B04460E461F689046DF
S21402EAE027B13B6A13B93846FFF7DAFFB8F1020FCF
S21402EAF006D0B8F1010F00F29980002DC0F2968080
S21402EB00636ED90705D4A3899A0502D4A06D0CF0CA
S21402EB102DFA214638460CF0BBFA616B41B104F17E
S21402EB204403994202D0384600F000F9002363639A
S21402EB300023A3616360A3891B0603D521693846B7
S21402EB4000F0F4F8A389B8F1020F23F44A6323F025
S21402EB500303A38160D001AB6A46214638460CF017
S21402EB60BFFAA3891843A0812DBB009D2846FFF754
S21402EB7055FE0646002851D1DDF80090A9453FD142
S21402EB804FF0FF35B4F90C3043F00202A2810022A6
S21402EB90A26004F147022260226101226261626E73
S21402EBA0D60704D4980502D4A06D0CF0E0F92846E6
S21402EBB003B0BDE8F083002ED8D03B6A13B93846BE
S21402EBC0FFF76EFFB8F1010F266002BFA38943F07C
S21402EBD00103A381B4F90C3013F00802C4E90465FA
S21402EBE01ED0D90745BF00226D42A560A26048BF6D
S21402EBF0A561626ED20701D49B0513D50025D6E720
S21402EC004846FFF70BFE06460028B9D0A3894D46B4
S21402EC1043F08003A381D0E70025B3E7A946F5E7D2
S21402EC20A260E6E7A06D0CF0A2F9E7E74FF0FF3529
S21402EC30BDE700BF240C002038B50023054D04466E
S21402EC4008462B6002F0DFFE431C02D12B6803B19C
S21402EC50236038BD0C2B002038B50446064D084606
S21402EC60114600222A601A4602F0D5FE431C02D143
S21402EC702B6803B1236038BD0C2B002038B5044640
S21402EC80064D0846114600222A601A4602F0C5FEC4
S21402EC90431C02D12B6803B1236038BD0C2B002025
S21402ECA038B50023054D044608462B60E4F79CFD64
S21402ECB0431C02D12B6803B1236038BD0C2B002005
S21402ECC038B50446064D0846114600222A601A4602
S21402ECD002F0B1FE431C02D12B6803B1236038BD9B
S21402ECE00C2B002070B50D4D00260D4C641BA41095
S21402ECF0A64209D10B4D00260B4C0DF041FB641BBE
S21402ED00A410A64205D170BD55F8043B01369847BB
S21402ED10EEE755F8043B01369847F2E7100F00205D
S21402ED20100F0020100F0020140F002038B50546E3
S21402ED30002941D051F8043C0C1F002BB8BFE41840
S21402ED40FFF716FE1D4A136833B96360146028463F
S21402ED50BDE83840FFF712BEA34208D92068211842
S21402ED608B4201BF19685B6809182160EDE71A46F5
S21402ED705B680BB1A342FAD911685018A0420BD1B6
S21402ED8020680144501811608342E0D118685B681D
S21402ED90084453601060DAE702D90C232B60D6E7EA
S21402EDA0206821188B4202BF19685B6809186360E5
S21402EDB008BF21605460CAE738BD00BFCC290020D6
S21402EDC038B50023064D0446084611462B6002F06D
S21402EDD01DFE431C02D12B6803B1236038BD00BF61
S21402EDE00C2B0020094A5168C84390FAA0F048B19B
S21402EDF0B0FA80F0042805DC012383400B435360FD
S21402EE0040B270474FF0FF30704700BF382B0020EB
S21402EE100021034B28220348C3E900110CF09DB8D9
S21402EE20382B0020102B002038B50546FFF7DAFFF6
S21402EE3004460448294600EBC4000CF0CDF92046EF
S21402EE4038BD00BF102B0020C3B2042B10B515D856
S21402EE5004230B4A03EBC003134453E8002F0A4370
S21402EE6043E80024002CF8D101220649824051E8EA
S21402EE70003F134341E800300028F8D110BD00BF20
S21402EE80102B0020382B0020F7B54FF0040C01267B
S21402EE900827184A1849194D106800B30B7806FA65
S21402EEA003F420421DD0E04352E8004F044042E8FB
S21402EEB0004EBEF1000FF7D117FB03C32B4453E8F5
S21402EEC0000F43E800E4002CF9D1019048B108781D
S21402EED001AA0B4905EBC0000CF0BAF9012003B0F9
S21402EEE0F0BD0B78506883422EBF00230133DBB29D
S21402EEF00B70D1E7382B00201F2D0020102B00208E
S21402EF0078563412024B1868003818BF0120704732
S21402EF10382B002010B5044601F09FFF074B1B68F4
S21402EF204BB1DB681B1B002BCCBF0024012401F075
S21402EF309AFF204610BD1C46F9E700BF502B002062
S21402EF4038B54FF0FF34054601F087FF084B1A68C4
S21402EF501AB901F088FF204638BDD2E903310B44C6
S21402EF605B1B23F000439C4228BF1C465268EFE717
S21402EF70502B00202DE9F84F0C9F0E461546994659
S21402EF8080469DF82CA008B103687BB937B12946A4
S21402EF903046B84740F20340BDE8F88F002DF9D05E
S21402EFA0002EF7DB284600F009FCF3E701F055FFD8
S21402EFB08346504600F0F0F90446584601F053FFE7
S21402EFC08CB947B129463046B8470320314600F08F
S21402EFD0BBFB1A20E0E7002DF7D0002EF5DB284613
S21402EFE000F0ECFBF1E7656100250A9BC4F800809F
S21402EFF0DFF87080C4E90797A660236184F818A03A
S21402F000D8F800306560984709EB000601F025FF46
S21402F01007461248E6600268114631B1CB689B1B70
S21402F020002B13DBCB689E4210D09DB90C4B62605E
S21402F03004601C682CB1D8F800309847FFF780FFB0
S21402F040A047384601F00FFF0020A5E74B680D46A3
S21402F0501946E2E76B6863606C60F2E7502B0020AB
S21402F060402B0020482B00202DE9F74F81460D4605
S21402F07092461E4601F0F1FE4FF00008DFF874B02B
S21402F0800190DBF800402CB9019803B0BDE8F04FC0
S21402F09001F0E9BE23684B451CD12DB1A3682A684E
S21402F0A023F00043934215D17EB96368B8F1000F8E
S21402F0B013D1CBF800300D4B1F6887B10C4A12688B
S21402F0C09047FFF73DFFB84709E051466069B047F1
S21402F0D00028EAD0A0466468D5E7C8F80430676816
S21402F0E020460CF035F83C46CDE700BF402B00200A
S21402F0F0482B0020502B0020014B1860704700BFA1
S21402F100402B002070B50B4B04460E461546197868
S21402F110094A0A480CF07FFC0023094A242113609E
S21402F120084A07201660084A15602246BDE8704065
S21402F13000F0B4B8382D0020DE120400202D002086
S21402F140502B0020482B0020442B00207FB504467D
S21402F1501846002303930A4B0D461B68164613B93E
S21402F160212004B070BD03A998470028F8D100906A
S21402F170324629462046039B0CF01DF8F1E700BFF5
S21402F180442B0020F8B5054610200F46164600F020
S21402F190F7FA0A4B0446187818B1102221460CF0EA
S21402F1A03DFC44B101230020E3602B68C4E90176EC
S21402F1B023602C60F8BD1A20FCE700BF202D00203B
S21402F1C02DE9F843264FDFF8A880264D38603868C8
S21402F1D0FFF7A0FE30B9244B1B689847BDE8F843FA
S21402F1E0FFF7AEBE01F039FED8F800400646ECB195
S21402F1F06368C8F800301D4BD3F80090B9F1000FD1
S21402F2000CD101F030FEA3682C6033F0004311D11C
S21402F21028680BF09DFF00232B60D8E7124B1B6873
S21402F2209847FFF78DFEC8473046EAE701F01BFE17
S21402F2302C60CCE72368002BEAD018680028E7D0B9
S21402F240A26832F00043E3D0D0E90069636921681E
S21402F2508068C8470028DBD1002ED9D03046EFE7B9
S21402F260542B00204C2B0020482B0020402B002043
S21402F270502B002038B504460D4601F0EEFD064B35
S21402F2801B683BB1DA6922601B692B60BDE8384017
S21402F29001F0E9BD2360F8E74C2B00202DE9F74F7B
S21402F2A04FF6FC7700241646DFF884900331DFF829
S21402F2B084B009EB00150F404FEA001ADBF8003065
S21402F2C06A80804629F80A7002FB07F0EC609847CD
S21402F2D017FB06F292B2034668602A8108B30092D0
S21402F2E01148124A9BF8041052F8282040440CF0A9
S21402F2F093FB21462A8968680BF02FFE2146234697
S21402F3009E4206DC0020D144A9F8026003B0BDE8A4
S21402F310F08F6A68E868541850500133EC6039443C
S21402F320EEE71A20F2E700BF212D0020DC130400CE
S21402F33050240020582B002070B50B4E044606EBD6
S21402F3400015696839B1094B2A89185C0CF065FB0F
S21402F350686800F033FA06EB04101022BDE870402D
S21402F36000210BF0FABD00BF50240020212D002002
S21402F370044B19601A7198600201002102480BF0D2
S21402F380ECBD00BF582B002050240020014B185C17
S21402F390704700BF212D002070B50A4C060104EB11
S21402F3A00013DD68084B185C18B12946A25B0CF006
S21402F3B035FB2DB12B683444E3606388013B6380E0
S21402F3C0284670BD50240020212D0020024B03EB5E
S21402F3D000139878704700BF50240020094B10B4E1
S21402F3E003EB00135A88DC6801320C60D9605A803D
S21402F3F0054B185C18B15DF8044B0CF010BB5DF8B9
S21402F400044B704750240020212D0020044A01019D
S21402F41002EB0013505A10B11B89B3FBF0F0704791
S21402F4205024002038B50024154B164D1C70164B80
S21402F43020461C60154B2C601C706C60AC60FFF79D
S21402F440E5FF80B2A0F10E036B80A0F11403013039
S21402F45068812046EB80FFF799FF04460C4D014673
S21402F4600C4A28460CF0D7FA2146681E0A4A0CF0C7
S21402F470D2FA2146681C094ABDE838400CF0CBBADD
S21402F480362D0020E82B00207C2B0020352D002076
S21402F490332D002020140400291404003314040021
S21402F4A070B5044680B301F0D8FC637905466FF365
S21402F4B082036371237913F0100605D0102323719B
S21402F4C0BDE8704001F0CFBC104903F0030331F8E9
S21402F4D023203046013A21F823202146FFF77EFFFB
S21402F4E00B4B0C4E1C681CB90A4B28461C70E7E7EF
S21402F4F0237A1BB933781BB92468F4E7012BFBD1B6
S21402F500204663689847F7E770BD00BFE82B0020E7
S21402F5107C2B0020362D002010B5044601F09DFC01
S21402F520034B1A6822601C60BDE8104001F09BBCC9
S21402F5307C2B002010B5064B00F0E0001A78541C15
S21402F5401C70044B03F8320003EBC203596010BD73
S21402F550352D0020642B00202DE9F04F0446460787
S21402F56089B048BF00F0F7040492029101F075FCDE
S21402F570614F04F0030607EB860337F826205B8804
S21402F58081469A4204F0EF0A4FEA860831D20020FA
S21402F590FFF702FF054640B337F8263048460133E8
S21402F5A027F8263001F05FFC28460CF0A3F8029BF1
S21402F5B0029AAB71049B85F804A01344EB7101F028
S21402F5C04CFC07464D4B1C68002C40F08C8038469D
S21402F5D001F049FC4A4B985D18B1452229460CF0C9
S21402F5E01DFA284609B0BDE8F08F01224846454B71
S21402F5F01A7001F038FC25071DD51F2C1BD904F004
S21402F600E003039301F029FC07EB08035B8837F855
S21402F61026804FF0000B98452CBF00230123DFF80D
S21402F620EC90019301F01FFC07EB86030593364B23
S21402F6301B789B4508D384F004005146C0F3800033
S21402F64000F082F80025C5E799F80030039A1A42BE
S21402F65004D0D9F80480D8F8003023B90BF1010B96
S21402F66009F10809E3E707935A79D00708D51A790A
S21402F670510705D5019941B98AEA0202920704D0D8
S21402F68098461B68002BEFD1E5E740460BF0C9FE13
S21402F6900579079007A80BF0A6FE2946002000F081
S21402F6A053F801F0DAFB059B37F826205B880546FF
S21402F6B09A4234BF01230023019309D20020FFF7A8
S21402F6C06BFE079058B137F82630013327F82630FC
S21402F6D0284601F0C8FB079D002DBCD064E7012236
S21402F6E0084B1A70F4E7237A012B02D1204663688E
S21402F6F09847246868E700BFE82B00207C2B002090
S21402F700322D0020362D0020352D0020642B0020BF
S21402F7100022014B1A607047802B002010B5044669
S21402F72001F09BFB074A13682BB914602360BDE8FF
S21402F730104001F098BBA34202D01A461B68F3E7BA
S21402F74010BD00BF802B002070B505460E46054B47
S21402F7501C6804B970BD6368314628469847246819
S21402F760F7E700BF802B0020024B034A19780348B4
S21402F7700CF051B9372D002040140400382D00201B
S21402F78038B5C41C24F00304204602F028FB0A4BBA
S21402F7900546187818B1224629460CF03FF92DB9CD
S21402F7A021460220FFF7D0FF284638BD2246002118
S21402F7B028460BF0D2FBF7E7382D002010B504469A
S21402F7C028B1054B187810B121460CF028F92046CE
S21402F7D0BDE8104002F021BB382D002010B5064CC3
S21402F7E0237823B9E9F736FB18B9012323700020E2
S21402F7F010BD40F20740FBE7392D002038B50B4B11
S21402F80004461B780D464BB121462846E9F742FAD4
S21402F810002840F2074008BF002038BD04490548CA
S21402F820FFF7DCFF0028EFD0F7E700BF392D0020F6
S21402F830EFBEADDEBEBAFECA242816D80F2805D8FB
S21402F84002280CD8B0FA80F040097047084B1038EE
S21402F85080B2C34003F0010383F00100704705380D
S21402F860012894BF0020012070470120704700BF86
S21402F8702D2011002DE9F04F95B0EAF7A7FE42F2CF
S21402F8803603867905460C3630F806808419984584
S21402F8900ED1EAF79BFE02210BF07CFD7F22A378B5
S21402F8A00233A370AA55002320222377627063775F
S21402F8B00121E07800F050F900230646002800F007
S21402F8C0D780CDE91233237AE2888DF84A30E37A7C
S21402F8D0ADF848208DF84E30A388B4F8092013F00E
S21402F8E01000ADF84C2003F0050306D093B1E37D7B
S21402F8F0012B51D00025122614E07BB3E37D657EF2
S21402F900012B37D16B1EDBB2022B09D8EBF7B8F806
S21402F910012338E04FF48043DDE91212914220D9E8
S21402F92000251126EAF758FE012332464146ACB2BC
S21402F93004F050F8002DCCBF0534053C24B2002E4E
S21402F94040F099800A2394FBF3F4E4B2EAF744FE0B
S21402F950C3791844C47215B0BDE8F08F4FF6FF7332
S21402F960DAE71F29DCD99A42DAD8E37D657E0028D9
S21402F970BED1C5E7032BD3D16B1EDBB2022BCFD889
S21402F980EBF77EF804230342CAD0032D08BF0425F2
S21402F9902840C0B20028C3D0E07803F0E3FF20B1CD
S21402F9A0A088FFF749FF0028A4D0344A237F1278A4
S21402F9B0002A54D0042B9DD8637F042B9AD8A388A0
S21402F9C0DB0653D405F0B7FC0121C8220840EEF747
S21402F9D011FC94F91630B4F804E003EB8303B0EBA1
S21402F9E0430F4FEA4302637B677E0F93A37BE18854
S21402F9F0109304F10F031193637F94F80C9094F81C
S21402FA0015A094F818B00546E07DC8BF15B2B4F844
S21402FA1009200C93237F03280B93E37E08BF042060
S21402FA20032F08BF0427003B18BF01230A93A37EB7
S21402FA301FFA85FCCDE90873119BCDE9060B0293EC
S21402FA40109BCDE904ACCDF80C9001930F9B304689
S21402FA5000935FFA8EF30CF023FA064662E7002B59
S21402FA607FF45EAF637F002BA9D059E70020ABE797
S21402FA700546072656E7002468E700BF3A2D002011
S21402FA80F7B505466B461646164A0C461068516888
S21402FA9003C395F82A3008336B4413F8087CAB8D01
S21402FAA0DA0609D4334622463946284603F05CFF76
S21402FAB000F5FA7003B0F0BD20460BF000FDAB8DEA
S21402FAC000F10A049B074FEAC40405D030460BF047
S21402FAD0F6FC04F50C740444E823781E584304FB31
S21402FAE00700E5E74A1404009022174B10B51C687D
S21402FAF0002102FB004420460BF02FFA134B04F1C0
S21402FB0008001B680021DB78637603F024FF4FF4BD
S21402FB100063E3842385072384F82A301323FF2215
S21402FB20A385236A84F8242043F01303236284F80F
S21402FB305420074B074A2046C4E91C32C4E9203247
S21402FB40BDE810400CF01DB9842B00200C210020CB
S21402FB50D6BE898E55555500F0B5104B02461E6826
S21402FB6093F804C035464FF0FF3400239C4508DC6A
S21402FB7091B1631C10D0902303FB046080F824200C
S21402FB80F0BD95F8247028469742F9D0FF2F08BF9B
S21402FB901C4690350133E9E70020F1E7842B00206C
S21402FBA070B50446234D002842D00830EAF772FCAE
S21402FBB00026FF2304F1400084F82430E6610BF0AF
S21402FBC012FC04F144000BF00EFC04F148000BF0AA
S21402FBD00AFC04F14C000BF006FC04F150000BF09A
S21402FBE002FC2868144B201A00115843C0B203F0D6
S21402FBF0F4F80146304603F0EBF8E06E10B1E9F790
S21402FC0095FDE666606E18B103F0F4F800236366AD
S21402FC10A06E03F0DCFE0023A36670BD286806FB18
S21402FC200400FFF7BDFF01342B79A342F6DCF4E7AC
S21402FC309026F9E7842B0020398EE338F7B5044680
S21402FC4005F0E2FAC0F30F23542B3ED9AA2B34BF99
S21402FC5001230223C0B27E288CBF02220122032186
S21402FC608DF804301344B3FBF1F000EB40001B1A8E
S21402FC708DF805301344B3FBF1F202EB42029B1AF5
S21402FC808DF80630002318461D461A46104901AF65
S21402FC904B7517F8016B44FA06FC1CF0010F06D0F0
S21402FCA053009E40012330430132C0B2D2B2013526
S21402FCB0EDB2032DEDD103B148754B7D43EA8213B5
S21402FCC04B75FF230B7503B0F0BD0023C2E700BFE0
S21402FCD0842B0020064B1B68D97ADA78437E5B1A9F
S21402FCE09342A8BFDAB2002142760CF086B800BF73
S21402FCF00C210020B0F862302BB9836813F4601F21
S21402FD0008BFA0F8623011B1012911D070474369CB
S21402FD10417E23F010034361064B1A68D37A927829
S21402FD200B449342D8BFDAB2012142760CF065B892
S21402FD30FFF7D0BF0C2100202DE9F0410025344EFC
S21402FD408AB03379AB4203DC01200AB0BDE8F08109
S21402FD509023346803FB054494F82430FF2B0DD01F
S21402FD60236A980106D504F1500840460BF09FFB23
S21402FD70074628B9226A12F0A06F1ED10135E0E7C5
S21402FD80BB7908A90C333B44D8689A7A1B8AC2F31B
S21402FD908012ADF8243000238DF81F2008901A46F2
S21402FDA00DF11F0003F0E8FD38469DF81F2094F879
S21402FDB0241008AB03F08CFED7E7A38D1D2B18D1B9
S21402FDC03C23FF210020CDE90431CDE902000121C8
S21402FDD0CDE9000004F12E03C2F3802204F011F9EB
S21402FDE00028B2D04FF0A06104F120000BF0B5FF5E
S21402FDF0C4E712F0807F08BF3C214FF0000218BF14
S21402FE00432194F8393094F824000BF00AFFE7E710
S21402FE10842B00202DE9F0411F46C36904460D4697
S21402FE2016468BB169B901F018F806462946A06E47
S21402FE3003F0C7FD204629460BF0C8FF304601F006
S21402FE4012F80020BDE8F0810029FAD0036A03F018
S21402FE501203022B00F0BA80236ADD0700F1BE808F
S21402FE6094F82430FE2B0CD104F15500EAF712FD6B
S21402FE70EAF708FD28B14FF4800104F120000BF0E8
S21402FE8064FF256A614B2B40B3F5807F00F0B98092
S21402FE90A8052FD5C5F3802504F12E080022414679
S21402FEA0284603F06FFD002184F8540003F07BFD22
S21402FEB041460022284603F06AFDA18D20B194F93E
S21402FEC05400002880F296804FF4007104F120005E
S21402FED00BF043FFA28D02F00302012A0AD141462B
S21402FEE0284603F054FD28B14FF4006104F12000C7
S21402FEF00BF02BFF236AD90600F18180D4E9101299
S21402FF002046FFF7BDFD012F0ED040F27123E28C92
S21402FF105A43904208D9228D5A43904273D800F52C
S21402FF201C70B0FBF3F0E084394BE361002384F8E5
S21402FF303930236AE168B4F8625023F4803284F8D8
S21402FF403870226221613DB913F0100F0CBFC8252C
S21402FF503C25257605F2B3154EB140F27121238D6C
S21402FF6042F48032C3EB06134B432262E363236AF6
S21402FF7043F400232362274B1B68DB78637600F08A
S21402FF806CFF6369074643F0100304F10800294634
S21402FF90636103F0E0FC0120ECF74AFB28B96369D1
S21402FFA01A075CBF43F00403636126B105F068F9E3
S21402FFB0E36B0344E3632046ECF744FB384600F069
S21402FFC052FF0121A06E03F0FCFC3AE7406C0BF0F6
S21402FFD076FA00287FF440AF0C2033E7E36E002B5E
S21402FFE07FF43EAFE9F74CFBE06600287FF438AFBB
S21402FFF0092027E701F0010103F0D5FC6AE7064B6A
S21403000093E712201EE745201CE700BF00014000CF
S2140300106D3903000C2100205101030070B5002444
S2140300209026094D2B79A34200DC70BD286806FB99
S214030030040090F82430FF2B04D000231A461946F8
S214030040FFF7E8FE0134EDE7842B00202DE9F04F9F
S21403005091F806B08DB00BF10C0B04460E46012248
S21403006001EB0B050DF127000AA903F096FC824667
S21403007068B19DF827100AAF3846E9F77FFB60B1F1
S2140300803046FFF70DFA00200DB0BDE8F08FA97AD1
S21403009005F10C07C1F38011EEE7E36EE06695F811
S2140300A007900793236A4846298956F80BB003F04E
S2140300B01008EDF78BFA8344B8F1000F39D1A9F194
S2140300C00303012B94BF0323022340F271225B0038
S2140300D002FB03B21D4B1B685B79637605F11803BD
S2140300E0BAF1000F27D09DF8271094F824E0B8F152
S2140300F0000F24D04FF0010CA87AC0F3401095F9F6
S2140301000550CDE902E0CDE90071CDE904C5012132
S2140301100798E9F7A9FBB8F1000F05D00CF0F7F83C
S214030120012120460BF052FE3046FFF7B9F90120B5
S214030130AAE70123C9E7A97AC1F38011D5E794F8A2
S2140301408FC001200CF00F0CD9E700BF0C21002054
S214030150012810B50C461CD0022822D030BB084616
S2140301600CF068F840F27121E38C228D94F82A0093
S214030170D21AE36803F59C53083301FB0233236169
S214030180FFF75CFD0A4B2046BDE81040996800F077
S21403019053B9ECF7BDFB844208D1BDE810400CF020
S2140301A0B6B80846BDE81040FFF794BD10BD00BFC3
S2140301B0842B002038B50A4D0020FFF7F1FCAB680E
S2140301C013B100221A60DA800BF02CFC00242B7982
S2140301D0A34200DC38BD2046FFF786FC0134F6E771
S2140301E0842B002070B52A4C0546A06818B1FFF78B
S2140301F057F90023A360FFF7DDFF002002F0F1FDAF
S21403020055B9032025712560E582FFF795F8207917
S21403021002F0E7FD28B970BD02200BF077FAA06064
S21403022048B90025A0682571256060BB002002F050
S214030230D8FD0720EFE70026032025712660E68217
S214030240FFF77AF8B542E2DD05EBC501090133464F
S2140302500122032089B2FFF721F806460028E0D1E1
S2140302600320FFF799F820600028DAD09022314661
S2140302706A430AF072FE2379B342C8DD3046FFF7BD
S21403028033FC0136F7E7FFF70BF9A560CEE700BFAF
S214030290842B0020054B1B681B6A13F0100003D049
S2140302A013F0030018BF0120704700BF9C2B0020EB
S2140302B006222DE9F341344B06469C688846A57909
S2140302C00C35635D671903F04F036355838D7A70AE
S2140302D0103B0D2B31D8DFE803F053304F07300CBB
S2140302E0303030303030300C635D6FF303036355CA
S2140302F023E00123625D006A63F3030262550C2266
S21403030010F4006F7A7006F12E0107F108020CD084
S21403031001924FF0FF32C0F3802000921A4603F09A
S21403032034FB635D43F08003E1E7D6F82E30BB6011
S2140303308B889380336A5B05F3D4B28D635D304656
S21403034062F345136355B91C0BF0E9FF635D60F375
S21403035086136355A3797A7802331344E371B38D16
S21403036003F01403142B04D0B8F1000FC4BF4244A7
S2140303707A7002B0BDE8F081635D62F30303B6E70B
S2140303800222635DF9E700BF842B002038B52949B4
S21403039004460B7D4A7D0133DBB2B3EB921F0B752C
S2140303A003D3032300200B7538BD016AC90234D575
S2140303B0032390F87E20243A92FBF3F303EB4303E4
S2140303C0D21A2532D2B2A18D94F87F3011F01001E3
S2140303D0B4F9340084F87E2003F00F0323D104F02D
S2140303E0A5FFEDF739F9B4F9782004F170058242D8
S2140303F004D0A4F87800EDF7FFFD68812846EDF7F2
S21403040029FC00221146104602F0D7FC94F87E0021
S214030410002104F08AFF0120C6E75B001A4102F0C0
S21403042003022532CFE7024619460020EDF7E2FE27
S214030430D7E700BF842B00201F4B2DE9F04104466D
S2140304401860006C0BF03BF801462046FFF730FFC0
S214030450A38D1A4E03F01403142B0CBF0022226C38
S214030460B36820461A60FFF791FFFFF713FF144B9C
S214030470051E144808BF1846EDF7B8FD636967689C
S21403048003F0100804F0FCFE6D000346627EE8B23B
S214030490B8F1000F03D1FF1AB7F59B7F07D51146B6
S2140304A0EDF740FCB068BDE8F041EDF70FBC6168BE
S2140304B004F0ECFEF6E700BF9C2B0020842B002004
S2140304C055050300A107030070B50546FFF7E2FED6
S2140304D0104B041E104808BF1846EDF787FD284644
S2140304E0FFF754FF0D4E054660B133686000597E32
S2140304F000F0FE00EDF716FCBDE87040084B986868
S214030500EDF7E4BBEDF772FD29463068BDE87040B1
S214030510FFF7F0BB55050300A10703009C2B002043
S214030520842B0020034610B5094C052B20680AD0FF
S214030530062B0CD10020EDF759FD20680121BDE8FC
S2140305401040FFF7D7BBBDE81040FFF7BDBF10BD97
S2140305509C2B0020032803D1024B1868FFF7B4BF77
S214030560FFF7E0BF9C2B00200C4B032810B51C683C
S2140305700FD1206C0AF0A3FF01462046FFF798FE32
S214030580074B226C9B682046BDE810401A60FFF7B5
S2140305909BBFBDE81040FFF7C5BF00BF9C2B0020E4
S2140305A0842B00202DE9F8438B7906460C33CC18B0
S2140305B02379DA0703D44FF0FF30BDE8F883E77AF0
S2140305C0252FF8D83C4B9A6893790C33D118D35C13
S2140305D0A27AC3F38013B3EBD21FECD1056A0622CB
S2140305E0EB064CBF0231043104F112000AF08BFC17
S2140305F00028E0D194F80A9003F0CBF905F4C0453F
S21403060080F001032A1EC9F3801904F10C08414641
S21403061018BF01224846DBB204F042FE014658B139
S214030620A37A03F00F03032B16D1336A9807C2D5B8
S2140306300C2FC0D10320C0E703F0B1F90028BAD1CC
S214030640A37A03F00F03002DEDD0032B85F4C045EA
S21403065013D1A904AFD5E8E7052BACD1306AC2079E
S214030660A9D500F01403142B0CD004F118000BF0DA
S21403067025FE00289FD005209FE7052B9BD16B0402
S214030680ECD498E706F12E052946C0F3802003F044
S21403069075F90028E9D1A27A336AC2F38012C3F34C
S2140306A080239A4287D10622294640460AF02BFC2D
S2140306B00028DAD07FE700BF842B00202DE9F74F10
S2140306C000244FF0FF31074601A80194EDF704F923
S2140306D0019949B13846FFF765FF032806D0052878
S2140306E04BD001A80AF07FFE01203FE0DFF8A88088
S2140306F02848EDF77BFCD8F800302046597EEDF706
S21403070035FBD8F800B0DFF89490DBF84400D9F84E
S21403071008600AF0D4FEB47905460C34335D06EB64
S214030720040A03F0400343F0040333550AF10201BD
S21403073058460BF0F4FD335D002D60F386133355F6
S214030740D8F80030D9F808005B6CA4BF06358AF8E1
S21403075001500360EDF7BAFAD8F800301B6ADB04E1
S21403076007D5384601990BF09DFD002003B0BDE880
S214030770F08F01A80AF037FEF7E70198EDF762F964
S214030780384601990BF037FD0028ADD02046EDF72B
S2140307902DFCEAE7690503009C2B0020842B002030
S2140307A00E4A032810B5146805D0042809D0BDE8FE
S2140307B01040FFF7B7BE617E0120BDE81040EDF79D
S2140307C06DBA2046FFF77AFF30B1EDF7A1FB20465E
S2140307D0BDE81040FFF778BE10BD00BF9C2B00207D
S2140307E0406800B9704743688B4201D00068F8E759
S2140307F001207047FEE7042070470020704705205D
S214030800704708B5E2F75AFD042008BD10B5044644
S214030810F0F7D4FCE06000B1FEE7052010BD10B58C
S214030820044640F6B830E2F7D9F9E06000B1FEE7D7
S214030830042010BD10B5044642F21070E2F7CEF95C
S214030840E06000B1FEE7042010BD0023FF2280F81D
S2140308502230038380F82B30532380F8332080F82C
S2140308602730704710B50446E2F744FD41F288305E
S214030870E2F7B4F9E06000B1FEE701210846F0F7BD
S214030880A9FCE06000B1FEE72046FFF7DEFF042088
S21403089010BD07B50DF10700E2F796FA03B05DF851
S2140308A004FB08B501F078FAE2F7E0F901F081FA03
S2140308B0E2F7F6F9E7F7BEF8F8E7EEF70BB908B58F
S2140308C0E7F7D4FFBDE80840F0F74ABA10B5044688
S2140308D0E2F716FC2046E2F7BBFA2046E2F728FAD0
S2140308E010BD0120704700B5C3B0EEF785F804F0DD
S2140308F071FD48B1FFF7F5FF30B101A805F0EEFB37
S21403090010B901A8FFF7E2FF43B05DF804FB08B592
S214030910E3F75EFAE2F7CAFBBDE80840E2F7D8BBA6
S21403092008B5E7F795FCE6F719FC00F0A7FEE6F72F
S21403093021FEE8F78FFA00F02AFFBDE80840E2F749
S2140309409BBB08B5E4F7EAFD00F0FDFAE4F7F6FD15
S214030950BDE80840FFF7B3BF08B5E2F747FCBDE8BC
S2140309600840E2F705BD704708B5E2F793FCBDE81B
S2140309700840E2F7F7BDFFF7B6BF7047E2F78ABB5A
S2140309800120704738B5E2F7C7FC0446E2F724FEB9
S214030990051E18BF2546EEF757F8041E18BF2C464B
S2140309A0E2F700FA002818BF204638BD38B5E7F747
S2140309B069F90446E2F7C4FC042825D002284FF060
S2140309C0000508BF0124E2F7FDFD04281ED0022817
S2140309D008BF012404F040FD042819D0022808BFEC
S2140309E00124E2F75DFB042814D0022808BF012483
S2140309F0FFF7C6FF04280FD0022808BF0124002DE6
S214030A0018BF0024204638BD0125DCE70125E1E7B1
S214030A100125E6E70125EBE70024F3E782B002AB06
S214030A2003E90300012002B07047FEE710B53AB1B0
S214030A30002350F8234041F8234001339A42F8D16B
S214030A4010BD002070474FF4004070474FF47A7093
S214030A50704700230360704703680B6001607047AC
S214030A60036803B970478B4202D10B680360704773
S214030A701846F5E7436803B11847222070474369D1
S214030A8003B11847FF20704710B40A680846137866
S214030A90022B13D014213023147913FB041303F110
S214030AA0A04303F570331B685179CB40DB4303F057
S214030AB0010313705DF8044BE2F7A4BB5DF8044B27
S214030AC0704703681878704702681378022B27D09C
S214030AD014213023107913FB001303F1A04303F50D
S214030AE0703351791B68CB40917903F001030129D8
S214030AF012D1508843EA40034FF6E07063F03F0399
S214030B009BB2834202D11170538070474FF6DF7158
S214030B108B42F9D10021F6E711B983F00103137074
S214030B20704703681A78022A03D100225A80E2F734
S214030B306BBE704713B504682378022B10D0A379D5
S214030B40022B0BD100216079E3F75AF9002362796F
S214030B5020791146CDE90033E4F792F90223237096
S214030B6002B010BDD0E900031847C36800681847F1
S214030B7003690068184743690068184710B50446B8
S214030B8001213A20E3F7C4FBA3782078B3FA83F372
S214030B90042261785B09E4F7CDF9002010BD012239
S214030BA0417803788A4030214B4343F2100103F126
S214030BB0A04303F570335A50704710213023024682
S214030BC0007813FB001303F1A04303F570331B688F
S214030BD05178CB4003F0010093780BB980F0010005
S214030BE0704710B588B004460E98009207900D988B
S214030BF0224606909DF8300005900B9804909DF8C9
S214030C00280003900020CDE901300B460121E2F7CE
S214030C1075FE08B010BD704713B5044601A8E4F787
S214030C2063FB9DF8063023804FF480736380E4F7FC
S214030C307BFB6060002002B010BDE4F7DBBA08B5AA
S214030C40E4F7C8FA002008BD10B5044644EA0103D9
S214030C5013F00303084609D1934201D1002010BDC7
S214030C6054F8231040F823100133F5E72146920089
S214030C700AF07EF9F2E70A4601390144E6F7DCBCDE
S214030C8008B5E2F755FDBDE808400021E3F71ABBB7
S214030C901FB5002380280446019371D02AD8002864
S214030CA072D0A0F12004412C32D8412C30D8DFE892
S214030CB004F06B6E6B6E7E7E7E7E6E6E883C9E62EE
S214030CC03C6E6E6E2F2F2F2F2F2F83546E6E6EA8B3
S214030CD0A36E2F2F2F2F2F2F2F2F2F2F2F2F2F6B2D
S214030CE02F6B6B6B7E2F2F2F2F2F2F2F2F2F2F2F09
S214030CF02F2F6B6BB0F5806F59D021D8B0F5007FDE
S214030D0050D008D8B0F5807F60D0B0F5C07F3BD018
S214030D10019804B010BDB0F5607F43D0F8D8B0F5A5
S214030D20207F34D0B0F5407FF2D1E2F7EFFC0246E5
S214030D304FF42070E3F79CFAB2FBF0F252082FE070
S214030D40B0F5C06F53D00DD8B0F5A06F34D0B0F562
S214030D50B06F36D0B0F5906FDAD1002101A8E3F773
S214030D608BF9D5E7B0F5E06F46D0B0F5F06F48D015
S214030D70B0F5D06FCCD1002101A8E3F7D5F9C7E7CA
S214030D80E2F7AAFC0190C3E7E2F7C0FCFAE7E2F752
S214030D90BDFC02464FF42070E3F76AFAB2FBF0F2AA
S214030DA00192B5E7E2F798FC02462046F4E70021F5
S214030DB001A8E3F71BF9ABE7002101A8E3F728FA3C
S214030DC0A6E7002101A8E3F735F9A1E702934FF060
S214030DD0E0231B695B0705D5E2F798FC0290029BAC
S214030DE0019395E703A902A8E3F77AF9F7E7002149
S214030DF001A8E3F775F98BE7002101A8E3F7C0F92B
S214030E0086E7002101A8E3F7DFF981E70029CCBFD5
S214030E1001210021E3F756BA02214FF42070E3F7CD
S214030E20D9BC10B5E2F772FC0446E3F7D3F8C0F179
S214030E3002012046FFF7EAFF01210020E3F75AFEEE
S214030E40E3F72EFDBDE81040E3F782BAEFF3108018
S214030E5072B6704700B962B67047EFF3118030235D
S214030E6083F31188704780F3118870477047704783
S214030E700020E3F73FBD0120E3F73CBD7047C36C9A
S214030E800B42FCD1704708B543680246DB0714D50E
S214030E900A2350210363FFF7F2FF136C9907FCD173
S214030EA0936A012110469362FFF7E9FF136C1B0652
S214030EB004D4012302F50052536008BD536BF5E7D3
S214030EC038B50C460121024600F58053596004F0FC
S214030ED00F0540F2FF71FFF7D2FF78210563FFF796
S214030EE0CEFF04F00103610748BF43F00203116C11
S214030EF001F003019942FAD138BD09B9FFF7C3BF20
S214030F00FFF7DEBF036C5B06FCD5C16370470022A8
S214030F10E3F7FCBEFFF7FBBF70B5054614460E4667
S214030F20FFF794FF2B685C4034405C402C60BDE8C0
S214030F307040FFF78FBF4FF0B0435A6812B19A6AFA
S214030F40002AFAD17047F7F787BC0020704713B51D
S214030F501AB10024009400F0F4F802B010BDF0B506
S214030F608DB005AC84E807001C46A1420D4628BF99
S214030F702546129B0DB304B311462846002603F5F7
S214030F803813CDE90A468DE8030003F241135F02E6
S214030F90C5EB4323099302950CAA059B12E90700A8
S214030FA0069500F057FAA54207D23146621B381B56
S214030FB00DB0BDE8F04000F04BBA0DB0F0BD30B553
S214030FC091B001AC84E807001C461346DA0049BF1B
S214030FD0029A6200033222F00302014604A8FFF7D6
S214030FE0B6FF04A800F0C2F81499224601F538119A
S214030FF001F241114D0208A8C4EB41210023FFF77B
S214031000A6FF05F5007100232246091B0CA8FFF76F
S2140310109EFF0CA800F0AAF808A904A800F086F81A
S21403102011B030BD70B590B001AC84E807001C4623
S2140310301499164601F5381101F2411122464D0264
S21403104008A8C4EB41210023FFF781FF05F50071D3
S21403105022460023091B0CA8FFF779FF0CA800F013
S21403106085F8F30048BF029A334648BF0332019916
S2140310704CBF22F00302620004A8FFF768FF04A82F
S21403108000F074F804A908A800F050F810B070BD7A
S21403109010B58CB005AC84E807000E9ADDE90601AE
S2140310A002F5381202F5A0725202CDE90923002296
S2140310B08DE803000B9202930CAA059B12E9070026
S2140310C000F0C8F90CB010BD2DE9F04B4FF0000846
S2140310D099460746164645468AB003AC84E8070099
S2140310E002F0805B07AC049A424502D80AB0BDE81A
S2140310F0F08B139B13B9AA1E012A0AD9129BCDE9BA
S2140311000779099600955BB194E807004B46FFF70D
S21403111026FFBBF1000F00D14F440135C844E2E778
S2140311204B4694E80700FFF7B3FFF2E708B5E4F78A
S214031130E9FAE4F71DFBE4F725FBBDE80840E4F70E
S21403114035BB10B5044622F0704210306060216053
S214031150A26039B1A26803F070431343A360029BF5
S214031160E36010BDA36843F08043F7E701234360C1
S214031170C36843F02003C360836843F0005383606F
S214031180704737B515464A6804463AB18C680093EB
S214031190096845EA0403FFF7D4FF0446204603B074
S2140311A030BD2DE9F04FD3B0CDE90123DDE95D7BFA
S2140311B0DDE95FA900230390042003ACCDE9050312
S2140311C007C907AB83E8070021461846619E0494C7
S2140311D0E4F700FB8046002840F0B3805C9A0AAB35
S2140311E007CADBF8045083E80700DAF804304C42F9
S2140311F01D44D9F804306D425B420093BB6805F08A
S2140312000F05DA0048BF7B6804F00F0442BF0333C0
S21403121023F003037B60B368DB0041BF73680333CB
S21403122023F0030373600023DBF80400DAF80420DA
S214031230CDE9153381182944CDE90E1379680D934A
S214031240494201F00F01CDE910317168129349420A
S21403125001F00F01CDE91331CDE9173319935C9BE8
S2140312605B684BB9D9F804301343184301BF102405
S214031270CDE90B4016AB0A9311234FF0005204A995
S21403128032A8FFF77EFF40F611034FF0005207A97E
S214031290FFF777FF42F611034FF000520299FFF76C
S2140312A070FF44F611034FF000520199FFF769FFF0
S2140312B0412300225946FFF764FF2B024FF00052EA
S2140312C0514643F04103FFF75CFF23024FF0005201
S2140312D043F001030AA9FFF754FF009B4FF00052A7
S2140312E01B0203F47063494643F00103FFF749FF0B
S2140312F01038FFF73BFF00230DA91A461AA8FFF77D
S21403130040FF002339461A46FFF73BFF002310A988
S2140313101A46FFF736FF002331461A46FFF731FF1A
S214031320002313A91A46FFF72CFF002362991A46D7
S214031330FFF727FF1038FFF719FF1AA932A8FFF7A0
S214031340F5FE404653B0BDE8F08F084611461A46F0
S2140313505B68102B01D1E4F7C5BA0720704782B04B
S21403136000B589B00DF1200C20290CE907000B937A
S21403137012D8DDE90E0102AB83E803005CE9020143
S2140313808DE803000BAA059B07CA00F0EAF809B02C
S2140313905DF804EB02B070470120F8E782B070B541
S2140313A086B00B93119B03AD202B85E807003CD832
S2140313B00C9AB2EB430F3AD10F9EB34237D10622B3
S2140313C05A438A4203D003EB83038B422FD1012275
S2140313D031462220129BE4F7D7F80446F8B90123D6
S2140313E0CDE9003395E807000E253346FFF76CFE7C
S2140313F000950EAA07CA3346FFF7B1FD2346062219
S21403140029460220E4F7ACF8E4F7DAF806230446A4
S21403141078B900930BAA334607CAFFF703FE2046A4
S21403142006B0BDE8704002B070470124F7E7072412
S214031430F5E71C46F3E7034610461944CA1A012A81
S21403144000D5704711F8012D02440A701012F5E713
S21403145009F083BD82B02DE9F0438BB005AE86E874
S2140314600700079D1F4615F0804513938046DDE968
S21403147014328946169C16D18C4228BF0C46D200DD
S21403148016D584B10F2C1AD8A9EB0502042A3B689B
S21403149028BF042208EB050009A90435099309F0BF
S2140314A067FDAC42F0D80BB0BDE8F04302B070471E
S2140314B09C4228BF1C46002CF5D00F2C13D9DDE91F
S2140314C014018DE803000294139B96E80700E4F7E3
S2140314D021F9E4F74DF9E4F755F90BB0BDE8F0430D
S2140314E002B0E4F763B9224639460BB0BDE8F043D1
S2140314F002B009F03DBD82B070B586B00E9E0B9368
S2140315000C9B03ADB3EB460F85E8070027D10122FA
S214031510314626200F9BE4F737F80446C8B9012363
S214031520CDE9003395E8070006253346FFF7CCFDE3
S21403153000950BAA07CA3346FFF741FD234622460A
S21403154021462846E4F70CF8E4F73AF8041E18BFD9
S2140315500524204606B0BDE8704002B07047072455
S214031560F7E782B02DE9F04F89B01D461393149B1D
S21403157001AC8B4284E8070006460C4605D00720DC
S21403158009B0BDE8F04F02B070476B1813F8013C82
S214031590DB07F4D50027EB5DB3B34FF0FF084FEA44
S2140315A0480111EA030A5FFA81F8F8D13A46514630
S2140315B006EB07093046E71B09F0CFFC04F1FF3BB7
S2140315C0CDE9067ACDF814900DF1140A9AE80E00C8
S2140315D0DDE91607B847002101278C46084699F827
S2140315E0003023EA080389F80030A1420ED1BCF18B
S2140315F0000FC4D00028E9D1002FE7D101223046DE
S214031600FFF719FF3846BBE70137C4E76A5C735C2C
S2140316108B4508BF02F0FE02A2EB030E5FEA1E2E06
S21403162007F0010E08BF4FF0000E5340013B1B0AA4
S21403163007F0010740EA0E0008BF00270131002A21
S21403164018BF4CF0010CD0E708B5E3F7D3FF10F052
S2140316500E03FAD0022BF8D010F4806018BF0620D1
S21403166008BD10B50446E3F7E9FF2046E4F732FA6F
S21403167018B9BDE81040E4F799BA10BDFFF765BC8A
S214031680F0B5154649228FB0149C8DF8242004F13A
S2140316900C060DF1250254F8047BB44242F8047B91
S2140316A0F9D1247814704FF48074ADF834409DF863
S2140316B0544000228DF8364004240694169CCDE947
S2140316C0001505941324049409ACCDE902340B46A3
S2140316D011468DF832208DF83350E4F7C3FA0FB075
S2140316E0F0BD30B5C02A93B02FD0B2F5807F29D095
S2140316F0802A2CD14FF4807480F00100204301909F
S2140317001698012502901024212003950494059031
S214031710069301AB0795089409900A9306AB0B93BF
S21403172004230C9311230D930AAB0E910F9340F6EB
S2140317301103D20802A90EA810921193E4F762FAD5
S21403174013B030BD4FF48274D6E70F20F8E7292094
S214031750F6E71FB5079C02949DF81840CDE90034C0
S21403176013460A4601460020FFF78AFF04B010BD61
S2140317701FB5079C02949DF81840CDE90034134624
S2140317800A4601460120FFF77BFF04B010BD08B5EB
S214031790E4F7BCFBBDE80840E4F7ECBB10B5044631
S2140317A0FFF754FB4FF0A8431A6822601B69636077
S2140317B0FFF750FB002010BD10B50446FFF746FBAD
S2140317C04FF0A84322681A6062681A61FFF742FB6B
S2140317D0002010BD70B506460D4614468CB0CAB13F
S2140317E01022002108A809F0B8FB002207AB0293D9
S2140317F005AB019306AB00933046294608ABCDE90B
S2140318000522E4F715FC18B9099B6360059B236062
S2140318100CB070BD6FF08600FAE770B505460E464D
S214031820E4F7AEFB044648B931462846E4F71CFE07
S214031830044628B1E4F7B0F9E4F7AEFB204670BDE2
S214031840BDE87040E4F7A8BB10B5436A8AB0041D30
S214031850CDE901430023CDE9052310223C30CDE931
S2140318600331CDE908230790E4F78AFB60B907AB99
S2140318701A4604A901A8E4F70DF80446E4F78CFB1E
S214031880002C18BF6FF092000AB010BDE5F79EB9A2
S21403189008B528B14C22002109F05FFB002008BDE3
S2140318A06FF08600FBE70020704738B51C46002320
S2140318B00846236011461546FFF7AFFF00B92560BB
S2140318C038BD08B50120E2F745FF002008BD70B516
S2140318D00C46154610B9E5F7D3FA38B143682BB171
S2140318E02A462146BDE8704000681847232070BD8D
S2140318F0F7B50D4616461C4648B103B901AC8768D2
S2140319005FB12346324629460068B84706E0E5F746
S214031910B7FA04B901AC0028F1D1232003B0F0BD17
S21403192010B50446FFF792FA0421236CBDE8104075
S2140319301A6C12F0800F03F5805204BF03F50053B0
S21403194059644FF0040318BF51649364FFF782BAD7
S21403195008B5006CFFF7D6FA002008BD0122036C19
S21403196019B103F580539A64704703F500539A64DC
S2140319705A64704770B50468236C5A6CD10709D54E
S214031980012103F5005251641B6C9A0602D52046CA
S21403199000F020F9206C436C5B070AD5042500F59C
S2140319A0005384F83C505D64227E1AB99D6401237B
S2140319B0237670BD627E002AFBD094F82D2002B3F6
S2140319C00026132184F83560FFF79CFA236C03F591
S2140319D0805295645B6BDBB2112B0DD1012384F827
S2140319E034303022237A534303F1A04303F5802394
S2140319F0DB6E013B2363DCE7132BDAD184F8346018
S214031A00EFE79D64D5E700207047FEE74FF40053E9
S214031A1000204B6070470020704707B5002001ABDD
S214031A200190FFF765FF0198002808BF4FF0FF30CD
S214031A3003B05DF804FB10B514460020FFF747FF1C
S214031A40204610BD034670B190F8382090F83C004D
S214031A502AB1022803D1012283F83C2070470428C8
S214031A604FF00102F8D00120704780F82C10704721
S214031A7090F82C00704790F8390070473022037AAC
S214031A80534303F1A04303F58023D96ED0E9032320
S214031A901344994214BF084610467047F8B50446E7
S214031AA00D4690F8393081B173B990F83A60FFF774
S214031AB0CDF9054601213046E5F7F6FE2846FFF741
S214031AC0C9F9012384F83930F8BD002BFCD090F80F
S214031AD03A70FFF7BBF9064629463846E5F7E4FEB3
S214031AE03046FFF7B7F984F83950EDE72DE9F843A8
S214031AF0044616460D4690F82C80FFF7AEF994F888
S214031B00382003469AB1FFF7AEF994F83B90FFF7F7
S214031B109DF9074601214846E5F7C6FE3846FFF716
S214031B2099F9FFF79AF90022034684F838201846F5
S214031B30FFF799F92E44B54204D101212046236AC2
S214031B4098473DE094F82D302BB3FFF786F9237EB4
S214031B500746EBB12046FFF791FFE168013888425C
S214031B6038BF2069D4F830C03CBF00F1FF304018BE
S214031B7003469C450BD013F80129112A01D0132ADA
S214031B8021D1A2F111035A425A4184F8342020632A
S214031B903846FFF768F994F83430002BCBD0B8F109
S214031BA0000F06D02B780A2B03D10D212046E369BC
S214031BB098472046E36915F8011B98470028BAD0D2
S214031BC00020BDE8F883994282BF236903F1FF33FF
S214031BD05B18CEE7F8B590F83830044603F0FF06F6
S214031BE0A3B93146036A9847012384F8383094F83A
S214031BF03B70FFF72BF9054631463846E5F754FEAA
S214031C002846FFF727F9022384F83C30F8BD08B5C9
S214031C10E5F774FD08BD10B5FFF718F90446E5F7B8
S214031C20B9FD2046BDE81040FFF714B97047012000
S214031C3070474FF4C870E5F7EDBE70472DE9FF41D6
S214031C400D4616461F460446A8B14FF00008C0F8D6
S214031C501C80E6F737FBBDF82C30424602939DF80E
S214031C6028302946CDE9007320463346E6F790FA36
S214031C7004B0BDE8F0812220FAE7F0B50D4616461B
S214031C801F46044685B090B10023C361E6F71AFBEE
S214031C90BDF82C302A4602939DF828302946CDE914
S214031CA0007320463346E6F773FA05B0F0BD2220EC
S214031CB0FBE7F0B51F46002387B00D4616460446DD
S214031CC08DF81730A8B1C3610DF11701E6F72AFBAB
S214031CD09DF817207AB9BDF83430294602939DF84B
S214031CE030302046CDE900733346E6F751FA07B0A5
S214031CF0F0BD2220FBE70320F9E7F0B51F460023DB
S214031D0087B00D46164604468DF81730B0B1C3614A
S214031D100DF11701E6F706FB9DF8173083B9BDF8FA
S214031D2034302A4602939DF830302946CDE90073B5
S214031D3020463346E6F72CFA07B0F0BD2220FBE731
S214031D400220F9E738B5FFF788F8054600F008F8EB
S214031D5004462846FFF787F8204638BD00F019B832
S214031D604FF0B0439A6A1207FCD4186A70474FF0D4
S214031D70B04301285B6904D0022805D1C3F3801061
S214031D80704703F001007047002070473E20FEF7BF
S214031D907FBF3E20E2F7A2BB08B5E1F7E7F8FEF700
S214031DA0B6FDFEF7BDFDFEF7CCFDBDE80840FEF729
S214031DB0D3BD08B5FEF7D7FDFEF7D6FDFEF7DBFD70
S214031DC0BDE80840FEF7D9BDE1F7F6BC08B5E9F76C
S214031DD0A7FE01F0A9FC02F0C0FA002008BD38B542
S214031DE00446FFF733F805462046FCF717FD04467E
S214031DF02846FFF72FF8204638BD70B504460E4632
S214031E00FFF724F8314605462046FCF7EDFC04466A
S214031E102846FFF71FF8204670BD38B50546FFF77E
S214031E2015F804462846FCF701FD2046BDE8384071
S214031E30FFF710B810B5044608B1E6F723FD2046B1
S214031E40BDE81040FFF7E9BF00F4E040B0F5805F5F
S214031E5004D0A0F5005358425841704701207047FC
S214031E60F0B59E4600F0FE43B3F1106F06460F46EC
S214031E70944691B003D06FF0850011B0F0BD20F00A
S214031E801F6121F470210029F5D13D4607ACCDE949
S214031E900E110FCD0FC495E8070084E80700D7E9B5
S214031EA009230899090AE6D1189930460491179927
S214031EB0CDF800C003911699CDE901E107A9E4F72F
S214031EC0CBFBDAE73AB1002918BF00232121D21A47
S214031ED0184409F042B8704738B5037904460D46EE
S214031EE03BB9A368022120462B6000F0D0FD38B929
S214031EF038BDD0E9091200F060FE0028F1D0F7E7FC
S214031F0000232B60F4E72DE9F04F9946002393B0A6
S214031F108DF81F301F9B9046DDE91CA6002B0D464F
S214031F200B460CBF4FF400624FF4806208A91E9F55
S214031F30E6F7D0FD044668BBDDF820B009ACDC4606
S214031F40CDE91000BCE80F000FC49CE8070084E846
S214031F5007002846BDF824100DF11F02E6F72AFEF7
S214031F600446B8B99DF81F30B34223D8DBE90912FB
S214031F700A98000A21D1CDE90337CDE9019A2B4609
S214031F80CDF8008009A8E4F7B9FD10F1860F0446E2
S214031F9000D000B13E603246214650463B68FFF70C
S214031FA091FF089800F0B0FD002C18BF204613B030
S214031FB0BDE8F08F6FF08904ECE76FF08604E9E77D
S214031FC000232DE9F341D0E9016804460F46304665
S214031FD01146136000F0C2FD054688B9304600F08E
S214031FE0BFFD054660B9F6B276B9B8F1000F05D164
S214031FF0E36823F47F4323F0030363B16FF086059E
S214032000284602B0BDE8F0810146A06800F02EFD28
S2140320100028EDD1F2E74FF6F87362889A421ED88D
S214032020238B012BEAD8394601A8E6F779FF054644
S2140320300028E5D10FCC3F683E460FC694E807005C
S2140320403B7986E807000BB9019BBB603B8B0121FC
S21403205023F0010338463B8300F019FDD0E76FF009
S2140320608505CDE741F2052398421AD8B0F5905F6F
S21403207009D241F2010398420CD0B0F5885F09D02B
S2140320806FF0850070472923A0F5905080B2C340B7
S214032090DB07F5D511F0070F0CBF00206FF08600A5
S2140320A07047B0F5105FEBD121F04003802B06D0CC
S2140320B0B1F5807F0CBF00206FF0860070470020CC
S2140320C0704770B5446A05460E463CB90120FFF7D3
S2140320D094FE686228B12046AE6270BD6FF08A0037
S2140320E0FBE76FF08C00F8E7F8B50F461146064697
S2140320F01546FFF7E6FF044620B92A463946706AB6
S21403210008F036FF2046F8BD2DE9F041089D8846C5
S2140321101F46048802B32046FFF796FEE0B12B68FD
S2140321200BB9D3002B6020462968FFF79BFF0446B4
S21403213078B9CE1DB2EBD60F11D1069B9A4211D8B1
S2140321404146384608F014FF2B68079A0733DB0826
S21403215013602046BDE8F0816FF08504F9E76FF061
S2140321608604F6E76FF08904F3E72DE9F04F476836
S21403217085B03F0A0446DDE90E9A0D461646984694
S214032180DDF840B015D1CDE901ABCDF80090E4F70A
S214032190EDFB10F1860F0ED1434632462946204604
S2140321A0CDE90FABCDF8389005B0BDE8F04FFFF79B
S2140321B0ABBF6FF0860005B0BDE8F08F10B50446E0
S2140321C0406A10B1A16AFFF735FE0020C4E9090092
S2140321D010BD38B50546FFF7F1FF95F820300446E5
S2140321E0043B012B0CD8EB69002B0CBF04466FF0A5
S2140321F096042C220021284608F0AFFE204638BD60
S2140322006FF09604F5E710B5044638B1042100F0E4
S2140322103EFC2046BDE81040FFF7DBBF10BD38B5D7
S21403222090F820300546052B16D10479FF2C07D1EC
S214032230FFF7CFFF041E08BF6FF08404204638BDA7
S2140322401CB1806800F09EFC04462846FFF7C1FFD9
S214032250002818BF0446F1E76FF08804EEE707B5D9
S21403226058B1012201A9E6F797FE30B9019800F0AC
S21403227046FC28B10198FFF7D2FF03B05DF804FBD4
S2140322806FF09900F9E7F7B5044608460E4600F0E6
S21403229043FB002320461A4601A9E6F71BFC78B940
S2140322A0019F34463D460FCD0FC495E8070084E8EA
S2140322B00700338B384603F00103338300F024FC16
S2140322C003B0F0BD70B5144602881D461046049E42
S2140322D0FFF7BAFD68B944F2010322F4405098426E
S2140322E007D002F44F42B2F5824F02D0B2F5844FC4
S2140322F00ED1B4420FD82246284608F039FE0021F4
S214032300321B281908F029FE0020059B1C6070BDAF
S2140323106FF08500FBE76FF08900F8E72DE9F043DF
S2140323208946984617468DB07AB300230122C8F82B
S214032330003002A9E6F7CEFB0446A0B9029E03AC22
S2140323403546CDE90A000FCD0FC495E80700049B78
S21403235084E80700D6E909121B0A08D0304600F0C5
S214032360D3FB6FF0860420460DB0BDE8F0834B46E2
S214032370CDE9007803A8FFF7A5FF0446304600F032
S214032380C3FB002C08BF0446EDE76FF08904EAE7B9
S21403239070B514460288049D02F4E040B0F5804F01
S2140323A01CD144F2010022F44056864207D002F4C0
S2140323B04F42B2F5824F02D0B2F5844F0ED1AC42F3
S2140323C00FD81846224608F0D3FD00212A1B2044C6
S2140323D008F0C3FD0020059B1C6070BD6FF08500F0
S2140323E0FBE76FF08900F8E72DE9F0438946984646
S2140323F017468DB07AB3002302A91A46C8F80030F0
S214032400E6F768FB044640B9029E33885B0408D4AB
S214032410304600F079FB6FF0860420460DB0BDE829
S214032420F083354603ACCDE90A000FCD0FC495E81B
S214032430070084E80700CDE900784B46D6E9091281
S21403244003A800F0F1FA0446029800F05DFB002CA6
S21403245008BF0446E1E76FF08904DEE72DE9F041A3
S2140324601F46002388B0054688461646CDE9053341
S2140324703B60002A54D0B2F1005F54D206AA05A9E5
S214032480FFF79EFD0446A0B90598436AABB1059BCA
S21403249041465A882846079207AA029203F1280261
S2140324A001929A6A00925B6A3246FFF75EFE044622
S2140324B080B10598FFF7A7FE28E06B681B0A02D0D9
S2140324C06FF08604F5E73146FFF7FBFD0446002868
S2140324D0DDD0EEE70598079B4288DAB943804FF6CE
S2140324E0F872934219D82B8813B102889A42E7D11F
S2140324F02B6A002BE4D16B8813B142889A42DFD152
S2140325003946FFF7E9FC04460028D2D1204608B036
S214032510BDE8F0819A42D3D1E1E76FF08504C8E7BE
S2140325206FF08604F2E76FF08504EFE710B5044614
S214032530006868B106280CD104F10800FFF7A8F973
S21403254000232360A38823F4FF7323F00103A380EF
S21403255010BD6FF08600F3E72DE9F0430546984675
S21403256000238DB002932B6808461746002B47D1ED
S214032570B8F1000F134602A914BF4FF480624FF45C
S2140325800062E6F7A7FA044600283BD1DDF8089078
S21403259003AC4E46CDE90A000FCE0FC496E80700FB
S2140325A084E807003846BDF80C102A1DE6F702FB40
S2140325B0044638BB6B79049968F300036B71090A08
S2140325C0D9E90923B8F1000F12D011BB009703A96C
S2140325D005F10800E4F7FAFA044698B906230298C8
S2140325E02B6000F091FA044620460DB0BDE8F08358
S2140325F079B9009703A905F10800FFF747F9EBE758
S2140326006FF088042846FFF791FF029800F07CFAE3
S214032610EAE76FF08604F5E70123FFF79DBF38B5B9
S2140326200546006898B112B90024204638BD06282E
S2140326300AD105F10800E4F7FBFA04460028F3D0B4
S2140326402846FFF773FFF0E76FF08604F8E76FF0AE
S2140326508804EAE72DE9F0410546006888461646F1
S2140326601F46F8B16A79D2071CD52A79D2B1B2428D
S2140326701BD806281CD105F10800E4F729FB0446FD
S21403268010B100233E602B713246214640463B681C
S214032690FFF718FC2846FFF749FF002C18BF204613
S2140326A0BDE8F0816FF08804EBE76FF08904E8E794
S2140326B06FF08604E5E71FB501240394089C029493
S2140326C0079C0194069C0094FFF71DFC04B010BD04
S2140326D02DE9F04705469A46002386B0059305F094
S2140326E0FE43B3F1106F0846DDE90E961746DDF894
S2140326F0408029D12B464FF4804205A9E6F7EAF934
S214032700044618BB05990B8823F0FF03B3F5E24F85
S21403271002D0B3F5E44F04D14B880733B6EBD30F9F
S2140327201ED353463A462846CDE90168CDF80090B5
S214032730FFF796FB044648B9059800F0E5F904460A
S214032740204606B0BDE8F0876FF08604314648465B
S214032750E6F7A0FA0598C8F8006000F0D5F9EFE7A9
S2140327606FF08904F2E7034610B50C461146DA69A2
S21403277000880AB91B6A3BB9FFF766FB38B12046E7
S214032780BDE81040E6F786BA6FF0860010BD6FF01E
S2140327908500FBE700232DE9F04385B0CDE901333F
S2140327A00B60438806460D46002B00F0B280038874
S2140327B003F4E043B3F5804F00F0AB8002AA01A90F
S2140327C0FFF7FEFB044600287CD1019A7768526A1D
S2140327D06AB17368019F1B0AD7F8248057F8289FAD
S2140327E074D06FF086040198FFF7E8FC6AE03F0AAE
S2140327F061D1B6F8008071884046FFF725FB80B1AB
S2140328004046FFF72FFC044600285BD108F4E0435C
S214032810B3F5805F02D0B3F5005F0AD10731CF0866
S21403282017E028F0FF03B3F5E24F37D06FF08504C7
S21403283048E008F44F43B3F5844FEFD047F2010363
S21403284098450FD149080131C90801EBC10101F1CF
S2140328503B07039703990198FFF733FC04460028C8
S214032860B7D02FE044F20103984503D1C90801F11C
S2140328701007EEE747F20202904505D1C90801EBBF
S214032880410101F15A07E4E744F20202904505D1FB
S214032890C90801EB410101F14A07DAE728F0FF0016
S2140328A0B0F5E24FBAD0B0F5824F01BF0731C90881
S2140328B049004F1CCDE7304603A900F059F80446FB
S2140328C00028C7D00198FFF79EFC13E033885B040B
S2140328D014D43B464A4641463046FFF744FF044677
S2140328E00198002C7FF47FAF2946FFF7F5FA0446DC
S2140328F00028E7D1204605B0BDE8F0833B464A46AC
S21403290041463046E3F754FF10F1860F0446E7D1FD
S214032910DFE76FF08604EDE710B50446C069FFF7FE
S2140329207CFA2046BDE810402422002108F015BB9F
S2140329302DE9F04105460F4690461C469BB11946C5
S2140329400120FFF75AFA064678B12246414608F0B8
S2140329500FFBE86908B1FFF760FA0020C5E90764D2
S2140329602F80BDE8F0811E46F3E76FF08C00F8E792
S214032970028843884068000A51D102F4E040B0F56B
S214032980805F02D0B0F5005F05D10733DB0840D186
S2140329906FF08500704702F44F40B0F5844F03D1C3
S2140329A00733DB080AD1F3E747F20100824208D176
S2140329B05B080133DB0803EBC3033B3300200B60E8
S2140329C0704744F20100824202D1DB081033F5E778
S2140329D047F20200824204D1DB0803EB43035A3377
S2140329E0ECE744F20200824204D1DB0803EB430324
S2140329F04A33E3E722F0FF02B2F5E24FD0D0B2F556
S214032A00824FC5D10733DB085B000133012BD5D1D9
S214032A10BEE722F0FF02B2F5824FCFD1F6E70023DE
S214032A206FF086000B6070472DE9F347476804464E
S214032A30DDE90A9A3F0A0D461646984611D1CDE9B6
S214032A40009AE3F71FFF10F1860F0CD14346324678
S214032A5029462046CDE90A9A02B0BDE8F047FFF7BB
S214032A6097BC6FF0860002B0BDE8F08703466FF0B0
S214032A7040420846591E914207D338B103F14043FA
S214032A8093428CBF0020012070470120704790F8C6
S214032A902030052B11D8DFE803F0030B16141F2193
S214032AA04B1E012B09D9042907D06FF08700704706
S214032AB0022902D00B1F012B0BD880F82010002010
S214032AC07047022902D0CB1E022BF5E7C369002B01
S214032AD0F3D06FF0880070470529EED00029ECD0BC
S214032AE0F7E710B503210446FFF7D1FF30B9E369D2
S214032AF05A1C0EBF6FF096000133E36110BDC06928
S214032B00B0FA80F04009704708B90020704790F883
S214032B102020032A08D1C269EAB1013AC261002A19
S214032B20F3D10221FFF7B3BF052A09D0042A0FD138
S214032B30C26982B1013AC261002AE6D1FFF749BBF6
S214032B40C26942B1013AC261002ADED1FFF767BB10
S214032B506FF0880070476FF096007047002070474C
S214032B60C0B2FF280CBF6FF086000020704707B581
S214032B7000216A46FEF72EFE8C3018BF012003B0F4
S214032B805DF804FB13B500216A460446FEF722FEF1
S214032B908C3002D1002002B010BD00212046E3F79E
S214032BA021FC014610B16FF09800F4E76A46204610
S214032BB0FEF710FE8C30EDD0F5E72DE9FF41074612
S214032BC01446884600293FD0002A3DD0B2F5005F60
S214032BD03DD202F1240631460120FFF70EF90546E1
S214032BE0C0B303463A4621464046E6F74FFABF6867
S214032BF000243846FFF7BBFF01281FD021462B468B
S214032C00324638460094E3F72BFB0146C8B93846EC
S214032C1002AAFEF7DFFD044620B9029B9E4205D0BA
S214032C206FF0980438460021E3F7DCFB314628466C
S214032C30FFF700F9204604B0BDE8F0816FF08A0480
S214032C40F4E76FF09804F1E76FF08604F2E76FF0AD
S214032C508D04EFE76FF08C04ECE7FFF7EBB82DE994
S214032C60F047D0F808A086B08146884617465046F7
S214032C70002104AAFEF7AEFD044610BB049E012005
S214032C803146FFF7BAF80546002837D021465046A6
S214032C9004AA0394FEF79EFD044670B903AB0246EE
S214032CA02146CDE9005350463346E3F745FB039BE5
S214032CB004469E4209D06FF0980431462846FFF733
S214032CC0B9F8204606B0BDE8F0870028F5D13B46A4
S214032CD0424631462846CDF80090E6F7F5F9044615
S214032CE00028EAD1D8F800302BB13B68002B08BF88
S214032CF06FF09104E1E76FF09104DEE76FF08C0468
S214032D00DFE750E8003F0B4340E80032002AF8D1E3
S214032D107047C94350E8003F0B4040E80032002AA2
S214032D20F8D1704738B50446D0F8A00010B9D4F8E7
S214032D30A40058B194F8375108F086FB05F00F0548
S214032D4081B206312846EAF741FC80B240F271228E
S214032D50B4F8783000F5487053439842B8BF184625
S214032D6038BD38B505460C4602F0E7FA20B149F6F9
S214032D7040439C4228BF1C46EA68A2420BD240F25C
S214032D807121B5F87A304B43934238BF1346A342BA
S214032D9028BF23461A462A6138BD03469A6A44303A
S214032DA0920404D5D3F82821998FEBF70FBC93F838
S214032DB06F10EBF701BCCB691847704770470020CC
S214032DC0704770474FF00000704700207047704709
S214032DD0704700207047002070470020704700208F
S214032DE070470020704700207047012070477047E7
S214032DF0112070470020704700207047002070475E
S214032E0001207047C8207047002070470020704795
S214032E10704770471120704770477047002070470F
S214032E20704700207047704701207047704770470F
S214032E3090F8852010B5531C03F00F03072B28BF0B
S214032E400023044663F30302034480F8852083F8D3
S214032E507E1090F885306F2B4FEA13129EBF013217
S214032E6062F3071380F88530FFF7E1FF94F8371114
S214032E70204601F00F01FFF7CCFF10BD70477047E7
S214032E80704700207047002070470020704710B13D
S214032E9001F1B000704701F1D4007047F830704775
S214032EA0806A70472830FFF72CBF2830FFF731BF02
S214032EB0C06A70472C30FFF724BF2C30FFF729BFBA
S214032EC000F59C70704708B50B79DB0702D4FFF753
S214032ED0D5FF08BD91F90510BDE80840FFF7A8BF68
S214032EE002290346808F11D0032909D0012906D170
S214032EF01A8F5B6B1201B2FBF3F3184480B2704770
S214032F005A6B4FF47A43B3FBF2F3F6E75B8F073063
S214032F1000EB4300F2E770B540F2712606FB01F3BF
S214032F2045685643826A1D441207044645600ED51B
S214032F3000F14005294600F13402E7F7AFFD3346BA
S214032F4029462046BDE87040012201F03BBA05EB56
S214032F505605456070BD836A590505D4D0F8A03080
S214032F6013B15B799A0708D4D0F8A40000B9704768
S214032F7043799B0701D40068F8E70120704780F87F
S214032F807710704738B5044601F03DFC04F1A40001
S214032F9008F029FA04F1A80008F025FA04F1AC00B9
S214032FA008F021FA04F1A00008F01DFA2046E6F71F
S214032FB015F9C4B22046FFF70CFF05462046FFF777
S214032FC00AFF01462846FFF703FF38BD38B5836A74
S214032FD004461B0713D50246B0F87C3052F8341F5C
S214032FE04B4340F271214B4300F14001E7F756FD96
S214032FF0236C20469D08FFF795FE2844E06040F2C8
S2140330007125616B204601396943FFF7AAFE204606
S2140330100121E9F767FB636BB4F87C2020465A432B
S214033020636805FB02336360BDE83840E9F70ABB13
S214033030B0F8303110B5A0F834310446E6F7CEF8D0
S214033040C0B2FFF7DFFE94F8373194F8362103F069
S2140330500F0304F1440102F069F9EAF7FDFAB4F943
S2140330603021824205D0A4F83001EAF7C5FFA4F860
S2140330703201B4F93421B4F930319A4209D0A36A43
S2140330809B0306D52046BDE810404FF40041E6F703
S214033090BBB810BDFFF7CCBF836A0A4600F14401F4
S2140330A0C3F34030EBF73CBA10B5A0F87810A0F89D
S2140330B07A200446FFF736FE2169E0602046BDE825
S2140330C01040FFF74EBE38B504460D463AB94FF4E6
S2140330D0C0212830FFF71DFE9DB9002038BDFFF73D
S2140330E09DFE98B128344FF4C0212046FFF711FE09
S2140330F01DB14FF40031FFF704FE4FF48021204644
S21403310001E04FF40031FFF7FCFDE6E71120E5E7A9
S2140331102DE9FF41836A04469B032CD5B0F9308121
S214033120B0F934710020EBF75BF88045CCBF00257F
S214033130012502F000F994F83711C82201F00F01B7
S214033140EBF758F806462046E6F748F8B045B4BF0E
S21403315000260126002394F83711A8EB07073FB291
S21403316045EA46051A46CDE90085029701F00F01A8
S21403317080B200F0E1FC04B0BDE8F081FFF7C8BF01
S21403318086307047F8B504460E4600295AD040F2FA
S2140331907123476B30465F43A7F28A277F08394679
S2140331A0EAF724FA94F88E30851FADB29D4239466D
S2140331B03046A8BF1D46EAF719FA94F88F20831FF6
S2140331C09BB29342A8BF1346F21E012AB4F8861098
S2140331D0B4F888202BD8B1F5296F44F29020B8BFF5
S2140331E04FF429618142A8BF0146B2F5296FB8BFE3
S2140331F04FF429628242A8BF02461B2DB8BF1B2587
S2140332001B2BB8BF1B23304684F8913084F89050AC
S214033210A4F88A10A4F88C20EAF7E8F9831F9BB277
S214033220AB42A8BF2B46DBB284F89230F8BDB1F5AB
S214033230A47FB8BF4FF4A471B2F5A47FB8BF4FF410
S214033240A472DAE71B23EFE770B54900466B89B231
S2140332508E4218BF40F27125044617BF406800210E
S21403326005FB060005FB1100658F1EBF60606163EA
S21403327001219542208F17D08342628700D023878F
S214033280238F626B1B01B3FBF2F394F837112046CE
S214033290A4F89C3001F00F01FFF774FF2046BDE849
S2140332A070400421E5F7B0BF8342E8D1A36A1B0749
S2140332B0E6D50029E4D170BDF0B585B004460E46C8
S2140332C06A4600F1860300F18E07154618685968AA
S2140332D0083303C5BB422A46F7D11868314628602F
S2140332E09B882046AB80FFF74DFF9DF80B2094F894
S2140332F091309A4211D1BDF80620B4F88C309A4228
S2140333000BD19DF80A2094F890309A4205D1BDF867
S2140333100420B4F88A309A4207D04FF481412046FD
S21403332005B0BDE8F040E5F76FBF05B0F0BD37B5B3
S214033330044694F88E50BDF818008D420BD1B4F8AD
S2140333408650954207D194F88F509D4203D1B4F826
S214033350885085421DD08DF80610ADF80420019DD7
S21403336084F88E1094F8371184F88F30A4F8880008
S214033370C4F840512046A4F8862001F00F01FFF759
S2140333809BFFB4F88A30A4F88630B4F88C30A4F8DF
S214033390883003B030BD90F8373170B503F00F03B3
S2140333A0044616460D46D9B18B4219D00122FFF7C3
S2140333B033FD294600222046FFF72CFD94F83731CB
S2140333C0204665F3030384F8373105F00F01FFF752
S2140333D073FF2046BDE870404FF48441E5F714BF01
S2140333E019462046FFF768FF002EF2D170BDF8B5E8
S2140333F01D46C36A04465B070F46164610D40421CF
S2140334002C30FFF77EFC84F89A702046A4F896606A
S214033410A4F898504FF40061BDE8F840E5F7F4BE11
S214033420F8BD10B511B190F89A400C7012B1B0F80F
S2140334309610118013B1B0F898201A80C06AC0F3B2
S214033440800010BD4FF400412830FFF75ABC00F54A
S214033450A270704790F8370100F00F00704770B500
S2140334600446FDF7FAFC6568064601F009FF2D1AC7
S214033470B5F5FA7504D53046BDE87040FDF7F3BCE4
S21403348040F27122636B94F870105343B5FBF3F567
S214033490A38FAAB29B1AA38794F86F30154602FB34
S2140334A01133252193FBF1F001FB1033002BB8BF3A
S2140334B05B1884F86F30B4F89C3020469B1AA4F847
S2140334C09C300021E9F70EF940F27122636B204627
S2140334D05D43636802FB15336360E9F7B3F8CAE735
S2140334E000232DE9F3474E790446B00758BF06F08C
S2140334F0010608460D4648BF0326ADF8043058BFFC
S2140335000136FFF75FFC074607F01F03002BE36A4D
S21403351015BF4FF001084FF000084FF003094FF0B6
S214033520020999050CD59DF80430294666F3010374
S21403353068F345138DF804302046019A00F08EF99F
S214033540284607F0BCFF82464946284607F08BFF0D
S2140335509DF80430AA7966F3010368F345138DF8E2
S21403356004308DF805A0BDF804300C32AB529DF83C
S2140335700430A9189A066B7948BF8F7043F001038D
S2140335806B71FDF76AFC06462046294650F8A48F61
S21403359007F0F7FF94F84631013384F84631A36AFF
S2140335A01B070CD5B4F87C30012B02D92046FFF755
S2140335B056FF304602B0BDE8F047FDF754BC6568D9
S2140335C001F05EFE0746E9F7A3F98442F1D1ED1B4D
S2140335D0B5F57A7FEDDDB8F1000F03D0D4F8A0304F
S2140335E0002BE6D1E9F786FAE3E708B5022008F0F0
S2140335F08DF810B100F02DFE012008BD10B504466D
S2140336004FF440712830FFF784FB2046BDE8104096
S2140336100021E6F779BA012310B5A1F12002C1F122
S214033620200423FA04F403FA02F222438B40D0E97F
S214033630084123400A40134314BF0120002010BD55
S214033640C36A10B5044613F0080012D00123A1F193
S2140336502002C1F1200023FA00F003FA02F202432B
S2140336608B40D4E9080103400A40134314BF0120EA
S214033670002010BD10B50C46C9B2FFF7E1FF70B1CC
S214033680E7F7F8F9C4F12002A4F12003E04001FAB9
S21403369002F2104321FA03F3184300F0010010BDB1
S2140336A070B504460E46E7F785FBFDF7D6FB0546E1
S2140336B00221204684F87760E5F7A6FD2046002120
S2140336C0E9F710F82846BDE87040FDF7CCBB70B5A7
S2140336D004460D46FDF7C1FB0646E9F719F9844291
S2140336E001D1E9F7E7F93046FDF7BDFB2946204649
S2140336F0BDE87040FFF7D4BF0B68C0F84031704791
S21403370038B540F64805D0F840310C460B609BB2FE
S214033710AB4204D90B21FFF7ADFF08B9258038BDAE
S21403372044F290232380FAE708B500F0FBF8E5F7A8
S214033730D3FE00F04FFA00F008F8E7F773FAE8F75D
S2140337402FF8BDE80840E8F7ABB8704770B51546E4
S2140337500E461C46FFF7A2FB2B684EB103606B6850
S21403376043602368C0F825302368C0F8153070BD61
S21403377083606B68C3602368C0F829302368C0F889
S2140337801930F4E770B50546FFF788FB0446FDF7E6
S21403379064FB06464FF480712846FFF783FB4FF41D
S2140337A000612846FFF786FB3046FDF75CFB0023E7
S2140337B0284623612375236284F82430FFF770FBC1
S2140337C0802310F0080F14BF237584F8243070BDCF
S2140337D010B50446FFF712FF2046BDE8104010213F
S2140337E0E5F712BD10B504464FF46061FFF765FBBD
S2140337F02046BDE81040FFF701BF7FB506460C46DE
S214033800FFF74CFB4FF4C06105463046FFF752FB0B
S2140338104FF400613046FFF750FB4FF48060E7F744
S214033820CFF8224670B969462846E6F753FD6B463D
S21403383005F1100213F8011B02F8011DAA42F9D183
S21403384004B070BD6C4602F110062346106851683A
S214033850083203C3B2421C46F7D1E8E7F0B587B097
S2140338600D46ADF80C20FFF719FB0446284607F073
S21403387026FE064600B32846E6F76AFD9DF80C309A
S21403388005AF03F02303224631460093019704F164
S2140338902003FDF76DFF2846E6F770FD0422394640
S2140338A0284608F031F8236A0133236223B994F8D3
S2140338B02430013384F8243007B0F0BD30B585B02A
S2140338C00391ADF80820FFF7E9FA0446039807F0DA
S2140338D0F6FD051F002D02DC002005B030BD039861
S2140338E0E6F736FD431901939DF80830224603F0A8
S2140338F023030093294604F11003FDF72AFF00284B
S214033900EAD10398E6F73AFD042103A807F079FE07
S2140339102369013323610BB10120DEE7237D0133E5
S2140339202375F9E708B54FF40060E7F749F840B99F
S2140339304FF48050E7F744F840B9BDE80840EAF78B
S2140339408FBEFFF79EFA0028F2D008BDFFF79DFA58
S2140339500028F2D0F9E741F0004141F4E02101608C
S21403396070477047002070470020704770474FF03D
S214033970FF3070470020704770477047002070473D
S214033980002070474FF0FF3070471120704700202B
S21403399070470120704700207047002070470020C2
S2140339A0704770477047704707B501A8019107F045
S2140339B01AFD002003B05DF804FB70477047002033
S2140339C07047704770470020704711207047704754
S2140339D07047704710B5DC1D043383734379C47195
S2140339E023F0030343F003030E24437101234473BC
S2140339F08371C3730182827410BDD31CC3713E23CB
S214033A0043734379827323F0030343F00303437141
S214033A100123C173837170470F2343730423837396
S214033A204379A0F8111023F0030343F00303437113
S214033A3040F20173C3800123C27303747047D31C1F
S214033A40C3714379417323F0030343F003034371C4
S214033A50012382738371704708B50023FFF7BAFF0B
S214033A60BDE80840E6F778BD2DE9F8438046022016
S214033A70894617461E4607F049FED0B10C2343730A
S214033A800823837340F601334579C38025F0030585
S214033A909DF8203045F003054571A0F8108080F8A6
S214033AA01290A0F81370A0F81560C373E6F754FDE0
S214033AB00120BDE8F88308B5022007F027FE30B1E1
S214033AC001221121FFF799FFE6F746FD012008BD05
S214033AD0F8B504460F46164613211D460922FFF77E
S214033AE08CFF83790C331C44A170E77026712B6816
S214033AF0C4F80530AB88A4F80930BDE8F840E6F70B
S214033B002BBD70B5064602200D4607F0FFFD0446A2
S214033B1068B114210422FFF770FF83790C331C4429
S214033B20A170A4F803606571E6F716FD012070BD69
S214033B3008B501F0E9FC08BD2DE9F041074602206F
S214033B400D4690461E4607F0E1FD0446E0B1092205
S214033B502121FFF752FF0A2283790C331C44BDF957
S214033B60183084F8038093FBF2F323729DF81C301D
S214033B70A7806372BDF92030A67193FBF2F3E5715B
S214033B80A372E6F7E9FC0120BDE8F08137B50446E9
S214033B9007F095FC3E22A379C0B20C33E518E25435
S214033BA0831E6B700D23AB70AB791C38012BE87644
S214033BB08DF8073009D10023E91D1A460DF10700D9
S214033BC0FFF7DAFE9DF80730AB712046E6F7C4FC34
S214033BD003B030BD704710B5E8F72EF80446FFF77C
S214033BE0F2FE2043C0B210BD38B5E6F7EFFC83798A
S214033BF0C17903F10C020244CB1A02200021B2F869
S214033C00035007F0AEFE044640B9E6F7E5FC07228C
S214033C10BDE8384042F21901FFF7FEBE2846E5F735
S214033C20C9FA38B12146E7F7CFFD0446E6F7D4FCD8
S214033C302246EDE72046FBF733FC0224F6E770B591
S214033C40E6F7C4FC83791844B0F80F60B0B2E5F722
S214033C50B1FA80B1002100F05BFF0546E6F7BCFC35
S214033C60044602232A4642F21B01FFF7B3FEA3795A
S214033C701C44668270BD0225F0E770B5E6F7A6FC25
S214033C8083790C33C418B4F803502846E5F792FA40
S214033C90A0B1611D00F03CFF0646E6F79DFC044616
S214033CA00223324642F21A01FFF794FEE3792344D5
S214033CB09D72E3792D0A1C44E57270BD0226ECE77B
S214033CC010B5E6F783FC83790C3318444479B0F8CF
S214033CD00300E5F76FFA60B12146E7F751FB0446A8
S214033CE0E6F77AFCE2B240F20641BDE81040FFF781
S214033CF093BE0224F4E770B5E6F768FC83791844AC
S214033D00B0F80F50FDF7A9F804462846E5F752FA2F
S214033D1080B11621FFF7DBFC00252046FDF7A3F84C
S214033D20E6F75AFC2A46BDE8704000234FF60441E6
S214033D30FFF750BE0225F0E7F8B5E6F747FC8479AF
S214033D4005460C340444B4F80300E5F733FA064694
S214033D5040B9E6F741FC0222BDE8F84042F21301FF
S214033D60FFF75ABEAB79E97903F10C020220CB1AAE
S214033D702A44002107F0F5FD014618B9E6F72CFCA6
S214033D800722E9E78379033383713046B4F80D508D
S214033D90B4F80F70E7F7A8FA04463A4629463046C1
S214033DA0FFF782F9E6F718FC2246D5E738B5FDF7A4
S214033DB054F80446FFF70FFF00280CBF0C25002518
S214033DC0E6F70AFC2A4642F20E01FFF745FEE8F73D
S214033DD019F82046BDE83840FDF745B82DE9F04F01
S214033DE08BB0E6F7F3FB42F2850290F806800646B0
S214033DF008F10C0830F8081000EB0803914202683B
S214033E001FD1002193F803A093F804B0BAF1FF0F73
S214033E10016003F10504049220D19B7B013B062B32
S214033E2024D91125049B13B104A807F0DCFAE6F79E
S214033E30D3FB2A4636F80810FFF7EEFD0BB0BDE8B5
S214033E40F08FDC1C00234FF0FF0A03600492637AB2
S214033E50013B062BE5D84FF0FF0B02E0BBF1FF0F4B
S214033E60F5D00AF11003DBB20E2B0ED98BF08003CC
S214033E707E2B0CD9E5F704FC074650B9049B13B117
S214033E8004A807F0B0FA0725D1E74225CAE71225AA
S214033E90C8E7FFF7A0FE30B1049B13B104A807F0F0
S214033EA0A2FA0C2435E0637803F0FD03012B09D155
S214033EB0E6F7E8FC30B9049B13B104A807F093FABD
S214033EC0122426E004F103094946A01CFFF769FD06
S214033ED04846A178E5F752FC054630B1049B13B17A
S214033EE004A807F080FA2C4613E0BAF1FF0FA27875
S214033EF014D004A963783846CDE90191009251465F
S214033F005A46FFF762FD049B0446002B41D1002C62
S214033F108DD03846E5F70AFC254688E7637A8DF8A0
S214033F2014008DF8263023788DF816208DF815307A
S214033F30D9F800303846CDF81730B9F80430ADF864
S214033F401B3063788DF81D30049B9A790C3213442A
S214033F5059791A7942EA0122ADF81E20D9799A795D
S214033F6042EA0122ADF82020597A1A7A42EA01225F
S214033F70ADF82220D97A9A7A42EA0122ADF82420B3
S214033F809989DA89FFF790F8394605A8E8F768FAB9
S214033F90B9E704A807F027FAB9E710B5E6F716FB62
S214033FA083791844B0F80F00C0B2E5F751FCE6F782
S214033FB013FBBDE81040002342F224011A46FFF724
S214033FC009BD2DE9F84381460220884617461E465A
S214033FD007F09CFB044690B10A220321FFF70DFD70
S214033FE00023A57920460C352544EB70A5F80490EC
S214033FF0A5F806802F816E81E6F7AEFA0120BDE8AC
S214034000F8832DE9F043814685B002200E461F460D
S2140340109DF844808DF80F2007F078FB05460028AE
S21403402044D022222921FFF7E8FC0022AC7930464F
S2140340300C342C4404F10E0304F11401C4F80E20CE
S2140340409A806261228300913A460DF10F01FFF7D1
S21403405094FC9DF84030A4F80490E37006F0010346
S214034060A3719DF80F3016F0FD0FE3713B68A36054
S214034070BB88A3814FF6FF7304D0032E08BF4346C5
S2140340804FF0FF08BDF8302028466283BDF8342081
S21403409084F82180A283BDF838206384E2839DF8E8
S2140340A03C2084F82020E6F757FA012005B0BDE847
S2140340B0F083F8B50746022016461D4607F026FB92
S2140340C0044690B10C220421FFF797FCA1799DF8D2
S2140340D018300C31214420468F80C1F80660C1F8A1
S2140340E00A50CB70E6F738FA0120F8BD70B50646DD
S2140340F002200D4607F00AFB044668B1032230216E
S214034100FFF79DFCA37920460C332344A3F80360F2
S2140341109D70E6F721FA012070BD70B506460220B1
S2140341200D4607F0F3FA044688B104220821FFF788
S21403413086FCB5FA85F2A37952090C33234420464C
S214034140A3F803605A719D70E6F706FA012070BD66
S2140341502DE9F84381460220884617461E4607F097
S214034160D5FA0446B0B10B220721FFF746FCA57922
S214034170BDF820300C3525442046A5F80390A5F855
S2140341800580A5F80770A5F80960A5F80B30E6F7D3
S214034190E3F90120BDE8F883F8B5074602200E468A
S2140341A0154607F0B3FA0446A0B10D220521FFF722
S2140341B024FCA37920460C332344A3F80370A3F806
S2140341C00D602A68C3F805206A68C3F80920E6F775
S2140341D0C3F90120F8BD2DE9FF4116466A4680461D
S2140341E00F4615460A9C03F1100E94461868596844
S2140341F00833ACE8030073456246F6D124B90220BF
S21403420007F084FA044608B31D22ED212046FFF783
S214034210F4FBA3790C332344A3F80380A3F80D70AF
S2140342202EB13268C3F805207268C3F809200F332D
S21403423004AE2A4603CAB24218605960154603F113
S2140342400803F6D12046E6F787F9012004B0BDE857
S214034250F08113B51321827901900C3284188154AE
S2140342604FF44072C280E5F70DFFA07020B901A895
S21403427007F0B9F802B010BD8000013060700198F5
S214034280E6F76AF9F6E770B5064602200D4607F02C
S2140342903DFA044678B104220521FFF7D0FB00223D
S2140342A0A37920460C332344A3F803605D719A7008
S2140342B0E6F752F9012070BD13B5837901900C33EC
S2140342C0C418C05CE4F776FF20B901A807F08BF8A2
S2140342D002B010BD6378019913F0300F0CBF0122B2
S2140342E000228B7904338B714B7962F300034B7195
S2140342F0E5F70AFCECE72DE9F041E6F767F9837981
S2140343000C33C418B4F803801FFA88F0E4F752FF9E
S214034310054600B3A2796179FEF7D5FE0646E6F7B1
S2140343205BF907460223324642F27A01FFF752FB55
S214034330BB7938463B44A3F81280E6F70DF946B935
S214034340A37933B12846FFF785F801462846FEF7DA
S21403435067FDBDE8F0810226E1E700F06EBE50E897
S214034360003F0B4340E80032002AF8D170477047FD
S21403437070B50E461546E5F7DBF8044648B93046F1
S214034380FBF730FF044620B92846EAF795F80446BB
S21403439040B10020E5F7CCF80020FBF723FF002010
S2140343A0EAF78AF8204670BD4FF40010EAF79EBB82
S2140343B0E9F754BAE6F732BA4368143B4360A023DE
S2140343C00B6070471AB94268A2EB530242600A6850
S2140343D002EB83020A60704713B504210DEB01005C
S2140343E0EAF700F8019C2046E6F7A6FB0028F4D07F
S2140343F0204602B010BD884210B518D8052816D935
S214034400B1F5486F13D8B3F5FA7F10D240F6764469
S214034410A2F10A0080B2A04209D801339BB24B43F3
S2140344205B00B3EBC20F94BF0120002010BD002039
S214034430FCE7C94350E8003F0B4040E80032002A3F
S214034440F8D17047002070472DE9F04104460F4627
S21403445000264FF00108214686F00100FEF717FDFF
S2140344604FF48051FFF7E5FF836833B940460EB13A
S214034470BDE8F08101268046EDE7028ABA4206D1FE
S21403448000220121204698470028EFD1EFE7026873
S214034490D205EBD500221146F4E708B5FEF710FD6A
S2140344A000230380436008BD70B506460C46FCF740
S2140344B0D4FC05463046FEF703FD30B103781C43B3
S2140344C004704FF40070EAF711FB2846BDE870400D
S2140344D0FCF7C9BCE5F718BB07B542798DF807109A
S2140344E022F0030242F00302427140F203320DF15E
S2140344F00701C280012206F059FF03B05DF804FBF2
S214034500F8B5174606460C461D46FEF7D1FC0207CD
S21403451013D502213046FFF77EF870B111212046ED
S214034520FFF7DAFF2046E6F7EDFB45708770214676
S2140345303046BDE8F840E5F7E7BA28204FF0886133
S214034540C5F12002A5F12003E94000FA02F220FAA1
S21403455003F311431943CB07E0D40D212046FFF79D
S214034560BBFF2046E6F7CEFB4770E0E770B50C4688
S2140345700546072120461646FFF7AEFF2046E6F718
S214034580C1FB214646702846BDE87040E5F7BCBA35
S21403459038B50C4600210546FEF7A2FC47F6FE7327
S2140345A0241AA4B29C4205D928462821FFF778F896
S2140345B0002038BD0120FCE738B504460D46014609
S2140345C00020FEF764FC03689B0505D429462046B5
S2140345D0BDE83840FFF7DCBF002038BD2DE9F041C9
S2140345E015461F469DF81880FEF751FC0446FCF757
S2140345F034FCB8F1010F064623D154E8003F43F4D8
S214034600807344E80032002AF7D105B354E8002F3C
S21403461042F4007244E80023002BF7D1FF21204622
S214034620FFF707FF54E8002F48EA020244E8002396
S214034630002BF7D13046A5602782BDE8F041FCF792
S21403464012BC4FF480712046FFF7F3FEDDE74FF40C
S21403465000712046FFF7EDFEE0E773B5064601203E
S2140346600C46FEF714FC002305461A460093214623
S2140346703046FFF7B3FF6B6863B14FF48071204693
S214034680E4F7C2FD55E8003F43F4007345E8003203
S214034690002AF7D1FCF7E1FB05462046FEF710FC9F
S2140346A028B103881BB14FF40070EAF71FFA2846B7
S2140346B002B0BDE87040FCF7D6BB38B505460C46DD
S2140346C0FEF7E5FB83684BB102212046002298479C
S2140346D021462846BDE83840FFF7BFBF38BD01294D
S2140346E038B505460C4608D0CC1E012C03D8014627
S2140346F00120FFF7E2FF012038BD2221FEF73FFC31
S21403470020462946FFF7D9FF0020F5E708B5FEF750
S214034710BEFB006800F0F00008BD10B50146044675
S2140347200120FFF7F3FF20B92146BDE81040FFF74D
S214034730EDBF10BD70B506460C4601460120FEF7D8
S214034740A6FB314605460020FEF7A1FB2B68026850
S214034750014643EA0200C0051ED49B0502F400721C
S21403476003D49AB94FF0FF3070BD2B8A1B1B98B247
S2140347707AB1098A091B89B28842A8BF08464FF650
S214034780FF73984208BF4FF0FF30EDE74FF6FF7018
S214034790EFE74FF6FF71EFE70120E5E72DE9F34179
S2140347A004460191014601201546FEF770FB21469B
S2140347B006460020FEF76BFB80462046FEF770FB9E
S2140347C0810606D501A806F00EFE0C2002B0BDE851
S2140347D0F081FCF742FB336807469A0503D4D8F802
S2140347E000309B0509D50199301D8D6006F0C9FE82
S2140347F03846FCF738FB0020E8E7FCF734FB204696
S2140348000199A847E2E738B5014604460120FEF7BA
S2140348103EFB05460C3006F0E6FD281D06F0E3FDDC
S21403482021460020FEF733FB04460C3006F0DBFD82
S214034830201DBDE8384006F0D6BD70B501460546D6
S2140348400120FEF724FB0646043006F030FE04463D
S21403485070B14FF400713046FFF7EBFD2146284652
S214034860A368984720B12046BDE87040FAF718BE03
S21403487070BD00238260C0E90031704708B50B465F
S21403488001461846FEF703FB0068C0F3402008BD48
S214034890FFF725BFCB1E012B70B504460D46164603
S2140348A006D81A21FEF76BFB40212046E4F7ACFC42
S2140348B0324629462046BDE87040FFF710BF38B59C
S2140348C004460D46FEF747FB28B1012D04D12221ED
S2140348D02046FEF754FB002038BDF8B50C468B790E
S2140348E007460B44D3F80D60D3F811303246E5F78C
S2140348F0EDF809212046FFF7EFFD2046E6F702FA1A
S214034900A579E6F7B7F80C3566F0FF0625440640AA
S214034910C5F80160E6F7AEF83846C5F80510214637
S214034920FFF7D8FD02213846FFF7BEFDF8BD70B588
S2140349300E46054601460020FEF7A9FA012E044658
S21403494003D0022E11D0012070BDC16828468B7992
S21403495019440D31FEF7A0FBE068FAF7A1FD00202D
S2140349602946E060FFF779FEEDE7C068FAF798FDA1
S2140349700023E360E7E738B50D4604460146012009
S214034980FEF785FA012D08D100F112012046FEF745
S21403499083FB21462846FFF760FE012038BD08B595
S2140349A0FEF77EFAC0F3C00008BDF8B50C4607460E
S2140349B0FFF7F5FF80F00106F6B239463046FEF7FC
S2140349C066FA0546C068012C837903D0022C1BD0F7
S2140349D00120F8BD0C33C41823893846E288A18821
S2140349E0FEF732FC618862784900384689B2520085
S2140349F0FEF791FAE868FAF753FD00233946304686
S214034A00EB60FFF72AFEE3E7FAF74AFD0023EB60C5
S214034A10DEE708B5FEF74CFA00F0010008BD38B52E
S214034A200C4602210546FEF745FA0C212046FFF701
S214034A3053FD2046E6F766F94FF0FF3383700223F3
S214034A40C3700D2343706FF02F03037105232146B4
S214034A5043712846BDE83840FFF73CBD042910B52E
S214034A60044601D0002010BDFFF799FFC0F10200F5
S214034A70E5F7A6FF0028F5D106F048FE014608B97B
S214034A800220F0E72046E6F74DFC0028F8D1012087
S214034A90E9E708B5FEF704FAC0F3C00008BD2DE940
S214034AA0F0410F4604469046FFF7F3FF80F00105FA
S214034AB0EDB221462846FEF7EAF9012F064603D053
S214034AC0032F0FD001200BE02046FEF78BFE22219A
S214034AD02046FEF754FA28462146FFF7EEFD00204F
S214034AE0BDE8F081C068FAF7DBFC00232046F360DC
S214034AF0FEF778FE20465FFA88F1FEF740FA204676
S214034B002021E4F781FB21462846FFF7D6FDD9E7A7
S214034B1037B504460D46FEF7CBF903054CD5022000
S214034B2006F0F4FD0190002848D0204645B3FFF771
S214034B30B0FF50B105210198FFF7CEFC0198E6F7C8
S214034B40E1F820460199FFF7C5FC20462946FEF703
S214034B5054FE2046FFF79DFF78B94FF400612046C8
S214034B60FEF7A3F906210198FFF7B6FC0198E6F7CE
S214034B70C9F820460199FFF7ADFC002003B030BD0D
S214034B80FFF787FF68B10199032306222046FFF744
S214034B90B7FC2046FEF726FE21462846FFF78DFD86
S214034BA0EBE701A806F01FFC20463D21FEF778FD43
S214034BB02046FEF717FEE0E70C20DFE70720DDE7D9
S214034BC0F7B5014604460020FEF761F9054600F1F5
S214034BD012074FF48060E5F7F3FE50B92046E4F77A
S214034BE0FDFA3A46698B80B203B0BDE8F040FFF7A2
S214034BF0D3BA2046E4F7F2FA064620466D8BFEF754
S214034C004DF900220346009229463A46B0B2FFF712
S214034C10E2FA03B0F0BD83781A2B09D81B238370FE
S214034C200288B2F5A47F07D24FF4A473038007E08B
S214034C30FB2BF5D9FB23F2E744F290239A42F5D8EF
S214034C407047F0B50446CA798B7987B043EA0223E6
S214034C50ADF80C308B8803A88DF80E30CA788B78A5
S214034C6040F6480543EA0223ADF810300B8805A941
S214034C708DF81230FFF7CFFF04A8FFF7CCFF2046CE
S214034C80FEF73EFD0B212046FEF7F4FC44F290238C
S214034C90002818BF1D46BDF80C709DF80E30BDF8F1
S214034CA01460BDF810209DF816009DF81210AF4250
S214034CB0D4BF00970095FB2BA8BFFB23B242A8BF27
S214034CC032468142A8BF01462046FEF730FB07B0B6
S214034CD0F0BD37B5144605461046FFF7FDFB2046E4
S214034CE0E6F710F801A904462846FEF709FD0B214E
S214034CF02846FEF7BFFC6FF004036370002344F2FC
S214034D009022A37040F64803002818BF1346A4F861
S214034D1003309DF80630A4F80530BDF80430A4F837
S214034D20073003B030BDFFF7DABC022973B505467A
S214034D300C4603D00024204602B070BD0521FEF7C2
S214034D406AFC0028F6D0E4F789FD1B28F2D94FF455
S214034D500040E5F735FE0028ECD106F0D7FC064602
S214034D600028E8D0284601A9FEF7CAFC31462846A3
S214034D709DF80630BDF80420E6F7A8FD0028D9D133
S214034D800124D8E730B190FAA0F00123B0FA80F0FE
S214034D908340D8B2704770B50646FEF789F880F0B0
S214034DA0400402060546C4F3801406D408213046A0
S214034DB0FEF746FC08B144F00204EB0506D40B21CB
S214034DC03046FEF73DFC08B144F00404204670BDAF
S214034DD02DE9F843044691460F46FEF769F8C0F3FB
S214034DE040152046FEF733FB214680462846FEF74D
S214034DF04EF8494606462046FEF7C1F898F80110D5
S214034E00384601F00F0100F0F3F9062814BF0146F7
S214034E1000212A462046FEF7BEFA21462846FFF71B
S214034E201CFC20212046FEF748F856E8003F43F4D2
S214034E30805346E80032002AF7D1BDE8F883F8B578
S214034E400E4604461546FEF733F8032EC0F3401706
S214034E500DD0042E16D0012E12D122212046FEF7A5
S214034E608EF838462146FFF728FC0020F8BDEAB244
S214034E7000212046FFF7ACFF21463846FFF71DFC0E
S214034E800120F3E70C22F3E7012910B504460BD102
S214034E90FEF70EF82146C0F34010FDF7F8FF002298
S214034EA0817C2046FFF794FF012010BD2DE9F743D0
S214034EB00F460546FDF7FCFF00F02009C0F3401837
S214034EC02846FEF7C4FABB790C333B445E789B78DE
S214034ED01E400378C3F3030000EA13103040FFF7C5
S214034EE051FF044648B9B9F1000F06D12846FFF72B
S214034EF052FF3040FFF746FF04462846FEF7AAFA5D
S214034F00E8F788FBA04223D01CB302212846FDF70E
S214034F10E7FF002106462846FEF734F918213846EF
S214034F20FFF7DAFA3846E5F7EDFEB6B239464470CF
S214034F308470A0F803602846FFF7CCFA234622467F
S214034F40294640460096E6F7FBFC03B0BDE8F0832F
S214034F5000242646E2E770B504460D46FFF7DDFB60
S214034F6028B929462046BDE87040FFF79FBF402872
S214034F7029462046BDE870404FF0160314BF2A2288
S214034F802322FFF7BDBA38B505460C46FDF790FF5A
S214034F90830604D42046BDE83840FAF781BA214692
S214034FA02846BDE83840FFF781BF73B58C790646BF
S214034FB00C340C440D46FDF77BFFA278C0F340107B
S214034FC0032A14D0052A28BF00226378032B10D0A7
S214034FD0052B28BF0023B4F8031000913146E6F7EB
S214034FE0AFFC284602B0BDE87040FAF759BA002273
S214034FF0EBE70023EFE708B58B790B441B7B162BF7
S21403500003D0172B05D0002008BDFFF7A4FF01200F
S214035010FAE7FFF7B8FFFAE708B58B790B441B7B73
S214035020162B03D0182B05D0002008BDE6F7B2FCDC
S2140350300120FAE7FFF7B9FFFAE770471FB54A1EE4
S214035040042A03460C465FD8012902D1008804B01F
S21403505010BD022905D100885B88984238BF1846E0
S214035060F5E74A00014601A805F082FF032C07D1A5
S2140350700023ADF80A304FF6FF73ADF80C3001E0AD
S214035080042CF8D0BDF80620BDF80430934284BF44
S214035090ADF80630ADF80420BDF80A30BDF80C2094
S2140350A0934288BFADF80A20BDF80A2088BFADF842
S2140350B00C30BDF80430934288BFADF80A30BDF813
S2140350C00620BDF80C309A4288BFADF80630BDF80E
S2140350D00820BDF80630934284BFADF80830ADF81B
S2140350E00620BDF80A30BDF808209A4288BFADF8FE
S2140350F00830BDF80820BDF806309A4238BFADF830
S2140351000830BDF80800A2E74FF6FF709FE70128B6
S21403511004D0022804D030B9E7F7D8BEE7F7C6BEF6
S2140351200020E6F735BE704710B1012803D070475C
S2140351300120E6F72DBE0020FBE7F7B51F468B1EC2
S214035140012B05460C46164613D8FEF710FC002323
S214035150CDE90005F01A18BF01201A463946FEF7B6
S21403516014FC80B1022C0BD12846E5F74FFB002038
S21403517004E00029F8D0012902D0FF2003B0F0BDD7
S2140351802846E5F787FB0120F8E770B50D460021B2
S2140351909DF810600446817106F10C014173111EDF
S2140351A018BF012103F00F00237B40EAC11003F070
S2140351B04003184320732B469DF8141004F10E0089
S2140351C0FFF7BBFF237B0E3660F3861323732B6830
S2140351D06361AB882383A3793344E37170BDC9430A
S2140351E050E8003F0B4040E80032002AF8D17047F1
S2140351F0022808D0042803D0012818BF06207047C9
S21403520001F00101C81C7047E9F754BA0A2802D80E
S2140352100130C0B27047242801D80230F9E72528A8
S21403522005D0262805D0272818BFFF207047002062
S21403523070470C20704708B5E8F768FABDE80840E1
S2140352404FF00060E9F752BC08B5E9F739FA20B128
S214035250BDE808401020FFF7EEBF08BD7047704753
S2140352607047704770470020704770477047704715
S2140352707047704710461946704700200021704754
S21403528005F00DBAF3F74CB905F0C1BA08B5E8F75F
S2140352903FFC20B1BDE808400420FFF7CCBF08BDA3
S2140352A0F0B587B00D4616468DF8070002B9A3B3CE
S2140352B029469DF80700FEF76EFB0446B8B9294653
S2140352C09DF80700FEF76BFB40BB16B39DF807106F
S2140352D0003918BF012128460DF10F02E9F7ACF893
S2140352E0F8B99DF80F40013418BF012416E004AF47
S2140352F0012239460DF10700FEF74FFB04464EB177
S2140353009DF80730191E18BF0121002818BF3D4617
S214035310E1E70124FEF72EFB00B90124204607B07F
S214035320F0BD4FF0FF34DEE770477047024619467C
S2140353300020E8F75FBF002070470020704707B5DE
S21403534000214FF0FF336A46084600938DF8043079
S214035350E9F7E6F803B05DF804FB38B505460068E0
S21403536005F0E3FE0446287900F01F0005F0DDFE95
S2140353702044C0B2012894BF0020012038BD7047E6
S2140353807047914270B50D4614461E4609D2FFF784
S2140353903BFF641B013490FBF4F303FB140005444A
S2140353A0ACB23480FFF730FF33880133B0FBF3F23F
S2140353B002FB1300049B188070BD7047704770474C
S2140353C00120704708B5202000F0F7FE003818BF0C
S2140353D0012008BD08B5FFF7F5FF20B1BDE808407A
S2140353E0202000F0F2BE08BD73B506460D461446EF
S2140353F0D2B100F0DFFEA84218D8304600F0EFFE28
S21403540001460190A0B100232A46204605F0E1FF9D
S21403541001A805F0E8FF2246022052F8041B00F01C
S2140354208BFE002002B070BD2220FBE72120F9E7A7
S2140354302D20F7E708B5F9F765FD08B1012008BD8B
S21403544000F064F8F9F766FD0028F7D1EBF7E6FFFE
S214035450003818BF0120F2E708B5E9F7F5FA002887
S2140354600CBF0420012008BDE9F7FCBA00207047F2
S21403547030B50446154687B00846FEF79BFF122252
S21403548000210DF1060005F068FDA368ADF8045091
S2140354900293E3680393E38BADF81030238CADF8E7
S2140354A01230FFF7E3FF029B8DF8140043F410530A
S2140354B0029300F0EEFD18B1029B43F0040302933F
S2140354C0029B01A843F480330293E5F78BFA10F0AE
S2140354D0FF0516D1A38C0DF10201ADF80030E38C65
S2140354E06846ADF8023000F065FDE9F757FBFEF7B6
S2140354F05FFF012104F0B6FFEBF70CF8284607B070
S21403550030BD40F20C40FAE7E9F758BBFCF71ABC8B
S214035510E2F782BFC160704741EA002008B540F455
S2140355209020FCF79CFE014640B110F1880F05D091
S214035530BDE8084040F20740EDF7A0BD08BD0120D6
S214035540704770B50C46064611461D46E9F7FEFB46
S21403555058B144EA06206FEA40406FEA50402A46B4
S214035560BDE8704080B2E9F745BB40F2064070BD27
S214035570837901461A0703D506220020E9F770BC93
S2140355809B0602D506220120F8E74FF0FF3070474E
S2140355908379532B01D1E9F795BCFFF7E9BF70B5C3
S2140355A0064614461D46E9F7D1FB10B900242046EB
S2140355B070BD41EA06206FEA40406FEA50402A4633
S2140355C0214680B2E9F734FB0028F0D0EEE713B5A6
S2140355D00446E9F7BBFB10B9002002B010BD082251
S2140355E06B4611462046FFF7DAFF0828F4D19DF8EC
S2140355F00230002BF0D09DF90300013018BF0120C4
S214035600EBE710B5E8F730F9002814BF03240124AC
S214035610E8F73AF908B144F00404204610BD704791
S2140356200020704700207047532838B505460C46BF
S21403563004D1BDE838400846EDF7A4BD0620FAF7C6
S214035640DDF868B96379142D03F03F03637104D062
S214035650722D08D163F03F0363710020A57138BD36
S21403566040F20740FBE72120F9E74FF0FF33F7B599
S2140356700093ADF804308379DA060CD5532B08BFB4
S21403568000234FF03F0208BFADF800308DF8052029
S21403569008BF8DF802300021451E431D6A460846A2
S2140356A015F8016F12F8014B9D4206EA040724EA37
S2140356B0060440EA070041EA0401F1D110B1081ECE
S2140356C018BF012003B0F0BD1FB550F80C4BADF862
S2140356D00A3094F87040069BADF806108DF8082043
S2140356E040F2035101AA8DF80440039305F0B0FD80
S2140356F010B906A805F077FE04B010BD2DE9F041F9
S2140357004FF0000886B004460E461546CDF80C80CA
S21403571000F1440712B303A805F065FE384605F00A
S21403572062FE84F81C8000233246009318212B4621
S214035730204600F0D9FE05F58855204650F80C3B68
S21403574040F2055193F8703004AA8DF81030059591
S21403575005F07EFD002006B0BDE8F08143691A0718
S21403576010D4A846384605F05CFE03460390C0B93D
S21403577003A805F038FE384605F035FE00232377E8
S21403578055B1D0E723F00803436103A805F02BFEC9
S214035790384605F028FE2577204600F021FF002531
S2140357A0CBE79979204601F10C021A44B2F801605E
S2140357B00531B2F803209971314601F066FBCDF846
S2140357C00C800028CED00546D2E72DE9F84F0E46CA
S2140357D091469A4605469DF828B010B1037C012BE6
S2140357E060D0284601F068F8304601F0E1F900225F
S2140357F031468046284601F04EFA0746304601F009
S214035800D0FC42F6052398421CD118F0300F26D15F
S214035810BBF1000F33D018F0200F3FD0BA073FD5A7
S214035820EB8B002B38D153464A463146284600F0C8
S21403583009FF0446E8B940F20A412846EE8301F020
S21403584049F816E0284601F0ECF80028DDD0284693
S21403585001F0FCF80028D8D041F2121409E0B90789
S214035860D6D03146284601F0B2FA0028D0D000F54B
S2140358708854284601F025F82046BDE8F88F18F02E
S214035880100F0BD0FB070BD553464A463146284626
S21403589000F0B5FE0446ECE70524EAE72124E8E732
S2140358A00224E6E70724E7E72DE9F047002586B05C
S2140358B09DF8389090F81CA004460F4690460F9E1D
S2140358C00577B9F1000F09D00A464B4651460096B4
S2140358D000F00AFE284606B0BDE8F087BAF1080FC6
S2140358E0ADF8169026D145893246043DADB29D42A9
S2140358F04FF002014FF00900A8BF1D4600F085FDDA
S2140359000222814605A93046ADF8147005F0FCFF67
S2140359102A464146304605F0F7FF0546831C3146C6
S214035920204689F80130EBF767FFADF81650BDF84F
S2140359301600D0E7BAF10A0F0DF116020CBF0B21C1
S2140359400D21CDE9016200930122434600F0F0FDEC
S2140359501A28ECD111233A4651462046CDF800903A
S214035960ADF8169000F0C0FDE1E7F0B5002589B06C
S2140359701746012204460E460393ADF8165001F06F
S214035980B9F98DF81500002846D1304601F02AF8FB
S21403599010B1304601F0E8F8304601F019F9B8B115
S2140359A003A805F020FD204650F80C2B237F92F821
S2140359B0702040F202518DF8182006AAADF81A603E
S2140359C08DF81C30ADF81E7005F042FC09B0F0BD32
S2140359D00DF115030DF116023146204601F027FAA4
S2140359E09DF8153002465BB9BDF81630BB4235BF8D
S2140359F00723DB1B8DF81530D21928BFADF81630F8
S214035A00039B314601939DF8153020460093BDF85D
S214035A101630FFF749FFD9E72A46F1E770B5044683
S214035A200D46164600F0DEFF40B933462A462146A9
S214035A3001F02BFA08B100F5885070BD41F203104F
S214035A40FBE71FB550F80C4BADF80A3094F87040DE
S214035A50069BADF806108DF8082040F2015101AA06
S214035A608DF80440039305F0F3FB10B906A805F080
S214035A70BAFC04B010BD1FB550F80C4BADF80A3095
S214035A8094F87040BDF81830ADF806108DF808206D
S214035A9040F2045101AA8DF80440ADF80C3005F02D
S214035AA0D7FB04B010BDF0B5122785B00392077775
S214035AB0022205460E4601F01DF9044668B103A806
S214035AC005F091FC00232B77002332460093122126
S214035AD02346284600F008FD0FE0039A30469379E4
S214035AE00333937101F074F848B1039B3A4600936D
S214035AF0314623462846FFF7E7FD05B0F0BD42F6DC
S214035B00293001F0B5FAB04220D1039830B903A882
S214035B1005F069FC00230D242B77D5E705F0CFFCB1
S214035B2080B20128F3D1039B28469A791344197B44
S214035B3000F0B2FF044603A805F055FC00232B77BC
S214035B40002CC1D1284600F012FDD6E72246314686
S214035B502846039B01F099F90446EFE72DE9FF4138
S214035B600392042204460D4601F0C4F8074628B102
S214035B7003A805F038FC04B0BDE8F0814FF05208E6
S214035B80039A284693790333937184F81C8001F0B3
S214035B901FF8064640B1039B4246009329463B4600
S214035BA02046FFF791FDE6E742F6293001F060FA5A
S214035BB0A842039B0BD19A7920461344197B00F025
S214035BC06BFF03A805F00FFC00232377D3E73246C9
S214035BD02946204601F059F9F6E72DE9FF418B796E
S214035BE004460C330B44B3F801700E463846B3F83C
S214035BF0038000F0D5FF002858D0022239462046FD
S214035C0001F078F80546E8B9384600F0E1FF68B1D8
S214035C1016222277B37939460533B37120464346B5
S214035C200096FFF751FD04B0BDE8F081F9F7CEFB0F
S214035C3033461B680135EDB2002BFAD10635A84270
S214035C401DDC092504F1440005F0CDFB2B463A463E
S214035C5016212046009600F047FC092DE3D1204686
S214035C6050F80C3B40F2055193F8703002AA8DF8B9
S214035C70083041F20913039305F0EAFAD3E701214A
S214035C80304605F00CFE01460028DAD004F1440045
S214035C9005F077FCB37942460533B371394633468C
S214035CA0204604B0BDE8F04100F070BC0125C9E70A
S214035CB013B5044641B9443005F095FB204602B0BF
S214035CC0BDE8104000F08CBC18224369027713F03D
S214035CD0080306D0002319460093FFF7F5FC02B02D
S214035CE010BD1A46194602B0BDE81040FFF706BDC0
S214035CF07FB5C58B04462DB342F6052001F0B8F9EF
S214035D00A84207D10021204600F0A7FE636923F0CE
S214035D1001036361002640F20A41204600F0E0FDDD
S214035D2029460DF10E022046ADF80E6000F0B3FFD3
S214035D30BDF80E2003460092294602222046FFF7AE
S214035D409AFEE68304B070BDF7B504461F460E46BA
S214035D50154600F0B1FD237C012B58D0237F182B6A
S214035D602CD063691B0713D5217F16292DD008D89D
S214035D70122914D00225204600F0A3FD284603B0BE
S214035D80F0BD18291AD05229F4D10023237713E043
S214035D90304600F01DFF0028E6D12125EBE700235F
S214035DA0237735B1009332462B46204600F09CFB02
S214035DB002E0204600F0DBFB0025DCE72A463146FE
S214035DC02046FFF79BFC0546D5E700232377002DE7
S214035DD0E8D105211720BDF82430089A009500F075
S214035DE038FB20B91123324612210095DDE700F077
S214035DF0EDFA6269034642F008026261827931462F
S214035E00053282713A46204600F0C0FBD4E70725E8
S214035E10B1E72DE9F041054688B042F6052001F0CA
S214035E2027F9064604A8ECF7DDFA102205F121014E
S214035E300DEB020005F067F850B10121284600F08B
S214035E400CFE284601F0C6F96B6923F001036B616B
S214035E5042F60303022003A9ADF80C30ECF70AFC64
S214035E60012407464FF0000820463A464FF6FF71D6
S214035E7001F0C3F8044610B908B0BDE8F08100F09D
S214035E808FFE0134A4B20028EED0A64203D13146D9
S214035E902846E9F765FC214628460DF10E02ADF8C3
S214035EA00E8000F0F8FE03460028DDD0BDF80E2075
S214035EB02146009228460122FFF7DDFDD4E708B508
S214035EC0ECF77EFA0020EAF7D9F8002008BD10B9EF
S214035ED00120EAF7C7B970470220EAF7B9B90020EC
S214035EE0EAF7B6B938B50C460546E4F76FFB4379CF
S214035EF0C47523F0030343F003034371092383713B
S214035F0004F10C03C371A0F81550153038BD2DE904
S214035F10F3410D4616468046E4F758FB05F10C039D
S214035F20C3714379044623F0030343F00303437129
S214035F30092301908371A0F8158000F115073046F8
S214035F4005F0BDFA33460544E5753BB901A831466D
S214035F5005F017FB384602B0BDE8F0815A7922F007
S214035F60030242F002025A711B68EEE708B5E4F733
S214035F7033FB83790C33184408BD08B5EAF7C0F839
S214035F80ECF7A8FEE9F7D8FAECF7E0F8BDE8084026
S214035F90FFF7A5BF10B50446EAF75EFA20B9204618
S214035FA0BDE81040F9F70CB92046F9F709F9FFF7F1
S214035FB093FFF1E773B50E4605F072FE044600BB89
S214035FC042F6072001F054F80546D0B10A22B6F986
S214035FD000300021002BCBBF0533053BB3FBF2F3A8
S214035FE093FBF2F35BB28DF8073001230DF1070242
S214035FF0184605F0B6FC002203462946104600F074
S21403600044FF204602B070BD430803F05503C01A90
S21403601000F03303C0F3850000F03300184400EBB0
S214036020101000F00F007047002110B5421D441EEB
S21403603014F8010FFFF7E8FF94420144F8D108462D
S21403604010BD0E2070470E2070470E2070470E209E
S214036050704770477047EBF749BC704708B5ECF7D5
S2140360607DFC002008BDECF797BFEAF78BBFEBF784
S21403607045BA02F00AB802F00AB87047704770478C
S2140360807047E8F781BE0F2070470F2070477047B0
S214036090704700207047704770477047F8B504464E
S2140360A00F46164613680A461D0A0021043504F0F7
S2140360B054FFEDB221222046394605F0E2F8204689
S2140360C0294605F067F9A27933681444E360F8BDFE
S2140360D070477047704770477047704702464FF4E3
S2140360E082712020FFF780B9FFF7C1BF014608B5CC
S2140360F000F03800EBF7C6F878B1D0E90132407803
S214036100C1F3074110F0020F08BF1346043B53F8D0
S214036110040F10B102788A42F9D108BD38B5054696
S2140361200C4604B938BD013C55F824301B69002BD6
S214036130F7D09847F5E770477047F8B543780546B4
S214036140DB0701D4EBF7E0F800266B786F6823F0E3
S2140361500C0343F002036B7057F826402CB920203B
S21403616005F10C01F9F7E6F90FE0A3680136002BF9
S214036170F2D0984704460028EED031463846FFF75B
S214036180CDFF6B7823F002036B702046F8BD407892
S214036190C0F340007047437813F00E0F0CBF012086
S2140361A00020704710B5EBF719F90446EBF72EF904
S2140361B0204610BD4FF48270704708B5EBF762F8BF
S2140361C0C068003818BF012008BD08B5EBF75AF8B9
S2140361D020B1BDE80840C06805F036B908BD38B53B
S2140361E0EBF750F8044650B1FAF737FE054604F1CC
S2140361F00C0005F016F904462846FAF734FE204646
S21403620038BD37B58379019003440446D86800F057
S2140362103800EBF737F8054628B901A805F0E3F888
S214036220022003B030BD204605F0E7F8FAF715FE66
S2140362300446019905F10C0005F0A3F92046FAF788
S21403624012FEE8F70FFC0020EBE72DE9F0410446C9
S2140362501F462502C4F3072305F4E06524F47F44B0
S2140362601D4324F0C704EE1944F080048B7944EAF6
S21403627016243602B6B20C333443084601EB030841
S214036280CC501146FFF7BDFF20B94544EF7040469A
S214036290BDE8F0814FF00008F9E7427810B5043204
S2140362A0044601F00400D2B2002140F0290005F0B4
S2140362B0EEFA18B1837922680344DA6010BD10B58C
S2140362C00021FFF7EAFF044608B9002010BD017954
S2140362D0FFF797FF0028F8D1A3790C33E018F5E70A
S2140362E02DE9F04117461A46036801F004011C0223
S2140362F004F4E064C3F307231C4341F02905043484
S21403630006463B462146284605F02BFB804650B101
S214036310E1B205F0A8F83B462A4641463068BDE898
S214036320F041FFF792BFBDE8F0812DE9F341002469
S21403633001F004010768064641F02905106829465E
S2140363401460019005F059F8019805F0B8F8390281
S21403635001F4E061C7F3072739438046012204317D
S21403636001A805F010FA30B101A805F03CF8204664
S21403637002B0BDE8F08143462A4601993068FFF72C
S21403638064FFF5E77047002307B5CDE90033694698
S2140363908DF802004FF0FF3004F000F903B05DF80B
S2140363A004FBA0F86E10704701238B4090F8711021
S2140363B0194380F87110704708B50120F9F726F8DD
S2140363C0C0B208BD83790C3318447047143870473D
S2140363D010B50446A1F1140005F071F8201A20EA5E
S2140363E0E07080B210BD70B51C460D461646FFF72A
S2140363F0EFFFA04207D322463146A5F1140005F06D
S21403640083FA012070BD0020FCE770B506460D46F2
S21403641014467AB90A462046082105F038FA044697
S21403642090B92A460821292005F031FA044658B9BE
S214036430204670BD104604F0D6FF204605F05AF9F4
S21403644008231D44A371E571A3790C331C442670FD
S214036450EEE72DE9F0411646069A074688461D469E
S214036460FFF7D3FF0446F0B114382A4631460690A8
S21403647005F04AFA854217D9069B06A81C7904F04C
S214036480200404F0B0FF74B942460821292005F021
S214036490FEF92A463146069005F036FA854206D9B5
S2140364A006A804F0A0FF00242046BDE8F081069A63
S2140364B093790C33D418D754F6E711B11439EBF7A4
S2140364C09BB91A20704738B5002204460D460220B1
S2140364D00321FFF79AFF014608B1A0F801502046B2
S2140364E0BDE83840FFF7E9BFF8B504460F46164641
S2140364F005210120069A1D46FFF787FF014638B19E
S2140365004770468005712046BDE8F840FFF7D5BFC3
S214036510F8BD38B50D46032104460846FFF775FF58
S214036520A0F8015001462046BDE83840FFF7C5BF36
S21403653073B50546084611466C891A46641ABDF8B3
S2140365401830A4B29C4228BF1C46079B089E0093A3
S2140365502346FFF77EFF014630B12846348002B05B
S214036560BDE87040FFF7A9BF1A2002B070BD012135
S21403657010B5002204461320FFF747FF014620B15B
S2140365802046BDE81040FFF798BF10BDF7B5448915
S214036590054618460F461646019304F090FF053C41
S2140365A0A4B2844203DA011B01A805F02AF80521E8
S2140365B0019805F0AFF8014628B901A804F013FFC7
S2140365C01A2003B0F0BD83790C33C2181720C854C1
S2140365D02846A2F80170A2F80360EBF70DF9F0E77E
S2140365E0012110B5002204461920FFF70EFF0146CD
S2140365F020B12046BDE81040FFF75FBF10BD73B55E
S2140366000E46002144890546033CA4B2A3420091EA
S21403661028BF234603211B20FFF71BFF014670B14B
S214036620012210F80F3CA0F8016062F3071300F88C
S2140366300F3C284602B0BDE87040FFF73EBF1A2065
S21403664002B070BD73B50E46002144890546033C6F
S214036650A4B2A342009128BF234603211D20FFF7BF
S214036660F8FE014638B1A0F80160284602B0BDE83E
S2140366707040FFF722BF1A2002B070BD4B88042B70
S21403668007D1836C08885B8998428CBF0020012061
S21403669070470020704710B50446FEF7B2FF034666
S2140366A0204009D014F0050006D0DB4363F0050351
S2140366B023420CBF0120002010BD002337B580F80D
S2140366C0723040F6FF73A0F86E3083680446DA042F
S2140366D00D46C16010D443F480636A46A36040F25B
S2140366E003212046CDE9004504F0B2FD00212046F3
S2140366F0EAF7BEFF03B030BD90F87600EFF7D8FB9D
S214036700A36823F48053E8E773B56E4604464A79D4
S21403671030460D460631E8F7E9FF96E80300A4F88D
S2140367205010090C11F0800FE06484F8521004F145
S214036730530312D00122184605F11201E8F7D6FFDB
S2140367400C352846FFF770FC28B10122294604F1D0
S2140367505A00E8F7CBFF02B070BDB4F8501094F8B7
S2140367605220C4F8530099809A71E9E71FB590F850
S2140367707420044602F0010301908DF808300BB133
S21403678002F002038DF8093094F8753020468DF830
S2140367900A30039101F0D3FC4FF4017101AA20469D
S2140367A004F056FD2046EAF7EFFF04B010BDEAF703
S2140367B037BFFFF701BE0A460021ECF74DB9132297
S2140367C00121ECF749B9826838B5C2F38032044632
S2140367D0B0F86E000D46ECF7E5F920B9A3681DB1D5
S2140367E043F40053A36038BD23F40053FAE7F8B527
S2140367F004460E4617461D46E8F732FF2146EAF7DB
S2140368009BFE044698B10021FFF7CEFD3A4631467B
S2140368102046F8F7B7FCA36843F00103A36040F2F1
S2140368200313A4F87230002320462B60F8BD1A2306
S214036830FAE710B504460B68084623608B88A380E6
S21403684042B1E8F74BFFA0712046FEF70EFF00B9F2
S214036850A07110BD4920F6E783791A0705D413F013
S214036860100F0CBFFF20012070470020704710B5A3
S214036870044660B1806C50B1EBF77CFCA06C00283A
S214036880FAD12046BDE810400321EAF7F1BE10BD59
S214036890438907B58B420CD050F80C2B40F20141CC
S2140368A092F87020ADF806308DF8042001AA04F0A3
S2140368B0CFFC03B05DF804FB436943F00403436174
S2140368C07047436923F00403436170474069C0F38C
S2140368D08000704747F2305300220068F8F736BC52
S2140368E0006804F052BC38B5436904469B070D465E
S2140368F003D540F20941FFF7F3FFEAF79BFF08B120
S214036900A3691D702046BDE8384040F20941FFF7F1
S214036910E1BF07B5027C012A09D00122027440F2C6
S2140369200942914206D040F20A4291420ED003B089
S2140369305DF804FB4FF4816150F80C3B01AA93F811
S21403694070308DF8043004F083FCF0E750F80C3B0D
S21403695001AA93F870308DF80430F4E738B522F0C6
S21403696000430D46114640F20322934204461AD0D2
S214036970B3F5017F09D240F20122934213D040F2CD
S2140369800222934209D0002038BD6FF4816213447B
S214036990012BF8D8FFF7BDFFF5E700F022F92046F4
S2140369A0FFF737FAEFE763699B0704D540F209411F
S2140369B02046FFF795FF2846FFF759FFE3E708B59C
S2140369C0EAF706FE00B1806C08BD08B500B10068A2
S2140369D0EAF71EFE08B9034602E0836C002BF7D0E5
S2140369E0184608BD10B5044642F62A3000F040FBB0
S2140369F0031B5842584110BD022806D142F62A33DB
S214036A000888C31A5842584170470020704710B58B
S214036A10044642F6293000F02BFB031B584258412C
S214036A2010BD90F8200000F0010070471FB5044623
S214036A306846EBF7D7FC1022694604F1210004F000
S214036A4062FAB0FA80F0400904B010BD08B5FFF74B
S214036A50EDFFB0FA80F0400908BD70B5044600F1BA
S214036A60210591B92846EBF7BDFC236893F9750019
S214036A70FEF7ADFD78B120682B46BDE870401022C6
S214036A800D2190F97500FEF75CBD10220021284603
S214036A9004F063FAE9E770BD38B50446002390F8BE
S214036AA0202041FA03F0C50703D442FA03F0C007D7
S214036AB01ED40133082BF4D101F0010523682A43C1
S214036AC084F8202093F97500FEF781FD40B1234634
S214036AD053F8200B01220C2190F97500FEF731FDC7
S214036AE00DB9002038BD00212046FFF7B6FFF8E7B2
S214036AF01320F7E768B13F290AD800EBA10090F806
S214036B00310001F003014900084100F0030070471B
S214036B100020704710B50368044693F97500431CBC
S214036B200DD0FEF754FD50B12346BDE8104053F890
S214036B30310B10220B2190F97500FEF702BD10BD34
S214036B4010B590F87430DB0706D490F9753001332E
S214036B5014BF0F20052010BD847CECF7E5F98442B2
S214036B6034BF0C200020F6E730B5044685B06846EF
S214036B70EBF738FC1021684604F008FF2046EBF7D5
S214036B8043FE6B46C26804AD06321C4603CCAC42D9
S214036B9010605160234602F10802F6D105B030BDFD
S214036BA008B5EBF731FE08B1EBF702FEC0B208BD3D
S214036BB0013810B580B2EBF727FE044608B900206B
S214036BC010BD408800F07FFB0028F8D0207BF7E755
S214036BD008B5EBF719FE18B1007AC31F584258419F
S214036BE008BD70B5054655F8213B044693F9750074
S214036BF0431C04D12846BDE87040EBF7F3BBFEF711
S214036C00E6FC0028F6D0234653F8310B10220B215E
S214036C1090F97500FEF7C3FC234653F8200B0122B8
S214036C200C2190F97500FEF7BAFC20682B46BDE8E8
S214036C30704010220D2190F97500FEF7B0BC0130AC
S214036C402DE9F04185B228460E46EBF7DDFD42F608
S214036C500217044642F603089CB12046EBF7A8FD4C
S214036C6078B1204600F03EFBB84205D10EB123882A
S214036C703380607BBDE8F081204600F033FB40455F
S214036C8002D14FF0FF30F5E70135ADB22846EBF7FA
S214036C90BBFD0446E0E72DE9F04707460E4690465F
S214036CA00D4642F6021942F6030A0135ADB22846EE
S214036CB0EBF7AAFD044678B1EBF77AFD60B1204600
S214036CC000F010FB484505D1237A072B04D1032097
S214036CD0BDE8F0875045E8D141463046FFF7AFFFA1
S214036CE0431C014604D03846BDE8F047FFF702BF11
S214036CF00020EDE770B5054608461646EBF784FD1B
S214036D00044608B9012070BDEBF752FD0028F9D000
S214036D10F00713D4B10734D4720702D5A3885B07F0
S214036D2032D516F0060F31D116F40060EBD0A388E7
S214036D3013F4006F14BF00200620E4E7A388DA07E5
S214036D4043D513F0700F0AD1980610D45806E1D530
S214036D502B6893F975300133DCD10820D3E7286814
S214036D60FFF7EEFEA388990608D50028CBD12A683C
S214036D7092F874209207E9D40520C4E70028C2D10C
S214036D80E4E7A3889907C7D40320BCE7A38813F4D2
S214036D90E06F09D198050FD45B05C5D52B6893F929
S214036DA075300133C0D1D8E72868FFF7C9FEA3883A
S214036DB0990507D50028A6D12A6892F87420920769
S214036DC0EAD4D9E700289ED1E6E702209BE738B548
S214036DD004460846EBF718FD054608B9012038BDFA
S214036DE0EBF7E6FC0028F9D0AB8813F4E04F0CD1A0
S214036DF0980412D413F48040F1D0236893F97500F5
S214036E00431C58425841C000E9E72068FFF798FE44
S214036E10AB88990408D50028E1D1226892F874203B
S214036E209207E7D40520DAE70028D8D1E2E72DE970
S214036E30F0474FF00009044683F800900846A2F88E
S214036E400090884616461D46EBF7DEFC074620B93B
S214036E50012300202B70BDE8F08774B1EBF7A8FC84
S214036E600028F5D04046FFF7D2FD30B1012385F860
S214036E70009004F120003380EDE72B463246394676
S214036E802046BDE8F047EBF739BA2DE9FF41074640
S214036E900846884616460393EBF7B6FC044638B90D
S214036EA003A804F0A0FA0125284604B0BDE8F08143
S214036EB01FB1EBF77DFC0028F2D0237A072B05D809
S214036EC0DFE803F017262F381C17172126BB039875
S214036ED0002835D13246257A022D62D0032D64D0A0
S214036EE0012D3BD0002F7FD1002503A804F07BFAA9
S214036EF0DAE703A804F077FA0325D5E703A804F036
S214036F0072FA0625D0E703A804F06DFA8025CBE7CE
S214036F10E3685D88B54209DA03A804F064FA072536
S214036F20C2E7E3689A88B242F6D35D88039840B90D
S214036F30024609E0022EEFDC039868B90246CAE768
S214036F40354604F0BCFA82B29319AB42C3DD03A8FC
S214036F5004F049FA0D25A7E70225F2E7E0680630B4
S214036F6000230399304404F034FA002FBCD0237A6C
S214036F70032B39D103A804F036FA00212046EBF799
S214036F80FDFB68B30588617B3846FFF7B3FD012236
S214036F90034629463846CDF80080FEF76CFD0025EB
S214036FA082E7E068B3188380D9E7039B9A79D97997
S214036FB0891AC9B2481E012810D8134402291A7B1D
S214036FC004BF5B7B42EA0322237B32EA03038CD1B2
S214036FD001233846617BEBF767F9C6E70D2584E79F
S214036FE008F1FF35ADB2CEE7039B41460093384622
S214036FF033463A7FFEF725FDD1E7884270B504464F
S2140370000D46164611D8012838BF01242046EBF753
S214037010FBFB10B14388B34208D00134A4B2204628
S214037020EBF7D6FB08B1A542F0D20024204670BD8C
S21403703070B50C4616461D460146B8B1B3B1022CD0
S21403704001D0102C12D1E0B2EBF714FB4FF6FF7110
S2140370508842024602D141F20A1070BD3046FFF75D
S214037060CCFF0028F7D028800020F6E72120F4E79D
S214037070002307B50122ADF80400ADF8063002215F
S2140370800DF1060301A8FFF7D3FFBDF8060003B012
S2140370905DF804FBF8B50F461646441CA4B220461A
S2140370A0EBF7B2FB10B9013CA0B2F8BD00F01AF939
S2140370B00546304600F0F2F820B1284600F0EEF818
S2140370C00028F0D1304600F0E2F820B1284600F060
S2140370D0DEF80028E7D10134A4B22046EBF778FBAC
S2140370E008B1BC42DBD94FF6FF70DEE72DE9F04F5F
S2140370F09A4687B08B880D460C88814604A90220E1
S214037100ADF810309046EBF7B5FAAB680090A88858
S214037110AF89059300F0BBF838B1102F05D105A849
S214037120EBF78EFA022808BF02274FF6FF7B33E001
S2140371302046009AFFF761FF064680B3AA8869884F
S214037140FFF7A8FF04463046FFF72AFD00B30DF10C
S2140371500F03314648460DF11202FFF768FE9DF80D
S2140371600F302BB1A8F80060184607B0BDE8F08FC3
S214037170BDF81220BA420BD13A460599019303F0A3
S214037180C2FE019B20B9A8F80060AAF80040EBE70E
S2140371905C4504D00134A4B26988A142C8D80A2346
S2140371A0E2E708B5EBF730FBBDE8084000F09AB815
S2140371B038B505460846EBF727FB044610B94FF6E5
S2140371C0FF7038BD0DB96088FBE7EBF7F1FA0028CE
S2140371D0F9D1F4E770B5044642F60520FFF748FFF9
S2140371E0B0B10021FFF72BFD054601462046FFF709
S2140371F081FC06461022002104F1310003F0ADFEA7
S214037200324629462046BDE870400023EBF74CB8CB
S21403721070BD7FB504460D4610220021684603F074
S2140372209CFE0026AB575A1C1BD031462046FFF760
S21403723061FC1946002BB8BFD91C04AA02EBA101B6
S21403724000F00302584200F0030003F0030358BFA4
S21403725043425B0002FA03F311F8102C134301F8C0
S214037260103C0136402EDDD16B4604F1310504AEE9
S2140372701A4603CAB24228606960134605F1080538
S214037280F6D1204604B0BDE87040FFF743BCA0F536
S214037290205001288CBF00200120704742F60303CC
S2140372A0C31A58425841704708B5030409D4EBF78C
S2140372B0ADF9A0F5205080B201288CBF0020012034
S2140372C008BD0020FCE7020408B507D4EBF79EF9D7
S2140372D042F60303C31A5842584108BD0020FCE790
S2140372E0C00B70470346B3F902304088002B01DB1E
S2140372F0EBF78CB90020704708B5FFF7F3FFA0F54E
S214037300205080B201288CBF0020012008BD037CDA
S214037310012B07D08369187828B112280CBF0020E8
S214037320052070470720704710B50446806914305F
S21403733004F059F8A069BDE81040183004F053B8BB
S2140373402DE9F0410F46144605461E46FFF7ECFFAF
S21403735023463A4608210020D5F8188004F001FB9E
S214037360AA69C8F81400536923B100205481168211
S214037370BDE8F0811A20FBE71FB50A468369090CAE
S21403738092B29980DA8042F60303ADF80C300223FA
S214037390009303AB02F092FA05B05DF804FB70B5F8
S2140373A00446084604F08BF8A16986B28A894D899B
S2140373B012B1521B96420CDA6389581E80B225B965
S2140373C00A78082A04BF043B98B2831B58425841E4
S2140373D070BD0020FCE730B5044654F80C0B8DB0A6
S2140373E09DF8405090F8700042EA01428DF8040080
S2140373F01946029203A82A46079503F0B9FD40F200
S2140374000241204601AA03F023FF0DB030BD10B59C
S21403741050F80C4B86B094F87040ADF80E10ADF8EB
S214037420102040F2064103AA01938DF80C40059301
S21403743003F00EFF10B901A803F0D5FF06B010BD88
S21403744037B504460D46FFF76FFF204640F2094165
S214037450FFF746FA00222046A36940F207411A7056
S21403746050F80C3B6A4693F8703001958DF800305F
S21403747003F0EEFE03B030BD13B5019100210446C0
S21403748002F0C6FA0422002320460DEB0201FFF7A2
S21403749057FF02B010BDF0B504460F461E4615460C
S2140374A085B052B983691B78072B30D0082B14BFDD
S2140374B015460925002E18BF0D250A9803F0FFFF71
S2140374C0A3699A894AB15B8981B2D21A914204DDD3
S2140374D092B2891A0AA804F094F8204650F80C3B96
S2140374E040F2054193F8703001AA8DF804300A9BE8
S2140374F0ADF806708DF80850ADF80A60039303F0F4
S214037500A7FE10B90AA803F06EFF05B0F0BD0B2561
S214037510D0E7B0F80AC02DE9F041ACF1020C9C4567
S21403752005460E4617461C4603DDBDE8F04102F04D
S2140375301CBA83692246198100233946FFF700FFE8
S214037540044658B9AB690246314628460E3302F064
S21403755025FA044610B12846FFF7E6FE2046BDE8A6
S214037560F0812DE9F043202A8FB0054617461C46C6
S21403757003910BD941F2041421462846FFF760FF16
S21403758003A803F030FF0FB0BDE8F083002B46D10D
S2140375900846A2F1060803F092FF4FF6FF765FFA5D
S2140375A088F81FFA80F94C4510D3AB69DA88B242E3
S2140375B039D942F60203ADF814300223711C009346
S2140375C0284605AB89B202F079F925E023463A4608
S2140375D0039906A803F0FDFEAB69BDF818609A8808
S2140375E0B242C7D8DA88B242C4D3BDF81A10BDF87F
S2140375F01C20B8F1000F09D02846CDF800800DF105
S2140376001E033C44FFF7E7FEA4B2CCE728469E8061
S21403761019815A8102F06BF904460028B0D041F272
S2140376200A139C42A8D10024A6E770B505460E4669
S21403763011461A46FFF76BFE044670B90346284602
S214037640FFF77EFE044640B931462846FFF794FE10
S214037650044620B12846FFF767FE204670BD052185
S2140376602846FFF740F9F8E770B505461E46FFF7CC
S2140376704EFE044648B933462846FFF74AFF0446FB
S21403768018B90A212846FFF72EF9204670BD2DE9C2
S214037690F0471C4696B0836901921B780646062B74
S2140376A003D0102B60D001A81CE00129104614BF9C
S2140376B04FF010084FF002080392002C4CD103F051
S2140376C0FEFE4FF6FF7508F1020987B2A7420ED8F1
S2140376D0B369DA88AA4237D8002421463046FFF732
S2140376E0AFFE03A803F07FFE16B0BDE8F08723467F
S2140376F04A46039904A803F06CFEB369BDF810501C
S2140377009A88AA422DD8DB88AB422AD39DF8133039
S214037710282BE1D0B2465AF80C3B424693F8703019
S2140377200DF112010DA88DF83030ADF83250CDF8BA
S21403773044804C4403F01CFC40F2044150460CAA1F
S21403774003F086FDA4B2C1E7691C304689B202F095
S21403775085F804460028C4D041F20A139C42BBD0E5
S214037760BBE741F20414B8E70129104614BF1227F9
S2140377700427049284BB03F0A2FE42F602184FF6D7
S214037780FF7185B2A5420DD8B369DB888B4221D938
S21403779001314FF6FF72304689B202F05FF80446B5
S2140377A0A0B119E023463A4604990CA803F011FE4B
S2140377B0BDF83220BDF8301042459DF8333007D16E
S2140377C0B269022330460A32FFF7A3FE04A889E70C
S2140377D0282B06D141F20A1421463046FFF730FE25
S2140377E0F4E73C44A4B2CDE7F0B5836987B00391D0
S2140377F01B780546022B144653D108460491002AEB
S21403780047D103F05CFE4FF6FF7687B2A7420DD84A
S214037810A869C288B2422BD8002421462846FFF71F
S2140378200FFE04A803F0DFFD07B0F0BD04220499A1
S214037830234605A803F0CDFDAA69BDF81410908869
S214037840BDF81660814229D3D388994226D886424A
S21403785024D39E4222D85069927A837904340C3317
S2140378600092034432462846FFF7B5FDA4B2CDE79F
S21403787043694089711C0190987989B20C3003449E
S214037880009328464FF4205301F0FCFF04460028DB
S214037890C7D041F20A139C42BFD1BDE741F204149C
S2140378A0BBE703A8BEE7F0B587B0054617461C46F8
S2140378B0039153B9FFF773FD38B1012322462846D7
S2140378C0039900F084F807B0F0BDA9690B78082B7C
S2140378D005D8062B44D8032B0FD003A83DE00E2B68
S2140378E0FBD1039B0593002C6DD1002B6BD0224656
S2140378F028460989FFF78BFD59E00398059018B3CE
S214037900ECB9102683794A890C3309890344009617
S2140379102846FFF760FDAB699988DA88914217D24B
S21403792042F60203ADF810300223013100932846D5
S2140379300DEB060389B201F0C1FF044660B141F2C4
S2140379400A139C4204D101E0002CF8D141F21F0433
S21403795021462846FFF774FD05A803F044FDB2E769
S214037960039805907CBB70B303F0A9FD0FB386B2F2
S214037970B7421ED2394605A803F065FF38B905A8F5
S21403798003F031FD1A212846FFF75AFD9BE783795A
S214037990F61BC218023391898371AB6900225B8997
S2140379A0B6B200902846FFF776FDB742E2D92146E5
S2140379B0E9E7AA69284653891189059A00920022A5
S2140379C0FFF769FDF3E705A803F00DFDEFE7F0B554
S2140379D085B006461F461446039132BB084603F09D
S2140379E06EFD054608B3B1690B784A89082B0BD898
S2140379F0062B0BD9039B0989304600931346224670
S214037A00FFF749FD039401E00E2B19D0B1694B89AA
S214037A10EA1892B2B2F5007F4A8117D82FB13046E2
S214037A20098901F075FF044628B100222346114652
S214037A303046FFF738FF03A803F0D5FC05B0F0BDCA
S214037A403046039B0989FFF7E2FCDBE741F20414A7
S214037A50EBE773B5836901911B780446082B15463B
S214037A600ED8062B0ED9019E20463146FFF797FC0B
S214037A702A46034631462046FFF7A9FF02B070BDEB
S214037A800E2BF0D001A803F0AEFCF7E730B5836900
S214037A9087B003911B780546092B144611D105912F
S214037AA05AB9134600910F222146FFF7F4FC2146EC
S214037AB02846FFF7C5FC07B030BD05A803F093FCC6
S214037AC0F5E703A803F08FFCF5E72DE9F04F876988
S214037AD09FB003913F780546052F16461C4604D8EB
S214037AE0032F16D810D003A867E0082FFBD108464B
S214037AF01391002B00F0C28013A803F074FC2146F8
S214037B002846FFF79DFC01E0FFF72BFD1FB0BDE8FD
S214037B10F08F202A0846049148D8002B40F0A8800E
S214037B20571F03F0CCFC4FF6FF78FFB21FFA80FA1C
S214037B300DF11C0BA24506D8AB69DA88424500F264
S214037B408780002434E02346324604990BA803F0CA
S214037B5040FCAB69BDF82C809A88424526D8DA8863
S214037B60424523D35969F1B9A94659F80C1BBDF808
S214037B702F2091F870109DF82E308DF84C10ADF82C
S214037B804E200DF131013A4615A88DF8503019975D
S214037B9003F0EEF940F20341484613AA03F058FBFC
S214037BA03444A4B2C6E75A89102A09D941F2041408
S214037BB021462846FFF744FC04A803F014FCA5E777
S214037BC00023584603F005FCAB690DF13101102F75
S214037BD0CDE9051B93F80A902BD1B9F1020F34D1E6
S214037BE005A8EAF72DFD0228DAD14A46DDE9051095
S214037BF003F089F90028D3D12B4653F80C0BBDF8B4
S214037C002F1090F870009DF82E208DF84C00ADF8DC
S214037C104E108DF8502059464A4615A80293CDF8C3
S214037C20649003F0A5F9029B40F20341184613AA99
S214037C30B4E7022F09D1B9F1100F06D106A8EAF767
S214037C40FFFC0228ACD13A46D0E73A465846CFE77F
S214037C5042F60303ADF84C30022308F1010100930A
S214037C60284613AB89B201F029FE04460028A3D0A8
S214037C7041F20A139C423FF464AF99E759B90021D5
S214037C800023AA69284693815381118113993246AA
S214037C90FFF709FE3AE703F012FC16B180B28642FC
S214037CA0EDD1139A9379D118023389899371E7E753
S214037CB02DE9F0431C468FB0836903911B78054674
S214037CC0012B17465BD10846059103F0F8FB202FDE
S214037CD00BD941F2041421462846FFF7B1FB05A849
S214037CE003F081FB0FB0BDE8F083002C42D105986A
S214037CF003F0E5FB4FF6FF76A7F104081FFA88F8B2
S214037D001FFA80F95FFA88F8A14505D8AB69DA88C7
S214037D10B24220D80024DEE723463A46059906A851
S214037D2003F057FBAB69BDF818109A88BDF81A60C4
S214037D309142CED3DB889942CBD89642C9D39E4292
S214037D40C7D832462846CDF8008007AB3C44FFF739
S214037D5042FBA4B2D8E74FF42053ADF81030022309
S214037D60711C0093284604AB89B201F0E5FD044676
S214037D700028B4D041F20A139C42CBD0ABE703A849
S214037D80AEE783691B780A2B02D00F3B012B01D881
S214037D90FFF756BB7047F0B585B001938369174666
S214037DA01A7804460A3A0A9E072A42D8DFE802F0FF
S214037DB004413041410441290198039003F07FFBBD
S214037DC085B203A803F00FFB26B131462046FFF722
S214037DD053FB0FE0A1697A194B8992B293420BD9F0
S214037DE00A8201F10E032046098901F0D7FD0146F8
S214037DF00028EBD105B0F0BD0121204601F008FEB6
S214037E00F5E72EB91A8A0198BA420BD04FF4816669
S214037E10019B03A8039303F0E6FA31462046FFF7D7
S214037E200FFBE7E7DA89596903F054FB0028EDD125
S214037E30EEE701A803F0D7FADCE738B58269044613
S214037E4013780D460D2B12D00F2B01D00A2B12D10F
S214037E50536933B1997902F114000B44DD6803F0DA
S214037E60C2FA29462046BDE83840FFF78ABFBDE878
S214037E703840FFF7E5BA38BD07B5002300921B224A
S214037E80FFF709FB03B05DF804FB07B58369598068
S214037E90009200231D22FFF7FEFA03B05DF804FBF1
S214037EA008B5FEF78CFD18B1BDE80840EAF70CBD2F
S214037EB0252008BD70B50D461446FEF780FD58B163
S214037EC02369022B01D0102B08D122462946BDE890
S214037ED07040DBB2FFF7A9BB252070BD2120FCE76D
S214037EE070B50C4615461E46FEF769FD30B133469F
S214037EF02A462146BDE87040FFF7B6BB252070BD75
S214037F004B88052B05D108880E288CBF002001203E
S214037F10704700207047F8B505460F4616460421FD
S214037F200A22002003F0B3FC0246B8B18479052187
S214037F300C3403194FF0060C00209970D87002F821
S214037F4004C013241C7102245F715870D8719C718D
S214037F5028461E81BDE8F840E8F7FCB9F8BD73B5BE
S214037F600546104601920C4603F0A9FA042186B290
S214037F70019803F0CFFB024628B901A803F033FAB1
S214037F801A2002B070BD837901900C33C1184C805F
S214037F90C65221462846E8F7DDF90020F1E72DE929
S214037FA0F84F8A4691469846064680B3846814F48A
S214037FB000442CD1EAF782FE102283460421204691
S214037FC003F065FC024620B305210C2387790C37A2
S214037FD0C519A970EC70C35512232B710823AB7116
S214037FE0BDF828303046EB816C7085F805B0EC712F
S214037FF0A5F808A0A5F80A90A5F80C80E8F7AAF952
S214038000B36843F40043B3602046BDE8F88F022408
S214038010FAE71A24F8E72DE9F0410646884617469C
S21403802004210A22002003F032FC0246B8B1857907
S21403803000240C354319052106209970DC70505531
S2140380400120187102205C70987183F80580304611
S214038050DC711F81E8F77EF92046BDE8F0811A201F
S214038060FBE7002070470020704707B501A8019280
S21403807003F0B9F903B05DF804FB704700207047BE
S2140380800F2070470F2070477047EBF715BBEBF7D1
S2140380901DBB10B588B0E9F79BFA044600284AD002
S2140380A090F87200022848D1A36813F4407F2AD0C0
S2140380B094F87320012A32D194F97500421C01D139
S2140380C0D9052CD594F8743013F0010327D1CDE9E4
S2140380D00133CDE90433CDE90633ADF80C30FDF7B3
S2140380E076FAA36888B9DA0519D5A06AE16A01ABFE
S2140380F003C3228E1A802046BDF8042004AB0DF17C
S2140381000601EAF71FFD08B010BDDB05EDD40A2211
S214038110022194F9750001ABFDF741FAEBE7002362
S21403812045F217021946204600F074F9B0FA80F0BB
S21403813040094000E7E72120E5E70220E3E738B5FA
S21403814045F21B020C460B460021054600F062F979
S21403815030B92CB121462846BDE83840EAF770BF4F
S21403816038BD00F086B901F00FBB01F018BB10B59F
S21403817004464C30FDF70CFA84F875002046BDE83B
S214038180104001F0DCBA10B50446FDF7D8F9022812
S2140381900DD194F8733094F97000012B14BF0521A8
S2140381A0032184F83210BDE8104001F010BBA36829
S2140381B043F40073A36010BD00F08CB938B50378A0
S2140381C004463E2B0D4604D18378052B02D0ED2BB7
S2140381D00FD038BDB0F80300E9F7ECF920B1B4F8D6
S2140381E00D10621D00F0DCF92846BDE8384003F0A8
S2140381F0FAB8B0F80300E9F7DDF90028F4D0B4F8CC
S2140382000D1004F10F03621D00F0CDF9ECE7CB046B
S21403821048BF41F48061C160704710B50446006CE6
S21403822030B94FF4B07003F0FBFB206420B910BDE7
S2140382304FF4B07103F0B8FBFF23226C82F85E3173
S214038240A3681B0603D5C02301201370EFE794F839
S2140382507330012B14BF80234023F5E710B5044683
S21403826045F21A0102F091FF2046BDE8104047F29E
S2140382703053002245F21A01F6F768BF10B50A46D6
S21403828004460821002003F002FB10B1837903445F
S2140382901C7310BD38B505460C460D201121FFF79B
S2140382A0EDFF024688B12146837903440D3304F17A
S2140382B0100051F8044B814243F8044BF9D1284689
S2140382C0BDE838400621FFF74ABE38BD38B5054637
S2140382D00C4604201121FFF7D1FF024688B1214640
S2140382E0837903440D3304F1100051F8044B8142A3
S2140382F043F8044BF9D12846BDE838400621FFF77A
S2140383002EBE38BD38B505460C4603201121FFF7AF
S214038310B5FF024688B12146837903440D3304F141
S214038320100051F8044B814243F8044BF9D1284618
S214038330BDE838400621FFF712BE38BD37B5002228
S21403834005460821104603F0A2FA0446C0B10C23E2
S21403835001220DF107018DF8073003F0D5FA296CD9
S21403836020225131204603F0CFFA296C20227131A6
S214038370204603F0C9FA224606212846FFF7EFFDFA
S21403838003B030BD08B5D0B2E9F722F928B190F8AA
S214038390773003F07F0380F87730012008BD036C45
S2140383A04BB983681B0608D490F87330012B14BFAF
S2140383B080204020704718787047C020704770B5FB
S2140383C00446FFF7ECFFEAF705FF0D4603460022D7
S2140383D045F2010120469847236C03B11D702846D9
S2140383E0EAF7F8FE4FF4A041034600222046BDE814
S2140383F07040184770B51546044648B1FFF7CFFFDF
S214038400EAF7E8FE2A4603462046BDE870401847CA
S214038410022070BD114608B51A4621F00041FFF749
S214038420E9FFB0FA80F0400908BD10B4C4691CB96E
S2140384305DF8044B0180704700235DF8044B1A4631
S214038440FAF776BA08B50B4601461846F7F7D6F993
S214038450003818BF012008BD10B50446006838B1BF
S2140384601A2103F0A1FA2068F7F7A8F9002323607E
S21403847010BD30B58BB00D46002201A9EBF764F8AA
S214038480044620BB01460D220DF10B0002F065FDEC
S214038490B5F803206B79ADF8082006A9019A02A85F
S2140384A08DF80A30EAF7B6FE40F20343BDF818200B
S2140384B0002818BF1C469DF81A30102102A82A80EF
S2140384C0AB7003F071FA102106A803F06DFA20468C
S2140384D00BB030BD10B50446EAF75AFE04F134007B
S2140384E0FFF7BAFFA3685A0606D523F04003002118
S2140384F02046A360E7F7FCFE236C63B1D3F8940031
S214038500F9F7ADFE0421206C03F04EFA206CF7F762
S21403851055F90023236410BDF7B50D466946164684
S214038520EBF712F8044698B929461022009801ABD7
S214038530F9F7F4FE07461021284603F027FA2FB171
S2140385401021284603F030FA40F2074406B137609C
S214038550204603B0F0BD38B50446C51C03212846A3
S214038560FFF770FFC8B9E27863797AB922791A43BC
S214038570F4D003F07F0343F0400363715323A371E6
S2140385802146BDE83840FF20FFF773BFFF2AF0D12E
S21403859022791A40FF2AE1D0EBE740F2074038BDC4
S2140385A00021E7F7A5BEF8B51D46836804465B06BB
S2140385B00F4616462DD41A2003F032FA014660639E
S2140385C020B92046BDE8F840E7F792BE034623F8F5
S2140385D0027B326805F11001C0F8022072685A6007
S2140385E02A46636B0A3352F8040B8A4243F8040B99
S2140385F0F9D11021284603F0D7F9A36843F04002C7
S21403860013F4407FA26004D02046BDE8F840EBF7A1
S214038610A1B8F8BD38B504460D4605200221FFF77C
S2140386202DFE0246B8B18379062103445D732046C6
S214038630FFF795FC45F490512046EAF701FD94F8C0
S21403864073302046012B18BF8021BDE8384008BF91
S2140386504021FFF7B4BE38BDB1F5A04F70B5044650
S2140386600D4616460AD045F20603994218D03246FE
S21403867029462046BDE87040EBF740BA836843F0CE
S2140386808003836090F87330012B14BF8020402052
S214038690EAF7A0FD002203462046BDE870401847CF
S2140386A093791344597C41F49051EAF7C9FCDEE709
S2140386B02DE9F04196B0154605AA1C4606460B461C
S2140386C090461D9F01F1200E94461868596808339A
S2140386D0ACE8030073456246F6D12021404603F01A
S2140386E055F90DAB2A469C4605F1200E1D4610682B
S2140386F05168083203C572452B46F7D120216046E0
S21403870003F044F9AEB3336C93F85D31013B022BAF
S2140387102FD89DF8703043F0800301AA8DF85430AB
S2140387201546234604F1100C144618685968083396
S21403873003C463452246F7D11021284603F026F9E1
S2140387403B46412241462846EAF7C6FD0446102129
S214038750284603F029F94121404603F025F954B190
S2140387601EB108213046FFF755FF204616B0BDE878
S214038770F0810023D1E71021384603F007F9002ED5
S214038780F3D0224645F211013046FFF733FEECE7FD
S2140387902DE9F74390F873700446012F056C04D156
S2140387A095F85031002B40F0568195F85C3195F8DA
S2140387B05181032B00F2F180DFE803F00287AFD488
S2140387C018F0010F7CD011210620FFF757FD8146D4
S2140387D0002800F040818679102106440D36304685
S2140387E0FFF730FE014658B120460821FFF712FF77
S2140387F0002140F2074003B0BDE8F043EAF73EBC71
S214038800A07CC0F11002304402F0A7FBFCF797FEF1
S214038810022895F95E010BD032460521E6F7BAFA2F
S21403882090B10821204603B0BDE8F043FFF7F2BE3F
S214038830334610220521FCF784FE28B1002140F2BE
S2140388401B40EAF71BFCECE7FCF779FE02280FD186
S214038850012F0DD004F1180306F1100256F8041B7D
S214038860964243F8041BF9D1A36843F48073A360CC
S2140388704A4606212046FFF772FB0B210720FFF727
S214038880FDFC8146002800F0E680867995F95E3186
S2140388900C36064443F43F430821A6F80130F01C87
S2140388A0FFF7D0FD0A22042195F95E01731CFCF73D
S2140388B048FE0028C2D14A4606212046FFF74FFB52
S2140388C095F85C31013385F85C3118F0020F1FD040
S2140388D011210820FFF7D2FC0646002800F0BB80D3
S2140388E00023817901AA01440D31FF200193FFF78C
S2140388F013FE40B108212046FFF78CFE40F20740E6
S2140389000199EAF7BBFB324606212046FFF727FB11
S21403891095F85C31013385F85C3118F0020F1CD0F2
S21403892008210920FFF7AAFC8146002800F093805F
S21403893086790C360644E6F78FFE83794A4683F03B
S2140389400803C3F3C003737003680621C6F8023036
S21403895083882046F380FFF702FB95F85C310133EA
S21403896085F85C3118F0040F12D011210A20FFF7A6
S21403897085FC064600286ED0807910223044AB2151
S2140389800D3002F0EAFA324606212046FFF7E7FAF0
S21403899095F85C31013385F85C31012F08D0236CE0
S2140389A093F85031002B56D195F85C31042B52D1F5
S2140389B0A36C10220B2195F95E013133FCF7C1FD40
S2140389C070B140F21B412046EAF73AFB012F14BF71
S2140389D080214021204603B0BDE8F043FFF7EFBCFB
S2140389E0A36C01220C2195F95E012033FCF7A9FD47
S2140389F00028E6D1A36C10220D2195F95E012133E0
S214038A00FCF79FFD0028DCD1082295F95E0111468C
S214038A1004F11003FCF795FD0028D2D1236C93F8DC
S214038A205E2184F87520FF2283F85E21D3F858313F
S214038A305B0603D404F14C00FDF705FBFCF77FFD52
S214038A40022808BFA368204604BF43F48073A360CC
S214038A50EAF7CEFABAE703B0BDE8F083EBF7A6B8B9
S214038A6070B5B1F5A04F0446154688B07BD045F2E5
S214038A701B06B14240F00E8190F87430DB076AD5CE
S214038A80056CB5F850312BB14C21FFF798FC00204C
S214038A9008B070BDD5F858315E074BD5AB79D8070B
S214038AA048D56B7BD90745D5A36C10220B2195F9C6
S214038AB05E013133FCF745FD38B140F21B412046D9
S214038AC0EAF7BEFA40F21B40E2E7A36C206C0122F1
S214038AD00C2190F95E012033FCF733FD0028ECD11E
S214038AE0A36C206C10220D2190F95E012133FCF754
S214038AF028FD0028E1D10822206C114690F95E017A
S214038B0004F11003FCF71DFD0028D6D104F14C0038
S214038B10FDF799FA236C93F85E2184F87520FF22FB
S214038B2083F85E2120464021FFF749FC2046EAF7FA
S214038B305FFAACE705F5987304F1180205F5A0751E
S214038B4053F8041BAB4242F8041BF9D1A36843F461
S214038B508073A360E6E74021FFF731FC29462046F1
S214038B60EAF76EFA93E7036CD3F8582112F004027F
S214038B7055D00022CDE90122ADF80C209A79D20710
S214038B803FD55B7BDB073CD5FCF7D9FC0228206C82
S214038B900CD000F59872032190F95E01E6F7FAF817
S214038BA078B308212046FFF735FD8BE700F5987369
S214038BB01022032190F95E01FCF7C3FC28B10021C3
S214038BC040F21B40EAF75AFAEBE7206C102200F556
S214038BD09873052190F95E01FCF7B3FC0028EED1EB
S214038BE0236C04F1180103F5987203F5A07352F889
S214038BF0040B9A4241F8040BF9D1A36843F480733B
S214038C00A3600023BDF80420CDE90433CDE9063381
S214038C100DF1060104AB2046E9F794FF37E7D3F8D6
S214038C20B810C3F8D010D3F8BC100092C3F8D41011
S214038C30006C694600F59870EAF73AFC48B100986C
S214038C40F9F70DFB20460821FFF7E4FC40F2074046
S214038C501EE7206C009A00F59871C830EAF7DAFA36
S214038C6005460028EBD10098F9F7F9FA236CA07CA7
S214038C7003F59873C0F110022946184402F06DF903
S214038C802A46CDE90155CDE90455CDE9065504AB91
S214038C9001A9C0E708B0BDE87040EAF72FBF2DE989
S214038CA0F04796B01D46DDE9229705AB06460C460F
S214038CB09E46DDF8908002F1100A9C4610685168C3
S214038CC00832ACE8030052456346F6D170461021DD
S214038CD002F05CFE09AA2B46944605F1100E1546D3
S214038CE018685968083303C573452A46F7D16046A2
S214038CF0102102F04BFE0DAA94461E9B03F1100EA4
S214038D00154618685968083303C573452A46F7D1CC
S214038D106046102102F03AFE9DF87C30D9F8000038
S214038D208DF844309DF8803006218DF845309DF847
S214038D30843012908DF8463099F8063012A883F0E6
S214038D400803C3F3C0038DF84730B9F80430ADF811
S214038D504C3002F01BFEBB79062183F00803C3F3F5
S214038D60C0038DF84E303B680DF14F00CDF84F3001
S214038D70BB8804F11007ADF8533002F007FE01AAD2
S214038D8023461546144618685968083303C4BB427D
S214038D902246F7D11021284602F0F8FD4346412229
S214038DA005A92846EAF798FA04461021284602F051
S214038DB0FBFD412105A802F0F7FD34B1082130463A
S214038DC0FFF728FC16B0BDE8F0874046102102F0F6
S214038DD0DDFD224645F213013046FFF70BFBF1E7B4
S214038DE02DE9F0419CB0154608AA1C4606460B46DC
S214038DF09046239F01F1200E94461868596808335D
S214038E00ACE8030073456246F6D12021404602F0E3
S214038E10BDFD10AB2A469C4605F1200E1D46106884
S214038E205168083203C572452B46F7D160462021A8
S214038E3002F0ACFD18AA9446229B03F1100E1546C9
S214038E4018685968083303C573452A46F7D1604640
S214038E50102102F09BFD04AA2346154604F1100CCC
S214038E60144618685968083303C463452246F7D185
S214038E701021284602F08AFD6B46502241462846BA
S214038E80EAF72AFA04461021284602F08DFD5021FF
S214038E90404602F089FD34B108213046FFF7BAFB9D
S214038EA01CB0BDE8F081039B38463B60042102F00A
S214038EB06DFD6846102102F077FD224645F2140147
S214038EC03046FFF797FAEBE72DE9F3411D46089B7B
S214038ED004468846164690F873705BB11021104618
S214038EE0FFF7B0FA30B10821204602B0BDE8F041E2
S214038EF0FFF790BB236C013E691E03F1100013F8C5
S214038F00012F16F801CF834282EA0C0201F8012FE3
S214038F10F5D10023404601A90193EAF7C9FA48B1FF
S214038F200198F9F79CF908212046FFF773FB02B076
S214038F30BDE8F08129462846019AEAF76BF900282E
S214038F40EED1022F0CBF0023062304F159022B4453
S214038F5004F15F0012F8016F1978904281EA060166
S214038F6003F8011BF6D1022F14BF0023062304F1D6
S214038F7052022B4404F1580012F8016F19789042FC
S214038F8081EA060103F8011BF6D129462846019A11
S214038F90EAF740F905460198002DC2D1F9F75FF9C3
S214038FA02A4645F210012046FFF724FABFE773B5B9
S214038FB045F20406B142044615460DD045F21006A6
S214038FC0B14222D0B1F5A04F38D1FFF747F9236C51
S214038FD0D3F85831D90720D5236CD3F85821D207B4
S214038FE00BD4AA7998330C3215446A1D153552F8FA
S214038FF0041BAA4243F8041BF9D1216CD1F858315B
S21403900013F004030CD0832104E0016CA831FFF7AE
S21403901079F985212046FFF7D2F9002002B070BD0A
S21403902081F85C31012301F1B8020093204601F177
S214039030A80301F59871FFF747FFEEE702B0BDE816
S2140390407040EAF75BBD45F21003F0B5994204465B
S21403905085B000F087800CD8B1F5A04F1CD045F240
S214039060050399421DD0204605B0BDE8F040EAF757
S21403907045BD45F21103994200F08D8045F2120377
S2140390809942F0D1036C93F85D31042B40F2B38020
S214039090052B03D148217BE0FFF7E0F8002005B05D
S2140390A0F0BD9179036C0C310A44511DB833153267
S2140390B051F8040B914243F8040BF9D1256C1022A6
S2140390C005F1C80705F1B8063146384601F01BFF1F
S2140390D020B904212046FFF79DFADFE7D5F858317B
S2140390E013F0040332D095F85D31042B13D105F148
S2140390F0F803039305F59873029304F1530301935E
S21403910004F15A0300933A463346204605F1D80144
S214039110EAF7C4FFC2E705F5A07005F1110105F1F2
S214039120510201900BB1052B06D100230093204674
S2140391303346FFF7BDFAB1E795F85C01D5F82C3155
S214039140C34003F0010343F08003EFE785F85C3187
S21403915032460093204605F5A07305F59871FFF790
S214039160B3FE9BE7056C102205F1A80105F5A07078
S21403917001F0C9FE0028ACD14B21D5F858319B0726
S21403918042BF94F8743043F0020384F874302046E8
S214039190FFF715F982E7056C102205F1A80105F51E
S2140391A0A07001F0B0FE002893D195F85D31013B25
S2140391B0022B0FD895F85C310133DBB2142B85F8FC
S2140391C05C3107D0D5F85831432123F00103C5F8A5
S2140391D05831DCE705F1F803039305F5987302931A
S2140391E004F15303019304F15A03009305F1C802F3
S2140391F005F1B80389E74921CAE7B1F5A04F70B571
S2140392000446154607D045F20406B1420CD0BDE825
S2140392107040EAF773BCFFF721F8236CD3F8583194
S214039220D90701D4002070BD236CD3F85821D20788
S21403923018D4AA79A8330C3215446A1D153552F88A
S214039240041BAA4243F8041BF9D1206C102200F138
S214039250A801983001F057FE20B904212046FFF7F5
S214039260D9F9DFE7206C1021C830FFF7EBF858B1C7
S21403927008212046FFF7CEF940F207400021E9F720
S214039280FDFE40F20740CEE7216C2046C831FFF7CB
S2140392901DF847212046FFF792F8C3E7B1F5A04F24
S2140392A070B50346144607D045F21806B14207D0F8
S2140392B0BDE87040EAF722BCFEF7D0FF002070BD81
S2140392C01268551C03D10121FFF7A4F9F6E7016CD8
S2140392D0D1F85801400743BF002281F85C21226879
S2140392E0C1F8302148BFC1F82C2118464321FFF7A7
S2140392F066F8E3E7B1F5A04F70B51346044607D00A
S21403930045F20406B14207D0BDE87040EAF7F6BB63
S214039310FEF7A4FF002070BD9979026C0C310B4454
S214039320591DA832153351F8040B994242F8040B21
S214039330F9D1256C102205F1A80105F1980001F07A
S214039340E2FD20B904212046FFF764F9E2E7204650
S21403935005F1C801FEF7BAFF47212046FFF72FF8AD
S214039360D8E7B1F5A04F13B504460ED0A1F5A04338
S214039370103B012B45D8016C9831FEF7C3FF4421FF
S2140393802046FFF71CF8002017E0016CD1F858318F
S21403939001F1C80213F0040328D010211046FFF78A
S2140393A051F860B108212046FFF734F940F2074030
S2140393B00021E9F763FE40F2074002B010BD216CBE
S2140393C0204601F19803019391F85C21D1F82C31E2
S2140393D0D34003F0010343F08003009301F111022D
S2140393E001F1C8035131FFF763F9CCE781F85C312B
S2140393F00123009301F1980301F59871FFF764FDCB
S214039400C1E702B0BDE81040EAF778BBB1F5A04F5C
S21403941073B5044615467BD045F21B06B14240F0B1
S214039420FA8090F87430DB076AD5056CB5F85031CE
S2140394302BB18921FEF7C3FF002002B070BDD5F81B
S21403944058315E074BD5AB79D80748D56B7BD90720
S21403945045D5A36C10220B2195F95E013133FCF739
S21403946070F838B140F21B412046E9F7E9FD40F2B7
S2140394701B40E2E7A36C206C01220C2190F95E01ED
S2140394802033FCF75EF80028ECD1A36C206C102286
S2140394900D2190F95E012133FCF753F80028E1D142
S2140394A00822206C114690F95E0104F11003FCF7C4
S2140394B048F80028D6D104F14C00FCF7C4FD236C11
S2140394C093F85E2184F87520FF2283F85E212046F8
S2140394D08021FEF774FF2046E9F78AFDACE705F521
S2140394E0987304F1180205F5A07553F8041BAB42F4
S2140394F042F8041BF9D1A36843F48073A360E6E73C
S2140395008021FEF75CFF29462046E9F799FD93E79D
S214039510036CD3F8582112F0040245D09A79D20787
S2140395208AD55B7BDB0787D5FCF709F80228206C16
S2140395300ED000F59872032190F95E01E5F72AFC38
S21403954000283FF479AF08212046FFF763F88EE73B
S21403955000F598731022032190F95E01FBF7F1FFE3
S21403956028B1002140F21B40E9F788FDEBE7206CA9
S214039570102200F59873052190F95E01FBF7E1FFD1
S2140395800028EED1236C04F1180103F5987203F555
S214039590A07352F8040B9A4241F8040BF9D1A3685E
S2140395A043F48073A36047E7D3F8B810C3F8D0102A
S2140395B0D3F8BC100192C3F8D410006C01A900F5CF
S2140395C09870E9F775FF48B10198F8F748FE20460A
S2140395D00821FFF71FF840F207402EE7206C019A98
S2140395E000F59871C830E9F715FE05460198002D79
S2140395F0EBD1F8F734FE236CA07C03F59873294669
S214039600C0F11002184401F0A8FC216C2046B831C2
S214039610FEF75CFE10E702B0BDE87040EAF76EBAEC
S214039620B1F5A04FF7B5044608D045F21105A94297
S21403963036D003B0BDE8F040EAF760BA006C1021FC
S214039640B830FEF7FFFE60B108212046FEF7E2FFC2
S21403965040F207400021E9F711FD40F2074003B04E
S214039660F0BD256C95F85D6105F1A807013E022E55
S21403967001979CBFD5F82C0195F85C6105F1510163
S2140396809EBFF04000F0010040F08000009005F11E
S2140396901102204605F1B803FFF70AF80020DEE7BB
S2140396A0016CA831FEF72EFE85212046FEF787FEC5
S2140396B0F4E770B545F20406B1420446134625D0D6
S2140396C045F21806B14206D0B1F5A04F33D1FEF7E6
S2140396D0C5FD002070BD11684D1C03D10121FEF7A6
S2140396E099FFF6E7026CD2F85801400743BF002102
S2140396F082F85C111B68C2F8301120464FF08401D3
S21403970048BFC2F82C31FEF75AFEE2E79979026C9D
S2140397100C310B44591D9832153351F8040B9942FA
S21403972042F8040BF9D1226CD2F8583143F0010306
S214039730C2F85831CDE7BDE87040EAF7DFB9002339
S21403974010B50364044690F97500431C13D0E5F77F
S214039750CBFE082204F11003114694F97500FBF7BB
S2140397601EFF94F91330012B07D194F8743043F09D
S214039770020384F87430002010BD022BFBD194F84A
S214039780743043F00A03F4E74B88062B05D10888A8
S21403979041288CBF0020012070470020704707B582
S2140397A08B790A460B440191197C4B1E0D2B04D86A
S2140397B001F5A0410131FEF71DFE01A801F013FEDD
S2140397C003B05DF804FB704700207047704770478E
S2140397D010B50446806920B10021E7F749FF00234E
S2140397E0A36110BD91F8393073B55B0706460C4686
S2140397F015462DD40846ECF7C3F96B1E042B16D872
S214039800032D14D0A379142B24D0A3697BB900931A
S214039810ADF804308DF80630E5F722FF6946E7F722
S2140398208BFE18B91A25284602B070BDA061636A7C
S214039830E57343F016036362E5F7B8FE3046ECF7CC
S2140398408DFA05460028EED02046FFF7C1FFEAE76B
S2140398500225E8E72125E6E70020704770B50446B1
S2140398600E461546052100220420FCF7CEFD0146D0
S21403987018B1A0F80160A0F803502046BDE8704078
S214039880FCF71BBEF7B51D460023044600930F46A0
S214039890164607210620BDF82430089AFCF7D9FDA2
S2140398A0014628B1A0F80170A0F80360A0F805509F
S2140398B0204603B0BDE8F040FCF7FFBD73B5154680
S2140398C01A460023044600930E46082005219DF8F9
S2140398D01830FCF7BEFD014618B1A0F80160A0F8E9
S2140398E00350204602B0BDE87040FCF7E6BD38B52D
S2140398F0002204460D460A200321FCF786FD014696
S21403990008B1A0F801502046BDE83840FCF7D5BDA5
S21403991070B504460E461546052100220C20FCF7BA
S21403992074FD014618B1A0F80160A0F80350204664
S214039930BDE87040FCF7C1BD73B515461A46002353
S214039940044600930E46102005219DF81830FCF7B8
S21403995080FD014618B1A0F80160A0F80350204628
S21403996002B0BDE87040FCF7A8BD73B50E460021F3
S21403997044890546033CA4B2A342009128BF23466C
S21403998003211220FCF765FD014608B1A0F801602B
S214039990284602B0BDE87040FCF78FBD2DE9F341C1
S2140399A00546984683690F465869164601F087FDB3
S2140399B06C8980B2053CA4B2844228BF0446A869D9
S2140399C02146143001F03FFF009048B105220821DC
S2140399D0002001F05CFF019030B9684601F003FDFA
S2140399E01A2002B0BDE8F081009901A801F0C9FD74
S2140399F01620019A93790C33D118D054A8F8004056
S214039A002846A1F80170A1F80360FCF756FDE8E7C5
S214039A1038B5002204460D4618200221FCF7F5FC53
S214039A20014600B145702046BDE83840FCF745BD09
S214039A3070B5857904460C35461901F040FD625D24
S214039A40431E013A9BB21C2A10D8DFE802F0110F1E
S214039A50160F180F290F2F0F400F400F400F330F0D
S214039A60250F0F0F390F250F3E0F3E00002070BD48
S214039A70042B14BF01200320F9E7022BF9E743B3B5
S214039A807278022A0AD0012A23D10222013B02322B
S214039A90B3FBF2F102FB1133002BEAE71022F5E7E2
S214039AA013F0030F14BF01200320E0E78BB1727895
S214039AB0013BEDE76BB17278032A0AD9013BE7E76E
S214039AC0042B34BF01200320D1E7022BF9E7032040
S214039AD0CDE70120CBE74369406CDA1C1438B2FBB0
S214039AE0F0F203EBC203CA1D0333B2FBF0F2B3FB7F
S214039AF0F0F30132023301EBC20100FB031070479F
S214039B0038B5446905462146FFF7E5FF6A6CE31D51
S214039B10143AB3FBF2F3013304EBC304204438BD19
S214039B2073B506460D460024F36B012201A92819D6
S214039B305B699847019B013309D10434736C62193E
S214039B405B426A401A42EFD0204602B070BD002442
S214039B50FAE770B505460C46DAF72EFAEB6B2046A5
S214039B60DB68BDE87040184770B5002586B004462C
S214039B700562E369AB4202D8206A06B070BD666C24
S214039B800522206801A9E36B06FB05005B6998477D
S214039B9001A800F010FC00F033FC10B1236A013377
S214039BA023620135E5E738B50446456C006804F1E1
S214039BB0400305FB0101E06B00F02FFC0546204641
S214039BC0FFF7D2FF284638BDF0B5054687B0002616
S214039BD0EC69013CB44203D80C46204607B0F0BDFE
S214039BE001B14C1E6F6C0522286801A9EB6B07FBBD
S214039BF004005B69984701A800F0DDFB00F000FC59
S214039C000028EAD101362146E2E7F0B5044687B0DC
S214039C10466C0D4600680522E36B01A906FB0500AA
S214039C205B69984701A800F0C6FB00F0E9FB20B18A
S214039C3001A800F097FB07B0F0BD29462046FFF7C2
S214039C40C3FF676C0646E36B206805225B6901A9C0
S214039C5007FB0600984701A800F084FB431CEAD0E4
S214039C60B54238BF0130E6E72DE9F043D0F824804B
S214039C704FF6FF7987B004460E46C84514BF4546DF
S214039C8000250027E369BB4202D807B0BDE8F0838E
S214039C90E26B01A92368606CD2F814C0052200FBAE
S214039CA00530E04701A800F086FB022806D0C84529
S214039CB00CD1721C29462046FFF775FF0135E36970
S214039CC00137B5FBF3F203FB1255DBE729462046C3
S214039CD0FFF79BFFB0F1FF3F14BF02463246013247
S214039CE0E8E70368F0B5CC1A436C87B00646002550
S214039CF0B4FBF3F4F36937685A1E706C954208D3C5
S214039D00706C336800FB043007B0BDE8F04000F029
S214039D1082BB013401A9B4FBF3F203FB1244F36BD9
S214039D2005225B6900FB0470984701A800F043FB1B
S214039D3000F066FB0028E3D10135DBE710B423F01F
S214039D4003049B07436C2244C3F100030A4418BF71
S214039D50043282EA0104234203D05DF8044BFFF782
S214039D60C0BF10465DF8044B70472DE9F041D0E9BB
S214039D700A3686B004469E4228D1C3691422456833
S214039D8002FB1355284606B0BDE8F081206801A9FA
S214039D90676C331AE26BB3FBF7F3D2F8148007FB56
S214039DA003000522C04701A800F005FB012804D0E4
S214039DB0636C1D44013B3340ED1A31462046FFF7E2
S214039DC090FF0646A36AB342E0D1DBE70025F9E736
S214039DD0F0B5002587B004462E46E369B34202D8A1
S214039DE0284607B0F0BD636C0522276801A903FB6C
S214039DF00677E36B38465B69984701A800F0DBFA01
S214039E0000F0FEFA58B1384600F005FB014620463E
S214039E10FFF786FE636C143B834208BF01350136A9
S214039E20DBE708B508301346D1E90012EDF734FD39
S214039E30012008BD13B50C46002121760093134676
S214039E4061682246ECF7B2FA18B1E37D03B1A07E4F
S214039E50A075A07D02B010BD73B500F108051646C7
S214039E600C460DF107020968284600F0A1F9032EF7
S214039E7006D16368834203D12168284600F07FF940
S214039E80012002B070BDD01E009B42424241187EA4
S214039E90824211D11A688A420ED85A688A420BD374
S214039EA05A6901325A61D3E9030282423FBF986876
S214039EB040F8221001321A6101207047032A10B5B8
S214039EC0029C07D1A26A5340626C5242134201D1EC
S214039ED000F055F9012010BD08B5C3680020984767
S214039EE0BDE80840DAF770B8012870B514BF04203F
S214039EF00220002442431C70CC7D101D02F0020297
S214039F004CB91AB1012220F003001A7000F10803BD
S214039F104868184470BD1AB1012220F003001A7075
S214039F200C7E002301F12005DAB2944201D800200A
S214039F30F0E735F833205E1C824206D901EBC303F3
S214039F4000F10802D8691044E4E7801A3346EBE7C9
S214039F5073B590F8426005461C460DF10303304680
S214039F60FFF7C2FFEB6B012E5B690DD1324601A9E9
S214039F7098479DF8033013B1BDF806300193BDF83A
S214039F800430236002B070BD0122214602B0BDE852
S214039F9070401847F0B50546002487B04868EB6B59
S214039FA027460E4601225B6902A9083002949847A9
S214039FB095F84230012B40F08480632C02D9029836
S214039FC007B0F0BD612C08D805AB224631462846BB
S214039FD0FFF7BEFF9DF814301BB305AB2246314690
S214039FE028468DF81070FFF7B3FF95F84230012B23
S214039FF0059B55D14FF6FF72934200F096800822D8
S21403A00005A904A800F05EF9059B9DF81010C3F39C
S21403A0100722914240F08980DBB2029A1A440292E8
S21403A02083E095F84230012B30D103AB224631460C
S21403A0302846FFF78DFF04AB621C31462846FFF720
S21403A04087FF05ABA21C31462846FFF781FF102287
S21403A05008230DF107000DEB02018DF8073000F021
S21403A06031F9102205A90DF1070000F02BF9039B27
S21403A070DAB2002A52D19DF80720B2EB132F4DD146
S21403A080DDE9043203EB0243029347E0302C2BD97D
S21403A09044E09DF80720B2EB134F3FD1049BF3E750
S21403A0A0013342D0102205A90DEB020000F00AF995
S21403A0B0059B9DF81010C3F30742914235D19BB21E
S21403A0C0ABE7312C3FF67BAF87D005AB2246314654
S21403A0D02846FFF73DFFBDF81430002B7FF47DAF15
S21403A0E095F84230012BA0D003AB224631462846D2
S21403A0F0FFF72EFF04AB621C31462846FFF728FF06
S21403A100102320220DF107000DEB03018DF8073015
S21403A11000F0D8F8039B9AB2002ABAD095F84230DA
S21403A120012B14BF012302231C44013440E713B55B
S21403A13000240194049C0094ECF7CCFC02B010BD00
S21403A14013B501240194049C0094ECF7C3FC02B0FD
S21403A15010BD30B5002344684FF0FF329C4202D155
S21403A1600023037230BD016801EBC30541F83320B9
S21403A17001336A60F2E7C0E90012FFF7EABFF0B501
S21403A180002345689D4210D00468DF0054F833204E
S21403A19004EBC306B2F1FF3F08D0C2F313029142A9
S21403A1A004D14FF0FF33E3517360F0BD0133E9E7A9
S21403A1B0F0B5002345689D4202D14FF0FF300EE014
S21403A1C00468DE0054F83340671C09D0C4F3130751
S21403A1D0B94205D1240D1470036833445868F0BDA2
S21403A1E00133E8E713B50023044601461B220DF1AD
S21403A1F007008DF8073000F065F822689DF80730F1
S21403A200B3EBD26F0CBF0120002002B010BD13B514
S21403A21000230446014620220DF107008DF807307F
S21403A22000F050F80DF107001A22211D00F04AF83D
S21403A23062689DF80730B3EB926F0CBF01200020D5
S21403A24002B010BD0068431C58425841704700686E
S21403A25010F07E0F0CBFC0F3C1600020704700688B
S21403A260C0F3D3107047006800F07F0001288CBF4E
S21403A270002001207047036813F07E0F14BF0420EC
S21403A28008207047036813F07E0F03D1406820F060
S21403A2907C40704713F078001CBF03F07F03D81F81
S21403A2A07047006800F07F007047032809D0022833
S21403A2B003D1C1F10201C8B2704700290CBF0720C1
S21403A2C0002070471F2A0B689EBF4FF0FF31914056
S21403A2D08B43590801F055315B1A03F033319B0861
S21403A2E003F033330B44017803EB13130A444FF0A4
S21403A2F0013103F00F334B43A2EB13620270704736
S21403A30037B501F10C040546436969460122204628
S21403A3109847BDF80030012201A901932046AB6996
S21403A320984703B030BD37B501F10C0443690122E9
S21403A3306946054620469847009B4FF6FF7299B23A
S21403A34091420DD11B0C012201A920461B0443F4A4
S21403A350254343F0A5030193AB69984703B030BD8B
S21403A3600020FBE737B5044600251B22011D0DF12F
S21403A37007008DF80750FFF7A5FF60689DF80720D4
S21403A380B2EBD06F03D120F0784003B030BD0DF1AF
S21403A39007001B2204F108018DF80750FFF792FF10
S21403A3A0A0689DF80730B3EBD06F01D1C043EAE74E
S21403A3B04FF0FF30E9E703684BF29A22B2EB134FF4
S21403A3C010B5044613D19BB2012B13D1FFF7CAFF76
S21403A3D001300CD0E0684FF6FF72B2EB104F4FEA35
S21403A3E0104309D180B2C01A18BF012010BD2368DC
S21403A3F0013303D00420F9E70220F7E70320F5E74B
S21403A40001288CBF002001207047033801288CBF29
S21403A410002001207047143070472DE9F0410546AF
S21403A4209846036908460E4617469847044638B9C1
S21403A43043463A4631462846EDF70AFB044618B12A
S21403A44031462846FFF75CFF2046BDE8F081022030
S21403A4507047002070470120704700207047002097
S21403A4607047704737B504460D4601A8EFF716FB4D
S21403A47001A8FFF7F6FF204601A98DF80650EDF771
S21403A480E1FB03B030BD08461146EDF7B9BC704793
S21403A490431E012B03D9031F58425841704701201E
S21403A4A0704700F0C1BB4FF4C472002100F055BDE5
S21403A4B010B50446002100F085F82046BDE810409C
S21403A4C0EFF72ABAEEF7C8BDEEF7CCBDF8B50546EA
S21403A4D00E46EDF75DFCD5F8C03073B15B6963B12A
S21403A4E0F1F7B0F9D5F8C03040F26B125B69422140
S21403A4F01B1A58425841EDF72BFE00224FF6FF7306
S21403A5004FF0240CF768D0B2B84208D31C46214655
S21403A5102846EDF7C5FD00F08AFB2046F8BDB16876
S21403A5200CFB0011CC899C4202D2002CEFD02346B0
S21403A5300132E8E7EDF7B4BD008B70470A7838B50B
S21403A54005461046FFF7A4FF60B14C782046FFF798
S21403A5509FFF38B12243530704D42846BDE838404A
S21403A560EEF7A0BD012038BDFFF7E8BF10B50446DF
S21403A5700878FFF78DFF58B14A781046FFF788FF33
S21403A58030B1042A04D02046BDE81040EEF7C0BD23
S21403A590012010BDFFF7EABFEEF7CCBA0846EFF787
S21403A5A01DBFEEF747BC70B504460D461646EDF7DD
S21403A5B077FD30B9324629462046BDE87040F2F7AB
S21403A5C09DBF70BDEFF710BCF2F7AABA38B50446C4
S21403A5D000200D4600F029FBD4F8D4302BB92946C9
S21403A5E02046BDE83840EEF75FBE022038BD38B5DA
S21403A5F0044648880D4600F018FBD4F8D4302BB92F
S21403A60029462046BDE83840EEF7B8BD022038BDDF
S21403A61000F00CBB00F07FB900F012BB38B505465E
S21403A6200C46F6F713FC2B6B1C40EB6A2343EB62DA
S21403A630F6F710FC211E18BF01210020490238BD81
S21403A640EFF714B9EEF77EBB00F0B3B900F0D5B957
S21403A65008461146F0F79AB9EEF75ABF00F06FB9FD
S21403A66038B50446154609B100F0E7F925B120468A
S21403A670BDE83840EFF744B838BD00F0ECB900F059
S21403A680F6B90846F0F7CABC10B5044600F08BF8D6
S21403A69020B92046BDE81040EDF736BE10BD00F0E9
S21403A6A0D3BAF0F773BF2DE9FF41984604460E462A
S21403A6B01746F6F7D2FB05462046FFF7E5FF0A9B4B
S21403A6C03A46029300233146CDE900832046EDF750
S21403A6D069FE04462846F6F7C6FB204604B0BDE8E6
S21403A6E0F08138B50446F6F7B8FB05462046FFF773
S21403A6F0CBFF2046EDF734FE04462846F6F7B3FBB9
S21403A700B4FA84F0400938BD38B50446F6F7A5FB1D
S21403A71005462046FFF7B8FF204600F053F80446E8
S21403A7202846F6F7A0FB204638BD38B50446F6F7AC
S21403A73094FB05462046FFF7A7FF204600F048F89F
S21403A74004462846F6F78FFB204638BD70B5044608
S21403A7500E46F6F782FB05462046FFF795FF314681
S21403A7602046EDF76DFE04462846F6F77CFB2046AA
S21403A77070BD134607B500228DF807100DF10700CC
S21403A780194600F01EFA03B05DF804FB08461146AE
S21403A7901A4600F016BA0020704701207047EFF7FC
S21403A7A059BD00F0B7B9EDF7E9BC10B5F6F755FBA0
S21403A7B0044600F015F8EDF707FD2046BDE8104007
S21403A7C0F6F751BB024608B5EDF7D8FC507D08BD39
S21403A7D0024608B5EDF7D2FC507D80F0010008BDB7
S21403A7E000F032BAEEF7C0BB00F06BB8437C03B19F
S21403A7F008470220704710B50446EFF793FC20463F
S21403A800BDE810400321EEF7EFB9FFF7F4BF437C32
S21403A8100BB1EFF74DBC02207047437C0BB1EFF74B
S21403A8206BBC0220704738B5447C0D46BCB1053C72
S21403A830012C8CBF0024012449682246EFF7ACFCA8
S21403A840286890FAA0F0000AF1F71CFAA97A28897A
S21403A850224681F00101EFF7CFFC002038BD02202D
S21403A860FCE71FB5ADF808309DF81830CDE90012A7
S21403A87069468DF80A30FFF7D6FF05B05DF804FB8E
S21403A880002070470020704702210120EDF7F4BE38
S21403A8907047436B03F06003402B0DD0602B03D04F
S21403A8A0203B58425841704749B10B68012B06D9E3
S21403A8B0486940F00100704740F2011070470020DD
S21403A8C070470220F0F7DCBDD0F8C8304BB11A68E9
S21403A8D0022A06D993F8250028B11B6AB3FBF0F0C9
S21403A8E07047FFF7EFBD7047D0F8C8207AB11368FA
S21403A8F0022B0CD9536A13F47F4FC3F3072106D0F8
S21403A900126ADBB253438B42B3FBF1F201D2FFF779
S21403A910DBBD104670470346D0F804010860B3F861
S21403A920083100208B80704790F804310E2B14BF3B
S21403A930807DFF2070474FF48071F3F773BDF8B541
S21403A94007460E468D88EEF793FB7F7C0446082F5A
S21403A950737C4FEAC5051ED1012B014604D801209E
S21403A960F2F730FA033502E00020F2F72BFA03235E
S21403A9700544B371DCB1B5F5803F18D84FF22442D5
S21403A980630902FB05332409B3FBF4F300203268A2
S21403A990D21A3260F8BD053FFFB2012F01468CBFC5
S21403A9A000200120F2F70EFA012FE0D8DAE70220A2
S21403A9B0F0E7084610B510F0030411461BD13F2BF1
S21403A9C015D9B3FA83F3C3F11902D2B2062A01D812
S21403A9D0192B0ED0062A28BF06220124931DDBB2AC
S21403A9E09C40A4B2A14228BF2146EFF75BFD204658
S21403A9F010BD2246F1E70024F9E7084611F00301EB
S21403AA0010B518D113883F2B15D9B3FA83F3C3F1C6
S21403AA101904E4B2062C01D8192B03D0062C2146C0
S21403AA2028BF062101238C1DE4B2A3401380EFF751
S21403AA3057FD002010BD0120FCE7EDF7D1BF10B590
S21403AA40144608460121F0F7C3FF2046BDE8104030
S21403AA500121F0F7BDBF10B50A011021F3F7CEFCB4
S21403AA600446F3F7E9FC201E18BF012010BD102191
S21403AA70F3F7D8BCF8B504460E461746F6F7E6F9DC
S21403AA803A4605463146204600F07CF904462846F9
S21403AA90F6F7E0F92046F8BD02207047032070471A
S21403AAA0F0F7E6BC10B5EFF77FF8044608B9F2F7FF
S21403AAB017FD204610BD38B504461D46EFF774F85B
S21403AAC028B929462046BDE83840F2F7DDBD38BD33
S21403AAD08021F3F7A7BC38B50546EEF79FF8044682
S21403AAE02846EEF779F8072811D1D5F8C43024F4B0
S21403AAF07F41DB6921F0080103B15B7841EA03215A
S21403AB0041F020012846BDE83840EEF78DB824F022
S21403AB102001F7E7EFF79EBB38B5054610460C460F
S21403AB20EFF70CFC65B1D5F8C4304BB15B693BB1AC
S21403AB302268013204BF6FF00102226022681A60A5
S21403AB40002038BD002070472DE9F74F01251C462D
S21403AB509DF83030064601930368174603F0070353
S21403AB6006339D4005F1FF380B46A1B1416804EA60
S21403AB70080BA5EB0B0A41F00059524509EB0B01F4
S21403AB8014D95246184600F0F3F949467A1B5A443C
S21403AB90504400F0EDF9019B2BB13C4448EA05080C
S21403ABA004EA0804F46003B0BDE8F08F1846F0E743
S21403ABB037B5002514460095FFF7C6FF204603B0B9
S21403ABC030BD70B50E461546044608B9002070BD64
S21403ABD00378042B18D02078EFF7DEFFB0B923787C
S21403ABE00E2BF3D10EB1FF233370CDB1FF232B70A1
S21403ABF016E020780130C0B203282070EBD8EFF7B8
S21403AC00CBFF0028F5D0E6E70020F5E71EB1207855
S21403AC10EFF7F6FF30701DB1207800F009F82870C2
S21403AC200120D4E7EFF7BCB870477047704770470A
S21403AC3010F0FD0F14BF4FF0FF300020C0B2704776
S21403AC40704700200021704708B5F0F72FFCBDE8D9
S21403AC500840F0F769BC08B5F0F740FCBDE80840CB
S21403AC60F0F762BC10B50446F0F720FC844288BFB8
S21403AC7001F1FF312046BDE8104001F00301F0F773
S21403AC8053BC38B50446FFF7DFFF0546FFF7DCFF86
S21403AC90431BA342FAD338BD08B521B1920000F096
S21403ACA067F9002008BD0120FCE70B0CB3F5384F0D
S21403ACB0F7B506460D468FB216D04BF60102934201
S21403ACC014D04BF60202934212D0B3F5304F14BFA2
S21403ACD004240324D6F8C4300BB1196851B9D6F846
S21403ACE0C0309BB928680FE00024F3E70124F1E79E
S21403ACF00224EFE7234668463A46F0F76DFC9DF8D4
S21403AD0004300098002BEAD103B0F0BD196800297F
S21403AD10E8D0234668463A46F0F75EFC9DF80430D2
S21403AD200098002BDED1EFE700F03003202B10B5A0
S21403AD3013D110F4E02FC0F302440AD0C0F3C423A7
S21403AD40B3FBF4F410F4C01F18BF6400052C0ED830
S21403AD506408F0F709FF604310BD6FF01204C0F3F8
S21403AD6082131C4104F00104C4F10204F1E7042435
S21403AD70EFE74FF0384359699A6903F500530A40E1
S21403AD805A617047F7B505460F4668461146F0F711
S21403AD90E1FF064698B197B1DDE900311B0A43EAA5
S21403ADA00163A5FB0343090A05FB0135F0F74AFDDA
S21403ADB00023024629462046F3F786FB38603046D2
S21403ADC003B0F0BD03207047704730B14FF47A7379
S21403ADD05843A0F57A60F1F7E9BE49F64040FAE732
S21403ADE0F2F78EBEF2F78CBEF2F78ABEF2F788BE93
S21403ADF0F2F786BE00228A4202D14FF0FF30704738
S21403AE0050F8223093FAA3F30BB90132F3E7B3FAFF
S21403AE1083F000EB421070470020704770B5A1FB2B
S21403AE2002543CB92946F3F72BFD064628B90026FB
S21403AE30304670BD0C220260F9E72A46214600F030
S21403AE408CF8F5E72DE9F8430746884614460026AE
S21403AE50D4E90195B9F1010905D52468002CF7D189
S21403AE603046BDE8F883AB89012B07D9B5F90E3018
S21403AE70013303D029463846C04706436835E9E719
S21403AE8010B50C46B1F90E10F3F7F8FE0028ABBF69
S21403AE90636DA3891B1823F48053ACBF6365A3813A
S21403AEA010BD2DE9F0411F468B8905460C46DB0590
S21403AEB0164605D502230022B1F90E10F3F7CCFE91
S21403AEC0A3893246B4F90E10284623F48053A3818F
S21403AED03B46BDE8F041F3F7F3BE10B50C46B1F9B7
S21403AEE00E10F3F7B9FE431CA38915BF606523F460
S21403AEF0805343F48053A38118BFA38110BDB1F9D7
S21403AF000E10F3F799BE0139024410B5904201D1F1
S21403AF10002005E0037811F8014FA34201D0181B67
S21403AF2010BD0130F2E7884210B501EB020402D9E6
S21403AF308442234607D8431EA14208D011F8012BAA
S21403AF4003F8012FF8E7024401468A4200D110BDF8
S21403AF5013F8014D02F8014DF7E702440346934206
S21403AF6000D1704703F8011BF9E770477047704735
S21403AF700A44431E914200D1704710B511F8014BA5
S21403AF80914203F8014FF9D110BDB1F90C202DE918
S21403AF90F041170705460C4656D44B68002B02DCD7
S21403AFA00B6C002B3DDDE66A002E3AD0002312F42C
S21403AFB080522F68216A2B6025D0626DA3895807BB
S21403AFC005D56368D21A636B0BB1236CD21A216A58
S21403AFD00023E66A2846B047411C24D0002363605A
S21403AFE023692360A389DA0400D56065616B2F604B
S21403AFF0B9B104F14403994202D02846F3F796FE0A
S21403B000002363630DE001232846B047461C02462F
S21403B010D4D12B68002BD1D01D2B01D0162B2AD1CF
S21403B0202F6000202EE02A68B4F90C3042B11D2AA6
S21403B03001D0162A21D10023636023692360D5E754
S21403B040626022692260CEE70F69002FE9D093077A
S21403B0500E680F600CBF4B690023A6EB07088B60D6
S21403B060B8F1000FDDDD43463A46216A2846A66A54
S21403B070B047002808DCB4F90C3043F040034FF027
S21403B080FF30A381BDE8F0810744A8EB0008E7E79B
S21403B09038B50B6905460C4613B90025284638BD56
S21403B0A018B1036A0BB9F3F7FBFCB4F90C30002BA9
S21403B0B0F3D0626ED00704D4990502D4A06DFFF7CF
S21403B0C055FF28462146FFF760FF636E0546DA07FD
S21403B0D0E4D4A3899B05E1D4A06DFFF748FFDDE721
S21403B0E070B50C46B1F90E1096B0154600291E46EB
S21403B0F00CDAA389002113F0800F14BF40234FF40A
S21403B1008063002031602B6016B070BD6A46F3F78B
S21403B11057FE0028EDDB019901F47041A1F50053B9
S21403B120594259414FF48063EBE7430803F0553324
S21403B130C01A00F03333800800F0333018444FF061
S21403B140013300EB101000F00F305843000E704729
S21403B15010B5044678B1036A41696BB180689847B5
S21403B1600023207E63611028636004D82146F4F729
S21403B17035F91123237610BD0029F1D08368002BFF
S21403B180EEDB0846F4F71AFBEAE7002307B51A4690
S21403B190019101A9F3F768FF03B05DF804FB1FB53F
S21403B1A0002402949DF81C400194069C0094F3F737
S21403B1B0E1FE04B010BD13B507240194049C00946B
S21403B1C0FFF7EDFF02B010BD002307B50093FFF7AE
S21403B1D0F2FF03B05DF804FB03680B600160704781
S21403B1E02DE9F0410E46174600240546006808B9C7
S21403B1F0BDE8F081D0E90083B3420BD18368BB423C
S21403B20008D154B9C5F80080C368DB0701D5F4F745
S21403B210D5FA204604464046E9E7C4F80080F3E73B
S21403B220D1E90112FFF7DCBF002370B51A461946B1
S21403B23005460468F3F718FF0CB92C6070BDE36885
S21403B2402668DB0702D52046F4F7B8FA3446F3E758
S21403B2502DE9F8430E461746054610B90020BDE80B
S21403B260F8830468002CF9D0D4E900893B463246BB
S21403B2702946A068C8470028F1D14446F2E72420AF
S21403B280704738B5054614460A460021FFF765FEA3
S21403B29024F01C046B7944F0100443F004032C716F
S21403B2A06B7138BD2DE9F74F1F469DF830308A463F
S21403B2B080460093002850D0002967D00C68002CE5
S21403B2C066D04FF0000BE679A179761AF6B2BE4245
S21403B2D008D30C31394408EB020945462144F61BD2
S21403B2E0C84537E02068A346BF1B002835D0044670
S21403B2F0E9E7AB19994538BFA9EB05063246284658
S21403B300FFF736FE009B002B3DD0E279A079F3B21F
S21403B31037BB1844A071E279A37927689A4232D1E1
S21403B320DAF80030A34208BFCAF80070BBF1000F7A
S21403B33001D0CBF800702046F4F7B2F83C4635440B
S21403B3404CB10027A379E67903F10C01F61A2144E0
S21403B350F6B24D45CDD3A5EB080003B0BDE8F08F9C
S21403B360121AD2B2F918914209DA0C302044D21BD1
S21403B370D21A014438440193FFF7D5FD019BE279C5
S21403B380D31AE371C7E7A3462468D8E70846E4E779
S21403B3902046E2E710B5C4790246C4F14503D8B2A5
S21403B3A0884228BF08460444D47110BD38B5054604
S21403B3B0C079C0F14504E4B2944288BFD4B20C30DD
S21403B3C022462844FFF7D4FDEB7920462344EB714D
S21403B3D038BD1FB503910021009103A9FFF762FF53
S21403B3E005B05DF804FB38B50446206800B938BDDF
S21403B3F00568F4F755F82560F7E7034610B501F03E
S21403B400EC0103B910BD1A7902F013020A431A714C
S21403B4101A1A544254415A7964F300025A711B684B
S21403B420EFE710B558B1016802685AB1136823B143
S21403B4305C79E40704D5002414600360084610BD55
S21403B4400360F1E71346F8E7034658B10020DA79BC
S21403B45099791B68521A50FA82F01BB15A79D207AF
S21403B460F5D57047704770B50D460446E8B1867942
S21403B4708E4203D3751A8571012070BDC27906F119
S21403B48045039B1ADBB299420FD806F10C0101441F
S21403B490921BA81BD2B20844FFF745FD0023A371F5
S21403B4A0E3791D44AD1BE571E6E70020E5E70346B7
S21403B4B0006818B102681A600023036070470346E9
S21403B4C0002003B97047DA7999791B68521A50FA43
S21403B4D082F0F6E72DE9F84F894614468246FFF7D1
S21403B4E0EEFF05464846FFF7EAFFA542074601D3A7
S21403B4F0A04208D2BD4208D10024A346A046264651
S21403B50047B9384604E02746F6E738D24FF0FF300F
S21403B510BDE8F88F5EB99AF806809AF80760A6EB3E
S21403B520080608F10C08D044DAF800A0F6B2BBF11E
S21403B530000F0BD199F8064099F807B0ABEB040B54
S21403B5400C344C44D9F800905FFA8BFB5E453546C5
S21403B55028BF5D46BD4228BF3D4621462A46404693
S21403B560FFF7D1FC0028D3D1A8442C447F1BEDB2AF
S21403B570761BABEB0505F6B25FFA85FBC0E7012049
S21403B580C6E703680BB9016070471A461B68002BB1
S21403B590FBD111607047036803B10B60016070470D
S21403B5A039B10B461A461B68002BFBD103681360A0
S21403B5B00160704770B5046806460D4644B12046E0
S21403B5C0FFF77DFFA84211D8236813B9E379A37167
S21403B5D070BD20463360F3F763FF3468F4E7ED1A73
S21403B5E0236820463360F3F75BFF3468002DEFD003
S21403B5F0A279E3799B1ADBB2AB42F0D92A44A27153
S21403B600E6E7F8B5066805460C4646B13046FFF74A
S21403B61056FFA0421DD8336813B9F379B371F8BD4A
S21403B62030462B60F3F73CFF2E68F4E706463846B1
S21403B6300768002FFAD1C2798379D31ADBB2A34203
S21403B64002D9121BC271EAE7E41AF3F729FF3EB1E7
S21403B6503760002CE3D028680028E0D00026E7E710
S21403B6602E60F6E7F8B504460F46BC4200D1F8BD97
S21403B670A179E5796D1AEDB2C5F14506B6B20EB9F4
S21403B6802468F2E749B10C312A46214404F10C0040
S21403B690FFF749FC0023E571A3712368BB42EFD093
S21403B6A05A79D207ECD49979DD79A0796D1AEDB27F
S21403B6B0B54228BF3546E2790C3010440C312A4691
S21403B6C019442044FFF754FCE379206853FA85F3C2
S21403B6D0E3718379761B53FA85F5C379EDB2AB42F2
S21403B6E0B6B2857103D103682360F3F7D9FE002E43
S21403B6F0D3D1C5E748B10023027943600360836072
S21403B7004379027143F004034371704700221146E4
S21403B710F3F722BF38B504460D46FFF7A4FE98B9E3
S21403B72084B12079FFF7F2FF58B163794279C3F306
S21403B730400363F3410245235D1B04604271C371FA
S21403B740857138BD0120EDE72046FAE738B5036872
S21403B75004460D469BB11879FFF7D8FF88B12368D6
S21403B760427903605B79C3F3400363F341024523E5
S21403B7705D1B4271C37185712060002038BD0120B6
S21403B780EAE71920FAE738B50C46054640B30068E1
S21403B79030B309B9002038BD4AB9C9B2FFF763FE12
S21403B7A00028F7D12B689A799871A41A06E04529E0
S21403B7B018D8C9B2FFF757FE0028EBD1442C07D898
S21403B7C0002CE7D02846E1B2BDE83840FFF7BEBFFD
S21403B7D045212846FFF7BAFF0028DCD1453CEDE7B4
S21403B7E02220D8E72120D6E72DE9F84390F80780F2
S21403B7F090F806900446A8EB0907FFB2B9420D4637
S21403B80002D30020BDE8F8830079FFF77FFF0646E2
S21403B8100028F6D0A17980790C317F1B29440C309F
S21403B820BAB221443044FFF7A3FBF37901203B442B
S21403B830F371E37999444D442368A5EB0805E57154
S21403B84033602660DEE7F8B5076806460D463C46D5
S21403B850002305B12CB90BB100221A6034603846B8
S21403B860F8BDE379A2799B1ADBB2AB4207D8E3793A
S21403B870A2799B1ADBB2ED1A23462468E9E7204631
S21403B880E9B2FFF7B1FF0028F1D10746E7E75318FF
S21403B890452B02DCC9B2F3F75FBE00207047F7B54D
S21403B8A0002605460F4601960DB9019C09E00022C5
S21403B8B038461146F3F750FE044628B901A8FFF7A9
S21403B8C092FD204603B0F0BDAB798371EA79C2716D
S21403B8D068796179D21A60F30001617169796079D8
S21403B8E0C1F3400161F34100607103F10C002918B4
S21403B8F0D2B22044FFF73CFB019B03B9019406B187
S21403B900346026462D68CFE72DE9F8430D461446E6
S21403B910064610B319B3DAB1034699461B68002BE3
S21403B920FBD12746C8463A4629464046FFF73EFD22
S21403B930C145A7EB0007054418BFC9F8008037B117
S21403B9400022B1793079F3F707FEC14618B9E41B34
S21403B9502046BDE8F8838046E5E70446F8E70C464C
S21403B960F6E737B51546C9B200221C46F3F7F4FDD1
S21403B970019040B122462946FFF7C6FF844202D90A
S21403B98001A8FFF730FD019803B030BD034610B59C
S21403B99001391A1A914200D810BD445C1A7803F88C
S21403B9A0014B42540139F4E700230144884200D195
S21403B9B0704700F8013BF9E738B505460C4604B96D
S21403B9C038BD013C55F834305B68002BF7D09847F8
S21403B9D0F5E72DE9F0410446002654F836302BB936
S21403B9E004F10408B34203D100250FE00136F4E75F
S21403B9F054F833205F1C12685AB158F83300904746
S21403BA00054630B139462046FFF7D6FF2846BDE83F
S21403BA10F0813B46E6E770477047704770477047CC
S21403BA20F3F7AEBE704710B5DEF7D0FD837900217D
S21403BA300C33C418E078F4F78FF8616800F0BFFBA6
S21403BA400446DEF7C9FD2246BDE8104000234FF644
S21403BA501941F7F7BFBF10B5DEF7B8FD83790021AC
S21403BA600C33C418E078F4F777F8616800F0B5FB98
S21403BA700446DEF7B1FD2246BDE8104000234FF62C
S21403BA801A41F7F7A7BF70B5DEF7A0FD0021867948
S21403BA900446FE20F4F760F80546E0F7CDF850B10B
S21403BAA00C24DEF799FD2246BDE87040002342F2DF
S21403BAB00501F7F78FBFE0F705F90028F0D1344406
S21403BAC00F342DB12146284600F097FB0028E7D017
S21403BAD02046DEF7C1FE0024E3E72DE9F041DEF75A
S21403BAE075FD837900250C33C418E678DEF76EFD02
S21403BAF00768DEF76BFDA6F1FE0359425941056060
S21403BB003046F4F729F83B462946227900F0B1FA85
S21403BB100446DEF761FD2B462246BDE8F04142F2BD
S21403BB203701F7F757BF2DE9F041DEF74FFD83796D
S21403BB3000250C33C418E678DEF748FD0768DEF701
S21403BB4045FDA6F1FE035942594105603046F4F718
S21403BB5003F83B462279012100F08BFA0446DEF710
S21403BB603BFD2B462246BDE8F04142F23801F7F78B
S21403BB7031BF2DE9F047DEF729FD83790C33C4186E
S21403BB80277994F8038027B9B8F1010F27D0F4F783
S21403BB9045FA00260534BE420ADB0025DEF71CFD07
S21403BBA02A46BDE8F047002342F23901F7F712BFF1
S21403BBB02078B4F80150A0F1FE035942594194F895
S21403BBC003900434F3F7C8FF58B12A464B46414660
S21403BBD0F4F720F905460028E0D10136DBE7122505
S21403BBE0DCE74225DAE710B5DEF7F0FC83790021BF
S21403BBF00C33C418E078F3F7AFFF80B1211D00F0D3
S21403BC00FCFA00280CBF0C240024DEF7E5FC2246D1
S21403BC10BDE81040002342F23501F7F7DBBE4224AD
S21403BC20F3E7FE282DE9F8430646894690461F4665
S21403BC3016D00220FFF76AFD044690B106221221B1
S21403BC40F7F7DBFE1223A57920460C352544AB70A7
S21403BC5085F803902E71A5F80580EF71DEF77CFC5E
S21403BC600120BDE8F88338B50446F9F764FB0546BA
S21403BC7058B9C820E2F7FEFAC82202212846E2F79E
S21403BC80B9FA8442A8BF044624B22046E2F7F2FA81
S21403BC90F9F751FBBDE83840C8220221E2F7AABAF9
S21403BCA0B0F90020B1F900302DE9F0479A42044676
S21403BCB00D4648DCF5F7D1F88046DDF7DBFC0028B7
S21403BCC03ED1E2F78DFA8246F9F735FBC822022108
S21403BCD0E2F790FA47F6FF73B5F9002081469A42D9
S21403BCE002D1E2F7A1FA288047F6FF73B4F90020E1
S21403BCF09A4202D1E2F792FA2080B5F90000FFF7E4
S21403BD00B2FFB4F9003007468342C8BF2080B4F9B7
S21403BD100000E2F78FFAF7F777F8064658B1504671
S21403BD20E2F788FA4846E2F7A5FA4046F5F79BF8A5
S21403BD303046BDE8F087E2F753FA20802F80F4E719
S21403BD4041F20C06F1E72126F2E750E8003F0B43E9
S21403BD5040E80032002AF8D17047C94350E8003F54
S21403BD600B4040E80032002AF8D17047431E032BED
S21403BD7006D8DFE803F00204020403207047042019
S21403BD80704738B50446F5F768F8D4E91012054647
S21403BD902046F3F775FEE18C228DE060521A40F2DE
S21403BDA0712101FB020303F59C53083328462361E4
S21403BDB0BDE83840F5F757B808B52030FFF7C5FF9C
S21403BDC0BDE808404FF08050E2F790BE38B50D4608
S21403BDD004460830DEF75EFB294600252046E0F7DA
S21403BDE081FCE06EE56110B1DDF7A0FCE56604F1C9
S21403BDF05000BDE83840FFF7F6BA38B5044619B325
S21403BE0090F838208AB190F839300133DBB29A4281
S21403BE1080F8393009D10121FFF7D8FF4FF0807140
S21403BE202046BDE83840FFF7C7BF236ADA030BD5C1
S21403BE30E36B62689B1A002B06DA01212046FFF7A4
S21403BE40C5FF4FF08061EBE7236A1B0426D4F9F79E
S21403BE50DBF91123B0FBF3F303EB0313C01A94F9D6
S21403BE60613085B213FA80F0102888BFC5F110053B
S21403BE706DB2083B2B4484F8613020460121E0F77D
S21403BE8031FC40F27121E28C63682A4401FB0233E1
S21403BE9020466360BDE83840E0F7D4BB0025ECE7F6
S21403BEA02DE9F84F1D46C3690F4604461646DDF8CE
S21403BEB030809DF838909DF840B09DF848109DF866
S21403BEC050A0002B40F0D180EB0600F1BE8005F0B9
S21403BED00303032B08BF05F0FD0505F0F705BDF8C2
S21403BEE03C30A806A3869DF8540048BF05F0FC0521
S21403BEF0FFF73CFF47F6FF731BF0020F84F836008C
S21403BF00A4F8783040F0A4801BF0040F00F0A28061
S21403BF1000F0FD00012814BF0323042394F87F20B8
S21403BF209DF8580063F3030284F87F20FFF71EFF93
S21403BF3047F6FF738A0784F83700A4F8883000F1C1
S21403BF408B804B0740F18A8000F0FD00012814BF68
S21403BF500321042194F88F30606E61F3030384F8A1
S21403BF608F30F6F744FF00222046216CF3F788FD56
S21403BF7040F271237343984279D849F6FF7104F16E
S21403BF802000FFF7EAFEFF2384F85430BAF1000FCF
S21403BF9003D0236A43F480532362290705D5062674
S21403BFA03746236A43F484132362236A6A0723F417
S21403BFB0C04323620CD419F0010F1CBF43F4005393
S21403BFC02362236A19F0020F1CBF43F480432362E3
S21403BFD0236AA5852B43236204F12E03B8F1000FD1
S21403BFE03ED0D8F80020C4F82E20B8F804209A8053
S21403BFF09DF82C30012B03D14FF48061FFF7A5FE8B
S21403C000236A9DF8282023F4407343EA022323621D
S21403C010F9F7FAF894F860309DF84C2084F85F003E
S21403C02023F00F03C0F30320034362F3071384F8DC
S21403C03060309DF834302046E784268584F82A301D
S21403C040FFF79FFE0020BDE8F88F01218B4646E7E9
S21403C050022363E7012361E702217BE7012179E7F6
S21403C060C4F82E80A3F80480CAE70C20EBE745202B
S21403C070E9E72DE9F743894617460446019330B9A5
S21403C08001A8FFF7B0F9422003B0BDE8F083012909
S21403C09020D0022910D089B9C369C3B900F140057D
S21403C0A04FF40036236AD9061ED55A0726D501A8AB
S21403C0B0FFF799F90020E7E7406E20B901A8FFF7DC
S21403C0C092F90C20E0E71946F6F792FEDCE700F15A
S21403C0D04805E5E7C36923B900F144054FF4802614
S21403C0E0E0E700F14C05F9E79B0707D5B9F1000F28
S21403C0F004D101A8FFF777F91220C5E704F1200859
S21403C10040463146FFF729FEF80702D52846FFF7D3
S21403C1106AF9019921B12846FFF733FA0023019300
S21403C1202868FFF7CCF9236AD90605D51F2801DC52
S21403C130032F16D02846DDE740F27262904204DDF4
S21403C1402846FFF750F907209EE7B9F1000F08D1FC
S21403C150BF2806DD9A0704D02846FFF744F9452092
S21403C16092E72046D4E91212F3F78AFCE3696BB12F
S21403C17040F27122E38C5343984207D9238D8342BE
S21403C180EAD300F51C70B0FBF2F0E084F4F765FE2A
S21403C190E36905467BB1BB070DD531464046FFF73D
S21403C1A0D4FD6368C3F57A76F9F76AF8F04202D5E8
S21403C1B02046E0F7B3FB2846F4F755FE7AE708B5C2
S21403C1C048B1CB0701D4002008BD4FF4001120303E
S21403C1D0FFF7BBFDF7E74220F6E708B548B1CB0704
S21403C1E001D4002008BD4FF400112030FFF7B5FD41
S21403C1F0F7E74220F6E7F3F729BF38B5C3690446E5
S21403C2000D463BB1036A13F0010011D194F82430B4
S21403C210FE2B0CD004F120004FF48001FFF795FDB0
S21403C22001202B68C4F85530AB88A4F8593038BDC4
S21403C2300020FCE7036A10B5044613F4602030D0F0
S21403C2409A0307D504F14000FFF7CDF8A36C2364E7
S21403C2500023A364236A5B0307D504F14400FFF7B6
S21403C260C2F8E36C63640023E3644FF4602104F1D3
S21403C2702000FFF772FD2046FFF783FD012094F8A8
S21403C280602094F85F3002F00F0143EA0123013384
S21403C29084F85F3022F00F02C3F303231A4384F8B3
S21403C2A0602010BD10B504465030FFF76AF92046EB
S21403C2B0BDE810404FF00071FFF77EBD10B5418911
S21403C2C004468389C2890846F8F795F8E0B1E2790F
S21403C2D0531E072B19D86389934216D922899A428B
S21403C2E013D8237C43B9637C33B9A37C23B9E07C9E
S21403C2F010B9237D0F2B07D9607D1B3000F01F007C
S21403C3000B288CBF0020012010BD0020FCE708B5D9
S21403C310E1F7FEFDBDE808400020E1F767BE37B54C
S21403C3200246136A084603F4007403F40015DB059B
S21403C33005D47CB9DEF76AFA204603B030BD4CB9A3
S21403C340B5FA85F4D2F8551064090160B2F859209D
S21403C3508280F1E7019092F95430B5FA85F40093A0
S21403C36000231A4619461846F7F70FFB6409E3E756
S21403C37000000000000000000000000000000000B5
S21403C380F8B500BFF8BC08BC9E467047F8B500BFBA
S21403C390F8BC08BC9E4670475FF800F0390D0020D5
S21403C3A05FF800F0990E00205FF800F0F10D002012
S21403C3B00000000000000000000000000000000075
S21403C3C00000000000000000000000000000000065
S21403C3D00000000000000000000000000000000055
S21403C3E0A9230100ED230100E1070300000000007C
S21403C3F00000000000000000000000000000000035
S21403C4007165705F6D736D0040C50300FF07030021
S21403C4100308030000000000CCC50300FF07030069
S21403C420650803000000000054C50300FF0703006F
S21403C4301F0803000000000040C503001525010087
S21403C4400308030000000000B8C50300152501001B
S21403C450F7070300ED2401000000000040C50300B9
S21403C460152501000308030000000000B8C50300FB
S21403C47015250100F7070300ED2401000000000066
S21403C480E0C5030015250100350803000000000081
S21403C49090C50300052C0100252C0100852B010007
S21403C4A00000000068C50300592B010000000000CF
S21403C4B0E0C50300152C010035080300000000004A
S21403C4C07CC5030039250100B12B010000000000E4
S21403C4D0A4C50300352C01000000000040C503007E
S21403C4E00D080300030803000000000054C5030002
S21403C4F00D0803001F08030000000000B8C5030072
S21403C50029250100F7070300ED24010000000000C1
S21403C51040C503000308030000000000CCC5030069
S21403C5206508030000000000F4C50300E1240100D1
S21403C5300000000008C603000000000000120020F0
S21403C54000000000AD29010003080300FF070300F5
S21403C55000000000F4C50300A12501001F08030026
S21403C56015250100000000007CC50300F924010026
S21403C570592B0100052C010000000000B8C503007C
S21403C58049250100B12B0100252C01000000000005
S21403C590B8C5030081280100852B0100152C010076
S21403C5A000000000B8C50300252A0100352C010051
S21403C5B03925010000000000F4C50300FB07030053
S21403C5C0F707030000000000ED240100F4C5030094
S21403C5D005290100650803000D080300000000009C
S21403C5E0F4C503005526010035080300292501007C
S21403C5F00000000000000000ED2A0100000000001B
S21403C60000000000E124010000000000B92A010038
S21403C610000000000000000000000000050000000D
S21403C62000E00000292B01186D3851443A914392DB
S21403C630BD4074278956F55FA24E96114FECCEBDCA
S21403C640C8402D30AC4333BB342E342E36000000A6
S21403C65070C60300230023002CC903000E000E003F
S21403C660ECC80300040004000200FFFFFFFF000005
S21403C670010000000108FFFF00000000A0C803003F
S21403C680020002000108FFFF0500000020000A0068
S21403C69003000A000008FFFF01000000740C0020DE
S21403C6A004000D000308FFFF030000000200000063
S21403C6B0050002000108FFFF0500000002000B0052
S21403C6C006000B000108FFFF010000007E0C00209F
S21403C6D0070002000108FFFF050000000A000C0027
S21403C6E008000C000308FFFF01000000940C002064
S21403C6F0090000000188FFFF00000000A4C8030033
S21403C7000A0002000108FFFF050000001200008077
S21403C7100B0000805158FFFF010000009C0C002016
S21403C7200C000D00030DFFFF0300000001010000D5
S21403C7300D0002000108FFFF05000000080001804D
S21403C7400E000180020DFFFF01000000A60C002072
S21403C7500F0000000108FFFF00000000B6C803003A
S21403C760100002000108FFFF05000000020003009E
S21403C770110003000108FFFF00000000BAC8030011
S21403C780120002000108FFFF05000000020004007B
S21403C790130004000108FFFF01000000B00C002096
S21403C7A0140002000108FFFF050000000200050058
S21403C7B0150005000108FFFF01000000BE0C002065
S21403C7C0160002000108FFFF050000000200060035
S21403C7D0170006000108FFFF01000000C80C002038
S21403C7E0180002000108FFFF050000000200070012
S21403C7F0190007000108FFFF01000000D40C002009
S21403C8001A0002000108FFFF050000000200028074
S21403C8101B0002800108FFFF01000000E20C00205D
S21403C8201C0000000108FFFF00000000C8C803004A
S21403C8301D0002000108FFFF0500000002000800BB
S21403C8401E0008000108FFFF00000000CCC803001C
S21403C8501F0002000108FFFF050000000200090098
S21403C860200009000108FFFF00000000D6C80300EF
S21403C870210000000108FFFF00000000DAC80300E3
S21403C880220002000108FFFF0500000008000380E5
S21403C890230003800208FFFF0700000000000000DB
S21403C8A0020001181000A24E96114FECCEBDC840F0
S21403C8B02D30AC4333BB02000A180C0053696C6975
S21403C8C0636F6E204C616273020000180800627486
S21403C8D05F5350433578020000001000F01921B46E
S21403C8E0478FA4BFA14F63FDEED6141D6C38514489
S21403C8F03A914392BD4074278956F55F6D3851448B
S21403C9003A914392BD4074278956F55F5621E497C2
S21403C9109CA1C182514E961E2CE72D82636032E0A5
S21403C920375EA488534E6DFB6435BFF70028012895
S21403C9300328292A242A272A262A232A002A012AE0
S21403C940052A2A2B292B02290500000000000000D7
S21403C9508025000080020000001000000000004058
S21403C9600000000000000000EA0C00200938010067
S21403C970C90A0300230B0300350B0300C30A030095
S21403C980F20C002009380100C90A0300230B030038
S21403C990350B0300C30A0300FA0C00200938010014
S21403C9A0C90A0300230B0300350B0300C30A030065
S21403C9B0160D00207D0B0300AD380100D5380100AD
S21403C9C09F0B0300BB0B030013B779FAC925DDB72A
S21403C9D0ADF3CFE0F1B614B801020000000000008A
S21403C9E0FFFFFFFF20000000010000000000000022
S21403C9F0000000000000000000000000000000002F
S21403CA00000000000000000000000000000000001E
S21403CA1000000000000000001E0000033F0C03009F
S21403CA203B0C0300190C0300170C0300753F0100B1
S21403CA30490C0300393F01002C00000002000201EC
S21403CA400009007F78CA03000100000F58CA0300DC
S21403CA500000000000000000E1FE59FF8FFFADFF5D
S21403CA60C1FFD0FFDCFFE4FFEBFFF2FFF6FFFAFFA8
S21403CA70FDFF0000030005005500EDFEFF00640007
S21403CA801E0000007F001B0DD063FDFF3600B703BA
S21403CA904DDAFFFF1C005901EC3600001100BD0003
S21403CAA0C83B00000B007100143500000700490066
S21403CAB0352C00000500370005260000030014008F
S21403CAC0FF1400000000000000000000000000400B
S21403CAD00000000001000000ECCA0300C0000000D4
S21403CAE0000000000000100020000000FFFFFFFF12
S21403CAF0000000010000000000000000000000002D
S21403CB00FFFFFFFFFFFFFFFFFFFFFFFFFFFFFFFF2D
S21403CB1000000000FFFFFFFFFFFFFFFFBCE6FAADCC
S21403CB20A7179E84F3B9CAC2FC6325516B17D1F2CB
S21403CB30E12C4247F8BCE6E563A440F277037D8127
S21403CB402DEB33A0F4A13945D898C2964FE342E2C1
S21403CB50FE1A7F9B8EE7EB4A7C0F9E162BCE33572F
S21403CB606B315ECECBB6406837BF51F5FFFFFFFF94
S21403CB7000000001000000000000000000000000AC
S21403CB80FFFFFFFFFFFFFFFFFFFFFFFC5AC635D87F
S21403CB90AA3A93E7B3EBBD55769886BC651D06B0F7
S21403CBA0CC53B0F63BCE3C3E27D2604B6BC0BCE1C9
S21403CBB02A459991E134741A7F9E1925AE2D8A571A
S21403CBC01E03AC9C9EB76FAC45AF8E5130C81C4657
S21403CBD0A35CE411E5FBC1191A0A52EFF69F24453C
S21403CBE0DF4F9B17AD2B417BE66C37103FF1CAA195
S21403CBF0681FAC09120ECA307586E1A72B7E151680
S21403CC0028AED2A6ABF7158809CF4F3C6C5C5854B8
S21403CC10801024FFFFFFFFFFFFFFFFFFFFFFFFFF65
S21403CC20FFFFFF00000000000120000000200000BE
S21403CC3000000000416501000040025C00000000A7
S21403CC400000001001030401010109030B000000AA
S21403CC500B0000000200000000002020000000007F
S21403CC60030000008C8C3C00000000000000000065
S21403CC70000000000104104001000000050002004F
S21403CC8000030000B4CE030090CE030038CE0300AA
S21403CC90DCCE030074CE030060CE03000000000069
S21403CCA0C8CE030000000000A4CE0300000000006E
S21403CCB0CCCD0300000000004CCE030000000000B3
S21403CCC054CE03000000000000CF030018CD03007D
S21403CCD0F8CE030000000000F0CE030000000000C2
S21403CCE088CE0300000000000000000000000000E3
S21403CCF0000000004E0C00000000000000000000D2
S21403CD0050C60300000000000000000004000000FE
S21403CD1000000000E2FF50000400FB0014140000B3
S21403CD201C2030401C2000001C2030405053410083
S21403CD304B4559000102070B0B0701160C000001B7
S21403CD4008080000050108FFFF02FFFF08080202AB
S21403CD5004FF010022FFFFFFFFFFFF030404FFFFA2
S21403CD60FFFF2AFFFF1419191B011C1512040048A4
S21403CD700C14131510801A80128080000F0E0C08F6
S21403CD800C080D181001020404000000F401000052
S21403CD90FA00000096000000640000004B0000004C
S21403CDA0320000001E000000140000000000000017
S21403CDB001015000400008005000240004009001C8
S21403CDC0500240009001AE0110000000F9F101008E
S21403CDD0000000000049725314497207FF00010265
S21403CDE0030405FF145300724907CDF6B10502008C
S21403CDF053600300095F020055600300DB60030015
S21403CE00D56003007D1E0200BD8103008F60030012
S21403CE10D7600300D96003007B600300D160030082
S21403CE20E1000200CF5E03003502020001020C009F
S21403CE3000000400000008000500000000000000D9
S21403CE400000000000000000000000004D05020086
S21403CE50000000005760030000000000A013050058
S21403CE600A000000000000000000000000000000B0
S21403CE7000000000090000000000000000000000A1
S21403CE8000000000000000005D60030000000000DA
S21403CE900F0000000000000000000000000000007B
S21403CEA000000000676003000000000000000000B0
S21403CEB00000000001000000000000000000000069
S21403CEC00000000000000000A908020000000000A7
S21403CED0A0010107A00001040204080006000000E8
S21403CEE00000000000000000AD09020091090200E6
S21403CEF0776003000000000073600300000000007A
S21403CF00ED09020000000000A0030601A0090609BF
S21403CF10A0020608A0050607A0050606A007060544
S21403CF20A0020604A0010610A00A0602A00D060031
S21403CF30000004020503060107010108090A0000B0
S21403CF40A0015C02A0035C01A0025C00A0020F0922
S21403CF50A0030F04A0030F03A0050F02A0010F01F7
S21403CF60A0050F00A0040108A0020105A003010606
S21403CF70A01201000101020420010605E90C0200CB
S21403CF80200D06063D0C020020080604810C020054
S21403CF90200409093D0802002006090409080200C6
S21403CFA020010901F107020020040A04BD0702005C
S21403CFB020050A028D070200200205036105020010
S21403CFC0200005059905020020010F065D080200F2
S21403CFD020020F018D0802002000011555090200EA
S21403CFE06267617069206275666665727300010028
S21403CFF0020000000000000003010203676174746E
S21403D00020636F6E6E656374696F6E00000000FBCD
S21403D010349B5F80000080001000000000000000CA
S21403D020017F03007D6603006781030063800300BE
S21403D030E69D350E480103CCDBFDF4AC1191F4EF0D
S21403D040B9A5F9E9A7832C5E2CBE97F2D203B020CC
S21403D050008BD28915D08E1C742430ED8FC24563A5
S21403D060765C15525ABF9A32636DEB2A65499C80EB
S21403D070DC006C888391AAF5A53860370BDB5A6011
S21403D08083BE000000010001000501000502020343
S21403D0900002000000000002050100050000010078
S21403D0A0010000010001020203000200000000006C
S21403D0B0020201000200000071520200014D02004C
S21403D0C0B396030021960300AF8F0300D94A0200EC
S21403D0D0254A02007D4802000D9403005D8A030082
S21403D0E0954E020055440200A142020063930300DA
S21403D0F0F59203009D920300FB9103004790030003
S21403D100214002004D3E0200053F0200618A0300F3
S21403D110AD3B0200BF01FB9D4EF3BC36D874F53918
S21403D1204138684C8BD28915D08E1C742430ED8F11
S21403D130C24563765C15525ABF9A32636DEB2A6515
S21403D140499C80DCE69D350E480103CCDBFDF4AC40
S21403D1501191F4EFB9A5F9E9A7832C5E2CBE97F2DB
S21403D160D203B0203F49F6D4A3C55F3874C9B3E3EE
S21403D170D2103F504AFF607BEB40B7995899B8A648
S21403D180CD3C1ABDA0010A05A0030A04A0080A03A1
S21403D190A0070A02A0060A01A0070A00A0030906C0
S21403D1A0A0060905A0070904A0040903A0050902AF
S21403D1B0A0060901A003090000000D0003000200F9
S21403D1C0010005000202030000000000757B020058
S21403D1D0BD7B0200697B0200C97B0200B17B0200B3
S21403D1E0A7A60300E3A6030009A703002BA70300D3
S21403D1F04DA70300A58F02005D8F0200698F020012
S21403D2003D900200C3A803004FA4030053A40300E9
S21403D2105FA4030057A403005BA403000000000000
S21403D22088010000D80F0020E1FE00000200008005
S21403D230FF7F00000080FF7F0E025241494C000032
S21403D240A00000000187020050000000798602005B
S21403D250000000010000010100010101B189020084
S21403D26095890200CDBE020075C10200ADC0020062
S21403D27001010203000000011F150F15150F151FEE
S21403D280FFFFFFFFFFFFFFFFFFFFFFFFFFFFFFFFA6
S21403D290FFFFFFFFFFFFFFFFFFFFFFFFFFFFFFFF96
S21403D2A000A801A802A8000000B801B802B800B0A0
S21403D2B0C4050400DC050400F40504000C060400A1
S21403D2C02406040003040408080500000000000008
S21403D2D00000000000000000B8320000F804000060
S21403D2E0B037000004000000303E000003000000DA
S21403D2F000000000B8320000343E000000000000CA
S21403D300343E00004100000000000000303E0000F4
S21403D310853200009D3200009D3200009D320000E1
S21403D3209D3200009D320000000000000000000057
S21403D33000000000000000009D3200009D32000047
S21403D3409D320000112B00009D3200003B2C000094
S21403D3504B2C0000D12C0000192D00009B2D000043
S21403D360012F0000BB2D0000912F0000072E0000A8
S21403D370452E0000B92E0000F1300000C531000034
S21403D3800D2C000071280000212400008F280000C7
S21403D390012900009D320000D92900009D290000C4
S21403D3A09D3200009D320000212A00009D320000BD
S21403D3B09D3200009D320000F90F0000E90F0000C7
S21403D3C0031000000D100000171000008C48806842
S21403D3D0000200D4704780B580208002A849086008
S21403D3E0CF2000F04BFA01BDF8B586480068864C9E
S21403D3F0802292032260854E316809051DD5110BE4
S21403D400A023034001D0216017E002403FD18027CC
S21403D4107F4A17607F4A1760084038D0784D287ACD
S21403D420400705D501207C49086000027B49086057
S21403D4302878002801D0062801DB0020F2BD00F082
S21403D44057FB716889684E682978052907D1B9059D
S21403D450A1606E60B668CC218901704A116000F045
S21403D46050FB012E00DA0226BC20800585490860A1
S21403D470942080058449086065480021C9430164F7
S21403D4807142416481490F6040210160D5E7B1488C
S21403D4900160FFF79BFF0120F2BD5A48016889052A
S21403D4A004D5C06E0004000F022801D00020704788
S21403D4B00120704738B580245548046000F018FBF7
S21403D4C005007348006800F065F9280000F019FBB2
S21403D4D0FFF77CFF4A48007A000705D5A0004A49B3
S21403D4E0086000F0E6FB31BD60039A490860B04867
S21403D4F0046031BDFEB50500CC2080019649486026
S21403D500012696480660FFF7C8FF002877D03C4CF4
S21403D5102078002873D031020195052802D02A46C8
S21403D5200A406CD1CC27BF018B4A1760A14A126808
S21403D53053075B0F022805D1022B5ED30801374938
S21403D5400860F7BD4D01032804D1022B55D9334893
S21403D5500560F7BD042802D111404ED0F7BD05285B
S21403D5604BD10198002848D0C005C10F68464170CA
S21403D5700198C004C10F6846017000F0B9FA029022
S21403D580606869464978002903D006688021214AE5
S21403D59011602C0488496A461278002A0CD0C268A7
S21403D5A00B68D21AA74B1B68234001D0066800E01D
S21403D5B04668964200DD1600684640786A4612784A
S21403D5C0024308D008684242B01E824202DA704222
S21403D5D0886000E00026029800F093FA0198800520
S21403D5E001D5994804600198054001D09748046026
S21403D5F0002E02D009480760F7BDFFF75BFFF7BDB3
S21403D600343E0000400002A8402002A8C43E0000AA
S21403D6100CC001A890E001A894D000A8505201A81D
S21403D62038B580248A48046001204C490860894D37
S21403D6302878052802D0600087490860FFF72DFF89
S21403D640002812D012480068000A80214140A868CA
S21403D650000EC9B2814208D2564800684007400F00
S21403D660022802D2FFF726FF31BD7C480168C0229C
S21403D6700A4002D1C06F204001D00448046031BD87
S21403D6801C1002A808E001A808D001A894D001A89D
S21403D69018C000A8F1B582B00F008026B600A020FF
S21403D6A0384002D06E48066052E000F021FA00903F
S21403D6B06C480468F80202D5A0680069029000F07E
S21403D6C045FBB102606800F06FF922782000002164
S21403D6D0521C4378934200D2002218235343C518A2
S21403D6E00C352B78082BF3DA140002708560287843
S21403D6F0584A10703E400CD000F0FAF959490968B0
S21403D7008968CE6800F0FDF9F80201D40320864349
S21403D71031005048816001260846304003D100F0AE
S21403D720D2FB00F07BFFF104686900F03DF93C2072
S21403D73000F0A4F8E0B200F0A1F8009800F0E1F9D8
S21403D74030054749086048480660300202490860C9
S21403D7500298FEBD401002A84C6201A894E000A8FF
S21403D76010B542480068800501D4FE2010BDC020D5
S21403D77080033F49086000F0BBF93A4909688A7894
S21403D780D20702D589688C7800E00C7800F0B9F9E6
S21403D790200010BD334909688A688B78DB0704D5F7
S21403D7A0927818235A438A180C3290607047000008
S21403D7B0100002A8084001A848C001A8F1B582B02D
S21403D7C02C4F3C680026200F000702D1E001029090
S21403D7D02AE000F023FF00F08BF901908021090373
S21403D7E0606800F0E1F825786D1C6078A84200D2E6
S21403D7F00025E80020180C30009000680290802175
S21403D80009030098406800F0CFF83D2000F036F892
S21403D810E8B200F033F825700098A060019800F095
S21403D82070F902A800F05EFF13480068800407D56D
S21403D830786901F026FC02990818029000D5029632
S21403D8400298FEBD480002A8481002A8482002A875
S21403D85094E001A8343E0000506201A814C001A859
S21403D860402002A8C83E000090E000A8400002A89E
S21403D870401002A8CC3E0000FC0302A841490968F8
S21403D880002901D5404908607047F3B581B03F4F82
S21403D890B9683F4C4A004CD50125090100D521251E
S21403D8A001003C4A1068566822689206920E944617
S21403D8B03A68930080221340624613438022520044
S21403D8C01A4300920A0023D0890601D5012008E0F6
S21403D8D0F021014007D16946097A0C220A4002D09A
S21403D8E0022000F03FF82C49096809040AD5396874
S21403D8F0090701D5022605E03968490301D5002644
S21403D90000E003264835009A24490968890003E0A5
S21403D910009A2249C96909094023194011439A000C
S21403D920002E02D016432666083521660243226679
S21403D9302566E06D4407640F00F0C4F8A0070BD01B
S21403D940052C09D0B868000406D400F0D1F80221EB
S21403D950134A116000F0D5F800F0BDF8002000F07F
S21403D96001F8F7BD0B490A68F0239A4300011043F8
S21403D9700860C0B270478020C0020A49086070473A
S21403D980000000004C0002A8884000A8440002A83B
S21403D990284000A8683F0000384101A8084001A8B5
S21403D9A07CD40350485000A880B55E4A116001F04D
S21403D9B093FBFFF7E0FF01BDFEB500F099F8029078
S21403D9C0102059490860002358480360022058492C
S21403D9D008605848C0684005C20DD52A01D2D52232
S21403D9E004E0D1204000824200D90200100001006A
S21403D9F0514C0194883C246864011DD54F4C009417
S21403DA00251D4F4E367806277E43AA530024019DD4
S21403DA102D7CE540ED070CD5009D06266643AD1923
S21403DA20AD888FB2BD4200D2290086B2AE4200D284
S21403DA302800641C022CEAD389B246310904414CFF
S21403DA400C404638C005C00D20433A490860C02044
S21403DA5000063D4908603848017D00290CD03B4943
S21403DA60D52A02D98024E4050C60D1246400A2429E
S21403DA7002D2802424060C601021354C21603549DF
S21403DA800B604188002900D10280029800F039F823
S21403DA90F7BD80B53048314908603148C16809028E
S21403DAA0090A19225143416005210160FFF784FFEB
S21403DAB001BD2B480068C00300D4704780B5FFF74C
S21403DAC07BFF01BD8020C002164908602548006818
S21403DAD04007FBD470478020C00223490860704784
S21403DAE001E022490860224909680140F9D17047DC
S21403DAF0204800682021204A116010211F4A116027
S21403DB0070473021014002D110201B49086070473E
S21403DB101848006830210140102901D101207047C0
S21403DB2000207047401002A8F41302A8048002A83D
S21403DB30409002A87C400050743F0000603E000006
S21403DB405C3E00000000FF01A0600050A45000509F
S21403DB50F42302A818E000E07F1A0601500002A88A
S21403DB6010E000E0400002A8402002A8282002A8F7
S21403DB70280002A85C0002A85C2002A85C1002A889
S21403DB80FEB54E4880214902816102214C4A51600C
S21403DB9000214C4A11604C4A11800321484A116007
S21403DBA00221016049480468202049490860802012
S21403DBB048490860CC20800147490860012047494E
S21403DBC008604048806F01900F26000B304000909D
S21403DBD043480068C505ED0D103DC0202843C0B27C
S21403DBE0FFF74CFEE00506D50098092803D001F0A0
S21403DBF0ABFB01F0C7F8019806403A480468032EC9
S21403DC0004D0022E06D10098032833D000F0EAF998
S21403DC10032E04D0009806282CD1062D2AD032488D
S21403DC2000680127C00B384001D001F07FFD2F4864
S21403DC300068000108D5052D06D101252C4807608C
S21403DC406805FFF74DFF00E000252100009800F06F
S21403DC50CBF90400274E002D05D000F067FB376094
S21403DC600220254908607805706580092349086005
S21403DC7001F04AFB124880214902C161009900293C
S21403DC8008D10221416000200E490861C020C0006F
S21403DC901B4908602000FEBD80B5FFF713FF194837
S21403DCA00078800602D4022017490860FFF713FFA6
S21403DCB001BD022015490860704700002C1002A819
S21403DCC0282002A8340002A8703E0000B40002A870
S21403DCD094E001A80CC001A8506201A894E000A833
S21403DCE004ED00E0B44000A800E200E0EC3E0000D3
S21403DCF0645000A8646000A82C4000A880E200E0FE
S21403DD002C6001A8C43E0000081002A8082002A840
S21403DD107F480068800700D4704730B57D480421EB
S21403DD208C4A0123E024E4008568254002D0136072
S21403DD30D160D3600068044002D013605160536022
S21403DD4030BD8548012181600160704710B5012010
S21403DD5071498A680240FCD1804A0423D3600C6868
S21403DD600440FCD15360106010BD7D490868012251
S21403DD70104200D1704710B5E023DB000340FF24B8
S21403DD80A41CA34204D3774B1B689B0600D54868A4
S21403DD90024001D000F0ABF810BDFEB50700C82066
S21403DDA07149086006207149086080204003704965
S21403DDB0086070480168704A0A40802109011143CF
S21403DDC001606E4CC020C00020600225A561680378
S21403DDD06B4908606B4E6C48F0664C206B49C8660E
S21403DDE038686B498968814201D2019100E001904D
S21403DDF00199401A38600121380000F040FB69465B
S21403DE0008703868019940183860FFF781FF5F484B
S21403DE1000685F4908605F480168490601D55E49A6
S21403DE2000E05E49316769460978002908D1032175
S21403DE30E16100683068054002D0802080022061DE
S21403DE4068460078FEBDF8B50400554D8020C00135
S21403DE502860544801218162534A11601F230360DE
S21403DE605623436606230366504B1B68002B02D4D7
S21403DE700823036643664E4B0365C023DB004D4E03
S21403DE803668F827FF01374001D1836700E0536106
S21403DE90E86B014008D0286BC00705D446480078D5
S21403DEA0800701D401F0E0FC444845490860FFF7C9
S21403DEB02FFF200001F084FD286B8001FCD4286A24
S21403DEC0C8490860F1BD3F4801214161C1603E4A2F
S21403DED03E4B5366364B13650323036000203C4BCF
S21403DEE0186011609162C8032D4908607047F021DD
S21403DEF00901384A1160014037480160202037493C
S21403DF000860374909680840B74908607047000049
S21403DF104C0002A86C0102A8700102A880B5B348A1
S21403DF200821B34A13680B4001D00161416111789F
S21403DF30C90602D5862109010160FFF716FF1420E2
S21403DF40AC490860AC480168490701D0FF2141612C
S21403DF5001BD0000681102A86C2102A8682102A86E
S21403DF60783F0000400002A8548001A80C9001A846
S21403DF70942002A8680102A8FFF1FFFF441102A83B
S21403DF80A01002A8E40002A8294E0600300002A84A
S21403DF90A03F0000FC0302A8CC3F0000C43F0000E3
S21403DFA0100002A8E01002A8442102A828C000A876
S21403DFB00C1E0000A88001A83C3E0000FFFF7F7FE8
S21403DFC0B46000A8602102A8E02002A85E06000054
S21403DFD0400102A82C6001A82C5001A8442002A8E6
S21403DFE0084001A870470000F8B586B005000C008D
S21403DFF08248866AFFF77CFD0590B00503D5804806
S21403E0000068FFF7C7FB0020029001227306DB0FB0
S21403E0107C498E688860B82040007B4F386067086C
S21403E020B82038400978F0270F40402F02D101006E
S21403E030402008430D2D02D1310004260E437107FC
S21403E04004D501001420084310218C43AC49096809
S21403E0506D462A700493019605006C4FC80506D5D5
S21403E06080204000A2490860280001250543049843
S21403E070002811D10C20284008280DD028005F491D
S21403E080496BCA0601D410229043890601D4202185
S21403E0908843B12101405AD068460078002859D0F9
S21403E0A0B86DC004C00C792809D3802506205349CF
S21403E0B008606802A149086000206946087081204C
S21403E0C0284049D008200499002900D138620199D4
S21403E0D008430190102084430420039000059849C8
S21403E0E00860400897490860012097490860684619
S21403E0F0007800282ED00398062833D39348806BE5
S21403E100C0062FD592480068000E02908F48066816
S21403E110B6B28F48006A000603D030008026760128
S21403E120064301F060F8002809D0FB208001007840
S21403E130C00604D030008026F6010643B6B23E6120
S21403E140301238616E480168C80587D40AE0082093
S21403E15039460862009531E08FA06906C90E405C17
S21403E1600390C4E7009503982449CB6A784A12685B
S21403E1703D686E46B58128251D400543980CC001B1
S21403E18028431D001B0E2B4010252B4003439000F5
S21403E19040221040184303AA9070086B000A03A994
S21403E1A0C870FFF7DDFA03A9087102984871694839
S21403E1B00068C8800398F8660498F8660598FFF721
S21403E1C0A0FC0820610601D55D49886062490860A5
S21403E1D00198C1B20098C0B2FFF757FB200007B002
S21403E1E0F0BD00009C3F0000441002A8301102A8B6
S21403E1F0F84F0000703F00000C4000A8180002A86B
S21403E2001CC000A8683F0000B46000A8540000AA21
S21403E210F8B5524F524C0F2501265249606BC00683
S21403E22021D5012008705048006850490A68824288
S21403E23004D289695118491C081A00E0101A4C497F
S21403E24009684018012852DB01F05EFE4949096857
S21403E250090B0D40022D48D17105474A1160102164
S21403E260F963266041E0E06BC00026D543480068AA
S21403E270E021890501403AD03E4C41480068C0057C
S21403E28004D42068000B28400228F5D03D480668D1
S21403E290FFF72EFC3C49F2B20A603204120E0A6003
S21403E2A03202120E0A60320E0A60FFF72AFC20685A
S21403E2B0000B28400228DFD0F1BD344C206800282C
S21403E2C015D00E7001F07CFB002810D101F01CFE67
S21403E2D028490968090B0D40022D06D13104264A48
S21403E2E01160022139600021216001F011FEF1BDA9
S21403E2F01C2100AA8020800425490860704700007E
S21403E3001C0100AA80204004214908607047802031
S21403E310C0041F4908607047802000051C49086038
S21403E3207047802040051A490860704719480168FD
S21403E330490701D0FF21416170470000141100AA6C
S21403E340401002A8205001A8006101A81C4000A8A4
S21403E350084001A8448001A8845000A8082002A809
S21403E360100002A8733E00001CC101A820C001A82B
S21403E370DC3E0000AC0002A81C1002A8204001A846
S21403E380084000A8904000A8640000AA483E000089
S21403E390382002A80C4000A803010706030107065D
S21403E3A0050106060501060603020706030207061D
S21403E3B00502060605020606FF2807D0032805D22F
S21403E3C0AC490978C140C807C00F704700207047A2
S21403E3D0F8B58020000200908E48038808208E49F6
S21403E3E008600A2201200124944000990C43A249A4
S21403E3F0B6A5AD5C25438D60F025A04E3560864DF1
S21403E400B5A6B65C022737432F6004262E60814DDF
S21403E4109B4E3668064008D12E88F61AB6B2012EF1
S21403E42003D88E6C3603F3D401E00220F2BD8D6C64
S21403E430CE6C6D036D0BAE4200D20094521ED2D545
S21403E44008228E4B1A60009A8A608E4A126852011E
S21403E45013D58D4B5A78541C012525405D70140046
S21403E46006256C431C190968A1800099E1801A707F
S21403E47080490B789040184308700020F2BDF1B530
S21403E48082B0FFF75EFC00247E480068400102D499
S21403E490012001901DE07D48826B00207A49C3B2BB
S21403E4A006256B43CB189B8895B2AB4204D0401C21
S21403E4B0C3B2022BF3D3FF200870012001907148EA
S21403E4C00068400105D50878FFF776FF002800D0DE
S21403E4D001946F4800686F4988616F4D0298006821
S21403E4E0296D4618002E15DD00F07FFD2860C0015B
S21403E4F0301A00280EDDFFF729FC00F08FF802988B
S21403E5000068296D401801F05BFA010002D00299F9
S21403E5100C60FEBD614F8020800038605D4A106845
S21403E5200226072829D005210840052805D01160B2
S21403E5300C2001F057FA01006AD1594D5948286258
S21403E540FFF704FC2E60E020C00257490860000273
S21403E55056494860300678603E60012001F042FA72
S21403E560F0012862022001F03DFA90204001286263
S21403E570022001F037FA700228624D4DE020400079
S21403E5802860042001F02EFA07003BD147480660B6
S21403E590B002A862C001A86210203C4908600126A8
S21403E5A0EE6540254348006828401BD1354800687F
S21403E5B0400113D5344800786946087068460078E9
S21403E5C0FFF7FAFE002809D02F4869460978062285
S21403E5D051434018C0882D49086403E0FFF7F8FE4E
S21403E5E007000FD129480660C467022001F0FAF934
S21403E5F0314C2560A8002060022001F0F3F9812049
S21403E600C002A0620198002801D0FFF752FA380032
S21403E610FEBD0000703E0000889001A870B5FFF7AD
S21403E62090FBFFF793FB022618480660234DF00283
S21403E6302862C4082C62012001F0D4F9600828621D
S21403E6402E601F482862E02040001B490860174DD3
S21403E6502E60FFF737FA1B4E3078002800D00520CF
S21403E6600C490860FFF737FA2C6017480068706398
S21403E67070BD0000843F0000448001A888A001A864
S21403E680140002A8EC3E00005C3E00000C8001A8CB
S21403E690F80302A83C0102A88C3F0000941002A8CD
S21403E6A03C1102A8BD080000142102A8942002A869
S21403E6B02C9001A84C0002A82CA001A83C2102A87B
S21403E6C0FD680000603F0000300002A80000000163
S21403E6D001020408102020005050504040404030B3
S21403E6E020202000F8B50400FFF730FB2948C0219E
S21403E6F0C900294A1268F823DB01134002D1274ACE
S21403E700116000E0016000942549AC2252008A643F
S21403E7100A220A602349802252030A60224C626A54
S21403E720224B13408022D2001A4362628022226068
S21403E730022242605003C8601D48E0601D4E4C2014
S21403E740F0661D4D68699621C90147180098006850
S21403E750874200D30700C01B009908600021009879
S21403E760FFF78DFE00990968C919009A1160316890
S21403E770296012490968490601D5114900E0114983
S21403E7802161F2BD802000010F49086000010F4996
S21403E79008607047582102A8AC8001A8581102A847
S21403E7A00C8001A8941002A8440102A8FFF1FFFF01
S21403E7B0286E0600300002A8903F0000FC0302A863
S21403E7C0CC3F0000C43F0000401002A8685000A8D9
S21403E7D0F1B584B0BD4800680290BD48006B962131
S21403E7E0C90140180499884205D2081A01F0E8F8CE
S21403E7F0002800D027E2B74C6068C00700D522E2A5
S21403E8000420B54988628003B4494862B448006866
S21403E8100090606B8607B60F1025032E02D0AE4815
S21403E820856222E0084669034162A26B920601D51F
S21403E830012065E0009A12060FD5A36B022213404F
S21403E8400BD1A84B05271F60A76B2F403A431A60CE
S21403E85000221A60626B120A1A6004228262A06B9C
S21403E860002802D59C4841620026606B400704D509
S21403E870606BC0002901084003E095488068C10723
S21403E88001D5FFF734FBC149009805220240052A4B
S21403E89007D1BF48B2018018006AC004C00C401EEE
S21403E8A008600020BB4AD26E12041AD5BA4A126810
S21403E8B0002A16D4012201204969002911D0B7493C
S21403E8C00A700021B64A1160B6498D62C106B64A7F
S21403E8D091670722B44B1A600022B24B1A601A469D
S21403E8E0D167B249C02292000A603302002801D0E1
S21403E8F0100000E01800AE4D28604A606B600020F0
S21403E900E16B942292050A40150000D0012580266B
S21403E91036022843000637D071482821405CC021C0
S21403E920014040290DD1FFF7B7F96948C06D009043
S21403E9306846FFF732FA002876D10098FFF783FA85
S21403E94001E0FFF7B6F9202020602D0600D17AE11A
S21403E950944D606B400708D57008604948620220F2
S21403E960E86200F05DFA002806D004205A4988625F
S21403E97040025A494862EE6259480078000600D4BD
S21403E98061E130015449FFE00125606828404BD11E
S21403E990AE480068C005400F022803D0032801D004
S21403E9A0062802D169464D7005E000206946487086
S21403E9B0A748A8494860680448498862FFF782F870
S21403E9C0E06B064006D1FFF793F80221A24A1160D6
S21403E9D0FFF797F8FFF77FF8280320609F4EC020C5
S21403E9E00006706028049B490860606B4007C10FEF
S21403E9F068460170E027FF023020029949072FD5A9
S21403EA004021A54A11624901924A11660321A24A8E
S21403EA1091640021116030608E48456580207060E7
S21403EA20062000F0DFFF002800D00CE1894D80208F
S21403EA304000E866022000F0D5FF8020400097499A
S21403EA40886618207060082000F0CCFF0028EBD101
S21403EA50242070609148C765A020C002286672E033
S21403EA60E16BC90249D5C04949680902090E0191FB
S21403EA704909022901DB8A4901E0B3218900019A89
S21403EA80302A3AD3124A1288E72A36D395235B00F4
S21403EA909A4205D89A1A12095143890A4B4204E04E
S21403EAA0804BD218120951438B0A5BB20199C918DD
S21403EAB0074A126B9446064AD26B53436246D218F1
S21403EAC0034B1A639F290FD39F2110E0FC0302A870
S21403EAD0743F0000100002A81C2002A81C1002A805
S21403EAE0C43E0000E40000AA202900D821210A021F
S21403EAF00A4309041143274A11606749AA020A62B6
S21403EB009A4A8A6414220A6030605248456563480C
S21403EB10C765A8034F49886640027060062000F068
S21403EB2061FF002831D12D064A48C566022000F051
S21403EB3059FF5A48856668097060082000F052FF3E
S21403EB40002822D17560032000F04CFF8848164940
S21403EB50886700F04AFA874D401DC001296B4718A5
S21403EB608548406F8021C9010840019008468349C3
S21403EB700860049887421ED2296B401A00F020FFD3
S21403EB80002817D001987E4908605CE0204000A862
S21403EB900C0000AACC4001A8784201A8723E0000EF
S21403EBA06C3E00003C5000A83C6000A8046100A82E
S21403EBB0045100A8049F206AE8620298400701D522
S21403EBC0402003E0802080047060C008706001204D
S21403EBD000F008FF802040001E490860380000F05F
S21403EBE0EFFE8B4E68460078002806D16248006820
S21403EBF0F0618020C0038749086001986049086077
S21403EC00854886490860254880210901416669468A
S21403EC104978002901D104210160206A68626846A8
S21403EC200078002809D0012000F0DCFE30780006CA
S21403EC3003D58020000391490860E06BC00202D52B
S21403EC4049480068286305B0F0BD0000204001A8CD
S21403EC50040000FFB41002A87CE40350441102A889
S21403EC6010B5FEF745FF864900240C600A22CA61E8
S21403EC70FEF747FF8348C02189020160824941604D
S21403EC80824810210160C90541654020804908601B
S21403EC908048047010BD0000400102A8B82002A8F6
S21403ECA033070000D6FEFFFF7B48406B800300D48B
S21403ECB07047F8B57948046800270020002578498E
S21403ECC0E20706D5C02080028025ED03EA0A0A6023
S21403ECD003E0A20701D4032040252843C86201208D
S21403ECE000F080FE802040006E49086708206E49C9
S21403ECF008606E490968090203D46D490968014032
S21403ED00FBD0012000F06EFE6A4EE00702D580209D
S21403ED10800430643564042000F064FE600702D586
S21403ED20E020C002F06064483064012000F05AFE20
S21403ED3062483064C320000630645A488021490282
S21403ED4001671021B163890271615D490F60012279
S21403ED5032603022F2638F62802189014E4A11604D
S21403ED6009010160F1BD0000F83F0000F307000051
S21403ED70FFFF7F7F743F000020C001A894E001A836
S21403ED8094D001A8F8B54F4800680D27074004241F
S21403ED90002F00D104274C481025660308214B4A50
S21403EDA04B4B1B682340126814D04260394004D092
S21403EDB00220FEF7D7FD474806603C4007D046488A
S21403EDC00068054344480560B008424908600220CD
S21403EDD0424915E00260394005D00220FEF7C2FD25
S21403EDE0A0023C4908603C4006D03B4801680D43FE
S21403EDF005607009374908603848066030032949BA
S21403EE000860FFF751FF00210020FEF73EFDF1BD2D
S21403EE10C43E00001C1002A803000300482102A8F9
S21403EE2010B580202E490A6802400AD02D4B1A6876
S21403EE300624144005D15C6E2B4A22401B6D9C01B0
S21403EE4001D5002010BD096808400DD0274882422E
S21403EE5003D1180501D5012010BD25480068C10758
S21403EE60C90F481E8041C00F10BD22480321C1634D
S21403EE70A821816310210160704700001C2002A8AE
S21403EE80D80000AA402002A804000080646000A8FE
S21403EE902C4000A8723E0000100002A8FC0302A843
S21403EEA01C1102A8442002A84C6201A8C44001A871
S21403EEB04C4201A8082102A82400000198008800FB
S21403EEC0600102A8B44000A8E43E00001CC101A8EB
S21403EED0440002A8401002A8683F0000685000A83B
S21403EEE0400002A814C001A81F1F0000010C000068
S21403EEF030C101A8082002A86C4800680121084216
S21403EF0009D16B4A12686B4B000C1840F0329140E3
S21403EF100B40984201D00220704700207047F8B596
S21403EF2007000F386A461080604CA0680A0004D1B8
S21403EF306B461B8882B29A423AD200226B461A80EC
S21403EF40012502263A0013D02268324007D0002952
S21403EF502ED059480088401C5749088000203900A5
S21403EF60E16056490E6080B2B84201D369460D800F
S21403EF705348456000E030BF2068304003D1FFF7B8
S21403EF80BBFF0028F7D04D484560390010D02168F4
S21403EF90314005D048490A886B461B88D2180A8038
S21403EFA006600020E060A068B84201D244480660CC
S21403EFB0FFF7A2FFF2BD38B5050000F0A5FF040079
S21403EFC0012199204543A8093E4A12688018123841
S21403EFD080B2FFF7A4FF05008020C0013A4908600D
S21403EFE0200000F095FF280032BD334803883549DA
S21403EFF0096802889342F9D1100408187047FEB5D1
S21403F0001238070C6946088000F07EFF0190274CF3
S21403F010294D2888B8421ADA01202C490860274E61
S21403F02030BF02202168014006D0306040032649E5
S21403F03008602888401C2880FFF75EFF010002D185
S21403F0402988B942ECDB0121716000280DD128889C
S21403F050B8420AD1A06869460988884205D20021C9
S21403F06068460088FFF75BFF01E0FFF745FF0400F3
S21403F0708020C00114490860019800F049FF200071
S21403F080FEBD10B512490A680E4B1B680C68944205
S21403F090FAD0DB014033141A02D288692418641CA0
S21403F0A00C4800684443181B10BD0000280002A843
S21403F0B004ED00E0FF3F0000703E0000282002A899
S21403F0C0281002A8300002A880E200E02C1002A854
S21403F0D020C001A8B43F0000F0B502E00A601C603F
S21403F0E02E607EC84F1C07D05F1C04D06F1CF5D162
S21403F0F00A601C60F0BD0A60F0BD00000006800FC9
S21403F10070479D4909684143880B70478A480068E1
S21403F1100104C80F704788480168090407D5874962
S21403F1200A68964B1A604A6842618868C8607047E6
S21403F13080B5FEF7DDFC0120814908708148006830
S21403F140022808D28E480068F02109050140C02035
S21403F15080048142F2D08B480068C01C8A49014370
S21403F1608A48016001BD8A488849086000208949A9
S21403F170086080218902884A1160714908707047C7
S21403F180F1B582B00F001400C006000E00901038D0
S21403F190912827D2FFF7BAFF002823D0002501269F
S21403F1A00298FFF7ABFF002802D0022804D004E041
S21403F1B07A480068304000D001252600784C380095
S21403F1C00C30FFF79EFF8019206000983818FFF771
S21403F1D098FF80196060C020800172490860280388
S21403F1E071490860F7BD6D4800780621014001D1DA
S21403F1F000207047B848006802288041C00F704757
S21403F200F8B56A4C634A0421C0239B04F0252D05F8
S21403F2105B4E2069084204D0107C8006C10F49006B
S21403F22020E0800720D5D068042803D23068284021
S21403F2309842F8D0107C0007000F072814D1507CA2
S21403F240022811DD907C8006800E02280CDBD07C21
S21403F250009007460F4207D0C00700D50A21B8071B
S21403F26000D5891D002904D1FFF77DFF0020A0618A
S21403F270F1BD481CD768874203D237682F409F42A8
S21403F280F8D09648405CA061C300F821194002D02C
S21403F2908023DB04136049005160A168002932D142
S21403F2A00102F82252010A406168914200D20A0024
S21403F2B023681D1F8A498B61AA184A61864A136808
S21403F2C0002B01D1BF2600E09326304B1D686769EB
S21403F2D0BF00BF0BF6193603AD05AD0D35431D60F4
S21403F2E080235B010B60810908D11168002901D1D5
S21403F2F0282200E019220021FFF742FF207C0007A6
S21403F30001D40120A060F1BD80B5FFF76CFF002893
S21403F31011D01A484168002903D0724A11600021AF
S21403F320416007480078002805D0FFF71CFF1C48FB
S21403F3306D490160416001BD584201A8983E000036
S21403F340743E0000D04000A880B5FFF74CFF0028AD
S21403F35011D0062065490860002065490860F02042
S21403F36000016449086080204000634908600C4837
S21403F3705D490160416001BDBC3E0000403E0000A7
S21403F3800C0002A8204000A800F0FF3F544201A84A
S21403F390FFF3FF3FC44000A84C6201A8B83E00003C
S21403F3A05C4201A8586201A8585201A8A83E000072
S21403F3B0F0B581B00400A0031CD5474800680028B8
S21403F3C000D081E0474801684C4A5160CAB2FF2327
S21403F3D09943D30702D5EC23DB02C91852080A4324
S21403F3E002600E2000F0FEFA082045490860C003BC
S21403F3F04449086044480168444D09043FD5696997
S21403F4004161FEF775FB3D490A68531C6A689342DF
S21403F41000D32B681E78B706BF0E5B1C934200D33F
S21403F4202B68BC461E78B701FC2636013E4067466D
S21403F4303E435B1C934200D32B68B4461E783603C8
S21403F440FC27BF023740664637435B1C934200D314
S21403F4502B68BC461E78B704FC2636043E40674637
S21403F4603E435B1C934200D32B681A781706FC2294
S21403F47092053A4032430B606A61FEF742FBA007EF
S21403F48027D58020C0021F490860FFF7ACFE00287E
S21403F4901FD0686AC0B2002802D006211C4A116039
S21403F4A0810916D01B490A68012AFBD94968090550
S21403F4B0090D091DC900084A1268012A00D1490826
S21403F4C0002A03D1282202E00C208BE71922FFF73B
S21403F4D057FE01B0F0BD00006C3F0000D44000A80A
S21403F4E02C4000A8EC4001A8FFFF0300846201A89B
S21403F4F0504000A80C6000A80C5000A8403E000036
S21403F500846000A84C6201A8584201A8903E0000FF
S21403F510845201A81C4000A880B5FEF723FA0120F8
S21403F5207E49086001BD80B5EB2000F001F801BDFF
S21403F53030B57B490B6818401022134210D0794B24
S21403F540794C2468224008D0A94A14682402FF256F
S21403F5502D022540DD6200241460802252031A60C7
S21403F560086030BDF3B5010016001C0000250095A9
S21403F570A048019A330000270BE0BC464F5D474383
S21403F580AE009E597E40575D474337406646374335
S21403F5906D1CA542F1D3390939438A080A43510839
S21403F5A011430840C10901430F208A0B0A43024056
S21403F5B05040F6BDF1B582B00E0000208C490860BD
S21403F5C08D4DEF7AA87A01900F21394000910ED025
S21403F5D00B468A4A8A490298FFF7C4FF01990140FD
S21403F5E083480160874841438748084001D1012486
S21403F5F000E04401380915D032003B09290002987F
S21403F600009E6D7A75194019FFF7ACFF0199091131
S21403F6100140774802680B0113430360002901D0B9
S21403F6204800444379480068204001D10420FEBDC9
S21403F6300020FEBD80B50A0000211180744952885F
S21403F6408018FFF7B7FF02BD70B50F22714B5C79C8
S21403F65005780F202040C540200928409C79C440E7
S21403F660E40701D4032070BD2F4C2468A50705D5F5
S21403F6709D684600AD5B6D1E674E3560DD78DE79AE
S21403F680C640F00711D5E0060FD5002D0DD0634810
S21403F69048600888488008881C7800192A40801823
S21403F6A05A7880182A09801800E000200880002075
S21403F6B070BD80B55A4801685A4A0820014201D0F5
S21403F6C050611061C90602D58621090111605649A9
S21403F6D0564A126812040CD5554A1268530401D5CB
S21403F6E0C00305E0C0239B0113404202934200D0AF
S21403F6F008600D480078C022024002D180204005F1
S21403F70008604C4800682022104008604A48006899
S21403F710C00101D4FFF707FF01BD00002C4000A87D
S21403F720703F00001C1002A8C43E0000F8B5434F0B
S21403F73038687E6806404248304042490860802464
S21403F740A403414DF00228D540480168080606D5B3
S21403F7503F480068A86001202870022015E00120B9
S21403F760014202D03B49A9600FE00020C9060CD530
S21403F7702A49A960384A91780B071B0F12789A1802
S21403F78009095118A980E880A888A880A8880028B5
S21403F79001D0264301E0FFF7C6FE264026D0294EB9
S21403F7A074603460A88800280ED0F96981420BD3B0
S21403F7B0291D2A48AA6890470100F3D0FEF7D2F81D
S21403F7C0012027490860F1BD01000CD0FC21890205
S21403F7D0B161244902038A6134604C60FA6982424B
S21403F7E004D30C60F1BDEB20FFF7A2FEF1BD0000D1
S21403F7F04C3E0000010101013C3F0000F43E0000C6
S21403F800343F00001111000021840000F03E000088
S21403F810143F0000443F0000204000A829230000B6
S21403F820F84F0000302102A8441002A8384101A86E
S21403F830204201A8084001A8CC4000A8B44000A874
S21403F840FFFFDFFFB46000A8503E0000C43E000088
S21403F850B03700003D230000453F0000D44000A819
S21403F8602C4000A8B45000A8FEB5C020C0043649FA
S21403F870086036483649C8651024364804601020A8
S21403F88000F0B0F801005ED1FF20000532490860A1
S21403F89032483349086033482D49086025042E480A
S21403F8A0056031480768082000F09CF801004AD13B
S21403F8B008262E480660012000F094F82A4880683F
S21403F8C002902B4806602B482149086022480560B1
S21403F8D0082000F087F8010035D12448066001208F
S21403F8E000F080F8204DA868019021480660184E65
S21403F8F0214830600299019800F046F80104FC2084
S21403F9008003084000900298C10B0198C00B00F0DA
S21403F9103BF80006FC21890501400098014317487F
S21403F9200A0C4240FF239B1CD21810400843306049
S21403F9302F60E003084908602868286010480460C0
S21403F940104981640020FEBD20E000A8F7170000E0
S21403F9502C0102A8401102A8B02002A80000380E0D
S21403F960B01002A810103030E04001A8E05001A803
S21403F970E06001A830301010202020203F3F000018
S21403F980402102A8F7FFF00010B54904CA1040044E
S21403F990C310991A00209A18D30F9A1852105218A7
S21403F9A08B115B0E5B18DB11D2182023541A01D47B
S21403F9B022001843CC0F611849105B08F6D110BD1E
S21403F9C010B5C409FFF711FB201A312806DAC00068
S21403F9D0183801D4C01EFDD5002010BD2000FFF747
S21403F9E00EFB10BDC32148436F3801D41E38FDD526
S21403F9F00020704710B5C20018231340FF249C4014
S21403FA00E2438907090E9940030004D476489B080D
S21403FA109B00C01806E0B04B0007000F08388008AC
S21403FA208000181803681A401143016010BD80B5A2
S21403FA307B225421002000F021FA01BD10B500F00E
S21403FA4063FA0121694A1160694B6A4A13606A4A7C
S21403FA5013600323694C2360694C2360694B196068
S21403FA60694B196080239D4C2360D16000F050FAE7
S21403FA7010BD00F049FA05000024012160B2FFF72B
S21403FA80B9FF641C0E2CF8D301210F20FFF7B2FF39
S21403FA9001211120FFF7AEFF01211320FFF7AAFF74
S21403FAA001211720FFF7A6FF03210120C043FFF71C
S21403FAB0A1FF01211B20FFF79DFF01211C20FFF75B
S21403FAC099FF01211D20FFF795FF01211E20FFF757
S21403FAD091FF01211F20FFF78DFF6E486E490860D6
S21403FAE06E48C16AC1620168016002206C49086001
S21403FAF001208549086047046A4C20683840FCD0DA
S21403FB00FDF7C7FF280000F003FA754D0AE000284A
S21403FB101BD0FDF7EDFF18E020683840FCD030001E
S21403FB2000F0F6F9206D0004000F022801D1FEF75D
S21403FB306FFB00F0E9F90600FDF7EAFF0028A87856
S21403FB40E5D0002801D1FDF7DCFF01206978002904
S21403FB5009D12978002905D16C490968890601D499
S21403FB604F49086030BF0021697029780029D6D133
S21403FB7002214B4A116064490860CDE76448016876
S21403FB8042680A40634810401A490860800703D554
S21403FB90A0480188491C0180704770B55E4801681B
S21403FBA040680840000E00065C4980221205104299
S21403FBB018D05B4B1C68641C1C605A4C5A4D2D684D
S21403FBC02D0407D5A568002D04D007250D60012553
S21403FBD0A74E3560402525601B68012B02D91023EC
S21403FBE08B62CA67886770BD00E400E0040002A861
S21403FBF00000FF3F282002A82C1002A840E002A81D
S21403FC0044C002A804C001A8044001A8F8B5824C69
S21403FC10206B616B01400091964D08462860009862
S21403FC209549014001D0FFF7C3FB802000990140AE
S21403FC301CD0F821C90123680B4017D0C02212013B
S21403FC40934213D880231B06EB6226680E40944F1C
S21403FC503F683F043F0F022F01D0032F03D1002E2E
S21403FC6001D09642F1D38F490B6028608E48007806
S21403FC7006280DDA0098CC218901014008D000F04F
S21403FC8043F904000098FDF735FC200000F040F926
S21403FC90F1BD0000FFFF9BF800E100E0E04001A893
S21403FCA05C2002A85C0002A810B58048016844687E
S21403FCB00C407F48046080210C4205D041607D489B
S21403FCC001600020FDF716FC600403D58020400584
S21403FCD07949086010BD00001CED00E0505201A8F1
S21403FCE0723E000038B57548016844680C40E0076A
S21403FCF007D500F009F90500FDF792FC280000F08F
S21403FD0007F96F48046031BD5C1002A8F40302A82B
S21403FD10280002A8FFFF00C0B44000A83C6000A86B
S21403FD206C3E00002C4000A8384101A8FEB5654C87
S21403FD30206C666C064001273E4216D03D0662489C
S21403FD400560206861490F60002802D00021FDF796
S21403FD502BFE5F480068A021C90188428041C0434A
S21403FD60C00F5C4988705C480560FDF7C1FE0290D1
S21403FD7002210E4049D06068C2B20192000A009088
S21403FD8008224B4B4C03554D0020019E012E27D0D5
S21403FD90022E38D1009E012E24D1EE790096504EC5
S21403FDA02F780C2047430020F051287840059027F1
S21403FDB07F04C719032038434A4F38601C604A48FB
S21403FDC00460301D2B780C246343484C2468009F42
S21403FDD0E419C45028780C2358433150444811E0A2
S21403FDE00091DCE7002E0ED1424E37603C4E361DA6
S21403FDF02D780C277D4370515C601C60C8043E4B15
S21403FE0018603E480260314801600298FDF779FEAB
S21403FE10F7BD0000703E00001C4201A870B5FDF758
S21403FE2067FE040000F070F82E490A68D20718D55A
S21403FE302B4A121DFA239B015D790C2675435659EE
S21403FE402A4D2D681E60CE689E604968D980802141
S21403FE50C9041D4E3160197B69185B790C256B4309
S21403FE60D15000F055F82000FDF74BFE70BD0000A2
S21403FE703C5000A84C6201A802000600002800D0EF
S21403FE80704710B50C00FDF733FE1D490C600122C8
S21403FE901C4B1A600B6C1340FCD1FDF732FE10BDF1
S21403FEA0AC0002A8785201A8343E000090C001A816
S21403FEB090E001A80CC001A804ED00E090C000A8E3
S21403FEC090E000A800C002A8401002A840E002A8E4
S21403FED0404000A8723E0000402002A8853E000075
S21403FEE0300000A860C101A894D001A8200000A893
S21403FEF0F42302A860E101A880E200E0F41302A85C
S21403FF00008002A8409002A8EFF3108072B67047F4
S21403FF10002800D162B6704780B5FDF731FEB348BE
S21403FF20006800030AD4FEF75DF8FEF7BDFEFDF792
S21403FF30CAFF0120FEF794FEFEF770FB80208005C3
S21403FF40FDF7CEFD01BD80B5FDF71AFE8020400209
S21403FF50FDF7C6FD01BDF8B5FDF7B4FD05209849CC
S21403FF600860FDF7B8FDFDF7ECFEFDF709FEA048B7
S21403FF70016800919F4B406818609F4801688A0596
S21403FF80D00F0022012421420FD000929B4D6E68B1
S21403FF901E602E689A4B1F68BD1BBE4202D39F6924
S21403FFA0ED196D1C974FBD42F5D3974D2A60002877
S21403FFB003D00098FDF76EFB00902868204004D11C
S21403FFC06846FDF7EAFE002802D10098FDF73BFFDE
S21403FFD0AA4804606004FDF783FDF1BD38B5A84C5C
S21403FFE0E06BC00506D580200006206000BF00BF7A
S21403FFF040082060FDF792FFFDF7C2FDFDF7F4F918
S2140400000500A048A0490860FFF785F88020C002D4
S214040010FDF766FD002D01D08020206001209B495D
S214040020087031BDF8B5FDF7ABFDFDF74BFD0224B6
S2140400309348C06B000405D4FDF75AFD94490C6040
S214040040FDF75FFDFDF747FD1020C04391490860AA
S21404005000258B48856390480560FFF7C4F80700C1
S214040060FB26B601002F02D0FFF762F800E03560E9
S2140400702C20305C0521014002D0FDF70DFE01E086
S214040080FDF717FEF06A044002D001207C490860A0
S214040090FFF70FFB002F01D0FFF7B2F88020000314
S2140400A0FDF71EFDF1BD80B5FDF76AFD4F480068FB
S2140400B0000303D4FDF707FFFEF7B0FA80204003E1
S2140400C0FDF70EFD01BD38B5FDF75AFD6C4C202535
S2140400D0FEF7A6FE002806D0206B000704D5FEF720
S2140400E0C4FEFEF74FFB2560FDF7EDFEFEF796FA1D
S2140400F0BD4800780C210140042902D1FDF7CCFD4F
S21404010001E0FDF7D6FD6804FDF7EAFC4020206018
S21404011031BD1CB5FDF7D6FC052029490860FDF75E
S214040120DAFCFDF72DFDFEF7A0FEB048006800904F
S2140401306846FEF7D7FA0400FEF7EDFF002C02D15E
S2140401400098FEF745FB80204004FDF7C9FC13BD6C
S214040150F8B5FDF715FDA64C256A5020284002D0B8
S214040160FDF79AFD01E0FDF7A4FD454FFEF758FEA6
S21404017000281BD1786B40071DD4386BE021490159
S214040180014018D1A80611D4FDF79CFC256A994EA7
S214040190354207D0FF20C0432D1825628020000575
S2140401A095490860FDF797FC2E4002D00120386080
S2140401B001E00020206080208004FDF791FCF1BD62
S2140401C03C1102A880B5FDF7DBFCBC48006840067D
S2140401D001D5FDF778FE0120FEF742FDFEF71EFA74
S2140401E08020C004FDF77CFC01BD00000C0002A8C2
S2140401F0B83F0000483E0000400002A8D03E000081
S21404020020C001A801FF00003C3E000010B576485F
S2140402100468FDF7B5FCAA490968090328D4032134
S214040220C00601D5214001E0A0080140012902D101
S214040230FDF732FD0BE0200107D50E20FFF76CF921
S214040240A0480421016008210160FDF732FD9E4CA0
S21404025020699E490860FEF75EFF2068002807D0E4
S2140402604000122802D2FFF7BDFB01E0FEF7A3FE12
S21404027080208003FDF734FC10BD0000402002A857
S214040280100002A870012000B46000A8733E0000AD
S2140402907CE40350442002A84C3E0000F8B584B029
S2140402A001266846067000270297FDF769FC03904E
S2140402B0834C2068000300D58FE00320A449C8635C
S2140402C0A4480068A44D0F210F220240032A03D03D
S2140402D0000B014006294DD1A0480068A0498E6D48
S2140402E0E16B890701D59E49CE6DFEF7CAFE8619D5
S2140402F0FEF779FF00280ED02879C1060BD02868AF
S214040300090D4143890B761895490968002902D1DD
S2140403100002400C3618002E01D5019700E0019625
S214040320606B0107C80F03212A6B0A40022A1BD1FF
S214040330039AD20618D5AA68D30513D5A66B894B9B
S2140403401E409E4203D11021814AD1630CE09205DF
S2140403500AD4E26B2823134006D16B461F70264A44
S214040360116001E06A461770029068460678002E0F
S21404037003D10FE07A48406D0190FEF751FD002846
S21404038008D0FEF772FD0298002802D0FEF7FAF9AC
S21404039000E0002602206E490860002E10D03020AF
S2140403A0285C0C210140042902D0A06BC00602D5AB
S2140403B0FDF772FC01E0FDF77CFC202060600CE099
S2140403C0FDF781FD01A8FEF78DF90400FEF7A3FEF4
S2140403D0002C02D10198FEF7FBF980200004FDF7FB
S2140403E07FFB05B0F0BD0000EC3E0000CC3F0000F3
S2140403F0CC3E000000FFFF00441002A8FEB5002417
S2140404000194FDF7BDFBFEF786FE574EF06E574D82
S2140404100007000F072807D17068002804D40020BE
S214040420FEF71EFC286841E001210320504A736849
S2140404305B070BD44F4B1B680B4007D01368DF05D4
S2140404400BD55B0502D43368DB0503D40191916AAE
S214040450890904E01021484B1960916A090908408B
S21404046000900020FEF7FCFB0098002805D1706879
S214040470C00602D4FDF71DFC01E0FDF70DFC0020CC
S2140404800199002903D13D480068FEF7FAFD696921
S214040490401801D5009400E000906846FDF77DFC06
S2140404A0002805D10098FDF7CEFCA8690749086026
S2140404B080200005FDF714FBF7BD0000440102A8E8
S2140404C00C0002A880E200E0AC3F0000483E0000BA
S2140404D0F8B5FDF755FB002400252948066B802750
S2140404E07F05300606D5300709D5FEF7BEFCFEF7B5
S2140404F049F929E001251F480068284019D0002042
S214040500FEF7AEFB0220064002D01E490C60C8610E
S2140405101D480468002D03D02000FDF74FF90400A1
S214040520FEF7A3FC2000FEF753F93800FDF7D8FACF
S214040530F1BD16480078C0210140402902D1FDF7DC
S214040540ABFB01E0FDF7B5FB20200D490860ECE7A6
S214040550082002A8AC0002A8BC3E00000CC101A8FA
S2140405606C3F000010000010400002A8BC3F0000D2
S214040570C43E0000B44000A8441002A81CC101A850
S214040580100002A8180000AAD83F0000EC3E0000A5
S214040590FFF754FA024803494860FFF76AFA00BFB7
S2140405A0672700000000000080B5EFF305800B28E5
S2140405B001D23A2100E029218C2252000020FFF7C4
S2140405C05DFCFEE7840E0400000000003C06040008
S2140405D0010000000000000000F04902840E040040
S2140405E00000000060060400010000000000000097
S2140405F000F04902840E0400000000008406040093
S214040600010000000000000000F04902840E04000F
S21404061000000000A8060400060000000000000019
S21404062000F04902840E0400000000008007040065
S214040630010000000000000000F04902A4070400C6
S214040640809C2B8F80841E00000000002700FF7F04
S214040650100C00200000000030120400000000000F
S21404066004090400809C2B8F80841E000000000078
S2140406702700FF7F100C002000000000301204004A
S21404068000000000640A0400809C2B8F80841E00F7
S214040690000000002700FF7F100C00200000000070
S2140406A03012040000000000C40B0400809C2B8F52
S2140406B080841E000000000022002C01100C002084
S2140406C0000000003012040000000000C40B040008
S2140406D0809C2B8F80841E00000023002300B6001D
S2140406E0100C00200000000030120400000000007F
S2140406F0C40B0400809C2B8F80841E000000240002
S21404070024009D00100C002000000000301204009D
S21404071000000000C40B0400809C2B8F80841E0005
S2140407200000250025007D00100C002000000000BD
S2140407303012040000000000C40B0400809C2B8FC1
S21404074080841E000000260026003A00100C0020BC
S214040750000000003012040000000000C40B040077
S214040760809C2B8F80841E000000270027002C010D
S214040770100C0020000000003012040000000000EE
S214040780240D0400809C2B8F80841E000000000033
S2140407902700FF7F100C0020000000003012040029
S2140407A000000000FC4F0103A010040010400100EC
S2140407B0004100003C4001000000000048400100E9
S2140407C02007040050400100000000005C400100C7
S2140407D00D0F000004410100FF4C000020400301FF
S2140407E0000000861FC00100002000003840010100
S2140407F000000000584004011800050040080000EE
S214040800090000009200040080400F018C002C02B6
S214040810000000001200120000808C190000000086
S2140408200002050E1C2F4353626968615543320467
S21404083016100E0E0D0C0A08070605040303020222
S2140408400201010101010100EC40010180B0B18CFC
S214040850FC4003019C200B00055B60804737414A3F
S2140408600C410301B85512002A19492909084040C9
S21404087028410101FFDD0000384107014CD4E83B64
S21404088004196F10080E141A20262C32383E103223
S2140408905476980A1D00000070410101C003000050
S2140408A0344201010008000E4842010158AA1EC045
S2140408B078420101000000803880010111491000CF
S2140408C09C800301EB40020070380300D000000057
S2140408D0A8800111F0010000A8800131055AFD012D
S2140408E0AC800111F0010000AC800131053EFD0032
S2140408F0E40001026C2C511154010102C43F0000B3
S214040900FFFFFFFFFC4F0103F0100400104001003E
S214040910004100003C400100100000004840010077
S2140409202017040050400100010400005C40010050
S2140409300D0F00000441010003C001002040030124
S214040940300000461FC80100002000103840010196
S214040950000000005840040118000500400800008C
S2140409600900000092000A0080400F018C002C024F
S21404097000000000120012005B808C1B00000000C8
S2140409800002050E1C2F4353626968615543320406
S21404099016100E0E0D0C0A080706050403030202C1
S2140409A00201010101010100EC40010180B0B18C9B
S2140409B0FC4003019C200A0001612080B7563512D2
S2140409C00C410301B8551200A01B042908884040B6
S2140409D02841010100000000384107014CD4E83BDF
S2140409E004196F300A10161C22282E343A4010328E
S2140409F05476980A1D5F80A470410101000000002F
S214040A00344201010008000E48420101F4811F002F
S214040A1078420101000000003880010111491000ED
S214040A209C800301EB40020070380300D0000000F5
S214040A30A8800111F0010000A8800131055AFD01CB
S214040A40AC800111F0010000AC800131053EFD00D0
S214040A50E40001026C2C511154010102C43F000051
S214040A60FFFFFFFFFC4F010340110400104001008C
S214040A70004100003C400100100000004840010016
S214040A802007040050400100000400005C40010000
S214040A900D0F00000441010003C0010020400301C3
S214040AA0300000461FC80100002000103840010135
S214040AB0000000005840040118000500400800002B
S214040AC00900000092000A0080400F018C002C02EE
S214040AD000000000120012005B808C1B0000000067
S214040AE00002050E1C2F43536269686155433204A5
S214040AF016100E0E0D0C0A08070605040303020260
S214040B000201010101010100EC40010180B0B18C39
S214040B10FC4003019C200A0001612080B756351270
S214040B200C410301B8551200A01B04290888404054
S214040B302841010100000000384107014CD4E83B7D
S214040B4004196F30080E141A20262C32383E103240
S214040B505476980A1D5F00007041010100000000F1
S214040B60344201010008000E48420101F4811F00CE
S214040B70784201010000000038800101114910008C
S214040B809C800301EB40020070380300D000000094
S214040B90A8800111F0010000A8800131055AFD016A
S214040BA0AC800111F0010000AC800131053EFD006F
S214040BB0E40001026C2C511154010102C43F0000F0
S214040BC0FFFFFFFFFC4F01039011040010400100DB
S214040BD0014100003C4001000000000048400100C4
S214040BE0A007040050400100000000005C40010023
S214040BF00000000004410100FF4C000020400301F7
S214040C00000000861FC0010000600000384001019B
S214040C1000000040584004016402FF004008000041
S214040C20010000009200080080400F018C000C02B6
S214040C3000000000D70322000000000000000000AF
S214040C400002050D1A2D3F50606869635746352526
S214040C50150D090807060505040404030303030227
S214040C600202020201010101EC40010190382C8CC1
S214040C70FC4003019C200A00055B58804737414A24
S214040C800C410301B85552002A194929893B4040B2
S214040C9028410101FFDD000038410701E853FA004E
S214040CA0000000000000000000000000000000003B
S214040CB0000000000000000070410101C1030000B4
S214040CC0344201010000000E4842010158AA1EC029
S214040CD0784201010000000038800101114910002B
S214040CE09C8003010000000070780300FFC002002F
S214040CF0A8800111F0010000A88001310542CB0153
S214040D00AC800111F0010000AC800131050A0D0031
S214040D10E40001026C2C511154010102C43F00008E
S214040D20FFFFFFFFFC4F0103E01104001040010029
S214040D30014100003C400100000000004840010062
S214040D40A007040050400100000000005C400100C1
S214040D500000000004410100FF4C00002040030195
S214040D60000000861FC0010000600000384001013A
S214040D700000004058400401C804FF00400800007A
S214040D80010000009200040080400F018C000C0259
S214040D9000000000B603220000000000000000006F
S214040DA00002050E1C2F43536269686155433204E2
S214040DB016100E0E0D0C0A0807060504030302029D
S214040DC00201010101010100EC40010190E82B8CB5
S214040DD0FC40030190200A00055B58804737414ACF
S214040DE00C410301F56252002A194929893B404007
S214040DF028410101FFDD000038410701E853FA00ED
S214040E0000000000000000000000000000000000D9
S214040E10000000000000000070410101C103000052
S214040E20344201010000000E4842010158AA1EC0C7
S214040E3078420101000000003880010155251000A9
S214040E409C8003010000000070780300D0000000BE
S214040E50A8800111F0010000A88001310542CB01F1
S214040E60AC800111F0010000AC800131053EFD00AC
S214040E70E40001026E2C511354010102C43F020027
S214040E80FFFFFFFF0C40010001810100204002002B
S214040E9000000000010000003040030000000000D5
S214040EA000000000000000004040020000000000B7
S214040EB0004000006040010001010000A84001005D
S214040EC007000000BC400400000000000000000012
S214040ED0000000000000000008410300FF4C000072
S214040EE0FF4D0000FF4D000020C0011000F8070071
S214040EF020C00130F502080024C0080000130000DA
S214040F00EC80B38343754051A00F00483040000086
S214040F1000000000000000002E02000050C0040084
S214040F20511130040E2D09E654060708D1B6020006
S214040F3064C00A000430001C403018090D6479208F
S214040F40EBFCFB017FF6E803BD4B721511A31805F5
S214040F5010325476980A00000000000008000101D0
S214040F600807000018000101AAAAAA00200001012F
S214040F700060DA001C400101100000002C40030150
S214040F80008000000000000300000000684002012A
S214040F902941767100000000BC40020100000000F8
S214040FA000000000E04002013300000000000000E2
S214040FB0F4400201640483078813C83A24410101FB
S214040FC000000000304102016406660C0C010000BB
S214040FD054410101010100006841020164048307D1
S214040FE088138200304201010000000038420201EA
S214040FF00000000000000000444201010000000060
S214041000544209010000000000003C0000000000FB
S214041010000000005555555517000000000000005C
S21404102000000000AAAA06007C420201000000009C
S2140410300000000010800101030000003C80010154
S21404104001000000B0800201000300023700000126
S21404105098000202000C00044C000000A4000102E8
S21404106000040000D0000202050040AA8801000027
S214041070F4000202000000003D210811FC000112E9
S2140410803F000000FC00013200540400300101025D
S214041090600051026801010200040000FFFFFFFF28
S2140410A0100000000000800000000000C4120400CD
S2140410B08812040000000000802596000048E8011D
S2140410C040420F000108F5001149500200000000DC
S2140410D032120400000000000000000000000000BF
S2140410E03D420F0000000000000000000000000069
S2140410F0100000000000800000000000C41204007D
S2140411009412040000000000802596000048E801C0
S21404111040420F000102F500114950020000000091
S214041120321204000000000000000000000000006E
S2140411303D420F0000000000000000000000000018
S214041140100000000000800000000000C41204002C
S214041150A012040000000000802596000048E80164
S21404116040420F000108F50011495002000000003B
S214041170321204000000000000000000000000001E
S2140411803D420F00000000000000000000000000C8
S214041190100000000000800000000000C4120400DC
S2140411A0AC12040000000000004786000048E80176
S2140411B080841E000101F500114950020000000061
S2140411C032120400000000000000000000000000CE
S2140411D054841E0000000000000000000000000010
S2140411E0100000000000800000000000C41204008C
S2140411F0B812040000000000841743000024F40022
S21404120040420F000101F500552550030000000080
S214041210321204000000000000000000000000007D
S21404122038420F000000000000000000000000002C
S21404123003000200000000F049020614000000E06B
S214041240930405380000A0080000000058090104B3
S2140412500706100A01040707C80A00040807800BDB
S21404126000040808380C000409086108000000009F
S214041270680800000000C709010404032C0B0104DD
S2140412800404920C0104050450C30000E62D00007B
S214041290D0070000E5BF000010270000C2010000D0
S2140412A0F5DA0200102700002C01000050C30000ED
S2140412B050140000FA00000050C30000FC21000097
S2140412C0B3010000193F01060410010000010106E5
S2140412D000102700000C00000000000000006267F9
S2140412E05F6D6573736167652072656365697665AE
S2140412F072730062676275660061636C006C6C5F93
S214041300636F6E6E656374696F6E006C6C5F6164A8
S214041310765F736574006761705F636F6E7465787B
S21404132074006C6C5F76616C696461746F72006DD6
S2140413306573685F70726F765F64620062675F6D84
S21404134065737361676500736F66745F74696D6552
S214041350725F6D65737361676500666F756E646151
S21404136074696F6E5F636D64006C6C5F6164765F56
S21404137073796E63006C6C5F7363616E5F73796E12
S21404138063006761705F706572696F6469635F614B
S2140413906476006761705F706572696F6469635F25
S2140413A073796E63006C326361705F636F635F634F
S2140413B068616E6E656C006D6573685F70726F76DB
S2140413C05F64625F6170706B6579006D62656474FA
S2140413D06C735F636F6E746578740000F3120400B8
S2140413E0F9120400FD1204000B1304001613040083
S2140413F0221304002F1304003C13040047130400B4
S2140414005A130400691304007513040082130400BD
S21404141093130400A5130400B7130400CB130400AD
S21404142062676275665F696E0062676275665F6FA3
S21404143075740062676275665F6E6F666C6F7700C0
S21404144062675F6D616C6C6F6300000101020102EC
S208041450020300008A
S20C041454A40EFD7F0100000058
S21004145C68140400C00A002016010000FA
S214041468DC120020020000006130010098C9030065
S21404147880C9030068C90300E8030000C0EA210124
S214041488C0EA21010080000000F04902402D002037
S214041498F40A002000C0040000A00000E41600209F
S2140414A8C8000000FE000000000000001CCA03007C
S2140414B8180F0020A00000002D6F01005BAF03008A
S2140414C820000000000000000000000000000000EB
S2140414D80000000000000000810D0200000000006B
S2140414E8000000000000000029EB010000000000D6
S2140414F80000000000000000F9F5010000000000EC
S2140415080000000000000000A5040200000000001F
S21404151800000000000000006B60030000000000EC
S214041528350902000000000000000000000000006A
S214041538E5080200000000000000000000000000AB
S214041548250A020000000000000000004D140200F6
S2140415580000000000FFFFFFFF0000007D8003007E
S214041568818003008580030089800300FFFFFFFF56
S2140415788FA403001CD20300FFFFFFFF28D203003A
S21404158885A8030081A80300FFFFFFFF91A80300B6
S214041598FFFFFFFF43AC030099AC0300FFFFFFFF08
S2140415A8FFFFFFFFFFFFFFFFFFFFFFFF23270000EC
S2140415B8FFFFFFFF0000000000000000030000001B
S2140415C8D0290020280C002000000000D029002084
S2140415D8382A0020A02A002000000000000000008E
S2140415E800000000000000000000000000000000EA
S2140415F800000000000000000000000000000000DA
S21404160800000000000000000000000000000000C9
S2140416180000000020000400000000000000020093
S2140416281000000000000000000000000000000099
S214041638000000000A000100000000001200040078
S214041648000030303030080003000000503030000E
S21404165802000800000030303030303030300200ED
S2140416680300000030303000020005000000302E71
S214041678302E3000020008000000000000000000C1
S2140416880000020001000000000000000000000442
S214041698020000000000000502000000000000062A
S2140416A80200FFFFFFFF0400E40C02001700FFFF20
S2140416B80E0000000000000001011F04010101BF24
S2140416C88FAF7F8700370F10100004040F05140A25
S2140416D80301FF0EFF0F7F0082B030BF074BD3F81D
S2140416E8F030DB0704D500230193019B052B01DDAD
S2140416F802B07047019B0133F6E700BF00ED00E037
S214041708F0B5114A114C124E00F00105E3695F0763
S21404171813D40DB9334213D103EA00078F4207D115
S2140417280B4A1A40002A0CBF00206FF00100F0BDD7
S214041738013AEBD16FF00200F9E74FF0FF30F6E715
S2140417486FF00100F3E700BF80969800000003508E
S214041758020001000B4B70B5D96911F480310DD124
S21404176801244FF48072084E084DF46020462C6419
S2140417781A61FFF7C5FF3464EC6070BD6FF00100B2
S214041788FBE700BF0000035000100350002003507E
S2140417984FF4003238B50F4B0F4C9A6641F6713346
S2140417A80122E569E3630D4B0021DA6002236061D8
S2140417B82120236105F48035FFF7A2FF10B9212004
S2140417C8FFF79EFF0122064BDA600DB10023E363A0
S2140417D838BD00BF009000500000035000100350AE
S2140417E80020035070B5134C6061E3695B071ED490
S2140417F80E4656F8043B8D18A361AE420BD104235B
S214041808002121202361FFF77BFF58B9BDE870400B
S2140418182120FFF775BF08210846FFF771FF10B1AE
S2140418280423236170BD56F8043BA361E5E74FF033
S214041838FF30F7E7000003502DE9F84315464FF448
S2140418480032184B89469A6641F6713203F51C3302
S214041858DF69DA630122064603F58053DFF84C8015
S21404186807F48037DA6055B9284601220E4BDA6049
S2140418781FB10022A3F50053DA63BDE8F88306F522
S214041888005404EA0804A41BAC4228BF2C46494664
S21404189822463046FFF7A6FF0028E6D12644A14490
S2140418A82D1BE0E7009000500020035000E0FFFFE7
S20C0418B8D5220100AD22010057
S804013605BF
