:020000021000EC
:10200000C00A002001360100EB0A0300EB0A0300BE
:10201000D11C0300EB0A0300EB0A0300EB0A0300E8
:10202000EB0A0300EB0A0300EB0A0300EB0A0300D0
:10203000EB0A030088CA030077090300EB0A0300D8
:10204000EB0A0300EB0A0300EB0A0300EB0A0300B0
:10205000EB0A0300EB0A0300EB0A0300EB0A0300A0
:10206000EB0A0300EB0A0300EB0A0300EB0A030090
:10207000C5880100EB0A0300EB0A0300EB0A03002A
:10208000EB0A0300EB0A0300EB0A0300EB0A030070
:10209000EB0A0300E13D0100EB0A0300EB0A030039
:1020A000EB0A0300BD3F0100993F0100EB0A03006A
:1020B000EB0A030085D90200EB0A0300CDE302001E
:1020C000A7AE0300A3AE0300BDDB0200B3AE030066
:1020D000ABAE0300A5E30200AFAE03000DE40200C7
:1020E0009DBD020061BF02007DE40200EB0A030017
:1020F000EB0A0300EB0A0300EB0A0300EB0A030000
:10210000EB0A0300EB0A0300EB0A0300EB0A0300EF
:10211000EB0A0300EB0A0300EB0A0300EB0A0300DF
:10212000EB0A0300EB0A0300EB0A0300EB0A0300CF
:10213000EB0A0300EB0A0300913001003D0A0300A3
:10214000002370B5404C05468AB0E36318B100889F
:1021500023600BF085FE3D4828F004FA3C4E3D4BD1
:10216000304633603C4B736023F0DDF8002130468D
:1021700015F098FD32A3D3E90023A062C4E9062339
:1021800023F0DCF8D4E9062319431043C4E906011F
:10219000CDE900014FF0FF334FF0FF32A06A28F085
:1021A0005CFA02224FF0FF31A06A28F05BFA0120AE
:1021B0000BF0D6FB4FF4007300222849A06A28F0E8
:1021C000A4FAB0F5007F38D100239422CDE907337B
:1021D00009933C23CDE9033205939623A06A03A912
:1021E000069315F07DFE35B3287C0BF0E7FF05461E
:1021F000F0B9A06A28F06AFB0BF08EFF0BF092FB9F
:1022000020B14FF48070002108F03EFC0BF09AFBE7
:1022100020B14FF40060002108F036FC23F030F9C3
:10222000012015F093FD0E4A0E49A06A23F079F8BB
:1022300028460AB070BDFF20D7E70725F8E700BFA2
:102240000DD5015520000000880F0020690345ECE2
:1022500010240020E5D701002024002010220020B7
:10226000CB5203000B5303000348044B834202D0BC
:10227000034B03B118477047180F0020180F0020B8
:1022800000000000064B0749C91A891048BF0131F8
:10229000491003D0044B0BB101481847704700BFE9
:1022A000180F0020180F00200000000010B5064C89
:1022B000237843B9FFF7D8FF044B13B10448AFF3B9
:1022C00000800123237010BDF42B002000000000CB
:1022D0001415040008B5054B1BB105490548AFF3BB
:1022E0000080BDE80840FFF7CDBF00BF0000000040
:1022F000E811002014150400A3F5803A704700BFD0
:10230000174B002B08BF134B9D46FFF7F5FF00212D
:102310008B460F461348144A121A28F07FFE0E4BC4
:10232000002B00D098470D4B002B00D09847002081
:10233000002104000D000D48002802D00C48AFF326
:1023400000801CF02DFD200029001EF008FB1CF071
:10235000B1FA00BF0000080000000000000000000B
:10236000C00A0020180F00203C2D002000000000B3
:102370000000000070B504460D4621B94FF41671F7
:1023800008481EF095FA0E46062056F8043F33B969
:1023900006288ABFA3682B681B68636070BD20464F
:1023A0009847F2E7C0C4030038B5036804462BB170
:1023B00083681BB145680B4A954203D0C8210A487F
:1023C0001EF076FA9847082801D0D221F7E7A368D3
:1023D0001B6863602046A168FFF7CCFF0728F9D887
:1023E00038BD00BFACC40300C0C403002DE9FF41E9
:1023F00004460F46456801B125B94FF496712F4840
:102400001EF056FA2E463946204673689847012832
:1024100024D83668002EF6D104B0BDE8F081EB6810
:102420000BB1204698472D6820E0906828B104A899
:1024300000EB830040F8102C013312681FE05DF8B8
:10244000253020469B689847013D1DE0062023E08B
:10245000EB680BB1204698472D6825E00628DBD9AC
:1024600009281BD1D4F8088067686560B542D6D1C9
:1024700041462046FFF77EFF3A46002361688A42C4
:1024800001D0042BD1D15D1E6B1CD8D13B69676094
:10249000002BDBD02046984765682E46002706288B
:1024A000BAD9D4F80880A760AE42D1D141462046BF
:1024B000FFF760FF65682E46F1E700BFC0C4030068
:1024C000024B0360024BC0E901317047A0C4030016
:1024D000ACC40300014B836008207047F4C50300BF
:1024E000014B836008207047DCC50300014B83600B
:1024F0000820704790C50300044B0A689A4203BF46
:10250000034B836007200020704700BFA00009062E
:1025100050C5030010B50446024805F031FFE060E5
:10252000052010BD3412002008B502481EF07DFBC6
:10253000052008BD70CA030008B502481EF078FBEC
:10254000052008BD70CA03000B68124A10B59342FB
:10255000044615D002F18062934219D1038C1BB15D
:102560000D4B8360072010BD90F822000EF006FE90
:10257000E06000B1FEE7FF2384F833300220F2E789
:10258000064B1A685379927943EA02230384F5E7EC
:102590000020E8E7A000090264C5030068120020DB
:1025A0000B68234A10B5934204462CD007D8052B5C
:1025B00034D002F17F4293420DD0002010BD1D4A5D
:1025C000934224D002F180729342F6D1FF2380F827
:1025D0003330194B14E0194B1B681A7B80F822200A
:1025E00001205B7B2083FF2BE8D0628B6AB162699C
:1025F0005AB1E2694AB1228C3AB184F82C30104BBE
:102600000720A360DAE70F4BFAE70F4BF8E70B4B15
:102610001B685B7980F82C300C4BF1E790F82200B6
:102620000EF0ACFD10B9E0600220C7E7FEE700BF86
:10263000A0000601A0000F031CC5030068120020C3
:1026400040C50300F8C403002CC5030008C50300FF
:1026500030B50B687C4A0446934285B000F0D680C2
:1026600007D8042B1AD0052B00F0B980002005B044
:1026700030BD764A934200F0BC8002F10072934272
:10268000F4D1734B1B68B3F8052041F212139A4240
:1026900040F09D806F4B83600720E8E74B7A032B67
:1026A00000F29780DFE803F0025F93970A7A6A4BA3
:1026B00053F82230694A934213D1532380F82730CC
:1026C00090F82B30418B80F828300123032280F8CA
:1026D000293000F1270390F822000EF089FDB0B1F7
:1026E000FEE75F4A934225D1502380F8273090F8C7
:1026F0002B30418B80F828302B23032280F829309F
:1027000000F1270390F822000EF072FD88B9E06016
:102710000122544B54481A701EF08AFA00235021AB
:10272000CDE90033514A524805F034FFD0B9E0609A
:102730004FE0FEE74F4A9342EAD1502380F827301A
:1027400090F82B30418B80F828302D23032280F81D
:10275000293000F1270390F822000EF049FD0028EF
:10276000D5D0FEE7FEE73C4B0A7A53F822203B4BDC
:102770009A422CD190F82B305322022B8EBF00238B
:102780000133DBB280F82B3080F8272080F8283026
:1027900080F82920418B00F12703032290F82200C2
:1027A0000EF026FD0546E06000B1FEE702222D4B4B
:1027B0002D481A701EF03CFA2B465021CDE90055E9
:1027C0002A4A2B4805F0E6FE0028B0D0FEE700F0CC
:1027D00073FD02204BE7002023F0E7FCF9E790F8B7
:1027E00022000EF0CBFCE06000B1FEE700F080FDBF
:1027F000EFE7174B1968038BB1F805209A42E8D12F
:102800008A7A23300B3128F014FCE2E7104B1B6866
:10281000DB7A012BDDD1028B002ADAD0164AC821DF
:10282000137000234FF6FF720383CDE901324FF49A
:10283000FA72009290F822004FF496720EF074FC37
:1028400000283FF474AFFEE7A0000602A0000904D0
:1028500068120020BCC50300CC0A002058CA03003F
:1028600040CA0300FD2B002070CA0300F92D0100AF
:102870003412002028CA0300FE2B00201FB50B686D
:102880001B4A0446934206D002F1806293420BD069
:10289000002004B010BD174B1A685379927943EAAF
:1028A000022343830220F4E7638B90F82200B3B144
:1028B0000122114BC8211A7000234FF6FF72CDE997
:1028C00001324FF4FA7200924FF496720EF02CFC23
:1028D000E06000B1FEE7094B0720A360D9E70EF0E6
:1028E0004DFCE06000B1FEE7FF2384F83330D9E708
:1028F000A000090268120020FE2B002070C5030012
:102900000B68244A73B5934204460AD002F18062F0
:1029100002F5802293423BD0052B37D0002002B035
:1029200070BD1D4D28680379032B01D00120F6E707
:10293000817D173000F012FA0028F7D0174805F013
:102940001FFD0146E06000B1FEE72868C27A0091F1
:10295000437A867AD0F8050043EA062363F30F0131
:1029600001230EF0B3FBE06000B1FEE72B68D3F863
:102970000520C4F82D20B3F80920DB7AA4F8312013
:1029800084F83330064B0720A360C8E7054BFAE70D
:102990000220C4E7A00005006812002034120020C5
:1029A000ACC503009CC503000B6837B5042B044677
:1029B00005D0154A93421BD0002003B030BD90F8DB
:1029C0003320FF2A1ED000F12203009390F831102B
:1029D00090F832500123D0F82D0041EA05210EF085
:1029E00075FB00B1FEE7094BE0600720A360E4E758
:1029F000074805F0C5FCE06010B906481EF015F95F
:102A0000054BF2E7054BF0E7A0000601E8C4030020
:102A10003412002070CA0300C8C40300D8C40300E5
:102A20000B681F4A70B59342044605D002F1A062BC
:102A300093421BD0002070BD1A4B10221D681A490A
:102A400005F10A06304628F0BFFA20B9D5F805305E
:102A500063610220EFE702223046144928F0B4FAFD
:102A60000028F6D1D5F80530E361F2E743692BB1D0
:102A7000C3691BB10E4B83600720DCE794F822008A
:102A80000EF07CFBE06000B1FEE794F822000EF04F
:102A900087FBE06000B1FEE7FF2384F83330D8E71E
:102AA000A000090168120020F8C60300E6C6030072
:102AB00080C503000A680A4B10B59A4204460CD13F
:102AC0001DF045FF032122200EF0F6FBE06000B16F
:102AD000FEE70720034BA36010BD0020FCE700BF0A
:102AE000A0000100E8C503000B68154A10B5934229
:102AF000044621D002F1007293421DD002F17D42C2
:102B000093421BD10F4805F03BFCE06010B90E4822
:102B10001EF08BF80D4B1B689A8841F213039A4202
:102B200005D194F82C000EF0DBFB20B9E060072003
:102B3000074BA36010BDFEE70220FBE70020F9E78A
:102B4000A00006023412002070CA030068120020A0
:102B5000D0C50300012213B50446018C01AB90F8E7
:102B600022008DF804200EF043FBE06000B1FEE788
:102B700002481EF05DF8042002B010BD70CA0300C8
:102B800010B5416904461022064B90F822000EF061
:102B900019FBE06000B1FEE703481EF049F804208D
:102BA00010BD00BFE8C6030070CA030010B5C169BC
:102BB00004460222064B90F822000EF003FBE06070
:102BC00000B1FEE7208403481EF032F8042010BD57
:102BD000E4C6030070CA03001FB503A905F07AFC20
:102BE00038B90346CDE90000034A039903481FF0B2
:102BF00086F805B05DF804FB5D2C0100341200205E
:102C000008B502481EF014F8052008BD70CA03007C
:102C100008B502481EF00CF8052008BD70CA030074
:102C200008B502481EF004F8052008BD70CA03006C
:102C300010B5044690F822000EF0B2FAE06000B140
:102C4000FEE702481DF0F4FF042010BD70CA030027
:102C50000149FFF735BC00BFD52401000122014B1B
:102C60001A707047FF2B002004220A4B70B5002514
:102C70001A60E0221D715A71074B1C682046FFF74D
:102C8000E7FF23682A4629462046BDE870401B68B6
:102C9000184700BF5C120020FCC503001FB51B4B8A
:102CA0001A78B2B100221A481A7005F069FB00B117
:102CB000FEE741F2883003A905F00CFC034638B961
:102CC000CDE90000134A039911481FF018F800B12C
:102CD000FEE7114B1A783AB100221A700F4B1049D7
:102CE000186803685B6898470E4B1A7852B1002247
:102CF0001A700A4B0C49186803685B6805B05DF8E8
:102D000004EB184705B05DF804FB00BF002C002061
:102D1000341200205D2C0100FE2B0020FCC50300B6
:102D20005C120020FF2B0020DCC60300084B094981
:102D300018600368002223F47F4323F007030B602D
:102D4000E0234B71044B0A71186803685B681847ED
:102D50006812002054120020FCC503002DE9F04148
:102D600005460F460024DFF83480BC4202D3002021
:102D7000BDE8F0812B195B782E5D063B012B06D850
:102D8000A01C10224146284428F01EF918B1013633
:102D90002644F4B2E9E70120EAE700BFF8C60300E1
:102DA000054B1878054B1B781843054B1B781843C7
:102DB00080F00100704700BFFF2B0020FE2B002099
:102DC000002C002038B5094D04462B783BB9084942
:102DD00008480EF097FA00B1FEE701232B7014B1FA
:102DE000034B1B782370034838BD00BFFC2B002029
:102DF000F52B0020F62B002010B50B4C23787BB16F
:102E00000A481DF018FF30B108481DF011FF237863
:102E1000013B237010BD0548BDE810401DF008BF00
:102E20000122034B1A70F5E7FD2B002070CA030046
:102E3000002C00200122034B1A70034B59721872A8
:102E400000F056BAFE2B00205C1200207FB503680C
:102E50001C4A23F47F4323F0070393422ED105221B
:102E600000211720184B0EF0D9F900B1FEE70DF143
:102E7000070102A80EF046FA014600B1FEE7BDF8D0
:102E80000C3008225BBAADF810309DF80B301920D9
:102E90008DF81230FF238DF81330FE238DF8143097
:102EA0009DF80A308DF81530BDF808305BBAADF8E2
:102EB000163004AB0EF0B2F900B1FEE707B05DF8D2
:102EC00004FB00BFA000010008C7030010B5234C9D
:102ED00001F056FB01F032FD236F23F0070343F0AE
:102EE000030323671DF0FDFF1D4B00209B6A9B071A
:102EF0005EBF01221B4B9A62D4F8203123F00303FA
:102F000043F00203C4F82031D4F8243123F007033E
:102F100043F00203C4F82431D4F8403123F0030312
:102F200043F00103C4F84031D4F8603123F00303C7
:102F300043F00103C4F86031D4F8403223F00303B6
:102F400043F00103C4F84032D4F8003223F0070301
:102F500043F00103C4F8003210BD00BF00800050F0
:102F600000C0005000E0005008B502F033FA01281C
:102F70000ED1114B04205A6E4FF480230F49520397
:102F800058BF0F4A4B6601F51041086258BF53669F
:102F900003F0AAFF03F04EFF03F06EFF1EF0F2FCF9
:102FA000FFF794FF03F056FF00F0E4FB01F018F880
:102FB000BDE8084004F0A4BC008000500090005020
:102FC00000A0005030B51F4D9DB009AC0FCD0FC40F
:102FD00095E80F0084E80F002822002112A828F0AD
:102FE0001DF8194B012411933823139302238DF8F4
:102FF000503015938DF8583003230E2200210DF127
:10300000160017938DF8494028F008F84FF4801205
:103010000E4B03A9CDE903233E238DF814303F2343
:103020008DF815300A4B09AA069320230793094B04
:103030000948009311AB8DF8204003F0E7FF1DB065
:1030400030BD00BF08CA03000000035A3400035A11
:10305000012C00206C120020DC120020022905D86F
:10306000034B1B68186808B1436A1847704700BFD4
:10307000C00A002008B50449044804F007FDBDE873
:103080000840FFF79FBF00BFC40A002000130020C4
:1030900001481EF0D0BC00BFDC120020014B1A6AB0
:1030A00018681047DC12002008B505481DF042FDE5
:1030B00004481DF03FFDBDE8084003481DF03ABD3F
:1030C00058CA030040CA030028CA030001481DF083
:1030D000A9BD00BF70CA030008B5064B834207D1E3
:1030E000054B1B7823B1C8B20EF048F800B1FEE7DB
:1030F00008BD00BF08130020212C002030B500259A
:103100000368344A23F47F4323F0070385B09342D6
:1031100004460295ADF80C5035D002F5802293425A
:103120000CD0A2F18272934251D12B4B1B78002B11
:103130004DD005B0BDE830401EF0A7BEB0F8053058
:10314000232B44D1FF2304A91A4611E903001DF0E3
:10315000C5FC012814BF41F2FC151F4B4FF02301A1
:1031600008BF187005F0FC0220790EF06DF800B170
:10317000FEE71A4900902379194A0968194800F0B6
:103180004BF920B3FEE7B0F80530B7EE047A07EE4E
:10319000903AF8EE677AB0F8073067EE877A013335
:1031A00007EE103AB8EEC77A67EE877AB1EE047A86
:1031B00067EE877AFAFE677AFCEEE77A17EE903AC6
:1031C000B3F57A7F38BF4FF47A73044A136005B0C1
:1031D00030BD00BFA0000602212C0020D80A00202C
:1031E000D93001000813002004210022034B19717B
:1031F0001A6019739A6019751A617047401300209C
:103200002DE9F8431F4B06461B78ABB90325DFF8C1
:103210007C901D4C59F8043BB34207D130461DF059
:103220008EFC01280AD11EF0EEFD2060013D15F054
:10323000FF0504F10804EDD1BDE8F88330461DF028
:103240007EFC80460028F1D11EF0DDFD2368C71A00
:10325000FA2005F02DF9B84202D984F80480E5E798
:103260004FF47A7005F024F9B84202D90123237192
:10327000DCE741F2883005F01BF9B8428CBF02232D
:103280000323F4E7190D002040130020CC0A00208E
:1032900070B500240426074D2979042903D0E0B233
:1032A000FFF7C8FD2E710134032C05F10805F3D199
:1032B00070BD00BF4013002038B50024094D55F8FB
:1032C000040B1DF03CFC012804D11EF09CFD064BB4
:1032D00043F834000134032CF1D10022034B1A705F
:1032E00038BD00BFCC0A002040130020190D00207B
:1032F000064B1A784AB9012119700421044B19713F
:103300001A6019739A6019751A617047190D0020B7
:1033100040130020074B187850B9074B1A79042A3C
:1033200006D11A7B042A03D1187D031F5842584145
:10333000704700BF190D002040130020094B1B7877
:103340005BB9094B1879042809D11A7B042A07D1E3
:103350001B7D042B08BF012070470120704704200B
:10336000704700BF190D002040130020012208B54E
:10337000074B1A700022074B1A700422064B1A7072
:103380001F22064B1A7003F0D9FD054B186008BDCB
:103390001C0D0020222C00201B0D00201A0D0020E7
:1033A0005813002038B505461DF0B7FD00230B4A21
:1033B00014685CB1AC4206D1A96A6BB199621DF088
:1033C000B2FD012007E02346A46AF2E7002DF3D006
:1033D0001DF0A9FD204638BD1160F0E75C13002008
:1033E00010B5044698B104F0CBFF2046FFF7DAFF92
:1033F00010B194F82C300BB9002010BD1DF08DFDDC
:10340000044A1368013B13601DF08DFDF4E7222090
:10341000F3E700BF601300202DE9F04385B00546B7
:10342000914698460E469DF8307009B9002F5CD140
:103430002846FFF7D5FF0446002836D185F82C0032
:10344000686305F0D9F8864233D905F02BF8214698
:10345000844640F2E7304FF47A720023E6FB0C0119
:103460001BF090F84FF0FF3200231BF08BF82B4637
:10347000E88611462846CDE900441D4A1EF09EFC10
:10348000044690B9C5E9089885F82D702E631DF0A3
:1034900044FD184A136833B31A469B6A002BFBD1CC
:1034A00095620023AB621DF03EFD204605B0BDE8ED
:1034B000F08347B12B4631462846CDE900440C4AFB
:1034C00005F026F8DCE7304603A905F003F80446CA
:1034D0000028EAD12B462846CDE90077044A039913
:1034E0001EF048FCCCE71560DBE72124DDE700BFD8
:1034F000F93401005C13002091F82C3013B50C4610
:1035000083B98B8ECA8E93420ED243B9CDE9003374
:1035100020460B46104A4FF0FF311EF00FFCA38EE1
:103520000133A38602B010BD52B191F82D307BB1AA
:1035300001230093D1E908232046096BFFF76CFFB4
:103540000123064A84F82C30136801331360E9E73D
:10355000084604F015FFF3E7F9340100601300207A
:103560002DE9F041144E336823B34FF00008134F98
:103570001DF0D3FC05463C6824B92846BDE8F0415F
:103580001DF0D1BC94F82C3093B1336884F82C80B2
:10359000013B336094F82D3013B92046FFF702FF4A
:1035A00028461DF0C0FCD4E9083120469847DFE7E3
:1035B000A46AE1E7BDE8F081601300205C130020FD
:1035C000034B1B68002B14BF04200120704700BF71
:1035D00060130020024B1868B0FA80F04009704771
:1035E000601300200348044A0449121A92101DF087
:1035F0007DBA00BF80190400801904003C2D002012
:1036000008B500F02FF8FFF7EDFF124B12498B427F
:1036100012D30020114B12498B4218D3FEF770FED3
:10362000186850F82240586840F8224001329868E3
:103630008242F5D30C33EAE70022F8E71C6844F82D
:10364000220001325C68A242F8D30833E4E700228A
:10365000F8E700BF1C150400281504002815040015
:10366000281504004FF400414FF0FF30124B134A6D
:1036700010B59A60D3F8882042F47002C3F888200D
:103680000F4A916601F1884101F5005210664FF62C
:10369000DF7050660220C3F8D000BFF34F8FBFF336
:1036A0006F8F08244FF440330648C0F88041D36040
:1036B00004600B6110BD00BF00ED00E000200100C0
:1036C0000090005000E100E0014B1868704700BF17
:1036D000E00A0020084B1B6F03F00703022B04D005
:1036E000032B05D0012B05D0FEE7044B186870476B
:1036F000034BFBE70348704700800050E00A0020BE
:10370000E80A0020002D310108B5FFF7E3FF054B63
:103710001B6FC3F303330133B0FBF3F0024B1860AC
:1037200008BD00BF00800050DC0A00200048704740
:1037300000B4C404014B1868704700BFE80A0020B9
:10374000054B1860054B1B6F03F00703032B01D1DA
:10375000FFF7DABF704700BFE80A00200080005082
:1037600000487047002D3101014B1868704700BFB9
:10377000E40A002000239B6A10B5B3F5903F11D2F4
:1037800019680A4A91420DD1094C227812F0FD0FB6
:1037900001D0002010BDDB6998470028FAD1012331
:1037A0002370F6E74FF48170F4E700BF07B0CD5EF9
:1037B000232C00204FF00053074A1A60BFF34F8FAD
:1037C0000649074BCA6802F4E0621343CB60BFF3BB
:1037D0004F8F00BFFDE700BF02020FF000ED00E0D9
:1037E0000400FA050346054A0549106803448B4264
:1037F0008CBF4FF0FF301360704700BFEC0A002011
:1038000000800020F7B50468012105463A2000F049
:10381000DDFD002301226179207901F0E9FB142309
:103820003021227911FB023101F1A04101F5703103
:1038300009686379D940C943A37901F00101022BDA
:10384000217017D100F022FB164A2B4661792079AE
:1038500000F046FBFF28024660790ED12A46114946
:1038600000F068FB0123024661792079CDE900333D
:1038700001F064FB002003B0F0BD0126277900238E
:1038800001460096384601F013FC2A460549607946
:1038900000F050FB002361790246207900930196E5
:1038A0003346E5E7490B030008B501213A2000F053
:1038B0008DFD032101230422002001F099FB00204B
:1038C0001DF099FB0122214B4FF46070C3F8442492
:1038D0001DF03EFA1E4B00F5D520D3F8F02000F283
:1038E000FC4042F00102C3F8F020D3F8FC2042F083
:1038F0008072C3F8FC20174AA3F55D431A60164B8B
:103900000222B0FBF3F0154B01381861C3F8F02028
:103910004FF48072C3F804234FF06043104A002034
:10392000C3F8B02F0F4AC3F8802ED3F8002E42F40C
:103930008072C3F8002EFF2283F82020D3F8002ED7
:1039400022F48072C3F8002E08BD00BF00D00350DF
:1039500000ED00E0FF030040F8590D00000004E016
:1039600055CEACC50900010010B50122437801789D
:10397000847830209A40054B00FB01331CB942F299
:1039800010015A5010BD41F21001FAE700C0035077
:1039900010B5012243780178847830209A40054B95
:1039A00000FB01331CB941F210015A5010BD42F224
:1039B0001001FAE700C003502DE9F04F9A46564B2C
:1039C00085B01B7806460F461546DDF83C909DF8FD
:1039D00044B0DDF85080002B00F09780072A00F2F9
:1039E00096800E9B002B00F09280B9F1000F00F042
:1039F0008E80129BB3F5006F00F38980012803D1FC
:103A0000109B002B00F08380444B03EB05131B7BC2
:103A1000002B7ED0424C10220021684627F0FEFA8F
:103A200004EB45141022A7BB3946204627F0F6FACE
:103A300043F210036380BBF1000F03D1E37843F03E
:103A40000303E370364A0E9B02EB451CCCE901935D
:103A5000129B6901581E9DF84C30C0F30A0003F018
:103A600003039B0643EA001E53582E48012E00EA2A
:103A700003004EEA0003CDF800A0535017D0B8F170
:103A8000000F2ED19CF8023068F304138CF802303A
:103A900027E00021204627F0C1FA4FF444736380E9
:103AA000BBF1000FCED1E37843F03003C9E7132315
:103AB0000CF1100ECCF80C309CE80F008EE80F00D3
:103AC0006FF00301DCF81C20109B61F39F02012FB3
:103AD000CCF81C20CCF8143003D1CCF81890CCF8DA
:103AE000043000270D4A290102EB051342F801803A
:103AF000159A28465A60694622469F605E7301F017
:103B000053FB384605B0BDE8F08F0748FAE7074891
:103B1000F8E70748F6E700BF242C002064140020D3
:103B2000641300200F80FFF3028000F0018000F09A
:103B3000078000F038B5124B05461B78DBB1E0B1C9
:103B40001DF0EBF90F4A00231146147B54B92B608A
:103B500001251A0101EB03131D738C501DF0E3F9CD
:103B6000204638BD0133082B02F11002EDD11DF0C3
:103B7000DAF90548F5E70548F3E70548F1E700BF3E
:103B8000242C002064140020048000F0028000F047
:103B9000018000F038B51DF0C0F9002305460B4A3E
:103BA000147B6CB90133082B02F11002F8D101F03B
:103BB0009DFA074B28461C701DF0B5F9204603E01E
:103BC00028461DF0B0F9034838BD00BF641400203A
:103BD000242C0020058000F00D4B10B51B78044606
:103BE00093B1072812D81DF098F90A4B03EB041380
:103BF0001A7B2AB100241C731DF095F9204610BDD4
:103C00001DF091F90448FAE70448F8E70448F6E79C
:103C1000242C002064140020068000F0028000F0B4
:103C2000018000F0154B13B51868002301908DF842
:103C300004301DF072F9124B1C7824B11DF073F999
:103C4000104802B010BD01221A701DF06CF90E4B25
:103C500001A81C731C7783F82C4083F83C4083F840
:103C60004C4083F85C4083F86C4083F87C40082328
:103C70008DF8073001F066FA2046E2E7D8CA030063
:103C8000242C0020038000F0641400200A4A08B5A8
:103C900012785AB107280BD8084A02EB00131B7B95
:103CA00043B1002101F040FA002008BD0448FCE7C0
:103CB0000448FAE70448F8E7242C002064140020A4
:103CC000028000F0018000F0078000F00A4A08B589
:103CD00012785AB107280BD8084A02EB00131B7B55
:103CE00043B1012101F020FA002008BD0448FCE79F
:103CF0000448FAE70448F8E7242C00206414002064
:103D0000028000F0018000F0078000F00A4A08B548
:103D1000127852B107280AD8084A02EB00131B7B1D
:103D20003BB101F08BFA002008BD0548FCE70548CF
:103D3000FAE70548F8E700BF242C002064140020AF
:103D4000028000F0018000F0078000F00D4B1B782E
:103D500093B1072812D889B10B4B03EB00131B7BDF
:103D600073B10A4B1A6D01238340134214BF012320
:103D7000002300200B7070470548704705487047C6
:103D800005487047242C00206414002000000450D3
:103D9000028000F0018000F0078000F00B4A10B5AF
:103DA00012780C4662B107280CD859B1084A02EBC8
:103DB00000131B7B43B101F053FA2070002010BDAB
:103DC0000448FCE70448FAE70448F8E7242C0020FC
:103DD00064140020028000F0018000F0078000F0F1
:103DE000184B2DE9F0411F6D5B6D1F4000D5FEE7BC
:103DF00001260025144CDFF85880374218D023687C
:103E0000C8F85060A3B1A168284601316268A1607A
:103E10009847637B012B0BD150B90C4B03EB451337
:103E20001A7B60F341021A731A7F60F341021A771A
:103E30000135082D4FEA460604F11004DDD1BDE836
:103E4000F08100BF000004506414002064130020BF
:103E50000020045070B5044601250B4E04B970BD16
:103E600094FAA4F0B0FA80F005FA00F306EB001221
:103E700024EA03045368002BF0D0117B11B1916840
:103E80009847EBE79847E9E7E414002008B51920C4
:103E900000F080FD28B14FF00072074BC3F880217D
:103EA0001A601A2000F076FD28B14FF08062024BB4
:103EB000C3F880211A6008BD00E100E038B505466E
:103EC0000C461DF02AF80022044B03EB05135C603E
:103ED0001A73BDE838401DF026B800BFE414002076
:103EE000F8B504460D4617461E461DF016F81CB9D7
:103EF000052D0DD0FF2414E0012C03D1012DF9D1A3
:103F0000032405E0022CF5D17DB1052DF2D1072463
:103F1000074904F1100301EB03110123C1E9017604
:103F20000B731DF000F82046F8BD0624F0E700BF33
:103F3000E4140020F8B505460E4617461CF0EDFFC8
:103F4000134B2C46D3F8242405F0FC0122FA05F388
:103F5000DB0712D500230133DBB2042B04D1FF248D
:103F60001CF0E1FF2046F8BDEC1804F003040C44FB
:103F700022FA04FC1CF0010FEDD1FF2CF0D001223D
:103F8000044B03EB0413C3E901671A73E8E700BFAE
:103F900000C00350E4140020074BD3F82404D3F8E6
:103FA000202403F50053104000F0553020F050203D
:103FB000C3F82004FFF74EBF00C00350074BD3F8EF
:103FC0002404D3F8202403F50053104000F0AA3055
:103FD00020F0A020C3F82004FFF73CBF00C003502E
:103FE000024B1968024B186813F06EBAF00A0020F1
:103FF000100B002070B59400224605460E4628F0AE
:104000002FFA431C0AD058B922463146284626F0DA
:10401000DBFF0028034808BF002070BD0248FCE712
:104020000248FAE710E000F021E000F024E000F0A0
:1040300010B5044628F010FA431C10D088B901F0DE
:10404000D1F9234620F003002044984201D10020FA
:1040500010BD53F8042B0132F7D00348F8E70348AA
:10406000F6E70348F4E700BF0EE000F021E000F0BF
:1040700024E000F008B51CF049FF014B186008BDB2
:10408000D41D0020014B18681CF044BFD41D002033
:10409000044BD3F88420D206FBD4D3F88400C0F3B9
:1040A000811070470040005038B5104B0546D3F8DA
:1040B00020310C4603F00303022B0BD0032B0DD051
:1040C000012B0FD1FFF700FB052305B1286004B1D8
:1040D000236038BDFFF72EFB0323F6E7FFF740FB15
:1040E0000223F2E701230020EFE700BF0080005029
:1040F00073B50D4600210E4B0191D3F88041064661
:1041000004F00304012C09D0022C0CD00C460EB193
:10411000019B336005B12C6002B070BD01A8FFF7B0
:10412000C3FF0F24F3E7FFF71BFB0190EFE700BF8E
:104130000080005038B5184B0546D3F824010C46D2
:1041400000F00700062823D8DFE800F0040A121A5E
:104150001E0E1600012305B1286004B1236038BD8E
:10416000FFF7B2FA0523F6E7FFF7AEFA0623F2E708
:10417000FFF7E0FA0323EEE7FFF7DCFA0423EAE7B0
:10418000FFF7EEFA0223E6E71CF0BBFC0723E2E7A9
:1041900000231846DFE700BF0080005038B5104B01
:1041A0000546D3F840310C4603F00303022B0BD035
:1041B000032B0DD0012B0FD11CF0A5FC092305B159
:1041C000286004B1236038BDFFF7CEFA0823F6E774
:1041D0001CF09CFC0B23F2E701230020EFE700BF5B
:1041E0000080005038B5144B0546D3F800020C4649
:1041F00000F0070004281BD8DFE800F003090D11C8
:104200001500012305B1286004B1236038BD1CF0FE
:104210007AFC0923F6E7FFF7A7FA0823F2E71CF078
:1042200075FC0B23EEE7FFF76FFA0E23800AE9E730
:1042300000231846E6E700BF0080005038B5104B59
:104240000546D3F840320C4603F00303022B0BD093
:10425000032B0DD0012B0FD11CF055FC092305B108
:10426000286004B1236038BDFFF77EFA0823F6E723
:104270001CF04CFC0B23F2E700231846EFE700BFCD
:104280000080005038B5104B0546D3F860310C461D
:1042900003F00303022B0BD0032B0DD0012B0FD106
:1042A0001CF031FC092305B1286004B1236038BD3E
:1042B000FFF75AFA0823F6E71CF028FC0B23F2E775
:1042C00001230020EFE700BF0080005010B40D4C28
:1042D0000B46D4F8204204F00304012C0AD0022C2F
:1042E0000CD008B1002101600BB100221A605DF80A
:1042F000044B70475DF8044BFFF7D6BE5DF8044BE6
:10430000FFF74CBF0080005038B50C4605461CF046
:10431000FDFD054B9A6A54402C4054409C62BDE818
:1043200038401CF0F7BD00BF00C00050B0F5207F42
:104330001FD009D8B0F5007F15D003D868B1B0F50B
:10434000C07F0AD000200CE0B0F5607FFAD10B4BA3
:10435000D3F88000C0F3011003E0084B186FC0F3DE
:10436000033001307047054BD3F89000C0F3046070
:10437000F7E7024B186FC0F38020F2E7008000508F
:104380004FF400320E4B014610B500209A66FFF73D
:10439000CDFF484341F671320A490B4B884294BF26
:1043A00000200120DC69DA639A6822F4401242EAB4
:1043B00000529A60E20344BF0022DA6310BD00BFDE
:1043C00000900050005A620200000350420910B5EC
:1043D0000FD0012A0FD00A4B0A4C022A18BF2346DD
:1043E00000F01F0049B103F58053012282401A609A
:1043F00010BD1346F4E7044BF2E703F50053F4E76E
:1044000068800050608200506480005008B58020B1
:104410001CF09EFC034B98429EBF4FF48032024B2F
:104420001A6708BD005A620200A000501FB50023A1
:10443000B0F5807F019377D028D8382800F0948099
:104440000BD82438092810D809280ED8DFE800F046
:10445000676767670D0D620D377D52285FD008D8FA
:104460003D283BD03E2800F08480019805B05DF8DF
:1044700004FB8028F9D1414B1B6F03F00703013B7C
:10448000032BF2D8DFE803F044413F6CB0F5D06F66
:104490005BD019D8B0F5A06F66D00AD8B0F5806FA0
:1044A0003DD0B0F5906FE0D1002001A9FFF742FEAA
:1044B000DBE7B0F5B06F2DD0B0F5C06FD5D10020DF
:1044C00001A9FFF76BFED0E7B0F5006FECD00AD87A
:1044D000B0F5E06F4DD0B0F5F06FC6D1002001A966
:1044E000FFF7D0FEC1E7B0F5086FBED1234BD3F87C
:1044F000003103F00303022B2CD0032B2ED0012B11
:1045000030D1FFF717F9032300E005230193ACE74F
:104510000223FBE7002001A9FFF7EAFDA5E7002041
:1045200001A9FFF7C1FDA0E702934FF0E0231B694B
:104530005B0705D5FFF7E8F80C230393039BE5E73A
:1045400003A902A8FFF72AFEF8E7002001A9FFF758
:1045500049FE8AE7FFF708F90823D7E71CF0D1FAEC
:104560000723D3E70123D1E7002001A9FFF7AEFE1F
:104570007BE7002001A9FFF761FE76E7008000508D
:104580004FF40022034B5A66012203F580439A62DE
:10459000704700BF0090005008B5FFF747FF08289C
:1045A00011D00938012802D94FF6FF7008BD4FF429
:1045B0000012064B5A6603F5D8335B6ADB07F3D566
:1045C0004FF4FA70F2E7024B1888EFE700900050C2
:1045D000040D0020F8B504468020FFF727FF0328CC
:1045E00000F087804FF40022424B02215A6645F6C4
:1045F0000E03414AC2F88030404B9962012103F515
:1046000080539962936DD903FCD4D4E900131B0540
:1046100043EA0163E17B94F820500B43217BE77E62
:1046200043EA0143617B6D0143EA0133A17B43EA25
:10463000811313619169D4E904031B0643EA806383
:1046400001F000410B43A17E94F823000B43217E2F
:1046500043EA0143617E43EA01239361136AE669F9
:1046600023F00D0394F8221043EA8703002E2DD186
:104670001362966A94F8213045EA031326F0330555
:104680002B4343F0010393621D4D1B4B9A6D35EA9A
:104690000202FBD10222194DAA621A659A6D5200DC
:1046A000FCD41A69A56822F4700242EA05521A6124
:1046B0004FF00042114B9A6119B9022203F5805361
:1046C0009A6278B901220F4B9A620BE0334343F0B0
:1046D00008031362936A23F0330303432B4343EA33
:1046E0004103936294F824301BB1034B064AC3F88C
:1046F0008020F8BD0090005000C0005000D0005055
:104700000300014000E00050F1A7FFFF1E4BFF280F
:1047100070B59E6A35D89A6D12F4803F18BF01219A
:104720001A4A18BF9162022191629B6DDC0303D586
:10473000154A936D9907FCD50222144B124D1A6548
:10474000AC6D14F08044FBD1114AAB6992F90020A2
:1047500023F47F03024423F47F4382F3080243EAF5
:10476000002343EA0243AB6131460220FFF7CCFD50
:10477000AB6DDB0303D531460120FFF7C5FD2046B5
:1047800070BD2124FBE700BF00C0005000D00050E6
:10479000252C0020014B93F900007047252C0020A8
:1047A00001221548154B816A9A62826D02F003025C
:1047B000032AFAD102229A621A650F4A936D5B00AE
:1047C000FCD40F48936D30EA0303FBD101220B4B5D
:1047D0001A65A3F580539A6D9007FCD49A6D9207E1
:1047E000FCD50222054B1A65034A936D9B07FCD545
:1047F0000320FFF789BD00BF00C0005000D000506B
:1048000003000100014B1880704700BF020D00201B
:104810004FF4001208B5184B5A660223174A53602A
:10482000936813F48033FBD1012822D1FEF782FF75
:10483000134B984215D003F5122303F5F863984201
:1048400013D0104B00EB8002400AB3FBF0F3520A86
:104850000A49CA620B6301234B620022074B5A606C
:1048600008BD45F67A13084AF2E745F61A03074AE7
:10487000EEE75362F1E700BF0090005000400250A5
:1048800000F0490264666666D8B80500BBCF050033
:10489000B0F5207F10B50C4642D008D8B0F5007FA7
:1048A00033D003D888B1B0F5C07F0ED010BDB0F5BD
:1048B000607FFBD11F4A4C1ED2F8803023F03003BA
:1048C00043EA0413C2F88030F0E71CF039FA1CF018
:1048D00003FB4FF48031184B164A1967136F013CE4
:1048E00023F4704343EA04331367FEF70DFF0446D5
:1048F000FFF7CEFBC0F1020120461CF0E7FA00F002
:104900002DF8BDE81040FFF781BD0A4A4C1ED2F8D1
:10491000903023F0F85343EA0463C2F89030C5E7BF
:10492000044A4C1E136F23F4806343EA8423136705
:10493000BCE700BF008000500090005008B5012186
:10494000022000F0F5F81CF0FBF91CF0C5FA4FF45A
:104950008032014B1A6708BD0090005008B54FF433
:10496000C0701CF0F5F9BDE808400449884294BFC6
:10497000012102214FF42070FFF78ABF80F0FA0274
:10498000034B5868C0F30800003818BF0120704777
:1049900000ED00E0054B420953F8223000F01F0003
:1049A00023FA00F0C04300F00100704700E100E08E
:1049B00010B5224B70B94FF40031214A186051668E
:1049C00002F598325268012A03D11E4AD2F800211A
:1049D0001A6010BD1B68002BFBD01B4A5268012ACD
:1049E000F7D0184A8020C2F80031FFF71FFD0528D4
:1049F0001FD14FF4C070FFF799FC0128044604D181
:104A000002214FF4C070FFF743FF07220F4B1A61DA
:104A10000122A3F580535A600B4A1369DB07FCD5CA
:104A2000012CD6D12146BDE810404FF4C070FFF7ED
:104A30002FBF0122064B5A60CBE700BFD81D0020D4
:104A4000009000500080005000C0015000E0015074
:104A500000D00150044A4178536F23F4407343EA75
:104A600001235367704700BF0040005010B5044653
:104A700010B10020FFF79CFF104A136943F00403B4
:104A8000136103F04FFA1CF051FA0D4B0D4AC3F8B5
:104A900020241CF03BFA27F0E7FC1CF03BFA1CF04A
:104AA00046FA03F067FA1CB9BDE81040FEF72CBEC9
:104AB0000120BDE81040FFF77BBF00BF00ED00E024
:104AC00000E003500000FF0F10B5044610B10020B5
:104AD000FFF76EFF0E4A136943F0040313610D4B99
:104AE0000D4AC3F8202403F01DFA1CF00FFA27F03A
:104AF000BBFC1CF00FFA03F03DFA1CB9BDE81040F6
:104B0000FEF702BE0120BDE81040FFF751BF00BF15
:104B100000ED00E000E003500000FF0F034A0179C0
:104B2000D36E23F030030B43D36670470040005030
:104B3000F8B504461C4BD3F88420D106FBD4D3F837
:104B40008430C3F381139C422CD0FEF7C3FD012CAB
:104B5000064602D121461CF0B9F91CF0D7F94FF0F6
:104B60000072124B07465A6620461CF0E7F94FF4D4
:104B700080630D4D621E93402B676B6E9A0103D4C8
:104B8000D5F884309B060AD538461CF0C3F9022CB0
:104B900008D13046BDE8F84000211CF097B9D5F89F
:104BA0008430EAE7F8BD00BF0040005000600050CC
:104BB00010B50C4608B9FEF78DFD074B21461B7852
:104BC0003BB1064B984204D80120BDE81040FFF7E6
:104BD000AFBF0220F9E700BF262C0020005A620276
:104BE0000278034B012100201A70FFF7E1BF00BFDC
:104BF000262C00204FF0004238B5264B26495A6635
:104C000001224A604AF6CD3103F50B235D6C19642D
:104C1000154030BB9968C9070BD4002401221F4BF3
:104C20005A6015B11E4B1F4A1A6425F02EFD20460E
:104C300038BD1A498A601C4AD96ACC0705D490420B
:104C400001D10724EAE70130F6E79042E5D1F8E721
:104C50000132DC6A14F0080406D08A42F8D1072435
:104C6000DFE700221049F4E78A42F8D020220B4BFC
:104C70000B495A620122A3F580539A6023460A4ADF
:104C8000486A800603D49342E9D00133F8E793429F
:104C9000C7D1E4E70090005000500950006009506F
:104CA000004009503254FFFF40420F004FF00042D5
:104CB00038B5174B174C5A66012203F50C235A607E
:104CC0004AF6CD33656C2364437893401343124A0C
:104CD000D363C3788178A2689B0043EA011322F072
:104CE00074021343A3600279837943EA02232361A8
:104CF0004279C37943EA022363610078FFF77AFFC0
:104D0000EB0744BF054B236425F0BFFC012038BDF1
:104D10000090005000400950004000503254FFFF06
:104D200010B504461CF00FF9002341F202020849B5
:104D3000E360A360226104F50052E3616361A36153
:104D400023626362E362A3645164A36210BD00BF87
:104D50007F370C0138B50446154639B918488442E6
:104D600014BF084638201BF0F3FF01466368A368B0
:104D700003F0E003402B1AD003D8D3B1202B1AD074
:104D800038BD602B19D0802BFAD101236B43490128
:104D9000B1FBF3F10B4A2039204602EAC10201219E
:104DA0001CF0CDF8A262BDE838401CF0C8B806235C
:104DB000ECE71023EAE70823E8E70423E6E700BF6F
:104DC0000000035AF8FF7F00F8B5436804460D461B
:104DD00016461BB140F2FF711CF0B1F82046FFF7F8
:104DE0009FFFE9896B7B22690B43298A22F44C528D
:104DF0000B4322F0030213432361A2682B7B297E1D
:104E000022F0804222F0E2020B4313436A69AF684A
:104E10001343A3601FB9A36843F00043A360EB6989
:104E2000002B57D0987A1A7A4004A16840EA825041
:104E30003E4A0A4010439A8802F4C04210435A780E
:104E400040EA82005A7B40EAC2009A7B40EA0210A4
:104E50009A7840EA8220A060E168D3E9042021F436
:104E6000D81121F4C06102430A43997942EA8122B0
:104E7000D97942EA4122E2601A78012A05D1E26832
:104E800042F00402E2602A4A06E0032A3DD1E268C9
:104E900042F00402E260274A0121C2F8C0105A7AA7
:104EA00004F580510A621AB1E26842F40062E260DD
:104EB000DA7A4AB1E268204942F40042E2601A7BA1
:104EC00002F00F02C1F88020E269DB7B22F00302CE
:104ED0001343E36136B196F8203004F58051C3B135
:104EE00001238B61052120461CF04AF81FB13A4688
:104EF0006968FFF72FFF204629781CF05EF8236CC5
:104F0000DB4313F4405FFAD1F8BD023A012AC2D95B
:104F1000B9E7626996F8223096F8210022F009027A
:104F20000343134343F001034B61DBE7E39BBDFF06
:104F300000E4035000D4035000900350072A2DE9E9
:104F4000F041154698464FF0030401F003072DD8B1
:104F50009600B44000FA06F221461C481CF03CF8CA
:104F600021461B4807FA06F21CF036F8194B1A497D
:104F70009DF81800B8F1000F18BF1946012303FA75
:104F800005F50D60154B1649002818BF0B461D602E
:104F9000144B9DF81C00C3F82054103103F2244335
:104FA000002818BF0B461D60BDE8F081A2F108067D
:104FB000B600B44000FA06F221460B481CF00CF88B
:104FC00021460A4807FA06F2CEE700BF00C40350A4
:104FD00008C4035010D4035010E4035014E40350E9
:104FE00014D4035000E0035004C403500CC4035015
:104FF000F8B504460D461F4616464AB101238B40BC
:105000003021184A01FB0022F7B141F21001535040
:1050100004EB4403072D4FF00F014FEA031316D89A
:10502000A80006FA00F281400F4818441BF0D4FF94
:105030004EB9012330210B4AAB4001FB042277B16A
:1050400041F210015350F8BD42F21001DFE7A5F123
:105050000800800006FA00F281400448E5E742F2C9
:105060001001EFE700C0035004C003500CC0035010
:1050700010B50C4B0C4C0D4A0140C4F83004C3F879
:105080003014C3F82C04D36E03F03003202B1FBF61
:10509000D36E23F0300343F01003D366C4F820042A
:1050A00010BD00BF00D0035000E00350004000508E
:1050B00038B514461D46032283F00103FFF798FF1D
:1050C000012004F11001884005FA01F1FFF7D0FF3B
:1050D0009DF81010034B044A002918BF13461860AE
:1050E00038BD00BF24E4035024D403504FF4001211
:1050F0000B4B10B5C3F88020BFF34F8FBFF36F8FFA
:105100000024FF22074B21465C6520209A625C60E8
:10511000FFF75CF92146BDE810402120FFF756B9A2
:1051200000E100E000000450044A054B002908BFDC
:105130001346012282401A60704700BF401004509D
:105140004020045010B5012104462020FFF73EF90D
:1051500001212120FFF73AF90122114B5A602278F0
:1051600012069A606178A27842EA01429A61FF22AF
:105170009A6200229A631A644FF000425A654FF017
:10518000FF324FF4001103F500531A65054AC2F8C7
:105190008011E3781B01DBB282F81533116010BD7A
:1051A0000000045000E100E0F8B50125C3B2DFF8CB
:1051B00088C0D1F800E09D408F7ACB7A0C46097BFD
:1051C000CCF850500CF5005C4CF820E04FF0300E5D
:1051D000174E1B050EFB006094F80DC043EA074311
:1051E00043EA415322F00302C0F860C0C36502677E
:1051F0001BF093FE736D227A2B4373650D4B02B146
:105200001D64627A02B19D632279A37943EA024365
:10521000094A93616179E37943EA014305498B6166
:10522000034B55639D64BDE8F8401BF07CBE00BF96
:1052300000000450001004500020045010B5012458
:10524000C0B284401BF069FE044B5A6D22EA04028E
:105250005A659C62BDE810401BF065BE000004501A
:1052600010B50124C0B284401BF057FE074BDA6A28
:10527000224208D15B6B9C430CBF012400241BF02D
:1052800052FE204610BD0024F9E700BF0000045084
:105290004FF40032054B9A6641F6713203F51C3328
:1052A000DA63012203F50053DA6070470090005082
:1052B00041F671320121064BDA6303F50052D160E9
:1052C0000022DA634FF40032A3F518339A66704770
:1052D00000000350CB784A7810B55B010C7843EAA4
:1052E00082030A79234343EA02130C22424302F168
:1052F000B0421363012C02BF8A78024B43F820208E
:1053000010BD00BFE880035008B54FF0B0435A68A5
:105310006AB958B15B680BB11BF06EFE01210D4BF1
:1053200059601BF069FE4FF0B043D96008BD5B685F
:105330000BB11BF061FE0028F0D11BF05DFE4FF0B9
:10534000B0430222DA601BF057FE0122024B5A6082
:10535000ECE700BF00100058002000584FF0B041AB
:105360004B6810B50BB11BF047FE01220B4BC47804
:105370005A608378934043EA840344782343047952
:1053800043EA0413447943EAC4038B60044B5A6034
:105390000378C3F10203CB6010BD00BF00200058AA
:1053A000001000584FF48032064B5A6603F5E6238E
:1053B0005B69C3F38512827003F03F021B0B4270DE
:1053C0000370704700900050014B986CD96C704787
:1053D0000080E00F024B1868C0F30740704700BF21
:1053E0000080E00F0120034B9B680A3303F01F038A
:1053F000984070470080E00F38B50446054D25F011
:1054000068F90FCC0FC594E8030085E8030000207D
:1054100038BD00BFDC1D002047F6FF739A42F0B58F
:105420006FD002296FD8394B5B5C012B6BD8384D9C
:10543000DF0005EBC30415F83330A178012B13D13D
:105440000025E078401AA84202D80844C0B2F0BD56
:10545000431B6668A0EB530336F913609642D4BF32
:105460001D4603F1FF30EEE760680028EFD0B0F989
:105470000040944204DBB0F902409442B8BF1446A5
:1054800083883D44FF2B19BFC8224FF0280CB0F988
:105490000620B0F908C0A2EB04030CBF01260026C9
:1054A00093FBFCF333446E781BB29E4201DD002B6C
:1054B00001DA731E1BB24FF47A7C01339BB2071DD5
:1054C0005D1E2DB24FEAC50E00EBC505EA88AD683A
:1054D0009E4214FB025222EAE27202F15C02B2FB2B
:1054E000FCF204DD37F8335001339542E8D200EB8B
:1054F0000E039888904228BF1046884238BF08465D
:10550000A4E7FF20A3E70020A1E700BFFDCA030036
:10551000DC1D00200229F0B555D82C4B585C012821
:1055200051D82B4C04EBC00114F830004B68012813
:105530000FD1C8788C78904294BFC4EB0001C4EBC3
:105540000201001BCAB28242C8BF002233F9120016
:10555000F0BD002B37D08878904202D3B3F9020017
:10556000F6E7CC78B3F900009442F1D94C789988E9
:10557000013CA1F1FF06714203F10405E4B271415F
:1055800003F10C07CEB2B44216D805EBC1014FF4BB
:105590007A756A43B1F902404968521A04EBD47132
:1055A00002EB610292FBF4F29042D1DBB3F902000C
:1055B0009042CDDC10B2CBE737F831C04E1C944599
:1055C000E3D33146DEE70348C2E700BFFDCA03006C
:1055D000DC1D00200080FFFF08B50448FFF70CFF2A
:1055E000BDE80840012025F078B800BF00CB0300DB
:1055F00000487047060D00207FB51422002101A845
:1056000025F00CFD044B01A94FF0FF30029325F06B
:1056100099F807B05DF804FB006A18001B0603F058
:10562000706300F00F000902034301F4706112047B
:1056300002F470220B431343014A1360704700BF0A
:105640000020025C60B5054619B10139B1F5806FE3
:105650000FD2094EF06810F48030FBD143EA0123E9
:1056600012072B4302F08052134343F00043736050
:1056700060BD0120FCE700BF0020025C0122054B59
:105680009A60DA68D203FCD4D86820F00F000004D6
:10569000000C70470020025C014B1868704700BF87
:1056A0000040025C014B5868704700BF0010025C6C
:1056B000014B186B704700BF0010025C014B18686B
:1056C000704700BF0010025C014B9860704700BF3C
:1056D0000010025C014B1864704700BF0010025CB0
:1056E000014B5864704700BF0010025C014B5863C7
:1056F000704700BF0010025C0022014B1A60704727
:105700000010025C024A136843F001031360704703
:105710000010025C024A136823F001031360704713
:105720000010025C43F20402014B1A60704700BF94
:105730000010025C024A136843F0300313607047A4
:105740000010025C044B1A6842F480721A601A68F6
:1057500022F480721A6070470010025C024A1368DB
:1057600043F48063136070470010025C034A1368BF
:1057700023F4702343EA0043136070470010025C77
:10578000044B1A6902605A6942609A698260DB6957
:10579000C36070470010025C0268044B1A614268E3
:1057A0005A6182689A61C268DA6170470010025CCF
:1057B000024B1A6BD207FCD4186270470010025CCF
:1057C0000322024B186019615A6370470000025CA3
:1057D00082B01FB507930A9B04AC8B4228BF0B46CF
:1057E00004E907001048D100079948BF033301605E
:1057F000099948BF23F0030323F0704301F0E0410F
:10580000194341F000518160002102F0E042019C07
:105810001A4342F00052C16004618261416304B0E6
:10582000BDE8104002B070470000025C3F22034B0D
:105830001A631022DA6103229A6370470000025C47
:10584000024AD36B9B07FCD4704700BF0000025C88
:10585000044B9B6A13F0240F14BF0120002080002A
:10586000704700BF0000025C08B5FFF7F1FF064B70
:10587000DB6B23F47F4323F0EF0303431EBF0122BE
:10588000024BC3F8FC2F08BD0000025C00F0FF3F94
:105890004368182B0AD0202B1DD0102B2BD1174B6F
:1058A000D3F80434DB010AD401207047134BD3F83A
:1058B00004349A01F8D50B6843F008030B600368C1
:1058C0000F4A934210D10B6843F040030B60002352
:1058D000436000207047094BD3F804345B01E3D5E3
:1058E0000B6843F00403E9E7064A9342F1D10B68E1
:1058F00043F08003EAE70720704700BF0000025C26
:10590000282C0020272C00200B4607B50749D1F88A
:105910000414C90708D5002100920246084600F089
:105920005BF803B05DF804FB0120FAE70000025CBD
:105930001346064AD2F80424D20504D50A46014685
:1059400000201BF063BD0120704700BF0000025C17
:1059500013B5084CD4F80444E40508D50093134665
:105960000A460146002000F061F802B010BD012097
:10597000FBE700BF0000025C13B5084CD4F80444F8
:10598000E40508D5009313460A460146002000F0BE
:1059900071F802B010BD0120FBE700BF0000025CFF
:1059A00070B504460D4616468CB00A4A09AB07CAC4
:1059B00083E807001A462146CDE90563CDE90333A4
:1059C000CDE9013300954FF480301BF04BFC0CB057
:1059D00070BD00BF84CB0300F0B51C465B68154664
:1059E0008DB01A07129E1AD1CBB17268934216D1AC
:1059F0000C4B0D4A53F8217009AB07CA83E8070026
:105A00001A462946CDE90533CDE90333CDE90163D3
:105A1000009447F480701BF025FC0DB0F0BD07200A
:105A2000FBE700BF90CB030084CB0300F0B5164624
:105A30005A688DB0102A0D46129F15D17A68102A27
:105A400012D10A4A09AC07CA84E80700224629464F
:105A5000CDE90547CDE90344CDE90144044800966A
:105A60001BF000FC0DB0F0BD0720FBE784CB03006A
:105A700030000100F0B516465A688DB0102A0D4668
:105A8000129F15D17A68102A12D10A4A09AC07CAA6
:105A900084E8070022462946CDE90574CDE9034490
:105AA000CDE90144044800961BF0DCFB0DB0F0BDCD
:105AB0000720FBE784CB03001000010082B070B523
:105AC00086B0149D03AE202D86E807000B9359D8AD
:105AD00005EB85038B4203D006236B438B4253D1E6
:105AE0000C9BAB4250D10F9BB3EB450F4CD1129A9C
:105AF000934249D1012229462220159BFFF7A2FD9E
:105B0000044630BB034606220E210C20FFF786FD1B
:105B10000123CDE900332B4696E807001BF035FB47
:105B20000E230BAA009307CA2B461BF079FA0C230D
:105B3000164C00930EAA2B4607CA1BF0A1FA636805
:105B400023F07F0343F026036360FFF797FD30B136
:105B50000624204606B0BDE8704002B07047636876
:105B600023F07F0343F022036360FFF787FD0446C1
:105B70000028EDD1062311AA009307CA2B461BF07B
:105B8000B2FAE6E70124E4E70724E2E70020025C3A
:105B900070B598B0002843D02C4C08AD0FCC0FC581
:105BA0000FCC0FC50FCC0FC594E80F0085E80F0090
:105BB0006D4604AE04F1100320340FCB85E80F00CE
:105BC00094E80F0086E80F00FFF7BCFD0420FFF704
:105BD000CDFDFFF7A7FD3046FFF7DEFD002408AE40
:105BE00056F8040B0134FFF7E3FD102CF8D1FFF752
:105BF00059FD0328FBD90024FFF77EFD2646FFF759
:105C00004BFD55F8043B01365840042E44EA00048D
:105C1000F5D12CB1012206200D4B1A7018B070BDC1
:105C2000FFF790FD0820FFF74FFD0020FFF752FD22
:105C30000720FFF755FD4FF40070FFF757FD0820D0
:105C4000FFF794FDFFF75EFD0020E7E76CCC030053
:105C50002A2C002008B5FFF775FD0122014B1A70B0
:105C600008BD00BF292C00201FB51BF04EFD0446C7
:105C700030B1012206240D4B1A70204604B010BD2D
:105C8000FFF70AFD0090FFF707FD0190FFF704FD05
:105C90000290FFF701FD03906846FFF77DFDFFF7D7
:105CA000D9FFFFF747FDFFF759FDE6E72A2C002053
:105CB00006289ABF014B185C00207047CCCC03002B
:105CC00030B5154B87B00293144B0390049346F6FE
:105CD00011030D46059300F077F91428044616D1F8
:105CE00068461BF0BCFD4FF0A843032202A95A638B
:105CF00019601D619A63DA6B9207FCD1142C02D1F2
:105D000068461BF0BAFD00F093F9044601E0002854
:105D1000E9D0204607B030BDF41D0020040000206B
:105D20002DE9F04FB1B005468C469E46E8466F4ED1
:105D3000DDF8EC90409C06F1100A47463068716827
:105D4000083603C75645B846F7D13E9B03EB020819
:105D5000C8F1000A0AF00F0AB9F1000F00F09D80A7
:105D6000C9F1000707F00F070121DDF8FCB044F08E
:105D70000050C4F11006CDF810B005910690300225
:105D800000F4F85040F021000790B9F1000F40F006
:105D90008680CDF820D047F00050002D00F08480A0
:105DA000099121210A9041EA07210B9142F000500C
:105DB000CDF830C03D9B08A94FEA0A2C0D910E90FA
:105DC0004CF041000F901093002A75D13E9B119129
:105DD00043F0005312933C9B1390149310AB159314
:105DE000434B444A169340F611031793424B00214C
:105DF000002D08BF1346189314AB19933F4B102284
:105E00001A9311231B931CAB184625F007F90122A6
:105E10001D92002246F0804603461E96239205B945
:105E2000EB46102CCDF880B024AE4BD10123224696
:105E3000002130462193229425F0F0F820AB002178
:105E400025938F4218BF334647F0804226923A9AF4
:105E50002CA828922993B2FA82F35B0949EA83734A
:105E600010222B912A9325F0D9F8B9F1000F00D018
:105E700028AED04448F080432CA918A82D962E9324
:105E8000FFF71EFF30B92DB90346A34225D10028E4
:105E900018BF2C2031B0BDE8F08F102764E7CDF893
:105EA00020E049F0005078E7002C3FF479AF04A9D6
:105EB000099101210A9076E73E9B0CAA119241209C
:105EC000129388E71022002130462193229425F076
:105ED000A5F8002CB2D10123B1E703F1C0026A4456
:105EE00012F8C02C01331043CFE700BFD3CC03001E
:105EF00010000020E8CC0300ECCC030004000020DC
:105F0000F0B5C0299FB0DDE9244557D0B1F5807FB9
:105F100004D0802948D029201FB0F0BD01265CB1F3
:105F200040F23447029410240396049421240197EC
:105F30000594069502AC0AE040F21447029410243E
:105F4000039604942124059401240197069507944F
:105F500001251024089409950A9221220B950C948E
:105F60000D92174A0AAD0E92164A0F95109242F6FC
:105F700011021192129313951494159201AA16927C
:105F8000D3B112AB1793042318931123199316ABB3
:105F90001A901B9340F61103C9081C911AA806A970
:105FA0001D93FFF78DFEB7E7012614B94FF4826702
:105FB000C4E74FF48667B5E70EABE3E70F20ABE726
:105FC000E4CC03001000001038B5164B5A6E42F0B6
:105FD00004025A66D3F8802242F00102C3F88022FC
:105FE000114B5B68C3F3080343B14FF0A842D36B76
:105FF00013F0430FFBD11424204638BD4FF0A843C3
:10600000DC6B14F04304FBD1084D2B681BB9042151
:10601000284602F09DFE2B68013343F000432B60BD
:10602000EAE700BF0080005000ED00E0F41D002012
:10603000014B00205B68704700ED00E04FF4005218
:10604000034B00209A660322C3F86022704700BF0A
:10605000009000504FF40052034B00209A66032238
:10606000C3F86022704700BF00A00050012300F079
:106070001F02A0F506200949A0F550604009934091
:1060800051F820201A4341F82020054951F82020DA
:1060900022EA030241F82020704700BF0C1E0020B6
:1060A000F81D00200121A0F506230E4AA3F5506338
:1060B0005B0900F01F00814052F82300014342F8C1
:1060C00023100949D1E90030034488680344C868B3
:1060D000096903445B1802BFC2E90033C2E9023315
:1060E00013617047F81D00200C1E00202DE9F04FB1
:1060F000A9B003921D4604460822339ECDE904014F
:10610000414021FA02F34B40980702F1080218BF00
:106110009B00202A1C44F4D18123B4FBF3F303EB4E
:10612000C313E41A734B04F506241B7804F550647A
:10613000002B3ED1FDF754FF074620B16FF09100D0
:1061400029B0BDE8F08F0146402208A824F066FF80
:106150004022394618A824F061FFDFF8B481DFF847
:10616000B491C3460BF10F0ACDF800A0102208A984
:106170005B46D9F8000024F03BF80022014608F104
:10618000100808AF914246D1CDF800A05B4610221E
:10619000D9F8000018A924F034F84FF0000A83461B
:1061A00018AFD34541D1544B9845DAD10122514B18
:1061B0001A704FF0810A4FF00008DFF85CB1A4F5C7
:1061C0000627A7F550635B095BF8232004F01F0145
:1061D000CA40D2073DD4494A52F82330CB40DB07AE
:1061E0002AD5B8F1000F08BFA0468123A7F6FF47C4
:1061F000B7FBF3F303EBC313FF1A07F50624BAF159
:10620000010A04F55064DAD1039BBBB1B8F1000F69
:1062100014D0444619E057F8040BCDE90612FFF7F5
:1062200025FF079A06990132ACE757F8040BFFF7F0
:1062300039FF0AF1010AB4E7039B13B96FF08B0031
:106240007EE7B8F1000F18BF4446349B00201C6065
:1062500076E7329B13B10023329A13600EB100230C
:1062600033601023DFF8AC9000932A4600232146C8
:10627000D9F8000011F09AFA60BB32992A68204BD5
:10628000C9B99A4206D02146D9F8000011F026FB80
:106290000028D3D1D5E90223DDE90410834208BFE9
:1062A0008A42A2D1039B002BCFD06B68012BCCD1AB
:1062B0006FF0840044E7102032999A420860E2D1DE
:1062C000002EE7D033462146D9F8000018AA11F075
:1062D000C1FA48B10B4B9842D5D00B4B9842D2D063
:1062E0000A4B9842D6D029E7329A336812689B1A33
:1062F0003360CFE72B2C002000710800F81D002030
:10630000105D175EFFDF00F011E000F0FEDF00F02F
:10631000006D0800100B00200C1E00202DE9F04F2E
:1063200087B08246894698461646DDF840B02AB1C5
:10633000002B4FD040F26C739A424ED8BBF1010F44
:106340004ED8002406F110073946012005941BF0B1
:10635000B5FD0546002846D021463A4624F05EFEAB
:1063600005ABCDE9014300942B4601225046494636
:10637000FFF7BCFE044680B110F18C0F08BF6FF030
:106380008D043A460021284624F048FE28461BF09A
:10639000A5FD204607B0BDE8F08F144BC5E902A962
:1063A0002B60C5F804B02EB13246414605F110000D
:1063B00024F03FFE059E0E483B462A4631460068C3
:1063C00011F05CF918B93046FFF750FED9E76FF0CD
:1063D0009104D6E76FF08604DBE76FF09104D8E70D
:1063E0006FF08504D5E76FF08C04D2E7105D175E7F
:1063F000100B00202DE9F0438DB08146DDE91478C3
:106400000E4615461C469BB1B8F1000F05D16FF042
:10641000860630460DB0BDE8F083002FF7D0B7F107
:10642000005FF4D3C3F1005303F500439F42EED85D
:106430001022002108A824F0F1FD002207AB0293EE
:1064400005AB019306AB31460093484608ABCDE956
:106450000522FFF74BFE06460028DAD1059BA4B1C2
:10646000AB4215D853EA0504D1D1069B0B48C8F8B6
:10647000004000943A46079900682B4411F096F9C1
:10648000002818BF6FF09106C3E7AB42EDD2BEE71C
:106490005B1B9C4228BF1C46E7E700BF100B002097
:1064A00030B58DB00C4605461022002108A824F016
:1064B000B5FD002207AB029305AB019306AB214665
:1064C0000093284608ABCDE90522FFF70FFE0446EE
:1064D000D8B9099B012B1BD0079D104B2946186882
:1064E00011F0FCF9B8B90122A5F506230C49A3F572
:1064F00050635B0905F01F00824051F823004240C1
:10650000284641F82320FFF7CDFD20460DB030BDD1
:106510006FF08404F9E76FF09104F6E7100B0020A8
:106520000C1E00202DE9F04F89B007460E46FFF7FC
:10653000C5F8C00709D4042401201BF0F3F880B388
:10654000013CF9D16FF0920028E0102200210DEB00
:10655000020024F063FD04A8FFF712F9049B002B4E
:10656000E9D0059B002BE6D0069B002BE3D0079BD0
:10657000002BE0D00025DFF8808008F10409B54247
:1065800019D34FF48A74FFF793F800F00E03062B2B
:106590002DD1C30501D5FFF7BDF8002009B0BDE836
:1065A000F08FFFF785F810F00E03FAD0022BF8D029
:1065B0004105DFD5C4E7FFF775F8A6EB050A8400AF
:1065C000544528BF544699E8030000238DE8030092
:1065D000CDE9054307EB050BCDF810B0029404AAF2
:1065E000D8F8003007CA1AF096FF2544C7E724FA06
:1065F00003F3DA07A6D5C6E7F8CC03001FB504A855
:1066000000E90E0011460198FFF78CFF70B1FFF70B
:1066100021FBBFF34F8F0749074BCA6802F4E062C2
:106620001343CB60BFF34F8F00BFFDE705B05DF8AC
:1066300004FB00BF00ED00E00400FA052DE9F04383
:106640008BB01746DDE91545DDE913269C46DDE9EB
:106650001738894621B96FF086000BB0BDE8F0838A
:10666000002FF8D00EB9002CF5D1129909B9002AE3
:10667000F1D10DB9002BEED1B8F1000FEBD0244AC7
:10668000944541D10288B2F5105F3DD14288B7EB05
:10669000D20FE0D322F04001802902D0B2F5807FF2
:1066A000D9D16CB3AE421CD23219954219D29C4258
:1066B000D1D831462246284624F096FC2E4614F0C6
:1066C0000F03C8D1CDE90197CDE90336CDE90543E4
:1066D000CDE907540993FFF7B1FC38B16FF0920090
:1066E000BBE79C42EBD96FF08900B6E707AA04A983
:1066F00001A8FFF709F90546FFF7ACFC0543EDD10A
:106700000020C8F80040A8E76FF08500A5E700BFAB
:10671000004440042DE9F04FA9B0834617469A463D
:106720000E46DDF8C890DDF8D88029B96FF08603F1
:10673000184629B0BDE8F08F002AF7D0B9F1000F54
:10674000F4D0349B002BF1D0B8F1000FEED0002430
:10675000424B0CAD93E8070085E807003C22214638
:1067600019A8189424F05AFC3388728803F4E04086
:10677000B0F5804FDAD03A4E3A480BEA060646F0BA
:106780001066864263D1B2F5807F60D147F2121263
:1067900093425CD10620344ABAF11F0FD3680E949D
:1067A0000B931369126800FB03F3CDE90C23BDD9E9
:1067B000339B402BBAD9359B1F2B4BD909F10102D2
:1067C00020261292402299F800300F97042B18AF20
:1067D000CDE91324CDE91572109611941794A5D123
:1067E000FFF72CFC03460028A2D10B9B15AACDE98C
:1067F000086305AB07CA83E8070002AB12AA07CA01
:1068000083E80700DDE910018DE803000F9B95E8A0
:106810000700FFF753F90546FFF71CFC55EA000394
:1068200084D13D46349A20AE2C4603CCB44210604D
:106830005160254602F10802F6D100221146B954F2
:106840000132402AFBD12022C8F8002070E76FF007
:1068500085036DE76FF089036AE700BF84CB03000F
:106860000000FFF60000020998CB0300F0B50E46C9
:106870001D468BB0002853D0002951D0002A4FD09C
:10688000002B4DD0048804F44F43B3F5824F03D05E
:106890006FF085000BB0F0BDE3B224F0FF04B4F557
:1068A000E24FB0F802C0F3D1122B01D0172BEFD179
:1068B0000CF10701B2EBD10F4FEAD10733D31D4AD8
:1068C00004ACBCF5807F07CA84E80700E0D1122B36
:1068D00007D1194B1A691B681344CDE90432002310
:1068E00006930023CDE907670993FFF7A7FB00286C
:1068F000D0D1124A02AB92E8030083E803000AAB4E
:1069000013E903008DE80300079B94E807001AF0E1
:1069100087FD0446FFF79EFB204307D12F60B9E7B0
:106920006FF08600B6E76FF08900B3E76FF0920072
:10693000B0E700BF84CB030098CB0300F0CC03008A
:106940002DE9F0438FB01D46DDE916C600285CD066
:1069500000295AD0002A58D0002B56D0BCF1000F85
:1069600053D0002E51D0038803F44F44B4F5824F26
:1069700051D1DCB223F0FF03B3F5824F40884AD0F7
:10698000122C01D0172C46D1C31DB2EBD30F4FEA06
:10699000D3083AD34FEA4802571C674538D8B0F5B8
:1069A000807F38D1122C18BF4FF000094FF0000340
:1069B00008BF1C4CCDE9081805F1010114BF4C4675
:1069C000D4F80C90CDE90B120A930D93FFF736FB28
:1069D000C0B9CDE9058902AB08AA07CA83E8070058
:1069E0000EAB13E903008DE803000B9B94E807004E
:1069F0001AF035FD0446FFF72DFB20430ED104238A
:106A00002B7037600FB0BDE8F0836FF08600F9E7B8
:106A10006FF08900F6E76FF08500F3E76FF0920002
:106A2000F0E700BF98CB03002DE9F04389B00E4694
:106A300015461F46DDF8488020B96FF0860009B082
:106A4000BDE8F0830029F8D0002AF6D0B8F1000F95
:106A5000F3D0038803F44F42B2F5824F02D06FF0B7
:106A60008500ECE7DAB2122A01D0172AF7D123F019
:106A7000FF03B3F5E24F41D14488C8F8004044B960
:106A8000EB00B3F5807FC8F80030E8D1122A0DD1B1
:106A900008E0E31DB5EBD30FCFD1B4F5807FDED195
:106AA000122A29D1354B1C681B691C440023194646
:106AB00070192C4414F801CD10F8012D1143B2EBDC
:106AC0000C020CBF4FF0FF3C4FF0000C86420CEA6A
:106AD000030343EA0203EDD10029AED0002BACDA68
:106AE000109B9D4246D82A463146384624F0A1FAEA
:106AF000119B00201D60A2E70024D7E73378042B08
:106B00009BD16B1EDB005B08B3F5807FC8F80030BB
:106B1000A5D1122A06F1010318BF4FF000094FF06A
:106B2000400205934FF000030ABF144C4C46D4F8C2
:106B30000C90CDE90623FFF781FA00287FF47FAFA0
:106B4000CDF80C90D8F800300733DB08029308AB7F
:106B500013E903008DE80300059B94E807001AF091
:106B60002BFD0446FFF776FA00287FF468AF002C6F
:106B7000B6D062E76FF0890061E700BF98CB0300F1
:106B80000388B3F5105F0ED14388DB08103B102B50
:106B90000CD8084A22FA03F313F0010F14BF0020A7
:106BA0006FF0860070476FF0850070476FF08600C9
:106BB000704700BF010101002DE9F04F8FB015466D
:106BC000DDE918A91E46DDF868801C9F09B300B3F3
:106BD000B8F1000F1DD0E7B1BAF1000F02D1B9F141
:106BE000000F16D1274B26F47E129A42B0F802B05D
:106BF00044D1FFF7C5FF0446A8BBB5EBDB0F4FEA56
:106C0000DB0306D316F47C1FC6F3054504D0102D14
:106C100003D96FF0860426E010251B9A95422AD8E6
:106C2000CDE9011300231022CDE905930DF12809C8
:106C3000CDE9033ACDE90823CDF81C90FFF7FEF922
:106C4000044680B907AA04A901A8FEF771FE06460A
:106C5000FFF700FA044656B958B92A464946404655
:106C600024F0E7F93D6020460FB0BDE8F08F6FF0EB
:106C700092040025F6E76FF08904F4E76FF08504CD
:106C8000F1E700BF0002C0032DE9F041069F0C466A
:106C90001646054610B309B302B9FBB96288B3EBD7
:106CA000D20F4FEAD20819D34C220021284624F0F3
:106CB000B5F90D4B27F47E129A4212D12046FFF708
:106CC0005FFF044638B942463146281D24F0B1F929
:106CD000C5F824802F602046BDE8F0816FF086045F
:106CE000F9E76FF08504F6E70002C0032DE9F041F3
:106CF0000E4614460546002840D000293ED092B1E9
:106D00000368214823F47E1383423AD1AF6BF7B175
:106D1000C7F1100807F128004245284406D227444D
:106D200024F087F9AF630020BDE8F081424624F0EB
:106D300080F91022103C3C19AA63F4D0284605F1D2
:106D400028011AF0E2FD0028EED14644A863102C79
:106D50000CD9671E27F00F073A46314628461AF02D
:106D6000D4FD0028E0D1E41BDDD03E44224631466C
:106D700005F1280024F05DF9AC63D4E76FF08600DC
:106D8000D2E76FF08800CFE70002C0032DE9F0439F
:106D900088461F4605468BB070B169B163B1036880
:106DA000234923F47E1088423ED113F47C1FC3F3A1
:106DB000054604D0102E03D96FF086042AE0102671
:106DC00096422BD8FFF73AF9044618BBAB6B05F196
:106DD0002802CDE901236B6A2A1DCDE90423102383
:106DE000CDE9083007AB1A460390069005F13C093F
:106DF00001A904A8CDF81C90FEF7BEFD0546FFF7DB
:106E000029F904466DB928B932464946404624F06E
:106E100010F93E6020460BB0BDE8F0836FF08904A6
:106E2000F8E76FF09204F5E76FF08504F2E700BF32
:106E30000002C00307B56B46054A1068516803C3DA
:106E40006846FDF733FF002003B05DF804FB00BF88
:106E500004CD030013B50024064A6846536F43F07F
:106E60000103536700948DF80440FDF757FE204658
:106E700002B010BD0040005030B58BB06C46174DCD
:106E80000FCD0FC40FCD0FC495E8030084E80300B5
:106E9000134BD3F84C2112031CD5A3F5FE431C88D9
:106EA0004FF6FF739C4208BF8C248DF81940FDF704
:106EB00071FC204480F308008DF818000948FCF7A5
:106EC0003FFC6846FDF786FB3220FDF79BFC002067
:106ED0000BB030BDD3F85041E4B2E6E70CCD03006F
:106EE0000080E00F00F049026FF00403502110B55C
:106EF0000A480B4C13F0800F03F1010207D1234421
:106F0000402A83F800131346F4D1002010BD03F08B
:106F10000F03043B034419761346EBE700ED00E052
:106F200000E100E010B5044619F0F0FF024B1C60D0
:106F300019F0F0FF002010BD201E002010B519F040
:106F4000E5FF034B1C6819F0E5FF204610BD00BFAC
:106F5000201E002038B50446026C136C5906FCD57F
:106F60000023E16C1A4694F84800FEF741F800232C
:106F7000616D1A4694F85000FEF73AF894F86830BC
:106F8000DA0706D50023E16D1A4694F85800FEF79B
:106F90002FF894F868309B0706D50023616E1A46D7
:106FA00094F86000FEF724F80122206C002100F51F
:106FB00000539A6404220A4D9A6419F0FEFF0021DE
:106FC000606CFDF703FA284604F16C0119F0A8FD86
:106FD0002B6813B9034800F06BFD002038BD00BFDB
:106FE000241E0020281E0020012910B505D8064BBC
:106FF0001C686C3C14F16C0F00D110BD206C052195
:1070000019F0DBFFE46EF4E7241E00202DE9F043C5
:107010008DB01C4606AB06468946184690460021B0
:107020001822149D23F0FAFF227903460AB18DF845
:1070300018200127C8F81C3063793046C3F10203D9
:10704000DBB2CDE903336A4B4A460293694B2946CA
:107050000193694B8DF81E700093684B00F034FA71
:107060000646002840F09E80A36839466B64A369F9
:107070003A206B65237DDFF89C9185F850302369B9
:10708000EB64237B85F84830236AEB65237F85F822
:107090005830A36A6B6694F8243085F86030236812
:1070A0002B64FDF793F93B4604222169207BFDF711
:1070B0009FFF3B460222A169207DFDF799FF88F8DA
:1070C000006085F868603946A068FDF77FF963794C
:1070D000394633BB4FF4C060FDF778F9D9F8203258
:1070E000414623F0030343F002032068C9F820322D
:1070F00019F070FF0222424B2169C3F8C020227BA5
:1071000042EA0142C3F8D020A169227D42EA01424D
:10711000C3F8CC202379032B67D8DFE803F02E19BE
:1071200047604FF48060FDF751F9D9F820324146AD
:1071300023F0030343F00103C9F82032206819F05B
:1071400046FF95F8683043F0040385F86830D1E7CE
:10715000002795F8683043F0010385F86830022273
:107160000023216A207FFDF743FF226A237F43EA41
:107170000243244AC2F8C430F7B904222B6C05211B
:1071800003F580539A64206819F017FF1E4B1B68A3
:107190001BB91E491E4800F079FC1B4805F16C0123
:1071A00019F0BAFC30460DB0BDE8F08395F86830B0
:1071B00043F0020385F8683000230422A16A94F8A2
:1071C0002400FDF715FF01230E4AA16AC2F8C03062
:1071D00094F8243043EA0143C2F8C830CDE795F86B
:1071E0006830012743F00303B7E72326DAE700BF3F
:1071F000556F0100E31903001F1A0300131A03005F
:1072000000C4035000D40350241E0020140B00209F
:10721000281E002000800050034B02221868002323
:107220008068194617F0B2BC240C002030B5144613
:10723000054687B010461AF082FC63690246834215
:107240003CBFD4E903315B181B1A7BB10F4904948E
:1072500003910021CDE90131012300932846D4E9AF
:10726000001319F01EFD002007B030BD0122627628
:1072700094F82D20002AF6D084F835301321E369E4
:10728000204698472046636A9847ECE72D72010034
:107290002DE9F04788B004460F461646984619F087
:1072A0003CFE8146002E7AD0237E03F0FF02002BA5
:1072B00000F0A28020461AF042FC6569A84205D180
:1072C000637ED4E9033213445D1B01E0F9D9451B09
:1072D000B54228BF354619F020FE94F82D3082467D
:1072E000002B6DD12A463846616923F0A2FE6369FE
:1072F0002E462B44636121E0037803F0FD01112940
:107300005BD1216B814205D1A3F111014B424B416D
:1073100084F83430013E6369216B01328B4203F102
:10732000010308BF2363636195426069E4D1D4E936
:107330000323216B1344994200D122630025D4E931
:10734000032361691344994208BF6261207A65761C
:10735000FCF79CFC20461AF0F2FB6369834232D1B1
:10736000257694F82D30E568656103B125632046E4
:10737000636A9847214B0494039300230293236983
:107380002A4601930123009363682168207A19F04B
:1073900088FC207AFCF79AFC504619F0C4FD484658
:1073A000C8F8006019F0BFFDD8F80030002B0CBF02
:1073B0001B20002008B0BDE8F08707F8013BAAE7D2
:1073C0002E460022B0E70123207A23760DF11E011C
:1073D000FCF7E4FC9DF81E30002BDAD00DF11F0104
:1073E000207AFCF7B3FC9DF81F100029D1D122466A
:1073F000207AFFF71BFFCCE71646D0E72D7201007D
:10740000002807DB01234109034A00F01F008340E5
:1074100042F82130704700BF00E100E0002808DB9F
:1074200001224309034900F01F008240603341F804
:107430002320704700E100E070B504460568FFF7BF
:107440007DFD844202D10020FFF76CFD95F9366086
:107450003046FFF7E3FF002E0CDB012219497309C8
:1074600006F01F06B240203341F82320BFF34F8FB0
:10747000BFF36F8F95F937603046FFF7CFFF002ECF
:107480000CDB01220F49730906F01F06B2402033BE
:1074900041F82320BFF34F8FBFF36F8F287AFCF79B
:1074A00035FC287AFCF798FBFCF774FB0023284690
:1074B000C4E90033C4E90433A360AB6ABDE870409B
:1074C000184700BF00E100E02DE9F0430C461546E7
:1074D000064687B04022002120461F4623F09EFD2D
:1074E00095E8030000232A692376EB6884E803000B
:1074F000C4E904232A7DE36084F82C20AA7D236359
:10750000012384F8343084F835300E9B84F82D2024
:1075100023620F9BE7616362109BA3622B7A84F85E
:1075200036306B7A84F837302D4B346073602D4BD6
:10753000B3602D4B33612D4B73612D4BF360FCF722
:1075400071FB38B12B4B984204D01024204607B071
:10755000BDE8F083002104F10800FCF7EBFA0746D0
:107560000028F2D14FF00108234B3362234B84F8FB
:107570003C80B361224BF3619DF8483084F83900B8
:1075800084F83B309DF84430204684F83A30697DD9
:1075900084F838801AF0E3FA95F909904846FFF725
:1075A0003DFF4846FFF72CFF164B0494CDE90273CC
:1075B0002369CDE900836368E2682168207A19F0C5
:1075C00070FB04460028C0D195F908502846FFF703
:1075D00025FF2846FFF714FF3046FFF7A3FCB5E769
:1075E000AF1B0300917201002D1B0300331B03002E
:1075F00039740100038000F0071B03005F1B0300C8
:10760000391B03002D720100BFF35F8F074B5A6ACD
:1076100022F480325A62D3F8942022F00102C3F897
:107620009420BFF34F8FBFF36F8F704700ED00E0E2
:1076300070B52948294CFFF7E7FF8442284D2949B6
:1076400019D1D5F8C03023F0FF0343F0A003C5F8EB
:10765000C0304FF080430A68214D234EC5F8982072
:1076600043F0010301328442C5F89C60C5F8A030A4
:107670000A601ED00DE0D5F8C02020F01F03203B8B
:1076800022F0FF0242F0A002B3F1005FC5F8C02073
:10769000E1D2164B0A68124823F01F0343F003039C
:1076A000C0F89820C0F89C30114B0132C0F8A030CF
:1076B0000A60BFF35F8F0522094BC3F894205A6A12
:1076C00042F480325A62BFF34F8FBFF36F8FBFF324
:1076D0004F8FBFF36F8F70BD380D0020100F00204B
:1076E00000ED00E0301E0020030000202F0F0020DE
:1076F000E1FFFF3FF8B51446FFF786FF1F2C27D99F
:107700000027C2062A4D1CBF20F01F0020302A6827
:10771000CB06284B18BF21F01F01FCB2A2422BD888
:10772000D3F8C04020F01F0024F47F4444F4807458
:1077300021F01F01C3F8C04040F00300C3F89820B7
:1077400041F003010132C3F89C00C3F8A0102A6085
:107750000020BFF35F8F0522164BC3F894205A6AAE
:1077600042F480325A62BFF34F8FBFF36F8FBFF383
:107770004F8FBFF36F8FF8BDC3F89840D3F89C408C
:10778000D3F8A06024F01F04A04226F01F0601D108
:10779000B142DDD0B04201D8A14207D2D3F898401F
:1077A000013724F0FF04C3F89840B6E72820D0E75B
:1077B000301E002000ED00E0BFF34F8F0549064B5F
:1077C000CA6802F4E0621343CB60BFF34F8F00BF7F
:1077D000FDE700BF00ED00E00400FA05054B1A7854
:1077E0002AB95B78002B0CBF0320022070470120D0
:1077F000704700BF362C00200329F8B598BF124B04
:1078000005460E468CBF00245C5C032805D8DFE8E3
:1078100000F002080B0E44F002040C4B1F684FB935
:10782000F8BD44F00804F8E744F02004F5E744F01C
:107830008004F2E77B681A68144203D03146284678
:107840005B6898473F68EAE734CD0300601E00207C
:1078500038B5104D2B78ABB10F4C23781BB100F02D
:10786000C7FB0023237000201AF042FA0B4C50B1E2
:1078700000F010FC0023012120782B70FFF7BCFFE3
:107880000123237038BD0122054B1A702278054B65
:107890001A70F7E7312C00202F2C0020382C002004
:1078A000322C0020332C002010B519F02FFB064B92
:1078B00004461B781BB1BDE8104019F02BBBFFF745
:1078C000C7FF2046F7E700BF2E2C0020094A137897
:1078D00030B101331370084B1B78012B03D870476C
:1078E000013B13707047054B1B780BB9FFF7B0BF16
:1078F000704700BF362C0020382C0020322C00208E
:1079000070B519F003FB124E054633789BB900F0B1
:10791000FDFC044620B1284619F0FCFA204670BD53
:107920000C4819F0F6F800F0E7FF0B4B1C6000F074
:10793000B9FD0A4B186000F03BFA1AF0DBF9084B6E
:107940000024186001232846337019F0E3FAE5E7B4
:10795000392C0020601E0020341E00205C1E0020F8
:10796000381E00202DE9F843284A0138135C39B14C
:10797000274F013339781354012904D8BDE8F8831F
:10798000013B1354FAE7FFF729FF0128044635D8D5
:1079900019F0BCFADFF88480054698F8003013B37C
:1079A0001C4E33781BB9012232701B4A1370DFF86A
:1079B000709099F8003023B100F01AFB002389F889
:1079C0000030284619F0A6FA01201AF091F919F0B2
:1079D0009DFA337805461BB100F05CFB0023337041
:1079E000002388F80030284619F094FA3878A0422D
:1079F000C4D02146FFF700FF3C70BFE70329F5D153
:107A00000228F3D11AF07AF9F0E700BF362C0020F3
:107A1000382C00202E2C0020322C0020312C00206D
:107A20002F2C002010B5044619F070FA002C0CBF62
:107A3000FF210121064A13780B44DBB21370B3FA1D
:107A400083F3BDE81040034A5B09137019F062BA72
:107A5000352C0020342C002038B519F057FA094B8A
:107A600005461B78012B04D819F054FA002420464F
:107A700038BD054B1C6800F057FB0444284619F03C
:107A800049FAF4E7382C0020341E002038B5416054
:107A9000044619F03BFA05462146044819F03CF823
:107AA0002846BDE8384019F035BA00BF601E0020F6
:107AB00038B5054619F02AFA04462946034819F054
:107AC0002FF82046BDE8384019F024BA601E002087
:107AD000054B1B685843054B00F5742000F23F200E
:107AE000B0FBF3F0704700BF5C1E002040420F0067
:107AF0002DE9F04F85B0EFF3108772B6AFF3008039
:107B000018F0A0FF00286FD0804EDFF82C82337869
:107B100023B10020FFF7DAFE00233370FFF75EFE8B
:107B20000446002867D0841EE4B2012C6AD9FFF70E
:107B300055FE01280546764CDFF8009200F28C8055
:107B40002078854240F0C680207800F0D7FA99F876
:107B5000003013B16F4B1B782370AFF3008007B96F
:107B600062B6EFF3108772B66B4B1A7852B10022EF
:107B70001A70684B20781B78984203D1012121703C
:107B8000FFF73AFE654800F0FBFB18F06FFF054673
:107B90000028BCD1624BDFF89481187098F800304F
:107BA000ABB189F80000DFF88C9199F800301BB177
:107BB00000F01EFA89F8005000201AF099F8002809
:107BC00000F09B8000F066FA002388F800303378DC
:107BD00023B10020FFF77AFE0023337000212078C4
:107BE000FFF70AFE00232370AFF3008007B962B6E7
:107BF00005B0BDE8F08F3378002B98D0FFF766FE14
:107C0000347094E7002003A900F008FC0446002823
:107C10008DD1D8F80030039A9A4205D80120FFF799
:107C200055FE0123337082E73E4B1D6800F07CFA5D
:107C3000039B05449D42F1D200F08EFA8200039925
:107C400042F0020292B2CDE900422346364A491B75
:107C500032481AF054F86AE7344BDFF8C4A093F8BE
:107C600000B0BBF1000F25D100F046F92078854225
:107C700030D19AF800307BB92C4D2B78002B7FF453
:107C800063AF2B4B1B7823B900F0ACF90122294BD1
:107C90001A7001232B7057E7022DEDD18AF800B03E
:107CA00015E02378022B25D100238AF8003022F03A
:107CB0004CFE1FE0207885420CD19AF80030002B52
:107CC0003FF442AF022DD7D100238AF8003022F0D2
:107CD0003CFED1E70023DFF848A08AF8003099F88D
:107CE000003013B92946FFF787FD9AF80030257058
:107CF000002BD6D1012DBFD826E7012000F0FEF9D8
:107D000007B962B6EFF3108772B655E7302C002042
:107D1000382C0020332C00202C2C00203C1E00206E
:107D2000342C0020341E0020A9780100312C0020C2
:107D3000352C00202F2C0020381E0020322C002053
:107D400010B519F0E3F80022044B1C781A7019F0F2
:107D5000E1F800F013FD2043C0B210BD2D2C00202F
:107D600073B5114E0446337883420FD04FF400733D
:107D70000E4DADF8043058B101A8FCF76BFE402061
:107D8000FFF7A6FE2B68181A2860347002B070BD89
:107D90008DF8050001A8FCF75DFE4020FFF798FE76
:107DA0002B681844F0E700BF1D0D0020981E00202E
:107DB00073B5002401A88DF80440FCF711FF20469C
:107DC000FFF7CEFF404A4149136F414803F00703D4
:107DD0000B60D2F800113F4D01F0030101604FF438
:107DE00000203D49032B48664FF40030486601F5FA
:107DF00098318969C1F3400129705DD0D2F82031F2
:107E000003F00303981E43424341D2F82421334C2C
:107E100002F00702022A08BF43F001034FF4C870C2
:107E20002370FFF755FE00222D4B2E4918602E4E71
:107E30000B680132D2B20A2A46F8040BF9D1034486
:107E400000EBC00003440B602B78284D63B323780C
:107E50001D4A3BB9D2F8003103F00303591E4B42CF
:107E60004B412370D2F8003103F00303022B25D0DD
:107E7000032B26D0012B17D1FBF75CFC024698B1EF
:107E80001B4B1C4EDC6800231946C4F30B04013461
:107E900004EB84040138E4FB060116F073FBFFF7E2
:107EA00017FE2B6803442B601F20FFF711FE2B6881
:107EB00003442B6002B070BD0123A6E7FBF754FC1E
:107EC000DCE718F01EFED9E7008000509C1E002061
:107ED000A01E00203D2C0020009000503E2C0020D1
:107EE000641E0020681E00206C1E0020981E0020CA
:107EF00000C0015040420F00074A0849D2F8203123
:107F000003F003030B60D2F82431054A03F00703A2
:107F1000136019F00DB800BF00800050A81E0020AB
:107F2000A41E002008B5104B1A78C2B100221A70A6
:107F30000E4B1A6F22F0070242F001021A67D3F8C3
:107F4000202142F00302C3F82021D3F8242122F09B
:107F5000070242F00302C3F82421FBF7D5FB0122FC
:107F6000034B5A6708BD00BF3C2C00200080005026
:107F700000E000500122154B10B55A67144B154C08
:107F80001B7813B3022019F053FFF0B100F076FA1A
:107F9000D8B1A36DD90302D5E36D9A0715D40D4B63
:107FA0009B6DDB0711D401220B4B1A7019F02BFFCC
:107FB000BDE81040094B0A4A1860136F23F007030D
:107FC00043F003031367FBF79FBB10BD00D00050C5
:107FD0003E2C002000C000503B2C0020941E0020AE
:107FE000008000500122014B1A7070473C2C002089
:107FF000F8B51F4B1B78002B39D01E4C2378B3B932
:108000001D4B9A6DD10302D5DA6D92072FD49B6D6B
:10801000DB072CD419F0F7FE184B194A1860136FC0
:1080200023F0070343F003031367FBF76DFB19F01D
:10803000EAFE124B134D1B68134EC01A2B78134FD8
:1080400056F8232046F82300111A3A681048521AAD
:108050000A213A600932B2FBF1F20133DBB202606D
:10806000B3FBF1F201FB12332B7000232370F8BD38
:108070003E2C00203B2C002000C00050941E00200D
:10808000008000503A2C00206C1E0020681E00204A
:10809000641E002008B518F04EFF124B12491A6FEB
:1080A000096822F007020A431A671049D3F8202111
:1080B000096822F003020A43C3F820210C49D3F8CF
:1080C0002421096822F007020A43C3F82421094B3E
:1080D0001B7813B10122084B9A62BDE80840FBF7F8
:1080E00013BB00BF008000509C1E0020A81E002073
:1080F000A41E00203E2C002000E0005002280AD0E0
:1081000003280BD001280CD1064A136923F004037D
:10811000136130BF70470020FCF7A8BC0020FCF7BB
:10812000D3BC704700ED00E0054B187818B1054B43
:10813000186800EBD000044B1B681844704700BF60
:108140003E2C0020641E0020981E00200122014BBE
:108150001A7070473E2C0020014B1878704700BF02
:108160003E2C002038B519F05CFE0025084B094C68
:108170001A682368C31A2AB123B15169994203D3FB
:10818000C91A5161206038BD55615B1A9268F2E7E7
:10819000B41E0020B01E0020C38870B504460D46F2
:1081A0003BB9FFF759FC8542064602D219F094FD0F
:1081B00035460E4965610B688BB90C60A3600DE014
:1081C000AD1A9A68184665616AB113465A69AA429F
:1081D000F6D930B18460521BA3605A6170BD002093
:1081E000F4E70C60F7E79C60A260F7E7B41E00209C
:1081F00038B5134D2B685B6993B1124A022014689D
:108200001C4400F035FB204600F000FB00230E4923
:108210002A680B70D088800709D501230B7038BD00
:10822000022000F025FB022000F044FBEEE79268FC
:10823000002AF4D050690344012BEBD9EFE700BFCB
:10824000B41E0020B01E0020402C002070B5164641
:108250009DF81420C0E903360271049ABDF8183065
:108260000260002204460D468260C380EEB919F018
:10827000D8FD2844A0619DB12E4618F047FE054662
:10828000FFF770FF31462046FFF786FF104B1B6853
:10829000A34201D1FFF7ACFF284618F03BFE02E0F5
:1082A000E36865617BB9002070BD19F0BAFD304408
:1082B000A061002DE0D1E3686561002BDDD0204690
:1082C00021689847D9E7204621689847EBE700BF27
:1082D000B41E002000220C490B687BB183420AD1F6
:1082E00083687AB1936083681BB15A6941690A4413
:1082F0005A61002070471A469B68EEE70028EFD0CD
:10830000022070470B60EEE7B41E002070B518F035
:1083100004FE144E05463478FCB9134B1C60134B15
:108320001C60134B1C8000F035FA012000F0A0FA0D
:1083300019F08DFD0F4B0246186020B9284618F041
:10834000F2FD232070BD234640F2E7310A4816F0C3
:1083500019F90A4B186001233370284618F0E3FD21
:108360000020EFE7412C0020B41E0020B01E0020AA
:10837000A02B0020B81E002018FCFFFFAC1E002020
:1083800070B5044640B318F0C1FD144E0546FFF722
:10839000E9FE3068A04209D02046FFF79BFF044663
:1083A000B0B1284618F0B6FD204670BDFFF792FF29
:1083B00004460028F5D133683BB9022000F064FA86
:1083C000284618F0A7FD0024EEE7FFF711FFF7E7B6
:1083D0003368002BF4D1F0E72224E5E7B41E002037
:1083E00038B50C460546A8B1A1B100230B7018F0B2
:1083F00094FD0121084B1B6833B918F094FD00204F
:1084000038BD9D4204D121702278002AF9D0F4E7CA
:108410009B68F1E72220F3E7B41E0020F8B506467A
:108420000F4618F07AFD00250446124B1B6823B94D
:10843000204618F078FD1B2011E05A691544DA88AF
:10844000B2420DD119F0EDFC0B4E3368C01AA842B0
:108450000AD3002320463B6018F065FD0020F8BDDC
:10846000FF2EEFD09B68E2E719F0DBFC33682B446A
:108470001B1AEFE7B41E0020B01E002008B5074B02
:10848000187848B119F0BFFC054B1B689B69C01AEE
:1084900002288CBF0020012008BD00BF402C002016
:1084A000B41E0020014B1868704700BFB81E0020A2
:1084B00038B50021044640F2E730054B4FF47A729C
:1084C0001D680023E5FB040116F05CF838BD00BF11
:1084D000B81E0020F8B50C4B05461B680E468342BB
:1084E0000FD3002440F2E7302146084B4FF47A7254
:1084F0001F680023E5FB070116F044F830602046B2
:10850000F8BD2120FCE700BFAC1E0020B81E0020F3
:108510002DE9F0419846002386B00D4617460646E1
:108520008DF8133080B30DF11301FFF759FF9DF85B
:1085300013305BBB284605A9FFF7CCFF0446F8B90A
:10854000134B4FF47A7218680023A5FB000116F054
:1085500019F8C2F57A7189B2B1F57A7F08BF0021A6
:10856000BDF83430B183F483059A02939DF830301E
:108570001146CDE9008330463B46FFF767FE0446CF
:10858000204606B0BDE8F0812224F9E70224F7E78F
:10859000B81E0020F0B50C4616461F46054687B0AB
:1085A00030B3204605A9FFF795FFF8B9114BE883D2
:1085B0001B6828465C434FF47A73B4FBF3F203FB69
:1085C0001244191B89B2994208BF0021A983FFF701
:1085D000D7FEBDF83430059A02939DF8303011462D
:1085E000CDE9007328463346FFF730FE07B0F0BDF3
:1085F0002220FBE7B81E0020014B1868704700BF1F
:10860000AC1E00200F4B10B51A689AB14FF47A7166
:10861000531E1342A0FB01010ED1B2FA82F2C2F145
:108620001F04531CD243E04001FA03F3184321FA1C
:1086300002F20243104610BD002315F0A3FF0246CC
:10864000F8E700BFB81E0020C2072DE9F843044632
:108650000BD5474A138801339BB21380FFF782FD85
:10866000444B1B680BB1FFF7C3FDA3077DD518F082
:1086700054FC4FF0000805464646FFF773FD3D4F9A
:108680003C680CB163698BB100223B4B012E1A7020
:1086900003D118F0020F18BF1E70002C61D0FFF735
:1086A000A7FD2846BDE8F84318F03DBC23465A69AB
:1086B0003AB91A792179914288BF1C469B68002BF0
:1086C000F5D1284618F02FFC2569DDB119F0A9FB7A
:1086D000A269A0EB02084FEAE873A84573F1000312
:1086E00011DB23691344A361E368B4F80680013603
:1086F00013B120462168984718F00FFC0546FFF794
:1087000031FDBDE7A84618F008FC81462046FFF77A
:10871000E1FD484618F007FC2369002BE4D0A38B49
:10872000B5EB080533B1E28B13449BB2B3F57A7F06
:108730000FD2E38318F0F1FB804629462046FFF76D
:108740002BFDA369226940461344A36118F0EBFB9B
:10875000CAE7A3F57A73E383A369013D013BA361F3
:10876000E8E7022000F090F89BE7BDE8F88300BF3F
:10877000A02B0020B41E00203F2C002010B518F0C4
:10878000CCFB034B1C7818F0CEFB204610BD00BF7D
:108790003F2C00201FB50024194B012118689A882E
:1087A0000290D3F806009B7A00903E20ADF80C2092
:1087B0008DF80430FBF70AFE02A88DF808408DF80A
:1087C0000C40FCF7CBFD694601208DF80040FCF71A
:1087D00081FD40F2FF320B4B9A615A614FF0B0427B
:1087E000936A13F00803FBD113620120FCF78CFDA0
:1087F0004FF48052044BC3F880211A6004B010BDBE
:1088000038CD03000020005800E100E010B5044618
:1088100018F07CFB4FF0B042936A1907FCD4136A3E
:10882000116C5269520604D4CA1A032A01D899421B
:108830000ED1E21A022A98BFDC1CB4F1FF3F38BF08
:10884000013C4FF0B04340221C6403F580539A6111
:1088500018F060FB054A13783BB14FF0B041CB6B89
:1088600043F00203CB630023137010BD1E0D0020E4
:1088700000F001038207034A48BF43F040039361BD
:10888000704700BF00100058820700F001030AD5AE
:108890000121064A43F0400311704FF0B041CA6B0A
:1088A00022F00302CA63024A936170471E0D002042
:1088B00000200058830742BF4022014B5A61704795
:1088C0000010005810B518F028FB4FF0B0430446D4
:1088D0005B695A06074A03F0010003F0510348BFE1
:1088E00040F002005361FFF7AFFE2046BDE81040A4
:1088F00018F019BB002000580A4B10B5D3F84032CD
:1089000003F00303013B012B0BD818F0FFFA0446D8
:1089100001210220FFF726F82046BDE8104018F09C
:10892000F9BA10BD00800050024A0349034805F01F
:108930004FBF00BF44CD030060CD0300B0CD0300A6
:1089400010B50A46044619B1024B00211B6898472E
:1089500010BD00BF1C0B00200E4B0340B3F1607F25
:1089600006D1B1F5885F14BF6FF086000020704714
:10897000B3F1707F0BD101F4E043B3F5005F06D192
:1089800011F4E06F0CBF6FF08600002070476FF0AD
:10899000860070470000C07F8A42F8B506460C4644
:1089A00000F0DB806F4922F4FF7323F001038B4258
:1089B0000ED06D4B22F0FF01994209D06B4822F492
:1089C0007F7323F00303834202D0694B994228D17D
:1089D000684B24F0FF0199420FD114F0FF000BD037
:1089E000654B40F00070984240F0B98082EA040084
:1089F000FF288CBF00200120F8BD5B4B9942ECD0D2
:108A0000A3F588539942E8D024F4FF7323F00103BF
:108A1000B3F1062FE1D056488142DED053498B4254
:108A2000DBD004F0FE43B3F1A06F14D102F0FE439B
:108A3000B3F1A06F40F0938082EA040333F47E1315
:108A400040F08D8014F40040D6D0C4F30540C2F34A
:108A500005429042CDE7B3F1407F6AD102F0FE4378
:108A6000B3F1407F7BD182EA040535F47E1576D1DF
:108A700031462046FFF770FF002870D13F4B12F4BB
:108A80007C1703EA02031BD0B3F1607FC2F30547F2
:108A90003FD13B49D3B243F000738B423DD003F149
:108AA0007E43043B0F2B01D83649CD5C14F47C1F68
:108AB000C4F3054333D1BD4214BF002001209BE71E
:108AC000B3F1607F0DD12E49D3B243F000738B42D6
:108AD0001DD003F17E43043B0F2BDAD82A49CF5C2B
:108AE000D7E7B3F1707FE1D106F4E043B3F5005F5F
:108AF00003D10127C6F302239F4006F4E043B3F5F8
:108B0000005FD3D10125C6F302218D40CEE71027A7
:108B1000BFE7B3F1707FC9D1EFE71025C6E712F4C4
:108B20007C1F01D1AB4218D022047FF565AFBB4258
:108B30005FE7B3F1106F12D124F01F6020F47020B2
:108B400068B902F0FE43B3F1106F7FF455AF0F48E0
:108B5000104040F01060A042AEE701204CE700203A
:108B60004AE700BF000200060013000600040006EA
:108B70000009000600030006FF0000020000C07F9D
:108B800003000002DCCD0300DCCD03000000FFF693
:108B90002DE9F8431746002288461C4600F05AFA91
:108BA000054688BBD8F80060B6F8009009F4E043A9
:108BB000B3F5804FF36808BF27F0010737EA0303D6
:108BC0001AD10CB3254B24F0FF029A421FD114F0A6
:108BD000FF0304D0224A43F00073934232D022466E
:108BE00048463169FFF7D8FE074668B9224648462D
:108BF0007169FFF7D1FE70BB6FF08405002330462A
:108C0000C8F8003019F0E1FF2846BDE8F883154B9D
:108C10009A42DCD0A3F588539A42D8D024F4FF734B
:108C200023F00103B3F1062FD1D00F498A42CED0F1
:108C30000E4A9342CBD004F0FE43B3F1407F04D1FF
:108C40002304CCD56FF08605D8E7B3F1A06FF7D039
:108C5000034B9C42C2E73D46D6E700BF0003000637
:108C6000FF000002001300060009000600040006D1
:108C700038B500F0FE43B3F1407F04460D4602D004
:108C80006FF0860038BDFFF767FE0028FAD114F4B4
:108C90007C1F12D0C4F30543032B137022D9284A3A
:108CA0002240B2F1607F3DD1264AE4B244F0007424
:108CB00094422BD1102BE5D9E2E7214B2340B3F1AD
:108CC000607F15D11F49E3B243F000738B4202D19C
:108CD00010231370D6E703F17E43043B0F2B04D916
:108CE000002313706FF08500CCE71749CB5CD3E706
:108CF000B3F1707FF4D101F4E043B3F5005FEFD13D
:108D00000123C1F302218B40DBB2C5E704F17E44AD
:108D1000043C0F2CB4D80D4A125D9342B0D8142BEA
:108D2000B0D9DFE7B2F1707FAAD105F4E042B2F525
:108D3000005FA5D10122C5F30225AA40EDE700BFDF
:108D40000000C07F03000002DCCD0300DCCD030087
:108D500037B50B4D0C462B787BB100230A460193A7
:108D6000014601AB281D18F001FE20B9019BA3426A
:108D700018BF6FF0930003B030BD6FF08800FAE7C2
:108D8000BC1E00202DE9F04F9B460023924601F0C7
:108D9000FE4297B0B2F1806F0E46DDE92078DDF833
:108DA0008890089305D0184619F00FFF6FF08604DD
:108DB0003CE00B464FF4807208A9FFF7E9FE044639
:108DC00018B1089819F001FF30E0DDF820C00DACB3
:108DD0006546CDE914000FCD0FC495E80700BCF837
:108DE000003084E8070003F4E042B2F5005F20D1D0
:108DF00013F4E06FC3F302211BD0384826F48072CD
:108E000082420AD000F50070864206D0344886427D
:108E100003D0A0F53F4082420BD101258D40102D9B
:108E200012D9604619F0D1FE6FF083042646002562
:108E300048E042F20402934202D12A4B9E420BD0F8
:108E4000294B9E4244D10D25A84507D2604619F012
:108E5000BCFE6FF08904E9E70C25F5E7294609A86F
:108E6000FFF776FF04460028ABD10898D0E9091235
:108E700087B307EB050C0E9CA8EB0503240A93D1DE
:108E80000DF12408CDE90539CDE903BC3346CDE920
:108E9000015ACDF800800DA8FDF7D0FB044614F16F
:108EA000860F08988ED019F090FE0646002CBDD192
:108EB00090B925B12A464146384622F0BAF8D9F889
:108EC00000301D443046C9F8005017B0BDE8F08F9F
:108ED0000025CAE7BC46CEE70446A7E70010C00459
:108EE00000FF4004000180040013C00408B500F036
:108EF0005FF8064B5A7812B10022C3E90122BDE89F
:108F000008400C210148FFF71BBD00BFBC1E00201C
:108F100070B50C4D2B7873B918F026FD044668B96E
:108F200002230126C5E90100AE706B7000F038F82D
:108F3000044618B92E700024204670BDFFF7D6FFF6
:108F4000FAE700BFBC1E002000F100420332022AF3
:108F500038B504460D4609D82C21104B01FB0233CD
:108F60009A68824211D06FF08B0010E0012119F055
:108F7000DEFD78B1094B9A68944206D05A6B944250
:108F800006D01A6E9442EED1583300202B6038BDC3
:108F90002C33FAE76FF08700F9E700BFC81E002006
:108FA0000122024B002083F884207047C81E002055
:108FB00070B5094C002526460421204619F0C8FD4D
:108FC0000135204619F066F9032D04F12C04F3D184
:108FD000002386F8843070BDC81E0020F8B51B4CF5
:108FE000064694F884300F464BB3002523462946A5
:108FF00093F820001A46B8B125B91A7912B102289F
:1090000008BF1D460131032903F12C03F0D115B926
:109010006FF08C0015E00421284619F099FD68B91D
:10902000284619F037F92A460020094B141BA410D2
:109030005C4304F10044033C34603A60F8BD6FF0D7
:10904000880000233B603360F8E700BFC81E0020A3
:10905000A38B2EBA2DE9FF4100230B60394B8046CC
:1090600093F884300D461646002B68D0FFF76CFF4E
:109070000446A0B92EB9286804B0BDE8F04119F043
:1090800091BD012E04D00024204604B0BDE8F0813B
:109090000521286804B0BDE8F04119F059BD10F170
:1090A0008C0FF1D1294601A8FFF798FF044600284C
:1090B000EAD101232F68CDE90200C7F808803846BD
:1090C0007B6003AA02A919F02BFE044688B1DDE9F2
:1090D000020119F023FE2D680421284619F038FDFD
:1090E000284619F0D7F814F18C0F08BF6FF08704E9
:1090F000CAE7DDE90212384619F057F80446DDE9FF
:10910000020119F00BFE002CE5D10221384619F0BE
:109110001FFD04460028DED12868C368D90444BF77
:1091200043F48063C360C3689A0444BF43F400639C
:10913000C360002EA0D0012EA5D10521AAE76FF0B3
:109140008804A1E7C81E002030B40D4D2C681C60B7
:109150006C685C6000249C605468DC6014881C822D
:1091600054885C82D4685C6114699C61526930BC2B
:10917000DA6119620A46014603F1240021F059BF61
:10918000ECCD03002DE9F843232904460F46914610
:109190009846089E04D86FF098052846BDE8F883E5
:1091A0000822194921F010FF05460028F3D1A368D1
:1091B000002BF0D1216A243F8F42C8F80010EAD377
:1091C000B1F5005FE7D271B9C9F80000E3687360D8
:1091D000238A3380638A73806369F360A369336190
:1091E000E3697361D9E7012018F068FEC9F800004F
:1091F00030B1D8F8002004F1240121F01AFFE5E78E
:109200006FF08C05C9E700BFECCD030030B5174BFC
:10921000826A1B681206597926D5028F1C79436B26
:109220001203B2FBF3F2631AB2FBF3F2B0F89C3014
:1092300003B1013BD0F8A05005B15B101B02B3FB9A
:10924000F2F35B180CD090F895200F2A08D9120978
:10925000B3EB820FB8BF00234FEA8201A8BF5B1AAD
:109260009C42A8BF1C46E1B2417630BD0C210020D3
:10927000084B9A7E82420AD94FF4A4721B6802FB03
:109280000030836A13F0100F08BF002070470020E1
:10929000704700BF501F0020084A09491368C31ACD
:1092A000D810002B01FB00F005DB937E8342D8BF72
:1092B0004FF0FF3070474FF0FF307047501F0020D5
:1092C000199C8FC170B504460E4617F026FE314634
:1092D000054604F1300019F075FD2046FFF7DCFF6C
:1092E00001218140054819F06DFD4FF4807005F0B3
:1092F0005BFC2846BDE8704017F015BE741F0020C7
:10930000F329F8B504460D46724E25D1338D63B965
:10931000A36813F4601F00F0BA80238F626B1B01F7
:10932000B3FBF2F3F32D9FB22DD1204619F008FEC6
:10933000B4F89C70002F40F0B380A36A13F0800F44
:109340000CBF3E23082384F877302046FFF75EFFEA
:10935000F32D36D1012057E07369590640F18F8013
:10936000836A1A0740F18B80336900F14001436042
:109370001BF083F8338D002BCAD0238F626B1B0147
:10938000B3FBF2F39FB2618FB4F89C209BB25B1ADF
:109390009A427EDC736994F836019B074CBF00212A
:1093A00002211CF023F840F2022372699343BCD1DE
:1093B0002046A4F89C7019F0C4FD2046FFF726FF54
:1093C0000127A36A1807C5D5628F002AC2D013F4FB
:1093D000C05FBFD1726912F00C0FBBD140F2022303
:1093E0009343B7D1D4F8A430002BB3D12046A18F3A
:1093F0001BF001FA002855DD638F0133984251DCE0
:109400000128A7D0013880B2236BA4F87C0059044E
:1094100009D54FF4804104F1300019F0DBFC002144
:109420002046FFF74FFFB4F87C20A38F94F870100C
:109430001344A387B4F89C309B1AA4F89C3094F88A
:109440006F3002FB01332522B3FBF2F102FB113333
:1094500084F86F304FBBA36A1A0702D41E4B1B68F7
:109460009847204608211BF080F820460221FFF78C
:1094700029FF2046BDE8F840012103F091B9318D64
:10948000238F626B00293FF443AF1B0178E73385DC
:1094900043E7737F002B86D0032194F8360180E7E1
:1094A000012752E7608F0130ADE7204619F0EAFC52
:1094B0002046A18F1BF029F8A36A05461B0702D49A
:1094C000054B1B689847002DCBD02046BDE8F840DF
:1094D00019F0DDBD501F0020841F00200022074B23
:1094E00010B55A77202204465A6119F0B7FC84F867
:1094F0003601204619F02FFE10BD00BF501F00207E
:10950000012810B50C462AD0022830D000283DD1C1
:1095100091F8953060F3071381F895300846FFF70E
:10952000DDFFA36A20461B0716D503F02DFB0420A0
:1095300001F0A4FA50B3164A937F3BB3D37F0133B3
:10954000DBB2D37792F821209A421FD8BDE81040B1
:109550004FF0806005F028BB03F0EAFCE7E703F07A
:1095600035FA844212D1BDE8104003F001BB91F8F6
:1095700095302046C3F30312013262F3071381F8DA
:109580009530BDE81040F321FFF7BABE10BD00BF13
:10959000501F002010B501F0D1FAFB22114B10F042
:1095A000020F1A770CBF012203224107197E48BF20
:1095B00042F0040262F3030119761A7EC2F303013A
:1095C00061F307121A764FF4417100221984DA769A
:1095D000DA835A621A611A85034BBDE810401B6892
:1095E000184700BF501F00207C1F00202DE9F843C2
:1095F0004B4C0546A06818B115F0B0FF0023A360DE
:10960000022015F0F7FE5FFA85F8002019F048FCFB
:10961000404619F05CFC0646002868D1404619F027
:1096200061FC0746002862D1002D75D005EB85014D
:1096300005EBC101C90033460122022089B215F0B1
:109640008BFE002850D14FF4A479022084F81A80B0
:1096500015F000FF09FB05F731463A46206021F07E
:10966000DDFC32462368681E03EB0901824233DBCE
:10967000002DA7F5A4724FF00001D8BF0022995029
:109680002846636019F00CFC88BB404619F00CFCBE
:1096900068BB404619F013FC074640BB002D16DDA1
:1096A000022022F094F80223A060C3718379394626
:1096B000C3F102020C33D2B2184421F0AFFC0121F5
:1096C000A3689A7913441A7B61F301021A73FFF7B6
:1096D00061FF3046BDE8F88309FB02FC013243F824
:1096E0000C1001F5A471C1E7C4E90077A776002545
:1096F000002019F0ECFB002019F0F4FB2846C4E927
:109700000055A57619F0D0FB284619F0C9FB0220B8
:1097100015F070FE0726DCE72B46A5762560AFE73F
:10972000501F0020014B987E704700BF501F002043
:10973000014BD87E704700BF501F0020F8B5284D60
:1097400017F0EBFB6C681CB917F0EDFB2046F8BD79
:109750004FF4A476012723686B60EB7E0133EB7630
:1097600017F0E1FB32460021204621F057FC04F1BE
:1097700028004021676119F025FB2B8B0722A4F8F4
:10978000443194F83731002167F3030384F837310B
:109790004FF6FF73A4F87A302B7FA4F8866084F824
:1097A000423144F29023A4F8403194F8853004F11A
:1097B000080062F3030384F885300A4BC4F888304C
:1097C00003F1CE5303F59813C4F88C3041F61B33E4
:1097D000A4F890301B2384F892301AF01DF9B5E7F5
:1097E000501F00204801480170B50446002619F0BA
:1097F0002AFC04F1080000F0ABFE0D4B20461B686C
:109800009847C4E90A6617F088FB05464FF4A4722E
:109810003146204621F002FC064B28465A68226059
:10982000DA7E5C60013ADA76BDE8704017F07BBB07
:10983000801F0020501F00202DE9F04106464FF404
:1098400080400F4601F01AF9044630B90E4B1D68EE
:1098500093F81A807135A04502D80020BDE8F08148
:1098600055F8493CDA0609D5C3F38003BB4205D15C
:1098700006222946304621F0A7FB18B1013405F530
:10988000A475E8E70B20E9E7501F002008B5B0F801
:1098900094305A1C62F30B03A0F89430042001F0BA
:1098A000EDF870B1074A937F0133DBB2937792F8FA
:1098B00020209A4205D8BDE808404FF0806005F0AE
:1098C00073B908BD501F002038B58B7905460B448D
:1098D0009B7D0C4603F00303032B09D101212C309F
:1098E00019F070FA4FF4006105F1280019F06AFAD6
:1098F00021460548A56021F0A5FEBDE838404FF09F
:10990000005005F051B900BF5C1F0020014B1877D3
:10991000704700BF501F0020014B187F704700BFE9
:10992000501F00202DE9F74F1D4616462A460446D3
:109930009DF838309DF83C8080F89B3052F8103B01
:109940000F46C0F8283100F14401B8F1000018BFFB
:109950000120DDF830A09DF840909DF834B004F06F
:109960003DFE20461AF0FAFD204619F0BDFA1BF024
:1099700043FD49460246204619F0B0FAC823204666
:109980000DF10601ADF8063019F09BFA47F6FF73AA
:10999000A4F83031AB88A4F82C31AB7984F82E319F
:1099A000DAF80030C4F87130BAF8043004F1280A4B
:1099B000A4F87530BBF1000F03D00421504619F014
:1099C00001FAB8F1000F04D04FF40051504619F0DD
:1099D000F9F94FF4607001F051F8C0F3C018C305F5
:1099E0004FEA881848BF48F08008810548BF48F40E
:1099F000807817F092FA83464FF48261504619F04E
:109A0000E1F9414604F12C0019F0DCF9584617F051
:109A10008AFABB1E012B7AD84FF40021504619F068
:109A2000D1F901212046FFF74DFC042120461AF010
:109A30009CFD6B7D2046C3F3040384F870306A8973
:109A400007F0FD0752006263697B2A7B42EA01222C
:109A50006287E97BAA7B42EA012222876A7D84F839
:109A60006F30C2F3421284F83E2000220523A28701
:109A70000122A4F89C30A4F87C209DF9441019F030
:109A800038FA01F055F820F40060C4E908012046D6
:109A9000FFF7BCFB3A4A3B4BB2F82880B8F1000F05
:109AA00068D1002F38D140F2C7186660E3612046C4
:109AB000166119F098F9B9F1010FE0600AD094F835
:109AC0003731204669F3030384F8373109F00F0179
:109AD00019F0B9FB04F10800414619F09DFF01207F
:109AE00002F004FE28B963691A075CBF43F004035F
:109AF000636140F271216B892046013B594319F0A3
:109B000091F9204602F0FCFD03B0BDE8F08F012F73
:109B100087D140F2014185E74FF4D778E36140F205
:109B200071272B8940F608015B0007FB036650464E
:109B3000666004F1400619F045F9314620461AF0F6
:109B40009CFC2B89314601335B0020467B4304F1AA
:109B5000340201F001F8EB7931465B000122204626
:109B60007B431AF090FC236C20469E0819F03BF9C9
:109B70003044A0E76660E361002FD0D197E700BFD3
:109B8000501F00200195010070B51D46C36A0446B0
:109B90001B07164613D408212C3025F4105519F054
:109BA00011F925F01005064B2D0433402D0C2046ED
:109BB000C4E90835BDE870404021FFF783BB70BDA4
:109BC0002FCF87F72DE9F04F85B004460191084665
:109BD00089B34B799A071FD421F0D2FC019D70B94B
:109BE0006B79DB0705D54FF4803104F1280019F0BB
:109BF000E9F801A821F058FC05B0BDE8F08FA36A90
:109C0000DF0309D54FF4803104F1280019F0E2F8A0
:109C10006B7943F001036B71019E17F07EF9737944
:109C200031469E0705461ED504F1AC0021F019FD12
:109C3000284617F078F9DFF8909117F06EF9A36ACB
:109C40000746DD0514D5D4F8AC3043B19A791344F6
:109C50001B7B392B03D829FA03F3D80711D43846D4
:109C600017F061F9C8E704F1A80021F0EBFCDFE789
:109C700094F94631022BF2DCD4E92A2372B9002B85
:109C8000EDD004F1AC0021F02DFC0546384617F06C
:109C90004AF92946204619F084FCCEE7002BF0D182
:109CA00094F89280039304F1A80BD4F8A86096F876
:109CB00007A0B379AAEB030A5FFA8AFAC24527DC48
:109CC000584621F055FC0546A8EB0A086B79294651
:109CD0006FF3C3036B7103A821F0B4FCD4F8A83070
:109CE0002BB15B79990702D1B8F1000FDDD1039B4D
:109CF000002BB4D09B79022B40D8002021F067FDC7
:109D0000014670BB039904F1A80021F0AAFCA6E764
:109D1000002021F05CFD054630B9039904F1A8004C
:109D200021F09FFC03959AE78079B1790C300C31D2
:109D300042463144284421F07CF9EB7953FA88F308
:109D4000EB71B379727953FA88F3B3716B794FF091
:109D5000000862F300036B7173796FF30003737192
:109D6000B4E7039B4A79587960F300024A715A7943
:109D700003A86FF300025A7121F06EFCE36A9A05A2
:109D800012D50398034600680028FBD1DB79C3F1A4
:109D90004503DBB2032B07D821F019FD014600284B
:109DA000B0D003A821F04EFCD4F8A83013B15B79F1
:109DB000DB0704D5039A537943F0080353713846FF
:109DC00017F0B1F8039965E77C2C020070B5036BBE
:109DD0000446990786B001D519F035F9236BDA07E7
:109DE00033D5A66A330723D516F4002F14BF0325F5
:109DF00001252046FFF750FA94F89B302946059339
:109E00000023049394F83E30C6F380020393238F1B
:109E100080B20293638F0193636BC3F34F0300938C
:109E200004F171031AF04EF930B9002006B070BD8C
:109E3000B50C05F00205DCE7012104F1300018F053
:109E4000C9FF4FF4005118F0BDFF236B980410D5E3
:109E50002046FFF721FAA16AC0B2C1F3403119F0E0
:109E6000B1FE0028E1D04FF4005104F1300018F0A9
:109E7000B1FF236BD90409D500212046FFF7A2FECC
:109E80004FF4805104F1300018F0A4FF236B5A0501
:109E900012D52046FFF700FA002394F89B50C2B277
:109EA0001946284621F01EFF0028BED04FF48061DD
:109EB00004F1300018F08EFF236B5B0711D52046AC
:109EC000FFF7EAF9616B238F628FC1F34F0180B214
:109ED0001AF0D8F80028A8D0042104F1300018F0B6
:109EE00079FF236B1E0709D520461AF0CAFE002809
:109EF0009BD0082104F1300018F06CFF236BDD06C5
:109F000018D52046FFF7C8F9E16A80B211F48051F4
:109F100000F0C58000211AF04AF9002885D04FF4DE
:109F2000805104F12C0018F055FF102104F130008D
:109F300018F050FF236B580615D52046FFF7ACF9F3
:109F400094F8773080B20093D4E908231AF012F91C
:109F500000283FF46AAF0023402184F8773004F1F1
:109F6000300018F037FF236B190516D52046FFF790
:109F700093F900230093B4F89830B4F8962094F83D
:109F80009A1080B219F0D1FD00283FF44EAF4FF483
:109F9000006104F1300018F01DFF236B13F48045BD
:109FA00032D19A0516D52046FFF776F994F8371185
:109FB00094F8772001F00F0180B200F01FFC002818
:109FC0003FF433AF4FF4007184F8775004F1300060
:109FD00018F000FF236B1B0616D52046FFF75CF92F
:109FE000B4F88C3080B2009394F89130B4F88A20A1
:109FF00094F890101AF00DF900283FF416AF802164
:10A0000004F1300018F0E6FE236B9E0612D52046C0
:10A01000FFF742F994F8771080B21AF0DFF80028C1
:10A020003FF403AF0023202184F8773004F130009F
:10A0300018F0D0FE236BDD0508D504F130004FF495
:10A04000807118F0C7FE20461AF058FC236B1804E4
:10A0500008D504F130004FF4004118F0BBFE204653
:10A0600019F0EDF8236BD90308D504F130004FF453
:10A07000803118F0AFFE204618F02BFF236B9A03B7
:10A0800008D504F130004FF4003118F0A3FE20464B
:10A0900018F02DFF236B9B0704D40120C6E61AF0AD
:10A0A0009DF83AE700222046114618F01EFF204690
:10A0B00018F01DFF2046FFF7EFF894F8771080B2F4
:10A0C0001AF042F900283FF4B0AE022104F130004A
:10A0D00018F080FE2046FFF787FB024B1B6898476D
:10A0E000DBE700BF7C1F0020F8B50023124A02F115
:10A0F000240151E8004F41E80035002DF7D1012738
:10A1000034B9BDB10D48294618F05CFE2046F8BDB3
:10A1100094FAA4F0B0FA80F007FA00F624EA0604F4
:10A12000FFF7A6F80028EBD0FFF750FE0028E7D194
:10A130003543E5E70120EAE7501F0020741F0020A7
:10A140002DE9F74F04460190002860D0C5794FF003
:10A1500000080C35054416F0E0FE464600904FF42A
:10A16000A47A40462B4FBA7E5FFA88F94A4517D940
:10A170000AFB09FB3A685A44916ACB0644D5B2F807
:10A180009420C2F30B02002A3ED0E279C2F14502CC
:10A19000D2B2032A15D8022021F019FB044640B997
:10A1A00000230098FB8316F0BEFE304603B0BDE8E6
:10A1B000F08F014601A821F045FA0020E5790C3521
:10A1C000254404220123002112FB003305F82090CE
:10A1D000E9543B6802FB005C5B44B3F89430013601
:10A1E0008CF80230032312FB0032A9543B68013083
:10A1F0005B44B3F89420C0B261F30B02A3F894203F
:10A20000E379F6B20433E37108F10108ABE70646DF
:10A21000CBE700BF501F0020F7B5684604F0D2F925
:10A2200000254FF4A477124EB37EAB4201DC03B09D
:10A23000F0BD346807FB0544A36A03F01803102B34
:10A2400013D10522694604F1450020F0BDFE60B13E
:10A25000012120461AF073FB38B9012021F0B7FA2A
:10A26000014610B1204601F0B5F80135DCE700BF2A
:10A27000501F00202DE9F74F16F04FFE424BDA68D1
:10A2800000920022DA6016F04EFE009B13B903B074
:10A29000BDE8F08F684621F025F98279876802F1E0
:10A2A0000C04044401460190A07A0A3210F0200FF9
:10A2B00014BF0320022002448A71FA6A52050FD5A6
:10A2C000E07AA27A42EA0022384619F058FB38B9FF
:10A2D00001A821F0E9F83D21384619F042FAD4E707
:10A2E000BA6A94F80AB012F4007201990BF00300F4
:10A2F00013D003288A79EBD10A44127B392AE7D894
:10A30000224B23FA02F2D307E2D54A79384642F0CB
:10A3100002024A7100F066FDB7E70328F5D04879DC
:10A320000BF0030B62F341004871084694F8069065
:10A3300094F905A021F024F9019D0646AC79384630
:10A34000063CE4B2AC71FEF7A7FF0C34C0F3032364
:10A3500005EB040843EA0B1388F803302B46F6B2EA
:10A3600088F80200A8F8046005F804A088F80190B5
:10A370005A796FF341025A711B68002BF8D12846B5
:10A3800019F037FC81E700BF501F00207C2C020031
:10A39000002370B50D46D1688AB009BA0291C17820
:10A3A000C66861F30703817836BA61F30F234178F9
:10A3B00006AC61F317439168069609BA0391816868
:10A3C00009BA07915168126809BA12BA0491059244
:10A3D0000178426861F31F6312BACDE9082323466E
:10A3E0008022012002A9009417F0DCF90028F6D1A0
:10A3F000DDE90810DDE9063200BA09BA12BA1BBA63
:10A4000028606960AA60EB600AB070BDF8B50446C8
:10A410000026084F0CB90748F8BDA179E579B819AD
:10A420006D1AEDB20C3121442A4620F002FE2E4472
:10A430002468EFE78C1F0020F8B504460026084F7B
:10A4400004B9F8BDA079E579B9192D1AEDB20C302F
:10A4500020442A4620F0EDFD2E442468F0E700BF9A
:10A460008C1F0020104B1A7842F0F0021A701A7CF0
:10A4700042F0F0021A7493F8202042F0F00283F8C0
:10A48000202093F8302042F0F00283F8302093F837
:10A49000402042F0F00283F8402093F8502042F030
:10A4A000F00283F8502070479C2000200368054A82
:10A4B00023F07F6323F4002302EAC14213430360C5
:10A4C000704700BF0000F80FF8B54488054604F057
:10A4D0000704072C1C4E28D116F01FFD0022110185
:10A4E000735C06EB02171B090F2B0AD00132062AF8
:10A4F000F5D1164A13880133138016F014FD192084
:10A50000F8BD2B6894B27B801123735416F00BFDB9
:10A510001AF017FF06EB0413D8602B68002023F411
:10A52000E02343EA04432B60EAE72301F15CC1F333
:10A530000312013202F00F02052A28BF002262F343
:10A540000711F154E4E700BF9C200020A22B00205B
:10A5500038B54488054604F00704072C0FD016F0E0
:10A56000DCFC074A2401135D43F0F00313552B680C
:10A5700043F4E0232B60BDE8384016F0D4BC38BD6E
:10A580009C2000202DE9F0474588074605F0070587
:10A59000072D894637D01D4C4FEA051814F808607E
:10A5A0001AF0CFFE04EB051ADAF80C30360906EB88
:10A5B000C506C01A04EB4606708014F8083003F094
:10A5C0000F02042A9EBF013262F3030304F808302D
:10A5D000B9F1030F14D114F8081004EB0514A01CF2
:10A5E00001F00F011AF08BFD044616F096FC3A6854
:10A5F000074B134023433B60BDE8F04716F093BC84
:10A600004FF6FF74F1E7BDE8F08700BF9C20002003
:10A610000000FF7F064A08B59268824207D042795F
:10A6200022F0030242F00302427104F025FB08BD50
:10A63000FC20002010B5064C204620F035FF201DE0
:10A6400020F032FF04F10800BDE8104020F02CBFDC
:10A65000FC20002010B5022021F0B9F8034C606006
:10A66000022021F0B4F8A06010BD00BFFC20002043
:10A6700008B5FFF7DFFF0022024BDA60BDE80840B3
:10A68000FFF7E8BFFC200020014B5868704700BF6F
:10A69000FC200020014B9868704700BFFC20002080
:10A6A00038B50C4CE3681BB1E36898470023E360BE
:10A6B00023686BB1074820F015FF054640B12368B9
:10A6C0001BB14FF0004004F06FFA284619F055FE18
:10A6D00038BD00BFFC20002010B5084CE0604FF0F2
:10A6E000004004F061FA00BF00BF00BF00BFE36894
:10A6F0001BB1E36898470023E36010BDFC200020F5
:10A7000038B58379044603445B7B13F0300F4379FB
:10A7100023F0030308BF43F00103437116F0FDFB70
:10A7200005462146054820F08DFF4FF0004004F01B
:10A730003BFA2846BDE8384016F0F5BBFC20002067
:10A74000F7B5144F7C68A3790C331C4400F0F6F97C
:10A750006679E6B116F0020519D136EA000016D185
:10A76000E378B4F80920B4F80710A07901962479A9
:10A77000009401F07BFA002808BF0C252A4642F21B
:10A780004101B86803B0BDE8F04019F0C6B9112521
:10A79000F4E700BFFC20002010B50D4C62689379EF
:10A7A0000C331A441179D078003918BF01210038D0
:10A7B000B2F8073018BF0120B2F8052001F0BEFB47
:10A7C00042F242010246A068BDE8104019F0A5B966
:10A7D000FC20002010B5084C6068837918440F30C5
:10A7E00000F07AF80023A0681A46BDE810404FF642
:10A7F000284119F050B900BFFC200020F8B50746E9
:10A8000001200D46164620F0E2FF0446C0B10622A4
:10A810000C2119F053F9691EC9B2032988BF00221F
:10A82000A37998BF074A03F10C0398BF525C2344F5
:10A8300020469F80DE70DA719A71FFF7EBFE0120EF
:10A84000F8BD00BFF4CD0300F8B5FFF71DFF837915
:10A850001844B0F80F60B0B2FEF70AFD0446C0B16C
:10A8600018F059FE0138C0B2032814D800270B4B4A
:10A870001C5CFFF70FFF054604233A4642F2300105
:10A8800019F009F9AB790C33E818C68004724472E8
:10A89000F8BD0227EDE700242746EAE7F4CD0300E0
:10A8A0000B4610B50649074C0622002808BF214672
:10A8B000184620F089FBB0FA80F0400910BD00BFB7
:10A8C000432C0020492C0020024B1A6802609B8810
:10A8D00083807047492C002013B50D4C28B10368C4
:10A8E00023608388A38002B010BDFAF76DFDCDE927
:10A8F00000019DF80230BDF80020A370BDF80530BE
:10A900002280A4F803309DF807306371EBE700BFA5
:10A91000492C002010B5044616F0FFFA2268064BB9
:10A920001A60A2889A80054A137843F001031370D5
:10A9300016F0F9FA012010BD432C0020422C002013
:10A94000024B1878003818BF01207047422C0020B5
:10A95000024B1A6802609B8883807047432C00205A
:10A96000024B186908B104F01FB97047680F002046
:10A97000002310B53C4A02F1100151E8001F02F11A
:10A98000100C4CE80034002CF5D140EA0104A1027F
:10A9900001D501F021FF220101D503F04BFB002C72
:10A9A00001DAFFF77DFE630001D501F037FDA0005D
:10A9B00001D5FFF75FFCE10007D515F01BFA20B9C0
:10A9C0004FF08051294819F02BFD620107D518F08E
:10A9D0006DFE20B94FF08061244819F021FDA301DC
:10A9E00005D51AF002FDFFF717FC19F04CF8E0014D
:10A9F00008D518F062FA072804D14FF080711B487F
:10AA000019F00EFD610201D519F00CF8220201D5F2
:10AA100018F03EFAE30207D518F048FA20B94FF4CF
:10AA20008011124819F0FCFCA00507D500F0A8F928
:10AA300020B94FF400710D4819F0F2FCE10507D57B
:10AA4000FFF752FB20B94FF48071084819F0E8FC79
:10AA5000620503D519F01DF819F01CF8230501D57E
:10AA600019F0E6FC10BD00BF680F0020780F002031
:10AA70000146014819F0D4BC680F0020014B1B6847
:10AA800018407047680F002010B5044BD3E9064208
:10AA900004430A43C3E9064210BD00BF680F00200B
:10AAA00070B51E4D04462B68002B03DAFFF7E0FD5E
:10AAB000002031E04CF20C000021FFF7E5FF0023FD
:10AAC000174E336024B163682B60A36803B1336011
:10AAD0004FF00040FFF7CCFF33680BB9114B3360E8
:10AAE000114B1248AB6000232B7314F073FDFFF77A
:10AAF000B9FC2046F7F724FB70B92CB1B4F90E105D
:10AB0000B4F90C0002F0EEFD1AF07AFC03F02CFD13
:10AB100003F0B2FC0028C9D070BD00BF680F002050
:10AB20000C2100201F0D002061A901006C0F0020E6
:10AB3000014BD3E906017047680F0020054B9B6964
:10AB4000DA054CBF032001201B0548BF40F004007C
:10AB5000704700BF680F0020F8B517461C460D4629
:10AB6000064603F077F91C4BBA7A1C4953F82220A9
:10AB700053F820308C421A4424D9194B9C4214D9E2
:10AB8000184B013C93FBF2F3002BB8BF03339A1030
:10AB900004EBA304B4FBF2F371682A68A1EB930100
:10ABA00002EB430271602A60F8BD0F4B0F49A3FB13
:10ABB00004435B0902FB03F303F6C313A1FB031376
:10ABC000DB0AE9E702FB04F3094A03F574338F3328
:10ABD000A2FB03231B0CDFE74CCE03004C621000EA
:10ABE0001366660640420F001F85EB515917B7D117
:10ABF00083DE1B43034600F03F003F2830B51FD0E3
:10AC000090B11946002201321B2A4FEA510105D1A9
:10AC100000212E480A460124584007E001F03F0079
:10AC20003F280DD00028EED130BD012104FA02F5F5
:10AC3000054202F1010205D1202AF7D1022907D0ED
:10AC40000020F1E7202A01F10101F7D00229ECD11F
:10AC5000DAB2C3F30721914225D000211C460846F1
:10AC600004F00305013D012D01F1010198BF013000
:10AC70001F294FEA54041ED11828E1DC05200021C9
:10AC80009B0E03F00304013C012C98BF01310138F5
:10AC90004FEA5303F5D10129C6DD8AB90228D4BF92
:10ACA00000200120C0E7C3F307419142D5D1B2EBA8
:10ACB000136FD2D1C4E71029D2D10B28D0DDBFE762
:10ACC000D30748BF01305208E7E700BFD6BE898EE0
:10ACD000024B1A6802601860704700BF1421002000
:10ACE0000022024B1A6000F0FBB900BF14210020C3
:10ACF0002DE9F843064618F044F90446002835D0FB
:10AD000045784DB916F009F9237863701B4B1B6821
:10AD10002570636016F007F94FF00108677837B9BE
:10AD200023781BB34FF4007003F03EFF1EE097FA48
:10AD3000A7F5B5FA85F508FA05F55FFA85F96368B0
:10AD400033B90E4B27EA050565701B686360E5E7BC
:10AD50009B681BB963681B686360F0E7494630462F
:10AD60009847012805D163681B6863600120BDE82E
:10AD7000F8830228EED10020F9E700BF142100205B
:10AD800070B500250D4EFEF7CDFCA84201D801207C
:10AD900012E03068FEF76CFA50B93468FEF7C2FC76
:10ADA0000134B4FBF0F303FB104401353460EAE7EF
:10ADB000FFF79EFF0028F0D170BD00BF10210020DA
:10ADC00010B50446837903441B7B392B96BF044A94
:10ADD000FF21D15C20F03FFBA0790C30204410BD56
:10ADE000F8CD03002DE9F34105460C46019118F01A
:10ADF000B8F8830605D501A820F056FB02B0BDE8DF
:10AE0000F081019FBE790C36BB5D392B18D8164AEC
:10AE100012F80380B8F1FF0F12D0384620F0B0FBD3
:10AE2000013840450CD1114B1E6896B92146284681
:10AE3000A37923441A7B02B0BDE8F04119F0F7BBB7
:10AE4000019820F031FB2846BA5D019919F0EFFB1B
:10AE5000D4E773680BB93668E7E721462846984778
:10AE60000028F8D0CAE700BFF8CD03001421002065
:10AE700037B504460D46202118F075F829462046BE
:10AE800018F0DEF82146012019F078FC2146002058
:10AE900019F074FC012000232146034A009019F0A8
:10AEA000FEFB03B030BD00BF0745030073B50C4681
:10AEB0001646054619F0D4FD80F001002946C0B2BF
:10AEC00018F046F8C368012C9A7907D0324621461B
:10AED000284602B0BDE8704019F0C8BD13441022E6
:10AEE000DB8A294600920020024A19F0D8FB20464E
:10AEF00002B070BD6D4A030037B5044619F0F0FD8D
:10AF00000321204618F04DF8002503462146012074
:10AF1000034A009519F0C3FB284603B030BD00BFBB
:10AF2000534903002DE9F347074602200E4620F05F
:10AF30004EFC0546002846D0B37900210C3333443B
:10AF4000B3F80480B3F806A0B3F8089019F025FB15
:10AF50002846FFF735FF02210446384618F021F84D
:10AF6000A4F804806081A4F806A0A4F808901AF060
:10AF7000ACF908F10108B0FBF8F303FB1800022359
:10AF800060806370AB79B371EA7903F10C00F27100
:10AF9000D21AD2B22918304420F04BF83946012099
:10AFA00017F0D6FF1022C66063893946012000924F
:10AFB000064A19F074FB3846294619F0ECFA0020CD
:10AFC00002B0BDE8F0870720FAE700BF6D4A030032
:10AFD0002DE9F34104460D460146012017F0B8FF64
:10AFE00001210746284619F0D8FA2846FFF7E8FE5F
:10AFF000064600F10108404603F0E4FAD6F80130B5
:10B000000221C7F8123073792046BB7517F0C9FFCB
:10B0100029460746F080204619F0BDFA2023214634
:10B02000009301203B46034A19F039FB002002B08F
:10B03000BDE8F081394A03007FB504460D4601465C
:10B04000012017F085FF50E8003F43F4806340E89B
:10B050000036002EF7D1204619F002FDD8B3204665
:10B0600017F087FF430715D53346324620460DF1CA
:10B070000F0118F037FA9DF80F30062B0AD8284632
:10B0800014F06CFA012200232046FEF77DFD00201B
:10B0900004B070BD0E21284619F07FFA2846FFF74C
:10B0A0008FFE0646FFF744FDC6F80510FFF740FD8A
:10B0B0002946C6F80100204619F06DFA0321204602
:10B0C00017F06FFF00220346009221460120034A39
:10B0D00019F0E5FADBE70821DDE700BF5749030077
:10B0E00010B5054C054A2046054919F023FC2046B9
:10B0F000BDE81040FFF7ECBD182100201F4B0300F6
:10B100006DB20100F7B58B7904460C33CE18CB5CD9
:10B110000D46023B0F2B00F2A080DFE803F0089EF3
:10B120009E9E9E739E829E9E2C689E9E9E4F15F0B4
:10B13000F4FE71780746204617F082FF2021204652
:10B1400017F011FF2146012019F018FB21460020BD
:10B1500019F014FB01230093002321461846404AAE
:10B1600019F09DFA284614F0F9F9384615F0DBFE7F
:10B17000012003B0F0BDB3887288717818F098F997
:10B18000204617F0F6FE830708D42946204619F01A
:10B19000A7FC0121204619F0E8F9E9E72146012042
:10B1A00017F0D6FE2F4B82689A4203D12146012028
:10B1B00019F0B4FA284614F0D1F9EAE7777808468E
:10B1C000B67814F0CBF9162F05D13246032120466C
:10B1D00019F096FECCE72146012017F0B9FE8368EE
:10B1E000002BC5D03246032120469847C0E70146D0
:10B1F000012017F0ADFE07462846767814F0AEF928
:10B20000BB68EDE70146012017F0A2FE074628467D
:10B21000767814F0A3F9BB68002BA9D0324604213C
:10B22000E2E70146012017F093FE0F4B82689A4235
:10B2300003D0284614F092F99AE7D6F80120D6F800
:10B2400005302046FEF7A0FC284614F087F9214679
:10B25000012019F063FA02219CE7002089E700BF72
:10B26000D54A030053490300574903002DE9F34130
:10B270000C46054619F0F4FBA37900286BD00C337B
:10B2800014F80380E618B8F1010F41D0B8F1080FA7
:10B2900039D0B8F1000F51D17189284619F0EDF974
:10B2A000B188738872788B4294BF074600270929BA
:10B2B0000B4638BF0923013B9BB29A420FD8002AA4
:10B2C00008BF00270846F388328919F0F5F840B91D
:10B2D000204614F043F9012002B0BDE8F081474652
:10B2E000F0E7002FF4D02946002017F031FE10229D
:10B2F000C46073890092013B1B4A9BB2294600201F
:10B3000019F0CDF9E7E72146284619F047FBE2E7B7
:10B310002846F18819F0B1F90746701C1AF07EF83A
:10B320000028D5D0002FD3D02946002017F010FEDA
:10B330002023C4600093F3880C4ADFE721462846A7
:10B3400019F0CBFE0028C6D12146284602B0BDE840
:10B35000F041FFF7D7BE23441B7B0E2BD3D02146F1
:10B36000284619F0A9FEEDE7ADAE0100F149030052
:10B3700038B504460D4617F0FCFD42070BD42046B5
:10B3800017F0F7FD830706D429462046BDE838406C
:10B39000034A19F064BA284614F0E0F8002038BDDA
:10B3A000F9AE010038B505460C4617F0DAFD00F09D
:10B3B0001800102806D121462846BDE83840044A26
:10B3C00019F04DBA204614F0C9F80C2038BD00BF62
:10B3D00025AF0100014A19F042BA00BFD1AF010008
:10B3E00070B505460C460146012017F0B1FD064632
:10B3F000284617F0BEFD020704D5204614F0AEF82B
:10B40000002070BD33685B05F7D4284619F028FB8F
:10B4100040B121462846FFF7ABFF18B920F0D7F915
:10B42000044630B121462846BDE87040024A19F072
:10B4300016BA0720E5E700BF39B0010073B504462E
:10B440000E4617F08EFD00F0300010284FF002007D
:10B4500031D120F0BCF9054678B34379022143F09D
:10B460000203437119F099F82846FFF7A9FC294611
:10B470004670204619F08FF81621204617F0E0FD9F
:10B480002021204617F06FFD2146012019F076F9A2
:10B490002146002019F072F9204619F015FA012111
:10B4A000204617F07EFD0346012021460090044A05
:10B4B00019F0F5F8002002B070BD0720FBE700BFCF
:10B4C000814903002DE9F04387B004460E4617F08A
:10B4D00050FD00F4C060B0F5C06F06D1022020F02E
:10B4E00076F9054610B9072054E0002521460120D1
:10B4F00017F02EFD814696F8068000F1120208F141
:10B500000C08B04408F10F0308F11F0153F8040BB5
:10B510008B4242F8040BF9D10321304619F03DF873
:10B520003046FFF74DFC0A22074608F105010130BD
:10B530001FF05AFD0C210DEB010002F0B1FF03AB2F
:10B5400003CBC7F80B00C7F80F10059B07F10B02E0
:10B55000C7F813300DB30A21284619F01EF8284603
:10B56000FFF72EFC2946204619F015F84FF480719C
:10B570002046C9F80C6017F0F6FC0321204617F0AE
:10B5800010FD00250346214601200C4A009519F0C4
:10B5900086F8284607B0BDE8F083204607F113037C
:10B5A000012118F034F92046314618F0F4FF204606
:10B5B000C9F80C5018F047F9DFE700BF614B0300F2
:10B5C000F0B589B00D46044619F0C4FAAB790028ED
:10B5D00000F0A3800C33EA18EB5C033B082B00F26D
:10B5E0003881DFE813F009003601360184003601A6
:10B5F000360136015D007E00D2F80100D2F8051058
:10B6000003ABB2F8097003C302F1130301210B323B
:10B61000204618F0FCF80421284618F0BEFF284602
:10B62000FFF7CEFB06460C2105A802F039FF05AB5B
:10B6300003CB3346C6F80100C6F80510079A00216F
:10B6400043F8092F2046721C18F0E1F8214600202B
:10B6500017F07EFC034603AA478303CAC3F812000F
:10B66000C3F8161020460821FDF72CFE4FF4007198
:10B67000204617F078FC204618F0E5F829462046C9
:10B6800018F089FF0321204617F08BFC03460020A9
:10B690002146714A009019F002F8012009B0F0BD6E
:10B6A0000B21284618F079FF2846FFF789FB294629
:10B6B000204618F070FF15F030FC05464FF440713D
:10B6C000204617F050FC4FF48051204617F053FCF1
:10B6D000284615F028FC4FF48061204617F04EFCF8
:10B6E000DBE7284613F03AFF4FF40071F5E7062137
:10B6F000284618F052FF2846FFF762FB204617F055
:10B7000002FF2946204618F046FF204618F0C1F8EF
:10B710002146002019F002F8BFE72B441B7B043BB5
:10B72000072BBBD801A252F823F000BF4DB7010090
:10B7300073B70100D5B701009DB601009DB60100A9
:10B740009DB601009DB60100EBB7010020464FF405
:10B75000007117F008FCAA7920460C322A4402F145
:10B7600009030021013218F052F8284613F0F6FEC2
:10B7700093E74FF48060FFF781F9B0B100274FF4F1
:10B780000061204617F0EFFB2046CDE90577FDF775
:10B7900083FD0646204617F0E2FB39460346009536
:10B7A00005AAB0B218F078FD77E72146012017F01E
:10B7B000CFFB00F11201204618F080F80621284640
:10B7C00018F0EBFE2846FFF7FBFA2946204618F052
:10B7D000E2FE62E7284613F0C1FE2146012018F080
:10B7E000CDFF204618F055F857E715F096FB0646B2
:10B7F0004FF40071204617F0B6FB4FF480512046FD
:10B8000017F0B9FB304615F08EFB4FF4C0612046AF
:10B8100017F0B4FB2946204618F0BDFE2146012052
:10B8200017F096FBC268054682B1937901210C336B
:10B830001A4402F1130320460B3217F0E8FF2046AA
:10B8400018F001F82046E96818F0A5FE0023EB6027
:10B8500023E7002022E700BF614B030010B5074C2F
:10B8600007492046002219F065F82046FFF730FA14
:10B87000BDE8104001200021FFF706B92421002077
:10B88000C1B5010038B505460C4617F06AFB00F05B
:10B890001800102806D121462846BDE83840044A41
:10B8A00018F0DDBF204613F059FE0C2038BD00BF54
:10B8B000C5B4010038B50C468B7905460C331944E4
:10B8C000E35C142B03D0152B0FD0002038BD0131C1
:10B8D00019F018FA15212846224619F05BFA21467C
:10B8E000284618F058FE0120F0E70146012017F025
:10B8F0002FFB0B4B82689A4203D0204613F02EFE9A
:10B90000F1E7A179284621440D3119F0FBF92046D1
:10B9100013F024FE2946012018F000FFE3E700BFE2
:10B92000E94D030037B504460D460A46142119F0C7
:10B9300031FA2946204618F02EFE0321204617F042
:10B9400030FB30220346009221460120024A18F0C3
:10B95000A6FE002003B030BDE94D030010B5074C32
:10B9600007492046074A18F0E5FF2046FFF7B0F9DF
:10B97000BDE8104020200021FFF786B830210020CC
:10B98000B5B80100ED4D030073B51E46ADF80020BB
:10B990008DF80230009B044601A801930D46114624
:10B9A00019F09AF99DF80630B34203D1BDF804307E
:10B9B0008B4205D0284613F0D1FD122002B070BD95
:10B9C000204617F03EFC9DF80230827A9A4209D157
:10B9D0008288BDF800309A4204D1284613F0BEFD9B
:10B9E0000020EBE76946204617F0E7FE294620468F
:10B9F000014A18F034FFE1E725B901002DE9F041D3
:10BA000016461A4307460C461D46BDF8188005D158
:10BA10002046BDE8F041114619F03BBA41462046A8
:10BA200018F017FE78B12146384617F091FA4023F6
:10BA30008674C5742146069338464346BDE8F041F6
:10BA4000024A18F02CBEBDE8F08100BF4B4F030046
:10BA5000F7B505460E460146012017F079FA03684E
:10BA600013F0F00F03D02946012018F087FE284676
:10BA700017F04EFDB3790C3333445F789B781F4049
:10BA80000378C3F3030000EA1310384019F0DBF920
:10BA9000044668B9284619F0DFF9384019F0D3F99F
:10BAA000044628B9284617F036FD01F011FE044679
:10BAB0002846002117F0C7FB1721304618F06DFD0E
:10BAC0003046FFF77DF9314644708470284618F0FF
:10BAD00062FD0321284617F064FA402203460092D3
:10BAE00029460020024A18F0DAFD03B0F0BD00BF7D
:10BAF000014F030008B581B2074817F08DFF012000
:10BB000000F0F4FD30B9054A536919075CBF43F0F2
:10BB10000403536108BD00BF442100203C210020E4
:10BB200001238340DB43064901F1240252E8002F40
:10BB30001A4001F1240C4CE800200028F4D1704791
:10BB40003C2100200123074A03FA00F002F12403FC
:10BB500053E8003F034302F1240C4CE80031002974
:10BB6000F4D170473C210020044A4FF08040536AD2
:10BB700043F40023536203F017B800BF3C210020B8
:10BB800038B50E4D044601F0EFF9E86B18B113F02B
:10BB9000E5FC0023EB6317F072FF0948FEF7D8FCC1
:10BBA000AB6B0BB1FFF7E0FF2146044800F0F8FD56
:10BBB000BDE8384003481FF077BC00BF3C2100209F
:10BBC000442100205C210020034B586A10F005003E
:10BBD00001D1FFF7D5BF70473C21002038B54FF0A9
:10BBE00010131D4C0122E3624FF4E063238647F6F5
:10BBF000FF730025A4F8603094F86730656262F343
:10BC0000030384F86730154A154BC4E91632FEF772
:10BC100095FF4FF48073A4F84830124B84F8560017
:10BC2000E361114B65611A6829461378527804F173
:10BC3000080013445B106376A4F8BC50A4F8B45019
:10BC400017F0EAFE294604F1940017F0E5FEBDE87E
:10BC5000384019F0F5BB00BF3C2100205555550078
:10BC6000D6BE898ED15103000C2100202DE9F04170
:10BC70001F4C9846636A0F46D90715469DF81C600D
:10BC800033D460B30120FFF75DFF626A9DF818307E
:10BC900022F4C07242EAC312052E626284F8546034
:10BCA00007D101F055FE68B96D00ADB2BD4228BFA5
:10BCB0003D4694F854309A0715D413F0040F14BF7E
:10BCC00003260126012094F86730A78566F3030355
:10BCD00084F86730E58584F83080BDE8F081012084
:10BCE000FFF71EFFD1E70226ECE70020F5E700BFD3
:10BCF0003C210020024B586AC0F38000704700BF0F
:10BD00003C21002010B51D4CFFF7F4FF636A13F0CF
:10BD1000010313D1A8B994F8663094F83110253B8B
:10BD2000DBB20133DBB2032B28BF002341FA03F25D
:10BD3000D207F6D5253384F8663018E094F85430ED
:10BD400010B194F85520134303F00503052BE2D1FD
:10BD500001F0FEFD0028DED194F8673003F00F02F9
:10BD6000012A05D1032262F3030384F8673010BD72
:10BD7000012262F3030384F86730CCE73C21002002
:10BD8000024B586A00F00100704700BF3C210020C0
:10BD9000F8B52C4C18B1636943F01003636119F0D6
:10BDA000D0FA40F27121E28DE66C151F4D43AE4290
:10BDB000236DA78D18D2A3F5967301FB0733E768AF
:10BDC000181A23893B4483420EDA51436369891B65
:10BDD00043F0100363618142D4BF2161206119489F
:10BDE000BDE8F84000F08CBC40F271277A43A2F520
:10BDF000AF722261FFF786FF236DA28DAE4207FB73
:10BE00000233636023654FF00003E3640E4B0CD3F1
:10BE10001A68616A137B4907617E4CBF9279127878
:10BE20000B4493420CDC6376D9E7626A1B685207C5
:10BE3000197B4CBFDA795A78637E5B1A9342F2DA47
:10BE40006276CCE73C2100200C21002038B51A4C4A
:10BE50000546636923F01003636101F085F8B4F8C7
:10BE6000BC302BB9A36813F4601F08BFA4F8BC3022
:10BE70000121114800F094FC104BE361636A5A04FD
:10BE800005D485F00100BDE83840FFF781BFA26A04
:10BE90006168521A002AF4DA23F0010343F40043E4
:10BEA0006362FFF791FE4FF0804002F07DFEFFF7E6
:10BEB00021FF0028E5D138BD3C210020D1510300ED
:10BEC00008B5FFF717FFB0B10B4B586A20F004021A
:10BED00010F001005A6203D1BDE80840FFF750BEE0
:10BEE00001F042F817F0CBFDFFF73EFEBDE8084039
:10BEF0000020FFF7ABBF08BD3C21002038B5054648
:10BF00000D4C80B10320FFF70BFE002384F8453071
:10BF10000123A4F846300420FFF702FEBDE83840B4
:10BF20001020FFF7FDBD0520FFF7FAFD012384F87F
:10BF3000B650A4F8B830EEE73C21002070B53B4C79
:10BF40001646636A03F0010270B95AB114F0E5FFB6
:10BF5000636A054623F001036362FFF735FE284656
:10BF600014F0E1FF002070BD002AFBD19B0704D52F
:10BF7000E36BBBB10120FFF7C1FF94F8303003F051
:10BF8000FD03012B16D014F0C8FF0546C6B10E20E4
:10BF9000FFF7D8FD19F0D5F942F2107303FB060044
:10BFA000A06210E002201FF012FCE0630028E1D143
:10BFB0000720D8E7FEF7C4FC0028E4D11220D2E71E
:10BFC0000E20FFF7ADFD0020FFF7BCFD636A13F004
:10BFD0000403C4D140F27122E364E38DE260023BCA
:10BFE0005343236119F071F90323B0FBF3F303EB1F
:10BFF0004303C31A253384F86630FFF783FE19F034
:10C00000A0F960602065B4F8BC00002808BFF520E6
:10C01000FFF770FD064B05481A68137852781344F1
:10C020005B10637600F06CFB99E700BF3C210020B9
:10C030000C210020274B70B55A6A0D4609B316072C
:10C0400047D503F1450603F1460428B3D1061FD5B1
:10C050002388012B1CD95B0804202380FFF760FD97
:10C060001020FFF75DFD19F030F92388B0FBF3F2E3
:10C0700002FB1300307055B30320BDE87040FFF79A
:10C080004FBD940625D503F1B60603F1B804DCE7ED
:10C090000420FFF757FDE3E7D20314D5B3F84610A9
:10C0A000B3F8482091420ED222881020520092B25A
:10C0B0002280B3F84830934228BF13462380FFF70D
:10C0C0002FFD0420CDE71020FFF73CFDF9E7052008
:10C0D000D3E770BD3C2100202DE9F04F00278346B7
:10C0E0008946304C8BB0A56B636BAE79C4E90D7794
:10C0F0000C36079305EB0608D8F824A001F066FF7C
:10C10000AA5D08F10806C2F3C01231460DF12700FE
:10C110008DF8272017F0A6FCCDE904B9636A5246D2
:10C12000C3F380230393FF2302939DF827303946FE
:10C13000CDE90063079808F10E03FDF7F3FB2846ED
:10C1400013F00CFA636A23F02402D907626205D463
:10C150000120FFF715FD0BB0BDE8F08F124B94F8EE
:10C1600054501A68052D1378527813444FEA63032C
:10C17000637602D101F0ECFB40B994F854309A0791
:10C180000ED413F0040F14BF0325012594F8673073
:10C19000012065F3030384F86730FFF757FEDAE701
:10C1A0000225F3E73C2100200C21002070B58AB065
:10C1B00005466B46484AAC7910685168127A03C349
:10C1C0000C3408201A702C44FEF758FC20B10122D0
:10C1D0002846A11D1FF04BF90021A379CDF82110AD
:10C1E0008DF80F30A37AADF8251003F00F0303F19B
:10C1F00028026A4412F8282C8DF82010ADF810207F
:10C20000062B08D8DFE803F0044F07075F074B0051
:10C210000D20FFF797FCA37A0DF11301C3F38013F0
:10C220008DF81230E3680DF11200CDF81330238A37
:10C2300009AEADF8173000231A4617F0FEFBE3797C
:10C240001C218DF819304FF47F43ADF81A307F234D
:10C250008DF81C30637928468DF81D300023ADF829
:10C260001E30AB7903AC1233AB711FF05DF9AB79C3
:10C270002B440C33224603CAB2421860596014465C
:10C2800003F10803F6D110682946186013481FF01F
:10C29000D9F94FF0804002F087FC0AB070BD0D2044
:10C2A000FFF73EFCB7E7D4F81230CDF82130E38A2F
:10C2B000ADF82530EB79063BEB71A37AC3F3C013DD
:10C2C0008DF82030A7E7064B5B6A9B0444BF42F021
:10C2D0000102ADF810209EE732CE03005C21002061
:10C2E0003C21002070B583790C33C4182379DA0718
:10C2F00002D44FF0FF3070BDA37AE27A03F00F054D
:10C30000082DF6D8062D01D92846F4E7911F1F29DC
:10C31000EFD8012D1FD10C2AEBD1244E736A13F0F4
:10C32000060F01D1DB05EFD417F094FB20B917F00D
:10C3300088FB0028E8D1DCE7A37A96F83020C3F325
:10C34000C010B2EBD31FD4D104F1120100F00100F0
:10C35000FEF7A6FAEDE7042DD6D11449144A486A2F
:10C360000240002AC5D0C96B0029CDD08A79C3F319
:10C3700080130C3288188A5CB3EBD21F08D017F0F8
:10C3800069FB0028C0D117F053FB0028BCDBB0E7E5
:10C3900004F10C01062208301EF016FE044617F0C8
:10C3A00059FB0028B0D1002CAED0ECE73C21002096
:10C3B00008000400F0B5184C87B0606B00B3A76BA1
:10C3C000BE79FCF769FF0223FF210C36BA5DCDE987
:10C3D0000431BD1995F8233000215B090393AB8B21
:10C3E000D20902936B8B80B201932B8B009305F1E2
:10C3F000080317F067FE606BFDF7F6F9002363632F
:10C40000A06B13F0ABF80023A363636A23F004036B
:10C41000636207B0F0BD00BF3C21002013B5154C8E
:10C4200014F07BFD236A01930023236214F07BFD4B
:10C43000019BA3B9636A1A0406D517F09DFBA0B14E
:10C44000636A23F400436362636A1B0305D5FFF745
:10C45000B1FF636A23F40023636202B010BD01A838
:10C460001FF040F817F0F3FBE2E74FF0804002F0D6
:10C470009BFBE9E73C21002037B5054608461146FD
:10C48000254A526A02F41072B2F5107F04D1022BD1
:10C4900040D0032B08BF01230193162300F00102B3
:10C4A00000932846052318F0D1FEAC7917F0F5FF6C
:10C4B0000C342C440321C4F80E0004F1120001F0E6
:10C4C000EFFFBDF8203004F11E002383BDF82430B7
:10C4D000E38202236375BDF818306383BDF81C3016
:10C4E000A38302F06FF80C22A37CB3FBF2F102FBF2
:10C4F000113394F82320053363F3040284F82320D6
:10C5000001F0A8FC94F8233060F3471384F823303B
:10C5100003B030BD0023BFE73C2100202DE9F041EE
:10C52000054686B000200F461FF051F90646002848
:10C5300000F09E804F4C0620676395F8018018F04C
:10C54000010800F09080FFF7FDFA6A7A636A023A08
:10C55000012A99BF43F4007388F0010023F40073AB
:10C56000002094BF6362636217F07DFA0DF1160339
:10C570000093414B3846D3F80080AA89698905ABFE
:10C58000C047BDF81630EA1C0393BDF8143030469E
:10C5900002932B8A0193EB8900936B7AA978FFF7BA
:10C5A0006BFF0020A663FFF7A9FC14F0B6FC636ADA
:10C5B000074643F004036362304B1A689379D279DB
:10C5C00013445B106376AE7C052E84F8556002D16F
:10C5D00001F0BEF940B994F855309A0746D413F0EB
:10C5E000040F14BF0326012694F8673066F3030393
:10C5F00084F8673095F90230002BBCBF042384F81F
:10C600005530636ADB0727D4B4F8BC00002808BFA4
:10C61000F520FFF76FFA40F27122E38DE260534399
:10C62000A3F5AF73236118F050FE0323B0FBF3F3BF
:10C6300003EB4303C01A00F1250384F8663047F684
:10C64000FF73A4F86030FFF75DFB18F07AFE6060BE
:10C650002065084800F054F8384614F064FC0020C7
:10C6600006B0BDE8F081FFF75BFA6EE70226BBE794
:10C670000720F5E73C210020881F00200C21002026
:10C6800010B5074C2368DA0607D523F010032360A2
:10C6900018B90120A16816F0EFFB0023A36010BDBC
:10C6A000FC210020014610B50446022016F0E4FBF0
:10C6B000054B1B68D90305D463691A075CBF43F0B7
:10C6C0000403636110BD00BFFC210020014BD8684A
:10C6D000DC387047FC210020034B10B5DC6818F0F3
:10C6E00030FEDC3C201A10BDFC210020034B1B68EF
:10C6F00013EA004314BF012000207047FC210020F2
:10C70000F8B5002303604369044658070DD5204659
:10C7100050F8081FC90C01F4FC7141F00501FDF748
:10C72000C5FE636923F00403636163692589D90643
:10C7300003D518F006FE28446060184E6068314644
:10C7400051F8043F2D1A8BB923600C60B3684BB1CC
:10C75000617E5A7E914219D26269D2060FD50020BD
:10C76000FFF78EFFBDE8F84017F07FBE5A681F89BB
:10C770002A44D21B002AE7DA19461B68E3E75A6805
:10C780001B6913441B1A002BECDBE8E71A895B6872
:10C79000D31AE2680344D342E4D5E0E7FC21002049
:10C7A00038B504460A4D0846AB68A34201D1FFF7ED
:10C7B00067FF6B68074A1BB1A342196804D1116077
:10C7C000BDE8384017F051BE1A460B46F3E700BFEC
:10C7D000FC210020002200202DE9F047754D2B6838
:10C7E0005B0700F1AF80AB68002B40F0AB8055E8F1
:10C7F000003F43F0040345E80032002AF7D16C689B
:10C800009CB118F09EFDD4E9043717F0100F0646CE
:10C81000A26819D010FA82F262602068D4F804800D
:10C8200038BBDC334344C5E9024355E8003F23F0FD
:10C83000040345E80037002FF7D1AC68002C74D111
:10C84000BDE8F04701F01ABA606892B2811AFF079A
:10C85000A1EB060109D40029DFDAE768DF1BCF422C
:10C8600005D432441844831AD6E70029D5DA204685
:10C870004FE041690289CF06D0F804E048BF06EBDB
:10C88000020EAEEB020211F0010C11BF1146D0E90D
:10C890000371C91B891808EB03077F1A002F28DDD5
:10C8A000BB4205D9E768A1EB0801DC378F423AD9D2
:10C8B000D4F814A01AF0010F1DD12169D0F80C9002
:10C8C00027894144A1EB0901C91BE768A1EB0E01CF
:10C8D000DC37B9420FDD971BBCF1000F03D10169B2
:10C8E000A1EB09010F44002F05DB4B46C0F804E023
:10C8F0000446006892E7477E617E8F42F9D2921B20
:10C90000BCF1000F03D1D0E903135B1A1A44002ACB
:10C9100002DAFFF7C7FE72E71AF0100FA7D0C3685C
:10C92000C0F804E0E4E70B46E3E7A36813F4601FF4
:10C93000C3F3C24008D121462B6843F010032B609B
:10C9400016F09AFABDE8F08704F108063046FDF7C4
:10C95000BBFD2B68214643F010032B60F8B916F09D
:10C960008BFAA36813F4601F4FEAD341C3F3C245A7
:10C9700017D0013DEDB201F4FC7130462943FDF7BB
:10C9800095FD03213046FDF7FDFD75B1A268237EBC
:10C990001344120C9BB212041343A360D2E738462F
:10C9A000CEE703213046FDF7EDFD3046FDF7D0FD23
:10C9B000ECE700BFFC21002008B5034B996809B1E2
:10C9C00016F05AFA08BD00BFFC210020014B986800
:10C9D000704700BFFC2100200A4B70B59C68844260
:10C9E0000FD12146012016F047FA6668258918F014
:10C9F000A8FCAD1BC54221464CBF0020022016F00A
:10CA00003BFA70BDFC21002038B50D4604460020DD
:10CA100001F04AFB01F0DAFA29462046FCF770FCE7
:10CA20000022014B1A6038BD0C2200200123074A66
:10CA300003FA00F002F1140353E8003F034302F14C
:10CA4000140C4CE800310029F4D17047501F00202D
:10CA5000F8B5244F05467B690C4613F4C07F03D01C
:10CA600099063BD401200CE039B15A0705D4D5F81A
:10CA7000A43013B90820FFF7D9FF7B699B0601D5C5
:10CA80000020F8BD7B7FAE6A022B06F0080604D9B1
:10CA900016B114B90220F4E7E4B995F8921095F8AC
:10CAA0003701063100F00F0000F0EEFD85B20EB93F
:10CAB00004B16D00FFF710FEA8420DDB7B6913F097
:10CAC0001C0FDDD11EB1002CDAD10520D9E7002CD6
:10CAD000FBD1D5E70320D4E70420D2E7002CCFD048
:10CAE000C3E700BF501F002038B50446114D4FF476
:10CAF00080616B69283043F400736B6118F0D0FBE0
:10CB00000121204616F03AFA00212046FFF7A0FF47
:10CB1000014620B12046BDE83840FFF775BF68697F
:10CB2000617E80F48070C0F30020BDE8384001F0E1
:10CB300013B900BF501F002038B504460B4B1860D6
:10CB400000F5947001F0E4F82046FCF7A5FBC4B2B0
:10CB5000204616F09FF90546204616F09DF9294615
:10CB60000246022016F08AF938BD00BF0C220020D0
:10CB700008B5002001F098FA01F028FA0022014BD4
:10CB80001A6008BD0C22002010B50446FFF7D4FF40
:10CB9000064801F089FA6168226C637E1120BDE8C5
:10CBA000104001EB920201F0C3B900BF79CE010041
:10CBB0003F4B37B51C680023A26A01935005D4F897
:10CBC000A03012D504F1A40001931EF08BFCC4F830
:10CBD000A00050B194F846314FF48061013B84F8D5
:10CBE000463104F1280018F05BFBD4F8A0500DB9D1
:10CBF000304B9D6894F94631022B0DDCD4F8A830F7
:10CC000013B1A36AD90502D5D4F8AC3023B14FF4DF
:10CC100080512046FCF756FBD4F8A410A36A0029E3
:10CC200014BF01210021AA794FEA830302F10C020B
:10CC300003F00C0343EA0113A95C21F01C0143EA51
:10CC40000103AB540DD11B4A02F1140353E8003F1A
:10CC500023F0080302F1140040E800310029F3D169
:10CC600002E00320FFF7E2FE284601F08DF8019B69
:10CC700053B15B7903F00A03082B02D12046FCF77D
:10CC800005FE01A81EF010FC6B799A070ED5A36A69
:10CC90001B040BD50820FFF7C9FE4FF4004104F137
:10CCA000280003B0BDE8304018F0FABA03B030BD38
:10CCB0000C220020501F002000232DE9F04385B0F6
:10CCC0000446032103A8039300F064FE039D35B9D5
:10CCD000F4212046FFF798FE05B0BDE8F083AB795C
:10CCE000644F0C331D442A797B69D6074ED4DD0688
:10CCF0004CBF07200420FFF799FE002601212046A3
:10CD0000FFF7A6FE054650B97869617E80F4807011
:10CD1000C0F30020400001F087F8FFF749FF0398B7
:10CD200000F0EEFEDDF80C807A6998F806305106C6
:10CD300003F10C0308EB030915D458F8033006205F
:10CD40003B61FFF773FEA36A1A060CD404F12802B4
:10CD500052E8003F43F0800342E800310029F7D158
:10CD60000120FFF763FE4946204616F00DF999F8B9
:10CD70000430DB077BD5002E52D11DB12946204659
:10CD8000FFF742FE03A800F0DFFCA5E7012023F037
:10CD900010037B61FFF74AFEAE7AF0062FD5022022
:10CDA000FFF744FEA36AAA7A83F00203C2F380026B
:10CDB000C3F340039A422FD14FF4006104F12800DD
:10CDC00018F06EFA50E8002F42F4806240E8002329
:10CDD000002BF7D1A26A82F00202A2627B77AA7AC4
:10CDE000A36AC2F3C00203F001018A4285D183F035
:10CDF000010316F0030618BF0126A3627EE707F1C0
:10CE0000140353E8003F23F0040307F1140141E841
:10CE10000032002AF3D1C5E77B7F0133DBB2DDE7C7
:10CE20002046FCF739FAC0B216F034F80646204620
:10CE3000FCF732FACDF80480A38F82B2009331461A
:10CE40000023022016F022F84FF0FF3103A800F073
:10CE5000A1FD03998B790B44DB7D002B8DD02046FF
:10CE6000FCF732FD002D3FF437AF294631E7002EA5
:10CE700083D0E9E7501F002008B50346114A042B70
:10CE800010680BD002D8032B18D008BD053B012B2E
:10CE9000FBD8BDE80840F121FFF7B6BDFFF70CFF56
:10CEA000094A02F1140353E8003F23F0200302F182
:10CEB000140040E800310029F3D1E6E7BDE808405E
:10CEC000FFF712BE0C220020501F0020164B033823
:10CED00010B51C68032818D8DFE800F00702181EF8
:10CEE0002046BDE81040FFF7E7BE2046FFF7FCFDF7
:10CEF0000E4A02F1140353E8003F23F0200302F12D
:10CF0000140040E800310029F3D110BDF121204682
:10CF1000BDE81040FFF778BD4FF4806104F12800B0
:10CF200018F0BEF9F221F2E70C220020501F002079
:10CF300010B50446FFF700FE054801F0B5F8FFF70D
:10CF400037FE627E61680220BDE8104018F0FFB92C
:10CF5000CDCE0100034B5B6A13F0060F0CBFE2203D
:10CF6000F12070473C21002008B5FFF72FFD054B4D
:10CF7000834206D101F02AF8BDE80840002001F004
:10CF800093B808BD3C21002070B5214C214801F028
:10CF90008BF894F8673094F86620002103F00F03B3
:10CFA000C82018F024FA00F0B5FBB4F960208242E2
:10CFB00005D0A4F8600001F07DF8A4F862001648DE
:10CFC00000F0A6FE00221146104615F057FF6668D5
:10CFD00018F0B7F90246FFF7BDFFB61AB6F5FA6FBB
:10CFE000054609DCFFF772FB627EA0F5AF712846AB
:10CFF000BDE8704000F05EBF6668FFF767FB314632
:10D00000637EA0F5AF722846BDE8704000F090BF87
:10D010003C210020B1D401009421002038B500F05B
:10D02000D5FFFFF759FBB0F5967F0D4C0CDDFFF7F0
:10D0300091FF0546FFF74AFB627EA0F5AF712846D7
:10D04000BDE8384000F036BF18F07BF9E36C626849
:10D050009B1A0344E3640020BDE8384018F0C5B8CB
:10D060003C210020F7B5104C064694F845500F4679
:10D070002DB10020013D84F8455003B0F0BD0B4BAD
:10D0800002201B68597800F0CFFE94F830303A4601
:10D09000CDE9005331460323E06B18F0D7F8E06B7D
:10D0A00000F072FE0120E8E73C2100200C21002066
:10D0B000094A02F1240353E8003F43F0080302F158
:10D0C000240040E800310029F3D1044B01201B6803
:10D0D000597800F041BE00BF3C2100200C21002007
:10D0E0000289438940F271205B004343D0B25B1A4E
:10D0F0004343120AB3FBF2F3024A12681144581870
:10D10000704700BF3824002030B58C1AE41A002C78
:10D1100008DA124C551A64681D44B5FBF4F505FB9A
:10D1200004442144134440F2E242CB1AB3FBF2F32D
:10D130009BB242892BB940F27124530004FB0311C6
:10D1400013460132B3FBF2F402FB1432028140F2C7
:10D15000E2409B1A00FB131030BD00BF38240020B2
:10D160002DE97043064618469DF818308946144646
:10D17000E3B9C31E012B8CBF02250325222100F039
:10D1800083FA40F27128154B6D005B6808FB05F5CA
:10D1900081446BB121463046FFF7A2FF4A46014663
:10D1A000ABB23046BDE87043FFF7AEBF0125E5E7FF
:10D1B000738934890133B4FBF3F203FB1244F3792E
:10D1C00034815B00640008FB03F308FB04F404EB08
:10D1D000530404EB09002844BDE870833824002080
:10D1E0002DE9F041134E8046736A5B071BD58B799E
:10D1F0000C33CF18C8B9FD79CC582846398900F0CE
:10D2000043FA0444B8F1000F11D1033D012D94BF3E
:10D210000323022340F271225B0002FB03443464C7
:10D220007B7986F84430BDE8F0810125E4E70123ED
:10D23000F0E700BF3C2100202DE9F04F16468DB0ED
:10D24000021E069108BF00211F46954B05929D6B5B
:10D250005B6AAC7938460C342A5DC3F3801A61F3FB
:10D2600045122A55314603F04002039216F0F4FBB2
:10D2700005EB04080790285D08F1080B5946C00922
:10D2800016F0EAFB039B8146002B44D1002844D1D1
:10D2900016F0E0FB80F00103DBB25246314638461F
:10D2A00003F0010318F05DF80490002800F08A8074
:10D2B000039B002B33D1B9F1000F75D1079B002BD5
:10D2C00072D016F0B8FB00286ED001220AA90DF129
:10D2D000270016F0C3FB002874D09DF827302A5D84
:10D2E000591E4B424B41B3EBD21F6BD1062258461D
:10D2F0000AA91DF069FE002864D13368C8F8083017
:10D30000B388ABF804302B5D67F3C7132B554FF090
:10D310000009CA4619E00123BFE7039BBDE7604B44
:10D320005B6A13F400791CD115F804A0CAF3801AC3
:10D33000484616F098FB3368C8F80830B388ABF855
:10D3400004302B5D67F3C7132B55059B544E002B00
:10D350003ED196F8B630002B3AD0013B86F8B63075
:10D3600030E016F065FB002806DA15F804A04FF04F
:10D370000009CAF3801ADBE700221146104616F0B6
:10D3800067FB15F804A08146CAF3801A0028CFD0A5
:10D39000002302211A4608EB010017F02FFF2B5D36
:10D3A00060F386132B55C3E77A1E57422B5D574116
:10D3B000B7EBD31F06D10622314658461DF004FEB6
:10D3C0000028A4D00023049304980DB0BDE8F08F8A
:10D3D00017F0B7FF074615F0B7FD059B0246394623
:10D3E000009308F10E009DF85830FFF7B9FE2D4B61
:10D3F000059A1B680746D9799AB9022000F014FDF6
:10D40000B06B00F0C1FCB36B9A7913441F63FFF754
:10D41000DDFA254BC361069BB3B9736A23F48063BD
:10D4200015E0002000F000FDB06B00F0ADFCB36B28
:10D430001E489A7913441F6300F036FE069BC3B959
:10D44000736A23F4806317E0736A43F48063736242
:10D45000039B9BB1B9F1000FB6D0002351461A4689
:10D4600008F1020017F0CAFE2B5D60F386132B55FE
:10D47000AAE7736A43F480637362EBE72B5D0022D3
:10D48000C3F3C01359460AA88DF8283016F0E6FAFF
:10D490002B5D9DF8282062F3C7132B55DAE700BFF8
:10D4A0003C2100200C2100207D3A03005DD60100C4
:10D4B00004282DE9FF471ED005D8032800F0C080BE
:10D4C00004B0BDE8F087431F012BF9D805384FF0B1
:10D4D000010118BF0120FEF7ADFD17F032FF5D4AD4
:10D4E000D36C51685B1A03440020D36404B0BDE8D8
:10D4F000F04717F07ABE002403A84FF0FF310394E1
:10D5000000F048FA039858B1FEF7ECFE08280746E9
:10D5100003D8514B1E5C31070AD403A81DF0C4FF89
:10D520004C4B5B6A13F0060F12D0FFF777FD0FE04C
:10D530000728039D13D122462946464816F095FA3E
:10D540000028EDD016F09CFA10B10120FEF720FC67
:10D550000121084604B0BDE8F047FEF76BBDDFF8D7
:10D56000F480D8F8244014F0040410D016F002041B
:10D570000DD00120AA790C322A44917A0090C1F38F
:10D5800080130C32C1F34011FFF756FE04462846C3
:10D5900000F0B6FA29460120FFF722FED8F8243021
:10D5A000DA072DD503F0800A95F8069016F052FAA6
:10D5B00009F10C09A94480F0010399F80A00BAF1B5
:10D5C000000218BF0122DBB209F10C01C0F3801088
:10D5D00017F0C7FE60B12CBBD8F8243028469B0753
:10D5E00033D5F40710D4730731D5FEF7DFFD97E785
:10D5F000BAF1000F04D1514616F032FA0028EAD0F1
:10D60000284611F0ABFF18E017F03BFF044648B185
:10D61000A8790C302844817A0C30C1F38011FFF7CF
:10D6200021FD0446042F03D1D8F824309907E7D50B
:10D630007207E5D52846FEF7B9FD002C88D16FE7C3
:10D6400004B0BDE8F047FFF733BD042FCBD111F094
:10D6500085FF65E73C2100203CCE0300032808B588
:10D660000AD1074800F020FD064B012093F9441031
:10D67000BDE80840FEF730BDBDE80840FFF718BF21
:10D68000B1D401003C210020064B10B55B690C466B
:10D6900010B101F061F8034618795B8804FB003093
:10D6A00010BD00BF880F0020084B10B55B690C4609
:10D6B00010B101F051F803465A88A2423DBF1B79D0
:10D6C000A41AB4FBF3F0002010BD00BF880F0020A7
:10D6D0000138C0B203289ABF014B185C0020704784
:10D6E00045CE03008BB200294FF00A01B4BF053BC1
:10D6F00005331BB293FBF1F3014A1080937070471E
:10D70000AA2B0020024B9B78C01A40B2704700BF82
:10D71000AA2B0020024B1B88C01A00B2704700BF22
:10D72000AA2B0020074B186840F20D1338B9002BC4
:10D73000C1BF45224433B3FBF2F0C0B2704700686A
:10D74000453BF3E7880F00202DE9F041064613F032
:10D75000E4FB0746FFF7E6FF35460446286818B1A4
:10D760006CB928461DF0A0FE31680A481DF06AFF1A
:10D77000384613F0D8FB00233360BDE8F081D0F8C1
:10D7800000801EF018F82B68013CC3F800802D685B
:10D79000E4B2E3E7880F0020024BDB6B03B11847CC
:10D7A000FFF70AB9880F0020C04310B5054A131DC2
:10D7B00053E8003F0340141D44E800310029F6D12E
:10D7C00010BD00BF880F002010B5054A131D53E897
:10D7D000003F0343141D44E800310029F6D110BD79
:10D7E000880F0020F8B516461C4607461946104615
:10D7F00017F09CFD32462346384617F09CFD434DFA
:10D80000D5E9062300EA020401EA030654EA060306
:10D8100013D0670104F0806010D56B68180623D41C
:10D820003B4B234093BB3B4B06F02002234013436A
:10D8300056D12046314617F075FDF8BDA4F1080316
:10D8400033431CD1EB7A012B42D16B68D90743D506
:10D850000323EB7204206B8C01336B84FFF79CFF76
:10D86000012017F064FDE4E72B1D53E8003F23F08F
:10D870008003291D41E80032002AF5D1DDE7A4F13B
:10D880000C03334317D117F052FDDBE724F00113EB
:10D8900023F4A0433343C6D1EB7A012B18D140F2D5
:10D8A00001436A680520934314BF00230323EB72EE
:10D8B000FFF772FFBDE7231F334302D117F038FD96
:10D8C000B7E704F17F433343AAD1EB7A022B0FD0A1
:10D8D000042017F011FDACE713F40063BAD1B8E7E8
:10D8E0000420FFF771FF4FF0006001F05DF9A0E741
:10D8F0006B689A0706D50423EB722B8C0320013347
:10D900002B84ABE713F02003F7D1F5E7880F002055
:10D91000015001000DD50155014B986A704700BFB9
:10D92000880F002010B5064CA06A1CF095FF28B99E
:10D93000A06A1CF093FF00F0010010BD0120FAE77F
:10D94000880F0020014B986A1CF08ABF880F0020C6
:10D95000024B5868C0F34020704700BF880F00207A
:10D9600010B504464FF40070FFF71EFF084B986A8D
:10D970001CF078FF38B10CB9002010BD4FF40070D6
:10D98000FFF722FFF8E7002CF6D00C20F5E700BFE8
:10D99000880F00202DE9F04F046806468846574D51
:10D9A00089B0002C48D02046A7791DF0E9FD0C373E
:10D9B00027443C890A38B8F1FF3FA4EB000402D0A9
:10D9C0004445A8BF4446B5F83890B0EB090713D4D6
:10D9D000002C0EDD6D6B36683D44FF2C2246294637
:10D9E0003046A8BFFF221DF042FD241A36680544C8
:10D9F000F3D109B0BDE8F08FA9EB0009A145A8BF9C
:10DA0000A146296BC846D6F800A001EB000BB9F17E
:10DA1000000F0DD04246FF2A59465046A8BFFF22AC
:10DA20001DF025FDB8EB0008DAF800A08344F1D121
:10DA3000A4EB09044F44CBE70321A86A03AA1CF016
:10DA400068FEBDF80E70A14602940A3702ACE86287
:10DA500009E023601B682B602368C3F800902368EB
:10DA6000002F1C4611DD2B68453F002BF1D1012012
:10DA70001DF0ADFE034620600028F1D1019002A800
:10DA80001DF012FD019B3360B3E72B1D53E8003FEF
:10DA900043F008032A1D42E80034002CF5D14FF072
:10DAA000006001F081F80298BDF8102043790A2146
:10DAB00043F001034371069B30606B63059B2A872B
:10DAC0002B638379BDF80E200C3303441C711A813B
:10DAD0002A7ADC719A719DF80C20072A0BBF01226B
:10DAE000AB8C1A7101331FBFAB846B8C03F1FF3316
:10DAF0006B841DF0B0FC346855E700BF880F002030
:10DB00002DE9F041877905460C37C419237986B091
:10DB100013F002081BD1174E43F0020323716A462B
:10DB2000D6E90A011CF0F9FD238969460333B06A7E
:10DB3000ADF804301CF0F3FD009B9DF90E00EB5195
:10DB4000FFF7E0FD6071B37A022B03D8E37106B0F2
:10DB5000BDE8F0819DF81130012B04D0022B04D0D8
:10DB60002BB90423F2E70323F0E70123EEE784F85F
:10DB70000780ECE7880F002037B5124B00F00F0448
:10DB80001B88012CADF8043015D0022C15D18DF86E
:10DB9000044042F222000C4D6B680340A3420ED0B9
:10DBA000FFF702FE2046FFF70FFEA86A01A91CF04E
:10DBB0003CFD03B030BD2024EBE70024E9E7002062
:10DBC000F7E700BF70CE0300880F00202DE9F04377
:10DBD00002234FF00008114F85B0814610460E46D3
:10DBE0001546CDE90218FB7217F09EFB00904246E5
:10DBF000797AB86A02AB0AF0DDF8044650B94846B3
:10DC0000FFF7BAFF2B4604464246012130463D73DA
:10DC100017F086FB204605B0BDE8F083880F002092
:10DC200037B5144B00F00F041B88012CADF80430FD
:10DC300014D0022C16D0002441F601000E4D6B6862
:10DC40000340A34213D0FFF7AFFD2046FFF7BCFD12
:10DC5000A86A01A91CF0FFFC03B030BD04238DF8B5
:10DC60000430E9E78DF804404FF40064E4E7002055
:10DC7000F2E700BF70CE0300880F0020002210B52D
:10DC8000084C1046114617F04AFBA06A0AF056F8F5
:10DC900017F050FB20461DF007FCBDE8104008209F
:10DCA000FFF782BD880F0020014B986A1CF016BE5A
:10DCB000880F002038B5154C0546A37A834210D052
:10DCC000431E042B08D8DFE803F0030D11161800DB
:10DCD000A06A0AF07DFC20B92846A57200F03CFD40
:10DCE000606138BDA06A17F02EFBF4E70121A06A3D
:10DCF00017F02BFBEFE70321F9E7FFF729FE0028D8
:10DD0000EAD0A06AFFF7D0FFE5E700BF880F002048
:10DD100073B50446408900F02BFB0E4DA07B002616
:10DD2000287217F0D4FA6872E07B00F00F00FFF75A
:10DD3000C1FF0096A37BD4E90021A86A1CF0F2FD84
:10DD400032463146304615F099F8206817F0F1FA5E
:10DD500002B070BD880F002038B50123094D0C4674
:10DD6000EB72FFF75DFF10B1042017F0C5FA2B7BB3
:10DD7000A34204D922460021012017F0D0FA15F061
:10DD80007EF838BD880F0020F8B5044615F078F805
:10DD90000746A179E279114E521A0C310123B06A7B
:10DDA000D2B221441CF0AFFCE579A379ED1A57FA01
:10DDB00085F524680CB93561F8BDA179E2790023B5
:10DDC000521A0C31D2B2B06A21441CF09CFCE379A7
:10DDD000A2799B1A55FA83F5EBE700BF880F002064
:10DDE000F8B502230F4E0D46F372FFF7C5FE044649
:10DDF00020B1BDE8F840042017F07EBA284617F09D
:10DE000093FA07462A4621460120357317F087FA10
:10DE10003B462246717AB06A09F0BEFF0028E8D17D
:10DE2000F8BD00BF880F002038B50223084D0C460E
:10DE3000EB72FFF7A1FE10B1042017F05DFA2B7B07
:10DE4000A34204D922460021012017F068FA38BD08
:10DE5000880F0020014B587B704700BF880F0020BF
:10DE600068B1084B194653F8042F0AB18242FAD21E
:10DE70005B1A9B10013BDBB2034A537370470123CB
:10DE8000FAE700BF4CCE0300880F002010B5084C05
:10DE9000606810F480700AD0A06A1CF051FC30B9A0
:10DEA0000121A06A1CF04AFC80F00100C0B210BD44
:10DEB000880F00202DE9FF4100234FF001081B4E81
:10DEC00000938DF80C30C0F340138DF80E30C0F382
:10DED00000130446154686F80B808DF804800291E5
:10DEE0008DF80D30FFF79CFE28B1042017F004FADE
:10DEF00004B0BDE8F081284617F016FA6A460346DA
:10DF0000717AB06A09F062FF2A46C4F380110746AD
:10DF10004046357317F003FA14F0B1FF230601D51C
:10DF2000FFF7B4FF002FE0D1E2E700BF880F002029
:10DF30002DE9FF4104460F461D46012100231C4EDA
:10DF4000E006F172019303930097029205D573697D
:10DF50001B888DF80D1013440293C4F34013284618
:10DF60008DF80E3017F0E0F96A460346717AB06A10
:10DF700009F02CFF28B1042017F0BEF904B0BDE869
:10DF8000F0812046FFF74CFE2B460121C4F380129E
:10DF900080463846357317F0C3F914F070FF230636
:10DFA00001D5FFF773FFB8F1000FE4D1E6E700BF3A
:10DFB000880F0020044B5A68D20503D50021986AC7
:10DFC0001CF0BCBB704700BF880F002038B5114C57
:10DFD000E37A23B100221146104617F0A0F900257C
:10DFE0002846E57217F0A3F9A06A012203211CF06C
:10DFF000ABFA2A46A06A01211CF093FBFFF7DAFF77
:10E000008020FFF7D1FBBDE838404FF44050FFF7C8
:10E01000DBBB00BF880F002008B5FFF7D7FF044A1D
:10E020000620D38C0133D384BDE80840FFF7B4BB8E
:10E03000880F0020F8B51B4D6B68590704D50420E4
:10E04000FFF7B2FBFFF7E8FF6B681A070FD512F076
:10E0500064FF0646FFF766FB0446124F24B1012019
:10E060001DF0B5FB0146A8B9304612F05CFF6B68A5
:10E07000DB0615D51020FFF797FB00F07FFB78B18A
:10E0800012F04BFF0446FFF7C7FF2046BDE8F840FB
:10E0900012F049BF3846013C1DF0DEFAE4B2DDE77C
:10E0A000F8BD00BF880F0020014BD863704700BF48
:10E0B000880F002073B50F4B04469B7D0E4EFF2B3F
:10E0C00015D10023ADF804000DF10302B06A01A9D7
:10E0D0008DF803300AF046FA9DF80350224629468F
:10E0E000B06AF7F799F940EA052002B070BD034B1A
:10E0F0001D78F3E7AA2B0020880F0020A42B002016
:10E10000044BC2B2C0F30721986A82B002B0F7F79D
:10E1100001BA00BF880F002010B50D4C0021A06A85
:10E120001CF069FA0B49A06A1CF0C2FAFE21A06A31
:10E130001CF0ADFAA06A0AF02FF8074BB3F91020D3
:10E140008242C8BF18821A8A9A805A8ADA8010BD21
:10E15000880F0020A42B0020AA2B0020F0B585B04A
:10E16000ADF80210ADF8042069464FF0C812ADF8C2
:10E1700006304FF08213ADF80000CDE902230420F1
:10E180000B460C4C02ADB4F91070B1F9002035F912
:10E19000026BBA42A8BF3A46B242A8BF3246013823
:10E1A00021F8022BF1D103CB034BA060596005B0DD
:10E1B000F0BD00BFAA2B0020B22B002073B505468E
:10E1C000F7F716FA314E0368314C33608388FF2D20
:10E1D000B3804FF00003A3702380337818BF1D462F
:10E1E000A5752C4D8DF801300DF10303A86A0DF1D2
:10E1F00002020DF101011CF02AFB9DF8013040B92B
:10E200000133DBB20D2B8DF80130EDD9012002B0C6
:10E2100070BDA27DFF2A00D0A3758DF80530337044
:10E220009DF802308DF804300198FFF769FFC82887
:10E23000A8BFC8209DF8033020828DF804300198D3
:10E24000FFF75EFF144B9842B8BF18466082B4F9DE
:10E250001000FFF72FFFADF804000198FFF750FF03
:10E260002082B4F91200FFF725FFADF804000198F1
:10E27000FFF746FF4FF6FF73A382642360821A46BE
:10E2800018461946FFF76AFF0020C0E7A42B0020BC
:10E29000AA2B0020880F00200CFEFFFF0346034A34
:10E2A000B2F906000BB1FFF735BA7047AA2B002070
:10E2B000084B10B5B3F9044030B903EB4103B3F98F
:10E2C00006309C42A8BF1C46A242A8BF2246104668
:10E2D00010BD00BFAA2B0020014BB3F912007047FC
:10E2E000AA2B0020014BB3F910007047AA2B002085
:10E2F00073B5064612F011FE0C4D0446B5F9120036
:10E30000B5F91030B042B8BF30469842A8BF1846A1
:10E31000FFF7D0FEADF804000198FFF7F1FEE880AA
:10E32000204602B0BDE8704012F0FDBDAA2B0020CF
:10E3300073B5064612F0F1FD0C4D0446B5F9100018
:10E34000B5F91230B042A8BF30469842B8BF18465F
:10E35000FFF7B0FEADF804000198FFF7D1FEA880EA
:10E36000204602B0BDE8704012F0DDBDAA2B0020AF
:10E37000F0B5C0F3072585B0FE2DADF8040027D019
:10E380009DF8047012F0C9FD124C0646637DAB4245
:10E390000ED0114B02A918689B880290ADF80C3082
:10E3A0000E4B8DF80850986A1CF082F9FF232375F4
:10E3B000237DBB4206D0094B3946986A1CF067F9A9
:10E3C00027756575304605B0BDE8F04012F0ABBD6D
:10E3D00005B0F0BDAA2B0020A42B0020880F002040
:10E3E0002DE9F04707460E461446DFF8409086B008
:10E3F0000DF10808A9F1100A3A4680215046CDE9EE
:10E4000000980A4BF7F77CFD0028F5D1102C254623
:10E4100028BF102530462A4641461CF00AFE641BE0
:10E420002F442E44E8D106B0BDE8F0875F2C0020D1
:10E4300030B589B020226946FFF7D2FF6A460C4DFD
:10E4400004AB144603CC9C4228606960224605F167
:10E450000805F6D1074C08AD1A4603CAAA42206047
:10E460006160134604F10804F6D109B030BD00BF65
:10E470004F2C00205F2C002010B588B0694620206A
:10E4800011F01AFA044630B96846FFF7D1FF0122AD
:10E49000024B83F82020204608B010BD4F2C0020EE
:10E4A00070B5134B054693F820300C468CB00BB971
:10E4B000FFF7E2FF0023CDE90033CDE9023354B981
:10E4C0001C22214605A804941CF0A8FD04A8FFF70F
:10E4D000AFFF0CB070BD102C264628BF1026294671
:10E4E00032466846FFF77CFF3544A41BE7E700BFD0
:10E4F0004F2C00202DE9F84FDFF868908246D9F8BC
:10E5000000B088461746BBF1000F28D0002699F8C6
:10E510000450B54207D13D7099F80400A84214BFD9
:10E520000120022017E074196110C1EBC1015944A8
:10E530008879C4F3470400F00100B8EB000003D170
:10E54000062250461CF040FD002806DB02D0661C67
:10E55000F6B2DEE73C70BDE8F88F2546D9E7032028
:10E56000F9E700BF302400200022014B1A717047E8
:10E5700030240020F8B5054612F0CFFC104C85F38E
:10E58000070563790646AB4205D10024304612F0F8
:10E59000CAFC2046F8BD002720686571277110B1BC
:10E5A00011F06AF927606379002BEED0C5EBC50046
:10E5B00011F044F920600028E7D160710724E5E7F5
:10E5C00030240020044BD3F8012002605B7903F073
:10E5D0001F030371704700BF702C0020244BF0B55F
:10E5E000002918BF0B4614460021012512688BB084
:10E5F000C3F80120227919705A71C1F3C402A65CD4
:10E6000001F0070205FA02F21642CFB207D01A78DB
:10E6100002F128066E44013206F8287C1A70013196
:10E620002529EAD11A7828B16946981D1CF001FD08
:10E630000BB0F0BD002AFBD001260533C0F3C405A2
:10E64000675D00F0070506FA05F52F42C1B208D153
:10E65000B1FBF2F502FB15110AAD55FA81F111F883
:10E66000281C0130252803F8011FE7D1E0E700BF8F
:10E67000702C0020034B002818BF03460B449879E8
:10E68000704700BF702C0020224B10B5002814BF2B
:10E6900084469C464FF0010E82EA124290B280EA14
:10E6A000010393FAA3F31BBA9BB203EB03130344D6
:10E6B0009BB293FAA3F31BBA9BB203EB031303447D
:10E6C0009BB293FAA3F31BBA9BB203EB031303446D
:10E6D0005840114C82B2A4FB0234131B04EB5304C8
:10E6E000630903EBC30103EB8103D31AC3F3C40132
:10E6F000D8B2614403F007030EFA03FE4B7813EA25
:10E700000E0F01BF9CF8003053430CEB134C9CF8E8
:10E71000060010BD702C00204D91CFBA064B074A61
:10E7200001201A60064B074A1A60074B074A1A6015
:10E73000074B084A1A607047881F002045540300A1
:10E74000841F00207D540300801F002043540300D9
:10E750007C1F00207F540300052808BF03200622E9
:10E76000024B013802FB0030704700BF72CE03003D
:10E77000014B186E80B2704700C001B80A4BD868D0
:10E7800000F07060B0F1106F0CD008D8B0F1E06FFD
:10E7900008D0B0F1006F14BF002001207047B0F125
:10E7A000406FF8E701207047000002B8431C07B52E
:10E7B000014606D00023044ACDE90033034813F094
:10E7C0009EFA03B05DF804FB2B5503006025002082
:10E7D00070B50E461546044618B302F0FFFE10B39E
:10E7E000236813F4807F18BF0122104B18BF1A70E2
:10E7F0000F4A1B7814600F4A16600F4A15601BB948
:10E8000017F021FE02F0C2FE11F00CF802F0A4FD98
:10E810000A4B0B48197802F0ABFDBDE8704002F0DE
:10E82000F3BA212070BD40F20440FBE79C2C00208D
:10E830004C2400204824002044240020382D0020AF
:10E840003DF802002DE9F04186B010F0BFFF8A4B81
:10E850008A4D1A7811208A4910F0E8FD2B68512161
:10E860005A685423B2FBF3F2002392B2184610F018
:10E8700073FD0446002840F0F18010F031FE814B1A
:10E880001968814B186808F01FFE00F059F904461A
:10E89000002840F0E3802B681C7F002C00F0B08043
:10E8A000102C28BF10241CF04BFD621C81B20023E9
:10E8B0000820D2B210F050FD0446002840F0CE806F
:10E8C0000D20724A724910F07BFC0446002840F08B
:10E8D000C58010F0FBFA0221322004AA00F006FAEB
:10E8E00028B94FF0FF30BDF810101BF00AFF6E463C
:10E8F0000023324606212C208DF8063000F0F6F970
:10E9000058B9304617F0F1FB08B130287AD13C20D5
:10E9100000F00AFA2C2000F007FA9DF806301907DB
:10E9200040F1818096E80300ADF80C10090C0290CC
:10E930008DF80E109DF8063013F0280F07D1DDE991
:10E940000201ADF80410090C00908DF806102B6838
:10E95000186900287CD12B68586900F037F92B68BA
:10E9600093F82220D2077DD413F059FA02A9024667
:10E970000746286816F0DDFD044600286ED109F030
:10E98000C9FF13F084FA0446002867D1012000F083
:10E9900039FE404B18681DF07DF8044600285DD113
:10E9A00017F068FF044607F031FA804617F0CAFBFB
:10E9B00041460246204615F03CFD044600284DD154
:10E9C0002B681B689B050CD4B7F5FA7F09D912F0A8
:10E9D0009DFA012107460846F8F7C4FF384612F0B1
:10E9E00099FA2B689A692C4B1A6016F0F0FD2B4BA4
:10E9F0001860304600F09EFE294810F0DBFB2DE049
:10EA0000042450E701213C2004AA00F06FF940B92A
:10EA10009DF81030012B14BF492372238DF8063066
:10EA20007BE74923FAE7F6F7CFFCCDE90401030CB5
:10EA30008DF80A30BDF81530ADF80800ADF80B3090
:10EA40009DF817308DF80D3049238DF80E3071E7A1
:10EA500017F096FA044600283FF47DAF204606B032
:10EA6000BDE8F08193F8230017F0EEFC00283FF496
:10EA70007BAF40F20C44F1E7382D00204C240020FD
:10EA80003DF80200F00A0020100B0020D3550300CF
:10EA9000CF55030048240020842500208025002035
:10EAA000ADE701000022032101481CF0EEBB00BFCE
:10EAB00018260020F8B5114817F0CEFBE0B916F083
:10EAC00086FD0F4D0D4E286006F10C07286817F0E3
:10EAD000C2FA10F037FA0446304617F0B9FB10B905
:10EAE00038461CF0E1FC02F0F7FC08B9002CEDD12F
:10EAF000BDE8F84017F025BBF8BD00BF200B002093
:10EB00008025002008B5054B1B782BB916F0F3FCC7
:10EB1000B0FA80F0400908BD0020FCE79B2C0020E3
:10EB2000012310B5044C2370044B1B6803B19847B4
:10EB30000023237010BD00BF9B2C002084250020E3
:10EB40000D4B98420DD8023B984210D870B1023B51
:10EB500098420ED020F0704020F4604000F59060A4
:10EB60007047064B9842F5D140F21C407047212077
:10EB7000704740F21B4070470AE000F00BE000F0E5
:10EB80004FF08052014B5A60704700BF00ED00E02B
:10EB90000023044A52E8000F42E800310029F9D16D
:10EBA000FBF7E6BE8C250020064A52E8003F0343EF
:10EBB00042E800310029F8D1034B1B6803B1184724
:10EBC000704700BF8C25002088250020034B0028BB
:10EBD00014BF02461A46024B1A60704781EB0100CF
:10EBE0008825002037B51C68E10705D517F026FAFF
:10EBF000164917481CF051FBA20723D501F08AFCE7
:10EC0000D0B9144D019012F088F9044628461CF042
:10EC100069FC0190204612F086F9019890B1437981
:10EC20009B070CD401A802211CF025FD019801F0DE
:10EC300061FC17F0B2F9E6E717F0AFF9DEE701F093
:10EC40004DFCF6E7002003B030BD00BF340B0020C0
:10EC5000182600209025002008B5054810F042F93C
:10EC6000044B01211870BDE8084010F04BB900BFFB
:10EC7000440B00209D2C002038B5044648B112F00A
:10EC80004CF90546214608481CF0DCFC284612F0E9
:10EC90004AF9064B022193F9000010F033F9BDE860
:10ECA0003840FFF73DBF00BF902500209D2C00207D
:10ECB000F8B50C4B0C4F04460E46386819681546DB
:10ECC00008F002FCFFF73CFF50B933462A4638688B
:10ECD00044F4802108F0D2FCBDE8F840FFF730BFD3
:10ECE000F8BD00BFF00A0020100B0020F8B50C4B57
:10ECF0000C4F04460E4638681968154608F0E4FBC8
:10ED0000FFF71EFF50B933462A46386844F4802185
:10ED100008F0FEFCBDE8F840FFF712BFF8BD00BFE9
:10ED2000F00A0020100B002038B50A4B0A4D0446AB
:10ED30001968286808F0C8FBFFF702FF40B9286887
:10ED400044F4802108F0CAFDBDE83840FFF7F8BE62
:10ED500038BD00BFF00A0020100B00202DE9F04361
:10ED6000134B0E461968134B05468DB018681746AD
:10ED700008F0AAFB80B933460A222846009702A968
:10ED80001BF036FA4FF0000804460DF1080944451F
:10ED900005D1002CEFD120460DB0BDE8F083284608
:10EDA00059F8041B08F09AFD08F10108EFE700BFCD
:10EDB000F00A0020100B0020F8B50C4B0C4F064653
:10EDC0000C463868196808F07FFBFFF7B9FE054666
:10EDD00048B9E24316FA82F2386842F4802246F4D7
:10EDE0008021FFF7BBFF2846F8BD00BFF00A0020D6
:10EDF000100B00200022034B1A609A80FF229A71A8
:10EE0000704700BFC02C0020064A1379834207D9FF
:10EE1000012312688340134214BF01200020704771
:10EE20000020704794250020054A03461068002200
:10EE300008B91A607047C10748BF01324008F7E7B8
:10EE400094250020014B1879704700BF94250020BD
:10EE5000F0B541EA002087B040F4902606200F4626
:10EE60001546F6F725FF1CF03CFE044640B9014666
:10EE70001A2004F061F96FF08C05284607B0F0BD48
:10EE800043688660DAB222B923F0FF0343F001033E
:10EE90004360062F204B0CBF40F201114FF48071EC
:10EEA000204616F098FB2361E3696BBB4FF41053C7
:10EEB00023808023638002AB2A461E4605F110079B
:10EEC0001D4610685168083203C5BA422B46F7D177
:10EED000102130461CF0BBFD10223146204601AB0C
:10EEE00013F01DFB054620B1014640F2074004F037
:10EEF00023F9102130461CF0B8FD204613F06DFDBB
:10EF0000204610F0B9FCB8E700234FF410511A4620
:10EF100013F06FFDCDE700BF00444004102A2DE937
:10EF2000FF4706460F46154623D800244FF0010937
:10EF3000DFF84480DFF844A0D8F8002009FA04F391
:10EF4000134213D046EA042040EA0A006A46E9B2B6
:10EF500080B2FFF7CBFE48B92A46394668461CF016
:10EF600033F818B960B204B0BDE8F0870134202C42
:10EF7000E2D14FF0FF30F6E7942500200080FFFF3C
:10EF80002DE9F3411D4E05460146062230461CF090
:10EF90001BF820B996F9060002B0BDE8F081002404
:10EFA000A046EF1C2046FFF72FFFD8B13B88CDF8D5
:10EFB0000080ADF80330BB786946E0B28DF80530CB
:10EFC00019F030F921280DD0A8B903222946684646
:10EFD0001BF0FAFF30B92B6860B23360AB88B071B8
:10EFE000B380D9E70134202CDCD12B683360AB88A7
:10EFF000B380FF23B3714FF0FF30CDE7C02C00206A
:10F00000034B93F90630013301D1FFF7F3BE70478C
:10F01000C02C0020F7B5044617F0BCF8631C5AD189
:10F0200017F070F80024FFF7E5FE634E3379A34232
:10F030002CD84FF4004100240846FFF7BDFE2022E3
:10F040004FF0FF315D4834601BF0E8FF204602F0CE
:10F050003DFBFF2604465A4D5CBB5A4813F060F94D
:10F06000014630B110F1880F03D040F2074004F0A0
:10F0700063F80C21504A43F6FF70FFF719FE202178
:10F0800038204E4AFFF714FE00202AE02046FFF702
:10F09000BBFE60B165B20521284616F09EFA032139
:10F0A000284616F09AFA0621284616F096FA0134F8
:10F0B000BCE794F97530013305D02B7843B913219F
:10F0C000204617F0D9FB204602F000FB0446C3E7B8
:10F0D00084F87560F7E72046FFF796FE18B940F20E
:10F0E000064003B0F0BD6B4606220021204616F014
:10F0F000B7FA002848D0492368468DF8063017F043
:10F1000005F84FF47F41304840EA04200840FFF7FB
:10F1100053FE0521204616F060FA0321204616F022
:10F120005CFA0621204616F058FA01222249E3B281
:10F130009A400B6823EA02030B60244B93F90630D4
:10F14000A34201D1FFF756FE002005460B791B4A6A
:10F15000013BC1B2994221DBFF260020D65402F0C8
:10F16000B5FA0546164F002D83D095F97530A342A8
:10F1700005D13B78EBB91321284617F07DFB2846D3
:10F1800002F0A4FA0546EEE76B460622012120466E
:10F1900016F066FA0028B4D07223ADE75656A642A0
:10F1A00000D025B1551895F901505554012501306D
:10F1B000CFE785F87560E2E794250020A02C0020B9
:10F1C0009E2C0020370004000080FFFFC02C002090
:10F1D0002DE9FF41354C064601A8FFF725FE2379AE
:10F1E000019A93421ED86279012A40D100274FF03C
:10F1F000FF383D4610E02368EB40D9070BD50822C5
:10F2000002AB114668B216F02BFA20B1039B4345BE
:10F210003CBF2F469846013523799D42EBD378B207
:10F22000FFF7F8FE236813F0010529D0002501221D
:10F230000135202D18D002FA05F71F42F8D13B43C3
:10F240002360A3680C21013343F6FF70174A7361F2
:10F25000A360FFF72DFDA8B1236823EA070323600D
:10F26000A368013BA36073614FF0FF3519E0022AE8
:10F27000FAD10F4A134413F9010D421CFBD0CFE71A
:10F280000127DCE722790A4C013A2146D2B2601C00
:10F290001BF0AAFE6DB22246202138202570FFF710
:10F2A00007FD284604B0BDE8F08100BF942500208A
:10F2B000A02C00202DE9F043002489B0B34D042197
:10F2C0003F2001AA2C70FFF711FD00B10194019FAE
:10F2D000002F4FD000267A1E5742574100242C7031
:10F2E000AB4D0C212A4643F6FF70FFF7FFFCC0B17F
:10F2F0000D23AB80019B2C60032BAC6011D803ACB9
:10F300002246142143F6FF70FFF7F0FC48B994E859
:10F31000070085E807002A460C2143F6FF70FFF737
:10F32000C7FC019B042B06D004213F200DEB0102FA
:10F330000191FFF7BDFC20213820964AFFF7D6FC4B
:10F3400028B120224FF0FF3192481BF067FE0322C4
:10F350002B795B00B3FBF2F38F4A1370FFF74AFD82
:10F36000F9F7D6FD014618B140F2074003F0E4FE7C
:10F37000002413E001263746B0E72B68E340DB07A3
:10F380000BD508224FFA84F81146404603AB16F01D
:10F3900067F910B94046FFF73DFE01342B799C42D6
:10F3A000EBD38EB11021372003AAFFF79FFC002872
:10F3B00053D10620F6F77CFC1CF093FB044690B971
:10F3C00001461A2003F0B8FE3FB13D20FFF7ACFC28
:10F3D00000242B799C42C0F0B38016F099FE0020E7
:10F3E00009B0BDE8F0836D4A43688260DAB222B9A1
:10F3F00023F0FF0343F001034360694B40F2011126
:10F40000204616F0E8F82361E36943BB4FF410533C
:10F41000238080231021638003A81CF018FB102296
:10F4200002AB03A9204613F07AF80646102103A880
:10F430001CF01BFB204613F0D0FA204610F01CFAFB
:10F440003720FFF771FC46B140F20740314603F028
:10F4500073FE4FF0FF30FFF7DDFD00262AE00023AA
:10F460004FF410511A4613F0C4FAD2E73046FFF7B2
:10F47000CBFCF0B174B210220321204603AB16F08E
:10F48000EFF81028814620D10321204603AAFFF778
:10F49000DFFC8046494603A81CF0E7FAB8F1000FEC
:10F4A0000CD040F20740414603F046FE2046FFF7ED
:10F4B000B1FD01362B799E42D8D385E748F203008F
:10F4C00040EA062080B2FFF72FFC102205212046DB
:10F4D00003AB16F0C5F81028814613D1052120464C
:10F4E00003AAFFF7B5FC8046494603A81CF0BDFA05
:10F4F000B8F1000FD5D148F2050040EA062080B2ED
:10F50000FFF712FC10220621204603AB16F0A8F8E4
:10F5100010288146CDD10621204603AAFFF798FC8A
:10F520008046494603A81CF0A0FAB8F1000FB8D1F4
:10F5300048F2060040EA062080B2FFF7F5FBB8E784
:10F540002046FFF761FCF0B166B204220C21304680
:10F5500002AB16F085F804280AD1029B0122C3F3FE
:10F5600000238DF80C300C21304603AB16F04AF81E
:10F5700000231022CDE90333CDE905330D213046B8
:10F5800003AB16F03FF8013423E700BF9E2C0020A8
:10F5900094250020A02C00209F2C00203700040080
:10F5A00000444004F8B5104B044618790F4B002274
:10F5B0001D46D1B2884204D913F9017B561CA742DB
:10F5C00004D10B4B1B788B4202D9F8BD3246F0E7D1
:10F5D0000649481C1BF008FD2C702021BDE8F840AE
:10F5E0003820024AFFF764BB94250020A02C00209D
:10F5F0009F2C0020014902481BF04FBE540B0020F5
:10F600001826002010220A4B2821DA826422C3E93E
:10F6100006124FF6FF721A8402225A60002283F803
:10F620002B200F2283F82D0083F82C20704700BF79
:10F63000A025002038B502F0DFF940B9094B482475
:10F640001A6893F82A1003462432994200DC38BD28
:10F6500004FB03F55559ED0601D40133F5E701200C
:10F66000F5E700BFA025002038B5104C94F82B30EA
:10F67000D3B1626812F0010516D104F1080003F05D
:10F68000DFFDFFF7D7FF78B14EF6602294F82C30FB
:10F690004FF48271534306482A460FF0B5FD18B95E
:10F6A000636843F00103636038BD00BFA0250020FC
:10F6B0001826002022F00042052A10B50DD0B2F520
:10F6C000827F13D0032A06D1114A536823F0020324
:10F6D000536002F099F9002010BD0D4A1B88118D6E
:10F6E0009942F8D1002313850120F5E7084B5A68A9
:10F6F00093F82B4022F00102012C5A60F4D106F05D
:10F700000DFCFFF7B1FF204602F02CFAECE700BF3A
:10F71000A025002000487047AF250020044890F83D
:10F720002B1000F10F020830012918BF1046704756
:10F73000A0250020F0B48279034612F0280F26D0CD
:10F740000025144A016892F82A60C2F80F108188D7
:10F75000A2F81310817951751168AE4207DCF0BC34
:10F760005368032043F00403536002F0FBB94C6A72
:10F7700014F4404F08D1186844F0080408609F88CA
:10F7800098798F8088714C6201354831E5E72120F6
:10F79000F0BC7047A02500204379024A9B09D05C49
:10F7A000704700BFA4CE03000B6810B503608B88C0
:10F7B000FF2A0446838002D10723A37109E0032AAC
:10F7C00008D8054B9B5C072B837102D1FFF7E4FF40
:10F7D000A07110BD0023F0E7A8CE03008379024A90
:10F7E00003F00703D05C70479CCE030010B582790C
:10F7F0008B79094C02F0070203F00703A25CE35C7B
:10F800009A4206D106221BF0DFFBB0FA80F04009D5
:10F8100010BD0020FCE700BF94CE03007FB5134B62
:10F820000E46054604460393A0B117F060F978B977
:10F8300000223146204617F08FFA022807D1012313
:10F84000314600932046042303AA16F01FF80DB199
:10F8500004B070BD204617F019F904460028F7D00F
:10F8600017F045F90028F5D1E2E700BF0100FFFFDE
:10F870002DE9F04F97B08346099117F07EF809986B
:10F8800083790C33C45CC5181BF07AFE1E2C064627
:10F89000099F24D8012C26D9C54BE340DA0722D58D
:10F8A000384697F806801BF06BFEBBF80A2083B23F
:10F8B0009A4228D214F0010240F0A18004F07F03A4
:10F8C000522B00F09C801E2C00F09980099B214651
:10F8D00000935846042316F068FE21240CE004F03F
:10F8E0007F03522BDCD02146062300225846009786
:10F8F00016F05BFE41F20614584617F043F8204616
:10F9000017B0BDE8F08F47443A7B013B1E2A9BB2FB
:10F9100042D8012ACED9023A1C2ACBD801A151F8EB
:10F9200022F000BFB5F90100B5F80100B9F90100F6
:10F93000B5F80100AFF90100B5F80100A5F9010023
:10F94000B5F80100B5F90100B5F80100B9F90100F9
:10F95000B5F80100BDF90100B5F80100A5F90100F5
:10F96000B5F80100EBF90100B5F80100B5F80100A8
:10F97000B5F80100EFF90100B5F80100F3F9010055
:10F98000B5F80100B5F80100B5F80100B5F80100BF
:10F99000B5F80100F7F90100522A26D0D22A89D100
:10F9A0000D2B05E0062B0FD0142B83D10CE0052B7B
:10F9B00080D909E0022BF8E7042BF6E7032B7FF64A
:10F9C00079AFDB073FF576AF022C00F0F380DBF870
:10F9D00000309B689F0516D40BF144001BF064FDBA
:10F9E000099BCBF84430002486E7012BE0E7032B8A
:10F9F000DEE7012BD9E7002B7FF45CAFE4E709A831
:10FA00001BF052FD69E71E2C584600F0918317F059
:10FA10006EF80746002840F08280584617F062F8DA
:10FA200000287CD004F07F03522B00F0BC80082C0F
:10FA300068D1B6B2152E14BF02201020691D17F030
:10FA40003CF800285ED0DBF81430D8074BBF23F019
:10FA5000010343F001033946012158464CBFCBF85E
:10FA60001430CBF8143017F059F809980D9016F0AF
:10FA70000AFD0446B0F80180B0F803900D981BF021
:10FA80007FFD152814BF0225102505342146284680
:10FA900002F04EFE21460390284617F00EF804901F
:10FAA000B8F1000F00F04381C84500F24081022107
:10FAB00009200D9A16F00AFDBBF80A708246023F33
:10FAC000BFB23E4640464FF0FF354946039A17F015
:10FAD000F5FA0446002800F06C8117F0C2F80028FF
:10FAE00000F0848101222146584617F064F903464C
:10FAF0008DF82E00002800F01F810D9A00922246FA
:10FB00000821A3E0DBF8143013F001063CD023F009
:10FB1000010300215846CBF8143016F0FFFF1E2CCD
:10FB200063D8032C66D9231F142B63D801A252F883
:10FB300023F000BF03FE0100F5FB0100F3FE01000E
:10FB4000F5FB01006BFA0100F5FB0100D9FF010094
:10FB5000F5FB0100F7FF0100F5FB01000D000200BD
:10FB6000F5FB010001FC0100F5FB010001010200B1
:10FB7000F5FB0100F5FB0100F5FB01001D01020092
:10FB8000F5FB01002701020043F001030121584663
:10FB9000CBF8143016F0C2FF1223324621465846E5
:10FBA000009616F002FD09A81BF07EFC1BE700BFC3
:10FBB00054554541099DBA4C284616F064FC2188ED
:10FBC000B0F801602A46584616F004FD2388BBF8B9
:10FBD0000A10B34228BF3346172BB8BF1723584625
:10FBE000ABF80A3016F0B5FEFDE6522C00F08F821D
:10FBF000D22CD8D0099B002200932146062325E071
:10FC0000099F384616F03FFC0546B0F80180B0F871
:10FC100003A038461BF0B4FC15280CBF2046022078
:10FC2000691D02F085FDB5F8053004900793B8F121
:10FC3000000F07D0D04505D817F097FB50B9102317
:10FC4000009701E00123009742461021584616F024
:10FC5000ACFCC8E63A460221112016F037FC4446B7
:10FC60004FF0FF35BBF80A3005909E1E0393063B0C
:10FC70009BB2B6B2089351462046049A17F01EFA7A
:10FC8000814668B35146079A17F065FA044648461C
:10FC900016F0E7FF40B94FF6FF739C4201D00134E4
:10FCA000A4B25445E7D91BE04FF000030DAAADF80C
:10FCB000343049460CAB584617F01AF9039ABDF890
:10FCC0003430053A9A42089A0690D8BF1346002D60
:10FCD000ADF8343009DB9D4202D1EB1CB34208DBA6
:10FCE000691C1CD10A230097AEE7351F9D42A8BFAF
:10FCF0001D46042211A93846ADF84490ADF846409F
:10FD00001BF063FE2A46384606991BF05EFE4FF64E
:10FD1000FF73043E761B9C42B6B2C0D1E0E7394681
:10FD2000059B04355D70584601F0C4FD5BE60D9BF4
:10FD3000009301234246E3E6049B13B1204616F0EC
:10FD400074FF204616F0A5FFD8B1002D54DC0DA895
:10FD50001BF0AAFB082358468BF81C3050F80C2BDC
:10FD600040F2025192F870208DF8483000238DF84F
:10FD7000442011AAADF84640ADF84A301BF0C9FA4C
:10FD800031E6ADF844000DF12E032146584611AA84
:10FD900017F0AEF8BDF844300590BB4228BF3B4693
:10FDA000002DADF844300ADBAB4202D16B1CB342EC
:10FDB00009DB6A1C0D9B1FD100930A23BAE7B51E0D
:10FDC0009D42A8BF1D4602220CA90D98ADF83040F7
:10FDD0001BF0FBFD2A4605990D981BF0F6FD4FF62A
:10FDE000FF73023E761B9C42B6B2E2D0601C80B22A
:10FDF0008145BFF46AAEDCE702350D998AF80150FF
:10FE000091E7DDF82490484616F03DFBB0F803304A
:10FE1000B0F801800493B8F1000F43D0984541D861
:10FE20004FF6FF774A460221052016F04FFB454664
:10FE3000BA46BBF80A400590023CA4B2294658468F
:10FE400017F017FA504506464BD04FF4006229468A
:10FE5000584616F0B0FF00283ED1304617F0A1FA00
:10FE600000280CBF022310235745039320D03046AF
:10FE700017F097FA0690384617F093FA069B8342DC
:10FE800003D1039B0133A34213DB384617F089FAF1
:10FE9000059B013019465870584616F06FFBA2E5D5
:10FEA0000C0D00200123CDF8009042460421CDE640
:10FEB00037460DF146013046ADF8445002F08EFC55
:10FEC000039B48469A1C11A91BF07FFD039B023C33
:10FED000E41A5545A4B2D8D0049B0135ADB2AB426B
:10FEE000ACD24FF6FF739F42CFD10A23CDF80090DA
:10FEF000DBE7DDF824900024484616F0C4FAB0F899
:10FF00000530B0F803A0B0F80160074648460393F7
:10FF10001BF036FBC51FADB2102D0C9458D82A46E5
:10FF2000F91D0DA81BF085F8002E53D0564551D869
:10FF30004A460121072016F0C9FAA0460746334673
:10FF40000A249A45049307D93946BBF80A0016F0EB
:10FF5000A0FA0328049B04D8B8F1000F1AD0394640
:10FF60009AE7ADF84430039B5846ADF848300DABE6
:10FF700013930BAA0DF12E0311A9ADF846A0ADF80D
:10FF8000505017F014F90A280446E5D0BDF82C307B
:10FF900030B11E46234632460621CDF8009055E684
:10FFA000ADF83030BDF82E300CAAADF832303946FD
:10FFB0000423BBF80A0016F077FA4FF6FF72BDF87B
:10FFC0002E309342CBD001334FF001089BB2B8E7FB
:10FFD0000424DFE70124DDE70A23099C8BF81C30A9
:10FFE000204616F050FA23460022B0F80110584679
:10FFF00015F01CFDF7E4099C204616F044FA0C238A
:020000022000DC
:100000008BF81C30B0F803202346EEE7DDF824809F
:10001000404616F038FA054640461BF0B1FA002378
:10002000441EBBF80AA08DF8343061D014F00107EB
:100030005ED120460FF002FC064600285ED00AF191
:10004000FF332246691C03931AF0F3FF4246012155
:100050000F2016F03BFAB1460490002C04DC304629
:100060000FF00AFC049917E739F8025B01222946D0
:10007000584616F0A0FE023C8DF8340068B92846B8
:1000800016F011FD10B1284616F0CFFD284616F0E7
:1000900000FE60B180238DF8343030460FF0ECFB69
:1000A0002A460E219DF83430CDF80080CEE5294651
:1000B0000DAB584611AA16F01BFF9DF834300146CF
:1000C000002BEAD1039BBDF84420DB1B9A42C2BF40
:1000D0000AF1FF33DB1BADF844304046BDF8442045
:1000E0001BF073FCBDF844309842B8D31F44B4E70A
:1000F000042300258DF834302E46CEE71123F8E78F
:100100005846099AB5F8011015F02EFD6BE45846D3
:10011000099AB5F8011015F082FD64E45846099972
:1001200015F0BCFD5FE45846697815F022FE3AE50B
:1001300015F03FFE37E500BF7FB5174A0646136846
:1001400042F6052023F00803136016F0F2FF05467F
:1001500050B1684602F0A4F9002016F097FC04465E
:1001600020B92946FFF75AFB04B070BD102268463B
:1001700004F121011AF028FF38B10121204616F0C0
:10018000CDFC636923F0010363611EB13146204653
:1001900017F0A0F82046E0E78026002007B5837816
:1001A00001916A46082104488DF800301BF0B1F82F
:1001B00003B05DF804FB00BF182600200022054BA9
:1001C000C3E90322C3E905221A70DA614FF6FF7210
:1001D0005A847047F4250020014B1860704700BF17
:1001E000F025002082780D4B13B55A60B0F803203B
:1001F00091B2102910D040F60344A1420CD04179AD
:100200005B8C8DF80210ADF8042005216A46044885
:10021000ADF800301BF07DF802B010BDF4250020D1
:100220001826002073B5837901900C33C418C35C81
:10023000132B0ED8042B10D9053B0E2B0DD8DFE85D
:1002400003F01E0C0C1E0C0C0C0C0C161A0C0C0CD7
:100250002300302B13D03E2B1BD0FAF71BFA019B47
:10026000834202D001A81BF01FF902B070BD2046E6
:10027000FFF7B8FFF1E7E2780E4B5A60EDE7204652
:1002800001A901F059FEE8E7204601A915F061FF38
:10029000E3E70025084E019B3BB1204656F8043B9E
:1002A00001A9013598470E2DF5D101A81BF0FCF8E6
:1002B000D3E700BFF4250020ACCE030007B500F063
:1002C00013F920B103B05DF804EBFFF7ABBF00F00A
:1002D00017F9019018B1054B1B681BB1984703B083
:1002E0005DF804FB01A81BF0DFF8F8E7F02500201B
:1002F000024610B1022804D07047032102481AF0C8
:10030000C4BFFFF7DBBF00BF18260020024B1A78DE
:10031000024B53F822301847F4250020E4CE0300A6
:1003200010B504460120FFF7F1FF034B00201C70BD
:10033000BDE81040FFF7EABFF425002010B50446E1
:10034000062142F2050015F02EFE2368C0F80330A6
:10035000A388A0F807300648FAF7BEF915F067FE43
:10036000407920B115F063FE407940F4805010BD13
:1003700049BB030010B5044606214FF6284015F08E
:1003800012FE2368C0F80330A388A0F8073006489F
:10039000FAF7A2F915F04BFE407920B115F047FEAF
:1003A000407940F4805010BDD5A7010038B505460E
:1003B0000C4669B9022142F21B0015F0F4FDB5F8B4
:1003C0006E30A0F803300D48BDE83840FAF784B924
:1003D000122142F21A0015F0E6FD2146B5F86E3002
:1003E000053020F8023C04F1100351F8042B994227
:1003F00040F8042BF9D10248E6E700BF013D0300B5
:100400003D3D030001481BF06DB800BF04260020ED
:1004100040F6FF732DE9F3410D46B0F86E100192DE
:10042000994205D101A81BF03FF802B0BDE8F08168
:100430001146134601229BBB1E481BF003F9FFF730
:10044000E1FF04460028F0D01BF09AF863790746D4
:1004500003F001086FF30003637104212046A668CE
:100460001BF0B9F94379044668F300034371DB4399
:100470008179B6F86E200C31866003F00103625476
:10048000C2F30322084442EA031242704780224624
:100490003046294615F062FE2046FAF731F9CEE7DC
:1004A0005C79986024F0030414435C7100221B689B
:1004B000C1E700BF0426002070B50546064C206841
:1004C00000B970BD8368AB4204D106680FF046F8EE
:1004D0002660F4E70446F2E70426002001460148BE
:1004E0001BF0B0B80826002001481AF0FBBF00BF7F
:1004F00008260020014601481BF0A4B80026002071
:10050000034BD86818B103F10C001AF0EBBF704729
:10051000F4250020044BDA6822B95869003818BF66
:100520000120704701207047F42500200138C0B237
:100530000A289ABF014B185C00207047ECCE0300DC
:1005400007B506481AF0CEFF042101900DEB01001B
:100550001BF091F8019803B05DF804FB1C26002005
:10056000F7B5186810F0020003D0164E316811B9C3
:10057000012003B0F0BD0024042223460DEB02004D
:1005800001941AF087FFBDF80630DB0702D4FFF7AD
:10059000D7FF044600250C4F57F8043B23B12146F2
:1005A000BDF80400984748B13368002BE0D0074BF2
:1005B000022193F900000EF0A5FCD9E70135062DC4
:1005C000EAD1F1E71C26002020260020C72C0020BD
:1005D00010B509480EF086FC0024084B0849187035
:1005E00020200C600FF004F8064BC3E90044C3E977
:1005F0000244C3E9044410BD640B0020C72C002052
:100600001C260020202600200020024B1870024BE0
:1006100018707047C92C0020C82C002038B505463A
:10062000007815F060F8044648B96978287801F038
:100630005FFA044618B9044B1A78044B1A70044840
:1006400000F058FF848038BDC92C0020C82C002041
:100650002002050310B501F077FA0446024800F0C5
:1006600049FF848010BD00BF200205052DE9F0433D
:1006700083780D460D2B91B04FD109AC2646821CD4
:1006800000F11A03274610685168083203C79A42DE
:100690003C46F7D113881C213B8028461AF0EBFF1B
:1006A000BDF826402F6814F00C043ED138461AF0ED
:1006B00067FFA0F10208A0450DDA4FF0FF340023D8
:1006C0009C428DF81C301EDB01223946A31C07A872
:1006D0001AF0E0FE17E0631C0122394605A81AF063
:1006E000D9FE9DF81430012BE9D02346012239466A
:1006F00007A81AF0CFFE9DF81C3013B101331C443B
:10070000D9E78DF81C3001F05FF9012808D00228E4
:1007100043D050B928461AF0C7FE11B0BDE8F083A7
:100720009DF81C3013F0010FF4D09DF82F0000F05D
:10073000C5FC07469DF8300000F0C0FC0DF11C0917
:100740009DF828200DF12901804605A8FFF72CF817
:1007500048469DF836200DF13701FFF725F8134B79
:100760001B78DB071ED405A814F073FF044605AB05
:10077000424639463046CDE90145CDF8009000F0BB
:1007800017F82B68002BC5D0424639463046CDE9D4
:10079000004505AB19F078F8BCE79DF81C3013F064
:1007A000030FC1E74FF0FF34E1E700BFC82C002082
:1007B0002DE9F74FB0F802C006461CF0100F1C469A
:1007C0000C9F9DF934A0DDF838B033D05FFA8CF57A
:1007D0001CF0080F184614BF05F0080505F00F05BA
:1007E00016F09BF88146384616F097F896F90F30C8
:1007F00080465A46042113480193767815F0F6FD99
:10080000019BA0B105712268C0F80520A28880F87C
:100810000B90A0F8092080F80CA0437386733B6806
:10082000C0F80F30BB8880F81580A0F8133003B0F3
:10083000BDE8F08FCDE90DAB0C9703B0BDE8F04FEC
:1008400015F06CBC1CCF0300002110B5421D0379CC
:10085000044608461BF0E6F8024648B16188208845
:1008600015F03DF90446034800F044FE848010BDB5
:100870001A24F8E720020A0213B50446007816F09D
:10088000FFF870B10023CDE90033E278B4F801102D
:1008900015F0BBFA0446044800F02CFE848002B038
:1008A00010BD2524F7E700BF20020A0410B5007828
:1008B00017F057FB0446024800F01CFE848010BD70
:1008C0002002090130B50446457987B02A46811DCA
:1008D00001A81AF0AEFBD4F8011001AA2078059502
:1008E00017F049FB0446034800F004FE848007B07B
:1008F00030BD00BF2002090410B5B0F80110C37864
:10090000021D007817F04DFB0446024800F0F2FD8E
:10091000848010BD2002090910B504460078FF2824
:100920000ED015F011FC207815F010FC94F90000A1
:10093000FEF770FB0446034800F0DCFD848010BD28
:100940002124F8E720020F0610B54178007802F064
:100950005DFB0446024800F0CDFD848010BD00BF61
:1009600020020F0108B5064906481AF096FC064910
:1009700006481AF092FC06480EF02EFF002008BD33
:100980007C0B00203C2600208C0B00203826002009
:10099000740B0020014815F05BBC00BF200B002049
:1009A00030B5114B0D469942144685B019D19300CC
:1009B0000FD503A902A80EF0BBFC08230193039BEB
:1009C000E1B2009300222846029B41F000511AF048
:1009D00047FC064815F0D4FC00B10471012005B0B5
:1009E00030BD0020FBE700BF3826002090CF030079
:1009F00022F00042B2F1A04F08B504D1034815F02F
:100A0000BFFC012008BD0020FCE700BF94CF03001D
:100A100070B5FFF7BFFF90B1FEF77CFE00260446DD
:100A20002046FEF7DBFE0546064800F063FD8680A3
:100A30002268C0F80620A2880573428170BD022694
:100A4000014CEDE7200901156CCF030008B501F05A
:100A5000A3F8BDE80840024902481AF042BC00BFB2
:100A60009C0B002018260020F8B5054600200D4EEE
:100A70000127307100F02AFE04466CB16DB994F87C
:100A800072306BB1377115F05AFB2046132115F007
:100A9000F3FE6468002CF2D1F8BD204615F0F0FE9C
:100AA0006468EAE7C22B002038B50023094C2360B4
:100AB000A38003682360207815F0DAFE054630B97C
:100AC000054806491AF0E9FB608801F0DDF8284680
:100AD00038BD00BFC22B0020182600209C0B002030
:100AE00022F00042B2F5887F2DE9F0471C4600F065
:100AF000E5800ED840F203139A423CD040F209132D
:100B00009A4200F0C5800E2A00F0B6800020BDE8B1
:100B1000F08740F207239A424AD0B2F5037F59D0BA
:100B200040F206239A42F1D120684C30FEF756FE7F
:100B300025680746664895F8736095F870A095F9A2
:100B4000759095F87680A48815F01AFC0028DDD001
:100B5000EB6C4360B5F8503087720381731E5E42C0
:100B60005E41C67280F80CA080F80D9080F80E806F
:100B7000A0F80F40CAE7207800F088FD0028C5D013
:100B8000544894F80090B4F80280A788E688257A43
:100B9000648915F0F5FB0028B8D080F80490A0F81F
:100BA0000580A0F80770A0F80960C5728481ADE7E0
:100BB000207800F06BFD0028A8D060782578FFF73A
:100BC000B5FC0446444815F0DBFB00289ED00571B7
:100BD00044719BE7A578012D1ED0022D2DD0CDB9F3
:100BE000E37894F80080023BDBB2022B8CBF012536
:100BF0003A4A94F90470667998BFD55C94F9064036
:100C0000374815F0BDFB28B180F804804571877125
:100C1000C671047201207AE7E37894F80080023B01
:100C2000DBB2022B98BF2D4A94F90470667998BF05
:100C3000D55C94F906402B48E3E7E3782A48023B69
:100C4000DBB2022B94BF254A012594F80180277856
:100C500098BFD55C94F90490667994F9064015F034
:100C60008FFB0028D6D0A0F804808771C57180F86A
:100C7000089046728472CDE723460822002113F8BB
:100C8000014B1A4815F08DFB0028C3D00471C1E751
:100C9000174894F800806788A688E588248915F0AD
:100CA0006FFB0028B6D080F80480A0F80570A0F88B
:100CB0000760A0F80950A0F80B40ABE70D481C787E
:100CC00015F05EFB00283FF421AF04711EE700BF62
:100CD000ECCF0300E8CF0300E0CF030098CF030080
:100CE000D8CF0300D4CF0300DCCF0300D0CF030064
:100CF000CCCF0300E4CF03001FB501460078FF28E6
:100D000017D0B1F80B300293B1F809300193B1F864
:100D100007300093B1F80530B1F80320B1F80110A5
:100D200000F050FF0446044800F0E4FB848004B067
:100D300010BD2124F7E700BF2002060630B587B0BA
:100D400001468279054604A815F0D4FD00230393DB
:100D50009DF8163013F0180408D1212503950F488B
:100D600000F0C8FB8580847107B030BD04A800F096
:100D70009BFC034660B903AA0092E879084A04A9DB
:100D800000F0A6FF034618B90446BDF80C50E6E78C
:100D9000BDF80C5093F87040E1E700BF2003060453
:100DA0003D0E020010B5007800F070FC40B1132138
:100DB00015F062FD0446034800F09CFB848010BDE2
:100DC0002524F8E72002060570B5144606460D46B0
:100DD000204614210A4A15F0C2F92046217915F05F
:100DE00071FA58B9A3790C331C44064BA6711B79D0
:100DF000A5801BB1BDE8704015F0A2B970BD00BF61
:100E0000C8CF0300C22B0020024B00201A68024BFF
:100E10005A60704744240020200B002010B5FDF7D5
:100E200011FD044630B9044815F0E8F9044608B944
:100E3000FDF738FE204610BD200B002073B51C4680
:100E400040F20A6322F000459D4208D8B5F5C06F14
:100E500008D8042D47D00D2D4DD0032D1ED00020D5
:100E600002B070BD6FF4C0631D44092DF7D801A313
:100E700053F825F05B0F0200090F02002D0F02004E
:100E80003D0F0200530F02005F0E0200730F0200BD
:100E9000890F0200A90F0200F50F020001A8F4F764
:100EA00081FA5648BDF8044015F06AFA0028D6D0F9
:100EB00000234371C37103724372037343738373DB
:100EC000C373282383746FF00B03C3746FF066033E
:100ED0000722432103753E23027185718172C2721C
:100EE00004824375BBE74648246815F049FA002898
:100EF000B5D08480B3E723460422002153F8044B85
:100F0000404815F04EFAF2E7207800F0BFFB0028C9
:100F1000A5D03D48267894F90150A47815F030FA10
:100F200000289CD006714571847198E72478374871
:100F300015F026FA002892D0047190E725783448FD
:100F4000646815F01DFA002889D00571C0F80540C5
:100F500085E725782F486468F3E72F48257864688B
:100F600015F00EFA00283FF47AAF0571A0F805409D
:100F700075E72A482578646815F002FA00283FF4DE
:100F80006EAF057144716AE7637825480D2B96BFF3
:100F9000244A0125D55C247815F0F2F900283FF4A5
:100FA0005EAF047145715AE7637800210D2B98BF3D
:100FB0001C4A1D4898BFD55C6368A27888BF01258C
:100FC000267815F0EEF908B1067145716378012BAA
:100FD0003FF645AF8DF8043001220021124801ABE5
:100FE000247815F0DEF900283FF439AF01230471AD
:100FF000437134E724780D489AE700BF30D00300EE
:1010000028D003002CD0030014D003001CD0030010
:1010100020D0030018D0030010D003000CD0030030
:1010200008D00300F0CF030004D0030000D0030079
:1010300014220021014819F0F1BF00BF4026002012
:1010400070B505460FF069FF1A4C064663795B07D9
:101050000ED414212046184A15F081F82046217933
:1010600015F030F920B13046BDE870400FF05BBF9D
:10107000A3790C3323442DB91A79FF2AF3D0013216
:101080001A71F0E7012D05D15A79FF2AEBD0013210
:101090005A71E8E7022D05D19A79FF2AE3D001328F
:1010A0009A71E0E7032DDED1DA79FF2A1CBF013205
:1010B000DA71D8E74026002024D00300042828BF96
:1010C0000020014B185C704734D003002DE9F34138
:1010D0006F4687E80300114816461D46DDF820805C
:1010E00000F084F90446A0B90D4B00981968BB883C
:1010F00048600B818E72CD7200F0CEF90446B8F1D3
:10110000000F04D0074B1B689B7988F8003000F073
:10111000DBF9204602B0BDE8F08100BF48D00300F3
:10112000602600205C2600202DE9F84F80461148FB
:101130000F4616461D46BDF828B0BDF82CA0BDF8D8
:10114000309000F053F998B90B4B1C6884F8048078
:10115000A4F80570A4F80760A4F80950A4F80BB02F
:10116000A4F80DA0A4F80F90BDE8F84F15F07BB8D7
:10117000BDE8F88F40D003006026002010B504467B
:10118000054800F033F930B9044B1B681C71BDE809
:10119000104015F068B810BD38D00300602600205C
:1011A00010B50446054800F021F930B9044B1B681E
:1011B0001C71BDE8104015F056B810BD60D003009A
:1011C0006026002038B505460C460748012100F08E
:1011D0001DF940B9054B1B681D71C3F80540BDE8FA
:1011E000384015F040B838BD58D0030060260020C4
:1011F00038B505460C460748012100F007F940B90B
:10120000054B1B681D71A3F80540BDE8384015F07B
:101210002AB838BD50D003006026002038B50546F6
:101220000C460748012100F0F1F838B9054B1B685E
:101230009D80DC80BDE8384015F015B838BD00BF92
:1012400070D003006026002070B5064608480D46A1
:10125000144600F0CBF848B9064B1B681E71A3F882
:101260000550DC71BDE8704014F0FDBF70BD00BFDB
:1012700068D003006026002008B5044800F0B6F8E6
:1012800018B9BDE8084014F0EEBF08BD80D00300D7
:1012900038B5054606480C4600F0A8F838B9054BA5
:1012A0001B681D715C71BDE8384014F0DCBF38BDAF
:1012B00078D003006026002038B5054606480C4665
:1012C00000F094F838B9054B1B681D715C71BDE8DE
:1012D000384014F0C8BF38BD90D00300602600200D
:1012E00010B50446054800F081F830B9044B1B687E
:1012F0001C71BDE8104014F0B6BF10BD88D00300CB
:101300006026002070B505460B480E4600F06EF8CA
:10131000044678B900F0C0F8084B04461B6825B1B4
:10132000D3F806202A605A89AA800EB11B7B33703D
:1013300000F0CAF8204670BD98D003005C2600205B
:10134000044A0346106810B102789A4200D17047EF
:101350000069F8E75826002008B514F04DFFFFF7A4
:1013600067FE0022014B1A6008BD00BF582600200E
:1013700038B5104D0446104A28461AF0ADFB4FF41C
:101380008270A0470D4B01461860287818B14FF4C1
:1013900082721AF0A4FB4FF48270A047084B0146FA
:1013A0001860287828B1BDE838404FF482721AF0EE
:1013B00096BB38BDCA2C0020A0D0030060260020B8
:1013C0005C260020084A136833B94178036141F074
:1013D0000101417010607047197802789142FAD08B
:1013E00003F110021B69EFE75826002010B50446F0
:1013F00018F04BFA28B9034B22681C60024B1B689B
:101400001A6010BD54260020602600202DE9F84FF8
:10141000046898464FEA042A0AF4E06AC4F30723F2
:101420004AEA030A0AEB0209B9F5807F83460F46B0
:10143000154603D91D263046BDE8F88F18F025FA69
:1014400006460028F7D1124B24F47F44C3F800B0BD
:1014500024F0C7040F4B44EA19244FEA09291B68FA
:101460001FFA89F944EA090443F8044B53442A4615
:101470004146184619F0DDFD012F04D1FF2DD9D8C2
:1014800000F8015CD7E7022F08BF20F8025CD2E722
:10149000542600206026002008B5074B1A68074B29
:1014A00052F8040B1968064B49681B689847054BAE
:1014B0001B68988808BD00BF6026002054260020C5
:1014C000AC0B00205C2600200022024B1A6018F0B2
:1014D000DEB900BF54260020054B186808B1C36868
:1014E0001BB1003818BF012070470069F6E700BF44
:1014F0005826002010B5034C23681860FDF710FB38
:10150000206810BD5C260020F8B504460D46014653
:101510000020174614F071FEF3F732FA194E78BB2B
:10152000194B1B681C603368187058709870D8701D
:10153000204614F03CFE18B165B94368220E2BB961
:101540000F250DE05979914204D008331D68002D14
:10155000F8D1F5E73846A84733681B684BB9012531
:1015600024F47F4020F0C70040F40070FFF7C2FF72
:1015700085803268012052F8041B14F03EFEF8BD4D
:101580001425EDE75C260020602600204022094B50
:1015900083F8212383F8222383F8232383F8262347
:1015A00083F8252383F8202383F82423502283F80B
:1015B000222C704700E100E0BFF34F8F0549064B36
:1015C000CA6802F4E0621343CB60BFF34F8F00BFE1
:1015D000FDE700BF00ED00E00400FA05044BD86908
:1015E00010F480501CBF186A00F00100704700BF63
:1015F0000080E00F70B504460D461B4A13686BB3BC
:1016000093F87D10586811F0040129D110608C22E4
:10161000184693F8706019F001FD034680F8706079
:101620002268C0F85A20A288A0F85E20A27980F82B
:1016300060202868D864AA79A98883F85220FF22FC
:1016400083F8752083F8762040F6FF72A3F86E20A9
:10165000064AA3F85010116813605960184670BD0F
:101660001A1D0346CBE700BF682600206426002031
:10167000054A0346106800B97047B0F86E209A42D8
:10168000FAD04068F7E700BF64260020054A034609
:10169000106800B9704790F870209A42FAD04068FC
:1016A000F7E700BF6426002038B50546064B1C68E6
:1016B0000CB9204638BD294604F14C00FEF796F8D7
:1016C0000028F6D16468F3E76426002010B9024BC5
:1016D0001868704740687047642600200023114A4C
:1016E0002DE9F0418C2113608046024601200DF067
:1016F00033FE044620B905460B4E3060A84502D89B
:101700002046BDE8F08101200DF0A4FE07468C22A2
:101710000021013519F082FC87F8705037603E1DBA
:10172000ECE700BF6426002068260020012310B5E6
:101730008B4090F87110044621EA030149B280F809
:101740007110002949D114F008FD204616F095FDCE
:10175000102104F118001AF088F92046FEF7ACFEBB
:1017600004F1380019F0A0FE204616F0E7FC214AEB
:1017700013681BB19C42596830D11160A3685905A8
:101780000BD51A0509D443F40063A18994F87000BD
:10179000A36004F17802FFF717FB00232046636083
:1017A00019F0A3FD14F069FE4FF48072B2FBF0F261
:1017B000424394F870300344B3FBF2F102FB11335F
:1017C000DBB2591EC9B2FD29F5D884F87030002368
:1017D0006360094B1A6852B91C6010BD1A465B68F9
:1017E000002BCBD09C42F9D163685360C6E7131D30
:1017F0005268F0E7642600206826002010B5084CE7
:10180000206830B9BDE81040064B186001200DF08B
:10181000F1BD436890F871102360FFF787FFEFE791
:10182000642600206826002090F8743003F00B0333
:10183000013BDBB20A2B9ABF014AD05C0020704703
:10184000AED003001FB5014690F870308DF804301B
:10185000FFF7EAFFB1F862308DF80C00ADF8063002
:10186000B1F8643001AAADF80A30B1F86630074823
:10187000ADF80830B1F86C3040F20311ADF80E301D
:1018800019F047FD05B05DF804FB00BF18260020E5
:1018900007B590F870308DF8051001AA40F20721C5
:1018A00003488DF8043019F034FD03B05DF804FBF3
:1018B0001826002038B50A4B04461B680D462BB18C
:1018C00043699B0702D515F062F830B12A462068BB
:1018D0000421BDE8384016F0A3BBA3699D6138BD63
:1018E0006C260020014B1860704700BF6C2600205A
:1018F000024B1868003818BF012070476C26002082
:1019000013B50446019120B901A819F0CDFD21209D
:1019100012E008460029FAD019F032FE80B2002801
:10192000F2D0094B20461B6801994BB1984728B962
:1019300020460199FDF79CFF02B010BD0020FBE797
:1019400000F0E6FFF3E700BF6C26002073B5144DEE
:10195000144C6A68236802F0800103F002030B4311
:101960001BD053064CBF0126A67AFDF7D7FE019681
:10197000837983F00803C3F3C0030093E388A2884C
:10198000217A607A01F0B4F940B9236823F00203A8
:1019900023606B6823F080036B60002002B070BD91
:1019A000A02500207026002001210020054BA3F176
:1019B0000802C3E9000043F8081C4FF010135172ED
:1019C0005360704778260020014B187B704700BF9A
:1019D00070260020074BDA7A4AB95A7A82421FBF32
:1019E0001A68587242F002021A60FFF7AFBF002077
:1019F000704700BF70260020024BD87A003818BF0D
:101A0000012070477026002070B5224E716811F0D9
:101A100002013AD1204D2B68580706D5084601F03F
:101A20008DF92B6823F004032B602B68726803F098
:101A3000080302F00402134310D0FDF76FFE837910
:101A40001A071FD5FEF796FC0446C8B92B6823F089
:101A500008032B60736823F004037360FFF776FFBD
:101A6000044668B9EB7A5BB12B685B0708D40121A7
:101A7000084601F063F950B92B6843F004032B606A
:101A8000204670BDFEF75AFCDEE71124F8E7044655
:101A9000F6E700BFA02500207026002070B5124C8C
:101AA000257B637B22689D42B8BF1D469207E37A7F
:101AB000EEB201D4B34215D01BB10023E372FFF79D
:101AC000A3FFE67275B1094B93F82B30012B05D1BA
:101AD000236843F002032360FDF7C6FDBDE87040B4
:101AE000FFF792BF002070BD70260020A0250020C7
:101AF000022938B504460D4601D9212038BD14F01D
:101B00002BFE0028F9D00E4B1A7BB2B91A68D10708
:101B100042BF22F0010242F002021A60094A525DFD
:101B20001A735A7AA2421FBF1A685C7242F002020C
:101B30001A60BDE83840FFF7B1BF0220DEE700BF02
:101B400070260020B9D00300054A137B013B022B0D
:101B500003D800231373FFF7A1BF0020704700BF15
:101B600070260020032805D10A4A136843F00803B1
:101B7000136008E0012808D1064BDA7A42B11A68EE
:101B800042F008021A60FFF73FBF10F0FD0FEBD0E4
:101B900000207047702600200020094B10B55862C5
:101BA000FFF794FD04461CB9BDE81040FFF726BEC0
:101BB000204641F2160114F0E1FD6468F3E700BF2E
:101BC000A02500202DE9FF4791420E461546994673
:101BD000BDF830A0BDF83480BDF8387003D921209D
:101BE00004B0BDE8F08740F67A428B1F9BB2934267
:101BF000F5D8B5F5486FF2D8B9F5FA7FEFD240F6CF
:101C00007642AAF10A039BB29342E8D809F1010394
:101C10009BB26B43B3EB8A0FE1DAB845DFD8FF28FC
:101C20000BD1184BD9821D83A3F81A90A3F81CA0DE
:101C3000A3F81E801F840020D2E7FFF727FD04468B
:101C40000028CCD090F873302A46012B31464B4601
:101C5000CDE90187CDF800A008D100F0A1FF002850
:101C6000BED1A4F86880A4F86A70E4E700F098FF99
:101C70004B462A4631462046CDF800A016F0F0F932
:101C8000EDE700BFA0250020A0F11B03E02B10B55D
:101C9000044618D8042142F2240014F084F96FF0AD
:101CA0006F0343714223A0F8034083710748F8F79C
:101CB00013FD14F0BCF9407920B114F0B8F9407963
:101CC00040F4805010BD2120FCE700BF5D400300C0
:101CD0002DE9F0439946002387B00E9E324C3360C5
:101CE000636A07460D46904613B10223336012E043
:101CF00013F0E8FC074213D037EA000010D1012F9F
:101D000001D0042F0CD1284633464A46414614F0F0
:101D1000CFFD054630B90025284607B0BDE8F08361
:101D20002123E3E73846FFF755FE3060002831D124
:101D300094F82B30012B18D16368DB0715D4DFF83A
:101D40006C80404601F07CFA306018BB6368A06884
:101D500043F00403B8F80420636098F80630C5F82F
:101D60005A00A5F85E2085F86030FFF74DFE306020
:101D700080B9238C3A460493E38BFF210393A38B12
:101D800028460293638B0193238B0093E38A00F030
:101D900049FE3060336823B100212846FFF7C6FCB6
:101DA000B9E76562B8E700BFA0250020A82500209C
:101DB00037B504460D4614F008FD6988204614F036
:101DC00051FB6A7E2B7E204643EA0223A4F8623050
:101DD0006A7F2B7F43EA0223A4F86430EA7EAB7E5D
:101DE00043EA0223A4F866301B23A4F86C302D4B81
:101DF000DA8B1B8CA4F86820A4F86A30022384F8DC
:101E0000723014F0A9F9204616F012FA94F87330E3
:101E1000022B15D101F0ECF870B194F97530013353
:101E20000AD105212046A36843F48053A36003B080
:101E3000BDE8304014F020BD0021204614F015FB11
:101E40000021204600F02AFA4FF6FF73288C9842B2
:101E500025D000F0C3F9009400F0AEF96A46ADF861
:101E6000040040F20621104819F053FA002240F213
:101E70000221204619F009FA2046FFF7E3FC20462C
:101E800016F0E2F9204600F007FFA368012123F4D1
:101E900080432046A36014F0F7FC03B030BD00205F
:101EA000D9E700BFA025002018260020F7B504467A
:101EB0000F46164668465A79991D1D46FDF774FC73
:101EC0002CB969463046FFF795FB0446A0B140F2B5
:101ED000032384F87670A4F8723033682946C4F876
:101EE0005A30B3882046A4F85E30B37984F8603065
:101EF000FFF75EFF03B0F0BD032140F2064014F08F
:101F000052F86B88A0F803300D2343710148F8F7AD
:101F1000E3FBEFE7833D030007B590F870304FF423
:101F2000887101AA03488DF8043019F0F2F903B062
:101F30005DF804FB182600202DE9FF4103780446D4
:101F4000302B0E4639D006D8052B25D0082B41D092
:101F500004B0BDE8F0813E2BFAD183780C2B4BD82E
:101F6000022BF5D9033B092BF2D801A252F823F03A
:101F70000920020043210200511F0200511F0200EC
:101F8000DB200200511F0200511F0200511F0200FE
:101F9000511F02002F210200B0F80300FFF768FB79
:101FA00028B1617909B141F4805114F0E7FB304662
:101FB00004B0BDE8F04119F077BAB0F80300FFF7BC
:101FC00057FB0028F3D0A17809B141F4805114F0F7
:101FD0002EFCECE7B0F80300FFF74AFB0028E6D040
:101FE000627990F8743022B143F0010380F87430C4
:101FF000E9E703F0FE03F9E7212B00F0B780292B76
:102000001FD0202BD3D0A3E78088FFF731FB002817
:10201000CDD0E278002ACAD1E179A27942EA012240
:10202000A0F86220E17AA27A42EA0122A0F86420B4
:10203000227A617A42EA0122A0F86620FFF702FCC8
:10204000B5E7C778851C3C2F02D103F09BFFAEE7B4
:1020500090F80680B8F1000F23D1544A546AC2F8B0
:102060002480CFB12946204647F4805714F0ADFBB9
:10207000E76084F8728040F20121204601AACDE990
:10208000014719F046F9A368414643F480632046AE
:10209000A360FFF74BFB8AE729462046FFF788FE3F
:1020A00085E74FF6FF73408C98420BD000F096F80E
:1020B00040B1FDF733FB2B460246FF210020FFF71E
:1020C000F5FE74E73A4B223455F8042BA54243F849
:1020D000042BF9D12A881A8069E7B0F80300FFF7CA
:1020E000C7FA00283FF463AF40F20911B4F8053095
:1020F00090F87020A0F86C308DF80420ADF8063010
:10210000227AE37943EA0223ADF80830A27A637AAF
:1021100043EA0223ADF80A30227BE37A43EA022342
:10212000ADF80C3001AA234819F0F3F83FE7808896
:10213000FFF79EFA00283FF43AAFA179FFF7A8FB1A
:1021400035E78088FFF794FA00283FF430AF90F825
:1021500070300E218DF80430D4F8063001AACDF885
:102160000530D4F80A30CDF80930DCE78088FFF775
:102170007FFA00283FF41BAF90F870304FF40371E2
:102180008DF80430E37801AA8DF80530A3798DF835
:102190000630E3798DF80730237A8DF80830637ABA
:1021A0008DF80930A37A8DF80A30BCE7A02500200D
:1021B000CE2500201826002050B10C22064B1B68AB
:1021C000C31AB3FBF2F3807A40EA032080B270476F
:1021D0004FF6FF70704700BFB00B00200246094960
:1021E0000B7A0968FF2B01D10020704703EB4303F2
:1021F00001EB830031F82330C3F30B039342F4D097
:10220000C37AEFE7B00B002008B5054B054A1978F3
:10221000054819F061FCF722044B1A8008BD00BF85
:10222000382D0020BCD00300CC2C00200C0D002049
:1022300010B5044670B30068836CA34222D1636872
:1022400083642246144919F02CF804F10C0019F0AB
:102250004CF804F1440019F027F9FFF749FB58B195
:10226000A06948B1143019F01FF9A069183019F0AD
:102270001BF9A0690DF000FB2046BDE810400DF0F1
:10228000FBBA1346002BDCD05A68A242F9D162682F
:102290005A60D6E710BD00BF1F6A0300F8B50546B7
:1022A00048200E4619F01DFC2A4F0446387818B114
:1022B0004822214619F013FC8CB1FFF719FB98B1A5
:1022C0001C2019F00EFC0146A061387810B11C22C8
:1022D00019F005FCA3692BB920460DF0CDFA0024B6
:1022E0002046F8BD00221A700321284614F0BDF8DC
:1022F000AB6C22466360AC641723268100266381A1
:10230000154928462560267766640CF099FF03F08E
:1023100091FC3246014604F10C000CF091FF0223BF
:102320002374FFF7E5FA18B90C4B1B78002BD7D0B4
:102330000B4B19881729D3D9204614F025F900280A
:10234000CED11221204614F02FFB636943F0020323
:102350006361C5E7CC2C00201F6A0300CB2C002052
:102360000C0D0020F8B5054610B3002920DB114CF8
:102370002468247E8C421BDD3F2919DC032701F0F1
:10238000030600EBA10191F831407600B74002F05E
:10239000030224EA0704B240224381F8312013B13A
:1023A000002114F0BBFB2846BDE8F84014F013BC34
:1023B000F8BD00BF8826002070B5164600221A70AE
:1023C00032800A7A0D46072A4DD8DFE802F0040968
:1023D0000D111A1E304AE86830F8023B338043E0A2
:1023E000EB68981D5B88F9E7EB68981D9B88F5E71B
:1023F000697B14F0E0FB02221C4B188018463280E7
:1024000032E002231A4833802EE01A4C2B7BE889F5
:1024100023702B88E11C013363702B8801331B125E
:10242000A37000F0DBF90330308020461CE0124C32
:10243000A889EB89020AA3701B0A20706270E370FE
:1024400000F040FA58B1C3681A88022A07D19A7876
:102450002271DB78637106230748338004E004238C
:10246000FAE780221A70002070BD00BFE62C002021
:10247000CCD00300D32C0020CD2C0020054A064BE5
:102480001860136843F001031360828B034B1A80BA
:10249000704700BF8026002088260020C82B00201F
:1024A00000232DE9F04FDFF8C09191B0D9F800700A
:1024B000054617F00807CDE90633CDE908330AD001
:1024C000664B03F1100253F8041B934245F8041BBA
:1024D000F9D1002011E00320F3F7EAFB19F001FB2A
:1024E000804648B10620F3F7E3FB19F0FAFA0646F6
:1024F00030B940460DF0C0F91A2011B0BDE8F08F98
:10250000CDE90477F6F704FD044668B140460DF0C6
:10251000B3F930460DF0B0F940F20740214600F023
:102520000BFE40F20740E8E74FF4A0524C4BC6E9DF
:102530000323F369002B42D14FF4105333808023DF
:1025400010227380304604AB06A90FF0E8FF044662
:10255000A0B94046424A049910F0BFF8044668B951
:102560008346404BBAB21B68D98891422FD81022BB
:102570002946404605AB10F0CEF80446404610F020
:1025800036F840460DF078F9304610F026FA30461D
:102590000DF072F904980FF0C3FE002CBCD12F4B44
:1025A00005F1100255F8041B954243F8041BF9D1BC
:1025B000D9F8003043F00803C9F8003089E73B46FA
:1025C0003A464FF41051304610F013FAB7E71A6844
:1025D000BCB2210102EB04142046ADF80EB001910B
:1025E000009214F0E0FE8246204600F03FF930B33E
:1025F000DDE90021AAF5205080B2032802D9BAF5FE
:10260000245F1ED1525A00202146ADF828200DF13A
:102610000D030DF10E02ADF82AA0FFF7CDFEBDF8B7
:102620000E2001460BA818F004FDBDF80E20404610
:1026300004320AA910F054F8044600289ED101374C
:102640008FE70AF55640FF3080B20428F7D8525A77
:10265000ADF82AA0ADF82820E7E700BFE82C00205D
:102660000002C0038826002080260020134B01466C
:102670001B6870B513F0040306D00022104B1C68D1
:10268000E38990B2834209D80E4A14680022E58992
:1026900090B2854209D84FF6FF7005E0A56835F87D
:1026A000125001328D42ECD170BDA66836F812602E
:1026B00001328E42ECD1034498B2F5E78026002027
:1026C0008426002088260020094B1B685B070AD55A
:1026D000084B1A68D389834203D9936833F81000F2
:1026E0007047C01A80B2044B1B689B68F6E700BFB6
:1026F00080260020842600208826002038B5046823
:1027000005460C222046084918F05EFC50B902220A
:10271000064904F10E0018F057FC18B902200C34D9
:102720002C6038BD1020FCE7CFD00300DDD00300C3
:102730002DE9F743102801910BD0022804D04FF661
:10274000FF7003B0BDE8F083019B1888FFF78EFF90
:10275000F7E701A8FFF7D2FF0228F5D01028EED145
:102760001B4B019F1E6816F0040608D00024194B6D
:10277000D3F80080B8F81660A5B2AE421AD800258A
:10278000154BD3F80080B8F81690ACB24C45D6D2B1
:10279000D8F81000102200EB0510394618F014FC90
:1027A00001350028F1D1A0196FEA40406FEA50408E
:1027B00080B2C6E7D8F81000102200EB04103946AA
:1027C00018F002FC01340028D6D145F40040B8E7E7
:1027D000802600208426002088260020020408B5D8
:1027E0001DD5124BC0F30E001B685B0713D5104BB1
:1027F0001A68D38A98420CD2136903EB001000F1D7
:10280000100350F8042B984241F8042BF9D1102002
:1028100008BDC01A80B2074B1B681B69EDE7FFF7C4
:1028200053FF0870000A48700220F1E7802600205C
:10283000842600208826002070B5044642F6030650
:10284000094B1B681D68A5420AD2204629B914F01D
:10285000AAFDB04206D1103402E014F0AEFD08B17A
:10286000204670BD103CEEE788260020437ADA0748
:1028700002D5C3F380007047034BC2881B881A42FD
:1028800014BF012000207047C82B00200A4B1B6892
:10289000DB0708D570B1094B1B68DB88834234BF66
:1028A00000200120704728B1054B1B88834294BF4C
:1028B00000200120704700BF8026002088260020CD
:1028C000CA2B002070B50246FFF7E0FFE8B10F4BBE
:1028D0001968CD88954209D302F180500B68013800
:1028E000040103EB00101B5B93420ED0002398B24F
:1028F000854201D8002008E00E681C01345B06EB1D
:102900000310944203F10103F1D170BD8826002029
:1029100037B58B790A460C33CD180191C95C044652
:1029200011F0010329D01D290AD101211E2013F025
:10293000CDFD0146204613F021FE012003B030BD3D
:10294000032916D10E4BB5F801201B88418993420B
:1029500028BF1346172BB8BF1723438113F0F9FF85
:10296000636940F2094123F002032046636114F0D9
:1029700018F801A818F098FDDFE71846DEE700BF59
:102980000C0D002030B585B0054614F021FD04463D
:10299000A8B9AB690B4A01215A604FF42053ADF836
:1029A0000C3002234FF6FF720093284603AB17F05A
:1029B00024F8044618B90121284613F0F5FF2046F3
:1029C00005B030BD0100FFFF38B5124B04461B882F
:1029D00042898B4228BF0B46172BB8BF17231146DD
:1029E000438113F0B6FF636923F002036361A369B7
:1029F0009D693DB10022294620469A61BDE83840D4
:102A0000FEF758BF40F20941204613F0CAFFA36900
:102A10001D7038BD0C0D00200148FEF763BF00BFDC
:102A2000556002002DE9FF41044600200D4617467F
:102A3000984618F0CCFE0646002859D04FF0C8132F
:102A4000ADF804804FF000080093BDF82830ADF8D1
:102A50000630BDF82C30ADF80830BDF83030ADF898
:102A60000A30BDF83430ADF80C30BDF83830ADF870
:102A70000E3047FA08F3DB0704D5102269463046CA
:102A800018F0F5FC08F10108B8F1030FF1D1324656
:102A90000C2142F2850013F09BFA00230571FF2DF3
:102AA00018BF94F876508773C570437194F86030FE
:102AB00083F00803C3F3C003837194F8523083F0AA
:102AC0000803C3F3C003C371E36C8360B4F85030F0
:102AD00083810848F7F700FE13F0A9FA807820B147
:102AE00013F0A5FA807840F4805004B0BDE8F0817E
:102AF0001A20FAE79F3E030008B5002142F20E00BB
:102B000013F051FABDE808400148F7F7E5BD00BFF2
:102B10006F3E030038B590F872300446032B15461B
:102B200006D1FFF7E9FF0123002084F8723019E095
:102B3000C9B9012B2DD9032140F2064013F033FA15
:102B4000B4F86E304571A0F803301348F7F7C4FDB0
:102B500013F06DFA8378002BE5D013F068FA8078D3
:102B600040F4805038BDA3B102214FF6044013F069
:102B70001AFAB4F86E30A0F803300848F7F7ACFD45
:102B800013F055FA4379002BCDD013F050FA407969
:102B9000E6E70220E6E700BF833D0300B93D0300FE
:102BA000F8B507460E4642F213000E2115461C46A4
:102BB00013F0F9F9B7F86E30A0F80560A0F803300B
:102BC000BDF81830A0F80750A0F80B30BDF81C3045
:102BD000A0F80940A0F80D30BDF82030A0F80F3063
:102BE0000648F7F779FD13F022FA807820B113F048
:102BF0001EFA807840F48050F8BD00BFFB3D030012
:102C0000F8B507460D4642F219001C211C4616462F
:102C100013F0C9F9B7F86E300F3020F80C3C2B6870
:102C200004F1100240F80A3C6B6820F8026C40F88E
:102C3000063C234653F8041B934240F8041BF9D189
:102C40000648F7F749FD13F0F2F9807820B113F048
:102C5000EEF9807840F48050F8BD00BFAB3C030033
:102C600070B506460D4642F27A000421144613F070
:102C70009AF9A0F80360457184710648F7F72CFDB6
:102C800013F0D5F9407920B113F0D1F9407940F42F
:102C9000805070BDB943030010B50446022142F2D2
:102CA000300013F080F9B4F86E30A0F803300F480C
:102CB000F7F712FD13F0BBF9437963B913F0B7F9D5
:102CC000C088FEF7D5FC044628B113F0B0F9017AAC
:102CD0002046FEF7DDFD13F0AAF9407920B113F08C
:102CE000A6F9407940F4805010BD00BF49A801000A
:102CF000F8B507460E4642F24100082115461C462B
:102D000013F051F99DF818304771C3709DF81C30CD
:102D100086710371A0F80750A0F809400648F7F73C
:102D2000DBFC13F084F9407920B113F080F940798D
:102D300040F48050F8BD00BF41A7010038B50546FA
:102D40000C4642F24200062113F02DF90023C57013
:102D500043718371C371037204710648F7F7BCFCB9
:102D600013F065F9407920B113F061F9407940F42E
:102D7000805038BD99A70100044B18780130C0B2CB
:102D8000012838BF01201870704700BF8C26002032
:102D90000148FDF721BA00BF9D2D02002DE9F04F3B
:102DA000867987B00C3605900546805BC0F30B0032
:102DB000FEF75EFC044618B905A818F075FB4EE056
:102DC00090F87230022BF7D1AB5B059AC3F30B017D
:102DD00003F44053B3F5805F9060A95342D1537917
:102DE0006FF300035371836B002BE5D0042105A81A
:102DF00004F1380618F03FFC3046059918F022FC23
:102E0000A06B002301465A1CA9BBDBB2012B01D9E0
:102E100018F089FCA06B18F0B3FB03281FD9D4F875
:102E20003890484699F8067018F0AAFB0C3709EB61
:102E3000070539F80770A0F10408474522D9524F19
:102E4000D4F838A007F1100957F804BB534642469E
:102E500029462046D8474F4510D00028F4D007B067
:102E6000BDE8F08F383018F01FFB059A537943F016
:102E700001035371BAE713460968C4E70028EED18D
:102E800030469AE7A06B18F07BFB04378742F7D3F4
:102E90006988A1F140033F2B0BD80421304618F07C
:102EA000EAFB2046A26B698815F040F90023A36372
:102EB000D5E705290BD0062961D00429E0D1304699
:102EC00018F0D9FBA16BA06CFEF71AFDEEE72946BE
:102ED000204615F029F902460028D1D12B79122B72
:102EE00006D0132B36D02046697915F0F5F8C7E7E0
:102EF00094F87330022BF6D040F67A4029898B1F64
:102F00009BB2834224D86A89931F9BB283421FD805
:102F100091421DD8AB89B3F5FA7F19D240F6764CB1
:102F2000EF89A7F10A0080B2604511D8B4F86A00B1
:102F30000290B4F86800CDE900702046FFF730FE3B
:102F4000021E18BF01222046697915F045F897E75F
:102F50000122F8E794F87330012B03D120466979F8
:102F600015F0BAF8A3681A048AD523F40043A360C5
:102F70002B89012B84D12046FEF7CEFF80E7204627
:102F8000A16B15F053F991E7E0D003000C4B01461B
:102F90001A789AB95B689B0710D490F975200132B2
:102FA00018BF012291F8523013F0400005D091F87B
:102FB000600010F0400018BFD0B270470122F1E766
:102FC00094260020024B586800F00200704700BFB2
:102FD00094260020024B586800F00800704700BF9C
:102FE00094260020014B1B68184700BFBC0B002033
:102FF00008B512F005FB022817BF034B00205868E4
:1030000000F0100008BD00BF9426002007B502465E
:103010000846042802F0010113D9B1B903200C4B72
:103020005A6002F08003019302F04003009302F023
:10303000200302F0040200F05FFB002003B05DF803
:1030400004FB0029EBD00328E9D12120F6E700BFDB
:103050009426002038B50D490D480CF01DFC04469F
:10306000054688B90B4B0C4A1A600C4A5A600C4A48
:103070009A600C4ADA6000F091FB0321044628466E
:10308000FFF7C4FF084B1D70204638BDEFBEADDE14
:10309000BEBAFECABC0B0020ED3602001986030042
:1030A00039370200C54E02009426002038B5044688
:1030B00003200CF0C3FB0546D0B194F870300370C8
:1030C00094F8753043702046FEF7AEFB2A46A87090
:1030D00040F20261074818F0D8F8074B2046DB6839
:1030E0000121984794F97500BDE83840FBF788BF87
:1030F00038BD00BF18260020BC0B002070B5054667
:1031000008200E460CF09AFB044680B195F870300A
:1031100000210370064B4660DB682846984722462C
:10312000BDE8704040F20161024818F0AEB870BDD1
:10313000BC0B00201826002038B5054608200C4698
:103140000CF07CFB024638B1C0E90054BDE83840C1
:103150000D21024818F099B838BD00BF182600208C
:1031600038B5054608200C460CF068FB024650B105
:1031700095F8703040F20561037044600248BDE884
:10318000384018F082B838BD1826002013B5044620
:103190000191114612B301A904200CF08DFB019B93
:1031A000104A2046B3FBF2F102FB113345F218023C
:1031B0000021019301AB15F08EF908200CF03EFBC5
:1031C000024648B194F8703040F204610370019BEC
:1031D0004360054818F059F802B010BD45F21802D6
:1031E00001ABE8E740420F001826002010B5044666
:1031F00001200CF023FB024648B194F8703040F2F5
:1032000003610370BDE81040014818F03EB810BDDE
:103210001826002038B5054608200C460CF00EFB99
:10322000024650B195F8703040F207610370446077
:103230000248BDE8384018F028B838BD18260020EC
:10324000014B5B68184700BFBC0B002010B50F4C4A
:103250002368D3B10022D3F8A0001A7783F83D2069
:1032600083F85E200FF05CF820684421603018F08D
:10327000FCFB206821211D3018F0F7FB206821217C
:10328000BDE810403E3018F0F0BB10BD9C26002079
:1032900000F0C003402B07D1094B1B6873B100F04D
:1032A0003F0053F820007047802B01D1054BF4E715
:1032B000054A0648C02B08BF1046704703487047B0
:1032C000A4260020A02600201B870300B93B020093
:1032D0002DE9F0438BB006AC8846154603462646DA
:1032E00000F11007224618685968083303C2BB4230
:1032F0001446F7D11021304618F0A9FB0023062010
:103300000593F2F7D5FC18F0ECFB044648B3DFF860
:1033100080904FF4807114F0DBFF4FF41051C0F82F
:10332000109015F0E3F880231027638005AB284642
:10333000029332463B464946CDE90087F5F722FD28
:103340000546F0B93946404618F081FB394630460B
:1033500018F08BFB20460FF040FB20460CF08CFA57
:103360000BE06FF08C0140F20740FFF7E5FE102103
:10337000304618F07AFB6FF08C0528460BB0BDE89C
:10338000F083014640F20740FFF7D6FEDEE700BFBC
:10339000004440042DE9F0439846002387B00446DA
:1033A00006200E461746CDE90433F2F781FC18F0EB
:1033B00098FB054660B3DFF884904FF4805114F019
:1033C00087FF4FF41051C0F8109015F08FF880234C
:1033D00021466B801022284604AB0FF0A0F804466B
:1033E00028BB05AB029310233246CDE90083494642
:1033F0003B4604980FF0C0F90446C0B904980EF09B
:103400008FFF28460FF0E9FA28460CF035FA0AE05B
:103410006FF08C0140F20740FFF78EFE04980EF02B
:103420007FFF6FF08C04204607B0BDE8F083214693
:1034300040F20740FFF780FEE0E700BF0002C00354
:1034400070B50E460446154692B0202230464349D8
:1034500017F0BAFD68B920222846414917F0B4FD9B
:1034600038B9404B1B681B7D002B63D040F20340F2
:103470001BE0246C2022304604F1510117F0A4FD1A
:1034800038B92022284604F1710117F09DFD00286B
:10349000ECD00620F2F70CFC18F023FB044630B900
:1034A00001461A20FFF748FE1A2012B070BD002313
:1034B0004FF48041009314F00BFF2B4B44F2121198
:1034C000036115F013F84FF48073638004233046D2
:1034D0008DF8043006F120020DF1050350F8041BAD
:1034E000904243F8041BF9D10DF10500202118F09A
:1034F000AEFA28460DF1250305F1200250F8041B11
:10350000904243F8041BF9D120210DF1250018F059
:103510009EFA01A96B46412220460FF000F80146B1
:1035200050B920460FF059FA20460CF0A5F9009842
:103530000EF0F6FE0020B8E710F1870F03D040F23E
:103540000740FFF7F9FD20460FF047FA20460CF040
:1035500093F900980EF0E4FE88E700BF04D2030060
:10356000E4D103009C260020000002092DE9FF4160
:10357000044606208846F2F79BFB18F0B2FA05468F
:1035800048B901461A20FFF7D7FD6FF08C0420469A
:1035900004B0BDE8F0814FF4807114F099FE184B2F
:1035A0004FF41051036114F0A1FF22466C468023B2
:1035B00027466B8002F110032646106851680832D6
:1035C00003C69A423446F7D11021384618F03FFA24
:1035D00043461022394628460EF0A1FF044620B18A
:1035E000014640F20740FFF7A7FD1021384618F0CA
:1035F0003CFA28460FF0F1F928460CF03DF9C6E7F1
:1036000000444004FF282DE9F74318BF344C81469D
:1036100018BF44EA00244FF006000F46164608BFC4
:10362000304CF2F745FB18F05CFA8046002852D087
:10363000014620460EF088FE054640460FF0CDF9C3
:1036400040460CF019F915F1880F40D1B9F1FF0F80
:103650003FD10620F2F72CFB18F043FA044658B984
:1036600001461A20FFF768FD002005463C6006B1C0
:10367000356003B0BDE8F08300231A4A0193436824
:103680008260DAB222B923F0FF0343F00103436002
:10369000204640F2011114F01BFE134B4FF4105161
:1036A000236114F023FF802301A9204663800FF0DB
:1036B000D2F8014618B140F20740FFF73DFD204621
:1036C0000FF08BF920460CF0D7F8019CCCE7002DC9
:1036D000CAD02120CBE71A206FF08C05C7E700BFC6
:1036E000068004003700040000444004014B1B68BE
:1036F000187A70479C260020003918BF0121003B32
:1037000018BF012310B50B4C003A246818BF0122E2
:10371000A3749DF808302070003B18BF0123E374A8
:103720009DF80C302174003B18BF0123627423758F
:1037300010BD00BF9C26002001280AD002280ED010
:1037400098B90B4B1A68936943F001030020936109
:103750007047074B1A68936943F00203F6E7044B7E
:103760001A68936943F00403F0E72120704700BF13
:103770009C260020024B034A00201A60704700BFBD
:10378000A4260020A0D10300024B034A00201A60A7
:10379000704700BFA026002078D1030010B5194C57
:1037A000236833B9A42018F09CF9206038B91A2492
:1037B00026E0FFF74BFDA421206818F056F90322FC
:1037C0004FF0FF31236810481A70D9600022102191
:1037D0001A77197283F83D200C4983F85E201A820B
:1037E0009A749A610BF02CFD044648B9F5F790FBEA
:1037F00030B122460549044817F053FD40F2074412
:10380000204610BD9C260020A826002047840300E7
:103810002DE9F04383680446590687B040F1B18032
:1038200023F04003836014F01BFE802802D0402860
:1038300040F0AA8094F9758004F13409B8F1FF3F93
:103840001DD111F0DDFE022871D0636B04201A88AF
:103850008DF808201A4632F8021B090A8DF8091063
:10386000D3F8023002A9CDF80A3053680A22CDF805
:103870000E30FBF753FBB0F1FF3F804657D0A568F1
:1038800015F4807553D10620F2F712FA18F029F9D1
:10389000074698B901461A20FFF74EFC204641F230
:1038A0000601FFF72BFC20460021FCF77FFD04F109
:1038B000340007B0BDE8F04314F02FBE204614F0EA
:1038C000CFFD802828D1494D394645EA08252846AC
:1038D0000EF03AFD064638460FF07FF816F1880FD5
:1038E0001BD1434D394645EA082528460EF02CFDEC
:1038F000064638460FF071F838460BF0BDFF96B912
:10390000606B2A4602A90A30FFF7E2FC70B310216F
:1039100002A818F0AAF8C1E72E46204614F0A0FD30
:103920004028E9D1DDE7314640F20740B4E794F89A
:103930007430DA0702D4A368DB05AFD5002301A9F0
:1039400004F118000193FFF711FE18B101980EF071
:10395000E7FCA3E7606B019A02A90A30FFF7B8FC05
:10396000054601980EF0DCFC002DD0D1204602A9BE
:10397000FCF71CFD02A8102118F077F8484614F057
:10398000CCFD07B0BDE8F083636B1A88002A85D1AF
:10399000882801D04B2881D10022013313F8011F60
:1039A00000297FF47BAF0132082AF7D1206C019106
:1039B00000F5987001A9FFF7D9FD0028C6D1606B0A
:1039C000019A02A90A30FFF783FC054601980EF020
:1039D000A7FC002D9BD1204602A9FCF7E7FC02A81A
:1039E000102118F042F804F13400C8E70580040003
:1039F000038004002DE9F043804693B006200F4673
:103A000016469946F2F754F918F06BF8054648B98E
:103A100001461A20FFF790FB6FF08C04204613B08C
:103A2000BDE8F0834FF4804114F052FC5D4B47F247
:103A30001211036114F05AFD4FF480736B805A4BDE
:103A40001A68137F022B21D102F1600302F1800179
:103A500053F8040B8B4247F8040BF9D102F1A00193
:103A600053F8040B8B4246F8040BF9D1D2F8A0307E
:103A70002846C9F800300EF0B0FF28460BF0FCFED7
:103A8000B8F1000F40F086800024C7E79369DB0798
:103A90002DD5464B03F1200253F8041B934247F8FF
:103AA000041BF9D1424B03F1200253F8041B93424B
:103AB00046F8041BF9D14B4620223E4928460EF019
:103AC0002EFD044628460EF088FF28460BF0D4FE53
:103AD000002CD5D0214640F20740FFF72DFBB8F16E
:103AE000000F9BD00821404614F0F5FD96E74946AB
:103AF00028460EF0B0FE044690B1014640F2074061
:103B0000FFF71AFBB8F1000F03D00821404614F06C
:103B1000E2FD28460EF061FF28460BF0ADFE7DE782
:103B20006B46412201A9D9F800000EF0BEFC044604
:103B300028460EF052FF28460BF09EFE4CB121465F
:103B400040F20740FFF7F8FAD9F800000EF0E8FB62
:103B5000C5E73A460DF105030DF1250153F8040BB5
:103B60008B4242F8040BF9D132460DF1450153F86E
:103B7000040B8B4242F8040BF9D101A8412117F044
:103B800074FF3846202117F062FF2021304617F0DD
:103B90005EFF75E7002245F21601404614F08BFCEB
:103BA00072E700BF000002099C260020F0D003004D
:103BB00011D1030024D2030045F20603994210B547
:103BC00004463CD00DD840F2032399421AD045F266
:103BD0000203994211D040F20123994212D04820A9
:103BE0002CE045F2170399423AD045F21A03994264
:103BF0001CD045F20C039942F1D10521204614F066
:103C00006AFD1AE0174894F8701017F01FFB94F83B
:103C100073304FF4A041012B14BF80204020FFF7E8
:103C200037FB0022034620469847D8E7C02114F00E
:103C300027FC07212046FFF761FA002010BD937989
:103C40001A44517C41F49051FFF758FA94F87330BC
:103C50002046012B14BF8021402114F011FCECE719
:103C60000220EBE7A8260020B1F5A04F2DE9F34193
:103C70000546144600F03681A1F5A043DE1F042E50
:103C800000F237819279083B0C321444026C92F8AE
:103C90005021032B05D8DFE813F047009400C5003E
:103CA0002201D10740F1BC800534102221469348FF
:103CB00017F08AF9002800F09D8011F0A1FC02287D
:103CC000286C27D02246032190F95E01FBF7C0F84B
:103CD0000026074611F094FC022812D195F87330A3
:103CE000012B0ED1234605F1180204F1100153F8FF
:103CF000040B8B4242F8040BF9D1AB6843F4807398
:103D0000AB601021204617F0B0FE002E6DD00021D0
:103D100030462FE023461022032190F95E0111F076
:103D200071FC00270646D5E712F0010778D011F0A4
:103D300067FC022821D02B6C062093F95E81F1F7F5
:103D4000B7FF17F0CEFE064608B91A26DFE7014690
:103D50006B4840EA08200EF0F7FA804630460EF035
:103D60003CFE30460BF088FDB8F1000F05D041460F
:103D700040F20740FFF7E0F938E0286C04F105084D
:103D800043460A22022190F95E0111F03BFCD4F86F
:103D900005300646AB62D4F80930EB62B4F80D305A
:103DA0002B860028B3D12A6C92F8503123EA0703FE
:103DB00082F85031284614F04CFD002002B0BDE8D6
:103DC000F08192072CD511F01BFC022804F10504A8
:103DD000286C16D00621224690F95E01FBF738F8D0
:103DE00010210746204617F040FECFB10821284693
:103DF00014F071FC2846082114F06DFC40F20340D9
:103E0000DCE706212346102290F95E0111F0FAFB4F
:103E100006461021204617F028FE002E7FF477AFCB
:103E20000027C0E79307FBD511F0EAFB02281AD060
:103E30002B6C062093F95E71F1F73AFF17F051FEF3
:103E40000646002881D001462E4840EA07200EF0A1
:103E50007BFA074630460EF0C0FD30460BF00CFDF5
:103E60000FB1394684E7617989B90A46631D13F8B1
:103E7000010F60B90132062AF9D195F85210286C69
:103E800081F0080105F14C03C1F3C00106E00039DF
:103E90004FF0060218BF0121286CA31D90F95E01A6
:103EA00011F0B0FB2A6C0646D2F8583143F04003BB
:103EB000C2F858316389D4F80600ADF8043063794C
:103EC0000090002B0CBF4923722368468DF8063002
:103ED00012F01AF9002E7FF41AAF022763E702F0FE
:103EE000040760E714F01BFA00222B6C83F85C21B6
:103EF00060E702B0BDE8F041FFF75EBED4D1030039
:103F00000380040006800400F0B5B1F5A04F05461B
:103F10008DB008D045F21304A14244D00DB0BDE8E5
:103F2000F040FFF749BE0023046CCDE90833CDE92A
:103F30000A3394F85D310DF1200C042B2CD11F4B6A
:103F40001B6893F85E205AB1674603F13E024E3378
:103F50003E4610685168083203C69A423746F7D188
:103F600004F58473069305F15303059305F15A0391
:103F70000493237928460393637904F1C8020293DA
:103F8000A37904F1F801CDE900C304F1B80314F0FA
:103F9000E7FE00200DB0F0BD013B022B9CBFD4F822
:103FA0002C310893DCE7016C01F5847114F0D3F92E
:103FB0004A21284614F064FAEBE700BF9C26002053
:103FC000F0B545F20E06B142044613468DB00BD053
:103FD00045F21303994260D0B1F5A04F77D114F0A8
:103FE0009EF900200DB0F0BD9979026C0C310B44A4
:103FF000591D02F58C72153351F8040B994242F8A1
:10400000040BF9D1256C102205F58C7105F584702F
:1040100016F0DAFF20B90B21204614F05CFBE0E734
:104020000023CDE90833CDE90A3395F85D310DF170
:10403000200C042B2AD1284B1B6893F83D205AB141
:10404000674603F11D022D333E4610685168083261
:1040500003C69A423746F7D105F5A073069304F1DB
:104060005A03059304F153030493EB7A2046039318
:104070002B7B05F1B80202936B7B05F1F801CDE9CA
:1040800000C305F1C80314F06BFEAAE7013B022B45
:104090009CBFD5F82C310893DEE7056C102205F59E
:1040A000A07105F58C7016F08FFF0028B3D1D5F8FC
:1040B00058314B219B0748BF94F87430204644BFC9
:1040C00043F0020384F8743014F0DAF989E70DB094
:1040D000BDE8F040FFF770BD9C26002073B545F2A7
:1040E0001406B14204461AD045F21906B14221D055
:1040F000B1F5A04F28D114F012F9216C204601F53A
:104100009473019301F1B803009301F1110201F1DD
:10411000C803513114F0C5FE002002B070BD036C1D
:10412000D3F828210B4BB2FBF3F103FB1121FFF76E
:1041300017F8F1E713781BB90C2114F0CCFAEBE770
:10414000492114F09DF9E7E702B0BDE87040FFF7A0
:1041500033BD00BF40420F002DE9F04F97B0154628
:10416000DDE9209804AA06468C4692461C46524B2E
:10417000229F03F1100B9646186859680833AEE881
:1041800003005B457246F6D16B46202261465046DD
:10419000FFF700F98346002871D1484B05F1100262
:1041A000089365238DF824300DF12503184655F842
:1041B000041B954243F8041BF9D1102117F047FC6A
:1041C0000DF13503184604F1100254F8041B944213
:1041D00043F8041BF9D1102117F039FC99F8063087
:1041E000062183F00803C3F3C0038DF84530D9F8E6
:1041F00000300DF14600CDF84630B9F80430012406
:10420000ADF84A3017F023FC98F80630062183F009
:104210000803C3F3C0038DF84C30D8F800300DF11B
:104220004D00CDF84D30B8F80430ADF8513017F0EE
:104230000EFC002335228DF854306846239B08A9D4
:104240008DF85340FFF7A6F88346C0B91021239894
:1042500017F0FDFB3B463522684608A98DF8204043
:10426000FFF798F8834650B9B27C0146C2F11002BC
:10427000384616F0D3FE1021384617F0E8FB10211F
:10428000684617F0F2FB352108A817F0EEFB102165
:10429000504617F0EAFBBBF1000F06D0082130466C
:1042A00014F019FA17B0BDE8F08F5A4645F2120122
:1042B000304614F000F9F5E732D103000062746C67
:1042C00070B51E460423054696B014468DF814308A
:1042D00001F120020DF1150351F8040B914243F84E
:1042E000040BF9D120210DF1150017F0B0FB224687
:1042F0000DF1350304F1200152F8040B8A4243F812
:10430000040BF9D120210DF1350017F0A0FB04AB0F
:104310000293202301931A9B314600930E484123B8
:1043200005AA0EF036FA0446412105A817F09DFBB8
:1043300054B1214640F20740FEF7FEFE0821284610
:1043400014F0C9F916B070BD224645F21501284691
:1043500014F0B1F8F6E700BF0000020945F20D03C2
:104360009942F7B5044627D00DD8B1F5A04F1DD01E
:1043700045F20403994200F08F80204603B0BDE867
:10438000F040FFF719BC45F21103994200F0A680F6
:1043900045F215039942F0D1006C90F85D31052B80
:1043A00006D8DFE803F0503A423A555013F0B7FF11
:1043B0000027384603B0F0BD93790C331A44561DDC
:1043C00002F125052A463146FFF73AF8074620B1A3
:1043D0000B21204614F07FF9EBE73146236C1133B3
:1043E00051F8042BA94243F8042BF9D1236C01F1B5
:1043F0002002313351F8040B914243F8040BF9D1F8
:10440000216C204601F1D8030093D1F8943001F1DA
:1044100031021131FFF754FFCAE72046452114F05D
:104420002FF82046FEF7E2FEC2E72046452114F0B1
:1044300027F8364B20461B68D9684B1C5A425A4114
:10444000FEF7A4FEB4E74621204614F019F8AFE7C2
:104450002E4B1B6893F85E5065B1002100F11102EC
:1044600000F5A07001900091204611463E3314F0F3
:1044700080F99DE71021C83014F045F800283DD0A0
:104480000821204614F027F9294640F20740FEF79C
:1044900053FE40F207478CE79179036C0C310A44D4
:1044A000511DA833153251F8040B914243F8040B07
:1044B000F9D1256C102205F1A80105F1980016F03C
:1044C00083FD20B90421204614F005F970E7D5F8E2
:1044D000583143F00103C5F8583169E70B4B056CBF
:1044E000196810224E3105F5A07016F06DFD0028F8
:1044F000E8D1102105F1C80014F005F8216C204620
:10450000C83113F044FF47219EE700BF9C260020DE
:10451000F8B545F216039942044600F062810BD8C3
:10452000B1F5A04F0ED045F2030399420ED02046BC
:10453000BDE8F840FFF740BB45F217039942F6D1BA
:10454000022002E013F0EBFE0020F8BD9379056C29
:104550000C33D618F379DF0708D4FEF733FD28B102
:104560000521204614F0B7F82120EEE79F4F327A5C
:104570003B681B7A9A4201D20621F2E7D6F8053051
:10458000C5F80B30B6F80930A5F80F300223AB722E
:1045900094F9523094F85210002BB2BF012381F0ED
:1045A0000803C3F3C003AB7094F8603083F00803D2
:1045B000C3F3C0036B70337A102B28BF1023A3748E
:1045C000F379D8072BD5AB79DA0728D5737A2A7A0D
:1045D000134085F85131B37A6A7A134085F8503127
:1045E00095F95E3101331ED0206C90F850319B0755
:1045F00019D481F00801062290F95E0104F14C0300
:10460000C1F3C00110F0FEFF68B140F21B4120462B
:10461000FEF774FDA3685907A6D50821A1E700237A
:1046200085F85131DAE73B68F079597C00F00802EF
:1046300029B112B1AA79120703D4032191E7002A04
:1046400079D0AA79110776D5D5F8581141F004012F
:10465000C5F85811B5F8501121F4807121F001010D
:10466000A5F8501193F81CC0B179BCF1020F02D02B
:1046700019B3022175E789B1012283F83D20DA7C64
:10468000B2B9042285F85D21A27C0F2A27D994F8BB
:10469000742042F0080284F8742020E093F85E2031
:1046A000002AE6D0DA7C83F83D10002AE1D1E8E761
:1046B00093F85E20002AE4D1DBE7024312F0040203
:1046C0003FD072794A49052A28BF0322187802EBA5
:1046D00082020A44125C85F85D21002AD4D1197C3B
:1046E00095F85D2109B1002AA7D0206C042A00F5B5
:1046F00098703AD103F11D022D3352F8041B9A42EF
:1047000040F8041BF9D1D5F8583195F85D2103F034
:1047100004017ABB23F00203C5F85831E274002982
:104720005AD0216C204601F1940301F171025131FC
:10473000FFF760F908E71A7F012A05D1B2791AB1AB
:10474000042285F85D21CAE7420703D4AA7912F052
:104750000402F6D072792749052A28BF0322187867
:1047600002EB82020A44125CEBE71022002116F0F1
:1047700055FCC8E743F00203C5F8583149B9012395
:10478000013AE374032A3FF6DFAEDFE802F01018C7
:104790001025A37C0F2B89BF94F87430012343F0BC
:1047A000080384F8743088BF0223E374B9E7204615
:1047B000452113F065FE2046FEF718FDC4E62046AD
:1047C000452113F05DFE3B682046D9684B1C5A42D8
:1047D0005A41FEF7DBFCB7E64321204613F050FEBA
:1047E000B2E613F00CFE4221F7E700BF9C26002042
:1047F00043D103005CD10300F8B50446FEF7C6FBC5
:10480000266C054628B394F975305F1C0BD086F8EA
:104810005E31FEF7D7FB0721012013F090FD024621
:1048200018BB1A2111E02046FAF7D2FC86F85E0187
:10483000236C93F95E310133EBD1FEF7C3FB90B1EA
:10484000A3685D0709D441F205212046FEF756FC16
:1048500007E0FF2386F85E31EFE70521204613F0DD
:104860003AFF0020F8BD0025D5E73249867909686E
:104870000C3691F800C0831983F801C091F81CE050
:10488000281E18BF0120BEF1010F0DD183F802E0F0
:10489000D870487C00B3D87800071DD4A3685B07A4
:1048A000DBD441F20321D0E78F69BEF1020F07F09C
:1048B00002070ED191F85EE0BEF1000F09D04FF073
:1048C000010E83F802E0D870002FE2D140F008001A
:1048D000DEE74FF0000EF4E7BCF1030F07D00969E3
:1048E00011F0FF1F1EBFD97841F00401D97094F870
:1048F00074108F0708D5D978480705D4BCF1030F89
:10490000CFD041F00401D970002D18BF032510212C
:104910005D7119719D71216C9059C1F803009888DF
:10492000A1F807009B7920464B72062113F078FB13
:10493000012097E79C260020F0B545F20E06B14213
:10494000044615468DB00ED045F21306B1425CD038
:10495000B1F5A04F40F0BD8013F0E1FC236CD3F81B
:104960005831190757D5236CD3F8582112070CD4A6
:10497000AA7903F584730C3215446A1D153552F873
:10498000041BAA4243F8041BF9D10023256CCDE98E
:104990000833CDE90A3385F85C3195F85D310DF1C6
:1049A000200C042B2AD14D4B1B6893F83D205AB1A3
:1049B000674603F11D022D333E46106851680832E8
:1049C00003C69A423746F7D105F5A073069304F162
:1049D0005A03059304F1530304932B7905F1C8029C
:1049E00003936B790293AB79CDE900C305F1B8036A
:1049F000204605F1F80114F0B3F90CE0013B022B5D
:104A00009CBFD5F82C310893DEE7056C95F85C3136
:104A100023B1012B54D000200DB0F0BD102205F5BC
:104A2000A07105F5847016F0CFFA20B10B21204655
:104A300013F051FEEFE7D5F858310DF1200C9B072C
:104A400042BF94F8743043F0020384F874300123B9
:104A500085F85C310023CDE90833CDE90A3395F8B8
:104A60005D31042B25D11D4B1B6893F85E205AB194
:104A7000674603F13E024E333E46106851680832E5
:104A800003C69A423746F7D105F58C73069304F1B5
:104A90005303059304F15A030493EB7A05F1B8022A
:104AA00003932B7B02936B7BCDE900C305F1C80315
:104AB0009EE7013B022B9CBFD5F82C310893E3E71E
:104AC00005F58C7113F047FC8821204613F0D8FCC3
:104AD000A1E70DB0BDE8F040FFF76EB89C260020BE
:104AE00045F21403994213B504462BD00CD8B1F506
:104AF000A04F13D045F20E03994232D0204602B0A7
:104B0000BDE81040FFF758B845F219039942F5D1B6
:104B1000137813BB0C2113F0DEFD10E013F0FFFB44
:104B2000216C204601F59473019301F1B8030093C1
:104B300001F1510201F1C803113114F0B2F9002062
:104B400002B010BD036CD3F82821114BB2FBF3F176
:104B500003FB1121FEF704FBF1E7872113F090FC22
:104B6000EDE79179036C0C310A44511D03F5847310
:104B7000153251F8040B914243F8040BF9D1226C21
:104B8000D2F8583143F00803C2F85831D7E700BFD4
:104B900040420F0045F2100330B59942044685B0FB
:104BA00000F0A6800CD8B1F5A04F27D045F2050340
:104BB000994228D0204605B0BDE83040FEF7FCBF42
:104BC00045F21103994200F0B08045F21203994278
:104BD000F0D1016C91F85D3113B1043B012B03D886
:104BE0002046B83113F0D3FB236C93F85D31042BCE
:104BF00040F2DF80052B03D1862192E013F08FFB7A
:104C0000002005B030BD9179036C0C310A44511D70
:104C1000C833153251F8040B914243F8040BF9D113
:104C2000206CD0F8583113F0040354D090F85D3163
:104C3000042B22D1604B1B6893F85E5065B10021B4
:104C400000F111020091114600F5A07001903E3371
:104C5000204613F08EFDD3E71021B83013F053FC3B
:104C600058B10821204613F036FD40F2074029468E
:104C7000FEF762FA40F20740C3E7216C91F85D311C
:104C800001F1C80213B1043B012B12D801F1F80362
:104C9000039301F59873029304F15A03019304F10D
:104CA0005303009301F1B8032046D831FFF754FABB
:104CB000A6E701F5A073019391F85C01D1F82C31BE
:104CC000C34003F0010343F080030093134601F156
:104CD00051021131BCE780F85C3100F1C802009349
:104CE00000F5987100F5A073204614F04EF987E79F
:104CF000056C102205F1980105F5A07016F064F915
:104D000020B10421204613F0E6FC79E78821D5F88C
:104D100058319B0742BF94F8743043F0020384F883
:104D20007430204613F0ACFB6AE7056C95F85D31F2
:104D300005F5A070042B1ED11F4B102219684E31AF
:104D400016F042F90028DCD1102105F1B80013F06B
:104D5000DAFB216C01F1F803039301F598730293D8
:104D600004F15A03019304F15303009301F1C802C3
:104D700001F1B80398E70146102205F1980016F0FA
:104D800023F90028BDD105F1B801204613F0FFFA40
:104D9000216C91F85C310133DBB2142B81F85C316A
:104DA000D8D0D1F8583123F00103C1F8583184210B
:104DB000B7E78721B5E700BF9C26002045F2150321
:104DC0009942F7B5044651D00CD8B1F5A04F19D08F
:104DD00045F20D0399421BD0204603B0BDE8F040D8
:104DE000FEF7EABE45F216039942F5D1016C01F1D6
:104DF000D8030093D1F8943001F131021131FFF75B
:104E00005FFA01E013F08BFA0027384603B0F0BDDB
:104E100093790C331A44551D02F125063246294672
:104E2000FEF70EFB074620B10B21204613F053FC82
:104E3000EBE72946236C113351F8042BB14243F8B8
:104E4000042BF9D1236C01F12002313351F8040B0A
:104E5000914243F8040BF9D1216C204601F19403EF
:104E600001F171025131FEF7C5FDCDE713F0C7FA2C
:104E7000236C93F85D31052BC6D8DFE803F01903E6
:104E800011111E192046822113F0FAFA0C4B20460C
:104E90001B68D9684B1C5A425A41FEF777F9B3E7B1
:104EA0002046822113F0ECFA2046FEF79FF9ABE78B
:104EB0008321204613F0E4FAA6E78521F9E700BF35
:104EC0009C260020204B10B51B6804469B6913F0FC
:104ED000040310D141B180F8773090F87010BDE82C
:104EE00010401A4816F0B2B990F87330012B03D174
:104EF0008368580705D410BD022B02D18368590777
:104F0000F9D494F9772094F87730002AF3DBB3B919
:104F1000012384F8773094F877305B08EBD04FF4B6
:104F20007A7294F870105343084800220AF06CF922
:104F300094F8773063F07F0384F87730DBE75A0624
:104F4000E9D45B00E5E700BF9C260020A8260020EE
:104F500045F21E0330B599420446154689B010D873
:104F600045F21603994213D845F20103994200F025
:104F7000AF8145F20C03994222D0B1F5A04F00F069
:104F8000AD812A46204609B0BDE83040FEF714BE88
:104F9000A1F5A043173B072BF3D801A252F823F049
:104FA00089500200834F0200834F0200834F0200AA
:104FB0008D520200834F02006152020073500200C2
:104FC00090F97730002B02DB8268530707D5204623
:104FD000092113F080FB41F2092009B030BDAB7903
:104FE0002B449D4D5B7C2D6803F008016D7CD5B191
:104FF00021B9032113F06FFB2120EEE713F0040F1A
:1050000003F0010308D042F00802826093B9A3685C
:1050100043F02003A36013E0002BF8D0836843F033
:1050200010038360F3E7580744BF42F00802A26010
:10503000DB0703D5A36843F01003A3600029E6D182
:10504000A368224643F00403A360844920460AF083
:10505000F7F80221204611F008FA47F230530022F7
:1050600045F21A0120460AF0CFF8A3689D0540F1E9
:105070008980A368580740F1858094F8700009B0D2
:10508000BDE8304013F066B890F87430D9074DD5BC
:1050900090F97530013342D094F9131001291DDCC9
:1050A000A26893060DD56C4B15071B6801D4187CBC
:1050B00038B1187F10B91878032802D09B69980777
:1050C00034D501290AD0644B11071B6801D41A7C1E
:1050D00022B11A7F52BB1B78032B27D10023CDE9C5
:1050E0000433CDE9063310F08BFA022801AB35D139
:1050F000A06AE16A228E03C31A8094F97500BDF894
:105100000450421C37D010F0C3FA002833D1204697
:1051100041F20601FDF7F2FF41F206005DE7836808
:10512000DA0616D4FDF74EFF0028B5D04A4B1B68AF
:10513000197F022932D1DA7C82B393F85E306BBBDF
:10514000A3685B0720D5204613F0C5FA41F2022080
:1051500043E7FDF71BFF0028E4D0E7E70A2202211E
:1051600094F9750010F07CFA0028C6D1CDE9010051
:10517000ADF80C00C1E72A46204604AB0DF106014C
:10518000FDF73EFD002028E7204641F20221FDF711
:10519000B5FF01212046FFF795FED7E7204613F023
:1051A0009DF8A56860B96D0705D50821204613F064
:1051B00092FA1A2011E71A212046FDF79FFFF8E71F
:1051C00015F0040508D0FDF705FFC8B1204694F995
:1051D0007510FEF71FF8D5E72246204920460AF051
:1051E0002FF80221204611F040F947F230532A46A9
:1051F00045F21A0120460AF007F8A3685807E2D4DE
:1052000094F97530591C15D048F2080040EA032083
:1052100080B2F9F789FD052194F9750010F0DDF9E8
:10522000032194F9750010F0D8F9062194F975005E
:1052300010F0D3F9226C2046D2F8583143F0200305
:10524000C2F85831FFF7D8FA00289BD041212046F8
:1052500013F016F996E700BF9C260020D7840300C0
:10526000FDF7B8FE00285BD0236C002B58D0A26855
:10527000520755D5D3F85831980651D42B78002BC6
:10528000BED10521204613F026FA7BE790F8743052
:10529000D90706D4402113F0F3F829462046FDF73C
:1052A0002DFFA3685A077FF56DAF204645F21A011E
:1052B00015F0CCFF204622461A4915F0F2FFA368EC
:1052C000022123F03C032046A360FCF72FFA59E7A4
:1052D00002461449144809F0B3FF53E745F21A0196
:1052E00015F0B4FFA36823F03E03A360236C2BB139
:1052F00093F95E01431C01D0F9F78CFE224620464B
:10530000084915F0CEFF22460649074815F0C9FFA7
:1053100020460221FCF70AFA204613F03CF931E757
:1053200002205AE6D78403001826002045F21E0307
:1053300099422DE9F3410446154611D845F216036A
:10534000994214D845F20103994200F0288345F2AE
:105350000203994200F09880B1F5A04F00F0258338
:105360002A46204602B0BDE8F041FEF725BCA1F573
:10537000A043173B072BF3D801A252F823F000BF3C
:10538000A153020061530200615302006153020005
:105390005B59020061530200455502001F5502008F
:1053A000994E33681A7F022A11D1DA7C7AB193F8C8
:1053B0005E3063B941F20221FDF7A0FE20460121D3
:1053C000FFF780FD41F2022002B0BDE8F081A36842
:1053D0005D0701D50220F7E72046FDF7D7FD3368CA
:1053E000051E1A7818BF0125032A07D019696AB269
:1053F00011F0FF1F24D042F0040503E094F874205C
:10540000900725D49A6992071FD41A7F012A1CD0CD
:1054100045F0080502210B2012F091FF0246E0B191
:105420008379062103445D7394F975302046013376
:1054300002BFA36843F00203A36012F0F1FD0CE089
:1054400094F874108907D6D4DCE75B7C002BE1D09C
:1054500041F203212046FDF751FEA368224643F0A6
:105460000403A3606949204609F0EAFE02212046B0
:1054700010F0FBFF47F23053002245F21A0120469C
:1054800009F0C2FE00209FE783685F0703D490F90C
:105490007730002B05DB236C53B1D3F85831DE068F
:1054A00006D52046092113F016F941F209208BE7B1
:1054B000204612F013FF28B90821204613F00BF9FB
:1054C000212081E7206CD0F8583143F01003C0F858
:1054D0005831AB790C332B445A68C0F803201A8931
:1054E000A0F8072001229B7A4372236CDA70A2682D
:1054F00012F0040610D122464449204609F0A0FECD
:105500000221204610F0B1FF47F23053324645F2F7
:105510001A01204609F078FEA3689805B2D5236CDD
:10552000002BAFD0D3F85831D906ABD594F97530EC
:10553000013320D094F87430DA071CD5A36843F007
:105540000203A360236C002B3FF444AFD3F858311F
:10555000DA067FF53FAF9F063FF53CAFFDF73AFD1A
:1055600020B3A3689E0721D42B78FBB905212046E0
:1055700013F0B1F886E7FDF72DFD94F9751040B1F1
:105580004B1C02D1A3689F07DCD42046FDF742FEE6
:1055900078E74E1CD6D094F87430D807D2D4084699
:1055A00010F076F80028CDD0052186E794F9753003
:1055B000581C15D048F2080040EA032080B2F9F7E1
:1055C000B3FB052194F9750010F007F8032194F955
:1055D000750010F002F8062194F975000FF0FDFF38
:1055E000A368256C23F00203A360D5F85831064F59
:1055F00043F02003C5F858313B68EA791B7A93429F
:1056000006D9062159E700BF9C260020D784030055
:1056100094F9521094F852300029B2BF012383F05C
:105620000803C3F3C003102A28BF10226B7094F83C
:105630006030204683F00803C3F3C003AB70A2744C
:10564000AE79FDF7A3FC002836D0F10734D594F9E4
:105650007530D4F840805A1C24D088F85E3106F0AA
:105660000D063B689A69900704D41A7F012A01D07D
:10567000310701D406F0F7061A78032A1FD01B69F8
:1056800013F0FF1F01D046F0040694F874309A0717
:105690001BD5730719D40321204613F01CF840F2E0
:1056A000034091E62046F9F793FD88F85E01236CEC
:1056B00093F95E310133D2D106F00C06D1E71B7F9E
:1056C000002BE2D106F0FB06DFE70721022012F0F3
:1056D00036FE01900028E2D090F806C03A680CF13E
:1056E0000C0C137800EB0C014B70137F012B06D0D0
:1056F000022B45D192F85E30003B18BF01238B701E
:105700001023CE7016F0010608BF32460B711FBF82
:105710002B7A6A7A03F003034B71236C14BF02F0F7
:1057200003024E718A7183F851214A7983F850211E
:1057300050F80C20C3F80A208A88DA818A791A7412
:1057400006B3206C90F8501111F002061AD194F8AB
:105750005210062281F0080190F95E0104F14C0319
:10576000C1F3C0010FF04EFF60B13146FDF7E4FC1C
:105770002046082112F0AFFF01A815F095FE8EE734
:105780000023BCE7019E002E89D0FDF71BFC95F895
:1057900006C078B11CF0010F04D0236C93F95E3180
:1057A000013307D10521204612F095FF304609F05C
:1057B000D5FE85E63B680CF00802597C29B112B190
:1057C0006A7B100703D40321EDE7002A75D06A7BBA
:1057D000110772D5D5F8581141F00401C5F85811D8
:1057E000B5F8501121F4807121F00101A5F8501194
:1057F000187F697902280BD071B942EA0C0212F0C5
:10580000040248D185F85D211B7C002BDBD10DE023
:1058100021B993F85E209ABB0221C4E7012283F8E4
:105820003D20DA7C92BB042385F85D3132460621A7
:10583000204612F0F5FB95F85D31206C042B52D117
:105840003B6800F5987003F11D022D3352F8041BDC
:105850009A4240F8041BF9D1D5F8583195F85D21EA
:1058600003F00401002A45D123F00203C5F85831A2
:10587000E27400294AD08121204612F001FE01E69F
:1058800083F83D10DB7C002BC6D1CCE793F85E306B
:10589000002BC8D1C0E72A791978052A28BF03222E
:1058A000514801EB810101448A5C85F85D211B7C34
:1058B000002BBBD0002AB9D185E71A7F012A02D17B
:1058C0006A79002AAFD11CF0040F03D16A7B12F071
:1058D000040297D02A791978052A28BF0322434861
:1058E00001EB8101DFE71022002100F5987015F02F
:1058F00095FBB1E743F00203C5F8583141B90123E4
:10590000032AE37412D9042A7FF4BCAD8421B3E7DF
:10591000A37C0F2B89BF94F87430012343F0080354
:1059200084F8743088BF0223E374A4E7012A07D007
:105930002046822112F0A4FD2046FDF757FCA1E588
:105940002046822112F09CFD3B68D968481C4242E7
:1059500042412046FDF71AFC94E590F87430D907CF
:1059600006D4402112F08CFD29462046FDF7C6FBE7
:10597000A3685A077FF586AD45F21A01204615F057
:1059800065FC224620461A4915F08BFCA36823F0DB
:105990000403A36002212046FBF7C8FE72E502461D
:1059A0001349144809F04CFC6CE545F21A0115F056
:1059B0004DFCA36823F03E03A360236C2BB193F945
:1059C0005E01431C01D0F9F725FB22462046084919
:1059D00015F067FC22460649064815F062FC204691
:1059E00012F0D9FDD6E700BF43D103005CD103001C
:1059F000D784030018260020184640F20A4322F0FC
:105A000000429A422DE9F04120D8B2F5806F01D8CA
:105A100000203EE06FF480642244092AF8D801A3F4
:105A200053F822F06B5A0200775A0200975A02008C
:105A3000E55A0200B95A0200015B0200235B020032
:105A40002B5B0200115A0200435B02006FF4A0615D
:105A50005318042BDCD8A2F20252032A79D8DFE8CB
:105A600012F08A009200B700CB00057844886448A1
:105A700010F086FC3EE005784468826900F1080376
:105A80000021604810F08DFC10B10571C0F8054090
:105A90000120BDE8F081067845880479826900F12B
:105AA00008030021584810F07CFC0028F0D0067153
:105AB000A0F80550C471EBE704790778A4F11B0343
:105AC000594259414688C58800F1080289004F486B
:105AD00010F08CFC0028DBD00771A0F80560C471C1
:105AE0000581D5E7057844884269031D00214848AF
:105AF00010F057FC0028CBD00571A0F80540C7E78F
:105B000006784588848800F108020021414810F099
:105B10006DFC0028BCD00671A0F80550A0F8074025
:105B2000B6E7057844683C48A2E704783A4810F0A4
:105B300027FC0028ACD00723437100230471837134
:105B4000A6E70478354810F01BFC0028A0D00471AB
:105B50009EE7077846880579C48800F1080200218D
:105B60002F4810F043FC002892D00771A0F8056080
:105B7000C57104818CE7077846880579C48829486F
:105B800010F0FEFBEFE787684588047906787FB15F
:105B9000C78800F108020021234810F027FC0028E4
:105BA0003FF476AF0671A0F80550C47107816FE726
:105BB0003B463A4639461C4810F0F3FB00283FF4B8
:105BC00067AF0671A0F80550C471077247725FE7AE
:105BD00090F8008047880679C5880489134810F03A
:105BE000CFFB00283FF454AF80F80480A0F8057084
:105BF000C671058144814BE7057844680C4837E756
:105C000074D2030070D203006CD2030064D203008C
:105C100068D2030060D203005CD2030044D20300C8
:105C200058D2030054D2030050D203004CD20300D8
:105C300048D2030000487047F959020038B5436A5A
:105C40000446590415D4134A03F4004392F82B2058
:105C5000012A0FD1826A92040CD4002B01460CBF9A
:105C6000532014200FF041FD18B9636A43F0080374
:105C7000636238BD002BFCD1074D20462946F9F759
:105C8000B5FD0028F5D12868AA88AB792060A280EC
:105C9000A371EAE7A0250020AF250020074B93F869
:105CA0002A20824281BF1B6800EBC00003EBC003C7
:105CB000586A8CBF00F0010000207047A02500202A
:105CC00008B50146FFF7EAFF40B1054B01EBC10102
:105CD0001B6803EBC103586AC0F3C02008BD00BFB6
:105CE000A02500202DE9F04F0746384A93B01068F0
:105CF00051680FAB03C39068354A1860146807EB0E
:105D0000C70304EBC304E37B12AA02EB430333F89B
:105D10000C1C636A94F82E80DA0494F82F6047D440
:105D20000126B04641F0100194F80D90C3F3404AAB
:105D30005B0348BF4AF0020A8BB289F00809B8F148
:105D4000010F94F831500B9304F1070BD4E90723AA
:105D5000C9F3C00994F9324009D0B8F1020F06D056
:105D6000B8F1040F14BF4FF000084FF00308012EE4
:105D700005D0022E03D0042E14BF00260326384679
:105D8000CDE90C23FFF79CFFDDE90C230121CDE9D0
:105D90000760CDE900513846CDE90548CDE903BAA1
:105DA0000B99CDF8089000F05BFA13B0BDE8F08FC6
:105DB000A26A950648BF41F02001500648BF41F055
:105DC0004001DA0348BF41F00401ADE778D2030097
:105DD000A0250020002170B50B4B93F82A601C68A9
:105DE0008E4202DCFF25284670BDCDB22846FFF763
:105DF00055FF28B1E37B012B02D1636ADB06F2D4A5
:105E000001314834ECE700BFA0250020014B93F896
:105E10002A007047A02500203F4A70B5146800EBA7
:105E2000C00304EBC304636A06465B0704D5002382
:105E30001A46194600F0F6FA636A9D0706D5304601
:105E4000FFF750FF636A23F002036362636A180777
:105E50000CD5A27921463046C2F3C00200F080FA88
:105E60000546E8B9636A23F008036362304613F01D
:105E700054FD0546A0B9626AD10611D5D30404D5F4
:105E800030460FF02EFC40B11BE01206E37B09D434
:105E9000E37B626A023B012B15D9616A48071FD474
:105EA000284670BD03F0FB03012BF6D03046216974
:105EB00000F07CFA636A256123F0800363620028A6
:105EC000E6D00546ECE7D305E7D53046616900F03A
:105ED0008BFA00236361636A23F480736362D2E701
:105EE000E37BA28D012B03D1A2B1802A28BF80229F
:105EF00011F0400F94F830304FF0010118BF01232A
:105F0000304600F08FFA0028DBD1636A23F00403E7
:105F10006362C5E74022EBE7A02500202DE9F041B0
:105F200000244827104D95F82A30A34201DCBDE833
:105F3000F081E6B23046FFF7B1FE98B107FB04F8F6
:105F400028684044436ADA060CD55B040AD4FFF79C
:105F500075FE2B68304643445A6A42F006025A6284
:105F6000FFF75AFF0134DEE7A0250020044A00EBCA
:105F7000C003116801EBC301CA7B13F094BC00BFDE
:105F8000A025002070B5FFF725FFFF28044615D097
:105F90000B4D03B2286803EBC30300EBC300DE0024
:105FA000436A23F01003436213F073FC2968204610
:105FB00031443431BDE870400FF092BB70BD00BF7A
:105FC000A025002083782DE9F041122B0F463CD10B
:105FD0000B689A790C321344DD781E790DB145F4C3
:105FE00080553046FFF75AFED0B1DFF8648006EBEB
:105FF000C603D8F8004004EBC304636A23F010031F
:10600000636295B922463146A06908F12E03FBF779
:106010004DFF22222946A56108F12E0014F0FEFF53
:106020003846BDE8F04115F03FBA204613F031FC88
:10603000636A5A0603D523F040036362F0E73046F3
:1060400004F134010FF04CFBEAE7BDE8F08100BF3A
:10605000A025002030B5044685B00846039113F012
:1060600048FD830708D410F0010003D003A815F001
:106070001BFA012005B030BD03998B7903F10C02A6
:1060800088188A5C013A1C2A00F2E880DFE802F0F6
:106090000FE689E68CE695E69CE6A4E6ACE6B3E678
:1060A000BAE6C2E6E6E6C4E6D2E6D4E6DD00037967
:1060B0000BB103F588534278023A162AD6D801A1CB
:1060C00051F822F0216102006D6002002B61020094
:1060D0006D600200376102006D60020043610200E2
:1060E0006D6002004F6102006D6002006761020096
:1060F0006D6002005B6102006D600200736102006E
:106100006D6002007F6102006D6002006D60020040
:106110006D600200896102006D60020099610200F9
:1061200017212046FCF750FCA0E70022204611462C
:1061300011F00EFB9AE71A460021204611F0B5FB3C
:1061400094E700222046114611F020FD8EE7002240
:106150002046114611F008FC88E71A460021204627
:1061600011F0F5FC82E71A460021204611F0D2FC1E
:106170007CE700222046114611F0FBFD76E7194628
:10618000204611F05FFE71E70093002320461A4677
:10619000194611F061FE69E71946204611F0AEFE7E
:1061A00064E7B0F80110BCE702338B710A460023A4
:1061B0004178204611F0CCFA5BE7013300222046FB
:1061C0008B7111F072FB54E702338B71427800231C
:1061D000204611F0DBFC4CE701338B710023204695
:1061E0001A4611F0C1FB44E70133002220468B71AF
:1061F00011F090FC3DE70133002220468B7111F035
:10620000A6FC36E702338B7142780023204611F05A
:10621000B0FD2EE70021B3E705338B710023B0F802
:106220000320B0F8010000930B460146204611F010
:1062300013FE1EE70021B0E703338B710A46B0F866
:106240000110204611F079FE13E703338B710A46E3
:10625000B0F80110204611F079FE0AE7002009E7A6
:106260002DE9F041154606460F4642F23600192147
:106270001C46DDF824800FF096FE2B0AC371230A1A
:1062800083729DF81830857103739DF81C30447239
:1062900043739DF820302D0C240CC6708780057246
:1062A000C4728373D8F80030C0F80F30B8F80430E7
:1062B0008676A0F813309DF8283043759DF92C3070
:1062C00083759DF83030C375002303769DF8343014
:1062D00043769DF83830C3760648F4F7FDF90FF0A1
:1062E000A6FE407920B10FF0A2FE407940F4805024
:1062F000BDE8F08131F9020038B505460C464FF68D
:10630000194005210FF04FFEC57044600648F4F7B0
:10631000E3F90FF08CFE407920B10FF088FE407950
:1063200040F4805038BD00BFE9BA030038B50546D7
:106330000C464FF61A4005210FF035FEC57044603B
:106340000648F4F7C9F90FF072FE407920B10FF05A
:106350006EFE407940F4805038BD00BF19BB030089
:1063600070B50D4606460121DAB1FFF7C5FF0446B8
:10637000A8B9072142F235000FF015FEC6702B6850
:106380004360AB8803810848F4F7A6F90FF04FFE8D
:10639000437923B10FF04BFE447944F480542046F6
:1063A00070BDFFF7C3FFE2E7A9BC03000A4610B5C2
:1063B0000421044642F237000FF00AFE0323037162
:1063C0000023C470437183710648F4F785F90FF018
:1063D0002EFE407920B10FF02AFE407940F4805023
:1063E00010BD00BF9DBB03000A4610B50421044642
:1063F00042F238000FF0ECFD032303710023C47058
:10640000437183710648F4F767F90FF010FE407985
:1064100020B10FF00CFE407940F4805010BD00BF59
:10642000E9BB0300F8B506460F4642F239000621E3
:1064300014461D460FF0B7FD01238471240A037131
:10644000C7704671C47105720648F4F745F90FF03C
:10645000EEFD407920B10FF0EAFD407940F4805024
:10646000F8BD00BF35BC03002DE9F04F144687B0DE
:106470009B46C36B06460D465B69012202A9606814
:106480009847F36B012203A95B692846984702A845
:1064900013F039FF074648B10023A37563754FF029
:1064A000FF33A360002007B0BDE8F08F03A813F00E
:1064B00037FF0123A375237E04EBC303DD611F8433
:1064C0006368AB420ED1206003A813F04BFF4FF07E
:1064D000FF332075A360237D043B022B25D80023C6
:1064E000A375DFE723681A1A03A853425341A37523
:1064F00013F038FF237D834203A818BFA77513F05C
:1065000013FF074602A813F00FFF874203A81CBF22
:106510000023A37513F010FF074602A813F00CFF29
:1065200087421CBF0023A375D5E703A813F0FCFE28
:1065300080B1F36B022204A928465B69984704A83E
:1065400013F001FF0346207D032839D8DFE800F06F
:106550003838040903A8F3E7237ECC2204EBC303F5
:106560001A8401F0C9FA109B187003A8277E13F053
:10657000CFFE04EBC70787F8220003A8237E04EBB5
:10658000C303B3F8209093F8227013F0CDFE804639
:1065900003A813F0D1FE8246B8F1000F15D0F36BBB
:1065A000022204A928465B69984704A813F090FECC
:1065B0006075637D6BB90023A3754FF0000838E068
:1065C000227E04EBC2021384CBE703A813F06BFE18
:1065D000EEE794F81680B8F1000FEED0B9F1000F95
:1065E00009D1DFB10123627EE375002A44D19F42C5
:1065F00018D1677614E0736C05EB0A02594285EAFC
:10660000020008421CBF0021A175591E0A409B1AB6
:106610009945D0D8A37D002BE3D1CEE7E37D43B9E4
:106620004FF000084B4652462946304613F0E7FB30
:10663000A060A27D12B123694B4423611349237EDC
:10664000097899421ED901332376BBF1000F1BD084
:10665000D2B1E37DC3B1B8F1000F15D1032F13D030
:10666000A1684B1C10D0109B22463046009301239A
:10667000FFF7FAFEA07507E0012FDAD0032F08BF5D
:10668000A376CDE70023A375A07D0CE7FCCA030029
:106690002DE9F04F0E468BB09846002304464FF08C
:1066A000FF31104617468DF8133001F00FFAB6F59A
:1066B000801F3BD3B21C53D1E56A6B1C57D1616A72
:1066C000204613F0E2FA0546B31CDFF8189118BF14
:1066D00001230193636A05A9626C4FF0000B0293DA
:1066E000236802FB053AE36B05225B695046984735
:1066F00005A813F0C1FE13F0E4FE504613F0ECFEC3
:10670000824601464B1C05D0636C81EA0A025B425B
:10671000134232D02946204613F0B7FA029BAB420F
:106720004DD0BBF1000F4DD10546D3E7314605AA48
:1067300004F1080013F09DFD0146481C10D03846B6
:1067400001F0C4F90DF1130301223946204613F07C
:10675000D2FB28B19DF8133088F80030002003E008
:10676000237C002BA8D11D480BB0BDE8F08F236817
:10677000ED1A636CB5FBF3F5A6E7484601F0A6F900
:106780000DF11303019A4946204613F0B4FB03466A
:1067900090B1B21C03D0D9F80020B2420CD19DF8C0
:1067A00013204946039338460D4B88F800201A6899
:1067B00014F03FFC039B9B46D9F80810A2E7BBF1FD
:1067C000000FD0D0B6F5801FC8D298F800303146FF
:1067D0007A6804F1080001F0BDF8BFE70BE000F0B3
:1067E000F8CA0300501D00202DE9F3410E4604466F
:1067F00017469846816A194DE36A8B422AD04B1C92
:1068000018E0284601F062F90DF10703012229463C
:10681000204613F070FB30B143469DF8072029460F
:106820002046B847B0B1A9684A1C05D0012E0AD04D
:10683000E36A9942E5D10DE06968204613F0B2FAA7
:10684000012E0146D8D16B6881EA0302636C5B427A
:106850001A42D1D002B0BDE8F08100BF241D002053
:106860002DE9F041036B9046826B90B007680E46AD
:106870009A42426C01A9044688BF8363436A02FBC3
:106880000377C36B05225B693846984701A813F06C
:10689000F3FD01280146307056D0656C06A9E26B05
:1068A0002368606AD2F814C0052205FB0030002579
:1068B000E04706A813F0E0FD012823D001218DF860
:1068C00034800E958DF83C10D4E90A32CDE90B45A1
:1068D00093422AD11946204613F064FA236B626C66
:1068E0001433E0629B1A23630C9B53B99DF83C3030
:1068F0003BB1626A616C2368E06B01FB023113F00B
:1069000073FD0C9DE36B052201A938465B6998472E
:1069100001A813F0B1FD3070236B2846A26B9A4298
:1069200088BFA36310B0BDE8F081237C33B90BAA04
:106930001C4904F1080001F05DF8D5E70BAB1A4AD9
:106940002046FFF751FFCFE7237C23BB22461749A0
:1069500004F1080001F04EF8616A204613F0B6F920
:10696000616A421C204613F07FF9054620B9236B6B
:10697000626C1344143B2363A16A204613F012FA9D
:106980002368A062C01A636CB0FBF3F0606220461B
:1069900013F04CFAB6E70023054A2046FFF724FF20
:1069A000DAE700BF95710200117102007F9F0300BA
:1069B0001B9F030073B50D46D11E1C461B7E4A4229
:1069C0004A419A4226D129682368994222D36368B2
:1069D00099421FD8114E0DF107033246FFF758FEBA
:1069E000C0B972686B689A4214D19DF80730DA1EFC
:1069F00053425341227E93420CD163690133636158
:106A0000D4E90323934205D22968A26842F82310EF
:106A100001332361012002B070BD00BF7C1D002046
:106A20002DE9F04F8BB09A46DFF854B180469DF8BF
:106A300050300D4616460293DBF810305345C0F037
:106A40009880DBF80430D1460193B9F1000F00F0D3
:106A50008C80D8F83C30012207A901985B699847DF
:106A600007A813F05DFCDBF80030984240F084800A
:106A700007A813F061FC0428074614D107A813F0F7
:106A800062FC019B029A04463B44002A3ED18642A6
:106A900012D9361A14460199404613F083F9A9EB2E
:106AA00004090190D1E7D8F83C30022208A90198E6
:106AB0005B69984708A8E2E7841B9F19544528BFE3
:106AC0005446032CAAEB040A4FEA94021CD9D8F8C6
:106AD0003C302946384604F003065B69984724F0A9
:106AE00003031F441D44002ED5D0D8F83C300122AA
:106AF00008A938465B6998473246284608A93544B4
:106B000014F097FA0026C6E72646ECE700F00302E9
:106B10000344074603922A1805930492049BDD1B45
:106B2000059BD81B039B9F420FD1002FB3D0D8F8F1
:106B30003C30012208A95B6998473A4608A92846D3
:106B400014F042FA78B93D44A5E7D8F83C30012268
:106B500008A95B699847042208A9284614F034FA6A
:106B600008B9043FDAE7DFF81C9048460BB0BDE8EF
:106B7000F08FDFF81490F8E7DFF81090F5E700BF2A
:106B8000A81D002012E000F011E000F022E000F06B
:106B90002DE9F0410F4688B016469846044660B38A
:106BA00090F83450FDB1012113F034F80E9B002110
:106BB000CDF804800496CDE902379DF83C308DF87D
:106BC0001C30237CCDE905118BB901AA0C4904F1D5
:106BD000080000F00FFFE06BDDE90553002E08BF51
:106BE0001D4613F0DAF9284608B0BDE8F08101AB84
:106BF000044A2046FFF7F8FDEDE70546F3E700BF3E
:106C0000499F0300B56902002DE9F04F99B00F4686
:106C1000044609920A69416C0E93D31D1439B3FBE3
:106C2000F1F3013302EBC302036B9342C0F00F8216
:106C30000023DFF824940D93E36A4846194607932E
:106C400000F044FFD7E9033604930E9B022B4ED18C
:106C5000CC2E40F08C81099B002B42D03946204637
:106C600013F0F9F9656C079A6B1E14901340ED1A36
:106C7000E36B012216A978685B69984716A813F0A0
:106C800053FB00280CBF04230823782E06933FD91A
:106C9000012300254FF0080A05933B6805990E98DB
:106CA000C9F80030C9F8106013F060FB4FEA9A038E
:106CB000DDF81CB089F81400109300230B930F9398
:106CC00008930C93616C4A1E0BEA02028B1A002E89
:106CD0003AD05544AB4242D8236B5B1A134423632A
:106CE000ADE0049B1B68149308230693D0E7656C02
:106CF000782E079A05F1FF3303EA0203A5EB03059B
:106D000016D8FB7D7BB9099B002BB1D104230693D8
:106D1000331DAB4210D9A6B1082DB9D804250023E4
:106D2000AA460593B9E7099B002BA1D10823EEE7FA
:106D3000099B002B9CD1D7E7002505954FF0040A4D
:106D4000ABE704250596F9E75345C5D30BEB0A03DA
:106D5000B0460393089B002B18BF032313E0A3EB5B
:106D60000A03B0460BEB0A029E42039228BF9846E4
:106D70009E42EFD9D9F810200123964289F81730A6
:106D800071D1C9F804B0089399F81730002B6CD072
:106D900099F818200899D31C013209EBC30389F82C
:106DA0001820C3F804B0A3F808809972B8F1000F56
:106DB00014D00E9B022B5BD10B9B7BB90F9B4344E2
:106DC000032B0BD9E36B012214A903989B69984705
:106DD0000546002840F03D8101230B93089B16A82F
:106DE0000193059B0093434699F81420396800F0FD
:106DF00023FEE36B109A16A99B6958469847051E17
:106E00000D9B18BF5B4652460D935946434620469C
:106E100012F0F5FF236B08F10302C9F80800A3EB99
:106E20000A0322F003029B1A2363002D40F0118114
:106E30000F9BA6EB0806DDF80CB043440F935946B0
:106E4000204612F0AFFF00258346002E7FF43AAFB4
:106E5000814A04F10800396893685268E3620E9B26
:106E600000F078FDDEE002238DE7C9F804B09DE76D
:106E7000099B002B30D1049BB8F1030F43440A93C4
:106E800027D9E36B4FEA98029B69DDE90301984734
:106E90000546002865D118F003025FD028F00305ED
:106EA000049B2B440493039B1D444FF0FF33049930
:106EB00015A8159314F0BDF8E36B2846012215A917
:106EC0009B6998470A9B05460493002D86D0039B37
:106ED00099E7039D4246E8E7039B0A9307F12003E5
:106EE0001193FB7D78689BB13D7E00230C9AD9B24B
:106EF0008D4211D9119903F1010C31F833109142EF
:106F000026D907EBC3030699D8690A44104403E065
:106F10000C9B069A13441844E36B012215A95B6984
:106F20009847159B012213A913930C9B0A980433CD
:106F30000C93E36B9B699847039B0A9A054643446D
:106F40009B1A042B07D978B9134604330A93C8E770
:106F5000521A6346CBE70A9B0393B6E70A9B049356
:106F60003CE70A9B0493B2E70A9B0393AFE73B4ECF
:106F700004F1080303932368079A606CA2EB030AE9
:106F8000BAFBF0FA00FB0A3013F0A6FAE16A804679
:106F9000204612F007FFA26A82424AD0626CD9F8FA
:106FA0000830511E2568E0620B40216B891A0B44A2
:106FB00023630D9B5D1BB5FBF2F5AA4536D1079BFC
:106FC000B3EB080A12D0E36B4FEA9A0241469B6981
:106FD0009847E36A079A834653440398DA46E36284
:106FE000236B9B1A4344236313F014F92368616CE9
:106FF000E06B01FB053113F0E4F9204612F015FEB9
:10700000204612F013FF2063BAF1000F11D03A6945
:10701000616CD31D1439B3FBF1F3013302EBC302EE
:107020009042A8D2304619B0BDE8F08F4FF0000A68
:10703000DCE73A69616CD31D1439B3FBF1F301331A
:1070400002EBC302236B9342BFF4F6ADEAE7044EB2
:10705000E8E72E468CE700BF501D002023E000F03B
:1070600006E000F02DE9F3471E46436904468846D2
:10707000B34217469DF828903DD300258DF8075060
:10708000D4F830A0204612F09CFD82450AD2236A33
:10709000B5EB430F06D200220DF107012046FFF7A2
:1070A000DFFB30B39DF80730012B05D100220DF135
:1070B00007012046FFF7D4FBB9F1030F06D0256B7B
:1070C0003146204612F068FD854218D30D4D4FF031
:1070D000FF31284600F0FAFC4B46002229462046A4
:1070E000C5F80080C5E9037602B0BDE8F047FFF7B8
:1070F0008BBD0135C4E7044802B0BDE8F087034802
:10710000FAE700BF7C1D00200FE000F006E000F071
:10711000032A2DE9F34106460D4617461C4606D1C3
:10712000237A012B23D0012002B0BDE8F081DFF8E3
:1071300060800DF1070309684246FFF7A9FA606015
:107140000028EDD19DF80720237A032AE8D0D8F84B
:1071500004106A689142E3D1012B2969D4F80CC06C
:1071600007D10CEB01037269934202D92074207C91
:10717000DAE708313B46012230466144E1602946A6
:10718000FFF742FD60600028CAD00020CCE700BFB6
:107190007C1D00202DE9F341089C032A1746266830
:1071A00006D1237A012B24D0012002B0BDE8F08162
:1071B000DFF890800DF1070330464246FFF768FA8A
:1071C00060600028EDD12568D8F80400A96AD5F8D8
:1071D00044C04840227ACCF100031840E1D1012A92
:1071E00009D1E268D8F8103013447269934202D989
:1071F0002074207CD9E72868EB6A1B1A081AB3FBB5
:10720000FCF3B0FBFCF083420BD1706CF36A421EBE
:107210001340326B121A28461344336312F0C2FD36
:10722000E862D8F81020E368083206492068134461
:107230000122E3603B46FFF7E7FC60600028B0D026
:107240000020B2E77C1D00202DE9F04F4FF0FF3306
:107250004FF6FF72002500F10806044687B0C362AE
:107260000F4605620563C0E90923304612F0D2FFDC
:10727000204612F0DAFC28BB2046394612F055FDB4
:10728000204612F0D2FC28BB8A4D204612F001FEA7
:10729000ECE0E26B01A92368606CD2F814C005220F
:1072A00000FB0530E04701A813F0E6F8012828D1DB
:1072B0002946204612F00AFD421C2946204612F0BB
:1072C000D3FC0135E3699D42E3D3204612F0ADFCC7
:1072D0000028D1D000254FF0FF394FF6FF73CA4682
:1072E000A846C4E90853E369984514D3A5EB0905FA
:1072F000012D37D8636A4FF6FF72934247D16E4D26
:10730000C3E713F0E3F80028DBD02946204612F04B
:10731000DDFC0246D1E7236801A9E26B606C576986
:10732000052200FB0830B84701A813F0A5F88346F2
:1073300001A813F078F80746584613F0C2F870B168
:107340005745236ABA4638BFC4F82480B94503F1CB
:10735000010328BFB946BD42236238BF3D4608F14C
:107360000108C0E74FF6FF7300256362E3699D42A1
:10737000C0D2676C0522206801A9E36B07FB0500FA
:1073800001355B69984701A813F04DF8EEE7E26B11
:1073900001A9676C20685569052207FB0300A8470F
:1073A00001A813F040F8626A2368606C434D00FB4B
:1073B000023013F091F84FF0FF33A0622A46E362E7
:1073C0006FF001010DF103032046FFF761F900287A
:1073D00050D1AD6829462046E56212F002FC2063D8
:1073E00020B9E16A204612F0DDFCE0622946204621
:1073F00012F0D8FC0546A36A9D423DD1656920463E
:10740000626CE91C143AB1FBF2F105EBC1050335DE
:10741000B5FBF2F5023512F03CFD8046A8423DD2A4
:10742000616A204612F031FC0027064604F1400A4A
:10743000474512D3626C01A9236802FB0639E36B4E
:1074400005225B694846984701A812F0ECFF5346B5
:1074500002464946E06B13F041F8013731462046B9
:1074600012F013FCAF420646E2D3154D284607B092
:10747000BDE8F08FA56AADE72946204612F0B1FBC2
:10748000236B0746294603442046236312F08AFCF7
:107490000546002FAFD1C4E90B07ACE73046002505
:1074A00012F0B8FE0023074A20461946FFF79CF960
:1074B000EBE600BF03E000F016E000F07C1D0020CA
:1074C00013E000F0E59E0300634A00232DE9F0413C
:1074D00017680E460446136018B9604D2846BDE88B
:1074E000F08190F834500DB309680268914240F081
:1074F000AA8071684268914240F0A580B1688268B4
:10750000914240F0A080F168C268914240F09B80B7
:1075100031694269914240F09680B169C26B9142F3
:1075200040F0918072691D468261D7E7502229465A
:10753000D0F8388013F072FD336804F10800C4F805
:107540003880236073686360336963617369D6E967
:107550000212A36112F070FEB36904F14000E3630C
:107560009B68984794F8432020B1E561002AB4D085
:107570003B4DB3E7656C002DF7D06668B6FBF5F3BD
:10758000E361002AA9D0B542F2D82268B2FBF5F136
:1075900005FB1122002A58D105FB1363002B54D19F
:1075A000204612F00EFBA369043303449E424ED3DF
:1075B000636940F63472CC3B93424AD8B5F5007FFC
:1075C000D6D30321204612F025FBE36BD4E900015A
:1075D0001B689847E36B05460220DB6898471DB19E
:1075E000002384F834301EE039462046FFF72CFE95
:1075F0001C4B0546984204D139462046FFF724FE2D
:107600000546636C143B002DEAD1226A204602FB3A
:1076100003F612F0D6FAA369043303449E4206D25D
:1076200084F83450104DE06B12F0B7FC56E70F4A67
:10763000012384F8343013680133D4E90001136066
:1076400009F079FBEFE70A4D48E70A4D46E7064D9A
:1076500044E7094D42E700BFB026002009E000F0F2
:1076600004E000F013E000F002E000F0AC2600209F
:1076700008E000F001E000F005E000F02DE9FF4136
:107680000F4690461E46054698B390F8343093B3A3
:10769000B1F5801F31D21A4C022112F0BBFA0DF164
:1076A0000F03224639462846FEF7F2FF024678B11C
:1076B000012342463946284600933346FFF7D2FC61
:1076C0000446E86B12F069FC204604B0BDE8F08186
:1076D0009DF80F30012BEBD12169B142E8D1009325
:1076E000414633462846FFF79BF904460028DFD180
:1076F000E7E7044CE8E7044CE6E7044CE4E700BFA6
:10770000A81D002009E000F007E000F00AE000F00A
:107710002DE9FF410C4616461F46054688B390F8F2
:10772000343083B3B1F5801F2FD2DFF87C80012184
:1077300012F070FA21460DF10F0342462846FEF77B
:10774000A7FF044670B99DF80F30012B11D1D8F86E
:107750001030BB4213D10246009031462846FFF755
:107760005FF90446E86B12F018FC204604B0BDE84F
:10777000F081074C074A022B08BF1446F2E7064C7B
:10778000F0E7064CF1E7064CEFE7064CEDE700BFEB
:107790000BE000F00CE000F011E000F009E000F078
:1077A00007E000F00AE000F0A81D00202DE9F043FA
:1077B00085B00C4617461E46DDF830800546A0B35E
:1077C00090F834309BB3B1F5801F32D2DFF880904F
:1077D000012112F01FFA21460DF10F034A462846F7
:1077E000FEF756FF044688B99DF80F30012B14D1DF
:1077F00006EB0803D9F810209A4214D300904346B0
:10780000324639462846FFF70BF90446E86B12F07A
:10781000C4FB204605B0BDE8F083074C074A022BA5
:1078200008BF1446F2E7064CF0E7064CF1E7064CB9
:10783000EFE7064CEDE700BF0BE000F00CE000F0D6
:1078400011E000F009E000F007E000F00AE000F0CD
:10785000A81D00202DE9F3411F4600230C461646C3
:1078600005463B6050B390F834304BB3B1F5801F00
:1078700028D2DFF86480012112F0CCF921460DF105
:10788000070342462846FEF703FF0446A0B99DF8C9
:107890000730032B10D0022B0AD1012333600423BD
:1078A0003B60E86B12F079FB204602B0BDE8F08146
:1078B000D8F810303060F3E7034CF2E7034CF3E7FD
:1078C000034CF1E7034CEFE70BE000F009E000F0B8
:1078D00007E000F00AE000F0A81D002030B50C46DB
:1078E00085B0054628B390F8343023B3B1F5801F36
:1078F00023D2022112F08EF90DF10F03104A214616
:107900002846FEF7C5FE034688B99DF80F20032AD6
:107910000DD003222146009202462846FFF7A2FB23
:107920000446E86B12F039FB204605B030BD054C2B
:10793000F7E7054CF8E7054CF6E7054CF4E700BF20
:10794000A81D00200BE000F009E000F007E000F0C7
:107950000AE000F02DE9F0414668002E46D00568A7
:107960004FF0000CA846AE4655F83C400CF1010C17
:10797000C4F31307013401D0B94218D0B4450EF155
:10798000080EF1D12F46002403E0B44207F10807A6
:1079900013D055F834C00134BCF1FF3FF5D1C1F329
:1079A00013017A6041EA03513960BDE8F08141EA90
:1079B0000353CEE90032BDE8F081032B16D000243A
:1079C00003E0B44208F1080810D055F834700134CF
:1079D000C7F30757032FF4D1C1F31301C8F80420EC
:1079E00041EA0353C8F80030BDE8F0810123037277
:1079F000BDE8F0812DE9F043476883B0C7B1064682
:107A00008846914600243368304653F8345003EBDF
:107A1000C4030134C5F30752C5F31301013505D082
:107A20005B68CDF80090C04710B17768BC42EAD3DC
:107A300003B0BDE8F08300BF73B5012A04462248B5
:107A40009DF8185000EAC11123F07C4007D9961E1A
:107A5000012E28D9073303F07F03194308E09DF86E
:107A60001C300A43DB0603F0C053134343F060416C
:107A70000023C4E900108DF80730B5B1202221465B
:107A80000DF1070012F07FFC1A220DF10700211DF5
:107A900012F079FC63689DF80720082043EA8263AE
:107AA000636002B070BD1143E2E71B220DF10700D5
:107AB000214612F068FC23689DF80720042043EA61
:107AC000C2632360EDE700BF80FFFF0738B5094BB5
:107AD0000D46002104461A6813F0A0FA00234FF067
:107AE000FF322361A260E3822383A376C4E90025E9
:107AF00038BD00BFF8CA03000138C0B205289ABFDC
:107B0000014B185C0120704784D203002DE9F0413D
:107B10000E46596888B007461546490A00240129CF
:107B200022464FEA510104F10104F8D8DC785203EF
:107B300099784FF0000824031B88C9020DF1070053
:107B400004F48054C3F30A0301F4006192B28DF887
:107B500007800C4302A923449C18254B1B22039346
:107B600025F07843ED436FEA0444029312F00BFCD6
:107B70009DF8072025F07845029B02A90DF107002A
:107B8000029543EAC2631B228DF807806FEA144412
:107B9000049312F0F8FB9DF8072007A9029B06F159
:107BA0001000079443EAC263012205934FF0FF33AC
:107BB0000693BB6998470446BB6905A9012206F1F3
:107BC00008009847404518BF0446BB6904A9012234
:107BD000301D9847404518BF0446BB69012203A9E0
:107BE00030469847404508BF204608B0BDE8F081C0
:107BF00001009AB21046044A1368591E033102D894
:107C00000021116018477047CC0B0020034B186807
:107C1000034B002808BF1846704700BFB426002059
:107C2000B4D20300014812F0BDBD00BFBC26002045
:107C300013B50B4C0229226005D10A4812F0B2FD9F
:107C4000002002B010BD0A4600930146064B0548CD
:107C500012F08AFD003818BF01204000F1E700BF94
:107C6000CC0B0020BC260020F57B0200014812F05E
:107C7000ACBD00BFBC2600200021014812F0C7BDEA
:107C8000BC26002008B5064B1B68013305D0FFF762
:107C9000EDFF80F00100C0B208BD0020FCE700BF8E
:107CA000CC0B0020F8B50D4610B900242046F8BDD5
:107CB0000E4F3E68002EF8D100F0A2F804460028CE
:107CC000F3D0386000F0E8F8204612F052FC38B1EA
:107CD00030463E6000F0E0F8204612F045FCE4E754
:107CE000002DE3D02046A847E0E700BFB8260020DB
:107CF000024B1868003818BF01207047B8260020D2
:107D000038B50C4601F088FFA3780B4A13705A1E51
:107D100055425541A8420CD0012B04D02846BDE85D
:107D2000384001F05BBF204601F02AFF0028F5D063
:107D300038BD0020FCE700BFF82C00200021024BDA
:107D400008465B68184700BFE00B002010B50446EA
:107D5000FFF75CFF0C4B1A1A53425341A34201D167
:107D6000012010BD094B1B683BB9094A064B002C8A
:107D700008BF1346074A1360F2E712F003FE00281B
:107D8000F3D00020EDE700BF8CD20300B82600201E
:107D9000B4D20300B426002010B512F0E4FE04466D
:107DA00018B9034B01215B689847204610BD00BFFE
:107DB000E00B002010B512F0DFFE20B9BDE8104046
:107DC000014B1B68184710BDE00B002010B512F0E6
:107DD0004BFC20B9BDE81040014B1B68184710BD93
:107DE000E00B0020431E033306D8044B984228BF03
:107DF0001846642838BF6420704700BF40420F0017
:107E0000F8B5054609F082F807460F4B1E6826B9FB
:107E1000384609F07FF8344611E0B4688CB194F824
:107E200010C01CF0010F0CD14CF0010C95E80F00B4
:107E300084F810C084E80F00384609F06BF820463B
:107E4000F8BD3668E3E700BFD40B002038B505461F
:107E50000C4641B10B6833B11B68013303D0CB68CA
:107E60000BB18B684BB912F03EFFBDE838404FF4C0
:107E700092724121002000F0C9B9084602F09CFE30
:107E80000023044A85F81031C5E93043C2E90033C4
:107E900038BD00BFC80F002010B5044618B9054B07
:107EA000054A136010BD00F0E5FED4F8CC30002B7D
:107EB000F6D1F4E751A50300D00B002010B50C4615
:107EC00000F016FF054B002103205B6898471CB1AA
:107ED00002F02EF80128FBD110BD00BFE00B0020FE
:107EE00008B502460868FFF77DFF08604868FFF79D
:107EF00079FF48608868FFF775FF8860C868FFF7FA
:107F000071FF0B69C860581C03D00B48834228BF1F
:107F100003460B614B69581C03D00748834228BFB6
:107F2000034688694B61FFF75DFFBDE80840886143
:107F3000104601F0A9BD00BF40420F002DE9F84FE7
:107F4000D0F8C43006460F4613B1038B8B4244D0A1
:107F5000D6F8C0B0BBF1000F42D0DBF80830002BE0
:107F60003ED0DBF80C1000293AD0D6F8D4A0BAF1F4
:107F7000000F38D04FF000094D46C84601E0DBF84D
:107F8000083005EBC50203EB8204E3890135BB42EF
:107F900014D8238ABB4211D3B4F91220B6F9243085
:107FA000934250DD304696F80411EDF735FA737DB3
:107FB00081468342A04606D9DBF80C108D42DED301
:107FC000B8F1000F39D00023424630461946D04759
:107FD0003783C6F8C48086F80D910020BDE8F88F7D
:107FE0000320BDE8F88FD14647F6FF755446524648
:107FF00004EBC40803EB8808B8F80E30BB4216D86F
:10800000B8F81030BB4212D3B8F91220AA4202D1FC
:108010004FF0FF09DCE7304696F80411EDF7FCF964
:10802000737D81468342D3D94246DBF80C1001347C
:10803000A14204D9DBF80830DAE70120CEE7002AB4
:10804000FBD09046C4E7A046BDE700BF2DE9F0474E
:1080500082B004468946164601F018FF002847D131
:108060003B4D2B68D4F8C0A0D4F8C4700BB1534575
:108070004FD04FF00008C5F8089001F059FF0128D3
:108080003AD12B68DAF800103A6813B118688842C0
:108090004AD0204612F034FDC5E900A7D4F8D450E8
:1080A0008DF80760002D46D00022204611460DF1C4
:1080B0000703A847204601F0A3F90546B8F1000FD1
:1080C00000D08EB1B5FA85F040F2DE32332140099E
:1080D00000F09CF83146204601F09AFB1D4B054606
:1080E000394620461B689847284602B0BDE8F0870D
:1080F0000023174D6B60B4E7012000F0F9FD164B2B
:10810000002103205B68984701F012FF0128FBD192
:10811000B7E76B68002BACD0BB42AAD1AB689945DE
:1081200014D04FF00108A6E7696811B109689142BF
:10813000B2D05968ADE7617D94F80D31324699426D
:1081400028BF1946204601F0E1F8B3E70025CBE748
:10815000C80F0020D00B0020E00B0020F8B50E4621
:10816000054608F0D3FE314607462846FFF7E6FEEF
:10817000044620B1384608F0CDFE2046F8BD01F097
:108180006DFE224631462846FFF760FF044638461A
:1081900008F0C0FE2046F8BD13B50446694612F04B
:1081A0009AFA204612F021FCFF28024606D020460B
:1081B0009DF80010EDF7AEF902B010BD0048FBE7E6
:1081C0000080FFFF4FF4007307B50A490DF1060266
:1081D000ADF8063012F09BFABDF80630B3F5007F1B
:1081E00005D1022808BF002003B05DF804FB012080
:1081F000FAE700BFD4260020024B1960024B18603A
:10820000FEE700BFD80B0020D428002008B550B9E5
:108210000548064B01601A60054B1A68054B1A6049
:108220001868FFF7E9FF08BDD80B0020D828002008
:10823000B8260020D4280020054B1B680BB918462F
:108240007047834201D01B69F8E70120704700BFE7
:10825000E0280020094A13680BB91846704783428A
:1082600007D11B6901201360054A1368013B1360A5
:10827000704703F110021B69EEE700BFE028002001
:10828000DC2800202DE9F74F064608F046FEDFF80F
:108290002881012398F800B0DFF820910190BBF10C
:1082A000000F06D089F8003003B0BDE8F04F08F0A9
:1082B0003ABE3F4F88F8003089F800B012F0F5FA66
:1082C00008B112F0F0FA3D683A495DB9DFF8F0A064
:1082D000DAF800200024AA423B682FD84FF0FF3183
:1082E00034483BE06B7D8BB12B68B34202D09A1BC4
:1082F0008A420BD96A6813442B60AB68003A18BFF6
:108300000122003B18BF01236A75AB752D69DCE7BC
:10831000907D20B1107D88429CBF014614461269B1
:10832000002AF5D1002CD9D0D4E90001A275411A58
:10833000D4E90232204698470135C9E71A46FF21A1
:10834000EEE75A7D4AB11A68B24224D0921B8242AB
:1083500021D8914201D311461C461B69002BF0D154
:108360005CB12046FFF776FF38B13B683C60236183
:10837000DAF800300133CAF800303B685A7D6AB938
:1083800012F08FFA064699F80030002B94D101982C
:1083900088F8003088E71C460021DEE7186800F006
:1083A000D3F8044612F07DFA0646002C84D1EAE7A1
:1083B000E0280020FCFFFFBFFA2C0020F92C002051
:1083C000DC28002038B5054608B31822002112F039
:1083D00025FE08F0A2FD02462846FFF72DFF20B13A
:1083E000104608F0A0FD022038BD0A4B1C6854B9A5
:1083F00009491D600B68104601332C610B6008F0C1
:1084000092FD2046F0E704F110032469EFE7012014
:10841000EAE700BFE0280020DC28002038B5044649
:10842000FFF70AFF08F079FD05462046FFF704FF35
:10843000637D23B9284608F076FD032038BD00236C
:108440006375064B1B68A34203D112F02AFAFFF7AB
:1084500019FF284608F067FD0020EFE7E02800201C
:108460002DE9F84FDDF82890984604460D469246CF
:10847000FFF7E2FEDDF830B008F04FFD074612F0DE
:1084800010FA06462046FFF7D7FE637D23B120464B
:10849000FFF7C4FF0023A375BAF1010F23D175B90B
:1084A000B8F1000F21D1B9F1000F03D05A4631467F
:1084B0002046C847384608F036FD002019E035440C
:1084C0000D4BAA1B9A4210D8012363759DF82C30DE
:1084D0003046C4E90058C4F808902375C4F80CB0BD
:1084E000FFF7D0FEE6E7AE42EAD1384608F01BFDC2
:1084F0000120BDE8F88F00BFFCFFFFBF2DE9F04170
:1085000007468846FFF798FE08F007FD3D680646D7
:1085100012F0C7F97B7D7BB185420DD0094B2C1A37
:108520009C4209D8304608F0FEFCB8F1010F08BFA4
:1085300025462846BDE8F081304608F0F4FC0025C9
:10854000F7E700BFFCFFFFBF08B50023044A194648
:1085500000F086FD10B1012818BF032008BD00BF40
:108560006DA803000E232DE9F74F06460F4614466B
:1085700000254FF00609DFF854801370EBB209FBB9
:1085800003F3D8F80010CA185079012807D92078C9
:10859000A0F10E035842584103B0BDE8F08F31F905
:1085A00003B01179B2F902A030460022019112F015
:1085B00041F9019908B90135E0E72170B7F90030B8
:1085C0005B45F8DB5345F6DC0020E5E7DC0B0020DB
:1085D000014912F06CB900BF41A10200014912F03B
:1085E00066B900BF15A1020070B5164E03280446F7
:1085F0000D4633781ED023FA04F202F00102AA429B
:108600001DD053B10122A240A54023EA02032B430F
:10861000DBB233704BB1012070BD2DB10A4B01208C
:108620001B6898473378EDE73570074B00201B68CF
:108630009847F0E79A07DED003F0FC03E9E7002053
:1086400070BD00BFFC2C002020290020F8B5054695
:108650000C4608F05BFC104F06463B7833B1012D09
:1086600004D01CB90D48EFF78BFE3C70214628461C
:10867000FFF7BAFF0A4B04461B783BB93B782BB98E
:1086800012F06FFA10B1074B1B689847304608F09C
:1086900041FC2046F8BD00BFFD2C0020F42800203E
:1086A000FC2C0020E00B0020054A0B46117831B16C
:1086B00000211170034A0121526818781047704751
:1086C000FD2C0020E00B002038B5074D04462B7828
:1086D000834207D001F016FC20462C70BDE83840DC
:1086E000EFF7A0B938BD00BFFB2C002038B5044619
:1086F00080B108F00BFC012104460846EFF732F97F
:1087000001210B4A084609F0F2FA2046BDE838403C
:1087100008F000BC08F0FAFB054621460120EFF7FF
:1087200021F901202146024A09F0E1FA2846EDE745
:10873000FAD203001B4B022910B5187002D003298E
:1087400004D010BD184B1B78002BFAD1FFF7D0FADC
:108750000028F6D04FF00052144BC3F88020BFF32E
:108760004F8FBFF36F8F01F0A5FB0028E9D001F018
:1087700017FA0028E5D10E4B1C6834B123689847DE
:10878000BDE81040002001F0B1BB11F0E9FF094B3A
:10879000186009F038FB084B1860204601F092FB86
:1087A000EEE700BF310D0020FB2C002000E100E0CF
:1087B000402900201C2900201829002038B5044633
:1087C0000D46FFF795FA80B14FF00052124B1A6038
:1087D00001F070FB48B9012D07D8012001F086FB9C
:1087E0000E4B1B6823B15B6898470D4B1C7038BD5E
:1087F00009F009FB0B4B1A68801A1860EFF702FFAB
:108800004FF47A72084B1B6802FB003011F0AAFF8C
:10881000012001F057FBE8E700E100E040290020DB
:10882000310D0020182900201C290020F0B585B04A
:1088300008F06CFB304D04462B7823B12F48EFF73E
:108840009FFD00284BD1EFF72DFE02AA03A912F0DD
:1088500072F90346002833D012F081F9029B984246
:108860001ED10020264B03991B68264E994230707A
:1088700022D90027C91A012320482B70224A3346E7
:10888000CDE9007709F076FA002830D11F4A137835
:10889000D90718D4204608F03DFB002005B0F0BDF4
:1088A00012F05BF9029B98421FD00023184614492E
:1088B000144A0968137003910121FFF795FEE9E757
:1088C00020462B70E7E731780029E3D103F0FE035F
:1088D0001370002BDED10E4B1B689847DAE7204659
:1088E00008F018FB032005B0F0BD0220BAE703230F
:1088F00020462F703370F3E7FD2C0020F428002071
:1089000014290020300D0020A9860200FC2C002034
:108910002029002070B508F0F9FA164D04462B788E
:108920000BBB154A15491370154B164A16481A60A9
:10893000164A174E5A60EFF7A9F816491648EFF78E
:10894000A5F8164B80203360EBF770FD052804BFB7
:10895000134B3360134B5B6F9B0542BF0222124BDC
:108960001A6001232B70EFF7F1FB204608F0D2FAD2
:10897000002070BDFE2C0020FD2C002000D3030041
:10898000E00B00202D880200E42800204D86020024
:108990002029002008D30300EC280020C98602000B
:1089A000ED860200004000501429002037B50C4627
:1089B000234D59B90A46072105F07EFD214BAC64D1
:1089C0005C6003B0BDE8304005F094BD072211465D
:1089D00005F072FD07221C4B0121DA60237901A802
:1089E00085F848306379019312F065FA019BC2B2B1
:1089F000D34000F00F0040EA031085F84900A27947
:108A000085F84A20E27985F84B202068E8640193D4
:108A10009BB1012102888B4208D82379013B134482
:108A20000A4A136205F066FD03B030BD30F81150FC
:108A30000131AA4228BF2A46EDE71A46EDE700BFFA
:108A4000003F00B0483F00B0006000B8004000B8F0
:108A500010B5054C237823B103F086FB002020706D
:108A600010BD0320FCE700BF002D002008B503F077
:108A700049FB0122014B00201A7008BD002D002087
:108A8000431C07D06FF0FF02034B10405A62A3F55E
:108A900080535862704700BF00E000B810B504234F
:108AA0004FF03A4101240A4AD1F81801C2F81831AE
:108AB000C2F814314C634FF400511163410742BFB7
:108AC000C2F81431A2F58052C2F8183110BD00BFAF
:108AD000002000BA00F01803182B0AD003070AD4AC
:108AE00040F2011310F0100018BF1846034BD8676E
:108AF00070470020FAE70120F8E700BF003F00B010
:108B0000344B2DE9F7431E6801F4007900F00103AE
:108B1000174653EA090205460C462ED04FF00008CE
:108B200003B30023002201200021CDE9008804F0D6
:108B300003FB4146304603F09DF841467083012017
:108B4000FFF7BCF9716B06F1D80003F00DF922496B
:108B50000868FFF795FF4FF0FF330B60337C43F05D
:108B600004033374B9F1000F07D00121304611F02E
:108B7000B6FD24F4007405430C43D6E94A232A4089
:108B8000234052EA030103D014493046096888475C
:108B9000FB070FD51249134A0868002113681160BA
:108BA0000121114A117003B19847104B0021022096
:108BB0005B68984717F00E0F08D040F2F3123B2184
:108BC000002003B0BDE8F043FFF720BB03B0BDE8D1
:108BD000F08300BFB8260020E80B0020EC0B00203B
:108BE0003429002038290020022D0020E00B00202D
:108BF000F7B504461046D4E94AC7DDE908268CEAF1
:108C0000020587EA06010540194085EA0C0579400E
:108C1000C4E94A51002523F4004106EA010320F08B
:108C2000010043F40073024043F00203CDE9005514
:108C300004F082FA237C9A0717D5D4F82C319B05CF
:108C400013D54FF48811204611F049FD237C65F3BC
:108C500041032374D4E94A2302400B4052EA030142
:108C600003D00349204609688847002003B0F0BDBF
:108C7000EC0B002038B10368044A002B08BF1346F0
:108C8000034A13607047014BFAE700BF53A9030082
:108C9000EC0B0020024B986E00F00F00704700BFF5
:108CA000003F00B00F2938B505460C460ED801F03C
:108CB0003FF901280CD1074A2846936E23F00F0391
:108CC0002343936611F068FF002038BD0120FCE7C4
:108CD0000220FAE7003F00B0014BD86E704700BF9A
:108CE000003F00B0014B0020D9667047003F00B044
:108CF00003282DE9F7434CD8274B13F80080274B66
:108D00001E5C274B13F8009008F000F9074604F0AA
:108D1000E1FB054640B100230022CDE900330120EC
:108D20000023002104F008FA04F0DCFB48B1002322
:108D30000022CDE90033002000234FF4004104F06D
:108D4000FBF926B3174BDC6C04F00804164B3146D4
:108D5000DC64404604F0D4FD4A463146404604F007
:108D600059FE124BDC6465B1114B1868416BD83069
:108D700002F0FAFF0F490868FFF782FE4FF0FF3359
:108D80000B60384603B0BDE8F04308F0C3B8344682
:108D9000DCE703B0BDE8F08318D3030014D303006D
:108DA00010D30300004000B8006000B8005000B8C5
:108DB000B8260020E80B00200F4A136C13F0A00F18
:108DC00015D1506C10F0040013D10C4BD3F8EC3ECD
:108DD00023F07F4323F0FF035BB1D368C3F3036247
:108DE000092A07D0B2F10C0018BF012070470020FB
:108DF00070470120704700BF000002B8003000B08B
:108E000070B504460D4616462BB1FFF747FE2946BE
:108E1000204601F087FA4FF03A420124D368D26A23
:108E200003F0070306339C40C2F30C03E41AA4B218
:108E3000B44228BF344629462246024801F0BCFB12
:108E4000204670BD0C0000BA70B50D46064620B92C
:108E5000194B1B68A3B1032011E001F069F8012848
:108E600028D1164B93F90040C4F12704641BC4F1C8
:108E70001C03002BB8BF5B42232B0CDD012070BD0F
:108E8000A1F10B03002BB8BF5B42232BF6DC0B4B8D
:108E900019700020F3E7B57408F038F8084AE402C6
:108EA000136A04F4FF2423F4FF231C43146208F024
:108EB00031F8EEE70220E2E7B8260020FF2C002080
:108EC00000C000B8094B08465A6A91020BD4D3F887
:108ED0000021D20708D4D3F8803013F4706F14BF88
:108EE0000120002070470120704700BF004001B8FA
:108EF000F8B50D46436B02EA010423EA010323435C
:108F000043633D4A01F00B0323EA0401D16423408B
:108F1000A2F580526F070646D36410D50121FFF7F2
:108F2000D1FF60B104F08EFC4FF4007314F0040F15
:108F300014BF324A324A53620422324B1A64E906A1
:108F400006D514F0100F14BF00221B222E4B5A65B9
:108F50002A061DD5230616D54FF40012274B1A6298
:108F6000012203F58053C3F8002107F0CFFF0E2143
:108F70000746032002F044FE40F20122224B38460D
:108F8000DA6207F0C7FF214606F1D80002F0ECFED6
:108F9000EF0503D5E00529D502F002FEA90503D5AA
:108FA000A20526D502F008FE15F0600F09D0D6F80C
:108FB000C810304611F0CEFC8022144B9867144B39
:108FC0001A612B0510D504F03DFC124A14F4006F11
:108FD000D2F8EC3E14BF43F0006323F00063C2F804
:108FE000EC3E0422074B1A640020F8BD02F0D2FDCB
:108FF000D4E702F0DBFDD7E7006000B8005001B80D
:10900000006001B8002002B8004000B8003F00B086
:10901000000002B8003000B0014B1868704700BF74
:109020003029002037B5012300240022CDE9003487
:1090300000231046194604F07FF8022002F05AF986
:10904000054D064B21461C6002206B6898472B6833
:1090500003B0BDE830401847E00B0020382900205D
:109060002DE9FF4102290C4615469846039005D18B
:10907000FFF7D8FF002004B0BDE8F08107F046FFFD
:10908000184E074633683BB1AB4205D007F042FFAC
:10909000002301203360EEE7134B0022C3F8008069
:1090A00001233560CDE90033002300251046194621
:1090B00004F042F80D4B02201D7002F01BF922460D
:1090C0002B4603A9022002F033F90446084B039A09
:1090D0001A60084B1B689847384607F01BFF002CA6
:1090E000C8D1D5E73829002034290020022D0020DE
:1090F00030290020E00B0020044B5B6E5B054EBF67
:109100000120034B187800F00100704700C001B83F
:10911000022D0020014B186A02F084BD004001B806
:10912000014B186A11F061BE004001B8437C5A1F20
:10913000012A01D9082B05D14B7C2BB1012B05D07D
:10914000022B05D011F031BC02487047024870472D
:109150000248704720A1070048E8010040420F0084
:1091600070B50E4607F0D2FE054600F005FF044636
:1091700020B1284607F0CEFE204670BD04F062FB09
:10918000104B3278D3F8EC3E022A23F0F00315D0CE
:10919000101F42424241520043EA02137278022AEF
:1091A0000ED0111F4A424A41520043EA8213054A37
:1091B000C2F8EC3E0422044B1A64DAE70122EBE722
:1091C0000122F2E7003000B0002002B870B50E4670
:1091D00007F09CFE054600F0E5FE044620B1284657
:1091E00007F098FE204670BD04F02CFB104B32783F
:1091F000D3F8EC3E022A23F00F0314D0101F424292
:109200004241520013437278022A0ED0111F4A4283
:109210004A41520043EA8203054AC2F8EC3E042266
:10922000044B1A64DBE70122ECE70122F2E700BFFE
:10923000003000B0002002B82DE9F8430E78044653
:10924000042E0D4690F804810BD100275FFA87F9B0
:10925000484601F0FFFC08B14E4602E00137042FFA
:10926000F4D1304601F0F6FC002845D094F80431E2
:10927000B34208D1AA88A36C9A4204D16A88B4F890
:1092800006319A4235D084F80461AB883046A4F8A0
:1092900008316B88A4F80631AB8804F58275A364A5
:1092A000FF23A37511F025FD6075284601F092FC9F
:1092B00018BB284601F0C4FCF8B9D4F8C43053B147
:1092C00094F80411414506D02046B3F91220ECF77A
:1092D000A3F884F80D01204601F0FEFC0949A4F82A
:1092E00008010123084AD1F8FC1004F1D80003F06A
:1092F00011FD0020BDE8F88301200E2384F804311D
:10930000F8E700BF004F00B0A43F00B070B50546BD
:1093100090F804010C460E281DD0FF291DD01AB16B
:109320004FF0FF320E4B1A6011F0E3FC064695F841
:10933000040101F0C3FC844228BF0446E4B2B442F5
:1093400038BF3446E0B2A87501F0BAFDA0F1FF03C2
:109350005842584170BD0220FCE70120FAE700BFE7
:10936000F00B002010B590F8043104460E2B3ED0CF
:10937000D0F8C4304175BBB3D0F8D420DAB990F836
:109380000D318B421DD300222046FFF7BFFF88B965
:10939000184B1B7813F0FD0F0BD1204601F09CFCFD
:1093A00015490123154AD1F8FC1004F1D80003F047
:1093B000B1FC002010BDB0F92420B3F912309A425C
:1093C000E1DD0022204694F80D11FFF79FFF0028F1
:1093D000F0D1C4F8C400204611F00FF90146204630
:1093E000BDE81040FEF7BABEFF238375E1E7022017
:1093F000E0E700BF100D0020004F00B0A43F00B018
:10940000C36B012B01D10020704770B505464D4953
:109410008EB011F0ABFCD5F8C46001462C8BC5F8BA
:10942000C80026B1336813B15B68002B5CD107F02C
:109430006DFD07F06FFD0123D5F8C8108DF80E30D3
:10944000B389D6E90120E31A9BB200FB03223E4810
:10945000ADF80C3003680292994207D0284611F00B
:1094600079FA802239493A4B88671A61394C384E6B
:1094700000F05EFD0128FBD1236CDA07F8D4336CD1
:10948000DB01F5D4D5F8C81028460D919DF80E20C3
:10949000029908AB03F032F918BB08A901A803F040
:1094A00045FBF0B92A8B2C4B5A642B7C60F34103AB
:1094B0002B7411F0A8FBD5F8C43002465B6919681B
:1094C000431EDBB2FD2B049114D9CC1C12D9234BC3
:1094D00001311B6815D0D81C10D8284604A9049364
:1094E0000AE002200EB070BD1A68032A9FD99B6A59
:1094F0005B0EA3E7284604A911F06FFB00200EB015
:1095000070BDD91C04D8284604A9049311F065FB4A
:10951000D5F82C319B0504D42B7C43F002032B742B
:10952000ECE74FF48031284611F0D9F8D5E94A2309
:1095300002400B4052EA0301E0D00949284609687D
:109540008847DBE7FC4F00B024290020003F00B033
:10955000000002B800C002B8008001B8FC0B002077
:10956000EC0B002038B590F8105104463DB307F0DD
:10957000CDFC1F22124B013D5A621540114A12497F
:109580005562D4F814518D66D4F81851CD66D1F8CF
:109590000011C9070FD54FF0FF31C3F80411216C3A
:1095A000C2F804114FF0F041C3F81011E37CDB0660
:1095B0000B40C2F81031BDE8384007F0ABBC38BDF5
:1095C000006001B8005001B8004001B82DE9F74F24
:1095D00006461546084619B9012003B0BDE8F08FCC
:1095E000002AF9D0032904D8002101F02DFA00281F
:1095F000F2D0B0F90010837800290488077990F838
:1096000005B0B0F806C003F00702C0F2CE80A2F1A8
:109610000708D8F1000141EB0801052A297394BF1E
:109620000021C3F30011C3F38010697399092874F2
:1096300001F00201C3F3C0000143C3F34013697496
:10964000AB74EF74736BA5F814C0D80600F1998061
:10965000063A012A00F29580554B4FF001095B6DE7
:109660004FF03A431A6DDB6C083C03F007030633F6
:1096700009FA03F9002309F1FF3942F0005804EA1E
:10968000090418F804A0013404EA0904AB60631D5E
:1096900003EA09035A1C02EA090218F8037018F8D1
:1096A0000220BAF1800F737C18BFAAF1320A47EA90
:1096B00002270CBF6FF07F0A4FFA8AFA3FB2A3B3BA
:1096C0000020D6F8D0300BB1514698470134E873EA
:1096D00085F80EA004EA090418F80410013404EA1D
:1096E000090418F80430013404EA090441EA0321AA
:1096F00018F80430013404EA090441EA034118F877
:10970000043041EA036117F4804305D0294BDB6E36
:10971000B3FA83F35B095B0030466A7C03F0BCFB61
:1097200006232860AB71002057E7F90425D5D6F849
:10973000C830ABB11A68022A12D993F82400C7F3D3
:109740000B03DB0008B1B3FBF0F39B45B8D8002B4B
:10975000B6D0CBEB0B20B0FBF3F0C043C0B2B0E708
:1097600029463046FFF7E2FC0190304611F00DF932
:10977000019BB3FBF0F0C0B2E1E718F80400400031
:10978000ECE700230020EB730B4BDA69C2F30723ED
:10979000120448BF63F0FF035AB212F1800F1CBFDE
:1097A000323B5AB2AA730346BBE7022015E700BF5B
:1097B000004000B8003F00B000C000B870B54FF0E6
:1097C0003A434FF480640A4DD3F818610020C5F87D
:1097D0001841C5F8144104F0F9F84FF400532B6711
:1097E000730542BF034BC5F81441C3F8184170BD5F
:1097F000002000BA001000BA082310B1024A136416
:109800007047024AFBE700BF001002B8002002B810
:10981000F8B504460E4611B9037C5A0647D44FF6F4
:10982000FF73A18BD4F8C870994204D0344B1B68E5
:109830000BB120469847334D2B68BB4254D0324B76
:109840001B683BB11FB13A68002A4FD0BF68394648
:10985000204698470727204601F03EFA002E39D0CF
:1098600004F048FE0620294B94F9122093F90030A9
:109870002749C3F127039B1A0A6ADB0222F4FF225D
:1098800003F4FF2313430B62D4F8C820214B2A6052
:10989000986701F07DFB002501211F4A1F4B1170C5
:1098A000204683F8845011F077F92846F8BD4FF62A
:1098B000FF71144DD0F8C8702A6866F3861397427A
:1098C0008183037417D0104B1B68002BBAD101F0B1
:1098D00003FA072712493B46124AD1F8FC1004F15B
:1098E000D80003F017FABBE70127B4E71746204674
:1098F00039469847AEE701F0EFF90127EAE700BFE4
:109900002C2900202429002028290020FF2C0020B9
:1099100000C000B8006000B8012D0020003F00B07A
:10992000004F00B0A43F00B02DE9F8430D4600F011
:10993000FFFA0128044630D1194F3B7883B92846F5
:10994000EAF7E4FE054610B9EAF72AFF2C463B7811
:109950001BB10121022003F055F92046BDE8F88330
:109960000021022003F04EF911F0CFF90646DFF88E
:109970003490DFF83480D9F8F4331B07DFD411F0CA
:10998000C4F9801B404541F6A2224FF045018CBF2F
:1099900000200120FEF73AFCEDE70224DDE700BFDE
:1099A000032D0020000002B83F420F0008B55822E6
:1099B0000021064811F032FB1022FF21044811F06B
:1099C0002DFBBDE8084004F095BD00BFF03E00B09F
:1099D000343F00B0002373B583746923C0F8E030CE
:1099E00074234FF0FF350E26A0F8F43064230446AC
:1099F000C0E93933C0E93B33C0E9075580F8046159
:109A000085644575C58203F075FD2046FFF7CEFFDE
:109A100094F912102046FFF717FA6023114A40F616
:109A2000FF71D3644FF03A42116311670E4A294621
:109A3000D36440220D4B20461A64626BFFF758FA3C
:109A4000002240F2022310461946CDE9006603F0D9
:109A500073FB01F013F9204602B0BDE87040FEF739
:109A6000B1BB00BF004000B8005000B8002002B8F1
:109A7000044BD3F8EC3E13F0806F14BF232000207A
:109A8000704700BF003000B00246F8B5B0F808419A
:109A900000F1D805FFF7ECFF0B688E68013304BFB7
:109AA000D2F8E0300B604B68013304BFD2F8EC30E1
:109AB0004B60771C37D1D2F8E830CF688B607E1CC2
:109AC00038D1D2F8E4600F69CE60013704BFD2F814
:109AD000D8700F614F69013704BFD2F8DC704F6155
:109AE0008F69013704BFD2F8F0708F618F6947BB6F
:109AF000C0F1640408688C61C2F8E8304B68C2E9C0
:109B00003806C2E93B340B692846C2F8D8304B69A5
:109B10000F49C2F8DC30D1F8FC1007230D4A03F0DE
:109B2000F9F80020F8BD04F169031B1AB34238BFED
:109B30003346C2E704F17406361ABE4238BF3E46C9
:109B4000C1E76934241ABC4238BF3C46D2E700BFA3
:109B5000004F00B0A43F00B038B50446074D214681
:109B60002868621C003818BF012002F0BBFA2B687D
:109B70000020003B18BF0123A37038BD3C29002002
:109B800038B5054C054B417800782568236002F014
:109B9000FBF900B1256038BD3C29002024D3030027
:109BA00070B507F0B3F905460B4E00F0C1F9012876
:109BB00004D0284607F0AEF9022070BDF36813F018
:109BC000706FF2D1F46814F08054EED1284607F09B
:109BD000A1F92046F1E700BF000002B80A4B10B51A
:109BE0001B68044673B1094B48B10121084A1A6049
:109BF000022003F007F80020064B1C7010BD014640
:109C00001860F5E70220F9E73C29002040290020F0
:109C10001CD30300032D0020014B1878704700BFB0
:109C2000032D002038B507F071F94FF6FF710A4A8D
:109C300013888B4203D107F06DF9032038BD074C20
:109C4000074D1B046566A4F580546366118007F018
:109C500061F90020F2E700BF0E0D0020006001B89E
:109C60000000FFFF2DE9F34105460F461446FFF7BC
:109C7000A3F890B1DFF8E08102F0B0FFD8F814301B
:109C8000DE0740F1CE8007F041F90646032001F0DF
:109C900055FC38B1304607F03DF90226304602B097
:109CA000BDE8F081D8F8143013F0060FF2D1304639
:109CB00007F030F95C4B4FF400612846D3F8EC8E86
:109CC000D3F8CC6E04F00CFC38B14FF400720121D3
:109CD000564B08461A64FEF7F1F839462846FEF757
:109CE0003DFA514BC3F8CC6EC3F8EC8E0646002803
:109CF000D4D12B7CD80601D4002C55D0C4F340001D
:109D000003F066FD022314F4807F1FBF484A002140
:109D100013644FF03A420BBF444A9161136453639A
:109D200003F090FD4FF4806314F0040F14BF414A18
:109D3000414A14F0400F53624FF004023B4B20465F
:109D40001A644FF0400314BF3C4A3D4AC2F88830C1
:109D5000FEF7C0FE284610F04FFE38B14FF4807376
:109D600014F0010F14BF324A304A1364A10642D5E1
:109D70004FF6FF726B8C93420FD0324A3249526ECB
:109D8000100CC2F301120132B3FBF2F30880294A2E
:109D900029492E481B0448665366003C18BF01241D
:109DA0002B7C64F304132B74284610F0F2FEF0B100
:109DB000284610F021FED0B14FF40031284604F0BF
:109DC0008FFB431C03229BB2214801A910F051FFD5
:109DD0009DF8042002F00703052B9DF8053013D1F0
:109DE00012070BD443F480731A4AC2F8D43000200F
:109DF00010F07CFF52E7FFF715FFCEE713F0040FDA
:109E000009D19DF80630EDE703F03002202A05D194
:109E100013F0010FF4E74FF48073E5E79DF8063087
:109E2000E2E703263AE700BF003000B0002002B8A6
:109E3000001002B8005001B8006001B800D000B8AE
:109E400000E000B8004001B80E0D00200000FFFF48
:109E50000C0000BA003E00B000C001B808B5094BC4
:109E6000D3F84C315A1C0CD05B000AD40320FEF707
:109E70003FFF4FF08062044BDA6401225A610222F4
:109E80009A6208BD0080E00F001002B84FF4002273
:109E9000034B186C03F500531A64C0F3C0407047BD
:109EA000000002B8014B024A1A60704728290020BE
:109EB000AD890200024B586900F00100704700BFF5
:109EC00000C001B8084B5A69D10707D508B901F09D
:109ED000EDB95B69DA0706D401F0DAB95B69DB0733
:109EE00001D40028F8D1704700C001B84FF080635A
:109EF00010B1024A53617047014AFBE7001002B8F3
:109F0000002002B8202350B1064AC2F8F433064BB1
:109F1000196C11F0020104D1032002F073BE034A50
:109F2000F3E77047001002B800C002B8002002B882
:109F30000F4BDB68C3F30363013B0B2B0FD8DFE848
:109F400003F006060C06060606080A0808080220A2
:109F50007047042070470520704703207047054B69
:109F60005B6913F0060F0CBF01200420704700BF8F
:109F7000000002B800C001B8094AD368C3F3036304
:109F80000B2B08D06FF49050184100F0010080F0C6
:109F9000010040007047106C10F48030EDD1704724
:109FA000000002B80C4AD368C3F30363062B07D83A
:109FB000042BD8B20BD8C31E5842584140007047FA
:109FC000072B06D1D2F844010028ECD170470220BB
:109FD00070470020704700BF000002B8F0B5CF07FF
:109FE0002BD5002A14BFAA2555250E461E24154F31
:109FF00001F0030383F001033B449B7806F0070C58
:10A0000017F80CC0013C63444FEA5606F6D10E4ED9
:10A0100073436FF481769B0C334482B991FAA1F1BA
:10A0200095FAA5F54A082D0F490042EAC57201F0DC
:10A030000204C474C0E91023F0BDAA25D5E7034A81
:10A04000F7E700BF38D3030036FC1000B7563512CF
:10A0500030B547F6FE74164BC3F83042456C04EA3F
:10A060004504144DC5F830420F245C66CC071CD55E
:10A07000DAB901246C664FF0FF34C3F80441056C73
:10A080000C4CC4F804514FF0F045C3F81051C37C98
:10A09000DB062B40C4F8103132B14FF03A430222B4
:10A0A000C0F88010C3F8F42030BD0224E2E700BFFE
:10A0B000006001B8005001B813B5437C0446033B6F
:10A0C000DBB2072B96BF104A0021D15CFEF70AFED7
:10A0D000012001F057F84FF4F0620C4BDA644FF4B2
:10A0E0000072A3F58053DA64637C053B012B08D82A
:10A0F0000421074B01229B6E0DEB0100019300F040
:10A1000021FB02B010BD00BF30D30300006000B8D7
:10A11000004001B8012310B580F8F6302823C0F8BC
:10A12000DC30042304464374044B196810F02FFA02
:10A130002046FFF7C1FF002010BD00BF7CD3030005
:10A14000012310B580F8F6302823C0F8DC30022354
:10A1500004464374044B196810F019FA2046FFF7BF
:10A16000ABFF002010BD00BF80D30300012910B554
:10A17000044604D90239012914D9032011E00B4BFC
:10A1800019680523012284F8F6204FF4BC72637429
:10A19000C4F8DC20204610F0FAF92046FFF78CFFC7
:10A1A000002010BD024B19680623EBE778D30300AB
:10A1B00074D30300012310B580F8F6304FF4BC735C
:10A1C000C0F8DC30082304464374044B196810F0CF
:10A1D000DEF92046FFF770FF002010BD70D30300AA
:10A1E00038B5184B04461D6845B1EB6833B1286893
:10A1F00001F016FCAB68186801F012FC124B1B68EA
:10A200002BB1DA681AB19B68186801F009FC0F4B92
:10A210001B682BB1DA681AB19B68186801F000FC62
:10A220000B4B1B682BB1DA681AB19B68186801F0F8
:10A23000F7FB2046FFF784FF2046BDE83840FFF7D4
:10A240003BBF00BF80D303007CD3030078D303005F
:10A2500074D30300F8B5D0F8143104468B420D4690
:10A26000164603D190F81031202B0ED032462946E5
:10A270002046FFF7B3FE202384F810310023C4F8F2
:10A280001451C4F81831FFF76DF94FF00077074B00
:10A2900032461F6429462046FFF7DAFE8022044B2F
:10A2A0001A6103F500531F64F8BD00BF001002B827
:10A2B000000002B8072330B5124D134CEB63134B6B
:10A2C00069B1442140F04000596398630123E3637E
:10A2D0004FF4804392B1C4F804310A4A07E059634D
:10A2E00099634FF48043084AE163C4F80431C2F82B
:10A2F0000831C2F80C31C2F8103130BDC5F8043154
:10A30000EBE700BF006000B8005000B8004000B8A4
:10A31000034BD3F8F80780F00070C0F3406070473B
:10A32000000002B810B5407CA0B1304BD3F8B82083
:10A3300012F0060F01D004280DD94FF470622C4B97
:10A34000DA604FF48072A3F58053DA600022274B65
:10A35000C3F8B42010BD02F0020412F0040202D0CF
:10A360000B789B0637D4002C39D00B7803F00F0301
:10A37000072B34D14B78022B31D98B7813F03E0F59
:10A380002DD0CC7814F0040F29D014F0010F0CBF9D
:10A3900004230A23A40748BF0633CB5CFBB1002A81
:10A3A00014BF02220122042840F6FF7003F01F01AF
:10A3B00008BF4900013940EA01310E4801654FF4F8
:10A3C00070600B491202C860A1F58051CA60074A4B
:10A3D000C2F8B430BEE7002CC7D18B7823B9002374
:10A3E000044A13650122EAE70222DCE7003E00B0DE
:10A3F000006000B8004000B80A68064B12F0802FD9
:10A400001CBF42F20101C3F82812C3F88822C3F826
:10A410008C227047004001B8F0B585B06C460E46FE
:10A420000B4B074615460FCB84E80F00094BD3F8BA
:10A430004822009226B16B1EDBB2FD2B88BF326032
:10A440002A462146384610F0C8FB05B0F0BD00BFD3
:10A4500040D303000080E00F30B50823054685B0E7
:10A4600080B9094AC2F8FC3351B96C46074B0FCB8F
:10A4700084E80F00064B2A4621461868FFF7CCFFF8
:10A4800005B030BD034AEDE7001002B850D3030019
:10A49000B8260020002002B838B5044601F0D6F9ED
:10A4A00001213A20E9F792FFE0782179154A40EA44
:10A4B0000143C2F8DC34E579A37943EA0543C2F8E5
:10A4C000E03423781BB100230422EAF791FD63787E
:10A4D0002BB100230422E179A079EAF789FD2278E3
:10A4E000012352B1084AC2F8D8346278022332B14B
:10A4F000054A0020C2F8D83438BD044AF3E7034ABD
:10A50000F7E700BF00C0035000D0035000E0035045
:10A510004FF03A43D3F81421D2031ED54FF48032C2
:10A520000E49C1F81421A1F58051C1F818215A6DC6
:10A53000D1B2C2F30722C3F8A410C3F8A4200422A6
:10A54000C3F8A4200022C3F8A420C3F8A420C3F8B1
:10A55000A420C3F8A420C3F8A4207047002000BAA8
:10A56000F8B50D464FF03A441746064606F0CEFCC5
:10A5700001230421074A6363E76026616561C2F82D
:10A580001411054AC2F8843106F0C4FC0DB102234F
:10A590006363F8BD002000BA00E100E0054B012232
:10A5A00018604FF03A435A6740F6FF72D964186555
:10A5B0001A677047482900202DE9F041054601241B
:10A5C000006800F00700063004FA00F3A868EC68A1
:10A5D0005E1EA04262D000EA060E6C6810441E4364
:10A5E0000640A3EB0E000EEB040C8242644618D921
:10A5F000D31A0EEB030298B1431E052B04D94B1C52
:10A60000ACEB0303022B59D80B460844ACEB010E0C
:10A6100003EB0E0113F8014B83420C70F8D1014695
:10A620006C688AB1531E052B01F1010302D9E01AAF
:10A63000022812D80A44611E00E0013313F8010C0D
:10A64000934201F8010FF8D106F060FC0223AE60DE
:10A65000AB62BDE8F04106F05DBC0B46204622F03F
:10A66000030E8E4453F804CB734540F804CBF9D164
:10A6700022F00303D01A920701EB030C04EB03074B
:10A68000E2D0CA5C0128E254DED09CF801300228F6
:10A690007B70D9D09CF80230BB70D5E7042A35D93D
:10A6A0000878043AA86148780431A86111F8020CCE
:10A6B000A86111F8010CA861A8688CE70B4620F08E
:10A6C00003070F44ACEB010E1C684EF80340043343
:10A6D000BB42F9D120F0030310F0030F01EB030E8E
:10A6E000A0EB03040CEB030728D011F80380012C26
:10A6F0000CF8038022D09EF80130022C7B7018BF2A
:10A700009EF80230084418BFBB7088E7013A032A5C
:10A7100012D8DFE802F00F1507020B4613F8012BE1
:10A720001946AA610A4612F8013BAB61114611F8BD
:10A73000013BAB610B78AB61BDE8F08108446EE78B
:10A740000A46F3E738B50B46154601464FF03A4442
:10A7500070B101221048C4F8F4201A46FFF72CFF0C
:10A7600025B14FF03A430422C3F8F420002038BD4D
:10A7700073B1D4F8D8209A4284BF0122C4F8F420DF
:10A780004FF03A42C2F8D4300223C2F8F430E7E77F
:10A790000123C4F8F430E3E7CC0000BA10B506F0AA
:10A7A000B5FB4FF03A4301225A67C3F8B420C3F80F
:10A7B0008C20154A1549C3F890200722C3F8B02011
:10A7C000134B04461A800023124A13804FF4A02230
:10A7D000C1F81421A1F58051C1F818210E4A136067
:10A7E0000E4B1B6C5B020AD54FF480020C4B1868B1
:10A7F0000C4BD8301A6450F8A41C01F0B5FA20466E
:10A80000BDE8104006F086BB60110020002000BAB1
:10A81000CE2B0020CC2B002044290020000002B8C1
:10A82000B8260020002002B807220D4B01211A8013
:10A8300000220C4B1A804FF03A43C3F8F410C3F8CF
:10A84000CC204FF40052C3F8D000C3F8F020F0221F
:10A85000054B9A64A022A3F580539A64FFF79EBF2C
:10A86000CE2B0020CC2B0020006000B82DE9F04159
:10A87000044688B106F04AFB3D4E3E4A3388032C1D
:10A8800003F0780105463C4F03F07F0C11445DD185
:10A890003C6824B906F03EFB0320BDE8F08124F0BB
:10A8A0000104386820F00100A04254D100223A602F
:10A8B00022888C426FEA42426FEA5242228040D1A3
:10A8C0002E4CDFF8D0C02788ACF180083A46083A11
:10A8D00092B201F10800604528BF4046082A04D919
:10A8E000B0F900E0BEF1000F40DB228088780C88D0
:10A8F0004FF03A413B449B1ADBB2C4F30C048C6525
:10A900003380C1F89830C1F8B0204FF480221C4B3E
:10A9100000F00700C3F8142101221A4BC3F8842168
:10A92000FFF7F6FD04280CD14FF48002164B1B6C88
:10A93000164B1868164BD8301A6450F8A41C01F056
:10A9400013FA284606F0E6FA0020A6E7601E012862
:10A9500098BF0C46A5E7094862440088A21A48BF80
:10A96000803208389042A3DC284693E70146AEE7E0
:10A97000CC2B00206011002044290020CE2B002089
:10A98000002000BA00E100E0000002B8B826002074
:10A99000002002B8E01100201249134B0A881B88DE
:10A9A00012481344083292B20A804FF03A41C1F87B
:10A9B000B0204FF480210E4A073BC2F81411012148
:10A9C00003F07803034498780A4A00F0070004284B
:10A9D000C2F8841103D10849CA681203FCD4074A9B
:10A9E00013607047CE2B0020CC2B0020601100207C
:10A9F000002000BA00E100E0000002B84429002075
:10AA000010B5054C206828B1C30701D4FFF72EFF0D
:10AA10000023236010BD00BF442900204FF4803381
:10AA2000084AC2F81831A2F58052C2F814314FF02A
:10AA30003A43D3F8AC30C3F30C03782B01D8FFF7BB
:10AA400067BD7047002000BA2DE9F84304460E4662
:10AA500006F05CFA514B81461A885148514D02F07C
:10AA60007801032C2D8802F07F03014417D14E4C4E
:10AA700024688CB92A44073A02F078028418034407
:10AA8000E31A48BF8033AB4210DB484606F042FA77
:10AA900000242046BDE8F88324F00104EFE7012CF0
:10AAA00002D0022CEBD1083D0C46E8E7002E44D042
:10AAB0008C4246D14FF03A42D2F858804FF03A419A
:10AAC0000127CA6C02F0070206329740D1F8AC2089
:10AAD000C2F30C029A4247DDB4F900302588002BFE
:10AAE000D3DBA378C5F30C0503F007037A1EA5EBAF
:10AAF00008053A43052B337005EA02052CD82DB220
:10AB0000E84340F236420421C00FFDF77FFB758019
:10AB1000E378264A337412687B1E03EA0803D118CF
:10AB2000B160A9B213FA85F5BD4291BF0023FF1AA7
:10AB3000B780F2609CBFB180F360484606F0EAF946
:10AB4000A7E7A4F10802824238BF04F17802B2F804
:10AB50000080C8F30C08B1E7154B5B6D003B18BFD4
:10AB60000123A5EBC305CAE74B6D7A1EA3EB0803CF
:10AB70003A431A400F4B15B2DB6862B9C3F3036363
:10AB8000D91E4B424B41DB0033700A4B72809B6CE9
:10AB9000C3F30723BDE70823F6E700BFCC2B002053
:10ABA00060110020CE2B00204429002048290020DD
:10ABB000004000B8000002B8054BA622D3F84C01B3
:10ABC0003121431C0CBF0120C0F38070FDF71EBB78
:10ABD0000080E00F38B5134D0446297819B92022BA
:10ABE000114810F01BFA6188104A23785180002127
:10ABF00013700F4A022BC2F8CC104FF0FF010D4A20
:10AC00000D4B11704FF007010C4A4FF00000C2F8D5
:10AC1000FC130CBF04220122C3F8FC2301232B7078
:10AC200038BD00BF042D0020E03F00B0100D002013
:10AC3000004001B8340D0020001002B8002002B816
:10AC4000034B1A6802609B8883800020704700BF16
:10AC5000100D002010B5044600F0F8FD064BD3F8A7
:10AC6000F83724B983F40033C3F3404010BDA31E6A
:10AC700058425841FAE700BF000002B84FF63F7251
:10AC800008B50A4BD3F8FC37934206D0084AC3F301
:10AC900001131370E022074B1A7000F031FE41F6E9
:10ACA0006A03B0FBF3F0044B186008BD000002B863
:10ACB000350D0020360D00204C29002020B102283F
:10ACC00004D1034B18787047024BFBE70020704714
:10ACD000350D0020360D00202DE9F74F846C4C22F5
:10ACE000022C38BF02246A49013C0B6AD1F8CC50CF
:10ACF0006849C3F38213DA400B680646A34290F812
:10AD000004B1654BDFF8ACA1DFF8AC91DFF8AC81A2
:10AD100002F0010214D11878904211D19AF8000083
:10AD200058450DD1F06C58B1A84209D1B57D99F8BC
:10AD30000000854204D1B8F8040003B0BDE8F08FEC
:10AD40000C6098F800101A700846FFF7B7FF002A49
:10AD500000F0868004234FF07F4100254F4AC2F85F
:10AD6000B8304F4BC3F8B810B37D1B06C2F8B830EB
:10AD70004FF08052494BC3F8B42000F0C1FD40F2BF
:10AD80007123B0FBF3F0192160431828B0FBF1F1F7
:10AD90004FEA054470D8002C78D0B4FA84F2C2F19E
:10ADA0002002C2F10F03012B38BF0123D440A1427E
:10ADB00001D2013B64086A1C03F01F0152008A4063
:10ADC000384F121B9208C7F8B0201A0242EA031249
:10ADD0001343019305EB052305EB0325324B40F6A6
:10ADE000C70218682B21003818BF0120FDF70EFAA2
:10ADF000FA222D4B02FB04F01B6840F6FF72B0FBF9
:10AE0000F3F00A235843294B00F57A74C3F8C420A1
:10AE1000019AA3F58053C3F8C420A3F58053C3F867
:10AE2000CC50D3F8CC3000F58C50C7F8FC30F5642A
:10AE30001F4D14302C6001F017FF4FF47A72C7F8E1
:10AE4000A400C7F8F8002B68B4FBF2F0B3FBF2F3F0
:10AE5000A8F80430B37D8AF800B089F800306CE7B8
:10AE6000002914BF10252025B37D834294BFED181F
:10AE70002D1805F0FF057BE7B1FA81F234B1B4FA81
:10AE800084F3D21A002A8CDC0F2390E70F2392E779
:10AE9000004001B8F00B0020052D0020001002B882
:10AEA000002002B8003F00B04C290020006001B82B
:10AEB00050290020330D0020320D0020100D0020FD
:10AEC00010B5114B01461B78104C0E2B02D1FF2000
:10AED000207010BD18460FF00CFF02461846FFF711
:10AEE000EDFE884228BF0846C0B2904238BF1046E7
:10AEF0002378C0B28342ECD0054B20701868FFF76E
:10AF0000EBFE2078E5E700BF100D0020340D002097
:10AF1000B826002010B50446FCF7EAFE78B1154BC0
:10AF20001B786BB964B1144B1B784BB1134B1B7876
:10AF3000013B012B04D84FF40042114BDA6410BDE1
:10AF4000104BDB6C1B04FAD405F0E0FF044602F062
:10AF500079FC4FF400420C4B2046BDE81040DA6407
:10AF600002220A4BC3F87C240422054B1A6405F024
:10AF7000D1BF00BF062D0020072D0020542900203E
:10AF8000002002B8000002B8001002B800D0035040
:10AF90004FF48022014B9A64704700BF005000B804
:10AFA00070B5054600F052FC01213A20E9F70EFA8F
:10AFB000424C434B00201D70FFF7ACFF2378013B50
:10AFC000012B0CD80122217CE37B8A4030214B43AA
:10AFD00042F2100103F1A04303F570335A500022EE
:10AFE000384BC3F87C24ADB94FF6FF71364AC2F82E
:10AFF0008410F821A2F58052C2F88410C3F87C5462
:10B00000324B4FF08042DA644FF48022304B002004
:10B010009A6470BD636883B300F072FC626800EBF1
:10B020005203B3FBF2F3013B1B0243F0F803267813
:10B030002549022E264A22D0032E4FF6FF752148BD
:10B040002AD0012E33D143F00203C1F88450C2F854
:10B0500084300723C0F87C343021E37B01204B434C
:10B0600041F21001227C03F1A04300FA02F203F541
:10B0700070335A50FFF74EFF17E0F823D7E74FF62B
:10B08000FF7043F00103C1F88400C2F88430062247
:10B090000C4BC3F87C24DFE743F00503C1F8845070
:10B0A000C2F884300423C0F87C340A4BA9E7C1F805
:10B0B0008450C2F884300023F5E700BF54290020F3
:10B0C000072D002000C00350006000B8002002B827
:10B0D000005000B8001002B8F8B5214F06463D46B2
:10B0E00004460FCE0FC533682B6000F0AFFB012183
:10B0F0003A20E9F76BF900221A4BC3F87C24A17AB5
:10B10000627A42EA0142C3F88824217CE27B42EA67
:10B110000142C3F88424207B617B40EA0142C3F8EA
:10B1200080243B78032B19D8DFE803F01202060CC9
:10B1300000230422E9F75CFF00230422217CE07B4A
:10B14000E9F756FF01230422A17A607AE9F750FF5C
:10B15000054B1878BDE8F840FFF722BF0120F8BD85
:10B160005429002000C00350072D0020034BDB6C46
:10B17000002BBCBF024BC3F888007047000002B828
:10B18000004000B84FF0006338B1064AD364064B64
:10B190004FF40032C3F884207047044AD364044B50
:10B1A000F6E700BF001002B8005000B8002002B857
:10B1B000006000B82DE9F0472D4B2E4C4FF47A7605
:10B1C000A36000F09DFB4FF4FA73B0FBF6F67343F7
:10B1D00007462948190E1B021818284A4FF0000389
:10B1E00041F1000103F0CEF9A0F580730546236319
:10B1F00020B966222B21FDF709F801254FF47A7258
:10B200004FF0000A6A4353465008310203F0BAF97E
:10B210001B4BB7F57A7F19601A4B4FEA05688946D0
:10B22000044618604FEA152505D276222B21504698
:10B23000FCF7ECFF01264FF47A73A8FB030103FB34
:10B2400005117308C01841F100010023324603F0D4
:10B2500099F90D4B023419600C4B49F10009A4080F
:10B26000186044EA8974034B013C9C63BDE8F08795
:10B270000211010000C001B820A1070040420F00E8
:10B2800074290020702900206C29002068290020E2
:10B290001022044BC3F884215A600122024BDA6069
:10B2A000704700BF00E100E000C001B81022064B6B
:10B2B000C3F88421C3F88420BFF34F8FBFF36F8F8F
:10B2C0000422024BDA60704700E100E000C001B8E0
:10B2D00010B50446A242A2EB0000A3EB010104D288
:10B2E000034B01399B6B0133184401F0030110BD7E
:10B2F00000C001B838B501250A4B02019D504FF43A
:10B3000080730446084A8340536605F0FFFD074AF0
:10B31000A540137823EA05031370BDE8384005F013
:10B32000F9BD00BF00E101B800E001B8082D002020
:10B330002DE9F84F164605468A461F4605F0E6FDFC
:10B34000022E00F0B080804605F0E7FD694B6A4AA6
:10B35000D3F8209092F88D405A6EE4B2520744BF61
:10B36000D3F82090013405F0DEFD644B644A1B687D
:10B370001168A3FB093213F100434FEA847301FB08
:10B38000093343EB020304F00302DAF80040012E14
:10B3900004BF0134E418A3EB040308BFCAF800405B
:10B3A000B3F1804FC0F093804FF000400023554927
:10B3B000D1F800C024F04041ECFB01035248A40F37
:10B3C000006800FB01334B495048896B8B4281BFB9
:10B3D000013401315B1A04F00304A41A994584BFB7
:10B3E000444A04F1FF3404F0030488BF926BA3EBDA
:10B3F000090C4455A4B1FC0742BF41F61F71444AF1
:10B400005167B90742BF424A424951677A0742BF72
:10B410000021384A91673C0742BF0021354A9165B7
:10B420004FF0110A4FF0010E324A05F110042401C9
:10B4300002EB051BCBF80C3142F804A0136A364925
:10B44000A3EB09030EFA05F4D2F864900A78E4B28B
:10B45000224363450A7025D34FF48073AB4019EA49
:10B46000030F1FD1425D002A40D10EB32B4AF807CB
:10B47000536607D541F61F7140F20110244B5967FE
:10B4800050675967B90706D5214B224A23492448FA
:10B490005A6748675A677A0742BF0122214B1A61EF
:10B4A0003B071AD4404605F035FD0120BDE8F88F72
:10B4B0001D4A2D0142F805E042F89C3C05F026FDAE
:10B4C00015490B7823EA04030B7005F023FD404671
:10B4D00005F020FD0020BDE8F88F2120FFF746FE93
:10B4E0004FF48032034B4046DA60DCE70B4A4046BB
:10B4F0005366D8E700C001B8003E00B068290020BC
:10B500006C2900207029002074290020092D0020BA
:10B5100000E001B800001F1F082D002000D001B876
:10B5200000000101000002B800E101B8024B1878E8
:10B53000003818BF01207047082D0020034B103041
:10B540000001185800F00100704700BF00C001B8AA
:10B55000044B01F0F071103041F00301000119506B
:10B56000704700BF00C001B838B505F0D6FC084BE5
:10B57000084A1D6A92F88D405A6EE4B2520744BFE1
:10B580001D6A013405F0CFFC284604F0030138BDE4
:10B5900000C001B8003E00B038B50B4B03EB001201
:10B5A00010300001D2F80C411D58FFF7DDFFAB074A
:10B5B00006D5844200D90139204601F0030138BD87
:10B5C000844238BF0131F7E700C001B808B5222036
:10B5D000FFF7CCFD4FF48022014BDA6008BD00BFBD
:10B5E00000C001B8064B1B68434303EB8171054B58
:10B5F0001B68A3FB003013F1004341EB00007047D0
:10B600006C290020682900200C4A20F040430146A4
:10B6100010B5002014684FF00042E4FB0320084AF4
:10B62000890F126802FB0300064B9B6B984204D9FA
:10B6300001330131C01A01F0030110BD702900204F
:10B640007429002000C001B8F8B50646FEF732FCA8
:10B65000044608B1FFF72AFE00230B4D0B4FAB61E8
:10B660003046EB612B6287F88D30FFF7CDFFC9B212
:10B6700087F88D1028622CB1FFF70AFE4FF0806228
:10B68000034B1A640020F8BD00C001B8003E00B0B2
:10B69000002002B870B50C68651C15D0C4F30266B2
:10B6A0009E42C4F3074530D1A4B294422DD804EB96
:10B6B0008506B24229D2141BA50824F003040E59B2
:10B6C000340F04D0012C09D00022012303E06B1CAD
:10B6D00051F8232000230260037170BD0D4C34F833
:10B6E000133042EA03431A686B1C51F8234001EB04
:10B6F00083014B6822405E4036F07044EAD11B0F54
:10B70000032B04BF8B681A43E4E7013501EB850185
:10B71000C1E700BF68D3030070B51646054610B9EF
:10B720000124204670BD0029FAD04268104B006801
:10B7300003321B68920800F1304098470446002805
:10B74000EFD1002EECD0EA68A868033231469208A7
:10B7500000F130400FF001FB04460028E1D1D5E9AB
:10B760000402214600F130400FF058FCD9E700BF39
:10B77000F80B002007B501A8E9F714FE9DF8053085
:10B78000022B02BF40220B4BC3F8FC23C8220A4BFA
:10B790005A650A4B0A4AD3F86032DBB2FF2B08BF66
:10B7A00003239B0043F47F53C2F8F83303B05DF8E2
:10B7B00004FB00BF001002B8008001B80080E00F59
:10B7C000000002B8002310B5194C012123643A206F
:10B7D0006364A364E8F7FAFD0122164B5A61022262
:10B7E0009A62E368C3F303630D2B01D0002BF8D1F9
:10B7F0001123114AA36311491148FFF78DFF01F08E
:10B8000069FB104A936843B94FF08062094B5A6153
:10B81000012203F580535A6110BD0B49D2680968B3
:10B8200003F13043032AEFD943F8041B043AF9E744
:10B83000000002B8001002B8C8D30300CCD3030044
:10B84000B0D3030098D303000C0C0020012341F671
:10B85000FF710D4AC2F8803291660C4A53600C4A5F
:10B8600053600C4A5360A2F580425360A2F54042F7
:10B87000536002F5C032536002F580425360A2F576
:10B8800000425360704700BF0090005000D000B8E5
:10B89000001000BA005001B838B50324FFF7D6FFF6
:10B8A000114A124B124DDA64FFF764FF114BC3F8D3
:10B8B000E0400123EB6401F091F94FF460736B6198
:10B8C0004FF40073EB640FF09EF90021FEF7C4FD06
:10B8D0008022094B1C64A3F580535C64074BC3F8BA
:10B8E00084215A6038BD00BF0048F000000002B853
:10B8F000001002B8005001B800A002B800E100E05A
:10B9000008B5E7F7E7FE044B1B6FC3F300430133B1
:10B91000B0FBF3F008BD00BF008000502DE9F04FF0
:10B92000044687B003908A465AF8046B731C06D10C
:10B93000039B2660E01A801007B0BDE8F08FC6F3C5
:10B940000745012D38BF0125324BC6F3016233F89C
:10B950001230B7B247EA0347EB002F490493043390
:10B9600023448B424FEA167602D92C4B9C424ED987
:10B9700007234FF00109D346D34003F0010309FA2E
:10B9800006F9029309F0940304F108080195059360
:10B99000059B0BF1040B53B919F0420F19D119F0A3
:10B9A000280F0BD148F8087C5BF8042C20E040F20B
:10B9B000AA7232210020FCF729FCF3E740F2AF72B3
:10B9C00032210298FCF722FC07F5805248F8082C37
:10B9D000EAE74FF4F76232210298FCF717FC07F50B
:10B9E0000052012E48F8082CDED15BF8042CD2431B
:10B9F000019B48F8042C013B07F1040708F10808F3
:10BA00000193C5D1049B0AEB85011C448BE7002000
:10BA100092E700BF60D30300DF4F00B0E04F00B0FB
:10BA2000F8B50646E0B10024144B25461F461449DC
:10BA300053F8042BAAB91348314600EB8500FFF7F1
:10BA40006DFF30B940F661023621BDE8F840FCF7E1
:10BA5000DDBB0D4B0135281847F8246023F814008E
:10BA6000F8BDB242FCD001340C2C02D031F8145095
:10BA7000DEE740F66F0236210020E6E77829002055
:10BA8000CE2B0020404000B0D02B002070B50446E3
:10BA900090B1A9B13A4A52F8043B834212D1002333
:10BAA000384A116CC907FCD49B0003F5804340332E
:10BAB0001360354B01221A6470BD01330C2B02D187
:10BAC000324D2CE0012352F8041BA142F5D1304A3B
:10BAD00032F81330E4E7C2F3016335F81300110CB8
:10BAE00093B211F0FE0F43EA0043606820D00434A3
:10BAF000CAB2022A216808D9D4E90160033AC3E92D
:10BB0000001698600C340C33F3E704D16268C3E983
:10BB10000012083403E0012A01D1043419602268BC
:10BB2000531CD8D10022174B1A6003F58053C1E78C
:10BB3000120F072AEDD8DFE802F00704090D1013F1
:10BB4000181DC04303F500531860E2E71A6842402D
:10BB50001A60DEE703F58053F6E70FF0F3F8D8E755
:10BB6000012203F580538240F2E7012203F50053DE
:10BB70008240EDE71A6830EA0202FBD1C9E700BF54
:10BB80007829002000C002B800D002B868D30300B2
:10BB9000CE2B00200122014BDA647047001002B85E
:10BBA0000122014BDA647047002002B84022014BA9
:10BBB000DA647047002002B84022014BDA64704713
:10BBC000001002B808B50C4B1B68D3F8C83023B17D
:10BBD0001A68022A01D9186A08BDFFF791FE074BBF
:10BBE00002469B6D98B20028F6D0C3F30743D208F3
:10BBF0005343B3FBF0F0EFE7B8260020004001B854
:10BC0000064BDB68C3F30363984206D1044A936E84
:10BC100023F0F00343EA011191667047000002B877
:10BC2000003F00B010B50446FFF7CCFF0F4AD2F832
:10BC300038311B040E4B48BF40089B6C03F4C053C3
:10BC4000B3F5805F0ABF936BC4F30113C3F3416381
:10BC5000012B02D0022B02D010BD4008FCE7C4F338
:10BC6000C4240134B0FBF4F0F6E700BF004001B893
:10BC7000004000B82DE9F0470E460FF046F80024CA
:10BC80008046DFF8B4A0DFF8B49005F03FF9DAF8A9
:10BC90000C300746C3F30363012B0BD1711C35D065
:10BCA0000FF033F8A0EB0804384605F033F9A6424C
:10BCB000EBD80DE0052BF1D00B2BEFD0023B012B85
:10BCC00009D9013602D00FF020F8384605F022F9E4
:10BCD0001848BDE8F087D9F80C3013F4603FDDD088
:10BCE000D9F818301A04C3F3891512D4013602D0DA
:10BCF0000FF00BF8384605F00DF92DB26FF4FF7315
:10BD0000A5F1C8009842B8BF1846E2E705F002F96D
:10BD1000BBE7731C03D00EF0F8FFA0EB08046FEA3A
:10BD200085556FEA9555384605F0F4F815F5007F0E
:10BD3000BDD0E3E700FEFFFF000002B800C000B87E
:10BD40000122024B98611A61704700BF000001B8E0
:10BD5000044BD3F8AC3010B1C3F30332027003F0DC
:10BD60000F007047000002B8094B01F080011B6C06
:10BD700003F480030B4309D14FF40012054B1A6200
:10BD8000837F1BB10122044BC3F80021704700BF21
:10BD9000000002B8006001B8005001B810B505F00D
:10BDA000B5F8084B04461B683BB1984728B1002200
:10BDB00000204FF4806101F0A7F92046BDE8104053
:10BDC00005F0A8B8A82900204FF604014FF6050297
:10BDD000044B01201B6C9BB28B4208BF1346024AE6
:10BDE000136670470080E00F00C001B8074BD3F81E
:10BDF000483203F00303012B03D0022B03D00020B1
:10BE0000704704F080BEE7F7AFBC00BF0080005071
:10BE10002DE9F74FDFF8ECB081460F46DBF808A0BC
:10BE2000FFF7A2FB4FF0FF35CDE9000100202C46C3
:10BE3000064606F110031B015BF8033003F003080C
:10BE4000B8F1010F15D13046FFF7A6FB02460B46AD
:10BE5000DDE90001FFF73CFADBF8643006F1080287
:10BE6000D340DB0737D5002F3ED000252C463E605F
:10BE700040460136082EDCD150B3224F0AF440333D
:10BE8000B96B00220131A4FB0141641941F10001A9
:10BE9000B3F5003F30D17B6B0AF4405A013342F1D5
:10BEA0000006BAF5805F22D13D6B15F5807505FB64
:10BEB00006F642F1000203FB0266A5FB03323244A0
:10BEC000594304FB0212A3FB04341444C9E90034AF
:10BED00003B0BDE8F08FA84271EB0403C8D207B1EC
:10BEE0003E6005460C46C3E73D463C46C0E732028D
:10BEF00042EA13621B02E3E73B6B13F5807342F1E6
:10BF00000002DDE700C001B8F8B506200EF004FF1E
:10BF100004460EF0FAFE42F21073041B9C420546E2
:10BF200018D94FF080624F240B4B1A6441F26F779F
:10BF30000A4E0BE00EF0E9FE401BB8424FF0F7024C
:10BF400021468CBF00200120FCF760F9336C5B01B7
:10BF5000F0D5F8BD1A24E9E7002002B8000002B8C5
:10BF600008B50EF067FF0122054B93F885300233C8
:10BF70005B00DBB202FA03F3024A536108BD00BF63
:10BF8000003E00B0002000B80B2870B500F295808C
:10BF9000012900F292804A4B83F8840083F88510CF
:10BFA000484B5B689D05C3F3402227D44FF03843CC
:10BFB0005A60454A506E44026BD5444B5B6803F0AF
:10BFC0000303022B65D00223C2F848320122404B02
:10BFD0009A604FF038435A60DA60996A0807FCD1DA
:10BFE0001969C907F8D540F2FF323A4B9A615A6194
:10BFF0004FF40072334BC3F884215A60304C012156
:10C000003B20E8F7E3F994F8853094F8842032492E
:10C0100043F4402343F41063063241F82230FFF723
:10C020006FFC4608C507FFF7E1FE002302463146D4
:10C03000284602F0A7FA090241EA1061C0F3C05095
:10C0400040EA4100254BA067186B10F5807005D1C0
:10C050004FF4E1722B21FCF7D9F8022002460023AD
:10C060000020012102F08EFAE067FFF7BFFE40F6E4
:10C0700049435843000DFF2828BFFF20022838BF3E
:10C080000220002184F88C00012000F0BBFD00207C
:10C0900070BD10F4001006D0114B586800F003007A
:10C0A000023818BF01204FF4A9721B21FCF7AEF82B
:10C0B0000122054BC3F8482288E70120E8E700BFCA
:10C0C000003E00B000E100E000800050000002509F
:10C0D000001000B8002000B80080035000C001B874
:10C0E0000040025038B1064B93F88400087093F872
:10C0F00085301370704707230B700123F9E700BFE9
:10C10000003E00B070B5FFF7FFFE0021022000F0F6
:10C1100079FD0EF0FAFD04460F4D104ED5F8F433BC
:10C120001B070BD504F0F2FEBDE8704002220C4B59
:10C13000DA6001220B4B1A7004F0ECBE0EF0E5FD44
:10C14000001BB04240F22A224FF045018CBF002074
:10C150000120FCF75BF8E1E7000002B83F420F0066
:10C1600000C001B8112D0020224910B50B78002B1A
:10C170003FD00122204C94F8853002335B0002FA54
:10C1800003F31E4A93614FF400721D4BC3F88421E0
:10C1900000230B701B4B4FF43072186C3921C0F325
:10C1A0008060FCF733F84FF48041174B174AC3F80F
:10C1B00094100C2194F885304B4303F138435B6BAA
:10C1C000D4F88010994202BFD2F86C31C4F888309C
:10C1D000D2F86431D4F8880008BFA4F88630B4F8E7
:10C1E000861000F0A7F8BDE810400121022000F001
:10C1F00009BD10BD112D0020003E00B0002000B888
:10C2000000E100E0000002B800E001B800C001B8A1
:10C2100010B50446FFF7EAFD6043044B00F5F42037
:10C2200000F59070B0FBF3F010BD00BF40420F006E
:10C230002DE9F74FFFF7ECFF0546FFF765FE04F029
:10C2400065FE00214FF0384ADFF8E4900646684664
:10C2500089F80010FFF7DCFD304BDAF82070DB685E
:10C2600013F0706F1DD12E4B5B6913F0060818D1C7
:10C2700000284CD0FFF744FB691DA1FB00B4FFF779
:10C28000B5FD214602464346584602F07BF9DDE9FA
:10C29000004B090241EA10610002A04271EB0B0160
:10C2A00005D3304603B0BDE8F04F04F033BEFFF7CE
:10C2B0009DFD220A42EA0B624FEA1B23A0FB02B259
:10C2C00000FB0324FFF71CFB434602462146584669
:10C2D00002F058F90C220121124B013593F88530F8
:10C2E0007F1B5A4302335B00074402F13842DCB241
:10C2F000576301FA04F40C4F99400C4B7C6199612F
:10C30000DAF82030526B2D1A9B1AAB42C9D30222A5
:10C31000034BDA60012389F80030C2E7000002B85D
:10C3200000C001B8003E00B0002000B8001000B806
:10C33000112D00202DE9F04F4FF00C0A0027B54ACF
:10C34000054692F8854088460AFB04F303F138431A
:10C350001F6392F88420B04B87B0C3F8B4204FF429
:10C360000032AE4B46461A610222A3F58053DA60D2
:10C370004FF03843AA4A1B6A92F82413AB46C9B25D
:10C38000059192F829130134C9B20491012104F0F6
:10C39000010482F8247382F82973A21C0AFB04F4B6
:10C3A000500001FA00F003F1FF390290019004F10E
:10C3B0003844A3EB0903002B40F3FF800137022F21
:10C3C00065D9DB220D210020FBF720FF4FF08053C1
:10C3D0009449934A4B66059B934C03F0F00382F813
:10C3E0002433049B03F0F00382F82933894A4FF485
:10C3F0000033C4F86CB1C4F86461A2F8866000260A
:10C40000C2F88090C2F888B00B61834BC3F8B46067
:10C410000C2392F885205A4302F13842166304F047
:10C4200075FD334632464FF4807E276AD4F864C0E7
:10C4300003F110010901615801F00301012910D134
:10C440000EFA03F111EA0C0F0BD104EB0316AF4205
:10C45000D6F80C61C0F0D880B54202D2B74280F065
:10C46000D6800133082BE3D1704D2C68012C40F2AB
:10C47000E3803AB16749B1F88E301343A1F88E30AA
:10C48000664B5A6607B0BDE8F04F04F043BD4FF06D
:10C49000000B604E96F885300AFB03F303F1384336
:10C4A000C3F830B004F032FD4FF080515D4B039083
:10C4B00059664FF0384396F885201B6A00920AFBB4
:10C4C00002F203F1010902F13842C2F83490534AF2
:10C4D00002331167C4F830B0029A6363544B524878
:10C4E0005A61019AA3F580539A618368DB0340F196
:10C4F0008880D6F88030B26FA9EB0303A3FB02213A
:10C50000036B03F5807CF36FA1FB0360A2FB03E3E5
:10C510009B19ACFB03E640F100000CFB0066B2EB9C
:10C520000E0261EB0606120A42EA06624244B2EBD0
:10C530001C2F4FEA1C2603D3013340F10000921B4D
:10C54000043E964228BF16463749324A8E6192F819
:10C550008D20D1F820C0EB18D2B2896B40F10000D9
:10C56000654584BF02F1FF32D2B2B1F1FF3F0ED078
:10C570004FF0000E01F1010C99427EEB000B08D246
:10C580000132B3EB0C03D2B260F10000F4E70244D5
:10C59000D2B29B461F49244B02F0030281F88D2042
:10C5A000C3F820B00222009B03980AFB03F303F1B7
:10C5B00038431A63226304F0ADFC4FF038431B6A22
:10C5C000009304F0A3FC1B490A6922F004020A61EB
:10C5D00030BF4FF08051019B154A936102F5E03264
:10C5E00011670022102122630D4AC2F8841104F061
:10C5F00091FC0D4A009B526E12F0805F3FF4D9AE61
:10C60000E4E64646AB46CDE7B542BFF427AF11435B
:10C610008AB226E7003E00B00080035000D001B887
:10C6200000E100E000E001B800C001B814290020DA
:10C63000002000B800ED00E011490B78142B01BF79
:10C640000023104E0B7033700B7801330B70002AEF
:10C650003FF418AF0C4EB6F88E301343A6F88E3068
:10C660000A4B5A66074A13780133DBB2022B137068
:10C670007FF408AF002301342C600B70137001E7C6
:10C68000132D0020122D0020003E00B000D001B874
:10C69000F8B50B46002213F8044B944225D91D68C7
:10C6A000854224D106245A791D79124B88181E68B8
:10C6B00004FB0503104F33F8063C7B43B3420ED90D
:10C6C00000238A5A7A43964202D804FB0300F8BD3D
:10C6D0009D42FAD9013304FB03F2825AF2E740F299
:10C6E0005F423D210020FBF791FD0020EFE708337A
:10C6F0000132D2E7AC29002040420F0000202DE992
:10C70000F84FA2FB018BBD4EBD4F18EB06069946B4
:10C710006BF10003B74270EB030307D240F25922DA
:10C720000E21FBF773FD0220BDE8F88FD9F814A0A5
:10C730000C461546BAF1000F04D0DAF80030032B8E
:10C7400000F21D81AF4BB04A9F6BA3F58043D3F835
:10C75000EC30C7F314075900AC4B48BF47F400173F
:10C760001B6ED2F8FCA05A074EBF4FF440039B0546
:10C7700003F0E0731F43A64BD3F8E4309E0748BF95
:10C7800047F0807747EA4567E6F7D4FF012D064674
:10C79000C9D10028C7D09F4B984200F0FF8003F515
:10C7A000122303F5F863984200F0FE809A4B9842FA
:10C7B00000F07581002502462B4600204FF00071E5
:10C7C00001F0E0FE2B46013008FB03F3C7F3130131
:10C7D00000FB0B33A1FB0662A8FB008001FB0522D6
:10C7E000034420339B09C9F80030F60C8B4B46EA12
:10C7F0004236F8021C6058BF7642894B894D34445A
:10C800001E602C60BAF1000F00F0B7800023F90120
:10C810008549C7F381528A5C194648BF6408002ED7
:10C82000B8BF764292066008C2FB0601224601F0BC
:10C83000A9FEDAF800600E2E08D9744B714A916B8C
:10C84000DA69D3F80C31D20600F1CF8017F4001763
:10C8500014BFC42240F207127449C0F31300A1FBB5
:10C8600004C14FEA511102FB01F1C9F80400DAF8E2
:10C8700018004FF4FA73B1FBF0F118BF002701FB69
:10C8800003F3A4FB02C2FA33A3FB003004FB07222C
:10C890006345904138BF0131C9B241F4006CC9F819
:10C8A00008C000297ED0DAF81C00A1FB00371CB1BB
:10C8B000B4FA84F20E2A7EDDE203002F78D1B2FBB7
:10C8C000F3F2530003FB0113A3FB00874FEA044E6E
:10C8D000C6454FEA144474EB070709D34F003B44A5
:10C8E000A0FB0381C64574EB010102F10102F6D2FF
:10C8F000C2F30E024CEA023C4CF00063062EC9F86B
:10C90000083040F29980DAF83030002B00F0948043
:10C910000023C9F80C30C9F81030E6F70BFFDAF83D
:10C920003010FFF7B5FE044618B18378002B40F0B5
:10C93000D580E6F7C9FEDAF83010FFF7A9FE044605
:10C94000D8B18378CBB1407940F28B52003818BF10
:10C9500001203D21FBF75AFC207940F28C5200382F
:10C960004FF03D0118BF0120FBF750FC237962799D
:10C970001B0243EA0213C9F810300020D4E6042B4E
:10C98000DAF828707FF400AFF8014CBF4FF4400391
:10C9900007F0E07327F0E0771F43F5E60023244813
:10C9A0001D4611E70120BFE6002322481D460BE784
:10C9B0000B46002288E7C2F10F0E02F1110807FAB8
:10C9C00008F823FA0EF343EA0803AEF1200827FA29
:10C9D00008F843EA080327FA0EFE01334EF1000778
:10C9E00004FA02F2002FE3D169E701F4801103F4A5
:10C9F0000013194308BFC0F5801027E7006CCA88F0
:10CA0000807C814A008001B8004F00B0004001B82E
:10CA1000000002B800F04902005A6202B429002066
:10CA2000B0290020AC29002084D30300D34D62102C
:10CA30000A3BB2DF313641DCE6F77CFE2C6894B36A
:10CA4000B4FA84F3D3F1020358BFDC40354B9C4267
:10CA500088BF6408C8B3B4FBF0F3642100FB134241
:10CA600001FB02F2904203F1FF3253D85D085308F4
:10CA7000013D1B0243EA0515C9F80C50E6F72AFEF2
:10CA8000E0B1B4FBF0F2642100FB124401FB04F4BA
:10CA9000A0423DD8531E52085B08013A68E70023C4
:10CAA00021481D4690E66FF01F050028E4D140F2B2
:10CAB000DD422B210020FBF7A9FBDDE74FF4A0624C
:10CAC0002B21FBF7A3FB621EE4E7631EA51E5B0898
:10CAD0006D08013B2D0245EA0315E8E740794FF464
:10CAE000AE62003818BF01203D21FBF78FFB207993
:10CAF00040F27152003818BF01203D21FBF786FB40
:10CB0000237962791B0243EA0213C9F80C3010E75B
:10CB10001446D8E79D1E6D085308013B2D0245EAD7
:10CB20000315A9E73FBE4025D694BFD610B50446ED
:10CB300086B059B9214B4168D3F8FC30827A20483D
:10CB4000059300686B46FFF7D9FD69461D4B0A68DF
:10CB50005A631A4BD3F8FC3033B34B6843B11A4BCA
:10CB60001A4AC3F80C214A68A3F58053C3F80C2174
:10CB70008B6843B1144B164AC3F8EC208A68A3F5BE
:10CB80008053C3F8EC20134AC868D2F8743123F4F8
:10CB9000EE630343C2F87431D2F86C31096923F4AF
:10CBA000EE630B43C2F86C31002022890A4B9A6273
:10CBB00003F5A033186406B010BD00BF004F00B0ED
:10CBC000B8260020008001B8006001B8FFFF0F0008
:10CBD000FFF8FF0F000002B8004000B8064B9A6E45
:10CBE000920607D55B6E002B4FF48043B4BF034A17
:10CBF000034AD3640020704700800050002002B830
:10CC0000001002B8064B1A6C9207FCD4022240EACC
:10CC100001205860034B1A640122034B1A707047BD
:10CC200000C002B800D002B8142D002040B1036843
:10CC3000012B05D90069034B002808BF184670472F
:10CC4000004870478CD30300064B586E5B6AC0F3F4
:10CC50000112000C02FB000003F01F030133184413
:10CC6000704700BF004001B8084BC1171A68A2FB0B
:10CC7000000302FB013310F1807043F10003400E0A
:10CC800040EAC310803820EAE0707047BC290020D9
:10CC90000722194B70B5DA63FEF732FE174BC40852
:10CCA000010B0546E005C018154A41F100010023BB
:10CCB00001F068FC134B144E18601448FFF7D4FFC2
:10CCC0004042C6F8DC0049F65800FFF7CDFFC6F831
:10CCD000A8000F48FEF798FC024660B1E301500837
:10CCE00018184FEA15714FF0000341F1000101F0EF
:10CCF00049FCC6F8B40070BD000002B8B2E60E00F0
:10CD000065CD1D00BC290020003F00B0701101005E
:10CD100040420F002DE9F047064608469846FFF7C7
:10CD200085FF1546074616B308F0020918F00408F7
:10CD30001FD1B9F1000F1AD04FF47A7073685843BD
:10CD4000002B40F08680FFF78FFF28637369002B6C
:10CD500000F085804FF47A72B86802FB0300A0F5FA
:10CD6000FA50FFF781FFE862B8F1000F53D1BDE838
:10CD7000F0873069002863D04FF47A735843BB685A
:10CD8000A0F57A60C01AFFF76FFFA862B08B002889
:10CD900059D04FF47A735843BB68A0F57A60C01A33
:10CDA000FFF762FFE861324BF468D3F800A0002C73
:10CDB0004CD04FF47A735C43BB68A4F57A64E41AF0
:10CDC0007B68E41A2B4BE1171A68A2FB044302FBB1
:10CDD000013314F1807443F10003640E44EAC31478
:10CDE000803C254B2C62D3F8C430244C6B62236802
:10CDF0004BB150460DF0CDFE28B12A463946236886
:10CE0000DAF87C009847B06900210EF03FF86863BB
:10CE1000B9F1000F90D1B06820BB47F23050FFF756
:10CE200023FF68614FF47A703368584323B13B683D
:10CE300003F51C5310331844FFF716FFA86196E75B
:10CE400049F640409FE749F64040A9E749F640448B
:10CE5000B8E73B6803F51C531033184473E747F2F7
:10CE600030507EE74FF47A735843A0F5FA50D6E776
:10CE7000B8260020BC290020003F00B0B8290020BF
:10CE800008B9FFF7E1BE034881420CBF2F20BC2048
:10CE9000704700BF48E8010010B508461C460DF079
:10CEA00042FF094B0246D3F8FC00FFF7BFFE436880
:10CEB000A018002B054AA8BF4FF4FA721A44044B7D
:10CEC00092FBF3F2104410BD004F00B00CFEFFFFC8
:10CED00018FCFFFF70B588B06D46124C0FCC0FC523
:10CEE00094E80F0085E80F00B02200210E480EF0F4
:10CEF00095F8202200210D480EF090F8D82200214C
:10CF00000B480EF08BF80DF0C0FF0A4B1B783BB1BD
:10CF10006D46044E0FCD0FC695E80F0084E80F0054
:10CF200008B070BDE03F00B0503F00B0E04F00B02F
:10CF3000783E00B0042D00200A4B197801F0FF0262
:10CF400029B10021197008499202C1F804215978C9
:10CF500001F0FF0229B1002159709302024AC2F880
:10CF600008317047152D0020005000B8064BD3F84B
:10CF7000EC0E064B5B6C1A0103D4054B9B6E1B0435
:10CF800001D500F580707047003000B0000002B895
:10CF9000004000B808B503F0B9FF0E4B1A78A2B9EB
:10CFA0000D4A126812F4843F0FD10C4A1021D1644B
:10CFB0001B7863B9084B1B68DB0508D4074B20229C
:10CFC000DA64BDE8084003F0A5BF054AEEE7044B6C
:10CFD000F5E700BF192D0020E0110020002002B865
:10CFE000001002B810B503F091FF0E210446032093
:10CFF000FEF706FE40F20122034B2046BDE810403A
:10D00000DA6203F087BF00BF004000B80022044B83
:10D010001A70044B197811B11A70FFF7BBBF704733
:10D02000182D0020192D002008B503F06FFF4FF0D8
:10D030000042264BC3F88020BFF34F8FBFF36F8FA2
:10D040000122C3F88420BFF34F8FBFF36F8F0222FA
:10D05000C3F88420BFF34F8FBFF36F8F0422C3F850
:10D060008420BFF34F8FBFF36F8F0822C3F8842053
:10D07000BFF34F8FBFF36F8F4FF00052C3F8802084
:10D08000BFF34F8FBFF36F8F1022C3F88420BFF31D
:10D090004F8FBFF36F8F2022C3F88420BFF34F8FD1
:10D0A000BFF36F8F4022C3F88420BFF34F8FBFF3CD
:10D0B0006F8F4FF48062C3F88420BFF34F8FBFF3AC
:10D0C0006F8FBDE8084003F025BF00BF00E100E01E
:10D0D00008B503F01BFF4FF000420A4B1A60012213
:10D0E0005A6004225A6008225A604FF000521A60B7
:10D0F00010225A6020225A6040225A60BDE808403F
:10D1000003F008BF00E100E0012370B5074C237075
:10D11000074B1E68074B3240D3E9005319402840A3
:10D12000FBF7EEFC0023237070BD00BF172D00201D
:10D13000C4290020E01100202DE9F047DDF820A0EF
:10D1400003EA0108099B06460D4602EA000703EAC6
:10D150000A09BAF1000F40F05C81031F0B4300F095
:10D160001C81052871F1000380F0F28050EA010370
:10D1700000F07281431E0B4300F03281FFF754FF31
:10D18000B64AD2E9004323EA050324EA06043C43F5
:10D1900043EA0807B24BC2E900471E6826EA0A06BE
:10D1A00046EA09061E60FFF7F5FE14F02A4F14BF89
:10D1B00048F202034FF40043AA4AB007D26EAA48CD
:10D1C00048BF43F4005383EA020122EA0302C26625
:10D1D000A64A0B408166D366C4F380421203210342
:10D1E00048BF42F48072E30648BF42F40052A04BAD
:10D1F000A50648BF42F400726006D3F80C3248BF5F
:10D2000042F48062210648BF42F40062994882EAF3
:10D21000030123EA0203C0F80C32974B0A40C0F81E
:10D220000812C3F80C22BA0507F4007300F110814C
:10D23000924A1D46D2F8A41002F50052C2F8A4107A
:10D24000C2F8A0104FF05022C2F8A4308C4ADFF888
:10D250006C8282F88830E30448BF45F48035A0032F
:10D2600048BF45F48015A10748BF45F4001514F4E4
:10D27000001F06D0D8F800000DF02FFE08B945F4C5
:10D280000025E20248BF45F40035FB067D4B48BF50
:10D2900045F480051A6A7C4985EA020323F00103FC
:10D2A0001A400A621D40CB61784B16F0010F1D62D7
:10D2B000774B784A18BF1A46774B7D071B6F48BFDC
:10D2C00042F00062754882EA030123EA0203036721
:10D2D000734B0A4041661A67724A04F00103916C6D
:10D2E000A0F5803081EA030221EA030181644264EF
:10D2F0001A406D4B20029A64D8F8002048BF6B4B4F
:10D3000092F81D2158BF6A4B610748BF43F4806300
:10D3100022B114F4C06F18BF43F4807332074FF08A
:10D320003A42BDE8F047D2F8181148BF43F0004335
:10D3300083EA010222F4A0225E481140C0F81811CD
:10D340001340C0F814215C4AC2F81831FFF7C0BE80
:10D35000A0F580630B4306D020F48063A3F500732F
:10D360000B437FF40BAF03F0D1FD3C49D1E9003210
:10D3700023EA060322EA050242EA08023B43C1E926
:10D3800000324E4A126892F81D114A4A09B313F44A
:10D39000C06F1ED04FF4807311E003F0B7FD2F4A29
:10D3A000D2E9003123F004033B4341EA080157EA84
:10D3B0000807C2E900314FF480633E4A0BD0C2F83F
:10D3C0001431A2F58052C2F81831BDE8F04703F0DD
:10D3D000A1BD4FF48073C2F81831C2F81431F4E7DC
:10D3E00003F094FD1D4AD2E9003123F001033B43D1
:10D3F00041EA0801C2E900310123314A57EA08072E
:10D400001BBF5364A2F580529364936408BF5364B6
:10D41000DBE750EA01037FF4B1AEBAF1010F7FF40C
:10D42000ADAE03F073FD0E4A136823F0010343EA27
:10D43000090313604FF48063184AB9F1000F04D058
:10D440005366A2F580521367BFE713675366BCE7C4
:10D4500001234FF48025F9E6BDE8F087E0110020B4
:10D46000C4290020004000B8006000B8005000B897
:10D47000004001B8006001B8005001B80040005001
:10D48000003F00B0000002B8002002B8001002B84F
:10D49000041C00030418000300C001B800E001B838
:10D4A00000D001B800C000B800D000B80D0A0A09C9
:10D4B000090A0A09002000BA001000BAB8260020A4
:10D4C00000E000B8024B5868C0F3C000704700BFCE
:10D4D000E0110020024B186800F00100704700BF07
:10D4E000E0110020024B5868C0F3C030704700BF05
:10D4F000E011002010B50446FEF7CEF9FFF794FDC9
:10D5000004F18000FDF790F9FEF75CF9FDF752FE9B
:10D51000FDF7BEFEFFF7BCFB13490723134AD1F802
:10D52000FC1004F1D800FFF7F5FB4FF080710020EC
:10D53000FEF70EF84FF000720D4B4FF40011012072
:10D54000C3F80021FEF704F8FEF73EFC20B940F2D4
:10D55000E7221421FAF75AFE0DF095FCBDE81040C1
:10D560000120FDF71DBD00BF004F00B0A43F00B07B
:10D5700000D001B88022074B1A64082203F58053BB
:10D580001A64054AD2F8C43E23F02003C2F8C43E10
:10D59000704700BF001002B8003000B008B503F0BB
:10D5A000B5FCFFF7E7FF0122024B1A61BDE8084016
:10D5B00003F0B0BC000002B8F0B583B014460646D4
:10D5C000FFF70CFBFCF776FC002800F09780524B2D
:10D5D0005D6915F0060540F0918003F097FC237912
:10D5E0000746022B00953ED1237B022B35D003202A
:10D5F000FDF7A4FF18B9494BDB685B047BD5A37B1F
:10D60000257B003B18BF0123A2684549012D0192EB
:10D610000B705ED00023434A434C13702278002ADB
:10D6200062D10420FDF766FE04203B4E2A46736F4C
:10D630000DEB000123F0F85323F4F81343F050638B
:10D6400043F4803373670223FDF772FE00285CD039
:10D6500001213022354B2170DA64384603F05AFC40
:10D66000002003B0F0BD0320FDF768FF002842D181
:10D670002279D6F8E030012A226839D0D51A002163
:10D68000254B2B4A00955A679967637B294A8B4241
:10D6900014BF0B4601231370274B274AD3F8C43E0F
:10D6A0004FF003000CBF43F0200323F02003C2F827
:10D6B000C43EFDF71FFE184B204A03205A676946F7
:10D6C00001232279FDF734FED0B101221C4B1A70E0
:10D6D0008AE72379022B9DD0009BD6F8E010002525
:10D6E0000B441344019395E72370FFF753FC98E72D
:10D6F0009A42C4D3C2E7384603F00CFC0320B0E7DB
:10D70000384603F007FC0120ABE70320FDF7F2FDEC
:10D71000074B38467367EFE700C001B8000002B856
:10D720001B2D0020182D0020192D0020001002B8FC
:10D73000000001011A2D0020003000B0010C010092
:10D740001C2D00202DE9F34100240D46074603F06F
:10D75000DDFB1B4BDFF874801C70FFF70BFF194BD0
:10D760000646C8F87430C8F878406879431E5842B5
:10D770005841FCF741F840F60143C8F878302A795F
:10D780002968012AD7F8E83001D1994200D3CC1A90
:10D79000042303200DEB03010194FDF7C9FD48B9F3
:10D7A0008822094B30461A6403F0B4FB012002B012
:10D7B000BDE8F081304603F0ADFB0020F7E700BF85
:10D7C0001C2D002000000101002002B800C001B89B
:10D7D000F8B5194C0546207840F20642B0FA80F0C0
:10D7E0003E214009FAF712FD55B9607840F2064231
:10D7F000BDE8F840B0FA80F03E214009FAF706BDD6
:10D800004FF440660D4F0E4DD7F8043140F20642FA
:10D81000C3F381232370C5F8046160783E21B0FA18
:10D8200080F04009FAF7F2FCD7F80831C3F38123FE
:10D830006370C5F80861F8BD152D0020004000B8E0
:10D84000006000B8F8B5084C084D236C0423084F5D
:10D850002B64236C5B0300D4F8BD042602203E64D5
:10D860000DF070FA2E64F4E7000002B8001002B860
:10D87000002002B8A82238B51A4B1D6C03F50053DE
:10D880001A6410229A60A3F5804302F100521A67CD
:10D890005A66FFF751FB144B1B7813B90320FDF7B1
:10D8A00029FD0024114B9C67FFF7CCFF104A114B58
:10D8B000D2F8EC1E0B40C2F8EC3E04220E4B1A6468
:10D8C0000E4BAA06C3F8CC4008D503F580739B6FB6
:10D8D000B3F5817F22BF8022024B1A61BDE8384038
:10D8E000FCF7A0B9000002B81C2D002000C001B850
:10D8F000003000B0DF0000FF002002B8003E00B0A2
:10D9000010B551B920B3154BDB681B0E13F00E0F89
:10D910001ED1134B1B6CD9071AD4FFF763FB0F4CB6
:10D920000020FEF715FA032801D0092805D1A36AC3
:10D93000DA07F5D4636CDB03F2D4FFF783FF01222F
:10D94000084B5A6102229A62042203F580531A643A
:10D950004FF4C062044BDA6210BD00BF000002B891
:10D9600000C002B8001002B8006001B808B5032179
:10D970000920FEF745F92022014B1A6108BD00BFBE
:10D98000000002B80D4A10B5D2F8A030D2F8A410A9
:10D990000B40B3F1804F0CD34FF040400849094C85
:10D9A000C1F8A400D467C1F8A0004FF48021064A52
:10D9B000D161034AC2F8A03010BD00BF0040005042
:10D9C000006000500000FF01001002B838B50546A5
:10D9D00003F09CFA0446FCF7E1FE35B1FFF716FBB5
:10D9E0002046BDE8384003F095BA084B1B78002B61
:10D9F000F6D0074B1D78002DF2D1FFF707FB2A4622
:10DA00004FF480400021FFF77FFBE9E7182D00204D
:10DA1000172D00202DE9F84F5A4B06460D461446A7
:10DA20001B6C002A40F0AB8013F0A00F14BF4FF026
:10DA300001094FF00009FCF7F5F8A0234FF0000AA8
:10DA4000DFF85C810320C8F84030FDF753FC042068
:10DA5000FDF750FC4C4FFFF7D9FA4C4B4FF0040B3D
:10DA60007B67C7F878A0FFF7EDFE494B4FF4807154
:10DA7000D3F8C42E42F02002C3F8C42EFF22C8F807
:10DA80000820404A1161D3F8EC2E42491140C3F8F6
:10DA9000EC1EC8F840B0C3F8CCAE7B6913F0060F9B
:10DAA00004D0FDF793FD5846FDF724FCB9F1000FB3
:10DAB00008D04FF40062384B1A644FF40042A3F5CB
:10DAC000E0339A6666B1354BDB6C180701D4FFF77B
:10DAD00089FAFFF74BFF0420FDF70CFCFFF72CFA47
:10DAE000284B5A69D10748D5DA6812F0706FFBD11C
:10DAF0002B4B2C4A1A642C4A936E23F0F003936646
:10DB000015B12046FFF762FF284BD3F84C315A1C61
:10DB100001D05B0002D50122214B5A616CB31F4B2F
:10DB2000DA6E03F500539A6603F5D0331B6A1C4A7C
:10DB300023F00103D3611E4BD3F80C1203F50053FD
:10DB4000C3F8081203F50053D3F8841003F500530B
:10DB500099674FF03A43D3F8181103F50053C3F80F
:10DB60001411144B996C03F500535964124903F5D1
:10DB7000803359664FF608431364BDE8F88F4FF0C1
:10DB8000000958E7000002B800C001B80000010118
:10DB9000003000B0DF0000FF001002B8004000B805
:10DBA000002002B810003000003F00B00080E00FFD
:10DBB000004001B800C000B85000002F9D4B2DE977
:10DBC000F04F9F6EDB6E85B01F409B4B9F664FF002
:10DBD0003A43D3F81451D3F818311D40974BC3F88A
:10DBE0001451974BD3F80822D3F80C3202EA0309F8
:10DBF000944BC3F8089203F52043DA691B6A02EAE2
:10DC00000308914B914A08EA0303D361904BD3F880
:10DC10000422D20605D4D3F80431C3F30016DB0680
:10DC200052D503F073F98B4B5A695E6E1B6F12F07D
:10DC3000060F06EA0306884A26F0007314BF4FF069
:10DC4000010A4FF0000A23F400637407536606D5F7
:10DC5000824A92F88D300133DBB282F88D3003F0C6
:10DC600059F9002F00F0E38017F4004300F0D4804E
:10DC700003F04CF90146FFF779F90446DFF8D4B117
:10DC8000DBF82020DBF820309A42FBD0DBF82020A4
:10DC90009342FBD0FFF76AF9A04217D1084603F080
:10DCA00039F96F4B1C606F4BD3F840B01BF4E05256
:10DCB0000ED124F07F4424F0DF040CB9FFF7DAFD25
:10DCC0004FF0807B002414E0B246CAE70446D7E751
:10DCD0000192FFF7CFFD5D4B019A1BF480541A644B
:10DCE00040F09C801BF4806F0CBF4FF0805B4FF0C6
:10DCF000806BB80715D55B4A5448126C02F460413A
:10DD00000164002900F08D80110400F18D8012F46F
:10DD1000005F0CBF4FF000524FF0006200244BEA4E
:10DD2000020BC7F340377F004F4A2A40002A4BD0EE
:10DD300015F4206F0AD040F60F0206210020FAF7F2
:10DD400065FA0020FFF742FE25F48025EB0506D595
:10DD5000FF213E4A4BF4C06B9160FFF743F915F089
:10DD6000090F0BD040F6240208210020FAF74EFAE2
:10DD7000FFF7FCFD4FF03A420121516315F0106F9F
:10DD80000CD040F62D0209210020FAF73FFAFFF7E8
:10DD9000EDFD002211461046FCF7D4FC15F4202FAF
:10DDA0000AD040F6350207210020FAF72FFA0020AA
:10DDB000FFF70CFE25F48025E80301D5FCF72EFEC5
:10DDC000002DB8BF47F0080769070ED54FF03A425B
:10DDD000126B12F4005F4FF4005217BF174923492A
:10DDE0000A634BF4000B08BF0A636A0548BF4BF097
:10DDF000040B15F48023019300F0A180FCF7CCFD07
:10DE00000138062834D8DFE810F017011A0117018D
:10DE10001D012001230123019B4653E74FF0804B56
:10DE200050E74FF0007279E74FF0004276E7BB46CB
:10DE30003C4679E7004000B8006000B8002000BA16
:10DE4000004001B8006001B80000F7FF002002B8F0
:10DE500000E100E000C001B800E001B8003E00B001
:10DE6000C0290020000002B8090B0B89001000BA7D
:10DE700040F6660203210020FAF7C8F94FF03A4055
:10DE80000121D0F88C20D0F8AC3002F00702063225
:10DE900001FA02F2C3F30C0CA2EB0C0292B2072AB5
:10DEA00012D9754A126C53020ED4744BC26CC06EF8
:10DEB0005B6D5BB102F0070206329140C0F30C00CB
:10DEC000091A89B2072901D84BF4007B6C4A1278F1
:10DED000002A34D04FF03A42D2F8142112F4A02F85
:10DEE0002DD1684A684912789AB9F20411D40A7897
:10DEF0007AB14FEADB02654842EA447282F00102DD
:10DF0000D0F8EC0E02F00102520020FA02F2930760
:10DF100015D10420FDF7EEF95D4A5E485067FFF722
:10DF200075F859490A7832B95B4A5C4912680BEABC
:10DF300002020A4201D14BF4804B26F48056B9F11B
:10DF4000000F1DD019F4805F18BF4BF4802B19F41B
:10DF5000807F18BF4BF4002B19F4005F18BF4BF003
:10DF6000100B19F4007F18BF4BF0200B19F4806FD1
:10DF700018BF4BF0400B19F4006F18BF4BF0800B2B
:10DF8000B8F1000F3AD018F4802F18BF44F4007491
:10DF900018F4803F18BF4BF4805B18F4801F18BF43
:10DFA0004BF4003B18F4001F18BF4BF0020B18F4A1
:10DFB000003F18BF4BF4801B18F4800F18BF44F0CB
:10DFC000100418F4002F19D0304AD2F8C42E12F0E1
:10DFD000C00F13D02849CA68C2F30362032A01D0D4
:10DFE000072A05D14A6CD00602D48A6C110732D5B3
:10DFF0004FF400212A4A28F40028D161002E00F0B5
:10E000001581320540F187802648DFF88490C27878
:10E010002549002A4ED04FF40063013AD2B24B6634
:10E02000C27032B9214A1278C2B140F60141204A89
:10E030005167002200216BE04BF4803B1EE74BF45C
:10E04000006B1BE74BF4806B18E74BF4807B15E704
:10E050004BF0080B12E74BF4001BCFE7D9F8782000
:10E0600012F4A05F15BF4FF4807240F60142C9F868
:10E070005820C9F87820DCE7000002B8004000B85A
:10E08000192D0020182D00201A2D0020003000B07E
:10E0900000C001B800000101E0110020088D01005E
:10E0A000002002B8092D002000E001B81C2D00203E
:10E0B00000D001B80320FDF71DF9D9F81420A34BB7
:10E0C00012F0060F04BF41F61F72A149A14808BF14
:10E0D0004A674FF400619E4A5166D9F8142012F045
:10E0E000060208BFC9F87820B3F88E2012F4006148
:10E0F0005DD022F40062A3F88E20027802F0FF09BE
:10E10000002A58D1FDF762FAFFF7B4FB4A462021F6
:10E110004BEA020B0C43B30009D52E20FDF726F87D
:10E120004FF000518A4A44F0080411675166F00626
:10E1300006D52B20FDF71AF81021854A1167516684
:10E1400016F0306F05D1F1045DD5BAF1000F00F083
:10E15000A780320111D52920FDF708F8FFF7B2F9A1
:10E1600048B17D4A7D487A494A66026700F54050C9
:10E17000C068430422D444F0040416F0007A28D086
:10E180000420FDF7B7F82720FCF7F0FFFFF772FB3C
:10E190004FF000716E4A5166714AD2F8EC1E490682
:10E1A00078D4704A0221916044F0020428E0027899
:10E1B0004FF40052ACE74FF400423BE70A672020DF
:10E1C0004A66FCF7D3FF2D2044F00C04FCF7CEFF89
:10E1D000D3E716F0807FDFF8909146D00420FDF75A
:10E1E00089F82820FCF7C2FFD9F87820002A39D115
:10E1F000FFF740FB564A584944F001041167516645
:10E200000021594A9165320405D5584A1268904751
:10E210004BEA000B0C43730508D555498A78002A50
:10E2200000F08E80013A8A70002217433A46584621
:10E230002146FEF769FF019B0BB1FCF7E1FB0122D0
:10E240004C4B05F00435C3F814514B4B18F4002F18
:10E25000C3F884211EBF4FF40022424BDA6105B09F
:10E26000BDE8F08FC9F878A0C4E7F004C8D5042051
:10E27000FDF740F8414AC9F87420FDF7A7F9D9F82D
:10E28000642012F0407FBBD12A20FCF76FFFFFF71C
:10E29000F1FA81E7D2F8C42E930685D4384A81E793
:10E2A00033490A7952B1013AD2B20A7112B92B4AF2
:10E2B0003449516700224BEA020BA4E70420FDF722
:10E2C00019F80320FDF716F8274A2C49516702F088
:10E2D0001DFE81460DF10F00FDF73AFD2A4A8246E8
:10E2E00012780AB1FEF77EFEBAF1030F0ED1DFF805
:10E2F000A0A00020FDF72CFD032807D1DAF8282084
:10E30000D007F6D4DAF84420D103F2D49DF80F20D8
:10E31000032A06D101211D4A4846117002F0FAFD78
:10E32000C8E74FF03A42D2F8142112F4A02FF1D1ED
:10E33000FEF76CFE484602F0EDFD4FF48042BAE76E
:10E340000220FCF7D7FF01226FE700BF003E00B0BC
:10E3500000E001B81C2D00201000002000D001B802
:10E36000003000B0002002B800C001B8F40B00205B
:10E37000092D0020002000BA00E100E000000101AA
:10E38000001002B80000010D1B2D0020182D0020E8
:10E39000000002B80122024B1A62DA61704700BF26
:10E3A000002002B8074A08B5D369116A0B40064934
:10E3B00098B2DB07C86104D5D068C0F30360FFF7EB
:10E3C000E9FF08BD000002B8002002B80C4A08B5F9
:10E3D000536C926C13400B4A5364DB070FD50A4B06
:10E3E00040F6AC221878122100F00100F9F70EFF78
:10E3F000BDE80840002201200021FEF785BE08BDCF
:10E4000000C000B800E000B8E0110020184B70B563
:10E410001C6C5A6C1440174A24F002011164E10785
:10E4200005D540F6F32200201968F9F7EFFEA207A0
:10E430001CD502220F4B1A64A3F500535B68DBB2B4
:10E44000A3B9FDF791F804460D460B4ED6F8F43308
:10E45000DB060BD5FDF788F802460B462046294619
:10E46000FCF736FF652871F10001EFD370BD00BFE6
:10E47000008002B800A002B8000002B870B5802683
:10E480000A4C0B4DD4F88430DB070AD4A36FD4F8C0
:10E4900084201340074A936770BDFFF7B7FFC5F8A4
:10E4A0008461D5F804311A06F7D4EBE7008001B88F
:10E4B00000E100E000A001B870B514460D4602F07E
:10E4C00025FD064BD3F8C46E74402C407440C3F84D
:10E4D000C44E02F01FFD06EA050070BD003000B01A
:10E4E000034BD3F8C43E99430CBF01200020704772
:10E4F000003000B01E4BD3F8C43E13F001001ED014
:10E500001C4B93F848001C4A40F08073C2F8CC3092
:10E510004FF480131949C1F8B430A1F58051C1F806
:10E52000B830D2F80C31DBB2FF2B1FD0984294BF29
:10E530000020012040F6DF323C21F9F767BE1A06C1
:10E54000E1D40F4A92F8471121B1DB0602D592F8C7
:10E550004401D8E74FF480120020084B0649C3F865
:10E56000B820C1F8CC00C3F8B42070470120E1E71F
:10E57000003000B0003F00B0004000B8006000B8BC
:10E58000003E00B053B94AB9002908BF00281CBF9B
:10E590004FF0FF314FF0FF3000F082B9ADF1080CC1
:10E5A0006DE904CE00F006F8DDF804E0DDE90223B1
:10E5B00004B070472DE9F04F099D0C46002B4DD15A
:10E5C0008A420F4684469646B2FA82F360D94BB12E
:10E5D00002FA03FEC3F120029F4000FA03FC20FA76
:10E5E00002F217434FEA1E461FFA8EF44FEA1C420E
:10E5F000B7FBF6F106FB117701FB04F042EA074294
:10E60000904208D91EEB020201F1FF3702D290427C
:10E6100000F231813946121A1FFA8CFCB2FBF6F077
:10E6200006FB102200FB04F44CEA024C644508D9B6
:10E630001EEB0C0C00F1FF3202D2644500F21E8189
:10E64000104640EA0140ACEB040C002125B12CFA45
:10E6500003F30022C5E90032BDE8F08F8B4205D9F3
:10E660000DB1C5E9000100210846F5E7B3FA83F1D1
:10E6700000294DD1A342C0F0F380904280F0F08099
:10E68000064623460846002DE6D0C5E90063E3E7C9
:10E69000002B40F0A3808A1A4FEA1E471FFA8EF61D
:10E6A0000121B2FBF7F407FB14204FEA1C4242EAB7
:10E6B000004206FB04F090420FD91EEB020204F167
:10E6C000FF382CBF4FF001094FF00009904203D9E9
:10E6D000B9F1000F00F0CC804446121A1FFA8CFCEE
:10E6E000B2FBF7F007FB102200FB06F64CEA024CE7
:10E6F000664508D91EEB0C0C00F1FF3202D26645CC
:10E7000000F2B3801046ACEB060C40EA04409DE7F3
:10E71000C1F120068B4004FA01FE22FA06F720FA26
:10E7200006FCF4408A401F434EEA0C0300FA01FE47
:10E730004FEA17484FEA13491FFA87FCB4FBF8F079
:10E7400008FB104449EA044400FB0CF9A1450ED92A
:10E750003C1900F1FF3A2CBF4FF0010B4FF0000BBA
:10E76000A14503D9BBF1000F00F08B805046A4EB0C
:10E7700009041FFA83F9B4FBF8F308FB134403FB05
:10E780000CFC49EA0444A44506D93C1903F1FF38BE
:10E7900001D2A4457BD8434643EA0040A4EB0C04D5
:10E7A000A0FB02984445CC46434602D306D1CE4551
:10E7B00004D20138B9EB020C68EB0703002D6CD0D2
:10E7C000BEEB0C0264EB030422FA01F304FA06F632
:10E7D000CC4000211E43C5E900643DE702FA03FE78
:10E7E000C3F1200104FA03F200FA03FCCC404FEA23
:10E7F0001E4720FA01F11FFA8EF6B4FBF7F00A4328
:10E8000007FB1044110C41EA044100FB06F48C4262
:10E810000ED91EEB010100F1FF382CBF4FF00109AA
:10E820004FF000098C4202D9B9F1000F2CD04046BC
:10E83000091B92B2B1FBF7F407FB141142EA014243
:10E8400004FB06F1914207D91EEB020204F1FF38E6
:10E8500001D291421ED84446521A44EA004120E7B0
:10E86000861A64EB030301200DE7F44402384AE7FB
:10E87000023C724431E702397244CCE6F444023877
:10E88000DFE602383C4472E702387144D0E7023BCD
:10E890003C4481E7023C7244DEE72946DCE600BFE7
:10E8A000704700BF024B0A46014618680CF017BBC0
:10E8B000240C002008B5064B044613B10021AFF329
:10E8C0000080044B1B6803B19847204603F0FEF814
:10E8D00000000000082B0020024B0146186800F0E1
:10E8E0002DB800BF240C0020024B0146186800F030
:10E8F0007BBA00BF240C002070B50F4E0C460546B5
:10E90000316811B900F02AFA30602146284600F03B
:10E9100025FA431C03D14FF0FF34204670BDC41CC0
:10E9200024F00304A042F8D0211A284600F016FA79
:10E930000130F2D1EFE700BFC82900202DE9F041F6
:10E94000CD1C064625F0030508350C2D38BF0C25D7
:10E95000002D01DBA94204D90C2333600020BDE85F
:10E96000F081314F00F062F83B681C4644BB2946F9
:10E970003046FFF7C1FF431C044650D13C68214696
:10E98000002941D1002C44D02368304604EB030811
:10E9900000F0E4F980453CD1216830466D1A2946E3
:10E9A000FFF7AAFF013034D023682B4423603B6873
:10E9B000002B36D05A68A24229D100225A600EE0BC
:10E9C0002268521B1DD40B2A16D96119A342256057
:10E9D00018BF5960636808BF396062514B603046A8
:10E9E00000F02AF804F10B00231D20F00700C21AE2
:10E9F000B5D01B1AA350B2E7A3426268DED13A60D9
:10EA0000EDE723466468B1E70C464968B8E713466A
:10EA1000CEE70C233046336000F00EF89EE7056029
:10EA2000DDE75B60FFDE00BFCC29002001480CF071
:10EA3000FEBA00BF1D2D002001480CF0F9BA00BF3E
:10EA40001D2D0020002310B50446836081811946E6
:10EA50004366C28108228361C0E90033C0E9043300
:10EA60005C300CF0DBFA0D4B246263620C4BA3624A
:10EA70000C4BE3620C4B23630C4B9C4206D003F11E
:10EA80006802944202D0D0339C4205D104F1580070
:10EA9000BDE810400CF0CABA10BD00BF43AF030080
:10EAA00065AF03009DAF0300C1AF0300D029002074
:10EAB000024A034903480CF026BA00BF180C002094
:10EAC00053B10300280C002041680C4B994210B54B
:10EAD000044601D00CF03DFBA168094B994202D0DD
:10EAE00020460CF036FBE168064B994204D02046E4
:10EAF000BDE810400CF02DBB10BD00BFD029002098
:10EB0000382A0020A02A002010B50B4B04210B4C02
:10EB10000B4A20461A600022FFF794FF04F16800B8
:10EB200001220921FFF78EFF04F1D00002221221F9
:10EB3000BDE81040FFF786BF082B0020D029002039
:10EB4000B1EA020001480CF072BA00BF1E2D00208D
:10EB500001480CF06DBA00BF1E2D002010B5044610
:10EB6000FFF7F0FF236A1BB1BDE81040FFF7F0BFCD
:10EB7000044B2362044B1B68002BF5D1FFF7C4FF45
:10EB8000F2E700BFC9EA0200082B00202DE9F74395
:10EB90001D46574B04460E461F68904627B13B6AF8
:10EBA00013B93846FFF7DAFFB8F1020F06D0B8F113
:10EBB000010F00F29980002DC0F29680636ED90794
:10EBC00005D4A3899A0502D4A06D0CF030FA214631
:10EBD00038460CF0BEFA616B41B104F1440399422E
:10EBE00002D0384600F000F9002363630023A361DC
:10EBF0006360A3891B0603D52169384600F0F4F849
:10EC0000A389B8F1020F23F44A6323F00303A3811D
:10EC100060D001AB6A46214638460CF0C2FAA3899F
:10EC20001843A0812DBB009D2846FFF755FE0646E0
:10EC3000002851D1DDF80090A9453FD14FF0FF35B4
:10EC4000B4F90C3043F00202A2810022A26004F168
:10EC500047022260226101226261626ED60704D4FB
:10EC6000980502D4A06D0CF0E3F9284603B0BDE886
:10EC7000F083002ED8D03B6A13B93846FFF76EFFF9
:10EC8000B8F1010F266002BFA38943F00103A381FD
:10EC9000B4F90C3013F00802C4E904651ED0D9079A
:10ECA00045BF00226D42A560A26048BFA561626EAB
:10ECB000D20701D49B0513D50025D6E74846FFF7B8
:10ECC0000BFE06460028B9D0A3894D4643F08003C9
:10ECD000A381D0E70025B3E7A946F5E7A260E6E700
:10ECE000A06D0CF0A5F9E7E74FF0FF35BDE700BFD9
:10ECF000240C002038B50023054D044608462B603F
:10ED000002F0E2FE431C02D12B6803B1236038BD40
:10ED10000C2B002038B50446064D0846114600224B
:10ED20002A601A4602F0D8FE431C02D12B6803B1B8
:10ED3000236038BD0C2B002038B50446064D08462C
:10ED4000114600222A601A4602F0C8FE431C02D176
:10ED50002B6803B1236038BD0C2B002038B500238D
:10ED6000054D044608462B60E4F73CFD431C02D1E8
:10ED70002B6803B1236038BD0C2B002038B5044646
:10ED8000064D0846114600222A601A4602F0B4FEDB
:10ED9000431C02D12B6803B1236038BD0C2B00202B
:10EDA00070B50D4D00260D4C641BA410A64209D170
:10EDB0000B4D00260B4C0DF043FB641BA410A64228
:10EDC00005D170BD55F8043B01369847EEE755F87C
:10EDD000043B01369847F2E7100F0020100F002087
:10EDE000100F0020140F002038B50546002941D02F
:10EDF00051F8043C0C1F002BB8BFE418FFF716FEB7
:10EE00001D4A136833B9636014602846BDE8384072
:10EE1000FFF712BEA34208D9206821188B4201BF18
:10EE200019685B6809182160EDE71A465B680BB149
:10EE3000A342FAD911685018A0420BD120680144AE
:10EE4000501811608342E0D118685B680844536031
:10EE50001060DAE702D90C232B60D6E7206821186E
:10EE60008B4202BF19685B680918636008BF2160A4
:10EE70005460CAE738BD00BFCC29002038B5002354
:10EE8000064D0446084611462B6002F020FE431C46
:10EE900002D12B6803B1236038BD00BF0C2B0020CA
:10EEA000094A5168C84390FAA0F048B1B0FA80F01E
:10EEB000042805DC012383400B43536040B27047B4
:10EEC0004FF0FF30704700BF382B00200021034B6C
:10EED00028220348C3E900110CF0A0B8382B002009
:10EEE000102B002038B50546FFF7DAFF044604482A
:10EEF000294600EBC4000CF0D0F9204638BD00BF15
:10EF0000102B0020C3B2042B10B515D804230B4AD4
:10EF100003EBC003134453E8002F0A4343E80024E3
:10EF2000002CF8D101220649824051E8003F1343EA
:10EF300041E800300028F8D110BD00BF102B0020A0
:10EF4000382B0020F7B54FF0040C01260827184A8B
:10EF50001849194D106800B30B7806FA03F42042E3
:10EF60001DD0E04352E8004F044042E8004EBEF19D
:10EF7000000FF7D117FB03C32B4453E8000F43E8FE
:10EF800000E4002CF9D1019048B1087801AA0B499E
:10EF900005EBC0000CF0BDF9012003B0F0BD0B780B
:10EFA000506883422EBF00230133DBB20B70D1E7E0
:10EFB000382B00201F2D0020102B002078563412F3
:10EFC000024B1868003818BF01207047382B00200A
:10EFD00010B5044601F0A1FF074B1B684BB1DB687D
:10EFE0001B1B002BCCBF0024012401F09CFF2046FA
:10EFF00010BD1C46F9E700BF502B002038B54FF07C
:10F00000FF34054601F089FF084B1A681AB901F070
:10F010008AFF204638BDD2E903310B445B1B23F045
:10F0200000439C4228BF1C465268EFE7502B00204B
:10F030002DE9F84F0C9F0E461546994680469DF8DF
:10F040002CA008B103687BB937B129463046B847D0
:10F0500040F20340BDE8F88F002DF9D0002EF7DB19
:10F06000284600F009FCF3E701F057FF83465046BD
:10F0700000F0F0F90446584601F055FF8CB947B14D
:10F0800029463046B8470320314600F0BBFB1A2022
:10F09000E0E7002DF7D0002EF5DB284600F0ECFB72
:10F0A000F1E7656100250A9BC4F80080DFF87080F5
:10F0B000C4E90797A660236184F818A0D8F8003047
:10F0C0006560984709EB000601F027FF07461248E4
:10F0D000E6600268114631B1CB689B1B002B13DB45
:10F0E000CB689E4210D09DB90C4B626004601C68D6
:10F0F0002CB1D8F800309847FFF780FFA04738467A
:10F1000001F011FF0020A5E74B680D461946E2E724
:10F110006B6863606C60F2E7502B0020402B00208E
:10F12000482B00202DE9F74F81460D4692461E469A
:10F1300001F0F3FE4FF00008DFF874B00190DBF847
:10F1400000402CB9019803B0BDE8F04F01F0EBBED0
:10F1500023684B451CD12DB1A3682A6823F00043D6
:10F16000934215D17EB96368B8F1000F13D1CBF883
:10F1700000300D4B1F6887B10C4A12689047FFF7AB
:10F180003DFFB84709E051466069B0470028EAD022
:10F19000A0466468D5E7C8F80430676820460CF0DC
:10F1A00038F83C46CDE700BF402B0020482B00201C
:10F1B000502B0020014B1860704700BF402B0020EF
:10F1C00070B50B4B04460E4615461978094A0A4895
:10F1D0000CF082FC0023094A24211360084A07200E
:10F1E0001660084A15602246BDE8704000F0B4B8C9
:10F1F000382D00209E130400202D0020502B0020CD
:10F20000482B0020442B00207FB5044618460023DD
:10F2100003930A4B0D461B68164613B9212004B010
:10F2200070BD03A998470028F8D1009032462946BE
:10F230002046039B0CF020F8F1E700BF442B002090
:10F24000F8B5054610200F46164600F0F7FA0A4BAF
:10F250000446187818B1102221460CF040FC44B145
:10F2600001230020E3602B68C4E9017623602C6051
:10F27000F8BD1A20FCE700BF202D00202DE9F8433F
:10F28000264FDFF8A880264D38603868FFF7A0FECB
:10F2900030B9244B1B689847BDE8F843FFF7AEBE72
:10F2A00001F03BFED8F800400646ECB16368C8F8B0
:10F2B00000301D4BD3F80090B9F1000F0CD101F0D4
:10F2C00032FEA3682C6033F0004311D128680BF0A4
:10F2D000A0FF00232B60D8E7124B1B689847FFF76D
:10F2E0008DFEC8473046EAE701F01DFE2C60CCE7F2
:10F2F0002368002BEAD018680028E7D0A26832F013
:10F300000043E3D0D0E90069636921688068C84799
:10F310000028DBD1002ED9D03046EFE7542B002057
:10F320004C2B0020482B0020402B0020502B00208D
:10F3300038B504460D4601F0F0FD064B1B683BB1A5
:10F34000DA6922601B692B60BDE8384001F0EBBD33
:10F350002360F8E74C2B00202DE9F74F4FF6FC77A0
:10F3600000241646DFF884900331DFF884B009EBFF
:10F3700000150F404FEA001ADBF800306A80804623
:10F3800029F80A7002FB07F0EC60984717FB06F2B9
:10F3900092B2034668602A8108B300921148124A6B
:10F3A0009BF8041052F8282040440CF096FB2146AC
:10F3B0002A8968680BF032FE214623469E4206DC0D
:10F3C0000020D144A9F8026003B0BDE8F08F6A685C
:10F3D000E868541850500133EC603944EEE71A20C5
:10F3E000F2E700BF212D00209C14040050240020CF
:10F3F000582B002070B50B4E044606EB00156968CB
:10F4000039B1094B2A89185C0CF068FB686800F078
:10F4100033FA06EB04101022BDE8704000210BF017
:10F42000FDBD00BF50240020212D0020044B196099
:10F430001A7198600201002102480BF0EFBD00BF75
:10F44000582B002050240020014B185C704700BF4F
:10F45000212D002070B50A4C060104EB0013DD6875
:10F46000084B185C18B12946A25B0CF038FB2DB193
:10F470002B683444E3606388013B6380284670BD99
:10F4800050240020212D0020024B03EB001398781C
:10F49000704700BF50240020094B10B403EB001349
:10F4A0005A88DC6801320C60D9605A80054B185CC0
:10F4B00018B15DF8044B0CF013BB5DF8044B7047BA
:10F4C00050240020212D0020044A010102EB0013EA
:10F4D000505A10B11B89B3FBF0F070475024002044
:10F4E00038B50024154B164D1C70164B20461C6079
:10F4F000154B2C601C706C60AC60FFF7E5FF80B2B0
:10F50000A0F10E036B80A0F1140301306881204646
:10F51000EB80FFF799FF04460C4D01460C4A284644
:10F520000CF0DAFA2146681E0A4A0CF0D5FA214698
:10F53000681C094ABDE838400CF0CEBA362D0020D0
:10F54000E82B00207C2B0020352D0020332D0020BF
:10F55000E0140400E9140400F314040070B5044638
:10F5600080B301F0DAFC637905466FF382036371BF
:10F57000237913F0100605D010232371BDE87040E5
:10F5800001F0D1BC104903F0030331F823203046C9
:10F59000013A21F823202146FFF77EFF0B4B0C4E4A
:10F5A0001C681CB90A4B28461C70E7E7237A1BB974
:10F5B00033781BB92468F4E7012BFBD1204663683C
:10F5C0009847F7E770BD00BFE82B00207C2B002098
:10F5D000362D002010B5044601F09FFC034B1A683D
:10F5E00022601C60BDE8104001F09DBC7C2B002017
:10F5F00010B5064B00F0E0001A78541C1C70044B48
:10F6000003F8320003EBC203596010BD352D002012
:10F61000642B00202DE9F04F0446460789B048BF0F
:10F6200000F0F7040492029101F077FC614F04F0BE
:10F63000030607EB860337F826205B8881469A424B
:10F6400004F0EF0A4FEA860831D20020FFF702FFEC
:10F65000054640B337F826304846013327F82630B0
:10F6600001F061FC28460CF0A6F8029B029AAB71EF
:10F67000049B85F804A01344EB7101F04EFC07468F
:10F680004D4B1C68002C40F08C80384601F04BFC40
:10F690004A4B985D18B1452229460CF020FA2846BD
:10F6A00009B0BDE8F08F01224846454B1A7001F0C1
:10F6B0003AFC25071DD51F2C1BD904F0E00303934A
:10F6C00001F02BFC07EB08035B8837F826804FF02E
:10F6D000000B98452CBF00230123DFF8EC90019329
:10F6E00001F021FC07EB86030593364B1B789B4505
:10F6F00008D384F004005146C0F3800000F082F883
:10F700000025C5E799F80030039A1A4204D0D9F8C9
:10F710000480D8F8003023B90BF1010B09F1080976
:10F72000E3E707935A79D00708D51A79510705D529
:10F73000019941B98AEA0202920704D098461B68EF
:10F74000002BEFD1E5E740460BF0CCFE05790790A2
:10F7500007A80BF0A9FE2946002000F053F801F09D
:10F76000DCFB059B37F826205B8805469A4234BFB0
:10F7700001230023019309D20020FFF76BFE0790BD
:10F7800058B137F82630013327F82630284601F0E3
:10F79000CAFB079D002DBCD064E70122084B1A70FC
:10F7A000F4E7237A012B02D1204663689847246846
:10F7B00068E700BFE82B00207C2B0020322D0020C2
:10F7C000362D0020352D0020642B00200022014B17
:10F7D0001A607047802B002010B5044601F09DFB95
:10F7E000074A13682BB914602360BDE8104001F08C
:10F7F0009ABBA34202D01A461B68F3E710BD00BFB4
:10F80000802B002070B505460E46054B1C6804B9D8
:10F8100070BD63683146284698472468F7E700BF03
:10F82000802B0020024B034A197803480CF054B98E
:10F83000372D002000150400382D002038B5C41CD9
:10F8400024F00304204602F02BFB0A4B05461878EF
:10F8500018B1224629460CF042F92DB92146022062
:10F86000FFF7D0FF284638BD2246002128460BF07E
:10F87000D5FBF7E7382D002010B5044628B1054B1D
:10F88000187810B121460CF02BF92046BDE8104045
:10F8900002F024BB382D002010B5064C237823B984
:10F8A000E9F736FB18B901232370002010BD40F2A0
:10F8B0000740FBE7392D002038B50B4B04461B7879
:10F8C0000D464BB121462846E9F742FA002840F29E
:10F8D000074008BF002038BD04490548FFF7DCFF9A
:10F8E0000028EFD0F7E700BF392D0020EFBEADDED6
:10F8F000BEBAFECA242816D80F2805D802280CD86C
:10F90000B0FA80F040097047084B103880B2C3400D
:10F9100003F0010383F0010070470538012894BF0C
:10F920000020012070470120704700BF2D201100EA
:10F930002DE9F04F95B0EAF7A7FE42F2360386793B
:10F9400005460C3630F80680841998450ED1EAF742
:10F950009BFE02210BF07FFD7F22A3780233A37070
:10F96000AA55002320222377627063770121E07873
:10F9700000F050F900230646002800F0D780CDE9BA
:10F980001233237AE2888DF84A30E37AADF84820C2
:10F990008DF84E30A388B4F8092013F01000ADF8AC
:10F9A0004C2003F0050306D093B1E37D012B51D029
:10F9B0000025122614E07BB3E37D657E012B37D151
:10F9C0006B1EDBB2022B09D8EBF7B8F8012338E045
:10F9D0004FF48043DDE91212914220D9002511260F
:10F9E000EAF758FE012332464146ACB204F053F820
:10F9F000002DCCBF0534053C24B2002E40F0998088
:10FA00000A2394FBF3F4E4B2EAF744FEC379184402
:10FA1000C47215B0BDE8F08F4FF6FF73DAE71F2907
:10FA2000DCD99A42DAD8E37D657E0028BED1C5E7ED
:10FA3000032BD3D16B1EDBB2022BCFD8EBF77EF8B2
:10FA400004230342CAD0032D08BF04252840C0B2B6
:10FA50000028C3D0E07803F0E6FF20B1A088FFF7CC
:10FA600049FF0028A4D0344A237F1278002A54D0BA
:10FA7000042B9DD8637F042B9AD8A388DB0653D42C
:10FA800005F0BAFC0121C8220840EEF711FC94F9F8
:10FA90001630B4F804E003EB8303B0EB430F4FEAF6
:10FAA0004302637B677E0F93A37BE188109304F18D
:10FAB0000F031193637F94F80C9094F815A094F8B9
:10FAC00018B00546E07DC8BF15B2B4F809200C9304
:10FAD000237F03280B93E37E08BF0420032F08BF76
:10FAE0000427003B18BF01230A93A37E1FFA85FC5D
:10FAF000CDE90873119BCDE9060B0293109BCDE96C
:10FB000004ACCDF80C9001930F9B304600935FFA44
:10FB10008EF30CF026FA064662E7002B7FF45EAF08
:10FB2000637F002BA9D059E70020ABE705460726E5
:10FB300056E7002468E700BF3A2D0020F7B50546D8
:10FB40006B461646164A0C461068516803C395F872
:10FB50002A3008336B4413F8087CAB8DDA0609D4DD
:10FB6000334622463946284603F05FFF00F5FA7017
:10FB700003B0F0BD20460BF003FDAB8D00F10A048D
:10FB80009B074FEAC40405D030460BF0F9FC04F59E
:10FB90000C740444E823781E584304FB0700E5E78F
:10FBA0000A1504009022174B10B51C68002102FBB7
:10FBB000004420460BF032FA134B04F108001B6896
:10FBC0000021DB78637603F027FF4FF40063E384C2
:10FBD0002385072384F82A301323FF22A385236A71
:10FBE00084F8242043F01303236284F85420074B45
:10FBF000074A2046C4E91C32C4E92032BDE810405F
:10FC00000CF020B9842B00200C210020D6BE898E58
:10FC100055555500F0B5104B02461E6893F804C0C8
:10FC200035464FF0FF3400239C4508DC91B1631C3E
:10FC300010D0902303FB046080F82420F0BD95F8D9
:10FC4000247028469742F9D0FF2F08BF1C469035F4
:10FC50000133E9E70020F1E7842B002070B504466A
:10FC6000234D002842D00830EAF772FC0026FF231B
:10FC700004F1400084F82430E6610BF015FC04F137
:10FC800044000BF011FC04F148000BF00DFC04F1F2
:10FC90004C000BF009FC04F150000BF005FC286847
:10FCA000144B201A00115843C0B203F0F7F8014674
:10FCB000304603F0EEF8E06E10B1E9F795FDE66628
:10FCC000606E18B103F0F7F800236366A06E03F0CE
:10FCD000DFFE0023A36670BD286806FB0400FFF763
:10FCE000BDFF01342B79A342F6DCF4E79026F9E757
:10FCF000842B0020398EE338F7B5044605F0E5FA89
:10FD0000C0F30F23542B3ED9AA2B34BF0123022367
:10FD1000C0B27E288CBF0222012203218DF804305C
:10FD20001344B3FBF1F000EB40001B1A8DF80530D3
:10FD30001344B3FBF1F202EB42029B1A8DF806303A
:10FD4000002318461D461A46104901AF4B7517F897
:10FD5000016B44FA06FC1CF0010F06D053009E40D4
:10FD6000012330430132C0B2D2B20135EDB2032DCE
:10FD7000EDD103B148754B7D43EA82134B75FF23E8
:10FD80000B7503B0F0BD0023C2E700BF842B002039
:10FD9000064B1B68D97ADA78437E5B1A9342A8BF78
:10FDA000DAB2002142760CF089B800BF0C210020A5
:10FDB000B0F862302BB9836813F4601F08BFA0F855
:10FDC000623011B1012911D070474369417E23F09F
:10FDD00010034361064B1A68D37A92780B4493421E
:10FDE000D8BFDAB2012142760CF068B8FFF7D0BF75
:10FDF0000C2100202DE9F0410025344E8AB03379E2
:10FE0000AB4203DC01200AB0BDE8F08190233468E6
:10FE100003FB054494F82430FF2B0DD0236A98018E
:10FE200006D504F1500840460BF0A2FB074628B95E
:10FE3000226A12F0A06F1ED10135E0E7BB7908A954
:10FE40000C333B44D8689A7A1B8AC2F38012ADF80F
:10FE5000243000238DF81F2008901A460DF11F0052
:10FE600003F0EBFD38469DF81F2094F8241008ABF2
:10FE700003F08FFED7E7A38D1D2B18D13C23FF2164
:10FE80000020CDE90431CDE902000121CDE90000D7
:10FE900004F12E03C2F3802204F014F90028B2D03A
:10FEA0004FF0A06104F120000BF0B8FFC4E712F09E
:10FEB000807F08BF3C214FF0000218BF432194F817
:10FEC000393094F824000BF00DFFE7E7842B002075
:10FED0002DE9F0411F46C36904460D4616468BB115
:10FEE00069B901F01AF806462946A06E03F0CAFD6A
:10FEF000204629460BF0CBFF304601F014F80020D5
:10FF0000BDE8F0810029FAD0036A03F01203022B46
:10FF100000F0BA80236ADD0700F1BE8094F8243037
:10FF2000FE2B0CD104F15500EAF712FDEAF708FDAB
:10FF300028B14FF4800104F120000BF067FF256A1F
:10FF4000614B2B40B3F5807F00F0B980A8052FD519
:10FF5000C5F3802504F12E0800224146284603F00F
:10FF600072FD002184F8540003F07EFD414600221A
:10FF7000284603F06DFDA18D20B194F954000028AE
:10FF800080F296804FF4007104F120000BF046FFE0
:10FF9000A28D02F00302012A0AD14146284603F04D
:10FFA00057FD28B14FF4006104F120000BF02EFF43
:10FFB000236AD90600F18180D4E910122046FFF7A8
:10FFC000BDFD012F0ED040F27123E28C5A439042C6
:10FFD00008D9228D5A43904273D800F51C70B0FBAB
:10FFE000F3F0E084394BE361002384F83930236A6D
:10FFF000E168B4F8625023F4803284F838702262E9
:020000023000CC
:1000000021613DB913F0100F0CBFC8253C252576A2
:1000100005F2B3154EB140F27121238D42F48032C6
:10002000C3EB06134B432262E363236A43F40023CA
:100030002362274B1B68DB78637600F06EFF6369F1
:10004000074643F0100304F108002946636103F0FA
:10005000E3FC0120ECF74AFB28B963691A075CBF8F
:1000600043F00403636126B105F06BF9E36B0344CD
:10007000E3632046ECF744FB384600F054FF0121CF
:10008000A06E03F0FFFC3AE7406C0BF079FA002811
:100090007FF440AF0C2033E7E36E002B7FF43EAFDC
:1000A000E9F74CFBE06600287FF438AF092027E72A
:1000B00001F0010103F0D8FC6AE7064B93E7122038
:1000C0001EE745201CE700BF000140002F3A030057
:1000D0000C2100200D02030070B500249026094D6C
:1000E0002B79A34200DC70BD286806FB040090F861
:1000F0002430FF2B04D000231A461946FFF7E8FEF0
:100100000134EDE7842B00202DE9F04F91F806B083
:100110008DB00BF10C0B04460E46012201EB0B05D2
:100120000DF127000AA903F099FC824668B19DF8F9
:1001300027100AAF3846E9F77FFB60B13046FFF77A
:100140000DFA00200DB0BDE8F08FA97A05F10C077B
:10015000C1F38011EEE7E36EE06695F80790079330
:10016000236A4846298956F80BB003F01008EDF7CA
:100170008BFA8344B8F1000F39D1A9F10303012BA5
:1001800094BF0323022340F271225B0002FB03B2FF
:100190001D4B1B685B79637605F11803BAF1000FFC
:1001A00027D09DF8271094F824E0B8F1000F24D050
:1001B0004FF0010CA87AC0F3401095F90550CDE935
:1001C00002E0CDE90071CDE904C501210798E9F706
:1001D000A9FBB8F1000F05D00CF0FAF80121204678
:1001E0000BF055FE3046FFF7B9F90120AAE70123CD
:1001F000C9E7A97AC1F38011D5E794F88FC001202F
:100200000CF00F0CD9E700BF0C210020012810B51D
:100210000C461CD0022822D030BB08460CF06BF8EC
:1002200040F27121E38C228D94F82A00D21AE368FF
:1002300003F59C53083301FB02332361FFF75CFD98
:100240000A4B2046BDE81040996800F053B9ECF71E
:10025000BDFB844208D1BDE810400CF0B9B8084697
:10026000BDE81040FFF794BD10BD00BF842B0020F7
:1002700038B50A4D0020FFF7F1FCAB6813B100223E
:100280001A60DA800BF02FFC00242B79A34200DCEB
:1002900038BD2046FFF786FC0134F6E7842B0020AA
:1002A00070B52A4C0546A06818B1FFF757F900232E
:1002B000A360FFF7DDFF002002F0F4FD55B9032035
:1002C00025712560E582FFF795F8207902F0EAFDB7
:1002D00028B970BD02200BF07AFAA06048B9002559
:1002E000A0682571256060BB002002F0DBFD0720BF
:1002F000EFE70026032025712660E682FFF77AF8F3
:10030000B542E2DD05EBC5010901334601220320B8
:1003100089B2FFF721F806460028E0D10320FFF755
:1003200099F820600028DAD0902231466A430AF01A
:1003300075FE2379B342C8DD3046FFF733FC013642
:10034000F7E7FFF70BF9A560CEE700BF842B00208D
:10035000054B1B681B6A13F0100003D013F0030059
:1003600018BF0120704700BF9C2B002006222DE9FA
:10037000F341344B06469C688846A5790C35635D8D
:10038000671903F04F036355838D7A70103B0D2B73
:1003900031D8DFE803F053304F07300C30303030C5
:1003A0003030300C635D6FF30303635523E00123AA
:1003B000625D006A63F3030262550C2210F4006F61
:1003C0007A7006F12E0107F108020CD001924FF06D
:1003D000FF32C0F3802000921A4603F037FB635DC2
:1003E00043F08003E1E7D6F82E30BB608B88938022
:1003F000336A5B05F3D4B28D635D304662F3451317
:100400006355B91C0BF0ECFF635D60F38613635515
:10041000A3797A7802331344E371B38D03F01403A4
:10042000142B04D0B8F1000FC4BF42447A7002B05C
:10043000BDE8F081635D62F30303B6E70222635D0A
:10044000F9E700BF842B002038B5294904460B7D0D
:100450004A7D0133DBB2B3EB921F0B7503D3032349
:1004600000200B7538BD016AC90234D5032390F80A
:100470007E20243A92FBF3F303EB4303D21A253296
:10048000D2B2A18D94F87F3011F01001B4F934008C
:1004900084F87E2003F00F0323D104F0A8FFEDF7CA
:1004A00039F9B4F9782004F17005824204D0A4F837
:1004B0007800EDF7FFFD68812846EDF729FC002262
:1004C0001146104602F0DAFC94F87E00002104F098
:1004D0008DFF0120C6E75B001A4102F003022532BE
:1004E000CFE7024619460020EDF7E2FED7E700BF4E
:1004F000842B00201F4B2DE9F04104461860006C4E
:100500000BF03EF801462046FFF730FFA38D1A4E50
:1005100003F01403142B0CBF0022226CB368204696
:100520001A60FFF791FFFFF713FF144B051E1448E5
:1005300008BF1846EDF7B8FD6369676803F0100857
:1005400004F0FFFE6D000346627EE8B2B8F1000FD2
:1005500003D1FF1AB7F59B7F07D51146EDF740FC95
:10056000B068BDE8F041EDF70FBC616804F0EFFE44
:10057000F6E700BF9C2B0020842B0020110603000F
:100580005D08030070B50546FFF7E2FE104B041E40
:10059000104808BF1846EDF787FD2846FFF754FFBF
:1005A0000D4E054660B133686000597E00F0FE00D4
:1005B000EDF716FCBDE87040084B9868EDF7E4BB1A
:1005C000EDF772FD29463068BDE87040FFF7F0BBDB
:1005D000110603005D0803009C2B0020842B0020E3
:1005E000034610B5094C052B20680AD0062B0CD108
:1005F0000020EDF759FD20680121BDE81040FFF70C
:10060000D7BBBDE81040FFF7BDBF10BD9C2B00203D
:10061000032803D1024B1868FFF7B4BFFFF7E0BF10
:100620009C2B00200C4B032810B51C680FD1206CAC
:100630000AF0A6FF01462046FFF798FE074B226C02
:100640009B682046BDE810401A60FFF79BBFBDE8DD
:100650001040FFF7C5BF00BF9C2B0020842B00205B
:100660002DE9F8438B7906460C33CC182379DA0749
:1006700003D44FF0FF30BDE8F883E77A252FF8D890
:100680003C4B9A6893790C33D118D35CA27AC3F3AC
:100690008013B3EBD21FECD1056A0622EB064CBFE8
:1006A0000231043104F112000AF08EFC0028E0D17E
:1006B00094F80A9003F0CEF905F4C04580F00103E8
:1006C0002A1EC9F3801904F10C08414618BF012203
:1006D0004846DBB204F045FE014658B1A37A03F068
:1006E0000F03032B16D1336A9807C2D50C2FC0D144
:1006F0000320C0E703F0B4F90028BAD1A37A03F0CD
:100700000F03002DEDD0032B85F4C04513D1A904B0
:10071000AFD5E8E7052BACD1306AC207A9D500F008
:100720001403142B0CD004F118000BF028FE002841
:100730009FD005209FE7052B9BD16B04ECD498E755
:1007400006F12E052946C0F3802003F078F9002831
:10075000E9D1A27A336AC2F38012C3F380239A42AA
:1007600087D10622294640460AF02EFC0028DAD01E
:100770007FE700BF842B00202DE9F74F00244FF0C6
:10078000FF31074601A80194EDF704F9019949B139
:100790003846FFF765FF032806D005284BD001A88F
:1007A0000AF082FE01203FE0DFF8A8802848EDF73C
:1007B0007BFCD8F800302046597EEDF735FBD8F8A1
:1007C00000B0DFF89490DBF84400D9F808600AF034
:1007D000D7FEB47905460C34335D06EB040A03F00A
:1007E000400343F0040333550AF1020158460BF06D
:1007F000F7FD335D002D60F386133355D8F80030D4
:10080000D9F808005B6CA4BF06358AF80150036074
:10081000EDF7BAFAD8F800301B6ADB0407D5384682
:1008200001990BF0A0FD002003B0BDE8F08F01A8F6
:100830000AF03AFEF7E70198EDF762F938460199B8
:100840000BF03AFD0028ADD02046EDF72DFCEAE78D
:10085000250603009C2B0020842B00200E4A032831
:1008600010B5146805D0042809D0BDE81040FFF782
:10087000B7BE617E0120BDE81040EDF76DBA20469D
:10088000FFF77AFF30B1EDF7A1FB2046BDE810403D
:10089000FFF778BE10BD00BF9C2B0020406800B958
:1008A000704743688B4201D00068F8E70120704729
:1008B000FEE704207047002070470520704708B508
:1008C000E2F7FAFC042008BD10B50446F0F7D4FCAA
:1008D000E06000B1FEE7052010BD10B5044640F60B
:1008E000B830E2F779F9E06000B1FEE7042010BD0E
:1008F00010B5044641F28830E2F76EF9E06000B1CD
:10090000FEE7042010BD0023FF2280F8223003837D
:1009100080F82B30532380F8332080F8273070473D
:1009200010B50446E2F7E4FC41F28830E2F754F9EE
:10093000E06000B1FEE701210846F0F7A9FCE060A5
:1009400000B1FEE72046FFF7DEFF042010BD07B52B
:100950000DF10700E2F736FA03B05DF804FB08B5C5
:1009600001F07BFAE2F780F901F084FAE2F796F9F8
:10097000E7F7BEF8F8E7EEF70BB908B5E7F7D4FFED
:10098000BDE80840F0F74ABA10B50446E2F7B6FBF6
:100990002046E2F75BFA2046E2F7C8F910BD0120D5
:1009A000704700B5C3B0EEF785F804F074FD48B1A8
:1009B000FFF7F5FF30B101A805F0F1FB10B901A870
:1009C000FFF7E2FF43B05DF804FB08B5E2F76CFF08
:1009D000E3F75CFAE2F768FBBDE80840E2F776BBB4
:1009E00008B5E7F793FCE6F717FC00F0A8FEE6F77A
:1009F0001FFEE8F78DFA00F02BFFBDE80840E2F794
:100A000039BB08B5E4F7E8FD00F0FEFAE4F7F4FDC1
:100A1000BDE80840FFF7B1BF08B5E2F7E5FBBDE868
:100A20000840E2F7A3BC704708B5E2F731FCBDE827
:100A30000840E2F795BDFFF7B4BF7047E2F728BB67
:100A40000120704738B5E2F765FC0446E2F7C2FDC5
:100A5000051E18BF2546EEF755F8041E18BF2C4694
:100A6000E2F79EF9002818BF204638BD38B5E7F7F1
:100A700067F90446E2F762FC042825D002284FF00B
:100A8000000508BF0124E2F79BFD04281ED00228C0
:100A900008BF012404F041FD042819D0022808BF32
:100AA0000124E2F7FBFA042814D0022808BF01242D
:100AB000FFF7C6FF04280FD0022808BF0124002D2D
:100AC00018BF0024204638BD0125DCE70125E1E7F9
:100AD0000125E6E70125EBE70024F3E782B002AB4E
:100AE00003E90300012002B07047FEE710B53AB1F8
:100AF000002350F8234041F8234001339A42F8D1B3
:100B000010BD002070474FF4004070474FF47A70DA
:100B1000704700230360704703680B6001607047F3
:100B2000036803B970478B4202D10B6803607047BA
:100B30001846F5E7436803B1184722207047436918
:100B400003B11847FF20704710B40A6808461378AD
:100B5000022B13D014213023147913FB041303F157
:100B6000A04303F570331B685179CB40DB4303F09E
:100B7000010313705DF8044BE2F742BB5DF8044BD0
:100B8000704703681878704702681378022B27D0E3
:100B900014213023107913FB001303F1A04303F554
:100BA000703351791B68CB40917903F0010301291F
:100BB00012D1508843EA40034FF6E07063F03F03E0
:100BC0009BB2834202D11170538070474FF6DF71A0
:100BD0008B42F9D10021F6E711B983F001031370BC
:100BE000704703681A78022A03D100225A80E2F77C
:100BF00009BE704713B504682378022B10D0A3797F
:100C0000022B0BD100216079E3F758F900236279B8
:100C100020791146CDE90033E4F790F902232370DF
:100C200002B010BDD0E900031847C3680068184738
:100C300003690068184743690068184710B50446FF
:100C400001213A20E3F7C2FBA3782078B3FA83F3BB
:100C5000042261785B09E4F7CBF9002010BD012282
:100C6000417803788A4030214B4343F2100103F16D
:100C7000A04303F570335A507047102130230246C9
:100C8000007813FB001303F1A04303F570331B68D6
:100C90005178CB4003F0010093780BB980F001004C
:100CA000704710B588B004460E98009207900D98D2
:100CB000224606909DF8300005900B9804909DF810
:100CC000280003900020CDE901300B460121E2F716
:100CD00073FE08B010BD704713B5044601A8E4F7D1
:100CE00061FB9DF8063023804FF480736380E4F746
:100CF00079FB6060002002B010BDE4F7D9BA08B5F6
:100D0000E4F7C6FA002008BD10B5044644EA010322
:100D100013F00303084609D1934201D1002010BD0E
:100D200054F8231040F823100133F5E721469200D0
:100D30000AF07FF9F2E70A4601390144E6F7DABC26
:100D400008B5E2F7F3FCBDE808400021E3F718BB63
:100D50001FB5002380280446019371D02AD80028AB
:100D600072D0A0F12004412C32D8412C30D8DFE8D9
:100D700004F06B6E6B6E7E7E7E7E6E6E883C9E6235
:100D80003C6E6E6E2F2F2F2F2F2F83546E6E6EA8FA
:100D9000A36E2F2F2F2F2F2F2F2F2F2F2F2F2F6B74
:100DA0002F6B6B6B7E2F2F2F2F2F2F2F2F2F2F2F50
:100DB0002F2F6B6BB0F5806F59D021D8B0F5007F25
:100DC00050D008D8B0F5807F60D0B0F5C07F3BD060
:100DD000019804B010BDB0F5607F43D0F8D8B0F5ED
:100DE000207F34D0B0F5407FF2D1E2F78DFC02468F
:100DF0004FF42070E3F79AFAB2FBF0F252082FE0BA
:100E0000B0F5C06F53D00DD8B0F5A06F34D0B0F5A9
:100E1000B06F36D0B0F5906FDAD1002101A8E3F7BA
:100E200089F9D5E7B0F5E06F46D0B0F5F06F48D05E
:100E3000B0F5D06FCCD1002101A8E3F7D3F9C7E713
:100E4000E2F748FC0190C3E7E2F75EFCFAE7E2F75D
:100E50005BFC02464FF42070E3F768FAB2FBF0F255
:100E60000192B5E7E2F736FC02462046F4E700219E
:100E700001A8E3F719F9ABE7002101A8E3F726FA87
:100E8000A6E7002101A8E3F733F9A1E702934FF0A9
:100E9000E0231B695B0705D5E2F736FC0290029B55
:100EA000019395E703A902A8E3F778F9F7E7002192
:100EB00001A8E3F773F98BE7002101A8E3F7BEF976
:100EC00086E7002101A8E3F7DDF981E70029CCBF1F
:100ED00001210021E3F754BA02214FF42070E3F717
:100EE000D7BC10B5E2F710FC0446E3F7D1F8C0F127
:100EF00002012046FFF7EAFF01210020E3F758FE38
:100F0000E3F72CFDBDE81040E3F780BAEFF3108063
:100F100072B6704700B962B67047EFF311803023A4
:100F200083F31188704780F31188704770477047CA
:100F30000020E3F73DBD0120E3F73ABD7047C36CE5
:100F40000B42FCD1704708B543680246DB0714D555
:100F50000A2350210363FFF7F2FF136C9907FCD1BA
:100F6000936A012110469362FFF7E9FF136C1B0699
:100F700004D4012302F50052536008BD536BF5E71A
:100F800038B50C460121024600F58053596004F043
:100F90000F0540F2FF71FFF7D2FF78210563FFF7DD
:100FA000CEFF04F00103610748BF43F00203116C58
:100FB00001F003019942FAD138BD09B9FFF7C3BF67
:100FC000FFF7DEBF036C5B06FCD5C16370470022F0
:100FD000E3F7FABEFFF7FBBF70B5054614460E46B1
:100FE000FFF794FF2B685C4034405C402C60BDE808
:100FF0007040FFF78FBF70474FF0B0435A6812B18F
:101000009A6A002AFAD17047F7F784BC002070472B
:1010100013B51AB10024009400F0F4F802B010BD2A
:10102000F0B58DB005AC84E807001C46A1420D4622
:1010300028BF2546129B0DB304B31146284600264F
:1010400003F53813CDE90A468DE8030003F2411396
:101050005F02C5EB4323099302950CAA059B12E995
:101060000700069500F057FAA54207D23146621BE9
:10107000381B0DB0BDE8F04000F04BBA0DB0F0BD2C
:1010800030B591B001AC84E807001C461346DA0085
:1010900049BF029A6200033222F00302014604A80B
:1010A000FFF7B6FF04A800F0C2F81499224601F534
:1010B000381101F241114D0208A8C4EB412100236F
:1010C000FFF7A6FF05F5007100232246091B0CA8B7
:1010D000FFF79EFF0CA800F0AAF808A904A800F0EA
:1010E00086F811B030BD70B590B001AC84E807004F
:1010F0001C461499164601F5381101F24111224699
:101100004D0208A8C4EB41210023FFF781FF05F53C
:10111000007122460023091B0CA8FFF779FF0CA8D9
:1011200000F085F8F30048BF029A334648BF033207
:1011300001994CBF22F00302620004A8FFF768FF88
:1011400004A800F074F804A908A800F050F810B042
:1011500070BD10B58CB005AC84E807000E9ADDE9CF
:10116000060102F5381202F5A0725202CDE90923F8
:1011700000228DE803000B9202930CAA059B12E952
:10118000070000F0C8F90CB010BD2DE9F04B4FF08E
:10119000000899460746164645468AB003AC84E8DF
:1011A000070002F0805B07AC049A424502D80AB0FF
:1011B000BDE8F08B139B13B9AA1E012A0AD9129B12
:1011C000CDE90779099600955BB194E807004B4695
:1011D000FFF726FFBBF1000F00D14F440135C84493
:1011E000E2E74B4694E80700FFF7B3FFF2E708B5E4
:1011F000E4F7E6FAE4F71AFBE4F722FBBDE808405F
:10120000E4F732BB10B5044622F070421030606043
:101210002160A26039B1A26803F070431343A36058
:10122000029BE36010BDA36843F08043F7E701230E
:101230004360C36843F02003C360836843F00053F6
:101240008360704737B515464A6804463AB18C68E2
:101250000093096845EA0403FFF7D4FF04462046DB
:1012600003B030BD2DE9F04FD3B0CDE90123DDE966
:101270005D7BDDE95FA900230390042003ACCDE989
:10128000050307C907AB83E8070021461846619E9E
:101290000494E4F7FDFA8046002840F0B3805C9A9D
:1012A0000AAB07CADBF8045083E80700DAF8043019
:1012B0004C421D44D9F804306D425B420093BB6838
:1012C00005F00F05DA0048BF7B6804F00F0442BF49
:1012D000033323F003037B60B368DB0041BF736813
:1012E000033323F0030373600023DBF80400DAF810
:1012F0000420CDE9153381182944CDE90E1379680E
:101300000D93494201F00F01CDE91031716812933C
:10131000494201F00F01CDE91331CDE9173319939B
:101320005C9B5B684BB9D9F804301343184301BF89
:101330001024CDE90B4016AB0A9311234FF0005255
:1013400004A932A8FFF77EFF40F611034FF00052C8
:1013500007A9FFF777FF42F611034FF000520299F9
:10136000FFF770FF44F611034FF000520199FFF7A9
:1013700069FF412300225946FFF764FF2B024FF01B
:101380000052514643F04103FFF75CFF23024FF048
:10139000005243F001030AA9FFF754FF009B4FF0EE
:1013A00000521B0203F47063494643F00103FFF748
:1013B00049FF1038FFF73BFF00230DA91A461AA872
:1013C000FFF740FF002339461A46FFF73BFF002393
:1013D00010A91A46FFF736FF002331461A46FFF7D9
:1013E00031FF002313A91A46FFF72CFF002362994F
:1013F0001A46FFF727FF1038FFF719FF1AA932A87E
:10140000FFF7F5FE404653B0BDE8F08F08461146A1
:101410001A465B68102B01D1E4F7C2BA0720704767
:1014200082B000B589B00DF1200C20290CE907002D
:101430000B9312D8DDE90E0102AB83E803005CE9EF
:1014400002018DE803000BAA059B07CA00F0EAF829
:1014500009B05DF804EB02B070470120F8E782B0F4
:1014600070B586B00B93119B03AD202B85E8070068
:101470003CD80C9AB2EB430F3AD10F9EB34237D10E
:1014800006225A438A4203D003EB83038B422FD1B7
:10149000012231462220129BE4F7D4F80446F8B921
:1014A0000123CDE9003395E807000E253346FFF709
:1014B0006CFE00950EAA07CA3346FFF7B1FD23461E
:1014C000062229460220E4F7A9F8E4F7D7F8062314
:1014D000044678B900930BAA334607CAFFF703FE08
:1014E000204606B0BDE8704002B070470124F7E71F
:1014F0000724F5E71C46F3E7034610461944CA1AC9
:10150000012A00D5704711F8012D02440A7010120B
:10151000F5E709F083BD82B02DE9F0438BB005AE4D
:1015200086E80700079D1F4615F080451393804607
:10153000DDE914328946169C16D18C4228BF0C4630
:10154000D20016D584B10F2C1AD8A9EB0502042AB3
:101550003B6828BF042208EB050009A9043509935C
:1015600009F067FDAC42F0D80BB0BDE8F04302B023
:1015700070479C4228BF1C46002CF5D00F2C13D975
:10158000DDE914018DE803000294139B96E807003F
:10159000E4F71EF9E4F74AF9E4F752F90BB0BDE8B5
:1015A000F04302B0E4F760B9224639460BB0BDE81B
:1015B000F04302B009F03DBD82B070B586B00E9E1A
:1015C0000B930C9B03ADB3EB460F85E8070027D1C7
:1015D0000122314626200F9BE4F734F80446C8B9AF
:1015E0000123CDE9003395E8070006253346FFF7D0
:1015F000CCFD00950BAA07CA3346FFF741FD2346F1
:10160000224621462846E4F709F8E4F737F8041E95
:1016100018BF0524204606B0BDE8704002B07047F0
:101620000724F7E782B02DE9F04F89B01D461393E8
:10163000149B01AC8B4284E8070006460C4605D09B
:10164000072009B0BDE8F04F02B070476B1813F8DF
:10165000013CDB07F4D50027EB5DB3B34FF0FF0887
:101660004FEA480111EA030A5FFA81F8F8D13A46D5
:10167000514606EB07093046E71B09F0CFFC04F1A1
:10168000FF3BCDE9067ACDF814900DF1140A9AE8E3
:101690000E00DDE91607B847002101278C460846F1
:1016A00099F8003023EA080389F80030A1420ED1EE
:1016B000BCF1000FC4D00028E9D1002FE7D10122EE
:1016C0003046FFF719FF3846BBE70137C4E76A5CCD
:1016D000735C8B4508BF02F0FE02A2EB030E5FEACB
:1016E0001E2E07F0010E08BF4FF0000E5340013BC5
:1016F0001B0A07F0010740EA0E0008BF002701316E
:10170000002A18BF4CF0010CD0E708B5E3F7D0FF72
:1017100010F00E03FAD0022BF8D010F4806018BF3E
:10172000062008BD10B50446E3F7E6FF2046E4F7BF
:101730002FFA18B9BDE81040E4F796BA10BDFFF7CC
:1017400065BCF0B5154649228FB0149C8DF8242055
:1017500004F10C060DF1250254F8047BB44242F862
:10176000047BF9D1247814704FF48074ADF83440C0
:101770009DF8544000228DF8364004240694169CAF
:10178000CDE9001505941324049409ACCDE9023485
:101790000B4611468DF832208DF83350E4F7C0FA2D
:1017A0000FB0F0BD30B5C02A93B02FD0B2F5807F16
:1017B00029D0802A2CD14FF4807480F0010020437E
:1017C000019016980125029010242120039504947D
:1017D0000590069301AB0795089409900A9306AB10
:1017E0000B9304230C9311230D930AAB0E910F93CB
:1017F00040F61103D20802A90EA810921193E4F743
:101800005FFA13B030BD4FF48274D6E70F20F8E7CB
:101810002920F6E71FB5079C02949DF81840CDE9F2
:10182000003413460A4601460020FFF78AFF04B041
:1018300010BD1FB5079C02949DF81840CDE90034F7
:1018400013460A4601460120FFF77BFF04B010BD96
:1018500008B5E4F7B9FBBDE80840E4F7E9BB10B50B
:101860000446FFF753FB4FF0A8431A6822601B6938
:101870006360FFF74FFB002010BD10B50446FFF773
:1018800045FB4FF0A84322681A6062681A61FFF7AF
:1018900041FB002010BD70B506460D4614468CB0C5
:1018A000CAB11022002108A809F0B8FB002207AB3A
:1018B000029305AB019306AB00933046294608AB73
:1018C000CDE90522E4F712FC18B9099B6360059B7A
:1018D00023600CB070BD6FF08600FAE770B5054666
:1018E0000E46E4F7ABFB044648B931462846E4F718
:1018F00019FE044628B1E4F7ADF9E4F7ABFB204646
:1019000070BDBDE87040E4F7A5BB10B5436A8AB06E
:10191000041DCDE901430023CDE9052310223C300D
:10192000CDE90331CDE908230790E4F787FB60B9DF
:1019300007AB1A4604A901A8E4F70AF80446E4F73D
:1019400089FB002C18BF6FF092000AB010BDE5F7BC
:101950009BB908B528B14C22002109F05FFB00209B
:1019600008BD6FF08600FBE70020704738B51C46C5
:1019700000230846236011461546FFF7AFFF00B964
:10198000256038BD08B50120E2F742FF002008BD00
:1019900070B50C46154610B9E5F7D0FA38B1436872
:1019A0002BB12A462146BDE8704000681847232025
:1019B00070BDF7B50D4616461C4648B103B901ACDB
:1019C00087685FB12346324629460068B84706E07B
:1019D000E5F7B4FA04B901AC0028F1D1232003B033
:1019E000F0BD10B50446FFF791FA0421236CBDE861
:1019F00010401A6C12F0800F03F5805204BF03F5FB
:101A0000005359644FF0040318BF51649364FFF707
:101A100081BA08B5006CFFF7D5FA002008BD012295
:101A2000036C19B103F580539A64704703F50053B2
:101A30009A645A64704770B50468236C5A6CD10775
:101A400009D5012103F5005251641B6C9A0602D599
:101A5000204600F020F9206C436C5B070AD5042572
:101A600000F5005384F83C505D64227E1AB99D64F1
:101A70000123237670BD627E002AFBD094F82D20CE
:101A800002B30026132184F83560FFF79BFA236C1C
:101A900003F5805295645B6BDBB2112B0DD10123F2
:101AA00084F834303022237A534303F1A04303F502
:101AB0008023DB6E013B2363DCE7132BDAD184F850
:101AC0003460EFE79D64D5E700207047FEE74FF4F0
:101AD000005300204B6070470020704707B500207E
:101AE00001AB0190FFF765FF0198002808BF4FF098
:101AF000FF3003B05DF804FB10B514460020FFF77B
:101B000047FF204610BD034670B190F8382090F88A
:101B10003C002AB1022803D1012283F83C207047FF
:101B200004284FF00102F8D00120704780F82C10F3
:101B3000704790F82C00704790F8390070473022B9
:101B4000037A534303F1A04303F58023D96ED0E910
:101B500003231344994214BF084610467047F8B552
:101B600004460D4690F8393081B173B990F83A6067
:101B7000FFF7CCF9054601213046E5F7F3FE28468C
:101B8000FFF7C8F9012384F83930F8BD002BFCD0E9
:101B900090F83A70FFF7BAF9064629463846E5F755
:101BA000E1FE3046FFF7B6F984F83950EDE72DE94C
:101BB000F843044616460D4690F82C80FFF7ADF921
:101BC00094F8382003469AB1FFF7ADF994F83B90AA
:101BD000FFF79CF9074601214846E5F7C3FE384662
:101BE000FFF798F9FFF799F90022034684F83820A7
:101BF0001846FFF798F92E44B54204D1012120463A
:101C0000236A98473DE094F82D302BB3FFF785F910
:101C1000237E0746EBB12046FFF791FFE1680138CC
:101C2000884238BF2069D4F830C03CBF00F1FF3093
:101C3000401803469C450BD013F80129112A01D006
:101C4000132A21D1A2F111035A425A4184F83420B7
:101C500020633846FFF767F994F83430002BCBD077
:101C6000B8F1000F06D02B780A2B03D10D212046A6
:101C7000E36998472046E36915F8011B9847002857
:101C8000BAD00020BDE8F883994282BF236903F1EE
:101C9000FF335B18CEE7F8B590F83830044603F010
:101CA000FF06A3B93146036A9847012384F8383008
:101CB00094F83B70FFF72AF9054631463846E5F7B8
:101CC00051FE2846FFF726F9022384F83C30F8BD80
:101CD00008B5E5F771FD08BD10B5FFF717F9044623
:101CE000E5F7B6FD2046BDE81040FFF713B9704791
:101CF000012070474FF4C870E5F7EABE70472DE940
:101D0000FF410D4616461F460446A8B14FF0000895
:101D1000C0F81C80E6F734FBBDF82C304246029335
:101D20009DF828302946CDE9007320463346E6F772
:101D30008DFA04B0BDE8F0812220FAE7F0B50D4637
:101D400016461F46044685B090B10023C361E6F7EE
:101D500017FBBDF82C302A4602939DF828302946FF
:101D6000CDE9007320463346E6F770FA05B0F0BDC2
:101D70002220FBE7F0B51F46002387B00D4616462C
:101D800004468DF81730A8B1C3610DF11701E6F7CD
:101D900027FB9DF817207AB9BDF834302946029305
:101DA0009DF830302046CDE900733346E6F74EFA11
:101DB00007B0F0BD2220FBE70320F9E7F0B51F468E
:101DC000002387B00D46164604468DF81730B0B193
:101DD000C3610DF11701E6F703FB9DF8173083B9D6
:101DE000BDF834302A4602939DF830302946CDE9BB
:101DF000007320463346E6F729FA07B0F0BD2220EB
:101E0000FBE70220F9E738B5FFF787F8054600F051
:101E100008F804462846FFF786F8204638BD00F04B
:101E200019B84FF0B0439A6A1207FCD4186A704789
:101E30004FF0B04301285B6904D0022805D1C3F3F9
:101E40008010704703F001007047002070473E206B
:101E5000FEF77EBF3E20E2F79FBB08B5E1F784F8AE
:101E6000FEF7B3FDFEF7BCFDFEF7CBFDBDE8084075
:101E7000FEF7D2BD08B5FEF7D6FDFEF7D5FDFEF79D
:101E8000DAFDBDE80840FEF7D8BDE1F793BC08B520
:101E9000E9F7A4FE01F0A9FC02F0C0FA002008BD99
:101EA00038B50446FFF732F805462046FCF714FD26
:101EB00004462846FFF72EF8204638BD70B5044684
:101EC0000E46FFF723F8314605462046FCF7EAFCAC
:101ED00004462846FFF71EF8204670BD38B5054673
:101EE000FFF714F804462846FCF7FEFC2046BDE840
:101EF0003840FFF70FB810B5044608B1E6F720FDEB
:101F00002046BDE81040FFF7E9BF00F4E040B0F51F
:101F1000805F04D0A0F5005358425841704701201B
:101F20007047F0B59E4600F0FE43B3F1106F0646D1
:101F30000F46944691B003D06FF0850011B0F0BD0C
:101F400020F01F6121F470210029F5D13D4607AC36
:101F5000CDE90E110FCD0FC495E8070084E8070006
:101F6000D7E909230899090AE6D11899304604915E
:101F70001799CDF800C003911699CDE901E107A9A1
:101F8000E4F7C8FBDAE73AB1002918BF00232121A2
:101F9000D21A184409F042B8704738B5037904469C
:101FA0000D463BB9A368022120462B6000F0D0FD0E
:101FB00038B938BDD0E9091200F060FE0028F1D030
:101FC000F7E700232B60F4E72DE9F04F9946002353
:101FD00093B08DF81F301F9B9046DDE91CA6002BA7
:101FE0000D460B460CBF4FF400624FF4806208A907
:101FF0001E9FE6F7CDFD044668BBDDF820B009ACB6
:10200000DC46CDE91000BCE80F000FC49CE80700D7
:1020100084E807002846BDF824100DF11F02E6F7FA
:1020200027FE0446B8B99DF81F30B34223D8DBE938
:1020300009120A98000A21D1CDE90337CDE9019AA6
:102040002B46CDF8008009A8E4F7B6FD10F1860F05
:10205000044600D000B13E603246214650463B68FF
:10206000FFF791FF089800F0B0FD002C18BF204644
:1020700013B0BDE8F08F6FF08904ECE76FF08604D1
:10208000E9E700232DE9F341D0E9016804460F4652
:1020900030461146136000F0C2FD054688B930464F
:1020A00000F0BFFD054660B9F6B276B9B8F1000F91
:1020B00005D1E36823F47F4323F0030363B16FF09A
:1020C0008605284602B0BDE8F0810146A06800F010
:1020D0002EFD0028EDD1F2E74FF6F87362889A42A0
:1020E0001ED8238B012BEAD8394601A8E6F776FFE4
:1020F00005460028E5D10FCC3F683E460FC694E860
:1021000007003B7986E807000BB9019BBB603B8B5E
:10211000012123F0010338463B8300F019FDD0E78D
:102120006FF08505CDE741F2052398421AD8B0F546
:10213000905F09D241F2010398420CD0B0F5885F5C
:1021400009D06FF0850070472923A0F5905080B228
:10215000C340DB07F5D511F0070F0CBF00206FF06F
:1021600086007047B0F5105FEBD121F04003802B63
:1021700006D0B1F5807F0CBF00206FF0860070475D
:102180000020704770B5446A05460E463CB90120F0
:10219000FFF794FE686228B12046AE6270BD6FF012
:1021A0008A00FBE76FF08C00F8E7F8B50F461146A0
:1021B00006461546FFF7E6FF044620B92A4639468B
:1021C000706A08F036FF2046F8BD2DE9F041089D01
:1021D00088461F46048802B32046FFF796FEE0B10A
:1021E0002B680BB9D3002B6020462968FFF79BFFB3
:1021F000044678B9CE1DB2EBD60F11D1069B9A4298
:1022000011D84146384608F014FF2B68079A073367
:10221000DB0813602046BDE8F0816FF08504F9E724
:102220006FF08604F6E76FF08904F3E72DE9F04FCD
:10223000476885B03F0A0446DDE90E9A0D4616460A
:102240009846DDF840B015D1CDE901ABCDF800904E
:10225000E4F7EAFB10F1860F0ED1434632462946D9
:102260002046CDE90FABCDF8389005B0BDE8F04F72
:10227000FFF7ABBF6FF0860005B0BDE8F08F10B57B
:102280000446406A10B1A16AFFF735FE0020C4E998
:10229000090010BD38B50546FFF7F1FF95F820306D
:1022A0000446043B012B0CD8EB69002B0CBF044601
:1022B0006FF096042C220021284608F0AFFE20463D
:1022C00038BD6FF09604F5E710B5044638B1042127
:1022D00000F03EFC2046BDE81040FFF7DBBF10BD1C
:1022E00038B590F820300546052B16D10479FF2C1F
:1022F00007D1FFF7CFFF041E08BF6FF0840420460C
:1023000038BD1CB1806800F09EFC04462846FFF7EB
:10231000C1FF002818BF0446F1E76FF08804EEE71C
:1023200007B558B1012201A9E6F794FE30B901982A
:1023300000F046FC28B10198FFF7D2FF03B05DF82A
:1023400004FB6FF09900F9E7F7B5044608460E461E
:1023500000F043FB002320461A4601A9E6F718FCCB
:1023600078B9019F34463D460FCD0FC495E807006C
:1023700084E80700338B384603F00103338300F011
:1023800024FC03B0F0BD70B5144602881D4610460B
:10239000049EFFF7BAFD68B944F2010322F44050ED
:1023A000984207D002F44F42B2F5824F02D0B2F504
:1023B000844F0ED1B4420FD82246284608F039FE89
:1023C0000021321B281908F029FE0020059B1C6003
:1023D00070BD6FF08500FBE76FF08900F8E72DE92D
:1023E000F0438946984617468DB07AB30023012200
:1023F000C8F8003002A9E6F7CBFB0446A0B9029E5C
:1024000003AC3546CDE90A000FCD0FC495E80700AF
:10241000049B84E80700D6E909121B0A08D030465D
:1024200000F0D3FB6FF0860420460DB0BDE8F083CA
:102430004B46CDE9007803A8FFF7A5FF04463046D8
:1024400000F0C3FB002C08BF0446EDE76FF08904E1
:10245000EAE770B514460288049D02F4E040B0F546
:10246000804F1CD144F2010022F44056864207D02E
:1024700002F44F42B2F5824F02D0B2F5844F0ED132
:10248000AC420FD81846224608F0D3FD00212A1B83
:10249000204408F0C3FD0020059B1C6070BD6FF058
:1024A0008500FBE76FF08900F8E72DE9F0438946E6
:1024B000984617468DB07AB3002302A91A46C8F889
:1024C0000030E6F765FB044640B9029E33885B04A2
:1024D00008D4304600F079FB6FF0860420460DB03A
:1024E000BDE8F083354603ACCDE90A000FCD0FC43B
:1024F00095E8070084E80700CDE900784B46D6E967
:10250000091203A800F0F1FA0446029800F05DFBFE
:10251000002C08BF0446E1E76FF08904DEE72DE9EF
:10252000F0411F46002388B0054688461646CDE98F
:1025300005333B60002A54D0B2F1005F54D206AAA2
:1025400005A9FFF79EFD0446A0B90598436AABB103
:10255000059B41465A882846079207AA029203F132
:10256000280201929A6A00925B6A3246FFF75EFE89
:10257000044680B10598FFF7A7FE28E06B681B0AA8
:1025800002D06FF08604F5E73146FFF7FBFD044605
:102590000028DDD0EEE70598079B4288DAB9438032
:1025A0004FF6F872934219D82B8813B102889A42D9
:1025B000E7D12B6A002BE4D16B8813B142889A4291
:1025C000DFD13946FFF7E9FC04460028D2D1204686
:1025D00008B0BDE8F0819A42D3D1E1E76FF08504FD
:1025E000C8E76FF08604F2E76FF08504EFE710B5F7
:1025F0000446006868B106280CD104F10800FFF712
:10260000A8F900232360A38823F4FF7323F00103B8
:10261000A38010BD6FF08600F3E72DE9F043054677
:10262000984600238DB002932B6808461746002B6E
:1026300047D1B8F1000F134602A914BF4FF48062CE
:102640004FF40062E6F7A4FA044600283BD1DDF817
:10265000089003AC4E46CDE90A000FCE0FC496E8B1
:10266000070084E807003846BDF80C102A1DE6F77D
:10267000FFFA044638BB6B79049968F300036B7169
:10268000090AD9E90923B8F1000F12D011BB00974C
:1026900003A905F10800E4F7F7FA044698B9062300
:1026A00002982B6000F091FA044620460DB0BDE878
:1026B000F08379B9009703A905F10800FFF747F9FE
:1026C000EBE76FF088042846FFF791FF029800F0CF
:1026D0007CFAEAE76FF08604F5E70123FFF79DBF78
:1026E00038B50546006898B112B90024204638BDB7
:1026F00006280AD105F10800E4F7F8FA0446002894
:10270000F3D02846FFF773FFF0E76FF08604F8E791
:102710006FF08804EAE72DE9F04105460068884635
:1027200016461F46F8B16A79D2071CD52A79D2B16C
:10273000B2421BD806281CD105F10800E4F726FB9D
:10274000044610B100233E602B71324621464046BC
:102750003B68FFF718FC2846FFF749FF002C18BF1D
:102760002046BDE8F0816FF08804EBE76FF0890444
:10277000E8E76FF08604E5E71FB501240394089CA1
:102780000294079C0194069C0094FFF71DFC04B082
:1027900010BD2DE9F04705469A46002386B0059303
:1027A00005F0FE43B3F1106F0846DDE90E961746BB
:1027B000DDF8408029D12B464FF4804205A9E6F789
:1027C000E7F9044618BB05990B8823F0FF03B3F51E
:1027D000E24F02D0B3F5E44F04D14B880733B6EB98
:1027E000D30F1ED353463A462846CDE90168CDF8AB
:1027F0000090FFF796FB044648B9059800F0E5F90C
:102800000446204606B0BDE8F0876FF086043146E6
:102810004846E6F79DFA0598C8F8006000F0D5F93B
:10282000EFE76FF08904F2E7034610B50C46114656
:10283000DA6900880AB91B6A3BB9FFF766FB38B151
:102840002046BDE81040E6F783BA6FF0860010BD61
:102850006FF08500FBE700232DE9F04385B0CDE95B
:1028600001330B60438806460D46002B00F0B28012
:10287000038803F4E043B3F5804F00F0AB8002AA75
:1028800001A9FFF7FEFB044600287CD1019A776876
:10289000526A6AB17368019F1B0AD7F8248057F8FF
:1028A000289F74D06FF086040198FFF7E8FC6AE077
:1028B0003F0A61D1B6F8008071884046FFF725FBDA
:1028C00080B14046FFF72FFC044600285BD108F496
:1028D000E043B3F5805F02D0B3F5005F0AD1073162
:1028E000CF0817E028F0FF03B3F5E24F37D06FF0C1
:1028F000850448E008F44F43B3F5844FEFD047F226
:10290000010398450FD149080131C90801EBC10104
:1029100001F13B07039703990198FFF733FC044645
:102920000028B7D02FE044F20103984503D1C9082D
:1029300001F11007EEE747F20202904505D1C90800
:1029400001EB410101F15A07E4E744F2020290452C
:1029500005D1C90801EB410101F14A07DAE728F086
:10296000FF00B0F5E24FBAD0B0F5824F01BF07319A
:10297000C90849004F1CCDE7304603A900F059F8BB
:1029800004460028C7D00198FFF79EFC13E0338867
:102990005B0414D43B464A4641463046FFF744FFA9
:1029A00004460198002C7FF47FAF2946FFF7F5FA23
:1029B00004460028E7D1204605B0BDE8F0833B4639
:1029C0004A4641463046E3F751FF10F1860F044670
:1029D000E7D1DFE76FF08604EDE710B50446C06984
:1029E000FFF77CFA2046BDE810402422002108F0C1
:1029F00015BB2DE9F04105460F4690461C469BB19C
:102A000019460120FFF75AFA064678B12246414698
:102A100008F00FFBE86908B1FFF760FA0020C5E98C
:102A200007642F80BDE8F0811E46F3E76FF08C004D
:102A3000F8E7028843884068000A51D102F4E04078
:102A4000B0F5805F02D0B0F5005F05D10733DB0839
:102A500040D16FF08500704702F44F40B0F5844FCD
:102A600003D10733DB080AD1F3E747F201008242C2
:102A700008D15B080133DB0803EBC3033B330020C1
:102A80000B60704744F20100824202D1DB08103330
:102A9000F5E747F20200824204D1DB0803EB43036F
:102AA0005A33ECE744F20200824204D1DB0803EB24
:102AB00043034A33E3E722F0FF02B2F5E24FD0D0FE
:102AC000B2F5824FC5D10733DB085B000133012B20
:102AD000D5D1BEE722F0FF02B2F5824FCFD1F6E7A3
:102AE00000236FF086000B6070472DE9F3474768BD
:102AF0000446DDE90A9A3F0A0D461646984611D16A
:102B0000CDE9009AE3F71CFF10F1860F0CD1434684
:102B1000324629462046CDE90A9A02B0BDE8F04780
:102B2000FFF797BC6FF0860002B0BDE8F087034660
:102B30006FF040420846591E914207D338B103F165
:102B4000404393428CBF0020012070470120704712
:102B500090F82030052B11D8DFE803F0030B161492
:102B60001F214B1E012B09D9042907D06FF08700C4
:102B70007047022902D00B1F012B0BD880F82010C0
:102B800000207047022902D0CB1E022BF5E7C36953
:102B9000002BF3D06FF0880070470529EED0002994
:102BA000ECD0F7E710B503210446FFF7D1FF30B9A9
:102BB000E3695A1C0EBF6FF096000133E36110BD4C
:102BC000C069B0FA80F04009704708B9002070472A
:102BD00090F82020032A08D1C269EAB1013AC26103
:102BE000002AF3D10221FFF7B3BF052A09D0042A36
:102BF0000FD1C26982B1013AC261002AE6D1FFF762
:102C000049BBC26942B1013AC261002ADED1FFF775
:102C100067BB6FF0880070476FF096007047002028
:102C20007047C0B2FF280CBF6FF0860000207047CD
:102C300007B500216A46FEF72EFE8C3018BF012032
:102C400003B05DF804FB13B500216A460446FEF7A5
:102C500022FE8C3002D1002002B010BD002120469F
:102C6000E3F71EFC014610B16FF09800F4E76A46E6
:102C70002046FEF710FE8C30EDD0F5E72DE9FF4140
:102C800007461446884600293FD0002A3DD0B2F5B9
:102C9000005F3DD202F1240631460120FFF70EF914
:102CA0000546C0B303463A4621464046E6F74CFA8D
:102CB000BF6800243846FFF7BBFF01281FD021461C
:102CC0002B46324638460094E3F728FB0146C8B944
:102CD000384602AAFEF7DFFD044620B9029B9E4259
:102CE00005D06FF0980438460021E3F7D9FB314650
:102CF0002846FFF700F9204604B0BDE8F0816FF0E8
:102D00008A04F4E76FF09804F1E76FF08604F2E7C5
:102D10006FF08D04EFE76FF08C04ECE7FFF7EBB892
:102D20002DE9F047D0F808A086B0814688461746BE
:102D30005046002104AAFEF7AEFD044610BB049ED7
:102D400001203146FFF7BAF80546002837D0214662
:102D5000504604AA0394FEF79EFD044670B903ABE7
:102D600002462146CDE9005350463346E3F742FB85
:102D7000039B04469E4209D06FF0980431462846D2
:102D8000FFF7B9F8204606B0BDE8F0870028F5D176
:102D90003B46424631462846CDF80090E6F7F2F928
:102DA00004460028EAD1D8F800302BB13B68002B4C
:102DB00008BF6FF09104E1E76FF09104DEE76FF078
:102DC0008C04DFE750E8003F0B4340E80032002A64
:102DD000F8D17047C94350E8003F0B4040E800324B
:102DE000002AF8D1704738B50446D0F8A00010B9D1
:102DF000D4F8A40058B194F8375108F086FB05F0D8
:102E00000F0581B206312846EAF73EFC80B240F257
:102E10007122B4F8783000F5487053439842B8BF37
:102E2000184638BD38B505460C4602F0E7FA20B121
:102E300049F640439C4228BF1C46EA68A2420BD296
:102E400040F27121B5F87A304B43934238BF1346B4
:102E5000A34228BF23461A462A6138BD03469A6A10
:102E60004430920404D5D3F82821998FEBF70CBC99
:102E700093F86F10EBF7FEBBCB69184770477047AC
:102E80000020704770474FF00000704700207047E7
:102E9000704770470020704700207047002070473F
:102EA00000207047002070470020704701207047C5
:102EB00070471120704700207047002070470020A5
:102EC000704701207047C8207047002070470020DD
:102ED0007047704770471120704770477047002057
:102EE0007047704700207047704701207047704757
:102EF000704790F8852010B5531C03F00F03072B83
:102F000028BF0023044663F30302034480F88520AE
:102F100083F87E1090F885306F2B4FEA13129EBF16
:102F2000013262F3071380F88530FFF7E1FF94F870
:102F30003711204601F00F01FFF7CCFF10BD70479D
:102F4000704770470020704700207047002070478E
:102F500010B101F1B000704701F1D4007047F830B2
:102F60007047806A70472830FFF72CBF2830FFF782
:102F700031BFC06A70472C30FFF724BF2C30FFF7F9
:102F800029BF00F59C70704708B50B79DB0702D4A8
:102F9000FFF7D5FF08BD91F90510BDE80840FFF720
:102FA000A8BF02290346808F11D0032909D0012927
:102FB00006D11A8F5B6B1201B2FBF3F3184480B297
:102FC00070475A6B4FF47A43B3FBF2F3F6E75B8F2B
:102FD000073000EB4300F2E770B540F2712606FBC4
:102FE00001F345685643826A1D4412070446456052
:102FF0000ED500F14005294600F13402E7F7ACFD9B
:10300000334629462046BDE87040012201F03BBA14
:1030100005EB5605456070BD836A590505D4D0F8A7
:10302000A03013B15B799A0708D4D0F8A40000B996
:10303000704743799B0701D40068F8E70120704787
:1030400080F87710704738B5044601F03DFC04F174
:10305000A40008F029FA04F1A80008F025FA04F108
:10306000AC0008F021FA04F1A00008F01DFA204697
:10307000E6F712F9C4B22046FFF70CFF05462046DA
:10308000FFF70AFF01462846FFF703FF38BD38B5B2
:10309000836A04461B0713D50246B0F87C3052F809
:1030A000341F4B4340F271214B4300F14001E7F7DD
:1030B00053FD236C20469D08FFF795FE2844E060F1
:1030C00040F27125616B204601396943FFF7AAFE82
:1030D00020460121E9F764FB636BB4F87C202046AD
:1030E0005A43636805FB02336360BDE83840E9F783
:1030F00007BBB0F8303110B5A0F834310446E6F71C
:10310000CBF8C0B2FFF7DFFE94F8373194F83621E0
:1031100003F00F0304F1440102F069F9EAF7FAFA47
:10312000B4F93021824205D0A4F83001EAF7C2FF99
:10313000A4F83201B4F93421B4F930319A4209D0FB
:10314000A36A9B0306D52046BDE810404FF400411A
:10315000E6F7B8B810BDFFF7CCBF836A0A4600F1A6
:103160004401C3F34030EBF739BA10B5A0F878103A
:10317000A0F87A200446FFF736FE2169E060204679
:10318000BDE81040FFF74EBE38B504460D463AB9CB
:103190004FF4C0212830FFF71DFE9DB9002038BD37
:1031A000FFF79DFE98B128344FF4C0212046FFF769
:1031B00011FE1DB14FF40031FFF704FE4FF48021E2
:1031C000204601E04FF40031FFF7FCFDE6E7112057
:1031D000E5E72DE9FF41836A04469B032CD5B0F94E
:1031E0003081B0F934710020EBF758F88045CCBF3E
:1031F0000025012502F000F994F83711C82201F0EA
:103200000F01EBF755F806462046E6F745F8B045BE
:10321000B4BF00260126002394F83711A8EB070756
:103220003FB245EA46051A46CDE90085029701F00E
:103230000F0180B200F0E1FC04B0BDE8F081FFF7BF
:10324000C8BF86307047F8B504460E4600295AD0EC
:1032500040F27123476B30465F43A7F28A277F080D
:103260003946EAF721FA94F88E30851FADB29D42B7
:1032700039463046A8BF1D46EAF716FA94F88F2063
:10328000831F9BB29342A8BF1346F21E012AB4F8D3
:103290008610B4F888202BD8B1F5296F44F290201D
:1032A000B8BF4FF429618142A8BF0146B2F5296F2A
:1032B000B8BF4FF429628242A8BF02461B2DB8BF97
:1032C0001B251B2BB8BF1B23304684F8913084F894
:1032D0009050A4F88A10A4F88C20EAF7E5F9831F2F
:1032E0009BB2AB42A8BF2B46DBB284F89230F8BD4C
:1032F000B1F5A47FB8BF4FF4A471B2F5A47FB8BFF5
:103300004FF4A472DAE71B23EFE770B54900466B70
:1033100089B28E4218BF40F27125044617BF40683B
:10332000002105FB060005FB1100658F1EBF6060D4
:10333000616301219542208F17D08342628700D0BC
:103340002387238F626B1B01B3FBF2F394F83711D1
:103350002046A4F89C3001F00F01FFF774FF2046CF
:10336000BDE870400421E5F7ADBF8342E8D1A36A10
:103370001B07E6D50029E4D170BDF0B585B0044641
:103380000E466A4600F1860300F18E07154618685E
:103390005968083303C5BB422A46F7D1186831463D
:1033A00028609B882046AB80FFF74DFF9DF80B20DF
:1033B00094F891309A4211D1BDF80620B4F88C30BF
:1033C0009A420BD19DF80A2094F890309A4205D188
:1033D000BDF80420B4F88A309A4207D04FF48141F6
:1033E000204605B0BDE8F040E5F76CBF05B0F0BD84
:1033F00037B5044694F88E50BDF818008D420BD1B5
:10340000B4F88650954207D194F88F509D4203D16D
:10341000B4F8885085421DD08DF80610ADF8042010
:10342000019D84F88E1094F8371184F88F30A4F839
:103430008800C4F840512046A4F8862001F00F010E
:10344000FFF79BFFB4F88A30A4F88630B4F88C30CC
:10345000A4F8883003B030BD90F8373170B503F070
:103460000F03044616460D46D9B18B4219D00122EE
:10347000FFF733FD294600222046FFF72CFD94F884
:103480003731204665F3030384F8373105F00F0127
:10349000FFF773FF2046BDE870404FF48441E5F725
:1034A00011BF19462046FFF768FF002EF2D170BD0C
:1034B000F8B51D46C36A04465B070F46164610D48E
:1034C00004212C30FFF77EFC84F89A702046A4F883
:1034D0009660A4F898504FF40061BDE8F840E5F715
:1034E000F1BEF8BD10B511B190F89A400C7012B150
:1034F000B0F89610118013B1B0F898201A80C06A05
:10350000C0F3800010BD4FF400412830FFF75ABCD3
:1035100000F5A270704790F8370100F00F00704777
:1035200070B50446FDF7F9FC6568064601F009FF31
:103530002D1AB5F5FA7504D53046BDE87040FDF793
:10354000F2BC40F27122636B94F870105343B5FBE8
:10355000F3F5A38FAAB29B1AA38794F86F30154690
:1035600002FB1133252193FBF1F001FB1033002BFB
:10357000B8BF5B1884F86F30B4F89C3020469B1AB3
:10358000A4F89C300021E9F70BF940F27122636B3B
:1035900020465D43636802FB15336360E9F7B0F8CA
:1035A000CAE700232DE9F3474E790446B00758BF18
:1035B00006F0010608460D4648BF0326ADF8043064
:1035C00058BF0136FFF75FFC074607F01F03002BCB
:1035D000E36A15BF4FF001084FF000084FF00309F0
:1035E0004FF0020999050CD59DF80430294666F381
:1035F000010368F345138DF804302046019A00F06A
:103600008EF9284607F0BCFF82464946284607F057
:103610008BFF9DF80430AA7966F3010368F3451324
:103620008DF804308DF805A0BDF804300C32AB5293
:103630009DF80430A9189A066B7948BF8F7043F043
:1036400001036B71FDF769FC06462046294650F8D8
:10365000A48F07F0F7FF94F84631013384F8463120
:10366000A36A1B070CD5B4F87C30012B02D9204685
:10367000FFF756FF304602B0BDE8F047FDF753BCF8
:10368000656801F05EFE0746E9F7A0F98442F1D1D2
:10369000ED1BB5F57A7FEDDDB8F1000F03D0D4F85E
:1036A000A030002BE6D1E9F783FAE3E708B5022062
:1036B00008F08DF810B100F02DFE012008BD10B506
:1036C00004464FF440712830FFF784FB2046BDE8E4
:1036D00010400021E6F776BA012310B5A1F12002CF
:1036E000C1F1200423FA04F403FA02F222438B40CE
:1036F000D0E9084123400A40134314BF01200020B1
:1037000010BDC36A10B5044613F0080012D001239F
:10371000A1F12002C1F1200023FA00F003FA02F225
:1037200002438B40D4E9080103400A40134314BF0D
:103730000120002010BD10B50C46C9B2FFF7E1FF13
:1037400070B1E7F7F5F9C4F12002A4F12003E040DD
:1037500001FA02F2104321FA03F3184300F00100CA
:1037600010BD70B504460E46E7F782FBFDF7D5FBAA
:1037700005460221204684F87760E5F7A3FD204640
:103780000021E9F70DF82846BDE87040FDF7CBBBF6
:1037900070B504460D46FDF7C0FB0646E9F716F97D
:1037A000844201D1E9F7E4F93046FDF7BCFB294634
:1037B0002046BDE87040FFF7D4BF0B68C0F8403129
:1037C000704738B540F64805D0F840310C460B60DC
:1037D0009BB2AB4204D90B21FFF7ADFF08B925809E
:1037E00038BD44F290232380FAE708B500F0FBF8D7
:1037F000E5F7D0FE00F04FFA00F008F8E7F770FAAE
:10380000E8F72CF8BDE80840E8F7A8B8704770B5AD
:1038100015460E461C46FFF7A2FB2B684EB103600F
:103820006B6843602368C0F825302368C0F8153002
:1038300070BD83606B68C3602368C0F8293023685B
:10384000C0F81930F4E770B50546FFF788FB044669
:10385000FDF763FB06464FF480712846FFF783FBB4
:103860004FF400612846FFF786FB3046FDF75BFB0F
:103870000023284623612375236284F82430FFF750
:1038800070FB802310F0080F14BF237584F82430D8
:1038900070BD10B50446FFF712FF2046BDE810408A
:1038A0001021E5F70FBD10B504464FF46061FFF736
:1038B00065FB2046BDE81040FFF701BF7FB5064617
:1038C0000C46FFF74CFB4FF4C06105463046FFF74E
:1038D00052FB4FF400613046FFF750FB4FF480601D
:1038E000E7F7CCF8224670B969462846E6F750FD5E
:1038F0006B4605F1100213F8011B02F8011DAA42E4
:10390000F9D104B070BD6C4602F110062346106870
:103910005168083203C3B2421C46F7D1E8E7F0B55C
:1039200087B00D46ADF80C20FFF719FB044628467A
:1039300007F026FE064600B32846E6F767FD9DF829
:103940000C3005AF03F02303224631460093019764
:1039500004F12003FDF76DFF2846E6F76DFD042214
:103960003946284608F031F8236A0133236223B927
:1039700094F82430013384F8243007B0F0BD30B51A
:1039800085B00391ADF80820FFF7E9FA04460398E3
:1039900007F0F6FD051F002D02DC002005B030BD4C
:1039A0000398E6F733FD431901939DF8083022464A
:1039B00003F023030093294604F11003FDF72AFFC7
:1039C0000028EAD10398E6F737FD042103A807F0A1
:1039D00079FE2369013323610BB10120DEE7237DEA
:1039E00001332375F9E708B54FF40060E7F746F8AF
:1039F00040B94FF48050E7F741F840B9BDE80840BE
:103A0000EAF78CBEFFF79EFA0028F2D008BDFFF758
:103A10009DFA0028F2D0F9E741F0004141F4E0219D
:103A20000160704770470020704700207047704762
:103A30004FF0FF30704700207047704770470020FC
:103A40007047002070474FF0FF30704711207047DB
:103A50000020704701207047002070470020704709
:103A60000020704770477047704707B501A8019163
:103A700007F01AFD002003B05DF804FB70477047A3
:103A80000020704770477047002070471120704732
:103A900070477047704710B5DC1D0433837343795A
:103AA000C47123F0030343F003030E244371012385
:103AB00044738371C3730182827410BDD31CC371BC
:103AC0003E2343734379827323F0030343F00303DC
:103AD00043710123C173837170470F234373042320
:103AE00083734379A0F8111023F0030343F0030319
:103AF000437140F20173C3800123C27303747047A2
:103B0000D31CC3714379417323F0030343F00303D0
:103B10004371012382738371704708B50023FFF757
:103B2000BAFFBDE80840E6F775BD2DE9F8438046C9
:103B30000220894617461E4607F049FED0B10C23E5
:103B400043730823837340F601334579C38025F01E
:103B500003059DF8203045F003054571A0F810805D
:103B600080F81290A0F81370A0F81560C373E6F700
:103B700051FD0120BDE8F88308B5022007F027FEBB
:103B800030B101221121FFF799FFE6F743FD012033
:103B900008BDF8B504460F46164613211D460922F6
:103BA000FFF78CFF83790C331C44A170E7702671FA
:103BB0002B68C4F80530AB88A4F80930BDE8F8409C
:103BC000E6F728BD70B5064602200D4607F0FFFD5A
:103BD000044668B114210422FFF770FF83790C3387
:103BE0001C44A170A4F803606571E6F713FD012081
:103BF00070BD08B501F0E9FC08BD2DE9F0410746AC
:103C000002200D4690461E4607F0E1FD0446E0B155
:103C100009222121FFF752FF0A2283790C331C4429
:103C2000BDF9183084F8038093FBF2F323729DF8FA
:103C30001C30A7806372BDF92030A67193FBF2F3AC
:103C4000E571A372E6F7E6FC0120BDE8F08137B527
:103C5000044607F095FC3E22A379C0B20C33E51868
:103C6000E254831E6B700D23AB70AB791C38012BB3
:103C7000E8768DF8073009D10023E91D1A460DF1C9
:103C80000700FFF7DAFE9DF80730AB712046E6F734
:103C9000C1FC03B030BD704710B5E8F72BF80446FF
:103CA000FFF7F2FE2043C0B210BD38B5E6F7ECFCDA
:103CB0008379C17903F10C020244CB1A022000215E
:103CC000B2F8035007F0AEFE044640B9E6F7E2FC56
:103CD0000722BDE8384042F21901FFF7FEBE284630
:103CE000E5F7C6FA38B12146E7F7CCFD0446E6F71A
:103CF000D1FC2246EDE72046FBF730FC0224F6E734
:103D000070B5E6F7C1FC83791844B0F80F60B0B223
:103D1000E5F7AEFA80B1002100F05BFF0546E6F75B
:103D2000B9FC044602232A4642F21B01FFF7B3FE08
:103D3000A3791C44668270BD0225F0E770B5E6F7F2
:103D4000A3FC83790C33C418B4F803502846E5F774
:103D50008FFAA0B1611D00F03CFF0646E6F79AFC21
:103D600004460223324642F21A01FFF794FEE37939
:103D700023449D72E3792D0A1C44E57270BD02262E
:103D8000ECE710B5E6F780FC83790C3318444479EE
:103D9000B0F80300E5F76CFA60B12146E7F74EFB97
:103DA0000446E6F777FCE2B240F20641BDE8104077
:103DB000FFF793BE0224F4E770B5E6F765FC83795C
:103DC0001844B0F80F50FDF7A8F804462846E5F768
:103DD0004FFA80B11621FFF7DBFC00252046FDF7E6
:103DE000A2F8E6F757FC2A46BDE8704000234FF6DC
:103DF0000441FFF750BE0225F0E7F8B5E6F744FCB2
:103E0000847905460C340444B4F80300E5F730FA2D
:103E1000064640B9E6F73EFC0222BDE8F84042F211
:103E20001301FFF75ABEAB79E97903F10C020220C6
:103E3000CB1A2A44002107F0F5FD014618B9E6F730
:103E400029FC0722E9E78379033383713046B4F80C
:103E50000D50B4F80F70E7F7A5FA04463A46294624
:103E60003046FFF782F9E6F715FC2246D5E738B56C
:103E7000FDF753F80446FFF70FFF00280CBF0C2591
:103E80000025E6F707FC2A4642F20E01FFF745FE41
:103E9000E8F716F82046BDE83840FDF744B82DE9AC
:103EA000F04F8BB0E6F7F0FB42F2850290F8068007
:103EB000064608F10C0830F8081000EB08039142A0
:103EC00002681FD1002193F803A093F804B0BAF15F
:103ED000FF0F016003F10504049220D19B7B013B9D
:103EE000062B24D91125049B13B104A807F0DCFA92
:103EF000E6F7D0FB2A4636F80810FFF7EEFD0BB0C8
:103F0000BDE8F08FDC1C00234FF0FF0A0360049231
:103F1000637A013B062BE5D84FF0FF0B02E0BBF1C3
:103F2000FF0FF5D00AF11003DBB20E2B0ED98BF088
:103F300080037E2B0CD9E5F701FC074650B9049BA2
:103F400013B104A807F0B0FA0725D1E74225CAE764
:103F50001225C8E7FFF7A0FE30B1049B13B104A8F7
:103F600007F0A2FA0C2435E0637803F0FD03012B7F
:103F700009D1E6F7E5FC30B9049B13B104A807F0BA
:103F800093FA122426E004F103094946A01CFFF726
:103F900069FD4846A178E5F74FFC054630B1049B22
:103FA00013B104A807F080FA2C4613E0BAF1FF0F12
:103FB000A27814D004A963783846CDE90191009223
:103FC00051465A46FFF762FD049B0446002B41D13F
:103FD000002C8DD03846E5F707FC254688E7637A44
:103FE0008DF814008DF8263023788DF816208DF882
:103FF0001530D9F800303846CDF81730B9F804300C
:10400000ADF81B3063788DF81D30049B9A790C3223
:10401000134459791A7942EA0122ADF81E20D97960
:104020009A7942EA0122ADF82020597A1A7A42EAB6
:104030000122ADF82220D97A9A7A42EA0122ADF81B
:1040400024209989DA89FFF790F8394605A8E8F71E
:1040500065FAB9E704A807F027FAB9E710B5E6F75B
:1040600013FB83791844B0F80F00C0B2E5F74EFC9B
:10407000E6F710FBBDE81040002342F224011A4687
:10408000FFF709BD2DE9F84381460220884617460F
:104090001E4607F09CFB044690B10A220321FFF75D
:1040A0000DFD0023A57920460C352544EB70A5F8BD
:1040B0000490A5F806802F816E81E6F7ABFA012007
:1040C000BDE8F8832DE9F043814685B002200E4615
:1040D0001F469DF844808DF80F2007F078FB0546B9
:1040E000002844D022222921FFF7E8FC0022AC79E5
:1040F00030460C342C4404F10E0304F11401C4F8CE
:104100000E209A806261228300913A460DF10F01E0
:10411000FFF794FC9DF84030A4F80490E37006F09B
:104120000103A3719DF80F3016F0FD0FE3713B689A
:10413000A360BB88A3814FF6FF7304D0032E08BF92
:1041400043464FF0FF08BDF8302028466283BDF893
:10415000342084F82180A283BDF838206384E28370
:104160009DF83C2084F82020E6F754FA012005B0A1
:10417000BDE8F083F8B50746022016461D4607F055
:1041800026FB044690B10C220421FFF797FCA1798D
:104190009DF818300C31214420468F80C1F806600C
:1041A000C1F80A50CB70E6F735FA0120F8BD70B5BA
:1041B000064602200D4607F00AFB044668B10322BA
:1041C0003021FFF79DFCA37920460C332344A3F84C
:1041D00003609D70E6F71EFA012070BD70B50646BB
:1041E00002200D4607F0F3FA044688B104220821A4
:1041F000FFF786FCB5FA85F2A37952090C33234404
:104200002046A3F803605A719D70E6F703FA012077
:1042100070BD2DE9F84381460220884617461E46A8
:1042200007F0D5FA0446B0B10B220721FFF746FC90
:10423000A579BDF820300C3525442046A5F803901B
:10424000A5F80580A5F80770A5F80960A5F80B305A
:10425000E6F7E0F90120BDE8F883F8B5074602204B
:104260000E46154607F0B3FA0446A0B10D2205210B
:10427000FFF724FCA37920460C332344A3F80370F2
:10428000A3F80D602A68C3F805206A68C3F80920FE
:10429000E6F7C0F90120F8BD2DE9FF4116466A4650
:1042A00080460F4615460A9C03F1100E9446186886
:1042B00059680833ACE8030073456246F6D124B967
:1042C000022007F084FA044608B31D22ED2120469F
:1042D000FFF7F4FBA3790C332344A3F80380A3F87E
:1042E0000D702EB13268C3F805207268C3F809203A
:1042F0000F3304AE2A4603CAB2421860596015460D
:1043000003F10803F6D12046E6F784F9012004B052
:10431000BDE8F08113B51321827901900C32841825
:1043200081544FF44072C280E5F70AFFA07020B9B3
:1043300001A807F0B9F802B010BD8000013060702C
:104340000198E6F767F9F6E770B5064602200D46D4
:1043500007F03DFA044678B104220521FFF7D0FBAF
:104360000022A37920460C332344A3F803605D7137
:104370009A70E6F74FF9012070BD13B5837901906B
:104380000C33C418C05CE4F773FF20B901A807F030
:104390008BF802B010BD6378019913F0300F0CBF99
:1043A000012200228B7904338B714B7962F3000375
:1043B0004B71E5F707FCECE72DE9F041E6F764F90E
:1043C00083790C33C418B4F803801FFA88F0E4F73B
:1043D0004FFF054600B3A2796179FEF7D5FE064688
:1043E000E6F758F907460223324642F27A01FFF710
:1043F00052FBBB7938463B44A3F81280E6F70AF932
:1044000046B9A37933B12846FFF785F80146284617
:10441000FEF767FDBDE8F0810226E1E700F06EBE21
:1044200050E8003F0B4340E80032002AF8D17047C3
:10443000704770B50E461546E5F7D8F8044648B9FA
:104440003046FBF72DFF044620B92846EAF792F8DC
:10445000044640B10020E5F7C9F80020FBF720FF33
:104460000020EAF787F8204670BD4FF40010EAF705
:104470009BBBE9F751BAE6F72FBA4368143B436098
:10448000A0230B6070471AB94268A2EB5302426046
:104490000A6802EB83020A60704713B504210DEB32
:1044A0000100E9F7FDFF019C2046E6F7A3FB002889
:1044B000F4D0204602B010BD884210B518D80528A7
:1044C00016D9B1F5486F13D8B3F5FA7F10D240F67C
:1044D0007644A2F10A0080B2A04209D801339BB20F
:1044E0004B435B00B3EBC20F94BF0120002010BD13
:1044F0000020FCE7C94350E8003F0B4040E8003291
:10450000002AF8D17047002070472DE9F041044699
:104510000F4600264FF00108214686F00100FEF705
:1045200017FD4FF48051FFF7E5FF836833B940462C
:104530000EB1BDE8F08101268046EDE7028ABA425D
:1045400006D100220121204698470028EFD1EFE74D
:104550000268D205EBD500221146F4E708B5FEF754
:1045600010FD00230380436008BD70B506460C466D
:10457000FCF7D3FC05463046FEF703FD30B1037867
:104580001C4304704FF40070EAF70EFB2846BDE8A8
:104590007040FCF7C8BCE5F715BB07B542798DF84C
:1045A000071022F0030242F00302427140F203328C
:1045B0000DF10701C280012206F059FF03B05DF83A
:1045C00004FBF8B5174606460C461D46FEF7D1FC1F
:1045D000020713D502213046FFF77EF870B1112192
:1045E0002046FFF7DAFF2046E6F7EAFB45708770C2
:1045F00021463046BDE8F840E5F7E4BA28204FF000
:104600008861C5F12002A5F12003E94000FA02F219
:1046100020FA03F311431943CB07E0D40D212046C0
:10462000FFF7BBFF2046E6F7CBFB4770E0E770B52E
:104630000C460546072120461646FFF7AEFF2046EA
:10464000E6F7BEFB214646702846BDE87040E5F718
:10465000B9BA38B50C4600210546FEF7A2FC47F66C
:10466000FE73241AA4B29C4205D928462821FFF7DC
:1046700078F8002038BD0120FCE738B504460D4627
:1046800001460020FEF764FC03689B0505D429461B
:104690002046BDE83840FFF7DCBF002038BD2DE9DB
:1046A000F04115461F469DF81880FEF751FC044660
:1046B000FCF733FCB8F1010F064623D154E8003F64
:1046C00043F4807344E80032002AF7D105B354E87C
:1046D000002F42F4007244E80023002BF7D1FF21A1
:1046E0002046FFF707FF54E8002F48EA020244E89B
:1046F0000023002BF7D13046A5602782BDE8F041AA
:10470000FCF711BC4FF480712046FFF7F3FEDDE7A4
:104710004FF400712046FFF7EDFEE0E773B5064663
:1047200001200C46FEF714FC002305461A460093B0
:1047300021463046FFF7B3FF6B6863B14FF48071D9
:104740002046E4F7BFFD55E8003F43F4007345E819
:104750000032002AF7D1FCF7E0FB05462046FEF7C1
:1047600010FC28B103881BB14FF40070EAF71CFA63
:10477000284602B0BDE87040FCF7D5BB38B5054609
:104780000C46FEF7E5FB83684BB102212046002270
:10479000984721462846BDE83840FFF7BFBF38BDDF
:1047A000012938B505460C4608D0CC1E012C03D88B
:1047B00001460120FFF7E2FF012038BD2221FEF76C
:1047C0003FFC20462946FFF7D9FF0020F5E708B552
:1047D000FEF7BEFB006800F0F00008BD10B5014612
:1047E00004460120FFF7F3FF20B92146BDE8104041
:1047F000FFF7EDBF10BD70B506460C46014601201F
:10480000FEF7A6FB314605460020FEF7A1FB2B680C
:104810000268014643EA0200C0051ED49B0502F46B
:10482000007203D49AB94FF0FF3070BD2B8A1B1B66
:1048300098B27AB1098A091B89B28842A8BF084692
:104840004FF6FF73984208BF4FF0FF30EDE74FF689
:10485000FF70EFE74FF6FF71EFE70120E5E72DE985
:10486000F34104460191014601201546FEF770FB15
:10487000214606460020FEF76BFB80462046FEF7E9
:1048800070FB810606D501A806F00EFE0C2002B0D2
:10489000BDE8F081FCF741FB336807469A0503D475
:1048A000D8F800309B0509D50199301D8D6006F0C0
:1048B000C9FE3846FCF737FB0020E8E7FCF733FB7E
:1048C00020460199A847E2E738B501460446012091
:1048D000FEF73EFB05460C3006F0E6FD281D06F00F
:1048E000E3FD21460020FEF733FB04460C3006F0C2
:1048F000DBFD201DBDE8384006F0D6BD70B5014691
:1049000005460120FEF724FB0646043006F030FE83
:10491000044670B14FF400713046FFF7EBFD2146BD
:104920002846A368984720B12046BDE87040FAF7B2
:1049300015BE70BD00238260C0E90031704708B524
:104940000B4601461846FEF703FB0068C0F3402003
:1049500008BDFFF725BFCB1E012B70B504460D46E1
:10496000164606D81A21FEF76BFB40212046E4F7D5
:10497000A9FC324629462046BDE87040FFF710BF2B
:1049800038B504460D46FEF747FB28B1012D04D18A
:1049900022212046FEF754FB002038BDF8B50C4616
:1049A0008B7907460B44D3F80D60D3F811303246AB
:1049B000E5F7EAF809212046FFF7EFFD2046E6F784
:1049C000FFF9A579E6F7B4F80C3566F0FF06254443
:1049D0000640C5F80160E6F7ABF83846C5F80510A3
:1049E0002146FFF7D8FD02213846FFF7BEFDF8BD8E
:1049F00070B50E46054601460020FEF7A9FA012EC5
:104A0000044603D0022E11D0012070BDC168284693
:104A10008B7919440D31FEF7A0FBE068FAF79EFD93
:104A200000202946E060FFF779FEEDE7C068FAF75D
:104A300095FD0023E360E7E738B50D4604460146DF
:104A40000120FEF785FA012D08D100F11201204660
:104A5000FEF783FB21462846FFF760FE012038BDA4
:104A600008B5FEF77EFAC0F3C00008BDF8B50C46E5
:104A70000746FFF7F5FF80F00106F6B239463046EB
:104A8000FEF766FA0546C068012C837903D0022C34
:104A90001BD00120F8BD0C33C41823893846E288A6
:104AA000A188FEF732FC618862784900384689B2F5
:104AB0005200FEF791FAE868FAF750FD00233946F4
:104AC0003046EB60FFF72AFEE3E7FAF747FD0023E5
:104AD000EB60DEE708B5FEF74CFA00F0010008BD18
:104AE00038B50C4602210546FEF745FA0C21204652
:104AF000FFF753FD2046E6F763F94FF0FF3383706D
:104B00000223C3700D2343706FF02F03037105233D
:104B1000214643712846BDE83840FFF73CBD0429D3
:104B200010B5044601D0002010BDFFF799FFC0F179
:104B30000200E5F7A3FF0028F5D106F048FE014684
:104B400008B90220F0E72046E6F74AFC0028F8D131
:104B50000120E9E708B5FEF704FAC0F3C00008BD7C
:104B60002DE9F0410F4604469046FFF7F3FF80F031
:104B70000105EDB221462846FEF7EAF9012F064667
:104B800003D0032F0FD001200BE02046FEF78BFE51
:104B900022212046FEF754FA28462146FFF7EEFD73
:104BA0000020BDE8F081C068FAF7D8FC0023204659
:104BB000F360FEF778FE20465FFA88F1FEF740FAD0
:104BC00020462021E4F77EFB21462846FFF7D6FD4C
:104BD000D9E737B504460D46FEF7CBF903054CD5AA
:104BE000022006F0F4FD0190002848D0204645B38D
:104BF000FFF7B0FF50B105210198FFF7CEFC0198F7
:104C0000E6F7DEF820460199FFF7C5FC2046294665
:104C1000FEF754FE2046FFF79DFF78B94FF4006180
:104C20002046FEF7A3F906210198FFF7B6FC01988C
:104C3000E6F7C6F820460199FFF7ADFC002003B067
:104C400030BDFFF787FF68B1019903230622204694
:104C5000FFF7B7FC2046FEF726FE21462846FFF761
:104C60008DFDEBE701A806F01FFC20463D21FEF775
:104C700078FD2046FEF717FEE0E70C20DFE707206F
:104C8000DDE7F7B5014604460020FEF761F9054669
:104C900000F112074FF48060E5F7F0FE50B92046AE
:104CA000E4F7FAFA3A46698B80B203B0BDE8F04007
:104CB000FFF7D3BA2046E4F7EFFA064620466D8B9D
:104CC000FEF74DF900220346009229463A46B0B25B
:104CD000FFF7E2FA03B0F0BD83781A2B09D81B2343
:104CE00083700288B2F5A47F07D24FF4A4730380C7
:104CF00007E0FB2BF5D9FB23F2E744F290239A421D
:104D0000F5D87047F0B50446CA798B7987B043EA85
:104D10000223ADF80C308B8803A88DF80E30CA78CA
:104D20008B7840F6480543EA0223ADF810300B8833
:104D300005A98DF81230FFF7CFFF04A8FFF7CCFFCD
:104D40002046FEF73EFD0B212046FEF7F4FC44F220
:104D50009023002818BF1D46BDF80C709DF80E303A
:104D6000BDF81460BDF810209DF816009DF81210D3
:104D7000AF42D4BF00970095FB2BA8BFFB23B242E4
:104D8000A8BF32468142A8BF01462046FEF730FB4D
:104D900007B0F0BD37B5144605461046FFF7FDFBDA
:104DA0002046E6F70DF801A904462846FEF709FD5E
:104DB0000B212846FEF7BFFC6FF00403637000234D
:104DC00044F29022A37040F64803002818BF13460F
:104DD000A4F803309DF80630A4F80530BDF804307F
:104DE000A4F8073003B030BDFFF7DABC022973B571
:104DF00005460C4603D00024204602B070BD0521B4
:104E0000FEF76AFC0028F6D0E4F786FD1B28F2D9ED
:104E10004FF40040E5F732FE0028ECD106F0D7FC55
:104E200006460028E8D0284601A9FEF7CAFC31460C
:104E300028469DF80630BDF80420E6F7A5FD0028B9
:104E4000D9D10124D8E730B190FAA0F00123B0FA0B
:104E500080F08340D8B2704770B50646FEF789F8F7
:104E600080F0400402060546C4F3801406D40821ED
:104E70003046FEF746FC08B144F00204EB0506D4C8
:104E80000B213046FEF73DFC08B144F004042046F7
:104E900070BD2DE9F843044691460F46FEF769F8C8
:104EA000C0F340152046FEF733FB214680462846D6
:104EB000FEF74EF8494606462046FEF7C1F898F838
:104EC0000110384601F00F0100F0F3F9062814BF75
:104ED000014600212A462046FEF7BEFA2146284612
:104EE000FFF71CFC20212046FEF748F856E8003F5B
:104EF00043F4805346E80032002AF7D1BDE8F88336
:104F0000F8B50E4604461546FEF733F8032EC0F3F7
:104F100040170DD0042E16D0012E12D1222120468A
:104F2000FEF78EF838462146FFF728FC0020F8BD32
:104F3000EAB200212046FFF7ACFF21463846FFF7D2
:104F40001DFC0120F3E70C22F3E7012910B504460C
:104F50000BD1FEF70EF82146C0F34010FDF7F8FF25
:104F60000022817C2046FFF794FF012010BD2DE92F
:104F7000F7430F460546FDF7FCFF00F02009C0F39C
:104F800040182846FEF7C4FABB790C333B445E78E0
:104F90009B781E400378C3F3030000EA13103040EF
:104FA000FFF751FF044648B9B9F1000F06D1284672
:104FB000FFF752FF3040FFF746FF04462846FEF752
:104FC000AAFAE8F785FBA04223D01CB302212846A9
:104FD000FDF7E7FF002106462846FEF734F91821C1
:104FE0003846FFF7DAFA3846E5F7EAFEB6B2394650
:104FF00044708470A0F803602846FFF7CCFA23467B
:105000002246294640460096E6F7F8FC03B0BDE884
:10501000F08300242646E2E770B504460D46FFF70C
:10502000DDFB28B929462046BDE87040FFF79FBF49
:10503000402829462046BDE870404FF0160314BFB3
:105040002A222322FFF7BDBA38B505460C46FDF7E4
:1050500090FF830604D42046BDE83840FAF77EBAB4
:1050600021462846BDE83840FFF781BF73B58C79EB
:1050700006460C340C440D46FDF77BFFA278C0F3C6
:105080004010032A14D0052A28BF00226378032B7E
:1050900010D0052B28BF0023B4F80310009131462F
:1050A000E6F7ACFC284602B0BDE87040FAF756BA05
:1050B0000022EBE70023EFE708B58B790B441B7B5D
:1050C000162B03D0172B05D0002008BDFFF7A4FF37
:1050D0000120FAE7FFF7B8FFFAE708B58B790B4430
:1050E0001B7B162B03D0182B05D0002008BDE6F73C
:1050F000AFFC0120FAE7FFF7B9FFFAE770471FB5E9
:105100004A1E042A03460C465FD8012902D10088B2
:1051100004B010BD022905D100885B88984238BFD1
:105120001846F5E74A00014601A805F082FF032C66
:1051300007D10023ADF80A304FF6FF73ADF80C30FD
:1051400001E0042CF8D0BDF80620BDF804309342ED
:1051500084BFADF80630ADF80420BDF80A30BDF8C4
:105160000C20934288BFADF80A20BDF80A2088BF02
:10517000ADF80C30BDF80430934288BFADF80A306A
:10518000BDF80620BDF80C309A4288BFADF8063055
:10519000BDF80820BDF80630934284BFADF8083052
:1051A000ADF80620BDF80A30BDF808209A4288BF45
:1051B000ADF80830BDF80820BDF806309A4238BF77
:1051C000ADF80830BDF80800A2E74FF6FF709FE782
:1051D000012804D0022804D030B9E7F7D5BEE7F79C
:1051E000C3BE0020E6F732BE704710B1012803D0DD
:1051F00070470120E6F72ABE0020FBE7F7B51F46FF
:105200008B1E012B05460C46164613D8FEF710FCE4
:105210000023CDE90005F01A18BF01201A463946CF
:10522000FEF714FC80B1022C0BD12846E5F74CFBAD
:10523000002004E00029F8D0012902D0FF2003B0AB
:10524000F0BD2846E5F784FB0120F8E770B50D4670
:1052500000219DF810600446817106F10C01417334
:10526000111E18BF012103F00F00237B40EAC1107B
:1052700003F04003184320732B469DF8141004F1EB
:105280000E00FFF7BBFF237B0E3660F386132373FC
:105290002B686361AB882383A3793344E37170BDCA
:1052A000C94350E8003F0B4040E80032002AF8D1E3
:1052B0007047022808D0042803D0012818BF062010
:1052C000704701F00101C81C7047E9F751BA0A287C
:1052D00002D80130C0B27047242801D80230F9E763
:1052E000252805D0262805D0272818BFFF2070477D
:1052F000002070470C20704708B5E8F765FABDE854
:1053000008404FF00060E9F74FBC08B5E9F736FAFE
:1053100020B1BDE808401020FFF7EEBF08BD704780
:10532000704770477047704700207047704770475C
:10533000704770477047104619467047002000219B
:10534000704705F00DBAF3F749B905F0C1BA08B5D1
:10535000E8F73CFC20B1BDE808400420FFF7CCBFD3
:1053600008BDF0B587B00D4616468DF8070002B9A6
:10537000A3B329469DF80700FEF76EFB0446B8B9B3
:1053800029469DF80700FEF76BFB40BB16B39DF85E
:105390000710003918BF012128460DF10F02E9F767
:1053A000A9F8F8B99DF80F40013418BF012416E0A0
:1053B00004AF012239460DF10700FEF74FFB04460A
:1053C0004EB19DF80730191E18BF0121002818BFE3
:1053D0003D46E1E70124FEF72EFB00B901242046FB
:1053E00007B0F0BD4FF0FF34DEE77047704702466C
:1053F00019460020E8F75CBF002070470020704786
:1054000007B500214FF0FF336A46084600938DF838
:105410000430E9F7E3F803B05DF804FB38B505465E
:10542000006805F0E3FE0446287900F01F0005F04F
:10543000DDFE2044C0B2012894BF0020012038BD09
:1054400070477047914270B50D4614461E4609D20A
:10545000FFF73BFF641B013490FBF4F303FB1400E4
:105460000544ACB23480FFF730FF33880133B0FB22
:10547000F3F202FB1300049B188070BD7047704765
:1054800070470120704708B5202000F0F7FE003873
:1054900018BF012008BD08B5FFF7F5FF20B1BDE832
:1054A0000840202000F0F2BE08BD73B506460D4648
:1054B0001446D2B100F0DFFEA84218D8304600F002
:1054C000EFFE01460190A0B100232A46204605F0D8
:1054D000E1FF01A805F0E8FF2246022052F8041B74
:1054E00000F08BFE002002B070BD2220FBE72120DF
:1054F000F9E72D20F7E708B5F9F762FD08B10120BB
:1055000008BD00F064F8F9F763FD0028F7D1EBF768
:10551000E3FF003818BF0120F2E708B5E9F7F2FA17
:1055200000280CBF0420012008BDE9F7F9BA0020CB
:10553000704730B50446154687B00846FEF79BFF16
:10554000122200210DF1060005F068FDA368ADF8F8
:1055500004500293E3680393E38BADF81030238C7F
:10556000ADF81230FFF7E3FF029B8DF8140043F40F
:105570001053029300F0EEFD18B1029B43F00403B8
:105580000293029B01A843F480330293E5F788FA63
:1055900010F0FF0516D1A38C0DF10201ADF800301B
:1055A000E38C6846ADF8023000F065FDE9F754FB86
:1055B000FEF75FFF012104F0B6FFEBF709F828467C
:1055C00007B030BD40F20C40FAE7E9F755BBFCF7F5
:1055D0001ABCE2F77FBFC160704741EA002008B5FE
:1055E00040F49020FCF79CFE014640B110F1880F7A
:1055F00005D0BDE8084040F20740EDF79DBD08BD6D
:105600000120704770B50C46064611461D46E9F765
:10561000FBFB58B144EA06206FEA40406FEA504075
:105620002A46BDE8704080B2E9F742BB40F206402E
:1056300070BD837901461A0703D506220020E9F7D9
:105640006DBC9B0602D506220120F8E74FF0FF3023
:1056500070478379532B01D1E9F792BCFFF7E9BF7B
:1056600070B5064614461D46E9F7CEFB10B9002476
:10567000204670BD41EA06206FEA40406FEA504084
:105680002A46214680B2E9F731FB0028F0D0EEE748
:1056900013B50446E9F7B8FB10B9002002B010BDFD
:1056A00008226B4611462046FFF7DAFF0828F4D19E
:1056B0009DF80230002BF0D09DF90300013018BF97
:1056C0000120EBE710B5E8F72DF9002814BF0324FB
:1056D0000124E8F737F908B144F00404204610BD6E
:1056E00070470020704700207047532838B50546A2
:1056F0000C4604D1BDE838400846EDF7A1BD0620B0
:10570000FAF7DAF868B96379142D03F03F0363718F
:1057100004D0722D08D163F03F0363710020A5719E
:1057200038BD40F20740FBE72120F9E74FF0FF3397
:10573000F7B50093ADF804308379DA060CD5532B16
:1057400008BF00234FF03F0208BFADF800308DF8CE
:10575000052008BF8DF802300021451E431D6A4612
:10576000084615F8016F12F8014B9D4206EA04073E
:1057700024EA060440EA070041EA0401F1D110B12D
:10578000081E18BF012003B0F0BD1FB550F80C4B28
:10579000ADF80A3094F87040069BADF806108DF80D
:1057A000082040F2035101AA8DF80440039305F04C
:1057B000B0FD10B906A805F077FE04B010BD2DE9C4
:1057C000F0414FF0000886B004460E461546CDF86D
:1057D0000C8000F1440712B303A805F065FE3846BB
:1057E00005F062FE84F81C800023324600931821E5
:1057F0002B46204600F0D9FE05F58855204650F886
:105800000C3B40F2055193F8703004AA8DF810302B
:10581000059505F07EFD002006B0BDE8F0814369E6
:105820001A0710D4A846384605F05CFE03460390DC
:10583000C0B903A805F038FE384605F035FE002350
:10584000237755B1D0E723F00803436103A805F09F
:105850002BFE384605F028FE2577204600F021FF74
:105860000025CBE79979204601F10C021A44B2F8E1
:1058700001600531B2F803209971314601F066FBF1
:10588000CDF80C800028CED00546D2E72DE9F84FA0
:105890000E4691469A4605469DF828B010B1037C05
:1058A000012B60D0284601F068F8304601F0E1F99C
:1058B000002231468046284601F04EFA074630461F
:1058C00001F0D0FC42F6052398421CD118F0300FAD
:1058D00026D1BBF1000F33D018F0200F3FD0BA070C
:1058E0003FD5EB8B002B38D153464A4631462846EC
:1058F00000F009FF0446E8B940F20A412846EE8369
:1059000001F049F816E0284601F0ECF80028DDD057
:10591000284601F0FCF80028D8D041F2121409E022
:10592000B907D6D03146284601F0B2FA0028D0D0C7
:1059300000F58854284601F025F82046BDE8F88F88
:1059400018F0100F0BD0FB070BD553464A463146D3
:10595000284600F0B5FE0446ECE70524EAE72124DA
:10596000E8E70224E6E70724E7E72DE9F04700250A
:1059700086B09DF8389090F81CA004460F469046DB
:105980000F9E0577B9F1000F09D00A464B465146E4
:10599000009600F00AFE284606B0BDE8F087BAF18E
:1059A000080FADF8169026D145893246043DADB2B8
:1059B0009D424FF002014FF00900A8BF1D4600F0C4
:1059C00085FD0222814605A93046ADF8147005F028
:1059D000FCFF2A464146304605F0F7FF0546831C8A
:1059E0003146204689F80130EBF764FFADF81650D8
:1059F000BDF81600D0E7BAF10A0F0DF116020CBF80
:105A00000B210D21CDE9016200930122434600F0F4
:105A1000F0FD1A28ECD111233A4651462046CDF824
:105A20000090ADF8169000F0C0FDE1E7F0B500255C
:105A300089B01746012204460E460393ADF816506E
:105A400001F0B9F98DF81500002846D1304601F073
:105A50002AF810B1304601F0E8F8304601F019F9A3
:105A6000B8B103A805F020FD204650F80C2B237F89
:105A700092F8702040F202518DF8182006AAADF875
:105A80001A608DF81C30ADF81E7005F042FC09B0AC
:105A9000F0BD0DF115030DF116023146204601F05F
:105AA00027FA9DF8153002465BB9BDF81630BB42A7
:105AB00035BF0723DB1B8DF81530D21928BFADF891
:105AC0001630039B314601939DF815302046009314
:105AD000BDF81630FFF749FFD9E72A46F1E770B560
:105AE00004460D46164600F0DEFF40B933462A460E
:105AF000214601F02BFA08B100F5885070BD41F243
:105B00000310FBE71FB550F80C4BADF80A3094F8C2
:105B10007040069BADF806108DF8082040F2015148
:105B200001AA8DF80440039305F0F3FB10B906A811
:105B300005F0BAFC04B010BD1FB550F80C4BADF821
:105B40000A3094F87040BDF81830ADF806108DF8A2
:105B5000082040F2045101AA8DF80440ADF80C3041
:105B600005F0D7FB04B010BDF0B5122785B0039245
:105B70000777022205460E4601F01DF9044668B17A
:105B800003A805F091FC00232B77002332460093F5
:105B900012212346284600F008FD0FE0039A304604
:105BA00093790333937101F074F848B1039B3A463B
:105BB0000093314623462846FFF7E7FD05B0F0BDC8
:105BC00042F6293001F0B5FAB04220D1039830B93D
:105BD00003A805F069FC00230D242B77D5E705F019
:105BE000CFFC80B20128F3D1039B28469A79134455
:105BF000197B00F0B2FF044603A805F055FC002312
:105C00002B77002CC1D1284600F012FDD6E72246A2
:105C100031462846039B01F099F90446EFE72DE948
:105C2000FF410392042204460D4601F0C4F80746E2
:105C300028B103A805F038FC04B0BDE8F0814FF0AE
:105C40005208039A284693790333937184F81C8091
:105C500001F01FF8064640B1039B424600932946D7
:105C60003B462046FFF791FDE6E742F6293001F07A
:105C700060FAA842039B0BD19A7920461344197B02
:105C800000F06BFF03A805F00FFC00232377D3E798
:105C900032462946204601F059F9F6E72DE9FF4141
:105CA0008B7904460C330B44B3F801700E4638462A
:105CB000B3F8038000F0D5FF002858D002223946FF
:105CC000204601F078F80546E8B9384600F0E1FFD3
:105CD00068B116222277B37939460533B37120466D
:105CE00043460096FFF751FD04B0BDE8F081F9F797
:105CF000CBFB33461B680135EDB2002BFAD10635DC
:105D0000A8421DDC092504F1440005F0CDFB2B461B
:105D10003A4616212046009600F047FC092DE3D1B3
:105D2000204650F80C3B40F2055193F8703002AA1F
:105D30008DF8083041F20913039305F0EAFAD3E72E
:105D40000121304605F00CFE01460028DAD004F1AE
:105D5000440005F077FCB37942460533B371394608
:105D60003346204604B0BDE8F04100F070BC012588
:105D7000C9E713B5044641B9443005F095FB204608
:105D800002B0BDE8104000F08CBC182243690277D5
:105D900013F0080306D0002319460093FFF7F5FC23
:105DA00002B010BD1A46194602B0BDE81040FFF718
:105DB00006BD7FB5C58B04462DB342F6052001F024
:105DC000B8F9A84207D10021204600F0A7FE636978
:105DD00023F001036361002640F20A41204600F0EF
:105DE000E0FD29460DF10E022046ADF80E6000F0F0
:105DF000B3FFBDF80E20034600922946022220463A
:105E0000FFF79AFEE68304B070BDF7B504461F465F
:105E10000E46154600F0B1FD237C012B58D0237FA0
:105E2000182B2CD063691B0713D5217F16292DD081
:105E300008D8122914D00225204600F0A3FD2846D8
:105E400003B0F0BD18291AD05229F4D100232377CA
:105E500013E0304600F01DFF0028E6D12125EBE7D6
:105E60000023237735B1009332462B46204600F0BD
:105E70009CFB02E0204600F0DBFB0025DCE72A4625
:105E800031462046FFF79BFC0546D5E700232377E4
:105E9000002DE8D105211720BDF82430089A00957F
:105EA00000F038FB20B91123324612210095DDE7BE
:105EB00000F0EDFA6269034642F0080262618279FD
:105EC0003146053282713A46204600F0C0FBD4E7E5
:105ED0000725B1E72DE9F041054688B042F60520D7
:105EE00001F027F9064604A8ECF7DAFA102205F1CA
:105EF00021010DEB020005F067F850B101212846A1
:105F000000F00CFE284601F0C6F96B6923F001038E
:105F10006B6142F60303022003A9ADF80C30ECF7E5
:105F200007FC012407464FF0000820463A464FF68A
:105F3000FF7101F0C3F8044610B908B0BDE8F08164
:105F400000F08FFE0134A4B20028EED0A64203D1A7
:105F500031462846E9F762FC214628460DF10E023B
:105F6000ADF80E8000F0F8FE03460028DDD0BDF845
:105F70000E202146009228460122FFF7DDFDD4E7DE
:105F800008B5ECF77BFA0020EAF7D6F8002008BD48
:105F900010B90120EAF7C4B970470220EAF7B6B990
:105FA0000020EAF7B3B938B50C460546E4F76CFBB8
:105FB0004379C47523F0030343F0030343710923BA
:105FC000837104F10C03C371A0F81550153038BD6E
:105FD0002DE9F3410D4616468046E4F755FB05F1E1
:105FE0000C03C3714379044623F0030343F0030316
:105FF0004371092301908371A0F8158000F1150702
:10600000304605F0BDFA33460544E5753BB901A8B5
:10601000314605F017FB384602B0BDE8F0815A79E9
:1060200022F0030242F002025A711B68EEE708B543
:10603000E4F730FB83790C33184408BD08B5EAF760
:10604000BDF8ECF7A5FEE9F7D5FAECF7DDF8BDE809
:106050000840FFF7A5BF10B50446EAF75BFA20B980
:106060002046BDE81040F9F709B92046F9F706F9CE
:10607000FFF793FFF1E773B50E4605F072FE044695
:1060800000BB42F6072001F054F80546D0B10A22C1
:10609000B6F900300021002BCBBF0533053BB3FB25
:1060A000F2F393FBF2F35BB28DF8073001230DF1AD
:1060B0000702184605F0B6FC0022034629461046A2
:1060C00000F044FF204602B070BD430803F05503C2
:1060D000C01A00F03303C0F3850000F03300184409
:1060E00000EB101000F00F007047002110B5421DAA
:1060F000441E14F8010FFFF7E8FF94420144F8D161
:10610000084610BD0E2070470E2070470E207047C5
:106110000E20704770477047EBF746BC704708B5D4
:10612000ECF77AFC002008BDECF794BFEAF788BFD3
:10613000EBF742BA02F00AB802F00AB870477047AB
:1061400070477047E8F77EBE0F2070470F207047FA
:106150007047704700207047704770477047F8B528
:1061600004460F46164613680A461D0A00210435E8
:1061700004F054FFEDB221222046394605F0E2F842
:106180002046294605F067F9A27933681444E36094
:10619000F8BD7047704770477047704770470246B8
:1061A0004FF482712020FFF780B9FFF7C1BF01468D
:1061B00008B500F03800EBF7C3F878B1D0E9013248
:1061C0004078C1F3074110F0020F08BF1346043BAB
:1061D00053F8040F10B102788A42F9D108BD38B5DE
:1061E00005460C4604B938BD013C55F824301B69FE
:1061F000002BF7D09847F5E770477047F8B543781C
:106200000546DB0701D4EBF7DDF800266B786F68F5
:1062100023F00C0343F002036B7057F826402CB9AF
:10622000202005F10C01F9F7E3F90FE0A36801362E
:10623000002BF2D0984704460028EED0314638466D
:10624000FFF7CDFF6B7823F002036B702046F8BD9B
:106250004078C0F340007047437813F00E0F0CBF36
:1062600001200020704710B5EBF716F90446EBF754
:106270002BF9204610BD4FF48270704708B5EBF73C
:106280005FF8C068003818BF012008BD08B5EBF7FB
:1062900057F820B1BDE80840C06805F036B908BD20
:1062A00038B5EBF74DF8044650B1FAF736FE05461F
:1062B00004F10C0005F016F904462846FAF733FEFF
:1062C000204638BD37B58379019003440446D86829
:1062D00000F03800EBF734F8054628B901A805F0BE
:1062E000E3F8022003B030BD204605F0E7F8FAF7E6
:1062F00014FE0446019905F10C0005F0A3F92046AF
:10630000FAF711FEE8F70CFC0020EBE72DE9F0416D
:1063100004461F462502C4F3072305F4E06524F470
:106320007F441D4324F0C704EE1944F080048B79A8
:1063300044EA16243602B6B20C333443084601EB65
:106340000308CC501146FFF7BDFF20B94544EF705C
:106350004046BDE8F0814FF00008F9E7427810B5FB
:106360000432044601F00400D2B2002140F02900BA
:1063700005F0EEFA18B1837922680344DA6010BDA3
:1063800010B50021FFF7EAFF044608B9002010BD50
:106390000179FFF797FF0028F8D1A3790C33E018B3
:1063A000F5E72DE9F04117461A46036801F00401AC
:1063B0001C0204F4E064C3F307231C4341F02905E5
:1063C000043406463B462146284605F02BFB804612
:1063D00050B1E1B205F0A8F83B462A464146306884
:1063E000BDE8F041FFF792BFBDE8F0812DE9F34130
:1063F000002401F004010768064641F029051068F1
:1064000029461460019005F059F8019805F0B8F894
:10641000390201F4E061C7F30727394380460122BE
:10642000043101A805F010FA30B101A805F03CF8DC
:10643000204602B0BDE8F08143462A460199306803
:10644000FFF764FFF5E77047002307B5CDE9003398
:1064500069468DF802004FF0FF3004F000F903B0F8
:106460005DF804FBA0F86E10704701238B4090F894
:106470007110194380F87110704708B50120F9F7C1
:1064800023F8C0B208BD83790C3318447047143820
:10649000704710B50446A1F1140005F071F8201AF8
:1064A00020EAE07080B210BD70B51C460D4616465D
:1064B000FFF7EFFFA04207D322463146A5F11400B3
:1064C00005F083FA012070BD0020FCE770B5064698
:1064D0000D4614467AB90A462046082105F038FAD6
:1064E000044690B92A460821292005F031FA0446CD
:1064F00058B9204670BD104604F0D6FF204605F07E
:106500005AF908231D44A371E571A3790C331C4487
:106510002670EEE72DE9F0411646069A07468846B2
:106520001D46FFF7D3FF0446F0B114382A46314622
:10653000069005F04AFA854217D9069B06A81C79F1
:1065400004F0200404F0B0FF74B942460821292069
:1065500005F0FEF92A463146069005F036FA8542E6
:1065600006D906A804F0A0FF00242046BDE8F0816B
:10657000069A93790C33D418D754F6E711B114392D
:10658000EBF798B91A20704738B5002204460D463B
:1065900002200321FFF79AFF014608B1A0F801503D
:1065A0002046BDE83840FFF7E9BFF8B504460F467E
:1065B000164605210120069A1D46FFF787FF014672
:1065C00038B14770468005712046BDE8F840FFF7B6
:1065D000D5BFF8BD38B50D46032104460846FFF780
:1065E00075FFA0F8015001462046BDE83840FFF78E
:1065F000C5BF73B50546084611466C891A46641A2C
:10660000BDF81830A4B29C4228BF1C46079B089EC8
:1066100000932346FFF77EFF014630B128463480C1
:1066200002B0BDE87040FFF7A9BF1A2002B070BDEC
:10663000012110B5002204461320FFF747FF014651
:1066400020B12046BDE81040FFF798BF10BDF7B558
:106650004489054618460F461646019304F090FFFC
:10666000053CA4B2844203DA011B01A805F02AF814
:106670000521019805F0AFF8014628B901A804F0FA
:1066800013FF1A2003B0F0BD83790C33C218172012
:10669000C8542846A2F80170A2F80360EBF70AF983
:1066A000F0E7012110B5002204461920FFF70EFF84
:1066B000014620B12046BDE81040FFF75FBF10BD86
:1066C00073B50E46002144890546033CA4B2A3429B
:1066D000009128BF234603211B20FFF71BFF014623
:1066E00070B1012210F80F3CA0F8016062F30713AB
:1066F00000F80F3C284602B0BDE87040FFF73EBFEF
:106700001A2002B070BD73B50E46002144890546BB
:10671000033CA4B2A342009128BF234603211D20BD
:10672000FFF7F8FE014638B1A0F80160284602B034
:10673000BDE87040FFF722BF1A2002B070BD4B8841
:10674000042B07D1836C08885B8998428CBF00209A
:10675000012070470020704710B50446FEF7B2FFD5
:106760000346204009D014F0050006D0DB4363F057
:10677000050323420CBF0120002010BD002337B5C4
:1067800080F8723040F6FF73A0F86E3083680446DC
:10679000DA040D46C16010D443F480636A46A360F6
:1067A00040F203212046CDE9004504F0B2FD00216E
:1067B0002046EAF7BBFF03B030BD90F87600EFF754
:1067C000D5FBA36823F48053E8E773B56E4604460F
:1067D0004A7930460D460631E8F7E6FF96E80300B1
:1067E000A4F85010090C11F0800FE06484F85210E6
:1067F00004F1530312D00122184605F11201E8F703
:10680000D3FF0C352846FFF770FC28B1012229463A
:1068100004F15A00E8F7C8FF02B070BDB4F8501098
:1068200094F85220C4F8530099809A71E9E71FB593
:1068300090F87420044602F0010301908DF80830AE
:106840000BB102F002038DF8093094F87530204640
:106850008DF80A30039101F0D3FC4FF4017101AAC5
:10686000204604F056FD2046EAF7ECFF04B010BDC8
:10687000EAF734BFFFF701BE0A460021ECF74AB938
:1068800013220121ECF746B9826838B5C2F3803291
:106890000446B0F86E000D46ECF7E2F920B9A368A3
:1068A0001DB143F40053A36038BD23F40053FAE74D
:1068B000F8B504460E4617461D46E8F72FFF214659
:1068C000EAF798FE044698B10021FFF7CEFD3A465C
:1068D00031462046F8F7B4FCA36843F00103A360F7
:1068E00040F20313A4F87230002320462B60F8BD59
:1068F0001A23FAE710B504460B68084623608B8814
:10690000A38042B1E8F748FFA0712046FEF70EFFD2
:1069100000B9A07110BD4920F6E783791A0705D4A4
:1069200013F0100F0CBFFF200120704700207047AC
:1069300010B5044660B1806C50B1EBF779FCA06CE7
:106940000028FAD12046BDE810400321EAF7EEBE48
:1069500010BD438907B58B420CD050F80C2B40F288
:10696000014192F87020ADF806308DF8042001AA9C
:1069700004F0CFFC03B05DF804FB436943F004036B
:1069800043617047436923F00403436170474069E2
:10699000C0F38000704747F2305300220068F8F7D8
:1069A00033BC006804F052BC38B5436904469B0709
:1069B0000D4603D540F20941FFF7F3FFEAF798FFD0
:1069C00008B1A3691D702046BDE8384040F2094176
:1069D000FFF7E1BF07B5027C012A09D0012202744A
:1069E00040F20942914206D040F20A4291420ED052
:1069F00003B05DF804FB4FF4816150F80C3B01AA31
:106A000093F870308DF8043004F083FCF0E750F810
:106A10000C3B01AA93F870308DF80430F4E738B5D8
:106A200022F000430D46114640F2032293420446F1
:106A30001AD0B3F5017F09D240F20122934213D05C
:106A400040F20222934209D0002038BD6FF48162E7
:106A50001344012BF8D8FFF7BDFFF5E700F022F94A
:106A60002046FFF737FAEFE763699B0704D540F24A
:106A700009412046FFF795FF2846FFF759FFE3E756
:106A800008B5EAF703FE00B1806C08BD08B500B197
:106A90000068EAF71BFE08B9034602E0836C002B8E
:106AA000F7D0184608BD10B5044642F62A3000F06B
:106AB00040FB031B5842584110BD022806D142F644
:106AC0002A330888C31A584258417047002070473B
:106AD00010B5044642F6293000F02BFB031B584248
:106AE000584110BD90F8200000F0010070471FB51C
:106AF00004466846EBF7D4FC1022694604F12100F5
:106B000004F062FAB0FA80F0400904B010BD08B594
:106B1000FFF7EDFFB0FA80F0400908BD70B50446FC
:106B200000F1210591B92846EBF7BAFC236893F9E7
:106B30007500FEF7ADFD78B120682B46BDE87040CA
:106B400010220D2190F97500FEF75CBD1022002186
:106B5000284604F063FAE9E770BD38B5044600231F
:106B600090F8202041FA03F0C50703D442FA03F05D
:106B7000C0071ED40133082BF4D101F001052368AE
:106B80002A4384F8202093F97500FEF781FD40B177
:106B9000234653F8200B01220C2190F97500FEF7D3
:106BA00031FD0DB9002038BD00212046FFF7B6FFAA
:106BB000F8E71320F7E768B13F290AD800EBA100F6
:106BC00090F8310001F003014900084100F0030092
:106BD00070470020704710B50368044693F97500AC
:106BE000431C0DD0FEF754FD50B12346BDE81040C4
:106BF00053F8310B10220B2190F97500FEF702BDFE
:106C000010BD10B590F87430DB0706D490F97530DC
:106C1000013314BF0F20052010BD847CECF7E2F98E
:106C2000844234BF0C200020F6E730B5044685B01E
:106C30006846EBF735FC1021684604F008FF204653
:106C4000EBF740FE6B46C26804AD06321C4603CC2F
:106C5000AC4210605160234602F10802F6D105B043
:106C600030BD08B5EBF72EFE08B1EBF7FFFDC0B263
:106C700008BD013810B580B2EBF724FE044608B910
:106C8000002010BD408800F07FFB0028F8D0207B5A
:106C9000F7E708B5EBF716FE18B1007AC31F5842A4
:106CA000584108BD70B5054655F8213B044693F997
:106CB0007500431C04D12846BDE87040EBF7F0BBDB
:106CC000FEF7E6FC0028F6D0234653F8310B1022DD
:106CD0000B2190F97500FEF7C3FC234653F8200BF7
:106CE00001220C2190F97500FEF7BAFC20682B46B2
:106CF000BDE8704010220D2190F97500FEF7B0BC80
:106D000001302DE9F04185B228460E46EBF7DAFD59
:106D100042F60217044642F603089CB12046EBF700
:106D2000A5FD78B1204600F03EFBB84205D10EB17A
:106D300023883380607BBDE8F081204600F033FB80
:106D4000404502D14FF0FF30F5E70135ADB228469E
:106D5000EBF7B8FD0446E0E72DE9F04707460E469D
:106D600090460D4642F6021942F6030A0135ADB2CD
:106D70002846EBF7A7FD044678B1EBF777FD60B145
:106D8000204600F010FB484505D1237A072B04D19B
:106D90000320BDE8F0875045E8D141463046FFF773
:106DA000AFFF431C014604D03846BDE8F047FFF76B
:106DB00002BF0020EDE770B5054608461646EBF722
:106DC00081FD044608B9012070BDEBF74FFD002896
:106DD000F9D0F00713D4B10734D4720702D5A388D1
:106DE0005B0732D516F0060F31D116F40060EBD0F8
:106DF000A38813F4006F14BF00200620E4E7A388E3
:106E0000DA0743D513F0700F0AD1980610D458064C
:106E1000E1D52B6893F975300133DCD10820D3E735
:106E20002868FFF7EEFEA388990608D50028CBD185
:106E30002A6892F874209207E9D40520C4E7002854
:106E4000C2D1E4E7A3889907C7D40320BCE7A3888D
:106E500013F4E06F09D198050FD45B05C5D52B68F5
:106E600093F975300133C0D1D8E72868FFF7C9FE20
:106E7000A388990507D50028A6D12A6892F874201E
:106E80009207EAD4D9E700289ED1E6E702209BE7E3
:106E900038B504460846EBF715FD054608B901204C
:106EA00038BDEBF7E3FC0028F9D0AB8813F4E04FD2
:106EB0000CD1980412D413F48040F1D0236893F9D4
:106EC0007500431C58425841C000E9E72068FFF7AD
:106ED00098FEAB88990408D50028E1D1226892F881
:106EE00074209207E7D40520DAE70028D8D1E2E73A
:106EF0002DE9F0474FF00009044683F8009008465A
:106F0000A2F80090884616461D46EBF7DBFC0746C4
:106F100020B9012300202B70BDE8F08774B1EBF796
:106F2000A5FC0028F5D04046FFF7D2FD30B1012383
:106F300085F8009004F120003380EDE72B463246BF
:106F400039462046BDE8F047EBF736BA2DE9FF4158
:106F500007460846884616460393EBF7B3FC0446FB
:106F600038B903A804F0A0FA0125284604B0BDE80A
:106F7000F0811FB1EBF77AFC0028F2D0237A072BBF
:106F800005D8DFE803F017262F381C17172126BB7A
:106F90000398002835D13246257A022D62D0032D80
:106FA00064D0012D3BD0002F7FD1002503A804F031
:106FB0007BFADAE703A804F077FA0325D5E703A8FC
:106FC00004F072FA0625D0E703A804F06DFA8025D4
:106FD000CBE7E3685D88B54209DA03A804F064FAF8
:106FE0000725C2E7E3689A88B242F6D35D88039822
:106FF00040B9024609E0022EEFDC039868B9024668
:10700000CAE7354604F0BCFA82B29319AB42C3DD3D
:1070100003A804F049FA0D25A7E70225F2E7E06886
:10702000063000230399304404F034FA002FBCD01A
:10703000237A032B39D103A804F036FA0021204625
:10704000EBF7FAFB68B30588617B3846FFF7B3FDC1
:107050000122034629463846CDF80080FEF76CFD34
:10706000002582E7E068B3188380D9E7039B9A790B
:10707000D979891AC9B2481E012810D813440229A7
:107080001A7B04BF5B7B42EA0322237B32EA0303C1
:107090008CD101233846617BEBF764F9C6E70D25F7
:1070A00084E708F1FF35ADB2CEE7039B414600937C
:1070B000384633463A7FFEF725FDD1E7884270B562
:1070C00004460D46164611D8012838BF0124204633
:1070D000EBF7F8FB10B14388B34208D00134A4B2F7
:1070E0002046EBF7D3FB08B1A542F0D2002420469E
:1070F00070BD70B50C4616461D460146B8B1B3B119
:10710000022C01D0102C12D1E0B2EBF711FB4FF69C
:10711000FF718842024602D141F20A1070BD30462A
:10712000FFF7CCFF0028F7D028800020F6E72120C9
:10713000F4E7002307B50122ADF80400ADF80630EE
:1071400002210DF1060301A8FFF7D3FFBDF80600E9
:1071500003B05DF804FBF8B50F461646441CA4B214
:107160002046EBF7AFFB10B9013CA0B2F8BD00F030
:107170001AF90546304600F0F2F820B1284600F032
:10718000EEF80028F0D1304600F0E2F820B12846B1
:1071900000F0DEF80028E7D10134A4B22046EBF776
:1071A00075FB08B1BC42DBD94FF6FF70DEE72DE975
:1071B000F04F9A4687B08B880D460C88814604A90B
:1071C0000220ADF810309046EBF7B2FAAB680090B1
:1071D000A888AF89059300F0BBF838B1102F05D10E
:1071E00005A8EBF78BFA022808BF02274FF6FF7BB2
:1071F00033E02046009AFFF761FF064680B3AA8875
:107200006988FFF7A8FF04463046FFF72AFD00B360
:107210000DF10F03314648460DF11202FFF768FEEB
:107220009DF80F302BB1A8F80060184607B0BDE8F4
:10723000F08FBDF81220BA420BD13A46059901935E
:1072400003F0C2FE019B20B9A8F80060AAF8004034
:10725000EBE75C4504D00134A4B26988A142C8D8E8
:107260000A23E2E708B5EBF72DFBBDE8084000F084
:107270009AB838B505460846EBF724FB044610B922
:107280004FF6FF7038BD0DB96088FBE7EBF7EEFAFB
:107290000028F9D1F4E770B5044642F60520FFF75F
:1072A00048FFB0B10021FFF72BFD054601462046FF
:1072B000FFF781FC06461022002104F1310003F0A3
:1072C000ADFE324629462046BDE870400023EBF76C
:1072D00049B870BD7FB504460D46102200216846AE
:1072E00003F09CFE0026AB575A1C1BD031462046AB
:1072F000FFF761FC1946002BB8BFD91C04AA02EBAA
:10730000A10100F00302584200F0030003F0030360
:1073100058BF43425B0002FA03F311F8102C1343E9
:1073200001F8103C0136402EDDD16B4604F13105E9
:1073300004AE1A4603CAB24228606960134605F1DA
:107340000805F6D1204604B0BDE87040FFF743BC05
:10735000A0F5205001288CBF00200120704742F684
:107360000303C31A58425841704708B5030409D4AF
:10737000EBF7AAF9A0F5205080B201288CBF0020BD
:10738000012008BD0020FCE7020408B507D4EBF794
:107390009BF942F60303C31A5842584108BD002026
:1073A000FCE7C00B70470346B3F902304088002B5E
:1073B00001DBEBF789B90020704708B5FFF7F3FF51
:1073C000A0F5205080B201288CBF0020012008BD0C
:1073D000037C012B07D08369187828B112280CBFD1
:1073E0000020052070470720704710B504468069CB
:1073F000143004F059F8A069BDE81040183004F0CA
:1074000053B82DE9F0410F46144605461E46FFF7D6
:10741000ECFF23463A4608210020D5F8188004F0F6
:1074200001FBAA69C8F81400536923B100205481F4
:107430001682BDE8F0811A20FBE71FB50A46836972
:10744000090C92B29980DA8042F60303ADF80C3051
:107450000223009303AB02F092FA05B05DF804FB3F
:1074600070B50446084604F08BF8A16986B28A8993
:107470004D8912B1521B96420CDA6389581E80B2B4
:1074800025B90A78082A04BF043B98B2831B5842E6
:10749000584170BD0020FCE730B5044654F80C0B91
:1074A0008DB09DF8405090F8700042EA01428DF88E
:1074B00004001946029203A82A46079503F0B9FD75
:1074C00040F20241204601AA03F023FF0DB030BD77
:1074D00010B550F80C4B86B094F87040ADF80E1013
:1074E000ADF8102040F2064103AA01938DF80C403C
:1074F000059303F00EFF10B901A803F0D5FF06B005
:1075000010BD37B504460D46FFF76FFF204640F229
:107510000941FFF746FA00222046A36940F20741DD
:107520001A7050F80C3B6A4693F8703001958DF84C
:10753000003003F0EEFE03B030BD13B50191002121
:10754000044602F0C6FA0422002320460DEB020195
:10755000FFF757FF02B010BDF0B504460F461E46B8
:10756000154685B052B983691B78072B30D0082B9C
:1075700014BF15460925002E18BF0D250A9803F0E3
:10758000FFFFA3699A894AB15B8981B2D21A9142FD
:1075900004DD92B2891A0AA804F094F8204650F843
:1075A0000C3B40F2054193F8703001AA8DF804308D
:1075B0000A9BADF806708DF80850ADF80A60039389
:1075C00003F0A7FE10B90AA803F06EFF05B0F0BDE6
:1075D0000B25D0E7B0F80AC02DE9F041ACF1020C60
:1075E0009C4505460E4617461C4603DDBDE8F041A6
:1075F00002F01CBA83692246198100233946FFF73D
:1076000000FF044658B9AB690246314628460E339E
:1076100002F025FA044610B12846FFF7E6FE2046A0
:10762000BDE8F0812DE9F043202A8FB005461746CA
:107630001C4603910BD941F2041421462846FFF75A
:1076400060FF03A803F030FF0FB0BDE8F083002B0C
:1076500046D10846A2F1060803F092FF4FF6FF76E6
:107660005FFA88F81FFA80F94C4510D3AB69DA88C5
:10767000B24239D942F60203ADF814300223711C2C
:107680000093284605AB89B202F079F925E023463C
:107690003A46039906A803F0FDFEAB69BDF81860F1
:1076A0009A88B242C7D8DA88B242C4D3BDF81A1059
:1076B000BDF81C20B8F1000F09D02846CDF8008095
:1076C0000DF11E033C44FFF7E7FEA4B2CCE72846C9
:1076D0009E8019815A8102F06BF904460028B0D0CF
:1076E00041F20A139C42A8D10024A6E770B50546D2
:1076F0000E4611461A46FFF76BFE044670B9034664
:107700002846FFF77EFE044640B931462846FFF77B
:1077100094FE044620B12846FFF767FE204670BD60
:1077200005212846FFF740F9F8E770B505461E46E3
:10773000FFF74EFE044648B933462846FFF74AFF96
:10774000044618B90A212846FFF72EF9204670BDD5
:107750002DE9F0471C4696B0836901921B780646D6
:10776000062B03D0102B60D001A81CE00129104685
:1077700014BF4FF010084FF002080392002C4CD1B8
:1077800003F0FEFE4FF6FF7508F1020987B2A7422B
:107790000ED8B369DA88AA4237D800242146304689
:1077A000FFF7AFFE03A803F07FFE16B0BDE8F08739
:1077B00023464A46039904A803F06CFEB369BDF85A
:1077C00010509A88AA422DD8DB88AB422AD39DF864
:1077D0001330282BE1D0B2465AF80C3B424693F8BE
:1077E00070300DF112010DA88DF83030ADF8325027
:1077F000CDF844804C4403F01CFC40F20441504658
:107800000CAA03F086FDA4B2C1E7691C304689B218
:1078100002F085F804460028C4D041F20A139C42C5
:10782000BBD0BBE741F20414B8E70129104614BFEE
:1078300012270427049284BB03F0A2FE42F602182A
:107840004FF6FF7185B2A5420DD8B369DB888B4234
:1078500021D901314FF6FF72304689B202F05FF84C
:107860000446A0B119E023463A4604990CA803F057
:1078700011FEBDF83220BDF8301042459DF833307E
:1078800007D1B269022330460A32FFF7A3FE04A8EB
:1078900089E7282B06D141F20A1421463046FFF72A
:1078A00030FEF4E73C44A4B2CDE7F0B5836987B07D
:1078B00003911B780546022B144653D108460491C8
:1078C000002A47D103F05CFE4FF6FF7687B2A7424D
:1078D0000DD8A869C288B2422BD800242146284678
:1078E000FFF70FFE04A803F0DFFD07B0F0BD042290
:1078F0000499234605A803F0CDFDAA69BDF814102C
:107900009088BDF81660814229D3D388994226D841
:10791000864224D39E4222D85069927A83790434D5
:107920000C330092034432462846FFF7B5FDA4B25B
:10793000CDE743694089711C0190987989B20C3078
:107940000344009328464FF4205301F0FCFF044603
:107950000028C7D041F20A139C42BFD1BDE741F2D3
:107960000414BBE703A8BEE7F0B587B00546174689
:107970001C46039153B9FFF773FD38B1012322462A
:107980002846039900F084F807B0F0BDA9690B7888
:10799000082B05D8062B44D8032B0FD003A83DE0B5
:1079A0000E2BFBD1039B0593002C6DD1002B6BD0CC
:1079B000224628460989FFF78BFD59E00398059078
:1079C00018B3ECB9102683794A890C33098903442A
:1079D00000962846FFF760FDAB699988DA889142E6
:1079E00017D242F60203ADF81030022301310093A2
:1079F00028460DEB060389B201F0C1FF044660B1D1
:107A000041F20A139C4204D101E0002CF8D141F26A
:107A10001F0421462846FFF774FD05A803F044FD26
:107A2000B2E7039805907CBB70B303F0A9FD0FB3D8
:107A300086B2B7421ED2394605A803F065FF38B9B1
:107A400005A803F031FD1A212846FFF75AFD9BE7F0
:107A50008379F61BC218023391898371AB690022C6
:107A60005B89B6B200902846FFF776FDB742E2D9AF
:107A70002146E9E7AA69284653891189059A0092A7
:107A80000022FFF769FDF3E705A803F00DFDEFE71E
:107A9000F0B585B006461F461446039132BB084632
:107AA00003F06EFD054608B3B1690B784A89082BCF
:107AB0000BD8062B0BD9039B09893046009313463C
:107AC0002246FFF749FD039401E00E2B19D0B1695E
:107AD0004B89EA1892B2B2F5007F4A8117D82FB1CC
:107AE0003046098901F075FF044628B1002223467B
:107AF00011463046FFF738FF03A803F0D5FC05B068
:107B0000F0BD3046039B0989FFF7E2FCDBE741F259
:107B10000414EBE773B5836901911B780446082BC5
:107B200015460ED8062B0ED9019E20463146FFF78A
:107B300097FC2A46034631462046FFF7A9FF02B0CC
:107B400070BD0E2BF0D001A803F0AEFCF7E730B506
:107B5000836987B003911B780546092B144611D120
:107B600005915AB9134600910F222146FFF7F4FC04
:107B700021462846FFF7C5FC07B030BD05A803F035
:107B800093FCF5E703A803F08FFCF5E72DE9F04F30
:107B900087699FB003913F780546052F16461C461E
:107BA00004D8032F16D810D003A867E0082FFBD104
:107BB00008461391002B00F0C28013A803F074FC58
:107BC00021462846FFF79DFC01E0FFF72BFD1FB083
:107BD000BDE8F08F202A0846049148D8002B40F0D9
:107BE000A880571F03F0CCFC4FF6FF78FFB21FFAB6
:107BF00080FA0DF11C0BA24506D8AB69DA88424524
:107C000000F28780002434E02346324604990BA812
:107C100003F040FCAB69BDF82C809A88424526D819
:107C2000DA88424523D35969F1B9A94659F80C1BA2
:107C3000BDF82F2091F870109DF82E308DF84C1063
:107C4000ADF84E200DF131013A4615A88DF85030AF
:107C5000199703F0EEF940F20341484613AA03F0E6
:107C600058FB3444A4B2C6E75A89102A09D941F214
:107C7000041421462846FFF744FC04A803F014FC32
:107C8000A5E70023584603F005FCAB690DF131016F
:107C9000102FCDE9051B93F80A902BD1B9F1020FF3
:107CA00034D105A8EAF72AFD0228DAD14A46DDE9EF
:107CB000051003F089F90028D3D12B4653F80C0B9B
:107CC000BDF82F1090F870009DF82E208DF84C0014
:107CD000ADF84E108DF8502059464A4615A802932B
:107CE000CDF8649003F0A5F9029B40F203411846D9
:107CF00013AAB4E7022F09D1B9F1100F06D106A8D3
:107D0000EAF7FCFC0228ACD13A46D0E73A4658469E
:107D1000CFE742F60303ADF84C30022308F101012E
:107D20000093284613AB89B201F029FE04460028CF
:107D3000A3D041F20A139C423FF464AF99E759B9CA
:107D400000210023AA692846938153811181139948
:107D50003246FFF709FE3AE703F012FC16B180B293
:107D60008642EDD1139A9379D118023389899371A0
:107D7000E7E72DE9F0431C468FB0836903911B7838
:107D80000546012B17465BD10846059103F0F8FB29
:107D9000202F0BD941F2041421462846FFF7B1FBEE
:107DA00005A803F081FB0FB0BDE8F083002C42D1A1
:107DB000059803F0E5FB4FF6FF76A7F104081FFADC
:107DC00088F81FFA80F95FFA88F8A14505D8AB69F1
:107DD000DA88B24220D80024DEE723463A460599E5
:107DE00006A803F057FBAB69BDF818109A88BDF8D8
:107DF0001A609142CED3DB889942CBD89642C9D340
:107E00009E42C7D832462846CDF8008007AB3C4496
:107E1000FFF742FBA4B2D8E74FF42053ADF810307F
:107E20000223711C0093284604AB89B201F0E5FDE2
:107E300004460028B4D041F20A139C42CBD0ABE7F1
:107E400003A8AEE783691B780A2B02D00F3B012BF6
:107E500001D8FFF756BB7047F0B585B00193836931
:107E600017461A7804460A3A0A9E072A42D8DFE8DB
:107E700002F004413041410441290198039003F08C
:107E80007FFB85B203A803F00FFB26B131462046E5
:107E9000FFF753FB0FE0A1697A194B8992B2934225
:107EA0000BD90A8201F10E032046098901F0D7FDA2
:107EB00001460028EBD105B0F0BD0121204601F0BC
:107EC00008FEF5E72EB91A8A0198BA420BD04FF492
:107ED0008166019B03A8039303F0E6FA314620462E
:107EE000FFF70FFBE7E7DA89596903F054FB002835
:107EF000EDD1EEE701A803F0D7FADCE738B58269E7
:107F0000044613780D460D2B12D00F2B01D00A2BEF
:107F100012D1536933B1997902F114000B44DD6831
:107F200003F0C2FA29462046BDE83840FFF78ABF71
:107F3000BDE83840FFF7E5BA38BD07B50023009229
:107F40001B22FFF709FB03B05DF804FB07B583694B
:107F50005980009200231D22FFF7FEFA03B05DF85E
:107F600004FB08B5FEF78CFD18B1BDE80840EAF740
:107F700009BD252008BD70B50D461446FEF780FDED
:107F800058B12369022B01D0102B08D12246294673
:107F9000BDE87040DBB2FFF7A9BB252070BD2120F2
:107FA000FCE770B50C4615461E46FEF769FD30B17C
:107FB00033462A462146BDE87040FFF7B6BB252070
:107FC00070BD4B88052B05D108880E288CBF00207A
:107FD0000120704700207047F8B505460F46164649
:107FE00004210A22002003F0B3FC0246B8B18479D0
:107FF00005210C3403194FF0060C00209970D8703D
:1080000002F804C013241C7102245F715870D871E7
:108010009C7128461E81BDE8F840E8F7F9B9F8BD23
:1080200073B50546104601920C4603F0A9FA0421E7
:1080300086B2019803F0CFFB024628B901A803F0ED
:1080400033FA1A2002B070BD837901900C33C11845
:108050004C80C65221462846E8F7DAF90020F1E7BD
:108060002DE9F84F8A4691469846064680B38468C3
:1080700014F400442CD1EAF77FFE10228346042139
:10808000204603F065FC024620B305210C238779C6
:108090000C37C519A970EC70C35512232B71082336
:1080A000AB71BDF828303046EB816C7085F805B0B7
:1080B000EC71A5F808A0A5F80A90A5F80C80E8F7DF
:1080C000A7F9B36843F40043B3602046BDE8F88FD6
:1080D0000224FAE71A24F8E72DE9F041064688461B
:1080E000174604210A22002003F032FC0246B8B1F0
:1080F000857900240C354319052106209970DC7020
:1081000050550120187102205C70987183F8058029
:108110003046DC711F81E8F77BF92046BDE8F0812D
:108120001A20FBE7002070470020704707B501A820
:10813000019203F0B9F903B05DF804FB7047002029
:1081400070470F2070470F2070477047EBF712BB46
:10815000EBF71ABB10B588B0E9F798FA0446002887
:108160004AD090F87200022848D1A36813F4407FE7
:108170002AD094F87320012A32D194F97500421C58
:1081800001D1D9052CD594F8743013F0010327D10F
:10819000CDE90133CDE90433CDE90633ADF80C3038
:1081A000FDF776FAA36888B9DA0519D5A06AE16AFD
:1081B00001AB03C3228E1A802046BDF8042004AB15
:1081C0000DF10601EAF71CFD08B010BDDB05EDD48A
:1081D0000A22022194F9750001ABFDF741FAEBE7A1
:1081E000002345F217021946204600F074F9B0FA50
:1081F00080F040094000E7E72120E5E70220E3E7BF
:1082000038B545F21B020C460B460021054600F02E
:1082100062F930B92CB121462846BDE83840EAF76A
:108220006DBF38BD00F086B901F00FBB01F018BB7F
:1082300010B504464C30FDF70CFA84F87500204662
:10824000BDE8104001F0DCBA10B50446FDF7D8F9DE
:1082500002280DD194F8733094F97000012B14BFEB
:108260000521032184F83210BDE8104001F010BB55
:10827000A36843F40073A36010BD00F08CB938B557
:10828000037804463E2B0D4604D18378052B02D09B
:10829000ED2B0FD038BDB0F80300E9F7E9F920B1B4
:1082A000B4F80D10621D00F0DCF92846BDE8384036
:1082B00003F0FAB8B0F80300E9F7DAF90028F4D0CF
:1082C000B4F80D1004F10F03621D00F0CDF9ECE7D6
:1082D000CB0448BF41F48061C160704710B50446CB
:1082E000006C30B94FF4B07003F0FBFB206420B990
:1082F00010BD4FF4B07103F0B8FBFF23226C82F87D
:108300005E31A3681B0603D5C02301201370EFE77D
:1083100094F87330012B14BF80234023F5E710B588
:10832000044645F21A0102F091FF2046BDE81040D4
:1083300047F23053002245F21A01F6F765BF10B537
:108340000A4604460821002003F002FB10B183799D
:1083500003441C7310BD38B505460C460D20112191
:10836000FFF7EDFF024688B12146837903440D33C0
:1083700004F1100051F8044B814243F8044BF9D149
:108380002846BDE838400621FFF74ABE38BD38B55B
:1083900005460C4604201121FFF7D1FF024688B1A3
:1083A0002146837903440D3304F1100051F8044B46
:1083B000814243F8044BF9D12846BDE838400621F4
:1083C000FFF72EBE38BD38B505460C4603201121F7
:1083D000FFF7B5FF024688B12146837903440D3388
:1083E00004F1100051F8044B814243F8044BF9D1D9
:1083F0002846BDE838400621FFF712BE38BD37B524
:10840000002205460821104603F0A2FA0446C0B136
:108410000C2301220DF107018DF8073003F0D5FA86
:10842000296C20225131204603F0CFFA296C2022FA
:108430007131204603F0C9FA224606212846FFF78B
:10844000EFFD03B030BD08B5D0B2E9F71FF928B190
:1084500090F8773003F07F0380F87730012008BD73
:10846000036C4BB983681B0608D490F87330012B5A
:1084700014BF80204020704718787047C020704794
:1084800070B50446FFF7ECFFEAF702FF0D4603461E
:10849000002245F2010120469847236C03B11D706C
:1084A0002846EAF7F5FE4FF4A04103460022204695
:1084B000BDE87040184770B51546044648B1FFF74F
:1084C000CFFFEAF7E5FE2A4603462046BDE87040A6
:1084D0001847022070BD114608B51A4621F0004128
:1084E000FFF7E9FFB0FA80F0400908BD10B4C46995
:1084F0001CB95DF8044B0180704700235DF8044B04
:108500001A46FAF776BA08B50B4601461846F7F749
:10851000D3F9003818BF012008BD10B50446006823
:1085200038B11A2103F0A1FA2068F7F7A5F9002362
:10853000236010BD30B58BB00D46002201A9EBF7CA
:1085400061F8044620BB01460D220DF10B0002F03C
:1085500065FDB5F803206B79ADF8082006A9019AEE
:1085600002A88DF80A30EAF7B3FE40F20343BDF8E3
:108570001820002818BF1C469DF81A30102102A8A8
:108580002A80AB7003F071FA102106A803F06DFA8F
:1085900020460BB030BD10B50446EAF757FE04F193
:1085A0003400FFF7BAFFA3685A0606D523F040034C
:1085B00000212046A360E7F7F9FE236C63B1D3F8EE
:1085C0009400F9F7ADFE0421206C03F04EFA206C04
:1085D000F7F752F90023236410BDF7B50D4669463D
:1085E0001646EBF70FF8044698B929461022009872
:1085F00001ABF9F7F4FE07461021284603F027FAED
:108600002FB11021284603F030FA40F2074406B19A
:108610003760204603B0F0BD38B50446C51C0321C1
:108620002846FFF770FFC8B9E27863797AB92279F2
:108630001A43F4D003F07F0343F0400363715323E4
:10864000A3712146BDE83840FF20FFF773BFFF2A22
:10865000F0D122791A40FF2AE1D0EBE740F207403F
:1086600038BD0021E7F7A2BEF8B51D468368044671
:108670005B060F4616462DD41A2003F032FA014647
:10868000606320B92046BDE8F840E7F78FBE034697
:1086900023F8027B326805F11001C0F802207268ED
:1086A0005A602A46636B0A3352F8040B8A4243F835
:1086B000040BF9D11021284603F0D7F9A36843F041
:1086C000400213F4407FA26004D02046BDE8F84089
:1086D000EBF79EB8F8BD38B504460D4605200221DB
:1086E000FFF72DFE0246B8B18379062103445D737E
:1086F0002046FFF795FC45F490512046EAF7FEFC32
:1087000094F873302046012B18BF8021BDE8384013
:1087100008BF4021FFF7B4BE38BDB1F5A04F70B51A
:1087200004460D4616460AD045F20603994218D073
:10873000324629462046BDE87040EBF73DBA8368D3
:1087400043F08003836090F87330012B14BF8020C6
:108750004020EAF79DFD002203462046BDE8704018
:10876000184793791344597C41F49051EAF7C6FCB9
:10877000DEE72DE9F04196B0154605AA1C460646EF
:108780000B4690461D9F01F1200E944618685968CB
:108790000833ACE8030073456246F6D12021404619
:1087A00003F055F90DAB2A469C4605F1200E1D46F7
:1087B00010685168083203C572452B46F7D1202155
:1087C000604603F044F9AEB3336C93F85D31013B7E
:1087D000022B2FD89DF8703043F0800301AA8DF84A
:1087E00054301546234604F1100C14461868596895
:1087F000083303C463452246F7D11021284603F00D
:1088000026F93B46412241462846EAF7C3FD044685
:108810001021284603F029F94121404603F025F9AB
:1088200054B11EB108213046FFF755FF204616B05F
:10883000BDE8F0810023D1E71021384603F007F9A5
:10884000002EF3D0224645F211013046FFF733FEE9
:10885000ECE72DE9F74390F873700446012F056C9F
:1088600004D195F85031002B40F0568195F85C31D9
:1088700095F85181032B00F2F180DFE803F00287C5
:10888000AFD418F0010F7CD011210620FFF757FD5F
:108890008146002800F040818679102106440D367B
:1088A0003046FFF730FE014658B120460821FFF759
:1088B00012FF002140F2074003B0BDE8F043EAF7A1
:1088C0003BBCA07CC0F11002304402F0A7FBFCF7D7
:1088D00097FE022895F95E010BD032460521E6F796
:1088E000B7FA90B10821204603B0BDE8F043FFF786
:1088F000F2BE334610220521FCF784FE28B1002188
:1089000040F21B40EAF718FCECE7FCF779FE02287E
:108910000FD1012F0DD004F1180306F1100256F803
:10892000041B964243F8041BF9D1A36843F48073F7
:10893000A3604A4606212046FFF772FB0B21072061
:10894000FFF7FDFC8146002800F0E680867995F966
:108950005E310C36064443F43F430821A6F801304B
:10896000F01CFFF7D0FD0A22042195F95E01731C6B
:10897000FCF748FE0028C2D14A4606212046FFF7F0
:108980004FFB95F85C31013385F85C3118F0020F2C
:108990001FD011210820FFF7D2FC0646002800F066
:1089A000BB800023817901AA01440D31FF2001938E
:1089B000FFF713FE40B108212046FFF78CFE40F27E
:1089C00007400199EAF7B8FB324606212046FFF737
:1089D00027FB95F85C31013385F85C3118F0020F04
:1089E0001CD008210920FFF7AAFC8146002800F0CE
:1089F000938086790C360644E6F78CFE83794A46E6
:108A000083F00803C3F3C003737003680621C6F83C
:108A1000023083882046F380FFF702FB95F85C3133
:108A2000013385F85C3118F0040F12D011210A20AF
:108A3000FFF785FC064600286ED08079102230446E
:108A4000AB210D3002F0EAFA324606212046FFF74C
:108A5000E7FA95F85C31013385F85C31012F08D0D5
:108A6000236C93F85031002B56D195F85C31042BD0
:108A700052D1A36C10220B2195F95E013133FCF722
:108A8000C1FD70B140F21B412046EAF737FB012FD0
:108A900014BF80214021204603B0BDE8F043FFF71A
:108AA000EFBCA36C01220C2195F95E012033FCF789
:108AB000A9FD0028E6D1A36C10220D2195F95E01D5
:108AC0002133FCF79FFD0028DCD1082295F95E01D7
:108AD000114604F11003FCF795FD0028D2D1236C58
:108AE00093F85E2184F87520FF2283F85E21D3F885
:108AF00058315B0603D404F14C00FDF705FBFCF78D
:108B00007FFD022808BFA368204604BF43F480739A
:108B1000A360EAF7CBFABAE703B0BDE8F083EBF75E
:108B2000A3B870B5B1F5A04F0446154688B07BD008
:108B300045F21B06B14240F00E8190F87430DB071D
:108B40006AD5056CB5F850312BB14C21FFF798FC74
:108B5000002008B070BDD5F858315E074BD5AB7911
:108B6000D80748D56B7BD90745D5A36C10220B21BC
:108B700095F95E013133FCF745FD38B140F21B41F8
:108B80002046EAF7BBFA40F21B40E2E7A36C206CF8
:108B900001220C2190F95E012033FCF733FD0028FF
:108BA000ECD1A36C206C10220D2190F95E012133D1
:108BB000FCF728FD0028E1D10822206C114690F92D
:108BC0005E0104F11003FCF71DFD0028D6D104F16D
:108BD0004C00FDF799FA236C93F85E2184F8752018
:108BE000FF2283F85E2120464021FFF749FC204602
:108BF000EAF75CFAACE705F5987304F1180205F59D
:108C0000A07553F8041BAB4242F8041BF9D1A368CA
:108C100043F48073A360E6E74021FFF731FC294667
:108C20002046EAF76BFA93E7036CD3F8582112F069
:108C3000040255D00022CDE90122ADF80C209A792A
:108C4000D2073FD55B7BDB073CD5FCF7D9FC02287C
:108C5000206C0CD000F59872032190F95E01E6F7C4
:108C6000F7F878B308212046FFF735FD8BE700F5CC
:108C700098731022032190F95E01FCF7C3FC28B120
:108C8000002140F21B40EAF757FAEBE7206C102274
:108C900000F59873052190F95E01FCF7B3FC0028FC
:108CA000EED1236C04F1180103F5987203F5A0735B
:108CB00052F8040B9A4241F8040BF9D1A36843F42B
:108CC0008073A3600023BDF80420CDE90433CDE90F
:108CD00006330DF1060104AB2046E9F791FF37E7B3
:108CE000D3F8B810C3F8D010D3F8BC100092C3F872
:108CF000D410006C694600F59870EAF737FC48B16B
:108D00000098F9F70DFB20460821FFF7E4FC40F23C
:108D100007401EE7206C009A00F59871C830EAF70A
:108D2000D7FA05460028EBD10098F9F7F9FA236C39
:108D3000A07C03F59873C0F110022946184402F094
:108D40006DF92A46CDE90155CDE90455CDE9065521
:108D500004AB01A9C0E708B0BDE87040EAF72CBF3A
:108D60002DE9F04796B01D46DDE9229705AB064692
:108D70000C469E46DDF8908002F1100A9C46106871
:108D800051680832ACE8030052456346F6D170469C
:108D9000102102F05CFE09AA2B46944605F1100E44
:108DA000154618685968083303C573452A46F7D134
:108DB0006046102102F04BFE0DAA94461E9B03F163
:108DC000100E154618685968083303C573452A46BE
:108DD000F7D16046102102F03AFE9DF87C30D9F8B8
:108DE00000008DF844309DF8803006218DF8453024
:108DF0009DF8843012908DF8463099F8063012A80C
:108E000083F00803C3F3C0038DF84730B9F804308A
:108E1000ADF84C3002F01BFEBB79062183F008034D
:108E2000C3F3C0038DF84E303B680DF14F00CDF811
:108E30004F30BB8804F11007ADF8533002F007FE45
:108E400001AA23461546144618685968083303C416
:108E5000BB422246F7D11021284602F0F8FD4346D6
:108E6000412205A92846EAF795FA0446102128462A
:108E700002F0FBFD412105A802F0F7FD34B1082105
:108E80003046FFF728FC16B0BDE8F08740461021B9
:108E900002F0DDFD224645F213013046FFF70BFBE1
:108EA000F1E72DE9F0419CB0154608AA1C4606469C
:108EB0000B469046239F01F1200E9446186859688E
:108EC0000833ACE8030073456246F6D120214046E2
:108ED00002F0BDFD10AB2A469C4605F1200E1D4652
:108EE00010685168083203C572452B46F7D16046B9
:108EF000202102F0ACFD18AA9446229B03F1100E2B
:108F0000154618685968083303C573452A46F7D1D2
:108F10006046102102F09BFD04AA2346154604F189
:108F2000100C144618685968083303C46345224678
:108F3000F7D11021284602F08AFD6B4650224146A7
:108F40002846EAF727FA04461021284602F08DFD4C
:108F50005021404602F089FD34B108213046FFF728
:108F6000BAFB1CB0BDE8F081039B38463B6004218E
:108F700002F06DFD6846102102F077FD224645F2B1
:108F800014013046FFF797FAEBE72DE9F3411D4650
:108F9000089B04468846164690F873705BB1102112
:108FA0001046FFF7B0FA30B10821204602B0BDE804
:108FB000F041FFF790BB236C013E691E03F11000E6
:108FC00013F8012F16F801CF834282EA0C0201F850
:108FD000012FF5D10023404601A90193EAF7C6FA13
:108FE00048B10198F9F79CF908212046FFF773FB77
:108FF00002B0BDE8F08129462846019AEAF768F9EF
:109000000028EED1022F0CBF0023062304F15902E1
:109010002B4404F15F0012F8016F1978904281EA45
:10902000060103F8011BF6D1022F14BF002306230B
:1090300004F152022B4404F1580012F8016F197820
:10904000904281EA060103F8011BF6D12946284621
:10905000019AEAF73DF905460198002DC2D1F9F7CA
:109060005FF92A4645F210012046FFF724FABFE7D0
:1090700073B545F20406B142044615460DD045F2DB
:109080001006B14222D0B1F5A04F38D1FFF747F911
:10909000236CD3F85831D90720D5236CD3F8582145
:1090A000D2070BD4AA7998330C3215446A1D1535B2
:1090B00052F8041BAA4243F8041BF9D1216CD1F8E1
:1090C000583113F004030CD0832104E0016CA83163
:1090D000FFF779F985212046FFF7D2F9002002B089
:1090E00070BD81F85C31012301F1B8020093204684
:1090F00001F1A80301F59871FFF747FFEEE702B011
:10910000BDE87040EAF758BD45F21003F0B599424A
:10911000044685B000F087800CD8B1F5A04F1CD074
:1091200045F2050399421DD0204605B0BDE8F04048
:10913000EAF742BD45F21103994200F08D8045F2F5
:1091400012039942F0D1036C93F85D31042B40F285
:10915000B380052B03D148217BE0FFF7E0F8002026
:1091600005B0F0BD9179036C0C310A44511DB83340
:10917000153251F8040B914243F8040BF9D1256CD8
:10918000102205F1C80705F1B8063146384601F04E
:109190001BFF20B904212046FFF79DFADFE7D5F831
:1091A000583113F0040332D095F85D31042B13D1FC
:1091B00005F1F803039305F59873029304F1530343
:1091C000019304F15A0300933A463346204605F1D1
:1091D000D801EAF7C1FFC2E705F5A07005F111015A
:1091E00005F1510201900BB1052B06D1002300932C
:1091F00020463346FFF7BDFAB1E795F85C01D5F894
:109200002C31C34003F0010343F08003EFE785F8FE
:109210005C3132460093204605F5A07305F5987140
:10922000FFF7B3FE9BE7056C102205F1A80105F5D9
:10923000A07001F0C9FE0028ACD14B21D5F85831FF
:109240009B0742BF94F8743043F0020384F87430F3
:109250002046FFF715F982E7056C102205F1A801F9
:1092600005F5A07001F0B0FE002893D195F85D31AE
:10927000013B022B0FD895F85C310133DBB2142B84
:1092800085F85C3107D0D5F85831432123F001032C
:10929000C5F85831DCE705F1F803039305F5987339
:1092A000029304F15303019304F15A03009305F16F
:1092B000C80205F1B80389E74921CAE7B1F5A04F13
:1092C00070B50446154607D045F20406B1420CD0ED
:1092D000BDE87040EAF770BCFFF721F8236CD3F8C3
:1092E0005831D90701D4002070BD236CD3F8582120
:1092F000D20718D4AA79A8330C3215446A1D153543
:1093000052F8041BAA4243F8041BF9D1206C102226
:1093100000F1A801983001F057FE20B90421204641
:10932000FFF7D9F9DFE7206C1021C830FFF7EBF821
:1093300058B108212046FFF7CEF940F2074000213E
:10934000E9F7FAFE40F20740CEE7216C2046C8312B
:10935000FFF71DF847212046FFF792F8C3E7B1F564
:10936000A04F70B50346144607D045F21806B14227
:1093700007D0BDE87040EAF71FBCFEF7D0FF002021
:1093800070BD1268551C03D10121FFF7A4F9F6E75F
:10939000016CD1F85801400743BF002281F85C21DD
:1093A0002268C1F8302148BFC1F82C21184643215A
:1093B000FFF766F8E3E7B1F5A04F70B51346044632
:1093C00007D045F20406B14207D0BDE87040EAF785
:1093D000F3BBFEF7A4FF002070BD9979026C0C313D
:1093E0000B44591DA832153351F8040B994242F829
:1093F000040BF9D1256C102205F1A80105F19800A4
:1094000001F0E2FD20B904212046FFF764F9E2E70C
:10941000204605F1C801FEF7BAFF47212046FFF7B5
:109420002FF8D8E7B1F5A04F13B504460ED0A1F53B
:10943000A043103B012B45D8016C9831FEF7C3FFC8
:1094400044212046FFF71CF8002017E0016CD1F8FA
:10945000583101F1C80213F0040328D0102110463E
:10946000FFF751F860B108212046FFF734F940F2C8
:1094700007400021E9F760FE40F2074002B010BD4E
:10948000216C204601F19803019391F85C21D1F8F9
:109490002C31D34003F0010343F08003009301F12A
:1094A000110201F1C8035131FFF763F9CCE781F8EC
:1094B0005C310123009301F1980301F59871FFF7E6
:1094C00064FDC1E702B0BDE81040EAF775BBB1F535
:1094D000A04F73B5044615467BD045F21B06B1423A
:1094E00040F0FA8090F87430DB076AD5056CB5F867
:1094F00050312BB18921FEF7C3FF002002B070BDAF
:10950000D5F858315E074BD5AB79D80748D56B7B7A
:10951000D90745D5A36C10220B2195F95E01313393
:10952000FCF770F838B140F21B412046E9F7E6FD40
:1095300040F21B40E2E7A36C206C01220C2190F961
:109540005E012033FCF75EF80028ECD1A36C206CA0
:1095500010220D2190F95E012133FCF753F8002809
:10956000E1D10822206C114690F95E0104F110034C
:10957000FCF748F80028D6D104F14C00FCF7C4FDF4
:10958000236C93F85E2184F87520FF2283F85E2116
:1095900020468021FEF774FF2046E9F787FDACE7FF
:1095A00005F5987304F1180205F5A07553F8041B2E
:1095B000AB4242F8041BF9D1A36843F48073A36063
:1095C000E6E78021FEF75CFF29462046E9F796FD95
:1095D00093E7036CD3F8582112F0040245D09A792E
:1095E000D2078AD55B7BDB0787D5FCF709F8022811
:1095F000206C0ED000F59872032190F95E01E5F71A
:1096000027FC00283FF479AF08212046FFF763F8D4
:109610008EE700F598731022032190F95E01FBF7A5
:10962000F1FF28B1002140F21B40E9F785FDEBE78F
:10963000206C102200F59873052190F95E01FBF76C
:10964000E1FF0028EED1236C04F1180103F59872B4
:1096500003F5A07352F8040B9A4241F8040BF9D1B8
:10966000A36843F48073A36047E7D3F8B810C3F846
:10967000D010D3F8BC100192C3F8D410006C01A92B
:1096800000F59870E9F772FF48B10198F8F748FEC5
:1096900020460821FFF71FF840F207402EE7206C14
:1096A000019A00F59871C830E9F712FE0546019855
:1096B000002DEBD1F8F734FE236CA07C03F59873F2
:1096C0002946C0F11002184401F0A8FC216C204684
:1096D000B831FEF75CFE10E702B0BDE87040EAF773
:1096E0006BBAB1F5A04FF7B5044608D045F21105A5
:1096F000A94236D003B0BDE8F040EAF75DBA006C8D
:109700001021B830FEF7FFFE60B108212046FEF7B9
:10971000E2FF40F207400021E9F70EFD40F207406A
:1097200003B0F0BD256C95F85D6105F1A807013E19
:10973000022E01979CBFD5F82C0195F85C6105F1CC
:1097400051019EBFF04000F0010040F08000009009
:1097500005F11102204605F1B803FFF70AF80020D1
:10976000DEE7016CA831FEF72EFE85212046FEF7CC
:1097700087FEF4E770B545F20406B142044613468D
:1097800025D045F21806B14206D0B1F5A04F33D12D
:10979000FEF7C5FD002070BD11684D1C03D10121ED
:1097A000FEF799FFF6E7026CD2F85801400743BF75
:1097B000002182F85C111B68C2F8301120464FF07E
:1097C000840148BFC2F82C31FEF75AFEE2E79979CE
:1097D000026C0C310B44591D9832153351F8040BAF
:1097E000994242F8040BF9D1226CD2F8583143F077
:1097F0000103C2F85831CDE7BDE87040EAF7DCB9A3
:10980000002310B50364044690F97500431C13D07F
:10981000E5F7C8FE082204F11003114694F975001B
:10982000FBF71EFF94F91330012B07D194F8743025
:1098300043F0020384F87430002010BD022BFBD1EA
:1098400094F8743043F00A03F4E74B88062B05D1F3
:10985000088841288CBF00200120704700207047F5
:1098600007B58B790A460B440191197C4B1E0D2BD1
:1098700004D801F5A0410131FEF71DFE01A801F059
:1098800013FE03B05DF804FB70470020704770477B
:10989000704710B50446806920B10021E7F746FF04
:1098A0000023A36110BD91F8393073B55B070646FC
:1098B0000C4615462DD40846ECF7C0F96B1E042B58
:1098C00016D8032D14D0A379142B24D0A3697BB907
:1098D0000093ADF804308DF80630E5F71FFF6946B8
:1098E000E7F788FE18B91A25284602B070BDA061B6
:1098F000636AE57343F016036362E5F7B5FE30462D
:10990000ECF78AFA05460028EED02046FFF7C1FFA3
:10991000EAE70225E8E72125E6E70020704770B571
:1099200004460E461546052100220420FCF7CEFD14
:10993000014618B1A0F80160A0F803502046BDE828
:109940007040FCF71BBEF7B51D460023044600938C
:109950000F46164607210620BDF82430089AFCF76A
:10996000D9FD014628B1A0F80170A0F80360A0F865
:109970000550204603B0BDE8F040FCF7FFBD73B5CD
:1099800015461A460023044600930E46082005217A
:109990009DF81830FCF7BEFD014618B1A0F8016033
:1099A000A0F80350204602B0BDE87040FCF7E6BDC9
:1099B00038B5002204460D460A200321FCF786FD37
:1099C000014608B1A0F801502046BDE83840FCF738
:1099D000D5BD70B504460E461546052100220C2063
:1099E000FCF774FD014618B1A0F80160A0F803501F
:1099F0002046BDE87040FCF7C1BD73B515461A4658
:109A00000023044600930E46102005219DF81830CF
:109A1000FCF780FD014618B1A0F80160A0F80350E2
:109A2000204602B0BDE87040FCF7A8BD73B50E46F5
:109A3000002144890546033CA4B2A342009128BFFB
:109A4000234603211220FCF765FD014608B1A0F86A
:109A50000160284602B0BDE87040FCF78FBD2DE9DB
:109A6000F3410546984683690F465869164601F04A
:109A700087FD6C8980B2053CA4B2844228BF0446AD
:109A8000A8692146143001F03FFF009048B105223B
:109A90000821002001F05CFF019030B9684601F018
:109AA00003FD1A2002B0BDE8F081009901A801F081
:109AB000C9FD1620019A93790C33D118D054A8F817
:109AC00000402846A1F80170A1F80360FCF756FD9C
:109AD000E8E738B5002204460D4618200221FCF7BD
:109AE000F5FC014600B145702046BDE83840FCF762
:109AF00045BD70B5857904460C35461901F040FD29
:109B0000625D431E013A9BB21C2A10D8DFE802F0C6
:109B1000110F160F180F290F2F0F400F400F400F76
:109B2000330F250F0F0F390F250F3E0F3E0000207A
:109B300070BD042B14BF01200320F9E7022BF9E7C5
:109B400043B37278022A0AD0012A23D10222013BB0
:109B50000232B3FBF2F102FB1133002BEAE71022D1
:109B6000F5E713F0030F14BF01200320E0E78BB1EA
:109B70007278013BEDE76BB17278032A0AD9013B99
:109B8000E7E7042B34BF01200320D1E7022BF9E7DC
:109B90000320CDE70120CBE74369406CDA1C143881
:109BA000B2FBF0F203EBC203CA1D0333B2FBF0F2C7
:109BB000B3FBF0F30132023301EBC20100FB0310EF
:109BC000704738B5446905462146FFF7E5FF6A6CE2
:109BD000E31D143AB3FBF2F3013304EBC304204456
:109BE00038BD73B506460D460024F36B012201A96A
:109BF00028195B699847019B013309D10434736CC0
:109C000062195B426A401A42EFD0204602B070BD32
:109C10000024FAE770B505460C46DAF72BFAEB6B31
:109C20002046DB68BDE87040184770B5002586B057
:109C300004460562E369AB4202D8206A06B070BDF3
:109C4000666C0522206801A9E36B06FB05005B69D1
:109C5000984701A800F010FC00F033FC10B1236A13
:109C6000013323620135E5E738B50446456C0068E9
:109C700004F1400305FB0101E06B00F02FFC0546F9
:109C80002046FFF7D2FF284638BDF0B5054687B01D
:109C90000026EC69013CB44203D80C46204607B0CC
:109CA000F0BD01B14C1E6F6C0522286801A9EB6B59
:109CB00007FB04005B69984701A800F0DDFB00F09A
:109CC00000FC0028EAD101362146E2E7F0B504465F
:109CD00087B0466C0D4600680522E36B01A906FBC0
:109CE00005005B69984701A800F0C6FB00F0E9FB9E
:109CF00020B101A800F097FB07B0F0BD294620462F
:109D0000FFF7C3FF676C0646E36B206805225B69BB
:109D100001A907FB0600984701A800F084FB431C3B
:109D2000EAD0B54238BF0130E6E72DE9F043D0F87C
:109D300024804FF6FF7987B004460E46C84514BF0D
:109D4000454600250027E369BB4202D807B0BDE8BD
:109D5000F083E26B01A92368606CD2F814C005227D
:109D600000FB0530E04701A800F086FB022806D082
:109D7000C8450CD1721C29462046FFF775FF0135F6
:109D8000E3690137B5FBF3F203FB1255DBE7294624
:109D90002046FFF79BFFB0F1FF3F14BF024632465B
:109DA0000132E8E70368F0B5CC1A436C87B0064689
:109DB0000025B4FBF3F4F36937685A1E706C9542C2
:109DC00008D3706C336800FB043007B0BDE8F04086
:109DD00000F082BB013401A9B4FBF3F203FB12448F
:109DE000F36B05225B6900FB0470984701A800F043
:109DF00043FB00F066FB0028E3D10135DBE710B43C
:109E000023F003049B07436C2244C3F100030A447C
:109E100018BF043282EA0104234203D05DF8044BE8
:109E2000FFF7C0BF10465DF8044B70472DE9F041C5
:109E3000D0E90A3686B004469E4228D1C36914226E
:109E4000456802FB1355284606B0BDE8F08120683E
:109E500001A9676C331AE26BB3FBF7F3D2F81480F5
:109E600007FB03000522C04701A800F005FB0128FD
:109E700004D0636C1D44013B3340ED1A314620464B
:109E8000FFF790FF0646A36AB342E0D1DBE7002567
:109E9000F9E7F0B5002587B004462E46E369B342E2
:109EA00002D8284607B0F0BD636C0522276801A9D7
:109EB00003FB0677E36B38465B69984701A800F01F
:109EC000DBFA00F0FEFA58B1384600F005FB014617
:109ED0002046FFF786FE636C143B834208BF0135C2
:109EE0000136DBE708B508301346D1E90012EDF77B
:109EF00031FD012008BD13B50C46002121760093E9
:109F0000134661682246ECF7AFFA18B1E37D03B15E
:109F1000A07EA075A07D02B010BD73B500F108054C
:109F200016460C460DF107020968284600F0A1F913
:109F3000032E06D16368834203D12168284600F0CE
:109F40007FF9012002B070BDD01E009B4242424109
:109F5000187E824211D11A688A420ED85A688A4203
:109F60000BD35A6901325A61D3E9030282423FBFDF
:109F7000986840F8221001321A6101207047032AC4
:109F800010B5029C07D1A26A5340626C5242134240
:109F900001D100F055F9012010BD08B5C3680020BB
:109FA0009847BDE80840DAF76DB8012870B514BFCE
:109FB00004200220002442431C70CC7D101D02F0BE
:109FC00002024CB91AB1012220F003001A7000F10C
:109FD00008034868184470BD1AB1012220F003003C
:109FE0001A700C7E002301F12005DAB2944201D8E8
:109FF0000020F0E735F833205E1C824206D901EBE1
:10A00000C30300F10802D8691044E4E7801A33461C
:10A01000EBE773B590F8426005461C460DF103036B
:10A020003046FFF7C2FFEB6B012E5B690DD1324664
:10A0300001A998479DF8033013B1BDF8063001938C
:10A04000BDF80430236002B070BD0122214602B089
:10A05000BDE870401847F0B50546002487B0486851
:10A06000EB6B27460E4601225B6902A90830029479
:10A07000984795F84230012B40F08480632C02D938
:10A08000029807B0F0BD612C08D805AB22463146D6
:10A090002846FFF7BEFF9DF814301BB305AB2246E0
:10A0A000314628468DF81070FFF7B3FF95F842301F
:10A0B000012B059B55D14FF6FF72934200F096801D
:10A0C000082205A904A800F05EF9059B9DF8101070
:10A0D000C3F30722914240F08980DBB2029A1A440E
:10A0E000029283E095F84230012B30D103AB224637
:10A0F00031462846FFF78DFF04AB621C31462846E7
:10A10000FFF787FF05ABA21C31462846FFF781FF0A
:10A11000102208230DF107000DEB02018DF8073026
:10A1200000F031F9102205A90DF1070000F02BF91C
:10A13000039BDAB2002A52D19DF80720B2EB132F0D
:10A140004DD1DDE9043203EB0243029347E0302CAA
:10A150002BD944E09DF80720B2EB134F3FD1049B6D
:10A16000F3E7013342D0102205A90DEB020000F005
:10A170000AF9059B9DF81010C3F30742914235D1AF
:10A180009BB2ABE7312C3FF67BAF87D005AB2246C5
:10A1900031462846FFF73DFFBDF81430002B7FF411
:10A1A0007DAF95F84230012BA0D003AB224631465B
:10A1B0002846FFF72EFF04AB621C31462846FFF706
:10A1C00028FF102320220DF107000DEB03018DF86D
:10A1D000073000F0D8F8039B9AB2002ABAD095F85D
:10A1E0004230012B14BF012302231C44013440E7F9
:10A1F00013B500240194049C0094ECF7C9FC02B050
:10A2000010BD13B501240194049C0094ECF7C0FC2C
:10A2100002B010BD30B5002344684FF0FF329C42BD
:10A2200002D10023037230BD016801EBC30541F880
:10A23000332001336A60F2E7C0E90012FFF7EABF9A
:10A24000F0B5002345689D4210D00468DF0054F843
:10A25000332004EBC306B2F1FF3F08D0C2F3130270
:10A26000914204D14FF0FF33E3517360F0BD0133ED
:10A27000E9E7F0B5002345689D4202D14FF0FF3079
:10A280000EE00468DE0054F83340671C09D0C4F3C4
:10A290001307B94205D1240D14700368334458687C
:10A2A000F0BD0133E8E713B50023044601461B2245
:10A2B0000DF107008DF8073000F065F822689DF871
:10A2C0000730B3EBD26F0CBF0120002002B010BDED
:10A2D00013B500230446014620220DF107008DF836
:10A2E000073000F050F80DF107001A22211D00F090
:10A2F0004AF862689DF80730B3EB926F0CBF0120FB
:10A30000002002B010BD0068431C584258417047FD
:10A31000006810F07E0F0CBFC0F3C16000207047D2
:10A320000068C0F3D3107047006800F07F00012878
:10A330008CBF002001207047036813F07E0F14BF0C
:10A34000042008207047036813F07E0F03D1406893
:10A3500020F07C40704713F078001CBF03F07F03AF
:10A36000D81F7047006800F07F007047032809D0AD
:10A37000022803D1C1F10201C8B2704700290CBF05
:10A380000720002070471F2A0B689EBF4FF0FF3147
:10A3900091408B43590801F055315B1A03F033317A
:10A3A0009B0803F033330B44017803EB13130A4487
:10A3B0004FF0013103F00F334B43A2EB13620270F5
:10A3C000704737B501F10C0405464369694601221F
:10A3D00020469847BDF80030012201A9019320468C
:10A3E000AB69984703B030BD37B501F10C04436940
:10A3F00001226946054620469847009B4FF6FF72AA
:10A4000099B291420DD11B0C012201A920461B04D7
:10A4100043F4254343F0A5030193AB69984703B088
:10A4200030BD0020FBE737B5044600251B22011D87
:10A430000DF107008DF80750FFF7A5FF60689DF844
:10A440000720B2EBD06F03D120F0784003B030BDCD
:10A450000DF107001B2204F108018DF80750FFF7EA
:10A4600092FFA0689DF80730B3EBD06F01D1C043D5
:10A47000EAE74FF0FF30E9E703684BF29A22B2EBCC
:10A48000134F10B5044613D19BB2012B13D1FFF724
:10A49000CAFF01300CD0E0684FF6FF72B2EB104FEC
:10A4A0004FEA104309D180B2C01A18BF012010BD75
:10A4B0002368013303D00420F9E70220F7E70320E3
:10A4C000F5E701288CBF00200120704703380128E0
:10A4D0008CBF002001207047143070472DE9F041F7
:10A4E00005469846036908460E46174698470446AF
:10A4F00038B943463A4631462846EDF707FB04464D
:10A5000018B131462846FFF75CFF2046BDE8F081D0
:10A5100002207047002070470120704700207047DC
:10A5200000207047704737B504460D4601A8EFF785
:10A5300013FB01A8FFF7F6FF204601A98DF806508E
:10A54000EDF7DEFB03B030BD08461146EDF7B6BCB3
:10A550007047431E012B03D9031F584258417047CF
:10A560000120704700F0C1BB4FF4C472002100F01D
:10A5700055BD10B50446002100F085F82046BDE821
:10A580001040EFF727BAEEF7C5BDEEF7C9BDF8B535
:10A5900005460E46EDF75AFCD5F8C03073B15B693D
:10A5A00063B1F1F7ADF9D5F8C03040F26B125B69D9
:10A5B00042211B1A58425841EDF728FE00224FF65F
:10A5C000FF734FF0240CF768D0B2B84208D31C4692
:10A5D00021462846EDF7C2FD00F08AFB2046F8BD73
:10A5E000B1680CFB0011CC899C4202D2002CEFD048
:10A5F00023460132E8E7EDF7B1BD008B70470A78DA
:10A6000038B505461046FFF7A4FF60B14C782046E8
:10A61000FFF79FFF38B12243530704D42846BDE813
:10A620003840EEF79DBD012038BDFFF7E8BF10B5FB
:10A6300004460878FFF78DFF58B14A781046FFF7B7
:10A6400088FF30B1042A04D02046BDE81040EEF760
:10A65000BDBD012010BDFFF7EABFEEF7C9BA08463D
:10A66000EFF71ABFEEF744BC70B504460D46164628
:10A67000EDF774FD30B9324629462046BDE87040FA
:10A68000F2F79ABF70BDEFF70DBCF2F7A7BA38B575
:10A69000044600200D4600F029FBD4F8D4302BB935
:10A6A00029462046BDE83840EEF75CBE022038BDA2
:10A6B00038B5044648880D4600F018FBD4F8D4306D
:10A6C0002BB929462046BDE83840EEF7B5BD02203B
:10A6D00038BD00F00CBB00F07FB900F012BB38B5FC
:10A6E00005460C46F6F712FC2B6B1C40EB6A234325
:10A6F000EB62F6F70FFC211E18BF01210020490272
:10A7000038BDEFF711B9EEF77BBB00F0B3B900F03D
:10A71000D5B908461146F0F797B9EEF757BF00F0E4
:10A720006FB938B50446154609B100F0E7F925B10F
:10A730002046BDE83840EFF741B838BD00F0ECB92D
:10A7400000F0F6B90846F0F7C7BC10B5044600F0B3
:10A750008BF820B92046BDE81040EDF733BE10BDA0
:10A7600000F0D3BAF0F770BF2DE9FF4198460446D8
:10A770000E461746F6F7D1FB05462046FFF7E5FFE4
:10A780000A9B3A46029300233146CDE900832046D6
:10A79000EDF766FE04462846F6F7C5FB204604B0F2
:10A7A000BDE8F08138B50446F6F7B7FB054620460C
:10A7B000FFF7CBFF2046EDF731FE04462846F6F7BB
:10A7C000B2FBB4FA84F0400938BD38B50446F6F758
:10A7D000A4FB05462046FFF7B8FF204600F053F8DB
:10A7E00004462846F6F79FFB204638BD38B5044698
:10A7F000F6F793FB05462046FFF7A7FF204600F03B
:10A8000048F804462846F6F78EFB204638BD70B55A
:10A8100004460E46F6F781FB05462046FFF795FFF6
:10A8200031462046EDF76AFE04462846F6F77BFBE4
:10A83000204670BD134607B500228DF807100DF1B4
:10A840000700194600F01EFA03B05DF804FB084645
:10A8500011461A4600F016BA0020704701207047D2
:10A86000EFF756BD00F0B7B9EDF7E6BC10B5F6F757
:10A8700054FB044600F015F8EDF704FD2046BDE852
:10A880001040F6F750BB024608B5EDF7D5FC507DF9
:10A8900008BD024608B5EDF7CFFC507D80F0010001
:10A8A00008BD00F032BAEEF7BDBB00F06BB8437CD8
:10A8B00003B108470220704710B50446EFF790FC3B
:10A8C0002046BDE810400321EEF7ECB9FFF7F4BFD6
:10A8D000437C0BB1EFF74ABC02207047437C0BB1BD
:10A8E000EFF768BC0220704738B5447C0D46BCB118
:10A8F000053C012C8CBF0024012449682246EFF757
:10A90000A9FC286890FAA0F0000AF1F719FAA97AD0
:10A910002889224681F00101EFF7CCFC002038BDE8
:10A920000220FCE71FB5ADF808309DF81830CDE9DE
:10A93000001269468DF80A30FFF7D6FF05B05DF8C2
:10A9400004FB002070470020704702210120EDF732
:10A95000F1BE7047436B03F06003402B0DD0602BBA
:10A9600003D0203B58425841704749B10B68012B36
:10A9700006D9486940F00100704740F20110704765
:10A98000002070470220F0F7D9BDD0F8C8304BB195
:10A990001A68022A06D993F8250028B11B6AB3FB6E
:10A9A000F0F07047FFF7EFBD7047D0F8C8207AB1DC
:10A9B0001368022B0CD9536A13F47F4FC3F307219A
:10A9C00006D0126ADBB253438B42B3FBF1F201D2E1
:10A9D000FFF7DBBD104670470346D0F8040108605E
:10A9E000B3F8083100208B80704790F804310E2BAB
:10A9F00014BF807DFF2070474FF48071F3F770BD66
:10AA0000F8B507460E468D88EEF790FB7F7C04462E
:10AA1000082F737C4FEAC5051ED1012B014604D8CF
:10AA20000120F2F72DFA033502E00020F2F728FAB0
:10AA300003230544B371DCB1B5F5803F18D84FF25C
:10AA40002442630902FB05332409B3FBF4F300201D
:10AA50003268D21A3260F8BD053FFFB2012F0146BD
:10AA60008CBF00200120F2F70BFA012FE0D8DAE7C3
:10AA70000220F0E7084610B510F0030411461BD180
:10AA80003F2B15D9B3FA83F3C3F11902D2B2062AC8
:10AA900001D8192B0ED0062A28BF06220124931DA7
:10AAA000DBB29C40A4B2A14228BF2146EFF758FD7B
:10AAB000204610BD2246F1E70024F9E7084611F0D0
:10AAC000030110B518D113883F2B15D9B3FA83F3BE
:10AAD000C3F11904E4B2062C01D8192B03D0062CBB
:10AAE000214628BF062101238C1DE4B2A340138018
:10AAF000EFF754FD002010BD0120FCE7EDF7CEBFBD
:10AB000010B5144608460121F0F7C0FF2046BDE805
:10AB100010400121F0F7BABF10B50A011021F3F778
:10AB2000CBFC0446F3F7E6FC201E18BF012010BD45
:10AB30001021F3F7D5BCF8B504460E461746F6F7D4
:10AB4000E5F93A4605463146204600F07CF90446D0
:10AB50002846F6F7DFF92046F8BD022070470320AB
:10AB60007047F0F7E3BC10B5EFF77CF8044608B97E
:10AB7000F2F714FD204610BD38B504461D46EFF728
:10AB800071F828B929462046BDE83840F2F7DABD09
:10AB900038BD8021F3F7A4BC38B50546EEF79CF824
:10ABA00004462846EEF776F8072811D1D5F8C430C8
:10ABB00024F47F41DB6921F0080103B15B7841EAAD
:10ABC000032141F020012846BDE83840EEF78AB85D
:10ABD00024F02001F7E7EFF79BBB38B50546104698
:10ABE0000C46EFF709FC65B1D5F8C4304BB15B6991
:10ABF0003BB12268013204BF6FF00102226022687B
:10AC00001A60002038BD002070472DE9F74F01255C
:10AC10001C469DF83030064601930368174603F042
:10AC2000070306339D4005F1FF380B46A1B141688B
:10AC300004EA080BA5EB0B0A41F00059524509EB59
:10AC40000B0114D95246184600F0F3F949467A1B15
:10AC50005A44504400F0EDF9019B2BB13C4448EAC2
:10AC6000050804EA0804F46003B0BDE8F08F184654
:10AC7000F0E737B5002514460095FFF7C6FF2046DC
:10AC800003B030BD70B50E461546044608B9002025
:10AC900070BD0378042B18D02078EFF7DBFFB0B934
:10ACA00023780E2BF3D10EB1FF233370CDB1FF23E8
:10ACB0002B7016E020780130C0B203282070EBD84A
:10ACC000EFF7C8FF0028F5D0E6E70020F5E71EB152
:10ACD0002078EFF7F3FF30701DB1207800F009F80D
:10ACE00028700120D4E7EFF7B9B870477047704774
:10ACF000704710F0FD0F14BF4FF0FF300020C0B2BE
:10AD00007047704700200021704708B5F0F72CFC11
:10AD1000BDE80840F0F766BC08B5F0F73DFCBDE8BB
:10AD20000840F0F75FBC10B50446F0F71DFC844204
:10AD300088BF01F1FF312046BDE8104001F003015A
:10AD4000F0F750BC38B50446FFF7DFFF0546FFF7C4
:10AD5000DCFF431BA342FAD338BD08B521B19200F2
:10AD600000F067F9002008BD0120FCE70B0CB3F5EB
:10AD7000384FF7B506460D468FB216D04BF6010296
:10AD8000934214D04BF60202934212D0B3F5304FE7
:10AD900014BF04240324D6F8C4300BB1196851B988
:10ADA000D6F8C0309BB928680FE00024F3E70124EF
:10ADB000F1E70224EFE7234668463A46F0F76AFCDB
:10ADC0009DF804300098002BEAD103B0F0BD19685B
:10ADD0000029E8D0234668463A46F0F75BFC9DF828
:10ADE00004300098002BDED1EFE700F03003202B79
:10ADF00010B513D110F4E02FC0F302440AD0C0F311
:10AE0000C423B3FBF4F410F4C01F18BF6400052C76
:10AE10000ED86408F0F706FF604310BD6FF012040F
:10AE2000C0F382131C4104F00104C4F10204F1E7F1
:10AE30000424EFE74FF0384359699A6903F500534A
:10AE40000A405A617047F7B505460F4668461146F5
:10AE5000F0F7DEFF064698B197B1DDE900311B0A35
:10AE600043EA0163A5FB0343090A05FB0135F0F73B
:10AE700047FD0023024629462046F3F783FB38604E
:10AE8000304603B0F0BD03207047704730B14FF437
:10AE90007A735843A0F57A60F1F7E6BE49F6404070
:10AEA000FAE7F2F78BBEF2F789BEF2F787BEF2F748
:10AEB00085BEF2F783BE00228A4202D14FF0FF30F6
:10AEC000704750F8223093FAA3F30BB90132F3E73D
:10AED000B3FA83F000EB421070470020704770B562
:10AEE000A1FB02543CB92946F3F728FD064628B9D0
:10AEF0000026304670BD0C220260F9E72A46214642
:10AF000000F08CF8F5E72DE9F8430746884614462B
:10AF10000026D4E90195B9F1010905D52468002C72
:10AF2000F7D13046BDE8F883AB89012B07D9B5F9D5
:10AF30000E30013303D029463846C04706436835F2
:10AF4000E9E710B50C46B1F90E10F3F7F5FE00284D
:10AF5000ABBF636DA3891B1823F48053ACBF63653B
:10AF6000A38110BD2DE9F0411F468B8905460C4693
:10AF7000DB05164605D502230022B1F90E10F3F7C2
:10AF8000C9FEA3893246B4F90E10284623F4805333
:10AF9000A3813B46BDE8F041F3F7F0BE10B50C4687
:10AFA000B1F90E10F3F7B6FE431CA38915BF606517
:10AFB00023F4805343F48053A38118BFA38110BDB1
:10AFC000B1F90E10F3F796BE0139024410B5904264
:10AFD00001D1002005E0037811F8014FA34201D010
:10AFE000181B10BD0130F2E7884210B501EB0204D6
:10AFF00002D98442234607D8431EA14208D011F843
:10B00000012B03F8012FF8E7024401468A4200D1E0
:10B0100010BD13F8014D02F8014DF7E70244034655
:10B02000934200D1704703F8011BF9E7704770475E
:10B0300070470A44431E914200D1704710B511F881
:10B04000014B914203F8014FF9D110BDB1F90C2029
:10B050002DE9F041170705460C4656D44B68002BE6
:10B0600002DC0B6C002B3DDDE66A002E3AD000239B
:10B0700012F480522F68216A2B6025D0626DA3895B
:10B08000580705D56368D21A636B0BB1236CD21ACB
:10B09000216A0023E66A2846B047411C24D00023D9
:10B0A000636023692360A389DA0400D56065616B5E
:10B0B0002F60B9B104F14403994202D02846F3F756
:10B0C00093FE002363630DE001232846B047461C2E
:10B0D0000246D4D12B68002BD1D01D2B01D0162BCA
:10B0E0002AD12F6000202EE02A68B4F90C3042B13A
:10B0F0001D2A01D0162A21D1002363602369236011
:10B10000D5E7626022692260CEE70F69002FE9D09F
:10B1100093070E680F600CBF4B690023A6EB07086E
:10B120008B60B8F1000FDDDD43463A46216A2846C0
:10B13000A66AB047002808DCB4F90C3043F040039D
:10B140004FF0FF30A381BDE8F0810744A8EB000871
:10B15000E7E738B50B6905460C4613B900252846C4
:10B1600038BD18B1036A0BB9F3F7F8FCB4F90C3029
:10B17000002BF3D0626ED00704D4990502D4A06DE1
:10B18000FFF755FF28462146FFF760FF636E05462F
:10B19000DA07E4D4A3899B05E1D4A06DFFF748FF4B
:10B1A000DDE770B50C46B1F90E1096B015460029D2
:10B1B0001E460CDAA389002113F0800F14BF402330
:10B1C0004FF48063002031602B6016B070BD6A467A
:10B1D000F3F754FE0028EDDB019901F47041A1F56D
:10B1E0000053594259414FF48063EBE7430803F0A1
:10B1F0005533C01A00F03333800800F03330184460
:10B200004FF0013300EB101000F00F305843000EE8
:10B21000704710B5044678B1036A41696BB1806824
:10B2200098470023207E63611028636004D821467C
:10B23000F4F732F91123237610BD0029F1D0836889
:10B24000002BEEDB0846F4F717FBEAE7002307B50F
:10B250001A46019101A9F3F765FF03B05DF804FBFD
:10B260001FB5002402949DF81C400194069C009494
:10B27000F3F7DEFE04B010BD13B507240194049C5F
:10B280000094FFF7EDFF02B010BD002307B5009357
:10B29000FFF7F2FF03B05DF804FB03680B60016089
:10B2A00070472DE9F0410E46174600240546006818
:10B2B00008B9BDE8F081D0E90083B3420BD18368BF
:10B2C000BB4208D154B9C5F80080C368DB0701D57B
:10B2D000F4F7D2FA204604464046E9E7C4F8008075
:10B2E000F3E7D1E90112FFF7DCBF002370B51A467E
:10B2F000194605460468F3F715FF0CB92C6070BDBC
:10B30000E3682668DB0702D52046F4F7B5FA344631
:10B31000F3E72DE9F8430E461746054610B900201D
:10B32000BDE8F8830468002CF9D0D4E900893B46D5
:10B3300032462946A068C8470028F1D14446F2E7C2
:10B340002420704738B5054614460A460021FFF709
:10B3500065FE24F01C046B7944F0100443F00403F0
:10B360002C716B7138BD2DE9F74F1F469DF83030B9
:10B370008A4680460093002850D0002967D00C6888
:10B38000002C66D04FF0000BE679A179761AF6B260
:10B39000BE4208D30C31394408EB0209454621442A
:10B3A000F61BC84537E02068A346BF1B002835D0F0
:10B3B0000446E9E7AB19994538BFA9EB05063246C3
:10B3C0002846FFF736FE009B002B3DD0E279A0799E
:10B3D000F3B237BB1844A071E279A37927689A4287
:10B3E00032D1DAF80030A34208BFCAF80070BBF1CE
:10B3F000000F01D0CBF800702046F4F7AFF83C46C0
:10B4000035444CB10027A379E67903F10C01F61A13
:10B410002144F6B24D45CDD3A5EB080003B0BDE8FD
:10B42000F08F121AD2B2F918914209DA0C30204486
:10B43000D21BD21A014438440193FFF7D5FD019B7A
:10B44000E279D31AE371C7E7A3462468D8E7084630
:10B45000E4E72046E2E710B5C4790246C4F14503AB
:10B46000D8B2884228BF08460444D47110BD38B50C
:10B470000546C079C0F14504E4B2944288BFD4B215
:10B480000C3022462844FFF7D4FDEB7920462344B4
:10B49000EB7138BD1FB503910021009103A9FFF79F
:10B4A00062FF05B05DF804FB38B50446206800B9BA
:10B4B00038BD0568F4F752F82560F7E7034610B584
:10B4C00001F0EC0103B910BD1A7902F013020A432E
:10B4D0001A711A1A544254415A7964F300025A718B
:10B4E0001B68EFE710B558B1016802685AB11368DC
:10B4F00023B15C79E40704D5002414600360084696
:10B5000010BD0360F1E71346F8E7034658B1002089
:10B51000DA7999791B68521A50FA82F01BB15A797C
:10B52000D207F5D57047704770B50D460446E8B1AF
:10B5300086798E4203D3751A8571012070BDC27958
:10B5400006F145039B1ADBB299420FD806F10C01B4
:10B550000144921BA81BD2B20844FFF745FD00230B
:10B56000A371E3791D44AD1BE571E6E70020E5E733
:10B570000346006818B102681A6000230360704730
:10B580000346002003B97047DA7999791B68521A8B
:10B5900050FA82F0F6E72DE9F84F894614468246C4
:10B5A000FFF7EEFF05464846FFF7EAFFA5420746CC
:10B5B00001D3A04208D2BD4208D10024A346A04630
:10B5C000264647B9384604E02746F6E738D24FF01A
:10B5D000FF30BDE8F88F5EB99AF806809AF80760E8
:10B5E000A6EB080608F10C08D044DAF800A0F6B281
:10B5F000BBF1000F0BD199F8064099F807B0ABEBFF
:10B60000040B0C344C44D9F800905FFA8BFB5E4578
:10B61000354628BF5D46BD4228BF3D4621462A46E5
:10B620004046FFF7D1FC0028D3D1A8442C447F1B0F
:10B63000EDB2761BABEB0505F6B25FFA85FBC0E712
:10B640000120C6E703680BB9016070471A461B6802
:10B65000002BFBD111607047036803B10B600160E0
:10B66000704739B10B461A461B68002BFBD10368A3
:10B6700013600160704770B5046806460D4644B11A
:10B680002046FFF77DFFA84211D8236813B9E3795C
:10B69000A37170BD20463360F3F760FF3468F4E7B0
:10B6A000ED1A236820463360F3F758FF3468002D05
:10B6B000EFD0A279E3799B1ADBB2AB42F0D92A44EE
:10B6C000A271E6E7F8B5066805460C4646B1304675
:10B6D000FFF756FFA0421DD8336813B9F379B37151
:10B6E000F8BD30462B60F3F739FF2E68F4E70646C5
:10B6F00038460768002FFAD1C2798379D31ADBB2B2
:10B70000A34202D9121BC271EAE7E41AF3F726FF3B
:10B710003EB13760002CE3D028680028E0D0002636
:10B72000E7E72E60F6E7F8B504460F46BC4200D1C5
:10B73000F8BDA179E5796D1AEDB2C5F14506B6B24D
:10B740000EB92468F2E749B10C312A46214404F1CC
:10B750000C00FFF749FC0023E571A3712368BB428D
:10B76000EFD05A79D207ECD49979DD79A0796D1AA6
:10B77000EDB2B54228BF3546E2790C3010440C31A9
:10B780002A4619442044FFF754FCE379206853FA11
:10B7900085F3E3718379761B53FA85F5C379EDB2AE
:10B7A000AB42B6B2857103D103682360F3F7D6FECE
:10B7B000002ED3D1C5E748B100230279436003606E
:10B7C00083604379027143F00403437170470022A0
:10B7D0001146F3F71FBF38B504460D46FFF7A4FE28
:10B7E00098B984B12079FFF7F2FF58B163794279B3
:10B7F000C3F3400363F3410245235D1B04604271C0
:10B80000C371857138BD0120EDE72046FAE738B5F0
:10B81000036804460D469BB11879FFF7D8FF88B13D
:10B820002368427903605B79C3F3400363F3410209
:10B8300045235D1B4271C37185712060002038BDB6
:10B840000120EAE71920FAE738B50C46054640B36F
:10B85000006830B309B9002038BD4AB9C9B2FFF752
:10B8600063FE0028F7D12B689A799871A41A06E034
:10B87000452918D8C9B2FFF757FE0028EBD1442C50
:10B8800007D8002CE7D02846E1B2BDE83840FFF7E2
:10B89000BEBF45212846FFF7BAFF0028DCD1453C52
:10B8A000EDE72220D8E72120D6E72DE9F84390F8EC
:10B8B000078090F806900446A8EB0907FFB2B9424A
:10B8C0000D4602D30020BDE8F8830079FFF77FFF23
:10B8D00006460028F6D0A17980790C317F1B2944D7
:10B8E0000C30BAB221443044FFF7A3FBF3790120B6
:10B8F0003B44F371E37999444D442368A5EB080573
:10B90000E57133602660DEE7F8B5076806460D4648
:10B910003C46002305B12CB90BB100221A603460FB
:10B920003846F8BDE379A2799B1ADBB2AB4207D85F
:10B93000E379A2799B1ADBB2ED1A23462468E9E782
:10B940002046E9B2FFF7B1FF0028F1D10746E7E74B
:10B950005318452B02DCC9B2F3F75CBE00207047D8
:10B96000F7B5002605460F4601960DB9019C09E082
:10B97000002238461146F3F74DFE044628B901A8C7
:10B98000FFF792FD204603B0F0BDAB798371EA79F1
:10B99000C27168796179D21A60F3000161716979C5
:10B9A0006079C1F3400161F34100607103F10C0063
:10B9B0002918D2B22044FFF73CFB019B03B9019444
:10B9C00006B1346026462D68CFE72DE9F8430D46D1
:10B9D0001446064610B319B3DAB1034699461B68FC
:10B9E000002BFBD12746C8463A4629464046FFF77A
:10B9F0003EFDC145A7EB0007054418BFC9F800800C
:10BA000037B10022B1793079F3F704FEC14618B995
:10BA1000E41B2046BDE8F8838046E5E70446F8E7E6
:10BA20000C46F6E737B51546C9B200221C46F3F7B7
:10BA3000F1FD019040B122462946FFF7C6FF84423E
:10BA400002D901A8FFF730FD019803B030BD0346CD
:10BA500010B501391A1A914200D810BD445C1A7809
:10BA600003F8014B42540139F4E7002301448842B2
:10BA700000D1704700F8013BF9E738B505460C46A0
:10BA800004B938BD013C55F834305B68002BF7D061
:10BA90009847F5E72DE9F0410446002654F8363082
:10BAA0002BB904F10408B34203D100250FE001369D
:10BAB000F4E754F833205F1C12685AB158F8330089
:10BAC0009047054630B139462046FFF7D6FF284655
:10BAD000BDE8F0813B46E6E7704770477047704726
:10BAE0007047F3F7ABBE704710B5DEF7CDFD837935
:10BAF00000210C33C418E078F4F78CF8616800F08A
:10BB0000BFFB0446DEF7C6FD2246BDE81040002319
:10BB10004FF61941F7F7BFBF10B5DEF7B5FD8379D2
:10BB200000210C33C418E078F4F774F8616800F071
:10BB3000B5FB0446DEF7AEFD2246BDE8104000230B
:10BB40004FF61A41F7F7A7BF70B5DEF79DFD00214C
:10BB500086790446FE20F4F75DF80546E0F7CAF85A
:10BB600050B10C24DEF796FD2246BDE8704000235C
:10BB700042F20501F7F78FBFE0F702F90028F0D194
:10BB800034440F342DB12146284600F097FB00289D
:10BB9000E7D02046DEF7BEFE0024E3E72DE9F041C2
:10BBA000DEF772FD837900250C33C418E678DEF7E2
:10BBB0006BFD0768DEF768FDA6F1FE0359425941A7
:10BBC00005603046F4F726F83B462946227900F016
:10BBD000B1FA0446DEF75EFD2B462246BDE8F04191
:10BBE00042F23701F7F757BF2DE9F041DEF74CFD80
:10BBF000837900250C33C418E678DEF745FD076825
:10BC0000DEF742FDA6F1FE03594259410560304678
:10BC1000F4F700F83B462279012100F08BFA044644
:10BC2000DEF738FD2B462246BDE8F04142F23801EE
:10BC3000F7F731BF2DE9F047DEF726FD83790C33A6
:10BC4000C418277994F8038027B9B8F1010F27D0D9
:10BC5000F4F742FA00260534BE420ADB0025DEF77F
:10BC600019FD2A46BDE8F047002342F23901F7F7F3
:10BC700012BF2078B4F80150A0F1FE035942594197
:10BC800094F803900434F3F7C5FF58B12A464B46A5
:10BC90004146F4F71DF905460028E0D10136DBE7FF
:10BCA0001225DCE74225DAE710B5DEF7EDFC8379F3
:10BCB00000210C33C418E078F3F7ACFF80B1211DEC
:10BCC00000F0FCFA00280CBF0C240024DEF7E2FC94
:10BCD0002246BDE81040002342F23501F7F7DBBEF3
:10BCE0004224F3E7FE282DE9F843064689469046AC
:10BCF0001F4616D00220FFF76AFD044690B10622C7
:10BD00001221F7F7DBFE1223A57920460C352544D6
:10BD1000AB7085F803902E71A5F80580EF71DEF702
:10BD200079FC0120BDE8F88338B50446F9F764FBD7
:10BD3000054658B9C820E2F7FBFAC8220221284676
:10BD4000E2F7B6FA8442A8BF044624B22046E2F7DE
:10BD5000EFFAF9F751FBBDE83840C8220221E2F7BB
:10BD6000A7BAB0F90020B1F900302DE9F0479A42A6
:10BD700004460D4648DCF5F7D0F88046DDF7D8FCE0
:10BD800000283ED1E2F78AFA8246F9F735FBC8224D
:10BD90000221E2F78DFA47F6FF73B5F900208146DC
:10BDA0009A4202D1E2F79EFA288047F6FF73B4F96F
:10BDB00000209A4202D1E2F78FFA2080B5F9000004
:10BDC000FFF7B2FFB4F9003007468342C8BF2080B6
:10BDD000B4F90000E2F78CFAF7F777F8064658B1A5
:10BDE0005046E2F785FA4846E2F7A2FA4046F5F7F0
:10BDF0009AF83046BDE8F087E2F750FA20802F80AD
:10BE0000F4E741F20C06F1E72126F2E750E8003FA3
:10BE10000B4340E80032002AF8D17047C94350E88C
:10BE2000003F0B4040E80032002AF8D17047431E23
:10BE3000032B06D8DFE803F0020402040320704756
:10BE40000420704738B50446F5F767F8D4E91012B6
:10BE500005462046F3F772FEE18C228DE060521A0F
:10BE600040F2712101FB020303F59C53083328467D
:10BE70002361BDE83840F5F756B808B52030FFF724
:10BE8000C5FFBDE808404FF08050E2F78DBE38B5E1
:10BE90000D4604460830DEF75BFB294600252046A8
:10BEA000E0F77EFCE06EE56110B1DDF79DFCE56634
:10BEB00004F15000BDE83840FFF7F6BA38B5044643
:10BEC00019B390F838208AB190F839300133DBB2D9
:10BED0009A4280F8393009D10121FFF7D8FF4FF09D
:10BEE00080712046BDE83840FFF7C7BF236ADA03F8
:10BEF0000BD5E36B62689B1A002B06DA0121204602
:10BF0000FFF7C5FF4FF08061EBE7236A1B0426D4DF
:10BF1000F9F7DBF91123B0FBF3F303EB0313C01ABA
:10BF200094F9613085B213FA80F0102888BFC5F10A
:10BF300010056DB2083B2B4484F861302046012186
:10BF4000E0F72EFC40F27121E28C63682A4401FB89
:10BF5000023320466360BDE83840E0F7D1BB0025DE
:10BF6000ECE72DE9F84F1D46C3690F460446164617
:10BF7000DDF830809DF838909DF840B09DF848106D
:10BF80009DF850A0002B40F0D180EB0600F1BE8060
:10BF900005F00303032B08BF05F0FD0505F0F705C9
:10BFA000BDF83C30A806A3869DF8540048BF05F0B4
:10BFB000FC05FFF73CFF47F6FF731BF0020F84F808
:10BFC0003600A4F8783040F0A4801BF0040F00F095
:10BFD000A28000F0FD00012814BF0323042394F87D
:10BFE0007F209DF8580063F3030284F87F20FFF759
:10BFF0001EFF47F6FF738A0784F83700A4F88830DD
:10C0000000F18B804B0740F18A8000F0FD00012891
:10C0100014BF0321042194F88F30606E61F3030391
:10C0200084F88F30F6F744FF00222046216CF3F7A6
:10C0300085FD40F271237343984279D849F6FF7128
:10C0400004F12000FFF7EAFEFF2384F85430BAF130
:10C05000000F03D0236A43F480532362290705D5D8
:10C0600006263746236A43F484132362236A6A0749
:10C0700023F4C04323620CD419F0010F1CBF43F416
:10C0800000532362236A19F0020F1CBF43F480435C
:10C090002362236AA5852B43236204F12E03B8F1A2
:10C0A000000F3ED0D8F80020C4F82E20B8F80420A5
:10C0B0009A809DF82C30012B03D14FF48061FFF75B
:10C0C000A5FE236A9DF8282023F4407343EA022347
:10C0D0002362F9F7FAF894F860309DF84C2084F860
:10C0E0005F0023F00F03C0F30320034362F3071341
:10C0F00084F860309DF834302046E784268584F843
:10C100002A30FFF79FFE0020BDE8F88F01218B4603
:10C1100046E7022363E7012361E702217BE7012170
:10C1200079E7C4F82E80A3F80480CAE70C20EBE777
:10C130004520E9E72DE9F743894617460446019370
:10C1400030B901A8FFF7B0F9422003B0BDE8F08391
:10C15000012920D0022910D089B9C369C3B900F1DF
:10C1600040054FF40036236AD9061ED55A0726D556
:10C1700001A8FFF799F90020E7E7406E20B901A870
:10C18000FFF792F90C20E0E71946F6F792FEDCE79C
:10C1900000F14805E5E7C36923B900F144054FF410
:10C1A0008026E0E700F14C05F9E79B0707D5B9F1D8
:10C1B000000F04D101A8FFF777F91220C5E704F1B9
:10C1C000200840463146FFF729FEF80702D52846E9
:10C1D000FFF76AF9019921B12846FFF733FA0023E6
:10C1E00001932868FFF7CCF9236AD90605D51F28E3
:10C1F00001DC032F16D02846DDE740F27262904240
:10C2000004DD2846FFF750F907209EE7B9F1000F3B
:10C2100008D1BF2806DD9A0704D02846FFF744F965
:10C22000452092E72046D4E91212F3F787FCE36930
:10C230006BB140F27122E38C5343984207D9238DAE
:10C240008342EAD300F51C70B0FBF2F0E084F4F70F
:10C2500064FEE36905467BB1BB070DD53146404618
:10C26000FFF7D4FD6368C3F57A76F9F76AF8F04210
:10C2700002D52046E0F7B0FB2846F4F754FE7AE7F3
:10C2800008B548B1CB0701D4002008BD4FF4001118
:10C290002030FFF7BBFDF7E74220F6E708B548B1CD
:10C2A000CB0701D4002008BD4FF400112030FFF768
:10C2B000B5FDF7E74220F6E7F3F726BF38B5C369C7
:10C2C00004460D463BB1036A13F0010011D194F806
:10C2D0002430FE2B0CD004F120004FF48001FFF736
:10C2E00095FD01202B68C4F85530AB88A4F859306F
:10C2F00038BD0020FCE7036A10B5044613F4602043
:10C3000030D09A0307D504F14000FFF7CDF8A36CB5
:10C3100023640023A364236A5B0307D504F144006C
:10C32000FFF7C2F8E36C63640023E3644FF4602119
:10C3300004F12000FFF772FD2046FFF783FD012086
:10C3400094F8602094F85F3002F00F0143EA012373
:10C35000013384F85F3022F00F02C3F303231A4342
:10C3600084F8602010BD10B504465030FFF76AF91C
:10C370002046BDE810404FF00071FFF77EBD10B5BC
:10C38000418904468389C2890846F8F795F8E0B1E7
:10C39000E279531E072B19D86389934216D9228953
:10C3A0009A4213D8237C43B9637C33B9A37C23B965
:10C3B000E07C10B9237D0F2B07D9607D1B3000F086
:10C3C0001F000B288CBF0020012010BD0020FCE7BF
:10C3D00008B5E1F7FBFDBDE808400020E1F764BEC9
:10C3E00037B50246136A084603F4007403F40015D7
:10C3F000DB0505D47CB9DEF767FA204603B030BD13
:10C400004CB9B5FA85F4D2F8551064090160B2F858
:10C4100059208280F1E7019092F95430B5FA85F401
:10C42000009300231A4619461846F7F70FFB6409D4
:10C43000E3E7000000000000000000000000000032
:10C44000F8B500BFF8BC08BC9E467047F8B500BF01
:10C45000F8BC08BC9E4670475FF800F0F10D002064
:10C460005FF800F0990E00205FF800F0390D002011
:10C4700000000000000000000000000000000000BC
:10C4800000000000000000000000000000000000AC
:10C49000000000000000000000000000000000009C
:10C4A000A9230100ED2301009D0803000000000006
:10C4B000000000000000000000000000000000007C
:10C4C0007165705F6D736D0000C60300BB080300EB
:10C4D000BF080300000000008CC60300BB08030077
:10C4E000210903000000000014C60300BB0803007C
:10C4F000DB0803000000000000C603001525010052
:10C50000BF0803000000000078C6030015250100E5
:10C51000B3080300ED2401000000000000C6030082
:10C5200015250100BF0803000000000078C60300C5
:10C5300015250100B3080300ED24010000000000F0
:10C54000A0C6030015250100F1080300000000004B
:10C5500050C60300012C0100212C0100812B010099
:10C560000000000028C60300552B01000000000059
:10C57000A0C60300112C0100F10803000000000018
:10C580003CC6030039250100AD2B0100000000006E
:10C5900064C60300312C01000000000000C6030047
:10C5A000C9080300BF0803000000000014C6030010
:10C5B000C9080300DB0803000000000078C6030080
:10C5C00029250100B3080300ED240100000000004C
:10C5D00000C60300BF080300000000008CC6030073
:10C5E0002109030000000000B4C60300E12401009B
:10C5F00000000000C8C60300000000000012002078
:10C6000000000000A9290100BF080300BB080300C7
:10C6100000000000B4C60300A1250100DB080300F0
:10C6200015250100000000003CC60300F9240100AC
:10C63000552B0100012C01000000000078C603000A
:10C6400049250100AD2B0100212C01000000000054
:10C6500078C603007D280100812B0100112C010008
:10C660000000000078C60300212A0100312C0100DF
:10C670003925010000000000B4C60300B70803001C
:10C68000B308030000000000ED240100B4C603005D
:10C690000129010021090300C9080300000000006E
:10C6A000B4C6030051260100F1080300292501004A
:10C6B0000000000000000000E92A01000000000066
:10C6C00000000000E124010000000000B52A010084
:10C6D0000000000000000000000000000500000055
:10C6E00000E00000292B01186D3851443A91439223
:10C6F000BD4074278956F55FA24E96114FECCEBD12
:10C70000C8402D30AC4333BB342E342E36000000ED
:10C7100030C7030023002300ECC903000E000E0005
:10C72000ACC90300040004000200FFFFFFFF00008B
:10C73000010000000108FFFF0000000060C90300C5
:10C74000020002000108FFFF0500000020000A00AF
:10C7500003000A000008FFFF01000000740C002025
:10C7600004000D000308FFFF0300000002000000AA
:10C77000050002000108FFFF0500000002000B0099
:10C7800006000B000108FFFF010000007E0C0020E6
:10C79000070002000108FFFF050000000A000C006E
:10C7A00008000C000308FFFF01000000940C0020AB
:10C7B000090000000188FFFF0000000064C90300B9
:10C7C0000A0002000108FFFF0500000012000080BF
:10C7D0000B0000805158FFFF010000009C0C00205E
:10C7E0000C000D00030DFFFF03000000010100001D
:10C7F0000D0002000108FFFF050000000800018095
:10C800000E000180020DFFFF01000000A60C0020B9
:10C810000F0000000108FFFF0000000076C90300C0
:10C82000100002000108FFFF0500000002000300E5
:10C83000110003000108FFFF000000007AC9030097
:10C84000120002000108FFFF0500000002000400C2
:10C85000130004000108FFFF01000000B00C0020DD
:10C86000140002000108FFFF05000000020005009F
:10C87000150005000108FFFF01000000BE0C0020AC
:10C88000160002000108FFFF05000000020006007C
:10C89000170006000108FFFF01000000C80C00207F
:10C8A000180002000108FFFF050000000200070059
:10C8B000190007000108FFFF01000000D40C002050
:10C8C0001A0002000108FFFF0500000002000280BC
:10C8D0001B0002800108FFFF01000000E20C0020A5
:10C8E0001C0000000108FFFF0000000088C90300D1
:10C8F0001D0002000108FFFF050000000200080003
:10C900001E0008000108FFFF000000008CC90300A2
:10C910001F0002000108FFFF0500000002000900DF
:10C92000200009000108FFFF0000000096C9030075
:10C93000210000000108FFFF000000009AC9030069
:10C94000220002000108FFFF05000000080003802C
:10C95000230003800208FFFF070000000000000022
:10C96000020001181000A24E96114FECCEBDC84037
:10C970002D30AC4333BB02000A180C0053696C69BC
:10C98000636F6E204C6162730200001808006274CD
:10C990005F5350433578020000001000F01921B4B5
:10C9A000478FA4BFA14F63FDEED6141D6C385144D0
:10C9B0003A914392BD4074278956F55F6D385144D2
:10C9C0003A914392BD4074278956F55F5621E4970A
:10C9D0009CA1C182514E961E2CE72D82636032E0ED
:10C9E000375EA488534E6DFB6435BFF700280128DD
:10C9F0000328292A242A272A262A232A002A012A28
:10CA0000052A2A2B292B022905000000000000001E
:10CA100000C2010000020000001000000000000041
:10CA20000000000000000000EA0C002005380100B2
:10CA3000890B0300E30B0300F50B0300830B0300DA
:10CA4000F20C002005380100890B0300E30B030002
:10CA5000F50B0300830B0300FA0C002005380100DE
:10CA6000890B0300E30B0300F50B0300830B0300AA
:10CA7000160D00203D0C03006939010091390100B9
:10CA80005F0C03007B0C030013B779FAC925DDB7EF
:10CA9000ADF3CFE0F1B614B80102000000000000D1
:10CAA000FFFFFFFF20000000010000000000000069
:10CAB0000000000000000000000000000000000076
:10CAC0000000000000000000000000000000000066
:10CAD00000000000000000001E000003FF0C030027
:10CAE000FB0C0300D90C0300D70C030031400100FC
:10CAF000090D0300F53F01002C00000002000201B7
:10CB00000009007F38CB03000100000F18CB0300A1
:10CB10000000000000000000E1FE59FF8FFFADFFA4
:10CB2000C1FFD0FFDCFFE4FFEBFFF2FFF6FFFAFFEF
:10CB3000FDFF0000030005005500EDFEFF0064004E
:10CB40001E0000007F001B0DD063FDFF3600B70301
:10CB50004DDAFFFF1C005901EC3600001100BD004A
:10CB6000C83B00000B0071001435000007004900AD
:10CB7000352C0000050037000526000003001400D6
:10CB8000FF14000000000000000000000000004052
:10CB90000000000001000000ACCB0300C00000005A
:10CBA000000000000000100020000000FFFFFFFF59
:10CBB0000000000100000000000000000000000074
:10CBC000FFFFFFFFFFFFFFFFFFFFFFFFFFFFFFFF75
:10CBD00000000000FFFFFFFFFFFFFFFFBCE6FAAD14
:10CBE000A7179E84F3B9CAC2FC6325516B17D1F213
:10CBF000E12C4247F8BCE6E563A440F277037D816F
:10CC00002DEB33A0F4A13945D898C2964FE342E208
:10CC1000FE1A7F9B8EE7EB4A7C0F9E162BCE335776
:10CC20006B315ECECBB6406837BF51F5FFFFFFFFDB
:10CC300000000001000000000000000000000000F3
:10CC4000FFFFFFFFFFFFFFFFFFFFFFFC5AC635D8C6
:10CC5000AA3A93E7B3EBBD55769886BC651D06B03E
:10CC6000CC53B0F63BCE3C3E27D2604B6BC0BCE110
:10CC70002A459991E134741A7F9E1925AE2D8A5761
:10CC80001E03AC9C9EB76FAC45AF8E5130C81C469E
:10CC9000A35CE411E5FBC1191A0A52EFF69F244583
:10CCA000DF4F9B17AD2B417BE66C37103FF1CAA1DC
:10CCB000681FAC09120ECA307586E1A72B7E1516C7
:10CCC00028AED2A6ABF7158809CF4F3C6C5C585400
:10CCD000801024FFFFFFFFFFFFFFFFFFFFFFFFFFAD
:10CCE000FFFFFF0000000000012000000020000006
:10CCF00000000000FD6501000040025C0000000033
:10CD00000000001001030401010109030B000000F1
:10CD10000B000000020000000000202000000000C6
:10CD2000030000008C8C3C000000000000000000AC
:10CD30000000000001041040010000000500020096
:10CD40000003000074CF030050CF0300F8CE0300AF
:10CD50009CCF030034CF030020CF0300000000006D
:10CD600088CF03000000000064CF03000000000033
:10CD70008CCE0300000000000CCF03000000000078
:10CD800014CF030000000000C0CF0300D8CD030083
:10CD9000B8CF030000000000B0CF03000000000087
:10CDA00048CF030000000000000000000000000069
:10CDB000000000004E0C0000000000000000000019
:10CDC00010C7030000000000000000000400000085
:10CDD00000000000E2FF50000400FB0014140000FB
:10CDE0001C2030401C2000001C20304050534100CB
:10CDF0004B4559000102070B0B0701160C000001FF
:10CE000008080000050108FFFF02FFFF08080202F2
:10CE100004FF010022FFFFFFFFFFFF030404FFFFE9
:10CE2000FFFF2AFFFF1419191B011C1512040048EB
:10CE30000C14131510801A80128080000F0E0C083D
:10CE40000C080D181001020404000000F401000099
:10CE5000FA00000096000000640000004B00000093
:10CE6000320000001E00000014000000000000005E
:10CE7000010150004000080050002400040090010F
:10CE8000500240009001AE0110000000B5F2010018
:10CE9000000000000049725314497207FF000102AC
:10CEA000030405FF145300724907CDF66D06020016
:10CEB00015610300C55F0200176103009D61030057
:10CEC00097610300391F02007F8203005161030054
:10CED000996103009B6103003D61030093610300BE
:10CEE0009D010200915F0300F102020001020C00AB
:10CEF0000000040000000800050000000000000021
:10CF00000000000000000000000000000906020010
:10CF1000000000001961030000000000A0130500DC
:10CF20000A000000000000000000000000000000F7
:10CF300000000000090000000000000000000000E8
:10CF400000000000000000001F610300000000005E
:10CF50000F000000000000000000000000000000C2
:10CF60000000000029610300000000000000000034
:10CF700000000000010000000000000000000000B0
:10CF80000000000000000000650902000000000031
:10CF9000A0010107A000010402040800060000002F
:10CFA0000000000000000000690A02004D0A0200B3
:10CFB000396103000000000035610300000000003B
:10CFC000A90A020000000000A0030601A00906094A
:10CFD000A0020608A0050607A0050606A00706058C
:10CFE000A0020604A0010610A00A0602A00D060079
:10CFF000000004020503060107010108090A0000F8
:10D00000A0015C02A0035C01A0025C00A0020F0969
:10D01000A0030F04A0030F03A0050F02A0010F013E
:10D02000A0050F00A0040108A0020105A00301064D
:10D03000A01201000101020420010605A50D020055
:10D04000200D0606F90C0200200806043D0D020022
:10D0500020040909F908020020060904C508020095
:10D0600020010901AD08020020040A047908020029
:10D0700020050A0249080200200205031D060200DD
:10D08000200005055506020020010F0619090200BF
:10D0900020020F014909020020000115110A0200B7
:10D0A000626761706920627566666572730001006F
:10D0B00002000000000000000301020367617474B5
:10D0C00020636F6E6E656374696F6E00000000FB15
:10D0D000349B5F8000008000100000000000000012
:10D0E000C37F03003F6703002982030025810300FB
:10D0F000E69D350E480103CCDBFDF4AC1191F4EF55
:10D10000B9A5F9E9A7832C5E2CBE97F2D203B02013
:10D11000008BD28915D08E1C742430ED8FC24563EC
:10D12000765C15525ABF9A32636DEB2A65499C8032
:10D13000DC006C888391AAF5A53860370BDB5A6058
:10D1400083BE00000001000100050100050202038A
:10D1500000020000000000020501000500000100BF
:10D1600001000001000102020300020000000000B3
:10D1700002020100020000002D530200BD4D02001A
:10D1800075970300E396030071900300954B02002E
:10D19000E14A020039490200CF9403001F8B0300CB
:10D1A000514F0200114502005D4302002594030027
:10D1B000B79303005F930300BD920300099103003E
:10D1C000DD400200093F0200C13F0200238B030043
:10D1D000693C0200BF01FB9D4EF3BC36D874F539A3
:10D1E0004138684C8BD28915D08E1C742430ED8F59
:10D1F000C24563765C15525ABF9A32636DEB2A655D
:10D20000499C80DCE69D350E480103CCDBFDF4AC87
:10D210001191F4EFB9A5F9E9A7832C5E2CBE97F222
:10D22000D203B0203F49F6D4A3C55F3874C9B3E335
:10D23000D2103F504AFF607BEB40B7995899B8A68F
:10D24000CD3C1ABDA0010A05A0030A04A0080A03E8
:10D25000A0070A02A0060A01A0070A00A003090607
:10D26000A0060905A0070904A0040903A0050902F6
:10D27000A0060901A003090000000D000300020040
:10D28000010005000202030000000000317C0200E2
:10D29000797C0200257C0200857C02006D7C020006
:10D2A00069A70300A5A70300CBA70300EDA7030010
:10D2B0000FA803006190020019900200259002005F
:10D2C000F990020085A9030011A5030015A503002C
:10D2D00021A5030019A503001DA5030000000000FF
:10D2E00088010000D80F0020E1FE0000020000804D
:10D2F000FF7F00000080FF7F0E025241494C00007A
:10D30000A0000000BD870200500000003587020029
:10D310000000000100000101000101016D8A02000E
:10D32000518A020089BF020031C2020069C10200B5
:10D3300001010203000000011F150F15150F151F35
:10D34000FFFFFFFFFFFFFFFFFFFFFFFFFFFFFFFFED
:10D35000FFFFFFFFFFFFFFFFFFFFFFFFFFFFFFFFDD
:10D3600000A801A802A8000000B801B802B800B0E7
:10D37000840604009C060400B4060400CC060400E5
:10D38000E40604000304040808050000000000008F
:10D390000000000000000000B8320000F8040000A7
:10D3A000B037000004000000303E00000300000021
:10D3B00000000000B8320000343E00000000000011
:10D3C000343E00004100000000000000303E00003C
:10D3D000853200009D3200009D3200009D32000029
:10D3E0009D3200009D32000000000000000000009F
:10D3F00000000000000000009D3200009D3200008F
:10D400009D320000112B00009D3200003B2C0000DB
:10D410004B2C0000D12C0000192D00009B2D00008A
:10D42000012F0000BB2D0000912F0000072E0000EF
:10D43000452E0000B92E0000F1300000C53100007B
:10D440000D2C000071280000212400008F2800000E
:10D45000012900009D320000D92900009D2900000B
:10D460009D3200009D320000212A00009D32000004
:10D470009D3200009D320000F90F0000E90F00000E
:10D48000031000000D100000171000008C48806889
:10D49000000200D4704780B580208002A84908604F
:10D4A000CF2000F04BFA01BDF8B586480068864CE5
:10D4B000802292032260854E316809051DD5110B2B
:10D4C000A023034001D0216017E002403FD1802714
:10D4D0007F4A17607F4A1760084038D0784D287A15
:10D4E000400705D501207C49086000027B4908609F
:10D4F0002878002801D0062801DB0020F2BD00F0CA
:10D5000057FB716889684E682978052907D1B905E4
:10D51000A1606E60B668CC218901704A116000F08C
:10D5200050FB012E00DA0226BC20800585490860E8
:10D53000942080058449086065480021C94301643E
:10D540007142416481490F6040210160D5E7B148D3
:10D550000160FFF79BFF0120F2BD5A480168890571
:10D5600004D5C06E0004000F022801D000207047CF
:10D570000120704738B580245548046000F018FB3E
:10D5800005007348006800F065F9280000F019FBF9
:10D59000FFF77CFF4A48007A000705D5A0004A49FA
:10D5A000086000F0E6FB31BD60039A490860B048AE
:10D5B000046031BDFEB50500CC208001964948606D
:10D5C000012696480660FFF7C8FF002877D03C4C3C
:10D5D0002078002873D031020195052802D02A4610
:10D5E0000A406CD1CC27BF018B4A1760A14A126850
:10D5F00053075B0F022805D1022B5ED30801374980
:10D600000860F7BD4D01032804D1022B55D93348DA
:10D610000560F7BD042802D111404ED0F7BD0528A2
:10D620004BD10198002848D0C005C10F6846417011
:10D630000198C004C10F6846017000F0B9FA029069
:10D64000606869464978002903D006688021214A2C
:10D6500011602C0488496A461278002A0CD0C268EE
:10D660000B68D21AA74B1B68234001D0066800E064
:10D670004668964200DD1600684640786A46127891
:10D68000024308D008684242B01E824202DA704269
:10D69000886000E00026029800F093FA0198800567
:10D6A00001D5994804600198054001D0974804606D
:10D6B000002E02D009480760F7BDFFF75BFFF7BDFA
:10D6C000343E0000400002A8402002A8C43E0000F2
:10D6D0000CC001A890E001A894D000A8505201A865
:10D6E00038B580248A48046001204C490860894D7F
:10D6F0002878052802D0600087490860FFF72DFFD1
:10D70000002812D012480068000A80214140A86811
:10D71000000EC9B2814208D2564800684007400F47
:10D72000022802D2FFF726FF31BD7C480168C022E3
:10D730000A4002D1C06F204001D00448046031BDCE
:10D740001C1002A808E001A808D001A894D001A8E4
:10D7500018C000A8F1B582B00F008026B600A02046
:10D76000384002D06E48066052E000F021FA009086
:10D770006C480468F80202D5A0680069029000F0C5
:10D7800045FBB102606800F06FF9227820000021AB
:10D79000521C4378934200D2002218235343C518E9
:10D7A0000C352B78082BF3DA14000270856028788A
:10D7B000584A10703E400CD000F0FAF959490968F7
:10D7C0008968CE6800F0FDF9F80201D40320864391
:10D7D00031005048816001260846304003D100F0F6
:10D7E000D2FB00F07BFFF104686900F03DF93C20BA
:10D7F00000F0A4F8E0B200F0A1F8009800F0E1F920
:10D800003005474908604848066030020249086010
:10D810000298FEBD401002A84C6201A894E000A846
:10D8200010B542480068800501D4FE2010BDC0201C
:10D8300080033F49086000F0BBF93A4909688A78DB
:10D84000D20702D589688C7800E00C7800F0B9F92D
:10D85000200010BD334909688A688B78DB0704D53E
:10D86000927818235A438A180C329060704700004F
:10D87000100002A8084001A848C001A8F1B582B074
:10D880002C4F3C680026200F000702D1E0010290D7
:10D890002AE000F023FF00F08BF9019080210903BA
:10D8A000606800F0E1F825786D1C6078A84200D22D
:10D8B0000025E80020180C300090006802908021BC
:10D8C00009030098406800F0CFF83D2000F036F8DA
:10D8D000E8B200F033F825700098A060019800F0DD
:10D8E00070F902A800F05EFF13480068800407D5B5
:10D8F000786901F026FC02990818029000D502967A
:10D900000298FEBD480002A8481002A8482002A8BC
:10D9100094E001A8343E0000506201A814C001A8A0
:10D92000402002A8C83E000090E000A8400002A8E5
:10D93000401002A8CC3E0000FC0302A8414909683F
:10D94000002901D5404908607047F3B581B03F4FC9
:10D95000B9683F4C4A004CD50125090100D5212565
:10D9600001003C4A1068566822689206920E94465E
:10D970003A6893008022134062461343802252008B
:10D980001A4300920A0023D0890601D5012008E03D
:10D99000F021014007D16946097A0C220A4002D0E1
:10D9A000022000F03FF82C49096809040AD53968BB
:10D9B000090701D5022605E03968490301D500268B
:10D9C00000E003264835009A24490968890003E0ED
:10D9D000009A2249C96909094023194011439A0054
:10D9E000002E02D0164326660835216602432266C1
:10D9F0002566E06D4407640F00F0C4F8A0070BD063
:10DA0000052C09D0B868000406D400F0D1F8022132
:10DA1000134A116000F0D5F800F0BDF8002000F0C6
:10DA200001F8F7BD0B490A68F0239A43000110433F
:10DA30000860C0B270478020C0020A490860704781
:10DA4000000000004C0002A8884000A8440002A882
:10DA5000284000A8683F0000384101A8084001A8FC
:10DA60007CD40350485000A880B55E4A116001F094
:10DA700093FBFFF7E0FF01BDFEB500F099F80290BF
:10DA80001020594908600023584803600220584973
:10DA900008605848C0684005C20DD52A01D2D52279
:10DAA00004E0D1204000824200D9020010000100B1
:10DAB000514C0194883C246864011DD54F4C00945E
:10DAC000251D4F4E367806277E43AA530024019D1C
:10DAD0002D7CE540ED070CD5009D06266643AD196B
:10DAE000AD888FB2BD4200D2290086B2AE4200D2CC
:10DAF0002800641C022CEAD389B246310904414C47
:10DB00000C404638C005C00D20433A490860C0208B
:10DB100000063D4908603848017D00290CD03B498A
:10DB2000D52A02D98024E4050C60D1246400A242E5
:10DB300002D2802424060C601021354C2160354926
:10DB40000B604188002900D10280029800F039F86A
:10DB5000F7BD80B53048314908603148C1680902D5
:10DB6000090A19225143416005210160FFF784FF32
:10DB700001BD2B480068C00300D4704780B5FFF793
:10DB80007BFF01BD8020C00216490860254800685F
:10DB90004007FBD470478020C002234908607047CB
:10DBA00001E022490860224909680140F9D1704723
:10DBB000204800682021204A116010211F4A11606E
:10DBC00070473021014002D110201B490860704786
:10DBD0001848006830210140102901D10120704708
:10DBE00000207047401002A8F41302A8048002A885
:10DBF000409002A87C400050743F0000603E00004E
:10DC00005C3E00000000FF01A0600050A4500050E6
:10DC1000F42302A818E000E07F1A0601500002A8D1
:10DC200010E000E0400002A8402002A8282002A83E
:10DC3000280002A85C0002A85C2002A85C1002A8D0
:10DC4000FEB54E4880214902816102214C4A516053
:10DC500000214C4A11604C4A11800321484A11604E
:10DC60000221016049480468202049490860802059
:10DC700048490860CC208001474908600120474995
:10DC800008604048806F01900F26000B30400090E4
:10DC900043480068C505ED0D103DC0202843C0B2C3
:10DCA000FFF74CFEE00506D50098092803D001F0E7
:10DCB000ABFB01F0C7F8019806403A480468032E10
:10DCC00004D0022E06D10098032833D000F0EAF9E0
:10DCD000032E04D0009806282CD1062D2AD03248D5
:10DCE00000680127C00B384001D001F07FFD2F48AC
:10DCF0000068000108D5052D06D101252C480760D4
:10DD00006805FFF74DFF00E000252100009800F0B6
:10DD1000CBF90400274E002D05D000F067FB3760DB
:10DD2000022025490860780570658009234908604C
:10DD300001F04AFB124880214902C1610099002983
:10DD400008D10221416000200E490861C020C000B6
:10DD50001B4908602000FEBD80B5FFF713FF19487E
:10DD60000078800602D4022017490860FFF713FFED
:10DD700001BD022015490860704700002C1002A860
:10DD8000282002A8340002A8703E0000B40002A8B7
:10DD900094E001A80CC001A8506201A894E000A87A
:10DDA00004ED00E0B44000A800E200E0EC3E00001A
:10DDB000645000A8646000A82C4000A880E200E045
:10DDC0002C6001A8C43E0000081002A8082002A888
:10DDD0007F480068800700D4704730B57D48042133
:10DDE0008C4A0123E024E4008568254002D01360BA
:10DDF000D160D3600068044002D01360516053606A
:10DE000030BD8548012181600160704710B5012057
:10DE100071498A680240FCD1804A0423D3600C68AF
:10DE20000440FCD15360106010BD7D490868012298
:10DE3000104200D1704710B5E023DB000340FF24FF
:10DE4000A41CA34204D3774B1B689B0600D54868EB
:10DE5000024001D000F0ABF810BDFEB50700C820AD
:10DE600071490860062071490860802040037049AC
:10DE7000086070480168704A0A4080210901114316
:10DE800001606E4CC020C00020600225A5616803BF
:10DE90006B4908606B4E6C48F0664C206B49C86655
:10DEA00038686B498968814201D2019100E0019094
:10DEB0000199401A38600121380000F040FB6946A2
:10DEC00008703868019940183860FFF781FF5F4893
:10DED00000685F4908605F480168490601D55E49EE
:10DEE00000E05E49316769460978002908D10321BD
:10DEF000E16100683068054002D080208002206126
:10DF000068460078FEBDF8B50400554D8020C0017C
:10DF10002860544801218162534A11601F23036025
:10DF20005623436606230366504B1B68002B02D41E
:10DF30000823036643664E4B0365C023DB004D4E4A
:10DF40003668F827FF01374001D1836700E053614D
:10DF5000E86B014008D0286BC00705D4464800781C
:10DF6000800701D401F0E0FC444845490860FFF710
:10DF70002FFF200001F084FD286B8001FCD4286A6B
:10DF8000C8490860F1BD3F4801214161C1603E4A76
:10DF90003E4B5366364B13650323036000203C4B16
:10DFA000186011609162C8032D4908607047F02124
:10DFB0000901384A11600140374801602020374983
:10DFC0000860374909680840B74908607047000091
:10DFD0004C0002A86C0102A8700102A880B5B348E9
:10DFE0000821B34A13680B4001D0016141611178E7
:10DFF000C90602D5862109010160FFF716FF14202A
:10E00000AC490860AC480168490701D0FF21416173
:10E0100001BD0000681102A86C2102A8682102A8B5
:10E02000783F0000400002A8548001A80C9001A88D
:10E03000942002A8680102A8FFF1FFFF441102A882
:10E04000A01002A8E40002A8294E0600300002A891
:10E05000A03F0000FC0302A8CC3F0000C43F00002A
:10E06000100002A8E01002A8442102A828C000A8BD
:10E070000C1E0000A88001A83C3E0000FFFF7F7F2F
:10E08000B46000A8602102A8E02002A85E0600009B
:10E09000400102A82C6001A82C5001A8442002A82D
:10E0A000084001A870470000F8B586B005000C00D4
:10E0B0008248866AFFF77CFD0590B00503D580484D
:10E0C0000068FFF7C7FB0020029001227306DB0FF8
:10E0D0007C498E688860B82040007B4F38606708B4
:10E0E000B82038400978F0270F40402F02D10100B6
:10E0F000402008430D2D02D1310004260E43710744
:10E1000004D501001420084310218C43AC49096850
:10E110006D462A700493019605006C4FC80506D51C
:10E1200080204000A249086028000125054304988A
:10E13000002811D10C20284008280DD028005F4964
:10E14000496BCA0601D410229043890601D42021CC
:10E150008843B12101405AD068460078002859D040
:10E16000B86DC004C00C792809D380250620534916
:10E1700008606802A1490860002069460870812093
:10E18000284049D008200499002900D1386201991B
:10E19000084301901020844304200390000598490F
:10E1A0000860400897490860012097490860684660
:10E1B000007800282ED00398062833D39348806B2C
:10E1C000C0062FD592480068000E02908F4806685E
:10E1D000B6B28F48006A000603D030008026760170
:10E1E000064301F060F8002809D0FB208001007888
:10E1F000C00604D030008026F6010643B6B23E6168
:10E20000301238616E480168C80587D40AE00820DA
:10E2100039460862009531E08FA06906C90E405C5E
:10E220000390C4E7009503982449CB6A784A1268A2
:10E230003D686E46B58128251D400543980CC001F8
:10E2400028431D001B0E2B4010252B40034390003C
:10E2500040221040184303AA9070086B000A03A9DB
:10E26000C870FFF7DDFA03A9087102984871694880
:10E270000068C8800398F8660498F8660598FFF768
:10E28000A0FC0820610601D55D49886062490860EC
:10E290000198C1B20098C0B2FFF757FB200007B049
:10E2A000F0BD00009C3F0000441002A8301102A8FD
:10E2B000F84F0000703F00000C4000A8180002A8B2
:10E2C0001CC000A8683F0000B46000A8540000AA69
:10E2D000F8B5524F524C0F2501265249606BC006CB
:10E2E00021D5012008705048006850490A688242D0
:10E2F00004D289695118491C081A00E0101A4C49C7
:10E3000009684018012852DB01F05EFE494909689E
:10E31000090B0D40022D48D17105474A11601021AB
:10E32000F963266041E0E06BC00026D543480068F1
:10E33000E021890501403AD03E4C41480068C005C3
:10E3400004D42068000B28400228F5D03D48066818
:10E35000FFF72EFC3C49F2B20A603204120E0A604A
:10E360003202120E0A60320E0A60FFF72AFC2068A1
:10E37000000B28400228DFD0F1BD344C2068002873
:10E3800015D00E7001F07CFB002810D101F01CFEAE
:10E3900028490968090B0D40022D06D13104264A8F
:10E3A0001160022139600021216001F011FEF1BDF0
:10E3B0001C2100AA802080042549086070470000C5
:10E3C0001C0100AA80204004214908607047802079
:10E3D000C0041F4908607047802000051C49086080
:10E3E0007047802040051A49086070471948016845
:10E3F000490701D0FF21416170470000141100AAB4
:10E40000401002A8205001A8006101A81C4000A8EB
:10E41000084001A8448001A8845000A8082002A850
:10E42000100002A8733E00001CC101A820C001A872
:10E43000DC3E0000AC0002A81C1002A8204001A88D
:10E44000084000A8904000A8640000AA483E0000D0
:10E45000382002A80C4000A80301070603010706A4
:10E460000501060605010606030207060302070664
:10E470000502060605020606FF2807D0032805D276
:10E48000AC490978C140C807C00F704700207047E9
:10E49000F8B58020000200908E48038808208E493D
:10E4A00008600A2201200124944000990C43A249EB
:10E4B000B6A5AD5C25438D60F025A04E3560864D38
:10E4C000B5A6B65C022737432F6004262E60814D27
:10E4D0009B4E3668064008D12E88F61AB6B2012E39
:10E4E00003D88E6C3603F3D401E00220F2BD8D6CAC
:10E4F000CE6C6D036D0BAE4200D20094521ED2D58D
:10E5000008228E4B1A60009A8A608E4A1268520165
:10E5100013D58D4B5A78541C012525405D7014008D
:10E5200006256C431C190968A1800099E1801A70C6
:10E5300080490B789040184308700020F2BDF1B577
:10E5400082B0FFF75EFC00247E480068400102D4E0
:10E55000012001901DE07D48826B00207A49C3B202
:10E5600006256B43CB189B8895B2AB4204D0401C68
:10E57000C3B2022BF3D3FF20087001200190714831
:10E580000068400105D50878FFF776FF002800D025
:10E5900001946F4800686F4988616F4D0298006868
:10E5A000296D4618002E15DD00F07FFD2860C001A2
:10E5B000301A00280EDDFFF729FC00F08FF80298D2
:10E5C0000068296D401801F05BFA010002D0029941
:10E5D0000C60FEBD614F8020800038605D4A10688D
:10E5E0000226072829D005210840052805D01160FA
:10E5F0000C2001F057FA01006AD1594D59482862A0
:10E60000FFF704FC2E60E020C002574908600002BA
:10E6100056494860300678603E60012001F042FAB9
:10E62000F0012862022001F03DFA902040012862AA
:10E63000022001F037FA700228624D4DE0204000C0
:10E640002860042001F02EFA07003BD147480660FD
:10E65000B002A862C001A86210203C4908600126EF
:10E66000EE6540254348006828401BD135480068C6
:10E67000400113D534480078694608706846007830
:10E68000FFF7FAFE002809D02F48694609780622CC
:10E6900051434018C0882D49086403E0FFF7F8FE95
:10E6A00007000FD129480660C467022001F0FAF97B
:10E6B000314C2560A8002060022001F0F3F9812090
:10E6C000C002A0620198002801D0FFF752FA38007A
:10E6D000FEBD0000703E0000889001A870B5FFF7F5
:10E6E00090FBFFF793FB022618480660234DF002CB
:10E6F0002862C4082C62012001F0D4F96008286265
:10E700002E601F482862E02040001B490860174D1A
:10E710002E60FFF737FA1B4E3078002800D0052016
:10E720000C490860FFF737FA2C60174800687063DF
:10E7300070BD0000843F0000448001A888A001A8AB
:10E74000140002A8EC3E00005C3E00000C8001A812
:10E75000F80302A83C0102A88C3F0000941002A814
:10E760003C1102A8BD080000142102A8942002A8B0
:10E770002C9001A84C0002A82CA001A83C2102A8C2
:10E78000FD680000603F0000300002A800000001AA
:10E7900001020408102020005050504040404030FA
:10E7A00020202000F8B50400FFF730FB2948C021E5
:10E7B000C900294A1268F823DB01134002D1274A15
:10E7C000116000E0016000942549AC2252008A6487
:10E7D0000A220A602349802252030A60224C626A9C
:10E7E000224B13408022D2001A43626280222260B0
:10E7F000022242605003C8601D48E0601D4E4C205C
:10E80000F0661D4D68699621C90147180098006897
:10E81000874200D30700C01B0099086000210098C0
:10E82000FFF78DFE00990968C919009A11603168D7
:10E83000296012490968490601D5114900E01149CA
:10E840002161F2BD802000010F49086000010F49DD
:10E8500008607047582102A8AC8001A8581102A88E
:10E860000C8001A8941002A8440102A8FFF1FFFF48
:10E87000286E0600300002A8903F0000FC0302A8AA
:10E88000CC3F0000C43F0000401002A8685000A820
:10E89000F1B584B0BD4800680290BD48006B962178
:10E8A000C90140180499884205D2081A01F0E8F815
:10E8B000002800D027E2B74C6068C00700D522E2EC
:10E8C0000420B54988628003B4494862B4480068AE
:10E8D0000090606B8607B60F1025032E02D0AE485D
:10E8E000856222E0084669034162A26B920601D567
:10E8F000012065E0009A12060FD5A36B0222134097
:10E900000BD1A84B05271F60A76B2F403A431A6015
:10E9100000221A60626B120A1A6004228262A06BE3
:10E92000002802D59C4841620026606B400704D550
:10E93000606BC0002901084003E095488068C1076A
:10E9400001D5FFF734FBC149009805220240052A92
:10E9500007D1BF48B2018018006AC004C00C401E35
:10E9600008600020BB4AD26E12041AD5BA4A126857
:10E97000002A16D4012201204969002911D0B74983
:10E980000A700021B64A1160B6498D62C106B64AC6
:10E9900091670722B44B1A600022B24B1A601A46E4
:10E9A000D167B249C02292000A603302002801D028
:10E9B000100000E01800AE4D28604A606B60002037
:10E9C000E16B942292050A40150000D001258026B3
:10E9D00036022843000637D071482821405CC02108
:10E9E000014040290DD1FFF7B7F96948C06D00908B
:10E9F0006846FFF732FA002876D10098FFF783FACD
:10EA000001E0FFF7B6F9202020602D0600D17AE161
:10EA1000944D606B400708D5700860494862022039
:10EA2000E86200F05DFA002806D004205A498862A6
:10EA300040025A494862EE6259480078000600D404
:10EA400061E130015449FFE00125606828404BD165
:10EA5000AE480068C005400F022803D0032801D04B
:10EA6000062802D169464D7005E0002069464870CD
:10EA7000A748A8494860680448498862FFF782F8B7
:10EA8000E06B064006D1FFF793F80221A24A11601D
:10EA9000FFF797F8FFF77FF8280320609F4EC0200C
:10EAA0000006706028049B490860606B4007C10F36
:10EAB00068460170E027FF023020029949072FD5F0
:10EAC0004021A54A11624901924A11660321A24AD6
:10EAD00091640021116030608E484565802070602F
:10EAE000062000F0DFFF002800D00CE1894D8020D7
:10EAF0004000E866022000F0D5FF802040009749E2
:10EB0000886618207060082000F0CCFF0028EBD148
:10EB1000242070609148C765A020C002286672E07A
:10EB2000E16BC90249D5C04949680902090E019142
:10EB30004909022901DB8A4901E0B3218900019AD0
:10EB4000302A3AD3124A1288E72A36D395235B003B
:10EB50009A4205D89A1A12095143890A4B4204E095
:10EB6000804BD218120951438B0A5BB20199C91824
:10EB7000074A126B9446064AD26B53436246D21838
:10EB8000034B1A639F290FD39F2110E0FC0302A8B7
:10EB9000743F0000100002A81C2002A81C1002A84C
:10EBA000C43E0000E40000AA202900D821210A0266
:10EBB0000A4309041143274A11606749AA020A62FD
:10EBC0009A4A8A6414220A60306052484565634854
:10EBD000C765A8034F49886640027060062000F0B0
:10EBE00061FF002831D12D064A48C566022000F099
:10EBF00059FF5A48856668097060082000F052FF86
:10EC0000002822D17560032000F04CFF8848164987
:10EC1000886700F04AFA874D401DC001296B4718EC
:10EC20008548406F8021C90108400190084683490A
:10EC30000860049887421ED2296B401A00F020FF1A
:10EC4000002817D001987E4908605CE0204000A8A9
:10EC50000C0000AACC4001A8784201A8723E000036
:10EC60006C3E00003C5000A83C6000A8046100A875
:10EC7000045100A8049F206AE8620298400701D569
:10EC8000402003E0802080047060C0087060012094
:10EC900000F008FF802040001E490860380000F0A6
:10ECA000EFFE8B4E68460078002806D16248006867
:10ECB000F0618020C00387490860019860490860BE
:10ECC00085488649086025488021090141666946D2
:10ECD0004978002901D104210160206A68626846F0
:10ECE0000078002809D0012000F0DCFE3078000612
:10ECF00003D58020000391490860E06BC00202D573
:10ED000049480068286305B0F0BD0000204001A814
:10ED1000040000FFB41002A87CE40350441102A8D0
:10ED200010B5FEF745FF864900240C600A22CA612F
:10ED3000FEF747FF8348C021890201608249416094
:10ED4000824810210160C905416540208049086062
:10ED50008048047010BD0000400102A8B82002A83D
:10ED600033070000D6FEFFFF7B48406B800300D4D2
:10ED70007047F8B5794804680027002000257849D5
:10ED8000E20706D5C02080028025ED03EA0A0A606A
:10ED900003E0A20701D4032040252843C8620120D4
:10EDA00000F080FE802040006E49086708206E4910
:10EDB00008606E490968090203D46D490968014079
:10EDC000FBD0012000F06EFE6A4EE00702D58020E5
:10EDD000800430643564042000F064FE600702D5CE
:10EDE000E020C002F06064483064012000F05AFE68
:10EDF00062483064C320000630645A4880214902CA
:10EE000001671021B163890271615D490F600122C0
:10EE100032603022F2638F62802189014E4A116094
:10EE200009010160F1BD0000F83F0000F307000098
:10EE3000FFFF7F7F743F000020C001A894E001A87D
:10EE400094D001A8F8B54F4800680D270740042466
:10EE5000002F00D104274C481025660308214B4A97
:10EE60004B4B1B682340126814D04260394004D0D9
:10EE70000220FEF7D7FD474806603C4007D04648D1
:10EE80000068054344480560B00842490860022014
:10EE9000424915E00260394005D00220FEF7C2FD6C
:10EEA000A0023C4908603C4006D03B4801680D4345
:10EEB0000560700937490860384806603003294901
:10EEC0000860FFF751FF00210020FEF73EFDF1BD75
:10EED000C43E00001C1002A803000300482102A841
:10EEE00010B580202E490A6802400AD02D4B1A68BE
:10EEF0000624144005D15C6E2B4A22401B6D9C01F8
:10EF000001D5002010BD096808400DD02748824275
:10EF100003D1180501D5012010BD25480068C1079F
:10EF2000C90F481E8041C00F10BD22480321C16394
:10EF3000A821816310210160704700001C2002A8F5
:10EF4000D80000AA402002A804000080646000A845
:10EF50002C4000A8723E0000100002A8FC0302A88A
:10EF60001C1102A8442002A84C6201A8C44001A8B8
:10EF70004C4201A8082102A8240000019800880042
:10EF8000600102A8B44000A8E43E00001CC101A832
:10EF9000440002A8401002A8683F0000685000A882
:10EFA000400002A814C001A81F1F0000010C0000AF
:10EFB00030C101A8082002A86C480068012108425D
:10EFC00009D16B4A12686B4B000C1840F03291402B
:10EFD0000B40984201D00220704700207047F8B5DE
:10EFE00007000F386A461080604CA0680A0004D100
:10EFF0006B461B8882B29A423AD200226B461A8034
:10F00000012502263A0013D02268324007D0002999
:10F010002ED059480088401C5749088000203900EC
:10F02000E16056490E6080B2B84201D369460D8056
:10F030005348456000E030BF2068304003D1FFF7FF
:10F04000BBFF0028F7D04D484560390010D021683B
:10F05000314005D048490A886B461B88D2180A807F
:10F0600006600020E060A068B84201D24448066013
:10F07000FFF7A2FFF2BD38B5050000F0A5FF0400C0
:10F08000012199204543A8093E4A12688018123888
:10F0900080B2FFF7A4FF05008020C0013A49086054
:10F0A000200000F095FF280032BD33480388354921
:10F0B000096802889342F9D1100408187047FEB518
:10F0C0001238070C6946088000F07EFF0190274C3B
:10F0D000294D2888B8421ADA01202C490860274EA9
:10F0E00030BF02202168014006D03060400326492D
:10F0F00008602888401C2880FFF75EFF010002D1CD
:10F100002988B942ECDB0121716000280DD12888E3
:10F11000B8420AD1A06869460988884205D2002110
:10F1200068460088FFF75BFF01E0FFF745FF04003A
:10F130008020C00114490860019800F049FF2000B8
:10F14000FEBD10B512490A680E4B1B680C6894424C
:10F15000FAD0DB014033141A02D288692418641CE7
:10F160000C4800684443181B10BD0000280002A88A
:10F1700004ED00E0FF3F0000703E0000282002A8E0
:10F18000281002A8300002A880E200E02C1002A89B
:10F1900020C001A8B43F0000F0B502E00A601C6086
:10F1A0002E607EC84F1C07D05F1C04D06F1CF5D1A9
:10F1B0000A601C60F0BD0A60F0BD00000006800F10
:10F1C00070479D4909684143880B70478A48006829
:10F1D0000104C80F704788480168090407D58749AA
:10F1E0000A68964B1A604A6842618868C86070472E
:10F1F00080B5FEF7DDFC0120814908708148006878
:10F20000022808D28E480068F02109050140C0207C
:10F2100080048142F2D08B480068C01C8A490143B7
:10F220008A48016001BD8A488849086000208949F0
:10F23000086080218902884A11607149087070470E
:10F24000F1B582B00F001400C006000E0090103817
:10F25000912827D2FFF7BAFF002823D000250126E6
:10F260000298FFF7ABFF002802D0022804D004E088
:10F270007A480068304000D001252600784C3800DC
:10F280000C30FFF79EFF8019206000983818FFF7B8
:10F2900098FF80196060C0208001724908602803CF
:10F2A00071490860F7BD6D4800780621014001D121
:10F2B00000207047B848006802288041C00F70479E
:10F2C000F8B56A4C634A0421C0239B04F0252D0540
:10F2D0005B4E2069084204D0107C8006C10F4900B3
:10F2E00020E0800720D5D068042803D23068284069
:10F2F0009842F8D0107C0007000F072814D1507CEA
:10F30000022811DD907C8006800E02280CDBD07C68
:10F31000009007460F4207D0C00700D50A21B80762
:10F3200000D5891D002904D1FFF77DFF0020A061D1
:10F33000F1BD481CD768874203D237682F409F42EF
:10F34000F8D09648405CA061C300F821194002D073
:10F350008023DB04136049005160A168002932D189
:10F360000102F82252010A406168914200D20A006B
:10F3700023681D1F8A498B61AA184A61864A13684F
:10F38000002B01D1BF2600E09326304B1D68676932
:10F39000BF00BF0BF6193603AD05AD0D35431D603B
:10F3A00080235B010B60810908D11168002901D11C
:10F3B000282200E019220021FFF742FF207C0007ED
:10F3C00001D40120A060F1BD80B5FFF76CFF0028DB
:10F3D00011D01A484168002903D0724A11600021F7
:10F3E000416007480078002805D0FFF71CFF1C4843
:10F3F0006D490160416001BD584201A8983E00007E
:10F40000743E0000D04000A880B5FFF74CFF0028F4
:10F4100011D0062065490860002065490860F02089
:10F4200000016449086080204000634908600C487E
:10F430005D490160416001BDBC3E0000403E0000EE
:10F440000C0002A8204000A800F0FF3F544201A891
:10F45000FFF3FF3FC44000A84C6201A8B83E000083
:10F460005C4201A8586201A8585201A8A83E0000B9
:10F47000F0B581B00400A0031CD5474800680028FF
:10F4800000D081E0474801684C4A5160CAB2FF236E
:10F490009943D30702D5EC23DB02C91852080A436B
:10F4A00002600E2000F0FEFA082045490860C00303
:10F4B0004449086044480168444D09043FD56969DE
:10F4C0004161FEF775FB3D490A68531C6A68934227
:10F4D00000D32B681E78B706BF0E5B1C934200D387
:10F4E0002B68BC461E78B701FC2636013E406746B5
:10F4F0003E435B1C934200D32B68B4461E78360310
:10F50000FC27BF023740664637435B1C934200D35B
:10F510002B68BC461E78B704FC2636043E4067467E
:10F520003E435B1C934200D32B681A781706FC22DB
:10F5300092053A4032430B606A61FEF742FBA00736
:10F5400027D58020C0021F490860FFF7ACFE0028C5
:10F550001FD0686AC0B2002802D006211C4A116080
:10F56000810916D01B490A68012AFBD94968090597
:10F57000090D091DC900084A1268012A00D149086D
:10F58000002A03D1282202E00C208BE71922FFF782
:10F5900057FE01B0F0BD00006C3F0000D44000A851
:10F5A0002C4000A8EC4001A8FFFF0300846201A8E2
:10F5B000504000A80C6000A80C5000A8403E00007D
:10F5C000846000A84C6201A8584201A8903E000047
:10F5D000845201A81C4000A880B5FEF723FA012040
:10F5E0007E49086001BD80B5EB2000F001F801BD47
:10F5F00030B57B490B6818401022134210D0794B6C
:10F60000794C2468224008D0A94A14682402FF25B6
:10F610002D022540DD6200241460802252031A600E
:10F62000086030BDF3B5010016001C0000250095F0
:10F63000A048019A330000270BE0BC464F5D4743CA
:10F64000AE009E597E40575D47433740664637437C
:10F650006D1CA542F1D3390939438A080A43510880
:10F6600011430840C10901430F208A0B0A4302409D
:10F670005040F6BDF1B582B00E0000208C49086004
:10F680008D4DEF7AA87A01900F21394000910ED06C
:10F690000B468A4A8A490298FFF7C4FF0199014044
:10F6A00083480160874841438748084001D10124CD
:10F6B00000E04401380915D032003B0929000298C6
:10F6C000009E6D7A75194019FFF7ACFF0199091179
:10F6D0000140774802680B0113430360002901D001
:10F6E0004800444379480068204001D10420FEBD11
:10F6F0000020FEBD80B50A000021118074495288A7
:10F700008018FFF7B7FF02BD70B50F22714B5C790F
:10F7100005780F202040C540200928409C79C4402E
:10F72000E40701D4032070BD2F4C2468A50705D53C
:10F730009D684600AD5B6D1E674E3560DD78DE79F5
:10F74000C640F00711D5E0060FD5002D0DD0634857
:10F7500048600888488008881C7800192A4080186A
:10F760005A7880182A09801800E0002008800020BC
:10F7700070BD80B55A4801685A4A0820014201D03C
:10F7800050611061C90602D58621090111605649F0
:10F79000564A126812040CD5554A1268530401D512
:10F7A000C00305E0C0239B0113404202934200D0F6
:10F7B00008600D480078C022024002D18020400538
:10F7C00008604C4800682022104008604A480068E1
:10F7D000C00101D4FFF707FF01BD00002C4000A8C5
:10F7E000703F00001C1002A8C43E0000F8B5434F53
:10F7F00038687E68064042483040424908608024AC
:10F80000A403414DF00228D540480168080606D5FA
:10F810003F480068A86001202870022015E0012000
:10F82000014202D03B49A9600FE00020C9060CD577
:10F830002A49A960384A91780B071B0F12789A1849
:10F8400009095118A980E880A888A880A8880028FC
:10F8500001D0264301E0FFF7C6FE264026D0294E00
:10F8600074603460A88800280ED0F96981420BD3F7
:10F87000291D2A48AA6890470100F3D0FEF7D2F864
:10F88000012027490860F1BD01000CD0FC2189024C
:10F89000B161244902038A6134604C60FA69824292
:10F8A00004D30C60F1BDEB20FFF7A2FEF1BD000018
:10F8B0004C3E0000010101013C3F0000F43E00000D
:10F8C000343F00001111000021840000F03E0000D0
:10F8D000143F0000443F0000204000A829230000FE
:10F8E000F84F0000302102A8441002A8384101A8B6
:10F8F000204201A8084001A8CC4000A8B44000A8BC
:10F90000FFFFDFFFB46000A8503E0000C43E0000CF
:10F91000B03700003D230000453F0000D44000A860
:10F920002C4000A8B45000A8FEB5C020C004364941
:10F93000086036483649C8651024364804601020EF
:10F9400000F0B0F801005ED1FF20000532490860E8
:10F9500032483349086033482D49086025042E4851
:10F96000056031480768082000F09CF801004AD182
:10F9700008262E480660012000F094F82A48806886
:10F9800002902B4806602B482149086022480560F8
:10F99000082000F087F8010035D1244806600120D6
:10F9A00000F080F8204DA868019021480660184EAC
:10F9B000214830600299019800F046F80104FC20CB
:10F9C0008003084000900298C10B0198C00B00F022
:10F9D0003BF80006FC2189050140009801431748C7
:10F9E0000A0C4240FF239B1CD21810400843306091
:10F9F0002F60E00308490860286828601048046008
:10FA0000104981640020FEBD20E000A8F717000027
:10FA10002C0102A8401102A8B02002A80000380E54
:10FA2000B01002A810103030E04001A8E05001A84A
:10FA3000E06001A830301010202020203F3F00005F
:10FA4000402102A8F7FFF00010B54904CA10400495
:10FA5000C310991A00209A18D30F9A1852105218EE
:10FA60008B115B0E5B18DB11D2182023541A01D4C2
:10FA700022001843CC0F611849105B08F6D110BD65
:10FA800010B5C409FFF711FB201A312806DAC000AF
:10FA9000183801D4C01EFDD5002010BD2000FFF78E
:10FAA0000EFB10BDC32148436F3801D41E38FDD56D
:10FAB0000020704710B5C20018231340FF249C405B
:10FAC000E2438907090E9940030004D476489B0855
:10FAD0009B00C01806E0B04B0007000F08388008F4
:10FAE0008000181803681A401143016010BD80B5EA
:10FAF0007B225421002000F021FA01BD10B500F056
:10FB000063FA0121694A1160694B6A4A13606A4AC3
:10FB100013600323694C2360694C2360694B1960AF
:10FB2000694B196080239D4C2360D16000F050FA2E
:10FB300010BD00F049FA05000024012160B2FFF772
:10FB4000B9FF641C0E2CF8D301210F20FFF7B2FF80
:10FB500001211120FFF7AEFF01211320FFF7AAFFBB
:10FB600001211720FFF7A6FF03210120C043FFF763
:10FB7000A1FF01211B20FFF79DFF01211C20FFF7A2
:10FB800099FF01211D20FFF795FF01211E20FFF79E
:10FB900091FF01211F20FFF78DFF6E486E4908601D
:10FBA0006E48C16AC1620168016002206C49086048
:10FBB00001208549086047046A4C20683840FCD021
:10FBC000FDF7C7FF280000F003FA754D0AE0002892
:10FBD0001BD0FDF7EDFF18E020683840FCD0300066
:10FBE00000F0F6F9206D0004000F022801D1FEF7A5
:10FBF0006FFB00F0E9F90600FDF7EAFF0028A8789E
:10FC0000E5D0002801D1FDF7DCFF0120697800294B
:10FC100009D12978002905D16C490968890601D4E0
:10FC20004F49086030BF0021697029780029D6D17A
:10FC300002214B4A116064490860CDE764480168BD
:10FC400042680A40634810401A490860800703D59B
:10FC5000A0480188491C0180704770B55E48016862
:10FC600040680840000E00065C49802212051042E0
:10FC700018D05B4B1C68641C1C605A4C5A4D2D6894
:10FC80002D0407D5A568002D04D007250D6001259A
:10FC9000A74E3560402525601B68012B02D9102333
:10FCA0008B62CA67886770BD00E400E0040002A8A8
:10FCB0000000FF3F282002A82C1002A840E002A864
:10FCC00044C002A804C001A8044001A8F8B5824CB1
:10FCD000206B616B01400091964D084628600098AA
:10FCE0009549014001D0FFF7C3FB802000990140F6
:10FCF0001CD0F821C90123680B4017D0C022120183
:10FD0000934213D880231B06EB6226680E40944F63
:10FD10003F683F043F0F022F01D0032F03D1002E75
:10FD200001D09642F1D38F490B6028608E4800784D
:10FD300006280DDA0098CC218901014008D000F096
:10FD400043F904000098FDF735FC200000F040F96D
:10FD5000F1BD0000FFFF9BF800E100E0E04001A8DA
:10FD60005C2002A85C0002A810B5804801684468C5
:10FD70000C407F48046080210C4205D041607D48E2
:10FD800001600020FDF716FC600403D580204005CB
:10FD90007949086010BD00001CED00E0505201A838
:10FDA000723E000038B57548016844680C40E007B1
:10FDB00007D500F009F90500FDF792FC280000F0D6
:10FDC00007F96F48046031BD5C1002A8F40302A873
:10FDD000280002A8FFFF00C0B44000A83C6000A8B3
:10FDE0006C3E00002C4000A8384101A8FEB5654CCF
:10FDF000206C666C064001273E4216D03D066248E4
:10FE00000560206861490F60002802D00021FDF7DD
:10FE10002BFE5F480068A021C90188428041C04391
:10FE2000C00F5C4988705C480560FDF7C1FE029018
:10FE300002210E4049D06068C2B20192000A0090CF
:10FE400008224B4B4C03554D0020019E012E27D01C
:10FE5000022E38D1009E012E24D1EE790096504E0C
:10FE60002F780C2047430020F05128784005902738
:10FE70007F04C719032038434A4F38601C604A4842
:10FE80000460301D2B780C246343484C2468009F89
:10FE9000E419C45028780C2358433150444811E0E9
:10FEA0000091DCE7002E0ED1424E37603C4E361DED
:10FEB0002D780C277D4370515C601C60C8043E4B5C
:10FEC00018603E480260314801600298FDF779FEF3
:10FED000F7BD0000703E00001C4201A870B5FDF7A0
:10FEE00067FE040000F070F82E490A68D20718D5A2
:10FEF0002B4A121DFA239B015D790C267543565936
:10FF00002A4D2D681E60CE689E604968D980802188
:10FF1000C9041D4E3160197B69185B790C256B4350
:10FF2000D15000F055F82000FDF74BFE70BD0000E9
:10FF30003C5000A84C6201A802000600002800D036
:10FF4000704710B50C00FDF733FE1D490C6001220F
:10FF50001C4B1A600B6C1340FCD1FDF732FE10BD38
:10FF6000AC0002A8785201A8343E000090C001A85D
:10FF700090E001A80CC001A804ED00E090C000A82A
:10FF800090E000A800C002A8401002A840E002A82B
:10FF9000404000A8723E0000402002A8853E0000BC
:10FFA000300000A860C101A894D001A8200000A8DA
:10FFB000F42302A860E101A880E200E0F41302A8A3
:10FFC000008002A8409002A8EFF3108072B670473C
:10FFD000002800D162B6704780B5FDF731FEB34806
:10FFE000006800030AD4FEF75DF8FEF7BDFEFDF7DA
:10FFF000CAFF0120FEF794FEFEF770FB802080050B
:020000024000BC
:10000000FDF7CEFD01BD80B5FDF71AFE8020400250
:10001000FDF7C6FD01BDF8B5FDF7B4FD0520984913
:100020000860FDF7B8FDFDF7ECFEFDF709FEA048FE
:10003000016800919F4B406818609F4801688A05DD
:10004000D00F0022012421420FD000929B4D6E68F8
:100050001E602E689A4B1F68BD1BBE4202D39F696B
:10006000ED196D1C974FBD42F5D3974D2A600028BE
:1000700003D00098FDF76EFB00902868204004D163
:100080006846FDF7EAFE002802D10098FDF73BFF25
:10009000AA4804606004FDF783FDF1BD38B5A84CA3
:1000A000E06BC00506D580200006206000BF00BFC1
:1000B00040082060FDF792FFFDF7C2FDFDF7F4F95F
:1000C0000500A048A0490860FFF785F88020C0021D
:1000D000FDF766FD002D01D08020206001209B49A6
:1000E000087031BDF8B5FDF7ABFDFDF74BFD0224FF
:1000F0009348C06B000405D4FDF75AFD94490C6089
:10010000FDF75FFDFDF747FD1020C04391490860F2
:1001100000258B48856390480560FFF7C4F8070009
:10012000FB26B601002F02D0FFF762F800E0356031
:100130002C20305C0521014002D0FDF70DFE01E0CE
:10014000FDF717FEF06A044002D001207C490860E8
:10015000FFF70FFB002F01D0FFF7B2F8802000035C
:10016000FDF71EFDF1BD80B5FDF76AFD4F48006843
:10017000000303D4FDF707FFFEF7B0FA8020400329
:10018000FDF70EFD01BD38B5FDF75AFD6C4C20257D
:10019000FEF7A6FE002806D0206B000704D5FEF768
:1001A000C4FEFEF74FFB2560FDF7EDFEFEF796FA65
:1001B000BD4800780C210140042902D1FDF7CCFD97
:1001C00001E0FDF7D6FD6804FDF7EAFC4020206061
:1001D00031BD1CB5FDF7D6FC052029490860FDF7A7
:1001E000DAFCFDF72DFDFEF7A0FEB0480068009098
:1001F0006846FEF7D7FA0400FEF7EDFF002C02D1A7
:100200000098FEF745FB80204004FDF7C9FC13BDB4
:10021000F8B5FDF715FDA64C256A5020284002D000
:10022000FDF79AFD01E0FDF7A4FD454FFEF758FEEE
:1002300000281BD1786B40071DD4386BE0214901A1
:10024000014018D1A80611D4FDF79CFC256A994EEF
:10025000354207D0FF20C0432D18256280200005BD
:1002600095490860FDF797FC2E4002D001203860C8
:1002700001E00020206080208004FDF791FCF1BDAA
:100280003C1102A880B5FDF7DBFCBC4800684006C5
:1002900001D5FDF778FE0120FEF742FDFEF71EFABC
:1002A0008020C004FDF77CFC01BD00000C0002A80A
:1002B000B83F0000483E0000400002A8D03E0000C9
:1002C00020C001A801FF00003C3E000010B57648A8
:1002D0000468FDF7B5FCAA490968090328D403217D
:1002E000C00601D5214001E0A0080140012902D14A
:1002F000FDF732FD0BE0200107D50E20FFF76CF96A
:10030000A0480421016008210160FDF732FD9E4CE8
:1003100020699E490860FEF75EFF2068002807D02C
:100320004000122802D2FFF7BDFB01E0FEF7A3FE5A
:1003300080208003FDF734FC10BD0000402002A89F
:10034000100002A870012000B46000A8733E0000F5
:100350007CE40350442002A84C3E0000F8B584B071
:1003600001266846067000270297FDF769FC039096
:10037000834C2068000300D58FE00320A449C863A4
:10038000A4480068A44D0F210F220240032A03D085
:10039000000B014006294DD1A0480068A0498E6D90
:1003A000E16B890701D59E49CE6DFEF7CAFE86191D
:1003B000FEF779FF00280ED02879C1060BD02868F7
:1003C000090D4143890B761895490968002902D126
:1003D0000002400C3618002E01D5019700E001966E
:1003E000606B0107C80F03212A6B0A40022A1BD148
:1003F000039AD20618D5AA68D30513D5A66B894BE4
:100400001E409E4203D11021814AD1630CE0920527
:100410000AD4E26B2823134006D16B461F70264A8C
:10042000116001E06A461770029068460678002E57
:1004300003D10FE07A48406D0190FEF751FD00288E
:1004400008D0FEF772FD0298002802D0FEF7FAF9F4
:1004500000E0002602206E490860002E10D03020F7
:10046000285C0C210140042902D0A06BC00602D5F3
:10047000FDF772FC01E0FDF77CFC202060600CE0E1
:10048000FDF781FD01A8FEF78DF90400FEF7A3FE3C
:10049000002C02D10198FEF7FBF980200004FDF743
:1004A0007FFB05B0F0BD0000EC3E0000CC3F00003B
:1004B000CC3E000000FFFF00441002A8FEB500245F
:1004C0000194FDF7BDFBFEF786FE574EF06E574DCB
:1004D0000007000F072807D17068002804D4002007
:1004E000FEF71EFC286841E001210320504A736892
:1004F0005B070BD44F4B1B680B4007D01368DF051D
:100500000BD55B0502D43368DB0503D40191916AF6
:10051000890904E01021484B1960916A09090840D3
:1005200000900020FEF7FCFB0098002805D17068C1
:10053000C00602D4FDF71DFC01E0FDF70DFC002014
:100540000199002903D13D480068FEF7FAFD696969
:10055000401801D5009400E000906846FDF77DFC4E
:10056000002805D10098FDF7CEFCA869074908606E
:1005700080200005FDF714FBF7BD0000440102A830
:100580000C0002A880E200E0AC3F0000483E000002
:10059000F8B5FDF755FB002400252948066B802798
:1005A0007F05300606D5300709D5FEF7BEFCFEF7FD
:1005B00049F929E001251F480068284019D000208A
:1005C000FEF7AEFB0220064002D01E490C60C86157
:1005D0001D480468002D03D02000FDF74FF90400EA
:1005E000FEF7A3FC2000FEF753F93800FDF7D8FA18
:1005F000F1BD16480078C0210140402902D1FDF725
:10060000ABFB01E0FDF7B5FB20200D490860ECE7EE
:10061000082002A8AC0002A8BC3E00000CC101A842
:100620006C3F000010000010400002A8BC3F00001A
:10063000C43E0000B44000A8441002A81CC101A898
:10064000100002A8180000AAD83F0000EC3E0000ED
:10065000FFF754FA024803494860FFF76AFA00BFFF
:10066000672700000000000080B5EFF305800B282D
:1006700001D23A2100E029218C2252000020FFF70C
:100680005DFCFEE7440F040000000000FC060400CF
:10069000010000000000000000F04902440F0400C7
:1006A000000000002007040001000000000000001E
:1006B00000F04902440F0400000000004407040059
:1006C000010000000000000000F04902440F040097
:1006D00000000000680704000600000000000000A1
:1006E00000F04902440F040000000000400804002C
:1006F000010000000000000000F04902640804004E
:10070000809C2B8F80841E00000000002700FF7F4C
:10071000100C002000000000F01204000000000097
:10072000C4090400809C2B8F80841E000000000000
:100730002700FF7F100C002000000000F0120400D2
:1007400000000000240B0400809C2B8F80841E007E
:10075000000000002700FF7F100C002000000000B8
:10076000F012040000000000840C0400809C2B8F19
:1007700080841E000000000022002C01100C0020CC
:1007800000000000F012040000000000840C0400CF
:10079000809C2B8F80841E00000023002300B60065
:1007A000100C002000000000F01204000000000007
:1007B000840C0400809C2B8F80841E000000240089
:1007C00024009D00100C002000000000F012040026
:1007D00000000000840C0400809C2B8F80841E008D
:1007E0000000250025007D00100C00200000000006
:1007F000F012040000000000840C0400809C2B8F89
:1008000080841E000000260026003A00100C002004
:1008100000000000F012040000000000840C04003E
:10082000809C2B8F80841E000000270027002C0155
:10083000100C002000000000F01204000000000076
:10084000E40D0400809C2B8F80841E0000000000BB
:100850002700FF7F100C002000000000F0120400B1
:1008600000000000FC4F0103601104001040010073
:10087000004100003C400100000000004840010031
:100880002007040050400100000000005C4001000F
:100890000D0F000004410100FF4C00002040030147
:1008A000000000861FC00100002000003840010148
:1008B0000000000058400401180005004008000036
:1008C000090000009200040080400F018C002C02FF
:1008D000000000001200120000808C1900000000CF
:1008E0000002050E1C2F43536269686155433204B0
:1008F00016100E0E0D0C0A0807060504030302026B
:100900000201010101010100EC40010180B0B18C44
:10091000FC4003019C200B00055B60804737414A87
:100920000C410301B85512002A1949290908404011
:1009300028410101FFDD0000384107014CD4E83BAC
:1009400004196F10080E141A20262C32383E10326B
:100950005476980A1D00000070410101C003000098
:10096000344201010008000E4842010158AA1EC08D
:100970007842010100000080388001011149100017
:100980009C800301EB40020070380300D00000009F
:10099000A8800111F0010000A8800131055AFD0175
:1009A000AC800111F0010000AC800131053EFD007A
:1009B000E40001026C2C511154010102C43F0000FB
:1009C000FFFFFFFFFC4F0103B011040010400100C6
:1009D000004100003C4001001000000048400100C0
:1009E0002017040050400100010400005C40010099
:1009F0000D0F00000441010003C00100204003016D
:100A0000300000461FC801000020001038400101DE
:100A100000000000584004011800050040080000D4
:100A20000900000092000A0080400F018C002C0297
:100A300000000000120012005B808C1B0000000010
:100A40000002050E1C2F435362696861554332044E
:100A500016100E0E0D0C0A08070605040303020209
:100A60000201010101010100EC40010180B0B18CE3
:100A7000FC4003019C200A0001612080B75635121A
:100A80000C410301B8551200A01B042908884040FE
:100A90002841010100000000384107014CD4E83B27
:100AA00004196F300A10161C22282E343A401032D6
:100AB0005476980A1D5F80A4704101010000000077
:100AC000344201010008000E48420101F4811F0078
:100AD0007842010100000000388001011149100036
:100AE0009C800301EB40020070380300D00000003E
:100AF000A8800111F0010000A8800131055AFD0114
:100B0000AC800111F0010000AC800131053EFD0018
:100B1000E40001026C2C511154010102C43F000099
:100B2000FFFFFFFFFC4F0103001204001040010013
:100B3000004100003C40010010000000484001005E
:100B40002007040050400100000400005C40010048
:100B50000D0F00000441010003C00100204003010B
:100B6000300000461FC8010000200010384001017D
:100B70000000000058400401180005004008000073
:100B80000900000092000A0080400F018C002C0236
:100B900000000000120012005B808C1B00000000AF
:100BA0000002050E1C2F43536269686155433204ED
:100BB00016100E0E0D0C0A080706050403030202A8
:100BC0000201010101010100EC40010180B0B18C82
:100BD000FC4003019C200A0001612080B7563512B9
:100BE0000C410301B8551200A01B0429088840409D
:100BF0002841010100000000384107014CD4E83BC6
:100C000004196F30080E141A20262C32383E103288
:100C10005476980A1D5F0000704101010000000039
:100C2000344201010008000E48420101F4811F0016
:100C300078420101000000003880010111491000D4
:100C40009C800301EB40020070380300D0000000DC
:100C5000A8800111F0010000A8800131055AFD01B2
:100C6000AC800111F0010000AC800131053EFD00B7
:100C7000E40001026C2C511154010102C43F000038
:100C8000FFFFFFFFFC4F0103501204001040010062
:100C9000014100003C40010000000000484001000C
:100CA000A007040050400100000000005C4001006B
:100CB0000000000004410100FF4C0000204003013F
:100CC000000000861FC001000060000038400101E4
:100CD00000000040584004016402FF00400800008A
:100CE000010000009200080080400F018C000C02FF
:100CF00000000000D70322000000000000000000F8
:100D00000002050D1A2D3F5060686963574635256E
:100D1000150D09080706050504040403030303026F
:100D20000202020201010101EC40010190382C8C09
:100D3000FC4003019C200A00055B58804737414A6C
:100D40000C410301B85552002A194929893B4040FA
:100D500028410101FFDD000038410701E853FA0096
:100D60000000000000000000000000000000000083
:100D7000000000000000000070410101C1030000FC
:100D8000344201010000000E4842010158AA1EC071
:100D90007842010100000000388001011149100073
:100DA0009C8003010000000070780300FFC0020077
:100DB000A8800111F0010000A88001310542CB019B
:100DC000AC800111F0010000AC800131050A0D007A
:100DD000E40001026C2C511154010102C43F0000D7
:100DE000FFFFFFFFFC4F0103A012040010400100B1
:100DF000014100003C4001000000000048400100AB
:100E0000A007040050400100000000005C40010009
:100E10000000000004410100FF4C000020400301DD
:100E2000000000861FC00100006000003840010182
:100E30000000004058400401C804FF0040080000C2
:100E4000010000009200040080400F018C000C02A1
:100E500000000000B60322000000000000000000B7
:100E60000002050E1C2F435362696861554332042A
:100E700016100E0E0D0C0A080706050403030202E5
:100E80000201010101010100EC40010190E82B8CFD
:100E9000FC40030190200A00055B58804737414A17
:100EA0000C410301F56252002A194929893B40404F
:100EB00028410101FFDD000038410701E853FA0035
:100EC0000000000000000000000000000000000022
:100ED000000000000000000070410101C10300009B
:100EE000344201010000000E4842010158AA1EC010
:100EF00078420101000000003880010155251000F2
:100F00009C8003010000000070780300D000000006
:100F1000A8800111F0010000A88001310542CB0139
:100F2000AC800111F0010000AC800131053EFD00F4
:100F3000E40001026E2C511354010102C43F02006F
:100F4000FFFFFFFF0C400100018101002040020073
:100F5000000000000100000030400300000000001D
:100F600000000000000000004040020000000000FF
:100F7000004000006040010001010000A8400100A5
:100F800007000000BC40040000000000000000005A
:100F9000000000000000000008410300FF4C0000BA
:100FA000FF4D0000FF4D000020C0011000F80700B9
:100FB00020C00130F502080024C008000013000022
:100FC000EC80B38343754051A00F004830400000CF
:100FD00000000000000000002E02000050C00400CD
:100FE000511130040E2D09E654060708D1B602004F
:100FF00064C00A000430001C403018090D647920D8
:10100000EBFCFB017FF6E803BD4B721511A318053D
:1010100010325476980A0000000000000800010118
:101020000807000018000101AAAAAA002000010177
:101030000060DA001C400101100000002C40030198
:101040000080000000000003000000006840020172
:101050002941767100000000BC4002010000000040
:1010600000000000E040020133000000000000002A
:10107000F4400201640483078813C83A2441010143
:1010800000000000304102016406660C0C01000003
:101090005441010101010000684102016404830719
:1010A0008813820030420101000000003842020132
:1010B00000000000000000004442010100000000A8
:1010C000544209010000000000003C000000000044
:1010D00000000000555555551700000000000000A5
:1010E00000000000AAAA06007C42020100000000E5
:1010F0000000000010800101030000003C8001019D
:1011000001000000B080020100030002370000016E
:1011100098000202000C00044C000000A400010230
:1011200000040000D0000202050040AA880100006F
:10113000F4000202000000003D210811FC00011231
:101140003F000000FC0001320054040030010102A5
:10115000600051026801010200040000FFFFFFFF70
:101160001000000000008000000000008413040054
:101170004813040000000000802596000048E801A4
:1011800040420F000108F500114950020000000024
:10119000F212040000000000000000000000000047
:1011A0003D420F00000000000000000000000000B1
:1011B0001000000000008000000000008413040004
:1011C0005413040000000000802596000048E80148
:1011D00040420F000102F5001149500200000000DA
:1011E000F2120400000000000000000000000000F7
:1011F0003D420F0000000000000000000000000061
:1012000010000000000080000000000084130400B3
:101210006013040000000000802596000048E801EB
:1012200040420F000108F500114950020000000083
:10123000F2120400000000000000000000000000A6
:101240003D420F0000000000000000000000000010
:101250001000000000008000000000008413040063
:101260006C13040000000000004786000048E801FD
:1012700080841E000101F5001149500200000000A9
:10128000F212040000000000000000000000000056
:1012900054841E0000000000000000000000000058
:1012A0001000000000008000000000008413040013
:1012B0007813040000000000841743000024F400A9
:1012C00040420F000101F5005525500300000000C9
:1012D000F212040000000000000000000000000006
:1012E00038420F0000000000000000000000000075
:1012F00003000200000000F049020614000000E0B4
:10130000930405380000A0080000000058090104FB
:101310000706100A01040707C80A00040807800B23
:1013200000040808380C00040908610800000000E7
:10133000680800000000C709010404032C0B010425
:101340000404920C0104050450C30000E62D0000C3
:10135000D0070000E5BF000010270000C201000018
:10136000F5DA0200102700002C01000050C3000035
:1013700050140000FA00000050C30000FC210000DF
:10138000B3010000193F010604100100000101062D
:1013900000102700000C0000000000000000626741
:1013A0005F6D6573736167652072656365697665F6
:1013B00072730062676275660061636C006C6C5FDB
:1013C000636F6E6E656374696F6E006C6C5F6164F1
:1013D000765F736574006761705F636F6E746578C4
:1013E00074006C6C5F76616C696461746F72006D1F
:1013F0006573685F70726F765F64620062675F6DCD
:1014000065737361676500736F66745F74696D659A
:10141000725F6D65737361676500666F756E646199
:1014200074696F6E5F636D64006C6C5F6164765F9E
:1014300073796E63006C6C5F7363616E5F73796E5A
:1014400063006761705F706572696F6469635F6193
:101450006476006761705F706572696F6469635F6D
:1014600073796E63006C326361705F636F635F6397
:1014700068616E6E656C006D6573685F70726F7623
:101480005F64625F6170706B6579006D6265647442
:101490006C735F636F6E746578740000B31304003F
:1014A000B9130400BD130400CB130400D6130400C9
:1014B000E2130400EF130400FC13040007140400FB
:1014C0001A14040029140400351404004214040002
:1014D0005314040065140400771404008B140400F2
:1014E00062676275665F696E0062676275665F6FEC
:1014F00075740062676275665F6E6F666C6F770009
:1015000062675F6D616C6C6F630000010102010234
:0415100002030000D2
:08151400E40DFD7F0100000061
:0C151C0028150400C00A00201601000081
:10152800DC120020020000005D30010058CA0300F0
:1015380040CA030028CA0300E8030000C0EA2101EA
:10154800C0EA21010080000000F04902402D00207F
:10155800F40A002000C0040000A00000E4160020E7
:10156800C8000000FE00000000000000DCCA030004
:10157800180F0020A0000000E96F01001DB0030053
:101588002000000000000000000000000000000033
:1015980000000000000000003D0E020000000000F6
:1015A8000000000000000000E5EB01000000000062
:1015B8000000000000000000B5F601000000000077
:1015C80000000000000000006105020000000000AB
:1015D80000000000000000002D6103000000000072
:1015E800F1090200000000000000000000000000F7
:1015F800A109020000000000000000000000000037
:10160800E10A0200000000000000000009150200C5
:101618000000000000FFFFFFFF0000003F81030003
:1016280043810300478103004B810300FFFFFFFF55
:1016380051A50300DCD20300FFFFFFFFE8D203003F
:1016480047A9030043A90300FFFFFFFF53A90300B5
:10165800FFFFFFFF05AD03005BAD0300FFFFFFFFCA
:10166800FFFFFFFFFFFFFFFFFFFFFFFF2327000034
:10167800FFFFFFFF00000000000000000300000063
:10168800D0290020280C002000000000D0290020CC
:10169800382A0020A02A00200000000000000000D6
:1016A8000000000000000000000000000000000032
:1016B8000000000000000000000000000000000022
:1016C8000000000000000000000000000000000012
:1016D80000000000200004000000000000000200DC
:1016E80010000000000000000000000000000000E2
:1016F800000000000A0001000000000012000400C1
:101708000000303030300800030000005030300056
:101718000200080000003030303030303030020035
:101728000300000030303000020005000000302EB9
:10173800302E300002000800000000000000000009
:10174800000002000100000000000000000000048A
:101758000200000000000005020000000000000672
:101768000200FFFFFFFF0400E40C02001700FFFF68
:101778000E0000000000000001011F04010101BF6C
:101788008FAF7F8700370F10100004040F05140A6D
:101798000301FF0EFF0F7F0082B030BF074BD3F865
:1017A800F030DB0704D500230193019B052B01DDF5
:1017B80002B07047019B0133F6E700BF00ED00E07F
:1017C800F0B5114A114C124E00F00105E3695F07AC
:1017D80013D40DB9334213D103EA00078F4207D15E
:1017E8000B4A1A40002A0CBF00206FF00100F0BD20
:1017F800013AEBD16FF00200F9E74FF0FF30F6E75E
:101808006FF00100F3E700BF8096980000000350D6
:10181800020001000B4B70B5D96911F480310DD16C
:1018280001244FF48072084E084DF46020462C6461
:101838001A61FFF7C5FF3464EC6070BD6FF00100FA
:10184800FBE700BF000003500010035000200350C6
:101858004FF4003238B50F4B0F4C9A6641F671338E
:101868000122E569E3630D4B0021DA600223606120
:101878002120236105F48035FFF7A2FF10B921204C
:10188800FFF79EFF0122064BDA600DB10023E363E8
:1018980038BD00BF009000500000035000100350F6
:1018A8000020035070B5134C6061E3695B071ED4D8
:1018B8000E4656F8043B8D18A361AE420BD10423A3
:1018C800002121202361FFF77BFF58B9BDE8704054
:1018D8002120FFF775BF08210846FFF771FF10B1F7
:1018E8000423236170BD56F8043BA361E5E74FF07C
:1018F800FF30F7E7000003502DE9F84315464FF491
:101908000032184B89469A6641F6713203F51C334A
:10191800DF69DA630122064603F58053DFF84C805D
:1019280007F48037DA6055B9284601220E4BDA6091
:101938001FB10022A3F50053DA63BDE8F88306F56A
:10194800005404EA0804A41BAC4228BF2C464946AC
:1019580022463046FFF7A6FF0028E6D12644A144D8
:101968002D1BE0E7009000500020035000E0FFFF2F
:08197800D5220100AD2201009F
:0400000310003601B2
:00000001FF
