S019000062742D72656D6F74652D526564657369676E2E733337EE
S214012000C00A0020E13501006B1603006B160300C1
S214012010C52803006B1603006B1603006B1603003E
S2140120206B1603006B1603006B1603006B1603009A
S2140120306B160300E8E00300BB1403006B160300F5
S2140120406B1603006B1603006B1603006B1603007A
S2140120506B1603006B1603006B1603006B1603006A
S2140120606B1603006B1603006B1603006B1603005A
S214012070558801006B1603006B1603006B160300F0
S2140120806B1603006B1603006B1603006B1603003A
S2140120906B160300B93D01006B1603006B160300B7
S2140120A06B160300893F0100653F01006B160300B4
S2140120B06B160300ADF202006B160300F5FC02007E
S2140120C09FCE03009BCE0300E5F40200ABCE0300D7
S2140120D0A3CE0300CDFC0200A7CE030035FD02000F
S2140120E0C5D6020089D80200A5FD02006B160300C2
S2140120F06B1603006B1603006B1603006B160300CA
S2140121006B1603006B1603006B1603006B160300B9
S2140121106B1603006B1603006B1603006B160300A9
S2140121206B1603006B1603006B1603006B16030099
S2140121306B1603006B160300513001008715030070
S214012140002370B5404C05468AB0E36318B1008899
S21401215023600DF08FFA3D482AF003FA3C4E3D4BC2
S214012160304633603C4B736025F086F800213046DC
S21401217017F076FA32A3D3E90023A062C4E9062356
S21401218025F085F8D4E9062319431043C4E906016E
S214012190CDE900014FF0FF334FF0FF32A06A2AF07D
S2140121A05BFA02224FF0FF31A06A2AF05AFA0120A8
S2140121B00CF0E0FF4FF4007300222849A06A2AF0D1
S2140121C0A3FAB0F5007F38D100239422CDE9073376
S2140121D009933C23CDE9033205939623A06A03A90C
S2140121E0069317F05BFB35B3287C0DF0F1FB054633
S2140121F0F0B9A06A2AF066FB0DF098FB0CF09CFF84
S21401220020B14FF48070002109F032FD0CF0A4FFDC
S21401221020B14FF40060002109F02AFD25F002F9F3
S214012220012017F071FA0E4A0E49A06A25F022F82D
S21401223028460AB070BDFF20D7E70725F8E700BF9C
S2140122400DD5015520000000880F0020690345ECDC
S21401225044240020F9EF01005424002044220020E9
S2140122601D7203005D72030010B5054C237833B967
S214012270044B13B1044800E000BF0123237010BDD6
S214012280E811002000000000342C040008B5034BC0
S2140122901BB10349034800E000BF08BD0000000071
S2140122A0EC110020342C0400A3F5803A704700BFDF
S2140122B0174B002B08BF134B9D46FFF7F5FF002178
S2140122C08B460F461348144A121A2AF03BFE0E4B51
S2140122D0002B00D098470D4B002B00D098470020CC
S2140122E0002104000D000D48002802D00C4800E033
S2140122F000BF1DF087FF200029001FF0D2F81DF057
S2140123006DFF00BF00000800000000000000000094
S214012310C00A0020180F0020342C00200000000006
S2140123200000000070B504460D4621B94FF4167141
S21401233008481FF067F80E46062056F8043F33B9E2
S21401234006288ABFA3682B681B68636070BD204699
S2140123509847F2E720DB030038B5036804462BB143
S21401236083681BB145680B4A954203D0C8210A48C9
S2140123701FF048F89847082801D0D221F7E7A3684C
S2140123801B6863602046A168FFF7CCFF0728F9D8D1
S21401239038BD00BF28DB030020DB0300F0B5044690
S2140123A00F46456887B001B125B94FF4967131489B
S2140123B01FF028F82E4639462046736898470128AC
S2140123C03FD83668002EF6D107B0F0BDEB681BB1DA
S2140123D020460191984701992D6839E0906828B107
S2140123E006A800EB830040F8102C0133126837E092
S2140123F05D1E6B1C13D13B696760C3B120469847CD
S21401240065682E4600270628DED9A168A760AE4279
S2140124100FD12046FFF786FF65682E46F3E702AB2D
S21401242053F8253020469B689847013DE1E7062092
S214012430E6E7EB681BB120460191984701992D68A4
S214012440E5E70628C0D90928DCD1A1686768656078
S214012450B542BBD12046FFF765FF3A4600236168C7
S2140124608A4201D0032BB9DD042BC1DD40F22A31AB
S2140124709DE700BF20DB0300024B0360024BC0E96F
S214012480013170473CDB030028DB0300014B83600E
S21401249008207047CCDC0300014B8360082070479E
S2140124A0B4DC0300014B83600820704768DC03003E
S2140124B0044B0A689A4203BF034B8360072000203F
S2140124C0704700BFA00009063CDD030008B50248BE
S2140124D01FF084F9052008BDD0E0030008B50248C6
S2140124E01FF07FF9052008BDD0E003000B68234AE2
S2140124F010B5934204463DD007D8052B2ED002F1E5
S2140125007F4293420DD0002010BD1D4A93421ED03B
S21401251002F180729342F6D1FF2380F83330194BD3
S21401252010E0194B1B681A7B80F822205B7BFF2B7F
S21401253022D0428B4AB1028B3AB142692AB180F865
S2140125402C30124B0720A360DEE7114BFAE70E4B47
S2140125501B685B7980F82C300E4BF3E790F822006D
S21401256010F09CFAE06000B1FEE7FF23022084F839
S2140125703330C9E7084BE5E70120C5E7A0000601AF
S214012580A0000F0308DD03006C1200202CDD030001
S21401259018DD0300F4DC0300E4DC030037B50B6848
S2140125A0714A0446934200F0D18007D8042B15D017
S2140125B0052B00F0C180002003B030BD6B4A93426A
S2140125C0F9D16B4B1B68B3F8052041F212139A42FE
S2140125D040F0AA80674B83600720EDE74B7A032B18
S2140125E045D8DFE803F0026094A50A7A624B53F8F7
S2140125F02230624A934213D1532380F8273090F851
S2140126002B30418B80F828300123032280F82930B3
S21401261000F1270390F8220010F07AFAB0B1FEE735
S214012620574A934226D1502380F8273090F82B3012
S214012630418B80F828302B23032280F8293000F1C3
S214012640270390F8220010F063FA90B9E0600122A7
S2140126504C4B4D481A701FF0C4F800237821CDE981
S21401266000334A4A4A4805F057FFD8B9E0600220CD
S214012670A2E7FEE7474A9342E9D1502380F8273084
S21401268090F82B30418B80F828302D23032280F8D8
S214012690293000F1270390F8220010F039FA0028BB
S2140126A0D4D0FEE7FEE7344B0A7A53F82220334BA8
S2140126B09A4239D190F82B305322022B8EBF002339
S2140126C00133DBB280F82B3080F8272080F82830E1
S2140126D080F82920418B00F12703032290F822007D
S2140126E010F016FA0546E06000B1FEE70222254B1F
S2140126F025481A701FF075F82B467821CDE900554C
S214012700224A234805F008FF0028AFD0FEE71A4BFF
S2140127100A7A53F822201F4B9A4205D190F82200DC
S21401272010F0BCF918B9E06000F0AEFD9FE7FEE7D7
S214012730002025F015FD9AE790F8220010F0AEF97A
S214012740E06000B1FEE700F0BBFD90E7084B1968BA
S214012750038BB1F805209A4289D18A7A23300B314E
S2140127602AF0C9FB83E700BFA0000904A000090600
S2140127706C12002094DC0300CC0A002088E00300E1
S214012780A0E00300E32A0020D0E00300A12D010011
S21401279038120020B8E003000B681F4A70B5934258
S2140127A0044605D002F1A06293421BD0002070BD02
S2140127B01A4B10221D681A4905F10A0630462AF0FE
S2140127C08AFB20B9D5F8053063610220EFE70222C3
S2140127D0304614492AF07FFB0028F6D1D5F805309B
S2140127E0E361F2E743692BB1C3691BB10E4B83600A
S2140127F00720DCE794F8220010F050F9E06000B101
S214012800FEE794F8220010F05BF9E06000B1FEE705
S214012810FF2384F83330D8E7A00009016C120020AA
S2140128206CDD03007EDD030058DC03000A68114BF3
S21401283013B59A4204461AD11EF02BFE0321262018
S21401284010F0CAF9E06000B1FEE74FF6FF730E2103
S214012850CDE9000305226423084610F0A3F8E060E2
S21401286000B1FEE70720044BA36002B010BD0020B4
S214012870FBE700BFA0000100C0DC030010B590F824
S21401288033300446FF2B04D0034805F03FFD10B952
S214012890E060052010BDFEE7381200200B68154ADF
S2140128A010B59342044621D002F1007293421DD026
S2140128B002F17D4293421BD10F4805F027FDE060EF
S2140128C010B90E481EF08AFF0D4B1B689A8841F21C
S2140128D013039A4205D194F82C0010F091F920B90F
S2140128E0E0600720074BA36010BDFEE70220FBE770
S2140128F00020F9E7A000060238120020D0E003000D
S2140129006C120020A8DC0300012213B50446018CDA
S21401291001AB90F822008DF8042010F0F9F8E06081
S21401292000B1FEE702481EF05CFF042002B010BDB5
S214012930D0E003000B68124A10B59342044615D046
S21401294002F18062934219D1038C1BB10D4B836057
S214012950072010BD90F8220010F0A0F8E06000B14A
S214012960FEE7FF2384F833300220F2E7064B1A68AD
S2140129705379927943EA02230384F5E70020E8E7D6
S214012980A000090250DD03006C1200200B68244AE7
S21401299073B5934204460AD002F1806202F58022A2
S2140129A093423BD0052B37D0002002B070BD1D4EA0
S2140129B030680379032B01D00120F6E7817D1730BB
S2140129C000F0B2F90028F7D0174805F09FFCE06048
S2140129D000B1FEE73568EA7A0090A97A6B7A43EA95
S2140129E001230146D5F8050063F30F0101230FF01B
S2140129F0FDFFE06000B1FEE73368D3F80520C4F8B8
S214012A002D20B3F80920DB7AA4F8312084F833307E
S214012A10064B0720A360C8E7054BFAE70220C4E788
S214012A20A00005006C1200203812002084DC030090
S214012A3074DC03000B6837B5042B044605D0154A31
S214012A4093421DD0002003B030BD90F83320FF2AFA
S214012A5014D000F12203009390F8311090F8325010
S214012A600123D0F82D0041EA05210FF0BFFFE060F9
S214012A7000B1FEE7084B0720A360E4E7074BFAE73F
S214012A80074805F043FCE06010B906481EF0A6FEB4
S214012A90054BF0E7A0000601D4DC030038DC030098
S214012AA038120020D0E0030028DC030010B541698D
S214012AB004461022064B90F8220010F013F8E0604E
S214012AC000B1FEE703481EF08CFE042010BD00BFD7
S214012AD05CDD0300D0E0030010B5C16904460222A4
S214012AE0064B90F822000FF0FDFFE06000B1FEE714
S214012AF0208403481EF075FE042010BD7CDD030013
S214012B00D0E003001FB503A905F0A4FC38B90346BD
S214012B10CDE90000034A039903481FF0EBFE05B018
S214012B205DF804FB292C0100381200201FB5002394
S214012B304FF6FF72CDE901324FF4FA720092044665
S214012B404FF49672C82190F822000FF07DFFE060E6
S214012B5000B1FEE742F21070FFF7D4FFE06000B16B
S214012B60FEE701220420024B1A7004B010BD00BF1C
S214012B70E52A002008B502481EF033FE052008BDF0
S214012B80D0E0030008B502481EF02BFE052008BD64
S214012B90D0E0030008B502481EF023FE052008BD5C
S214012BA0D0E0030010B5044690F822000FF088FF2D
S214012BB0E06000B1FEE702481EF013FE042010BDDF
S214012BC0D0E003000B68124A10B59342044605D0C4
S214012BD002F1806293420AD0002010BD0D4B1A68A4
S214012BE05379927943EA022303830220F5E7438B64
S214012BF01BB1094B83600720EFE790F822000FF026
S214012C004DFFE06000B1FEE7FF2384F83330ECE7C8
S214012C10A00009026C12002048DC03000149FFF7FE
S214012C202BBC00BF8D2401000122014B1A70704796
S214012C30E72A002004220A4B70B500251A60E0221C
S214012C401D715A71074B1C682046FFF7E7FF236882
S214012C502A4629462046BDE870401B68184700BF33
S214012C606012002048DB03001FB51B4B1A78B2B177
S214012C7000221A481A7005F049FB00B1FEE742F23D
S214012C80107003A905F0E6FB034638B9CDE900004C
S214012C90134A039911481FF02DFE00B1FEE7114BB0
S214012CA01A783AB100221A700F4B10491868036857
S214012CB05B6898470E4B1A7852B100221A700A4B7D
S214012CC00C49186803685B6805B05DF804EB1847A3
S214012CD005B05DF804FB00BFE42A0020381200208E
S214012CE0292C0100E52A002048DB030060120020A1
S214012CF0E72A002080DD0300084B094918600368B5
S214012D00002223F47F4323F007030B60E0234B717B
S214012D10044B0A71186803685B6818476C12002038
S214012D205812002048DB03002DE9F04105460F4606
S214012D300024DFF83480BC4202D30020BDE8F081D5
S214012D402B195B782E5D063B012B06D8A01C1022A2
S214012D50414628442AF0BFF818B101363444E4B29B
S214012D60E9E70120EAE700BF6CDD030038B5094D4D
S214012D7004462B783BB9084908480FF053FF00B1C9
S214012D80FEE701232B7014B1034B1B782370034815
S214012D9038BD00BFE62A0020E22A0020DC2A0020F7
S214012DA010B50B4C23787BB10A481EF01DFD30B1DF
S214012DB008481EF016FD2378013B237010BD054818
S214012DC0BDE810401EF00DBD0122034B1A70F5E759
S214012DD0E32A0020D0E00300E42A00200122034B6E
S214012DE01A70034B5972187200F06ABAE52A00206D
S214012DF0601200207FB503681F4A23F47F4323F047
S214012E000703934234D10522002118201B4B0FF0F3
S214012E1095FE00B1FEE70DF1070102A80FF002FFD3
S214012E20014600B1FEE79DF80D3008228DF81030FE
S214012E309DF80C301A208DF811309DF80B308DF866
S214012E401230FF238DF81330FE238DF814309DF8D1
S214012E500A308DF815309DF809308DF816309DF83A
S214012E6008308DF8173004AB0FF068FE00B1FEE7AE
S214012E7007B05DF804FB00BFA000010088DD030079
S214012E8010B5234C01F068FB01F04EFD236F23F0D3
S214012E90070343F0030323671EF0FBFD1D4B0020D1
S214012EA09B6A9B075EBF01221B4B9A62D4F82031B6
S214012EB023F0030343F00203C4F82031D4F824318D
S214012EC023F0070343F00203C4F82431D4F8403159
S214012ED023F0030343F00103C4F84031D4F8603112
S214012EE023F0030343F00103C4F86031D4F8403201
S214012EF023F0030343F00103C4F84032D4F8003250
S214012F0023F0070343F00103C4F8003210BD00BFED
S214012F100080005000C0005000E0005008B502F0EC
S214012F2053FA01280ED1134B04205A6E4FF4802316
S214012F301149520358BF114A4B6601F51041086208
S214012F4058BF536603F0BAFF1EF082FB03F05AFF28
S214012F5003F07AFF1FF00CFBFFF792FF03F062FF0E
S214012F601EF06DFB00F0F6FB01F020F8BDE808400E
S214012F7004F0B2BC008000500090005000A0005049
S214012F8030B5204D9DB009AC0FCD0FC495E80F00AC
S214012F9084E80F004FF416532822002112A80B9341
S214012FA029F0D0FF184B01241193382313930223E1
S214012FB08DF8503015938DF85830032310220021D8
S214012FC005A817938DF8494029F0BCFF4FF48012ED
S214012FD00E4B03A9CDE903233E238DF814303F237E
S214012FE08DF815300A4B09AA069320230793094B3F
S214012FF00948009311AB8DF8204003F0F1FF1DB096
S21401300030BD00BF68E003000000035A3400035AD5
S214013010E82A002070120020E8120020022905D8B4
S214013020034B1B68186808B1436A1847704700BF0E
S214013030C80A002008B50449044804F011FDBDE89B
S2140130400840FFF79DBF00BFC00A0020E012002025
S21401305001481FF0EABA00BFE8120020014B1A6AC5
S21401306018681047E812002008B505481EF022FB34
S21401307004481EF01FFBBDE8084003481EF01ABBBB
S21401308088E00300A0E00300B8E0030001481EF05A
S214013090A2BB00BFD0E0030008B5064B834207D1B0
S2140130A0054B1B7823B1C8B20FF0F8FC00B1FEE760
S2140130B008BD00BF0C130020082B002030B50024EB
S2140130C00368384A23F47F4323F0070385B093420D
S2140130D005468DF808408DF809408DF80A408DF8B0
S2140130E00B408DF80C408DF80D4035D002F580224E
S2140130F093420CD0A2F18272934251D12A4B1B7893
S214013100002B4DD005B0BDE830401FF0B6BCB0F87E
S2140131100530222B44D1FF2304A91A4611E90300E6
S2140131201EF084FA012814BF41F2FC141E4B4FF026
S214013130220108BF187004F0FC0228790FF014FD74
S21401314000B1FEE7194900902B79194A0968194818
S21401315000F048F920B3FEE7B0F80530B7EE047A80
S21401316007EE903AF8EE677AB0F8073027EE877ADE
S214013170013307EE903AF8EEE77A67EE277AB1EE7A
S214013180047A67EE877AFAFE677AFCEEE77A17EE3C
S214013190903AB3F57A7F38BF4FF47A73034A1360D7
S2140131A005B030BDA0000602082B0020D80A00207A
S2140131B0993001000C13002004210022034B1971E1
S2140131C01A6019739A6019751A61704744130020C2
S2140131D02DE9F8431F4B06461B78ABB90325DFF8EC
S2140131E07C901D4C59F8043BB34207D130461EF083
S2140131F066FA01280AD11FF0FEFB2060013D15F09A
S214013200FF0504F10804EDD1BDE8F88330461EF051
S21401321056FA80460028F1D11FF0EDFB2368C71A45
S214013220E62005F005F9B84202D984F80480E5E7FE
S2140132304FF47A7005F0FCF8B84202D901232371E5
S214013240DCE740F6B83005F0F3F8B8428CBF02234D
S2140132500323F4E7190D002044130020CC0A0020B4
S21401326070B500240426074D2979E0B2042902D05E
S214013270FFF7B4FD2E710134032C05F10805F3D1D7
S21401328070BD00BF4413002070B50024094D0A4EDE
S21401329055F8040B1EF013FA012803D11FF0ABFBFF
S2140132A046F834000134032CF2D10022034B1A7085
S2140132B070BD00BFCC0A002044130020190D002069
S2140132C0064B1A784AB9012119700421044B197169
S2140132D01A6019739A6019751A617047190D0020E2
S2140132E044130020074B187850B9074B1A79042A63
S2140132F006D11A7B042A03D1187D031F5842584170
S214013300704700BF190D002044130020094B1B789D
S2140133105BB9094B1879042809D11A7B042A07D10D
S2140133201B7D042B08BF0120704701207047042035
S214013330704700BF190D002044130020012208B574
S214013340074B1A700022074B1A700422064B1A709C
S2140133501F22064B1A7003F0DBFD054B186008BDF3
S2140133601A0D0020092B00201B0D00201C0D00202B
S2140133705C13002038B505461EF0A7FB00230B4A58
S21401338014685CB1AC4206D1A96A6BB199621EF0B1
S214013390A2FB012007E02346A46AF2E7002DF3D042
S2140133A01EF099FB204638BD1160F0E7601300203F
S2140133B010B5044690B104F0A9FF2046FFF7DAFFE6
S2140133C058B194F82C0040B11EF07FFB044A1368F4
S2140133D0013B13601EF07FFB002010BD2220FCE79E
S2140133E0641300202DE9F04F85B0054691469846B6
S2140133F00E469DF8387009B9002F66D12846FFF7AA
S214013400D7FF0446002840D185F82C00686305F0F4
S214013410B7F886423DD905F005F840F2E7318C460B
S2140134202146E6FB00C14FF47A72604600231CF089
S2140134303DFD4FF0FF32002383468A461CF036FDE1
S2140134404FF0FF32E8860023584651461CF02EFD09
S2140134502B4611462846CDE900441D4A1FF0A6FA20
S214013460044690B9C5E9089885F82D702E631EF0BC
S2140134702CFB184A136833B31A469B6A002BFBD100
S21401348095620023AB621EF026FB204605B0BDE820
S214013490F08F47B12B4631462846CDE900440C4A09
S2140134A004F0F6FFDCE7304603A904F0D3FF044638
S2140134B00028EAD12B462846CDE90077044A03992D
S2140134C01FF050FACCE71560DBE72124DDE700BFEB
S2140134D0D93401006013002091F82C3013B50C4646
S2140134E083B98B8ECA8E93420ED243B9CDE900338F
S2140134F020460B46104A4FF0FF311FF017FAA38EF5
S2140135000133A38602B010BD52B191F82D307BB1C4
S21401351001230093D1E908232046096BFFF762FFD8
S2140135200123064A84F82C30136801331360E9E757
S214013530084604F0EBFEF3E7D934010064130020DB
S2140135402DE9F041144E336823B34FF00008134FB2
S2140135501EF0BBFA05463C6824B92846BDE8F04192
S2140135601EF0B9BA94F82C3093B1336884F82C80E5
S214013570013B336094F82D3013B92046FFF7FAFE6D
S21401358028461EF0A8FAD4E9083120469847DFE716
S214013590A46AE1E7BDE8F08164130020601300200F
S2140135A0034B1B68002B0CBF01200420704700BF93
S2140135B064130020024B1868B0FA80F04009704787
S2140135C0641300200348044A0449121A92101EF09C
S2140135D04DB800BFA0300400A0300400342C0020F9
S2140135E008B500F02FF8FFF7EDFF124B12498B429A
S2140135F012D30020114B12498B4218D3FEF758FE06
S214013600186850F82240586840F8224001329868FD
S2140136108242F5D30C33EAE70022F8E71C6844F847
S214013620220001325C68A242F8D30833E4E70022A4
S214013630F8E700BF3C2C0400482C0400482C04008A
S214013640482C04004FF400414FF0FF30124B134A50
S21401365010B59A60D3F8882042F47002C3F8882027
S2140136600F4A916601F1884101F5005210664FF646
S214013670DF7050660220C3F8D000BFF34F8FBFF350
S2140136806F8F08244FF440330648C0F88041D3605A
S21401369004600B6110BD00BF00ED00E000200100DA
S2140136A00090005000E100E0014B1868704700BF31
S2140136B0E00A0020084B1B6F03F00703022B04D01F
S2140136C0032B05D0012B05D0FEE7044B1868704785
S2140136D0034BFBE70348704700800050E00A0020D8
S2140136E0E40A0020002D310108B5FFF7E3FF054B82
S2140136F01B6FC3F303330133B0FBF3F0024B1860C7
S21401370008BD00BF00800050DC0A0020004870475A
S21401371000B4C404014B1868704700BFE40A0020D7
S214013720054B1860054B1B6F03F00703032B01D1F4
S214013730FFF7DABF704700BFE40A002000800050A0
S21401374000487047002D3101014B1868704700BFD3
S214013750E80A00200020836A10B5B3F5903F0ED228
S2140137601968084A91420AD1074C227812F0FD0FD7
S21401377004D1DB69984708B90123237010BD4FF4C3
S2140137808170FBE707B0CD5E0A2B00204FF0005397
S214013790074A1A60BFF34F8F0649074BCA6802F4FF
S2140137A0E0621343CB60BFF34F8F00BFFDE700BF5E
S2140137B002020FF000ED00E00400FA0505490A6870
S2140137C01318054883428CBF4FF0FF320B6010463A
S2140137D0704700BFEC0A002000800020F7B504689F
S2140137E0012105463A2000F0DBFD00230122617924
S2140137F0207901F0F3FB14233021227911FB0231E9
S21401380001F1A04101F5703109686379D940C943D6
S214013810A37901F00101022B217017D100F022FBE0
S214013820164A2B466179207900F046FBFF280246AE
S21401383060790ED12A46114900F068FB0123024641
S21401384061792079CDE9003301F070FB002003B0E7
S214013850F0BD01262779002301460096384601F07F
S2140138601FFC2A460549607900F050FB0023617968
S21401387002462079009301963346E5E7C916030010
S21401388008B501213A2000F08BFD03210123042213
S214013890002001F0A3FB00201EF085F90122214B38
S2140138A04FF46070C3F844241EF02BF81E4B00F54D
S2140138B0D520D3F8F02000F2FC4042F00102C3F814
S2140138C0F020D3F8FC2042F08072C3F8FC20174A9F
S2140138D0A3F55D431A60164B0222B0FBF3F0154BBD
S2140138E001381861C3F8F0204FF48072C3F804233E
S2140138F04FF06043104A0020C3F8B02F0F4AC3F8B8
S214013900802ED3F8002E42F48072C3F8002EFF22D8
S21401391083F82020D3F8002E22F48072C3F8002EFC
S21401392008BD00BF00D0035000ED00E0FF030040DB
S214013930F8590D00000004E055CEACC509000100A1
S21401394010B5012243780178847830209A40054BDF
S21401395000FB01331CB942F210015A5010BD41F26E
S2140139601001FAE700C0035010B501224378017830
S214013970847830209A40054B00FB01331CB941F294
S21401398010015A5010BD42F21001FAE700C0035070
S2140139902DE9F04F9A46564B85B01B7806460F46E2
S2140139A01546DDF83C909DF844B0DDF85080002BBC
S2140139B000F08D80072A00F28C800E9B002B00F011
S2140139C08880B9F1000F00F08480129BB3F5006F78
S2140139D07FDC012802D1109B002B7AD0454B03EBEC
S2140139E005131B7B002B76D0434C10220021684622
S2140139F029F0A8FA04EB45141022002F59D13946B4
S214013A00204629F09FFA43F210036380BBF1000FB2
S214013A1003D1E37843F00303E370374A0E9B02EBCE
S214013A20451CCCE90193129B6901013BC3F30A00D3
S214013A309DF84C30012E03F003034FEA836343EAFB
S214013A40001E53582D48CDF800A000EA03004EEAA8
S214013A500003535041D113230CF1100ECCF80C3057
S214013A609CE80F008EE80F006FF00301DCF81C20C5
S214013A70109B61F39F02012FCCF81C20CCF8143068
S214013A8003D1CCF81890CCF804300027194A290144
S214013A9002EB051342F80180159A28465A606946DA
S214013AA022469F605E7301F077FB384605B0BDE89D
S214013AB0F08F0021204629F045FA4FF444736380C5
S214013AC0BBF1000FA9D1E37843F03003A4E70C481B
S214013AD0ECE70C48EAE70C48E8E7B8F1000FD4D168
S214013AE09CF8023068F304138CF80230CDE700BF6F
S214013AF00B2B002068130020E81300200F80FFF333
S214013B00028000F0018000F0078000F038B5124B0B
S214013B1005461B78DBB1E0B11DF0D7FF0F4A002345
S214013B201146147B54B92B6001251A0101EB0313CE
S214013B301D738C501DF0CFFF204638BD0133082B76
S214013B4002F11002EDD11DF0C6FF0548F5E7054864
S214013B50F3E70548F1E700BF0B2B002068130020B0
S214013B60048000F0028000F0018000F013B51DF023
S214013B70ACFF00230B4A147B7CB90133082B02F1FE
S214013B801002F8D1019001F0A9FA074B01981C70B8
S214013B901DF0A1FF204602B010BD1DF09CFF03489A
S214013BA0F9E700BF681300200B2B0020058000F00A
S214013BB00D4B10B51B78044693B1072812D81DF09B
S214013BC084FF0A4B03EB04131A7B2AB100241C73EF
S214013BD01DF081FF204610BD1DF07DFF0448FAE769
S214013BE00448F8E70448F6E70B2B0020681300208A
S214013BF0068000F0028000F0018000F0154B13B53E
S214013C001868002301908DF804301DF05EFF124BFA
S214013C101C7824B11DF05FFF104802B010BD0122D0
S214013C201A701DF058FF0E4B01A81C731C7783F801
S214013C302C4083F83C4083F84C4083F85C4083F882
S214013C406C4083F87C4008238DF8073001F072FA47
S214013C502046E2E738E103000B2B0020038000F04A
S214013C60681300200A4A08B512785AB107280BD8FB
S214013C70084A02EB00131B7B43B1002101F04CFA0A
S214013C80002008BD0448FCE70448FAE70448F8E7C2
S214013C900B2B002068130020028000F0018000F04A
S214013CA0078000F00A4A08B512785AB107280BD8DF
S214013CB0084A02EB00131B7B43B1012101F02CFAE9
S214013CC0002008BD0448FCE70448FAE70448F8E782
S214013CD00B2B002068130020028000F0018000F00A
S214013CE0078000F00A4A08B5127852B107280AD8A8
S214013CF0084A02EB00131B7B3BB101F097FA002048
S214013D0008BD0548FCE70548FAE70548F8E700BF9F
S214013D100B2B002068130020028000F0018000F0C9
S214013D20078000F00D4B1B7893B1072812D889B194
S214013D300B4B03EB00131B7B73B10A4B1A6D01236C
S214013D4003FA00F010401ABF00200B70087070478D
S214013D500548704705487047054870470B2B0020FB
S214013D606813002000000450028000F0018000F07B
S214013D70078000F00B4A10B512780C4662B107288E
S214013D800CD859B1084A02EB00131B7B43B101F072
S214013D905FFA2070002010BD0448FCE70448FAE7EB
S214013DA00448F8E70B2B002068130020028000F07F
S214013DB0018000F0078000F02DE9F843174B1F6DD6
S214013DC05B6D1F4000D5FEE701260025144CDFF889
S214013DD05480DFF85490374217D02368C8F85060F3
S214013DE09BB1A168284601316268A1609847637B50
S214013DF0012B0AD148B909EB45131A7B60F341023E
S214013E001A731A7F60F341021A770135082D4FEABB
S214013E10460604F11004DED1BDE8F8830000045024
S214013E206813002000200450E813002070B50446F3
S214013E3001250B4E04B970BD94FAA4F0B0FA80F0D7
S214013E4005FA00F306EB001224EA03045368002B7C
S214013E50F0D0117B11B191689847EBE79847E9E7F5
S214013E60E814002008B5192000F08AFD28B14FF0AB
S214013E700072074BC3F880211A601A2000F080FDFB
S214013E8028B14FF08062024BC3F880211A6008BD4A
S214013E9000E100E038B505460C461DF016FE00228E
S214013EA0044B03EB05135C601A73BDE838401DF044
S214013EB012BE00BFE8140020F8B504460D461746AA
S214013EC01E461DF002FE1CB9052D0DD0FF2414E080
S214013ED0012C03D1012DF9D1032405E0022CF5D1E3
S214013EE07DB1052DF2D107240123074D04F1100100
S214013EF005EB0111C1E901760B731DF0ECFD2046BF
S214013F00F8BD0624F0E700BFE8140020F8B5054622
S214013F100F4616461DF0D9FD104B05F0FC02D3F8EE
S214013F2024140023EC1804F00304144321FA04FCBF
S214013F301CF0010F07D00133042BF3D1FF241DF031
S214013F40CAFD2046F8BDFF2CF9D00122044B03EB35
S214013F500413C3E901761A73F1E700BF00C00350EA
S214013F60E8140020074BD3F82404D3F8202403F5E3
S214013F700053104000F0553020F05020C3F82004C4
S214013F80FFF754BF00C00350074BD3F82404D3F8FF
S214013F90202403F50053104000F0AA3020F0A020A2
S214013FA0C3F82004FFF742BF00C00350024B196854
S214013FB0024B186814F066BFF40A0020F00A0020CD
S214013FC037B5920004460D46019229F085FD431C43
S214013FD00BD060B929462046019A28F07CFF0028BC
S214013FE0044808BF002003B030BD0348FBE7034880
S214013FF0F9E700BF10E000F021E000F024E000F057
S21401400010B5044629F058FD431C10D088B901F0BC
S214014010E3F9234620F003002044984201D1002012
S21401402010BD53F8042B0132F7D00348F8E70348D4
S214014030F6E70348F4E700BF0EE000F021E000F0E9
S21401404024E000F008B51DF039FD014B186008BDED
S214014050281D0020014B18681DF034BD281D0020C6
S214014060044BD3F88420D206FBD4D3F88400C0F3E3
S214014070811070470040005038B5104B0546D3F804
S21401408020310C4603F00303022B0BD0032B0DD07B
S214014090012B0FD1FFF708FB052305B1286004B1FA
S2140140A0236038BDFFF736FB0323F6E7FFF748FB2F
S2140140B00223F2E701230020EFE700BF0080005053
S2140140C073B50D4600210E4B0191D3F8804106468B
S2140140D004F00304012C09D0022C0CD00C460EB1BE
S2140140E0019B336005B12C6002B070BD01A8FFF7DB
S2140140F0C3FF0F24F3E7FFF723FB0190EFE700BFB1
S2140141000080005038B5184B0546D3F824010C46FC
S21401411000F00700062805D8DFE800F0230B131B84
S2140141201F0F17000023184605B1286004B123604D
S21401413038BDFFF7B9FA0523F6E7FFF7B5FA062308
S214014140F2E7FFF7E7FA0323EEE7FFF7E3FA0423C4
S214014150EAE7FFF7F5FA0223E6E71DF092FA0723EE
S214014160E2E70123E0E700BF0080005038B5104BBE
S2140141700546D3F840310C4603F00303022B0BD05F
S214014180032B0DD0012B0FD11DF07DFA092305B1AC
S214014190286004B1236038BDFFF7D6FA0823F6E796
S2140141A01DF074FA0B23F2E701230020EFE700BFAE
S2140141B00080005038B5144B0546D3F800020C4673
S2140141C000F00700042804D8DFE800F01B0A0E12EE
S2140141D016000023184605B1286004B1236038BDD7
S2140141E01DF051FA0923F6E7FFF7AEFA0823F2E7C6
S2140141F01DF04CFA0B23EEE7FFF776FA0E23800A42
S214014200E9E70123E7E700BF0080005038B5104B0F
S2140142100546D3F840320C4603F00303022B0BD0BD
S214014220032B0DD0012B0FD11DF02DFA092305B15B
S214014230286004B1236038BDFFF786FA0823F6E745
S2140142401DF024FA0B23F2E700231846EFE700BF20
S2140142500080005038B5104B0546D3F860310C4647
S21401426003F00303022B0BD0032B0DD0012B0FD130
S2140142701DF009FA092305B1286004B1236038BD91
S214014280FFF762FA0823F6E71DF000FA0B23F2E7C0
S21401429001230020EFE700BF0080005010B40D4C52
S2140142A00B46D4F8204204F00304012C0AD0022C59
S2140142B00CD008B1002101600BB100221A605DF834
S2140142C0044B70475DF8044BFFF7D6BE5DF8044B10
S2140142D0FFF74CBF0080005038B50C4605461DF070
S2140142E0EDFB064B9A6A82EA040101EA0504544092
S2140142F09C62BDE838401DF0E5BB00BF00C0005021
S214014300B0F5207F1FD009D8B0F5007F15D003D8AF
S21401431068B1B0F5C07F0AD000200CE0B0F5607F30
S214014320FAD10B4BD3F88000C0F3011003E0084B21
S214014330186FC0F3033001307047054BD3F8900077
S214014340C0F30460F7E7024B186FC0F38020F2E772
S214014350008000504FF400320E4B014610B500208D
S2140143609A66FFF7CDFF41F6713248430A490B4B77
S21401437088428CBF4FF480100020DC69DA639A68AB
S21401438022F4401202439A60E20344BF0022DA6339
S21401439010BD00BF00900050005A6202000003509A
S2140143A0420910B510D0012A10D00B4B0B4C022A33
S2140143B018BF234600F01F0051B103F580530122B8
S2140143C002FA00F0186010BD1346F3E7044BF1E75C
S2140143D003F50053F3E700BF688000506082005089
S2140143E06480005008B580201DF08BFA034B98427C
S2140143F09EBF4FF48032024B1A6708BD005A620214
S21401440000A000501FB50023B0F5807F019377D040
S21401441028D8382800F094800BD82438092810D8DA
S21401442009280ED8DFE800F0676767670D0D620D93
S214014430377D52285FD008D83D283BD03E2800F073
S2140144408480019805B05DF804FB8028F9D1414BC2
S2140144501B6F03F00703013B032BF2D8DFE803F0E1
S21401446044413F6CB0F5D06F5BD019D8B0F5A06F62
S21401447066D00AD8B0F5806F3DD0B0F5906FE0D128
S214014480002001A9FFF73EFEDBE7B0F5B06F2DD0A7
S214014490B0F5C06FD5D1002001A9FFF767FED0E7C0
S2140144A0B0F5006FECD00AD8B0F5E06F4DD0B0F59E
S2140144B0F06FC6D1002001A9FFF7CCFEC1E7B0F529
S2140144C0086FBED1234BD3F8003103F00303022B50
S2140144D02CD0032B2ED0012B30D1FFF71BF9032351
S2140144E000E005230193ACE70223FBE7002001A9C6
S2140144F0FFF7E6FDA5E7002001A9FFF7BDFDA0E750
S21401450002934FF0E0231B695B0705D5FFF7ECF834
S2140145100C230393039BE5E703A902A8FFF726FEF6
S214014520F8E7002001A9FFF745FE8AE7FFF70CF937
S2140145300823D7E71DF0A5F80723D3E70123D1E722
S214014540002001A9FFF7AAFE7BE7002001A9FFF7DB
S2140145505DFE76E7008000504FF40022034B5A665A
S214014560012203F580439A62704700BF0090005015
S21401457008B5FFF747FF082811D00938012811D8D8
S2140145804FF40012094B4FF6FF705A6603F5D83305
S2140145905B6A13F0010F18BF4FF4FA7008BD044BA5
S2140145A01888FBE74FF6FF70F8E700BF0090005051
S2140145B0040D002070B504468020FFF723FF032872
S2140145C000F082804FF40022444B02215A6645F6E1
S2140145D00E03434AC2F88030424B9962012103F52B
S2140145E080539962936DD903FCD4D4E900131B055B
S2140145F043EA0163E17B94F822500B43217B94F854
S214014600236043EA0143617B43EA0133A17B43EA2A
S214014610811313619169D4E904031B0643EA80639D
S21401462001F000410B43A17EE07E0B43217E43EA6D
S2140146300143617E43EA01239361E369126A002B19
S2140146400CBF0021082122F00D0242EA030242EAD1
S2140146508002234B42EA01021A6294F820204FEAB4
S214014660421232D1986A94F8211020F0330042EABF
S2140146700112024342F001029A621B4A996D32EA24
S2140146800101FBD1022217498A621A659A6D52000E
S214014690FCD41869A26820F4700040EA02504FF07A
S2140146A0004218610F4B9A611DB9022203F580532F
S2140146B09A6216B901220D4B9A6294F824301BB106
S2140146C0074B0B4AC3F8802070BD996A21F033016D
S2140146D031430A4342EA4502EEE700BF009000502C
S2140146E000C0005000D000500300014000E0005020
S2140146F0F1A7FFFF1F4BFF2873B5996A37D89A6D4C
S21401470012F4803F18BF01241B4A18BF946202248A
S21401471094629B6DDA0303D5164A936D9B07FCD50D
S2140147200222154B134E1A65B46D14F08044FBD16A
S214014730124B93F90050B369054423F47F0323F425
S2140147407F4343EA002385F3080043EA0043B3614D
S21401475002200191FFF7C0FDB06D019910F4803081
S21401476003D00120FFF7B8FD204602B070BD21201E
S214014770FBE700BF00C0005000D000500C2B00200B
S214014780014B93F9000070470C2B002001221548BD
S214014790154B816A9A62826D02F00302032AFAD1EE
S2140147A002229A621A650F4B9A6D5200FCD40F4A88
S2140147B0986D32EA0000FBD101220B4B1A65A3F576
S2140147C080539A6D9007FCD49A6D9207FCD502220D
S2140147D0054B1A65034A936D9B07FCD50320FFF72B
S2140147E07BBD00BF00C0005000D000500300010098
S2140147F0014B1880704700BF020D00204FF40012D5
S21401480008B5184B5A660223174A5360936813F487
S2140148108033FBD1012822D1FEF77CFF134B98424F
S21401482015D003F5122303F5F863984213D0104B05
S21401483000EB8002400AB3FBF0F0520A0A4BDA6240
S214014840012218635A620022074B5A6008BD45F6DA
S2140148507A10084AF2E745F61A00074AEEE753626D
S214014860F1E700BF009000500040025000F04902FE
S21401487064666666D8B80500BBCF0500B0F5207F34
S21401488010B50C4642D008D8B0F5007F33D003D817
S21401489088B1B0F5C07F0ED010BDB0F5607FFBD1FA
S2140148A01F4B013CD3F8801021F0300141EA04147B
S2140148B0C3F88040F0E71DF01CF81DF0E5F84FF452
S2140148C08031184A164B1167196F013C21F470416B
S2140148D041EA04341C67FEF707FF0446FFF7C0FBF6
S2140148E0C0F1020120461DF0C9F800F02DF8BDE820
S2140148F01040FFF777BD0A4B013CD3F8901021F02A
S214014900F85141EA0464C3F89040C5E7044B013C02
S214014910196F21F4806141EA84241C67BCE700BF5B
S214014920008000500090005008B50121022000F0E0
S214014930F5F81CF0DEFF1DF0A7F84FF48032014BAE
S2140149401A6708BD0090005008B54FF4C0701CF0FF
S214014950D8FFBDE80840044988428CBF02210121E6
S2140149604FF42070FFF78ABF80F0FA02034B5868B5
S214014970C0F30800003818BF0120704700ED00E0C2
S214014980054B420953F8223000F01F0023FA00F0CD
S214014990C04300F00100704700E100E0194B10B57C
S2140149A01B6873B3184A5268012A2AD0174A802016
S2140149B0C2F80031FFF726FD05281FD14FF4C0705D
S2140149C0FFF79EFC0128044604D102214FF4C07073
S2140149D0FFF754FF07220E4B1A610122A3F58053FD
S2140149E05A60094A1369DB07FCD5012C09D1214617
S2140149F0BDE810404FF4C070FFF740BF0122054BE1
S214014A005A6010BDDC1D002000C00150008000501F
S214014A1000E0015000D0015000224FF40031074B56
S214014A201A60074A516602F598325268012A02BF97
S214014A30044AD2F800211A60704700BFDC1D00202E
S214014A400090005000800050044A4178536F23F4D0
S214014A50407343EA01235367704700BF004000508C
S214014A6010B5044608B1FFF7D7FF104A136943F0A3
S214014A700403136103F024FA1DF030F80C4B0D4AC1
S214014A80C3F820241DF01AF829F01EF81DF01AF8B4
S214014A901DF025F803F03CFA1CB1BDE81040FFF705
S214014AA07DBFBDE81040FEF71FBE00BF00ED00E071
S214014AB000E003500000FF0F10B5044608B1FFF7F1
S214014AC0ABFF0E4A136943F0040313610C4B0D4A06
S214014AD0C3F8202403F0F4F91CF0F0FF28F0F4FFEB
S214014AE01CF0F0FF03F014FA1CB1BDE81040FFF70C
S214014AF055BFBDE81040FEF7F7BD00BF00ED00E072
S214014B0000E003500000FF0F034A0179D36E23F043
S214014B1030030B43D366704700400050F8B5044697
S214014B201C4BD3F88420D106FBD4D3F88430C3F3CE
S214014B3081139C422CD0FEF7BDFD012C064602D106
S214014B4021461CF09BFF1CF0B9FF4FF00072124B80
S214014B5007465A6620461CF0C7FF4FF480630D4D8A
S214014B60621E93402B676B6E9A0103D4D5F884308E
S214014B709B060AD538461CF0A5FF022C08D1304604
S214014B80BDE8F84000211CF079BFD5F88430EAE78B
S214014B90F8BD00BF004000500060005007B518B9CE
S214014BA00191FEF787FD0199064B1B7843B1064B31
S214014BB0984205D8012003B05DF804EBFFF7AEBFBD
S214014BC00220F8E70D2B0020005A62020278034B00
S214014BD0012100201A70FFF7E1BF00BF0D2B002056
S214014BE04FF0004238B5264B26495A6601224A60E4
S214014BF04AF6CD3103F50B235D6C1964154030BBC5
S214014C009968C9070BD4002401221F4B5A6015B1BD
S214014C101E4B1F4A1A6427F037FD204638BD1A4935
S214014C208A601C4AD96ACC0705D4904201D1072470
S214014C30EAE70130F6E79042E5D1F8E70132DC6AAF
S214014C4014F0080406D08A42F8D10724DFE70022D0
S214014C501049F4E78A42F8D020220B4B0B495A62DE
S214014C600122A3F580539A6023460A4A486A8006C1
S214014C7003D49342E9D00133F8E79342C7D1E4E77E
S214014C800090005000500950006009500040095043
S214014C903254FFFF40420F004FF0004238B5194B27
S214014CA0194C5A66012203F50C235A604AF6CD3395
S214014CB0656C23644378154093401343134AD363CA
S214014CC0A368827823F0740343EA0213C278002AA9
S214014CD014BF042200221343A3600279837943EAB6
S214014CE0022323614279C37943EA02236361007890
S214014CF0FFF776FF0DB1064B236427F0C5FC0120B4
S214014D0038BD00BF009000500040095000400050E0
S214014D103254FFFF10B504461CF0EBFE002341F2AF
S214014D2002020849E360A360226104F50052E361D0
S214014D306361A36123626362E362A3645164A36255
S214014D4010BD00BF7F370C0138B50446154639B98A
S214014D50184B984214BF084638201CF0D2FD014675
S214014D606368A06800F0E00040281AD003D8D0B1EC
S214014D7020281AD038BD602819D08028FAD10123FE
S214014D806B434901B1FBF3F10B4A2039204602EA95
S214014D90C10201211CF0A9FEA262BDE838401CF048
S214014DA0A4BE0623ECE71023EAE70823E8E704237A
S214014DB0E6E700BF0000035AF8FF7F00436870B5BE
S214014DC004460D4616461BB140F2FF711CF08DFEDF
S214014DD02046FFF79FFFE9896B7B22690B43298AEF
S214014DE022F44C520B4322F0030213432361A268C0
S214014DF02B7B297E22F0804222F0E2020B431343F2
S214014E006A691343A360AB681BB9A36843F0004308
S214014E10A360EB69002B58D0A16898883F4A00F43C
S214014E20C0400A4010431A7A40EA82509A7A40EA11
S214014E3042405A7840EA82005A7B40EAC2009A7B96
S214014E4040EA02109A7840EA8220A060E168D3E93D
S214014E50042021F4D81121F4C06102430A43997950
S214014E6042EA8122D97942EA4122E2601A7802F0C6
S214014E70FD01012908BFE168A2F1020204BF41F069
S214014E800401E160012A4FF0010294BF244925493B
S214014E90C1F8C0205A7A04F580510A621AB1E26854
S214014EA042F40062E260DA7A4AB1E2681E4942F4EC
S214014EB00042E2601A7B02F00F02C1F88020E2692C
S214014EC0DB7B22F003021343E36136B196F8203010
S214014ED004F58051A3B101238B61052120461CF006
S214014EE025FEAA6812B16968FFF72EFF20462978C9
S214014EF01CF039FE236CDB4313F4405FFAD170BD1E
S214014F00626996F8223096F8210022F009020343DE
S214014F10134343F001034B61DFE700BFE39BBDFF93
S214014F2000D4035000E4035000900350072AF7B55D
S214014F3001F0030614461F464FF003012CD89500D6
S214014F40A94000FA05F21C4801911CF01BFE0199CC
S214014F501A4806FA05F21CF015FE194B19499DF878
S214014F602000002F08BF1946012303FA04F40C6041
S214014F70154B1649002808BF0B461C60144B9DF8BC
S214014F802400C3F820441031A3F6DC33002808BF00
S214014F900B461C6003B0F0BDA2F10805AD00A940A8
S214014FA000FA05F20B4801911CF0ECFD01990A4844
S214014FB006FA05F2CFE700BF00C4035008C4035049
S214014FC010E4035010D4035014D4035014E40350D7
S214014FD000E0035004C403500CC40350F8B5044663
S214014FE00D461F4616464AB101238B403021194A09
S214014FF001FB0022FFB141F21001535004EB4403C0
S214015000072D4FF00F014FEA031317D8A80006FA31
S21401501000F28140104818441CF0B4FD56B9012135
S21401502030230C4801FA05F503FB040077B141F281
S2140150301003C550F8BD42F21001DEE7A5F10800E5
S214015040800006FA00F281400448E4E742F21003C9
S214015050EFE700BF00C0035004C003500CC003506C
S21401506010B50C4B0C4C0D4A0140C4F83004C3F883
S2140150703014C3F82C04D36E03F03003202B1FBF6B
S214015080D36E23F0300343F01003D366C4F8200434
S21401509010BD00BF00D0035000E003500040005098
S2140150A038B514461D46032283F00103FFF796FF29
S2140150B0012004F11001884005FA01F1FFF7D0FF45
S2140150C09DF81010034B044A002908BF13461860C8
S2140150D038BD00BF24D4035024E403504FF400121B
S2140150E00B4B10B5C3F88020BFF34F8FBFF36F8F04
S2140150F00024FF22074B21465C6520209A625C60F3
S214015100FFF74EF92146BDE810402120FFF748B9C8
S21401511000E100E000000450044A054B002918BFD6
S2140151201346012202FA00F018607047402004502E
S2140151304010045010B5012104462020FFF730F935
S21401514001212120FFF72CF90122114B5A60227808
S21401515012069A606178A27842EA01429A61FF22B9
S2140151609A6200229A631A644FF000425A654FF021
S214015170FF324FF4001103F500531A65054AC2F8D1
S2140151808011E3781B01DBB282F81533116010BD84
S2140151900000045000E100E0F8B50125C3B2DFF8D5
S2140151A088C0D1F800E09D408F7ACB7A0C46097B07
S2140151B0CCF850500CF5005C4CF820E04FF0300E67
S2140151C0174E1B050EFB006094F80DC043EA07431B
S2140151D043EA415322F00302C0F860C0C365026788
S2140151E01CF073FC736D227A2B4373650D4B02B171
S2140151F01D64627A02B19D632279A37943EA024370
S214015200094A93616179E37943EA014305498B6170
S214015210034B55639D64BDE8F8401CF05CBC00BFC1
S21401522000000450001004500020045010B5012462
S214015230C0B284401CF049FC044B5A6D22EA0402B9
S2140152405A659C62BDE810401CF045BC0000045045
S21401525010B50124C0B284401CF037FC074BDA6A53
S214015260224209D15B6B34EA03030CBF01240024FC
S2140152701CF031FC204610BD0024F9E70000045064
S2140152804FF40032054B9A6641F6713203F51C3332
S214015290DA63012203F50053DA607047009000508C
S2140152A041F671320121064BDA6303F50052D160F3
S2140152B00022DA634FF40032A3F518339A6670477A
S2140152C000000350CB784A7810B55B010C7843EAAE
S2140152D082030A79234343EA02130C22424302F172
S2140152E0B0421363012C02BF8A78024B43F8202098
S2140152F010BD00BFE880035008B54FF0B0435A68B0
S21401530002B960B15B680BB11CF04EFC4FF0B041C6
S21401531030B10120074B58601CF046FCC86008BD40
S2140153201CF042FC0223CB601CF03EFC0122024B27
S2140153305A60F4E700100058002000584FF0B043C0
S2140153405B6870B50BB11CF02FFC0121104B457842
S214015350596083780679002BC37814BF0224002491
S214015360002B14BF042200224379DB0043EA061314
S2140153702B43234313434FF0B0429360054B5960D0
S2140153800378002B14BF0B460223D36070BD00BF09
S21401539000200058001000584FF48032064B5A6621
S2140153A003F5E6235B69C3F38512827003F03F02BF
S2140153B01B0B42700370704700900050014B986CB5
S2140153C0D96C70470080E00F024B1868C0F30740A5
S2140153D0704700BF0080E00F0120034B9B680A3333
S2140153E003F01F03984070470080E00F38B504466D
S2140153F0054D27F06DF90FCC0FC594E8030085E83D
S2140154000300002038BD00BFE01D002047F6FF73F3
S2140154109A42F0B56AD002296AD8364B5B5C012BFA
S21401542066D8354DDF0005EBC30015F833308478B8
S214015430012B13D10025C3781B1BAB4202D8E01801
S214015440C0B2F0BD591B4668A3EB510136F9116095
S2140154509642D4BF0D4601F1FF33EEE740680028BF
S214015460EFD0B0F90030934204DBB0F9023093423A
S214015470B8BF134682883D44FF2A19BFC8214FF0A2
S214015480280CB0F90610B0F908C0A1EB03020CBF56
S2140154900126002692FBFCF26D78324412B2954248
S2140154A001DD002A01DA6A1E12B24FF47A7700EBA8
S2140154B0C206F188B668013213FB016112B221EA15
S2140154C0E1715C319542B1FBF7F104DD00EBC206F8
S2140154D0B6888E42EBD200EBC20232F8040C884248
S2140154E028BF0846A04238BF2046A9E7FF20A8E704
S2140154F00020A6E760E10300E01D00200229F0B5C8
S21401550057D82D4B585C012853D82C4C04EBC001BE
S21401551014F830004B6801280FD1C8788C78904277
S21401552094BFC4EB0001C4EB0201001BCAB2824265
S214015530C8BF002233F91200F0BD002B39D088789D
S214015540904202D3B3F90200F6E7CC78B3F9000033
S2140155509442F1D94C789988013CA1F1FF06714239
S21401556003F10405E4B2714103F10C071FFA82FC52
S214015570CEB2B44216D805EBC1014FF47A756A4330
S214015580B1F902404968521A04EBD47102EB610288
S21401559092FBF4F29042CFDBB3F902009042CBDCEF
S2140155A010B2C9E737F831E04E1CE645E3D3314681
S2140155B0DEE70348C0E700BF60E10300E01D00200E
S2140155C00080FFFF08B50448FFF710FFBDE808405C
S2140155D0012027F081B800BF64E10300004870474E
S2140155E0060D00201B0603F0706300F00F00090291
S2140155F0034301F47061120402F470220B43134357
S214015600014A1360704700BF0020025C60B5054682
S21401561019B10139B1F5806F10D2094EF06810F456
S2140156208030FBD143EA0121120741EA050302F06B
S2140156308052134343F00043736060BD0120FCE7D2
S2140156400020025C0122054B9A60DA68D203FCD482
S214015650D86820F00F000004000C70470020025CA0
S214015660014B1868704700BF0040025C014B586848
S214015670704700BF0010025C014B186B704700BFFB
S2140156800010025C014B1868704700BF0010025CF6
S214015690014B9860704700BF0010025C014B186414
S2140156A0704700BF0010025C014B5864704700BF92
S2140156B00010025C014B5863704700BF0010025C8B
S2140156C00022014B1A6070470010025C024A136800
S2140156D043F00103136070470010025C024A13682E
S2140156E023F00103136070470010025C43F20402CA
S2140156F0014B1A60704700BF0010025C024A136833
S21401570043F03003136070470010025C044B1A68C4
S21401571042F480721A601A6822F480721A60704726
S2140157200010025C024A136843F4806313607047FA
S2140157300010025C034A136823F4702343EA004016
S214015740106070470010025C044B1A6902605A69C7
S21401575042609A698260DB69C36070470010025C30
S2140157600268044B1A6142685A6182689A61C2688B
S214015770DA6170470010025C024B1A6BD207FCD448
S214015780186270470010025C82B01FB507930A9B2F
S21401579004AC8B4228BF0B4604E907001048D10031
S2140157A0079948BF03330160099948BF23F00303F3
S2140157B023F0704301F0E041194341F0005181604C
S2140157C0002102F0E042019C134343F00053C16004
S2140157D004618361416304B0BDE8104002B07047C4
S2140157E00000025C3F22034B1A631022DA61032297
S2140157F09A6370470000025C024AD36B9B07FCD495
S214015800704700BF0000025C034B986A10F024004A
S21401581018BF0420704700BF0000025C08B5FFF700
S214015820F3FF064BDB6B23F47F4323F0EF030343C5
S2140158301EBF0122024BC3F8FC2F08BD0000025C0C
S21401584000F0FF3F032208B5054B186019615A6343
S214015850FFF7C8FFFFF7D0FFBDE80840FFF7DEBF40
S2140158600000025C42680346182A10B50AD0202AB6
S2140158701DD0102A2BD1174AD2F80424D4010AD4F9
S214015880012013E0134AD2F804249001F8D50A68DF
S21401589042F008020A6010481A6882424FF000007F
S2140158A00ED10A6842F040020A60586010BD094AEB
S2140158B0D2F804245201E3D50A6842F00402E9E76B
S2140158C0064CA242F2D10A6842F08002ECE70720B9
S2140158D0ECE700BF0000025C0E2B00200F2B00201F
S2140158E00B4607B50749D1F80414C90708D50021A6
S2140158F000920246084600F05BF803B05DF804FB30
S2140159000120FAE70000025C1346064AD2F8042496
S214015910D20504D50A46014600201CF04DBB0120E5
S214015920704700BF0000025C13B5084CD4F804446D
S214015930E40508D5009313460A460146002000F008
S21401594061F802B010BD0120FBE700BF0000025C59
S21401595013B5084CD4F80444E40508D5009313465F
S2140159600A460146002000F071F802B010BD012081
S214015970FBE700BF0000025C70B504460D46164604
S2140159808CB00A4A09AB07CA83E807001A462146C3
S214015990CDE90563CDE90333CDE9013300954FF435
S2140159A080301CF02DFA0CB070BD00BFE8E103009A
S2140159B0F0B51C465B6815468DB01A07129E1AD1C3
S2140159C0CBB17268934216D10C4B0D4A53F8217035
S2140159D009AB07CA83E807001A462946CDE905330D
S2140159E0CDE90333CDE90163009447F480701CF0E0
S2140159F007FA0DB0F0BD0720FBE700BFF4E1030096
S214015A00E8E10300F0B516465A688DB0102A0D4637
S214015A10129F15D17A68102A12D10A4A09AC07CA10
S214015A2084E8070022462946CDE90547CDE9034427
S214015A30CDE90144044800961CF0E2F90DB0F0BD32
S214015A400720FBE7E8E1030030000100F0B5164649
S214015A505A688DB0102A0D46129F15D17A68102A01
S214015A6012D10A4A09AC07CA84E807002246294629
S214015A70CDE90574CDE90344CDE901440448009617
S214015A801CF0BEF90DB0F0BD0720FBE7E8E103000E
S214015A901000010082B070B586B0149D03AE202DB3
S214015AA086E807000B9359D805EB85038B4203D094
S214015AB006236B438B4253D10C9BAB4250D10F9BB9
S214015AC0B3EB450F4CD1129A934249D10122294694
S214015AD02220159BFFF79AFD044630BB034606229B
S214015AE00E210C20FFF77EFD0123CDE900332B4666
S214015AF096E807001CF021F90E230BAA009307CAAB
S214015B002B461CF065F80C23164C00930EAA2B4668
S214015B1007CA1CF08DF8636823F07F0343F0260361
S214015B206360FFF78FFD30B10624204606B0BDE85E
S214015B30704002B07047636823F07F0343F022038E
S214015B406360FFF77FFD04460028EDD1062311AA06
S214015B50009307CA2B461CF09EF8E6E70124E4E70B
S214015B600724E2E70020025C70B598B0002843D015
S214015B702C4C08AD0FCC0FC50FCC0FC50FCC0FC5E5
S214015B8094E80F0085E80F006D4604AE04F110039B
S214015B9020340FCB85E80F0094E80F0086E80F004D
S214015BA0FFF7B4FD0420FFF7C5FDFFF79FFD304664
S214015BB0FFF7D6FD002408AE56F8040B0134FFF7B4
S214015BC0DBFD102CF8D1FFF751FD0328FBD900248B
S214015BD0FFF776FD2646FFF743FD55F8043B0136F1
S214015BE05840042E44EA0004F5D12CB101220620C7
S214015BF00D4B1A7018B070BDFFF788FD0820FFF72F
S214015C0047FD0020FFF74AFD0720FFF74DFD4FF443
S214015C100070FFF74FFD0820FFF78CFDFFF756FDDC
S214015C200020E7E7D0E20300112B002008B5FFF7BC
S214015C306DFD0122014B1A7008BD00BF102B00201C
S214015C401FB51CF034FB044630B1012206240D4B6F
S214015C501A70204604B010BDFFF702FD0090FFF752
S214015C60FFFC0190FFF7FCFC0290FFF7F9FC0390A4
S214015C706846FFF775FDFFF7D9FFFFF73FFDFFF712
S214015C8051FDE6E7112B002006289ABF014B185C50
S214015C900020704730E3030030B5154B87B0029300
S214015CA0144B0390049346F611030D46059300F03A
S214015CB06DF91428044616D168461CF0A8FB4FF06F
S214015CC0A843032202A95A6319601D619A63DA6B1D
S214015CD09207FCD1142C02D168461CF0A6FB00F0FA
S214015CE089F9044601E00028E9D0204607B030BD16
S214015CF0F81D0020040000202DE9F04FB1B0054644
S214015D008C46E9466E4F3B9EDDF8F8E0409C07F175
S214015D10100AC846386879680837A8E80300574566
S214015D20C146F6D10EEB0208C8F1000909F00F09C9
S214015D30002E00F0AF80774207F00F070121DDF853
S214015D40FCB0C4F1100ACDF810B0059144F0005132
S214015D5006914FEA0A2101F4F85141F02101079119
S214015D6006B96B460893002D40F09680002C00F093
S214015D70938004AB0993002E00F0908046F0005308
S214015D800A93002D40F08D80002C14BF012321239F
S214015D9043EA07230B9308A942F00053CDF830C01D
S214015DA03D980D910E934FEA092343F041030F935B
S214015DB0109002B10CA9002A16BF00224FF0005223
S214015DC0412342EA0E021191129213933C9B3D4AE3
S214015DD0149310AB15933C4B0021169340F6110318
S214015DE017933A4B002D08BF1346189314AB19931B
S214015DF0374B10221A9311231B931CAB184627F01E
S214015E00A1F801221D924AF080421E92002203460A
S214015E10239205B9EB46102C08BF01230DF1900A19
S214015E20102200215046CDF880B02193229427F00D
S214015E3089F8002C37D020AB002125938F4218BF5C
S214015E40534647F0804226923A9A2CA88A422892D4
S214015E50299313460CBF4FF080430B461022334361
S214015E602B912A9327F06EF8FEB95346C8442D931A
S214015E702CA948F0804318A82E93FFF70DFF30B9E0
S214015E802DB90346A34212D1002818BF2C2031B0E9
S214015E90BDE8F08F102751E701236BE747F0005369
S214015EA06EE7212374E70123C6E728ABDEE703F19B
S214015EB0C0026A4412F8C02C01331043E2E700BF67
S214015EC037E3030048E30300100000204CE303001F
S214015ED004000020F0B5C0299FB0249E4FD0B1F534
S214015EE0807F04D0802941D029201FB0F0BD40F228
S214015EF0344440F21445002E08BF2C4621271025B5
S214015F00019401240296039404950597259F06970C
S214015F1006B102AC07940124089509940A9221223D
S214015F200B940C950D92174A0AAC0E92164A0F94D2
S214015F30109242F61102119212931394149515922F
S214015F4001AA1692CBB112AB17930423189311230F
S214015F50199316AB1A901B9340F61103C9081C91AE
S214015F601AA806A91D93FFF797FEBEE7002E14BFD9
S214015F704FF486644FF48264C0E70EABE4E70F206B
S214015F80B3E700BF50E303001000001038B5164B0E
S214015F905A6E42F004025A66D3F8802242F0010299
S214015FA0C3F88022114B5B68C3F3080343B14FF07B
S214015FB0A842D36B13F0430FFBD11424204638BDFF
S214015FC04FF0A843DC6B14F04304FBD1084D2B685B
S214015FD01BB90421284602F053FF2B68013343F016
S214015FE000432B60EAE700BF0080005000ED00E0B0
S214015FF0F81D0020014B00205B68704700ED00E0B3
S2140160004FF40052034B00209A660322C3F8602225
S214016010704700BF009000504FF40052034B002021
S2140160209A660322C3F86022704700BF00A00050A2
S214016030012300F01F02A0F506200949A0F55060D3
S2140160404009934051F820201A4341F82020054981
S21401605051F8202022EA030341F82030704700BFA0
S214016060FC1D0020101E00200121A0F506230F4A6A
S214016070A3F550635B0900F01F0001FA00F052F827
S214016080231008430A4942F82300D1E900300344AB
S21401609088680344C868096903445B1802BFC2E9FB
S2140160A00033C2E902331361704700BF101E00209F
S2140160B0FC1D00202DE9F04FA9B002921D46DDE936
S2140160C0326704460822CDE90301414021FA02F372
S2140160D04B40980702F1080218BF9B00202A1C4477
S2140160E0F4D18123B4FBF3F303EBC313E41A7A4B25
S2140160F004F506241B7804F55064002B40D1FDF707
S21401610055FF014620B16FF0910029B0BDE8F08F30
S2140161104022059008A826F015FF4022059918A8E8
S21401612026F010FFDFF8C891DFF8C8A14B4603F14F
S2140161300F0B102208A9DAF80000CDF800B005937D
S21401614026F055F800220146059B09F110090DF1CC
S214016150200891424CD1CDF800B01022DAF80000A8
S21401616018A926F04DF84FF0000B03460DF1600814
S2140161705B4549D1594B9945D8D10122564B1A70E6
S2140161804FF081084FF00009DFF868A1A4F5062357
S2140161905349A3F55062520951F8221004F01F0C1E
S2140161A021FA0CF1C90744D44E4951F8220020FACD
S2140161B00CF010F0010030D0B9F1000F08BFA14675
S2140161C0A3F6FF448123B4FBF3F303EBC313E41AF2
S2140161D004F50624B8F1010804F55064D6D1029BF3
S2140161E0EBB1B9F1000F1AD0349BC3F800906DE003
S2140161F058F8040BCDE906230591FFF719FF069A17
S214016200079B05990132A4E758F8040B05930BF197
S214016210010BFFF729FF059BAAE7029B13B96FF055
S2140162208B0072E7349BB9F1000F4ED0C3F8009093
S2140162306BE70EB1002333600FB100233B604FF0D4
S214016240100B00232A462146DAF80000CDF800B0EC
S21401625012F08AFF08BB0EB1C6F800B02B68224ABE
S214016260934224D166B15FB13B462146DAF800007D
S21401627018AA12F0CDFF80B93B6832689B1A3B60C2
S214016280D5E90223DDE90310834208BF8A4216D00E
S214016290A4F50624A4F6FF4494E7144B984206D0CE
S2140162A01233984203D0133B9842E9D02BE721469C
S2140162B0DAF8000012F0F0FF0028E1D0AFE7029B09
S2140162C013B16B68012B03D0349B1C6000201CE7C4
S2140162D06FF0840019E700BF122B00200071080040
S2140162E0FC1D0020101E0020105D175EFFDF00F071
S2140162F0006D0800F00A00202DE9F04F87B08246B5
S214016300894698461646DDF840B02AB1002B4ED095
S21401631040F26C739A424DD8BBF1010F4DD8002460
S21401632006F110073946012005941CF0B6FB054618
S214016330002845D021463A4626F004FE05ABCDE9B5
S214016340014300942B46012250464946FFF7B2FE10
S214016350044680B110F18C0F08BF6FF08D043A46E9
S2140163600021284626F0EEFD28461CF0A7FB204615
S21401637007B0BDE8F08F144BC5E902A92B60C5F83C
S21401638004B02EB13246414605F1100026F0B3FDA9
S2140163900E483B462A460599006812F04DFE18B98C
S2140163A00598FFF745FEDAE76FF09104D7E76FF03F
S2140163B08604DCE76FF09104D9E76FF08504D6E731
S2140163C06FF08C04D3E700BF105D175EF00A002063
S2140163D02DE9F0438DB08146DDE914780C4615466B
S2140163E01E469BB1B8F1000F05D16FF0860420461A
S2140163F00DB0BDE8F083002FF7D0B7F1005FF4D3FE
S214016400C3F1005303F500439F42EED8102200214A
S21401641008A826F097FD002207AB029305AB01936F
S21401642006AB21460093484608ABCDE90522FFF7A7
S21401643041FE04460028DAD10599DEB1A94203D807
S2140164400029D2D115B1D0E70029FBD0491BB142B2
S21401645028BF3146069B0948C8F8001000913A4605
S214016460079900682B4412F07FFE002818BF6FF0D2
S2140164709104BCE7A942E9D2B7E700BFF00A0020C1
S21401648030B58DB00C4605461022002108A826F02E
S21401649059FD002207AB029305AB019306AB2146DB
S2140164A00093284608ABCDE90522FFF703FE044614
S2140164B0D0B9099B012B1AD0104B0799186812F016
S2140164C0EBFEB8B9012207980D49A0F50623A3F5FE
S2140164D050635B0900F01F05AA4051F823506A403B
S2140164E041F82320FFF7C0FD20460DB030BD6FF008
S2140164F08404F9E76FF09104F6E700BFF00A002084
S214016500FC1D00202DE9F04F89B007460E46FFF727
S214016510B9F8C20705D40524013C2ED16FF09200CC
S21401652028E0102200210DEB020026F00BFD04A846
S214016530FFF70AF9049B002BEDD0059B002BEAD050
S214016540069B002BE7D0079B002BE4D00025DFF845
S214016550908008F10409B5421ED30124FFF78CF898
S21401656000F00E03062B33D110F4807002D0FFF733
S214016570B5F8002009B0BDE8F08F01201BF0A4FE9D
S2140165800028C9D1FFF778F810F00E03FAD0022BD5
S214016590F8D04305DAD5BFE7FFF768F8A6EB050A9A
S2140165A08400544528BF544699E8030000238DE82B
S2140165B00300CDE9054307EB050BCDF810B00294B7
S2140165C004AAD8F8003007CA1BF07AFD2544C2E7B2
S2140165D0082BA3D804FA03F313F48A7F9ED0BDE7F1
S2140165E05CE303001FB504A800E90E0011460198FC
S2140165F0FFF788FF70B1FFF719FBBFF34F8F07490D
S214016600074BCA6802F4E0621343CB60BFF34F8FB7
S21401661000BFFDE705B05DF804FB00BF00ED00E03C
S2140166200400FA052DE9F0438BB01746DDE9154560
S214016630DDE913269C46DDE91738894621B96FF056
S21401664086000BB0BDE8F083002FF8D00EB9002C01
S214016650F5D1129909B9002AF1D10DB9002BEED165
S214016660B8F1000FEBD0254A944544D10288B2F523
S214016670105F40D14288B7EBD20FE0D322F0400141
S214016680802902D0B2F5807FD9D11CB92046C8F83E
S2140166900040D6E7AE421CD23219954219D29C422E
S2140166A0CDD831462246284626F032FC2E4614F036
S2140166B00F03C4D1CDE90197CDE90336CDE90543F2
S2140166C0CDE907540993FFF79BFC38B16FF09200B0
S2140166D0B7E79C42EBD96FF08900B2E707AA04A995
S2140166E001A8FFF7FDF80546FFF796FC2843EDD114
S2140166F0C8F80040A5E76FF08500A2E70044400413
S2140167002DE9F04FA9B0834617469A460E46DDF8A6
S214016710C890DDF8D88029B96FF08603184629B0ED
S214016720BDE8F08F002AF7D0B9F1000FF4D0349B02
S214016730002BF1D0B8F1000FEED00024434B0CAD86
S21401674093E8070085E807003C22214619A818941B
S21401675026F0F8FB3288718802F4E040B0F5804FED
S214016760DAD03B4E3B480BEA060646F010668642F8
S21401677065D1B1F5807F62D147F212118A425ED1AE
S21401678006203549BAF11F0F0A69CB6800FB02F2F1
S21401679009680B93CDE90C120E94BDD9339B402B9F
S2140167A0BAD9359B1F2B4DD909F101022026129229
S2140167B0402299F800300F97042B18AFCDE9132427
S2140167C0CDE91572109611941794A5D1FFF718FC10
S2140167D003460028A2D10B9B15AACDE9086305AB99
S2140167E007CA83E8070002AB12AA07CA83E80700B4
S2140167F0DDE910018DE803000F9B95E80700FFF720
S21401680049F90546FFF708FC55EA000384D13D46E1
S214016810349A20AE2C4603CCB44210605160254613
S21401682002F10802F6D100221046B9180132412AB7
S21401683003D12022C8F8002070E70870F5E76FF052
S21401684085036BE76FF0890368E700BFE8E10300A3
S2140168500000FFF600000209BCE20300F0B58C461A
S2140168601D468BB0002856D0002954D0002A52D09D
S214016870002B50D00488B0F802E0234604F44F41C0
S214016880B1F5824F18BF002423F0FF03B3F5E24FA2
S214016890E4B203D06FF085000BB0F0BD122C01D02E
S2140168A0172CF7D10EF10703B2EBD30F4FEAD3073C
S2140168B034D31D4B04AEBEF5807F93E8070086E80F
S2140168C00700E7D1122C07D1184B1A691B6813442D
S2140168D0CDE90432002306930023CDE907C70993C7
S2140168E0FFF78EFB0028D7D1114A02AB92E80300CE
S2140168F083E803000AAB13E903008DE80300079B56
S21401690096E807001BF062FB0446FFF785FB204371
S21401691007D12F60C0E76FF08600BDE76FF08900F2
S214016920BAE76FF09200B7E7E8E10300BCE20300C4
S21401693054E303002DE9F0438FB01D46DDE916C68A
S214016940002863D0002961D0002A5FD0002B5DD0DB
S214016950BCF1000F5AD0002E58D00388B0F802E0E0
S2140169601C4603F44F47B7F5824F18BF002324F0A7
S214016970FF00B0F5824FDBB24ED0B7F5824F4BD158
S214016980122B01D0172B47D10EF10700B2EBD00F17
S2140169904FEAD0083AD34FEA4802571C674538D821
S2140169A0BEF5807F38D1122B18BF4FF000094FF08B
S2140169B0000308BF1B4CCDE9081805F1010114BFFF
S2140169C04C46D4F80C90CDE90B120A930D93FFF7C1
S2140169D017FBC0B9CDE9058902AB08AA07CA83E847
S2140169E007000EAB13E903008DE803000B9B94E848
S2140169F007001BF00AFB0446FFF70EFB20430ED1EF
S214016A0004232B7037600FB0BDE8F0836FF086006B
S214016A10F9E76FF08900F6E76FF08500F3E76FF0AE
S214016A209200F0E7BCE203002DE9F04389B00D4681
S214016A3014461F46DDF8488020B96FF0860009B07D
S214016A40BDE8F0830029F8D0002AF6D0B8F1000F8F
S214016A50F3D0028802F44F43B3F5824F0CBF1346BE
S214016A600023DBB202D06FF08500E8E7122B01D0DD
S214016A70172BF8D122F0FF02B2F5E24F40D142883F
S214016A80C8F80020002A36D1E200C8F80020D8F85D
S214016A900020B2F5807FE6D1122B09BF384B0022C9
S214016AA01A681B6905EB040608BFD21800231846AE
S214016AB0224412F801CD16F8011D0843B1EB0C0172
S214016AC00CBF4FF0FF3C4FF0000CB5420CEA03033D
S214016AD043EA0103EDD10028AFD0002BADDA109BBD
S214016AE09C4249D822462946384626F004FA119B8C
S214016AF000201C60A3E70732B4EBD20FC7D09CE797
S214016B002A78042A99D1621ED2005208B2F5807FF3
S214016B10C8F80020A7D1122B05F1010318BF4FF0CA
S214016B2000094FF0400205934FF000030ABF144ED0
S214016B304E46D6F80C90CDE90623FFF761FA0028F9
S214016B407FF47DAFCDF80C90D8F800300733DB0822
S214016B50029308AB13E903008DE80300059B96E852
S214016B6007001BF0FBFA0646FFF756FA00287FF4EB
S214016B7066AF002EB3D060E76FF089005FE700BF15
S214016B80BCE203002DE9F04F8FB00546DDE918A9F8
S214016B9093461E46DDF868801C9F09B300B3B8F122
S214016BA0000F1DD0E7B1BAF1000F02D1B9F1000F05
S214016BB016D1284B26F47E129A4247D128461BF05E
S214016BC07EFC0446B0BB6B88BBEBD30F4FEAD30207
S214016BD006D316F47C1FC6F3054504D0102D03D941
S214016BE06FF0860426E010251B9B9D422BD80023C0
S214016BF0CDE901121022CDE905930DF12809CDE961
S214016C00033ACDE90823CDF81C90FFF7F9F90446BD
S214016C1080B907AA04A901A8FEF776FE0646FFF783
S214016C20FBF9044656B958B92A464946404626F065
S214016C3062F93D6020460FB0BDE8F08F6FF0920418
S214016C4000233B60F6E76FF08904F3E76FF08504F5
S214016C50F0E700BF0002C0032DE9F041069F0C4695
S214016C601646054610B309B302B9FBB96288B3EB01
S214016C70D20F4FEAD20819D34C220021284626F01B
S214016C8061F90D4B27F47E129A4212D120461BF071
S214016C9016FC044638B942463146281D26F02BF923
S214016CA0C5F824802F602046BDE8F0816FF0860489
S214016CB0F9E76FF08504F6E70002C0032DE9F0411D
S214016CC00E4614460546002840D000293ED012B98B
S214016CD00020BDE8F08103681F4823F47E13834239
S214016CE037D1AF6BE7B1C7F1100807F1280042456D
S214016CF0284404D226F0FFF83C44AC63E8E7424659
S214016D0026F0F9F81022103C3C19AA63E0D0284678
S214016D1005F128011BF0EFFB0028DAD14644A863F1
S214016D20102C0CD9671E27F00F073A463146284625
S214016D301BF0E1FB0028CCD1E41BC9D03E4422461F
S214016D40314605F1280026F0D6F8D6E76FF0860022
S214016D50BFE76FF08800BCE70002C0032DE9F043EF
S214016D6088461F4605468BB070B169B163B10368AA
S214016D70234923F47E1088423ED113F47C1FC3F3CB
S214016D80054604D0102E03D96FF086042AE010269B
S214016D9096422BD8FFF734F9044618BBAB6B05F1C6
S214016DA02802CDE901236B6A2A1DCDE904231023AD
S214016DB0CDE9083007AB1A460390069005F13C0969
S214016DC001A904A8CDF81C90FEF7C2FD0546FFF701
S214016DD023F904466DB928B932464946404626F09D
S214016DE08AF83E6020460BB0BDE8F0836FF0890458
S214016DF0F8E76FF09204F5E76FF08504F2E700BF5D
S214016E000002C00307B56B46054A1068516803C304
S214016E106846FDF741FF002003B05DF804FB00BFA4
S214016E2068E3030013B50024064A6846536F43F02F
S214016E300103536700948DF80440FDF765FE204674
S214016E4002B010BD0040005030B58BB06C46174DF7
S214016E500FCD0FC40FCD0FC495E8030084E80300DF
S214016E60134BD3F84C21120317D4D3F85041E4B294
S214016E708DF81940FDF784FC204480F308008DF856
S214016E8018000C48FCF74CFC6846FDF793FB3220D3
S214016E90FDF7AEFC00200BB030BD074B1C884FF64B
S214016EA0FF739C4208BF8C24E2E700BF70E3030037
S214016EB00080E00F00F049020001E00F6FF00402CD
S214016EC0502110B50A480B4C12F0800FD3B21BBFED
S214016ED003F00F03043BA3181B1802F101020CBFB9
S214016EE083F800131976402AEED1002010BD00BFAA
S214016EF000ED00E000E100E010B504461AF0DEFD0A
S214016F00024B1C601AF0DEFD002010BD241E00207E
S214016F1010B51AF0D3FD034B1C681AF0D3FD2046BA
S214016F2010BD00BF241E002038B50446026C136C49
S214016F305906FCD50023E16C1A4694F84800FEF782
S214016F404DF80023616D1A4694F85000FEF746F896
S214016F5094F86830DA0706D50023E16D1A4694F8EE
S214016F605800FEF73BF894F868309B0706D50023D7
S214016F70616E1A4694F86000FEF730F80122206C24
S214016F80002100F500539A6404220A4D9A641AF00F
S214016F90EAFD0021606CFDF703FA284604F16C0156
S214016FA01AF07EFB2B6813B9034800F06BFD002036
S214016FB038BD00BF281E00202C1E0020012910B558
S214016FC005D8064B1C686C3C14F16C0F00D110BD43
S214016FD0206C05211AF0C7FDE46EF4E7281E002098
S214016FE02DE9F0438DB01C4606AB06468946184689
S214016FF0904600211822149D25F0A4FF227903460D
S2140170000AB18DF818200127C8F81C30637930467C
S214017010002B14BF3B460223CDE903336A4B4A4695
S21401702002936A4B29460193694B8DF81E700093B3
S214017030684B00F03BFA0646002840F09E80A368A5
S21401704039466B64A3693A206B65237DDFF89C9112
S21401705085F850302369EB64237B85F84830236A32
S214017060EB65237F85F85830A36A6B6694F8243065
S21401707085F8603023682B64FDF792F93B460422BD
S2140170802169207BFDF7AAFF3B460222A169207DEC
S214017090FDF7A4FF88F8006085F868603946A068A7
S2140170A0FDF77EF96379394633BB4FF4C060FDF7CF
S2140170B077F9D9F82032414623F0030343F002035F
S2140170C02068C9F820321AF05BFD0222424B216982
S2140170D0C3F8C020227B42EA0142C3F8D020A1694E
S2140170E0227D42EA0142C3F8CC202379032B69D8DA
S2140170F0DFE803F02E1947604FF48060FDF750F982
S214017100D9F82032414623F0030343F00103C9F8BE
S214017110203220681AF031FD95F8683043F00403F8
S21401712085F86830D1E7002795F8683043F0010309
S21401713085F8683000230222216A207FFDF74EFF82
S214017140226A237F43EA0243244AC2F8C430F7B9CD
S21401715004222B6C052103F580539A6420681AF0EB
S21401716002FD1F4B1B681BB91E491F4800F078FC27
S2140171701B4805F16C011AF08FFA30460DB0BDE8D8
S214017180F08395F8683043F0020385F868300023F1
S2140171900422A16A94F82400FDF720FF01230F4A78
S2140171A0A16AC2F8C03094F8243043EA0143C2F819
S2140171B0C830CDE795F86830012743F0030385F81A
S2140171C06830B7E72326D8E7296F0100EF250300CB
S2140171D0D72503001F26030000C4035000D4035024
S2140171E0281E0020140B00202C1E002000800050BA
S2140171F0034B0222186800238068194619F026B945
S214017200180C002030B51446054687B010461BF012
S21401721092FA6369024683423CBFD4E903315B18A4
S2140172201B1A7BB10F49284603910021CDE9013194
S214017230012304940093D4E900131AF00BFB0020F9
S21401724007B030BD0122627694F82D20002AF6D0D0
S21401725084F835301321E369204698472046636A4F
S2140172609847ECE7057201002DE9F04788B004461F
S2140172708846174699461AF028FC8246002F7AD08F
S214017280237E03F0FF02002B00F0A28020461BF0B5
S21401729052FA6669B04205D1637ED4E903521544B9
S2140172A0AD1B01E0F9D9851BBD4228BF3D461AF04A
S2140172B00CFC94F82D300646002B6DD12A4640462C
S2140172C0616925F018FE63692F462B44636121E04E
S2140172D0037803F0FD0111295BD1216B814205D1B1
S2140172E0A3F111014B424B4184F83430013F6369ED
S2140172F0216B01328B4203F1010308BF23636361F3
S21401730095426069E4D1D4E90323216B1344994281
S21401731000D122630025D4E903236169134499420D
S21401732008BF6261207A6576FCF79CFC20461BF05C
S21401733002FA6369834232D1257694F82D30E568E6
S214017340656103B125632046636A9847214B2A4647
S2140173500393002302932369216801930123207A72
S2140173600093049463681AF075FA207AFCF79AFC85
S21401737030461AF0B0FB5046C9F800701AF0ABFB65
S214017380D9F80030002B0CBF1B20002008B0BDE848
S214017390F08708F8013BAAE72F460022B0E7012351
S2140173A0207A23760DF11E01FCF7E4FC9DF81E30D1
S2140173B0002BDAD00DF11F01207AFCF7B3FC9DF803
S2140173C01F100029D1D12246207AFFF71BFFCCE7F8
S2140173D01746D0E705720100002808DB01234209A1
S2140173E000F01F0003FA00F0014B43F8220070473B
S2140173F000E100E0002809DB0122430900F01F003C
S21401740002FA00F0024A603342F82300704700BFD8
S21401741000E100E070B504460568FFF779FD844297
S21401742002D10020FFF768FD95F93600FFF7E2FF6D
S21401743095F93630002B0DDB01215A0903F01F03A5
S21401744001FA03F31849203241F82230BFF34F8F77
S214017450BFF36F8F95F93700FFF7CCFF95F93730FB
S214017460002B0DDB01215A0903F01F0301FA03F378
S2140174700D49203241F82230BFF34F8FBFF36F8F93
S214017480287AFCF72FFC287AFCF792FBFCF76EFBB8
S21401749000232846C4E90033C4E90433A360AB6A79
S2140174A0BDE87040184700BF00E100E02DE9F0415B
S2140174B00C461546064686B04022002120461F4649
S2140174C025F040FD95E8030000232A692376EB6842
S2140174D084E80300C4E904232A7DE36084F82C20B1
S2140174E0AA7D2363012384F8343084F835300C9B5D
S2140174F084F82D2023620D9BE76163620E9BA362D5
S2140175002B7A84F836306B7A84F837302D4B34601A
S21401751073602D4BB3602D4B33612D4B73612D4B37
S214017520F360FCF76BFB38B12B4B984204D0102468
S214017530204606B0BDE8F081002104F10800FCF702
S214017540E5FA07460028F2D14FF00108234B3362D3
S214017550234B84F83C80B361224BF3619DF84030A5
S21401756084F8390084F83B309DF83C30204684F896
S2140175703A30697D84F838801BF0EDF895F90900FA
S214017580FFF738FF95F90900FFF726FF164B04941D
S214017590CDE902732369CDE900836368E268216857
S2140175A0207A1AF057F904460028C0D195F9080048
S2140175B0FFF720FF95F90800FFF70EFF3046FFF7AB
S2140175C09BFCB5E7A7270300697201002527030086
S2140175D02B27030015740100038000F0FB2603002F
S2140175E0572703003127030005720100BFF35F8FA1
S2140175F0074B5A6A22F480325A62D3F8942022F05A
S2140176000102C3F89420BFF34F8FBFF36F8F70470B
S21401761000ED00E070B52648264CFFF7E7FF8442F0
S21401762008BF4FF08043244A18BF20F01F03D2F84A
S214017630C01018BF203B21F0FF0141F0A001B3F1BB
S214017640005FC2F8C0100CD31C4D1D4E296843F0D4
S2140176500103C2F898100131C2F89C60C2F8A0304C
S2140176602960844210D01548164B0268124923F04F
S2140176701F0343F00303C1F89820C1F89C30124B56
S2140176800132C1F8A0300260BFF35F8F05220A4BBA
S214017690C3F894205A6A42F480325A62BFF34F8F7D
S2140176A0BFF36F8FBFF34F8FBFF36F8F70BD00BFF8
S2140176B0380D0020100F002000ED00E0341E0020E1
S2140176C0030000202F0F0020E1FFFF3FF8B514460E
S2140176D0FFF78CFF1F2C27D90027C2062A4D1CBF97
S2140176E020F01F0020302A68CB06284B18BF21F057
S2140176F01F01FCB2A24219D8D3F8C04020F01F00E7
S21401770024F47F4444F4807421F01F01C3F8C04080
S21401771040F00300C3F8982041F003010132C3F89A
S2140177209C00C3F8A0102A6000201AE0C3F8984015
S214017730D3F89C40D3F8A06024F01F04A04226F0A2
S2140177401F0601D1B142EFD0B04201D8A14207D203
S214017750D3F89840013724F0FF04C3F89840C8E7EF
S2140177602820BFF35F8F0522084BC3F894205A6A7E
S21401777042F480325A62BFF34F8FBFF36F8FBFF36D
S2140177804F8FBFF36F8FF8BD341E002000ED00E071
S214017790BFF34F8F0549064BCA6802F4E0621343F4
S2140177A0CB60BFF34F8F00BFFDE700BF00ED00E0E9
S2140177B00400FA05054B1A782AB95B78002B14BF2A
S2140177C00220032070470120704700BF1B2B0020BA
S2140177D00329F8B598BF124B05460E468CBF002408
S2140177E05C5C032805D8DFE800F002080B0E44F0C5
S2140177F002040C4B1F684FB9F8BD44F00804F8E7C3
S21401780044F02004F5E744F08004F2E77B681A6848
S214017810144203D0314628465B6898473F68EAE73A
S21401782098E303005C1E002038B5104D2B78ABB1F1
S2140178300F4C23781BB100F0A9FB00232370002016
S2140178401BF051F80B4C50B100F0F2FB0023012164
S21401785020782B70FFF7BCFF0123237038BD01226F
S214017860054B1A702278054B1A70F7E71A2B002081
S214017870152B0020132B0020192B0020202B002075
S21401788010B51AF01BF9064B04461B781BB1BDE870
S21401789010401AF017B9FFF7C7FF2046F7E700BFF9
S2140178A0142B0020002814BF0121FF21074A13785A
S2140178B00B44137008D0064B1B78012B04D9054BDB
S2140178C01B780BB9FFF7B0BF704700BF1B2B00201A
S2140178D0132B0020192B002070B51AF0EFF8124E6A
S2140178E0054633789BB900F0D7FC044620B12846FC
S2140178F01AF0E8F8204670BD0C4819F0CAFE00F0F0
S214017900C3FF0B4B1C6000F08DFD0A4B186000F0A6
S2140179101BFA1AF0EAFF084B0024186001232846D8
S21401792033701AF0CFF8E5E7162B00205C1E002016
S214017930641E0020601E0020581E002000292DE92C
S214017940F34114BF0121FF21254A00F1FF30135CEA
S2140179500B4413543AD0234E3178012936D9FFF718
S21401796029FF0128044634D81F4F1AF0A7F83B78A0
S2140179701BB31E4D2B781BB901222A701C4A1370AB
S214017980DFF8708098F8003033B1019000F0FEFA0D
S2140179900023019888F800301AF094F801201AF0B4
S2140179A0A2FF1AF08BF82B782BB1019000F040FB68
S2140179B0002301982B7000233B701AF083F830786F
S2140179C0A04203D02146FFF703FF347002B0BDE8A2
S2140179D0F0810329F3D10228F1D11AF08AFFEEE7EC
S2140179E01B2B0020132B00201A2B0020142B002009
S2140179F0192B0020152B002010B504461AF05EF84E
S214017A00002C14BF0121FF21064A13780B44DBB278
S214017A101370B3FA83F3BDE81040034A5B09137091
S214017A201AF050B81E2B00201D2B002068B51AF046
S214017A3045F8094B06461B78012B04D81AF042F884
S214017A400025284668BD054B1D6800F03BFB054434
S214017A5030461AF037F8F4E7132B0020641E002096
S214017A6038B5416004461AF029F80546214604480F
S214017A7019F012FE2846BDE838401AF023B800BFB8
S214017A805C1E002013B501901AF018F804460199FF
S214017A90044819F005FE204602B0BDE810401AF071
S214017AA011B800BF5C1E0020054B1B685843054BF0
S214017AB000F5742000F23F20B0FBF3F0704700BFE2
S214017AC0601E002040420F002DE9FF47EFF31086AD
S214017AD072B600E000BF19F05CFD002800F09B8044
S214017AE0704D714F2B7823B10020FFF7DBFE00238A
S214017AF02B70FFF75FFE0446002800F09380841E7B
S214017B00E4B2012C40F29680FFF754FE012880462D
S214017B1004D9664B1B780BB900F0BCF9644CDFF84E
S214017B20B0912078DFF8ACA140450AD0002389F84F
S214017B3000309AF8003013B94146FFF749FE84F841
S214017B40008099F800303BB12378022B04D1002342
S214017B5089F8003024F0F5FEB8F1010F0FD9DFF8EF
S214017B604C8198F8003053B9524B1B7823B900F07A
S214017B7007FA0122504B1A70012388F8003020784A
S214017B8000F08AFA9AF8003013B14C4B1B78237038
S214017B9000E000BF06B962B6EFF3108672B6484B36
S214017BA01A7852B100221A70444B20781B789842FA
S214017BB003D101212170FFF70BFE384600F0A6FB2A
S214017BC019F0FCFC804600288CD1384F89F800005B
S214017BD03B789BB1DFF8E0908AF8000099F8003016
S214017BE01BB100F0D3F989F8008000201AF07BFE63
S214017BF000284ED000F01CFA00233B702B7823B1EE
S214017C000020FFF74FFE00232B7000212078FFF79E
S214017C10DFFD0023237000E000BF06B962B604B0A2
S214017C20BDE8F0872B78002B3FF46EAFFFF73AFEE6
S214017C302C7069E7002003A900F0ACFB044600287D
S214017C407FF462AF1F4B039A1B689A4205D8012046
S214017C50FFF728FE01232B7056E71B4BD3F8008055
S214017C6000F030FA039B80449845F0D200F042FAC7
S214017C7000280CBF00230423039943F00203CDE937
S214017C80004338462346114AA1EB08011AF032FE9A
S214017C903AE7012000F000FA06B962B6EFF3108663
S214017CA072B6A2E71F2B0020381E00201A2B0020D8
S214017CB0132B00201E2B0020152B0020202B00202C
S214017CC0182B0020581E0020641E00208178010019
S214017CD01D2B0020192B002010B519F0EFFE0022F5
S214017CE0044B1C781A7019F0EDFE00F00FFD2043CE
S214017CF0C0B210BD172B002073B5114E0446337861
S214017D00834212D000238DF8043080B102238DF80F
S214017D10053001A8FCF798FE0A4D402054B1FFF744
S214017D20C3FE2B68181A2860347002B070BD8DF837
S214017D300500EEE7FFF7B8FE2B681844F3E700BF2F
S214017D401D0D0020AC1E002073B5002401A88DF87F
S214017D500440FCF73BFF2046FFF7CEFF414A42496D
S214017D60136F424803F007030B60D2F80011404D31
S214017D7001F0030101604FF400203E49032B4866E1
S214017D804FF40030486601F598318969C1F3400126
S214017D9029705ED0D2F8203103F00303981E4342C7
S214017DA04341D2F82421344C02F00702022A08BFCC
S214017DB043F001034FF4C8702370FFF775FE2F4B95
S214017DC02F4A18600A2316682E49013B13F0FF0359
S214017DD041F8040BF9D100EBC003304418442B786A
S214017DE01060294D6BB323781E4A3BB9D2F8003197
S214017DF003F00303591E4B424B412370D2F8003166
S214017E0003F00303022B26D0032B27D0012B18D116
S214017E10FBF780FCA8B11D4B411EDC68002302461F
S214017E2008461946C4F30B04194E013404EB8404C6
S214017E30E4FB060118F03AF8FFF736FE2B68184403
S214017E4028601F20FFF730FE2B681844286002B018
S214017E5070BD0123A5E7FBF777FCDBE719F011FC02
S214017E60D8E700BF00800050741E0020681E002066
S214017E70222B002000900050252B0020A81E002059
S214017E807C1E0020801E0020AC1E002000C0015079
S214017E9040420F00074A0849D2F8203103F0030395
S214017EA00B60D2F82431054A03F00703136019F07A
S214017EB017BE00BF008000506C1E0020701E002000
S214017EC008B5104B1A78C2B100221A700E4B1A6F01
S214017ED022F0070242F001021A67D3F8202142F08D
S214017EE00302C3F82021D3F8242122F0070242F02E
S214017EF00302C3F82421FBF7F7FB0122034B5A6761
S214017F0008BD00BF232B00200080005000E0005079
S214017F100122154B10B55A67144B154C1B7813B339
S214017F2002201AF07DFDF0B100F068FAD8B1A36D19
S214017F30D90302D5E36D9A0715D40D4B9B6DDB076C
S214017F4011D401220B4B1A701AF055FDBDE81040F2
S214017F50094B0A4A1860136F23F0070343F0030323
S214017F601367FBF7C1BB10BD00D00050252B0020C6
S214017F7000C00050242B0020781E002000800050F6
S214017F800122014B1A707047232B0020F8B51F4BB6
S214017F901B78002B39D01E4C2378B3B91D4B9A6D34
S214017FA0D10302D5DA6D92072FD49B6DDB072CD453
S214017FB01AF021FD184B194A1860136F23F00703B6
S214017FC043F003031367FBF78FFB1AF014FD124B04
S214017FD0134D1B68134EC01A2B78134F56F82320E7
S214017FE046F82300111A3A681048521A0A213A60D4
S214017FF00932B2FBF1F20133DBB20260B3FBF1F2FC
S21401800001FB12332B7000232370F8BD252B0020B3
S214018010242B002000C00050781E00200080005055
S214018020212B0020801E00207C1E0020A81E002080
S21401803008B519F057FD124B12491A6F096822F05C
S21401804007020A431A671049D3F82021096822F06B
S21401805003020A43C3F820210C49D3F824210968F6
S21401806022F007020A43C3F82421094B1B7813B1F7
S2140180700122084B9A62BDE80840FBF735BB00BFFA
S21401808000800050741E00206C1E0020701E002010
S214018090252B002000E0005002280AD003280BD030
S2140180A001280CD1064A136923F00403136130BF7B
S2140180B070470020FCF7D4BC0020FCF7FDBC7047DD
S2140180C000ED00E0054B1B781BB1054B1B6803EB6D
S2140180D0D303044A10681844704700BF252B0020BC
S2140180E0A81E0020AC1E00200122014B1A7070470A
S2140180F0252B0020014B1878704700BF252B002048
S21401810010B51AF086FC0A4C0A4B19682368C31A84
S21401811001B10BB9206010BD4A699A423ABF9B1A59
S2140181200022D21A4A6128BF00238968F0E700BFFF
S214018130B01E0020BC1E0020C38870B504460D4644
S2140181403BB9FFF773FC8542064602D21AF0BEFB26
S21401815035460F4965610B68ABB90C60A36011E049
S214018160AD1A9A68184665612AB113465A69AA4239
S214018170F6D950B11A4613468460A36013B1596903
S214018180491B596170BD0020F0E70C60F5E700BFA0
S214018190BC1E002038B5134D2B685B6993B1124A9B
S2140181A0022014681C4400F02BFB204600F0F6FA6F
S2140181B000230E492A680B70D088800709D5012351
S2140181C00B7038BD022000F01BFB022000F03AFBCA
S2140181D0EEE79268002AF4D050690344012BEBD9EC
S2140181E0EFE700BFBC1E0020B01E0020272B00209A
S2140181F070B516469DF81420C0E903360271049A3C
S214018200BDF818300260002204460D468260C38025
S21401821006BB1AF0FEFB2844A0613DB9E368656120
S21401822013B120462168984796B1354619F046FCA9
S2140182300646FFF765FF29462046FFF77DFF074BF9
S2140182401B68A34201D1FFF7A5FF304619F03AFC9F
S214018250002070BD1AF0DDFB3044DDE7BC1E0020B7
S21401826000220C490B687BB183420AD183687AB13C
S214018270936083681BB15A6941690A445A610020B8
S21401828070471A469B68EEE70028EFD00220704739
S2140182900B60EEE7BC1E002070B519F016FC144EFC
S2140182A005463478FCB9134B1C60134B1C60134B0A
S2140182B01C8000F037FA012000F0A2FA1AF0BFFB8A
S2140182C00F4B0246186020B9284619F004FC2320FB
S2140182D070BD234640F2E7310A4817F0E7FD0A4B26
S2140182E0186001233370284619F0F5FB0020EFE7EC
S2140182F0262B0020BC1E0020B01E0020842A002051
S214018300B81E002018FCFFFFB41E00202DE9F04126
S2140183100546F8B119F0D2FB0F4F0646FFF7F0FEFF
S2140183202846D7F80080FFF79BFF044628B1304661
S21401833019F0C8FB2046BDE8F081A8453B6803D18B
S21401834023B1FFF727FFF2E7002BF0D1022000F060
S21401835063FAECE72224EDE7BC1E002038B50C4694
S214018360054698B191B100230B7019F0AEFB0121BF
S214018370074B1B680BB122781AB119F0ACFB002031
S21401838038BDAB4214BF9B682170F3E72220F7E7A4
S214018390BC1E00202DE9F0410746884619F095FBE2
S2140183A000260546134B1C6824B9284619F093FB92
S2140183B01B2012E063691E44E388BB420FD11AF00A
S2140183C028FB0D4C2368C01AB0420CD30022284665
S2140183D0C8F8002019F07FFB0020BDE8F081FF2FD0
S2140183E0EDD0A468E0E71AF014FB22683244121AB2
S2140183F0EDE700BFBC1E0020B01E002008B5074BED
S214018400187848B11AF0F7FA054B1B689B69C01A31
S21401841002288CBF0020012008BD00BF272B0020AA
S214018420BC1E0020014B1868704700BFB81E002014
S21401843038B5002140F2E734054B4FF47A721D68D7
S2140184400023E5FB0041204617F030FD38BD00BF94
S214018450B81E00200C4B70B51B680D46834211D325
S21401846040F2E73100248C462146084B4FF47A72DD
S2140184701E680023E0FB06C1604617F017FD286062
S214018480204670BD2120FCE7B41E0020B81E002047
S2140184902DE9F0419846002386B00E46174605465C
S2140184A08DF8133088B30DF11301FFF757FF9DF8D0
S2140184B0133063BB304605A9FFF7CCFF044600BB6B
S2140184C0144B4FF47A7219680023A6FB010117F0CA
S2140184D0EDFC0023C2F57A71EB8389B2BDF8343026
S2140184E0B1F57A7F14BFA983AC83059A02939DF8F0
S2140184F030301146CDE9008328463B46FFF778FE2B
S2140185000446204606B0BDE8F0812224F9E702249D
S214018510F7E700BFB81E0020F0B50C4616461F460A
S214018520054687B040B3204605A9FFF793FF08BB71
S214018530124B19684C434FF47A71B4FBF1F301FB0B
S214018540134400230C1BA4B28C4208BFA883EB8300
S214018550284618BFAC83FFF7D9FEBDF83430059A1C
S21401856002939DF830301146CDE900732846334614
S214018570FFF73EFE07B0F0BD2220FBE7B81E002045
S214018580014B1868704700BFB41E00200F4B10B592
S2140185901A689AB14FF47A71531E1342A0FB010177
S2140185A00ED1B2FA82F2C2F11F04531CD243E0404C
S2140185B001FA03F3184321FA02F20243104610BDF2
S2140185C0002317F073FC0246F8E700BFB81E002030
S2140185D0C2072DE9F84304460BD5494A13880133EF
S2140185E09BB21380FFF78CFD464B1B680BB1FFF760
S2140185F0D1FDA30740F1818019F067FA4FF000081A
S21401860005464646FFF77CFD3E4F3C680CB1636964
S2140186108BB100223C4B012E1A7003D118F0020FC9
S21401862018BF1E70002C58D0FFF7B4FD2846BDE8D1
S214018630F84319F050BA23461A792179914288BF36
S2140186401C469B6813B15A69002AF5D0284619F0D2
S21401865042FAD4F81080B8F1000F42D01AF0D9F9D6
S214018660A269851AEB17454573F100033ADB2369C6
S2140186701344A36101232269CAB1C3B9A38BB8EB22
S214018680050533B1E28B13449BB2B3F57A7F1CD256
S214018690E38319F01AFA804629462046FFF74CFD77
S2140186A0A369226940461344A36119F014FAE368EA
S2140186B0B4F80680013613B120462168984719F0B0
S2140186C004FA0546FFF71CFD9FE7A3F57A73E383DB
S2140186D0A369013D013BA361DBE7022000F09CF8A2
S2140186E0A4E7454619F0F1F981462046FFF7B8FDA3
S2140186F0484619F0F0F90023BDE7BDE8F88300BF4E
S214018700842A0020BC1E0020282B002010B519F05A
S214018710DCF9034B1C7819F0DEF9204610BD00BFCA
S214018720282B00201FB50024194B012118689A88B0
S2140187300290D3F806009B7A00903E20ADF80C20FC
S2140187408DF80430FBF72CFE02A88DF808408DF852
S2140187500C40FCF7F3FD694601208DF80040FCF75C
S214018760B1FD40F2FF320B4B9A615A614FF0B042B5
S214018770936A13F00803FBD113620120FCF7BCFDDA
S2140187804FF48052044BC3F880211A6004B010BD28
S2140187909CE303000020005800E100E010B5044609
S2140187A019F08CF94FF0B042936A1907FCD4136A9A
S2140187B0116C5269520604D4CA1A032A01D8994286
S2140187C00ED1E21A022A98BFDC1CB4F1FF3F38BF73
S2140187D0013C4FF0B04340221C6403F580539A617C
S2140187E019F070F9054A13783BB14FF0B041CB6BE5
S2140187F043F00203CB630023137010BD1E0D00204F
S21401880000F001038207034A48BF43F04003936127
S214018810704700BF00100058820700F001030AD518
S2140188200121064A43F0400311704FF0B041CA6B74
S21401883022F00302CA63024A936170471E0D0020AC
S21401884000200058830742BF4022014B5A617047FF
S2140188500010005810B519F038F94FF0B04304462F
S2140188605B695A06074A03F0010003F0510348BF4B
S21401887040F002005361FFF7ABFE2046BDE8104012
S21401888019F029B9002000580A4B10B5D3F8403228
S21401889003F00303013B012B0BD819F00FF9044633
S2140188A001210220FFF74AF82046BDE8104019F0E2
S2140188B009B910BD008000501FB51BF0BDF804F0CB
S2140188C0F1FA1CF04BF81DF0E0FA064A01AB10680D
S2140188D05168127A03C301A81A7002F06FFB05B043
S2140188E05DF804FBA7E30300024A0349034807F0C7
S2140188F079BB00BFB0E30300FCE30300D4E303004D
S21401890010B50A46044619B1024B00211B68984768
S21401891010BD00BF1C0B00200E4B0340B3F1607F5F
S21401892006D1B1F5885F14BF6FF08600002070474E
S214018930B3F1707F0BD101F4E043B3F5005F06D1CC
S21401894011F4E06F0CBF6FF08600002070476FF0E7
S214018950860070470000C07F8A42F8B507460D467C
S21401896000F021819B4822F0FF01814210D09A4CF1
S21401897022F4FF7323F00103A34209D0974B9942D7
S21401898006D0974922F47F7323F003038B4223D149
S21401899025F0FF01814210D08F4825F4FF7323F0A4
S2140189A00103834209D08D4B994206D08C4925F4A8
S2140189B07F7323F003038B420ED115F0FF030BD018
S2140189C0884943F000738B4206D16A4032F0FF03B8
S2140189D00CBF01200020F8BD05F0FE43B3F1A06FE7
S2140189E017D102F0FE43B3F1A06F40F0DE8082EAB9
S2140189F0050333F47E1340F0D88015F40040EAD026
S214018A00C5F30540C2F3054290428CBF0020012009
S214018A10E1E7B3F1407F40F0B38002F0FE43B3F1EB
S214018A20407F40F0C28082EA050333F47E1640F0B0
S214018A30BC8039462846FFF76FFF002840F0B58016
S214018A40694C12F47C1C04EA020438D0B4F1607F4D
S214018A50C2F3054C7AD16549D3B243F000738B4219
S214018A6078D003F17E410439012975D960498B42DA
S214018A7076D001318B4275D001318B4274D00131F1
S214018A808B426BD001318B426AD001318B4269D067
S214018A9003318B4264D001318B4263D001318B426A
S214018AA062D001318B4208BF402615F47C1FC5F306
S214018AB005435BD1664514BF002001208BE7B4F166
S214018AC0607F2BD14949D3B243F000738B426ED0FD
S214018AD003F17E41043901296CD945498B426FD097
S214018AE001318B426FD001318B426FD001318B4205
S214018AF063D001318B4263D001318B4263D00331A5
S214018B008B425DD001318B425DD001318B425DD00D
S214018B1001318B4208BF4FF0400C9CE7B4F1707FE7
S214018B20C3D107F4E043B3F5005F05D14FF0010C64
S214018B30C7F302230CFA03FC07F4E043B3F5005F26
S214018B40B3D10126C7F302239E40AEE7B4F1707F8E
S214018B50ABD1F1E71026A8E71426A6E74026A4E73E
S214018B601C26A2E72026A0E730269EE712F47C1FEB
S214018B7001D1B34217D02A047FF52DAF634544E7F0
S214018B80B3F1106F11D125F01F6323F4702363B97D
S214018B9002F0FE43B3F1106F07D11648104040F0C3
S214018BA01060A84287E7012015E7002013E74FF081
S214018BB0100C50E74FF0140C4DE74FF0400C4AE70D
S214018BC04FF01C0C47E74FF0200C44E74FF0300CF9
S214018BD041E700BF00130006000200060009000678
S214018BE000040006FF0000020000C07F0300000230
S214018BF0080000020000FFF62DE9F84317460022A0
S214018C0088461C4600F0ACFA0546002859D1D8F82B
S214018C100060B6F8009009F4E043B3F5804FF368BE
S214018C2008BF27F0010737EA030342D1002C48D0DA
S214018C302E4A24F0FF03934211D02D4924F4FF72EB
S214018C4022F001028A420AD02A4A934207D024F42B
S214018C507F7222F0030201F500718A4234D114F0CA
S214018C60FF0231D021498B4211D0214824F4FF71F3
S214018C7021F0010181420AD01E498B4207D024F41B
S214018C807F7323F00303A1F5A0618B4204D142F068
S214018C900073194A93421ED0224648463169FFF7AF
S214018CA05BFE074668B9224648467169FFF754FEDF
S214018CB0D0B96FF0840500233046C8F800301AF0AA
S214018CC067FD2846BDE8F88304F0FE43B3F1407F14
S214018CD004D12304E0D56FF08605ECE7B3F1A06F6D
S214018CE0F7D0054B9C42D6E73D46EAE7001300065F
S214018CF00002000600090006FF00000200F0FE4325
S214018D00B3F1407F70B505460E4602D06FF086007F
S214018D1070BDFFF701FE0028FAD115F47C1F05D0BF
S214018D20C5F30543032B13700DD86BE04D4B2B4059
S214018D30B3F1607F69D14C49EBB243F000738B42CB
S214018D4031D110231370474C2C40B4F1607F6AD1A7
S214018D504549EAB242F000728A4279D002F17E4178
S214018D600439012976D941498A4275D001318A42AE
S214018D7074D001318A4273D001318A4211D0013157
S214018D808A4269D001318A4268D003318A4263D06F
S214018D9001318A4262D001318A4261D001318A4270
S214018DA0B4D140214DE003F17E410439012901D8B7
S214018DB01423C7E72D498B4201D11C23C2E72C4956
S214018DC08B4201D12023BDE72A498B4201D13023B2
S214018DD0B8E729498B4201D14023B3E727498B42A3
S214018DE0EBD001318B42EDD003318B42E5D001311E
S214018DF08B42E7D001318B42E9D001318B42EBD077
S214018E00002313706FF0850082E7B3F1707FF7D10E
S214018E1001F4E043B3F5005FF2D10123C1F302216F
S214018E208B40DBB27EE7B4F1707F7FF46FAF06F460
S214018E30E042B2F5005F7FF469AF0121C6F302227A
S214018E4091408B423FF662AF142B7FF661AFD9E7B4
S214018E501021F6E71421F4E71C21F2E72021F0E7C0
S214018E603021EEE70000C07F030000020800000288
S214018E70090000020A0000020B0000020C000002BA
S214018E8037B50B4D0C462B787BB100230A46019370
S214018E90014601AB281D19F05FFB20B9019BA342D7
S214018EA018BF6FF0930003B030BD6FF08800FAE78B
S214018EB0C01E00202DE9F04F00249B4601F0FE4322
S214018EC097B0B3F1806F0E46DDE920899246229F66
S214018ED0089440F081800B464FF4807208A9FFF792
S214018EE08BFE0546002841D1DDF820C00DAC654655
S214018EF0CDE914000FCD0FC495E80700BCF800308B
S214018F0084E8070003F4E042B2F5005F1BD113F4D6
S214018F10E06FC3F3022116D0334826F480728242F2
S214018F200AD000F50070864206D03048864203D04B
S214018F30A0F53F40824206D101248C40102C0DD969
S214018F406FF0830512E042F20402934202D1284BED
S214018F509E421ED0274B9E421DD10D24A14538D3DB
S214018F60214609A8FFF78CFF0546A8B108981AF014
S214018F700FFC0646A5BB90BB24B12246404609A974
S214018F8023F0B9FF3B6823443B60304617B0BDE889
S214018F90F08F0C24E2E70024089BD3E90912B8F10C
S214018FA0000F14D008EB04000E9DA9EB04032D0A54
S214018FB012D1CDE9053709ABCDE903B00093CDE970
S214018FC0014A33460DA8FDF72DFB0546CEE7404680
S214018FD0EAE76FF08905C9E76FF08605C6E705463B
S214018FE000232E463B60D0E70010C00400FF40047B
S214018FF0000180040013C00408B500F05FF8064BBA
S2140190005A7812B10022C3E90122BDE808400C21BA
S2140190100148FFF775BC00BFC01E002070B50C4D9F
S2140190202B7883B919F096FA044670B90223012603
S214019030C5E90100AE706B7000F038F8044620B93F
S2140190402E70204670BD0024FBE7FFF7D5FFF8E73A
S214019050C01E002000F100420332022A38B5044641
S2140190600D4609D82C21104B01FB02339A68824227
S21401907017D100202B6038BD01211AF03CFB68B1E6
S214019080094B9A689442F4D05A6B944204D01A6EF3
S214019090944206D15833ECE72C33EAE76FF08700A9
S2140190A0E9E76FF08B00E6E7CC1E00200122024BB9
S2140190B0002083F884207047CC1E002070B5094C30
S2140190C000252646042120461AF025FB01352046B8
S2140190D019F0D3FE032D04F12C04F3D1002386F8F6
S2140190E0843070BDCC1E0020F8B51B4C064694F8A3
S2140190F084300F464BB300252346294693F82000BB
S2140191001A46B8B125B91A7912B1022808BF1D4608
S2140191100131032903F12C03F0D115B96FF08C004E
S21401912015E0042128461AF0F6FA98B9284619F0EF
S214019130A4FE2A46094B141BA4105C4304F1004408
S214019140033C346000203A6004E06FF0880000239E
S2140191503B603360F8BD00BFCC1E0020A38B2EBA47
S2140191602DE9FF4100230B60384B804693F884308D
S2140191700D461646002B66D0FFF76CFF0446A0B9D5
S2140191802EB9286804B0BDE8F0411AF0EEBA012EF7
S21401919004D00024204604B0BDE8F08105212868EB
S2140191A004B0BDE8F0411AF0B6BA10F18C0FF1D157
S2140191B0294601A8FFF798FF04460028EAD10123B3
S2140191C02F68CDE90200C7F8088038467B6003AAFD
S2140191D002A91AF07CFB044628B9DDE902123846DA
S2140191E019F0D7FD0446DDE902011AF06EFB2CB931
S2140191F0022138461AF08FFA044660B10421286825
S2140192001AF089FA286819F038FE14F18C0F08BF95
S2140192106FF08704BEE72868C368D90444BF43F4E7
S2140192208063C360C3689A0444BF43F40063C360A9
S2140192301EB91AF09AFA0446ACE7012EA9D1052107
S2140192401AF069FAF7E76FF08804A3E7CC1E00204E
S21401925030B40D4D2C681C606C685C6000249C600A
S2140192605468DC6014881C8254885C82D4685C6113
S21401927014699C61526930BCDA6119620A4601467A
S21401928003F1240023F037BE62E403002DE9F8431E
S214019290232904460F4691469846089E04D86FF047
S2140192A098052846BDE8F8830822194923F013FEDD
S2140192B005460028F3D1A368002BF0D1216A243F8C
S2140192C0B942C8F80010EAD8B1F5005FE7D271B923
S2140192D0C9F80000E3687360238A3380638A738069
S2140192E06369F360A3693361E3697361D9E70120B8
S2140192F019F0D3FBC9F8000030B1D8F8002004F10A
S214019300240123F0F8FDE5E76FF08C05C9E700BFFF
S21401931062E40300F7B505466B461646164A0C4648
S2140193201068516803C395F82A3008336B4413F864
S214019330087CAB8DDA0609D43346224639462846E0
S2140193401AF04FFB00F5FA7003B0F0BD204624F08A
S21401935081F8AB8D00F10A049B074FEAC40405D0DF
S214019360304624F077F804F50C740444E823781E9C
S214019370584304FB0700E5E76AE403009022174B15
S21401938010B51C68002102FB0044204623F0DAFDDC
S214019390134B04F108001B680021DB7863761BF091
S2140193A07BFF4FF40063E3842385072384F82A3088
S2140193B01323FF22A385236A84F8242043F0130392
S2140193C0236284F85420074B074A2046C4E91C321E
S2140193D0C4E92032BDE810401AF030BB541F00200B
S2140193E030210020D6BE898E55555500F0B5104B5C
S2140193F002461E6893F804C035464FF0FF3400233A
S2140194009C4508DC91B1631C10D0902303FB0460DB
S21401941080F82420F0BD95F8247028469742F9D0AC
S214019420FF2F08BF1C4690350133E9E70020F1E71E
S214019430541F002070B50446234D002842D0083042
S21401944002F04AF80026FF2304F1400084F8243095
S214019450E66123F093FF04F1440023F08FFF04F14B
S214019460480023F08BFF04F14C0023F087FF04F142
S214019470500023F083FF2868144B201A001158432C
S214019480C0B21AF0A5FA014630461AF09CFAE06E10
S21401949010B100F037FEE666606E18B11AF0ADFA4C
S2140194A000236366A06E1AF0A4FA0023A36670BDBB
S2140194B0286806FB0400FFF7BDFF01342B79A342A1
S2140194C0F6DCF4E79026F9E7541F0020398EE338DE
S2140194D0F7B504461DF0A2FEC0F30F23542B3ED968
S2140194E0AA2B34BF01230223C0B27E288CBF0222DE
S2140194F0012203218DF804301344B3FBF1F000EB95
S21401950040001B1A8DF805301344B3FBF1F202EB51
S21401951042029B1A8DF80630002318461D461A464D
S214019520104901AF4B7517F8016B44FA06FC1CF0A5
S214019530010F06D053009E40012330430132C0B2D2
S214019540D2B20135EDB2032DEDD103B148754B7D95
S21401955043EA82134B75FF230B7503B0F0BD00235E
S214019560C2E700BF541F0020064B1B68D97ADA7881
S214019570437E5B1A9342A8BFDAB2002142761AF004
S21401958099BA00BF30210020B0F862302BB9836849
S21401959013F4601F08BFA0F8623011B1012911D081
S2140195A070474369417E23F010034361064B1A68F6
S2140195B0D37A92780B449342D8BFDAB2012142762D
S2140195C01AF078BAFFF7D0BF302100202DE9F0411C
S2140195D00025344E8AB03379AB4203DC01200AB051
S2140195E0BDE8F0819023346803FB054494F82430E9
S2140195F0FF2B0DD0236A980106D504F1500840468A
S21401960023F020FF074628B9226A12F0A06F1ED168
S2140196100135E0E7BB7908A90C333B44D8689A7A50
S2140196201B8AC2F38012ADF8243000238DF81F2068
S21401963008901A460DF11F001AF0E6F938469DF813
S2140196401F2094F8241008AB1BF0B9FED7E7A38DB2
S2140196501D2B18D13C23FF210020CDE90431CDE993
S21401966002000121CDE9000004F12E03C2F380229D
S2140196701CF05FFA0028B2D04FF0A06104F1200080
S2140196801AF07FF9C4E712F0807F08BF3C214FF043
S214019690000218BF432194F8393094F824001CF0D6
S2140196A00FF8E7E7541F00202DE9F0411F46C36974
S2140196B004460D4616468BB169B918F006FA0646F9
S2140196C02946A06E1AF08FF9204629461AF0DBF9D2
S2140196D0304618F000FA0020BDE8F0810029FAD0E3
S2140196E0036A03F01203022B00F0BA80236ADD0737
S2140196F000F1BE8094F82430FE2B0CD104F1550005
S21401970002F00EFA02F004FA28B14FF4800104F1D7
S21401971020001AF02EF9256A614B2B40B3F5807FA5
S21401972000F0B980A8052FD5C5F3802504F12E08D1
S2140197300022414628461AF06DF9002184F85400AB
S2140197401AF079F94146002228461AF068F9A18DE7
S21401975020B194F95400002880F296804FF40071ED
S21401976004F120001AF00DF9A28D02F00302012A7D
S2140197700AD1414628461AF052F928B14FF4006141
S21401978004F120001AF0F5F8236AD90600F1818069
S214019790D4E910122046FFF7BDFD012F0ED040F28E
S2140197A07123E28C5A43904208D9228D5A43904243
S2140197B073D800F51C70B0FBF3F0E084394BE3611D
S2140197C0002384F83930236AE168B4F8625023F440
S2140197D0803284F83870226221613DB913F0100F8F
S2140197E00CBFC8253C25257605F2B3154EB140F2CF
S2140197F07121238D42F48032C3EB06134B43226260
S214019800E363236A43F400232362274B1B68DB7858
S214019810637618F05AF96369074643F0100304F1BA
S2140198200800294663611BF037FD012004F0C2F8E9
S21401983028B963691A075CBF43F00403636126B164
S2140198401DF028FDE36B0344E363204604F0BCF8F7
S214019850384618F040F90121A06E1AF0C4F83AE72C
S214019860406C23F0F7FD00287FF440AF0C2033E76F
S214019870E36E002B7FF43EAF00F0EEFBE0660028BF
S2140198807FF438AF092027E701F001011AF0D3F879
S2140198906AE7064B93E712201EE745201CE700BF48
S2140198A000014000AB39030030210020E59901009A
S2140198B070B500249026094D2B79A34200DC70BDBB
S2140198C0286806FB040090F82430FF2B04D0002300
S2140198D01A461946FFF7E8FE0134EDE7541F00204B
S2140198E02DE9F04F91F806B08DB00BF10C0B044644
S2140198F00E46012201EB0B050DF127000AA91AF00D
S21401990094F8824668B19DF827100AAF384600F0F1
S21401991021FC60B1304617F09FFB00200DB0BDE87A
S214019920F08FA97A05F10C07C1F38011EEE7E36E1B
S214019930E06695F807900793236A4846298956F802
S2140199400BB003F0100805F0A9FA8344B8F1000F34
S21401995039D1A9F10303012B94BF0323022340F25B
S21401996071225B0002FB03B21D4B1B685B796376B9
S21401997005F11803BAF1000F27D09DF8271094F8C7
S21401998024E0B8F1000F24D04FF0010CA87AC0F300
S214019990401095F90550CDE902E0CDE90071CDE919
S2140199A004C50121079800F04BFCB8F1000F05D063
S2140199B01DF017FC012120461AF065F8304617F015
S2140199C04BFB0120AAE70123C9E7A97AC1F380115D
S2140199D0D5E794F88FC001200CF00F0CD9E700BF33
S2140199E030210020012810B50C461CD0022822D0B8
S2140199F030BB08461AF07BFA40F27121E38C228DC7
S214019A0094F82A00D21AE36803F59C53083301FB45
S214019A1002332361FFF75CFD0A4B2046BDE8104088
S214019A20996804F027BA04F035F9844208D1BDE8F4
S214019A3010401DF0D6BB0846BDE81040FFF794BDA8
S214019A4010BD00BF541F002038B50A4D0020FFF797
S214019A50F1FCAB6813B100221A60DA801BF031FD0D
S214019A6000242B79A34200DC38BD2046FFF786FC94
S214019A700134F6E7541F002070B52A4C0546A0684D
S214019A8018B117F0E9FA0023A360FFF7DDFF002005
S214019A9019F0A2FF55B9032025712560E58217F05C
S214019AA027FA207919F098FF28B970BD022023F013
S214019AB0F8FDA06048B90025A0682571256060BB47
S214019AC0002019F089FF0720EFE700260320257103
S214019AD02660E68217F00CFAB542E2DD05EBC50119
S214019AE0090133460122032089B217F0B3F906466D
S214019AF00028E0D1032017F02BFA20600028DAD0E6
S214019B00902231466A4323F01DFA2379B342C8DD19
S214019B103046FFF733FC0136F7E717F09DFAA560EC
S214019B20CEE700BF541F002030B5174B826A1B6872
S214019B301206597926D5028F1C79436B1203B2FBA4
S214019B40F3F2631AB2FBF3F2B0F89C3003B1013BB7
S214019B50D0F8A05005B15B101B02B3FBF2F35B1803
S214019B600CD090F895200F2A08D91209B3EB820F72
S214019B70B8BF00234FEA8201A8BF5B1A9C42A8BF68
S214019B801C46E1B2417630BD30210020084B9A7E5A
S214019B9082420AD94FF4A4721B6802FB0030836A22
S214019BA013F0100F08BF002070470020704700BF59
S214019BB06C1F0020084A09491368C31AD810002BE5
S214019BC001FB00F005DB937E8342D8BF4FF0FF30E8
S214019BD070474FF0FF3070476C1F0020199C8FC1F3
S214019BE070B504460E4617F070FF3146054604F17F
S214019BF030001AF0C0F92046FFF7DCFF0121814052
S214019C0005481AF0B8F94FF4807006F0D7FB2846DD
S214019C10BDE8704017F05FBF901F0020F329F8B52C
S214019C2004460D46724E25D1338D63B9A36813F4ED
S214019C30601F00F0BA80238F626B1B01B3FBF2F347
S214019C40F32D9FB22DD120461AF029FAB4F89C7054
S214019C50002F40F0B380A36A13F0800F0CBF3E23A1
S214019C60082384F877302046FFF75EFFF32D36D1C0
S214019C70012057E07369590640F18F80836A1A07FD
S214019C8040F18B80336900F1400143601CF02DF9EF
S214019C90338D002BCAD0238F626B1B01B3FBF2F30B
S214019CA09FB2618FB4F89C209BB25B1A9A427EDC0D
S214019CB0736994F836019B074CBF002102211DF001
S214019CC067FB40F2022372699343BCD12046A4F895
S214019CD09C701AF0E5F92046FFF726FF0127A36AD4
S214019CE01807C5D5628F002AC2D013F4C05FBFD152
S214019CF0726912F00C0FBBD140F202239343B7D125
S214019D00D4F8A430002BB3D12046A18F1CF0ABFAB7
S214019D10002855DD638F0133984251DC0128A7D016
S214019D20013880B2236BA4F87C00590409D54FF49E
S214019D30804104F130001AF026F900212046FFF791
S214019D404FFFB4F87C20A38F94F870101344A387B8
S214019D50B4F89C309B1AA4F89C3094F86F3002FB40
S214019D6001332522B3FBF2F102FB113384F86F3085
S214019D704FBBA36A1A0702D41E4B1B68984720469E
S214019D8008211CF02AF920460221FFF729FF204668
S214019D90BDE8F840012103F067BE318D238F626B69
S214019DA000293FF443AF1B0178E7338543E7737F10
S214019DB0002B86D0032194F8360180E7012752E76D
S214019DC0608F0130ADE7204619F0F6FD2046A18FE1
S214019DD01CF0D3F8A36A05461B0702D4054B1B6883
S214019DE09847002DCBD02046BDE8F8401AF00ABAB5
S214019DF06C1F0020A01F00200022074B10B55A77C9
S214019E00202204465A611AF002F984F836012046E7
S214019E101AF059FF10BD00BF6C1F0020012810B5B5
S214019E200C462AD0022830D000283DD191F8953032
S214019E3060F3071381F895300846FFF7DDFFA36A44
S214019E4020461B0716D504F0A9FA042001F00AFFE4
S214019E5050B3164A937F3BB3D37F0133DBB2D3773C
S214019E6092F821209A421FD8BDE810404FF080603A
S214019E7006F0A4BA04F066FCE7E703F00BFF8442A1
S214019E8012D1BDE8104004F07DBA91F89530204615
S214019E90C3F30312013262F3071381F89530BDE86C
S214019EA01040F321FFF7BABE10BD00BF6C1F0020A3
S214019EB010B501F037FFFB22114B10F0020F1A7795
S214019EC00CBF012203224107197E48BF42F004025B
S214019ED062F3030119761A7EC2F3030161F30712D6
S214019EE01A764FF4417100221984DA76DA835A62BF
S214019EF01A611A85034BBDE810401B68184700BF5E
S214019F006C1F0020981F00202DE9F8434B4C054696
S214019F10A06818B117F0A0F80023A360022016F07D
S214019F20E7FF5FFA85F8002019F054FD40461AF065
S214019F305BFE0646002868D140461AF082F80746BE
S214019F40002862D1002D75D005EB850105EBC10116
S214019F50C90033460122022089B216F07BFF002891
S214019F6050D14FF4A479022084F81A8016F0F0FF3D
S214019F7009FB05F731463A46206022F0E3FF3246F8
S214019F802368681E03EB0901824233DB002DA7F527
S214019F90A4724FF00001D8BF002299502846636092
S214019FA019F018FD88BB40461AF03FF868BB4046DA
S214019FB01AF041F8074640BB002D16DD022023F0BB
S214019FC070FB0223A060C37183793946C3F1020294
S214019FD00C33D2B2184422F0B5FF0121A3689A7956
S214019FE013441A7B61F301021A73FFF761FF3046CF
S214019FF0BDE8F88309FB02FC013243F80C1001F5B9
S21401A000A471C1E7C4E90077A776002500201AF0FD
S21401A010EBFD00201AF015F82846C4E90055A57690
S21401A0201AF003F8284619F0D5FC022016F060FF56
S21401A0300726DCE72B46A5762560AFE76C1F0020D8
S21401A040014B987E704700BF6C1F0020014BD87EE5
S21401A050704700BF6C1F0020F8B5284D17F035FD7E
S21401A0606C681CB917F037FD2046F8BD4FF4A4768E
S21401A070012723686B60EB7E0133EB7617F02BFD2F
S21401A08032460021204622F05DFF04F128004021DF
S21401A090676119F070FF2B8B0722A4F8443194F8FE
S21401A0A03731002167F3030384F837314FF6FF7326
S21401A0B0A4F87A302B7FA4F8866084F8423144F203
S21401A0C09023A4F8403194F8853004F1080062F337
S21401A0D0030384F885300A4BC4F8883003F1CE5365
S21401A0E003F59813C4F88C3041F61B33A4F890306E
S21401A0F01B2384F892301BF0CFF8B5E76C1F0020C5
S21401A1004801480170B5044600261AF057F804F1D4
S21401A110080001F0E1F90D4B20461B689847C4E999
S21401A1200A6617F0D2FC05464FF4A4723146204663
S21401A13022F008FF064B28465A682260DA7E5C60E9
S21401A140013ADA76BDE8704017F0C5BC9C1F0020C6
S21401A1506C1F00202DE9F04106464FF480400F4663
S21401A16001F080FD044630B90E4B1D6893F81A8045
S21401A1707135A04502D80020BDE8F08155F8493C6C
S21401A180DA0609D5C3F38003BB4205D10622294668
S21401A190304622F0A0FE18B1013405F5A475E8E7B3
S21401A1A00B20E9E76C1F002008B5B0F894305A1C64
S21401A1B062F30B03A0F89430042001F053FD70B154
S21401A1C0074A937F0133DBB2937792F820209A42B5
S21401A1D005D8BDE808404FF0806006F0EFB808BD2E
S21401A1E06C1F002038B58B7905460B449B7D0C46C9
S21401A1F003F00303032B09D101212C3019F0BBFE18
S21401A2004FF4006105F1280019F0B5FE2146054816
S21401A210A56023F081F9BDE838404FF0005006F004
S21401A220CDB800BF781F0020014B1877704700BFDC
S21401A2306C1F0020014B187F704700BF6C1F002069
S21401A2402DE9F74F1D4616462A4604469DF8383036
S21401A2509DF83C8080F89B3052F8103B0F46C0F8C2
S21401A260283100F14401B8F1000018BF0120DDF8E3
S21401A27030A09DF840909DF834B005F0B9FD204619
S21401A2801BF0A4FE204619F0DEFE1DF087F84946B5
S21401A290024620461AF0C1FCC82320460DF10601ED
S21401A2A0ADF8063019F0C9FE47F6FF73A4F8303151
S21401A2B0AB88A4F82C31AB7984F82E31DAF800306B
S21401A2C0C4F87130BAF8043004F1280AA4F87530DD
S21401A2D0BBF1000F03D00421504619F04CFEB8F133
S21401A2E0000F04D04FF40051504619F044FE4FF4CD
S21401A2F0607001F0B7FCC0F3C018C3054FEA8818B8
S21401A30048BF48F08008810548BF48F4807817F0B8
S21401A310DCFB83464FF48261504619F02CFE414621
S21401A32004F12C0019F027FE584617F0D4FBBB1E8B
S21401A330012B7AD84FF40021504619F01CFE01215A
S21401A3402046FFF74DFC042120461BF046FE6B7DA0
S21401A3502046C3F3040384F870306A8907F0FD07CA
S21401A36052006263697B2A7B42EA01226287E97BAB
S21401A370AA7B42EA012222876A7D84F86F30C2F303
S21401A380421284F83E2000220523A2870122A4F867
S21401A3909C30A4F87C209DF9441019F059FE01F078
S21401A3A0BBFC20F40060C4E908012046FFF7BCFBB3
S21401A3B03A4A3B4BB2F82880B8F1000F68D1002F1B
S21401A3C038D140F2C7186660E3612046166119F07D
S21401A3D0E3FDB9F1010FE0600AD094F83731204669
S21401A3E069F3030384F8373109F00F0119F0E4FF2C
S21401A3F004F1080041461AF04FFF012003F0DAFA93
S21401A40028B963691A075CBF43F00403636140F22D
S21401A41071216B892046013B594319F0DCFD20462A
S21401A42003F0D2FA03B0BDE8F08F012F87D140F2D6
S21401A430014185E74FF4D778E36140F271272B8914
S21401A44040F608015B0007FB03665046666004F1B0
S21401A450400619F090FD314620461BF046FD2B893B
S21401A460314601335B0020467B4304F1340201F0A0
S21401A47067FCEB7931465B00012220467B431BF0EB
S21401A4803AFD236C20469E0819F086FD3044A0E76D
S21401A4906660E361002FD0D197E700BF6C1F0020F4
S21401A4A01D9E010070B51D46C36A04461B0716466D
S21401A4B013D408212C3025F4105519F05CFD25F035
S21401A4C01005064B2D0433402D0C2046C4E90835F3
S21401A4D0BDE870404021FFF783BB70BD2FCF87F7E3
S21401A4E02DE9F04F85B004460191084689B34B79B2
S21401A4F09A071FD422F0AEFF019D70B96B79DB0776
S21401A50005D54FF4803104F1280019F034FD01A877
S21401A51022F034FF05B0BDE8F08FA36ADF0309D54A
S21401A5204FF4803104F1280019F02DFD6B7943F0CA
S21401A53001036B71019E17F0C8FA737931469E07C5
S21401A54005461ED504F1AC0022F0F5FF284617F0AB
S21401A550C2FADFF8909117F0B8FAA36A0746DD054C
S21401A56014D5D4F8AC3043B19A7913441B7B392BFC
S21401A57003D829FA03F3D80711D4384617F0ABFAF3
S21401A580C8E704F1A80022F0C7FFDFE794F94631D7
S21401A590022BF2DCD4E92A2372B9002BEDD004F1A8
S21401A5A0AC0022F009FF0546384617F094FA294612
S21401A5B020461AF0AFF8CEE7002BF0D194F892803F
S21401A5C0039304F1A80BD4F8A86096F807A0B37912
S21401A5D0AAEB030A5FFA8AFAC24527DC584622F03C
S21401A5E031FF0546A8EB0A086B7929466FF3C303CA
S21401A5F06B7103A822F090FFD4F8A8302BB15B79D9
S21401A600990702D1B8F1000FDDD1039B002BB4D01E
S21401A6109B79022B40D8002023F043F8014670BBFB
S21401A620039904F1A80022F086FFA6E7002023F094
S21401A63038F8054630B9039904F1A80022F07BFFEB
S21401A64003959AE78079B1790C300C314246314452
S21401A650284422F050FCEB7953FA88F3EB71B37976
S21401A660727953FA88F3B3716B794FF0000862F38D
S21401A67000036B7173796FF300037371B4E7039B87
S21401A6804A79587960F300024A715A7903A86FF340
S21401A69000025A7122F04AFFE36A9A0512D503981E
S21401A6A0034600680028FBD1DB79C3F14503DBB222
S21401A6B0032B07D822F0F5FF01460028B0D003A8E7
S21401A6C022F02AFFD4F8A83013B15B79DB0704D552
S21401A6D0039A537943F008035371384617F0FBF990
S21401A6E0039965E77C2C020070B5036B0446990755
S21401A6F086B001D519F062FD236BDA0733D5A66A59
S21401A700330723D516F4002F14BF03250125204651
S21401A710FFF750FA94F89B302946059300230493DB
S21401A72094F83E30C6F380020393238F80B20293DF
S21401A730638F0193636BC3F34F03009304F17103BB
S21401A7401BF0F7F930B9002006B070BDB50C05F066
S21401A7500205DCE7012104F1300019F014FC4FF486
S21401A760005119F008FC236B980410D52046FFF71A
S21401A77021FAA16AC0B2C1F340311AF039FE0028AD
S21401A780E1D04FF4005104F1300019F0FCFB236BCB
S21401A790D90409D500212046FFF7A2FE4FF48051C7
S21401A7A004F1300019F0EFFB236B5A0512D5204651
S21401A7B0FFF700FA002394F89B50C2B219462846C8
S21401A7C01AF07EFF0028BED04FF4806104F13000FD
S21401A7D019F0D9FB236B5B0711D52046FFF7EAF981
S21401A7E0616B238F628FC1F34F0180B21BF081F939
S21401A7F00028A8D0042104F1300019F0C4FB236B13
S21401A8001E0709D520461BF074FF00289BD008219F
S21401A81004F1300019F0B7FB236BDD0618D520468E
S21401A820FFF7C8F9E16A80B211F4805100F0C580E3
S21401A83000211BF0F3F9002885D04FF4805104F174
S21401A8402C0019F0A0FB102104F1300019F09BFB3D
S21401A850236B580615D52046FFF7ACF994F87730E8
S21401A86080B20093D4E908231BF0BBF900283FF41B
S21401A8706AAF0023402184F8773004F1300019F0E4
S21401A88082FB236B190516D52046FFF793F90023A3
S21401A8900093B4F89830B4F8962094F89A1080B2E1
S21401A8A01AF059FD00283FF44EAF4FF4006104F151
S21401A8B0300019F068FB236B13F4804532D19A05FA
S21401A8C016D52046FFF776F994F8371194F87720D5
S21401A8D001F00F0180B201F079F800283FF433AFA0
S21401A8E04FF4007184F8775004F1300019F04BFBF7
S21401A8F0236B1B0616D52046FFF75CF9B4F88C309F
S21401A90080B2009394F89130B4F88A2094F89010AD
S21401A9101BF0B6F900283FF416AF802104F1300091
S21401A92019F031FB236B9E0612D52046FFF742F93C
S21401A93094F8771080B21BF088F900283FF403AF33
S21401A9400023202184F8773004F1300019F01BFB36
S21401A950236BDD0508D504F130004FF4807119F042
S21401A96012FB20461BF002FD236B180408D504F1E8
S21401A97030004FF4004119F006FB204600F008FCB9
S21401A980236BD90308D504F130004FF4803119F058
S21401A990FAFA20461AF0EAFA236B9A0308D504F16C
S21401A9A030004FF4003119F0EEFA204619F04EFB54
S21401A9B0236B9B0704D40120C6E61BF046F93AE751
S21401A9C000222046114619F03FFB204619F03EFBB7
S21401A9D02046FFF7EFF894F8771080B21BF0EBF9FA
S21401A9E000283FF4B0AE022104F1300019F0CBFA92
S21401A9F02046FFF787FB024B1B689847DBE700BF43
S21401AA00981F0020F8B50023124A02F1240151E8EC
S21401AA10004F41E80035002DF7D1012734B9BDB10B
S21401AA200D48294619F0A7FA2046F8BD94FAA4F075
S21401AA30B0FA80F007FA00F624EA0604FFF7A6F853
S21401AA400028EBD0FFF750FE0028E7D13543E5E7B5
S21401AA500120EAE76C1F0020901F00202DE9F74F28
S21401AA6004460190002860D0C5794FF000080C35E7
S21401AA70054417F02AF8464600904FF4A47A40465B
S21401AA802B4FBA7E5FFA88F94A4517D90AFB09FBAC
S21401AA903A685A44916ACB0644D5B2F89420C2F378
S21401AAA00B02002A3ED0E279C2F14502D2B2032A55
S21401AAB015D8022022F0F5FD044640B9002300987F
S21401AAC0FB8317F008F8304603B0BDE8F08F014667
S21401AAD001A822F021FD0020E5790C352544042249
S21401AAE00123002112FB003305F82090E9543B684E
S21401AAF002FB005C5B44B3F8943001368CF80230FC
S21401AB00032312FB0032A9543B6801305B44B3F8BF
S21401AB109420C0B261F30B02A3F89420E379F6B255
S21401AB200433E37108F10108ABE70646CBE700BF43
S21401AB306C1F0020F7B5684605F04EF900254FF466
S21401AB40A477124EB37EAB4201DC03B0F0BD34688D
S21401AB5007FB0544A36A03F01803102B13D1052243
S21401AB60694604F1450022F0B6F960B1012120469C
S21401AB701BF01DFC38B9012022F093FD014610B1EF
S21401AB80204601F01BFD0135DCE700BF6C1F0020ED
S21401AB902DE9F74F16F099FF424BDA680092002232
S21401ABA0DA6016F098FF009B13B903B0BDE8F08F8A
S21401ABB0684622F001FC8279876802F10C0404449D
S21401ABC001460190A07A0A3210F0200F14BF03202C
S21401ABD0022002448A71FA6A52050FD5E07AA27AF7
S21401ABE042EA0022384619F083FF38B901A822F05C
S21401ABF0C5FB3D21384619F06DFED4E7BA6A94F8D4
S21401AC000AB012F4007201990BF0030013D0032866
S21401AC108A79EBD10A44127B392AE7D8224B23FAE8
S21401AC2002F2D307E2D54A79384642F002024A7167
S21401AC3001F0CCF9B7E70328F5D048790BF0030B00
S21401AC4062F341004871084694F8069094F905A00D
S21401AC5022F000FC019D0646AC793846063CE4B27B
S21401AC60AC71FEF7A7FF0C34C0F3032305EB040811
S21401AC7043EA0B1388F803302B46F6B288F8020035
S21401AC80A8F8046005F804A088F801905A796FF3D3
S21401AC9041025A711B68002BF8D128461AF0BFFBF7
S21401ACA081E700BF6C1F00207C2C0200002370B5DA
S21401ACB00D46D1688AB009BA0291C178C66861F3B7
S21401ACC00703817836BA61F30F23417806AC61F346
S21401ACD017439168069609BA0391816809BA0791E4
S21401ACE05168126809BA12BA04910592017842684D
S21401ACF061F31F6312BACDE908232346802201209F
S21401AD0002A9009417F024FB0028F6D1DDE908100B
S21401AD10DDE9063200BA09BA12BA1BBA28606960C0
S21401AD20AA60EB600AB070BDF8B504460026084F6D
S21401AD300CB90748F8BDA179E579B8196D1AEDB2D5
S21401AD400C3121442A4622F0D6F82E442468EFE737
S21401AD50A81F0020F8B504460026084F04B9F8BD20
S21401AD60A079E579B9192D1AEDB20C3020442A469E
S21401AD7022F0C1F82E442468F0E700BFA81F002087
S21401AD8010B5094A094B1478094A08441B78126819
S21401AD9001B29C4202DA32F9140010BD32F91300F6
S21401ADA08842FADA0133F4E7342B0020332B0020F3
S21401ADB0B820002030B50A4B02461C78094B1968AA
S21401ADC000230239D8B2844204D9013331F9135031
S21401ADD09542F7DD00B930BD0138C0B2FBE700BFD0
S21401ADE0352B0020B820002070B5044616F06DFE05
S21401ADF00B4E0546306818B116F0BCFA00233360D6
S21401AE0034B104EB0414600022F0D5FD30B130609B
S21401AE100024284616F05FFE204670BD1A24F8E787
S21401AE20BC200020F8B516F050FE0446002004F0C1
S21401AE303FFE19F0CEFE00231A4E1B4D32782968CC
S21401AE4000B2934207DB0CD140F20345204616F0D0
S21401AE5042FE2846F8BD31F91370874210DB134ACB
S21401AE601370C8220221012004F02CFE19F0B1FE55
S21401AE7000233278296800B2934203DBE4D007E06E
S21401AE800133DEE731F91350A84203D1084A1370A3
S21401AE900025DBE704DA012BB8BF0123013BF5E708
S21401AEA00133E9E7352B0020B8200020332B0020A2
S21401AEB0342B002008B51CF06CFA19F08AFE00B29B
S21401AEC0FFF778FF024B00B21B6833F9100008BD8C
S21401AED0B820002010B50A4B0A4C1A78236833F9BB
S21401AEE0122050B904F0EEFD19F073FE00B2FFF720
S21401AEF061FF236800B233F91020104610BD00BF71
S21401AF00342B0020B820002008B5FEF753FE431C62
S21401AF101BBF2222034B00201B6818BF02FB003018
S21401AF2008BD00BFBC2000202DE9F0410F461646A3
S21401AF3019F0D9F800224FFA80F8044639461A4823
S21401AF4019F00AFE4045054606DB01223946164839
S21401AF5019F002FE404517DD01223946124819F064
S21401AF60FBFD054405EBD575C4EB650040B20F4A01
S21401AF7092F90030834209DAC01A00EBD07003EB75
S21401AF80600358B2BDE8F0810020F0E792F9013085
S21401AF908342F7DDB2F90230B342DCBF00EBD0707A
S21401AFA040F34700EEE700BF2A2B0020862A002048
S21401AFB0014B1878704700BF362B00202DE9F04F63
S21401AFC0064685B0002800F0BE80FFF73FF800284F
S21401AFD040F0BB805E4B1A78002A3FD1347A5D4D33
S21401AFE00F2C84BF01221A7014F00F0400F0988011
S21401AFF0FFF726F8074601F087FE0446002840F0D2
S21401B0008F8033685448036073684360337A0372F1
S21401B01019F0C7FD002840F082804FF605424F4BDD
S21401B02038465C801A80FFF7DFFE0446002877D199
S21401B03004F05CFD064604F05FFD2B68024693B102
S21401B040FFF7F0FE044600286AD11AF020FF4FF4FD
S21401B050005000F0F5FD0122414B1A7000242046F5
S21401B06005B0BDE8F08F304619F0B3FD0FFA80F950
S21401B070104619F0AEFD0FFA80F816F026FD1E26D2
S21401B080A346384F0190700022F095FC28600028F6
S21401B09043D0CA4687F800B0D0450CDA40F2F641F4
S21401B0A03B782A68B34234DB019816F014FD002C75
S21401B0B0C6D01A2434E0504604F006FCADF80C0065
S21401B0C0039804F027FC19F084FD0FFA80FCE14593
S21401B0D06FF0004101DCE04504DA0AF105020FFADF
S21401B0E082FAD9E73B7828682BB103EB010E30F9D9
S21401B0F01EE0E645F1D09E4206D816F03BF9002345
S21401B10005362B60F6B2BEE720F813C001333B705C
S21401B110E3E722F813100133C4E71A24C4E7212415
S21401B1204FF4005000F092FD286818B116F022F98D
S21401B13000232B600C4D2868002890D016F01AF9D1
S21401B14000232B608BE7212489E741F20C0486E774
S21401B150292B0020B82000202A2B0020862A002038
S21401B160362B0020352B0020BC20002008B5074BCD
S21401B1701B6843B14FF4005000F074FD18B1BDE8F0
S21401B1800840FFF74FBE002008BD00BFB8200020D2
S21401B1902DE9FF4704464FF4005000F063FD0028F8
S21401B1A068D016F092FC82462046FFF7ADFE344B7F
S21401B1B0B0F91E701A78334BB4F834911B68A4F8B2
S21401B1C0347194F8375133F9128005F00F05B845FC
S21401B1D006462B464FF0C80094F8362104F1440188
S21401B1E0B4BF4FF000084FF00108FFF763FE738B02
S21401B1F0A7EB09098742B4BF002701270FFA89F98F
S21401B200CBB90121013DB6F91E30EDB2A94047EA9E
S21401B21048020093C9B24B4620461BF0F2FD204679
S21401B22019F054F8820802F5487292B2C0F34F0042
S21401B230B2FBF0F27283204618F042FF830313D567
S21401B240204648EA4707FEF7B5FC94F83711CDF8D3
S21401B25008900197B6F91E3001F00F010093002304
S21401B26080B21A461AF0DFF8504604B0BDE8F0473F
S21401B27016F031BC204619F067F804B0BDE8F08737
S21401B280332B0020B82000202DE9F04F89B09A46D4
S21401B290129B894616460693139D8046FFF734FE99
S21401B2A0044616F012FC4E4B05901A784D4B207E44
S21401B2B01B68494633F9123000F001000793FFF787
S21401B2C009FE09F1FF32D2B2BAF9001002EB4202CE
S21401B2D004EB420461800021074640F2F640B4F9CF
S21401B2E004B02970B6F90010079B81424AD10123A8
S21401B2F0A7EB0B02A780AAF8007032802B7040469D
S21401B30018F0F1FE012207464946374819F024FC99
S21401B3107BB28342D8BF0027069BC4BF3F1AFFB249
S21401B3201F70B6F900303BB3404618F0C9FE8303E0
S21401B33016D54046FEF73EFC2B78B6F90020494666
S21401B3400292C3F340025B0003F00203134301932E
S21401B350BAF9003080B2009300231A461AF063F857
S21401B360B6F9003043B198F8373103F00F034B4577
S21401B37004BFA388A8F83431059809B0BDE8F04F9A
S21401B38016F0A9BB69B99B45AAF800B0DEBF2B78B9
S21401B39043F002032B705F45B1DC2B7843F00103C9
S21401B3A0ACE758460793FFF7EBFC079B9842DBBFD9
S21401B3B0A3802B78A08043F00203D8BF2B70B4F98A
S21401B3C00430BB42A1BFA7802B7843F001032B704A
S21401B3D0B4F90430AAF80030A3EB0B0333808EE7F0
S21401B3E0332B0020B82000202A2B0020104B1A787F
S21401B3F042F0F0021A701A7C42F0F0021A7493F8C6
S21401B400202042F0F00283F8202093F8302042F00A
S21401B410F00283F8302093F8402042F0F00283F8DF
S21401B420402093F8502042F0F00283F850207047F5
S21401B430C02000200368054A23F07F6323F400231D
S21401B44002EAC14213430360704700BF0000F80FD1
S21401B450F8B54488054604F00704072C1C4E28D18D
S21401B46016F033FB00221101735C06EB02171B0971
S21401B4700F2B0AD00132062AF5D1164A138801335A
S21401B480138016F028FB1920F8BD2B6894B27B8038
S21401B4901123735416F01FFB1BF0FCFE06EB04137E
S21401B4A0D8602B68002023F4E02343EA04432B6092
S21401B4B0EAE72301F15CC1F30312013202F00F0245
S21401B4C0052A28BF002262F30711F154E4E700BF02
S21401B4D0C02000208A2A002038B54488054604F09A
S21401B4E00704072C0FD016F0F0FA074A2401135D63
S21401B4F043F0F00313552B6843F4E0232B60BDE8BB
S21401B500384016F0E8BA38BDC02000202DE9F047D3
S21401B5104588074605F00705072D894637D01D4C97
S21401B5204FEA051814F808601BF0B4FE04EB051A80
S21401B530DAF80C30360906EBC506C01A04EB4606E7
S21401B540708014F8083003F00F02042A9EBF0132FF
S21401B55062F3030304F80830B9F1030F14D114F8A9
S21401B560081004EB0514A01C01F00F011BF086FC6B
S21401B570044616F0AAFA3A68074B134023433B6089
S21401B580BDE8F04716F0A7BA4FF6FF74F1E7BDE83D
S21401B590F08700BFC02000200000FF7F064A08B5E4
S21401B5A09268824207D0427922F0030242F00302F7
S21401B5B0427104F06BFF08BD2021002010B5064C37
S21401B5C0204621F0DBFE201D21F0D8FE04F1080004
S21401B5D0BDE8104021F0D2BE2021002010B5022087
S21401B5E022F05FF8034C6060022022F05AF8A06057
S21401B5F010BD00BF2021002008B5FFF7DFFF0022A5
S21401B600024BDA60BDE80840FFF7E8BF20210020C2
S21401B610014B5868704700BF20210020014B9868F5
S21401B620704700BF2021002038B50C4CE3681BB1E1
S21401B630E36898470023E36023686BB1074821F06D
S21401B640BBFE054640B123681BB14FF0004004F035
S21401B650B5FE28461AF0C8FB38BD00BF20210020E1
S21401B66010B5084CE0604FF0004004F0A7FE00BFA4
S21401B67000BF00BF00BFE3681BB1E3689847002323
S21401B680E36010BD2021002038B5837904460344C9
S21401B6905B7B13F0300F437923F0030308BF43F0BD
S21401B6A00103437116F011FA05462146054821F0BB
S21401B6B033FF4FF0004004F081FE2846BDE83840D5
S21401B6C016F009BA20210020F7B5144F7C68A3793B
S21401B6D00C331C4400F026FB6679E6B116F0020531
S21401B6E019D136EA000016D1E378B4F80920B4F887
S21401B6F00710A07901962479009401F01BFC00281C
S21401B70008BF0C252A4642F24101B86803B0BDE8DD
S21401B710F04019F018BE1125F4E700BF20210020E3
S21401B72010B50D4C626893790C331A441179D078B0
S21401B730003918BF01210038B2F8073018BF0120C0
S21401B740B2F8052001F05EFD42F242010246A06811
S21401B750BDE8104019F0F7BD2021002010B5084CB7
S21401B7606068837918440F3000F09EF90023A068C2
S21401B7701A46BDE810404FF6284119F0A2BD00BF99
S21401B78020210020242816D80F2805D802280CD8F6
S21401B790B0FA80F040097047084B103880B2C340B9
S21401B7A003F0010383F0010070470538012894BFB8
S21401B7B00020012070470120704700BF2D20110096
S21401B7C02DE9F04F95B0FFF723FF42F23603867955
S21401B7D005460C3630F80680841998450ED1FFF7D9
S21401B7E017FF022121F0A1FD7F22A3780233A37067
S21401B7F0AA55002320222377627063770121E0781F
S21401B800FDF7F4FD00230646002800F0D780CDE9B9
S21401B8101233237AE2888DF84A30E37AADF848206D
S21401B8208DF84E30A388B4F8092013F01000ADF857
S21401B8304C2003F0050306D093B1E37D012B51D0D4
S21401B8400025122614E07BB3E37D657E012B37D1FC
S21401B8506B1EDBB2022B09D800F064FA012338E034
S21401B8604FF48043DDE91212914220D900251126BA
S21401B870FFF7D4FE012332464146ACB219F021FD52
S21401B880002DCCBF0534053C24B2002E40F0998033
S21401B8900A2394FBF3F4E4B2FFF7C0FEC37918441D
S21401B8A0C47215B0BDE8F08F4FF6FF73DAE71F29B3
S21401B8B0DCD99A42DAD8E37D657E0028BED1C5E799
S21401B8C0032BD3D16B1EDBB2022BCFD800F02AFAA2
S21401B8D004230342CAD0032D08BF04252840C0B262
S21401B8E00028C3D0E07818F07AF820B1A088FFF7D6
S21401B8F049FF0028A4D0344A237F1278002A54D066
S21401B900042B9DD8637F042B9AD8A388DB0653D4D7
S21401B9101BF044FD0121C822084004F0D3F894F935
S21401B9201630B4F804E003EB8303B0EB430F4FEAA1
S21401B9304302637B677E0F93A37BE188109304F138
S21401B9400F031193637F94F80C9094F815A094F864
S21401B95018B00546E07DC8BF15B2B4F809200C93AF
S21401B960237F03280B93E37E08BF0420032F08BF21
S21401B9700427003B18BF01230A93A37E1FFA85FC08
S21401B980CDE90873119BCDE9060B0293109BCDE917
S21401B99004ACCDF80C9001930F9B304600935FFAF0
S21401B9A08EF318F0DAF8064662E7002B7FF45EAFF6
S21401B9B0637F002BA9D059E70020ABE70546072691
S21401B9C056E7002468E700BF372B0020F8B5074686
S21401B9D001200D46164621F064FE0446C0B106223B
S21401B9E00C2119F081FC691EC9B2032988BF002207
S21401B9F0A37998BF074A03F10C0398BF525C23440E
S21401BA0020469F80DE70DA719A71FFF7C7FD01202C
S21401BA10F8BD00BF72E40300F8B5FFF7F9FD8379BE
S21401BA201844B0F80F60B0B2FEF7B0F80446C0B1E3
S21401BA3018F02AFE0138C0B2032814D800270B4B91
S21401BA401C5CFFF7EBFD054604233A4642F2300143
S21401BA5019F037FCAB790C33E818C68004724472CF
S21401BA60F8BD0227EDE700242746EAE772E4030063
S21401BA700B4610B50649074C0622002808BF21468A
S21401BA80184621F028FAB0FA80F0400910BD00BF30
S21401BA90392B00203F2B0020024B1A6802609B883E
S21401BAA0838070473F2B002013B50D4C28B10368E7
S21401BAB023608388A38002B010BDF9F77FFCCDE92F
S21401BAC000019DF80230BDF80020A370BDF80530D6
S21401BAD02280A4F803309DF807306371EBE700BFBE
S21401BAE03F2B002010B5044615F0EFFF2268064BE9
S21401BAF01A60A2889A80054A137843F001031370EE
S21401BB0015F0E9FF012010BD392B0020382B00204D
S21401BB10024B1878003818BF01207047382B0020D8
S21401BB20024B1A6802609B8883807047392B00207D
S21401BB30024B186908B104F041BC7047680F002039
S21401BB40002310B53C4A02F1100151E8001F02F132
S21401BB50100C4CE80034002CF5D140EA0104A10297
S21401BB6001D501F09DFF220101D503F06DFE002CE9
S21401BB7001DAFFF759FD630001D501F0B3FDA0001E
S21401BB8001D5FFF705F8E10007D5FDF71FFD20B940
S21401BB904FF0805129481AF07BF9620107D518F059
S21401BBA03EFE20B94FF0806124481AF071F9A301D6
S21401BBB005D51BF0ECFBFEF7BDFF17F015FFE00106
S21401BBC008D518F036FA072804D14FF080711B48C3
S21401BBD01AF05EF9610201D517F000FF220201D5C5
S21401BBE017F0F0FEE30207D518F021FA20B94FF45A
S21401BBF0801112481AF04CF9A00507D500F0B4F9E7
S21401BC0020B94FF400710D481AF042F9E10507D545
S21401BC10FEF7F8FE20B94FF4807108481AF038F99B
S21401BC20620503D519F04BFB19F04AFB230501D534
S21401BC301AF036F910BD00BF680F0020780F0020FB
S21401BC40014601481AF024B9680F0020C043044A8F
S21401BC5052E8003F034042E800310029F8D170471E
S21401BC60680F0020014B1B6818407047680F0020C2
S21401BC7010B5044BD3E9064204430A43C3E906421E
S21401BC8010BD00BF680F002070B51E4D04462B681E
S21401BC90002B03DAFFF7B0FC002031E04CF20C0079
S21401BCA00021FFF7E5FF0023174E336024B16368D8
S21401BCB02B60A36803B133604FF00040FFF7C0FF6D
S21401BCC033680BB9114B3360114B1248AB6000233C
S21401BCD02B7315F0FDF9FFF789FB2046F6F730FACE
S21401BCE070B92CB1B4F90E10B4F90C0003F004F9D4
S21401BCF01BF058FB04F042F803F0C8FF0028C9D037
S21401BD0070BD00BF680F0020302100201F0D0020ED
S21401BD1031BB01006C0F0020014BD3E906017047CF
S21401BD20680F0020054B9B69DA054CBF03200120F4
S21401BD301B0548BF40F00400704700BF680F002095
S21401BD40F8B517461C460D46064603F08DFC1C4BFF
S21401BD50BA7A1C4953F8222053F820308C421A44F0
S21401BD6024D9194B9C4214D9184B013C93FBF2F38E
S21401BD70002BB8BF03339A1004EBA304B4FBF2F311
S21401BD8071682A68A1EB930102EB430271602A6095
S21401BD90F8BD0F4B0F49A3FB04435B0902FB03F3FA
S21401BDA003F6C313A1FB0313DB0AE9E702FB04F363
S21401BDB0094A03F574338F33A2FB03231B0CDFE719
S21401BDC0C8E403004C6210001366660640420F008A
S21401BDD01F85EB515917B7D183DE1B43034600F08D
S21401BDE03F003F2830B51FD090B1194600220132DE
S21401BDF01B2A4FEA510105D100212E480A4601248B
S21401BE00584007E001F03F003F280DD00028EED152
S21401BE1030BD012104FA02F5054202F1010205D105
S21401BE20202AF7D1022907D00020F1E7202A01F1C4
S21401BE300101F7D00229ECD1DAB2C3F3072191420E
S21401BE4025D000211C46084604F00305013D012DBE
S21401BE5001F1010198BF01301F294FEA54041ED198
S21401BE601828E1DC052000219B0E03F00304013CA9
S21401BE70012C98BF013101384FEA5303F5D101294E
S21401BE80C6DD8AB90228D4BF00200120C0E7C3F36B
S21401BE9007419142D5D1B2EB136FD2D1C4E7102935
S21401BEA0D2D10B28D0DDBFE7D30748BF01305208F7
S21401BEB0E7E700BFD6BE898E024B1A68026018609B
S21401BEC0704700BF382100200022024B1A6000F0A4
S21401BED0FBB900BF382100202DE9F843064618F0CB
S21401BEE0FFF80446002835D045784DB915F0EDFD2C
S21401BEF0237863701B4B1B682570636015F0EBFDA0
S21401BF004FF00108677837B923781BB34FF40070F8
S21401BF1004F054FA1EE097FAA7F5B5FA85F508FA83
S21401BF2005F55FFA85F9636833B90E4B27EA05050F
S21401BF3065701B686360E5E79B681BB963681B68EF
S21401BF406360F0E7494630469847012805D16368A3
S21401BF501B6863600120BDE8F8830228EED100204B
S21401BF60F9E700BF3821002070B500250D4EFEF719
S21401BF7067F8A84201D8012012E03068FDF706FEF6
S21401BF8050B93468FEF75CF80134B4FBF0F303FBF8
S21401BF90104401353460EAE7FFF79EFF0028F0D130
S21401BFA070BD00BF3421002010B5044683790344D8
S21401BFB01B7B392B96BF044AFF21D15C21F0B5F9D2
S21401BFC0A0790C30204410BD76E403002DE9F3413E
S21401BFD005460C46019118F073F8830605D501A8AD
S21401BFE021F0CCF902B0BDE8F081019FBE790C3694
S21401BFF0BB5D392B18D8164A12F80380B8F1FF0F2B
S21401C00012D0384621F026FA013840450CD1114BA2
S21401C0101E6896B921462846A37923441A7B02B0A6
S21401C020BDE8F0411AF03BB8019821F0A7F928467F
S21401C030BA5D01991AF033F8D4E773680BB936681C
S21401C040E7E72146284698470028F8D0CAE700BF08
S21401C05076E403003821002037B504460D4620213A
S21401C06018F030F82946204618F0A5F82146012098
S21401C0701AF0BCF8214600201AF0B8F80120002377
S21401C0802146034A00901AF042F803B030BD00BFC3
S21401C090775F030073B50C46164605461AF018FA84
S21401C0A080F001002946C0B218F001F8C368012CDF
S21401C0B09A7907D032462146284602B0BDE870403C
S21401C0C01AF00CBA13441022DB8A2946009200208B
S21401C0D0024A1AF01CF8204602B070BDDD64030067
S21401C0E037B504461AF034FA0321204618F014F83E
S21401C0F00025034621460120034A00951AF007F859
S21401C100284603B030BD00BFC36303002DE9F347E3
S21401C110074602200E4621F0C4FA0546002846D0FE
S21401C120B37900210C333344B3F80480B3F806A086
S21401C130B3F8089019F069FF2846FFF735FF02218A
S21401C1400446384617F0E8FFA4F804806081A4F896
S21401C15006A0A4F808901BF061F808F10108B0FBEE
S21401C160F8F303FB1800022360806370AB79B371A8
S21401C170EA7903F10C00F271D21AD2B229183044CE
S21401C18020F0B9FE3946012017F091FF1022C66053
S21401C1906389394601200092064A19F0B8FF3846ED
S21401C1A0294619F030FF002002B0BDE8F0870720CD
S21401C1B0FAE700BFDD6403002DE9F34104460D46AE
S21401C1C00146012017F073FF01210746284619F0A2
S21401C1D01CFF2846FFF7E8FE064600F10108404628
S21401C1E003F0FAFDD6F801300221C7F81230737950
S21401C1F02046BB7517F090FF29460746F08020467B
S21401C20019F001FF20232146009301203B46034AF3
S21401C21019F07DFF002002B0BDE8F081A96403009B
S21401C2207FB504460D460146012017F040FF50E851
S21401C230003F43F4806340E80036002EF7D12046E5
S21401C2401AF046F9D8B3204617F042FF430715D532
S21401C2503346324620460DF10F0118F0FCF99DF8E1
S21401C2600F30062B0AD8284614F0F6FE01220023CA
S21401C2702046FEF717F9002004B070BD0E212846AF
S21401C28019F0C3FE2846FFF78FFE0646FFF744FD6A
S21401C290C6F80510FFF740FD2946C6F801002046FE
S21401C2A019F0B1FE0321204617F036FF002203469F
S21401C2B0009221460120034A19F029FFDBE70821F5
S21401C2C0DDE700BFC763030010B5054C054A2046ED
S21401C2D005491AF067F82046BDE81040FFF7ECBDA7
S21401C2E03C2100208F65030055C40100F7B58B790A
S21401C2F004460C33CE18CB5C0D46023B0F2B00F2E6
S21401C300A080DFE803F0089E9E9E9E739E829E9EFE
S21401C3102C689E9E9E4F15F0D8FB717807462046E6
S21401C32017F049FF2021204617F0CCFE21460120B8
S21401C33019F05CFF2146002019F058FF01230093F5
S21401C340002321461846404A19F0E1FE284614F01B
S21401C35083FE384615F0BFFB012003B0F0BDB3885D
S21401C3607288717818F05DF9204617F0B1FE8307E0
S21401C37008D4294620461AF0EBF80121204619F088
S21401C3802CFEE9E72146012017F091FE2F4B82682B
S21401C3909A4203D12146012019F0F8FE284614F0EE
S21401C3A05BFEEAE777780846B67814F055FE162F56
S21401C3B005D13246032120461AF0DAFACCE72146A7
S21401C3C0012017F074FE8368002BC5D03246032186
S21401C3D020469847C0E70146012017F068FE074649
S21401C3E02846767814F038FEBB68EDE70146012052
S21401C3F017F05DFE07462846767814F02DFEBB68DA
S21401C400002BA9D032460421E2E70146012017F0AD
S21401C4104EFE0F4B82689A4203D0284614F01CFE4B
S21401C4209AE7D6F80120D6F805302046FEF73AF806
S21401C430284614F011FE2146012019F0A7FE02211C
S21401C4409CE7002089E700BF45650300C36303003E
S21401C450C76303002DE9F3410C4605461AF038F888
S21401C460A37900286BD00C3314F80380E618B8F1D2
S21401C470010F41D0B8F1080F39D0B8F1000F51D1F2
S21401C4807189284619F031FEB188738872788B421B
S21401C49094BF0746002709290B4638BF0923013BED
S21401C4A09BB29A420FD8002A08BF00270846F38895
S21401C4B0328919F039FD40B9204614F0CDFD01202E
S21401C4C002B0BDE8F0814746F0E7002FF4D02946D8
S21401C4D0002017F0ECFD1022C46073890092013B26
S21401C4E01B4A9BB22946002019F011FEE7E72146B8
S21401C4F0284619F08BFFE2E72846F18819F0F5FD8A
S21401C5000746701C1AF05CFF0028D5D0002FD3D048
S21401C5102946002017F0CBFD2023C4600093F38842
S21401C5200C4ADFE7214628461AF00FFB0028C6D141
S21401C5302146284602B0BDE8F041FFF7D7BE2344A6
S21401C5401B7B0E2BD3D0214628461AF0EDFAEDE7D9
S21401C55095C001006164030038B504460D4617F026
S21401C560B7FD42070BD4204617F0B2FD830706D469
S21401C57029462046BDE83840034A19F0A8BE284699
S21401C58014F06AFD002038BDE1C0010038B505464B
S21401C5900C4617F095FD00F01800102806D121462C
S21401C5A02846BDE83840044A19F091BE204614F0EA
S21401C5B053FD0C2038BD00BF0DC10100014A19F022
S21401C5C086BE00BFB9C1010070B505460C460146DE
S21401C5D0012017F06CFD0646284617F079FD020784
S21401C5E004D5204614F038FD002070BD33685B0585
S21401C5F0F7D4284619F06CFF40B121462846FFF7CC
S21401C600ABFF18B921F04DF8044630B12146284653
S21401C610BDE87040024A19F05ABE0720E5E700BFA0
S21401C62021C2010073B504460E4617F049FD00F01D
S21401C630300010284FF0020031D121F032F80546C3
S21401C64078B34379022143F00203437119F0DDFC0C
S21401C6502846FFF7A9FC29464670204619F0D3FC68
S21401C6601621204617F0A7FD2021204617F02AFDA7
S21401C6702146012019F0BAFD2146002019F0B6FD29
S21401C680204619F059FE0121204617F045FD0346C4
S21401C690012021460090044A19F039FD002002B01D
S21401C6A070BD0720FBE700BFF16303002DE9F043EF
S21401C6B087B004460E4617F00BFD00F4C060B0F5D7
S21401C6C0C06F06D1022020F0ECFF054610B9072006
S21401C6D054E000252146012017F0E9FC814696F832
S21401C6E0068000F1120208F10C08B04408F10F03AD
S21401C6F008F11F0153F8040B8B4242F8040BF9D1E1
S21401C7000321304619F081FC3046FFF74DFC0A2222
S21401C710074608F10501013020F0FAFB0C210DEB6C
S21401C720010003F0C7FA03AB03CBC7F80B00C7F849
S21401C7300F10059B07F10B02C7F813300DB30A2142
S21401C740284619F062FC2846FFF72EFC29462046AB
S21401C75019F059FC4FF480712046C9F80C6017F0A7
S21401C760B1FC0321204617F0D7FC002503462146DD
S21401C77001200C4A009519F0CAFC284607B0BDE80E
S21401C780F083204607F11303012118F0F9F820463B
S21401C790314619F038FC2046C9F80C5018F00CF94F
S21401C7A0DFE700BFD1650300F0B589B00D4604464A
S21401C7B019F008FFAB79002800F0A3800C33EA18C3
S21401C7C0EB5C033B082B00F23881DFE813F009002D
S21401C7D03601360184003601360136015D007E00E1
S21401C7E0D2F80100D2F8051003ABB2F8097003C302
S21401C7F002F1130301210B32204618F0C1F804217F
S21401C800284619F002FC2846FFF7CEFB06460C2107
S21401C81005A803F04FFA05AB03CB3346C6F8010073
S21401C820C6F80510079A002143F8092F2046721C06
S21401C83018F0A6F82146002017F039FC034603AA93
S21401C840478303CAC3F81200C3F81610204608210E
S21401C850FDF7C6F94FF40071204617F033FC204669
S21401C86018F0AAF82946204619F0CDFB03212046E8
S21401C87017F052FC034600202146714A009019F039
S21401C88046FC012009B0F0BD0B21284619F0BDFB7E
S21401C8902846FFF789FB2946204619F0B4FB15F018
S21401C8A014F905464FF44071204617F00BFC4FF47F
S21401C8B08051204617F00EFC284615F00CF94FF46F
S21401C8C08061204617F009FCDBE7284614F0C4FB1C
S21401C8D04FF40071F5E70621284619F096FB284625
S21401C8E0FFF762FB204617F0C7FE2946204619F0DF
S21401C8F08AFB204618F086F82146002019F046FCEF
S21401C900BFE72B441B7B043B072BBBD801A252F885
S21401C91023F000BF35C901005BC90100BDC9010094
S21401C92085C8010085C8010085C8010085C80100C9
S21401C930D3C9010020464FF4007117F0C3FBAA7952
S21401C94020460C322A4402F109030021013218F074
S21401C95017F8284614F080FB93E74FF48060FFF742
S21401C96081F9B0B100274FF40061204617F0AAFB09
S21401C9702046CDE90577FDF71DF90646204617F056
S21401C9809DFB39460346009505AAB0B219F0BBF9DE
S21401C99077E72146012017F08AFB00F112012046B5
S21401C9A018F045F80621284619F02FFB2846FFF710
S21401C9B0FBFA2946204619F026FB62E7284614F0C2
S21401C9C04BFB2146012019F011FC204618F01AF8FD
S21401C9D057E715F07AF806464FF40071204617F02F
S21401C9E071FB4FF48051204617F074FB304615F06A
S21401C9F072F84FF4C061204617F06FFB29462046B7
S21401CA0019F001FB2146012017F051FBC2680546CB
S21401CA1082B1937901210C331A4402F113032046A3
S21401CA200B3217F0ADFF204617F0C6FF2046E96827
S21401CA3019F0E9FA0023EB6023E7002022E700BFA4
S21401CA40D165030010B5074C07492046002219F0AE
S21401CA50A9FC2046FFF730FABDE81040012000216E
S21401CA60FFF706B948210020A9C7010038B50546D9
S21401CA700C4617F025FB00F01800102806D12146B9
S21401CA802846BDE83840044A19F021BC204614F077
S21401CA90E3FA0C2038BD00BFADC6010038B50C4620
S21401CAA08B7905460C331944E35C142B03D0152B04
S21401CAB00FD0002038BD013119F05CFE1521284643
S21401CAC0224619F09FFE2146284619F09CFA0120BD
S21401CAD0F0E70146012017F0EAFA0B4B82689A420A
S21401CAE003D0204614F0B8FAF1E7A179284621448C
S21401CAF00D3119F03FFE204614F0AEFA294601200A
S21401CB0019F044FBE3E700BF5968030037B5044654
S21401CB100D460A46142119F075FE2946204619F0DD
S21401CB2072FA0321204617F0F7FA302203460092E4
S21401CB3021460120024A19F0EAFA002003B030BD6E
S21401CB405968030010B5074C07492046074A19F0F3
S21401CB5029FC2046FFF7B0F9BDE81040202000214F
S21401CB60FFF786B8542100209DCA01005D680300C6
S21401CB7073B51E46ADF800208DF80230009B0446C2
S21401CB8001A801930D46114619F0DEFD9DF8063009
S21401CB90B34203D1BDF804308B4205D0284614F0C9
S21401CBA05BFA122002B070BD204617F003FC9DF818
S21401CBB00230827A9A4209D18288BDF800309A42C0
S21401CBC004D1284614F048FA0020EBE769462046CF
S21401CBD017F0ACFE29462046014A19F078FBE1E73A
S21401CBE00DCB01002DE9F04116461A4307460C46C7
S21401CBF01D46BDF8188005D12046BDE8F041114616
S21401CC0019F07FBE4146204619F05BFA78B12146FD
S21401CC10384617F04CFA40238674C57421460693AD
S21401CC2038464346BDE8F041024A19F070BABDE8FD
S21401CC30F08100BFBB690300F7B505460E46014605
S21401CC40012017F034FA036813F0F00F03D02946D9
S21401CC50012019F0CBFA284617F013FDB3790C33EF
S21401CC6033445F789B781F400378C3F3030000EAE0
S21401CC701310384019F01FFE044668B9284619F00B
S21401CC8023FE384019F017FE044628B9284617F047
S21401CC90FBFC02F027F904462846002117F08CFB1E
S21401CCA01721304619F0B1F93046FFF77DF93146C4
S21401CCB044708470284619F0A6F90321284617F017
S21401CCC02BFA40220346009229460020024A19F018
S21401CCD01EFA03B0F0BD00BF7169030037B5044604
S21401CCE019F091F90321204617F016FA002503469C
S21401CCF021460120034A009519F009FA284603B097
S21401CD0030BD00BF6F6B030010B5074C074A2046C5
S21401CD10074919F047FB2046FFF7CEF80020062109
S21401CD20FEF7A6FF002010BD60210020D96D03008C
S21401CD30B16B03002DE9F0478846212104461746CA
S21401CD40994617F082FD80B3204617F0C1F94304D7
S21401CD502ED4022020F0A5FC054658B34FF00A0A4F
S21401CD60232119F052F92846FFF71EF9012397FBF4
S21401CD70FAF708F1FF32934043700646877048463B
S21401CD8002F0D2F890FBFAF04FF48041F0702046A2
S21401CD9017F0A0F94146204617F0D7FF294620464E
S21401CDA0BDE8F047044A19F092BA1120BDE8F087B1
S21401CDB02320FBE70720F9E7DDCC010008B581B2A7
S21401CDC0074818F069FA012000F0F4FD30B9054A69
S21401CDD0536919075CBF43F00403536108BD00BFE4
S21401CDE0742100206C21002001238340DB43064987
S21401CDF001F1240252E8002F1A4001F1240C4CE8FC
S21401CE0000200028F4D170476C2100200123074A36
S21401CE1003FA00F002F1240353E8003F034302F152
S21401CE20240C4CE800310029F4D170476C21002015
S21401CE30044A4FF08040536A43F40023536203F0E0
S21401CE40BDBA00BF6C21002038B50E4D044601F076
S21401CE5095FCE86B18B114F0FFF80023EB6318F0AB
S21401CE602BFA0948FEF738FBAB6B0BB1FFF7E0FF77
S21401CE702146044800F0F8FDBDE83840034820F09C
S21401CE807DBA00BF6C210020742100208C21002077
S21401CE90034B586A10F0050001D1FFF7D5BF704764
S21401CEA06C21002038B54FF010131D4C0122E362AF
S21401CEB04FF4E063238647F6FF730025A4F860303D
S21401CEC094F86730656262F3030384F86730154AA5
S21401CED0154BC4E91632FEF725FF4FF48073A4F80C
S21401CEE04830124B84F85600E361114B65611A68AD
S21401CEF029461378527804F1080013445B106376D0
S21401CF00A4F8BC50A4F8B45018F0C6F9294604F1A8
S21401CF10940018F0C1F9BDE838401AF063BA00BFB2
S21401CF206C21002055555500D6BE898EC170030070
S21401CF30302100202DE9F0411F4C9846636A0F46C8
S21401CF40D90715469DF81C6033D460B30120FFF75E
S21401CF505DFF626A9DF8183022F4C07242EAC3127D
S21401CF60052E626284F8546007D102F0FBF868B9B6
S21401CF706D00ADB2BD4228BF3D4694F854309A07C5
S21401CF8015D413F0040F14BF03260126012094F8CC
S21401CF906730A78566F3030384F86730E58584F870
S21401CFA03080BDE8F0810120FFF71EFFD1E70226A1
S21401CFB0ECE70020F5E700BF6C210020024B586A21
S21401CFC0C0F38000704700BF6C21002010B51D4CD7
S21401CFD0FFF7F4FF636A13F0010313D1A8B994F8BD
S21401CFE0663094F83110253BDBB20133DBB2032BFC
S21401CFF028BF002341FA03F2D207F6D5253384F879
S21401D000663018E094F8543010B194F85520134364
S21401D01003F00503052BE2D102F0A4F80028DED1C7
S21401D02094F8673003F00F02012A05D1032262F358
S21401D030030384F8673010BD012262F3030384F80A
S21401D0406730CCE76C210020024B586A00F00100E3
S21401D050704700BF6C210020F8B52C4C18B16369ED
S21401D06043F0100363611AF015F940F27121E28D65
S21401D070E66C151F4D43AE42236DA78D18D2A3F55E
S21401D080967301FB0733E768181A23893B448342EA
S21401D0900EDA51436369891B43F0100363618142D1
S21401D0A0D4BF216120611948BDE8F84000F08CBC6E
S21401D0B040F271277A43A2F5AF722261FFF786FF2D
S21401D0C0236DA28DAE4207FB0233636023654FF0EA
S21401D0D00003E3640E4B0CD31A68616A137B49079D
S21401D0E0617E4CBF927912780B4493420CDC6376D6
S21401D0F0D9E7626A1B685207197B4CBFDA795A78FE
S21401D100637E5B1A9342F2DA6276CCE76C210020EA
S21401D1103021002038B51A4C0546636923F0100308
S21401D120636101F02BFBB4F8BC302BB9A36813F490
S21401D130601F08BFA4F8BC300121114800F094FC20
S21401D140104BE361636A5A0405D485F00100BDE81B
S21401D1503840FFF781BFA26A6168521A002AF4DAE2
S21401D16023F0010343F400436362FFF791FE4FF09F
S21401D170804003F023F9FFF721FF0028E5D138BDF1
S21401D1806C210020C170030008B5FFF717FFB0B18E
S21401D1900B4B586A20F0040210F001005A6203D1CA
S21401D1A0BDE80840FFF750BE01F0E8FA18F084F831
S21401D1B0FFF73EFEBDE808400020FFF7ABBF08BD05
S21401D1C06C21002038B505460D4C80B10320FFF7D1
S21401D1D00BFE002384F845300123A4F846300420D2
S21401D1E0FFF702FEBDE838401020FFF7FDBD052021
S21401D1F0FFF7FAFD012384F8B650A4F8B830EEE73D
S21401D2006C21002070B53B4C1646636A03F00102A0
S21401D21070B95AB114F059FC636A054623F001034C
S21401D2206362FFF735FE284614F055FC002070BDFA
S21401D230002AFBD19B0704D5E36BBBB10120FFF7A6
S21401D240C1FF94F8303003F0FD03012B16D014F023
S21401D2503CFC0546C6B10E20FFF7D8FD1AF01AF8B9
S21401D26042F2107303FB0600A06210E0022020F0D9
S21401D27018FAE0630028E1D10720D8E7FEF748FC5A
S21401D2800028E4D11220D2E70E20FFF7ADFD0020E2
S21401D290FFF7BCFD636A13F00403C4D140F27122A8
S21401D2A0E364E38DE260023B5343236119F0B6FF6A
S21401D2B00323B0FBF3F303EB4303C31A253384F8CC
S21401D2C06630FFF783FE19F0E5FF60602065B4F86D
S21401D2D0BC00002808BFF520FFF770FD064B054887
S21401D2E01A681378527813445B10637600F06CFB6F
S21401D2F099E700BF6C21002030210020274B70B534
S21401D3005A6A0D4609B3160747D503F1450603F1D8
S21401D310460428B3D1061FD52388012B1CD95B08E8
S21401D32004202380FFF760FD1020FFF75DFD19F054
S21401D33075FF2388B0FBF3F202FB1300307055B380
S21401D3400320BDE87040FFF74FBD940625D503F1D5
S21401D350B60603F1B804DCE70420FFF757FDE3E760
S21401D360D20314D5B3F84610B3F8482091420ED232
S21401D37022881020520092B22280B3F8483093429D
S21401D38028BF13462380FFF72FFD0420CDE710208A
S21401D390FFF73CFDF9E70520D3E770BD6C210020BF
S21401D3A02DE9F04F002783468946304C8BB0A56B9C
S21401D3B0636BAE79C4E90D770C36079305EB060867
S21401D3C0D8F824A002F00CFAAA5D08F10806C2F308
S21401D3D0C01231460DF127008DF8272016F029FBE3
S21401D3E0CDE904B9636A5246C3F380230393FF234E
S21401D3F002939DF827303946CDE90063079808F176
S21401D4000E03FCF71DFF284613F026FE636A23F081
S21401D4102402D907626205D40120FFF715FD0BB07F
S21401D420BDE8F08F124B94F854501A68052D137806
S21401D430527813444FEA6303637602D101F092FEF9
S21401D44040B994F854309A070ED413F0040F14BF61
S21401D4500325012594F86730012065F3030384F85A
S21401D4606730FFF757FEDAE70225F3E76C21002065
S21401D4703021002070B58AB005466B46484AAC7923
S21401D48010685168127A03C30C3408201A702C44B1
S21401D490FEF7E8FB20B101222846A11D1FF051FF2F
S21401D4A00021A379CDF821108DF80F30A37AADF8BD
S21401D4B0251003F00F0303F128026A4412F8282C02
S21401D4C08DF82010ADF81020062B08D8DFE803F001
S21401D4D0044F07075F074B000D20FFF797FCA37A61
S21401D4E00DF11301C3F380138DF81230E3680DF1CB
S21401D4F01200CDF81330238A09AEADF81730002399
S21401D5001A4616F081FAE3791C218DF819304FF48A
S21401D5107F43ADF81A307F238DF81C306379284697
S21401D5208DF81D300023ADF81E30AB7903AC1233F5
S21401D530AB711FF063FFAB792B440C33224603CA51
S21401D540B24218605960144603F10803F6D1106818
S21401D5502946186013481FF0DFFF4FF0804002F0A5
S21401D5602DFF0AB070BD0D20FFF73EFCB7E7D4F8DB
S21401D5701230CDF82130E38AADF82530EB79063B41
S21401D580EB71A37AC3F3C0138DF82030A7E7064BDF
S21401D5905B6A9B0444BF42F00102ADF810209EE78F
S21401D5A0B0E403008C2100206C21002070B5837943
S21401D5B00C33C4182379DA0702D44FF0FF3070BD5C
S21401D5C0A37AE27A03F00F05082DF6D8062D01D9C5
S21401D5D02846F4E7911F1F29EFD8012D1FD10C2AE9
S21401D5E0EBD1244E736A13F0060F01D1DB05EFD49D
S21401D5F016F017FA20B916F00BFA0028E8D1DCE786
S21401D600A37A96F83020C3F3C010B2EBD31FD4D15F
S21401D61004F1120100F00100FEF72AFAEDE7042DED
S21401D620D6D11449144A486A0240002AC5D0C96BAB
S21401D6300029CDD08A79C3F380130C3288188A5C0E
S21401D640B3EBD21F08D016F0ECF90028C0D116F0C3
S21401D650D6F90028BCDBB0E704F10C01062208303D
S21401D6601FF039FC044616F0DCF90028B0D1002C76
S21401D670AED0ECE76C21002008000400F0B5184C91
S21401D68087B0606B00B3A76BBE79FCF793FA0223F1
S21401D690FF210C36BA5DCDE90431BD1995F823306A
S21401D6A000215B090393AB8BD20902936B8B80B28B
S21401D6B001932B8B009305F1080318F03AFA606B7F
S21401D6C0FCF720FD00236363A06B13F0C5FC002369
S21401D6D0A363636A23F00403636207B0F0BD00BF6F
S21401D6E06C21002013B5154C14F0EFF9236A019351
S21401D6F00023236214F0EFF9019BA3B9636A1A04AD
S21401D70006D517F04FFEA0B1636A23F400436362A7
S21401D710636A1B0305D5FFF7B1FF636A23F4002391
S21401D720636202B010BD01A81FF046FE17F0A5FE09
S21401D730E2E74FF0804002F041FEE9E76C2100206D
S21401D74037B5054608461146254A526A02F4107254
S21401D750B2F5107F04D1022B40D0032B08BF012362
S21401D7600193162300F0010200932846052319F0C1
S21401D770E5FCAC7918F0C9FB0C342C440321C4F841
S21401D7800E0004F1120002F095FABDF8203004F103
S21401D7901E002383BDF82430E38202236375BDF89F
S21401D7A018306383BDF81C30A38302F015FB0C22EE
S21401D7B0A37CB3FBF2F102FB113394F8232005336B
S21401D7C063F3040284F8232001F04EFF94F823301B
S21401D7D060F3471384F8233003B030BD0023BFE75E
S21401D7E06C2100202DE9F041054686B000200F4649
S21401D7F01FF057FF0646002800F09E804F4C06207B
S21401D800676395F8018018F0010800F09080FFF733
S21401D810FDFA6A7A636A023A012A99BF43F40073F1
S21401D82088F0010023F40073002094BF63626362F2
S21401D83016F000F90DF116030093414B3846D3F864
S21401D8400080AA89698905ABC047BDF81630EA1C75
S21401D8500393BDF81430304602932B8A0193EB896B
S21401D86000936B7AA978FFF76BFF0020A663FFF79A
S21401D870A9FC14F02AF9636A074643F004036362BD
S21401D880304B1A689379D27913445B106376AE7C79
S21401D890052E84F8556002D101F064FC40B994F875
S21401D8A055309A0746D413F0040F14BF03260126F9
S21401D8B094F8673066F3030384F8673095F902300D
S21401D8C0002BBCBF042384F85530636ADB0727D4DA
S21401D8D0B4F8BC00002808BFF520FFF76FFA40F245
S21401D8E07122E38DE2605343A3F5AF73236119F010
S21401D8F095FC0323B0FBF3F303EB4303C01A00F1DB
S21401D900250384F8663047F6FF73A4F86030FFF706
S21401D9105DFB19F0BFFC60602065084800F054F814
S21401D920384614F0D8F8002006B0BDE8F081FFF7BD
S21401D9305BFA6EE70226BBE70720F5E76C210020BD
S21401D940A41F00203021002010B5074C2368DA06FA
S21401D95007D523F01003236018B90120A16816F03B
S21401D96025F80023A36010BD2C220020014610B527
S21401D9700446022016F01AF8054B1B68D90305D495
S21401D98063691A075CBF43F00403636110BD00BFFF
S21401D9902C220020014BD868DC3870472C2200204E
S21401D9A0034B10B5DC6819F075FCDC3C201A10BD81
S21401D9B02C220020034B1B6813EA004314BF0120EE
S21401D9C0002070472C220020F8B50023036043692D
S21401D9D0044658070DD5204650F8081FC90C01F417
S21401D9E0FC7141F00501FDF725FD636923F0040391
S21401D9F0636163692589D90603D519F04BFC284470
S21401DA006060184E6068314651F8043F2D1A8BB994
S21401DA1023600C60B3684BB1617E5A7E914219D285
S21401DA206269D2060FD50020FFF78EFFBDE8F840E9
S21401DA3018F053BA5A681F892A44D21B002AE7DA1B
S21401DA4019461B68E3E75A681B6913441B1A002B27
S21401DA50ECDBE8E71A895B68D31AE2680344D34231
S21401DA60E4D5E0E72C22002038B504460A4D0846E6
S21401DA70AB68A34201D1FFF767FF6B68074A1BB18A
S21401DA80A342196804D11160BDE8384018F025BAE0
S21401DA901A460B46F3E700BF2C2200203022002056
S21401DAA02DE9F047754D2B685B0700F1AF80AB6839
S21401DAB0002B40F0AB8055E8003F43F0040345E8F7
S21401DAC00032002AF7D16C689CB119F0E3FBD4E967
S21401DAD0043717F0100F0646A26819D010FA82F222
S21401DAE062602068D4F8048038BBDC334344C5E95F
S21401DAF0024355E8003F23F0040345E80037002FB2
S21401DB00F7D1AC68002C74D1BDE8F04701F0C0BC79
S21401DB10606892B2811AFF07A1EB060109D40029B9
S21401DB20DFDAE768DF1BCF4205D432441844831A94
S21401DB30D6E70029D5DA20464FE041690289CF06AB
S21401DB40D0F804E048BF06EB020EAEEB020211F07D
S21401DB50010C11BF1146D0E90371C91B891808EBE6
S21401DB6003077F1A002F28DDBB4205D9E768A1EB22
S21401DB700801DC378F423AD9D4F814A01AF0010F05
S21401DB801DD12169D0F80C9027894144A1EB0901E8
S21401DB90C91BE768A1EB0E01DC37B9420FDD971B05
S21401DBA0BCF1000F03D10169A1EB09010F44002F5D
S21401DBB005DB4B46C0F804E00446006892E7477E62
S21401DBC0617E8F42F9D2921BBCF1000F03D1D0E9DE
S21401DBD003135B1A1A44002A02DAFFF7C7FE72E73C
S21401DBE01AF0100FA7D0C368C0F804E0E4E70B46AC
S21401DBF0E3E7A36813F4601FC3F3C24008D12146CC
S21401DC002B6843F010032B6015F0D0FEBDE8F087BB
S21401DC1004F108063046FDF71BFC2B68214643F04D
S21401DC2010032B60F8B915F0C1FEA36813F4601F4A
S21401DC304FEAD341C3F3C24517D0013DEDB201F41B
S21401DC40FC7130462943FDF7F5FB03213046FDF70D
S21401DC505DFC75B1A268237E1344120C9BB21204BC
S21401DC601343A360D2E73846CEE703213046FDF7DB
S21401DC704DFC3046FDF730FCECE700BF2C220020BF
S21401DC8008B5034B996809B115F090FE08BD00BFB1
S21401DC902C220020014B9868704700BF2C220020E0
S21401DCA00A4B70B59C6884420FD12146012015F0BD
S21401DCB07DFE6668258919F0EDFAAD1BC542214641
S21401DCC04CBF0020022015F071FE70BD2C220020F2
S21401DCD0054B1B681B6A13F0100003D013F00300FA
S21401DCE018BF0120704700BF3C22002006222DE904
S21401DCF0F341344B06469C688846A5790C35635D2E
S21401DD00671903F04F036355838D7A70103B0D2B13
S21401DD1031D8DFE803F053304F07300C3030303065
S21401DD203030300C635D6FF30303635523E001234A
S21401DD30625D006A63F3030262550C2210F4006F01
S21401DD407A7006F12E0107F108020CD001924FF00D
S21401DD50FF32C0F3802000921A4615F05EFE635D26
S21401DD6043F08003E1E7D6F82E30BB608B889380C2
S21401DD70336A5B05F3D4B28D635D304662F34513B7
S21401DD806355B91C19F0DAFA635D60F386136355BF
S21401DD90A3797A7802331344E371B38D03F0140345
S21401DDA0142B04D0B8F1000FC4BF42447A7002B0FD
S21401DDB0BDE8F081635D62F30303B6E70222635DAB
S21401DDC0F9E700BF541F002038B5294904460B7DEA
S21401DDD04A7D0133DBB2B3EB921F0B7503D30323EA
S21401DDE000200B7538BD016AC90234D5032390F8AB
S21401DDF07E20243A92FBF3F303EB4303D21A253237
S21401DE00D2B2A18D94F87F3011F01001B4F934002C
S21401DE1084F87E2003F00F0323D119F0BAFA01F03B
S21401DE2083F8B4F9782004F17005824204D0A4F88E
S21401DE30780001F049FD6881284601F073FB002255
S21401DE401146104615F0B4FD94F87E00002119F035
S21401DE509FFA0120C6E75B001A4102F00302253251
S21401DE60CFE702461946002001F02CFED7E700BF97
S21401DE70541F00201F4B2DE9F04104461860006C2A
S21401DE801FF0E8FA01462046FFF730FFA38D1A4E31
S21401DE9003F01403142B0CBF0022226CB368204637
S21401DEA01A60FFF791FFFFF713FF144B051E144886
S21401DEB008BF184601F002FD6369676803F01008A1
S21401DEC019F0E8F96D000346627EE8B2B8F1000F7A
S21401DED003D1FF1AB7F59B7F07D5114601F08AFBE0
S21401DEE0B068BDE8F04101F059BB616819F0D8F996
S21401DEF0F6E700BF3C220020541F002091DF0100FE
S21401DF00DDE1010070B50546FFF7E2FE104B041E89
S21401DF10104808BF184601F0D1FC2846FFF754FF09
S21401DF200D4E054660B133686000597E00F0FE0074
S21401DF3001F060FBBDE87040084B986801F02EBB0D
S21401DF4001F0BCFC29463068BDE87040FBF71CBBFD
S21401DF5091DF0100DDE101003C220020541F00207A
S21401DF60034610B5094C052B20680AD0062B0CD1A8
S21401DF70002001F0A3FC20680121BDE81040FBF75A
S21401DF8003BBBDE81040FFF7BDBF10BD3C2200201B
S21401DF90032803D1024B1868FFF7B4BFFFF7E0BFB1
S21401DFA03C2200200C4B032810B51C680FD1206CB6
S21401DFB01FF050FA01462046FFF798FE074B226CE9
S21401DFC09B682046BDE810401A60FFF79BBFBDE87E
S21401DFD01040FFF7C5BF00BF3C220020541F0020A1
S21401DFE02DE9F8438B7906460C33CC182379DA07EA
S21401DFF003D44FF0FF30BDE8F883E77A252FF8D831
S21401E0003C4B9A6893790C33D118D35CA27AC3F34C
S21401E0108013B3EBD21FECD1056A0622EB064CBF88
S21401E0200231043104F112001EF055FF0028E0D140
S21401E03094F80A9015F0F5FC05F4C04580F001034C
S21401E0402A1EC9F3801904F10C08414618BF0122A3
S21401E0504846DBB219F02EF9014658B1A37A03F00F
S21401E0600F03032B16D1336A9807C2D50C2FC0D1E4
S21401E0700320C0E715F0DBFC0028BAD1A37A03F031
S21401E0800F03002DEDD0032B85F4C04513D1A90451
S21401E090AFD5E8E7052BACD1306AC207A9D500F0A9
S21401E0A01403142B0CD004F1180019F071F8002891
S21401E0B09FD005209FE7052B9BD16B04ECD498E7F6
S21401E0C006F12E052946C0F3802015F09FFC002896
S21401E0D0E9D1A27A336AC2F38012C3F380239A424B
S21401E0E087D10622294640461EF0F5FE0028DAD0E2
S21401E0F07FE700BF541F00202DE9F74F00244FF0A3
S21401E100FF31074601A8019401F04EF8019949B183
S21401E1103846FFF765FF032806D005284BD001A82F
S21401E1201FF02CF901203FE0DFF8A880284801F015
S21401E130C5FBD8F800302046597E01F07FFAD8F8A2
S21401E14000B0DFF89490DBF84400D9F808601FF0BF
S21401E15081F9B47905460C34335D06EB040A03F005
S21401E160400343F0040333550AF10201584619F0FF
S21401E170E5F8335D002D60F386133355D8F800308B
S21401E180D9F808005B6CA4BF06358AF80150036015
S21401E19001F004FAD8F800301B6ADB0407D53846CC
S21401E1A0019915F0DCFE002003B0BDE8F08F01A850
S21401E1B01FF0E4F8F7E7019801F0ACF8384601994A
S21401E1C015F076FE0028ADD0204601F077FBEAE791
S21401E1D0A5DF01003C220020541F00200E4A032820
S21401E1E010B5146805D0042809D0BDE81040FFF723
S21401E1F0B7BE617E0120BDE8104001F0B7B92046E8
S21401E200FFF77AFF30B101F0EBFA2046BDE8104087
S21401E210FFF778BE10BD00BF3C22002038B50D4682
S21401E2200446002001F04AFB01F0DAFA29462046AE
S21401E230FBF7F4FC0022014B1A6038BD4022002097
S21401E2400123074A03FA00F002F1140353E8003FE2
S21401E250034302F1140C4CE800310029F4D1704755
S21401E2606C1F0020F8B5244F05467B690C4613F455
S21401E270C07F03D099063BD401200CE039B15A0780
S21401E28005D4D5F8A43013B90820FFF7D9FF7B6968
S21401E2909B0601D50020F8BD7B7FAE6A022B06F0F7
S21401E2A0080604D916B114B90220F4E7E4B995F8C2
S21401E2B0921095F83701063100F00F0000F0EEFDE0
S21401E2C085B20EB904B16D00FFF76AFBA8420DDBFB
S21401E2D07B6913F01C0FDDD11EB1002CDAD10520AD
S21401E2E0D9E7002CFBD1D5E70320D4E70420D2E7F9
S21401E2F0002CCFD0C3E700BF6C1F002038B5044602
S21401E300114D4FF480616B69283043F400736B61E3
S21401E31018F06FFF0121204615F0DFFE0021204690
S21401E320FFF7A0FF014620B12046BDE83840FFF7C1
S21401E33075BF6869617E80F48070C0F30020BDE817
S21401E340384001F013B900BF6C1F002038B50446F1
S21401E3500B4B186000F5947001F0E4F82046FBF7CB
S21401E36029FCC4B2204615F02FFB0546204615F0C1
S21401E3702DFB29460246022015F01AFB38BD00BFC8
S21401E3804022002008B5002001F098FA01F028FA92
S21401E3900022014B1A6008BD4022002010B5044639
S21401E3A0FFF7D4FF064801F089FA6168226C637EA4
S21401E3B01120BDE8104001EB920201F0C3B900BF85
S21401E3C08DE601003F4B37B51C680023A26A019316
S21401E3D05005D4F8A03012D504F1A40001931EF024
S21401E3E0EBFFC4F8A00050B194F846314FF48061B9
S21401E3F0013B84F8463104F1280018F0FAFED4F8FF
S21401E400A0500DB9304B9D6894F94631022B0DDCB6
S21401E410D4F8A83013B1A36AD90502D5D4F8AC3024
S21401E42023B14FF480512046FBF7DAFBD4F8A41051
S21401E430A36A002914BF01210021AA794FEA8303A8
S21401E44002F10C0203F00C0343EA0113A95C21F06C
S21401E4501C0143EA0103AB540DD11B4A02F114031C
S21401E46053E8003F23F0080302F1140040E80031AE
S21401E4700029F3D102E00320FFF7E2FE284601F06F
S21401E4808DF8019B53B15B7903F00A03082B02D187
S21401E4902046FBF789FE01A81EF070FF6B799A07EC
S21401E4A00ED5A36A1B040BD50820FFF7C9FE4FF44F
S21401E4B0004104F1280003B0BDE8304018F099BED1
S21401E4C003B030BD402200206C1F002000232DE940
S21401E4D0F04385B00446032103A8039300F064FECD
S21401E4E0039D35B9F4212046FFF798FE05B0BDE837
S21401E4F0F083AB79644F0C331D442A797B69D607C8
S21401E5004ED4DD064CBF07200420FFF799FE0026F7
S21401E51001212046FFF7A6FE054650B97869617EBF
S21401E52080F48070C0F30020400001F087F8FFF708
S21401E53049FF039800F0EEFEDDF80C807A6998F842
S21401E5400630510603F10C0308EB030915D458F8FD
S21401E550033006203B61FFF773FEA36A1A060CD44C
S21401E56004F1280252E8003F43F0800342E80031FC
S21401E5700029F7D10120FFF763FE4946204615F032
S21401E580BEFD99F80430DB077BD5002E52D11DB1B4
S21401E59029462046FFF742FE03A800F0DFFCA5E768
S21401E5A0012023F010037B61FFF74AFEAE7AF006E6
S21401E5B02FD50220FFF744FEA36AAA7A83F002034E
S21401E5C0C2F38002C3F340039A422FD14FF4006195
S21401E5D004F1280018F00DFE50E8002F42F4806286
S21401E5E040E80023002BF7D1A26A82F00202A26261
S21401E5F07B77AA7AA36AC2F3C00203F001018A42BA
S21401E60085D183F0010316F0030618BF0126A36225
S21401E6107EE707F1140353E8003F23F0040307F1F4
S21401E620140141E80032002AF3D1C5E77B7F0133AC
S21401E630DBB2DDE72046FBF7BDFAC0B215F0C4F940
S21401E64006462046FBF7B6FACDF80480A38F82B2C1
S21401E650009331460023022015F0B2F94FF0FF3146
S21401E66003A800F0A1FD03998B790B44DB7D002BF9
S21401E6708DD02046FBF7B6FD002D3FF437AF294677
S21401E68031E7002E83D0E9E76C1F002008B503466A
S21401E690114A042B10680BD002D8032B18D008BDE2
S21401E6A0053B012BFBD8BDE80840F121FFF7B6BDBD
S21401E6B0FFF70CFF094A02F1140353E8003F23F069
S21401E6C0200302F1140040E800310029F3D1E6E707
S21401E6D0BDE80840FFF712BE402200206C1F002054
S21401E6E0164B033810B51C68032818D8DFE800F06D
S21401E6F00702181E2046BDE81040FFF7E7BE204679
S21401E700FFF7FCFD0E4A02F1140353E8003F23F025
S21401E710200302F1140040E800310029F3D110BDB6
S21401E720F1212046BDE81040FFF778BD4FF4806127
S21401E73004F1280018F05DFDF221F2E740220020E6
S21401E7406C1F002010B50446FFF700FE054801F0D7
S21401E750B5F8FFF737FE627E61680220BDE810401B
S21401E76018F09EBDE1E60100034B5B6A13F0060F4D
S21401E7700CBFE220F12070476C21002008B5FFF79E
S21401E78089FA054B834206D101F02AF8BDE8084014
S21401E790002001F093B808BD6C21002070B5214C13
S21401E7A0214801F08BF894F8673094F86620002130
S21401E7B003F00F03C82018F0ECFD00F0B5FBB4F928
S21401E7C06020824205D0A4F8600001F07DF8A4F82C
S21401E7D06200164800F0A6FE00221146104615F00B
S21401E7E0E7F8666818F056FD0246FFF7BDFFB61A51
S21401E7F0B6F5FA6F054609DCFFF7CCF8627EA0F5A0
S21401E800AF712846BDE8704000F05EBF6668FFF74E
S21401E810C1F83146637EA0F5AF722846BDE8704068
S21401E82000F090BF6C210020C5EC0100C42100203F
S21401E83038B500F0D5FFFFF7B3F8B0F5967F0D4C6D
S21401E8400CDDFFF791FF0546FFF7A4F8627EA0F501
S21401E850AF712846BDE8384000F036BF18F01AFD03
S21401E860E36C62689B1A0344E3640020BDE8384009
S21401E87018F033BC6C210020F7B5104C064694F80E
S21401E88045500F462DB10020013D84F8455003B098
S21401E890F0BD0B4B02201B68597800F0CFFE94F8B0
S21401E8A030303A46CDE9005331460323E06B18F089
S21401E8B045FCE06B00F072FE0120E8E76C210020C9
S21401E8C030210020094A02F1240353E8003F43F0B7
S21401E8D0080302F1240040E800310029F3D1044B7B
S21401E8E001201B68597800F041BE00BF6C21002052
S21401E8F0302100200289438940F271205B004343A6
S21401E900D0B25B1A4343120AB3FBF2F3024A12680F
S21401E91011445818704700BF6C24002030B58C1A7B
S21401E920E41A002C08DA124C551A64681D44B5FB2B
S21401E930F4F505FB04442144134440F2E242CB1AA9
S21401E940B3FBF2F39BB242892BB940F27124530018
S21401E95004FB031113460132B3FBF2F402FB14323B
S21401E960028140F2E2409B1A00FB131030BD00BF4B
S21401E9706C2400202DE97043064618469DF8183091
S21401E98089461446E3B9C31E012B8CBF0225032515
S21401E990222100F083FA40F27128154B6D005B6866
S21401E9A008FB05F581446BB121463046FFF7A2FF0F
S21401E9B04A460146ABB23046BDE87043FFF7AEBFEC
S21401E9C00125E5E7738934890133B4FBF3F203FBD0
S21401E9D01244F37934815B00640008FB03F308FBFF
S21401E9E004F404EB530404EB09002844BDE87083E7
S21401E9F06C2400202DE9F041134E8046736A5B07B4
S21401EA001BD58B790C33CF18C8B9FD79CC5828465D
S21401EA10398900F043FA0444B8F1000F11D1033DDF
S21401EA20012D94BF0323022340F271225B0002FBF7
S21401EA30034434647B7986F84430BDE8F0810125CF
S21401EA40E4E70123F0E700BF6C2100202DE9F04F39
S21401EA5016468DB0021E069108BF00211F46954B33
S21401EA6005929D6B5B6AAC7938460C342A5DC3F31C
S21401EA70801A61F345122A55314603F0400203928B
S21401EA8014F0D1FF05EB04080790285D08F1080B88
S21401EA905946C00914F0C7FF039B8146002B44D199
S21401EAA0002844D114F0BDFF80F00103DBB25246CA
S21401EAB03146384603F0010318F0FCFB04900028A9
S21401EAC000F08A80039B002B33D1B9F1000F75D17A
S21401EAD0079B002B72D014F095FF00286ED0012200
S21401EAE00AA90DF1270014F0A0FF002874D09DF8A4
S21401EAF027302A5D591E4B424B41B3EBD21F6BD1D7
S21401EB00062258460AA91EF0E6F9002864D13368A1
S21401EB10C8F80830B388ABF804302B5D67F3C71329
S21401EB202B554FF00009CA4619E00123BFE7039BA6
S21401EB30BDE7604B5B6A13F400791CD115F804A09D
S21401EB40CAF3801A484614F075FF3368C8F80830CF
S21401EB50B388ABF804302B5D67F3C7132B55059BC1
S21401EB60544E002B3ED196F8B630002B3AD0013BDE
S21401EB7086F8B63030E014F042FF002806DA15F8C1
S21401EB8004A04FF00009CAF3801ADBE70022114601
S21401EB90104614F044FF15F804A08146CAF3801A03
S21401EBA00028CFD0002302211A4608EB010018F0F6
S21401EBB09DFA2B5D60F386132B55C3E77A1E5742E9
S21401EBC02B5D5741B7EBD31F06D106223146584677
S21401EBD01EF081F90028A4D00023049304980DB0F8
S21401EBE0BDE8F08F18F056FB074615F05CFA059B5A
S21401EBF002463946009308F10E009DF85830FFF79B
S21401EC00B9FE2D4B059A1B680746D9799AB9022099
S21401EC1000F014FDB06B00F0C1FCB36B9A7913449D
S21401EC201F63FFF737F8254BC361069BB3B9736AB9
S21401EC3023F4806315E0002000F000FDB06B00F0C7
S21401EC40ADFCB36B1E489A7913441F6300F036FE81
S21401EC50069BC3B9736A23F4806317E0736A43F4AF
S21401EC6080637362039B9BB1B9F1000FB6D000239A
S21401EC7051461A4608F1020018F038FA2B5D60F387
S21401EC8086132B55AAE7736A43F480637362EBE736
S21401EC902B5D0022C3F3C01359460AA88DF828300D
S21401ECA014F0C3FE2B5D9DF8282062F3C7132B5585
S21401ECB0DAE700BF6C21002030210020B7520300A4
S21401ECC071EE010004282DE9FF471ED005D8032860
S21401ECD000F0C08004B0BDE8F087431F012BF9D8CF
S21401ECE005384FF0010118BF0120FEF707FB18F0A9
S21401ECF0D1FA5D4AD36C51685B1A03440020D36491
S21401ED0004B0BDE8F04718F0E8B9002403A84FF0B6
S21401ED10FF31039400F048FA039858B1FEF746FC19
S21401ED200828074603D8514B1E5C31070AD403A8AE
S21401ED301EF024FB4C4B5B6A13F0060F12D0FFF754
S21401ED4077FD0FE00728039D13D122462946464842
S21401ED5016F0A8FA0028EDD016F0AFFA10B101208F
S21401ED60FEF77AF90121084604B0BDE8F047FEF740
S21401ED70C5BADFF8F480D8F8244014F0040410D0A3
S21401ED8016F002040DD00120AA790C322A44917A99
S21401ED900090C1F380130C32C1F34011FFF756FE09
S21401EDA00446284600F0B6FA29460120FFF722FE5F
S21401EDB0D8F82430DA072DD503F0800A95F80690A6
S21401EDC014F02FFE09F10C09A94480F0010399F80B
S21401EDD00A00BAF1000218BF0122DBB209F10C01E8
S21401EDE0C0F3801018F066FA60B12CBBD8F8243056
S21401EDF028469B0733D5F40710D4730731D5FEF7A1
S21401EE0039FB97E7BAF1000F04D1514614F00FFE13
S21401EE100028EAD0284612F01FF918E018F003FB84
S21401EE20044648B1A8790C302844817A0C30C1F3E5
S21401EE308011FFF721FD0446042F03D1D8F82430B2
S21401EE409907E7D57207E5D52846FEF713FB002C90
S21401EE5088D16FE704B0BDE8F047FFF733BD042F54
S21401EE60CBD112F0F9F865E76C210020BAE4030073
S21401EE70032808B50AD1074800F020FD064B0120FB
S21401EE8093F94410BDE80840FEF78ABABDE8084089
S21401EE90FFF718BFC5EC01006C210020064B10B52A
S21401EEA05B690C4610B101F061F8034618795B887E
S21401EEB004FB003010BD00BF880F0020084B10B5C2
S21401EEC05B690C4610B101F051F803465A88A2421C
S21401EED03DBF1B79A41AB4FBF3F0002010BD00BFA0
S21401EEE0880F00200138C0B203289ABF014B185C76
S21401EEF000207047C3E403008BB200294FF00A01DB
S21401EF00B4BF053B05331BB293FBF1F3014A1080F6
S21401EF1093707047922A0020024B9B78C01A40B229
S21401EF20704700BF922A0020024B1B88C01A00B20D
S21401EF30704700BF922A0020074B186840F20D1355
S21401EF4038B9002BC1BF45224433B3FBF2F0C0B23F
S21401EF5070470068453BF3E7880F00202DE9F04134
S21401EF60064612F0B2FD0746FFF7E6FF35460446B1
S21401EF70286818B16CB928461EF000FA31680A48AC
S21401EF801EF0CAFA384612F0A6FD00233360BDE82B
S21401EF90F081D0F800801EF078FB2B68013CC3F8A6
S21401EFA000802D68E4B2E3E7880F0020024BDB6B9C
S21401EFB003B11847FEF764BE880F0020C04310B5A2
S21401EFC0054A131D53E8003F0340141D44E8003171
S21401EFD00029F6D110BD00BF880F002010B5054AE4
S21401EFE0131D53E8003F0343141D44E80031002974
S21401EFF0F6D110BD880F0020F8B516461C46074608
S21401F0001946104618F03BF932462346384618F0A2
S21401F0103BF9434DD5E9062300EA020401EA03065B
S21401F02054EA060313D0670104F0806010D56B68BC
S21401F030180623D43B4B234093BB3B4B06F02002E0
S21401F0402340134356D12046314618F014F9F8BD33
S21401F050A4F1080333431CD1EB7A012B42D16B6830
S21401F060D90743D50323EB7204206B8C01336B84E1
S21401F070FFF79CFF012018F003F9E4E72B1D53E886
S21401F080003F23F08003291D41E80032002AF5D114
S21401F090DDE7A4F10C03334317D118F0F1F8DBE7F1
S21401F0A024F0011323F4A0433343C6D1EB7A012B9A
S21401F0B018D140F201436A680520934314BF002328
S21401F0C00323EB72FFF772FFBDE7231F334302D121
S21401F0D018F0D7F8B7E704F17F433343AAD1EB7AA8
S21401F0E0022B0FD0042018F0B0F8ACE713F400633D
S21401F0F0BAD1B8E70420FFF771FF4FF0006001F0C6
S21401F1005DF9A0E76B689A0706D50423EB722B8C92
S21401F110032001332B84ABE713F02003F7D1F5E787
S21401F120880F0020015001000DD50155014B986A4A
S21401F130704700BF880F002010B5064CA06A1DF06E
S21401F14087FB28B9A06A1DF085FB00F0010010BD01
S21401F1500120FAE7880F0020014B986A1DF07CBB5E
S21401F160880F0020024B5868C0F34020704700BF4C
S21401F170880F002010B504464FF40070FFF71EFFFD
S21401F180084B986A1DF06AFB38B10CB9002010BD17
S21401F1904FF40070FFF722FFF8E7002CF6D00C20A2
S21401F1A0F5E700BF880F00202DE9F04F04680646FA
S21401F1B08846574D89B0002C48D02046A7791EF0C6
S21401F1C049F90C3727443C890A38B8F1FF3FA4EBCC
S21401F1D0000402D04445A8BF4446B5F83890B0EBC9
S21401F1E0090713D4002C0EDD6D6B36683D44FF2CE9
S21401F1F0224629463046A8BFFF221EF0A2F8241A4E
S21401F20036680544F3D109B0BDE8F08FA9EB0009D3
S21401F210A145A8BFA146296BC846D6F800A001EBB8
S21401F220000BB9F1000F0DD04246FF2A5946504651
S21401F230A8BFFF221EF085F8B8EB0008DAF800A098
S21401F2408344F1D1A4EB09044F44CBE70321A86A18
S21401F25003AA1DF05DFABDF80E70A14602940A37A6
S21401F26002ACE86209E023601B682B602368C3F8E0
S21401F27000902368002F1C4611DD2B68453F002BAC
S21401F280F1D101201EF00DFA034620600028F1D1CD
S21401F290019002A81EF072F8019B3360B3E72B1DA4
S21401F2A053E8003F43F008032A1D42E80034002CCF
S21401F2B0F5D14FF0006001F081F80298BDF81020FA
S21401F2C043790A2143F001034371069B30606B6367
S21401F2D0059B2A872B638379BDF80E200C330344E4
S21401F2E01C711A812A7ADC719A719DF80C20072A02
S21401F2F00BBF0122AB8C1A7101331FBFAB846B8C21
S21401F30003F1FF336B841EF010F8346855E700BF35
S21401F310880F00202DE9F041877905460C37C4197E
S21401F320237986B013F002081BD1174E43F002036F
S21401F33023716A46D6E90A011DF0EEF9238969466A
S21401F3400333B06AADF804301DF0E8F9009B9DF96F
S21401F3500E00EB51FFF7E0FD6071B37A022B03D884
S21401F360E37106B0BDE8F0819DF81130012B04D0A1
S21401F370022B04D02BB90423F2E70323F0E7012381
S21401F380EEE784F80780ECE7880F002037B5124BCC
S21401F39000F00F041B88012CADF8043015D0022CA8
S21401F3A015D18DF8044042F222000C4D6B680340E3
S21401F3B0A3420ED0FFF702FE2046FFF70FFEA86A13
S21401F3C001A91DF031F903B030BD2024EBE700247C
S21401F3D0E9E70020F7E700BFECE40300880F002010
S21401F3E02DE9F04302234FF00008114F85B0814606
S21401F3F010460E461546CDE90218FB7217F03DFF82
S21401F40000904246797AB86A02AB0AF0B1F904462E
S21401F41050B94846FFF7BAFF2B460446424601213B
S21401F42030463D7317F025FF204605B0BDE8F08352
S21401F430880F002037B5144B00F00F041B88012CF1
S21401F440ADF8043014D0022C16D0002441F6010089
S21401F4500E4D6B680340A34213D0FFF7AFFD204665
S21401F460FFF7BCFDA86A01A91DF0F4F803B030BD92
S21401F47004238DF80430E9E78DF804404FF4006466
S21401F480E4E70020F2E700BFECE40300880F002069
S21401F490002210B5084C1046114617F0E9FEA06A86
S21401F4A00AF02AF917F0EFFE20461DF067FFBDE8C7
S21401F4B010400820FFF782BD880F0020014B986A94
S21401F4C01DF008BA880F002038B5154C0546A37AFA
S21401F4D0834210D0431E042B08D8DFE803F0030D47
S21401F4E011161800A06A0AF051FD20B92846A57227
S21401F4F000F03CFD606138BDA06A17F0CDFEF4E770
S21401F5000121A06A17F0CAFEEFE70321F9E7FFF72A
S21401F51029FE0028EAD0A06AFFF7D0FFE5E700BF82
S21401F520880F002073B50446408900F02BFB0E4D72
S21401F530A07B0026287217F073FE6872E07B00F04D
S21401F5400F00FFF7C1FF0096A37BD4E90021A86A4C
S21401F5501DF0E4F932463146304614F029FA2068A7
S21401F56017F090FE02B070BD880F002038B5012359
S21401F570094D0C46EB72FFF75DFF10B1042017F042
S21401F58064FE2B7BA34204D922460021012017F0FA
S21401F5906FFE14F00EFA38BD880F0020F8B5044649
S21401F5A014F008FA0746A179E279114E521A0C3185
S21401F5B00123B06AD2B221441DF0A4F8E579A379FB
S21401F5C0ED1A57FA85F524680CB93561F8BDA179AD
S21401F5D0E2790023521A0C31D2B2B06A21441DF0EE
S21401F5E091F8E379A2799B1A55FA83F5EBE700BF08
S21401F5F0880F0020F8B502230F4E0D46F372FFF771
S21401F600C5FE044620B1BDE8F840042017F01DBE33
S21401F610284617F032FE07462A4621460120357352
S21401F62017F026FE3B462246717AB06A0AF092F837
S21401F6300028E8D1F8BD00BF880F002038B50223A6
S21401F640084D0C46EB72FFF7A1FE10B1042017F02F
S21401F650FCFD2B7BA34204D922460021012017F092
S21401F66007FE38BD880F0020014B587B704700BF4E
S21401F670880F002068B1084B194653F8042F0AB1C9
S21401F6808242FAD25B1A9B10013BDBB2034A5373E8
S21401F69070470123FAE700BFC8E40300880F002083
S21401F6A010B5084C606810F480700AD0A06A1DF08E
S21401F6B046F830B90121A06A1DF03FF880F001003C
S21401F6C0C0B210BD880F00202DE9FF4100234FF086
S21401F6D001081B4E00938DF80C30C0F340138DF8D3
S21401F6E00E30C0F300130446154686F80B808DF8DD
S21401F6F0048002918DF80D30FFF79CFE28B104209E
S21401F70017F0A3FD04B0BDE8F081284617F0B5FD5B
S21401F7106A460346717AB06A0AF036F82A46C4F396
S21401F720801107464046357317F0A2FD14F041F9E3
S21401F730230601D5FFF7B4FF002FE0D1E2E700BFB3
S21401F740880F00202DE9FF4104460F461D46012182
S21401F75000231C4EE006F172019303930097029278
S21401F76005D573691B888DF80D1013440293C4F3F5
S21401F770401328468DF80E3017F07FFD6A46034683
S21401F780717AB06A0AF000F828B1042017F05DFD1E
S21401F79004B0BDE8F0812046FFF74CFE2B46012160
S21401F7A0C4F3801280463846357317F062FD14F0B4
S21401F7B000F9230601D5FFF773FFB8F1000FE4D176
S21401F7C0E6E700BF880F0020044B5A68D20503D530
S21401F7D00021986A1CF0B1BF704700BF880F002057
S21401F7E038B5114CE37A23B100221146104617F0C2
S21401F7F03FFD00252846E57217F042FDA06A01226A
S21401F80003211CF0A0FE2A46A06A01211CF088FFF5
S21401F810FFF7DAFF8020FFF7D1FBBDE838404FF451
S21401F8204050FFF7DBBB00BF880F002008B5FFF78D
S21401F830D7FF044A0620D38C0133D384BDE80840A1
S21401F840FFF7B4BB880F0020F8B51B4D6B6859074E
S21401F85004D50420FFF7B2FBFFF7E8FF6B681A0731
S21401F8600FD512F032F90646FFF766FB0446124F33
S21401F87024B101201DF015FF0146A8B9304612F04B
S21401F8802AF96B68DB0615D51020FFF797FB00F009
S21401F8907FFB78B112F019F90446FFF7C7FF20463F
S21401F8A0BDE8F84012F017B93846013C1DF03EFE9F
S21401F8B0E4B2DDE7F8BD00BF880F0020014BD86336
S21401F8C0704700BF880F002073B50F4B04469B7D21
S21401F8D00E4EFF2B15D10023ADF804000DF10302E7
S21401F8E0B06A01A98DF803300AF01AFB9DF803509F
S21401F8F022462946B06AF5F789FD40EA052002B09E
S21401F90070BD034B1D78F3E7922A0020880F002074
S21401F9108C2A0020044BC2B2C0F30721986A82B039
S21401F92002B0F5F7EBBD00BF880F002010B50D4CF7
S21401F9300021A06A1CF05EFE0B49A06A1CF0B7FE0F
S21401F940FE21A06A1CF0A2FEA06A0AF003F9074B8A
S21401F950B3F910208242C8BF18821A8A9A805A8A3E
S21401F960DA8010BD880F00208C2A0020922A002001
S21401F970F0B585B0ADF80210ADF8042069464FF039
S21401F980C812ADF806304FF08213ADF80000CDE98D
S21401F990022304200B460C4C02ADB4F91070B1F9E9
S21401F9A0002035F9026BBA42A8BF3A46B242A8BF58
S21401F9B03246013821F8022BF1D103CB034BA0606C
S21401F9C0596005B0F0BD00BF922A00209A2A002097
S21401F9D073B50546F5F702FE314E0368314C3360C8
S21401F9E08388FF2DB3804FF00003A3702380337804
S21401F9F018BF1D46A5752C4D8DF801300DF103037A
S21401FA00A86A0DF102020DF101011CF01CFF9DF820
S21401FA10013040B90133DBB20D2B8DF80130EDD941
S21401FA20012002B070BDA27DFF2A00D0A3758DF81B
S21401FA30053033709DF802308DF804300198FFF7D9
S21401FA4069FFC828A8BFC8209DF8033020828DF81A
S21401FA5004300198FFF75EFF144B9842B8BF184672
S21401FA606082B4F91000FFF72FFFADF8040001988B
S21401FA70FFF750FF2082B4F91200FFF725FFADF81B
S21401FA8004000198FFF746FF4FF6FF73A382642335
S21401FA9060821A4618461946FFF76AFF0020C0E73B
S21401FAA08C2A0020922A0020880F00200CFEFFFFDF
S21401FAB00346034AB2F906000BB1FFF735BA7047A1
S21401FAC0922A0020084B10B5B3F9044030B903EB75
S21401FAD04103B3F906309C42A8BF1C46A242A8BF08
S21401FAE02246104610BD00BF922A0020014BB3F9F2
S21401FAF012007047922A0020014BB3F9100070479C
S21401FB00922A002073B5064611F0DFFF0C4D04461D
S21401FB10B5F91200B5F91030B042B8BF3046984278
S21401FB20A8BF1846FFF7D0FEADF804000198FFF70E
S21401FB30F1FEE880204602B0BDE8704011F0CBBF70
S21401FB40922A002073B5064611F0BFFF0C4D0446FD
S21401FB50B5F91000B5F91230B042A8BF3046984248
S21401FB60B8BF1846FFF7B0FEADF804000198FFF7DE
S21401FB70D1FEA880204602B0BDE8704011F0ABBFB0
S21401FB80922A0020F0B5C0F3072585B0FE2DADF80A
S21401FB90040027D09DF8047011F097FF124C06461A
S21401FBA0637DAB420ED0114B02A918689B88029068
S21401FBB0ADF80C300E4B8DF80850986A1CF077FDA6
S21401FBC0FF232375237DBB4206D0094B3946986A2D
S21401FBD01CF05CFD27756575304605B0BDE8F04044
S21401FBE011F079BF05B0F0BD922A00208C2A0020C2
S21401FBF0880F00202DE9F04707460E461446DFF829
S21401FC00409086B00DF10808A9F1100A3A46802105
S21401FC105046CDE900980A4BF6F75CF90028F5D175
S21401FC20102C254628BF102530462A4641461DF091
S21401FC3062F9641B2F442E44E8D106B0BDE8F08774
S21401FC40552B002030B589B020226946FFF7D2FF38
S21401FC506A460C4D04AB144603CC9C42286069608E
S21401FC60224605F10805F6D1074C08AD1A4603CA27
S21401FC70AA4220606160134604F10804F6D109B077
S21401FC8030BD00BF452B0020552B002010B588B095
S21401FC906946202011F08EFB044630B96846FFF70E
S21401FCA0D1FF0122024B83F82020204608B010BD68
S21401FCB0452B002070B5134B054693F820300C46B3
S21401FCC08CB00BB9FFF7E2FF0023CDE90033CDE995
S21401FCD0023354B91C22214605A804941DF032F9BA
S21401FCE004A8FFF7AFFF0CB070BD102C264628BF46
S21401FCF01026294632466846FFF77CFF3544A41B8A
S21401FD00E7E700BF452B00202DE9F84FDFF86890A4
S21401FD108246D9F800B088461746BBF1000F28D0B6
S21401FD20002699F80450B54207D13D7099F80400B1
S21401FD30A84214BF0120022017E074196110C1EB1C
S21401FD40C10159448879C4F3470400F00100B8EBB7
S21401FD50000003D1062250461DF0BDF8002806DB40
S21401FD6002D0661CF6B2DEE73C70BDE8F88F254689
S21401FD70D9E70320F9E700BF642400200022014BE5
S21401FD801A71704764240020F8B5054611F09DFEEF
S21401FD90104C85F3070563790646AB4205D100246E
S21401FDA0304611F098FE2046F8BD002720686571A0
S21401FDB0277110B111F0DEFA27606379002BEED0BF
S21401FDC0C5EBC50011F0B8FA20600028E7D16071D4
S21401FDD00724E5E764240020044BD3F801200260E1
S21401FDE05B7903F01F030371704700BF662B002089
S21401FDF0244BF0B5002918BF0B46144600210125F7
S21401FE0012688BB0C3F80120227919705A71C1F3B8
S21401FE10C402A65C01F0070205FA02F21642CFB24E
S21401FE2007D01A7802F128066E44013206F8287CBB
S21401FE301A7001312529EAD11A7828B16946981D28
S21401FE401DF059F80BB0F0BD002AFBD00126053392
S21401FE50C0F3C405675D00F0070506FA05F52F42F5
S21401FE60C1B208D1B1FBF2F502FB15110AAD55FA84
S21401FE7081F111F8281C0130252803F8011FE7D16C
S21401FE80E0E700BF662B0020034B002818BF03469F
S21401FE900B449879704700BF662B0020224B10B5A3
S21401FEA0002814BF84469C464FF0010E82EA124297
S21401FEB090B280EA010393FAA3F31BBA9BB203EB59
S21401FEC0031303449BB293FAA3F31BBA9BB203EB4F
S21401FED0031303449BB293FAA3F31BBA9BB203EB3F
S21401FEE0031303445840114C82B2A4FB0234131B83
S21401FEF004EB5304630903EBC30103EB8103D31A39
S21401FF00C3F3C401D8B2614403F007030EFA03FE3B
S21401FF104B7813EA0E0F01BF9CF8003053430CEBED
S21401FF20134C9CF8060010BD662B00204D91CFBAED
S21401FF30064B074A01201A60064B074A1A60074B10
S21401FF40074A1A60074B084A1A607047A41F002028
S21401FF50E9730300A01F0020217403009C1F0020EA
S21401FF60E7730300981F002023740300052808BFC9
S21401FF7003200622024B013802FB0030704700BF07
S21401FF80EEE40300014B186E80B2704700C001B862
S21401FF900A4BD86800F07060B0F1106F0CD008D82A
S21401FFA0B0F1E06F08D0B0F1006F14BF002001205F
S21401FFB07047B0F1406FF8E701207047000002B8C3
S21401FFC0431C07B5014606D00023044ACDE9003399
S21401FFD0034812F08FFC03B05DF804FBCF740300F6
S21401FFE09425002070B50E461546044618B302F057
S21401FFF085FF10B3236813F4807F18BF0122104BCE
S21402000018BF1A700F4A1B7814600F4A16600F4A00
S21402001015601BB918F0F2F902F048FF11F080F9EA
S21402002002F02AFE0A4B0B48197802F031FEBDE8B0
S214020030704002F055BB212070BD40F20440FBE741
S214020040922B0020802400207C240020782400208C
S2140200502F2C0020391303002DE9F04186B011F051
S21402006033F98A4B8A4D1A7811208A4910F05CFFC0
S2140200702B6851215A685423B2FBF3F2002392B242
S214020080184610F0E7FE0446002840F0F18010F013
S214020090A5FF814B1968814B186808F0F3FE00F043
S2140200A059F90446002840F0E3802B681C7F002C98
S2140200B000F0B080102C28BF10241DF0ABF8621C94
S2140200C081B200230820D2B210F0C4FE04460028F3
S2140200D040F0CE800D20724A724910F0EFFD0446C1
S2140200E0002840F0C58010F06FFC0221322004AADE
S2140200F000F006FA28B94FF0FF30BDF810101CF0D9
S214020100FFFA6E460023324606212C208DF8063072
S21402011000F0F6F958B9304617F0B9FF08B13028A2
S2140201207AD13C2000F00AFA2C2000F007FA9DF85B
S2140201300630190740F1818096E80300ADF80C10EE
S214020140090C02908DF80E109DF8063013F0280F59
S21402015007D1DDE90201ADF80410090C00908DF814
S21402016006102B68186900287CD12B68586900F0A5
S21402017037F92B6893F82220D2077DD412F047FC79
S21402018002A902460746286817F0A5F90446002881
S2140201906ED10AF09DF8F8F78FFB0446002867D167
S2140201A0012000F039FE404B18681DF0DDFB0446C6
S2140201B000285DD118F0A1FB044603F071F98046D1
S2140201C017F09BFF41460246204615F06AFE04469B
S2140201D000284DD12B681B689B050CD4B7F5FA7F17
S2140201E009D911F06BFC012107460846F7F7A6FB72
S2140201F0384611F067FC2B689A692C4B1A6017F088
S214020200B8F92B4B1860304600F09EFE294810F0D5
S2140202104FFD2DE0042450E701213C2004AA00F003
S2140202206FF940B99DF81030012B14BF4923722391
S2140202308DF806307BE74923FAE7F5F7BFF8CDE9F4
S2140202400401030C8DF80A30BDF81530ADF808002D
S214020250ADF80B309DF817308DF80D3049238DF828
S2140202600E3071E717F05EFE044600283FF47DAFBD
S214020270204606B0BDE8F08193F8230018F0BFF8D8
S21402028000283FF47BAF40F20C44F1E72F2C00200D
S2140202908024002039130300F40A0020F00A00200C
S2140202A077750300737503007C240020B8250020B0
S2140202B0B4250020C1FF01000022032101481CF0E2
S2140202C04EBF00BF50260020F8B5114817F09FFF1A
S2140202D0E0B917F04EF90F4D0D4E286006F10C07E7
S2140202E0286817F08AFE10F0ABFB0446304617F07B
S2140202F08AFF10B938461DF041F802F07DFD08B9B4
S214020300002CEDD1BDE8F84017F0F6BEF8BD00BFF0
S214020310200B0020B425002008B5054B1B782BB90E
S21402032017F0BBF8B0FA80F0400908BD0020FCE7E1
S214020330912B0020012310B5044C2370044B1B683C
S21402034003B198470023237010BD00BF912B0020F5
S214020350B82500200D4B98420DD8023B984210D883
S21402036070B1023B98420ED020F0704020F46040FC
S21402037000F590607047064B9842F5D140F21C405B
S21402038070472120704740F21B4070470AE000F099
S2140203900BE000F04FF08052014B5A60704700BFEE
S2140203A000ED00E00023044A52E8000F42E8003164
S2140203B00029F9D1FBF7C4BBC0250020064A52E843
S2140203C0003F034342E800310029F8D1034B1B6883
S2140203D003B11847704700BFC0250020BC25002087
S2140203E0034B002814BF02461A46024B1A60704797
S2140203F095030200BC25002037B51C68E10705D529
S21402040017F0EEFD164917481CF0B1FEA20723D5D9
S21402041001F08AFCD0B9144D019011F056FB044647
S21402042028461CF0C9FF0190204611F054FB0198A3
S21402043090B143799B070CD401A802211DF085F8E0
S214020440019801F061FC17F07AFDE6E717F077FDF8
S214020450DEE701F04DFCF6E7002003B030BD00BF3A
S214020460340B002050260020C425002008B505487D
S21402047010F0B6FA044B01211870BDE8084010F0DF
S214020480BFBA00BF440B0020932B002038B50446A9
S21402049048B111F01AFB0546214608481DF03CF803
S2140204A0284611F018FB064B022193F9000010F0C3
S2140204B0A7FABDE83840FFF73DBF00BFC4250020BD
S2140204C0932B0020F8B50C4B0C4F04460E463868AA
S2140204D01968154608F0D6FCFFF73CFF50B93346BC
S2140204E02A46386844F4802108F0A6FDBDE8F840A4
S2140204F0FFF730BFF8BD00BFF40A0020F00A002064
S214020500F8B50C4B0C4F04460E463868196815466B
S21402051008F0B8FCFFF71EFF50B933462A46386883
S21402052044F4802108F0D2FDBDE8F840FFF712BF80
S214020530F8BD00BFF40A0020F00A002038B50A4BC6
S2140205400A4D04461968286808F09CFCFFF702FF6B
S21402055040B9286844F4802108F09EFEBDE8384081
S214020560FFF7F8BE38BD00BFF40A0020F00A0020EC
S2140205702DE9F043134B0E461968134B05468DB012
S2140205801868174608F07EFC80B933460A222846C9
S214020590009702A91BF02BFE4FF0000804460DF14F
S2140205A00809444505D1002CEFD120460DB0BDE820
S2140205B0F083284659F8041B08F06EFE08F101087D
S2140205C0EFE700BFF40A0020F00A0020F8B50C4B53
S2140205D00C4F06460C463868196808F053FCFFF7BD
S2140205E0B9FE054648B9E24316FA82F2386842F482
S2140205F0802246F48021FFF7BBFF2846F8BD00BFE5
S214020600F40A0020F00A00200022034B1A609A80A7
S214020610FF229A71704700BFB62B0020064A137954
S214020620834207D9012312688340134214BF012074
S2140206300020704700207047C8250020054A034660
S2140206401068002208B91A607047C10748BF013215
S2140206504008F7E7C8250020014B1879704700BF0D
S214020660C8250020F0B541EA002087B040F4902665
S21402067006200F461546F5F707FB1DF09CF90446C3
S21402068040B901461A2004F045FD6FF08C05284655
S21402069007B0F0BD43688660DAB222B923F0FF03E2
S2140206A043F001034360062F204B0CBF40F20111BA
S2140206B04FF48071204616F060FF2361E3696BBB3E
S2140206C04FF4105323808023638002AB2A461E46D3
S2140206D005F110071D4610685168083203C5BA4274
S2140206E02B46F7D1102130461DF01BF91022314659
S2140206F0204601AB12F0FBFC054620B1014640F253
S214020700074004F007FD102130461DF018F9204678
S21402071012F04CFF204610F02DFEB8E700234FF4EF
S21402072010511A4612F04EFFCDE700BF00444004B7
S214020730102A2DE9FF4706460F46154623D8002401
S2140207404FF00109DFF84480DFF844A0D8F8002013
S21402075009FA04F3134213D046EA042040EA0A00D8
S2140207606A46E9B280B2FFF7CBFE48B92A46394656
S21402077068461CF0B0FB18B960B204B0BDE8F0875A
S2140207800134202CE2D14FF0FF30F6E7C8250020D6
S2140207900080FFFF2DE9F3411D4E05460146062265
S2140207A030461CF098FB20B996F9060002B0BDE868
S2140207B0F0810024A046EF1C2046FFF72FFFD8B199
S2140207C03B88CDF80080ADF80330BB786946E0B2CE
S2140207D08DF8053019F06BFD21280DD0A8B903223B
S2140207E0294668461CF077FB30B92B6860B2336046
S2140207F0AB88B071B380D9E70134202CDCD12B68EA
S2140208003360AB88B380FF23B3714FF0FF30CDE780
S214020810B62B0020034B93F90630013301D1FFF7C4
S214020820F3BE7047B62B0020F7B5044617F08DFCD2
S214020830631C5AD117F038FC0024FFF7E5FE634E1E
S2140208403379A3422CD84FF4004100240846FFF720
S214020850BDFE20224FF0FF315D4834601CF072FB73
S214020860204602F0C3FBFF2604465A4D5CBB5A489C
S21402087012F049FB014630B110F1880F03D040F266
S214020880074004F047FC0C21504A43F6FF70FFF77E
S21402089019FE202138204E4AFFF714FE00202AE0D7
S2140208A02046FFF7BBFE60B165B20521284616F06A
S2140208B066FE0321284616F062FE0621284616F03A
S2140208C05EFE0134BCE794F97530013305D02B780F
S2140208D043B91321204618F012F8204602F086FB90
S2140208E00446C3E784F87560F7E72046FFF796FEEE
S2140208F018B940F2064003B0F0BD6B46062200214E
S214020900204616F07FFE002848D0492368468DF818
S214020910063017F0CDFB4FF47F41304840EA042002
S2140209200840FFF753FE0521204616F028FE032155
S214020930204616F024FE0621204616F020FE01224E
S2140209402249E3B29A400B6823EA02030B60244B67
S21402095093F90630A34201D1FFF756FE0020054662
S2140209600B791B4A013BC1B2994221DBFF260020CC
S214020970D65402F03BFB0546164F002D83D095F960
S2140209807530A34205D13B78EBB91321284617F000
S214020990B6FF284602F02AFB0546EEE76B4606221D
S2140209A00121204616F02EFE0028B4D07223ADE7B1
S2140209B05656A64200D025B1551895F90150555401
S2140209C001250130CFE785F87560E2E7C8250020EB
S2140209D0962B0020942B0020370004000080FFFF97
S2140209E0B62B00202DE9FF41354C064601A8FFF73D
S2140209F025FE2379019A93421ED86279012A40D1B4
S214020A0000274FF0FF383D4610E02368EB40D90739
S214020A100BD5082202AB114668B216F0F3FD20B1E0
S214020A20039B43453CBF2F469846013523799D429A
S214020A30EBD378B2FFF7F8FE236813F0010529D04E
S214020A40002501220135202D18D002FA05F71F4293
S214020A50F8D13B432360A3680C21013343F6FF70B1
S214020A60174A7361A360FFF72DFDA8B1236823EA36
S214020A7007032360A368013BA36073614FF0FF3551
S214020A8019E0022AFAD10F4A134413F9010D421C47
S214020A90FBD0CFE70127DCE722790A4C013A214650
S214020AA0D2B2601C1CF034FA6DB2224620213820E5
S214020AB02570FFF707FD284604B0BDE8F08100BFA9
S214020AC0C8250020962B00202DE9F043002489B08B
S214020AD0B34D04213F2001AA2C70FFF711FD00B18F
S214020AE00194019F002F4FD000267A1E574257418D
S214020AF000242C70AB4D0C212A4643F6FF70FFF7FC
S214020B00FFFCC0B10D23AB80019B2C60032BAC60B5
S214020B1011D803AC2246142143F6FF70FFF7F0FC0F
S214020B2048B994E8070085E807002A460C2143F6F0
S214020B30FF70FFF7C7FC019B042B06D004213F2061
S214020B400DEB01020191FFF7BDFC20213820964AE9
S214020B50FFF7D6FC28B120224FF0FF3192481CF056
S214020B60F1F903222B795B00B3FBF2F38F4A137081
S214020B70FFF74AFDF8F752FA014618B140F207406D
S214020B8004F0C8FA002413E001263746B0E72B68C3
S214020B90E340DB070BD508224FFA84F8114640469D
S214020BA003AB16F02FFD10B94046FFF73DFE0134A9
S214020BB02B799C42EBD38EB11021372003AAFFF784
S214020BC09FFC002853D10620F5F75EF81CF0F3FED2
S214020BD0044690B901461A2004F09CFA3FB13D2023
S214020BE0FFF7ACFC00242B799C42C0F0B38017F0D0
S214020BF061FA002009B0BDE8F0836D4A436882605E
S214020C00DAB222B923F0FF0343F001034360694BD3
S214020C1040F20111204616F0B0FC2361E36943BBA3
S214020C204FF41053238080231021638003A81CF006
S214020C3078FE102202AB03A9204612F058FA0646A6
S214020C40102103A81CF07BFE204612F0AFFC2046C3
S214020C5010F090FB3720FFF771FC46B140F20740D8
S214020C60314604F057FA4FF0FF30FFF7DDFD00265D
S214020C702AE000234FF410511A4612F0A3FCD2E7E2
S214020C803046FFF7CBFCF0B174B2102203212046A7
S214020C9003AB16F0B7FC1028814620D1032120466C
S214020CA003AAFFF7DFFC8046494603A81CF047FE6E
S214020CB0B8F1000F0CD040F20740414604F02AFA81
S214020CC02046FFF7B1FD01362B799E42D8D385E741
S214020CD048F2030040EA062080B2FFF72FFC1022FB
S214020CE00521204603AB16F08DFC1028814613D151
S214020CF00521204603AAFFF7B5FC8046494603A80D
S214020D001CF01DFEB8F1000FD5D148F2050040EAEE
S214020D10062080B2FFF712FC10220621204603AB03
S214020D2016F070FC10288146CDD10621204603AA73
S214020D30FFF798FC8046494603A81CF000FEB8F16F
S214020D40000FB8D148F2060040EA062080B2FFF74C
S214020D50F5FBB8E72046FFF761FCF0B166B2042265
S214020D600C21304602AB16F04DFC04280AD1029B39
S214020D700122C3F300238DF80C300C21304603AB5E
S214020D8016F012FC00231022CDE90333CDE9053319
S214020D900D21304603AB16F007FC013423E700BFF3
S214020DA0942B0020C8250020962B0020952B00208F
S214020DB03700040000444004F8B5104B0446187986
S214020DC00F4B00221D46D1B2884204D913F9017B8B
S214020DD0561CA74204D10B4B1B788B4202D9F8BD96
S214020DE03246F0E70649481C1CF092F82C70202187
S214020DF0BDE8F8403820024AFFF764BBC825002049
S214020E00962B0020952B0020014902481CF0AFB912
S214020E10540B00205026002010220A4B2821DA828A
S214020E206422C3E906124FF6FF721A8402225A603F
S214020E30002283F82B200F2283F82D0083F82C2023
S214020E40704700BFD425002038B502F0BFFC40B979
S214020E50094B48241A6893F82A100346243299420A
S214020E6000DC38BD04FB03F55559ED0601D4013309
S214020E70F5E70120F5E700BFD425002038B5104C71
S214020E8094F82B30D3B1626812F0010516D104F142
S214020E90080004F0C3F9FFF7D7FF78B14EF66022D8
S214020EA094F82C304FF48271534306482A460FF0CA
S214020EB029FF18B9636843F00103636038BD00BFB9
S214020EC0D42500205026002022F00042052A10B524
S214020ED00DD0B2F5827F13D0032A06D1114A536889
S214020EE023F00203536002F079FC002010BD0D4A85
S214020EF01B88118D9942F8D1002313850120F5E74E
S214020F00084B5A6893F82B4022F00102012C5A60D3
S214020F10F4D102F04DFBFFF7B1FF204602F00CFDC4
S214020F20ECE700BFD425002000487047E3250020E8
S214020F30044890F82B1000F10F020830012918BF60
S214020F4010467047D4250020F0B48279034612F08A
S214020F50280F26D00025144A016892F82A60C2F8A3
S214020F600F108188A2F81310817951751168AE426C
S214020F7007DCF0BC5368032043F00403536002F01E
S214020F80DBBC4C6A14F4404F08D1186844F00804DD
S214020F9008609F8898798F8088714C620135483145
S214020FA0E5E72120F0BC7047D42500204379024AA9
S214020FB09B09D05C704700BF20E503000B6810B5A4
S214020FC003608B88FF2A0446838002D10723A3711D
S214020FD009E0032A08D8054B9B5C072B837102D1D4
S214020FE0FFF7E4FFA07110BD0023F0E724E503003D
S214020FF08379024A03F00703D05C704718E50300C2
S21402100010B582798B79094C02F0070203F00703C8
S214021010A25CE35C9A4206D106221BF05CFFB0FAA1
S21402102080F0400910BD0020FCE700BF10E5030079
S2140210307FB5134B0E46054604460393A0B117F040
S2140210409BFD78B900223146204617F0CAFE0228D8
S21402105007D10123314600932046042303AA16F043
S214021060E7FB0DB104B070BD204617F054FD0446F0
S2140210700028F7D017F080FD0028F5D1E2E700BF80
S2140210800100FFFF2DE9F04F97B08346099117F054
S214021090B9FC099883790C33C45CC5181CF0DAF9DC
S2140210A01E2C0646099F24D8012C26D9C54BE340A0
S2140210B0DA0722D5384697F806801CF0CBF9BBF83B
S2140210C00A2083B29A4228D214F0010240F0A1808C
S2140210D004F07F03522B00F09C801E2C00F09980B7
S2140210E0099B214600935846042317F039FA212417
S2140210F00CE004F07F03522BDCD0214606230022AC
S2140211005846009717F02CFA41F20614584617F084
S2140211107EFC204617B0BDE8F08F47443A7B013B81
S2140211201E2A9BB242D8012ACED9023A1C2ACBD812
S21402113001A151F822F000BFC9110200C910020035
S214021140CD110200C9100200C3110200C91002002C
S214021150B9110200C9100200C9110200C91002002A
S214021160CD110200C9100200D1110200C9100200FE
S214021170B9110200C9100200FF110200C9100200D4
S214021180C9100200C910020003120200C9100200B0
S21402119007120200C9100200C9100200C91002009C
S2140211A0C9100200C91002000B120200522A26D0F1
S2140211B0D22A89D10D2B05E0062B0FD0142B83D112
S2140211C00CE0052B80D909E0022BF8E7042BF6E7A2
S2140211D0032B7FF679AFDB073FF576AF022C00F0E4
S2140211E0F380DBF800309B689F0516D40BF14400B1
S2140211F01CF0C4F8099BCBF84430002486E7012B88
S214021200E0E7032BDEE7012BD9E7002B7FF45CAF88
S214021210E4E709A81CF0B2F869E71E2C584600F06D
S214021220918317F0A9FC0746002840F082805846B2
S21402123017F09DFC00287CD004F07F03522B00F0B0
S214021240BC80082C68D1B6B2152E14BF022010201E
S214021250691D17F077FC00285ED0DBF81430D8073B
S2140212604BBF23F0010343F00103394601215846E0
S2140212704CBFCBF81430CBF8143017F094FC099816
S2140212800D9017F0DBF80446B0F80180B0F8039032
S2140212900D981CF0DFF8152814BF0225102505341A
S2140212A02146284603F02EF921460390284617F0D9
S2140212B049FC0490B8F1000F00F04381C84500F2E3
S2140212C04081022109200D9A17F0DBF8BBF80A705C
S2140212D08246023FBFB23E4640464FF0FF35494681
S2140212E0039A17F030FF0446002800F06C8117F0CE
S2140212F0FDFC002800F0848101222146584617F0A2
S2140213009FFD03468DF82E00002800F01F810D9ADF
S214021310009222460821A3E0DBF8143013F00106FF
S2140213203CD023F0010300215846CBF8143017F0C6
S2140213303AFC1E2C63D8032C66D9231F142B63D8C1
S21402134001A252F823F000BF171602000914020089
S21402135007170200091402007F1202000914020095
S214021360ED170200091402000B180200091402000D
S21402137021180200091402001514020009140200C2
S21402138015190200091402000914020009140200C9
S21402139031190200091402003B19020043F001034E
S2140213A001215846CBF8143017F0FDFB12233246C3
S2140213B021465846009617F0D3F809A81BF0DEFF20
S2140213C01BE700BF54554541099DBA4C284617F005
S2140213D035F82188B0F801602A46584617F0D5F845
S2140213E02388BBF80A10B34228BF3346172BB8BF70
S2140213F017235846ABF80A3017F0F0FAFDE6522CDF
S21402140000F08F82D22CD8D0099B0022009321466E
S214021410062325E0099F384617F010F80546B0F86F
S2140214200180B0F803A038461CF014F815280CBF4B
S21402143020460220691D03F065F8B5F805300490D1
S2140214400793B8F1000F07D0D04505D817F0D2FFA2
S21402145050B91023009701E001230097424610215D
S214021460584617F07DF8C8E63A460221112017F0D2
S21402147008F844464FF0FF35BBF80A3005909E1E2A
S2140214800393063B9BB2B6B2089351462046049A93
S21402149017F059FE814668B35146079A17F0A0FE28
S2140214A00446484617F022FC40B94FF6FF739C42AA
S2140214B001D00134A4B25445E7D91BE04FF0000333
S2140214C00DAAADF8343049460CAB584617F055FD18
S2140214D0039ABDF83430053A9A42089A0690D8BF65
S2140214E01346002DADF8343009DB9D4202D1EB1CC9
S2140214F0B34208DB691C1CD10A230097AEE7351FEE
S2140215009D42A8BF1D46042211A93846ADF8449054
S214021510ADF846401CF0C3F92A46384606991CF038
S214021520BEF94FF6FF73043E761B9C42B6B2C0D19C
S214021530E0E73946059B04355D70584601F04AFEE1
S2140215405BE60D9B009301234246E3E6049B13B140
S214021550204617F0AFFB204617F0E0FBD8B1002D6F
S21402156054DC0DA81BF00AFF082358468BF81C30E3
S21402157050F80C2B40F2025192F870208DF8483049
S21402158000238DF8442011AAADF84640ADF84A3043
S2140215901BF029FE31E6ADF844000DF12E0321467C
S2140215A0584611AA17F0E9FCBDF844300590BB4234
S2140215B028BF3B46002DADF844300ADBAB4202D1D1
S2140215C06B1CB34209DB6A1C0D9B1FD100930A23D6
S2140215D0BAE7B51E9D42A8BF1D4602220CA90D9869
S2140215E0ADF830401CF05BF92A4605990D981CF0C0
S2140215F056F94FF6FF73023E761B9C42B6B2E2D015
S214021600601C80B28145BFF46AAEDCE702350D99F4
S2140216108AF8015091E7DDF82490484616F00EFF4E
S214021620B0F80330B0F801800493B8F1000F43D04D
S214021630984541D84FF6FF774A460221052016F014
S21402164020FF4546BA46BBF80A400590023CA4B2C3
S2140216502946584617F052FE504506464BD04FF4E0
S21402166000622946584617F0EBFB00283ED130466A
S21402167017F0DCFE00280CBF022310235745039305
S21402168020D0304617F0D2FE0690384617F0CEFE2F
S214021690069B834203D1039B0133A34213DB3846E6
S2140216A017F0C4FE059B013019465870584616F0CE
S2140216B040FFA2E50C0D00200123CDF80090424623
S2140216C00421CDE637460DF146013046ADF84450CA
S2140216D002F06EFF039B48469A1C11A91CF0DFF825
S2140216E0039B023CE41A5545A4B2D8D0049B0135AC
S2140216F0ADB2AB42ACD24FF6FF739F42CFD10A23B4
S214021700CDF80090DBE7DDF824900024484616F07A
S21402171095FEB0F80530B0F803A0B0F801600746B1
S214021720484603931BF096FEC51FADB2102D0C94CF
S21402173058D82A46F91D0DA81BF0DDFB002E53D003
S214021740564551D84A460121072016F09AFEA04671
S214021750074633460A249A45049307D93946BBF806
S2140217600A0016F071FE0328049B04D8B8F1000F95
S2140217701AD039469AE7ADF84430039B5846ADF87E
S21402178048300DAB13930BAA0DF12E0311A9ADF839
S21402179046A0ADF8505017F04FFD0A280446E5D093
S2140217A0BDF82C3030B11E46234632460621CDF80F
S2140217B0009055E6ADF83030BDF82E300CAAADF8E4
S2140217C0323039460423BBF80A0016F048FE4FF6BC
S2140217D0FF72BDF82E309342CBD001334FF0010892
S2140217E09BB2B8E70424DFE70124DDE70A23099C5D
S2140217F08BF81C30204616F021FE23460022B0F855
S2140218000110584616F0E4F8F7E4099C204616F054
S21402181015FE0C238BF81C30B0F803202346EEE7A7
S214021820DDF82480404616F009FE054640461BF0C9
S21402183011FE0023441EBBF80AA08DF8343061D096
S21402184014F001075ED120460FF076FD064600280A
S2140218505ED00AF1FF332246691C03931BF04BFB52
S214021860424601210F2016F00CFEB1460490002CD1
S21402187004DC30460FF07EFD049917E739F8025B68
S21402188001222946584617F0DBFA023C8DF834004E
S21402189068B9284617F04CF910B1284617F00AFA2C
S2140218A0284617F03BFA60B180238DF83430304674
S2140218B00FF060FD2A460E219DF83430CDF80080E8
S2140218C0CEE529460DAB584611AA17F056FB9DF8F1
S2140218D034300146002BEAD1039BBDF84420DB1BC3
S2140218E09A42C2BF0AF1FF33DB1BADF844304046D2
S2140218F0BDF844201BF0D3FFBDF844309842B8D35D
S2140219001F44B4E7042300258DF834302E46CEE774
S2140219101123F8E75846099AB5F8011016F0F6F8BA
S2140219206BE45846099AB5F8011016F04AF964E4D1
S2140219305846099916F084F95FE45846697816F015
S214021940EAF93AE516F007FA37E500BF7FB5174A17
S2140219500646136842F6052023F00803136017F0C4
S2140219602DFC054650B1684602F084FC002017F0B4
S214021970D2F8044620B92946FFF75AFB04B070BDD8
S2140219801022684604F121011BF0A5FA38B10121A4
S214021990204617F008F9636923F0010363611EB15C
S2140219A03146204617F0DBFC2046E0E7BC26002046
S2140219B007B5837801916A46082104488DF80030FD
S2140219C01BF011FC03B05DF804FB00BF502600209C
S2140219D00022054BC3E90322C3E905221A70DA6125
S2140219E04FF6FF725A84704728260020014B186073
S2140219F0704700BF2426002082780D4B13B55A602C
S214021A00B0F8032091B2102910D040F60344A14248
S214021A100CD041795B8C8DF80210ADF804200521BC
S214021A206A460448ADF800301BF0DDFB02B010BD7C
S214021A30282600205026002073B5837901900C33A7
S214021A40C418C35C132B0ED8042B10D9053B0E2BDF
S214021A500DD8DFE803F01E0C0C1E0C0C0C0C0C163A
S214021A601A0C0C0C2300302B13D03E2B1BD0F9F78C
S214021A70D5FD019B834202D001A81BF07FFC02B079
S214021A8070BD2046FFF7B8FFF1E7E2780E4B5A60CA
S214021A90EDE7204601A902F039F9E8E7204601A958
S214021AA016F032FBE3E70025084E019B3BB12046C9
S214021AB056F8043B01A9013598470E2DF5D101A829
S214021AC01BF05CFCD3E700BF2826002028E50300B5
S214021AD007B500F013F920B103B05DF804EBFFF789
S214021AE0ABBF00F017F9019018B1054B1B681BB18C
S214021AF0984703B05DF804FB01A81BF03FFCF8E72B
S214021B0024260020024610B1022804D07047032182
S214021B1002481BF024BBFFF7DBBF00BF50260020A5
S214021B20024B1A78024B53F8223018472826002018
S214021B3060E5030010B504460120FFF7F1FF034BF2
S214021B4000201C70BDE81040FFF7EABF28260020E0
S214021B5010B50446062142F2050016F0F6F923688F
S214021B60C0F80330A388A0F807300648F9F778FDD6
S214021B7016F02FFA407920B116F02BFA407940F48D
S214021B80805010BD2555030010B5044606214FF6B9
S214021B90284016F0DAF92368C0F80330A388A0F8C4
S214021BA007300648F9F75CFD16F013FA407920B1C3
S214021BB016F00FFA407940F4805010BD5DB7010070
S214021BC038B505460C4669B9022142F21B0016F0EA
S214021BD0BCF9B5F86E30A0F803300D48BDE83840C1
S214021BE0F9F73EBD122142F21A0016F0AEF921466E
S214021BF0B5F86E30053020F8023C04F1100351F8B7
S214021C00042B994240F8042BF9D10248E6E700BFBC
S214021C106F570300AB57030001481BF0CDBB00BF54
S214021C203826002040F6FF732DE9F3410D46B0F842
S214021C306E100192994205D101A81BF09FFB02B0DB
S214021C40BDE8F0811146134601229BBB1E481BF0DD
S214021C5063FCFFF7E1FF04460028F0D01BF0FAFB16
S214021C606379074603F001086FF3000363710421EA
S214021C702046A6681BF019FD4379044668F3000364
S214021C804371DB438179B6F86E200C31866003F02F
S214021C9001036254C2F30322084442EA031242706A
S214021CA0478022463046294616F033FA2046F9F790
S214021CB0EBFCCEE75C79986024F0030414435C7175
S214021CC000221B68C1E700BF3826002070B5054613
S214021CD0064C206800B970BD8368AB4204D1066822
S214021CE00FF0BAF92660F4E70446F2E73826002039
S214021CF0014601481BF010BC3C26002001481BF0A0
S214021D005BBB00BF3C260020014601481BF004BC1A
S214021D1034260020034BD86818B103F10C001BF0E0
S214021D204BBB704728260020044BDA6822B9586954
S214021D30003818BF0120704701207047282600206F
S214021D40012210B5054C02FA00F0236811B10343D4
S214021D50236010BD23EA0003FAE700BF4C260020EA
S214021D600138C0B20A289ABF014B185C002070479F
S214021D7068E5030007B506481BF01EFB0421019028
S214021D800DEB01001BF0E1FB019803B05DF804FBCC
S214021D9054260020F7B5186810F0020003D0164E3D
S214021DA0316811B9012003B0F0BD00240422234695
S214021DB00DEB020001941BF0D7FABDF80630DB07E4
S214021DC002D4FFF7D7FF044600250C4F57F8043B12
S214021DD023B12146BDF80400984748B13368002B6A
S214021DE0E0D0074B022193F900000EF009FED9E776
S214021DF00135062DEAD1F1E75426002058260020A8
S214021E00BD2B002010B509480EF0EAFD0024084B51
S214021E100849187020200C600FF068F9064BC3E9D9
S214021E200044C3E90244C3E9044410BD640B002025
S214021E30BD2B0020542600205826002070B5002511
S214021E40074E96F82A30ECB2A34200D870BD204660
S214021E5001F06EFA10B1204601F0DEFB0135F0E724
S214021E60D425002038B54B7905465B070C460CD4C2
S214021E7014212046054A16F04DF92046217916F01F
S214021E80FCF910B9A3791C44257438BD98E5030003
S214021E90837810B5132B0C4608D1054B1B6803B18B
S214021EA098472046BDE810401BF068BA10BD00BF38
S214021EB0702600200020024B1870024B18707047E4
S214021EC0BF2B0020BE2B002038B50546007815F043
S214021ED0DCFB044648B96978287801F0F3FC04462E
S214021EE018B9044B1A78044B1A70044800F092FF93
S214021EF0848038BDBF2B0020BE2B002020020503A5
S214021F0010B501F00BFD0446024800F083FF848002
S214021F1010BD00BF200205052DE9F04383780D466B
S214021F200D2B91B04FD109AC2646821C00F11A0344
S214021F30274610685168083203C79A423C46F7D1D2
S214021F4013881C213B8028461BF0FFFABDF826406A
S214021F502F6814F00C043ED138461BF07BFAA0F131
S214021F600208A0450DDA4FF0FF3400239C428DF89C
S214021F701C301EDB01223946A31C07A81BF0F4F90D
S214021F8017E0631C0122394605A81BF0EDF99DF8FF
S214021F901430012BE9D023460122394607A81BF04C
S214021FA0E3F99DF81C3013B101331C44D9E78DF8D0
S214021FB01C3001F0F3FB012808D0022843D050B9A8
S214021FC028461BF0DBF911B0BDE8F0839DF81C3003
S214021FD013F0010FF4D09DF82F0000F0DBFC07464B
S214021FE09DF8300000F0D6FC0DF11C099DF8282063
S214021FF00DF12901804605A8FEF7E0FF48469DF848
S21402200036200DF13701FEF7D9FF134B1B78DB079D
S2140220101ED405A815F0EFFA044605AB424639462B
S2140220203046CDE90145CDF8009000F017F82B6850
S214022030002BC5D0424639463046CDE9004505ABB1
S21402204019F067FCBCE79DF81C3013F0030FC1E7DC
S2140220504FF0FF34E1E700BFBE2B00202DE9F74F1B
S214022060B0F802C006461CF0100F1C460C9F9DF9E5
S21402207034A0DDF838B033D05FFA8CF51CF0080FC8
S214022080184614BF05F0080505F00F0516F088FC83
S2140220908146384616F084FC96F90F3080465A463A
S2140220A0042113480193767816F07BF9019BA0B1C0
S2140220B005712268C0F80520A28880F80B90A0F867
S2140220C0092080F80CA0437386733B68C0F80F3073
S2140220D0BB8880F81580A0F8133003B0BDE8F08FF7
S2140220E0CDE90DAB0C9703B0BDE8F04F15F0F1BF8C
S2140220F0D4E50300002110B5421D037904460846C4
S2140221001BF0FAFB024648B16188208815F0B9FC3C
S2140221100446034800F07EFE848010BD1A24F8E7C9
S21402212020020A0213B50446007816F0EEFC70B1DF
S2140221300023CDE90033E278B4F8011015F037FE3B
S2140221400446044800F066FE848002B010BD2524D2
S214022150F7E700BF20020A0410B5007817F046FF22
S2140221600446024800F056FE848010BD2002090193
S21402217030B50446457987B02A46811D01A81AF073
S214022180BAFED4F8011001AA2078059517F038FF98
S2140221900446034800F03EFE848007B030BD00BF10
S2140221A02002090410B5B0F80110C378021D0078A9
S2140221B017F03CFF0446024800F02CFE848010BD57
S2140221C02002090910B504460078FF280ED015F043
S2140221D096FF207815F095FF94F90000FEF724FB91
S2140221E00446034800F016FE848010BD2124F8E75A
S2140221F020020F0610B54178007802F0F5FE04467C
S214022200024800F007FE848010BD00BF20020F01C6
S21402221008B5064906481AF0AAFF064906481AF003
S214022220A6FF06480FF056F8002008BD7C0B0020DB
S214022230782600208C0B002074260020740B0020C9
S214022240014815F0E0BF00BF200B002030B5114B4F
S2140222500D469942144685B019D193000FD503A9AD
S21402226002A80EF0E3FD08230193039BE1B200935C
S21402227000222846029B41F000511AF05BFF0648F6
S21402228016F059F800B10471012005B030BD0020E7
S214022290FBE700BF7426002048E6030022F0004257
S2140222A0B2F1A04F08B504D1034816F044F8012055
S2140222B008BD0020FCE700BF4CE6030070B5FFF740
S2140222C0BFFF90B1FEF730FE002604462046FEF71A
S2140222D08FFE0546064800F09DFD86802268C0F8FF
S2140222E00620A2880573428170BD0226014CEDE7E6
S2140222F02009011524E6030008B501F037FBBDE806
S2140223000840024902481AF056BF00BF9C0B002044
S21402231050260020F8B5054600200D4E01273071E4
S21402232000F064FE04466CB16DB994F872306BB17D
S214022330377115F0DFFE2046132116F0E0FA6468C6
S214022340002CF2D1F8BD204616F0DDFA6468EAE702
S214022350AA2A002038B50023094C2360A38003680C
S2140223602360207816F0C7FA054630B905480649B4
S2140223701AF0FDFE608801F071FB284638BD00BFEA
S214022380AA2A0020502600209C0B002022F00042A1
S214022390B2F5887F2DE9F0471C4600F0E5800ED89E
S2140223A040F203139A423CD040F209139A4200F0DC
S2140223B0C5800E2A00F0B6800020BDE8F08740F205
S2140223C007239A424AD0B2F5037F59D040F2062339
S2140223D09A42F1D120684C30FEF70AFE256807467D
S2140223E0664895F8736095F870A095F9759095F81B
S2140223F07680A48815F09FFF0028DDD0EB6C436042
S214022400B5F8503087720381731E5E425E41C67213
S21402241080F80CA080F80D9080F80E80A0F80F408F
S214022420CAE7207800F0C2FD0028C5D0544894F8C8
S2140224300090B4F80280A788E688257A648915F0A9
S2140224407AFF0028B8D080F80490A0F80580A0F89B
S2140224500770A0F80960C5728481ADE7207800F0A5
S214022460A5FD0028A8D060782578FFF779FC0446F9
S214022470444815F060FF00289ED0057144719BE722
S214022480A578012D1ED0022D2DD0CDB9E37894F873
S2140224900080023BDBB2022B8CBF01253A4A94F93C
S2140224A00470667998BFD55C94F90640374815F0F3
S2140224B042FF28B180F8048045718771C6710472A4
S2140224C001207AE7E37894F80080023BDBB2022B25
S2140224D098BF2D4A94F90470667998BFD55C94F932
S2140224E006402B48E3E7E3782A48023BDBB2022B9E
S2140224F094BF254A012594F80180277898BFD55CB9
S21402250094F90490667994F9064015F014FF0028B1
S214022510D6D0A0F804808771C57180F808904672FC
S2140225208472CDE723460822002113F8014B1A488D
S21402253015F012FF0028C3D00471C1E7174894F8BB
S21402254000806788A688E588248915F0F4FE0028AE
S214022550B6D080F80480A0F80570A0F80760A0F84E
S2140225600950A0F80B40ABE70D481C7815F0E3FEC7
S21402257000283FF421AF04711EE700BFA4E6030063
S214022580A0E6030098E6030050E6030090E6030088
S2140225908CE6030094E6030088E6030084E6030064
S2140225A09CE603001FB54389029303890193C388FF
S2140225B00093838842880188FF2001F0EDF90446E3
S2140225C0024800F027FC848004B010BD20020600FA
S2140225D01FB501460078FF2817D0B1F80B300293DA
S2140225E0B1F809300193B1F807300093B1F805301D
S2140225F0B1F80320B1F8011001F0CEF90446044800
S21402260000F008FC848004B010BD2124F7E700BF68
S2140226102002060630B587B001468279054604A830
S21402262016F0ABF9002303939DF8163013F0180446
S21402263008D1212503950F4800F0ECFB85808471B4
S21402264007B030BD04A800F0BFFC034660B903AA79
S2140226500092E879084A04A901F024FA034618B958
S2140226600446BDF80C50E6E7BDF80C5093F87040EF
S214022670E1E700BF200306041527020010B5007824
S21402268000F094FC40B1132116F039F904460348D1
S21402269000F0C0FB848010BD2524F8E72002060562
S2140226A070B5144606460D46204614210A4A15F011
S2140226B031FD2046217915F0E0FD58B9A3790C3397
S2140226C01C44064BA6711B79A5801BB1BDE8704061
S2140226D015F011BD70BD00BF80E60300AA2A0020D7
S2140226E0024B00201A68024B5A607047782400207A
S2140226F0200B002010B5FDF7AFFC044630B90448A5
S21402270015F057FD044608B9FDF7D6FD204610BD64
S214022710200B002073B51C4640F20A6322F00045E7
S2140227209D4208D8B5F5C06F08D8042D47D00D2DA8
S2140227304DD0032D1ED0002002B070BD6FF4C063D2
S2140227401D44092DF7D801A353F825F033280200BB
S214022750E127020005280200152802002B280200A5
S214022760372702004B280200612802008128020057
S214022770CD28020001A8F2F70FFE5648BDF8044025
S21402278015F0D9FD0028D6D000234371C371037219
S2140227904372037343738373C373282383746FF084
S2140227A00B03C3746FF066030722432103753E23AF
S2140227B0027185718172C27204824375BBE7464814
S2140227C0246815F0B8FD0028B5D08480B3E7234608
S2140227D00422002153F8044B404815F0BDFDF2E7F1
S2140227E0207800F0E3FB0028A5D03D48267894F92F
S2140227F00150A47815F09FFD00289CD00671457103
S214022800847198E72478374815F095FD002892D011
S214022810047190E725783448646815F08CFD00282A
S21402282089D00571C0F8054085E725782F48646889
S214022830F3E72F482578646815F07DFD00283FF4FD
S2140228407AAF0571A0F8054075E72A4825786468CE
S21402285015F071FD00283FF46EAF057144716AE70A
S214022860637825480D2B96BF244A0125D55C24782B
S21402287015F061FD00283FF45EAF047145715AE71A
S214022880637800210D2B98BF1C4A1D4898BFD55C63
S2140228906368A27888BF0125267815F05DFD08B129
S2140228A0067145716378012B3FF645AF8DF804300B
S2140228B001220021124801AB247815F04DFD0028B4
S2140228C03FF439AF01230471437134E724780D488D
S2140228D09AE700BFE8E60300E0E60300E4E603004A
S2140228E0CCE60300D4E60300D8E60300D0E60300F5
S2140228F0C8E60300C4E60300C0E60300A8E6030039
S214022900BCE60300B8E603001422002101481AF0D0
S21402291019BB00BF7C26002070B505460FF0D5F81F
S2140229201A4C064663795B070ED414212046184AD1
S21402293015F0F0FB2046217915F09FFC20B13046B9
S214022940BDE870400FF0C7B8A3790C3323442DB905
S2140229501A79FF2AF3D001321A71F0E7012D05D158
S2140229605A79FF2AEBD001325A71E8E7022D05D1D7
S2140229709A79FF2AE3D001329A71E0E7032DDED17D
S214022980DA79FF2A1CBF0132DA71D8E77C260020EA
S214022990DCE60300042828BF0020014B185C7047C1
S2140229A0ECE603002DE9F04780460E480F46164631
S2140229B01D46BDF820A0BDF8249000F0A7F970B916
S2140229C0094B1C68A4F80480E78026816581A4F878
S2140229D00CA0A4F80E90BDE8F04715F01FBCBDE8A9
S2140229E0F08700BF08E703009C2600202DE9F3418C
S2140229F06F4687E80300114816461D46DDF820801C
S214022A0000F084F90446A0B90D4B00981968BB88FB
S214022A1048600B818E72CD7200F0CEF90446B8F192
S214022A20000F04D0074B1B689B7988F8003000F033
S214022A30DBF9204602B0BDE8F08100BF00E70300E4
S214022A409C260020982600202DE9F84F8046114843
S214022A500F4616461D46BDF828B0BDF82CA0BDF898
S214022A60309000F053F998B90B4B1C6884F8048038
S214022A70A4F80570A4F80760A4F80950A4F80BB0EF
S214022A80A4F80DA0A4F80F90BDE8F84F15F0C6BB49
S214022A90BDE8F88FF8E603009C26002010B5044631
S214022AA0054800F033F930B9044B1B681C71BDE8C9
S214022AB0104015F0B3BB10BDF0E603009C260020C4
S214022AC010B50446054800F021F930B9044B1B68DE
S214022AD01C71BDE8104015F0A1BB10BD20E7030035
S214022AE09C26002038B505460C460748012100F012
S214022AF01DF940B9054B1B681D71C3F80540BDE8BA
S214022B00384015F08BBB38BD18E703009C26002022
S214022B1038B505460C460748012100F007F940B9CA
S214022B20054B1B681D71A3F80540BDE8384015F03B
S214022B3075BB38BD10E703009C26002038B5054655
S214022B400C460748012100F0F1F838B9054B1B681E
S214022B509D80DC80BDE8384015F060BB38BD00BF04
S214022B6030E703009C26002070B5064608480D464E
S214022B70144600F0CBF848B9064B1B681E71A3F842
S214022B800550DC71BDE8704015F048BB70BD00BF53
S214022B9028E703009C26002008B5044800F0B6F893
S214022BA018B9BDE8084015F039BB08BD40E7030078
S214022BB038B5054606480C4600F0A8F838B9054B65
S214022BC01B681D715C71BDE8384015F027BB38BD27
S214022BD038E703009C26002038B5054606480C4612
S214022BE000F094F838B9054B1B681D715C71BDE89E
S214022BF0384015F013BB38BD50E703009C26002072
S214022C0010B50446054800F081F830B9044B1B683D
S214022C101C71BDE8104015F001BB10BD48E703006B
S214022C209C26002070B505460B480E4600F06EF84E
S214022C30044678B900F0C0F8084B04461B6825B174
S214022C40D3F806202A605A89AA800EB11B7B3370FD
S214022C5000F0CAF8204670BD58E703009826002008
S214022C60044A0346106810B102789A4200D17047AF
S214022C700069F8E79426002008B515F098FAFFF7E1
S214022C8043FE0022014B1A6008BD00BF94260020B6
S214022C9038B5104D0446104A28461AF087FE4FF4FF
S214022CA08270A0470D4B01461860287818B14FF481
S214022CB082721AF07EFE4FF48270A047084B0146DD
S214022CC01860287828B1BDE838404FF482721AF0AE
S214022CD070BE38BDC02B002060E703009C26002093
S214022CE098260020084A136833B94178036141F0F8
S214022CF00101417010607047197802789142FAD04B
S214022D0003F110021B69EFE79426002010B5044673
S214022D1018F000FE28B9034B22681C60024B1B68A1
S214022D201A6010BD902600209C2600202DE9F84F40
S214022D30046898464FEA042A0AF4E06AC4F30723B2
S214022D404AEA030A0AEB0209B9F5807F83460F4670
S214022D50154603D91D263046BDE8F88F18F0DAFD71
S214022D6006460028F7D1124B24F47F44C3F800B07D
S214022D7024F0C7040F4B44EA19244FEA09291B68BA
S214022D801FFA89F944EA090443F8044B53442A46D5
S214022D90414618461AF0AFF8012F04D1FF2DD9D8B4
S214022DA000F8015CD7E7022F08BF20F8025CD2E7E2
S214022DB0902600209C26002008B5074B1A68074B71
S214022DC052F8040B1968064B49681B689847054B6E
S214022DD01B68988808BD00BF9C260020902600200D
S214022DE0AC0B0020982600200022024B1A6018F036
S214022DF093BD00BF90260020054B186808B1C36833
S214022E001BB1003818BF012070470069F6E700BF03
S214022E109426002010B5034C23681860FDF78AFA42
S214022E20206810BD98260020F8B504460D460146D7
S214022E300020174615F0BCF9F1F798FD194E78BB3D
S214022E40194B1B681C603368187058709870D870DD
S214022E50204615F087F918B165B94368220E2BB9DA
S214022E600F250DE05979914204D008331D68002DD4
S214022E70F8D1F5E73846A84733681B684BB90125F1
S214022E8024F47F4020F0C70040F40070FFF7C2FF32
S214022E9085803268012052F8041B15F089F9F8BDC6
S214022EA01425EDE7982600209C2600204022094B98
S214022EB083F8212383F8222383F8232383F8262307
S214022EC083F8252383F8202383F82423502283F8CB
S214022ED0222C704700E100E0BFF34F8F0549064BF6
S214022EE0CA6802F4E0621343CB60BFF34F8F00BFA1
S214022EF0FDE700BF00ED00E00400FA05044BD869C8
S214022F0010F480501CBF186A00F00100704700BF22
S214022F100080E00F70B504460D461B4A13686BB37B
S214022F2093F87D10586811F0040129D110608C22A4
S214022F30184693F870601AF005F8034680F8706039
S214022F402268C0F85A20A288A0F85E20A27980F8EB
S214022F5060202868D864AA79A98883F85220FF22BC
S214022F6083F8752083F8762040F6FF72A3F86E2069
S214022F70064AA3F85010116813605960184670BDCF
S214022F801A1D0346CBE700BFA4260020A026002079
S214022F90054A0346106800B97047B0F86E209A4298
S214022FA0FAD04068F7E700BFA0260020054A03468D
S214022FB0106800B9704790F870209A42FAD04068BC
S214022FC0F7E700BFA026002038B50546064B1C686A
S214022FD00CB9204638BD294604F14C00FEF710F81D
S214022FE00028F6D16468F3E7A026002010B9024B49
S214022FF01868704740687047A02600200023114AD0
S2140230002DE9F0418C2113608046024601200DF026
S21402301021FF044620B905460B4E3060A84502D86B
S2140230202046BDE8F08101200DF092FF07468C2273
S2140230300021013519F086FF87F8705037603E1D73
S214023040ECE700BFA0260020A4260020012310B52E
S2140230508B4090F87110044621EA030149B280F8C9
S2140230607110002949D115F053F8204617F04AF995
S214023070102104F118001AF062FC2046FEF726FE24
S21402308004F138001AF07AF9204617F09CF8214A23
S21402309013681BB19C42596830D11160A368590568
S2140230A00BD51A0509D443F40063A18994F870007D
S2140230B0A36004F17802FFF7F3FA00232046636068
S2140230C01AF07DF815F0B4F94FF48072B2FBF0F204
S2140230D0424394F870300344B3FBF2F102FB11331F
S2140230E0DBB2591EC9B2FD29F5D884F87030002328
S2140230F06360094B1A6852B91C6010BD1A465B68B9
S214023100002BCBD09C42F9D163685360C6E7131DEF
S2140231105268F0E7A0260020A426002010B5084C2E
S214023120206830B9BDE81040064B186001200DF04B
S214023130DFBE436890F871102360FFF787FFEFE762
S214023140A0260020A426002090F8743003F00B037B
S214023150013BDBB20A2B9ABF014AD05C00207047C3
S2140231606EE703001FB5014690F870308DF8043004
S214023170FFF7EAFFB1F862308DF80C00ADF80630C2
S214023180B1F8643001AAADF80A30B1F866300748E3
S214023190ADF80830B1F86C3040F20311ADF80E30DD
S2140231A01AF021F805B05DF804FB00BF5026002097
S2140231B007B590F870308DF8051001AA40F2072185
S2140231C003488DF804301AF00EF803B05DF804FBDD
S2140231D05026002038B50A4B04461B680D462BB114
S2140231E043699B0702D515F017FC30B12A462068C2
S2140231F00421BDE8384016F058BFA3699D6138BD6A
S214023200A8260020014B1860704700BFA8260020A1
S214023210024B1868003818BF01207047A826002005
S21402322013B50446019120B901A81AF0A7F8212087
S21402323012E008460029FAD01AF00CF980B20028EB
S214023240F2D0094B20461B6801994BB1984728B922
S21402325020460199FDF716FF02B010BD0020FBE7DD
S21402326001F040FAF3E700BFA826002038B5436A0B
S2140232700446590415D4134A03F4004392F82B204B
S214023280012A0FD1826A92040CD4002B01460CBF8D
S2140232905320142014F0FBF918B9636A43F00803AC
S2140232A0636238BD002BFCD1074D20462946FDF748
S2140232B0A7FE0028F5D12868AA88AB792060A280EC
S2140232C0A371EAE7D4250020E32500202DE9F0418A
S2140232D0164D85F82A0038B300EBC000C100002363
S2140232E0012204200DF0B6FD044650B904200DF06C
S2140232F02FFE4827A046286095F82A30A34203DC12
S21402330000242046BDE8F0812E68142207FB0466DE
S2140233100021C6F8188006F1340019F013FE304674
S21402332015F0FFF90134E7E72860E9E7D425002025
S214023330074B93F82A20824281BF1B6800EBC0002D
S21402334003EBC003586A8CBF00F0010000207047F0
S214023350D425002008B50146FFF7EAFF40B1054B29
S21402336001EBC1011B6803EBC103586AC0F3C0201E
S21402337008BD00BFD42500202DE9F04F0746384A85
S21402338093B0106851680FAB03C39068354A186053
S214023390146807EBC70304EBC304E37B12AA02EB31
S2140233A0430333F80C1C636A94F82E80DA0494F80C
S2140233B02F6047D40126B04641F0100194F80D90D4
S2140233C0C3F3404A5B0348BF4AF0020A8BB289F055
S2140233D00809B8F1010F94F831500B9304F1070B6A
S2140233E0D4E90723C9F3C00994F9324009D0B8F1E9
S2140233F0020F06D0B8F1040F14BF4FF000084FF0CA
S2140234000308012E05D0022E03D0042E14BF002678
S21402341003263846CDE90C23FFF79CFFDDE90C2393
S2140234200121CDE90760CDE900513846CDE90548CE
S214023430CDE903BA0B99CDF8089001F087FB13B0DB
S214023440BDE8F08FA26A950648BF41F020015006FB
S21402345048BF41F04001DA0348BF41F00401ADE73E
S2140234607AE70300D4250020002170B50B4B93F8B1
S2140234702A601C688E4202DCFF25284670BDCDB24B
S2140234802846FFF755FF28B1E37B012B02D1636A7A
S214023490DB06F2D401314834ECE700BFD425002025
S2140234A0014B93F82A007047D42500203F4A70B596
S2140234B0146800EBC00304EBC304636A06465B07AA
S2140234C004D500231A46194601F022FC636A9D07BA
S2140234D006D53046FFF750FF636A23F002036362A5
S2140234E0636A18070CD5A27921463046C2F3C00299
S2140234F001F0ACFB0546E8B9636A23F00803636291
S214023500304615F058FA0546A0B9626AD10611D5BA
S214023510D30404D5304614F0B6F840B11BE01206C8
S214023520E37B09D4E37B626A023B012B15D9616A0D
S21402353048071FD4284670BD03F0FB03012BF6D0C4
S2140235403046216901F0A8FB636A256123F08003F7
S21402355063620028E6D00546ECE7D305E7D5304699
S214023560616901F0B7FB00236361636A23F4807329
S2140235706362D2E7E37BA28D012B03D1A2B1802A3C
S21402358028BF802211F0400F94F830304FF001012E
S21402359018BF0123304601F0BBFB0028DBD1636A6B
S2140235A023F004036362C5E74022EBE7D42500203C
S2140235B02DE9F04100244827104D95F82A30A34201
S2140235C001DCBDE8F081E6B23046FFF7B1FE98B105
S2140235D007FB04F828684044436ADA060CD55B0405
S2140235E00AD4FFF743FE2B68304643445A6A42F039
S2140235F006025A62FFF75AFF0134DEE7D42500209E
S214023600044A00EBC003116801EBC301CA7B15F044
S214023610ACB800BFD425002010B50446FFF788FEDC
S21402362090B10A4A04EBC403106800EBC300436A75
S21402363023F0500343F00403436215F068F8204673
S214023640BDE81040FFF732BF212010BDD425002070
S21402365070B5FFF709FFFF28044615D00B4D03B2DD
S214023660286803EBC30300EBC300DE00436A23F0C3
S2140236701003436215F04BF8296820463144343172
S214023680BDE87040FEF7EEBB70BD00BFD42500203B
S21402369083782DE9F041122B0F463CD10B689A79BC
S2140236A00C321344DD781E790DB145F48055304650
S2140236B0FFF73EFED0B1DFF8648006EBC603D8F80B
S2140236C0004004EBC304636A23F01003636295B9F7
S2140236D022463146A06908F12E0300F0D1FA2222D2
S2140236E02946A56108F12E0019F02CFC3846BDE8E3
S2140236F0F04119F043BE204615F009F8636A5A06EF
S21402370003D523F040036362F0E7304604F1340148
S214023710FEF7A8FBEAE7BDE8F08100BFD42500204B
S21402372073B5144D144C6A68236802F0800103F0E6
S21402373002030B431BD053064CBF0126A67AFDF7A5
S214023740F7FB0196837983F00803C3F3C003009363
S214023750E388A288217A607A01F0B4F940B9236836
S21402376023F0020323606B6823F080036B60002063
S21402377002B070BDD4250020AC2600200121002016
S214023780054BA3F10802C3E9000043F8081C4FF0FA
S2140237901013517253607047B4260020014B187BF9
S2140237A0704700BFAC260020074BDA7A4AB95A7A2D
S2140237B082421FBF1A68587242F002021A60FFF76E
S2140237C0AFBF0020704700BFAC260020024BD87A5D
S2140237D0003818BF01207047AC26002070B5224E74
S2140237E0716811F002013AD1204D2B68580706D5B0
S2140237F0084601F08DF92B6823F004032B602B6832
S214023800726803F0080302F00402134310D0FDF7B7
S2140238108FFB83791A071FD5FEF7B6F90446C8B997
S2140238202B6823F008032B60736823F0040373608D
S214023830FFF776FF044668B9EB7A5BB12B685B0745
S21402384008D40121084601F063F950B92B6843F009
S21402385004032B60204670BDFEF77AF9DEE71124DA
S214023860F8E70446F6E700BFD4250020AC26002081
S21402387070B5124C257B637B22689D42B8BF1D46FD
S2140238809207E37AEEB201D4B34215D01BB10023FD
S214023890E372FFF7A3FFE67275B1094B93F82B307C
S2140238A0012B05D1236843F002032360FDF7E6FAF5
S2140238B0BDE87040FFF792BF002070BDAC26002026
S2140238C0D4250020022938B504460D4601D9212008
S2140238D038BD14F084FF0028F9D00E4B1A7BB2B91B
S2140238E01A68D10742BF22F0010242F002021A60B1
S2140238F0094A525D1A735A7AA2421FBF1A685C724C
S21402390042F002021A60BDE83840FFF7B1BF02205B
S214023910DEE700BFAC26002086E70300054A137BDD
S214023920013B022B03D800231373FFF7A1BF00202D
S214023930704700BFAC260020032805D10A4A136848
S21402394043F00803136008E0012808D1064BDA7A30
S21402395042B11A6842F008021A60FFF73FBF10F041
S214023960FD0FEBD000207047AC2600200020094B4C
S21402397010B55862FFF73AFB04461CB9BDE8104082
S214023980FFF7CCBB204641F2160114F03AFF6468FA
S214023990F3E700BFD42500202DE9FF4791420E46EB
S2140239A015469946BDF830A0BDF83480BDF838708B
S2140239B003D9212004B0BDE8F08740F67A428B1F77
S2140239C09BB29342F5D8B5F5486FF2D8B9F5FA7FAF
S2140239D0EFD240F67642AAF10A039BB29342E8D8A7
S2140239E009F101039BB26B43B3EB8A0FE1DAB845E8
S2140239F0DFD8FF280BD1184BD9821D83A3F81A9063
S214023A00A3F81CA0A3F81E801F840020D2E7FFF7AD
S214023A10CDFA04460028CCD090F873302A46012B03
S214023A2031464B46CDE90187CDF800A008D100F01B
S214023A30A1FF0028BED1A4F86880A4F86A70E4E763
S214023A4000F098FF4B462A4631462046CDF800A0A5
S214023A5016F04BFBEDE700BFD4250020A0F11B03B8
S214023A60E02B10B5044618D8042142F2240014F0C4
S214023A706CFA6FF06F0343714223A0F80340837120
S214023A800748F7F7EDFD14F0A4FA407920B114F0D8
S214023A90A0FA407940F4805010BD2120FCE700BF18
S214023AA0CB5A03002DE9F0439946002387B00E9EB9
S214023AB0324C3360636A07460D46904613B10223C2
S214023AC0336012E013F0D0FD074213D037EA00004D
S214023AD010D1012F01D0042F0CD1284633464A4676
S214023AE0414614F028FF054630B90025284607B09F
S214023AF0BDE8F0832123E3E73846FFF755FE306042
S214023B00002831D194F82B30012B18D16368DB07DB
S214023B1015D4DFF86C80404601F080FB306018BB9D
S214023B206368A06843F00403B8F80420636098F85A
S214023B300630C5F85A00A5F85E2085F86030FFF713
S214023B404DFE306080B9238C3A460493E38BFF2106
S214023B500393A38B28460293638B0193238B0093D4
S214023B60E38A00F049FE3060336823B1002128461C
S214023B70FFF76CFAB9E76562B8E700BFD425002004
S214023B80DC25002037B504460D4614F061FE698830
S214023B90204614F042FC6A7E2B7E204643EA02232D
S214023BA0A4F862306A7F2B7F43EA0223A4F86430CB
S214023BB0EA7EAB7E43EA0223A4F866301B23A4F80F
S214023BC06C302D4BDA8B1B8CA4F86820A4F86A3074
S214023BD0022384F8723014F09AFA204616F06DFB2F
S214023BE094F87330022B15D101F0F0F970B194F904
S214023BF0753001330AD105212046A36843F4805369
S214023C00A36003B0BDE8304014F079BE0021204620
S214023C1014F006FC0021204600F02AFA4FF6FF7345
S214023C20288C984225D000F0C3F9009400F0AEF933
S214023C306A46ADF8040040F20621104819F0D3FA9D
S214023C40002240F20221204619F089FA2046FFF7A8
S214023C5089FA204616F03DFB204600F007FFA368CF
S214023C60012123F480432046A36014F050FE03B0E3
S214023C7030BD0020D9E700BFD42500205026002002
S214023C80F7B504460F46164668465A79991D1D46EC
S214023C90FDF794F92CB969463046FFF73BF904461E
S214023CA0A0B140F2032384F87670A4F87230336829
S214023CB02946C4F85A30B3882046A4F85E30B37951
S214023CC084F86030FFF75EFF03B0F0BD032140F2D8
S214023CD0064014F03AF96B88A0F803300D234371BE
S214023CE00148F7F7BDFCEFE7F157030007B590F878
S214023CF070304FF4887101AA03488DF8043019F029
S214023D0072FA03B05DF804FB502600202DE9FF414D
S214023D1003780446302B0E4639D006D8052B25D01C
S214023D20082B41D004B0BDE8F0813E2BFAD183784F
S214023D300C2B4BD8022BF5D9033B092BF2D801A248
S214023D4052F823F0DD3D0200173F0200253D020037
S214023D50253D0200AF3E0200253D0200253D020041
S214023D60253D0200253D0200033F0200B0F8030095
S214023D70FFF70EF928B1617909B141F4805114F0C8
S214023D8040FD304604B0BDE8F04119F0F7BAB0F88D
S214023D900300FFF7FDF80028F3D0A17809B141F43B
S214023DA0805114F087FDECE7B0F80300FFF7F0F857
S214023DB00028E6D0627990F8743022B143F001030D
S214023DC080F87430E9E703F0FE03F9E7212B00F0F0
S214023DD0B780292B1FD0202BD3D0A3E78088FFF7EC
S214023DE0D7F80028CDD0E278002ACAD1E179A279A4
S214023DF042EA0122A0F86220E17AA27A42EA01228D
S214023E00A0F86420227A617A42EA0122A0F86620AB
S214023E10FFF7A8F9B5E7C778851C3C2F02D1FFF754
S214023E2017FCAEE790F80680B8F1000F23D1544A8B
S214023E30546AC2F82480CFB12946204647F48057F8
S214023E4014F006FDE76084F8728040F201212046F5
S214023E5001AACDE9014719F0C6F9A368414643F421
S214023E6080632046A360FFF7F1F88AE729462046DA
S214023E70FFF788FE85E74FF6FF73408C98420BD01B
S214023E8000F096F840B1FDF753F82B460246FF21A4
S214023E900020FFF7F5FE74E73A4B223455F8042B60
S214023EA0A54243F8042BF9D12A881A8069E7B0F8AC
S214023EB00300FFF76DF800283FF463AF40F20911E4
S214023EC0B4F8053090F87020A0F86C308DF8042015
S214023ED0ADF80630227AE37943EA0223ADF80830D9
S214023EE0A27A637A43EA0223ADF80A30227BE37AA7
S214023EF043EA0223ADF80C3001AA234819F073F9FD
S214023F003FE78088FFF744F800283FF43AAFA179EC
S214023F10FFF74EF935E78088FFF73AF800283FF4B6
S214023F2030AF90F870300E218DF80430D4F8063099
S214023F3001AACDF80530D4F80A30CDF80930DCE70E
S214023F408088FFF725F800283FF41BAF90F8703002
S214023F504FF403718DF80430E37801AA8DF805302A
S214023F60A3798DF80630E3798DF80730237A8DF839
S214023F700830637A8DF80930A37A8DF80A30BCE7E8
S214023F80D4250020022600205026002050B10C2204
S214023F90064B1B68C31AB3FBF2F3807A40EA03208F
S214023FA080B270474FF6FF70704700BFB00B00201C
S214023FB0024609490B7A0968FF2B01D10020704797
S214023FC003EB430301EB830031F82330C3F30B0307
S214023FD09342F4D0C37AEFE7B00B002008B5054B46
S214023FE0054A1978054819F0E1FCF722044B1A80B5
S214023FF008BD00BF2F2C002089E70300C22B00203B
S2140240000C0D002010B5044670B30068836CA34202
S21402401022D1636883642246144919F0ACF804F18D
S2140240200C0019F0CCF804F1440019F0A7F9FFF7D8
S214024030EFF858B1A06948B1143019F09FF9A06999
S214024040183019F09BF9A0690DF094F92046BDE8E6
S21402405010400DF08FB91346002BDCD05A68A242EE
S214024060F9D162685A60D6E710BD00BFA98A03007C
S214024070F8B5054648200E4619F09DFC2A4F044620
S214024080387818B14822214619F093FC8CB1FFF714
S214024090BFF898B11C2019F08EFC0146A061387852
S2140240A010B11C2219F085FCA3692BB920460DF02D
S2140240B061F900242046F8BD00221A700321284622
S2140240C014F0AEF9AB6C22466360AC64172326810B
S2140240D000266381154928462560267766640CF01B
S2140240E02DFE03F095FD3246014604F10C000CF05D
S2140240F025FE02232374FFF78BF818B90C4B1B78A6
S214024100002BD7D00B4B19881729D3D9204614F089
S21402411016FA0028CED11221204614F08AFC6369D2
S21402412043F002036361C5E7C22B0020A98A03009D
S214024130C12B00200C0D0020F8B5054610B300294F
S21402414020DB114C2468247E8C421BDD3F2919DCBF
S214024150032701F0030600EBA10191F83140760037
S214024160B74002F0030224EA0704B240224381F871
S214024170312013B1002114F016FD2846BDE8F840A0
S21402418014F06EBDF8BD00BFC426002070B51646FA
S21402419000221A7032800A7A0D46072A4DD8DFE8C6
S2140241A002F004090D111A1E304AE86830F8023B84
S2140241B0338043E0EB68981D5B88F9E7EB68981D4F
S2140241C09B88F5E7697B14F03BFD02221C4B1880A6
S2140241D01846328032E002231A4833802EE01A4C08
S2140241E02B7BE88923702B88E11C013363702B88B4
S2140241F001331B12A37000F0DBF903303080204637
S2140242001CE0124CA889EB89020AA3701B0A2070D4
S2140242106270E37000F040FA58B1C3681A88022A46
S21402422007D19A782271DB786371062307483380B8
S21402423004E00423FAE780221A70002070BD00BF53
S214024240DC2B002099E70300C92B0020C32B00209B
S214024250054A064B1860136843F001031360828B0D
S214024260034B1A80704700BFBC260020C4260020DD
S214024270B02A002000232DE9F04FDFF8C09191B05C
S214024280D9F80070054617F00807CDE90633CDE9E0
S21402429008330AD0664B03F1100253F8041B93420C
S2140242A045F8041BF9D1002011E00320F1F7ECFCDD
S2140242B019F081FB804648B10620F1F7E5FC19F0BB
S2140242C07AFB064630B940460DF054F81A2011B073
S2140242D0BDE8F08FCDE90477F4F7A0FE044668B196
S2140242E040460DF047F830460DF044F840F20740DD
S2140242F0214600F00FFF40F20740E8E74FF4A052D5
S2140243004C4BC6E90323F369002B42D14FF41053FA
S2140243103380802310227380304604AB06A90EF049
S214024320E6FE0446A0B94046424A04990EF0C1FF92
S214024330044668B98346404BBAB21B68D988914294
S2140243402FD810222946404605AB0EF0D0FF044671
S21402435040460EF034FF40460DF00CF830460FF0A3
S21402436025F930460DF006F804980EF0CCFD002C28
S214024370BCD12F4B05F1100255F8041B954243F8A9
S214024380041BF9D1D9F8003043F00803C9F800300D
S21402439089E73B463A464FF4105130460FF012F981
S2140243A0B7E71A68BCB2210102EB04142046ADF846
S2140243B00EB00191009215F03BF88246204600F0BE
S2140243C03FF930B3DDE90021AAF5205080B2032878
S2140243D002D9BAF5245F1ED1525A00202146ADF802
S2140243E028200DF10D030DF10E02ADF82AA0FFF7FD
S2140243F0CDFEBDF80E2001460BA818F07CFDBDF8D8
S2140244000E20404604320AA90EF056FF0446002843
S2140244109ED101378FE70AF55640FF3080B2042856
S214024420F7D8525AADF82AA0ADF82820E7E700BF21
S214024430DE2B00200002C003C4260020BC2600207B
S214024440134B01461B6870B513F0040306D0002216
S214024450104B1C68E38990B2834209D80E4A14684E
S2140244600022E58990B2854209D84FF6FF7005E032
S214024470A56835F8125001328D42ECD170BDA6689F
S21402448036F8126001328E42ECD1034498B2F5E758
S214024490BC260020C0260020C4260020094B1B682C
S2140244A05B070AD5084B1A68D389834203D99368F7
S2140244B033F810007047C01A80B2044B1B689B6822
S2140244C0F6E700BFBC260020C0260020C426002037
S2140244D038B5046805460C222046084918F0FBFC4D
S2140244E050B90222064904F10E0018F0F4FC18B97D
S2140244F002200C342C6038BD1020FCE79CE7030039
S214024500AAE703002DE9F743102801910BD00228F1
S21402451004D04FF6FF7003B0BDE8F083019B188805
S214024520FFF78EFFF7E701A8FFF7D2FF0228F5D0C4
S2140245301028EED11B4B019F1E6816F0040608D009
S2140245400024194BD3F80080B8F81660A5B2AE4224
S2140245501AD80025154BD3F80080B8F81690ACB2DE
S2140245604C45D6D2D8F81000102200EB051039467A
S21402457018F0B1FC01350028F1D1A0196FEA4040CD
S2140245806FEA504080B2C6E7D8F81000102200EB5F
S2140245900410394618F09FFC01340028D6D145F4A1
S2140245A00040B8E7BC260020C0260020C426002013
S2140245B0020408B51DD5124BC0F30E001B685B073C
S2140245C013D5104B1A68D38A98420CD2136903EBA0
S2140245D0001000F1100350F8042B984241F8042B07
S2140245E0F9D1102008BDC01A80B2074B1B681B69A0
S2140245F0EDE7FFF753FF0870000A48700220F1E764
S214024600BC260020C0260020C426002070B5044622
S21402461042F60306094B1B681D68A5420AD22046CD
S21402462029B914F005FFB04206D1103402E014F0A6
S21402463009FF08B1204670BD103CEEE7C4260020F4
S214024640437ADA0702D5C3F380007047034BC28869
S2140246501B881A4214BF012000207047B02A00208F
S2140246600A4B1B68DB0708D570B1094B1B68DB8851
S214024670834234BF00200120704728B1054B1B88B7
S214024680834294BF00200120704700BFBC26002052
S214024690C4260020B22A002070B50246FFF7E0FFCB
S2140246A0E8B10F4B1968CD88954209D302F18050C4
S2140246B00B680138040103EB00101B5B93420ED01B
S2140246C0002398B2854201D8002008E00E681C013B
S2140246D0345B06EB0310944203F10103F1D170BD83
S2140246E0C426002037B58B790A460C33CD180191C3
S2140246F0C95C044611F0010329D01D290AD1012103
S2140247001E2013F0BEFE0146204613F012FF0120C3
S21402471003B030BD032916D10E4BB5F801201B8815
S2140247204189934228BF1346172BB8BF17234381EC
S21402473014F054F9636940F2094123F0020320465B
S214024740636114F073F901A818F018FEDFE7184643
S214024750DEE700BF0C0D002030B585B0054614F02C
S2140247607CFE0446A8B9AB690B4A01215A604FF495
S2140247702053ADF80C3002234FF6FF720093284602
S21402478003AB17F039F9044618B90121284614F08C
S21402479050F9204605B030BD0100FFFF38B5124B78
S2140247A004461B8842898B4228BF0B46172BB8BF8C
S2140247B017231146438114F011F9636923F00203AB
S2140247C06361A3699D693DB10022294620469A612C
S2140247D0BDE83840FEF7FEBC40F20941204614F020
S2140247E025F9A3691D7038BD0C0D00200148FEF79F
S2140247F009BD00BF197C02002DE9FF4104460020D6
S2140248000D461746984618F04CFF0646002859D023
S2140248104FF0C813ADF804804FF000080093BDF8BF
S2140248202830ADF80630BDF82C30ADF80830BDF8AB
S2140248303030ADF80A30BDF83430ADF80C30BDF883
S2140248403830ADF80E3047FA08F3DB0704D51022ED
S2140248506946304618F075FD08F10108B8F1030FF5
S214024860F1D132460C2142F2850013F083FB00237D
S2140248700571FF2D18BF94F876508773C570437183
S21402488094F8603083F00803C3F3C003837194F88E
S214024890523083F00803C3F3C003C371E36C836032
S2140248A0B4F8503083810848F6F7DAFE13F091FB2D
S2140248B0807820B113F08DFB807840F4805004B0ED
S2140248C0BDE8F0811A20FAE70D59030008B5002169
S2140248D042F20E0013F039FBBDE808400148F6F735
S2140248E0BFBE00BFDD58030038B590F872300446EC
S2140248F0032B154606D1FFF7E9FF0123002084F8B3
S214024900723019E0C9B9012B2DD9032140F20640B5
S21402491013F01BFBB4F86E304571A0F80330134851
S214024920F6F79EFE13F055FB8378002BE5D013F0C6
S21402493050FB807840F4805038BDA3B102214FF678
S214024940044013F002FBB4F86E30A0F803300848B7
S214024950F6F786FE13F03DFB4379002BCDD013F01D
S21402496038FB4079E6E70220E6E700BFF15703008E
S21402497027580300F8B507460E4642F213000E21EA
S21402498015461C4613F0E1FAB7F86E30A0F805603B
S214024990A0F80330BDF81830A0F80750A0F80B3086
S2140249A0BDF81C30A0F80940A0F80D30BDF8203044
S2140249B0A0F80F300648F6F753FE13F00AFB80788D
S2140249C020B113F006FB807840F48050F8BD00BF9B
S2140249D069580300F8B507460D4642F219001C2135
S2140249E01C46164613F0B1FAB7F86E300F3020F8B0
S2140249F00C3C2B6804F1100240F80A3C6B6820F865
S214024A00026C40F8063C234653F8041B934240F8D7
S214024A10041BF9D10648F6F723FE13F0DAFA80787B
S214024A2020B113F0D6FA807840F48050F8BD00BF6B
S214024A301957030070B506460D4642F27A00042165
S214024A40144613F082FAA0F8036045718471064892
S214024A50F6F706FE13F0BDFA407920B113F0B9FA64
S214024A60407940F4805070BD275E030010B50446BE
S214024A70022142F2300013F068FAB4F86E30A0F861
S214024A8003300F48F6F7ECFD13F0A3FA437963B947
S214024A9013F09FFAC088FEF77BFA044628B113F09B
S214024AA098FA017A2046FEF783FB13F092FA4079D1
S214024AB020B113F08EFA407940F4805010BD00BF4A
S214024AC019BA0100F8B507460E4642F2410008211F
S214024AD015461C4613F039FA9DF818304771C37014
S214024AE09DF81C3086710371A0F80750A0F80940A3
S214024AF00648F6F7B5FD13F06CFA407920B113F0CC
S214024B0068FA407940F48050F8BD00BFC9B601008B
S214024B1038B505460C4642F24200062113F015FA55
S214024B200023C57043718371C37103720471064812
S214024B30F6F796FD13F04DFA407920B113F049FAD4
S214024B40407940F4805038BD21B701002DE9F0418C
S214024B50154606460F4642F2360019211C46DDF877
S214024B60248013F0F2F92B0AC371230A83729DF88C
S214024B701830857103739DF81C30447243739DF898
S214024B8020302D0C240CC67087800572C472837385
S214024B90D8F80030C0F80F30B8F804308676A0F89F
S214024BA013309DF8283043759DF92C3083759DF897
S214024BB03030C375002303769DF8343043769DF873
S214024BC03830C3760648F6F74BFD13F002FA407902
S214024BD020B113F0FEF9407940F48050BDE8F08130
S214024BE0C1B7010038B505460C464FF619400521F7
S214024BF013F0ABF9C57044600648F6F731FD13F0C2
S214024C00E8F9407920B113F0E4F9407940F4805095
S214024C1038BD00BFC554030038B505460C464FF6EE
S214024C201A40052113F091F9C57044600648F6F75C
S214024C3017FD13F0CEF9407920B113F0CAF9407986
S214024C4040F4805038BD00BFF554030070B50D46E1
S214024C5006460121DAB1FFF7C5FF0446A8B90721C7
S214024C6042F2350013F071F9C6702B684360AB88C8
S214024C7003810848F6F7F4FC13F0ABF9437923B145
S214024C8013F0A7F9447944F48054204670BDFFF728
S214024C90C3FFE2E7855603000A4610B50421044620
S214024CA042F2370013F066F9032303710023C4703F
S214024CB0437183710648F6F7D3FC13F08AF94079FC
S214024CC020B113F086F9407940F4805010BD00BF41
S214024CD0795503000A4610B50421044642F238000C
S214024CE013F048F9032303710023C47043718371E0
S214024CF00648F6F7B5FC13F06CF9407920B113F0CC
S214024D0068F9407940F4805010BD00BFC5550300D5
S214024D10F8B506460F4642F23900062114461D46ED
S214024D2013F013F901238471240A0371C7704671C4
S214024D30C47105720648F6F793FC13F04AF94079F7
S214024D4020B113F046F9407940F48050F8BD00BF18
S214024D5011560300044B18780130C0B2012838BF40
S214024D6001201870704700BFC82600200148FCF7D3
S214024D703DBE00BF794D02002DE9F04F867987B01F
S214024D800C3605900546805BC0F30B00FEF700F973
S214024D90044618B905A818F0F1FA4EE090F87230F9
S214024DA0022BF7D1AB5B059AC3F30B0103F4405316
S214024DB0B3F5805F9060A95342D153796FF3000335
S214024DC05371836B002BE5D0042105A804F1380645
S214024DD018F0BBFB3046059918F09EFBA06B00232B
S214024DE001465A1CA9BBDBB2012B01D918F005FCFF
S214024DF0A06B18F02FFB03281FD9D4F8389048462A
S214024E0099F8067018F026FB0C3709EB070539F8F7
S214024E100770A0F10408474522D9524FD4F838A0AB
S214024E2007F1100957F804BB534642462946204666
S214024E30D8474F4510D00028F4D007B0BDE8F08F11
S214024E40383018F09BFA059A537943F001035371F0
S214024E50BAE713460968C4E70028EED130469AE757
S214024E60A06B18F0F7FA04378742F7D36988A1F1E6
S214024E7040033F2B0BD80421304618F066FB204631
S214024E80A26B698815F097F90023A363D5E7052975
S214024E900BD0062961D00429E0D1304618F055FB24
S214024EA0A16BA06CFEF7BCF9EEE72946204615F08A
S214024EB080F902460028D1D12B79122B06D0132B6B
S214024EC036D02046697915F04CF9C7E794F8733066
S214024ED0022BF6D040F67A4029898B1F9BB283427A
S214024EE024D86A89931F9BB283421FD891421DD849
S214024EF0AB89B3F5FA7F19D240F6764CEF89A7F163
S214024F000A0080B2604511D8B4F86A000290B4F87C
S214024F106800CDE900702046FFF72CFD021E18BF80
S214024F2001222046697915F09CF897E70122F8E7F6
S214024F3094F87330012B03D12046697915F011F9E4
S214024F40A3681A048AD523F40043A3602B89012B95
S214024F5084D12046FEF7CAFE80E72046A16B15F0F4
S214024F60AAF991E7ACE703000C4B01461A789AB906
S214024F705B689B0710D490F97520013218BF012296
S214024F8091F8523013F0400005D091F8600010F00E
S214024F90400018BFD0B270470122F1E7D0260020A9
S214024FA0024B586800F00200704700BFD02600206F
S214024FB0024B586800F00800704700BFD026002059
S214024FC0014B1B68184700BFBC0B002008B512F047
S214024FD0E9FA022817BF034B0020586800F01000B9
S214024FE008BD00BFD026002007B5024608460428A2
S214024FF002F0010113D9B1B903200C4B5A6002F03A
S2140250008003019302F04003009302F0200302F0B3
S214025010040200F05FFB002003B05DF804FB0029E9
S214025020EBD00328E9D12120F6E700BFD0260020E6
S21402503038B50D490D480CF0ADF90446054688B959
S2140250400B4B0C4A1A600C4A5A600C4A9A600C4A7D
S214025050DA6000F091FB032104462846FFF7C4FFFE
S214025060084B1D70204638BDEFBEADDEBEBAFECA86
S214025070BC0B0020C9560200A3A603001557020067
S214025080A16E0200D026002038B5044603200CF09C
S21402509053F90546D0B194F87030037094F8753021
S2140250A043702046FEF750F82A46A87040F2026186
S2140250B0074818F054F8074B2046DB68012198474A
S2140250C094F97500BDE83840FBF7A4BB38BD00BFB5
S2140250D050260020BC0B002070B5054608200E4660
S2140250E00CF02AF9044680B195F87030002103705E
S2140250F0064B4660DB68284698472246BDE8704065
S21402510040F20161024818F02AB870BDBC0B0020BC
S2140251105026002038B5054608200C460CF00CF93F
S214025120024638B1C0E90054BDE838400D210248B5
S21402513018F015B838BD00BF5026002038B5054611
S21402514008200C460CF0F8F8024650B195F870307C
S21402515040F20561037044600248BDE8384017F02B
S214025160FEBF38BD5026002013B5044601911146F5
S21402517012B301A904200CF01DF9019B104A204627
S214025180B3FBF2F102FB113345F218020021019340
S21402519001AB15F0E5F908200CF0CEF8024648B14E
S2140251A094F8703040F204610370019B4360054836
S2140251B017F0D5FF02B010BD45F2180201ABE8E7C2
S2140251C040420F005026002010B5044601200CF085
S2140251D0B3F8024648B194F8703040F203610370A7
S2140251E0BDE81040014817F0BABF10BD5026002097
S2140251F038B5054608200C460CF09EF8024650B11B
S21402520095F8703040F20761037044600248BDE8CA
S214025210384017F0A4BF38BD50260020014B5B680B
S214025220184700BFBC0B002010B50F4C2368D3B143
S2140252300022D3F8A0001A7783F83D2083F85E2078
S2140252400DF061FE20684421603018F078FB20687B
S21402525021211D3018F073FB20682121BDE8104083
S2140252603E3018F06CBB10BDD826002000F0C003FC
S214025270402B07D1094B1B6873B100F03F0053F86F
S21402528020007047802B01D1054BF4E7054A0648FB
S214025290C02B08BF1046704703487047E026002020
S2140252A0DC260020A5A70300955B02002DE9F0434B
S2140252B08BB006AC884615460346264600F1100714
S2140252C0224618685968083303C2BB421446F7D10F
S2140252D01021304618F025FB002306200593F0F730
S2140252E0D3FC18F068FB044648B3DFF880904FF40E
S2140252F0807115F032F84FF41051C0F8109015F086
S2140253003AF980231027638005AB2846029332467B
S2140253103B464946CDE90087F3F7CCFD0546F0B992
S2140253203946404618F0FDFA3946304618F007FB73
S21402533020460EF03BF920460CF01CF80BE06FF00E
S2140253408C0140F20740FFF7E5FE1021304618F0C8
S214025350F6FA6FF08C0528460BB0BDE8F0830146DE
S21402536040F20740FFF7D6FEDEE700BF00444004E7
S2140253702DE9F0439846002387B0044606200E46E1
S2140253801746CDE90433F0F77FFC18F014FB054608
S21402539060B3DFF884904FF4805114F0DEFF4FF4D0
S2140253A01051C0F8109015F0E6F8802321466B8065
S2140253B01022284604AB0DF09AFE044628BB05AB25
S2140253C0029310233246CDE9008349463B460498B1
S2140253D00DF0BEFF0446C0B904980DF094FD2846B1
S2140253E00EF0E4F828460BF0C5FF0AE06FF08C01D9
S2140253F040F20740FFF78EFE04980DF084FD6FF032
S2140254008C04204607B0BDE8F083214640F20740F0
S214025410FFF780FEE0E700BF0002C00370B50E464D
S2140254200446154692B020223046434917F053FDF3
S21402543068B920222846414917F04DFD38B9404B3D
S2140254401B681B7D002B63D040F203401BE0246CDC
S2140254502022304604F1510117F03DFD38B92022D2
S214025460284604F1710117F036FD0028ECD006201C
S214025470F0F70AFC18F09FFA044630B901461A20E3
S214025480FFF748FE1A2012B070BD00234FF4804189
S214025490009314F062FF2B4B44F21211036115F0D5
S2140254A06AF84FF480736380042330468DF8043024
S2140254B006F120020DF1050350F8041B904243F852
S2140254C0041BF9D10DF10500202118F02AFA28460E
S2140254D00DF1250305F1200250F8041B904243F813
S2140254E0041BF9D120210DF1250018F01AFA01A9A2
S2140254F06B46412220460DF0FAFD014650B9204681
S2140255000EF054F820460BF035FF00980DF0FBFC29
S2140255100020B8E710F1870F03D040F20740FFF7EC
S214025520F9FD20460EF042F820460BF023FF0098C5
S2140255300DF0E9FC88E700BFD0E80300B0E80300FE
S214025540D8260020000002092DE9FF410446062065
S2140255508846F0F799FB18F02EFA054648B9014638
S2140255601A20FFF7D7FD6FF08C04204604B0BDE882
S214025570F0814FF4807114F0F0FE184B4FF4105186
S214025580036114F0F8FF22466C46802327466B80A0
S21402559002F11003264610685168083203C69A4282
S2140255A03446F7D11021384618F0BBF9434610228C
S2140255B0394628460DF09BFD044620B1014640F2CE
S2140255C00740FFF7A7FD1021384618F0B8F928461D
S2140255D00DF0ECFF28460BF0CDFEC6E70044400473
S2140255E0FF282DE9F74318BF344C814618BF44EA1A
S2140255F000244FF006000F46164608BF304CF0F760
S21402560043FB18F0D8F98046002852D001462046BF
S2140256100DF08DFC054640460DF0C8FF40460BF0E7
S214025620A9FE15F1880F40D1B9F1FF0F3FD1062030
S214025630F0F72AFB18F0BFF9044658B901461A20BB
S214025640FFF768FD002005463C6006B1356003B0F2
S214025650BDE8F08300231A4A019343688260DAB2F7
S21402566022B923F0FF0343F001034360204640F2D1
S214025670011114F072FE134B4FF41051236114F013
S2140256807AFF802301A9204663800DF0CEFE0146F4
S21402569018B140F20740FFF73DFD20460DF086FFA9
S2140256A020460BF067FE019CCCE7002DCAD02120D5
S2140256B0CBE71A206FF08C05C7E700BF0680040010
S2140256C03700040000444004014B1B68187A7047F8
S2140256D0D8260020003918BF0121003B18BF01233D
S2140256E010B50B4C003A246818BF0122A3749DF82B
S2140256F008302070003B18BF0123E3749DF80C307D
S2140257002174003B18BF01236274237510BD00BFCD
S214025710D826002001280AD002280ED098B90B4BB2
S2140257201A68936943F00103002093617047074BA0
S2140257301A68936943F00203F6E7044B1A68936902
S21402574043F00403F0E72120704700BFD82600206C
S214025750024B034A00201A60704700BFE026002072
S2140257606CE80300024B034A00201A60704700BF31
S214025770DC26002044E8030010B5194C236833B930
S214025780A42018F018F9206038B91A2426E0FFF78A
S2140257904BFDA421206818F0D2F803224FF0FF3107
S2140257A0236810481A70D960002210211A771972DD
S2140257B083F83D200C4983F85E201A829A749A6117
S2140257C00BF0BCFA044648B9F3F728FC30B122467F
S2140257D00549044817F0CFFC40F20744204610BDA6
S2140257E0D8260020E4260020D1A403002DE9F043A9
S2140257F083680446590687B040F1B18023F040031F
S214025800836014F072FE802802D0402840F0AA80FE
S21402581094F9758004F13409B8F1FF3F1DD111F0F7
S214025820C1FE022871D0636B04201A888DF8082006
S2140258301A4632F8021B090A8DF80910D3F802300C
S21402584002A9CDF80A3053680A22CDF80E30FAF7CC
S2140258506FFFB0F1FF3F804657D0A56815F48075FC
S21402586053D10620F0F710FA18F0A5F8074698B9B3
S21402587001461A20FFF74EFC204641F20601FFF7CA
S2140258802BFC20460021FCF79BF904F1340007B0FC
S214025890BDE8F04314F086BE204614F026FE8028AB
S2140258A028D1494D394645EA082528460DF03FFBE2
S2140258B0064638460DF07AFE16F1880F1BD1434D88
S2140258C0394645EA082528460DF031FB0646384695
S2140258D00DF06CFE38460BF04DFD96B9606B2A460D
S2140258E002A90A30FFF7E2FC70B3102102A818F0F2
S2140258F026F8C1E72E46204614F0F7FD4028E9D1E7
S214025900DDE7314640F20740B4E794F87430DA0730
S21402591002D4A368DB05AFD5002301A904F1180061
S2140259200193FFF711FE18B101980DF0ECFAA3E708
S214025930606B019A02A90A30FFF7B8FC0546019887
S2140259400DF0E1FA002DD0D1204602A9FCF738F975
S21402595002A8102117F0F3FF484614F023FE07B002
S214025960BDE8F083636B1A88002A85D1882801D0A7
S2140259704B2881D10022013313F8011F00297FF43E
S2140259807BAF0132082AF7D1206C019100F598709E
S21402599001A9FFF7D9FD0028C6D1606B019A02A9BA
S2140259A00A30FFF783FC054601980DF0ACFA002D8D
S2140259B09BD1204602A9FCF703F902A8102117F092
S2140259C0BEFF04F13400C8E705800400038004002B
S2140259D02DE9F043804693B006200F4616469946B8
S2140259E0F0F752F917F0E7FF054648B901461A20C4
S2140259F0FFF790FB6FF08C04204613B0BDE8F083EF
S214025A004FF4804114F0A9FC5D4B47F2121103617A
S214025A1014F0B1FD4FF480736B805A4B1A68137FF3
S214025A20022B21D102F1600302F1800153F8040B2C
S214025A308B4247F8040BF9D102F1A00153F8040B8C
S214025A408B4246F8040BF9D1D2F8A0302846C9F8A2
S214025A5000300DF0ABFD28460BF08CFCB8F1000FC1
S214025A6040F086800024C7E79369DB072DD5464BB6
S214025A7003F1200253F8041B934247F8041BF9D1A2
S214025A80424B03F1200253F8041B934246F8041BD0
S214025A90F9D14B4620223E4928460DF028FB044603
S214025AA028460DF083FD28460BF064FC002CD5D06A
S214025AB0214640F20740FFF72DFBB8F1000F9BD0BE
S214025AC00821404614F04CFE96E7494628460DF05B
S214025AD0ACFC044690B1014640F20740FFF71AFBC1
S214025AE0B8F1000F03D00821404614F039FE2846CC
S214025AF00DF05CFD28460BF03DFC7DE76B4641222F
S214025B0001A9D9F800000DF0BDFA044628460DF0AA
S214025B104DFD28460BF02EFC4CB1214640F20740C4
S214025B20FFF7F8FAD9F800000DF0EDF9C5E73A46A6
S214025B300DF105030DF1250153F8040B8B4242F8D3
S214025B40040BF9D132460DF1450153F8040B8B4292
S214025B5042F8040BF9D101A8412117F0F0FE3846AD
S214025B60202117F0DEFE2021304617F0DAFE75E718
S214025B70002245F21601404614F0E2FC72E700BF2E
S214025B8000000209D8260020BCE70300DDE7030078
S214025B90F0E8030045F20603994210B504463CD0ED
S214025BA00DD840F2032399421AD045F202039942D5
S214025BB011D040F20123994212D048202CE045F23F
S214025BC0170399423AD045F21A0399421CD045F27D
S214025BD00C039942F1D10521204614F0C1FD1AE0CA
S214025BE0174894F8701017F09BFA94F873304FF435
S214025BF0A041012B14BF80204020FFF737FB002274
S214025C00034620469847D8E7C02114F07EFC0721B9
S214025C102046FFF761FA002010BD93791A44517CA2
S214025C2041F49051FFF758FA94F873302046012B4E
S214025C3014BF8021402114F068FCECE70220EBE759
S214025C40E4260020B1F5A04F2DE9F341054614469F
S214025C5000F03681A1F5A043DE1F042E00F2378144
S214025C609279083B0C321444026C92F85021032BB2
S214025C7005D8DFE813F047009400C5002201D107DB
S214025C8040F1BC80053410222146934817F023F9D0
S214025C90002800F09D8011F085FC0228286C27D091
S214025CA02246032190F95E01FAF7DCFC002607463D
S214025CB011F078FC022812D195F87330012B0ED120
S214025CC0234605F1180204F1100153F8040B8B4227
S214025CD042F8040BF9D1AB6843F48073AB60102131
S214025CE0204617F02CFE002E6DD0002130462FE005
S214025CF023461022032190F95E0111F055FC00277D
S214025D000646D5E712F0010778D011F04BFC0228C0
S214025D1021D02B6C062093F95E81EFF7B5FF17F0C2
S214025D204AFE064608B91A26DFE701466B4840EAED
S214025D3008200DF0FCF8804630460DF037FC304661
S214025D400BF018FBB8F1000F05D0414640F20740B1
S214025D50FFF7E0F938E0286C04F1050843460A220A
S214025D60022190F95E0111F01FFCD4F805300646B8
S214025D70AB62D4F80930EB62B4F80D302B860028FB
S214025D80B3D12A6C92F8503123EA070382F85031D5
S214025D90284614F0A3FD002002B0BDE8F081920769
S214025DA02CD511F0FFFB022804F10504286C16D04E
S214025DB00621224690F95E01FAF754FC10210746A6
S214025DC0204617F0BCFDCFB10821284614F0C8FCC7
S214025DD02846082114F0C4FC40F20340DCE7062102
S214025DE02346102290F95E0111F0DEFB06461021D2
S214025DF0204617F0A4FD002E7FF477AF0027C0E7F9
S214025E009307FBD511F0CEFB02281AD02B6C062086
S214025E1093F95E71EFF738FF17F0CDFD06460028BE
S214025E2081D001462E4840EA07200DF080F807464A
S214025E3030460DF0BBFB30460BF09CFA0FB13946EC
S214025E4084E7617989B90A46631D13F8010F60B9C0
S214025E500132062AF9D195F85210286C81F0080111
S214025E6005F14C03C1F3C00106E000394FF006020B
S214025E7018BF0121286CA31D90F95E0111F094FB56
S214025E802A6C0646D2F8583143F04003C2F858311D
S214025E906389D4F80600ADF8043063790090002BCD
S214025EA00CBF4923722368468DF8063012F0FEF8BE
S214025EB0002E7FF41AAF022763E702F0040760E7BA
S214025EC014F072FA00222B6C83F85C2160E702B0B1
S214025ED0BDE8F041FFF75EBEA0E8030003800400C1
S214025EE006800400F0B5B1F5A04F05468DB008D087
S214025EF045F21304A14244D00DB0BDE8F040FFF7CE
S214025F0049BE0023046CCDE90833CDE90A3394F880
S214025F105D310DF1200C042B2CD11F4B1B6893F81E
S214025F205E205AB1674603F13E024E333E46106883
S214025F305168083203C69A423746F7D104F584738D
S214025F40069305F15303059305F15A030493237947
S214025F5028460393637904F1C8020293A37904F1F5
S214025F60F801CDE900C304F1B80314F03EFF0020A7
S214025F700DB0F0BD013B022B9CBFD4F82C31089328
S214025F80DCE7016C01F5847114F02AFA4A212846EE
S214025F9014F0BBFAEBE700BFD8260020F0B545F2B6
S214025FA00E06B142044613468DB00BD045F21303DB
S214025FB0994260D0B1F5A04F77D114F0F5F90020E0
S214025FC00DB0F0BD9979026C0C310B44591D02F5E7
S214025FD08C72153351F8040B994242F8040BF9D12E
S214025FE0256C102205F58C7105F5847016F073FF8A
S214025FF020B90B21204614F0B3FBE0E70023CDE9DD
S2140260000833CDE90A3395F85D310DF1200C042BE7
S2140260102AD1284B1B6893F83D205AB1674603F1F4
S2140260201D022D333E4610685168083203C69A4256
S2140260303746F7D105F5A073069304F15A03059384
S21402604004F153030493EB7A204603932B7B05F16A
S214026050B80202936B7B05F1F801CDE900C305F1A6
S214026060C80314F0C2FEAAE7013B022B9CBFD5F878
S2140260702C310893DEE7056C102205F5A07105F5B4
S2140260808C7016F028FF0028B3D1D5F858314B2172
S2140260909B0748BF94F87430204644BF43F002037F
S2140260A084F8743014F031FA89E70DB0BDE8F04098
S2140260B0FFF770BDD826002073B545F21406B1422C
S2140260C004461AD045F21906B14221D0B1F5A04FC6
S2140260D028D114F069F9216C204601F594730193D6
S2140260E001F1B803009301F1110201F1C803513125
S2140260F014F01CFF002002B070BD036CD3F82821F8
S2140261000B4BB2FBF3F103FB1121FFF717F8F1E794
S21402611013781BB90C2114F023FBEBE7492114F08A
S214026120F4F9E7E702B0BDE87040FFF733BD00BF01
S21402613040420F002DE9F04F97B01546DDE9209852
S21402614004AA06468C4692461C46524B229F03F1F0
S214026150100B9646186859680833AEE803005B458C
S2140261607246F6D16B46202261465046FFF700F98A
S2140261708346002871D1484B05F110020893652327
S2140261808DF824300DF12503184655F8041B954268
S21402619043F8041BF9D1102117F0C3FB0DF13503A8
S2140261A0184604F1100254F8041B944243F8041BE8
S2140261B0F9D1102117F0B5FB99F80630062183F0C5
S2140261C00803C3F3C0038DF84530D9F800300DF14B
S2140261D04600CDF84630B9F804300124ADF84A300E
S2140261E017F09FFB98F80630062183F00803C3F3E6
S2140261F0C0038DF84C30D8F800300DF14D00CDF8C4
S2140262004D30B8F80430ADF8513017F08AFB002351
S21402621035228DF854306846239B08A98DF85340E2
S214026220FFF7A6F88346C0B91021239817F079FB2A
S2140262303B463522684608A98DF82040FFF798F8B5
S214026240834650B9B27C0146C2F11002384616F0B7
S21402625079FE1021384617F064FB1021684617F0C5
S2140262606EFB352108A817F06AFB1021504617F07E
S21402627066FBBBF1000F06D00821304614F070FA18
S21402628017B0BDE8F08F5A4645F21201304614F0B8
S21402629057F9F5E7FEE703000062746C70B51E4618
S2140262A00423054696B014468DF8143001F12002F8
S2140262B00DF1150351F8040B914243F8040BF9D182
S2140262C020210DF1150017F02CFB22460DF13503A7
S2140262D004F1200152F8040B8A4243F8040BF9D168
S2140262E020210DF1350017F01CFB04AB029320238E
S2140262F001931A9B314600930E48412305AA0DF0DE
S21402630034F80446412105A817F019FB54B121467A
S21402631040F20740FEF7FEFE0821284614F020FA57
S21402632016B070BD224645F21501284614F008F94B
S214026330F6E700BF0000020945F20D039942F7B5E1
S214026340044627D00DD8B1F5A04F1DD045F2040360
S214026350994200F08F80204603B0BDE8F040FFF778
S21402636019BC45F21103994200F0A68045F21503C6
S2140263709942F0D1006C90F85D31052B06D8DFE823
S21402638003F0503A423A555014F00EF800273846B9
S21402639003B0F0BD93790C331A44561D02F125055D
S2140263A02A463146FFF73AF8074620B10B21204627
S2140263B014F0D6F9EBE73146236C113351F8042B6F
S2140263C0A94243F8042BF9D1236C01F120023133A0
S2140263D051F8040B914243F8040BF9D1216C204684
S2140263E001F1D8030093D1F8943001F13102113152
S2140263F0FFF754FFCAE72046452114F086F82046E8
S214026400FEF7E2FEC2E72046452114F07EF8364B40
S21402641020461B68D9684B1C5A425A41FEF7A4FE16
S214026420B4E74621204614F070F8AFE72E4B1B68FF
S21402643093F85E5065B1002100F1110200F5A070DC
S21402644001900091204611463E3314F0D7F99DE79D
S2140264501021C83014F09CF800283DD008212046B0
S21402646014F07EF9294640F20740FEF753FE40F24A
S21402647007478CE79179036C0C310A44511DA83307
S214026480153251F8040B914243F8040BF9D1256CEE
S214026490102205F1A80105F1980016F01CFD20B99E
S2140264A00421204614F05CF970E7D5F8583143F021
S2140264B00103C5F8583169E70B4B056C19681022C1
S2140264C04E3105F5A07016F006FD0028E8D1102121
S2140264D005F1C80014F05CF8216C2046C83113F0B0
S2140264E09BFF47219EE700BFD8260020F8B545F25D
S2140264F016039942044600F062810BD8B1F5A04F0C
S2140265000ED045F2030399420ED02046BDE8F8406D
S214026510FFF740BB45F217039942F6D1022002E08C
S21402652013F042FF0020F8BD9379056C0C33D618A1
S214026530F379DF0708D4FEF733FD28B1052120469C
S21402654014F00EF92120EEE79F4F327A3B681B7A51
S2140265509A4201D20621F2E7D6F80530C5F80B308A
S214026560B6F80930A5F80F300223AB7294F9523010
S21402657094F85210002BB2BF012381F00803C3F334
S214026580C003AB7094F8603083F00803C3F3C00313
S2140265906B70337A102B28BF1023A374F379D807B5
S2140265A02BD5AB79DA0728D5737A2A7A134085F881
S2140265B05131B37A6A7A134085F8503195F95E31D3
S2140265C001331ED0206C90F850319B0719D481F00D
S2140265D00801062290F95E0104F14C03C1F3C001E2
S2140265E010F0E2FF68B140F21B412046FEF774FD50
S2140265F0A3685907A6D50821A1E7002385F85131DB
S214026600DAE73B68F079597C00F0080229B112B14A
S214026610AA79120703D4032191E7002A79D0AA792E
S214026620110776D5D5F8581141F00401C5F858116E
S214026630B5F8501121F4807121F00101A5F850112E
S21402664093F81CC0B179BCF1020F02D019B3022133
S21402665075E789B1012283F83D20DA7CB2B90422BB
S21402666085F85D21A27C0F2A27D994F8742042F07F
S214026670080284F8742020E093F85E20002AE6D010
S214026680DA7C83F83D10002AE1D1E8E793F85E2031
S214026690002AE4D1DBE7024312F004023FD072790B
S2140266A04A49052A28BF0322187802EB82020A44C6
S2140266B0125C85F85D21002AD4D1197C95F85D21FB
S2140266C009B1002AA7D0206C042A00F598703AD1A6
S2140266D003F11D022D3352F8041B9A4240F8041BA4
S2140266E0F9D1D5F8583195F85D2103F004017ABB4B
S2140266F023F00203C5F85831E27400295AD0216CFF
S214026700204601F1940301F171025131FFF760F95D
S21402671008E71A7F012A05D1B2791AB1042285F850
S2140267205D21CAE7420703D4AA7912F00402F6D022
S21402673072792749052A28BF0322187802EB8202BB
S2140267400A44125CEBE71022002116F0FBFBC8E7B6
S21402675043F00203C5F8583149B90123013AE374FC
S214026760032A3FF6DFAEDFE802F010181025A37CFE
S2140267700F2B89BF94F87430012343F0080384F882
S214026780743088BF0223E374B9E72046452113F02C
S214026790BCFE2046FEF718FDC4E62046452113F04F
S2140267A0B4FE3B682046D9684B1C5A425A41FEF753
S2140267B0DBFCB7E64321204613F0A7FEB2E613F051
S2140267C063FE4221F7E700BFD82600200FE8030049
S2140267D028E80300F8B50446FEF7C6FB266C054615
S2140267E028B394F975305F1C0BD086F85E31FEF73D
S2140267F0D7FB0721012013F0E7FD024618BB1A213A
S21402680011E02046FAF7EEF886F85E01236C93F95B
S2140268105E310133EBD1FEF7C3FB90B1A3685D078F
S21402682009D441F205212046FEF756FC07E0FF2375
S21402683086F85E31EFE70521204613F091FF00202F
S214026840F8BD0025D5E73249867909680C3691F8F5
S21402685000C0831983F801C091F81CE0281E18BFF7
S2140268600120BEF1010F0DD183F802E0D870487CFA
S21402687000B3D87800071DD4A3685B07DBD441F2C7
S2140268800321D0E78F69BEF1020F07F002070ED18F
S21402689091F85EE0BEF1000F09D04FF0010E83F8CA
S2140268A002E0D870002FE2D140F00800DEE74FF099
S2140268B0000EF4E7BCF1030F07D0096911F0FF1FC1
S2140268C01EBFD97841F00401D97094F874108F076E
S2140268D008D5D978480705D4BCF1030FCFD041F0CC
S2140268E00401D970002D18BF032510215D7119719E
S2140268F09D71216C9059C1F803009888A1F8070091
S2140269009B7920464B72062113F0CFFB012097E7B6
S214026910D8260020F0B545F20E06B14204461546CA
S2140269208DB00ED045F21306B1425CD0B1F5A04F41
S21402693040F0BD8013F038FD236CD3F858311907A8
S21402694057D5236CD3F8582112070CD4AA7903F52D
S21402695084730C3215446A1D153552F8041BAA427C
S21402696043F8041BF9D10023256CCDE90833CDE9A1
S2140269700A3385F85C3195F85D310DF1200C042B55
S2140269802AD14D4B1B6893F83D205AB1674603F156
S2140269901D022D333E4610685168083203C69A42DD
S2140269A03746F7D105F5A073069304F15A0305930B
S2140269B004F1530304932B7905F1C80203936B7910
S2140269C00293AB79CDE900C305F1B803204605F181
S2140269D0F80114F00AFA0CE0013B022B9CBFD5F832
S2140269E02C310893DEE7056C95F85C3123B1012B58
S2140269F054D000200DB0F0BD102205F5A07105F5AB
S214026A00847016F068FA20B10B21204613F0A8FE17
S214026A10EFE7D5F858310DF1200C9B0742BF94F8EA
S214026A20743043F0020384F87430012385F85C3135
S214026A300023CDE90833CDE90A3395F85D31042BFE
S214026A4025D11D4B1B6893F85E205AB1674603F1A9
S214026A503E024E333E4610685168083203C69A42DA
S214026A603746F7D105F58C73069304F15303059365
S214026A7004F15A030493EB7A05F1B80203932B7BD5
S214026A8002936B7BCDE900C305F1C8039EE7013B89
S214026A90022B9CBFD5F82C310893E3E705F58C71E1
S214026AA013F09EFC8821204613F02FFDA1E70DB0BF
S214026AB0BDE8F040FFF76EB8D826002045F2140372
S214026AC0994213B504462BD00CD8B1F5A04F13D07B
S214026AD045F20E03994232D0204602B0BDE810407D
S214026AE0FFF758B845F219039942F5D1137813BB4C
S214026AF00C2113F035FE10E013F056FC216C2046F4
S214026B0001F59473019301F1B803009301F1510268
S214026B1001F1C803113114F009FA002002B010BDC9
S214026B20036CD3F82821114BB2FBF3F103FB1121BE
S214026B30FEF704FBF1E7872113F0E7FCEDE7917916
S214026B40036C0C310A44511D03F58473153251F857
S214026B50040B914243F8040BF9D1226CD2F8583157
S214026B6043F00803C2F85831D7E700BF40420F008F
S214026B7045F2100330B59942044685B000F0A6806F
S214026B800CD8B1F5A04F27D045F20503994228D07C
S214026B90204605B0BDE83040FEF7FCBF45F21103C3
S214026BA0994200F0B08045F212039942F0D1016C8E
S214026BB091F85D3113B1043B012B03D82046B8315E
S214026BC013F02AFC236C93F85D31042B40F2DF802D
S214026BD0052B03D1862192E013F0E6FB002005B0D8
S214026BE030BD9179036C0C310A44511DC8331532FD
S214026BF051F8040B914243F8040BF9D1206CD0F8FB
S214026C00583113F0040354D090F85D31042B22D18E
S214026C10604B1B6893F85E5065B1002100F11102CB
S214026C200091114600F5A07001903E33204613F005
S214026C30E5FDD3E71021B83013F0AAFC58B10821BD
S214026C40204613F08DFD40F207402946FEF762FA11
S214026C5040F20740C3E7216C91F85D3101F1C802AA
S214026C6013B1043B012B12D801F1F803039301F58B
S214026C709873029304F15A03019304F153030093A9
S214026C8001F1B8032046D831FFF754FAA6E701F51A
S214026C90A073019391F85C01D1F82C31C34003F044
S214026CA0010343F080030093134601F151021131B0
S214026CB0BCE780F85C3100F1C802009300F59871D9
S214026CC000F5A073204614F0A5F987E7056C10229C
S214026CD005F1980105F5A07016F0FDF820B1042123
S214026CE0204613F03DFD79E78821D5F858319B07F9
S214026CF042BF94F8743043F0020384F8743020469E
S214026D0013F003FC6AE7056C95F85D3105F5A07093
S214026D10042B1ED11F4B102219684E3116F0DBF8D9
S214026D200028DCD1102105F1B80013F031FC216CEB
S214026D3001F1F803039301F59873029304F15A03E1
S214026D40019304F15303009301F1C80201F1B80361
S214026D5098E70146102205F1980016F0BCF80028C4
S214026D60BDD105F1B801204613F056FB216C91F80F
S214026D705C310133DBB2142B81F85C31D8D0D1F808
S214026D80583123F00103C1F858318421B7E787212F
S214026D90B5E700BFD826002045F215039942F7B59D
S214026DA0044651D00CD8B1F5A04F19D045F20D03C8
S214026DB099421BD0204603B0BDE8F040FEF7EABE7B
S214026DC045F216039942F5D1016C01F1D8030093FE
S214026DD0D1F8943001F131021131FFF75FFA01E088
S214026DE013F0E2FA0027384603B0F0BD93790C336D
S214026DF01A44551D02F1250632462946FEF70EFBB9
S214026E00074620B10B21204613F0AAFCEBE72946E1
S214026E10236C113351F8042BB14243F8042BF9D1F9
S214026E20236C01F12002313351F8040B914243F8EE
S214026E30040BF9D1216C204601F1940301F1710291
S214026E405131FEF7C5FDCDE713F01EFB236C93F818
S214026E505D31052BC6D8DFE803F0190311111E19A0
S214026E602046822113F051FB0C4B20461B68D96842
S214026E704B1C5A425A41FEF777F9B3E72046822165
S214026E8013F043FB2046FEF79FF9ABE7832120462B
S214026E9013F03BFBA6E78521F9E700BFD8260020C2
S214026EA0204B10B51B6804469B6913F0040310D1EF
S214026EB041B180F8773090F87010BDE810401A485B
S214026EC016F02EB990F87330012B03D18368580759
S214026ED005D410BD022B02D183685907F9D494F960
S214026EE0772094F87730002AF3DBB3B9012384F8CD
S214026EF0773094F877305B08EBD04FF47A7294F8D8
S214026F00701053430848002209F0FCFE94F87730CC
S214026F1063F07F0384F87730DBE75A06E9D45B0038
S214026F20E5E700BFD8260020E426002045F21E032F
S214026F3030B599420446154689B010D845F2160374
S214026F40994213D845F20103994200F0AF8145F207
S214026F500C03994222D0B1F5A04F00F0AD812A462B
S214026F60204609B0BDE83040FEF714BEA1F5A043A6
S214026F70173B072BF3D801A252F823F065700200E4
S214026F805F6F02005F6F02005F6F020069720200AD
S214026F905F6F02003D7202004F70020090F9773078
S214026FA0002B02DB8268530707D52046092113F01F
S214026FB0D7FB41F2092009B030BDAB792B449D4D79
S214026FC05B7C2D6803F008016D7CD5B121B90321E5
S214026FD013F0C6FB2120EEE713F0040F03F00103C3
S214026FE008D042F00802826093B9A36843F02003F7
S214026FF0A36013E0002BF8D0836843F0100383608D
S214027000F3E7580744BF42F00802A260DB0703D545
S214027010A36843F01003A3600029E6D1A3682246C2
S21402702043F00403A3608449204609F087FE022148
S214027030204611F0F5F947F23053002245F21A01C4
S214027040204609F05FFEA3689D0540F18980A3688B
S214027050580740F1858094F8700009B0BDE83040CA
S21402706013F0BDB890F87430D9074DD590F9753045
S214027070013342D094F9131001291DDCA26893064D
S2140270800DD56C4B15071B6801D4187C38B1187FD8
S21402709010B91878032802D09B69980734D50129BD
S2140270A00AD0644B11071B6801D41A7C22B11A7FDE
S2140270B052BB1B78032B27D10023CDE90433CDE93D
S2140270C0063310F06FFA022801AB35D1A06AE16AE6
S2140270D0228E03C31A8094F97500BDF80450421C30
S2140270E037D010F0A7FA002833D1204641F2060125
S2140270F0FDF7F2FF41F206005DE78368DA0616D472
S214027100FDF74EFF0028B5D04A4B1B68197F0229AF
S21402711032D1DA7C82B393F85E306BBBA3685B072E
S21402712020D5204613F01CFB41F2022043E7FDF770
S2140271301BFF0028E4D0E7E70A22022194F9750033
S21402714010F060FA0028C6D1CDE90100ADF80C00B7
S214027150C1E72A46204604AB0DF10601FDF73AFCCC
S214027160002028E7204641F20221FDF7B5FF012163
S2140271702046FFF795FED7E7204613F0F4F8A568F9
S21402718060B96D0705D50821204613F0E9FA1A20E2
S21402719011E71A212046FDF79FFFF8E715F00405D0
S2140271A008D0FDF705FFC8B1204694F97510FEF722
S2140271B01FF8D5E722462049204609F0BFFD0221E6
S2140271C0204611F02DF947F230532A4645F21A01AD
S2140271D0204609F097FDA3685807E2D494F9753063
S2140271E0591C15D048F2080040EA032080B2F9F78D
S2140271F0A5F9052194F9750010F0C1F9032194F957
S214027200750010F0BCF9062194F9750010F0B7F974
S214027210226C2046D2F8583143F02003C2F8583187
S214027220FFF7D8FA00289BD04121204613F06DF9CB
S21402723096E700BFD826002061A50300FDF7B8FE3A
S21402724000285BD0236C002B58D0A268520755D575
S214027250D3F85831980651D42B78002BBED105218D
S214027260204613F07DFA7BE790F87430D90706D4EF
S214027270402113F04AF929462046FDF72DFFA36860
S2140272805A077FF56DAF204645F21A0115F048FF02
S214027290204622461A4915F06EFFA368022123F003
S2140272A03C032046A360FBF7D1FE59E70246144989
S2140272B0144809F043FD53E745F21A0115F030FF72
S2140272C0A36823F03E03A360236C2BB193F95E01FF
S2140272D0431C01D0F9F7A8FA22462046084915F0C1
S2140272E04AFF22460649074815F045FF2046022176
S2140272F0FBF7ACFE204613F093F931E702205AE67C
S21402730061A503005026002045F21E0399422DE98E
S214027310F3410446154611D845F21603994214D88D
S21402732045F20103994200F0288345F2020399428E
S21402733000F09880B1F5A04F00F025832A4620463B
S21402734002B0BDE8F041FEF725BCA1F5A043173B0D
S214027350072BF3D801A252F823F000BF7D73020078
S2140273603D7302003D7302003D730200377902004E
S2140273703D73020021750200FB740200994E3368C9
S2140273801A7F022A11D1DA7C7AB193F85E3063B999
S21402739041F20221FDF7A0FE20460121FFF780FD03
S2140273A041F2022002B0BDE8F081A3685D0701D574
S2140273B00220F7E72046FDF7D7FD3368051E1A7848
S2140273C018BF0125032A07D019696AB211F0FF1FF8
S2140273D024D042F0040503E094F87420900725D4E4
S2140273E09A6992071FD41A7F012A1CD045F0080515
S2140273F002210B2012F0E8FF0246E0B18379062153
S21402740003445D7394F975302046013302BFA368C6
S21402741043F00203A36012F048FE0CE094F87410E6
S2140274208907D6D4DCE75B7C002BE1D041F203214E
S2140274302046FDF751FEA368224643F00403A360EC
S2140274406949204609F07AFC0221204610F0E8FF3E
S21402745047F23053002245F21A01204609F052FC48
S21402746000209FE783685F0703D490F97730002BEC
S21402747005DB236C53B1D3F85831DE0606D5204619
S214027480092113F06DF941F209208BE7204612F02C
S2140274906AFF28B90821204613F062F9212081E705
S2140274A0206CD0F8583143F01003C0F85831AB794D
S2140274B00C332B445A68C0F803201A89A0F8072018
S2140274C001229B7A4372236CDA70A26812F00406D9
S2140274D010D122464449204609F030FC02212046BB
S2140274E010F09EFF47F23053324645F21A0120460C
S2140274F009F008FCA3689805B2D5236C002BAFD020
S214027500D3F85831D906ABD594F97530013320D06B
S21402751094F87430DA071CD5A36843F00203A3601C
S214027520236C002B3FF444AFD3F85831DA067FF5CC
S2140275303FAF9F063FF53CAFFDF73AFD20B3A36889
S2140275409E0721D42B78FBB90521204613F008F9B3
S21402755086E7FDF72DFD94F9751040B14B1C02D15C
S214027560A3689F07DCD42046FDF742FE78E74E1C50
S214027570D6D094F87430D807D2D4084610F05AF809
S2140275800028CDD0052186E794F97530581C15D011
S21402759048F2080040EA032080B2F8F7CFFF052140
S2140275A094F975000FF0EBFF032194F975000FF0C4
S2140275B0E6FF062194F975000FF0E1FFA368256C3B
S2140275C023F00203A360D5F85831064F43F0200398
S2140275D0C5F858313B68EA791B7A934206D90621E8
S2140275E059E700BFD826002061A5030094F952107F
S2140275F094F852300029B2BF012383F00803C3F384
S214027600C003102A28BF10226B7094F86030204600
S21402761083F00803C3F3C003AB70A274AE79FDF720
S214027620A3FC002836D0F10734D594F97530D4F887
S21402763040805A1C24D088F85E3106F00D063B685E
S2140276409A69900704D41A7F012A01D0310701D41F
S21402765006F0F7061A78032A1FD01B6913F0FF1FDD
S21402766001D046F0040694F874309A071BD57307C7
S21402767019D40321204613F073F840F2034091E632
S2140276802046F9F7AFF988F85E01236C93F95E316C
S2140276900133D2D106F00C06D1E71B7F002BE2D1D4
S2140276A006F0FB06DFE70721022012F08DFE0190AE
S2140276B00028E2D090F806C03A680CF10C0C137859
S2140276C000EB0C014B70137F012B06D0022B45D129
S2140276D092F85E30003B18BF01238B701023CE70E9
S2140276E016F0010608BF32460B711FBF2B7A6A7A64
S2140276F003F003034B71236C14BF02F003024E71B6
S2140277008A7183F851214A7983F8502150F80C2067
S214027710C3F80A208A88DA818A791A7406B3206C3A
S21402772090F8501111F002061AD194F8521006225F
S21402773081F0080190F95E0104F14C03C1F3C00127
S2140277400FF032FF60B13146FDF7E4FC2046082117
S21402775013F006F801A815F011FE8EE70023BCE729
S214027760019E002E89D0FDF71BFC95F806C078B165
S2140277701CF0010F04D0236C93F95E31013307D15C
S2140277800521204612F0ECFF304609F065FC85E63E
S2140277903B680CF00802597C29B112B16A7B1007CB
S2140277A003D40321EDE7002A75D06A7B110772D550
S2140277B0D5F8581141F00401C5F85811B5F8501122
S2140277C021F4807121F00101A5F85011187F697922
S2140277D002280BD071B942EA0C0212F0040248D118
S2140277E085F85D211B7C002BDBD10DE021B993F8D7
S2140277F05E209ABB0221C4E7012283F83D20DA7C90
S21402780092BB042385F85D3132460621204612F0EB
S2140278104CFC95F85D31206C042B52D13B6800F588
S214027820987003F11D022D3352F8041B9A4240F859
S214027830041BF9D1D5F8583195F85D2103F00401FF
S214027840002A45D123F00203C5F85831E274002914
S2140278504AD08121204612F058FE01E683F83D10F8
S214027860DB7C002BC6D1CCE793F85E30002BC8D168
S214027870C0E72A791978052A28BF0322514801EB66
S214027880810101448A5C85F85D211B7C002BBBD0FC
S214027890002AB9D185E71A7F012A02D16A79002A1D
S2140278A0AFD11CF0040F03D16A7B12F0040297D00A
S2140278B02A791978052A28BF0322434801EB810159
S2140278C0DFE71022002100F5987015F03BFBB1E7C8
S2140278D043F00203C5F8583141B90123032AE37481
S2140278E012D9042A7FF4BCAD8421B3E7A37C0F2B04
S2140278F089BF94F87430012343F0080384F8743087
S21402790088BF0223E374A4E7012A07D02046822117
S21402791012F0FBFD2046FDF757FCA1E5204682212A
S21402792012F0F3FD3B68D968481C424242412046A9
S214027930FDF71AFC94E590F87430D90706D4402176
S21402794012F0E3FD29462046FDF7C6FBA3685A0758
S2140279507FF586AD45F21A01204615F0E1FB224678
S21402796020461A4915F007FCA36823F00403A36017
S21402797002212046FBF76AFB72E5024613491448C9
S21402798009F0DCF96CE545F21A0115F0C9FBA368AB
S21402799023F03E03A360236C2BB193F95E01431CD4
S2140279A001D0F8F741FF22462046084915F0E3FBCE
S2140279B022460649064815F0DEFB204612F030FE47
S2140279C0D6E700BF0FE8030028E8030061A503001E
S2140279D050260020184640F20A4322F000429A42FD
S2140279E02DE9F04120D8B2F5806F01D800203EE0A4
S2140279F06FF480642244092AF8D801A353F822F0CF
S214027A00477A0200537A0200737A0200C17A0200B1
S214027A10957A0200DD7A0200FF7A0200077B0200F6
S214027A20ED7902001F7B02006FF4A0615318042B4D
S214027A30DCD8A2F20252032A79D8DFE812F08A00D2
S214027A409200B700CB0005784488644810F073FCB7
S214027A503EE005784468826900F108030021604828
S214027A6010F07AFC10B10571C0F805400120BDE89F
S214027A70F081067845880479826900F108030021BE
S214027A80584810F069FC0028F0D00671A0F805509E
S214027A90C471EBE704790778A4F11B0359425941F4
S214027AA04688C58800F1080289004F4810F079FC24
S214027AB00028DBD00771A0F80560C4710581D5E700
S214027AC0057844884269031D0021484810F044FCAA
S214027AD00028CBD00571A0F80540C7E70678458890
S214027AE0848800F108020021414810F05AFC002860
S214027AF0BCD00671A0F80550A0F80740B6E7057896
S214027B0044683C48A2E704783A4810F014FC00287F
S214027B10ACD007234371002304718371A6E704786F
S214027B20354810F008FC0028A0D004719EE70778BC
S214027B3046880579C48800F1080200212F4810F013
S214027B4030FC002892D00771A0F80560C571048148
S214027B508CE7077846880579C488294810F0EBFB3D
S214027B60EFE787684588047906787FB1C78800F111
S214027B7008020021234810F014FC00283FF476AFD8
S214027B800671A0F80550C47107816FE73B463A4676
S214027B9039461C4810F0E0FB00283FF467AF067138
S214027BA0A0F80550C471077247725FE790F800802C
S214027BB047880679C5880489134810F0BCFB00285C
S214027BC03FF454AF80F80480A0F80570C6710581B2
S214027BD044814BE7057844680C4837E740E90300E0
S214027BE03CE9030038E9030030E9030034E9030006
S214027BF02CE9030028E9030010E9030024E9030046
S214027C0020E903001CE9030018E9030014E9030055
S214027C1000487047D579020030B5044685B008465C
S214027C20039113F065FF830708D410F0010003D018
S214027C3003A815F0A3FB012005B030BD03998B798C
S214027C4003F10C0288188A5C013A1C2A00F2E880CA
S214027C50DFE802F00FE689E68CE695E69CE6A4E607
S214027C60ACE6B3E6BAE6C2E6E6E6C4E6D2E6D4E6B2
S214027C70DD0003790BB103F588534278023A162ADF
S214027C80D6D801A151F822F0E57C0200317C020030
S214027C90EF7C0200317C0200FB7C0200317C020099
S214027CA0077D0200317C0200137D0200317C020057
S214027CB02B7D0200317C02001F7D0200317C020017
S214027CC0377D0200317C0200437D0200317C0200D7
S214027CD0317C0200317C02004D7D0200317C0200C4
S214027CE05D7D020017212046FCF758FDA0E7002222
S214027CF02046114611F071FD9AE71A4600212046E9
S214027D0011F018FE94E700222046114611F083FF78
S214027D108EE700222046114611F06BFE88E71A46CF
S214027D200021204611F058FF82E71A46002120461D
S214027D3011F035FF7CE700222046114612F05EF86D
S214027D4076E71946204612F0C2F871E70093002340
S214027D5020461A46194612F0C4F869E71946204624
S214027D6012F011F964E7B0F80110BCE702338B7128
S214027D700A4600234178204611F02FFD5BE70133C7
S214027D80002220468B7111F0D5FD54E702338B7129
S214027D9042780023204611F03EFF4CE701338B71F8
S214027DA0002320461A4611F024FE44E7013300223F
S214027DB020468B7111F0F3FE3DE701330022204688
S214027DC08B7111F009FF36E702338B71427800237C
S214027DD0204612F013F82EE70021B3E705338B7125
S214027DE00023B0F80320B0F8010000930B460146CA
S214027DF0204612F076F81EE70021B0E703338B71B7
S214027E000A46B0F80110204612F0DCF813E70333F6
S214027E108B710A46B0F80110204612F0DCF80AE729
S214027E20002009E72DE9F04F144687B09B46C36B46
S214027E3006460D465B69012202A960689847F36B05
S214027E40012203A95B692846984702A814F05AFA49
S214027E50074648B10023A37563754FF0FF33A3604E
S214027E60002007B0BDE8F08F03A814F058FA0123EB
S214027E70A375237E04EBC303DD611F846368AB42F4
S214027E800ED1206003A814F06CFA4FF0FF33207571
S214027E90A360237D043B022B25D80023A375DFE7CE
S214027EA023681A1A03A853425341A37514F059FAC9
S214027EB0237D834203A818BFA77514F034FA074639
S214027EC002A814F030FA874203A81CBF0023A37549
S214027ED014F031FA074602A814F02DFA87421CBFA6
S214027EE00023A375D5E703A814F01DFA80B1F36B3F
S214027EF0022204A928465B69984704A814F022FACD
S214027F000346207D032839D8DFE800F03838040914
S214027F1003A8F3E7237ECC2204EBC3031A8401F002
S214027F20C9FA109B187003A8277E14F0F0F904EB28
S214027F30C70787F8220003A8237E04EBC303B3F81F
S214027F40209093F8227014F0EEF9804603A814F0FD
S214027F50F2F98246B8F1000F15D0F36B022204A99B
S214027F6028465B69984704A814F0B1F96075637DEA
S214027F706BB90023A3754FF0000838E0227E04EBAD
S214027F80C2021384CBE703A814F08CF9EEE794F848
S214027F901680B8F1000FEED0B9F1000F09D1DFB1AB
S214027FA00123627EE375002A44D19F4218D1677688
S214027FB014E0736C05EB0A02594285EA0200084295
S214027FC01CBF0021A175591E0A409B1A9945D0D89C
S214027FD0A37D002BE3D1CEE7E37D43B94FF0000843
S214027FE04B4652462946304613F008FFA060A27D53
S214027FF012B123694B4423611349237E09789942BF
S2140280001ED901332376BBF1000F1BD0D2B1E37D1C
S214028010C3B1B8F1000F15D1032F13D0A1684B1CC2
S21402802010D0109B2246304600930123FFF7FAFE3B
S214028030A07507E0012FDAD0032F08BFA376CDE79D
S2140280400023A375A07D0CE758E103002DE9F04F4D
S2140280500E468BB09846002304464FF0FF3110467A
S21402806017468DF8133001F00FFAB6F5801F3BD392
S214028070B21C53D1E56A6B1C57D1616A204613F0D5
S21402808003FE0546B31CDFF8189118BF01230193BF
S214028090636A05A9626C4FF0000B0293236802FB29
S2140280A0053AE36B05225B695046984705A814F02B
S2140280B0E2F914F005FA504614F00DFA824601462B
S2140280C04B1C05D0636C81EA0A025B42134232D033
S2140280D02946204613F0D8FD029BAB424DD0BBF199
S2140280E0000F4DD10546D3E7314605AA04F1080034
S2140280F014F0BEF80146481C10D0384601F0C4F908
S2140281000DF1130301223946204613F0F3FE28B17F
S2140281109DF8133088F80030002003E0237C002B03
S214028120A8D11D480BB0BDE8F08F2368ED1A636C2A
S214028130B5FBF3F5A6E7484601F0A6F90DF11303E1
S214028140019A4946204613F0D5FE034690B1B21C6A
S21402815003D0D9F80020B2420CD19DF8132049462C
S214028160039338460D4B88F800201A6814F0C3FEB5
S214028170039B9B46D9F80810A2E7BBF1000FD0D0AC
S214028180B6F5801FC8D298F8003031467A6804F1F6
S214028190080001F0BDF8BFE70BE000F05CE1030069
S2140281A0841D00202DE9F3410E46044617469846E4
S2140281B0816A194DE36A8B422AD04B1C18E0284686
S2140281C001F062F90DF1070301222946204613F059
S2140281D091FE30B143469DF8072029462046B8470F
S2140281E0B0B1A9684A1C05D0012E0AD0E36A9942AA
S2140281F0E5D10DE06968204613F0D3FD012E014655
S214028200D8D16B6881EA0302636C5B421A42D1D012
S21402821002B0BDE8F08100BFB01D00202DE9F0419C
S214028220036B9046826B90B007680E469A42426C89
S21402823001A9044688BF8363436A02FB0377C36BC4
S21402824005225B693846984701A814F014F90128FC
S2140282500146307056D0656C06A9E26B2368606AE8
S214028260D2F814C0052205FB00300025E04706A818
S21402827014F001F9012823D001218DF834800E95DF
S2140282808DF83C10D4E90A32CDE90B4593422AD147
S2140282901946204613F085FD236B626C1433E062A8
S2140282A09B1A23630C9B53B99DF83C303BB1626A20
S2140282B0616C2368E06B01FB023114F094F80C9DAC
S2140282C0E36B052201A938465B69984701A814F0BA
S2140282D0D2F83070236B2846A26B9A4288BFA363FB
S2140282E010B0BDE8F081237C33B90BAA1C4904F117
S2140282F0080001F05DF8D5E70BAB1A4A2046FFF7F7
S21402830051FFCFE7237C23BB2246174904F108001E
S21402831001F04EF8616A204613F0D7FC616A421CEF
S214028320204613F0A0FC054620B9236B626C13446A
S214028330143B2363A16A204613F033FD2368A06230
S214028340C01A636CB0FBF3F06062204613F06DFD5A
S214028350B6E70023054A2046FFF724FFDAE700BF08
S214028360518B0200CD8A02007DBF030019BF0300B5
S21402837073B50D46D11E1C461B7E4A424A419A429E
S21402838026D129682368994222D3636899421FD866
S214028390114E0DF107033246FFF758FEC0B9726858
S2140283A06B689A4214D19DF80730DA1E5342534145
S2140283B0227E93420CD1636901336361D4E90323BD
S2140283C0934205D22968A26842F82310013323613A
S2140283D0012002B070BD00BF581D00202DE9F04FED
S2140283E08BB09A46DFF854B180469DF850300D4661
S2140283F016460293DBF810305345C0F09880DBF83F
S2140284000430D1460193B9F1000F00F08C80D8F801
S2140284103C30012207A901985B69984707A813F028
S2140284207EFFDBF80030984240F0848007A813F005
S21402843082FF0428074614D107A813F083FF019B86
S214028440029A04463B44002A3ED1864212D9361A84
S21402845014460199404613F0A4FCA9EB04090190C6
S214028460D1E7D8F83C30022208A901985B69984700
S21402847008A8E2E7841B9F19544528BF5446032CDC
S214028480AAEB040A4FEA94021CD9D8F83C302946D3
S214028490384604F003065B69984724F003031F443A
S2140284A01D44002ED5D0D8F83C30012208A9384603
S2140284B05B6998473246284608A9354414F01BFDE6
S2140284C00026C6E72646ECE700F00302034407460A
S2140284D003922A1805930492049BDD1B059BD81B66
S2140284E0039B9F420FD1002FB3D0D8F83C30012215
S2140284F008A95B6998473A4608A9284614F0EBFC97
S21402850078B93D44A5E7D8F83C30012208A95B6952
S2140285109847042208A9284614F0DDFC08B9043F4F
S214028520DAE7DFF81C9048460BB0BDE8F08FDFF8BC
S2140285301490F8E7DFF81090F5E700BF2C1D002036
S21402854012E000F011E000F022E000F02DE9F04128
S2140285500F4688B016469846044660B390F83450E4
S214028560FDB1012113F055FB0E9B0021CDF80480CE
S2140285700496CDE902379DF83C308DF81C30237CFA
S214028580CDE905118BB901AA0C4904F1080000F0E7
S2140285900FFFE06BDDE90553002E08BF1D4613F002
S2140285A0FBFC284608B0BDE8F08101AB044A204631
S2140285B0FFF7F8FDEDE70546F3E700BF47BF030008
S2140285C0718302002DE9F04F99B00F4604460992D6
S2140285D00A69416C0E93D31D1439B3FBF1F30133D0
S2140285E002EBC302036B9342C0F00F820023DFF854
S2140285F024940D93E36A48461946079300F044FF15
S214028600D7E9033604930E9B022B4ED1CC2E40F0B4
S2140286108C81099B002B42D03946204613F01AFD66
S214028620656C079A6B1E14901340ED1AE36B0122D9
S21402863016A978685B69984716A813F074FE002896
S2140286400CBF04230823782E06933FD90123002566
S2140286504FF0080A05933B6805990E98C9F8003052
S214028660C9F8106013F081FE4FEA9A03DDF81CB0D9
S21402867089F81400109300230B930F9308930C931E
S214028680616C4A1E0BEA02028B1A002E3AD055443F
S214028690AB4242D8236B5B1A13442363ADE0049BC0
S2140286A01B68149308230693D0E7656C782E079A06
S2140286B005F1FF3303EA0203A5EB030516D8FB7D9B
S2140286C07BB9099B002BB1D104230693331DAB4221
S2140286D010D9A6B1082DB9D804250023AA460593B9
S2140286E0B9E7099B002BA1D10823EEE7099B002BD3
S2140286F09CD1D7E7002505954FF0040AABE7042581
S2140287000596F9E75345C5D30BEB0A03B046039328
S214028710089B002B18BF032313E0A3EB0A03B04603
S2140287200BEB0A029E42039228BF98469E42EFD95E
S214028730D9F810200123964289F8173071D1C9F86A
S21402874004B0089399F81730002B6CD099F81820CB
S2140287500899D31C013209EBC30389F81820C3F821
S21402876004B0A3F808809972B8F1000F14D00E9BDB
S214028770022B5BD10B9B7BB90F9B4344032B0BD97C
S214028780E36B012214A903989B69984705460028C3
S21402879040F03D8101230B93089B16A80193059B8D
S2140287A00093434699F81420396800F023FEE36BE1
S2140287B0109A16A99B6958469847051E0D9B18BF26
S2140287C05B4652460D9359464346204613F016FB27
S2140287D0236B08F10302C9F80800A3EB0A0322F090
S2140287E003029B1A2363002D40F011810F9BA6EB18
S2140287F00806DDF80CB043440F935946204613F0A2
S214028800D0FA00258346002E7FF43AAF814A04F15F
S2140288100800396893685268E3620E9B00F078FDA0
S214028820DEE002238DE7C9F804B09DE7099B002B22
S21402883030D1049BB8F1030F43440A9327D9E36B64
S2140288404FEA98029B69DDE903019847054600282E
S21402885065D118F003025FD028F00305049B2B4471
S2140288600493039B1D444FF0FF33049915A81593F8
S21402887014F041FBE36B2846012215A99B69984731
S2140288800A9B05460493002D86D0039B99E7039D19
S2140288904246E8E7039B0A9307F120031193FB7D08
S2140288A078689BB13D7E00230C9AD9B28D4211D9CD
S2140288B0119903F1010C31F83310914226D907EBD6
S2140288C0C3030699D8690A44104403E00C9B069A2F
S2140288D013441844E36B012215A95B699847159B5C
S2140288E0012213A913930C9B0A9804330C93E36B8F
S2140288F09B699847039B0A9A054643449B1A042B96
S21402890007D978B9134604330A93C8E7521A63465E
S214028910CBE70A9B0393B6E70A9B04933CE70A9BC2
S2140289200493B2E70A9B0393AFE73B4E04F10803B6
S21402893003932368079A606CA2EB030ABAFBF0FA69
S21402894000FB0A3013F0C7FDE16A8046204613F0AA
S21402895028FAA26A82424AD0626CD9F80830511EBE
S2140289602568E0620B40216B891A0B4423630D9B3A
S2140289705D1BB5FBF2F5AA4536D1079BB3EB080A99
S21402898012D0E36B4FEA9A0241469B699847E36A24
S214028990079A834653440398DA46E362236B9B1A8C
S2140289A04344236313F035FC2368616CE06B01FBE0
S2140289B0053113F005FD204613F036F9204613F074
S2140289C034FA2063BAF1000F11D03A69616CD31DF4
S2140289D01439B3FBF1F3013302EBC3029042A8D27F
S2140289E0304619B0BDE8F08F4FF0000ADCE73A696E
S2140289F0616CD31D1439B3FBF1F3013302EBC302EE
S214028A00236B9342BFF4F6ADEAE7044EE8E72E4640
S214028A108CE700BF841D002023E000F006E000F093
S214028A202DE9F3471E46436904468846B342174675
S214028A309DF828903DD300258DF80750D4F830A035
S214028A40204613F0BDF882450AD2236AB5EB430FDF
S214028A5006D200220DF107012046FFF7DFFB30B3F6
S214028A609DF80730012B05D100220DF107012046A3
S214028A70FFF7D4FBB9F1030F06D0256B314620462B
S214028A8013F089F8854218D30D4D4FF0FF31284672
S214028A9000F0FAFC4B46002229462046C5F8008024
S214028AA0C5E9037602B0BDE8F047FFF78BBD013596
S214028AB0C4E7044802B0BDE8F0870348FAE700BFFF
S214028AC0581D00200FE000F006E000F0032A2DE912
S214028AD0F34106460D4617461C4606D1237A012B5D
S214028AE023D0012002B0BDE8F081DFF860800DF1EE
S214028AF0070309684246FFF7A9FA60600028EDD12D
S214028B009DF80720237A032AE8D0D8F804106A686A
S214028B109142E3D1012B2969D4F80CC007D10CEBA2
S214028B2001037269934202D92074207CDAE7083185
S214028B303B46012230466144E1602946FFF742FD8A
S214028B4060600028CAD00020CCE700BF581D002075
S214028B502DE9F341089C032A1746266806D1237A94
S214028B60012B24D0012002B0BDE8F081DFF890800E
S214028B700DF1070330464246FFF768FA60600028A8
S214028B80EDD12568D8F80400A96AD5F844C0484053
S214028B90227ACCF100031840E1D1012A09D1E26819
S214028BA0D8F8103013447269934202D92074207C9C
S214028BB0D9E72868EB6A1B1A081AB3FBFCF3B0FB6A
S214028BC0FCF083420BD1706CF36A421E1340326B88
S214028BD0121A28461344336313F0E3F8E862D8F80F
S214028BE01020E36808320649206813440122E36035
S214028BF03B46FFF7E7FC60600028B0D00020B2E7F3
S214028C00581D00202DE9F04F4FF0FF334FF6FF724C
S214028C10002500F10806044687B0C3620F460562C7
S214028C200563C0E90923304613F0F3FA204612F032
S214028C30FBFF28BB2046394613F076F8204612F092
S214028C40F3FF28BB8A4D204613F022F9ECE0E26BD4
S214028C5001A92368606CD2F814C0052200FB053017
S214028C60E04701A813F007FC012828D12946204630
S214028C7013F02BF8421C2946204612F0F4FF013569
S214028C80E3699D42E3D3204612F0CEFF0028D1D0FE
S214028C9000254FF0FF394FF6FF73CA46A846C4E9CF
S214028CA00853E369984514D3A5EB0905012D37D877
S214028CB0636A4FF6FF72934247D16E4DC3E713F0D5
S214028CC004FC0028DBD02946204612F0FEFF0246AE
S214028CD0D1E7236801A9E26B606C5769052200FBA5
S214028CE00830B84701A813F0C6FB834601A813F064
S214028CF099FB0746584613F0E3FB70B15745236AC3
S214028D00BA4638BFC4F82480B94503F1010328BF28
S214028D10B946BD42236238BF3D4608F10108C0E7A6
S214028D204FF6FF7300256362E3699D42C0D2676C0B
S214028D300522206801A9E36B07FB050001355B6984
S214028D40984701A813F06EFBEEE7E26B01A9676C89
S214028D5020685569052207FB0300A84701A813F0FF
S214028D6061FB626A2368606C434D00FB023013F0BD
S214028D70B2FB4FF0FF33A0622A46E3626FF00101B6
S214028D800DF103032046FFF761F9002850D1AD68C4
S214028D9029462046E56212F023FF206320B9E16AE5
S214028DA0204612F0FEFFE0622946204612F0F9FF46
S214028DB00546A36A9D423DD165692046626CE91C60
S214028DC0143AB1FBF2F105EBC1050335B5FBF2F53A
S214028DD0023513F05DF88046A8423DD2616A20460D
S214028DE012F052FF0027064604F1400A474512D306
S214028DF0626C01A9236802FB0639E36B05225B69F4
S214028E004846984701A813F00DFB534602464946CA
S214028E10E06B13F062FB01373146204612F034FF56
S214028E20AF420646E2D3154D284607B0BDE8F08F9E
S214028E30A56AADE72946204612F0D2FE236B074606
S214028E40294603442046236312F0ABFF0546002F53
S214028E50AFD1C4E90B07ACE73046002513F0D9F9C9
S214028E600023074A20461946FFF79CF9EBE600BFA7
S214028E7003E000F016E000F0581D002013E000F0BA
S214028E80E3BE0300634A00232DE9F04117680E464D
S214028E900446136018B9604D2846BDE8F08190F884
S214028EA034500DB309680268914240F0AA80716896
S214028EB04268914240F0A580B1688268914240F0D3
S214028EC0A080F168C268914240F09B803169426995
S214028ED0914240F09680B169C26B914240F0918017
S214028EE072691D468261D7E750222946D0F838803B
S214028EF014F028F8336804F10800C4F838802360B8
S214028F0073686360336963617369D6E90212A361A9
S214028F1013F091F9B36904F14000E3639B68984744
S214028F2094F8432020B1E561002AB4D03B4DB3E764
S214028F30656C002DF7D06668B6FBF5F3E361002A90
S214028F40A9D0B542F2D82268B2FBF5F105FB112290
S214028F50002A58D105FB1363002B54D1204612F089
S214028F602FFEA369043303449E424ED3636940F640
S214028F703472CC3B93424AD8B5F5007FD6D3032150
S214028F80204612F046FEE36BD4E900011B689847C0
S214028F90E36B05460220DB6898471DB1002384F880
S214028FA034301EE039462046FFF72CFE1C4B0546A1
S214028FB0984204D139462046FFF724FE0546636CE4
S214028FC0143B002DEAD1226A204602FB03F612F079
S214028FD0F7FDA369043303449E4206D284F8345054
S214028FE0104DE06B12F0D8FF56E70F4A012384F8C3
S214028FF0343013680133D4E90001136008F074FCBE
S214029000EFE70A4D48E70A4D46E7064D44E7094DA5
S21402901042E700BFEC26002009E000F004E000F082
S21402902013E000F002E000F0E826002008E000F07E
S21402903001E000F005E000F02DE9FF410F46904602
S2140290401E46054698B390F8343093B3B1F5801FA8
S21402905031D21A4C022112F0DCFD0DF10F0322462A
S21402906039462846FEF7F2FF024678B10123424609
S2140290703946284600933346FFF7D2FC0446E86B8F
S21402908012F08AFF204604B0BDE8F0819DF80F304A
S214029090012BEBD12169B142E8D100934146334618
S2140290A02846FFF79BF904460028DFD1E7E7044C81
S2140290B0E8E7044CE6E7044CE4E700BF2C1D00207A
S2140290C009E000F007E000F00AE000F02DE9FF41B9
S2140290D00C4616461F46054688B390F8343083B3CE
S2140290E0B1F5801F2FD2DFF87C80012112F091FDAE
S2140290F021460DF10F0342462846FEF7A7FF044617
S21402910070B99DF80F30012B11D1D8F81030BB4240
S21402911013D10246009031462846FFF75FF904460F
S214029120E86B12F039FF204604B0BDE8F081074C28
S214029130074A022B08BF1446F2E7064CF0E7064C35
S214029140F1E7064CEFE7064CEDE700BF0BE000F058
S2140291500CE000F011E000F009E000F007E000F09B
S2140291600AE000F02C1D00202DE9F04385B00C46E5
S21402917017461E46DDF830800546A0B390F8343018
S2140291809BB3B1F5801F32D2DFF88090012112F036
S21402919040FD21460DF10F034A462846FEF756FFCC
S2140291A0044688B99DF80F30012B14D106EB08034C
S2140291B0D9F810209A4214D30090434632463946D4
S2140291C02846FFF70BF90446E86B12F0E5FE204648
S2140291D005B0BDE8F083074C074A022B08BF1446C9
S2140291E0F2E7064CF0E7064CF1E7064CEFE7064CD2
S2140291F0EDE700BF0BE000F00CE000F011E000F03D
S21402920009E000F007E000F00AE000F02C1D002064
S2140292102DE9F3411F4600230C46164605463B60E1
S21402922050B390F834304BB3B1F5801F28D2DFF834
S2140292306480012112F0EDFC21460DF1070342463F
S2140292402846FEF703FF0446A0B99DF80730032B15
S21402925010D0022B0AD10123336004233B60E86B53
S21402926012F09AFE204602B0BDE8F081D8F810301F
S2140292703060F3E7034CF2E7034CF3E7034CF1E705
S214029280034CEFE70BE000F009E000F007E000F027
S2140292900AE000F02C1D002030B50C4685B00546CD
S2140292A028B390F8343023B3B1F5801F23D20221BD
S2140292B012F0AFFC0DF10F03104A21462846FEF7C6
S2140292C0C5FE034688B99DF80F20032A0DD0032257
S2140292D02146009202462846FFF7A2FB0446E86BA8
S2140292E012F05AFE204605B030BD054CF7E7054C95
S2140292F0F8E7054CF6E7054CF4E700BF2C1D002006
S2140293000BE000F009E000F007E000F00AE000F0F1
S2140293102DE9F0414668002E46D005684FF0000C55
S214029320A846AE4655F83C400CF1010CC4F31307B0
S214029330013401D0B94218D0B4450EF1080EF1D16D
S2140293402F46002403E0B44207F1080713D055F86D
S21402935034C00134BCF1FF3FF5D1C1F313017A608A
S21402936041EA03513960BDE8F08141EA0353CEE990
S2140293700032BDE8F081032B16D0002403E0B4428D
S21402938008F1080810D055F834700134C7F30757AF
S214029390032FF4D1C1F31301C8F8042041EA0353A2
S2140293A0C8F80030BDE8F08101230372BDE8F08101
S2140293B02DE9F043476883B0C7B106468846914612
S2140293C000243368304653F8345003EBC4030134A8
S2140293D0C5F30752C5F31301013505D05B68CDF816
S2140293E00090C04710B17768BC42EAD303B0BDE82C
S2140293F0F08300BF73B5012A044622489DF8185030
S21402940000EAC11123F07C4007D9961E012E28D906
S214029410073303F07F03194308E09DF81C300A4324
S214029420DB0603F0C053134343F060410023C4E954
S21402943000108DF80730B5B1202221460DF1070045
S21402944012F0A0FF1A220DF10700211D12F09AFF5A
S21402945063689DF80720082043EA8263636002B0CF
S21402946070BD1143E2E71B220DF10700214612F000
S21402947089FF23689DF80720042043EAC26323601D
S214029480EDE700BF80FFFF0738B5094B0D46002108
S21402949004461A6813F056FD00234FF0FF3223618C
S2140294A0A260E3822383A376C4E9002538BD00BF09
S2140294B05CE103000138C0B205289ABF014B185C74
S2140294C00120704744E903002DE9F0410E46596831
S2140294D088B007461546490A0024012922464FEA63
S2140294E0510104F10104F8D8DC78520399784FF060
S2140294F0000824031B88C9020DF1070004F48054F7
S214029500C3F30A0301F4006192B28DF807800C439C
S21402951002A923449C18254B1B22039325F078436B
S214029520ED436FEA0444029312F02CFF9DF80720E5
S21402953025F07845029B02A90DF10700029543EA41
S214029540C2631B228DF807806FEA1444049312F05C
S21402955019FF9DF8072007A9029B06F11000079441
S21402956043EAC263012205934FF0FF330693BB69B9
S21402957098470446BB6905A9012206F108009847E8
S214029580404518BF0446BB6904A90122301D98470E
S214029590404518BF0446BB69012203A930469847D6
S2140295A0404508BF204608B0BDE8F08101009AB2E7
S2140295B01046044A1368591E033102D8002111606E
S2140295C018477047CC0B0020034B1868034B002843
S2140295D008BF1846704700BFF026002074E9030053
S2140295E0014813F0DBB800BFF826002013B50B4C79
S2140295F00229226005D10A4813F0D0F8002002B0F2
S21402960010BD0A4600930146064B054813F0A8F81B
S214029610003818BF01204000F1E700BFCC0B002045
S214029620F8260020B1950200014813F0CAB800BF20
S214029630F82600200021014813F0E5B8F82600209D
S21402964008B5064B1B68013305D0FFF7EDFF80F027
S2140296500100C0B208BD0020FCE700BFCC0B002012
S214029660F8B50D4610B900242046F8BD0E4F3E68E8
S214029670002EF8D100F0A2F804460028F3D0386095
S21402968000F0E8F8204612F073FF38B130463E602C
S21402969000F0E0F8204612F066FFE4E7002DE3D083
S2140296A02046A847E0E700BFF4260020024B1868D1
S2140296B0003818BF01207047F426002038B50C4643
S2140296C001F088FFA3780B4A13705A1E5542554183
S2140296D0A8420CD0012B04D02846BDE8384001F041
S2140296E05BBF204601F02AFF0028F5D038BD0020D7
S2140296F0FCE700BFEE2B00200021024B08465B6809
S214029700184700BFE00B002010B50446FFF75CFFC9
S2140297100C4B1A1A53425341A34201D1012010BDE9
S214029720094B1B683BB9094A064B002C08BF134677
S214029730074A1360F2E713F021F90028F3D000205D
S214029740EDE700BF4CE90300F426002074E90300AD
S214029750F026002010B513F002FA044618B9034B9F
S21402976001215B689847204610BD00BFE00B002031
S21402977010B513F0FDF920B9BDE81040014B1B6887
S214029780184710BDE00B002010B512F06CFF20B990
S214029790BDE81040014B1B68184710BDE00B0020C7
S2140297A0431E033306D8044B984228BF1846642843
S2140297B038BF6420704700BF40420F00F8B5054628
S2140297C008F07CF907460F4B1E6826B9384608F0A3
S2140297D079F9344611E0B4688CB194F810C01CF0E4
S2140297E0010F0CD14CF0010C95E80F0084F810C064
S2140297F084E80F00384608F065F92046F8BD36685A
S214029800E3E700BFD40B002038B505460C4641B14D
S2140298100B6833B11B68013303D0CB680BB18B687E
S2140298204BB913F05CFABDE838404FF4927241210E
S214029830002000F0C9B9084602F09CFE0023044A44
S21402984085F81031C5E93043C2E9003338BD00BFA0
S214029850C80F002010B5044618B9054B054A136018
S21402986010BD00F0E5FED4F8CC30002BF6D1F4E7BC
S2140298704FC50300D00B002010B50C4600F016FFB3
S214029880054B002103205B6898471CB102F02EF8B6
S2140298900128FBD110BD00BFE00B002008B5024630
S2140298A00868FFF77DFF08604868FFF779FF4860A1
S2140298B08868FFF775FF8860C868FFF771FF0B6955
S2140298C0C860581C03D00B48834228BF03460B616E
S2140298D04B69581C03D00748834228BF0346886951
S2140298E04B61FFF75DFFBDE808408861104601F056
S2140298F0A9BD00BF40420F002DE9F84FD0F8C43092
S21402990006460F4613B1038B8B4244D0D6F8C0B03E
S214029910BBF1000F42D0DBF80830002B3ED0DBF85C
S2140299200C1000293AD0D6F8D4A0BAF1000F38D0DD
S2140299304FF000094D46C84601E0DBF8083005EB5B
S214029940C50203EB8204E3890135BB4214D8238A9D
S214029950BB4211D3B4F91220B6F92430934250DD3B
S214029960304696F80411EBF751FD737D814683422B
S214029970A04606D9DBF80C108D42DED3B8F1000FF4
S21402998039D00023424630461946D0473783C6F8B8
S214029990C48086F80D910020BDE8F88F0320BDE84C
S2140299A0F88FD14647F6FF755446524604EBC40874
S2140299B003EB8808B8F80E30BB4216D8B8F8103059
S2140299C0BB4212D3B8F91220AA4202D14FF0FF09C5
S2140299D0DCE7304696F80411EBF718FD737D8146F6
S2140299E08342D3D94246DBF80C100134A14204D993
S2140299F0DBF80830DAE70120CEE7002AFBD09046F3
S214029A00C4E7A046BDE700BF2DE9F04782B0044692
S214029A108946164601F018FF002847D13B4D2B68B1
S214029A20D4F8C0A0D4F8C4700BB153454FD04FF051
S214029A300008C5F8089001F059FF01283AD12B68B2
S214029A40DAF800103A6813B1186888424AD02046FD
S214029A5013F052F8C5E900A7D4F8D4508DF8076081
S214029A60002D46D00022204611460DF10703A847D6
S214029A70204601F0A3F90546B8F1000F00D08EB1DA
S214029A80B5FA85F040F2DE323321400900F09CF848
S214029A903146204601F09AFB1D4B054639462046C4
S214029AA01B689847284602B0BDE8F0870023174D8A
S214029AB06B60B4E7012000F0F9FD164B002103208D
S214029AC05B68984701F012FF0128FBD1B7E76B6885
S214029AD0002BACD0BB42AAD1AB68994514D04FF04C
S214029AE00108A6E7696811B109689142B2D05968BF
S214029AF0ADE7617D94F80D313246994228BF19468A
S214029B00204601F0E1F8B3E70025CBE7C80F0020B6
S214029B10D00B0020E00B0020F8B50E46054607F0F5
S214029B20CDFF314607462846FFF7E6FE044620B13B
S214029B30384607F0C7FF2046F8BD01F06DFE224604
S214029B4031462846FFF760FF0446384607F0BAFF5C
S214029B502046F8BD13B50446694612F0BBFD204602
S214029B6012F03FFFFF28024606D020469DF800105E
S214029B70EBF7C4FC02B010BD0048FBE70080FFFF15
S214029B804FF4007307B50A490DF10602ADF8063028
S214029B9012F0BCFDBDF80630B3F5007F05D10228F1
S214029BA008BF002003B05DF804FB0120FAE700BFFF
S214029BB010270020024B1960024B1860FEE700BF18
S214029BC0D80B00201029002008B550B90548064BCE
S214029BD001601A60054B1A68054B1A601868FFF791
S214029BE0E9FF08BDD80B002014290020F426002027
S214029BF010290020054B1B680BB918467047834294
S214029C0001D01B69F8E70120704700BF1C2900201D
S214029C10094A13680BB918467047834207D11B6975
S214029C2001201360054A1368013B1360704703F175
S214029C3010021B69EEE700BF1C290020182900202D
S214029C402DE9F74F064607F040FFDFF8288101238B
S214029C5098F800B0DFF820910190BBF1000F06D013
S214029C6089F8003003B0BDE8F04F07F034BF3F4F2D
S214029C7088F8003089F800B012F013FE08B112F02E
S214029C800EFE3D683A495DB9DFF8F0A0DAF800202A
S214029C900024AA423B682FD84FF0FF3134483BE0FD
S214029CA06B7D8BB12B68B34202D09A1B8A420BD9CA
S214029CB06A6813442B60AB68003A18BF0122003B67
S214029CC018BF01236A75AB752D69DCE7907D20B15C
S214029CD0107D88429CBF014614461269002AF5D1BF
S214029CE0002CD9D0D4E90001A275411AD4E9023277
S214029CF0204698470135C9E71A46FF21EEE75A7D06
S214029D004AB11A68B24224D0921B824221D89142AA
S214029D1001D311461C461B69002BF0D15CB12046CC
S214029D20FFF776FF38B13B683C602361DAF8003013
S214029D300133CAF800303B685A7D6AB912F0ADFDAD
S214029D40064699F80030002B94D1019888F8003026
S214029D5088E71C460021DEE7186800F0D3F80446C0
S214029D6012F09BFD0646002C84D1EAE71C2900204F
S214029D70FCFFFFBFF02B0020EF2B0020182900204D
S214029D8038B5054608B31822002113F0DBF807F0B1
S214029D909CFE02462846FFF72DFF20B1104607F02C
S214029DA09AFE022038BD0A4B1C6854B909491D6048
S214029DB00B68104601332C610B6007F08CFE2046C0
S214029DC0F0E704F110032469EFE70120EAE700BF99
S214029DD01C2900201829002038B50446FFF70AFF80
S214029DE007F073FE05462046FFF704FF637D23B99E
S214029DF0284607F070FE032038BD00236375064B25
S214029E001B68A34203D112F048FDFFF719FF28464C
S214029E1007F061FE0020EFE71C2900202DE9F84F2D
S214029E20DDF82890984604460D469246FFF7E2FE75
S214029E30DDF830B007F049FE074612F02EFD064662
S214029E402046FFF7D7FE637D23B12046FFF7C4FF07
S214029E500023A375BAF1010F23D175B9B8F1000F2B
S214029E6021D1B9F1000F03D05A4631462046C847E1
S214029E70384607F030FE002019E035440D4BAA1B89
S214029E809A4210D8012363759DF82C303046C4E9F7
S214029E900058C4F808902375C4F80CB0FFF7D0FE3B
S214029EA0E6E7AE42EAD1384607F015FE0120BDE8E5
S214029EB0F88F00BFFCFFFFBF2DE9F041074688463A
S214029EC0FFF798FE07F001FE3D68064612F0E5FC35
S214029ED07B7D7BB185420DD0094B2C1A9C4209D85A
S214029EE0304607F0F8FDB8F1010F08BF25462846B0
S214029EF0BDE8F081304607F0EEFD0025F7E700BF2B
S214029F00FCFFFFBF08B50023044A194600F086FD91
S214029F1010B1012818BF032008BD00BF65C80300A2
S214029F200E232DE9F74F06460F46144600254FF03E
S214029F300609DFF854801370EBB209FB03F3D8F876
S214029F400010CA185079012807D92078A0F10E030C
S214029F505842584103B0BDE8F08F31F903B0117989
S214029F60B2F902A030460022019112F05FFC01997C
S214029F7008B90135E0E72170B7F900305B45F8DB38
S214029F805345F6DC0020E5E7DC0B0020014912F021
S214029F908ABC00BFFDBA0200014912F084BC00BFB1
S214029FA0D1BA020070B5164E032804460D46337821
S214029FB01ED023FA04F202F00102AA421DD053B1C7
S214029FC00122A240A54023EA02032B43DBB23370F0
S214029FD04BB1012070BD2DB10A4B01201B6898477A
S214029FE03378EDE73570074B00201B689847F0E79B
S214029FF09A07DED003F0FC03E9E7002070BD00BF3D
S21402A000F22B00205C290020F8B505460C4607F026
S21402A01055FD104F06463B7833B1012D04D01CB9CE
S21402A0200D48EEF773F93C7021462846FFF7BAFF53
S21402A0300A4B04461B783BB93B782BB912F08DFDD0
S21402A04010B1074B1B689847304607F03BFD204689
S21402A050F8BD00BFF32B002030290020F22B002091
S21402A060E00B0020054A0B46117831B10021117031
S21402A070034A01215268187810477047F32B0020D4
S21402A080E00B002038B5074D04462B78834207D0F4
S21402A09001F016FC20462C70BDE83840EDF7ACBC4B
S21402A0A038BD00BFF12B002038B5044680B107F05A
S21402A0B005FD012104460846EDF740FC01210B4A46
S21402A0C0084608F00FFC2046BDE8384007F0FABC08
S21402A0D007F0F4FC054621460120EDF72FFC01208F
S21402A0E02146024A08F0FEFB2846EDE7BAE90300DD
S21402A0F01B4B022910B5187002D0032904D010BDDC
S21402A100184B1B78002BFAD1FFF7D0FA0028F6D0AE
S21402A1104FF00052144BC3F88020BFF34F8FBFF3AB
S21402A1206F8F01F0A5FB0028E9D001F017FA00288E
S21402A130E5D10E4B1C6834B123689847BDE8104041
S21402A140002001F0B1BB12F007FB094B186008F0C3
S21402A15052FC084B1860204601F092FBEEE700BF67
S21402A160310D0020F12B002000E100E07C290020C8
S21402A170582900205429002038B504460D46FFF71A
S21402A18095FA80B14FF00052124B1A6001F070FB44
S21402A19048B9012D07D8012001F086FB0E4B1B683B
S21402A1A023B15B6898470D4B1C7038BD08F023FC42
S21402A1B00B4B1A68801A1860EEF7E8F94FF47A72B9
S21402A1C0084B1B6802FB003012F0C8FA012001F0AF
S21402A1D057FBE8E700E100E07C290020310D002073
S21402A1E05429002058290020F0B585B007F066FCF7
S21402A1F0304D04462B7823B12F48EEF787F8002817
S21402A2004BD1EEF70FF902AA03A912F090FC03460F
S21402A210002833D012F09FFC029B98421ED10020E9
S21402A220264B03991B68264E9942307022D9002786
S21402A230C91A012320482B70224A3346CDE90077FB
S21402A24008F090FB002830D11F4A1378D90718D49B
S21402A250204607F037FC002005B0F0BD12F079FC6E
S21402A260029B98421FD0002318461449144A0968D4
S21402A270137003910121FFF795FEE9E720462B7044
S21402A280E7E731780029E3D103F0FE031370002BD1
S21402A290DED10E4B1B689847DAE7204607F012FC21
S21402A2A0032005B0F0BD0220BAE7032320462F7034
S21402A2B03370F3E7F32B00203029002050290020CA
S21402A2C0300D002065A00200F22B00205C29002041
S21402A2D070B507F0F3FB164D04462B780BBB154AF8
S21402A2E015491370154B164A16481A60164A174E29
S21402A2F05A60EDF7B5FB16491648EDF7B1FB164B5B
S21402A30080203360EAF77EF8052804BF134B3360DB
S21402A310134B5B6F9B0542BF0222124B1A6001234E
S21402A3202B70EDF7E1FE204607F0CCFB002070BD57
S21402A330F42B0020F32B0020C0E90300E00B0020E2
S21402A340E9A102002029002009A002005C290020C1
S21402A350C8E903002829002085A00200A9A002005F
S21402A360004000505029002037B50C46234D59B9FD
S21402A3700A46072105F034FD214BAC645C6003B04D
S21402A380BDE8304005F04ABD0722114605F028FD1B
S21402A39007221C4B0121DA60237901A885F8483090
S21402A3A06379019312F083FD019BC2B2D34000F0A1
S21402A3B00F0040EA031085F84900A27985F84A2082
S21402A3C0E27985F84B202068E86401939BB101216D
S21402A3D002888B4208D82379013B13440A4A136247
S21402A3E005F01CFD03B030BD30F811500131AA4211
S21402A3F028BF2A46EDE71A46EDE700BF003F00B049
S21402A400483F00B0006000B8004000B810B5054CE8
S21402A410237823B103F03CFB0020207010BD0320FC
S21402A420FCE700BFF62B002008B503F0FFFA012276
S21402A430014B00201A7008BDF62B0020431C07D0E3
S21402A4406FF0FF02034B10405A62A3F58053586226
S21402A450704700BF00E000B810B504234FF03A4141
S21402A46001240A4AD1F81801C2F81831C2F8143188
S21402A4704C634FF400511163410742BFC2F81431D6
S21402A480A2F58052C2F8183110BD00BF002000BAF3
S21402A49000F01803182B0AD003070AD440F201135F
S21402A4A010F0100018BF1846034BD86770470020FC
S21402A4B0FAE70120F8E700BF003F00B0344B2DE971
S21402A4C0F7431E6801F4007900F00103174653EAC9
S21402A4D0090205460C462ED04FF0000803B30023AF
S21402A4E0002201200021CDE9008804F0B9FA414695
S21402A4F0304603F053F8414670830120FFF7BCF95B
S21402A500716B06F1D80003F0C3F822490868FFF71A
S21402A51095FF4FF0FF330B60337C43F00403337434
S21402A520B9F1000F07D00121304612F0D7F824F413
S21402A530007405430C43D6E94A232A40234052EAD4
S21402A540030103D01449304609688847FB070FD534
S21402A5501249134A08680021136811600121114A42
S21402A560117003B19847104B002102205B68984790
S21402A57017F00E0F08D040F2F3123B21002003B072
S21402A580BDE8F043FFF720BB03B0BDE8F08300BF91
S21402A590F4260020E80B0020EC0B00207029002097
S21402A5A074290020F82B0020E00B0020F7B50446A3
S21402A5B01046D4E94AC7DDE908268CEA020587EA8E
S21402A5C006010540194085EA0C057940C4E94A515E
S21402A5D0002523F4004106EA010320F0010043F4BB
S21402A5E00073024043F00203CDE9005504F038FA46
S21402A5F0237C9A0717D5D4F82C319B0513D54FF434
S21402A6008811204612F06AF8237C65F3410323740E
S21402A610D4E94A2302400B4052EA030103D003491D
S21402A620204609688847002003B0F0BDEC0B0020E6
S21402A63038B10368044A002B08BF1346034A136066
S21402A6407047014BFAE700BF4BC90300EC0B002032
S21402A650024B986E00F00F00704700BF003F00B03C
S21402A6600F2938B505460C460ED801F03FF90128E9
S21402A6700CD1074A2846936E23F00F0323439366B2
S21402A68012F086FA002038BD0120FCE70220FAE725
S21402A690003F00B0014BD86E704700BF003F00B0CD
S21402A6A0014B0020D9667047003F00B003282DE911
S21402A6B0F7434CD8274B13F80080274B1E5C274BDA
S21402A6C013F8009007F0FAF9074604F097FB0546E0
S21402A6D040B100230022CDE90033012000230021EF
S21402A6E004F0BEF904F092FB48B100230022CDE943
S21402A6F00033002000234FF4004104F0B1F926B3E2
S21402A700174BDC6C04F00804164B3146DC644046FA
S21402A71004F08AFD4A463146404604F00FFE124BCC
S21402A720DC6465B1114B1868416BD83002F0B0FF9B
S21402A7300F490868FFF782FE4FF0FF330B6038467A
S21402A74003B0BDE8F04307F0BDB93446DCE703B01A
S21402A750BDE8F083D8E90300D4E90300D0E903009A
S21402A760004000B8006000B8005000B8F426002090
S21402A770E80B00200F4A136C13F0A00F15D1506C93
S21402A78010F0040013D10C4BD3F8EC3E23F07F43B9
S21402A79023F0FF035BB1D368C3F30362092A07D031
S21402A7A0B2F10C0018BF012070470020704701204C
S21402A7B0704700BF000002B8003000B070B5044613
S21402A7C00D4616462BB1FFF747FE2946204601F0F6
S21402A7D087FA4FF03A420124D368D26A03F007039D
S21402A7E006339C40C2F30C03E41AA4B2B44228BF58
S21402A7F0344629462246024801F0BCFB204670BD7C
S21402A8000C0000BA70B50D46064620B9194B1B68F7
S21402A810A3B1032011E001F069F8012828D1164BF4
S21402A82093F90040C4F12704641BC4F11C03002BF7
S21402A830B8BF5B42232B0CDD012070BDA1F10B03D8
S21402A840002BB8BF5B42232BF6DC0B4B19700020A3
S21402A850F3E7B57407F032F9084AE402136A04F41F
S21402A860FF2423F4FF231C43146207F02BF9EEE7C0
S21402A8700220E2E7F4260020F52B002000C000B8F4
S21402A880094B08465A6A91020BD4D3F80021D20724
S21402A89008D4D3F8803013F4706F14BF0120002060
S21402A8A070470120704700BF004001B8F8B50D465A
S21402A8B0436B02EA010423EA0103234343633D4A4E
S21402A8C001F00B0323EA0401D1642340A2F580526F
S21402A8D06F070646D36410D50121FFF7D1FF60B19A
S21402A8E004F044FC4FF4007314F0040F14BF324A11
S21402A8F0324A53620422324B1A64E90606D514F031
S21402A900100F14BF00221B222E4B5A652A061DD595
S21402A910230616D54FF40012274B1A62012203F5BE
S21402A9208053C3F8002107F0C9F80E21074603201A
S21402A93002F0FAFD40F20122224B3846DA6207F0B4
S21402A940C1F8214606F1D80002F0A2FEEF0503D5B3
S21402A950E00529D502F0B8FDA90503D5A20526D53E
S21402A96002F0BEFD15F0600F09D0D6F8C8103046CA
S21402A97011F0ECFF8022144B9867144B1A612B05DA
S21402A98010D504F0F3FB124A14F4006FD2F8EC3E32
S21402A99014BF43F0006323F00063C2F8EC3E0422C7
S21402A9A0074B1A640020F8BD02F088FDD4E702F0D7
S21402A9B091FDD7E7006000B8005001B8006001B80A
S21402A9C0002002B8004000B8003F00B0000002B805
S21402A9D0003000B0014B1868704700BF6C29002099
S21402A9E037B5012300240022CDE9003400231046A7
S21402A9F0194604F035F8022002F010F9054D064B10
S21402AA0021461C6002206B6898472B6803B0BDE89D
S21402AA1030401847E00B0020742900202DE9FF4142
S21402AA2002290C4615469846039005D1FFF7D8FF33
S21402AA30002004B0BDE8F08107F040F8184E074643
S21402AA4033683BB1AB4205D007F03CF80023012047
S21402AA503360EEE7134B0022C3F800800123356013
S21402AA60CDE90033002300251046194603F0F8FF0F
S21402AA700D4B02201D7002F0D1F822462B4603A988
S21402AA80022002F0E9F80446084B039A1A60084BC3
S21402AA901B689847384607F015F8002CC8D1D5E74A
S21402AAA07429002070290020F82B00206C29002031
S21402AAB0E00B0020044B5B6E5B054EBF0120034B90
S21402AAC0187800F00100704700C001B8F82B00208B
S21402AAD0014B186A02F03ABD004001B8014B186AF1
S21402AAE012F07FB9004001B8437C5A1F012A01D9EF
S21402AAF0082B05D14B7C2BB1012B05D0022B05D0A0
S21402AB0011F04FBF0248704702487047024870472C
S21402AB1020A1070048E8010040420F0070B50E462B
S21402AB2006F0CCFF054600F005FF044620B1284695
S21402AB3006F0C8FF204670BD04F018FB104B3278B2
S21402AB40D3F8EC3E022A23F0F00315D0101F42423F
S21402AB504241520043EA02137278022A0ED0111FB3
S21402AB604A424A41520043EA8213054AC2F8EC3E80
S21402AB700422044B1A64DAE70122EBE70122F2E729
S21402AB80003000B0002002B870B50E4606F096FF00
S21402AB90054600F0E5FE044620B1284606F092FF80
S21402ABA0204670BD04F0E2FA104B3278D3F8EC3E41
S21402ABB0022A23F00F0314D0101F424242415200D1
S21402ABC013437278022A0ED0111F4A424A4152009B
S21402ABD043EA8203054AC2F8EC3E0422044B1A6496
S21402ABE0DBE70122ECE70122F2E700BF003000B00B
S21402ABF0002002B82DE9F8430E780446042E0D46CE
S21402AC0090F804810BD100275FFA87F9484601F0D5
S21402AC10FFFC08B14E4602E00137042FF4D130465D
S21402AC2001F0F6FC002845D094F80431B34208D16E
S21402AC30AA88A36C9A4204D16A88B4F806319A426A
S21402AC4035D084F80461AB883046A4F808316B88A6
S21402AC50A4F80631AB8804F58275A364FF23A375B6
S21402AC6012F043F86075284601F092FC18BB28469D
S21402AC7001F0C4FCF8B9D4F8C43053B194F8041106
S21402AC80414506D02046B3F91220EAF7BFFB84F806
S21402AC900D01204601F0FEFC0949A4F80801012333
S21402ACA0084AD1F8FC1004F1D80003F0C7FC0020D3
S21402ACB0BDE8F88301200E2384F80431F8E700BFCC
S21402ACC0004F00B0A43F00B070B5054690F80401EE
S21402ACD00C460E281DD0FF291DD01AB14FF0FF32A8
S21402ACE00E4B1A6012F001F8064695F8040101F0C0
S21402ACF0C3FC844228BF0446E4B2B44238BF34469A
S21402AD00E0B2A87501F0BAFDA0F1FF03584258411F
S21402AD1070BD0220FCE70120FAE700BFF00B00201E
S21402AD2010B590F8043104460E2B3ED0D0F8C4304D
S21402AD304175BBB3D0F8D420DAB990F80D318B4206
S21402AD401DD300222046FFF7BFFF88B9184B1B7899
S21402AD5013F0FD0F0BD1204601F09CFC1549012390
S21402AD60154AD1F8FC1004F1D80003F067FC002065
S21402AD7010BDB0F92420B3F912309A42E1DD002268
S21402AD80204694F80D11FFF79FFF0028F0D1C4F873
S21402AD90C400204611F030FC01462046BDE81040B3
S21402ADA0FEF7BABEFF238375E1E70220E0E700BFA5
S21402ADB0100D0020004F00B0A43F00B0C36B012B63
S21402ADC001D10020704770B505464D498EB011F08E
S21402ADD0C9FFD5F8C46001462C8BC5F8C80026B159
S21402ADE0336813B15B68002B5CD106F067FE06F091
S21402ADF069FE0123D5F8C8108DF80E30B389D6E95E
S21402AE000120E31A9BB200FB03223E48ADF80C3049
S21402AE1003680292994207D0284611F097FD8022D5
S21402AE2039493A4B88671A61394C384E00F05EFD54
S21402AE300128FBD1236CDA07F8D4336CDB01F5D496
S21402AE40D5F8C81028460D919DF80E20029908AB39
S21402AE5003F0E8F818BB08A901A803F0FBFAF0B95A
S21402AE602A8B2C4B5A642B7C60F341032B7411F013
S21402AE70C6FED5F8C43002465B691968431EDBB2CB
S21402AE80FD2B049114D9CC1C12D9234B01311B681B
S21402AE9015D0D81C10D8284604A904930AE002202C
S21402AEA00EB070BD1A68032A9FD99B6A5B0EA3E791
S21402AEB0284604A911F08DFE00200EB070BDD91CE4
S21402AEC004D8284604A9049311F083FED5F82C3141
S21402AED09B0504D42B7C43F002032B74ECE74FF45F
S21402AEE08031284611F0FAFBD5E94A2302400B408E
S21402AEF052EA0301E0D00949284609688847DBE799
S21402AF00FC4F00B060290020003F00B0000002B8ED
S21402AF1000C002B8008001B8FC0B0020EC0B002039
S21402AF2038B590F8105104463DB306F0C7FD1F220F
S21402AF30124B013D5A621540114A12495562D4F825
S21402AF4014518D66D4F81851CD66D1F80011C90790
S21402AF500FD54FF0FF31C3F80411216CC2F804116B
S21402AF604FF0F041C3F81011E37CDB060B40C2F849
S21402AF701031BDE8384006F0A5BD38BD006001B806
S21402AF80005001B8004001B82DE9F74F06461546B5
S21402AF90084619B9012003B0BDE8F08F002AF9D09F
S21402AFA0032904D8002101F02DFA0028F2D0B0F9C6
S21402AFB00010837800290488077990F805B0B0F865
S21402AFC006C003F00702C0F2CE80A2F10708D8F14D
S21402AFD0000141EB0801052A297394BF0021C3F33F
S21402AFE00011C3F3801069739909287401F00201F5
S21402AFF0C3F3C0000143C3F340136974AB74EF7428
S21402B000736BA5F814C0D80600F19980063A012A97
S21402B01000F29580554B4FF001095B6D4FF03A43B5
S21402B0201A6DDB6C083C03F00703063309FA03F9D2
S21402B030002309F1FF3942F0005804EA090418F81F
S21402B04004A0013404EA0904AB60631D03EA0903A1
S21402B0505A1C02EA090218F8037018F80220BAF11C
S21402B060800F737C18BFAAF1320A47EA02270CBF88
S21402B0706FF07F0A4FFA8AFA3FB2A3B30020D6F8DF
S21402B080D0300BB1514698470134E87385F80EA0CC
S21402B09004EA090418F80410013404EA090418F84A
S21402B0A00430013404EA090441EA032118F80430A2
S21402B0B0013404EA090441EA034118F8043041EA7B
S21402B0C0036117F4804305D0294BDB6EB3FA83F392
S21402B0D05B095B0030466A7C03F072FB062328603D
S21402B0E0AB71002057E7F90425D5D6F8C830ABB1C6
S21402B0F01A68022A12D993F82400C7F30B03DB005E
S21402B10008B1B3FBF0F39B45B8D8002BB6D0CBEB17
S21402B1100B20B0FBF3F0C043C0B2B0E7294630467E
S21402B120FFF7E2FC0190304611F02BFC019BB3FBCB
S21402B130F0F0C0B2E1E718F804004000ECE70023A4
S21402B1400020EB730B4BDA69C2F30723120448BFE5
S21402B15063F0FF035AB212F1800F1CBF323B5AB2A1
S21402B160AA730346BBE7022015E700BF004000B8FB
S21402B170003F00B000C000B870B54FF03A434FF43D
S21402B18080640A4DD3F818610020C5F81841C5F846
S21402B190144104F0AFF84FF400532B67730542BF17
S21402B1A0034BC5F81441C3F8184170BD002000BA1D
S21402B1B0001000BA082310B1024A13647047024A0C
S21402B1C0FBE700BF001002B8002002B8F8B504463C
S21402B1D00E4611B9037C5A0647D44FF6FF73A18B6D
S21402B1E0D4F8C870994204D0344B1B680BB1204681
S21402B1F09847334D2B68BB4254D0324B1B683BB149
S21402B2001FB13A68002A4FD0BF6839462046984791
S21402B2100727204601F03EFA002E39D004F0FEFD44
S21402B2200620294B94F9122093F900302749C3F1DE
S21402B23027039B1A0A6ADB0222F4FF2203F4FF2387
S21402B24013430B62D4F8C820214B2A60986701F09A
S21402B2507DFB002501211F4A1F4B1170204683F8F3
S21402B260845011F095FC2846F8BD4FF6FF71144D38
S21402B270D0F8C8702A6866F38613974281830374EF
S21402B28017D0104B1B68002BBAD101F003FA072720
S21402B29012493B46124AD1F8FC1004F1D80003F0DA
S21402B2A0CDF9BBE70127B4E717462046394698474B
S21402B2B0AEE701F0EFF90127EAE700BF68290020B0
S21402B2C06029002064290020F52B002000C000B869
S21402B2D0006000B8F72B0020003F00B0004F00B01F
S21402B2E0A43F00B02DE9F8430D4600F0FFFA01280E
S21402B2F0044630D1194F3B7883B92846E9F7FAF964
S21402B300054610B9E9F742FA2C463B781BB10121F3
S21402B310022003F00BF92046BDE8F8830021022044
S21402B32003F004F911F0EDFC0646DFF83490DFF87E
S21402B3303480D9F8F4331B07DFD411F0E2FC801B0B
S21402B340404541F6A2224FF045018CBF0020012065
S21402B350FEF73AFCEDE70224DDE700BFF92B0020FA
S21402B360000002B83F420F0008B5582200210648E6
S21402B37011F0E8FD1022FF21044811F0E3FDBDE8BC
S21402B380084004F04BBD00BFF03E00B0343F00B0B2
S21402B390002373B583746923C0F8E03074234FF03A
S21402B3A0FF350E26A0F8F43064230446C0E939338C
S21402B3B0C0E93B33C0E9075580F8046185644575EA
S21402B3C0C58203F02BFD2046FFF7CEFF94F912103C
S21402B3D02046FFF717FA6023114A40F6FF71D3643E
S21402B3E04FF03A42116311670E4A2946D36440224F
S21402B3F00D4B20461A64626BFFF758FA002240F2A1
S21402B400022310461946CDE9006603F029FB01F037
S21402B41013F9204602B0BDE87040FEF7B1BB00BF8C
S21402B420004000B8005000B8002002B8044BD3F821
S21402B430EC3E13F0806F14BF23200020704700BF3D
S21402B440003000B00246F8B5B0F8084100F1D80561
S21402B450FFF7ECFF0B688E68013304BFD2F8E030CA
S21402B4600B604B68013304BFD2F8EC304B60771C9C
S21402B47037D1D2F8E830CF688B607E1C38D1D2F84C
S21402B480E4600F69CE60013704BFD2F8D8700F614E
S21402B4904F69013704BFD2F8DC704F618F690137FC
S21402B4A004BFD2F8F0708F618F6947BBC0F16404A5
S21402B4B008688C61C2F8E8304B68C2E93806C2E90F
S21402B4C03B340B692846C2F8D8304B690F49C2F89C
S21402B4D0DC30D1F8FC1007230D4A03F0AFF8002049
S21402B4E0F8BD04F169031B1AB34238BF3346C2E7FC
S21402B4F004F17406361ABE4238BF3E46C1E76934C6
S21402B500241ABC4238BF3C46D2E700BF004F00B008
S21402B510A43F00B038B50446074D21462868621C91
S21402B520003818BF012002F071FA2B680020003B99
S21402B53018BF0123A37038BD7829002038B5054C02
S21402B540054B417800782568236002F0B1F900B116
S21402B550256038BD78290020E4E9030070B506F0BE
S21402B560ADFA05460B4E00F0C1F9012804D0284674
S21402B57006F0A8FA022070BDF36813F0706FF2D1DD
S21402B580F46814F08054EED1284606F09BFA204662
S21402B590F1E700BF000002B80A4B10B51B6804466C
S21402B5A073B1094B48B10121084A1A60022002F021
S21402B5B0BDFF0020064B1C7010BD01461860F5E763
S21402B5C00220F9E7782900207C290020DCE9030024
S21402B5D0F92B0020014B1878704700BFF92B00208A
S21402B5E038B506F06BFA4FF6FF710A4A13888B429B
S21402B5F003D106F067FA032038BD074C074D1B043B
S21402B6006566A4F580546366118006F05BFA002036
S21402B610F2E700BF0E0D0020006001B80000FFFF39
S21402B6202DE9F34105460F461446FFF7A3F890B1FD
S21402B630DFF8E08102F066FFD8F81430DE0740F14A
S21402B640CE8006F03BFA0646032001F00BFC38B12A
S21402B650304606F037FA0226304602B0BDE8F081E0
S21402B660D8F8143013F0060FF2D1304606F02AFA54
S21402B6705C4B4FF400612846D3F8EC8ED3F8CC6EC0
S21402B68004F0C2FB38B14FF400720121564B084653
S21402B6901A64FEF7F1F839462846FEF73DFA514B92
S21402B6A0C3F8CC6EC3F8EC8E06460028D4D12B7CA9
S21402B6B0D80601D4002C55D0C4F3400003F01CFD7C
S21402B6C0022314F4807F1FBF484A002113644FF000
S21402B6D03A420BBF444A91611364536303F046FD3A
S21402B6E04FF4806314F0040F14BF414A414A14F029
S21402B6F0400F53624FF004023B4B20461A644FF051
S21402B700400314BF3C4A3D4AC2F88830FEF7C0FEEA
S21402B710284611F06DF938B14FF4807314F0010F1A
S21402B72014BF324A304A1364A10642D54FF6FF725E
S21402B7306B8C93420FD0324A3249526E100CC2F3CF
S21402B74001120132B3FBF2F30880294A29492E4836
S21402B7501B0448665366003C18BF01242B7C64F326
S21402B76004132B74284611F010FAF0B1284611F093
S21402B7703FF9D0B14FF40031284604F045FB431C94
S21402B78003229BB2214801A911F06FFA9DF804200A
S21402B79002F00703052B9DF8053013D112070BD4D0
S21402B7A043F480731A4AC2F8D430002011F09AFA91
S21402B7B052E7FFF715FFCEE713F0040F09D19DF805
S21402B7C00630EDE703F03002202A05D113F0010F10
S21402B7D0F4E74FF48073E5E79DF80630E2E70326C8
S21402B7E03AE700BF003000B0002002B8001002B8EE
S21402B7F0005001B8006001B800D000B800E000B800
S21402B800004001B80E0D00200000FFFF0C0000BA39
S21402B810003E00B000C001B808B5094BD3F84C3161
S21402B8205A1C0CD05B000AD40320FEF73FFF4FF0F1
S21402B8308062044BDA6401225A6102229A6208BDCF
S21402B8400080E00F001002B84FF40022034B186C81
S21402B85003F500531A64C0F3C0407047000002B8F4
S21402B860014B024A1A6070476429002069A302004D
S21402B870024B586900F00100704700BF00C001B8D3
S21402B880084B5A69D10707D508B901F0A3B95B6915
S21402B890DA0706D401F090B95B69DB0701D4002809
S21402B8A0F8D1704700C001B84FF0806310B1024A69
S21402B8B053617047014AFBE7001002B8002002B845
S21402B8C0202350B1064AC2F8F433064B196C11F025
S21402B8D0020104D1032002F029BE034AF3E77047AF
S21402B8E0001002B800C002B8002002B80F4BDB6896
S21402B8F0C3F30363013B0B2B0FD8DFE803F0060606
S21402B9000C06060606080A080808022070470420E5
S21402B91070470520704703207047054B5B6913F09C
S21402B920060F0CBF01200420704700BF000002B8BB
S21402B93000C001B8094AD368C3F303630B2B08D0CF
S21402B9406FF49050184100F0010080F001004000B2
S21402B9507047106C10F48030EDD17047000002B8CA
S21402B9600C4AD368C3F30363062B07D8042BD8B25A
S21402B9700BD8C31E5842584140007047072B06D1C9
S21402B980D2F844010028ECD170470220704700200C
S21402B990704700BF000002B8F0B5CF072BD5002ACB
S21402B9A014BFAA2555250E461E24154F01F0030383
S21402B9B083F001033B449B7806F0070C17F80CC093
S21402B9C0013C63444FEA5606F6D10E4E73436FF4BB
S21402B9D081769B0C334482B991FAA1F195FAA5F5CA
S21402B9E04A082D0F490042EAC57201F00204C474E7
S21402B9F0C0E91023F0BDAA25D5E7034AF7E700BF42
S21402BA00F8E9030036FC1000B756351230B547F693
S21402BA10FE74164BC3F83042456C04EA4504144DD6
S21402BA20C5F830420F245C66CC071CD5DAB901246F
S21402BA306C664FF0FF34C3F80441056C0C4CC4F836
S21402BA4004514FF0F045C3F81051C37CDB062B407F
S21402BA50C4F8103132B14FF03A430222C0F88010D7
S21402BA60C3F8F42030BD0224E2E700BF006001B84C
S21402BA70005001B813B5437C0446033BDBB2072BE8
S21402BA8096BF104A0021D15CFEF70AFE012001F0A3
S21402BA900DF84FF4F0620C4BDA644FF40072A3F523
S21402BAA08053DA64637C053B012B08D80421074BDC
S21402BAB001229B6E0DEB0100019300F021FB02B008
S21402BAC010BD00BFF0E90300006000B8004001B8F6
S21402BAD0012310B580F8F6302823C0F8DC300423A2
S21402BAE004464374044B196810F050FD2046FFF7D5
S21402BAF0C1FF002010BD00BF3CEA0300012310B5C1
S21402BB0080F8F6302823C0F8DC300223044643745B
S21402BB10044B196810F03AFD2046FFF7ABFF0020F1
S21402BB2010BD00BF40EA0300012910B5044604D93F
S21402BB300239012914D9032011E00B4B1968052399
S21402BB40012284F8F6204FF4BC726374C4F8DC2039
S21402BB50204610F01BFD2046FFF78CFF002010BD8C
S21402BB60024B19680623EBE738EA030034EA0300BF
S21402BB70012310B580F8F6304FF4BC73C0F8DC3001
S21402BB80082304464374044B196810F0FFFC204651
S21402BB90FFF770FF002010BD30EA030038B5184BDF
S21402BBA004461D6845B1EB6833B1286801F0CCFB4A
S21402BBB0AB68186801F0C8FB124B1B682BB1DA6839
S21402BBC01AB19B68186801F0BFFB0F4B1B682BB1BC
S21402BBD0DA681AB19B68186801F0B6FB0B4B1B6853
S21402BBE02BB1DA681AB19B68186801F0ADFB2046E3
S21402BBF0FFF784FF2046BDE83840FFF73BBF00BF93
S21402BC0040EA03003CEA030038EA030034EA030091
S21402BC10F8B5D0F8143104468B420D46164603D1C9
S21402BC2090F81031202B0ED0324629462046FFF7D8
S21402BC30B3FE202384F810310023C4F81451C4F84C
S21402BC401831FFF76DF94FF00077074B32461F6445
S21402BC5029462046FFF7DAFE8022044B1A6103F5D6
S21402BC6000531F64F8BD00BF001002B8000002B8FF
S21402BC70072330B5124D134CEB63134B69B14421C5
S21402BC8040F04000596398630123E3634FF4804316
S21402BC9092B1C4F804310A4A07E0596399634FF433
S21402BCA08043084AE163C4F80431C2F80831C2F896
S21402BCB00C31C2F8103130BDC5F80431EBE700BFD5
S21402BCC0006000B8005000B8004000B8034BD3F83C
S21402BCD0F80780F00070C0F340607047000002B8BA
S21402BCE010B5407CA0B1304BD3F8B82012F0060F46
S21402BCF001D004280DD94FF470622C4BDA604FF451
S21402BD008072A3F58053DA600022274BC3F8B42072
S21402BD1010BD02F0020412F0040202D00B789B0659
S21402BD2037D4002C39D00B7803F00F03072B34D10D
S21402BD304B78022B31D98B7813F03E0F2DD0CC786E
S21402BD4014F0040F29D014F0010F0CBF04230A23A9
S21402BD50A40748BF0633CB5CFBB1002A14BF0222FD
S21402BD600122042840F6FF7003F01F0108BF4900B5
S21402BD70013940EA01310E4801654FF470600B4903
S21402BD801202C860A1F58051CA60074AC2F8B430F0
S21402BD90BEE7002CC7D18B7823B90023044A13656B
S21402BDA00122EAE70222DCE7003E00B0006000B8AB
S21402BDB0004000B80A68064B12F0802F1CBF42F201
S21402BDC00101C3F82812C3F88822C3F88C227047F0
S21402BDD0004001B8F0B585B06C460E460B4B0746E0
S21402BDE015460FCB84E80F00094BD3F84822009281
S21402BDF026B16B1EDBB2FD2B88BF32602A46214677
S21402BE00384610F0E6FE05B0F0BD00BF00EA0300BB
S21402BE100080E00F30B50823054685B080B9094A90
S21402BE20C2F8FC3351B96C46074B0FCB84E80F00BF
S21402BE30064B2A4621461868FFF7CCFF05B030BDF0
S21402BE40034AEDE7001002B810EA0300F4260020C9
S21402BE50002002B838B5044601F08CF901213A20D8
S21402BE60E8F79EFAE0782179154A40EA0143C2F8DB
S21402BE70DC34E579A37943EA0543C2F8E034237853
S21402BE801BB100230422E9F7A9F863782BB100233B
S21402BE900422E179A079E9F7A1F82278012352B1C8
S21402BEA0084AC2F8D8346278022332B1054A002022
S21402BEB0C2F8D83438BD044AF3E7034AF7E700BFAE
S21402BEC000C0035000D0035000E003504FF03A4346
S21402BED0D3F81421D2031ED54FF480320E49C1F88E
S21402BEE01421A1F58051C1F818215A6DD1B2C2F3BE
S21402BEF00722C3F8A410C3F8A4200422C3F8A4207F
S21402BF000022C3F8A420C3F8A420C3F8A420C3F8D0
S21402BF10A420C3F8A4207047002000BAF8B50D4646
S21402BF204FF03A441746064605F0C8FD01230421A1
S21402BF30074A6363E76026616561C2F81411054A21
S21402BF40C2F8843105F0BEFD0DB102236363F8BD6D
S21402BF50002000BA00E100E0054B012218604FF015
S21402BF603A435A6740F6FF72D96418651A677047F3
S21402BF70842900202DE9F04105460124006800F0DE
S21402BF800700063004FA00F3A868EC685E1EA042BA
S21402BF9062D000EA060E6C6810441E430640A3EB0D
S21402BFA00E000EEB040C8242644618D9D31A0EEB2E
S21402BFB0030298B1431E052B04D94B1CACEB0303BA
S21402BFC0022B59D80B460844ACEB010E03EB0E01CC
S21402BFD013F8014B83420C70F8D101466C688AB1A3
S21402BFE0531E052B01F1010302D9E01A022812D8CA
S21402BFF00A44611E00E0013313F8010C934201F873
S21402C000010FF8D105F05AFD0223AE60AB62BDE81F
S21402C010F04105F057BD0B46204622F0030E8E4433
S21402C02053F804CB734540F804CBF9D122F003034E
S21402C030D01A920701EB030C04EB0307E2D0CA5CAA
S21402C0400128E254DED09CF8013002287B70D9D059
S21402C0509CF80230BB70D5E7042A35D90878043A32
S21402C060A86148780431A86111F8020CA86111F899
S21402C070010CA861A8688CE70B4620F003070F4462
S21402C080ACEB010E1C684EF803400433BB42F9D1F8
S21402C09020F0030310F0030F01EB030EA0EB0304E2
S21402C0A00CEB030728D011F80380012C0CF8038050
S21402C0B022D09EF80130022C7B7018BF9EF8023008
S21402C0C0084418BFBB7088E7013A032A12D8DFE893
S21402C0D002F00F1507020B4613F8012B1946AA6148
S21402C0E00A4612F8013BAB61114611F8013BAB61FF
S21402C0F00B78AB61BDE8F08108446EE70A46F3E7C9
S21402C10038B50B46154601464FF03A4470B1012247
S21402C1101048C4F8F4201A46FFF72CFF25B14FF05A
S21402C1203A430422C3F8F420002038BD73B1D4F891
S21402C130D8209A4284BF0122C4F8F4204FF03A4233
S21402C140C2F8D4300223C2F8F430E7E70123C4F879
S21402C150F430E3E7CC0000BA10B505F0AFFC4FF0C0
S21402C1603A4301225A67C3F8B420C3F88C20154A12
S21402C1701549C3F890200722C3F8B020134B044693
S21402C1801A800023124A13804FF4A022C1F8142109
S21402C190A1F58051C1F818210E4A13600E4B1B6C94
S21402C1A05B020AD54FF480020C4B18680C4BD83051
S21402C1B01A6450F8A41C01F06BFA2046BDE8104041
S21402C1C005F080BC60110020002000BAB62A0020CC
S21402C1D0B42A002080290020000002B8F42600209D
S21402C1E0002002B807220D4B01211A8000220C4BB8
S21402C1F01A804FF03A43C3F8F410C3F8CC204FF439
S21402C2000052C3F8D000C3F8F020F022054B9A641F
S21402C210A022A3F580539A64FFF79EBFB62A002099
S21402C220B42A0020006000B82DE9F041044688B127
S21402C23005F044FC3D4E3E4A3388032C03F0780159
S21402C24005463C4F03F07F0C11445DD13C6824B98F
S21402C25005F038FC0320BDE8F08124F001043868BC
S21402C26020F00100A04254D100223A6022888C427B
S21402C2706FEA42426FEA5242228040D12E4CDFF8E9
S21402C280D0C02788ACF180083A46083A92B201F14B
S21402C2900800604528BF4046082A04D9B0F900E0E5
S21402C2A0BEF1000F40DB228088780C884FF03A41BE
S21402C2B03B449B1ADBB2C4F30C048C653380C1F892
S21402C2C09830C1F8B0204FF480221C4B00F00700D3
S21402C2D0C3F8142101221A4BC3F88421FFF7F6FD96
S21402C2E004280CD14FF48002164B1B6C164B1868B0
S21402C2F0164BD8301A6450F8A41C01F0C9F9284627
S21402C30005F0E0FB0020A6E7601E012898BF0C4659
S21402C310A5E7094862440088A21A48BF8032083856
S21402C3209042A3DC284693E70146AEE7B42A0020F3
S21402C3306011002080290020B62A0020002000BAC2
S21402C34000E100E0000002B8F4260020002002B857
S21402C350E01100201249134B0A881B881248134426
S21402C360083292B20A804FF03A41C1F8B0204FF438
S21402C37080210E4A073BC2F81411012103F078030C
S21402C380034498780A4A00F007000428C2F8841189
S21402C39003D10849CA681203FCD4074A13607047DF
S21402C3A0B62A0020B42A002060110020002000BA1D
S21402C3B000E100E0000002B88029002010B5054C1C
S21402C3C0206828B1C30701D4FFF72EFF002323609D
S21402C3D010BD00BF802900204FF48033084AC2F8FF
S21402C3E01831A2F58052C2F814314FF03A43D3F80E
S21402C3F0AC30C3F30C03782B01D8FFF767BD704748
S21402C400002000BA2DE9F84304460E4605F056FB16
S21402C410514B81461A885148514D02F07801032C3F
S21402C4202D8802F07F03014417D14E4C24688CB944
S21402C4302A44073A02F0780284180344E31A48BFF3
S21402C4408033AB4210DB484605F03CFB0024204616
S21402C450BDE8F88324F00104EFE7012C02D0022C99
S21402C460EBD1083D0C46E8E7002E44D08C4246D17C
S21402C4704FF03A42D2F858804FF03A410127CA6C40
S21402C48002F0070206329740D1F8AC20C2F30C0243
S21402C4909A4247DDB4F900302588002BD3DBA37817
S21402C4A0C5F30C0503F007037A1EA5EB08053A430D
S21402C4B0052B337005EA02052CD82DB2E84340F26C
S21402C4C036420421C00FFDF77FFB7580E378264ACB
S21402C4D0337412687B1E03EA0803D118B160A9B24E
S21402C4E013FA85F5BD4291BF0023FF1AB780F260AA
S21402C4F09CBFB180F360484605F0E4FAA7E7A4F1D2
S21402C5000802824238BF04F17802B2F80080C8F30B
S21402C5100C08B1E7154B5B6D003B18BF0123A5EB7A
S21402C520C305CAE74B6D7A1EA3EB08033A431A40CB
S21402C5300F4B15B2DB6862B9C3F30363D91E4B42D5
S21402C5404B41DB0033700A4B72809B6CC3F30723AC
S21402C550BDE70823F6E700BFB42A002060110020DA
S21402C560B62A00208029002084290020004000B836
S21402C570000002B8054BA622D3F84C013121431C19
S21402C5800CBF0120C0F38070FDF71EBB0080E00FD9
S21402C59038B5134D0446297819B92022114810F0EF
S21402C5A0D1FC6188104A23785180002113700F4A0B
S21402C5B0022BC2F8CC104FF0FF010D4A0D4B117042
S21402C5C04FF007010C4A4FF00000C2F8FC130CBFF4
S21402C5D004220122C3F8FC2301232B7038BD00BFBE
S21402C5E0FA2B0020E03F00B0100D0020004001B8FA
S21402C5F0340D0020001002B8002002B8034B1A685F
S21402C60002609B8883800020704700BF100D0020C8
S21402C61010B5044600F0AEFD064BD3F8F83724B941
S21402C62083F40033C3F3404010BDA31E5842584162
S21402C630FAE700BF000002B84FF63F7208B50A4B91
S21402C640D3F8FC37934206D0084AC3F3011313709B
S21402C650E022074B1A7000F0E7FD41F66A03B0FBD2
S21402C660F3F0044B186008BD000002B8350D002038
S21402C670360D00208829002020B1022804D1034B61
S21402C68018787047024BFBE700207047350D0020F4
S21402C690360D00202DE9F74F846C4C22022C38BF51
S21402C6A002246A49013C0B6AD1F8CC506849C3F3AC
S21402C6B08213DA400B680646A34290F804B1654B33
S21402C6C0DFF8ACA1DFF8AC91DFF8AC8102F0010232
S21402C6D014D11878904211D19AF8000058450DD11D
S21402C6E0F06C58B1A84209D1B57D99F80000854290
S21402C6F004D1B8F8040003B0BDE8F08F0C6098F8D7
S21402C70000101A700846FFF7B7FF002A00F086806E
S21402C71004234FF07F4100254F4AC2F8B8304F4BF2
S21402C720C3F8B810B37D1B06C2F8B8304FF080527B
S21402C730494BC3F8B42000F077FD40F27123B0FBFA
S21402C740F3F0192160431828B0FBF1F14FEA0544D3
S21402C75070D8002C78D0B4FA84F2C2F12002C2F16A
S21402C7600F03012B38BF0123D440A14201D2013B63
S21402C77064086A1C03F01F0152008A40384F121BDD
S21402C7809208C7F8B0201A0242EA03121343019332
S21402C79005EB052305EB0325324B40F6C702186866
S21402C7A02B21003818BF0120FDF70EFAFA222D4B76
S21402C7B002FB04F01B6840F6FF72B0FBF3F00A239C
S21402C7C05843294B00F57A74C3F8C420019AA3F59E
S21402C7D08053C3F8C420A3F58053C3F8CC50D3F8D3
S21402C7E0CC3000F58C50C7F8FC30F5641F4D143081
S21402C7F02C6001F0CDFE4FF47A72C7F8A400C7F899
S21402C800F8002B68B4FBF2F0B3FBF2F3A8F804309E
S21402C810B37D8AF800B089F800306CE7002914BFAF
S21402C82010252025B37D834294BFED182D1805F000
S21402C830FF057BE7B1FA81F234B1B4FA84F3D21A77
S21402C840002A8CDC0F2390E70F2392E7004001B802
S21402C850F00B0020FB2B0020001002B8002002B8CC
S21402C860003F00B088290020006001B88C29002013
S21402C870330D0020320D0020100D002010B5114B94
S21402C88001461B78104C0E2B02D1FF20207010BDE3
S21402C890184610F02AFA02461846FFF7EDFE8842BE
S21402C8A028BF0846C0B2904238BF10462378C0B2AE
S21402C8B08342ECD0054B20701868FFF7EBFE207819
S21402C8C0E5E700BF100D0020340D0020F4260020FE
S21402C8D010B50446FCF7EAFE78B1154B1B786BB927
S21402C8E064B1144B1B784BB1134B1B78013B012BE5
S21402C8F004D84FF40042114BDA6410BD104BDB6CC7
S21402C9001B04FAD405F0DAF8044602F02FFC4FF4C2
S21402C91000420C4B2046BDE81040DA6402220A4B65
S21402C920C3F87C240422054B1A6405F0CBB800BF7A
S21402C930FC2B0020FD2B002090290020002002B8AE
S21402C940000002B8001002B800D003504FF4802254
S21402C950014B9A64704700BF005000B870B5054698
S21402C96000F008FC01213A20E7F71AFD424C434B3F
S21402C97000201D70FFF7ACFF2378013B012B0CD87B
S21402C9800122217CE37B8A4030214B4342F2100194
S21402C99003F1A04303F570335A500022384BC3F814
S21402C9A07C24ADB94FF6FF71364AC2F88410F821DE
S21402C9B0A2F58052C2F88410C3F87C54324B4FF072
S21402C9C08042DA644FF48022304B00209A6470BDB5
S21402C9D0636883B300F028FC626800EB5203B3FB83
S21402C9E0F2F3013B1B0243F0F80326782549022E98
S21402C9F0264A22D0032E4FF6FF7521482AD0012E52
S21402CA0033D143F00203C1F88450C2F884300723BE
S21402CA10C0F87C343021E37B01204B4341F2100105
S21402CA20227C03F1A04300FA02F203F570335A5057
S21402CA30FFF74EFF17E0F823D7E74FF6FF7043F0F5
S21402CA400103C1F88400C2F8843006220C4BC3F8F6
S21402CA507C24DFE743F00503C1F88450C2F8843033
S21402CA600423C0F87C340A4BA9E7C1F88450C2F804
S21402CA7084300023F5E700BF90290020FD2B00201C
S21402CA8000C00350006000B8002002B8005000B892
S21402CA90001002B8034BDB6C002BBCBF024BC3F882
S21402CAA088007047000002B8004000B84FF00063EC
S21402CAB038B1064AD364064B4FF40032C3F88420DA
S21402CAC07047044AD364044BF6E700BF001002B86E
S21402CAD0005000B8002002B8006000B82DE9F04708
S21402CAE02D4B2E4C4FF47A76A36000F09DFB4FF44C
S21402CAF0FA73B0FBF6F6734307462948190E1B0273
S21402CB001818284A4FF0000341F1000103F0CEF94D
S21402CB10A0F580730546236320B966222B21FDF714
S21402CB2053F801254FF47A724FF0000A6A435346CF
S21402CB305008310203F0BAF91B4BB7F57A7F196039
S21402CB401A4B4FEA05688946044618604FEA1525CF
S21402CB5005D276222B215046FDF736F801264FF4F1
S21402CB607A73A8FB030103FB05117308C01841F191
S21402CB7000010023324603F099F90D4B0234196086
S21402CB800C4B49F10009A408186044EA8974034B67
S21402CB90013C9C63BDE8F0870211010000C001B8A9
S21402CBA020A1070040420F00B0290020AC29002037
S21402CBB0A8290020A42900201022044BC3F88421AF
S21402CBC05A600122024BDA60704700BF00E100E0C3
S21402CBD000C001B81022064BC3F88421C3F8842093
S21402CBE0BFF34F8FBFF36F8F0422024BDA6070479A
S21402CBF000E100E000C001B810B50446A242A2EB74
S21402CC000000A3EB010104D2034B01399B6B0133F5
S21402CC10184401F0030110BD00C001B838B5012563
S21402CC200A4B02019D504FF480730446084A834023
S21402CC30536604F043FF074AA540137823EA050328
S21402CC401370BDE8384004F03DBF00BF00E101B8F4
S21402CC5000E001B8FE2B00202DE9F84F16460546E7
S21402CC608A461F4604F02AFF022E00F0B080804655
S21402CC7004F02BFF694B6A4AD3F8209092F88D4055
S21402CC805A6EE4B2520744BFD3F82090013404F03F
S21402CC9022FF644B644A1B681168A3FB093213F136
S21402CCA000434FEA847301FB093343EB020304F0AB
S21402CCB00302DAF80040012E04BF0134E418A3EBA5
S21402CCC0040308BFCAF80040B3F1804FC0F0938057
S21402CCD04FF0004000235549D1F800C024F04041EF
S21402CCE0ECFB01035248A40F006800FB01334B49DA
S21402CCF05048896B8B4281BF013401315B1A04F0C4
S21402CD000304A41A994584BF444A04F1FF3404F08C
S21402CD10030488BF926BA3EB090C4455A4B1FC072D
S21402CD2042BF41F61F71444A5167B90742BF424AA1
S21402CD30424951677A0742BF0021384A91673C0749
S21402CD4042BF0021354A91654FF0110A4FF0010E9D
S21402CD50324A05F11004240102EB051BCBF80C3114
S21402CD6042F804A0136A3649A3EB09030EFA05F447
S21402CD70D2F864900A78E4B2224363450A7025D357
S21402CD804FF48073AB4019EA030F1FD1425D002AAD
S21402CD9040D10EB32B4AF807536607D541F61F71EA
S21402CDA040F20110244B596750675967B90706D5F8
S21402CDB0214B224A234924485A6748675A677A070A
S21402CDC042BF0122214B1A613B071AD4404604F0A7
S21402CDD079FE0120BDE8F88F1D4A2D0142F805E0D4
S21402CDE042F89C3C04F06AFE15490B7823EA0403D9
S21402CDF00B7004F067FE404604F064FE0020BDE8B7
S21402CE00F88F2120FFF746FE4FF48032034B404650
S21402CE10DA60DCE70B4A40465366D8E700C001B842
S21402CE20003E00B0A4290020A8290020AC2900203A
S21402CE30B0290020FF2B002000E001B800001F1FD1
S21402CE40FE2B002000D001B800000101000002B84D
S21402CE5000E101B8024B1878003818BF012070476D
S21402CE60FE2B0020034B10300001185800F0010082
S21402CE70704700BF00C001B8044B01F0F0711030DB
S21402CE8041F0030100011950704700BF00C001B80D
S21402CE9038B504F01AFE084B084A1D6A92F88D400F
S21402CEA05A6EE4B2520744BF1D6A013404F013FE00
S21402CEB0284604F0030138BD00C001B8003E00B0A9
S21402CEC038B50B4B03EB001210300001D2F80C41C0
S21402CED01D58FFF7DDFFAB0706D5844200D901399E
S21402CEE0204601F0030138BD844238BF0131F7E71E
S21402CEF000C001B808B52220FFF7CCFD4FF480220F
S21402CF00014BDA6008BD00BF00C001B8064B1B68C3
S21402CF10434303EB8171054B1B68A3FB003013F1FF
S21402CF20004341EB00007047A8290020A4290020F6
S21402CF300C4A20F04043014610B5002014684FF01A
S21402CF400042E4FB0320084A890F126802FB030032
S21402CF50064B9B6B984204D901330131C01A01F08B
S21402CF60030110BDAC290020B029002000C001B882
S21402CF70F8B50646FEF77CFC044608B1FFF72AFE23
S21402CF8000230B4D0B4FAB613046EB612B6287F8EB
S21402CF908D30FFF7CDFFC9B287F88D1028622CB10D
S21402CFA0FFF70AFE4FF08062034B1A640020F8BDBA
S21402CFB000C001B8003E00B0002002B870B50C6890
S21402CFC0651C15D0C4F302669E42C4F3074530D1F1
S21402CFD0A4B294422DD804EB8506B24229D2141B81
S21402CFE0A50824F003040E59340F04D0012C09D0EE
S21402CFF00022012303E06B1C51F823200023026069
S21402D000037170BD0D4C34F8133042EA03431A68BC
S21402D0106B1C51F8234001EB83014B6822405E40B3
S21402D02036F07044EAD11B0F032B04BF8B681A43F9
S21402D030E4E7013501EB8501C1E700BF28EA0300FA
S21402D04070B51646054610B90124204670BD002963
S21402D050FAD04268104B006803321B68920800F14F
S21402D0603040984704460028EFD1002EECD0EA68FC
S21402D070A86803323146920800F130400FF069FE8C
S21402D08004460028E1D1D5E90402214600F13040E9
S21402D0900FF058FFD9E700BFF80B002007B501A82C
S21402D0A0E8F77AF99DF80530022B02BF40220B4BB7
S21402D0B0C3F8FC23C8220A4B5A650A4B0A4AD3F81D
S21402D0C06032DBB2FF2B08BF03239B0043F47F537F
S21402D0D0C2F8F83303B05DF804FB00BF001002B8D4
S21402D0E0008001B80080E00F000002B8002310B5EF
S21402D0F0194C012123643A206364A364E7F750F9CC
S21402D1000122164B5A6102229A62E368C3F3036352
S21402D1100D2B01D0002BF8D11123114AA36311491C
S21402D1201148FFF78DFF01F069FB104A936843B977
S21402D1304FF08062094B5A61012203F580535A610F
S21402D14010BD0B49D268096803F13043032AEFD9B0
S21402D15043F8041B043AF9E7000002B8001002B8CC
S21402D16088EA03008CEA030070EA030058EA030028
S21402D1700C0C0020012341F6FF710D4AC2F88032E2
S21402D18091660C4A53600C4A53600C4A5360A2F5EF
S21402D19080425360A2F54042536002F5C0325360AB
S21402D1A002F580425360A2F500425360704700BF0A
S21402D1B00090005000D000B8001000BA005001B82D
S21402D1C038B50324FFF7D6FF114A124B124DDA6424
S21402D1D0FFF764FF114BC3F8E0400123EB6401F054
S21402D1E091F94FF460736B614FF40073EB640FF0C8
S21402D1F006FD0021FEF70EFE8022094B1C64A3F5F5
S21402D20080535C64074BC3F884215A6038BD00BF64
S21402D2100048F000000002B8001002B8005001B842
S21402D22000A002B800E100E008B5E6F743FA044BB6
S21402D2301B6FC3F300430133B0FBF3F008BD00BF1E
S21402D240008000502DE9F04F044687B003908A46CE
S21402D2505AF8046B731C06D1039B2660E01A8010F2
S21402D26007B0BDE8F08FC6F30745012D38BF01258C
S21402D270324BC6F3016233F81230B7B247EA0347BD
S21402D280EB002F490493043323448B424FEA16766D
S21402D29002D92C4B9C424ED907234FF00109D346A4
S21402D2A0D34003F0010309FA06F9029309F0940346
S21402D2B004F1080801950593059B0BF1040B53B97D
S21402D2C019F0420F19D119F0280F0BD148F8087C33
S21402D2D05BF8042C20E040F2AA7232210020FCF710
S21402D2E073FCF3E740F2AF7232210298FCF76CFC53
S21402D2F007F5805248F8082CEAE74FF4F762322125
S21402D3000298FCF761FC07F50052012E48F8082C3B
S21402D310DED15BF8042CD243019B48F8042C013B77
S21402D32007F1040708F108080193C5D1049B0AEB2C
S21402D33085011C448BE7002092E700BF20EA030029
S21402D340DF4F00B0E04F00B0F8B50646E0B100246B
S21402D350144B25461F46144953F8042BAAB9134802
S21402D360314600EB8500FFF76DFF30B940F66102EB
S21402D3703621BDE8F840FCF727BC0D4B01352818CE
S21402D38047F8246023F81400F8BDB242FCD00134FA
S21402D3900C2C02D031F81450DEE740F66F0236212C
S21402D3A00020E6E7B4290020B62A0020404000B05C
S21402D3B0B82A002070B5044690B1A9B13A4A52F88C
S21402D3C0043B834212D10023384A116CC907FCD4AD
S21402D3D09B0003F5804340331360354B01221A64E9
S21402D3E070BD01330C2B02D1324D2CE0012352F8D2
S21402D3F0041BA142F5D1304A32F81330E4E7C2F3F7
S21402D400016335F81300110C93B211F0FE0F43EAD4
S21402D4100043606820D00434CAB2022A216808D9C0
S21402D420D4E90160033AC3E9001698600C340C3361
S21402D430F3E704D16268C3E90012083403E0012A64
S21402D44001D1043419602268531CD8D10022174B2C
S21402D4501A6003F58053C1E7120F072AEDD8DFE8FA
S21402D46002F00704090D1013181DC04303F50053FC
S21402D4701860E2E71A6842401A60DEE703F5805356
S21402D480F6E70FF05BFCD8E7012203F580538240F3
S21402D490F2E7012203F500538240EDE71A6830EA0C
S21402D4A00202FBD1C9E700BFB429002000C002B8BF
S21402D4B000D002B828EA0300B62A00200122014B57
S21402D4C0DA647047001002B80122014BDA64704732
S21402D4D0002002B84022014BDA647047002002B8EE
S21402D4E04022014BDA647047001002B808B50C4BB4
S21402D4F01B68D3F8C83023B11A68022A01D9186A01
S21402D50008BDFFF791FE074B02469B6D98B20028B6
S21402D510F6D0C3F30743D2085343B3FBF0F0EFE76A
S21402D520F4260020004001B8064BDB68C3F3036311
S21402D530984206D1044A936E23F0F00343EA01119F
S21402D54091667047000002B8003F00B010B504466E
S21402D550FFF7CCFF0F4AD2F838311B040E4B48BFF8
S21402D56040089B6C03F4C053B3F5805F0ABF936B0D
S21402D570C4F30113C3F34163012B02D0022B02D082
S21402D58010BD4008FCE7C4F3C4240134B0FBF4F039
S21402D590F6E700BF004001B8004000B82DE9F047AA
S21402D5A00E460FF0AEFB00248046DFF8B4A0DFF88C
S21402D5B0B49004F083FADAF80C300746C3F3036338
S21402D5C0012B0BD1711C35D00FF09BFBA0EB08048E
S21402D5D0384604F077FAA642EBD80DE0052BF1D0D8
S21402D5E00B2BEFD0023B012B09D9013602D00FF0EC
S21402D5F088FB384604F066FA1848BDE8F087D9F882
S21402D6000C3013F4603FDDD0D9F818301A04C3F397
S21402D610891512D4013602D00FF073FB384604F097
S21402D62051FA2DB26FF4FF73A5F1C8009842B8BF45
S21402D6301846E2E704F046FABBE7731C03D00FF085
S21402D64060FBA0EB08046FEA85556FEA95553846ED
S21402D65004F038FA15F5007FBDD0E3E700FEFFFFC1
S21402D660000002B800C000B80122024B98611A619D
S21402D670704700BF000001B8044BD3F8AC3010B1BD
S21402D680C3F30332027003F00F007047000002B8C3
S21402D690094B01F080011B6C03F480030B4309D194
S21402D6A04FF40012054B1A62837F1BB10122044B12
S21402D6B0C3F80021704700BF000002B8006001B83E
S21402D6C0005001B810B504F0F9F9084B04461B687F
S21402D6D03BB1984728B1002200204FF4806101F048
S21402D6E0A7F92046BDE8104004F0ECB9E429002072
S21402D6F04FF604014FF60502044B01201B6C9BB249
S21402D7008B4208BF1346024A136670470080E00F3A
S21402D71000C001B8074BD3F8483203F00303012BCD
S21402D72003D0022B03D00020704703F0ACBFE6F70D
S21402D7300BB800BF008000502DE9F74FDFF8ECB0C1
S21402D74081460F46DBF808A0FFF7A2FB4FF0FF3535
S21402D750CDE9000100202C46064606F110031B0107
S21402D7605BF8033003F00308B8F1010F15D1304619
S21402D770FFF7A6FB02460B46DDE90001FFF73CFA7F
S21402D780DBF8643006F10802D340DB0737D5002FFA
S21402D7903ED000252C463E6040460136082EDCD19F
S21402D7A050B3224F0AF44033B96B00220131A4FB76
S21402D7B00141641941F10001B3F5003F30D17B6BA2
S21402D7C00AF4405A013342F10006BAF5805F22D1CC
S21402D7D03D6B15F5807505FB06F642F1000203FB6C
S21402D7E00266A5FB03323244594304FB0212A3FB32
S21402D7F004341444C9E9003403B0BDE8F08FA842EB
S21402D80071EB0403C8D207B13E6005460C46C3E777
S21402D8103D463C46C0E7320242EA13621B02E3E799
S21402D8203B6B13F5807342F10002DDE700C001B8DE
S21402D830F8B506200FF06CFA04460FF062FA42F2D0
S21402D8401073041B9C42054618D94FF080624F2481
S21402D8500B4B1A6441F26F770A4E0BE00FF051FA47
S21402D860401BB8424FF0F70221468CBF0020012031
S21402D870FCF7AAF9336C5B01F0D5F8BD1A24E9E788
S21402D880002002B8000002B808B50FF0CFFA012255
S21402D890054B93F8853002335B00DBB202FA03F3E2
S21402D8A0024A536108BD00BF003E00B0002000B827
S21402D8B00B2870B500F29580012900F292804A4B3F
S21402D8C083F8840083F88510484B5B689D05C3F394
S21402D8D0402227D44FF038435A60454A506E4402DD
S21402D8E06BD5444B5B6803F00303022B65D002231F
S21402D8F0C2F848320122404B9A604FF038435A60D1
S21402D900DA60996A0807FCD11969C907F8D540F2A6
S21402D910FF323A4B9A615A614FF40072334BC3F8A6
S21402D92084215A60304C01213B20E6F739FD94F8F9
S21402D930853094F88420324943F4402343F410633C
S21402D940063241F82230FFF76FFC4608C507FFF79C
S21402D950E1FE002302463146284602F0A7FA0902F3
S21402D96041EA1061C0F3C05040EA4100254BA0676F
S21402D970186B10F5807005D14FF4E1722B21FCF77D
S21402D98023F90220024600230020012102F08EFA2B
S21402D990E067FFF7BFFE40F649435843000DFF28F5
S21402D9A028BFFF20022838BF0220002184F88C00FE
S21402D9B0012000F0BBFD002070BD10F4001006D060
S21402D9C0114B586800F00300023818BF01204FF4CC
S21402D9D0A9721B21FCF7F8F80122054BC3F848226E
S21402D9E088E70120E8E700BF003E00B000E100E063
S21402D9F00080005000000250001000B8002000B85E
S21402DA000080035000C001B80040025038B1064BF7
S21402DA1093F88400087093F88530137070470723D4
S21402DA200B700123F9E700BF003E00B070B5FFF7A8
S21402DA30FFFE0021022000F079FD0FF062F9044695
S21402DA400F4D104ED5F8F4331B070BD504F036F8FD
S21402DA50BDE8704002220C4BDA6001220B4B1A70B2
S21402DA6004F030B80FF04DF9001BB04240F22A2203
S21402DA704FF045018CBF00200120FCF7A5F8E1E736
S21402DA80000002B83F420F0000C001B8072C002079
S21402DA90224910B50B78002B3FD00122204C94F877
S21402DAA0853002335B0002FA03F31E4A93614FF499
S21402DAB000721D4BC3F8842100230B701B4B4FF4DE
S21402DAC03072186C3921C0F38060FCF77DF84FF491
S21402DAD08041174B174AC3F894100C2194F88530EE
S21402DAE04B4303F138435B6BD4F88010994202BF74
S21402DAF0D2F86C31C4F88830D2F86431D4F8880091
S21402DB0008BFA4F88630B4F8861000F0A7F8BDE87F
S21402DB1010400121022000F009BD10BD072C002094
S21402DB20003E00B0002000B800E100E0000002B8AD
S21402DB3000E001B800C001B810B50446FFF7EAFDE0
S21402DB406043044B00F5F42000F59070B0FBF3F050
S21402DB5010BD00BF40420F002DE9F74FFFF7ECFF64
S21402DB600546FFF765FE03F0A9FF00214FF0384A8D
S21402DB70DFF8E4900646684689F80010FFF7DCFDF9
S21402DB80304BDAF82070DB6813F0706F1DD12E4B25
S21402DB905B6913F0060818D100284CD0FFF744FB47
S21402DBA0691DA1FB00B4FFF7B5FD214602464346B8
S21402DBB0584602F07BF9DDE9004B090241EA1061A2
S21402DBC00002A04271EB0B0105D3304603B0BDE85C
S21402DBD0F04F03F077BFFFF79DFD220A42EA0B6281
S21402DBE04FEA1B23A0FB02B200FB0324FFF71CFB39
S21402DBF0434602462146584602F058F90C220121B5
S21402DC00124B013593F885307F1B5A4302335B0073
S21402DC10074402F13842DCB2576301FA04F40C4FAF
S21402DC2099400C4B7C619961DAF82030526B2D1AC0
S21402DC309B1AAB42C9D30222034BDA60012389F84E
S21402DC400030C2E7000002B800C001B8003E00B0D3
S21402DC50002000B8001000B8072C00202DE9F04F75
S21402DC604FF00C0A0027B54A054692F885408846CA
S21402DC700AFB04F303F138431F6392F88420B04B87
S21402DC8087B0C3F8B4204FF40032AE4B46461A6152
S21402DC900222A3F58053DA604FF03843AA4A1B6A81
S21402DCA092F82413AB46C9B2059192F829130134AF
S21402DCB0C9B20491012104F0010482F8247382F8A7
S21402DCC02973A21C0AFB04F4500001FA00F003F1C7
S21402DCD0FF390290019004F13844A3EB0903002BAC
S21402DCE040F3FF800137022F65D9DB220D21002089
S21402DCF0FBF76AFF4FF080539449934A4B66059BA5
S21402DD00934C03F0F00382F82433049B03F0F003F1
S21402DD1082F82933894A4FF40033C4F86CB1C4F848
S21402DD206461A2F886600026C2F88090C2F888B0C5
S21402DD300B61834BC3F8B4600C2392F885205A43D8
S21402DD4002F13842166303F0B9FE334632464FF408
S21402DD50807E276AD4F864C003F110010901615875
S21402DD6001F00301012910D10EFA03F111EA0C0F9A
S21402DD700BD104EB0316AF42D6F80C61C0F0D88084
S21402DD80B54202D2B74280F0D6800133082BE3D1E7
S21402DD90704D2C68012C40F2E3803AB16749B1F825
S21402DDA08E301343A1F88E30664B5A6607B0BDE834
S21402DDB0F04F03F087BE4FF0000B604E96F88530AA
S21402DDC00AFB03F303F13843C3F830B003F076FEE0
S21402DDD04FF080515D4B039059664FF0384396F8EA
S21402DDE085201B6A00920AFB02F203F1010902F186
S21402DDF03842C2F83490534A02331167C4F830B03E
S21402DE00029A6363544B52485A61019AA3F58053AF
S21402DE109A618368DB0340F18880D6F88030B26F5F
S21402DE20A9EB0303A3FB0221036B03F5807CF36FCC
S21402DE30A1FB0360A2FB03E39B19ACFB03E640F1E4
S21402DE4000000CFB0066B2EB0E0261EB0606120A3D
S21402DE5042EA06624244B2EB1C2F4FEA1C2603D368
S21402DE60013340F10000921B043E964228BF16463C
S21402DE703749324A8E6192F88D20D1F820C0EB18CD
S21402DE80D2B2896B40F10000654584BF02F1FF32D1
S21402DE90D2B2B1F1FF3F0ED04FF0000E01F1010CED
S21402DEA099427EEB000B08D20132B3EB0C03D2B2DE
S21402DEB060F10000F4E70244D2B29B461F49244BAD
S21402DEC002F0030281F88D20C3F820B00222009BE4
S21402DED003980AFB03F303F138431A63226303F041
S21402DEE0F1FD4FF038431B6A009303F0E7FD1B4930
S21402DEF00A6922F004020A6130BF4FF08051019B8A
S21402DF00154A936102F5E03211670022102122635E
S21402DF100D4AC2F8841103F0D5FD0D4A009B526EDD
S21402DF2012F0805F3FF4D9AEE4E64646AB46CDE754
S21402DF30B542BFF427AF11438AB226E7003E00B0CF
S21402DF400080035000D001B800E100E000E001B814
S21402DF5000C001B850290020002000B800ED00E003
S21402DF6011490B78142B01BF0023104E0B7033702F
S21402DF700B7801330B70002A3FF418AF0C4EB6F83C
S21402DF808E301343A6F88E300A4B5A66074A137829
S21402DF900133DBB2022B13707FF408AF0023013487
S21402DFA02C600B70137001E7092C0020082C00204F
S21402DFB0003E00B000D001B8F8B50B46002213F8B8
S21402DFC0044B944225D91D68854224D106245A79E9
S21402DFD01D79124B88181E6804FB0503104F33F890
S21402DFE0063C7B43B3420ED900238A5A7A439642B2
S21402DFF002D804FB0300F8BD9D42FAD9013304FBA4
S21402E00003F2825AF2E740F25F423D210020FBF71C
S21402E010DBFD0020EFE708330132D2E7E8290020D3
S21402E02040420F0000202DE9F84FA2FB018BBD4EA7
S21402E030BD4F18EB060699466BF10003B74270EB2C
S21402E040030307D240F259220E21FBF7BDFD022040
S21402E050BDE8F88FD9F814A00C461546BAF1000FA1
S21402E06004D0DAF80030032B00F21D81AF4BB04A21
S21402E0709F6BA3F58043D3F8EC30C7F3140759001F
S21402E080AC4B48BF47F400171B6ED2F8FCA05A07E9
S21402E0904EBF4FF440039B0503F0E0731F43A64BAD
S21402E0A0D3F8E4309E0748BF47F0807747EA4567D3
S21402E0B0E5F730FB012D0646C9D10028C7D09F4B95
S21402E0C0984200F0FF8003F5122303F5F8639842A6
S21402E0D000F0FE809A4B984200F0758100250246B9
S21402E0E02B4600204FF0007101F0E0FE2B46013077
S21402E0F008FB03F3C7F3130100FB0B33A1FB066215
S21402E100A8FB008001FB0522034420339B09C9F8C3
S21402E1100030F60C8B4B46EA4236F8021C6058BFBB
S21402E1207642894B894D34441E602C60BAF1000F4A
S21402E13000F0B7800023F9018549C7F381528A5C53
S21402E140194648BF6408002EB8BF76429206600899
S21402E150C2FB0601224601F0A9FEDAF800600E2E86
S21402E16008D9744B714A916BDA69D3F80C31D2062E
S21402E17000F1CF8017F4001714BFC42240F2071232
S21402E1807449C0F31300A1FB04C14FEA511102FB0C
S21402E19001F1C9F80400DAF818004FF4FA73B1FB7B
S21402E1A0F0F118BF002701FB03F3A4FB02C2FA3307
S21402E1B0A3FB003004FB07226345904138BF0131C0
S21402E1C0C9B241F4006CC9F808C000297ED0DAF85A
S21402E1D01C00A1FB00371CB1B4FA84F20E2A7EDDC5
S21402E1E0E203002F78D1B2FBF3F2530003FB0113D4
S21402E1F0A3FB00874FEA044EC6454FEA144474EB6D
S21402E200070709D34F003B44A0FB0381C64574EBC6
S21402E210010102F10102F6D2C2F30E024CEA023CFE
S21402E2204CF00063062EC9F8083040F29980DAF8FE
S21402E2303030002B00F094800023C9F80C30C9F867
S21402E2401030E5F767FADAF83010FFF7B5FE044645
S21402E25018B18378002B40F0D580E5F725FADAF876
S21402E2603010FFF7A9FE0446D8B18378CBB14079C7
S21402E27040F28B52003818BF01203D21FBF7A4FC68
S21402E280207940F28C5200384FF03D0118BF012031
S21402E290FBF79AFC237962791B0243EA0213C9F858
S21402E2A010300020D4E6042BDAF828707FF400AF92
S21402E2B0F8014CBF4FF4400307F0E07327F0E07715
S21402E2C01F43F5E6002324481D4611E70120BFE65A
S21402E2D0002322481D460BE70B46002288E7C2F1C0
S21402E2E00F0E02F1110807FA08F823FA0EF343EAB2
S21402E2F00803AEF1200827FA08F843EA080327FACB
S21402E3000EFE01334EF1000704FA02F2002FE3D1AB
S21402E31069E701F4801103F40013194308BFC0F53E
S21402E320801027E7006CCA88807C814A008001B88A
S21402E330004F00B0004001B8000002B800F04902E9
S21402E340005A6202F0290020EC290020E829002069
S21402E35044EA0300D34D62100A3BB2DF313641DC99
S21402E360E5F7D8F92C6894B3B4FA84F3D3F1020330
S21402E37058BFDC40354B9C4288BF6408C8B3B4FB28
S21402E380F0F3642100FB134201FB02F2904203F118
S21402E390FF3253D85D085308013D1B0243EA0515B8
S21402E3A0C9F80C50E5F786F9E0B1B4FBF0F2642147
S21402E3B000FB124401FB04F4A0423DD8531E52084F
S21402E3C05B08013A68E7002321481D4690E66FF095
S21402E3D01F050028E4D140F2DD422B210020FBF786
S21402E3E0F3FBDDE74FF4A0622B21FBF7EDFB621E89
S21402E3F0E4E7631EA51E5B086D08013B2D0245EA95
S21402E4000315E8E740794FF4AE62003818BF0120E2
S21402E4103D21FBF7D9FB207940F27152003818BF34
S21402E42001203D21FBF7D0FB237962791B0243EAE8
S21402E4300213C9F80C3010E71446D8E79D1E6D0883
S21402E4405308013B2D0245EA0315A9E73FBE4025C6
S21402E450D694BFD610B5044686B059B9214B41684A
S21402E460D3F8FC30827A2048059300686B46FFF7A3
S21402E470D9FD69461D4B0A685A631A4BD3F8FC301D
S21402E48033B34B6843B11A4B1A4AC3F80C214A6895
S21402E490A3F58053C3F80C218B6843B1144B164A7C
S21402E4A0C3F8EC208A68A3F58053C3F8EC20134A1D
S21402E4B0C868D2F8743123F4EE630343C2F87431A9
S21402E4C0D2F86C31096923F4EE630B43C2F86C315F
S21402E4D0002022890A4B9A6203F5A033186406B01C
S21402E4E010BD00BF004F00B0F4260020008001B827
S21402E4F0006001B8FFFF0F00FFF8FF0F000002B830
S21402E500004000B8064B9A6E920607D55B6E002B4B
S21402E5104FF48043B4BF034A034AD36400207047D3
S21402E52000800050002002B8001002B8064B1A6C99
S21402E5309207FCD4022240EA01205860034B1A6478
S21402E5400122034B1A70704700C002B800D002B80E
S21402E5500A2C002040B10368012B05D90069034B41
S21402E560002808BF18467047004870474CEA030068
S21402E570064B586E5B6AC0F30112000C02FB0000E9
S21402E58003F01F0301331844704700BF004001B870
S21402E590084BC1171A68A2FB000302FB013310F1F5
S21402E5A0807043F10003400E40EAC310803820EA30
S21402E5B0E0707047F82900200722194B70B5DA631D
S21402E5C0FEF732FE174BC408010B0546E005C018DD
S21402E5D0154A41F10001002301F068FC134B144E6A
S21402E5E018601448FFF7D4FF4042C6F8DC0049F62C
S21402E5F05800FFF7CDFFC6F8A8000F48FEF798FCB4
S21402E600024660B1E301500818184FEA15714FF040
S21402E610000341F1000101F049FCC6F8B40070BDE8
S21402E620000002B8B2E60E0065CD1D00F8290020F3
S21402E630003F00B07011010040420F002DE9F04784
S21402E640064608469846FFF785FF1546074616B360
S21402E65008F0020918F004081FD1B9F1000F1AD009
S21402E6604FF47A7073685843002B40F08680FFF7A9
S21402E6708FFF28637369002B00F085804FF47A724F
S21402E680B86802FB0300A0F5FA50FFF781FFE862C4
S21402E690B8F1000F53D1BDE8F0873069002863D087
S21402E6A04FF47A735843BB68A0F57A60C01AFFF736
S21402E6B06FFFA862B08B002859D04FF47A73584384
S21402E6C0BB68A0F57A60C01AFFF762FFE861324BBA
S21402E6D0F468D3F800A0002C4CD04FF47A735C4355
S21402E6E0BB68A4F57A64E41A7B68E41A2B4BE1173C
S21402E6F01A68A2FB044302FB013314F1807443F14F
S21402E7000003640E44EAC314803C254B2C62D3F803
S21402E710C430244C6B6223684BB150460EF035FA77
S21402E72028B12A4639462368DAF87C009847B06949
S21402E73000210EF0A7FB6863B9F1000F90D1B06814
S21402E74020BB47F23050FFF723FF68614FF47A7020
S21402E7503368584323B13B6803F51C5310331844FF
S21402E760FFF716FFA86196E749F640409FE749F68D
S21402E7704040A9E749F64044B8E73B6803F51C5316
S21402E7801033184473E747F230507EE74FF47A733B
S21402E7905843A0F5FA50D6E7F4260020F8290020C0
S21402E7A0003F00B0F429002008B9FFF7E1BE034895
S21402E7B081420CBF2F20BC20704700BF48E80100F2
S21402E7C010B508461C460EF0AAFA094B0246D3F8C4
S21402E7D0FC00FFF7BFFE4368A018002B054AA8BF3F
S21402E7E04FF4FA721A44044B92FBF3F2104410BD33
S21402E7F0004F00B00CFEFFFF18FCFFFF70B588B09C
S21402E8006D46124C0FCC0FC594E80F0085E80F003A
S21402E810B02200210E480EF095FB202200210D4862
S21402E8200EF090FBD82200210B480EF08BFB0EF068
S21402E83028FB0A4B1B783BB16D46044E0FCD0FC624
S21402E84095E80F0084E80F0008B070BDE03F00B006
S21402E850503F00B0E04F00B0783E00B0FA2B0020E8
S21402E8600A4B197801F0FF0229B1002119700849F4
S21402E8709202C1F80421597801F0FF0229B1002161
S21402E88059709302024AC2F8083170470B2C0020D6
S21402E890005000B8064BD3F8EC0E064B5B6C1A0120
S21402E8A003D4054B9B6E1B0401D500F580707047A0
S21402E8B0003000B0000002B8004000B808B503F00F
S21402E8C0FDF80E4B1A78A2B90D4A126812F4843F6C
S21402E8D00FD10C4A1021D1641B7863B9084B1B6810
S21402E8E0DB0508D4074B2022DA64BDE8084003F0B3
S21402E8F0E9B8054AEEE7044BF5E700BF0F2C002007
S21402E900E0110020002002B8001002B810B503F093
S21402E910D5F80E2104460320FEF706FE40F2012239
S21402E920034B2046BDE81040DA6203F0CBB800BFC6
S21402E930004000B80022044B1A70044B197811B13B
S21402E9401A70FFF7BBBF70470E2C00200F2C00205A
S21402E95008B503F0B3F84FF00042264BC3F8802008
S21402E960BFF34F8FBFF36F8F0122C3F88420BFF32C
S21402E9704F8FBFF36F8F0222C3F88420BFF34F8FEF
S21402E980BFF36F8F0422C3F88420BFF34F8FBFF309
S21402E9906F8F0822C3F88420BFF34F8FBFF36F8FA9
S21402E9A04FF00052C3F88020BFF34F8FBFF36F8F34
S21402E9B01022C3F88420BFF34F8FBFF36F8F20223D
S21402E9C0C3F88420BFF34F8FBFF36F8F4022C3F884
S21402E9D08420BFF34F8FBFF36F8F4FF48062C3F86C
S21402E9E08420BFF34F8FBFF36F8FBDE8084003F05C
S21402E9F069B800BF00E100E008B503F05FF84FF029
S21402EA0000420A4B1A6001225A6004225A60082207
S21402EA105A604FF000521A6010225A6020225A6042
S21402EA2040225A60BDE8084003F04CB800E100E01E
S21402EA30012370B5074C2370074B1E68074B324004
S21402EA40D3E9005319402840FBF738FD0023237012
S21402EA5070BD00BF0D2C0020002A0020E01100200F
S21402EA602DE9F047DDF820A003EA0108099B0646D7
S21402EA700D4602EA000703EA0A09BAF1000F40F05F
S21402EA805C81031F0B4300F01C81052871F1000313
S21402EA9080F0F28050EA010300F07281431E0B43BD
S21402EAA000F03281FFF754FFB64AD2E9004323EA68
S21402EAB0050324EA06043C4343EA0807B24BC2E9CC
S21402EAC000471E6826EA0A0646EA09061E60FFF79F
S21402EAD0F5FE14F02A4F14BF48F202034FF4004327
S21402EAE0AA4AB007D26EAA4848BF43F4005383EA44
S21402EAF0020122EA0302C266A64A0B408166D36678
S21402EB00C4F380421203210348BF42F48072E30634
S21402EB1048BF42F40052A04BA50648BF42F400721A
S21402EB206006D3F80C3248BF42F48062210648BF22
S21402EB3042F40062994882EA030123EA0203C0F81B
S21402EB400C32974B0A40C0F80812C3F80C22BA05DA
S21402EB5007F4007300F11081924A1D46D2F8A41001
S21402EB6002F50052C2F8A410C2F8A0104FF05022CC
S21402EB70C2F8A4308C4ADFF86C8282F88830E3044C
S21402EB8048BF45F48035A00348BF45F48015A10769
S21402EB9048BF45F4001514F4001F06D0D8F800004C
S21402EBA00EF097F908B945F40025E20248BF45F48D
S21402EBB00035FB067D4B48BF45F480051A6A7C4942
S21402EBC085EA020323F001031A400A621D40CB6164
S21402EBD0784B16F0010F1D62774B784A18BF1A461B
S21402EBE0774B7D071B6F48BF42F00062754882EA8A
S21402EBF0030123EA02030367734B0A4041661A675E
S21402EC00724A04F00103916CA0F5803081EA030297
S21402EC1021EA0301816442641A406D4B20029A6421
S21402EC20D8F8002048BF6B4B92F81D2158BF6A4B9C
S21402EC30610748BF43F4806322B114F4C06F18BF63
S21402EC4043F4807332074FF03A42BDE8F047D2F8F9
S21402EC50181148BF43F0004383EA010222F4A022BF
S21402EC605E481140C0F818111340C0F814215C4ADF
S21402EC70C2F81831FFF7C0BEA0F580630B4306D07A
S21402EC8020F48063A3F500730B437FF40BAF02F00E
S21402EC9015FF3C49D1E9003223EA060322EA0502BF
S21402ECA042EA08023B43C1E900324E4A126892F831
S21402ECB01D114A4A09B313F4C06F1ED04FF4807375
S21402ECC011E002F0FBFE2F4AD2E9003123F00403E2
S21402ECD03B4341EA080157EA0807C2E900314FF40C
S21402ECE080633E4A0BD0C2F81431A2F58052C2F8B5
S21402ECF01831BDE8F04702F0E5BE4FF48073C2F863
S21402ED001831C2F81431F4E702F0D8FE1D4AD2E9EF
S21402ED10003123F001033B4341EA0801C2E9003116
S21402ED200123314A57EA08071BBF5364A2F58052F3
S21402ED309364936408BF5364DBE750EA01037FF4ED
S21402ED40B1AEBAF1010F7FF4ADAE02F0B7FE0E4AD5
S21402ED50136823F0010343EA090313604FF4806348
S21402ED60184AB9F1000F04D05366A2F58052136711
S21402ED70BFE713675366BCE701234FF48025F9E625
S21402ED80BDE8F087E0110020002A0020004000B80D
S21402ED90006000B8005000B8004001B8006001B83A
S21402EDA0005001B800400050003F00B0000002B81A
S21402EDB0002002B8001002B8041C00030418000366
S21402EDC000C001B800E001B800D001B800C000B829
S21402EDD000D000B80D0A0A09090A0A09002000BA7A
S21402EDE0001000BAF426002000E000B8024B586873
S21402EDF0C0F3C000704700BFE0110020024B186845
S21402EE0000F00100704700BFE0110020024B586876
S21402EE10C0F3C030704700BFE011002010B50446B2
S21402EE20FEF7CEF9FFF794FD04F18000FDF7DAF95C
S21402EE30FEF75CF9FDF752FEFDF7BEFEFFF7BCFBE0
S21402EE4013490723134AD1F8FC1004F1D800FFF740
S21402EE50F5FB4FF080710020FEF70EF84FF00072BF
S21402EE600D4B4FF400110120C3F80021FEF704F801
S21402EE70FEF73EFC20B940F2E7221421FAF7A4FE80
S21402EE800DF0FDFFBDE810400120FDF767BD00BF95
S21402EE90004F00B0A43F00B000D001B88022074B5C
S21402EEA01A64082203F580531A64054AD2F8C43E4F
S21402EEB023F02003C2F8C43E704700BF001002B819
S21402EEC0003000B008B502F0F9FDFFF7E7FF0122B7
S21402EED0024B1A61BDE8084002F0F4BD000002B819
S21402EEE0F0B583B014460646FFF70CFBFCF7C0FCF1
S21402EEF0002800F09780524B5D6915F0060540F039
S21402EF00918002F0DBFD23790746022B00953ED165
S21402EF10237B022B35D00320FDF7A4FF18B9494BFB
S21402EF20DB685B047BD5A37B257B003B18BF0123F4
S21402EF30A2684549012D01920B705ED00023434A18
S21402EF40434C13702278002A62D10420FDF766FE35
S21402EF5004203B4E2A46736F0DEB000123F0F85354
S21402EF6023F4F81343F0506343F4803373670223A9
S21402EF70FDF772FE00285CD001213022354B21704D
S21402EF80DA64384602F09EFD002003B0F0BD03208E
S21402EF90FDF768FF002842D12279D6F8E030012A30
S21402EFA0226839D0D51A0021254B2B4A00955A677C
S21402EFB09967637B294A8B4214BF0B460123137061
S21402EFC0274B274AD3F8C43E4FF003000CBF43F04A
S21402EFD0200323F02003C2F8C43EFDF71FFE184BA1
S21402EFE0204A03205A67694601232279FDF734FE38
S21402EFF0D0B101221C4B1A708AE72379022B9DD0CE
S21402F000009BD6F8E01000250B441344019395E7C5
S21402F0102370FFF753FC98E79A42C4D3C2E73846F8
S21402F02002F050FD0320B0E7384602F04BFD012007
S21402F030ABE70320FDF7F2FD074B38467367EFE7B1
S21402F04000C001B8000002B8112C00200E2C0020CF
S21402F0500F2C0020001002B800000101102C002026
S21402F060003000B0010C0100122C00202DE9F34103
S21402F07000240D46074602F021FD1B4BDFF8748084
S21402F0801C70FFF70BFF194B0646C8F87430C8F819
S21402F09078406879431E58425841FCF78BF840F690
S21402F0A00143C8F878302A792968012AD7F8E83067
S21402F0B001D1994200D3CC1A042303200DEB03019D
S21402F0C00194FDF7C9FD48B98822094B30461A64F7
S21402F0D002F0F8FC012002B0BDE8F081304602F0F2
S21402F0E0F1FC0020F7E700BF122C0020000001010F
S21402F0F0002002B800C001B8F8B5194C05462078C1
S21402F10040F20642B0FA80F03E214009FAF75CFD72
S21402F11055B9607840F20642BDE8F840B0FA80F091
S21402F1203E214009FAF750BD4FF440660D4F0E4D92
S21402F130D7F8043140F20642C3F381232370C5F8A0
S21402F140046160783E21B0FA80F04009FAF73CFD8F
S21402F150D7F80831C3F381236370C5F80861F8BD98
S21402F1600B2C0020004000B8006000B8F8B5084C30
S21402F170084D236C0423084F2B64236C5B0300D4D6
S21402F180F8BD042602203E640DF0D8FD2E64F4E796
S21402F190000002B8001002B8002002B8A82238B553
S21402F1A01A4B1D6C03F500531A6410229A60A3F5DD
S21402F1B0804302F100521A675A66FFF751FB144B5E
S21402F1C01B7813B90320FDF729FD0024114B9C6719
S21402F1D0FFF7CCFF104A114BD2F8EC1E0B40C2F8D8
S21402F1E0EC3E04220E4B1A640E4BAA06C3F8CC4021
S21402F1F008D503F580739B6FB3F5817F22BF80220B
S21402F200024B1A61BDE83840FCF7EAB9000002B8C2
S21402F210122C002000C001B8003000B0DF0000FF52
S21402F220002002B8003E00B010B551B920B3154B0D
S21402F230DB681B0E13F00E0F1ED1134B1B6CD90787
S21402F2401AD4FFF763FB0F4C0020FEF715FA0328CB
S21402F25001D0092805D1A36ADA07F5D4636CDB036B
S21402F260F2D4FFF783FF0122084B5A6102229A6208
S21402F270042203F580531A644FF4C062044BDA6228
S21402F28010BD00BF000002B800C002B8001002B8ED
S21402F290006001B808B503210920FEF745F92022CF
S21402F2A0014B1A6108BD00BF000002B80D4A10B536
S21402F2B0D2F8A030D2F8A4100B40B3F1804F0CD392
S21402F2C04FF040400849094CC1F8A400D467C1F881
S21402F2D0A0004FF48021064AD161034AC2F8A0304A
S21402F2E010BD00BF00400050006000500000FF014B
S21402F2F0001002B838B5054602F0E0FB0446FCF7FB
S21402F3002BFF35B1FFF716FB2046BDE8384002F06A
S21402F310D9BB084B1B78002BF6D0074B1D78002D67
S21402F320F2D1FFF707FB2A464FF480400021FFF791
S21402F3307FFBE9E70E2C00200D2C00202DE9F84F6C
S21402F3405A4B06460D4614461B6C002A40F0AB800C
S21402F35013F0A00F14BF4FF001094FF00009FCF79D
S21402F3603FF9A0234FF0000ADFF85C810320C8F8BB
S21402F3704030FDF753FC0420FDF750FC4C4FFFF7DE
S21402F380D9FA4C4B4FF0040B7B67C7F878A0FFF70F
S21402F390EDFE494B4FF48071D3F8C42E42F02002A2
S21402F3A0C3F8C42EFF22C8F80820404A1161D3F8D9
S21402F3B0EC2E42491140C3F8EC1EC8F840B0C3F820
S21402F3C0CCAE7B6913F0060F04D0FDF793FD5846CA
S21402F3D0FDF724FCB9F1000F08D04FF40062384B59
S21402F3E01A644FF40042A3F5E0339A6666B1354BD1
S21402F3F0DB6C180701D4FFF789FAFFF74BFF0420EE
S21402F400FDF70CFCFFF72CFA284B5A69D10748D5B2
S21402F410DA6812F0706FFBD12B4B2C4A1A642C4A16
S21402F420936E23F0F003936615B12046FFF762FF52
S21402F430284BD3F84C315A1C01D05B0002D501226E
S21402F440214B5A616CB31F4BDA6E03F500539A6672
S21402F45003F5D0331B6A1C4A23F00103D3611E4B0B
S21402F460D3F80C1203F50053C3F8081203F5005341
S21402F470D3F8841003F5005399674FF03A43D3F854
S21402F480181103F50053C3F81411144B996C03F5C5
S21402F49000535964124903F5803359664FF6084300
S21402F4A01364BDE8F88F4FF0000958E7000002B871
S21402F4B000C001B800000101003000B0DF0000FF0C
S21402F4C0001002B8004000B8002002B81000300059
S21402F4D0003F00B00080E00F004001B800C000B856
S21402F4E05000002F9D4B2DE9F04F9F6EDB6E85B0CE
S21402F4F01F409B4B9F664FF03A43D3F81451D3F804
S21402F50018311D40974BC3F81451974BD3F8082275
S21402F510D3F80C3202EA0309944BC3F8089203F5B7
S21402F5202043DA691B6A02EA0308914B914A08EA09
S21402F5300303D361904BD3F80422D20605D4D3F842
S21402F5400431C3F30016DB0652D502F0B7FA8B4B32
S21402F5505A695E6E1B6F12F0060F06EA0306884AA9
S21402F56026F0007314BF4FF0010A4FF0000A23F48E
S21402F57000637407536606D5824A92F88D300133CB
S21402F580DBB282F88D3002F09DFA002F00F0E380A5
S21402F59017F4004300F0D48002F090FA0146FFF719
S21402F5A079F90446DFF8D4B1DBF82020DBF8203006
S21402F5B09A42FBD0DBF820209342FBD0FFF76AF991
S21402F5C0A04217D1084602F07DFA6F4B1C606F4BC3
S21402F5D0D3F840B01BF4E0520ED124F07F4424F05E
S21402F5E0DF040CB9FFF7DAFD4FF0807B002414E04D
S21402F5F0B246CAE70446D7E70192FFF7CFFD5D4B56
S21402F600019A1BF480541A6440F09C801BF4806FAD
S21402F6100CBF4FF0805B4FF0806BB80715D55B4A86
S21402F6205448126C02F460410164002900F08D8097
S21402F630110400F18D8012F4005F0CBF4FF00052EF
S21402F6404FF0006200244BEA020BC7F340377F00FC
S21402F6504F4A2A40002A4BD015F4206F0AD040F6B3
S21402F6600F0206210020FAF7AFFA0020FFF742FE4B
S21402F67025F48025EB0506D5FF213E4A4BF4C06BE8
S21402F6809160FFF743F915F0090F0BD040F62402FC
S21402F69008210020FAF798FAFFF7FCFD4FF03A42ED
S21402F6A00121516315F0106F0CD040F62D0209218E
S21402F6B00020FAF789FAFFF7EDFD00221146104600
S21402F6C0FCF71EFD15F4202F0AD040F6350207215E
S21402F6D00020FAF779FA0020FFF70CFE25F48025C1
S21402F6E0E80301D5FCF778FE002DB8BF47F00807FF
S21402F6F069070ED54FF03A42126B12F4005F4FF4D0
S21402F700005217BF174923490A634BF4000B08BF80
S21402F7100A636A0548BF4BF0040B15F48023019375
S21402F72000F0A180FCF716FE0138062834D8DFE880
S21402F73010F017011A0117011D01200123012301F0
S21402F7409B4653E74FF0804B50E74FF0007279E745
S21402F7504FF0004276E7BB463C4679E7004000B8E9
S21402F760006000B8002000BA004001B8006001B88E
S21402F7700000F7FF002002B800E100E000C001B878
S21402F78000E001B8003E00B0FC290020000002B8EC
S21402F790090B0B89001000BA40F66602032100200E
S21402F7A0FAF712FA4FF03A400121D0F88C20D0F83E
S21402F7B0AC3002F00702063201FA02F2C3F30C0C76
S21402F7C0A2EB0C0292B2072A12D9754A126C5302A5
S21402F7D00ED4744BC26CC06E5B6D5BB102F0070256
S21402F7E006329140C0F30C00091A89B2072901D8E3
S21402F7F04BF4007B6C4A1278002A34D04FF03A421F
S21402F800D2F8142112F4A02F2DD1684A6849127832
S21402F8109AB9F20411D40A787AB14FEADB02654843
S21402F82042EA447282F00102D0F8EC0E02F00102C3
S21402F830520020FA02F2930715D10420FDF7EEF9E2
S21402F8405D4A5E485067FFF775F859490A7832B93B
S21402F8505B4A5C4912680BEA02020A4201D14BF487
S21402F860804B26F48056B9F1000F1DD019F4805F44
S21402F87018BF4BF4802B19F4807F18BF4BF4002B73
S21402F88019F4005F18BF4BF0100B19F4007F18BF75
S21402F8904BF0200B19F4806F18BF4BF0400B19F495
S21402F8A0006F18BF4BF0800BB8F1000F3AD018F477
S21402F8B0802F18BF44F4007418F4803F18BF4BF42E
S21402F8C0805B18F4801F18BF4BF4003B18F4001F2F
S21402F8D018BF4BF0020B18F4003F18BF4BF4801B06
S21402F8E018F4800F18BF44F0100418F4002F19D033
S21402F8F0304AD2F8C42E12F0C00F13D02849CA6874
S21402F900C2F30362032A01D0072A05D14A6CD00645
S21402F91002D48A6C110732D54FF400212A4A28F401
S21402F9200028D161002E00F01581320540F1878053
S21402F9302648DFF88490C2782549002A4ED04FF434
S21402F9400063013AD2B24B66C27032B9214A1278CB
S21402F950C2B140F60141204A5167002200216BE005
S21402F9604BF4803B1EE74BF4006B1BE74BF4806BBB
S21402F97018E74BF4807B15E74BF0080B12E74BF4C5
S21402F980001BCFE7D9F8782012F4A05F15BF4FF41A
S21402F990807240F60142C9F85820C9F87820DCE7A0
S21402F9A0000002B8004000B80F2C00200E2C0020E9
S21402F9B0102C0020003000B000C001B80000010189
S21402F9C0E0110020088D0100002002B8FF2B002065
S21402F9D000E001B8122C002000D001B80320FDF789
S21402F9E01DF9D9F81420A34B12F0060F04BF41F6F6
S21402F9F01F72A149A14808BF4A674FF400619E4A98
S21402FA005166D9F8142012F0060208BFC9F8782009
S21402FA10B3F88E2012F400615DD022F40062A3F8DF
S21402FA208E20027802F0FF09002A58D1FDF762FA0A
S21402FA30FFF7B4FB4A4620214BEA020B0C43B30005
S21402FA4009D52E20FDF726F84FF000518A4A44F0D9
S21402FA50080411675166F00606D52B20FDF71AF842
S21402FA601021854A1167516616F0306F05D1F104F0
S21402FA705DD5BAF1000F00F0A780320111D529201A
S21402FA80FDF708F8FFF7B2F948B17D4A7D487A4992
S21402FA904A66026700F54050C068430422D444F028
S21402FAA0040416F0007A28D00420FDF7B7F82720C1
S21402FAB0FCF7F0FFFFF772FB4FF000716E4A5166DB
S21402FAC0714AD2F8EC1E490678D4704A0221916037
S21402FAD044F0020428E002784FF40052ACE74FF4F8
S21402FAE000423BE70A6720204A66FCF7D3FF2D2038
S21402FAF044F00C04FCF7CEFFD3E716F0807FDFF865
S21402FB00909146D00420FDF789F82820FCF7C2FF22
S21402FB10D9F87820002A39D1FFF740FB564A5849CF
S21402FB2044F00104116751660021594A9165320476
S21402FB3005D5584A126890474BEA000B0C437305EA
S21402FB4008D555498A78002A00F08E80013A8A70D4
S21402FB50002217433A4658462146FEF769FF019BA4
S21402FB600BB1FCF72BFC01224C4B05F00435C3F815
S21402FB7014514B4B18F4002FC3F884211EBF4FF4C8
S21402FB800022424BDA6105B0BDE8F08FC9F878A0D2
S21402FB90C4E7F004C8D50420FDF740F8414AC9F886
S21402FBA07420FDF7A7F9D9F8642012F0407FBBD184
S21402FBB02A20FCF76FFFFFF7F1FA81E7D2F8C42E8E
S21402FBC0930685D4384A81E733490A7952B1013A15
S21402FBD0D2B20A7112B92B4A3449516700224BEA53
S21402FBE0020BA4E70420FDF719F80320FDF716F828
S21402FBF0274A2C49516701F061FF81460DF10F003B
S21402FC00FDF73AFD2A4A824612780AB1FEF77EFED0
S21402FC10BAF1030F0ED1DFF8A0A00020FDF72CFDED
S21402FC20032807D1DAF82820D007F6D4DAF84420D9
S21402FC30D103F2D49DF80F20032A06D101211D4AD2
S21402FC404846117001F03EFFC8E74FF03A42D2F83C
S21402FC50142112F4A02FF1D1FEF76CFE484601F0F3
S21402FC6031FF4FF48042BAE70220FCF7D7FF0122A9
S21402FC706FE700BF003E00B000E001B8122C002083
S21402FC801000002000D001B8003000B0002002B8FA
S21402FC9000C001B8F40B0020FF2B0020002000BAA1
S21402FCA000E100E000000101001002B80000010DB2
S21402FCB0112C00200E2C0020000002B80122024B5C
S21402FCC01A62DA61704700BF002002B8074A08B518
S21402FCD0D369116A0B40064998B2DB07C86104D59E
S21402FCE0D068C0F30360FFF7E9FF08BD000002B862
S21402FCF0002002B80C4A08B5536C926C13400B4AAB
S21402FD005364DB070FD50A4B40F6AC221878122153
S21402FD1000F00100F9F758FFBDE808400022012074
S21402FD200021FEF785BE08BD00C000B800E000B89E
S21402FD30E0110020184B70B51C6C5A6C1440174A20
S21402FD4024F002011164E10705D540F6F3220020F3
S21402FD501968F9F739FFA2071CD502220F4B1A645D
S21402FD60A3F500535B68DBB2A3B9FDF791F804462E
S21402FD700D460B4ED6F8F433DB060BD5FDF788F8A6
S21402FD8002460B4620462946FCF736FF652871F1E7
S21402FD900001EFD370BD00BF008002B800A002B819
S21402FDA0000002B870B580260A4C0B4DD4F8843099
S21402FDB0DB070AD4A36FD4F884201340074A93675C
S21402FDC070BDFFF7B7FFC5F88461D5F804311A068F
S21402FDD0F7D4EBE7008001B800E100E000A001B82C
S21402FDE070B514460D4601F069FE064BD3F8C46E94
S21402FDF074402C407440C3F8C44E01F063FE06EA19
S21402FE00050070BD003000B0034BD3F8C43E9943E2
S21402FE100CBF012000207047003000B01E4BD3F804
S21402FE20C43E13F001001ED01C4B93F848001C4A37
S21402FE3040F08073C2F8CC304FF480131949C1F8F1
S21402FE40B430A1F58051C1F8B830D2F80C31DBB22B
S21402FE50FF2B1FD0984294BF0020012040F6DF32CD
S21402FE603C21F9F7B1BE1A06E1D40F4A92F84711BF
S21402FE7021B1DB0602D592F84401D8E74FF480128E
S21402FE800020084B0649C3F8B820C1F8CC00C3F8D6
S21402FE90B42070470120E1E7003000B0003F00B018
S21402FEA0004000B8006000B8003E00B053B94AB93E
S21402FEB0002908BF00281CBF4FF0FF314FF0FF306B
S21402FEC000F082B9ADF1080C6DE904CE00F006F838
S21402FED0DDF804E0DDE9022304B070472DE9F04FB7
S21402FEE0099D04460F46002B48D18A42944661D9A2
S21402FEF0B2FA82F343B1C3F120019F4002FA03FC37
S21402FF009C4020FA01F10F434FEA1C411FFA8CFE77
S21402FF10220CB7FBF1F601FB167706FB0EF042EA5F
S21402FF200742904208D91CEB020206F1FF3702D2C2
S21402FF30904200F237813E46121AA4B2B2FBF1F0AA
S21402FF4001FB102200FB0EFE44EA0244A64508D935
S21402FF501CEB040400F1FF3202D2A64500F21C811B
S21402FF60104640EA0640A4EB0E0400261DB1DC4013
S21402FF700023C5E900433146BDE8F08F8B4209D91C
S21402FF80002D00F0FD800026C5E90001304631460E
S21402FF90BDE8F08FB3FA83F6002E4BD18B42C0F049
S21402FFA0F280824240F2EF803046002DE3D0C5E96F
S21402FFB00047E0E702B9FFDEB2FA82F3002B40F018
S21402FFC09D80891A4FEA124E97B20126200CB1FB89
S21402FFD0FEF20EFB121140EA014107FB02F08842D4
S21402FFE00FD91CEB010102F1FF382CBF4FF00109BB
S21402FFF04FF00009884203D9B9F1000F00F0CF8014
S2140300004246091AA4B2B1FBFEF00EFB101100FB28
S21403001007F744EA0144A74208D91CEB040400F19D
S214030020FF3102D2A74200F2B4800846E41B40EA3E
S21403003002409BE7C6F12007B34001FA06F422FA12
S21403004007FCF940B2404CEA030C20FA07F34FEAE8
S2140300501C491C431FFA8CFE00FA06F3200CB1FB66
S214030060F9F809FB181140EA014108FB0EF0884233
S2140300700FD91CEB010108F1FF3A2CBF4FF0010B1F
S2140300804FF0000B884203D9BBF1000F00F08D80C0
S214030090D046091AA4B2B1FBF9F009FB101100FB14
S2140300A00EFE44EA01418E4507D91CEB010100F11F
S2140300B0FF3401D28E457FD8204640EA0840A1EBA4
S2140300C00E01A0FB029841454C46C64602D306D114
S2140300D04B4504D20138B9EB020468EB0C0E002D35
S2140300E070D01A1B61EB0E0122FA06F301FA07F72A
S2140300F0F14000261F43C5E900713CE702FA03FC02
S214030100C3F1200001FA03F221FA00F64FEA1C4E6F
S21403011024FA00F11FFA8CF79C401143B6FBFEF05D
S2140301200A0C0EFB106642EA064200FB07F69642EE
S2140301300ED91CEB020200F1FF382CBF4FF0010969
S2140301404FF00009964202D9B9F1000F31D040466C
S214030150921B89B2B2FBFEF60EFB162241EA02415F
S21403016006FB07F28A4207D91CEB010106F1FF38AA
S21403017001D28A4223D84646891A46EA004625E72C
S2140301802E462846F7E6841A61EB030301201F4632
S2140301900BE76444023849E764440238E1E6023A6E
S2140301A061442EE7023E6244C6E6A8F102086144B3
S2140301B06FE702386244CBE7023861447DE7023ECC
S2140301C06144D9E72E46D6E6704700BF024B0A467F
S2140301D0014618680CF0BEBE180C002008B5074B85
S2140301E0044613B1002100E000BF054B1868836A7C
S2140301F003B19847204602F063FA00BF00000000F0
S214030200602A040070B50D4D00260D4C641BA41027
S214030210A64209D10B4D00260B4C0DF041FC641B86
S214030220A410A64205D170BD55F8043B0136984785
S214030230EEE755F8043B01369847F2E7100F002027
S214030240100F0020100F0020140F0020024B014651
S214030250186800F077B800BF180C0020024B014660
S214030260186800F003B800BF180C002037B5002943
S21403027043D051F8043C0C1F0190002BB8BFE41880
S21403028000F028FB1E4A0198136833B963601460B4
S21403029003B0BDE8304000F023BBA34208D925686D
S2140302A061198B4201BF19685B6849192160EDE744
S2140302B01A465B680BB1A342FAD911685518A542D2
S2140302C00BD12468214454181160A342E0D11C6862
S2140302D05B68214453601160DAE702D90C2303609C
S2140302E0D6E7256861198B4202BF19685B6849190E
S2140302F0636008BF21605460CAE703B030BD00BF27
S214030300042A002070B50E4E0C460546316811B916
S21403031000F08CF830602146284600F087F8431C2E
S2140303200AD0C41C24F00304A04207D0211A28468E
S21403033000F07CF8013001D14FF0FF34204670BD49
S214030340082A00202DE9F041CD1C074625F00305B9
S21403035008350C2D38BF0C25002D01DBA94205D925
S2140303600C2300263B603046BDE8F0812E4E00F09D
S214030370B1FA33681C4634BB29463846FFF7C2FF3A
S214030380431C04464DD134682646002E40D12368CC
S2140303903146384604EB030800F048F880453AD166
S2140303A02168033538466D1A25F0030508350C2DEC
S2140303B038BF0C252946FFF7A5FF01302BD023684D
S2140303C02B4423600EE02268521B1ED40B2A16D938
S2140303D06119A342256018BF5960636808BF31607E
S2140303E062514B6004F10B06384600F079FA231D80
S2140303F026F00706F21AB6D09B1BA350B3E7626833
S214030400A3420CBF32605A60ECE723466468B2E747
S21403041034467668B9E70C2338463B6000F060FA4A
S214030420A1E72560DEE700BF042A002038B50023D5
S214030430054D044608462B60E3F7C0F9431C02D17A
S2140304402B6803B1236038BD0C2A00202DE9F7433F
S2140304501D465C4B04460E461F68904627B1BB6993
S21403046013B9384600F0B8F9574B9C4267D17C68FD
S214030470B8F1020F06D0B8F1010F00F29E80002DEE
S214030480C0F29B80636EDB0705D4A389980502D46C
S214030490A06D0CF0ABFD2146384600F01FF9616BEA
S2140304A041B104F14403994202D03846FFF7DEFE19
S2140304B0002363630023A3616360A389190603D53E
S2140304C021693846FFF7D2FEA389B8F1020F23F459
S2140304D04A6323F00303A3816BD001AB6A4621462C
S2140304E038460CF085FDA3891843A081002D30D132
S2140304F0009D2846FFF7AAFE0646002854D1DDF8DD
S2140305000090A94549D14FF0FF350022B4F90C30CD
S214030510A26004F1470243F0020322602261012233
S214030520A3816261626ED20705D413F4007F02D101
S214030530A06D0CF05CFD284603B0BDE8F083234BAA
S2140305409C4201D1BC6893E7214B9C4208BFFC68E0
S2140305508EE7002ECDD0BB6913B9384600F03CF9C0
S214030560B8F1010F266002BFA38943F00103A381FC
S214030570A28912F00803C4E904651CD0D30745BF5B
S21403058000236D42A560A36048BFA561656E15F0A4
S214030590010515D112F4007FC9E74846FFF756FE5A
S2140305A006460028AFD04D46A38943F08003A381B7
S2140305B0D1E70025A9E7A360E8E74FF0FF35BAE7E0
S2140305C00025B8E7180C0020842A0400A42A040097
S2140305D0642A04008A892DE9F041054610070C4673
S2140305E058D44B68002B05DC0B6C002B02DC002078
S2140305F0BDE8F081E66A002EF9D0002312F480529B
S2140306002F682B6032D0606DA3895A0705D56368BF
S214030610C01A636B0BB1236CC01A00230246E66A4A
S2140306202846216AB047431CA38906D129681D2999
S2140306302CD8294ACA40D60728D50022D904626096
S2140306402269226004D5421C01D12B6803B9606578
S214030650616B2F600029CAD004F14403994202D08B
S2140306602846FFF703FE00206063C1E7216A0123E3
S2140306702846B047411CC7D12B68002BC4D01D2B7E
S21403068001D0162B01D12F60B1E7A38943F04003B5
S214030690A381ADE70F69002FA9D093070E680F60FB
S2140306A00CBF4B690023A6EB07088B60B8F1000F5D
S2140306B09DDD43463A46216A2846A66AB047002887
S2140306C006DCA3894FF0FF3043F04003A3818FE796
S2140306D00744A8EB0008E9E70100402038B50B699A
S2140306E005460C4613B90025284638BD18B183695C
S2140306F00BB900F071F8144B9C421BD16C68B4F92B
S2140307000C30002BEFD0626ED00704D4990502D4C8
S214030710A06D0CF06BFC28462146FFF75BFF636E6B
S2140307200546DA07E0D4A3899B05DDD4A06D0CF05B
S2140307305EFCD9E7054B9C4201D1AC68DFE7044B6E
S2140307409C4208BFEC68DAE7842A0400A42A040063
S214030750642A0400002310B5044683608181194689
S2140307604366C28108228361C0E90033C0E90433CB
S2140307705C300CF0E7FB054B24626362044BA36218
S214030780044BE362044B236310BD00BF3BD003005E
S2140307905DD0030095D00300B9D0030001490CF0E7
S2140307A005BC00BFDD06030001480CF01FBC00BFFC
S2140307B0142C002001480CF01ABC00BF142C002097
S2140307C001480CF013BC00BF152C002001480CF0A8
S2140307D00EBC00BF152C002010B50446FFF7F0FF33
S2140307E0A3691BB1BDE81040FFF7F0BFC4E912339D
S2140307F023652046124B134A1B68A262A34204BF1A
S2140308000123A36100F020F86060204600F01CF886
S214030810A060204600F018F800220421E06060681B
S214030820FFF798FF01220921A068FFF793FF022232
S2140308301221E068FFF78EFF0123A361D2E700BF12
S214030840602A04009D070300F8B50746FFF7ACFFD0
S2140308501E4B1E68B36913B93046FFF7BDFF483613
S214030860D6E90134013B03D533680BB33668F7E7A3
S214030870B4F90C50D5B9164B04F158006566E3601D
S2140308800CF0B3FBFFF796FF0822294604F15C0041
S2140308902560A561C4E90155C4E904550CF052FB73
S2140308A0C4E90D55C4E912552046F8BD6834D9E7A6
S2140308B0042138460CF064FB044630600028D5D18A
S2140308C0FFF778FF0C233B60EEE700BF602A0400C7
S2140308D00100FFFF01480CF089BB00BF132C00206A
S2140308E001480CF084BB00BF132C002038B5044627
S2140308F0064D0846114600222A601A4601F0F6FE07
S214030900431C02D12B6803B1236038BD0C2A002098
S21403091038B50023054D044608462B6001F0CEFE8D
S214030920431C02D12B6803B1236038BD0C2A002078
S21403093038B50023064D0446084611462B6001F0E1
S214030940C0FE431C02D12B6803B1236038BD00BF31
S2140309500C2A002038B50446064D084611460022E8
S2140309602A601A4601F0B2FE431C02D12B6803B17B
S214030970236038BD0C2A002038B50446064D0846C9
S214030980114600222A601A4601F0A2FE431C02D139
S2140309902B6803B1236038BD0C2A0020094A51682E
S2140309A0C84390FAA0F048B1B0FA80F0042805DCFA
S2140309B0012383400B43536040B270474FF0FF3030
S2140309C0704700BF382A00200021034B2822034823
S2140309D0C3E900110CF0B6BA382A0020102A00200A
S2140309E038B50546FFF7DAFF04460448294600EB08
S2140309F0C4000CF0BCFB204638BD00BF102A002004
S214030A00C3B2042B10B515D804230B4A03EBC0035B
S214030A10134453E8002F0A4343E80024002CF8D17C
S214030A2001220649824051E8003F134341E8003063
S214030A300028F8D110BD00BF102A0020382A002055
S214030A40F7B54FF0040C01260827184A1849194D24
S214030A50106800B30B7806FA03F420421DD0E04377
S214030A6052E8004F044042E8004EBEF1000FF7D1B3
S214030A7017FB03C32B4453E8000F43E800E4002CA2
S214030A80F9D1019048B1087801AA0B4905EBC000DB
S214030A900CF0A9FB012003B0F0BD0B78506883422D
S214030AA02EBF00230133DBB20B70D1E7382A0020B8
S214030AB0162C0020102A002078563412024B186891
S214030AC0003818BF01207047382A002010B50446A6
S214030AD000F0FBFF074B1B684BB1DB681B1B002BAF
S214030AE0CCBF0024012400F0F6FF204610BD1C46B0
S214030AF0F9E700BF502A002038B54FF0FF3405460B
S214030B0000F0E3FF084B1A681AB900F0E4FF20462A
S214030B1038BDD2E903310B445B1B23F000439C42F0
S214030B2028BF1C465268EFE7502A00202DE9F84FED
S214030B300C9F0E461546994680469DF82CA008B194
S214030B4003687BB937B129463046B84740F20340BD
S214030B50BDE8F88F002DF9D0002EF7DB284600F00D
S214030B6009FCF3E700F0B1FF8346504600F0F0F9C6
S214030B700446584600F0AFFF8CB947B129463046C5
S214030B80B8470320314600F0BBFB1A20E0E7002DF0
S214030B90F7D0002EF5DB284600F0ECFBF1E76561A5
S214030BA000250A9BC4F80080DFF87080C4E9079725
S214030BB0A660236184F818A0D8F8003065609847CB
S214030BC009EB000600F081FF07461248E66002685C
S214030BD0114631B1CB689B1B002B13DBCB689E42BF
S214030BE010D09DB90C4B626004601C682CB1D8F819
S214030BF000309847FFF780FFA047384600F06BFFAA
S214030C000020A5E74B680D461946E2E76B6863606C
S214030C106C60F2E7502A0020402A0020482A002071
S214030C202DE9F74F81460D4692461E4600F04DFFCE
S214030C304FF00008DFF874B00190DBF800402CB9E1
S214030C40019803B0BDE8F04F00F045BF23684B455D
S214030C501CD12DB1A3682A6823F00043934215D113
S214030C607EB96368B8F1000F13D1CBF800300D4B93
S214030C701F6887B10C4A12689047FFF73DFFB847D5
S214030C8009E051466069B0470028EAD0A046646888
S214030C90D5E7C8F80430676820460CF024FA3C46CB
S214030CA0CDE700BF402A0020482A0020502A002013
S214030CB0014B1860704700BF402A002070B50B4BED
S214030CC004460E4615461978094A0A480CF06EFE85
S214030CD00023094A24211360084A07201660084A9D
S214030CE015602246BDE8704000F0B4B82F2C0020F3
S214030CF0C42A0400172C0020502A0020482A00206B
S214030D00442A00207FB504461846002303930A4B63
S214030D100D461B68164613B9212004B070BD03A9FF
S214030D2098470028F8D10090324629462046039B70
S214030D300CF00CFAF1E700BF442A0020F8B505468C
S214030D4010200F46164600F0F7FA0A4B04461878AA
S214030D5018B1102221460CF02CFE44B101230020CA
S214030D60E3602B68C4E9017623602C60F8BD1A2083
S214030D70FCE700BF172C00202DE9F843264FDFF8C9
S214030D80A880264D38603868FFF7A0FE30B9244B9C
S214030D901B689847BDE8F843FFF7AEBE00F095FE24
S214030DA0D8F800400646ECB16368C8F800301D4B1F
S214030DB0D3F80090B9F1000F0CD100F08CFEA368B5
S214030DC02C6033F0004311D128680CF08CF9002313
S214030DD02B60D8E7124B1B689847FFF78DFEC84772
S214030DE03046EAE700F077FE2C60CCE72368002B5A
S214030DF0EAD018680028E7D0A26832F00043E3D0B0
S214030E00D0E90069636921688068C8470028DBD198
S214030E10002ED9D03046EFE7542A00204C2A002073
S214030E20482A0020402A0020502A002038B50446CD
S214030E300D4600F04AFE064B1B683BB1DA6922609A
S214030E401B692B60BDE8384000F045BE2360F8E719
S214030E504C2A00202DE9F74F4FF6FC770024164660
S214030E60DFF884900331DFF884B009EB00150F40F8
S214030E704FEA001ADBF800306A80804629F80A70C9
S214030E8002FB07F0EC60984717FB06F292B20346A4
S214030E9068602A8108B300921148124A9BF804102E
S214030EA052F8282040440CF082FD21462A896868BF
S214030EB00CF048F8214623469E4206DC0020D14427
S214030EC0A9F8026003B0BDE8F08F6A68E8685418B2
S214030ED050500133EC603944EEE71A20F2E700BFC6
S214030EE0182C0020C42B040084240020582A002039
S214030EF070B50B4E044606EB0015696839B1094B0D
S214030F002A89185C0CF054FD686800F033FA06EB87
S214030F1004101022BDE8704000210CF013B800BF87
S214030F2084240020182C0020044B19601A71986042
S214030F300201002102480CF005B800BF582A002021
S214030F4084240020014B185C704700BF182C002037
S214030F5070B50A4C060104EB0013DD68084B185CF9
S214030F6018B12946A25B0CF024FD2DB12B6834443E
S214030F70E3606388013B6380284670BD84240020B9
S214030F80182C0020024B03EB00139878704700BF21
S214030F9084240020094B10B403EB00135A88DC6842
S214030FA001320C60D9605A80054B185C18B15DF8A5
S214030FB0044B0CF0FFBC5DF8044B70478424002000
S214030FC0182C0020044A010102EB0013505A10B1FA
S214030FD01B89B3FBF0F070478424002038B5002447
S214030FE0154B164D1C70164B20461C60154B2C607B
S214030FF01C706C60AC60FFF7E5FF80B2A0F10E03D7
S2140310006B80A0F11403013068812046EB80FFF764
S21403101099FF04460C4D01460C4A28460CF0C6FCC4
S2140310202146681E0A4A0CF0C1FC2146681C094A80
S214031030BDE838400CF0BABC2D2C0020D02A002086
S2140310407C2A00202C2C00202A2C0020082C0400AC
S214031050112C04001B2C040070B5044680B300F06A
S21403106034FD637905466FF382036371237913F0C6
S214031070100605D010232371BDE8704000F02BBD89
S214031080104903F0030331F823203046013A21F8D0
S21403109023202146FFF77EFF0B4B0C4E1C681CB922
S2140310A00A4B28461C70E7E7237A1BB933781BB92B
S2140310B02468F4E7012BFBD1204663689847F7E7DB
S2140310C070BD00BFD02A00207C2A00202D2C0020D3
S2140310D010B5044600F0F9FC034B1A6822601C6046
S2140310E0BDE8104000F0F7BC7C2A002010B5064B84
S2140310F000F0E0001A78541C1C70044B03F832000E
S21403110003EBC203596010BD2C2C0020642A002078
S2140311102DE9F04F0446460789B048BF00F0F704B0
S2140311200492029100F0D1FC614F04F0030607EB32
S214031130860337F826205B8881469A4204F0EF0A36
S2140311404FEA860831D20020FFF702FF054640B378
S21403115037F826304846013327F8263000F0BBFC24
S21403116028460CF092FA029B029AAB71049B85F810
S21403117004A01344EB7100F0A8FC07464D4B1C6813
S214031180002C40F08C80384600F0A5FC4A4B985D56
S21403119018B1452229460CF00CFC284609B0BDE8D8
S2140311A0F08F01224846454B1A7000F094FC250741
S2140311B01DD51F2C1BD904F0E003039300F085FC18
S2140311C007EB08035B8837F826804FF0000B98453B
S2140311D02CBF00230123DFF8EC90019300F07BFC87
S2140311E007EB86030593364B1B789B4508D384F0A1
S2140311F004005146C0F3800000F082F80025C5E7DE
S21403120099F80030039A1A4204D0D9F80480D8F823
S214031210003023B90BF1010B09F10809E3E7079343
S2140312205A79D00708D51A79510705D5019941B9D6
S2140312308AEA0202920704D098461B68002BEFD175
S214031240E5E740460CF0B8F80579079007A80CF0D8
S21403125095F82946002000F053F800F036FC059B6D
S21403126037F826205B8805469A4234BF01230023BD
S214031270019309D20020FFF76BFE079058B137F8A9
S2140312802630013327F82630284600F024FC079D35
S214031290002DBCD064E70122084B1A70F4E7237ACA
S2140312A0012B02D1204663689847246868E700BF8D
S2140312B0D02A00207C2A0020292C00202D2C002058
S2140312C02C2C0020642A00200022014B1A60704751
S2140312D0802A002010B5044600F0F7FB074A13687F
S2140312E02BB914602360BDE8104000F0F4BBA342A2
S2140312F002D01A461B68F3E710BD00BF802A002001
S21403130070B505460E46054B1C6804B970BD636888
S2140313103146284698472468F7E700BF802A00200E
S214031320024B034A197803480CF040BB2E2C0020CE
S214031330282C04002F2C002038B5C41C24F00304EA
S214031340204601F09CFB0A4B0546187818B1224646
S21403135029460CF02EFB2DB921460220FFF7D0FFBD
S214031360284638BD2246002128460BF0EBFDF7E75A
S2140313702F2C002010B5044628B1054B187810B161
S21403138021460CF017FB2046BDE8104001F096BB43
S2140313902F2C002010B5064C237823B9E7F73EFE22
S2140313A018B901232370002010BD40F20740FBE765
S2140313B0302C002038B50B4B04461B780D464BB13A
S2140313C021462846E7F75CFD002840F2074008BFA1
S2140313D0002038BD04490548FFF7DCFF0028EFD09E
S2140313E0F7E700BF302C0020EFBEADDEBEBAFECA64
S2140313F0406800B9704743688B4201D00068F8E73D
S21403140001207047FEE70420704700207047052040
S214031410704708B5E1F738FF042008BD10B5044649
S214031420F1F7BAFBE06000B1FEE7052010BD10B58A
S214031430044640F6B830E1F765FBE06000B1FEE72E
S214031440042010BD0023FF22C0E90533C3610384D3
S21403145080F8223080F82B30532380F8332080F82E
S2140314602730704710B50446E1F72AFF41F288306B
S214031470E1F748FBE06000B1FEE701210846F1F71B
S21403148097FBE06000B1FEE72046FFF7DBFF042092
S21403149010BD07B50DF10700E1F768FC03B05DF872
S2140314A004FB08B501F0D1FAE1F7C4FB01F0DAFA60
S2140314B0E1F7DAFBE6F708FBF8E7EEF773BF08B5E4
S2140314C0E7F712FABDE80840F1F714B910B5044679
S2140314D0E1F7F4FD2046E1F78DFC2046E1F70CFC2E
S2140314E010BD0120704700B5C3B0EEF7EDFE05F062
S2140314F0A4FF48B1FFF7F5FF30B101A806F02AFEB6
S21403150010B901A8FFF7E2FF43B05DF804FB70478C
S21403151008B5E2F7B5F9E2F7A5FCE1F7A5FDE1F7B3
S214031520B5FDBDE8084000F097B808B500F085F8AB
S214031530E6F7B2FEE5F75CFE00F0D6FEE6F76AF8DD
S214031540E7F76CFD00F05CFFBDE80840E1F772BD0D
S21403155008B5E4F737F800F02FFBBDE80840FFF7BF
S214031560AEBF08B5E1F728FEBDE80840E1F7E6BEE2
S214031570704708B5E1F774FEBDE80840E1F7E0BF41
S214031580FFF7B1BF7047E1F763BD01207047012045
S214031590704710B5E1F7A6FE0446E2F70BF80028FD
S2140315A008BF0024EEF7B8FE002808BF0024FFF7A4
S2140315B0ECFF002814BF2046002010BD38B5E6F720
S2140315C08BFB0446E1F7A2FE042825D002284FF041
S2140315D0000508BF0124E1F7E3FF04281ED0022814
S2140315E008BF012405F06BFF042819D0022808BFA2
S2140315F00124E1F733FD042814D0022808BF012490
S214031600FFF7C5FF04280FD0022808BF0124002DCA
S21403161018BF0024204638BD0125DCE70125E1E795
S2140316200125E6E70125EBE70024F3E782B002ABEA
S21403163003E90300012002B070470E20704708B587
S21403164001213A20E2F7ACFEBDE80840FFF75FBF92
S21403165001213A20E2F7A4BE08B5082000F0A2F85C
S214031660BDE80840082000F0A9B8FEE710B53AB177
S214031670002350F8234041F8234001339A42F8D11F
S21403168010BD002070474FF4004070474FF47A7047
S214031690704700230360704703680B600160704760
S2140316A0036803B970478B4202D10B680360704727
S2140316B01846F5E7436803B1184722207047436985
S2140316C003B11847FF20704710B40A681378022B3B
S2140316D014D014203023147913FB040303F1A0431E
S2140316E003F570331B685079C340DB4303F00103F3
S2140316F0137008465DF8044BE1F76ABD5DF8044BCA
S214031700704703681878704702681378022B27D04F
S21403171014213023107913FB001303F1A04303F5C0
S214031720703351791B68CB40917903F0010301298B
S21403173012D1508843EA40034FF6E07063F03F034C
S2140317409BB2834202D11170538070474FF6DF710C
S2140317508B42F9D10021F6E711B983F00103137028
S214031760704703681A78022A03D100225A80E2F7E8
S21403177035B8704713B504682378022B10D0A379C5
S214031780022B0BD100216079E2F784FB00236279F8
S21403179020791146CDE90033E3F7C8FB0223237013
S2140317A002B010BD4FF060420123D2F8001E03FAC8
S2140317B000F00843C2F8000E002070474FF0604167
S2140317C00122D1F8003E02FA00F023EA0003C1F832
S2140317D0003E00207047D0E900031847C36800683E
S2140317E0184703690068184743690068184710B527
S2140317F0044601213A20E2F7D3FDA3782078B3FA12
S21403180083F3042261785B09E3F7E8FB002010BD4D
S2140318100122417803788A4030214B4343F210017A
S21403182003F1A04303F570335A5070473023102159
S2140318300246007813FB001303F1A04303F570334D
S21403184050781B68C34003F0010093780BB980F00F
S2140318500100704710B588B00E9C009207940D9C4B
S214031860024606949DF8304005940B9C04949DF81C
S214031870284003940024CDE9013420460B46012179
S214031880E2F786F808B010BD704713B5044601A802
S214031890E3F782FD9DF8063023804FF48073638060
S2140318A0E3F79AFD6060002002B010BDE3F7F8BCD2
S2140318B008B5E3F7E5FC002008BD10B5044644EA86
S2140318C0010313F00303084609D1934201D1002014
S2140318D010BD54F8231040F823100133F5E72146D2
S2140318E092000BF008FBF2E70A4601390144E5F7DC
S2140318F0EDBE08B5E1F70AFFBDE808400021E2F7B0
S21403190029BD1FB5002380280446019371D02AD829
S214031910002872D0A0F12004412C32D8412C30D8B4
S214031920DFE804F06B6E6B6E7D7D7D7D6E6E873CAF
S2140319309D623C6E6E6E2F2F2F2F2F2F82546E6E4E
S2140319406EA7A26E2F2F2F2F2F2F2F2F2F2F2F2F36
S2140319502F6B2F6B6B6B7D2F2F2F2F2F2F2F2F2F51
S2140319602F2F2F2F6B6BB0F5806F58D021D8B0F583
S214031970007F4FD008D8B0F5807F5FD0B0F5C07F2A
S2140319803BD0019804B010BDB0F5607F42D0F8D8C4
S214031990B0F5207F34D0B0F5407FF2D1E1F7A4FE56
S2140319A002464FF42070E2F7ABFCB2FBF0F04008BF
S2140319B021E0B0F5C06F52D00DD8B0F5A06F33D08C
S2140319C0B0F5B06F35D0B0F5906FDAD1002101A82D
S2140319D0E2F798FBD5E7B0F5E06F45D0B0F5F06FCA
S2140319E047D0B0F5D06FCCD1002101A8E2F7E2FBD7
S2140319F0C7E7E1F75FFE0190C3E7E1F775FEFAE795
S214031A00E1F772FE02464FF42070E2F779FCB2FB70
S214031A10F0F0F0E7E1F74EFE02462046F5E7002138
S214031A2001A8E2F729FBACE7002101A8E2F736FCA0
S214031A30A7E7002101A8E2F743FBA2E702934FF0D2
S214031A40E0231B695B0705D5E1F74EFE0290029B78
S214031A50019396E703A902A8E2F788FBF7E70021BC
S214031A6001A8E2F783FB8CE7002101A8E2F7CEFB8F
S214031A7087E7002101A8E2F7EDFB82E70029CCBF48
S214031A8001210021E2F766BC02214FF42070E2F741
S214031A90F5BE10B5E1F728FE0446E2F7E1FAC0F119
S214031AA002012046FFF7EAFF01210020E3F776F85C
S214031AB0E2F74AFFBDE81040E2F794BCEFF310806C
S214031AC072B6704700B962B67047EFF311803023E1
S214031AD083F31188704780F3118870477047704707
S214031AE0E2F79ABFE2F75ABF7047C36C0B42FCD1CA
S214031AF0704708B543680246DB0714D50A2350210E
S214031B000363FFF7F2FF136C9907FCD1936A012175
S214031B1010469362FFF7E9FF136C1B0604D40123F8
S214031B2002F50052536008BD536BF5E738B50C4613
S214031B300121024600F58053596004F00F0540F278
S214031B40FF71FFF7D2FF78210563FFF7CEFF04F09E
S214031B500103610748BF43F00203116C01F0030160
S214031B609942FAD138BD09B9FFF7C3BFFFF7DEBF05
S214031B70036C5B06FCD5C16370470022E3F71EB90E
S214031B80FFF7FBBF70B5054614460E46FFF796FFF4
S214031B90296881EA040202EA06044C402C60BDE888
S214031BA07040FFF78FBF70474FF0B0435A6812B1CB
S214031BB09A6A002AFAD17047F8F78ABB0020704762
S214031BC013B51AB10024009400F0E9F802B010BD72
S214031BD0F0B58DB005AC84E807001C46A1420D465F
S214031BE028BF2546129B0DB304B31146284600268C
S214031BF003F53813CDE90A468DE8030003F24113D3
S214031C005F02C5EB4323099302950CAA059B12E9D1
S214031C100700069500F054FAA54207D23146621B28
S214031C20381B0DB0BDE8F04000F048BA0DB0F0BD6B
S214031C3030B591B001AC84E807001C461346DA00C1
S214031C4049BF029A6200033222F00302014604A847
S214031C50FFF7B6FF04A800F0B8F81499224601F57A
S214031C60381101F241114D0208A8C4EB41210023AB
S214031C70FFF7A6FF05F5007100232246091B0CA8F3
S214031C80FFF79EFF0CA800F0A0F808A904A8E3F746
S214031C90D9FD11B030BD70B590B001AC84E8070033
S214031CA01C461499164601F5381101F241112246D5
S214031CB04D0208A8C4EB41210023FFF781FF05F579
S214031CC0007122460023091B0CA8FFF779FF0CA816
S214031CD000F07BF8F30048BF029A334648BF03324E
S214031CE001994CBF22F00302620004A8FFF768FFC5
S214031CF004A800F06AF804A908A8E3F7A3FD10B047
S214031D0070BD10B58CB005AC84E807000E9ADDE90B
S214031D10060102F5381202F5A0725202CDE9092334
S214031D2000228DE803000B9202930CAA059B12E98E
S214031D30070000F0C5F90CB010BD2DE9F04B4FF0CD
S214031D40000899460746164645468AB003AC84E81B
S214031D50070002F0805B07AC049A424502D80AB03B
S214031D60BDE8F08B139B13B9AA1E012A0AD9129B4E
S214031D70CDE90779099600955BB194E807004B46D1
S214031D80FFF726FFBBF1000F00D14F440135C844CF
S214031D90E2E74B4694E80700FFF7B3FFF2E710B518
S214031DA022F0704200F1100444600160826041B189
S214031DB0826803F0704313438360029BC36020462C
S214031DC010BD836843F08043F6E701234360C3688E
S214031DD043F02003C360836843F000538360704777
S214031DE037B54D68044645B18C680093096842EAE6
S214031DF004032A46FFF7D3FF0446204603B030BD4C
S214031E002DE9F04F2DED028BD1B0019008EE903AFC
S214031E10DDE95D59DDE95F870420002301AECDE9E6
S214031E20030305AB08EE102A07C983E8070031460B
S214031E3018460296619CE3F715FD0646002840F017
S214031E40B5805C9A08AB07CA83E80700D8F8042075
S214031E50D9F80430494213445B4203F00F0B7B6806
S214031E6001F00F0A5B420093AB68DA0041BF6B6870
S214031E70033323F003036B60A368DB0041BF63688F
S214031E80033323F0030363600023D9F80400D8F870
S214031E900420CDE9133381185944CDE90C1369683E
S214031EA00B93494201F00F01CDE90E31616810939F
S214031EB0494201F00F01CDE91131CDE915331793EE
S214031EC05C9B5B684BB97B681343034305D11021C6
S214031ED08A46CDE9091314AA089211234FF000523B
S214031EE002A930A8FFF77CFF40F611034FF000521B
S214031EF005A9FFF775FF42F611034FF0005218EEDF
S214031F00901AFFF76DFF44F611034FF0005218EED8
S214031F10101AFFF765FF412300224946FFF760FFCB
S214031F204FEA0B234FF00052414643F04103FFF7BD
S214031F3057FF4FEA0A234FF0005243F0010308A964
S214031F40FFF74EFF009B4FF000521B0203F4706333
S214031F50394643F00103FFF743FF1038FFF735FF19
S214031F6000230BA91A4618A8FFF73AFF00232946B1
S214031F701A46FFF735FF00230EA91A46FFF730FF70
S214031F80002321461A46FFF72BFF002311A91A4602
S214031F90FFF726FF002362991A46FFF721FF103842
S214031FA0FFF713FF18A930A8E3F74CFC304651B0EF
S214031FB0BDEC028BBDE8F08F084611461A465B68F7
S214031FC0102B01D1E3F7D8BC0720704782B000B5C9
S214031FD089B00DF1200C20290CE907000B9312D8C9
S214031FE0DDE90E0102AB83E803005CE902018DE83C
S214031FF003000BAA059B07CA00F0E6F809B05DF8D4
S21403200004EB02B070470120F8E782B070B586B0E3
S2140320100B93119B03AD202B85E807003CD80C9A45
S214032020B2EB430F3AD10F9EB34237D106225A433F
S2140320308A4203D003EB83038B422FD1012231461E
S2140320402220129BE3F7E2FA0446F8B90123CDE90E
S214032050003395E807000E253346FFF76EFE00951E
S2140320600EAA07CA3346FFF7B3FD234606222946C0
S2140320700220E3F7B7FAE3F7E5FA0623044678B94E
S21403208000930BAA334607CAFFF705FE204606B0A1
S214032090BDE8704002B070470124F7E70724F5E770
S2140320A01C46F3E70144C043C84201D510467047B7
S2140320B011F8013D1A440A701212F5E70AF042BFFE
S2140320C082B02DE9F0418AB005AE12F0804586E86D
S2140320D00700149C119333D1139B8C4228BF0C46E4
S2140320E013F080538846129A02D1944228BF1446AE
S2140320F034B30F2C13D9DDE912018DE803000294E3
S214032100119B96E80700E3F73FFBE3F76BFBE3F768
S21403211073FB0AB0BDE8F04102B0E3F77FBB059E50
S214032120119F93B1A8EB0502042A3B6828BF04223B
S214032130701909A9043509930AF0DDFEAC42F1D8FB
S2140321400AB0BDE8F04102B0704722463946304631
S2140321500AB0BDE8F04102B00AF0CDBE82B070B559
S21403216086B00E9E0B930C9B03ADB3EB460F85E830
S214032170070027D10122314626200F9BE3F746FAB4
S2140321800446C8B90123CDE9003395E807000625C0
S2140321903346FFF7D2FD00950BAA07CA3346FFF76F
S2140321A047FD2346224621462846E3F71BFAE3F774
S2140321B049FA041E18BF0524204606B0BDE8704041
S2140321C002B070470724F7E782B02DE9F04F89B0D5
S2140321D001AC84E80700149A0C468A42139305D090
S2140321E0072009B0BDE8F04F02B070471D460B4408
S2140321F013F8013CDB07F3D50027EB5DBBB34FF0C9
S214032200FF084FEA480111EA030A5FFA81F8F8D19A
S214032210019E3A46514606EB07093046E71B0AF08D
S21403222091FE04F1FF3BCDE9067ACDF814900DF14B
S214032230140A9AE80E00DDE91607B84700210127BD
S2140322408C46084699F8003023EA080389F80030DC
S214032250A1420ED1BCF1000FC2D00028E9D1002F55
S214032260E7D101223046FFF71DFF3846B9E70137AD
S214032270C3E76A5C735C8B4508BF02F0FE02A2EB01
S214032280030E5FEA1E2E07F0010E08BF4FF0000E86
S2140322905340013B1B0A07F0010740EA0E0008BF44
S2140322A000270131002A18BF4CF0010CD0E708B50F
S2140322B0E3F7E2F910F00E03FAD0022BF8D010F48D
S2140322C0806018BF062008BD07B50190E3F7F8F94C
S2140322D00198E3F749FC20B903B05DF804EBE3F794
S2140322E0AFBC03B05DF804FBFFF768BCF0B5492448
S2140322F08FB08DF82440149C0DF1250504F10C06CF
S21403230054F8047BB44245F8047BF9D124782C7046
S21403231001258DF835509DF8545000248DF836501D
S21403232004250695169DCDE90012059513250495FB
S21403233009ADCDE902358DF833200B4622462146FA
S2140323408DF832408DF83440E3F7D6FC0FB0F0BD7D
S21403235030B5C02A93B033D0B2F5807F04D0802A3C
S2140323602BD0292013B030BD4FF482740194019C06
S21403237080F0010020430190169801250290102456
S2140323802120039504940590069301AB07950894C2
S21403239009900A9306AB0B9304230C9311230D9316
S2140323A00AAB0E910F9340F61103D20802A90EA8AA
S2140323B010921193E3F770FCD4E74FF48074D5E7DB
S2140323C00F20CFE71FB5079C02949DF81840CDE970
S2140323D0003413460A4601460020FFF787FF04B081
S2140323E010BD1FB5079C02949DF81840CDE9003434
S2140323F013460A4601460120FFF778FF04B010BDD6
S21403240008B5E3F7C3FDBDE80840E3F7F3BD10B531
S2140324100446FFF753FB4FF0A8431A6822601B6974
S2140324206360FFF74FFB002010BD10B50446FFF7AF
S21403243045FB4FF0A84322681A6062681A61FFF7EB
S21403244041FB002010BD70B506460D4614468CB001
S214032450CAB11022002108A80AF074FD002207ABB7
S214032460029305AB019306AB00933046294608ABAF
S214032470CDE90522E3F71EFE18B9099B6360059BA9
S21403248023600CB070BD6FF08600FAE737B50546DB
S2140324900191E3F7B5FD044648B928460199E4F7E8
S2140324A031F8044630B1E3F7C1FBE3F7B5FD204648
S2140324B003B030BD03B0BDE83040E3F7ADBD0388DD
S2140324C0B3F5105F11D14388DB08A3F11002102A7D
S2140324D00ED80123934003F0013323F08073002BBF
S2140324E00CBF6FF08600002070476FF085007047C2
S2140324F06FF08600704710B5436A8AB0041DCDE9B5
S21403250001430023CDE9052310223C30CDE90331F6
S214032510CDE908230790E3F773FD60B907AB1A46C6
S21403252004A901A8E3F700FA0446E3F775FD002CB7
S21403253018BF6FF092000AB010BDE4F78DBB08B564
S21403254028B14C2200210AF0FDFC002008BD6FF0E4
S2140325508600FBE70020704738B51C460023084674
S214032560236011461546FFF791FF00B9256038BD75
S21403257008B50120E2F742F9002008BD07B530B9D7
S214032580CDE90012E4F7C4FCDDE9001230B143687C
S21403259023B1006803B05DF804EB1847232003B0AB
S2140325A05DF804FB30B51C4685B058B9CDE900127A
S2140325B0E4F7AEFCDDE9001204B903AC20B923202E
S2140325C005B030BD03B903AC8568002DF7D02346AC
S2140325D00068A847F4E70122036C19B103F580539A
S2140325E09A64704703F500539A645A64704710B5AB
S2140325F00446FFF763FA0421236CBDE810401A6C07
S21403260012F0800F03F5805204BF03F5005359649C
S2140326104FF0040318BF51649364FFF753BA08B529
S214032620006CFFF7A5FA002008BD70B50468236C9C
S2140326305A6CD10709D5012103F5005251641B6C6E
S2140326409A0602D5204600F01FF9206C436C5B0700
S2140326500AD5042500F5005384F83C505D64227EB9
S2140326601AB99D640123237670BD627E002AFBD0CF
S21403267094F82D2002B30026132184F83560FFF763
S21403268077FA236C03F5805295645B6BDBB2112BF0
S2140326900DD1012384F834303022237A534303F1D7
S2140326A0A04303F58023DB6E013B2363DCE7132B98
S2140326B0DAD184F83460EFE79D64D5E700207047ED
S2140326C0FEE74FF4005300204B607047002070472E
S2140326D007B5002001AB0190FFF764FF01980028BF
S2140326E008BF4FF0FF3003B05DF804FB10B5144687
S2140326F00020FFF743FF204610BD88B190F838202E
S21403270090F83C3032B1022B04D1012280F83C20F1
S21403271018467047042B4FF00102F7D01346F7E72D
S2140327200123F5E780F82C10704790F82C007047CB
S21403273090F8390070473022037A534303F1A043DD
S21403274003F58023D96ED0E903231344994214BFBB
S214032750084610467047F8B504460D4690F83930DB
S21403276081B173B990F83A60FFF7A8F905460121DD
S2140327703046E5F7E3F82846FFF7A4F9012384F883
S2140327803930F8BD002BFCD090F83A70FFF796F975
S214032790064629463846E5F7D1F83046FFF792F95C
S2140327A084F83950EDE72DE9F843044616460D46FE
S2140327B090F82C70FFF789F994F8382003469AB1FD
S2140327C0FFF789F994F83B90FFF778F980460121E3
S2140327D04846E5F7B3F84046FFF774F9FFF775F98F
S2140327E00022034684F838201846FFF774F92E446F
S2140327F0B54204D101212046236A98473AE094F86B
S2140328002D3023B3FFF761F9237E8046E3B12046DC
S214032810FFF791FF421EE068D4F830C082423EBF05
S214032820226902F1FF32121813469C450BD013F8A7
S2140328300119112901D013291FD1A1F111035942FE
S214032840594184F8341022634046FFF744F994F85C
S2140328503430002BCCD037B12B780A2B03D10D2183
S2140328602046E36998472046E36915F8011B984715
S2140328700028BDD00020BDE8F883984282BF2369B4
S21403288003F1FF331B18D0E790F8383073B50446CE
S21403289003F0FF01A3B9036A01919847012384F863
S2140328A0383094F83B60FFF709F90546019930463E
S2140328B0E5F744F82846FFF705F9022384F83C3089
S2140328C002B070BD08B5E4F763FF08BD07B5FFF7B0
S2140328D0F5F80190E4F7A8FF019803B05DF804EB60
S2140328E0FFF7F0B87047012070474FF4C870E5F75C
S2140328F0DBB87047F0B587B015461E46044605910B
S21403290090B10027C761E5F701FDBDF834303A46BC
S21403291002939DF830302046CDE9006305992B4697
S214032920E5F766FC07B0F0BD2220FBE7F0B50D46E1
S21403293016461F46044685B090B10023C361E5F7EB
S214032940E5FCBDF82C302A4602939DF8283029462C
S214032950CDE9007320463346E5F74AFC05B0F0BDE3
S2140329602220FBE7F0B51F46002387B00D46164628
S21403297004468DF81730A8B1C3610DF11701E5F7CA
S214032980EDFC9DF817207AB9BDF83430294602933A
S2140329909DF830302046CDE900733346E5F728FC32
S2140329A007B0F0BD2220FBE70320F9E7F0B51F468A
S2140329B0002387B00D46164604468DF81730B0B18F
S2140329C0C3610DF11701E5F7C9FC9DF8173083B90C
S2140329D0BDF834302A4602939DF830302946CDE9B7
S2140329E0007320463346E5F703FC07B0F0BD22200C
S2140329F0FBE70220F9E738B5FFF767F8054600F06E
S214032A0008F804462846FFF766F8204638BD00F067
S214032A1019B84FF0B0439A6A1207FCD4186A704785
S214032A204FF0B04301285B6904D0022805D1C3F3F5
S214032A308010704703F001007047002070473E2067
S214032A40FEF75FBF3E20E1F793BD08B5E0F766FAF1
S214032A50FEF75EFDFEF769FDFEF77AFDBDE808406A
S214032A60FEF77FBD08B5FEF783FDFEF782FDFEF792
S214032A7087FDBDE80840FEF785BDE0F787BE38B59D
S214032A800446FFF71BF805462046FDF7DFFB044622
S214032A902846FFF717F8204638BD37B50446019198
S214032AA0FFF70CF8019905462046FDF78FFB044611
S214032AB02846FFF707F8204603B030BD38B505466D
S214032AC0FEF7FCFF04462846FDF7C8FB2046BDE894
S214032AD03840FEF7F7BF10B5044608B1E5F710FF18
S214032AE02046BDE81040FFF7E9BF00F4E040B0F52C
S214032AF0805F04D0A0F50053584258417047012028
S214032B007047F0B59E4600F0FE43B3F1106F0646DD
S214032B100F46944691B003D06FF0850011B0F0BD18
S214032B2020F01F6323F47023002BF5D10D4607AC6A
S214032B30CDE90E330FCD0FC495E8070084E80700F0
S214032B40D7E909230899090AE6D11899304604916A
S214032B501799CDF800C003911699CDE901E107A9AD
S214032B60E3F7CEFDDAE73AB1002918BF00232121A7
S214032B70D21A18440AF0E6B9704738B50379044602
S214032B800D463BB9A368022120462B6000F0C3FD27
S214032B9038B938BDD0E9091200F047FE0028F1D055
S214032BA0F7E700232B60F4E72DE9F0479A46002366
S214032BB092B08DF81F301D9B9046DDE91A96002BC8
S214032BC00D460B4614BF4FF480624FF4006208A90B
S214032BD01C9FE6F711F8044668BBDDF820C009AC75
S214032BE0CDE91000BCE80F000FC49CE8070084E89A
S214032BF007002846BDF824100DF11F02E6F77EF8FD
S214032C000446C0B99DF81F30B34227D80A98089ADD
S214032C10000AD2E9091224D1CDE90337CDE901A987
S214032C202B46CDF8008009A8E3F7ACFF10F1860F1A
S214032C30044600D018B100233E608DF81F3032469C
S214032C40214648463B68FFF78EFF089800F0A0FD34
S214032C50002C18BF204612B0BDE8F0876FF0890439
S214032C60E9E76FF08604E6E700232DE9F341D0E9B0
S214032C70016804460F4630461146136000F0A7FD70
S214032C80054688B9304600F0A4FD054660B9F6B29D
S214032C9076B9B8F1000F05D1E36823F47F4323F038
S214032CA0030363B16FF08605284602B0BDE8F081E2
S214032CB00146A06800F01FFD0028EDD1F2E74FF6AD
S214032CC0F87362889A4220D8238B23F00103002BE3
S214032CD0E8D1394601A8E6F707FA05460028E3D106
S214032CE00FCC3F683E460FC694E807003B7986E85C
S214032CF007000BB9019BBB603B8B012123F001034B
S214032D0038463B8300F007FDCEE76FF08505CBE73B
S214032D1041F2052398421CD8B0F5905F09D241F2E0
S214032D20010398420ED0B0F5885F0BD06FF0850094
S214032D3070470123A0F5905080B203FA00F010F01C
S214032D40290FF3D011F0070F14BF6FF08600002091
S214032D507047B0F5105FE9D121F04003802BF1D026
S214032D60B1F5807FEED06FF08600704770B5446A89
S214032D7005460E463CB90120FFF78FFE686228B170
S214032D802046AE6270BD6FF08A00FBE76FF08C00E2
S214032D90F8E773B50E46114605460192FFF7E6FFC0
S214032DA0044620B93146019A686A0AF0A4F8204618
S214032DB002B070BD2DE9F041089D88461F46048881
S214032DC002B32046FFF791FEE0B12B680BB9D300A0
S214032DD02B6020462968FFF79BFF044678B9CE1D73
S214032DE0B2EBD60F11D1069B9A4211D8414638460C
S214032DF00AF081F82B68079A0733DB08136020462E
S214032E00BDE8F0816FF08504F9E76FF08604F6E716
S214032E106FF08904F3E72DE9F04F456885B02D0A76
S214032E200446DDE90E7A894616469846DDF840B034
S214032E3013D1CDE901AB0097E3F7F6FD10F1860F4A
S214032E400DD14346324649462046CDE90FAB0E9791
S214032E5005B0BDE8F04FFFF7ADBF6FF0860005B0D5
S214032E60BDE8F08F10B50446406A10B1A16AFFF7BB
S214032E7032FE0020C4E9090010BD38B50546FFF749
S214032E80F1FF95F820300446043B012B0CD8EB6980
S214032E90002B0CBF04466FF096042C220021284614
S214032EA00AF050F8204638BD6FF09604F5E710B5E3
S214032EB0044638B1042100F02EFC2046BDE810403D
S214032EC0FFF7DBBF10BD38B590F820300546052B5D
S214032ED016D10479FF2C07D1FFF7CFFF041E08BFD6
S214032EE06FF08404204638BD1CB1806800F083FC74
S214032EF004462846FFF7C1FF002818BF0446F1E73B
S214032F006FF08804EEE707B558B1012201A9E6F78A
S214032F1027F930B9019800F036FC28B10198FFF77D
S214032F20D2FF03B05DF804FB6FF09900F9E773B5C1
S214032F30044608460E4600F039FB002320461A4690
S214032F4001A9E5F759FE70B93446019D0FCD0FC4AC
S214032F5095E8070084E80700338B019803F0010324
S214032F60338300F015FC02B070BD70B514460288BA
S214032F701D461046049EFFF7B8FD68B944F20103E8
S214032F8022F44050984207D002F44F42B2F5824FE3
S214032F9002D0B2F5844F0ED1B4420FD8224628464B
S214032FA009F0A9FF0021321B281909F0CBFF0020E6
S214032FB0059B1C6070BD6FF08500FBE76FF0890012
S214032FC0F8E72DE9F04188461F4616468CB052B303
S214032FD0002301223B6002A9E5F70EFEE8B9DDF8FF
S214032FE008C003AC6546CDE90A000FCD0FC495E8CB
S214032FF00700049B84E80700DCE909121B0A0FD1CB
S2140330004346CDE9006703A8FFF7AFFF04460298DF
S21403301000F0BEFB002C18BF20460CB0BDE8F081C4
S2140330206FF08604F3E76FF08900F6E770B5144691
S2140330300288049D02F4E040B0F5804F1CD144F2B0
S214033040010022F44056864207D002F44F42B2F5FE
S214033050824F02D0B2F5844F0ED1AC420FD8184639
S214033060224609F048FF00212A1B204409F06AFF84
S2140330700020059B1C6070BD6FF08500FBE76FF0BA
S2140330808900F8E72DE9F0438946984617468DB040
S21403309052B3002302A91A46C8F80030E5F7ACFD80
S2140330A0E0B9029E33885B041BD5354603ACCDE9F5
S2140330B00A000FCD0FC495E8070084E80700CDE9A2
S2140330C000784B46D6E9091203A800F0F2FA044644
S2140330D0029800F05DFB002C18BF20460DB0BDE83B
S2140330E0F0836FF08604F3E76FF08900F6E72DE9C7
S2140330F0F0411F46002388B0054688461646CDE9AC
S21403310005333B60002A54D0B2F1005F54D206AABE
S21403311005A9FFF7A9FD0446A0B90598436AABB114
S214033120059B41465A882846079207AA029203F14E
S214033130280201929A6A00925B6A3246FFF76BFE98
S214033140044680B10598FFF7B2FE28E06B681B0AB9
S21403315002D06FF08604F5E73146FFF707FE044614
S2140331600028DDD0EEE70598079B4288DAB943804E
S2140331704FF6F872934219D82B8813B102889A42F5
S214033180E7D12B6A002BE4D16B8813B142889A42AD
S214033190DFD13946FFF7F1FC04460028D2D120469A
S2140331A008B0BDE8F0819A42D3D1E1E76FF0850419
S2140331B0C8E76FF08604F2E76FF08504EFE710B513
S2140331C00446006868B106280CD104F10800FFF72E
S2140331D0B6F900232360A38823F4FF7323F00103C7
S2140331E0A38010BD6FF08600F3E72DE9F041054696
S2140331F0984600238CB002932B6808461746002B8C
S2140332004FD1B8F1000F134602A914BF4FF48062E2
S2140332104FF40062E5F7F0FC0446002835D1029E21
S21403322003ACCDE90A000FCE0FC496E8070084E886
S21403323007003846BDF80C102A1DE5F75FFD044667
S21403324018BB6B79049968F300036B71029B090A38
S214033250D3E90923B8F1000F1BD029BB009703A9B4
S21403326005F10800E3F7F8FC50B906232B60029833
S21403327000F08EFA002C18BF20460CB0BDE8F08193
S21403328010F1860F13D16FF085042846FFF797FFDA
S214033290EDE749B9009703A905F10800FFF74DF9D3
S2140332A0E2E76FF08804F0E76FF08604EDE7044684
S2140332B0EBE70123FFF799BF38B50546006898B1D9
S2140332C012B90024204638BD06280AD105F10800A5
S2140332D0E3F7F4FC04460028F3D02846FFF76FFF15
S2140332E0F0E76FF08604F8E76FF08804EAE72DE965
S2140332F0F04105460068884616461F46F8B16A79C7
S214033300D2071CD52A79D2B1B2421BD806281CD1C3
S21403331005F10800E3F722FD044610B100233E60E2
S2140333202B713246214640463B68FFF71CFC284675
S214033330FFF745FF002C18BF2046BDE8F0816FF06D
S2140333408804EBE76FF08904E8E76FF08604E5E7A7
S2140333501FB501240394089C0294079C0194069CC1
S2140333600094FFF721FC04B010BD2DE9F047054695
S2140333709A46002386B0059305F0FE43B3F1106F1B
S2140333800846DDE90E961746DDF8408030D12B4619
S2140333904FF4804205A9E5F72FFC0446C8B9059902
S2140333A00B8823F0FF03B3F5E24F02D0B3F5E44FE7
S2140333B004D14B880733B6EBD30F1CD353463A4698
S2140333C02846CDE90168CDF80090FFF79AFB04463E
S2140333D028B131464846E5F753FDC8F8006005981E
S2140333E000F0D6F9002C18BF204606B0BDE8F087DB
S2140333F06FF08604EDE76FF08904EAE7034610B53D
S2140334000C461146DA6900880AB91B6A3BB9FFF70E
S2140334106CFB38B12046BDE81040E5F731BD6FF0D0
S214033420860010BD6FF08500FBE700232DE9F04111
S21403343086B0CDE903330B60438806460D46002B62
S21403344000F0B180038803F4E043B3F5804F00F047
S214033450AA8004AA03A9FFF707FC0446F8B9039B4E
S2140334605B6A63B17368039F1B0A796A57F8282F50
S21403347076D06FF086040398FFF7F4FC0FE07268CB
S214033480170A65D1B6F8008072884046FFF72DFB11
S21403349060B111464046FFF73BFC044658B103981B
S2140334A0FFF705FD204606B0BDE8F08128F0FF03D0
S2140334B0B3F5E24F74D108F4E043B3F5805F02D06E
S2140334C0B3F5005F02D10732D7080FE008F44F4385
S2140334D0B3F5844FF7D047F2010398450FD152084E
S2140334E00132D20802EBC20202F13B0705970599A7
S2140334F00398FFF73BFC04460028B3D0CFE744F21B
S2140335000103984503D1D20802F11007EEE747F20C
S2140335100203984505D1D20802EB420202F15A078C
S214033520E4E744F20203984505D1D20802EB4202CF
S21403353002F14A07DAE728F0FF00B0F5E24FC2D0FF
S214033540B0F5824F01BF0732D2085200571CCDE7B1
S214033550304605A900F056F804460028C7D09EE773
S21403356033885B040FD43B463046FFF747FF0446D9
S2140335700398002C7FF47FAF2946FFF7FEFA044634
S21403358000288FD08BE73B463046CDE90012E3F7A1
S21403359065F9DDE9001210F1860F0446E8D1E2E78B
S2140335A06FF085047BE76FF086047BE710B504466F
S2140335B0C069FFF783FA2046BDE8104024220021A5
S2140335C009F0C0BC2DE9F04105460F4690461C465F
S2140335D09BB119460120FFF760FA064678B12246EA
S2140335E0414609F088FCE86908B1FFF767FA00204E
S2140335F0C5E907642F80BDE8F0811E46F3E76FF048
S2140336008C00F8E7028843884068000A4CD102F42D
S214033610E040B0F5805F02D0B0F5005F05D1073318
S214033620DB088BB96FF08500704702F44F40B0F5A6
S214033630844FF4D047F2010082420FD15B08013376
S214033640DB0803EBC3033B3322F0FF02B2F5824FE2
S21403365001D1012BE6D000200B60704744F2010035
S214033660824202D1DB081033EEE747F202008242C1
S21403367004D1DB0803EB43035A33E5E744F20200C5
S214033680824204D1DB0803EB43034A33DCE722F030
S214033690FF00B0F5E24FC2D0B0F5824FC2D1073378
S2140336A0DB085B000133CFE700236FF086000B6077
S2140336B070472DE9F34745680446DDE90A7A2D0A83
S2140336C089461646984611D1CDE9007AE3F732F9D2
S2140336D010F1860F0CD14346324649462046CDE9C3
S2140336E00A7A02B0BDE8F047FFF7A0BC6FF0860089
S2140336F002B0BDE8F0876FF04043421E9A4208D3FB
S21403370029B100F1404098428CBF002101210846B0
S21403371070470121FBE790F82030052B11D8DFE82E
S21403372003F0030B16141F214B1E012B09D9042982
S21403373007D06FF087007047022902D00B1F012BBA
S2140337400BD880F8201000207047022902D0CB1E29
S214033750022BF5E7C369002BF3D06FF088007047A0
S2140337600529EED00029ECD0F7E710B5032104466F
S214033770FFF7D1FF30B9E3695A1C0EBF6FF096000E
S2140337800133E36110BDC069B0FA80F040097047A9
S21403379008B90020704790F82010CA1E022A10D8D5
S2140337A0C2698AB1013AC261002AF2D1052901D160
S2140337B0FFF789BB042901D1FFF75FBB0221FFF79F
S2140337C0AABF6FF0880070476FF09600704700201E
S2140337D07047C0B2FF280CBF6FF08600002070470A
S2140337E007B500216A46FEF72EFE8C3018BF01206F
S2140337F003B05DF804FB13B500216A460446FEF7E2
S21403380022FE8C3002D1002002B010BD00212046DB
S214033810E2F736FE014628B96A462046FEF713FE4F
S2140338208C30F0D06FF09800EEE72DE9FF410746A5
S2140338301446884600293FD0002A3DD0B2F5005FE3
S2140338403DD202F1240631460120FFF726F905464C
S214033850C0B303463A4621464046E5F7F9FCBF683F
S21403386000243846FFF7BCFF01281FD021462B460D
S214033870324638460094E2F73FFD0146C8B938465B
S21403388002AAFEF7E0FD044620B9029B9E4205D03D
S2140338906FF0980438460021E2F7F2FD31462846D9
S2140338A0FFF719F9204604B0BDE8F0816FF08A04EB
S2140338B0F4E76FF09804F1E76FF08604F2E76FF031
S2140338C08D04EFE76FF08C04ECE7FFF704B92DE9FE
S2140338D0F047D0F808A086B081468846174650467B
S2140338E0002104AAFEF7AFFD044610BB049E012088
S2140338F03146FFF7D2F80546002837D02146504612
S21403390004AA0394FEF79FFD044670B903AB024670
S2140339102146CDE9005350463346E2F759FD039B53
S21403392004469E4209D06FF0980431462846FFF7B6
S214033930D2F8204606B0BDE8F0870028F5D13B460E
S214033940424631462846CDF80090E5F79FFC0446EC
S2140339500028EAD1D8F800302BB13B68002B08BF0B
S2140339606FF09104E1E76FF09104DEE76FF08C04EB
S214033970DFE750E8003F0B4340E80032002AF8D167
S2140339807047C94350E8003F0B4040E80032002A26
S214033990F8D17047431E032B06D8DFE803F0020472
S2140339A0020403207047042070477047CB6918470A
S2140339B0704770470020704770474FF0000070470D
S2140339C000207047704770470020704700207047FC
S2140339D00020704700207047002070477047002083
S2140339E070470020704770477047002070471120CB
S2140339F070477047704711207047002070474FF09C
S214033A00FF307047002070477047704700207047AC
S214033A10002070474FF0FF3070471120704700209A
S214033A207047012070470020704700207047002031
S214033A30704770477047704701F043BD38B504467A
S214033A40FEF743F8D4E9101205462046E5F762FC74
S214033A50E18C228DE060521A40F2712101FB0203D1
S214033A6003F59C53083328462361BDE83840FEF728
S214033A7032B808B52030FFF77CFFBDE808404FF0AA
S214033A808050ECF79BBC38B50D4604460830E7F784
S214033A9023FD294600252046E9F7E6FFE06EE561AB
S214033AA010B1E6F72FFBE56604F15000BDE8384099
S214033AB009F064BC38B5044619B390F838208AB1C7
S214033AC090F839300133DBB29A4280F8393009D1A5
S214033AD00121FFF7D8FF4FF080712046BDE838403C
S214033AE0FFF7C7BF236ADA030BD5E36B62689B1A3B
S214033AF0002B06DA01212046FFF7C5FF4FF0806151
S214033B00EBE7236A1B0426D403F088FB1123B0FBE0
S214033B10F3F303EB0313C01A94F9613085B213FA77
S214033B2080F0102888BFC5F110056DB2083B2B4402
S214033B3084F8613020460121E9F796FF40F27121AF
S214033B40E28C63682A4401FB023320466360BDE8C7
S214033B503840E9F739BF0025ECE72DE9F84F1D4655
S214033B60C3690F4604461646DDF830809DF8389044
S214033B709DF840B09DF848109DF850A0002B40F0EB
S214033B80D180EB0600F1BE8005F00303032B08BFCC
S214033B9005F0FD0505F0F705BDF83C30A806A3863D
S214033BA09DF8540048BF05F0FC05FFF7F3FE47F603
S214033BB0FF731BF0020F84F83600A4F8783040F049
S214033BC0A4801BF0040F00F0A28000F0FD00012883
S214033BD014BF0323042394F87F209DF8580063F34F
S214033BE0030284F87F20FFF7D5FE47F6FF738A07A4
S214033BF084F83700A4F8883000F18B804B0740F137
S214033C008A8000F0FD00012814BF0321042194F8E4
S214033C108F30606E61F3030384F88F30FFF7EAFE9C
S214033C2000222046216CE5F775FB40F271237343AF
S214033C30984279D849F6FF7104F12000FFF7A1FEF8
S214033C40FF2384F85430BAF1000F03D0236A43F4F9
S214033C5080532362290705D506263746236A43F48D
S214033C6084132362236A6A0723F4C04323620CD4B3
S214033C7019F0010F1CBF43F400532362236A19F0A3
S214033C80020F1CBF43F480432362236AA5852B439C
S214033C90236204F12E03B8F1000F3ED0D8F80020BB
S214033CA0C4F82E20B8F804209A809DF82C30012BF7
S214033CB003D14FF48061FFF75CFE236A9DF828204A
S214033CC023F4407343EA0223236203F0A7FA94F82B
S214033CD060309DF84C2084F85F0023F00F03C0F398
S214033CE00320034362F3071384F860309DF83430EF
S214033CF02046E784268584F82A30FFF79FFE0020B7
S214033D00BDE8F88F01218B4646E7022363E70123CC
S214033D1061E702217BE7012179E7C4F82E80A3F847
S214033D200480CAE70C20EBE74520E9E72DE9F743D3
S214033D30894617460446019330B901A809F01EFBCD
S214033D40422003B0BDE8F083012920D0022910D019
S214033D5089B9C369C3B900F140054FF40036236A35
S214033D60D9061ED55A0726D501A809F007FB002059
S214033D70E7E7406E20B901A809F000FB0C20E0E756
S214033D801946FFF738FEDCE700F14805E5E7C369A7
S214033D9023B900F144054FF48026E0E700F14C0513
S214033DA0F9E79B0707D5B9F1000F04D101A809F07D
S214033DB0E5FA1220C5E704F1200840463146FFF72E
S214033DC0E0FDF80702D5284609F0D8FA019921B193
S214033DD0284609F0A1FB00230193286809F03AFB63
S214033DE0236AD90605D51F2801DC032F16D02846DB
S214033DF0DDE740F27262904204DD284609F0BEFA1F
S214033E0007209EE7B9F1000F08D1BF2806DD9A0701
S214033E1004D0284609F0B2FA452092E72046D4E9B2
S214033E201212E5F777FAE3696BB140F27122E38C7D
S214033E305343984207D9238D8342EAD300F51C7077
S214033E40B0FBF2F0E084FDF740FEE36905467BB184
S214033E50BB070DD531464046FFF78BFD6368C3F5B8
S214033E607A7603F017FAF04202D52046E9F718FFF0
S214033E702846FDF730FE7AE708B548B1CB0701D4EC
S214033E80002008BD4FF400112030FFF772FDF7E75E
S214033E904220F6E708B548B1CB0701D4002008BD99
S214033EA04FF400112030FFF76CFDF7E74220F6E7EA
S214033EB0E5F716BD38B5C36904460D463BB1036A3C
S214033EC013F0010011D194F82430FE2B0CD004F12A
S214033ED020004FF48001FFF74CFD01202B68C4F847
S214033EE05530AB88A4F8593038BD0020FCE7036A88
S214033EF010B5044613F4602030D09A0307D504F1B6
S214033F00400009F03BFAA36C23640023A364236AEE
S214033F105B0307D504F1440009F030FAE36C6364ED
S214033F200023E3644FF4602104F12000FFF729FD2A
S214033F302046FFF783FD012094F8602094F85F3055
S214033F4002F00F0143EA0123013384F85F3022F0C5
S214033F500F02C3F303231A4384F8602010BD10B581
S214033F600446503009F0D8FA2046BDE810404FF01A
S214033F700071FFF77EBD50E8003F0B4340E8003278
S214033F80002AF8D17047C94350E8003F0B4040E889
S214033F900032002AF8D1704738B50446D0F8A0009E
S214033FA010B9D4F8A40058B194F8375109F017FAA9
S214033FB005F00F0581B206312846EAF76FFF80B297
S214033FC040F27122B4F8783000F5487053439842B3
S214033FD0B8BF184638BD38B505460C4603F0E0F9B9
S214033FE020B149F640439C4228BF1C46EA68A242D9
S214033FF00BD240F27121B5F87A304B43934238BF67
S2140340001346A34228BF23461A462A6138BD0346F1
S2140340109A6A4430920404D5D3F82821998FEBF793
S2140340203DBF93F86F10EBF72FBF002070470120BA
S2140340307047002070470020704701207047C82053
S21403404070470020704770470120704770477047DD
S21403405090F8852010B5531C03F00F03072B28BFD9
S2140340600023044663F30302034480F8852083F8A1
S2140340707E1090F885306F2B4FEA13129EBF0132E5
S21403408062F3071380F88530FFF7E1FF94F83711E2
S214034090204601F00F0100F01DFF10BD704770476A
S2140340A0704700207047002070470020704710B10B
S2140340B001F1B000704701F1D4007047F830704743
S2140340C0806A70472830FFF756BF2830FFF75BBF7C
S2140340D0C06A70472C30FFF74EBF2C30FFF753BF34
S2140340E000F59C70704790F8851008B50F2904D921
S2140340F009097E3002F02BFF08BD7F20FCE708B5D8
S2140341000B79DB0702D4FFF7C9FF08BD91F9051049
S214034110BDE80840FFF79CBF02290346808F11D0F5
S214034120032909D0012906D11A8F5B6B1201B2FB52
S214034130F3F3184480B270475A6B4FF47A43B3FBD9
S214034140F2F3F6E75B8F073000EB4300F2E770B558
S21403415040F2712606FB01F345685643826A1D4406
S2140341601207044645600ED500F14005294600F1C6
S2140341703402E7F7E5FD334629462046BDE870409E
S214034180012201F0B8BE05EB5605456070BD836A93
S214034190590505D4D0F8A03013B15B799A0708D433
S2140341A0D0F8A40000B9704743799B0701D4006890
S2140341B0F8E70120704780F87710704738B5044653
S2140341C002F0BAF804F1A40009F0D8F804F1A80044
S2140341D009F0D4F804F1AC0009F0D0F804F1A0001B
S2140341E009F0CCF82046E5F7E5FCC4B22046FFF715
S2140341F0EBFB05462046FFF7E9FB01462846FFF79B
S214034200E2FB38BD38B5836A04461B0713D502465E
S214034210B0F87C3052F8341F4B4340F271214B43C5
S21403422000F14001E7F78CFD236C20469D08FFF75D
S214034230B3FE2844E06040F27125616B20460139E5
S2140342406943FFF7C8FE20460121E9F70DFC636BBF
S214034250B4F87C2020465A43636805FB0233636048
S214034260BDE83840E9F7B0BBB0F8303110B5A0F878
S21403427034310446E5F79EFCC0B2FFF7E0FE94F83F
S214034280373194F8362103F00F0304F1440103F0A9
S21403429080F8EAF749FEB4F93021824205D0A4F843
S2140342A03001EBF711FBA4F83201B4F93421B4F969
S2140342B030319A4209D0A36A9B0306D52046BDE84F
S2140342C010404FF40041E5F78BBC10BD808E70475D
S2140342D0836A0A4600F14401C3F34030EBF788BD16
S2140342E010B5A0F87810A0F87A200446FFF754FE1D
S2140342F02169E0602046BDE81040FFF76CBE38B584
S21403430004460D463AB94FF4C0212830FFF73BFE6A
S2140343109DB9002038BDE6F74BFE98B128344FF41C
S214034320C0212046FFF72FFE1DB14FF40031FFF7E3
S21403433022FE4FF48021204601E04FF40031FFF7C0
S2140343401AFEE6E71120E5E72DE9FF41836A0446F6
S2140343509B032CD5B0F93081B0F934710020EBF70C
S214034360A7FB8045CCBF0025012503F017F894F87A
S2140343703711C82201F00F01EBF7A4FB06462046CF
S214034380E5F718FCB045B4BF00260126002394F8D1
S2140343903711A8EB07073FB245EA46051A46CDE9AB
S2140343A00085029701F00F0180B201F03CF804B0DB
S2140343B0BDE8F08186307047F8B504460E460029FE
S2140343C05AD040F27123476B30465F43A7F28A27E1
S2140343D07F083946EAF772FD94F88E30851FADB232
S2140343E09D4239463046A8BF1D46EAF767FD94F856
S2140343F08F20831F9BB29342A8BF1346F21E012A47
S214034400B4F88610B4F888202BD8B1F5296F44F297
S2140344109020B8BF4FF429618142A8BF0146B2F588
S214034420296FB8BF4FF429628242A8BF02461B2DEC
S214034430B8BF1B251B2BB8BF1B23304684F891300F
S21403444084F89050A4F88A10A4F88C20EAF736FD76
S214034450831F9BB2AB42A8BF2B46DBB284F89230D5
S214034460F8BDB1F5A47FB8BF4FF4A471B2F5A47F2D
S214034470B8BF4FF4A472DAE71B23EFE770B5490021
S214034480466B89B28E4218BF40F27125044617BFA9
S2140344904068002105FB060005FB1100658F1EBF63
S2140344A06060616301219542208F17D08342628743
S2140344B000D02387238F626B1B01B3FBF2F394F8C0
S2140344C037112046A4F89C3001F00F01FFF774FF64
S2140344D02046BDE870400421E5F782BB8342E8D15D
S2140344E0A36A1B07E6D50029E4D170BDF0B585B0F5
S2140344F004460E466A4600F1860300F18E0715460B
S21403450018685968083303C5BB422A46F7D11868AA
S214034510314628609B882046AB80FFF74DFF9DF809
S2140345200B2094F891309A4211D1BDF80620B4F8C6
S2140345308C309A420BD19DF80A2094F890309A4218
S21403454005D1BDF80420B4F88A309A4207D04FF458
S2140345508141204605B0BDE8F040E5F741BB05B014
S214034560F0BD37B5044694F88E50BDF818008D425A
S2140345700BD1B4F88650954207D194F88F509D42DC
S21403458003D1B4F8885085421DD08DF80610ADF8D7
S2140345900420019D84F88E1094F8371184F88F3028
S2140345A0A4F88800C4F840512046A4F8862001F0F9
S2140345B00F01FFF79BFFB4F88A30A4F88630B4F8EF
S2140345C08C30A4F8883003B030BD90F8373170B51E
S2140345D003F00F03044616460D46D9B18B4219D095
S2140345E0012200F047FD29460022204600F004FD84
S2140345F094F83731204665F3030384F8373105F022
S2140346000F01FFF773FF2046BDE870404FF4844167
S214034610E5F7E6BA19462046FFF768FF002EF2D103
S21403462070BDF8B51D46C36A04465B070F461646BB
S21403463010D404212C30FFF79EFC84F89A70204691
S214034640A4F89660A4F898504FF40061BDE8F840CB
S214034650E5F7C6BAF8BD10B511B190F89A400C70DC
S21403466012B1B0F89610118013B1B0F898201A80E2
S214034670C06AC0F3800010BD4FF400412830FFF736
S2140346807ABC00F5A270704790F8370100F00F006F
S214034690704770B50446FDF718FA6568064602F0DB
S2140346A0F9FD2D1AB5F5FA7504D53046BDE8704008
S2140346B0FDF711BA40F27122636B94F870105343FE
S2140346C0B5FBF3F5A38FAAB29B1AA38794F86F30B2
S2140346D0154602FB1133252193FBF1F001FB103342
S2140346E0002BB8BF5B1884F86F30B4F89C302046B4
S2140346F09B1AA4F89C300021E9F7B6F940F2712220
S214034700636B20465D43636802FB15336360E9F71A
S2140347105BF9CAE700232DE9F3474E790446B00751
S21403472058BF06F0010608460D4648BF0326ADF8F7
S214034730043058BF0136FFF740F9074607F01F035A
S214034740002BE36A15BF4FF001084FF000084FF047
S21403475003094FF0020999050CD59DF80430294644
S21403476066F3010368F345138DF804302046019A77
S21403477000F08EF9284608F06DFE82464946284624
S21403478008F03CFE9DF80430AA7966F3010368F34B
S21403479045138DF804308DF805A0BDF804300C32AF
S2140347A0AB529DF80430A9189A066B7948BF8F70F0
S2140347B043F001036B71FDF788F906462046294648
S2140347C050F8A48F08F0A8FE94F84631013384F815
S2140347D04631A36A1B070CD5B4F87C30012B02D9EB
S2140347E02046FFF756FF304602B0BDE8F047FDF718
S2140347F072B9656802F04EFD0746E9F74BFA844244
S214034800F1D1ED1BB5F57A7FEDDDB8F1000F03D0DE
S214034810D4F8A030002BE6D1E9F7D4FDE3E708B5DA
S214034820022008F03EFF10B101F0ABFA012008BDEC
S21403483010B504464FF440712830FFF7A4FB20461A
S214034840BDE810400021E5F74BBE012310B5A1F1EA
S2140348502002C1F1200423FA04F403FA02F22243ED
S2140348608B40D0E9084123400A40134314BF01207C
S214034870002010BDC36A10B5044613F0080012D01A
S2140348800123A1F12002C1F1200023FA00F003FA6C
S21403489002F202438B40D4E9080103400A40134363
S2140348A014BF0120002010BD10B50C46C9B2FFF797
S2140348B0E1FF70B1E7F730FAC4F12002A4F1200358
S2140348C0E04001FA02F2104321FA03F3184300F022
S2140348D0010010BD70B504460E46E7F7BDFBFDF7B5
S2140348E0F4F805460221204684F87760E5F778F960
S2140348F020460021E9F7B8F82846BDE87040FDF7E2
S214034900EAB870B504460D46FDF7DFF80646E9F744
S214034910C1F9844201D1E9F735FD3046FDF7DBF8EE
S21403492029462046BDE87040FFF7D4BF0B68C0F8A1
S2140349304031704738B540F64805D0F840310C464C
S2140349400B609BB2AB4204D90B21FFF7ADFF08B94E
S214034950258038BD44F290232380FAE708B500F09B
S21403496082FCE5F7A5FA00F0CDFE00F008F8E7F7BD
S214034970ABFAE8F767F8BDE80840E8F7E3B870472E
S21403498070B515460E461C46FFF798FB2B684EB1CE
S21403499003606B6843602368C0F825302368C0F85B
S2140349A0153070BD83606B68C3602368C0F8293018
S2140349B02368C0F81930F4E770B50546FFF77EFBA9
S2140349C00446FDF782F806464FF480712846FFF743
S2140349D079FB4FF400612846FFF77CFB3046FDF772
S2140349E07AF80023284623612375236284F824304B
S2140349F0FFF766FB802310F0080F14BF237584F8B7
S214034A00243070BD10B50446FFF712FF2046BDE8FC
S214034A1010401021E5F7E4B810B504464FF4606182
S214034A20FFF75BFB2046BDE81040FFF701BF7FB5ED
S214034A3006460C46FFF742FB4FF4C0610546304678
S214034A40FFF748FB4FF400613046FFF746FB4FF491
S214034A508060E7F707F9224670B969462846E6F705
S214034A6025F96B4605F1100213F8011B02F8011D28
S214034A70AA42F9D104B070BD6C4602F11006234673
S214034A8010685168083203C3B2421C46F7D1E8E700
S214034A90F0B587B00D46ADF80C20FFF70FFB0446C4
S214034AA0284608F0D7FC064600B32846E6F73CF946
S214034AB09DF80C3005AF03F02303224631460093DE
S214034AC0019704F12003FDF78CFC2846E6F742F92C
S214034AD004223946284608F0E2FE236A013323629D
S214034AE023B994F82430013384F8243007B0F0BD9A
S214034AF030B585B00391ADF80820FFF7DFFA04461A
S214034B00039808F0A7FC051F002D02DC002005B063
S214034B1030BD0398E6F708F9431901939DF808306A
S214034B20224603F023030093294604F11003FDF7FE
S214034B3049FC0028EAD10398E6F70CF9042103A8F8
S214034B4008F02AFD2369013323610BB10120DEE758
S214034B50237D01332375F9E7013903291FD8DFE8DD
S214034B6001F00209101712B190F90000704790F98E
S214034B700100704712B190F90200704790F90300E4
S214034B80704712B190F90400704790F9050070471A
S214034B9012B190F90600704790F9070070477F201E
S214034BA0704770B505460124012221462846FFF7C3
S214034BB0D3FF0022064621462846FFF7CDFF86424E
S214034BC005DC0134E4B2052CEED1104670BD12208C
S214034BD0FCE70028B4BF6FF00403052303440A2050
S214034BE093FBF0F35843704710B504464FF4005058
S214034BF0E7F738F848B12046E6F7F6F81A2806D05D
S214034C0041F20903984204D028B9002010BD0720BA
S214034C10FCE70920FAE71F20F8E72DE9F74F80465F
S214034C204FF400500E469246E7F71CF8002842D091
S214034C3040460125E6F768F9731EDBB29D40032E56
S214034C400446EDB23AD145F008052746002306226E
S214034C5040F2EC4B02FB03F914F8091045FA03F093
S214034C6000F0010021F00C01013341EA800104F851
S214034C7009100020D9B20193E6F72CF9A7F802B081
S214034C80B88014F80910019B21F0030104F80910F9
S214034C90FF21042B79704FF0060207F10607D9D1DE
S214034CA00020314684F818A06083A083E6F712F943
S214034CB0E083A8F8340103B0BDE8F08F042E08BFE4
S214034CC045F00405C1E7F8B504464FF40050E6F78F
S214034CD0C9FFB0B32046E6F717F90622054694F84F
S214034CE0373104F1440103F00F03581EC0B202FB30
S214034CF0005094F83621B0F90400E6F7DBF80646D0
S214034D00FCF7E3FEEE8307463046EAF70DF9B4F9FF
S214034D103021824205D0A4F83001EAF7D5FDA4F885
S214034D203201B4F93421B5F91E309A4204D04FF457
S214034D3000412046E4F754FF3846BDE8F840FCF748
S214034D40CABE2046FFF790FAF8BD10B50C46E6F744
S214034D50DBF8447610BD08B5E6F7D6F8407E08BD06
S214034D6010B54C1EE4B2032C07D8E6F7CDF806239D
S214034D705C43005DC0F3800010BD0020FCE72DE916
S214034D80F04F87B088469DF8481015469B46074661
S214034D90BDF944900591BDF940A0E6F7B5F80623A2
S214034DA008F1FF36F6B27343C25C059965F3000259
S214034DB06BF34102C25406EB460200EB4202044682
S214034DC051703846A2F802900493FFF779F9049BD2
S214034DD010F4802FE35C27D1180727D4237E9A0785
S214034DE050D523F00203B8F1030F237648D0B8F169
S214034DF0040F47D103256B1EDBB203EB430304EB1F
S214034E0043042946B4F902203846E6F78DF800EB4A
S214034E108000420029463846B4F9043012B207B07F
S214034E20BDE8F04FE7F786BF19071ED5BBF1000FA5
S214034E3018D14FF0020B3846E4F7BCFE5B4600225F
S214034E404146CDE9015ACDF8009080B200F0EBFA66
S214034E50BBF1020FC2D106235E43A35D6FF3C30308
S214034E60A355BBE745F00205E3E7BBF1000F01D00E
S214034E7045F00205BAF1000FB0D04FF0010BDAE7A8
S214034E800425B8E707B0BDE8F08F30B585B0054612
S214034E90E6F73AF8437E0446D3B10622013BDBB27B
S214034EA05343C25C11070FD56FF3C302C25428469F
S214034EB0E4F780FE0023617E2222CDE901330093CE
S214034EC080B2022300F0AFFA237E23F00203237698
S214034ED005B030BD70B505464FF400500E46E6F7F4
S214034EE0C1FE002841D021212846FFF7C3FC002835
S214034EF03BD02846E6F708F80622731EDBB2534378
S214034F00C35C04465A0730D500212846FFF704F948
S214034F10238C984212D9C31A9BB2208483B1A28BE6
S214034F209A4232BF0022D21A92B2A283628B934273
S214034F308DBF0023D21A6283638301E012D32084D9
S214034F40A38B93B92846FFF7C3F843040DD428462A
S214034F504FF48031E4F744FE31462846BDE87040FE
S214034F60FFF7F3BEC31A013BD6E770BD2DE9F8433E
S214034F708046E5F7C9FF477E05467C1E5FFA84F93F
S214034F8009EB490400EB440439464046B4F90220D1
S214034F90E5F7CAFF061E26D04FF0060325DA03FB05
S214034FA009F3EB5C13F0010F1DD14046FFF78EF9B2
S214034FB0830803F54873C0F34F009BB2B3FBF0F3CB
S214034FC006EB8606AB83720039464046B4F90430D6
S214034FD012B2E7F7AFFE30B9033F012F9EBF2B7E19
S214034FE043F002032B76BDE8F88303FB09F915F8B3
S214034FF0093013F0020FD7E7F8B507464FF4005011
S2140350000D461646E6F72EFE10B911263046F8BDB5
S21403501021213846FFF719FC0028F6D03846E5F775
S21403502073FF6B1E0446DBB20EB9828B02BB0622ED
S21403503002FB0343294600223846B3F90430E7F758
S21403504079FE06460028E1D13846FFF73FF9830884
S21403505003F548739BB2C0F34F00B3FBF0F3033D75
S214035060012DA383D2D8237E43F002032376CDE714
S2140350702326CBE72DE9F74380464FF400500D4631
S2140350801746E6F7EFFD00286ED029464046002F68
S21403509066D0FFF765FE002866D14046E5F734FF85
S2140350A0032D044663D1037B294643F004030373AD
S2140350B0007E022600F00100E5F70CFF208206239F
S2140350C06B43E25C691C42F00402E254207EC9B2E0
S2140350D000F0010004EB0309E5F7FCFEA9F8040061
S2140350E00EE04046E5F710FF032D04463FD10226A7
S2140350F0037B67F382030373837C67F38203837400
S21403510022214046FFF7A1FB70B34046FEF7E0FFBF
S214035110030429D50123FF2D03FA06F10CBF002350
S214035120AB4049B218BF5BB21943C9B2002F4BD08C
S214035130062303FB0646B6F90430012200934046D5
S214035140002301F05EFE4046FFF7C0F8830803F530
S21403515048739BB2C0F34F00B3FBF0F3638303E0E3
S214035160FFF7FEFD0028BCD103B0BDE8F083042D95
S21403517014D006236E1EF6B27343E25C04EB0309F7
S21403518067F38202E2543FB1207E294600F0010015
S214035190E5F7A0FEA9F80400FF25B1E7A37C67F3B3
S2140351A08203A3744FB1207E294600F00100E5F781
S2140351B091FE02250326E08281E7237B022567F31F
S2140351C08203032623739BE740F2EC43B5E72DE9FE
S2140351D0F0430E4685B00746E5F796FE40F2EC43ED
S2140351E0741E5FFA84F808EB480400EB4404B4F931
S2140351F00290054699451FD1012231463846FFF7EE
S214035200FBFE044648B9062303FB08F3EA5C42F0B8
S2140352100802EA5405B0BDE8F0833846E4F7CAFC52
S21403522000232246CDE901330223CDF80090314610
S21403523080B200F0F8F8EDE7062303FB08F810F851
S21403524008303846C3F34002C3F3000545EA420577
S214035250E4F7B0FC0022EDB2CDE90152B4F9023016
S21403526000930223E3E708B54FF40060E6F7FAFC81
S21403527040B94FF48050E6F7F5FC40B9BDE8084066
S214035280EAF756BEFEF70DFF0028F2D008BDFEF77C
S2140352900CFF0028F2D0F9E741F0004141F4E02189
S2140352A00160704707B501A8019108F067F8002070
S2140352B003B05DF804FB70477047002070477047E3
S2140352C0704710B5DC1D043383734379C47123F030
S2140352D0030343F003030E244371012344738371D2
S2140352E0C3730182827410BDD31CC3713E23437300
S2140352F04379827323F0030343F0030343710123CB
S214035300C173837170470F234373042383734379F5
S214035310A0F8111023F0030343F00303437140F294
S2140353200173C3800123C27303747047D31CC37114
S2140353304379417323F0030343F0030343710123CB
S21403534082738371704708B50023FFF7BAFFBDE881
S2140353500840E6F723B92DE9F8438046022089463C
S21403536017461E4608F09DF9D0B10C234373082355
S214035370837340F601334579C38025F003059DF812
S214035380203045F003054571A0F8108080F8129090
S214035390A0F81370A0F81560C373E6F7FFF80120B2
S2140353A0BDE8F88308B5022008F07BF930B1012286
S2140353B01121FFF799FFE6F7F1F8012008BDF8B5CC
S2140353C004460F46164613211D460922FFF78CFF97
S2140353D083790C331C44A170E77026712B68C4F8DC
S2140353E00530AB88A4F80930BDE8F840E6F7D6B830
S2140353F070B5064602200D4608F053F9044668B118
S21403540014210422FFF770FF83790C331C44A17028
S214035410A4F803606571E6F7C1F8012070BD08B50E
S21403542002F0A5F808BD2DE9F041074602200D4617
S21403543090461E4608F035F90446E0B109222121BC
S214035440FFF752FF0A2283790C331C44BDF9183048
S21403545084F8038093FBF2F323729DF81C30A78035
S2140354606372BDF92030A67193FBF2F3E571A37264
S214035470E6F794F80120BDE8F08137B5044607F057
S214035480E9FF3E22A379C0B20C33E518E254831E2B
S2140354906B700D23AB70AB791C38012BE8768DF857
S2140354A0073009D10023E91D1A460DF10700FEF760
S2140354B0ABFA9DF80730AB712046E6F76FF803B0FA
S2140354C030BD704710B5E6F7A3F8837900210C3397
S2140354D0C418E078E3F78AFF6168FEF7CDFC04465C
S2140354E0E6F79CF82246BDE8104000234FF6194124
S2140354F0FFF7E7BE10B5E6F78BF8837900210C3388
S214035500C418E078E3F772FF6168FEF7C3FC04464D
S214035510E6F784F82246BDE8104000234FF61A410A
S214035520FFF7CFBE70B5E6F773F800218679044619
S214035530FE20E3F75BFF0546E7F740FD50B10C247A
S214035540E6F76CF82246BDE87040002342F20501F8
S214035550FFF7B7BEE7F778FD0028F0D134440F34E1
S2140355602DB121462846FEF7A5FC0028E7D02046A5
S214035570E6F7B8FA0024E3E72DE9F041E6F748F842
S214035580837900250C33C418E678E6F741F80768F4
S214035590E6F73EF8A6F1FE03594259410560304648
S2140355A0E3F724FF3B4629462279FEF7BFFB044672
S2140355B0E6F734F82B462246BDE8F04142F23701BF
S2140355C0FFF77FBE2DE9F041E6F722F88379002541
S2140355D00C33C418E678E6F71BF80768E6F718F8FE
S2140355E0A6F1FE035942594105603046E3F7FEFE35
S2140355F03B4622790121FEF799FB0446E6F70EF8AF
S2140356002B462246BDE8F04142F23801FFF759BE69
S2140356102DE9F047E5F7FCFF83790C33C4182779A7
S21403562094F8038027B9B8F1010F27D0E4F740F9BF
S21403563000260534BE420ADB0025E5F7EFFF2A46BF
S214035640BDE8F047002342F23901FFF73ABE20785F
S214035650B4F80150A0F1FE035942594194F803905F
S2140356600434E3F7C3FE58B12A464B464146E4F7F3
S2140356701BF805460028E0D10136DBE71225DCE7F8
S2140356804225DAE710B5E5F7C3FF837900210C332B
S214035690C418E078E3F7AAFE80B1211DFEF70AFCE2
S2140356A000280CBF0C240024E5F7B8FF2246BDE80B
S2140356B01040002342F23501FFF703BE4224F3E70E
S2140356C0FE282DE9F8430646894690461F4616D01F
S2140356D0022007F0E6FF044690B106221221FFF7E8
S2140356E003FE1223A57920460C352544AB7085F8B6
S2140356F003902E71A5F80580EF71E5F74FFF0120A3
S214035700BDE8F883704710B5E7F758FC0446FEF784
S2140357106CF92043C0B210BD38B5E5F779FF83793D
S214035720C17903F10C020244CB1A02200021B2F81D
S214035730035008F0E1F8044640B9E5F76FFF072287
S214035740BDE8384042F21901FFF7DDBD2846E4F70D
S2140357501DFA38B12146E7F789F90446E5F75EFFF7
S2140357602246EDE72046FBF777FC0224F6E770B502
S214035770E5F74EFF83791844B0F80F60B0B2E4F74C
S21403578005FA80B1002100F05CFF0546E5F746FF09
S214035790044602232A4642F21B01FFF792FDA37931
S2140357A01C44668270BD0225F0E770B5E5F730FF4E
S2140357B083790C33C418B4F803502846E4F7E6F9A3
S2140357C0A0B1611D00F03DFF0646E5F727FF04463E
S2140357D00223324642F21A01FFF773FDE3792344AC
S2140357E09D72E3792D0A1C44E57270BD0226ECE730
S2140357F010B5E5F70DFF83790C3318444479B0F8F8
S2140358000300E4F7C3F960B12146E6F70BFF04464D
S214035810E5F704FFE2B240F20641BDE81040FFF7A9
S21403582072BD0224F4E770B5E5F7F2FE83791844F7
S214035830B0F80F50FCF749F904462846E4F7A6F9F2
S21403584080B11621FFF75DF800252046FCF743F9E3
S214035850E5F7E4FE2A46BDE8704000234FF6044110
S214035860FFF72FBD0225F0E7F8B5E5F7D1FE8479FB
S21403587005460C340444B4F80300E4F787F90646F7
S21403588040B9E5F7CBFE0222BDE8F84042F2130129
S214035890FFF739BDAB79E97903F10C020220CB1A85
S2140358A02A44002108F028F8014618B9E5F7B6FEA1
S2140358B00722E9E78379033383713046B4F80D5042
S2140358C0B4F80F70E6F762FE04463A4629463046B9
S2140358D0FEF706FDE5F7A2FE2246D5E738B5FCF748
S2140358E0F4F80446FFF70FFF00280CBF0C2500252D
S2140358F0E5F794FE2A4642F20E01FFF724FDE7F78A
S21403590043FC2046BDE83840FCF7E5B82DE9F04FE8
S2140359108BB0E5F77DFE42F2850290F806800646D8
S21403592008F10C0830F8081000EB080391420268EF
S2140359301FD1002193F803A093F804B0BAF1FF0F28
S214035940016003F10504049220D19B7B013B062BE7
S21403595024D91125049B13B104A807F00FFDE5F71E
S2140359605DFE2A4636F80810FFF7CDFC0BB0BDE8FF
S214035970F08FDC1C00234FF0FF0A03600492637A67
S214035980013B062BE5D84FF0FF0B02E0BBF1FF0F00
S214035990F5D00AF11003DBB20E2B0ED98BF0800381
S2140359A07E2B0CD9E4F758FB074650B9049B13B17A
S2140359B004A807F0E3FC0725D1E74225CAE712252A
S2140359C0C8E7FFF7A0FE30B1049B13B104A807F0A5
S2140359D0D5FC0C2435E0637803F0FD03012B09D1D5
S2140359E0E6F796F830B9049B13B104A807F0C6FC93
S2140359F0122426E004F103094946A01CFEF719F811
S214035A004846A178E4F7A6FB054630B1049B13B1DC
S214035A1004A807F0B3FC2C4613E0BAF1FF0FA278F4
S214035A2014D004A963783846CDE901910092514613
S214035A305A46FDF7DCFF049B0446002B41D1002C9D
S214035A408DD03846E4F75EFB254688E7637A8DF803
S214035A5014008DF8263023788DF816208DF815302F
S214035A60D9F800303846CDF81730B9F80430ADF819
S214035A701B3063788DF81D30049B9A790C321344DF
S214035A8059791A7942EA0122ADF81E20D9799A7912
S214035A9042EA0122ADF82020597A1A7A42EA012214
S214035AA0ADF82220D97A9A7A42EA0122ADF8242068
S214035AB09989DA89FEF714FC394605A8E7F792FEBA
S214035AC0B9E704A807F05AFCB9E710B5E5F7A0FD57
S214035AD083791844B0F80F00C0B2E4F7A5FBE5F7E6
S214035AE09DFDBDE81040002342F224011A46FFF74D
S214035AF0E8BB2DE9F84381460220884617461E4632
S214035B0007F0CFFD044690B10A220321FFF7ECFB12
S214035B100023A57920460C352544EB70A5F80490A0
S214035B20A5F806802F816E81E5F738FD0120BDE8D4
S214035B30F8832DE9F043814685B002200E461F46C2
S214035B409DF844808DF80F2007F0ABFD054600282E
S214035B5044D022222921FFF7C7FB0022AC79304626
S214035B600C342C4404F10E0304F11401C4F80E2083
S214035B709A806261228300913A460DF10F01FDF788
S214035B8044FF9DF84030A4F80490E37006F0010348
S214035B90A3719DF80F3016F0FD0FE3713B68A36009
S214035BA0BB88A3814FF6FF7304D0032E08BF43467A
S214035BB04FF0FF08BDF8302028466283BDF8342036
S214035BC084F82180A283BDF838206384E2839DF89D
S214035BD03C2084F82020E5F7E1FC012005B0BDE871
S214035BE0F083F8B50746022016461D4607F059FD12
S214035BF0044690B10C220421FFF776FBA1799DF8A9
S214035C0018300C31214420468F80C1F80660C1F855
S214035C100A50CB70E5F7C2FC0120F8BD70B5064606
S214035C2002200D4607F03DFD044668B103223021ED
S214035C30FFF77CFBA37920460C332344A3F80360C9
S214035C409D70E5F7ABFC012070BD70B506460220DB
S214035C500D4607F026FD044688B104220821FFF707
S214035C6065FBB5FA85F2A37952090C332344204623
S214035C70A3F803605A719D70E5F790FC012070BD90
S214035C802DE9F84381460220884617461E4607F04C
S214035C9008FD0446B0B10B220721FFF725FBA579C3
S214035CA0BDF820300C3525442046A5F80390A5F80A
S214035CB00580A5F80770A5F80960A5F80B30E5F789
S214035CC06DFC0120BDE8F883F8B5074602200E46B2
S214035CD0154607F0E6FC0446A0B10D220521FFF7A2
S214035CE003FBA37920460C332344A3F80370A3F8DD
S214035CF00D602A68C3F805206A68C3F80920E5F72B
S214035D004DFC0120F8BD2DE9FF4116466A46804644
S214035D100F4615460A9C03F1100E944618685968F8
S214035D200833ACE8030073456246F6D124B9022073
S214035D3007F0B7FC044608B31D22ED212046FFF703
S214035D40D3FAA3790C332344A3F80380A3F80D7086
S214035D502EB13268C3F805207268C3F809200F33E2
S214035D6004AE2A4603CAB24218605960154603F1C8
S214035D700803F6D12046E5F711FC012004B0BDE880
S214035D80F08113B51321827901900C328418815463
S214035D904FF44072C280E4F761FEA07020B901A8F8
S214035DA007F0ECFA02B010BD800001306070019875
S214035DB0E5F7F4FBF6E770B5064602200D4607F056
S214035DC070FC044678B104220521FFF7AFFA0022DF
S214035DD0A37920460C332344A3F803605D719A70BD
S214035DE0E5F7DCFB012070BD13B5837901900C3316
S214035DF0C418C05CE3F7CAFE20B901A807F0BEFAD0
S214035E0002B010BD6378019913F0300F0CBF012266
S214035E1000228B7904338B714B7962F300034B7149
S214035E20E4F75EFBECE72DE9F041E5F7F1FB837958
S214035E300C33C418B4F803801FFA88F0E3F7A6FE01
S214035E40054600B3A2796179FEF759FA0646E5F7E7
S214035E50E5FB07460223324642F27A01FFF731FAA0
S214035E60BB7938463B44A3F81280E5F797FB46B95F
S214035E70A37933B12846FEF707FC01462846FFF709
S214035E80A6F9BDE8F0810226E1E700F06FBE704791
S214035E9050E8003F0B4340E80032002AF8D1704731
S214035EA0704770B50E461546E4F72EF8044648B913
S214035EB03046E3F7E1FD044620B92846E9F764FFD8
S214035EC0044640B10020E4F71FF80020E3F7D4FDB2
S214035ED00020E9F759FF204670BD4FF40010EAF79B
S214035EE06DBAE9F723B9E5F7DFBD4368143B4360B2
S214035EF0A0230B6070471AB94268A2EB53024260B4
S214035F000A6802EB83020A60704713B504210DEB9F
S214035F100100E9F7CFFE019C2046E5F75FFF002866
S214035F20F4D0204602B010BD884210B518D8052814
S214035F3016D9B1F5486F13D8B3F5FA7F10D240F6E9
S214035F407644A2F10A0080B2A04209D801339BB27C
S214035F504B435B00B3EBC20F94BF0120002010BD80
S214035F600020FCE7C94350E8003F0B4040E80032FE
S214035F70002AF8D17047002070472DE9F041044607
S214035F800F4600264FF00108214686F00100FEF773
S214035F908EF84FF48051FFF7E5FF836833B9404628
S214035FA00EB1BDE8F08101268046EDE7028ABA42CB
S214035FB006D100220121204698470028EFD1EFE7BB
S214035FC00268D205EBD500221146F4E708B5FEF7C2
S214035FD087F800230380436008BD70B506460C4669
S214035FE0FBF773FD05463046FEF77AF830B10378C3
S214035FF01C4304704FF40070EAF7E0F92846BDE846
S2140360007040FBF768BDE4F76BBA07B542798DF8C5
S214036010071022F0030242F00302427140F20332F9
S2140360200DF10701C280012207F08BF903B05DF87A
S21403603004FBF8B5174606460C461D46FEF748F819
S214036040020713D502213046FEF7FFFB70B111217C
S2140360502046FFF7DAFF2046E5F7A6FF4570877070
S21403606021463046BDE8F840E4F73ABA28204FF018
S2140360708861C5F12002A5F12003E94000FA02F287
S21403608020FA03F311431943CB07E0D40D2120462E
S214036090FFF7BBFF2046E5F787FF4770E0E770B5DD
S2140360A00C460546072120461646FFF7AEFF204658
S2140360B0E5F77AFF214646702846BDE87040E4F7C8
S2140360C00FBA38B50C4600210546FEF725F847F605
S2140360D0FE73241AA4B29C4205D928462821FEF74B
S2140360E0F9FB002038BD0120FCE738B504460D4611
S2140360F001460020FDF7DBFF03689B0505D4294610
S2140361002046BDE83840FFF7DCBF002038BD2DE948
S214036110F04115461F469DF81880FDF7C8FF044654
S214036120FBF7D3FCB8F1010F064623D154E8003F32
S21403613043F4807344E80032002AF7D105B354E8E9
S214036140002F42F4007244E80023002BF7D1FF210E
S2140361502046FFF707FF54E8002F48EA020244E808
S2140361600023002BF7D13046A5602782BDE8F04117
S214036170FBF7B1BC4FF480712046FFF7F3FEDDE773
S2140361804FF400712046FFF7EDFEE0E773B50646D1
S21403619001200C46FDF78BFF002305461A460093A5
S2140361A021463046FFF7B3FF6B6863B14FF4807147
S2140361B02046E3F715FD55E8003F43F4007345E832
S2140361C00032002AF7D1FBF780FC05462046FDF790
S2140361D087FF28B103881BB14FF40070EAF7EEF887
S2140361E0284602B0BDE87040FBF775BC38B50546D7
S2140361F00C46FDF75CFF83684BB102212046002264
S214036200984721462846BDE83840FFF7BFBF38BD4C
S214036210012938B505460C4608D0CC1E012C03D8F8
S21403622001460120FFF7E2FF012038BD2221FDF7DA
S214036230C2FF20462946FFF7D9FF0020F5E708B539
S214036240FDF735FF006800F0F00008BD10B5014605
S21403625004460120FFF7F3FF20B92146BDE81040AE
S214036260FFF7EDBF10BD70B506460C46014601208C
S214036270FDF71DFF314605460020FDF718FF2B6886
S2140362800268014643EA0200C0051ED49B0502F4D9
S214036290007203D49AB94FF0FF3070BD2B8A1B1BD4
S2140362A098B27AB1098A091B89B28842A8BF084600
S2140362B04FF6FF73984208BF4FF0FF30EDE74FF6F7
S2140362C0FF70EFE74FF6FF71EFE70120E5E72DE9F3
S2140362D0F34104460191014601201546FDF7E7FE0A
S2140362E0214606460020FDF7E2FE80462046FDF7DF
S2140362F0E7FE810606D501A807F040F80C2002B099
S214036300BDE8F081FBF7E1FB336807469A0503D443
S214036310D8F800309B0509D50199301D8D6007F02C
S214036320FBF83846FBF7D7FB0020E8E7FBF7D3FB81
S21403633020460199A847E2E738B5014604460120FE
S214036340FDF7B5FE05460C3007F018F8281D07F0D4
S21403635015F821460020FDF7AAFE04460C3007F088
S2140363600DF8201DBDE8384007F008B870B50146A3
S21403637005460120FDF79BFE0646043007F062F84B
S214036380044670B14FF400713046FFF7EBFD21462B
S2140363902846A368984720B12046BDE87040FAF720
S2140363A05BBE70BD00238260C0E90031704708B54C
S2140363B00B4601461846FDF77AFE0068C0F34020F8
S2140363C008BDFFF725BFCB1E012B70B504460D464F
S2140363D0164606D81A21FDF7EEFE40212046E3F7BF
S2140363E0FFFB324629462046BDE87040FFF710BF44
S2140363F038B504460D46FDF7CAFE28B1012D04D173
S21403640022212046FDF7D7FE002038BDF8B50C46FE
S2140364108B7907460B44D3F80D60D3F81130324618
S214036420E4F740F809212046FFF7EFFD2046E5F79D
S214036430BBFDA579E5F770FC0C3566F0FF06254431
S2140364400640C5F80160E5F767FC3846C5F8051051
S2140364502146FFF7D8FD02213846FFF7BEFDF8BDFB
S21403646070B50E46054601460020FDF720FE012EB8
S214036470044603D0022E11D0012070BDC168284601
S2140364808B7919440D31FDF723FFE068FAF7E4FD35
S21403649000202946E060FFF779FEEDE7C068FAF7CB
S2140364A0DBFD0023E360E7E738B50D460446014607
S2140364B00120FDF7FCFD012D08D100F11201204655
S2140364C0FDF706FF21462846FFF760FE012038BD8C
S2140364D008B5FDF7F5FDC0F3C00008BDF8B50C46DA
S2140364E00746FFF7F5FF80F00106F6B23946304659
S2140364F0FDF7DDFD0546C068012C837903D0022C29
S2140365001BD00120F8BD0C33C41823893846E28813
S214036510A188FDF7B3FF618862784900384689B2DF
S2140365205200FDF714FEE868FAF796FD0023394695
S2140365303046EB60FFF72AFEE3E7FAF78DFD00230C
S214036540EB60DEE708B5FDF7C3FD00F0010008BD0C
S21403655038B50C4602210546FDF7BCFD0C21204646
S214036560FFF753FD2046E5F71FFD4FF0FF3383701B
S2140365700223C3700D2343706FF02F0303710523AB
S214036580214643712846BDE83840FFF73CBD042941
S21403659010B5044601D0002010BDFFF799FFC0F1E7
S2140365A00200E5F75FFB0028F5D107F07AF801460D
S2140365B008B90220F0E72046E6F706F80028F8D1E7
S2140365C00120E9E708B5FDF77BFDC0F3C00008BD71
S2140365D02DE9F0410F4604469046FFF7F3FF80F09F
S2140365E00105EDB221462846FDF761FD012F06465B
S2140365F003D0032F0FD001200BE02046FEF70CFA42
S21403660022212046FDF7D7FD28462146FFF7EEFD5B
S2140366100020BDE8F081C068FAF71EFD002320467F
S214036620F360FEF7F9F920465FFA88F1FDF7C3FD3C
S21403663020462021E3F7D4FA21462846FFF7D6FD65
S214036640D9E737B504460D46FDF742FD03054CD59D
S214036650022007F026F80190002848D0204645B3CC
S214036660FFF7B0FF50B105210198FFF7CEFC019864
S214036670E5F79AFC20460199FFF7C5FC2046294614
S214036680FEF7D5F92046FFF79DFF78B94FF4006172
S2140366902046FDF71AFD06210198FFF7B6FC019880
S2140366A0E5F782FC20460199FFF7ADFC002003B016
S2140366B030BDFFF787FF68B1019903230622204602
S2140366C0FFF7B7FC2046FEF7A7F921462846FFF753
S2140366D08DFDEBE701A806F051FE20463D21FEF7AF
S2140366E0F9F82046FEF798F9E0E70C20DFE70720E5
S2140366F0DDE7F7B5014604460020FDF7D8FC05465E
S21403670000F112074FF48060E5F7ACFA50B9204663
S214036710E3F750FA3A46698B80B203B0BDE8F0401F
S214036720FFF7D2BA2046E3F745FA064620466D8BB6
S214036730FDF7C4FC00220346009229463A46B0B24F
S214036740FFF7E1FA03B0F0BD83781A2B09D81B23B1
S21403675083700288B2F5A47F07D24FF4A473038034
S21403676007E0FB2BF5D9FB23F2E744F290239A428A
S214036770F5D87047F0B50446CA798B7987B043EAF3
S2140367800223ADF80C308B8803A88DF80E30CA7838
S2140367908B7840F6480543EA0223ADF810300B88A1
S2140367A005A98DF81230FFF7CFFF04A8FFF7CCFF3B
S2140367B02046FEF7BFF80B212046FEF775F844F295
S2140367C09023002818BF1D46BDF80C709DF80E30A8
S2140367D0BDF81460BDF810209DF816009DF8121041
S2140367E0AF42D4BF00970095FB2BA8BFFB23B24252
S2140367F0A8BF32468142A8BF01462046FDF7B1FE38
S21403680007B0F0BD37B5144605461046FFF7FDFB47
S2140368102046E5F7C9FB01A904462846FEF78AF891
S2140368200B212846FEF740F86FF00403637000233D
S21403683044F29022A37040F64803002818BF13467C
S214036840A4F803309DF80630A4F80530BDF80430EC
S214036850A4F8073003B030BDFFF7DABC022973B5DE
S21403686005460C4603D00024204602B070BD052121
S214036870FDF7EBFF0028F6D0E3F7DCFC1B28F2D984
S2140368804FF40040E5F7EEF90028ECD106F009FFD7
S21403689006460028E8D0284601A9FEF74BF83146FD
S2140368A028469DF80630BDF80420E6F761F900286F
S2140368B0D9D10124D8E730B190FAA0F00123B0FA79
S2140368C080F08340D8B2704770B50646FDF700FCEB
S2140368D080F0400402060546C4F3801406D408215B
S2140368E03046FDF7C7FF08B144F00204EB0506D4B3
S2140368F00B213046FDF7BEFF08B144F004042046E2
S21403690070BD2DE9F843044691460F46FDF7E0FBBC
S214036910C0F340152046FDF7B4FE214680462846C0
S214036920FDF7C5FB494606462046FDF744FC98F8A6
S2140369300110384601F00F0100F064FC062814BF6E
S214036940014600212A462046FDF73FFE21462846FB
S214036950FFF71CFC20212046FDF7BFFB56E8003F4F
S21403696043F4805346E80032002AF7D1BDE8F883A3
S214036970F8B50E4604461546FDF7AAFB032EC0F3EC
S21403698040170DD0042E16D0012E12D122212046F8
S214036990FDF711FC38462146FFF728FC0020F8BD1A
S2140369A0EAB200212046FFF7ACFF21463846FFF740
S2140369B01DFC0120F3E70C22F3E7012910B504467A
S2140369C00BD1FDF785FB2146C0F34010FDF76FFBA7
S2140369D00022817C2046FFF794FF012010BD2DE99D
S2140369E0F7430F460546FDF773FB00F02009C0F397
S2140369F040182846FDF745FEBB790C333B445E78CA
S214036A009B781E400378C3F3030000EA131030405C
S214036A10FFF751FF044648B9B9F1000F06D12846DF
S214036A20FFF752FF3040FFF746FF04462846FDF7C0
S214036A302BFEE8F757FAA04223D01CB302212846C0
S214036A40FDF76AFB002106462846FDF7B5FC18212C
S214036A503846FFF7DAFA3846E5F7A6FAB6B2394605
S214036A6044708470A0F803602846FFF7CCFA2346E8
S214036A702246294640460096E6F7B4F803B0BDE83A
S214036A80F08300242646E2E770B504460D46FFF77A
S214036A90DDFB28B929462046BDE87040FFF79FBFB7
S214036AA0402829462046BDE870404FF0160314BF21
S214036AB02A222322FFF7BDBA38B505460C46FDF752
S214036AC007FB830604D42046BDE83840FAF7C4BA69
S214036AD021462846BDE83840FFF781BF73B58C7959
S214036AE006460C340C440D46FDF7F2FAA278C0F3C2
S214036AF04010032A14D0052A28BF00226378032BEC
S214036B0010D0052B28BF0023B4F80310009131469C
S214036B10E6F768F8284602B0BDE87040FAF79CBA74
S214036B200022EBE70023EFE708B58B790B441B7BCA
S214036B30162B03D0172B05D0002008BDFFF7A4FFA4
S214036B400120FAE7FFF7B8FFFAE708B58B790B449D
S214036B501B7B162B03D0182B05D0002008BDE6F7A9
S214036B606BF80120FAE7FFF7B9FFFAE77047012948
S214036B7010B504460FD0033901290AD8FEF785F964
S214036B804FF480412046FDF7A8FA21460120FFF77F
S214036B902DFB012010BD2221FDF70DFB4FF4804194
S214036BA02046FDF79AFA2046FEF76FF90020F1E734
S214036BB02DE9F0478B7904460C3311F803800D4614
S214036BC0B8F1240F86B001EB030600F09980B8F104
S214036BD0250F00F0C680B8F1230F40F0FB80002796
S214036BE096F90230212103EB83035B00ADF81430E2
S214036BF096F903308DF8127003EB83035B00ADF850
S214036C0016308DF81370FDF720FE30B923232022AB
S214036C1029462046FFF70DFA5CE04FF40041204674
S214036C20FDF758FA40F2EC43BDF916209A4202D11A
S214036C3043461E22ECE77278D30752D53B463946C5
S214036C4000E00121012000FA03F39A43DED10E1877
S214036C5031462046FEF784F800284CD00DF1130386
S214036C6001930DF112030093314620460DF11603EE
S214036C7005AAE4F709FB2046FDF72AFA420448BFB3
S214036C80FF234FF0240148BF8DF8123028469DF8A5
S214036C901390BDF91470BDF916609DF81280FFF7C6
S214036CA0B4F92846E5F780F94FEA490303F00203EF
S214036CB0C9F3400943EA090343700A2397FBF3F732
S214036CC096FBF3F68770C67080F804802946204644
S214036CD0FFF799F9012006B0BDE8F08702210B46BD
S214036CE0B0E79607C2F34003ABD45007F6D41107B8
S214036CF08CD50321F3E740F2EC43ADF81630BAE740
S214036D0001460120FFF772FA2046FDF7E1F9430436
S214036D1003D42846FAF7A0F9DCE74FF4804120466F
S214036D20FDF7DBF996F903307E2BF2D02046FEF70B
S214036D3012F833797278029396F90330014603EB1F
S214036D4083035B00019396F90230204603EB83032B
S214036D505B000093C2F3400302F00102FEF70FF854
S214036D60D7E72221FDF771FD08B943464FE796F9A9
S214036D7004307E2B3FF45CAF2046FDF782FC4FF0D9
S214036D800109804600234FF0FF0A98F80010727836
S214036D905F1C02EA111209FA03F10A4216D0B2780E
S214036DA0CDF808A096F90430204603EB83035B0076
S214036DB0019396F90330F9B203EB83035B00009368
S214036DC0C2F3400302F00102FDF7D9FF042F3B464E
S214036DD0DBD19EE700207EE7022910B504460CD1DE
S214036DE0FDF752FC002201462046FEF705F930B1B6
S214036DF0C31F58425841400010BD0020FCE7012045
S214036E00FAE72DE9F0478A462221804615461F46B3
S214036E10BDF92090FDF719FD60B3022006F041FC92
S214036E20064648B32521FFF7F0F83046E5F7BCF8E9
S214036E306B0003F00203C5F340051D4385700A2566
S214036E4040F2EC4397FBF5F79945044680F801A01A
S214036E50C7700DD04846E8F767F890FBF5F35BB2CA
S214036E60404631462371FFF7CEF80020BDE8F08791
S214036E707E23F5E71120F9E70720F7E71FB54A1E3B
S214036E80042A03460C465FD8012902D1008804B0C1
S214036E9010BD022905D100885B88984238BF184682
S214036EA0F5E74A00014601A806F025F8032C07D1AA
S214036EB00023ADF80A304FF6FF73ADF80C3001E04F
S214036EC0042CF8D0BDF80620BDF80430934284BFE6
S214036ED0ADF80630ADF80420BDF80A30BDF80C2036
S214036EE0934288BFADF80A20BDF80A2088BFADF8E4
S214036EF00C30BDF80430934288BFADF80A30BDF8B5
S214036F000620BDF80C309A4288BFADF80630BDF8AF
S214036F100820BDF80630934284BFADF80830ADF8BC
S214036F200620BDF80A30BDF808209A4288BFADF89F
S214036F300830BDF80820BDF806309A4238BFADF8D1
S214036F400830BDF80800A2E74FF6FF709FE74A1E19
S214036F50062A13B503460C4600F2AF80012903D177
S214036F6090F9000002B010BD022907D190F9000085
S214036F7093F901309842B8BF1846F3E70A4601462C
S214036F80684605F0B8FF032C0AD180238DF803303A
S214036F904FF4FF43ADF804307F238DF8063009E045
S214036FA0042CF5D0052C03D180238DF80530F3E7A8
S214036FB0062CF1D09DF900309DF905209342C4BFFD
S214036FC08DF800208DF805309DF903209DF90030DB
S214036FD09342C4BF8DF803308DF800209DF901302D
S214036FE09DF906209DF900109342C4BF8DF8012039
S214036FF08DF806309DF904209DF902309342C4BFF4
S2140370008DF802208DF804309DF90120BDF800307C
S21403701091425BBA9DF90520C8BFADF800309DF9D3
S21403702003309342C4BF8DF803208DF805309DF9D5
S21403703006209DF902309342C8BF8DF802209DF9C1
S21403704002109DF90320C8BF8DF80630BDF8023044
S21403705091425BBAC8BFADF802309DF903209DF993
S21403706006309DF904109A42C8BF8DF803309DF987
S2140370700520BDF8043091425BBAC8BFADF80430B2
S2140370809DF904209DF901309342C4BF8DF8012079
S2140370908DF804309DF903209DF901309A42B8BF5C
S2140370A08DF803309DF903209DF904309A42C8BF3A
S2140370B08DF803309DF9030054E76FF07F0051E726
S2140370C0012804D0022804D030B9E7F767BBE7F7F6
S2140370D055BB0020E6F71EB8704710B1012803D051
S2140370E070470120E6F716B80020FBE7F7B51F4602
S2140370F08B1E012B05460C46164613D8FCF77FFC61
S2140371000023CDE90005F01A18BF01201A463946B8
S214037110FCF783FC80B1022C0BD12846E4F7BCFCB9
S214037120002004E00029F8D0012902D0FF2003B094
S214037130F0BD2846E4F7F4FC0120F8E770B50D46E9
S21403714000219DF810600446817106F10C0141731D
S214037150111E18BF012103F00F00237B40EAC11064
S21403716003F04003184320732B469DF8141004F1D4
S2140371700E00FFF7BBFF237B0E3660F386132373E5
S2140371802B686361AB882383A3793344E37170BDB3
S21403719010B5418904468389C2890846FEF7C4FEB2
S2140371A0E0B1E279531E072B19D86389934216D9A7
S2140371B022899A4213D8237C43B9637C33B9A37CD0
S2140371C023B9E07C10B9237D0F2B07D9607D1B30D4
S2140371D000F01F000B288CBF0020012010BD0020EC
S2140371E0FCE708B5E8F7FCFABDE808400020E8F736
S2140371F065BBC94350E8003F0B4040E80032002A15
S214037200F8D17047022808D0042803D0012818BFF5
S2140372100620704701F00101C81C7047E8F7B2BEAC
S2140372200A2802D80130C0B27047242801D8023099
S214037230F9E7252805D0262805D0272818BFFF20DC
S2140372407047002070470C20704708B5E7F7C6FE66
S214037250BDE808404FF00060E9F7B0B808B5E8F7B6
S21403726097FE20B1BDE808401020FFF7EEBF08BD2B
S21403727070477047704770477047002070477047E5
S214037280704770477047704710461946704700208E
S2140372900021704705F060BAF2F77EBE05F014BB16
S2140372A008B5E8F79DF820B1BDE808400420FFF7CD
S2140372B0CCBF08BDF0B587B00D4616468DF807005F
S2140372C002B9A3B329469DF80700FCF7ACFB0446B6
S2140372D0B8B929469DF80700FCF7A9FB40BB16B3CF
S2140372E09DF80710003918BF012128460DF10F023B
S2140372F0E8F70AFDF8B99DF80F40013418BF0124DA
S21403730016E004AF012239460DF10700FCF78DFBAA
S21403731004464EB19DF80730191E18BF01210028F8
S21403732018BF3D46E1E70124FCF76CFB00B90124D6
S214037330204607B0F0BD4FF0FF34DEE737B5024610
S214037340136A084603F4007403F40015DB0505D43A
S2140373507CB9E4F7A1FB204603B030BD4CB9B5FABF
S21403736085F4D2F8551064090160B2F8592082807A
S214037370F1E7019092F95430B5FA85F400930023AF
S2140373801A4619461846FCF748FB6409E3E77047B4
S2140373907047024619460020E8F794BB0020704762
S2140373A00020704707B500214FF0FF336A460846B2
S2140373B000938DF80430E8F71BFD03B05DF804FB7B
S2140373C038B50546006805F07BFE0446287900F0CC
S2140373D01F0005F075FE2044C0B2012894BF0020AC
S2140373E0012038BD70477047914270B50D4614466C
S2140373F01E4609D2FFF712FF641B013490FBF4F319
S21403740003FB14000544ACB23480FFF707FF338850
S2140374100133B0FBF3F202FB1300049B188070BD2C
S2140374207047704770470120704708B5202000F06A
S21403743000FF003818BF012008BD08B5FFF7F5FFA9
S21403744020B1BDE80840202000F0FBBE08BD73B5A0
S21403745006460D461446D2B100F0E8FEA84218D8F8
S214037460304600F0F8FE01460190A0B100232A46FC
S214037470204605F079FF01A805F080FF224602208A
S21403748052F8041B00F094FE002002B070BD2220C8
S214037490FBE72120F9E72D20F7E708B5F9F70EFB00
S2140374A008B1012008BD00F064F8F9F70FFB0028C7
S2140374B0F7D1EBF7A1FC003818BF0120F2E708B5B7
S2140374C0E8F72AFF00280CBF0420012008BDE8F7D0
S2140374D031BF0020704730B50446154687B00846CE
S2140374E0FEF701FD122200210DF1060005F02AFD2C
S2140374F0A368ADF804500293E3680393E38BADF8F7
S2140375001030238CADF81230FFF7E3FF029B8DF8A3
S214037510140043F41053029300F0F7FD18B1029BD6
S21403752043F004030293029B01A843F480330293BF
S214037530E4F7AAFB10F0FF0516D1A38C0DF10201A8
S214037540ADF80030E38C6846ADF8023000F065FD18
S214037550E8F78CFFFEF7C5FC012104F0E3FFEAF72A
S21403756051FC284607B030BD40F20C40FAE7E8F776
S2140375708DBFFBF740BAE0F76DBFC160704741EAC5
S214037580002008B540F49020FBF7BDFC014640B14F
S21403759010F1880F05D0BDE8084040F20740EDF72C
S2140375A0B9BD08BD0120704770B50C4606461146A6
S2140375B01D46E9F733F858B144EA06206FEA40401F
S2140375C06FEA50402A46BDE8704080B2E8F77ABFBB
S2140375D040F2064070BD837901461A0703D506229A
S2140375E00020E9F7A5B89B0602D506220120F8E796
S2140375F04FF0FF3070478379532B01D1E9F7CAB8B0
S214037600FFF7E9BF70B5064614461D46E9F706F8C8
S21403761010B90024204670BD41EA06206FEA4040B8
S2140376206FEA50402A46214680B2E8F769FF0028F1
S214037630F0D0EEE713B50446E8F7F0FF10B90020E4
S21403764002B010BD08226B4611462046FFF7DAFF4C
S2140376500828F4D19DF80230002BF0D09DF90300E2
S214037660013018BF0120EBE710B5E7F765FD0028EA
S21403767014BF03240124E7F76FFD08B144F00404A4
S214037680204610BD704700207047002070475328DF
S21403769038B505460C4604D1BDE838400846EDF734
S2140376A0BDBD0620F9F786FE68B96379142D03F08D
S2140376B03F03637104D0722D08D163F03F036371F7
S2140376C00020A57138BD40F20740FBE72120F9E70B
S2140376D04FF0FF33F7B50093ADF804308379DA063D
S2140376E00CD5532B08BF00234FF03F0208BFADF85D
S2140376F000308DF8052008BF8DF802300021451EA6
S214037700431D6A46084615F8016F12F8014B9D4261
S21403771006EA040724EA060440EA070041EA0401ED
S214037720F1D110B1081E18BF012003B0F0BD1FB57C
S21403773050F80C4BADF80A3094F87040069BADF841
S21403774006108DF8082040F2035101AA8DF8044074
S214037750039305F048FD10B906A805F00FFE04B024
S21403776010BD2DE9F0414FF0000886B004460E46E2
S2140377701546CDF80C8000F1440712B303A805F0B4
S214037780FDFD384605F0FAFD84F81C8000233246DA
S214037790009318212B46204600F0E2FE05F5885597
S2140377A0204650F80C3B40F2055193F8703004AA7B
S2140377B08DF81030059505F016FD002006B0BDE8DF
S2140377C0F08143691A0710D4A846384605F0F4FD3D
S2140377D003460390C0B903A805F0D0FD384605F06C
S2140377E0CDFD0023237755B1D0E723F0080343618B
S2140377F003A805F0C3FD384605F0C0FD25772046EF
S21403780000F02AFF0025CBE79979204601F10C0208
S2140378101A44B2F801600531B2F803209971314673
S21403782001F0D9FBCDF80C800028CED00546D2E770
S2140378302DE9F84F0E4691469A4605469DF828B020
S21403784010B1037C012B60D0284601F0DBF83046EC
S21403785001F054FA002231468046284601F0C1FA68
S2140378600746304601F043FD42F6052398421CD1F5
S21403787018F0300F26D1BBF1000F33D018F0200FCD
S2140378803FD0BA073FD5EB8B002B38D153464A4639
S2140378903146284600F012FF0446E8B940F20A4192
S2140378A02846EE8301F0BCF816E0284601F05FF99F
S2140378B00028DDD0284601F06FF90028D8D041F221
S2140378C0121409E0B907D6D03146284601F025FB45
S2140378D00028D0D000F58854284601F098F82046B2
S2140378E0BDE8F88F18F0100F0BD0FB070BD55346E7
S2140378F04A463146284600F0BEFE0446ECE7052419
S214037900EAE72124E8E70224E6E70724E7E72DE988
S214037910F047002586B09DF8389090F81CA00446E2
S2140379200F4690460F9E0577B9F1000F09D00A4619
S2140379304B465146009600F013FE284606B0BDE8B7
S214037940F087BAF1080FADF8169026D1458932466E
S214037950043DADB29D424FF002014FF00900A8BFAF
S2140379601D4600F08EFD0222814605A93046ADF87D
S214037970147005F094FF2A464146304605F08FFF03
S2140379800546831C3146204689F80130EBF722FC76
S214037990ADF81650BDF81600D0E7BAF10A0F0DF190
S2140379A016020CBF0B210D21CDE9016200930122C3
S2140379B0434600F0F9FD1A28ECD111233A46514606
S2140379C02046CDF80090ADF8169000F0C9FDE1E72B
S2140379D0F0B5002589B01746012204460E460393E8
S2140379E0ADF8165001F02CFA8DF81500002846D194
S2140379F0304601F09DF810B1304601F05BF9304691
S214037A0001F08CF9B8B103A805F0B8FC204650F88D
S214037A100C2B237F92F8702040F202518DF8182029
S214037A2006AAADF81A608DF81C30ADF81E7005F086
S214037A30DAFB09B0F0BD0DF115030DF11602314660
S214037A40204601F09AFA9DF8153002465BB9BDF858
S214037A501630BB4235BF0723DB1B8DF81530D21912
S214037A6028BFADF81630039B314601939DF81530B9
S214037A7020460093BDF81630FFF749FFD9E72A469C
S214037A80F1E770B504460D46164601F051F840B9C5
S214037A9033462A46214601F09EFA08B100F588507F
S214037AA070BD41F20310FBE71FB550F80C4BADF861
S214037AB00A3094F87040069BADF806108DF808203F
S214037AC040F2015101AA8DF80440039305F08BFBA5
S214037AD010B906A805F052FC04B010BD1FB550F847
S214037AE00C4BADF80A3094F87040BDF81830ADF87A
S214037AF006108DF8082040F2045101AA8DF80440C0
S214037B00ADF80C3005F06FFB04B010BDF0B51227CE
S214037B1085B003920777022205460E4601F090F9D8
S214037B20044668B103A805F029FC00232B7700233D
S214037B303246009312212346284600F011FD0FE03B
S214037B40039A304693790333937101F0E7F848B10B
S214037B50039B3A460093314623462846FFF7E7FD44
S214037B6005B0F0BD42F6293001F028FBB04220D123
S214037B70039830B903A805F001FC00230D242B77E6
S214037B80D5E705F067FC80B20128F3D1039B2846AE
S214037B909A791344197B01F025F8044603A805F0E7
S214037BA0EDFB00232B77002CC1D1284600F01BFDEC
S214037BB0D6E7224631462846039B01F00CFA0446D4
S214037BC0EFE72DE9FF410392042204460D4601F038
S214037BD037F9074628B103A805F0D0FB04B0BDE883
S214037BE0F0814FF05208039A284693790333937132
S214037BF084F81C8001F092F8064640B1039B424687
S214037C00009329463B462046FFF791FDE6E742F6FA
S214037C10293001F0D3FAA842039B0BD19A79204668
S214037C201344197B00F0DEFF03A805F0A7FB00232F
S214037C302377D3E732462946204601F0CCF9F6E708
S214037C402DE9FF418B7904460C330B44B3F80170DE
S214037C500E463846B3F8038001F048F8002858D09B
S214037C6002223946204601F0EBF80546E8B93846C5
S214037C7001F054F868B116222277B37939460533F2
S214037C80B371204643460096FFF751FD04B0BDE8A6
S214037C90F081F9F777F933461B680135EDB2002B0F
S214037CA0FAD10635A8421DDC092504F1440005F087
S214037CB065FB2B463A4616212046009600F050FCFC
S214037CC0092DE3D1204650F80C3B40F2055193F8BA
S214037CD0703002AA8DF8083041F20913039305F0B9
S214037CE082FAD3E70121304605F0A4FD01460028B9
S214037CF0DAD004F1440005F00FFCB37942460533AD
S214037D00B37139463346204604B0BDE8F04100F06F
S214037D1079BC0125C9E713B5044641B9443005F0DB
S214037D202DFB204602B0BDE8104000F095BC18229B
S214037D304369027713F0080306D00023194600931D
S214037D40FFF7F5FC02B010BD1A46194602B0BDE8AF
S214037D501040FFF706BD7FB5C58B04462DB342F62C
S214037D60052001F02BFAA84207D10021204600F097
S214037D701AFF636923F001036361002640F20A4198
S214037D80204600F053FE29460DF10E022046ADF8BC
S214037D900E6001F026F8BDF80E2003460092294631
S214037DA002222046FFF79AFEE68304B070BDF7B5BD
S214037DB004461F460E46154600F024FE237C012B80
S214037DC058D0237F182B2CD063691B0713D5217F2C
S214037DD016292DD008D8122914D00225204600F0E3
S214037DE016FE284603B0F0BD18291AD05229F4D13E
S214037DF00023237713E0304600F090FF0028E6D1F7
S214037E002125EBE70023237735B1009332462B4633
S214037E10204600F0A5FB02E0204600F0E4FB002528
S214037E20DCE72A4631462046FFF79BFC0546D5E7A6
S214037E3000232377002DE8D105211720BDF8243031
S214037E40089A009500F041FB20B91123324612210F
S214037E500095DDE700F0F6FA6269034642F0080291
S214037E60626182793146053282713A46204600F0D5
S214037E70C9FBD4E70725B1E72DE9F041054688B0ED
S214037E8042F6052001F09AF9064604A8ECF7F2F943
S214037E90102205F121010DEB020005F01CF850B18C
S214037EA00121284600F07FFE284601F039FA6B6967
S214037EB023F001036B6142F60303022003A9ADF826
S214037EC00C30ECF71FFB012407464FF00008204652
S214037ED03A464FF6FF7101F036F9044610B908B07A
S214037EE0BDE8F08100F002FF0134A4B20028EED012
S214037EF0A64203D131462846E9F79AF82146284692
S214037F000DF10E02ADF80E8000F06BFF034600285D
S214037F10DDD0BDF80E202146009228460122FFF749
S214037F20DDFDD4E708B5ECF793F90020E9F70EFD7D
S214037F30002008BD10B90120E9F7FCBD70470220F8
S214037F40E9F7EEBD0020E9F7EBBD38B50C4605466C
S214037F50E3F75EFB4379C47523F0030343F003039F
S214037F6043710923837104F10C03C371A0F8155000
S214037F70153038BD2DE9F3410D4616468046E3F726
S214037F8047FB05F10C03C3714379044623F003034F
S214037F9043F003034371092301908371A0F815800E
S214037FA000F11507304605F055FA33460544E575E6
S214037FB03BB901A8314605F0AFFA384602B0BDE832
S214037FC0F0815A7922F0030242F002025A711B68CA
S214037FD0EEE708B5E3F722FB83790C33184408BDB4
S214037FE008B5E9F7F5FCECF7C1FEE8F70DFFEBF78C
S214037FF0F5FFBDE80840FFF7A5BF10B50446E9F74F
S21403800093FE20B92046BDE81040F8F7B5BE2046DB
S214038010F8F7B2FEFFF793FFF1E773B50E4605F0E8
S214038020E9FC044600BB42F6072001F0C7F8054604
S214038030D0B10A22B6F900300021002BCBBF05339E
S214038040053BB3FBF2F393FBF2F35BB28DF8073019
S21403805001230DF10702184605F04EFC00220346E5
S2140380602946104600F0B7FF204602B070BD43080D
S21403807003F05503C01A00F03303C0F3850000F085
S2140380803300184400EB101000F00F007047002177
S21403809010B5421D441E14F8010FFFF7E8FF944283
S2140380A00144F8D1084610BD0E2070470E207047D5
S2140380B00E2070470E20704708B501210220E9F70D
S2140380C03FFE002008BD0078EBF700B97047EBF7DA
S2140380D055BB704708B5ECF789FB002008BDECF7E5
S2140380E0A7BFEAF719BCEAF7F7BE02F074B802F0C6
S2140380F074B87047704770477047E8F7ADBA0F20FB
S21403810070470F20704770477047002070477047CE
S21403811070477047F8B504460F46164613680A4676
S2140381201D0A0021043504F00DFFEDB2212220467E
S214038130394605F071F82046294605F0F6F8A27987
S21403814033681444E360F8BD704770477047704760
S2140381507047704702464FF482712020FFF777B9C5
S214038160FFF7C1BF014608B500F03800EAF778FD0F
S21403817078B1D0E901324078C1F3074110F0020F1D
S21403818008BF1346043B53F8040F10B102788A4223
S214038190F9D108BD38B505460C4604B938BD013CCF
S2140381A055F824301B69002BF7D09847F5E770473E
S2140381B07047F8B543780546DB0701D4EAF792FD26
S2140381C000266B786F6823F00C0343F002036B7092
S2140381D057F826402CB9202005F10C01F8F786FF46
S2140381E00FE0A3680136002BF2D098470446002818
S2140381F0EED031463846FFF7CDFF6B7823F0020307
S2140382006B702046F8BD4078C0F340007047437853
S21403821013F00E0F0CBF01200020704710B5EAF7CD
S214038220CBFD0446EAF7E0FD204610BD4FF482700E
S214038230704708B5EAF714FDC068003818BF012078
S21403824008BD08B5EAF70CFD20B1BDE80840C068D4
S21403825005F0C5B808BD38B5EAF702FD044650B1C7
S214038260F9F733FC054604F10C0005F0A5F80446BF
S2140382702846F9F730FC204638BD37B58379019098
S21403828003440446D86800F03800EAF7E9FC0546DC
S21403829028B901A805F072F8022003B030BD2046C5
S2140382A005F076F8F9F711FC0446019905F10C0080
S2140382B005F032F92046F9F70EFCE8F73BF8002004
S2140382C0EBE72DE9F04104461F462502C4F30723D6
S2140382D005F4E06524F47F441D4324F0C704EE1937
S2140382E044F080048B7944EA16243602B6B20C3383
S2140382F03443084601EB0308CC501146FFF7BDFF95
S21403830020B94544EF704046BDE8F0814FF00008C1
S214038310F9E7427810B50432044601F00400D2B2FD
S214038320002140F0290005F07DFA18B18379226810
S2140383300344DA6010BD10B50021FFF7EAFF0446D8
S21403834008B9002010BD0179FFF797FF0028F8D180
S214038350A3790C33E018F5E72DE9F04117461A46E2
S214038360036801F004011C0204F4E064C3F307236A
S2140383701C4341F02905043406463B46214628465D
S21403838005F0BAFA804650B1E1B205F037F83B463D
S2140383902A4641463068BDE8F041FFF792BFBDE884
S2140383A0F0812DE9F341002401F004010768064635
S2140383B041F02905106829461460019004F0E8FF8F
S2140383C0019805F047F8390201F4E061C7F307277F
S2140383D0394380460122043101A805F09FF930B1E4
S2140383E001A804F0CBFF204602B0BDE8F081434667
S2140383F02A4601993068FFF764FFF5E770470023C4
S21403840007B5CDE9003369468DF802004FF0FF301B
S21403841004F024F903B05DF804FBA0F86E1070476F
S21403842001238B4090F87110194380F87110704740
S21403843008B50120F8F7C6FDC0B208BD83790C3332
S214038440184470471438704710B50446A1F1140059
S21403845005F000F8201A20EAE07080B210BD70B56F
S2140384601C460D461646FFF7EFFFA04207D32246EB
S2140384703146A5F1140005F012FA012070BD002064
S214038480FCE770B506460D4614467AB90A462046FA
S214038490082105F0C7F9044690B92A460821292081
S2140384A005F0C0F9044658B9204670BD104604F0DE
S2140384B065FF204605F0E9F808231D44A371E5711E
S2140384C0A3790C331C442670EEE72DE9F0411646DB
S2140384D0069A074688461D46FFF7D3FF0446F0B1C3
S2140384E014382A463146069005F0D9F9854217D93D
S2140384F0069B06A81C7904F0200404F03FFF74B919
S21403850042460821292005F08DF92A463146069071
S21403851005F0C5F9854206D906A804F02FFF002406
S2140385202046BDE8F081069A93790C33D418D754C5
S214038530F6E711B11439EAF74DBE1A20704738B57D
S214038540002204460D4602200321FFF79AFF014648
S21403855008B1A0F801502046BDE83840FFF7E9BF50
S214038560F8B504460F46164605210120069A1D4611
S214038570FFF787FF014638B14770468005712046EE
S214038580BDE8F840FFF7D5BFF8BD38B50D46032163
S21403859004460846FFF775FFA0F80150014620463B
S2140385A0BDE83840FFF7C5BF73B505460846114614
S2140385B06C891A46641ABDF81830A4B29C4228BFC8
S2140385C01C46079B089E00932346FFF77EFF014643
S2140385D030B12846348002B0BDE87040FFF7A9BF2B
S2140385E01A2002B070BD012110B5002204461320E4
S2140385F0FFF747FF014620B12046BDE81040FFF7CE
S21403860098BF10BDF7B54489054618460F4616466B
S214038610019304F01FFF053CA4B2844203DA011B56
S21403862001A804F0B9FF0521019805F03EF80146BC
S21403863028B901A804F0A2FE1A2003B0F0BD83797E
S2140386400C33C2181720C8542846A2F80170A2F8A3
S2140386500360EAF7BFFDF0E7012110B500220446E8
S2140386601920FFF70EFF014620B12046BDE8104053
S214038670FFF75FBF10BD73B50E460021448905465C
S214038680033CA4B2A342009128BF234603211B2028
S214038690FFF71BFF014670B1012210F80F3CA0F84C
S2140386A0016062F3071300F80F3C284602B0BDE8EA
S2140386B07040FFF73EBF1A2002B070BD73B50E467A
S2140386C0002144890546033CA4B2A342009128BF77
S2140386D0234603211D20FFF7F8FE014638B1A0F814
S2140386E00160284602B0BDE87040FFF722BF1A209B
S2140386F002B070BD4B88042B07D1836C08885B8956
S21403870098428CBF0020012070470020704710B5A8
S2140387100446806920B10021EAF798FC0023A36190
S21403872010BD38B5A0224FF4A0730025C0E9072377
S2140387300723044680F83130C5818571103004F074
S2140387401DFE04F1140004F019FE2046FFF7DFFFB8
S21403875040F20113E3857F2384F832302046A56276
S2140387606562BDE83840FEF78DBF91F8393073B5C2
S2140387705B0706460C4615462DD40846EAF776FDF3
S2140387806B1E042B16D8032D14D0A379142B24D0D8
S214038790A3697BB90093ADF804308DF80630E8F78B
S2140387A0C7FB6946EAF7B6FB18B91A25284602B08E
S2140387B070BDA061636AE57343F016036362E8F76E
S2140387C05DFB3046EAF772FE05460028EED02046EB
S2140387D0FFF79DFFEAE70225E8E72125E6E710B560
S2140387E00446FEF741FF0346204009D014F0050077
S2140387F006D0DB4363F0050323420CBF01200020B1
S21403880010BD002337B580F8723040F6FF73A0F82A
S2140388106E3083680446DA040D46C16010D443F410
S21403882080636A46A36040F203212046CDE90045F3
S21403883004F0D9FC00212046EAF708FC03B030BD5B
S21403884090F87600EAF7DCFEA36823F48053E8E7A3
S21403885073B56E4604464A7930460D460631E8F748
S214038860ADFB96E80300A4F85010090C11F0800F36
S214038870E06484F8521004F1530312D00122184620
S21403888005F11201E8F79AFB0C352846FFF7FFFBC4
S21403889028B10122294604F15A00E8F78FFB02B0FB
S2140388A070BDB4F8501094F85220C4F85300998061
S2140388B09A71E9E71FB590F87420044602F00103A5
S2140388C001908DF808300BB102F002038DF80930E1
S2140388D094F8753020468DF80A30039101F0D5FCE4
S2140388E04FF4017101AA204604F07DFC2046EAF706
S2140388F039FC04B010BDEAF781BBFFF799BD0A4601
S2140389000021EBF7F1BF13220121EBF7EDBF8268DD
S21403891038B5C2F380320446B0F86E000D46ECF765
S21403892089F820B9A3681DB143F40053A36038BD8A
S21403893023F40053FAE7F8B504460E4617461D46D9
S214038940E8F7F6FA2146EAF7E5FA044698B1002175
S214038950FFF766FD3A4631462046F8F7EFF9A36877
S21403896043F00103A36040F20313A4F8723000231C
S21403897020462B60F8BD1A23FAE710B504460B68A9
S214038980084623608B88A38042B1E8F70FFBA071EB
S2140389902046FEF79DFE00B9A07110BD4920F6E7FC
S2140389A083791A0705D413F0100F0CBFFF2001209C
S2140389B07047002070470020704710B5044660B12A
S2140389C0806C50B1EBF71EFBA06C0028FAD1204652
S2140389D0BDE810400321EAF739BB10BD438907B54C
S2140389E08B420CD050F80C2B40F2014192F87020C9
S2140389F0ADF806308DF8042001AA04F0F4FB03B0AA
S214038A005DF804FB436943F004034361704743691D
S214038A1023F00403436170474069C0F38000704746
S214038A2047F2305300220068F8F76CB9006804F088
S214038A3077BB38B5436904469B070D4603D540F21A
S214038A400941FFF7F3FFEAF7E3FB08B1A3691D70DB
S214038A502046BDE8384040F20941FFF7E1BF07B5BD
S214038A60027C012A09D00122027440F20942914293
S214038A7006D040F20A4291420ED003B05DF804FBE2
S214038A804FF4816150F80C3B01AA93F870308DF8CF
S214038A90043004F0A8FBF0E750F80C3B01AA93F867
S214038AA070308DF80430F4E738B522F000430D46F5
S214038AB0114640F20322934204461AD0B3F5017FCF
S214038AC009D240F20122934213D040F2022293428B
S214038AD009D0002038BD6FF481621344012BF8D807
S214038AE0FFF7BDFFF5E700F022F92046FFF7C4F9CC
S214038AF0EFE763699B0704D540F209412046FFF779
S214038B0095FF2846FFF759FFE3E708B5EAF74EFA5D
S214038B1000B1806C08BD08B500B10068EAF766FAD4
S214038B2008B9034602E0836C002BF7D0184608BD4D
S214038B3010B5044642F62A3000F040FB031B5842A9
S214038B40584110BD022806D142F62A330888C31AB4
S214038B505842584170470020704710B5044642F605
S214038B60293000F02BFB031B5842584110BD90F8E8
S214038B70200000F0010070471FB504466846EBF777
S214038B8079FB1022694604F1210004F0A4F9B0FA37
S214038B9080F0400904B010BD08B5FFF7EDFFB0FA4A
S214038BA080F0400908BD70B5044600F1210591B96F
S214038BB02846EBF75FFB236893F97500FEF73AFD4B
S214038BC078B120682B46BDE8704010220D2190F93D
S214038BD07500FEF7E9BC10220021284604F0B2F91E
S214038BE0E9E770BD38B50446002390F8202041FA23
S214038BF003F0C50703D442FA03F0C0071ED40133BB
S214038C00082BF4D101F0010523682A4384F82020B9
S214038C1093F97500FEF70EFD40B1234653F8200B7B
S214038C2001220C2190F97500FEF7BEFC0DB9002059
S214038C3038BD00212046FFF7B6FFF8E71320F7E715
S214038C4068B13F290AD800EBA10090F8310001F083
S214038C5003014900084100F00300704700207047F5
S214038C6010B50368044693F97500431C0DD0FEF750
S214038C70E1FC50B12346BDE8104053F8310B1022F7
S214038C800B2190F97500FEF78FBC10BD10B590F858
S214038C907430DB0706D490F97530013314BF0F2008
S214038CA0052010BD847CECF78BF9844234BF0C207E
S214038CB00020F6E730B5044685B06846EBF7DAFAE7
S214038CC01021684604F02DFE2046EBF7E5FC6B46C4
S214038CD0C26804AD06321C4603CCAC421060516039
S214038CE0234602F10802F6D105B030BD08B5EBF70E
S214038CF0D3FC08B1EBF7A4FCC0B208BD013810B52D
S214038D0080B2EBF7C9FC044608B9002010BD4088C2
S214038D1000F07FFB0028F8D0207BF7E708B5EBF7D9
S214038D20BBFC18B1007AC31F5842584108BD70B542
S214038D30054655F8213B044693F97500431C04D1B8
S214038D402846BDE87040EBF795BAFEF773FC00289B
S214038D50F6D0234653F8310B10220B2190F97500F9
S214038D60FEF750FC234653F8200B01220C2190F902
S214038D707500FEF747FC20682B46BDE870401022BE
S214038D800D2190F97500FEF73DBC01302DE9F04149
S214038D9085B228460E46EBF77FFC42F602170446DA
S214038DA042F603089CB12046EBF74AFC78B120460E
S214038DB000F03EFBB84205D10EB123883380607BBA
S214038DC0BDE8F081204600F033FB404502D14FF06A
S214038DD0FF30F5E70135ADB22846EBF75DFC0446F8
S214038DE0E0E72DE9F04707460E4690460D4642F665
S214038DF0021942F6030A0135ADB22846EBF74CFCDE
S214038E00044678B1EBF71CFC60B1204600F010FB7B
S214038E10484505D1237A072B04D10320BDE8F08704
S214038E205045E8D141463046FFF7AFFF431C0146A5
S214038E3004D03846BDE8F047FFF702BF0020EDE751
S214038E4070B5054608461646EBF726FC044608B9F1
S214038E50012070BDEBF7F4FB0028F9D0F00713D41C
S214038E60B10734D4720702D5A3885B0732D516F050
S214038E70060F31D116F40060EBD0A38813F4006F0D
S214038E8014BF00200620E4E7A388DA0743D513F0CF
S214038E90700F0AD1980610D45806E1D52B6893F9BB
S214038EA075300133DCD10820D3E72868FFF7EEFEE0
S214038EB0A388990608D50028CBD12A6892F874208F
S214038EC09207E9D40520C4E70028C2D1E4E7A388C3
S214038ED09907C7D40320BCE7A38813F4E06F09D12E
S214038EE098050FD45B05C5D52B6893F97530013308
S214038EF0C0D1D8E72868FFF7C9FEA388990507D528
S214038F000028A6D12A6892F874209207EAD4D9E7F3
S214038F1000289ED1E6E702209BE738B504460846BC
S214038F20EBF7BAFB054608B9012038BDEBF788FB1B
S214038F300028F9D0AB8813F4E04F0CD1980412D470
S214038F4013F48040F1D0236893F97500431C58420C
S214038F505841C000E9E72068FFF798FEAB889904FC
S214038F6008D50028E1D1226892F874209207E7D446
S214038F700520DAE70028D8D1E2E72DE9F0474FF0DD
S214038F800009044683F800900846A2F80090884635
S214038F9016461D46EBF780FB074620B90123002043
S214038FA02B70BDE8F08774B1EBF74AFB0028F5D0C9
S214038FB04046FFF7D2FD30B1012385F8009004F157
S214038FC020003380EDE72B46324639462046BDE87F
S214038FD0F047EBF7DBB82DE9FF410746084688461E
S214038FE016460393EBF758FB044638B903A804F078
S214038FF0C5F90125284604B0BDE8F0811FB1EBF79B
S2140390001FFB0028F2D0237A072B05D8DFE803F0EE
S21403901017262F381C17172126BB0398002835D18F
S2140390203246257A022D62D0032D64D0012D3BD023
S214039030002F7FD1002503A804F0A0F9DAE703A8E0
S21403904004F09CF90325D5E703A804F097F9062551
S214039050D0E703A804F092F98025CBE7E3685D88A0
S214039060B54209DA03A804F089F90725C2E7E368DD
S2140390709A88B242F6D35D88039840B9024609E05F
S214039080022EEFDC039868B90246CAE7354604F0B9
S214039090E1F982B29319AB42C3DD03A804F06EF97B
S2140390A00D25A7E70225F2E7E068063000230399BB
S2140390B0304404F059F9002FBCD0237A032B39D15E
S2140390C003A804F05BF900212046EBF79FFA68B388
S2140390D00588617B3846FFF7B3FD01220346294620
S2140390E03846CDF80080FEF7F9FC002582E7E068F5
S2140390F0B3188380D9E7039B9A79D979891AC9B2B9
S214039100481E012810D8134402291A7B04BF5B7B30
S21403911042EA0322237B32EA03038CD10123384637
S214039120617BEBF709F8C6E70D2584E708F1FF3501
S214039130ADB2CEE7039B41460093384633463A7FAB
S214039140FEF7B2FCD1E7884270B504460D461646D4
S21403915011D8012838BF01242046EBF79DFA10B139
S2140391604388B34208D00134A4B22046EBF778FA1A
S21403917008B1A542F0D20024204670BD70B50C4657
S21403918016461D460146B8B1B3B1022C01D0102CC9
S21403919012D1E0B2EBF7B6F94FF6FF7188420246FA
S2140391A002D141F20A1070BD3046FFF7CCFF00280B
S2140391B0F7D028800020F6E72120F4E7002307B540
S2140391C00122ADF80400ADF8063002210DF10603C6
S2140391D001A8FFF7D3FFBDF8060003B05DF804FB54
S2140391E0F8B50F461646441CA4B22046EBF754FACD
S2140391F010B9013CA0B2F8BD00F01AF90546304696
S21403920000F0F2F820B1284600F0EEF80028F0D17E
S214039210304600F0E2F820B1284600F0DEF80028D9
S214039220E7D10134A4B22046EBF71AFA08B1BC42E0
S214039230DBD94FF6FF70DEE72DE9F04F9A4687B08D
S2140392408B880D460C88814604A90220ADF81030A1
S2140392509046EBF757F9AB680090A888AF8905935B
S21403926000F0BBF838B1102F05D105A8EBF730F99D
S214039270022808BF02274FF6FF7B33E02046009AFA
S214039280FFF761FF064680B3AA886988FFF7A8FF41
S21403929004463046FFF72AFD00B30DF10F033146AF
S2140392A048460DF11202FFF768FE9DF80F302BB10A
S2140392B0A8F80060184607B0BDE8F08FBDF8122086
S2140392C0BA420BD13A460599019303F004FE019B7B
S2140392D020B9A8F80060AAF80040EBE75C4504D084
S2140392E00134A4B26988A142C8D80A23E2E708B5C4
S2140392F0EBF7D2F9BDE8084000F09AB838B5054652
S2140393000846EBF7C9F9044610B94FF6FF7038BDA7
S2140393100DB96088FBE7EBF793F90028F9D1F4E77A
S21403932070B5044642F60520FFF748FFB0B10021AA
S214039330FFF72BFD054601462046FFF781FC064650
S2140393401022002104F1310003F0FCFD32462946C9
S2140393502046BDE870400023EAF7EEBE70BD7FB539
S21403936004460D4610220021684603F0EBFD002656
S214039370AB575A1C1BD031462046FFF761FC1946F3
S214039380002BB8BFD91C04AA02EBA10100F003020C
S214039390584200F0030003F0030358BF43425B0048
S2140393A002FA03F311F8102C134301F8103C0136AC
S2140393B0402EDDD16B4604F1310504AE1A4603CACE
S2140393C0B24228606960134605F10805F6D12046C7
S2140393D004B0BDE87040FFF743BCA0F52050012859
S2140393E08CBF00200120704742F60303C31A58427D
S2140393F05841704708B5030409D4EBF74FF8A0F5B6
S214039400205080B201288CBF0020012008BD002018
S214039410FCE7020408B507D4EBF740F842F603036B
S214039420C31A5842584108BD0020FCE7C00B7047DA
S2140394300346B3F902304088002B01DBEBF72EB866
S2140394400020704708B5FFF7F3FFA0F5205080B261
S21403945001288CBF0020012008BD037C012B07D008
S2140394608369187828B112280CBF0020052070479E
S2140394700720704710B504468069143003F07EFF5A
S214039480A069BDE81040183003F078BF2DE9F0411D
S2140394900F46144605461E46FFF7ECFF23463A469C
S2140394A008210020D5F8188004F026FAAA69C8F81F
S2140394B01400536923B1002054811682BDE8F0815D
S2140394C01A20FBE71FB50A468369090C92B29980F6
S2140394D0DA8042F60303ADF80C300223009303ABA5
S2140394E002F04CFA05B05DF804FB70B50446084676
S2140394F003F0B0FFA16986B28A894D8912B1521B67
S21403950096420CDA6389581E80B225B90A78082A6F
S21403951004BF043B98B2831B5842584170BD0020D9
S214039520FCE730B5044654F80C0B8DB09DF840505C
S21403953090F8700042EA01428DF804001946029240
S21403954003A82A46079503F0D6FC40F202412046BC
S21403955001AA03F048FE0DB030BD10B550F80C4B11
S21403956086B094F87040ADF80E10ADF8102040F2B7
S214039570064103AA01938DF80C40059303F033FECE
S21403958010B901A803F0FAFE06B010BD37B50446BD
S2140395900D46FFF76FFF204640F20941FFF746FAF4
S2140395A000222046A36940F207411A7050F80C3B8C
S2140395B06A4693F8703001958DF8003003F013FE79
S2140395C003B030BD13B501910021044602F080FAC2
S2140395D00422002320460DEB0201FFF757FF02B0DB
S2140395E010BDF0B504460F461E46154685B052B963
S2140395F083691B78072B30D0082B14BF1546092523
S214039600002E18BF0D250A9803F024FFA3699A8934
S2140396104AB15B8981B2D21A914204DD92B2891AA9
S2140396200AA803F0B9FF204650F80C3B40F2054168
S21403963093F8703001AA8DF804300A9BADF80670D3
S2140396408DF80850ADF80A60039303F0CCFD10B90B
S2140396500AA803F093FE05B0F0BD0B25D0E7B0F8DB
S2140396600AC02DE9F041ACF1020C9C4505460E46B6
S21403967017461C4603DDBDE8F04102F0D6B9836900
S2140396802246198100233946FFF700FF044658B9DE
S214039690AB690246314628460E3302F0DFF904462C
S2140396A010B12846FFF7E6FE2046BDE8F0812DE917
S2140396B0F043202A8FB0054617461C4603910BD964
S2140396C041F2041421462846FFF760FF03A803F07F
S2140396D055FE0FB0BDE8F083002B46D10846A2F135
S2140396E0060803F0B7FE4FF6FF765FFA88F81FFA10
S2140396F080F94C4510D3AB69DA88B24239D942F6C1
S2140397000203ADF814300223711C0093284605AB00
S21403971089B202F033F925E023463A46039906A8B0
S21403972003F022FEAB69BDF818609A88B242C7D828
S214039730DA88B242C4D3BDF81A10BDF81C20B8F1BB
S214039740000F09D02846CDF800800DF11E033C44D7
S214039750FFF7E7FEA4B2CCE728469E8019815A811C
S21403976002F025F904460028B0D041F20A139C42C1
S214039770A8D10024A6E770B505460E4611461A463C
S214039780FFF76BFE044670B903462846FFF77EFED6
S214039790044640B931462846FFF794FE044620B1F6
S2140397A02846FFF767FE204670BD05212846FFF7CB
S2140397B040F9F8E770B505461E46FFF74EFE044629
S2140397C048B933462846FFF74AFF044618B90A2124
S2140397D02846FFF72EF9204670BD2DE9F0471C46B4
S2140397E096B0836901921B780646062B03D0102B8E
S2140397F060D001A81CE00129104614BF4FF01008E2
S2140398004FF002080392002C4CD103F023FE4FF6D0
S214039810FF7508F1020987B2A7420ED8B369DA8842
S214039820AA4237D8002421463046FFF7AFFE03A8E6
S21403983003F0A4FD16B0BDE8F08723464A46039915
S21403984004A803F091FDB369BDF810509A88AA42A4
S2140398502DD8DB88AB422AD39DF81330282BE1D0D2
S214039860B2465AF80C3B424693F870300DF112019B
S2140398700DA88DF83030ADF83250CDF844804C4406
S21403988003F039FB40F2044150460CAA03F0ABFC4C
S214039890A4B2C1E7691C304689B202F03FF8044619
S2140398A00028C4D041F20A139C42BBD0BBE741F266
S2140398B00414B8E70129104614BF1227042704929C
S2140398C084BB03F0C7FD42F602184FF6FF7185B25C
S2140398D0A5420DD8B369DB888B4221D901314FF6F7
S2140398E0FF72304689B202F019F80446A0B119E0B7
S2140398F023463A4604990CA803F036FDBDF83220F9
S214039900BDF8301042459DF8333007D1B2690223C3
S21403991030460A32FFF7A3FE04A889E7282B06D1B0
S21403992041F20A1421463046FFF730FEF4E73C4482
S214039930A4B2CDE7F0B5836987B003911B780546DB
S214039940022B144653D108460491002A47D103F04C
S21403995081FD4FF6FF7687B2A7420DD8A869C28865
S214039960B2422BD8002421462846FFF70FFE04A850
S21403997003F004FD07B0F0BD04220499234605A8AE
S21403998003F0F2FCAA69BDF814109088BDF81660BF
S214039990814229D3D388994226D8864224D39E422D
S2140399A022D85069927A837904340C3300920344A4
S2140399B032462846FFF7B5FDA4B2CDE74369408992
S2140399C0711C0190987989B20C30034400932846A1
S2140399D04FF4205301F0B6FF04460028C7D041F2E7
S2140399E00A139C42BFD1BDE741F20414BBE703A8A8
S2140399F0BEE7F0B587B0054617461C46039153B934
S214039A00FFF773FD38B1012322462846039900F079
S214039A1084F807B0F0BDA9690B78082B05D8062B88
S214039A2044D8032B0FD003A83DE00E2BFBD1039B9A
S214039A300593002C6DD1002B6BD02246284609894E
S214039A40FFF78BFD59E00398059018B3ECB9102681
S214039A5083794A890C330989034400962846FFF71D
S214039A6060FDAB699988DA88914217D242F6020301
S214039A70ADF8103002230131009328460DEB0603A0
S214039A8089B201F07BFF044660B141F20A139C429F
S214039A9004D101E0002CF8D141F21F0421462846E8
S214039AA0FFF774FD05A803F069FCB2E70398059079
S214039AB07CBB70B303F0CEFC0FB386B2B7421ED2A4
S214039AC0394605A803F08AFE38B905A803F056FC04
S214039AD01A212846FFF75AFD9BE78379F61BC2181F
S214039AE0023391898371AB6900225B89B6B2009019
S214039AF02846FFF776FDB742E2D92146E9E7AA6989
S214039B00284653891189059A00920022FFF769FDBA
S214039B10F3E705A803F032FCEFE7F0B585B0064699
S214039B201F461446039132BB084603F093FC0546D2
S214039B3008B3B1690B784A89082B0BD8062B0BD9C7
S214039B40039B09893046009313462246FFF749FDD7
S214039B50039401E00E2B19D0B1694B89EA1892B22F
S214039B60B2F5007F4A8117D82FB13046098901F034
S214039B702FFF044628B10022234611463046FFF73E
S214039B8038FF03A803F0FAFB05B0F0BD3046039B8D
S214039B900989FFF7E2FCDBE741F20414EBE773B550
S214039BA0836901911B780446082B15460ED8062BAD
S214039BB00ED9019E20463146FFF797FC2A460346F8
S214039BC031462046FFF7A9FF02B070BD0E2BF0D03A
S214039BD001A803F0D3FBF7E730B5836987B0039199
S214039BE01B780546092B144611D105915AB913461D
S214039BF000910F222146FFF7F4FC21462846FFF783
S214039C00C5FC07B030BD05A803F0B8FBF5E703A80D
S214039C1003F0B4FBF5E72DE9F04F87699FB0039196
S214039C203F780546052F16461C4604D8032F16D83C
S214039C3010D003A867E0082FFBD108461391002B2A
S214039C4000F0C28013A803F099FB21462846FFF7CD
S214039C509DFC01E0FFF72BFD1FB0BDE8F08F202A27
S214039C600846049148D8002B40F0A880571F03F0FD
S214039C70F1FB4FF6FF78FFB21FFA80FA0DF11C0BCB
S214039C80A24506D8AB69DA88424500F287800024ED
S214039C9034E02346324604990BA803F065FBAB6910
S214039CA0BDF82C809A88424526D8DA88424523D3C5
S214039CB05969F1B9A94659F80C1BBDF82F2091F83C
S214039CC070109DF82E308DF84C10ADF84E200DF127
S214039CD031013A4615A88DF85030199703F00BF961
S214039CE040F20341484613AA03F07DFA3444A4B273
S214039CF0C6E75A89102A09D941F204142146284690
S214039D00FFF744FC04A803F039FBA5E700235846F5
S214039D1003F02AFBAB690DF13101102FCDE9051BCA
S214039D2093F80A902BD1B9F1020F34D105A8EAF7BC
S214039D30CFFB0228DAD14A46DDE9051003F0CBF85B
S214039D400028D3D12B4653F80C0BBDF82F1090F8F0
S214039D5070009DF82E208DF84C00ADF84E108DF84F
S214039D60502059464A4615A80293CDF8649003F04E
S214039D70C2F8029B40F20341184613AAB4E7022F27
S214039D8009D1B9F1100F06D106A8EAF7A1FB0228FC
S214039D90ACD13A46D0E73A465846CFE742F60303F5
S214039DA0ADF84C30022308F101010093284613ABAB
S214039DB089B201F0E3FD04460028A3D041F20A135A
S214039DC09C423FF464AF99E759B900210023AA697E
S214039DD0284693815381118113993246FFF709FE72
S214039DE03AE703F037FB16B180B28642EDD1139AF9
S214039DF09379D118023389899371E7E72DE9F04304
S214039E001C468FB0836903911B780546012B1746C2
S214039E105BD10846059103F01DFB202F0BD941F2B9
S214039E20041421462846FFF7B1FB05A803F0A6FA5B
S214039E300FB0BDE8F083002C42D1059803F00AFB6F
S214039E404FF6FF76A7F104081FFA88F81FFA80F981
S214039E505FFA88F8A14505D8AB69DA88B24220D8FC
S214039E600024DEE723463A46059906A803F07CFA63
S214039E70AB69BDF818109A88BDF81A609142CED324
S214039E80DB889942CBD89642C9D39E42C7D832467E
S214039E902846CDF8008007AB3C44FFF742FBA4B24C
S214039EA0D8E74FF42053ADF810300223711C00930B
S214039EB0284604AB89B201F09FFD04460028B4D0BF
S214039EC041F20A139C42CBD0ABE703A8AEE7836903
S214039ED01B780A2B02D00F3B012B01D8FFF756BB8A
S214039EE07047F0B585B00193836917461A78044620
S214039EF00A3A0A9E072A42D8DFE802F004413041B4
S214039F00410441290198039003F0A4FA85B203A8FB
S214039F1003F034FA26B131462046FFF753FB0FE031
S214039F20A1697A194B8992B293420BD90A8201F13D
S214039F300E032046098901F091FD01460028EBD166
S214039F4005B0F0BD0121204601F0C2FDF5E72EB9AC
S214039F501A8A0198BA420BD04FF48166019B03A874
S214039F60039303F00BFA31462046FFF70FFBE7E7B0
S214039F70DA89596903F079FA0028EDD1EEE701A8EA
S214039F8003F0FCF9DCE738B58269044613780D461E
S214039F900D2B12D00F2B01D00A2B12D1536933B1DC
S214039FA0997902F114000B44DD6803F0E7F92946BA
S214039FB02046BDE83840FFF78ABFBDE83840FFF7C4
S214039FC0E5BA38BD07B5002300921B22FFF709FB4D
S214039FD003B05DF804FB07B583695980009200233C
S214039FE01D22FFF7FEFA03B05DF804FB08B5FEF783
S214039FF08CFD18B1BDE80840EAF7AEBB252008BDC6
S21403A00070B50D461446FEF780FD58B12369022B42
S21403A01001D0102B08D122462946BDE87040DBB29A
S21403A020FFF7A9BB252070BD2120FCE770B50C46C1
S21403A03015461E46FEF769FD30B133462A462146CD
S21403A040BDE87040FFF7B6BB252070BD4B88052BD7
S21403A05005D108880E288CBF0020012070470020F9
S21403A0607047F8B505460F46164604210A22002017
S21403A07003F0D8FB0246B8B1847905210C340319E2
S21403A0804FF0060C00209970D87002F804C0132411
S21403A0901C7102245F715870D8719C7128461E810A
S21403A0A0BDE8F840E7F7BEBDF8BD73B505461046F4
S21403A0B001920C4603F0CEF9042186B2019803F010
S21403A0C0F4FA024628B901A803F058F91A2002B098
S21403A0D070BD837901900C33C1184C80C65221465B
S21403A0E02846E7F79FFD0020F1E72DE9F84F8A465B
S21403A0F091469846064680B3846814F400442CD1EF
S21403A100EAF728FE102283460421204603F08AFB42
S21403A110024620B305210C2387790C37C519A9708D
S21403A120EC70C35512232B710823AB71BDF828308E
S21403A1303046EB816C7085F805B0EC71A5F808A085
S21403A140A5F80A90A5F80C80E7F76CFDB36843F40E
S21403A1500043B3602046BDE8F88F0224FAE71A24CA
S21403A160F8E72DE9F04106468846174604210A22F9
S21403A170002003F057FB0246B8B1857900240C355E
S21403A1804319052106209970DC705055012018717B
S21403A19002205C70987183F805803046DC711F815D
S21403A1A0E7F740FD2046BDE8F0811A20FBE70020D4
S21403A1B070470020704707B501A8019203F0DEF848
S21403A1C003B05DF804FB7047002070470F2070470C
S21403A1D00F2070477047EBF7BBBAEBF7C3BA10B55F
S21403A1E088B0E8F7E3FE044600284AD090F87200E9
S21403A1F0022848D1A36813F4407F2AD094F873202A
S21403A200012A32D194F97500421C01D1D9052CD507
S21403A21094F8743013F0010327D1CDE90133CDE967
S21403A2200433CDE90633ADF80C30FDF703FAA36823
S21403A23088B9DA0519D5A06AE16A01AB03C3228E91
S21403A2401A802046BDF8042004AB0DF10601EAF798
S21403A250C1FB08B010BDDB05EDD40A22022194F938
S21403A260750001ABFDF7CEF9EBE7002345F21702C5
S21403A2701946204600F074F9B0FA80F04009400011
S21403A280E7E72120E5E70220E3E738B545F21B02BE
S21403A2900C460B460021054600F062F930B92CB196
S21403A2A021462846BDE83840EAF716BF38BD00F019
S21403A2B086B901F00FBB01F018BB10B504464C304D
S21403A2C0FDF799F984F875002046BDE8104001F0C3
S21403A2D0DCBA10B50446FDF765F902280DD194F8EB
S21403A2E0733094F97000012B14BF0521032184F801
S21403A2F03210BDE8104001F010BBA36843F40073AE
S21403A300A36010BD00F08CB938B5037804463E2B25
S21403A3100D4604D18378052B02D0ED2B0FD038BD24
S21403A320B0F80300E8F734FE20B1B4F80D10621D50
S21403A33000F0DCF92846BDE8384003F01FB8B0F853
S21403A3400300E8F725FE0028F4D0B4F80D1004F156
S21403A3500F03621D00F0CDF9ECE7CB0448BF41F4D0
S21403A3608061C160704710B50446006C30B94FF485
S21403A370B07003F020FB206420B910BD4FF4B07119
S21403A38003F0DDFAFF23226C82F85E31A3681B0616
S21403A39003D5C02301201370EFE794F87330012B25
S21403A3A014BF80234023F5E710B5044645F21A018F
S21403A3B002F0B6FE2046BDE8104047F230530022B6
S21403A3C045F21A01F6F79EBC10B50A460446082164
S21403A3D0002003F027FA10B1837903441C7310BDE1
S21403A3E038B505460C460D201121FFF7EDFF024652
S21403A3F088B12146837903440D3304F1100051F8E4
S21403A400044B814243F8044BF9D12846BDE8384053
S21403A4100621FFF74ABE38BD38B505460C4604206C
S21403A4201121FFF7D1FF024688B121468379034401
S21403A4300D3304F1100051F8044B814243F8044BEA
S21403A440F9D12846BDE838400621FFF72EBE38BDB1
S21403A45038B505460C4603201121FFF7B5FF024623
S21403A46088B12146837903440D3304F1100051F873
S21403A470044B814243F8044BF9D12846BDE83840E3
S21403A4800621FFF712BE38BD37B500220546082160
S21403A490104603F0C7F90446C0B10C2301220DF1A0
S21403A4A007018DF8073003F0FAF9296C20225131A1
S21403A4B0204603F0F4F9296C20227131204603F07C
S21403A4C0EEF9224606212846FFF7EFFD03B030BD1E
S21403A4D008B5D0B2E8F76AFD28B190F8773003F0F4
S21403A4E07F0380F87730012008BD036C4BB983687F
S21403A4F01B0608D490F87330012B14BF802040202D
S21403A500704718787047C020704770B50446FFF749
S21403A510ECFFEAF7ABFE0D460346002245F20101C7
S21403A52020469847236C03B11D702846EAF79EFE23
S21403A5304FF4A041034600222046BDE8704018476A
S21403A54070B51546044648B1FFF7CFFFEAF78EFE0F
S21403A5502A4603462046BDE870401847022070BDD1
S21403A560114608B51A4621F00041FFF7E9FFB0FA95
S21403A57080F0400908BD10B4C4691CB95DF8044BEB
S21403A5800180704700235DF8044B1A46F9F71AB8A2
S21403A59008B50B4601461846F6F70CFF003818BFF9
S21403A5A0012008BD10B50446006838B11A2103F02F
S21403A5B0C6F92068F6F7DEFE0023236010BD30B52B
S21403A5C08BB00D46002201A9EBF70AF8044620BB20
S21403A5D001460D220DF10B0002F0B4FCB5F8032082
S21403A5E06B79ADF8082006A9019A02A88DF80A30FF
S21403A5F0EAF75CFE40F20343BDF81820002818BFB4
S21403A6001C469DF81A30102102A82A80AB7003F06E
S21403A61096F9102106A803F092F920460BB030BD38
S21403A62010B50446EAF700FE04F13400FFF7BAFF5C
S21403A630A3685A0606D523F0400300212046A360EC
S21403A640E7F7BEFA236C63B1D3F89400F8F75BFC24
S21403A6500421206C03F073F9206CF6F78BFE0023BD
S21403A660236410BDF7B50D4669461646EAF7B8FFEC
S21403A670044698B929461022009801ABF8F7A1FCC6
S21403A68007461021284603F04CF92FB1102128461F
S21403A69003F055F940F2074406B13760204603B08D
S21403A6A0F0BD38B50446C51C03212846FFF770FFE6
S21403A6B0C8B9E27863797AB922791A43F4D003F0F9
S21403A6C07F0343F0400363715323A3712146BDE820
S21403A6D03840FF20FFF773BFFF2AF0D122791A40D4
S21403A6E0FF2AE1D0EBE740F2074038BD0021E7F749
S21403A6F067BAF8B51D46836804465B060F461646DA
S21403A7002DD41A2003F057F90146606320B920467A
S21403A710BDE8F840E7F754BA034623F8027B3268ED
S21403A72005F11001C0F8022072685A602A46636B6E
S21403A7300A3352F8040B8A4243F8040BF9D110216A
S21403A740284603F0FCF8A36843F0400213F4407F66
S21403A750A26004D02046BDE8F840EBF747B8F8BD42
S21403A76038B504460D4605200221FFF72DFE0246A6
S21403A770B8B18379062103445D732046FFF795FC41
S21403A78045F490512046EAF7A7FC94F87330204628
S21403A790012B18BF8021BDE8384008BF4021FFF7D2
S21403A7A0B4BE38BDB1F5A04F70B504460D46164687
S21403A7B00AD045F20603994218D032462946204667
S21403A7C0BDE87040EBF7E6B9836843F08003836027
S21403A7D090F87330012B14BF80204020EAF746FD23
S21403A7E0002203462046BDE8704018479379134479
S21403A7F0597C41F49051EAF76FFCDEE72DE9F0410E
S21403A80096B0154605AA1C4606460B4690461D9F5F
S21403A81001F1200E9446186859680833ACE8030023
S21403A82073456246F6D12021404603F07AF80DAB15
S21403A8302A469C4605F1200E1D46106851680832CC
S21403A84003C572452B46F7D12021604603F069F80D
S21403A850AEB3336C93F85D31013B022B2FD89DF8D2
S21403A860703043F0800301AA8DF854301546234612
S21403A87004F1100C144618685968083303C463457A
S21403A8802246F7D11021284603F04BF83B464122D7
S21403A89041462846EAF76CFD04461021284603F095
S21403A8A04EF84121404603F04AF854B11EB1082140
S21403A8B03046FFF755FF204616B0BDE8F08100236B
S21403A8C0D1E71021384603F02CF8002EF3D02246A9
S21403A8D045F211013046FFF733FEECE72DE9F74367
S21403A8E090F873700446012F056C04D195F8503127
S21403A8F0002B40F0568195F85C3195F85181032B77
S21403A90000F2F180DFE803F00287AFD418F0010FFE
S21403A9107CD011210620FFF757FD8146002800F062
S21403A92040818679102106440D363046FFF730FE07
S21403A930014658B120460821FFF712FF002140F2D6
S21403A940074003B0BDE8F043EAF7E4BBA07CC0F1E0
S21403A9501002304402F0F6FAFCF724FE022895F9BA
S21403A9605E010BD032460521E5F77CFE90B1082147
S21403A970204603B0BDE8F043FFF7F2BE334610228D
S21403A9800521FCF711FE28B1002140F21B40EAF72F
S21403A990C1FBECE7FCF706FE02280FD1012F0DD012
S21403A9A004F1180306F1100256F8041B964243F806
S21403A9B0041BF9D1A36843F48073A3604A460621B7
S21403A9C02046FFF772FB0B210720FFF7FDFC8146AD
S21403A9D0002800F0E680867995F95E310C36064449
S21403A9E043F43F430821A6F80130F01CFFF7D0FDDF
S21403A9F00A22042195F95E01731CFCF7D5FD002895
S21403AA00C2D14A4606212046FFF74FFB95F85C3134
S21403AA10013385F85C3118F0020F1FD0112108208E
S21403AA20FFF7D2FC0646002800F0BB80002381799E
S21403AA3001AA01440D31FF200193FFF713FE40B135
S21403AA4008212046FFF78CFE40F207400199EAF7FB
S21403AA5061FB324606212046FFF727FB95F85C315B
S21403AA60013385F85C3118F0020F1CD00821092049
S21403AA70FFF7AAFC8146002800F0938086790C36FF
S21403AA800644E6F751FA83794A4683F00803C3F38C
S21403AA90C003737003680621C6F802308388204615
S21403AAA0F380FFF702FB95F85C31013385F85C31E0
S21403AAB018F0040F12D011210A20FFF785FC064672
S21403AAC000286ED0807910223044AB210D3002F07E
S21403AAD039FA324606212046FFF7E7FA95F85C3145
S21403AAE0013385F85C31012F08D0236C93F850317D
S21403AAF0002B56D195F85C31042B52D1A36C10224F
S21403AB000B2195F95E013133FCF74EFD70B140F22F
S21403AB101B412046EAF7E0FA012F14BF80214021AB
S21403AB20204603B0BDE8F043FFF7EFBCA36C012259
S21403AB300C2195F95E012033FCF736FD0028E6D19B
S21403AB40A36C10220D2195F95E012133FCF72CFD31
S21403AB500028DCD1082295F95E01114604F11003A2
S21403AB60FCF722FD0028D2D1236C93F85E2184F8EB
S21403AB707520FF2283F85E21D3F858315B0603D491
S21403AB8004F14C00FDF792FAFCF70CFD022808BF0F
S21403AB90A368204604BF43F48073A360EAF774FAFD
S21403ABA0BAE703B0BDE8F083EBF74CB870B5B1F580
S21403ABB0A04F0446154688B07BD045F21B06B1422B
S21403ABC040F00E8190F87430DB076AD5056CB5F853
S21403ABD050312BB14C21FFF798FC002008B070BD14
S21403ABE0D5F858315E074BD5AB79D80748D56B7B7C
S21403ABF0D90745D5A36C10220B2195F95E01313395
S21403AC00FCF7D2FC38B140F21B412046EAF764FA5F
S21403AC1040F21B40E2E7A36C206C01220C2190F962
S21403AC205E012033FCF7C0FC0028ECD1A36C206C3B
S21403AC3010220D2190F95E012133FCF7B5FC0028A4
S21403AC40E1D10822206C114690F95E0104F110034D
S21403AC50FCF7AAFC0028D6D104F14C00FDF726FA2F
S21403AC60236C93F85E2184F87520FF2283F85E2117
S21403AC7020464021FFF749FC2046EAF705FAACE7F1
S21403AC8005F5987304F1180205F5A07553F8041B2F
S21403AC90AB4242F8041BF9D1A36843F48073A36064
S21403ACA0E6E74021FFF731FC29462046EAF714FA87
S21403ACB093E7036CD3F8582112F0040255D0002210
S21403ACC0CDE90122ADF80C209A79D2073FD55B7BFC
S21403ACD0DB073CD5FCF766FC0228206C0CD000F59D
S21403ACE09872032190F95E01E5F7BCFC78B308215E
S21403ACF02046FFF735FD8BE700F5987310220321F6
S21403AD0090F95E01FCF750FC28B1002140F21B408D
S21403AD10EAF700FAEBE7206C102200F5987305219A
S21403AD2090F95E01FCF740FC0028EED1236C04F199
S21403AD30180103F5987203F5A07352F8040B9A42B0
S21403AD4041F8040BF9D1A36843F48073A36000238E
S21403AD50BDF80420CDE90433CDE906330DF1060131
S21403AD6004AB2046E9F736FE37E7D3F8B810C3F846
S21403AD70D010D3F8BC100092C3F8D410006C694608
S21403AD8000F59870EAF7E0FB48B10098F8F7BBF8CF
S21403AD9020460821FFF7E4FC40F207401EE7206C3C
S21403ADA0009A00F59871C830EAF780FA054600283D
S21403ADB0EBD10098F8F7A7F8236CA07C03F59873FB
S21403ADC0C0F110022946184402F0BCF82A46CDE921
S21403ADD00155CDE90455CDE9065504AB01A9C0E7F5
S21403ADE008B0BDE87040EAF7D5BE2DE9F04796B047
S21403ADF01D46DDE9229705AB06460C469E46DDF862
S21403AE00908002F1100A9C46106851680832ACE83C
S21403AE10030052456346F6D17046102102F081FDC9
S21403AE2009AA2B46944605F1100E1546186859686C
S21403AE30083303C573452A46F7D16046102102F04E
S21403AE4070FD0DAA94461E9B03F1100E1546186856
S21403AE505968083303C573452A46F7D1604610215F
S21403AE6002F05FFD9DF87C30D9F800008DF8443081
S21403AE709DF8803006218DF845309DF88430129079
S21403AE808DF8463099F8063012A883F00803C3F30A
S21403AE90C0038DF84730B9F80430ADF84C3002F0F3
S21403AEA040FDBB79062183F00803C3F3C0038DF886
S21403AEB04E303B680DF14F00CDF84F30BB8804F1A0
S21403AEC01007ADF8533002F02CFD01AA23461546B1
S21403AED0144618685968083303C4BB422246F7D1A0
S21403AEE01021284602F01DFD4346412205A92846A7
S21403AEF0EAF73EFA04461021284602F020FD4121D7
S21403AF0005A802F01CFD34B108213046FFF728FCE3
S21403AF1016B0BDE8F0874046102102F002FD224637
S21403AF2045F213013046FFF70BFBF1E72DE9F0413D
S21403AF309CB0154608AA1C4606460B469046239F19
S21403AF4001F1200E9446186859680833ACE80300EC
S21403AF5073456246F6D12021404602F0E2FC10AB70
S21403AF602A469C4605F1200E1D4610685168083295
S21403AF7003C572452B46F7D16046202102F0D1FC6B
S21403AF8018AA9446229B03F1100E154618685968B2
S21403AF90083303C573452A46F7D16046102102F0ED
S21403AFA0C0FC04AA2346154604F1100C1446186880
S21403AFB05968083303C463452246F7D1102128464F
S21403AFC002F0AFFC6B46502241462846EAF7D0F91A
S21403AFD004461021284602F0B2FC5021404602F0F7
S21403AFE0AEFC34B108213046FFF7BAFB1CB0BDE80F
S21403AFF0F081039B38463B60042102F092FC6846CE
S21403B000102102F09CFC224645F214013046FFF75D
S21403B01097FAEBE72DE9F3411D46089B044688465D
S21403B020164690F873705BB110211046FFF7B0FA1E
S21403B03030B10821204602B0BDE8F041FFF790BBCF
S21403B040236C013E691E03F1100013F8012F16F856
S21403B05001CF834282EA0C0201F8012FF5D10023C7
S21403B060404601A90193EAF76FFA48B10198F7F74A
S21403B0704AFF08212046FFF773FB02B0BDE8F081C4
S21403B08029462846019AEAF711F90028EED1022F3D
S21403B0900CBF0023062304F159022B4404F15F007E
S21403B0A012F8016F1978904281EA060103F8011B32
S21403B0B0F6D1022F14BF0023062304F152022B44B9
S21403B0C004F1580012F8016F1978904281EA0601DC
S21403B0D003F8011BF6D129462846019AEAF7E6F853
S21403B0E005460198002DC2D1F7F70DFF2A4645F213
S21403B0F010012046FFF724FABFE773B545F20406AE
S21403B100B142044615460DD045F21006B14222D090
S21403B110B1F5A04F38D1FFF747F9236CD3F8583170
S21403B120D90720D5236CD3F85821D2070BD4AA7994
S21403B13098330C3215446A1D153552F8041BAA427F
S21403B14043F8041BF9D1216CD1F8583113F00403EA
S21403B1500CD0832104E0016CA831FFF779F985212F
S21403B1602046FFF7D2F9002002B070BD81F85C31AB
S21403B170012301F1B8020093204601F1A80301F56B
S21403B1809871FFF747FFEEE702B0BDE87040EAF7B5
S21403B19001BD45F21003F0B59942044685B000F0B0
S21403B1A087800CD8B1F5A04F1CD045F20503994211
S21403B1B01DD0204605B0BDE8F040EAF7EBBC45F2EB
S21403B1C01103994200F08D8045F212039942F0D1A3
S21403B1D0036C93F85D31042B40F2B380052B03D147
S21403B1E048217BE0FFF7E0F8002005B0F0BD917939
S21403B1F0036C0C310A44511DB833153251F8040B55
S21403B200914243F8040BF9D1256C102205F1C807C7
S21403B21005F1B8063146384601F05DFE20B9042133
S21403B2202046FFF79DFADFE7D5F8583113F00403FD
S21403B23032D095F85D31042B13D105F1F80303934F
S21403B24005F59873029304F15303019304F15A032B
S21403B25000933A463346204605F1D801EAF76AFFDB
S21403B260C2E705F5A07005F1110105F15102019041
S21403B2700BB1052B06D10023009320463346FFF778
S21403B280BDFAB1E795F85C01D5F82C31C34003F05D
S21403B290010343F08003EFE785F85C313246009301
S21403B2A0204605F5A07305F59871FFF7B3FE9BE7F7
S21403B2B0056C102205F1A80105F5A07001F00BFE40
S21403B2C00028ACD14B21D5F858319B0742BF94F8E0
S21403B2D0743043F0020384F874302046FFF715F900
S21403B2E082E7056C102205F1A80105F5A07001F0B0
S21403B2F0F2FD002893D195F85D31013B022B0FD860
S21403B30095F85C310133DBB2142B85F85C3107D03A
S21403B310D5F85831432123F00103C5F85831DCE74B
S21403B32005F1F803039305F59873029304F15303A9
S21403B330019304F15A03009305F1C80205F1B8031B
S21403B34089E74921CAE7B1F5A04F70B5044615460B
S21403B35007D045F20406B1420CD0BDE87040EAF7C8
S21403B36019BCFFF721F8236CD3F85831D90701D459
S21403B370002070BD236CD3F85821D20718D4AA79BD
S21403B380A8330C3215446A1D153552F8041BAA421D
S21403B39043F8041BF9D1206C102200F1A801983061
S21403B3A001F099FD20B904212046FFF7D9F9DFE71C
S21403B3B0206C1021C830FFF7EBF858B1082120465F
S21403B3C0FFF7CEF940F207400021E9F7A3FE40F26B
S21403B3D00740CEE7216C2046C831FFF71DF847210A
S21403B3E02046FFF792F8C3E7B1F5A04F70B50346C2
S21403B3F0144607D045F21806B14207D0BDE87040A0
S21403B400EAF7C8BBFEF7D0FF002070BD1268551CD4
S21403B41003D10121FFF7A4F9F6E7016CD1F858012F
S21403B420400743BF002281F85C212268C1F830211F
S21403B43048BFC1F82C2118464321FFF766F8E3E717
S21403B440B1F5A04F70B51346044607D045F204067F
S21403B450B14207D0BDE87040EAF79CBBFEF7A4FFF5
S21403B460002070BD9979026C0C310B44591DA8322B
S21403B470153351F8040B994242F8040BF9D1256CA5
S21403B480102205F1A80105F1980001F024FD20B96A
S21403B49004212046FFF764F9E2E7204605F1C801D8
S21403B4A0FEF7BAFF47212046FFF72FF8D8E7B1F596
S21403B4B0A04F13B504460ED0A1F5A043103B012BB5
S21403B4C045D8016C9831FEF7C3FF44212046FFF7A9
S21403B4D01CF8002017E0016CD1F8583101F1C802BE
S21403B4E013F0040328D010211046FFF751F860B17B
S21403B4F008212046FFF734F940F207400021E9F718
S21403B50009FE40F2074002B010BD216C204601F14F
S21403B5109803019391F85C21D1F82C31D34003F0C2
S21403B520010343F08003009301F1110201F1C80304
S21403B5305131FFF763F9CCE781F85C3101230093BF
S21403B54001F1980301F59871FFF764FDC1E702B0B6
S21403B550BDE81040EAF71EBBB1F5A04F73B504462D
S21403B56015467BD045F21B06B14240F0FA8090F8B0
S21403B5707430DB076AD5056CB5F850312BB18921D9
S21403B580FEF7C3FF002002B070BDD5F858315E0742
S21403B5904BD5AB79D80748D56B7BD90745D5A36C74
S21403B5A010220B2195F95E013133FBF7FDFF38B10D
S21403B5B040F21B412046E9F78FFD40F21B40E2E7CD
S21403B5C0A36C206C01220C2190F95E012033FBF75B
S21403B5D0EBFF0028ECD1A36C206C10220D2190F910
S21403B5E05E012133FBF7E0FF0028E1D10822206C3F
S21403B5F0114690F95E0104F11003FBF7D5FF00280E
S21403B600D6D104F14C00FCF751FD236C93F85E2170
S21403B61084F87520FF2283F85E2120468021FEF7FA
S21403B62074FF2046E9F730FDACE705F5987304F19F
S21403B630180205F5A07553F8041BAB4242F8041B29
S21403B640F9D1A36843F48073A360E6E78021FEF78D
S21403B6505CFF29462046E9F73FFD93E7036CD3F8E2
S21403B660582112F0040245D09A79D2078AD55B7B1B
S21403B670DB0787D5FBF796FF0228206C0ED000F574
S21403B6809872032190F95E01E4F7ECFF00283FF47B
S21403B69079AF08212046FFF763F88EE700F5987325
S21403B6A01022032190F95E01FBF77EFF28B10021EB
S21403B6B040F21B40E9F72EFDEBE7206C102200F565
S21403B6C09873052190F95E01FBF76EFF0028EED113
S21403B6D0236C04F1180103F5987203F5A07352F86E
S21403B6E0040B9A4241F8040BF9D1A36843F4807320
S21403B6F0A36047E7D3F8B810C3F8D010D3F8BC104C
S21403B7000192C3F8D410006C01A900F59870E9F70C
S21403B7101BFF48B10198F7F7F6FB20460821FFF711
S21403B7201FF840F207402EE7206C019A00F5987147
S21403B730C830E9F7BBFD05460198002DEBD1F7F7B6
S21403B740E2FB236CA07C03F598732946C0F1100234
S21403B750184401F0F7FB216C2046B831FEF75CFE77
S21403B76010E702B0BDE87040EAF714BAB1F5A04F8F
S21403B770F7B5044608D045F21105A94236D003B002
S21403B780BDE8F040EAF706BA006C1021B830FEF7C1
S21403B790FFFE60B108212046FEF7E2FF40F20740B5
S21403B7A00021E9F7B7FC40F2074003B0F0BD256C73
S21403B7B095F85D6105F1A807013E022E01979CBF2F
S21403B7C0D5F82C0195F85C6105F151019EBFF04058
S21403B7D000F0010040F08000009005F111022046C1
S21403B7E005F1B803FFF70AF80020DEE7016CA8317D
S21403B7F0FEF72EFE85212046FEF787FEF4E770B59A
S21403B80045F20406B1420446134625D045F218060F
S21403B810B14206D0B1F5A04F33D1FEF7C5FD0020E7
S21403B82070BD11684D1C03D10121FEF799FFF6E7A1
S21403B830026CD2F85801400743BF002182F85C111E
S21403B8401B68C2F8301120464FF0840148BFC2F887
S21403B8502C31FEF75AFEE2E79979026C0C310B4461
S21403B860591D9832153351F8040B994242F8040BCC
S21403B870F9D1226CD2F8583143F00103C2F858319B
S21403B880CDE7BDE87040EAF785B9002310B5036439
S21403B890044690F97500431C13D0E5F78DFA082289
S21403B8A004F11003114694F97500FBF7ABFE94F907
S21403B8B01330012B07D194F8743043F0020384F855
S21403B8C07430002010BD022BFBD194F8743043F083
S21403B8D00A03F4E74B88062B05D1088841288CBF5A
S21403B8E00020012070470020704707B58B790A4671
S21403B8F00B440191197C4B1E0D2B04D801F5A04176
S21403B9000131FEF71DFE01A801F038FD03B05DF816
S21403B91004FB7047002070477047704770B50446B5
S21403B9200E461546052100220420FCF7AAFD014613
S21403B93018B1A0F80160A0F803502046BDE8704097
S21403B940FCF7F7BDF7B51D460023044600930F46E4
S21403B950164607210620BDF82430089AFCF7B5FDE5
S21403B960014628B1A0F80170A0F80360A0F80550BE
S21403B970204603B0BDE8F040FCF7DBBD73B51546C3
S21403B9801A460023044600930E46082005219DF818
S21403B9901830FCF79AFD014618B1A0F80160A0F82C
S21403B9A00350204602B0BDE87040FCF7C2BD38B570
S21403B9B0002204460D460A200321FCF762FD0146D9
S21403B9C008B1A0F801502046BDE83840FCF7B1BDE9
S21403B9D070B504460E461546052100220C20FCF7DA
S21403B9E050FD014618B1A0F80160A0F803502046A8
S21403B9F0BDE87040FCF79DBD73B515461A46002397
S21403BA00044600930E46102005219DF81830FCF7D7
S21403BA105CFD014618B1A0F80160A0F8035020466B
S21403BA2002B0BDE87040FCF784BD73B50E46002136
S21403BA3044890546033CA4B2A342009128BF23468B
S21403BA4003211220FCF741FD014608B1A0F801606E
S21403BA50284602B0BDE87040FCF76BBD2DE9F34104
S21403BA600546984683690F465869164601F0F2FC68
S21403BA706C8980B2053CA4B2844228BF0446A869F8
S21403BA802146143001F0AAFE009048B10522082191
S21403BA90002001F0C7FE019030B9684601F06EFC45
S21403BAA01A2002B0BDE8F081009901A801F034FD28
S21403BAB01620019A93790C33D118D054A8F8004075
S21403BAC02846A1F80170A1F80360FCF732FDE8E709
S21403BAD038B5002204460D4618200221FCF7D1FC97
S21403BAE0014600B145702046BDE83840FCF721BD4D
S21403BAF070B5857904460C35461901F0ABFC625DDA
S21403BB00431E013A9BB21C2A10D8DFE802F0110F3D
S21403BB10160F180F290F2F0F400F400F400F330F2C
S21403BB20250F0F0F390F250F3E0F3E00002070BD67
S21403BB30042B14BF01200320F9E7022BF9E743B3D4
S21403BB407278022A0AD0012A23D10222013B02324A
S21403BB50B3FBF2F102FB1133002BEAE71022F5E701
S21403BB6013F0030F14BF01200320E0E78BB17278B4
S21403BB70013BEDE76BB17278032A0AD9013BE7E78D
S21403BB80042B34BF01200320D1E7022BF9E703205F
S21403BB90CDE70120CBE74369406CDA1C1438B2FBCF
S21403BBA0F0F203EBC203CA1D0333B2FBF0F2B3FB9E
S21403BBB0F0F30132023301EBC20100FB03107047BE
S21403BBC038B5446905462146FFF7E5FF6A6CE31D71
S21403BBD0143AB3FBF2F3013304EBC304204438BD39
S21403BBE073B506460D460024F36B012201A92819F6
S21403BBF05B699847019B013309D10434736C62195E
S21403BC005B426A401A42EFD0204602B070BD002461
S21403BC10FAE770B505460C46D8F714FAEB6B2046E0
S21403BC20DB68BDE87040184770B5002586B004464B
S21403BC300562E369AB4202D8206A06B070BD666C43
S21403BC400522206801A9E36B06FB05005B6998479C
S21403BC5001A800F010FC00F033FC10B1236A013396
S21403BC6023620135E5E738B50446456C006804F100
S21403BC70400305FB0101E06B00F02FFC0546204660
S21403BC80FFF7D2FF284638BDF0B5054687B0002635
S21403BC90EC69013CB44203D80C46204607B0F0BD1D
S21403BCA001B14C1E6F6C0522286801A9EB6B07FBDC
S21403BCB004005B69984701A800F0DDFB00F000FC78
S21403BCC00028EAD101362146E2E7F0B5044687B0FC
S21403BCD0466C0D4600680522E36B01A906FB0500CA
S21403BCE05B69984701A800F0C6FB00F0E9FB20B1AA
S21403BCF001A800F097FB07B0F0BD29462046FFF7E2
S21403BD00C3FF676C0646E36B206805225B6901A9DF
S21403BD1007FB0600984701A800F084FB431CEAD003
S21403BD20B54238BF0130E6E72DE9F043D0F824806A
S21403BD304FF6FF7987B004460E46C84514BF4546FE
S21403BD4000250027E369BB4202D807B0BDE8F083AD
S21403BD50E26B01A92368606CD2F814C0052200FBCD
S21403BD600530E04701A800F086FB022806D0C84548
S21403BD700CD1721C29462046FFF775FF0135E3698F
S21403BD800137B5FBF3F203FB1255DBE729462046E2
S21403BD90FFF79BFFB0F1FF3F14BF02463246013266
S21403BDA0E8E70368F0B5CC1A436C87B0064600256F
S21403BDB0B4FBF3F4F36937685A1E706C954208D3E4
S21403BDC0706C336800FB043007B0BDE8F04000F049
S21403BDD082BB013401A9B4FBF3F203FB1244F36BF9
S21403BDE005225B6900FB0470984701A800F043FB3B
S21403BDF000F066FB0028E3D10135DBE710B423F03F
S21403BE0003049B07436C2244C3F100030A4418BF90
S21403BE10043282EA0104234203D05DF8044BFFF7A1
S21403BE20C0BF10465DF8044B70472DE9F041D0E9DA
S21403BE300A3686B004469E4228D1C3691422456852
S21403BE4002FB1355284606B0BDE8F081206801A919
S21403BE50676C331AE26BB3FBF7F3D2F8148007FB75
S21403BE6003000522C04701A800F005FB012804D003
S21403BE70636C1D44013B3340ED1A31462046FFF701
S21403BE8090FF0646A36AB342E0D1DBE70025F9E755
S21403BE90F0B5002587B004462E46E369B34202D8C0
S21403BEA0284607B0F0BD636C0522276801A903FB8B
S21403BEB00677E36B38465B69984701A800F0DBFA20
S21403BEC000F0FEFA58B1384600F005FB014620465E
S21403BED0FFF786FE636C143B834208BF01350136C9
S21403BEE0DBE708B508301346D1E90012EDF710FA80
S21403BEF0012008BD13B50C46002121760093134696
S21403BF0061682246EBF78EFF18B1E37D03B1A07E8E
S21403BF10A075A07D02B010BD73B500F108051646E6
S21403BF200C460DF107020968284600F0A1F9032E16
S21403BF3006D16368834203D12168284600F07FF95F
S21403BF40012002B070BDD01E009B42424241187EC3
S21403BF50824211D11A688A420ED85A688A420BD393
S21403BF605A6901325A61D3E9030282423FBF986895
S21403BF7040F8221001321A6101207047032A10B5D7
S21403BF80029C07D1A26A5340626C5242134201D10B
S21403BF9000F055F9012010BD08B5C3680020984786
S21403BFA0BDE80840D8F756B8012870B514BF04207A
S21403BFB00220002442431C70CC7D101D02F00202B6
S21403BFC04CB91AB1012220F003001A7000F10803DD
S21403BFD04868184470BD1AB1012220F003001A7095
S21403BFE00C7E002301F12005DAB2944201D800202A
S21403BFF0F0E735F833205E1C824206D901EBC30313
S21403C00000F10802D8691044E4E7801A3346EBE7E8
S21403C01073B590F8426005461C460DF1030330469F
S21403C020FFF7C2FFEB6B012E5B690DD1324601A908
S21403C03098479DF8033013B1BDF806300193BDF859
S21403C0400430236002B070BD0122214602B0BDE871
S21403C05070401847F0B50546002487B04868EB6B78
S21403C06027460E4601225B6902A9083002949847C8
S21403C07095F84230012B40F08480632C02D9029855
S21403C08007B0F0BD612C08D805AB224631462846DA
S21403C090FFF7BEFF9DF814301BB305AB22463146AF
S21403C0A028468DF81070FFF7B3FF95F84230012B42
S21403C0B0059B55D14FF6FF72934200F096800822F7
S21403C0C005A904A800F05EF9059B9DF81010C3F3BC
S21403C0D00722914240F08980DBB2029A1A44029208
S21403C0E083E095F84230012B30D103AB224631462C
S21403C0F02846FFF78DFF04AB621C31462846FFF740
S21403C10087FF05ABA21C31462846FFF781FF1022A6
S21403C11008230DF107000DEB02018DF8073000F040
S21403C12031F9102205A90DF1070000F02BF9039B46
S21403C130DAB2002A52D19DF80720B2EB132F4DD165
S21403C140DDE9043203EB0243029347E0302C2BD99C
S21403C15044E09DF80720B2EB134F3FD1049BF3E76F
S21403C160013342D0102205A90DEB020000F00AF9B4
S21403C170059B9DF81010C3F30742914235D19BB23D
S21403C180ABE7312C3FF67BAF87D005AB2246314673
S21403C1902846FFF73DFFBDF81430002B7FF47DAF34
S21403C1A095F84230012BA0D003AB224631462846F1
S21403C1B0FFF72EFF04AB621C31462846FFF728FF25
S21403C1C0102320220DF107000DEB03018DF8073035
S21403C1D000F0D8F8039B9AB2002ABAD095F84230FA
S21403C1E0012B14BF012302231C44013440E713B57B
S21403C1F000240194049C0094ECF7A8F902B010BD47
S21403C20013B501240194049C0094ECF79FF902B043
S21403C21010BD30B5002344684FF0FF329C4202D174
S21403C2200023037230BD016801EBC30541F83320D8
S21403C23001336A60F2E7C0E90012FFF7EABFF0B520
S21403C240002345689D4210D00468DF0054F833206D
S21403C25004EBC306B2F1FF3F08D0C2F313029142C8
S21403C26004D14FF0FF33E3517360F0BD0133E9E7C8
S21403C270F0B5002345689D4202D14FF0FF300EE033
S21403C2800468DE0054F83340671C09D0C4F3130770
S21403C290B94205D1240D1470036833445868F0BDC1
S21403C2A00133E8E713B50023044601461B220DF1CC
S21403C2B007008DF8073000F065F822689DF8073010
S21403C2C0B3EBD26F0CBF0120002002B010BD13B534
S21403C2D000230446014620220DF107008DF807309F
S21403C2E000F050F80DF107001A22211D00F04AF85D
S21403C2F062689DF80730B3EB926F0CBF01200020F5
S21403C30002B010BD0068431C58425841704700688D
S21403C31010F07E0F0CBFC0F3C160002070470068AA
S21403C320C0F3D3107047006800F07F0001288CBF6D
S21403C330002001207047036813F07E0F14BF04200B
S21403C34008207047036813F07E0F03D1406820F07F
S21403C3507C40704713F078001CBF03F07F03D81FA0
S21403C3607047006800F07F007047032809D0022852
S21403C37003D1C1F10201C8B2704700290CBF0720E0
S21403C380002070471F2A0B689EBF4FF0FF31914075
S21403C3908B43590801F055315B1A03F033319B0880
S21403C3A003F033330B44017803EB13130A444FF0C3
S21403C3B0013103F00F334B43A2EB13620270704755
S21403C3C037B501F10C040546436969460122204648
S21403C3D09847BDF80030012201A901932046AB69B6
S21403C3E0984703B030BD37B501F10C044369012209
S21403C3F06946054620469847009B4FF6FF7299B25A
S21403C40091420DD11B0C012201A920461B0443F4C3
S21403C410254343F0A5030193AB69984703B030BDAA
S21403C4200020FBE737B5044600251B22011D0DF14E
S21403C43007008DF80750FFF7A5FF60689DF80720F3
S21403C440B2EBD06F03D120F0784003B030BD0DF1CE
S21403C45007001B2204F108018DF80750FFF792FF2F
S21403C460A0689DF80730B3EBD06F01D1C043EAE76D
S21403C4704FF0FF30E9E703684BF29A22B2EB134F13
S21403C48010B5044613D19BB2012B13D1FFF7CAFF95
S21403C49001300CD0E0684FF6FF72B2EB104F4FEA54
S21403C4A0104309D180B2C01A18BF012010BD2368FB
S21403C4B0013303D00420F9E70220F7E70320F5E76A
S21403C4C001288CBF002001207047033801288CBF49
S21403C4D0002001207047143070472DE9F0410546CF
S21403C4E09846036908460E4617469847044638B9E1
S21403C4F043463A4631462846ECF7E6FF044618B16B
S21403C50031462846FFF75CFF2046BDE8F08102204F
S21403C51070470020704701207047002070470020B6
S21403C5207047704737B504460D4601A8EEF7F2FF8D
S21403C53001A8FFF7F6FF204601A98DF80650EDF790
S21403C540BDF803B030BD08461146EDF795B9704700
S21403C550431E012B03D9031F58425841704701203D
S21403C560704700F0BEBB4FF4C472002100F0EABC73
S21403C57010B50446002100F085F82046BDE81040BB
S21403C580EEF706BFEEF7A4BAEEF7A8BAF8B5054677
S21403C5900E46EDF739F9D5F8C03073B15B6963B170
S21403C5A0F0F742FED5F8C03040F26B125B694221C9
S21403C5B01B1A58425841EDF707FB00224FF6FF734C
S21403C5C04FF0240CF768D0B2B84208D31C46214675
S21403C5D02846EDF7A1FA00F087FB2046F8BDB168C0
S21403C5E00CFB0011CC899C4202D2002CEFD02346D0
S21403C5F00132E8E7EDF790BA008B70470A7838B552
S21403C60005461046FFF7A4FF60B14C782046FFF7B7
S21403C6109FFF38B12243530704D42846BDE8384069
S21403C620EEF77CBA012038BDFFF7E8BF10B5044625
S21403C6300878FFF78DFF58B14A781046FFF788FF52
S21403C64030B1042A04D02046BDE81040EEF79CBA69
S21403C650012010BDFFF7EABFEDF7A8BF0846EFF7C6
S21403C660F9BBEEF723B970B504460D461646EDF74B
S21403C67053FA30B9324629462046BDE87040F2F7F1
S21403C6802FBC70BDEFF7ECB8F1F73CBF38B50446E6
S21403C69000200D4600F026FBD4F8D4302BB92946EB
S21403C6A02046BDE83840EEF73BBB022038BD38B520
S21403C6B0044648880D4600F015FBD4F8D4302BB951
S21403C6C029462046BDE83840EEF794BA022038BD26
S21403C6D000F009BB00F07CB900F00FBB38B5054687
S21403C6E00C46F5F7EBF92B6B1C40EB6A2343EB6226
S21403C6F0F5F7E8F9211E18BF01210020490238BDCD
S21403C700EEF7F0BDEEF75AB800F0B0B900F0D2B9C4
S21403C71008461146EFF776BEEEF736BC00F06CB966
S21403C72038B50446154609B100F0E4F925B12046AC
S21403C730BDE83840EEF720BD38BD00F0E9B900F09B
S21403C740F3B910B5044600F08BF820B92046BDE8CF
S21403C7501040EDF715BB10BD00F0D3BAF0F708BCD8
S21403C7602DE9FF41984604460E461746F5F7ADF900
S21403C77005462046FFF7E5FF0A9B3A460293002349
S21403C7803146CDE900832046EDF748FB04462846AC
S21403C790F5F7A1F9204604B0BDE8F08138B50446A4
S21403C7A0F5F793F905462046FFF7CBFF2046EDF74E
S21403C7B013FB04462846F5F78EF9B4FA84F04009CD
S21403C7C038BD38B50446F5F780F905462046FFF729
S21403C7D0B8FF204600F053F804462846F5F77BF9E1
S21403C7E0204638BD38B50446F5F76FF905462046AA
S21403C7F0FFF7A7FF204600F048F804462846F5F75B
S21403C8006AF9204638BD70B504460E46F5F75DF95D
S21403C81005462046FFF795FF31462046EDF74CFBCD
S21403C82004462846F5F757F9204670BD134607B564
S21403C83000228DF807100DF10700194600F01EFAC6
S21403C84003B05DF804FB084611461A4600F016BA14
S21403C8500020704701207047EFF738BA00F0B7B9E9
S21403C860EDF7C8B910B5F5F730F9044600F015F83A
S21403C870EDF7E6F92046BDE81040F5F72CB9024679
S21403C88008B5EDF7B7F9507D08BD024608B5EDF7D4
S21403C890B1F9507D80F0010008BD00F032BAEEF722
S21403C8A09FB800F06BB8437C03B10847022070477B
S21403C8B010B50446EFF772F92046BDE81040032191
S21403C8C0EDF7CEBEFFF7F4BF437C0BB1EFF72CB901
S21403C8D002207047437C0BB1EFF74AB9022070473A
S21403C8E038B5447C0D46BCB1053C012C8CBF0024F6
S21403C8F0012449682246EFF78BF9286890FAA0F0DE
S21403C900000AF0F7B1FEA97A2889224681F00101D0
S21403C910EFF7AEF9002038BD0220FCE71FB5ADF8EF
S21403C92008309DF81830CDE9001269468DF80A30B4
S21403C930FFF7D6FF05B05DF804FB00207047002024
S21403C940704702210120EDF7D3BB7047436B03F01A
S21403C9506003402B0DD0602B03D0203B5842584138
S21403C960704749B10B68012B06D9486940F00100AE
S21403C970704740F201107047002070470220F0F71E
S21403C98071BAD0F8C8304BB11A68022A06D993F8A0
S21403C990250028B11B6AB3FBF0F07047FFF7F2BD22
S21403C9A07047D0F8C8207AB11368022B0CD9536AA3
S21403C9B013F47F4FC3F3072106D0126ADBB2534347
S21403C9C08B42B3FBF1F201D2FFF7DEBD1046704790
S21403C9D00346D0F804010860B3F8083100208B80C2
S21403C9E0704790F804310E2B14BF807DFF207047EC
S21403C9F04FF48071F3F708BAF8B507460E468D88EC
S21403CA00EEF772F87F7C0446082F737C4FEAC50561
S21403CA101ED1012B014604D80120F1F7C5FE0335CC
S21403CA2002E00020F1F7C0FE03230544B371DCB136
S21403CA30B5F5803F18D84FF22442630902FB05334D
S21403CA402409B3FBF4F300203268D21A3260F8BD2F
S21403CA50053FFFB2012F01468CBF00200120F1F7EE
S21403CA60A3FE012FE0D8DAE70220F0E7084610B568
S21403CA7010F0030411461BD13F2B15D9B3FA83F3E9
S21403CA80C3F11902D2B2062A01D8192B0ED0062AF0
S21403CA9028BF06220124931DDBB29C40A4B2A14208
S21403CAA028BF2146EFF73AFA204610BD2246F1E7A3
S21403CAB00024F9E7084611F0030110B518D11388CE
S21403CAC03F2B15D9B3FA83F3C3F11904E4B2062C4A
S21403CAD001D8192B03D0062C214628BF0621012393
S21403CAE08C1DE4B2A3401380EFF736FA002010BD86
S21403CAF00120FCE7EDF7B0BC10B51446084601214B
S21403CB00F0F758FC2046BDE810400121F0F752BC70
S21403CB1010B50A011021F3F763F90446F3F77EF91B
S21403CB20201E18BF012010BD1021F3F76DB9F8B50C
S21403CB3004460E461746F4F7C1FF3A460546314605
S21403CB40204600F07CF904462846F4F7BBFF20464F
S21403CB50F8BD0220704703207047F0F77BB910B585
S21403CB60EEF75EFD044608B9F2F7ACF9204610BDB1
S21403CB7038B504461D46EEF753FD28B92946204628
S21403CB80BDE83840F2F772BA38BD8021F3F73CB9F6
S21403CB9038B50546EDF77EFD04462846EDF758FD05
S21403CBA0072811D1D5F8C43024F47F41DB6921F07E
S21403CBB0080103B15B7841EA032141F020012846CE
S21403CBC0BDE83840EDF76CBD24F02001F7E7EFF73A
S21403CBD07DB838B5054610460C46EFF7EBF865B159
S21403CBE0D5F8C4304BB15B693BB12268013204BF50
S21403CBF06FF00102226022681A60002038BD002010
S21403CC0070472DE9F74F01251C469DF83030064640
S21403CC1001930368174603F0070306339D4005F1A7
S21403CC20FF380B46A1B1416804EA080BA5EB0B0AD3
S21403CC3041F00059524509EB0B0114D952461846E8
S21403CC4000F059F949467A1B5A44504400F053F908
S21403CC50019B2BB13C4448EA050804EA0804F46047
S21403CC6003B0BDE8F08F1846F0E737B50025144645
S21403CC700095FFF7C6FF204603B030BD70B50E46DD
S21403CC801546044608B9002070BD0378042B18D057
S21403CC902078EFF7BDFCB0B923780E2BF3D10EB195
S21403CCA0FF233370CDB1FF232B7016E020780130BD
S21403CCB0C0B203282070EBD8EFF7AAFC0028F5D003
S21403CCC0E6E70020F5E71EB12078EFF7D5FC3070D5
S21403CCD01DB1207800F009F828700120D4E7EEF79C
S21403CCE09BBD704770477047704710F0FD0F14BF29
S21403CCF04FF0FF300020C0B270477047002000217D
S21403CD00704708B5F0F7C4F8BDE80840F0F7FEB87A
S21403CD1008B5F0F7D5F8BDE80840F0F7F7B810B552
S21403CD200446F0F7B5F8844288BF01F1FF31204688
S21403CD30BDE8104001F00301F0F7E8B838B5044643
S21403CD40FFF7DFFF0546FFF7DCFF431BA342FAD3DB
S21403CD5038BD08B521B1920000F0CDF8002008BD1B
S21403CD600120FCE70B0CB3F5384FF7B506460D4626
S21403CD708FB216D04BF60102934214D04BF6020242
S21403CD80934212D0B3F5304F14BF04240324D6F8CD
S21403CD90C4300BB1196851B9D6F8C0309BB92868AE
S21403CDA00FE00024F3E70124F1E70224EFE723462C
S21403CDB068463A46F0F702F99DF804300098002BCF
S21403CDC0EAD103B0F0BD19680029E8D023466846C7
S21403CDD03A46F0F7F3F89DF804300098002BDED1BE
S21403CDE0EFE700F03003202B10B513D110F4E02F3B
S21403CDF0C0F302440AD0C0F3C423B3FBF4F410F424
S21403CE00C01F18BF6400052C0ED86408F0F79EFBFD
S21403CE10604310BD6FF01204C0F382131C4104F08C
S21403CE200104C4F10204F1E70424EFE74FF03843AA
S21403CE3059699A6903F500530A405A617047F7B572
S21403CE4005460F4668461146F0F776FC064698B147
S21403CE5097B1DDE900311B0A43EA0163A5FB0343EF
S21403CE60090A05FB0135F0F7DFF9002302462946D8
S21403CE702046F3F71BF83860304603B0F0BD0320B6
S21403CE807047704730B14FF47A735843A0F57A6011
S21403CE90F1F77EBB49F64040FAE7F2F723BBF2F719
S21403CEA021BBF2F71FBBF2F71DBBF2F71BBB002239
S21403CEB08A4202D14FF0FF30704750F8223093FA7F
S21403CEC0A3F30BB90132F3E7B3FA83F000EB421096
S21403CED07047002070470139024410B5904201D1D3
S21403CEE0002005E0037811F8014FA34201D0181B78
S21403CEF010BD0130F2E70A44431E914200D1704749
S21403CF0010B511F8014B914203F8014FF9D110BD4A
S21403CF10884210B501EB020402D98442234607D89F
S21403CF20431EA14208D011F8012B03F8012FF8E79E
S21403CF30024401468A4200D110BD13F8014D02F89F
S21403CF40014DF7E702440346934200D1704703F8C6
S21403CF50011BF9E737B5A1FB02244CB91146019230
S21403CF60F3F7F0F9019A054630B9284603B030BD09
S21403CF700C2200250260F8E72146FFF7E3FFF4E7FB
S21403CF8070B568224D1E0E46554305F17401F3F73E
S21403CF90D9F9044640B1002105F16802C0E900163C
S21403CFA00C30A060FFF7CEFF204670BD2DE9F84396
S21403CFB00646884600F148040027D4E90195B9F1EE
S21403CFC0010905D52468002CF7D13846BDE8F88357
S21403CFD0AB89012B07D9B5F90E30013303D02946A7
S21403CFE03046C04707436835E9E7704770477047E0
S21403CFF070B50E46B1F90E1096B0144600291D46BC
S21403D00008DAB6F90C3000222A601A0610D44FF458
S21403D01080630EE06A46F3F78BFC0028F1DB019A87
S21403D02002F47042A2F500535A425A412A60EEE7D0
S21403D03040230020236016B070BD10B50C46B1F92E
S21403D0400E10F3F799FC0028ABBF636DA3891B187A
S21403D05023F48053ACBF6365A38110BD2DE9F04173
S21403D0601F468B8905460C46DB05164605D5022367
S21403D0700022B1F90E10F3F76DFCA3893246B4F91A
S21403D0800E10284623F48053A3813B46BDE8F041A7
S21403D090F3F72CBC10B50C46B1F90E10F3F75AFC97
S21403D0A0431CA38915BF606523F4805343F4805360
S21403D0B0A38118BFA38110BDB1F90E10F3F728BCE6
S21403D0C0430803F05533C01A00F03333800800F0EA
S21403D0D0333018444FF0013300EB101000F00F30DC
S21403D0E05843000E704710B5044678B1036A416989
S21403D0F06BB1806898470023207E636110286360C5
S21403D10004D82146F3F746FF1123237610BD0029E2
S21403D110F1D08368002BEEDB0846F4F72BF9EAE739
S21403D120002307B51A46019101A9F3F779FD03B069
S21403D1305DF804FB1FB5002402949DF81C4001947F
S21403D140069C0094F3F7F2FC04B010BD13B5072455
S21403D1500194049C0094FFF7EDFF02B010BD00237A
S21403D16007B50093FFF7F2FF03B05DF804FB03680F
S21403D1700B60016070472DE9F0410E461746002408
S21403D1800546006808B9BDE8F081D0E90083B342DC
S21403D1900BD18368BB4208D154B9C5F80080C36875
S21403D1A0DB0701D5F4F7E6F8204604464046E9E7F0
S21403D1B0C4F80080F3E7D1E90112FFF7DCBF0023D0
S21403D1C070B51A46194605460468F3F729FD0CB9E7
S21403D1D02C6070BDE3682668DB0702D52046F4F7AB
S21403D1E0C9F83446F3E72DE9F8430E4617460546D5
S21403D1F010B90020BDE8F8830468002CF9D0D4E900
S21403D20000893B4632462946A068C8470028F1D124
S21403D2104446F2E72420704738B5054614460A46C6
S21403D2200021FFF78FFE24F01C046B7944F01004F2
S21403D23043F004032C716B7138BD2DE9F74F1F467D
S21403D2409DF830308A4680460093002850D0002947
S21403D25067D00C68002C66D04FF0000BE679A179F6
S21403D260761AF6B2BE4208D30C31394408EB0209EB
S21403D27045462144F61BC84537E02068A346BF1B36
S21403D280002835D00446E9E7AB19994538BFA9EB22
S21403D290050632462846FFF72EFE009B002B3DD0A0
S21403D2A0E279A079F3B237BB1844A071E279A37987
S21403D2B027689A4232D1DAF80030A34208BFCAF888
S21403D2C00070BBF1000F01D0CBF800702046F3F7D7
S21403D2D0C3FE3C4635444CB10027A379E67903F1F7
S21403D2E00C01F61A2144F6B24D45CDD3A5EB080042
S21403D2F003B0BDE8F08F121AD2B2F918914209DAD8
S21403D3000C302044D21BD21A014438440193FFF751
S21403D310FFFD019BE279D31AE371C7E7A3462468AE
S21403D320D8E70846E4E72046E2E710B5C4790246A4
S21403D330C4F14503D8B2884228BF08460444D471D2
S21403D34010BD38B50546C079C0F14504E4B2944231
S21403D35088BFD4B20C3022462844FFF7CCFDEB79C5
S21403D36020462344EB7138BD1FB50391002100917D
S21403D37003A9FFF762FF05B05DF804FB38B5044662
S21403D380206800B938BD0568F3F766FE2560F7E741
S21403D390034610B501F0EC0103B910BD1A7902F08B
S21403D3A013020A431A711A1A544254415A7964F3FF
S21403D3B000025A711B68EFE710B558B1016802689E
S21403D3C05AB1136823B15C79E40704D500241460CA
S21403D3D00360084610BD0360F1E71346F8E703460B
S21403D3E058B10020DA7999791B68521A50FA82F0FC
S21403D3F01BB15A79D207F5D57047704770B50D46FD
S21403D4000446E8B186798E4203D3751A85710120E6
S21403D41070BDC27906F145039B1ADBB299420FD859
S21403D42006F10C010144921BA81BD2B20844FFF775
S21403D4306FFD0023A371E3791D44AD1BE571E6E799
S21403D4400020E5E70346006818B102681A60002367
S21403D450036070470346002003B97047DA79997969
S21403D4601B68521A50FA82F0F6E72DE9F84F894600
S21403D47014468246FFF7EEFF05464846FFF7EAFFE7
S21403D480A542074601D3A04208D2BD4208D10024D4
S21403D490A346A046264647B9384604E02746F6E79D
S21403D4A038D24FF0FF30BDE8F88F5EB99AF80680A1
S21403D4B09AF80760A6EB080608F10C08D044DAF8D9
S21403D4C000A0F6B2BBF1000F0BD199F8064099F80D
S21403D4D007B0ABEB040B0C344C44D9F800905FFA5E
S21403D4E08BFB5E45354628BF5D46BD4228BF3D469D
S21403D4F021462A464046FFF7EEFC0028D3D1A8442F
S21403D5002C447F1BEDB2761BABEB0505F6B25FFA38
S21403D51085FBC0E70120C6E703680BB901607047C7
S21403D5201A461B68002BFBD111607047036803B1D2
S21403D5300B600160704739B10B461A461B68002B17
S21403D540FBD1036813600160704770B50468064634
S21403D5500D4644B12046FFF77DFFA84211D8236845
S21403D56013B9E379A37170BD20463360F3F774FDF6
S21403D5703468F4E7ED1A236820463360F3F76CFD4E
S21403D5803468002DEFD0A279E3799B1ADBB2AB4265
S21403D590F0D92A44A271E6E7F8B5066805460C46B4
S21403D5A046B13046FFF756FFA0421DD8336813B97D
S21403D5B0F379B371F8BD30462B60F3F74DFD2E6853
S21403D5C0F4E7064638460768002FFAD1C27983790E
S21403D5D0D31ADBB2A34202D9121BC271EAE7E41ADA
S21403D5E0F3F73AFD3EB13760002CE3D028680028F5
S21403D5F0E0D00026E7E72E60F6E7F8B504460F46C8
S21403D600BC4200D1F8BDA179E5796D1AEDB2C5F13A
S21403D6104506B6B20EB92468F2E749B10C312A467C
S21403D620214404F10C00FFF773FC0023E571A3719A
S21403D6302368BB42EFD05A79D207ECD49979DD79C7
S21403D640A0796D1AEDB2B54228BF3546E2790C30A3
S21403D65010440C312A4619442044FFF74CFCE37966
S21403D660206853FA85F3E3718379761B53FA85F5BD
S21403D670C379EDB2AB42B6B2857103D103682360BA
S21403D680F3F7EAFC002ED3D1C5E748B100230279AD
S21403D6904360036083604379027143F0040343717C
S21403D6A0704700221146F3F733BD38B504460D46DE
S21403D6B0FFF7A4FE98B984B12079FFF7F2FF58B1BB
S21403D6C063794279C3F3400363F3410245235D1B49
S21403D6D004604271C371857138BD0120EDE72046B1
S21403D6E0FAE738B5036804460D469BB11879FFF789
S21403D6F0D8FF88B12368427903605B79C3F340039C
S21403D70063F3410245235D1B4271C371857120603B
S21403D710002038BD0120EAE71920FAE738B50C46A1
S21403D720054640B3006830B309B9002038BD4AB98E
S21403D730C9B2FFF763FE0028F7D12B689A79987170
S21403D740A41A06E0452918D8C9B2FFF757FE0028E1
S21403D750EBD1442C07D8002CE7D02846E1B2BDE82D
S21403D7603840FFF7BEBF45212846FFF7BAFF00281B
S21403D770DCD1453CEDE72220D8E72120D6E72DE98A
S21403D780F84390F8078090F806900446A8EB09073C
S21403D790FFB2B9420D4602D30020BDE8F8830079F4
S21403D7A0FFF77FFF06460028F6D0A17980790C3173
S21403D7B07F1B29440C30BAB221443044FFF79BFB4D
S21403D7C0F37901203B44F371E37999444D4423688C
S21403D7D0A5EB0805E57133602660DEE7F8B5076854
S21403D7E006460D463C46002305B12CB90BB1002274
S21403D7F01A6034603846F8BDE379A2799B1ADBB227
S21403D800AB4207D8E379A2799B1ADBB2ED1A23461B
S21403D8102468E9E72046E9B2FFF7B1FF0028F1D113
S21403D8200746E7E75318452B02DCC9B2F3F770BC8B
S21403D83000207047F7B5002605460F4601960DB93A
S21403D840019C09E0002238461146F3F761FC0446C2
S21403D85028B901A8FFF792FD204603B0F0BDAB79C7
S21403D8608371EA79C27168796179D21A60F300012B
S21403D870617169796079C1F3400161F341006071B8
S21403D88003F10C002918D2B22044FFF734FB019BA6
S21403D89003B9019406B1346026462D68CFE72DE917
S21403D8A0F8430D461446064610B319B3DAB10346D9
S21403D8B099461B68002BFBD12746C8463A4629469D
S21403D8C04046FFF73EFDC145A7EB0007054418BFDA
S21403D8D0C9F8008037B10022B1793079F3F718FC24
S21403D8E0C14618B9E41B2046BDE8F8838046E5E741
S21403D8F00446F8E70C46F6E737B51546C9B20022E4
S21403D9001C46F3F705FC019040B122462946FFF773
S21403D910C6FF844202D901A8FFF730FD019803B081
S21403D92030BD034610B501391A1A914200D810BD0E
S21403D930445C1A7803F8014B42540139F4E7002398
S21403D9400144884200D1704700F8013BF9E738B537
S21403D95005460C4604B938BD013C55F834305B68BF
S21403D960002BF7D09847F5E72DE9F041044600264B
S21403D97054F836302BB904F10408B34203D100251A
S21403D9800FE00136F4E754F833205F1C12685AB1EF
S21403D99058F833009047054630B139462046FFF71E
S21403D9A0D6FF2846BDE8F0813B46E6E7704770475A
S21403D9B0704770477047F3F7BFBC38B50446F9F7AE
S21403D9C0EDFC054658B9C820E2F7BCF8C822022188
S21403D9D02846E2F777F88442A8BF044624B22046D6
S21403D9E0E2F7B0F8F9F7DAFCBDE83840C8220221BE
S21403D9F0E2F768B8B0F90020B1F900302DE9F04736
S21403DA009A4204460D4648DCF4F75FF88046DCF796
S21403DA101DFB00283ED1E2F74BF88246F9F7BEFC21
S21403DA20C8220221E2F74EF847F6FF73B5F9002045
S21403DA3081469A4202D1E2F75FF8288047F6FF73E1
S21403DA40B4F900209A4202D1E2F750F82080B5F9E3
S21403DA500000FFF7B2FFB4F9003007468342C8BFA1
S21403DA602080B4F90000E2F74DF8DDF77FFB0646A9
S21403DA7058B15046E2F746F84846E2F763F84046A0
S21403DA80F4F729F83046BDE8F087E2F711F820806E
S21403DA902F80F4E741F20C06F1E72126F2E70000B7
S21403DAA0F8B500BFF8BC08BC9E467047F8B500BF83
S21403DAB0F8BC08BC9E46704701B40248844601BCC5
S21403DAC0604700BFF10D002001B40248844601BC44
S21403DAD0604700BF390D002001B40248844601BCEC
S21403DAE0604700BF990E0020000000000000000001
S21403DAF0000000000000000000000000000000001E
S21403DB00000000000000000000000000000000000D
S21403DB1000000000000000000000000000000000FD
S21403DB207165705F6D736D000000000000000000FB
S21403DB300000000000000000000000005923010060
S21403DB409D230100F1130300041200209CDB030055
S21403DB5035290100D92A0100952B01000000000099
S21403DB60000000002D280100000000000000000057
S21403DB70000000009CDB030099270100A52B010091
S21403DB80DD240100000000009CDB0300C52B010020
S21403DB90AD2A0100852B010000000000D8DB03003E
S21403DBA00B1403000714030000000000A524010063
S21403DBB000000000352A0100131403000F140300AD
S21403DBC000000000D8DB0300ED2401002F1403003F
S21403DBD07D28010000000000000000009D280100D1
S21403DBE0000000000000000099240100D8DB0300B9
S21403DBF09D2501002D2B0100CD240100000000000F
S21403DC00D8DB03008D290100651403001D140300EF
S21403DC10000000004CDB0300B124010009290100C9
S21403DC20752B010000000000B0DB03000F14030097
S21403DC30131403000000000000DC03000F140300AD
S21403DC406514030000000000ECDB0300852B0100D5
S21403DC502D2B0100000000004CDB0300DD24010037
S21403DC60D92A01000000000074DB0300A52B010085
S21403DC7000000000B0DB03001D14030013140300B0
S21403DC8000000000C4DB03001D1403002F14030070
S21403DC90000000009CDB0300CD24010007140300F2
S21403DCA0A524010000000000B0DB030013140300EA
S21403DCB00000000000DC0300651403000000000001
S21403DCC0D8DB0300992401000000000060DB03009A
S21403DCD000000000C4DB03000F1403002F1403002E
S21403DCE000000000B0DB03007D28010013140300CE
S21403DCF0000000009CDB03007D28010007140300DE
S21403DD00A524010000000000B0DB03007D2801000D
S21403DD1013140300000000009CDB03007D280100B1
S21403DD2007140300A524010000000000ECDB030039
S21403DD307D2801002D2B01000000000088DB030076
S21403DD40752B0100952B0100AD2A01000000000091
S21403DD5014DC030009290100000000006D3851445B
S21403DD603A914392BD4074278956F55FA24E9611A9
S21403DD704FECCEBDC8402D30AC4333BB292B011826
S21403DD800500000000E00000342E342E36000000AC
S21403DD90FCDD0300220022004CE003000E000E0010
S21403DDA01CE00300030003000300FFFFFFFF000067
S21403DDB00200011802000A180C0053696C69636FAD
S21403DDC06E204C61627302000018080062745F5391
S21403DDD050433531020000001000F01921B4478F7C
S21403DDE0A4BFA14F63FDEED6141D1000A24E9611DC
S21403DDF04FECCEBDC8402D30AC4333BB0100000012
S21403DE000108FFFF00000000B0DD0300020002006F
S21403DE100108FFFF0500000020000A0003000A00B7
S21403DE200008FFFF010000009E0C002004000D0008
S21403DE300308FFFF030000000200000005000200C5
S21403DE400108FFFF0500000002000B0006000B00A0
S21403DE500108FFFF01000000CC0C002007000200B1
S21403DE600108FFFF050000000A000C0008000C0074
S21403DE700308FFFF01000000E20C00200900000079
S21403DE800188FFFF00000000EADD03000A0002002D
S21403DE900108FFFF05000000120000800B00008051
S21403DEA05158FFFF010000007C0C00200C000D0001
S21403DEB0030DFFFF03000000010100000D00020038
S21403DEC00108FFFF05000000180001800E00018016
S21403DED0025DFFFF01000000860C00200F000D000E
S21403DEE0030DFFFF03000000010200001000000006
S21403DEF00108FFFF00000000B4DD0300110002006C
S21403DF000108FFFF050000000200030012000300E3
S21403DF100108FFFF00000000B8DD03001300020045
S21403DF200108FFFF050000000200040014000400BF
S21403DF300108FFFF01000000900C002015000200FE
S21403DF400108FFFF0500000002000500160005009B
S21403DF500108FFFF01000000A80C002017000200C4
S21403DF600108FFFF05000000020006001800060077
S21403DF700108FFFF01000000B20C00201900020098
S21403DF800108FFFF05000000020007001A00070053
S21403DF900108FFFF01000000BE0C00201B0000006C
S21403DFA00108FFFF00000000C6DD03001C0002009E
S21403DFB00108FFFF05000000020008001D0008001E
S21403DFC00108FFFF00000000CADD03001E00020078
S21403DFD00108FFFF05000000020009001F000900FA
S21403DFE00108FFFF00000000D4DD0300200000004E
S21403DFF00108FFFF00000000D8DD03002100020037
S21403E0000108FFFF050000000800028022000280CE
S21403E0100208FFFF07000000000000006C385144B0
S21403E0203A914392BD4074278956F55F6D38514443
S21403E0303A914392BD4074278956F55F636032E098
S21403E040375EA488534E6DFB6435BFF7002801285E
S21403E0500328292A242A272A262A232A002A012AA9
S21403E060052A2A2B292B02290500000000000000A0
S21403E07000C20100000200000010000000000000C3
S21403E0800000000000000000EA0C0020DD3701005D
S21403E090091703006317030075170300031703002C
S21403E0A0F20C0020DD370100091703006317030095
S21403E0B07517030003170300FA0C0020DD37010071
S21403E0C009170300631703007517030003170300FC
S21403E0D0160D0020EF1703004139010069390100CE
S21403E0E0111803002D18030013B779FAC925DDB7F5
S21403E0F0ADF3CFE0F1B614B8010200000000000053
S21403E100FFFFFFFF200000000100000000000000EA
S21403E11000000000000000000000000000000000F7
S21403E12000000000000000000000000000000000E7
S21403E13000000000000000001E000003B1180300EA
S21403E140AD1803008B180300891803000140010073
S21403E150BB180300C13F0100020000002C000000B2
S21403E160000201000009007F9CE103000100000F8C
S21403E1707CE103000000000000000000E1FE59FF00
S21403E1808FFFADFFC1FFD0FFDCFFE4FFEBFFF2FF25
S21403E190F6FFFAFFFDFF0000030005005500EDFE45
S21403E1A0FF0064001E0000007F001B0DD063FDFF10
S21403E1B03600B7034DDAFFFF1C005901EC360000AA
S21403E1C01100BD00C83B00000B00710014350000B1
S21403E1D007004900352C000005003700052600001F
S21403E1E003001400FF1400000000000000000000FD
S21403E1F0000000400000000001000000FFFFFFFFDA
S21403E2000000000100000000000000000000000005
S21403E210FFFFFFFFFFFFFFFFFFFFFFFFFFFFFFFF06
S21403E22000000000FFFFFFFFFFFFFFFFBCE6FAADA5
S21403E230A7179E84F3B9CAC2FC6325516B17D1F2A4
S21403E240E12C4247F8BCE6E563A440F277037D8100
S21403E2502DEB33A0F4A13945D898C2964FE342E29A
S21403E260FE1A7F9B8EE7EB4A7C0F9E162BCE335708
S21403E2706B315ECECBB6406837BF51F5FFFFFFFF6D
S21403E2800000000100000000000000000000000085
S21403E290FFFFFFFFFFFFFFFFFFFFFFFC5AC635D858
S21403E2A0AA3A93E7B3EBBD55769886BC651D06B0D0
S21403E2B0CC53B0F63BCE3C3E27D2604BFCE103008A
S21403E2C0C000000000000000000010002000000056
S21403E2D06BC0BCE12A459991E134741A7F9E1925D7
S21403E2E0AE2D8A571E03AC9C9EB76FAC45AF8E51BE
S21403E2F030C81C46A35CE411E5FBC1191A0A52EFA9
S21403E300F69F2445DF4F9B17AD2B417BE66C3710FA
S21403E3103FF1CAA1681FAC09120ECA307586E1A781
S21403E3202B7E151628AED2A6ABF7158809CF4F3C21
S21403E3306C5C5854801024FFFFFFFFFFFFFFFFFFB6
S21403E340FFFFFFFFFFFFFF0001200000002000008B
S21403E3500000000000000000E56501000040025CCC
S21403E360000000000000001001030401010109037E
S21403E3700B0000000B00000002000000000020203D
S21403E38000000000030000008C8C3C00000000002E
S21403E390000000000000000001041040010000001F
S21403E3A005000200000300E200E200E200E20001D2
S21403E3B02CE6030008E603007CE503009CE5030067
S21403E3C0B0E5030054E60300ECE50300D8E50300DC
S21403E3D000000000000000004E0C000000000000DB
S21403E3E00000000090DD03000000000000000000B5
S21403E3F00400000000000000E2FF000040E6030007
S21403E400000000001CE603000000000008E503000F
S21403E41000000000C4E5030000000000CCE5030094
S21403E4200000000090E503005CE4030078E60300C8
S21403E4305EE4030070E603000000000068E60300E5
S21403E4400000000074E503000000000000E603007F
S21403E45000000000000000000000000002000400AE
S21403E460FB00505341004B455900000101020102D5
S21403E47002030102070B0B0701160C000001080834
S21403E4800000050108FFFF02FFFF0808020204FF61
S21403E490010022FFFFFFFFFFFF030404FFFFFFFF50
S21403E4A02AFFFF1419191B011C15120400480C142B
S21403E4B0131510801A80128080000F0E0C080C08AB
S21403E4C00D18100102040400F4010000FA00000015
S21403E4D096000000640000004B00000032000000BD
S21403E4E01E000000140000000000000001015000A0
S21403E4F04000080050002400040090015002400031
S21403E5009001AE0110000000C90A020000000000DE
S21403E5100049725314497207FF000102030405FF02
S21403E520145300724907CDF6191F0200911E02000C
S21403E53091360200CD800300538103004D81030012
S21403E5400D3D020009A30300078103004F8103006A
S21403E55051810300F380030049810300B1190200CF
S21403E560357F0300051B020001020C0000000400B7
S21403E57000000800B980030000000000040000004B
S21403E58000000000000000003D1E02000000000026
S21403E590C780030000000000A0010401560000002D
S21403E5A00000000000000000000000000000000063
S21403E5B0050000000000000000000000000000004E
S21403E5C000000000B51E020000000000CF8003001C
S21403E5D000000000A01305000A0000000000000071
S21403E5E0000000000000000000000000090000001A
S21403E5F00000000000000000000000000000000013
S21403E600D5800300000000000F000000000000009B
S21403E610000000000000000000000000DF80030090
S21403E62000000000000000000000000001000000E1
S21403E63000000000000000000000000000000000D2
S21403E6401122020000000000A0010107A00001043F
S21403E650020408000600000000000000000000009E
S21403E66015230200F9220200EF80030000000000D9
S21403E670EB800300000000005523020000000000AA
S21403E680A0030601A0090609A0020608A0050607BE
S21403E690A0050606A0070605A0020604A0010610AC
S21403E6A0A00A0602A00D06000000040205030601E8
S21403E6B007010108090A0000A0015C02A0035C012F
S21403E6C0A0025C00A0020F09A0030F04A0030F031F
S21403E6D0A0050F02A0010F01A0050F00A00401086A
S21403E6E0A0020105A0030106A01201000101020415
S21403E6F0200106057D260200200D0606D125020010
S21403E7002008060415260200200C0600A525020094
S21403E71020040909A521020020060904712102002C
S21403E720200109015921020020040A0425210200C0
S21403E73020050A02F520020020020503C91E020076
S21403E74020000505011F020020010F06C521020057
S21403E75020020F01F521020020000115BD22020050
S21403E7606267617069206275666665727300010090
S21403E7700200000000000000030000000D0003007C
S21403E7800200010005000102036761747420636FD1
S21403E7906E6E656374696F6E00000000FB349B5FEA
S21403E7A08000008000100000000000004DA0030061
S21403E7B0F5860300B3A20300AFA10300E69D350E62
S21403E7C0480103CCDBFDF4AC1191F4EFB9A5F9E9EC
S21403E7D0A7832C5E2CBE97F2D203B020008BD2897F
S21403E7E015D08E1C742430ED8FC24563765C1552AB
S21403E7F05ABF9A32636DEB2A65499C80DC006C88AD
S21403E8008391AAF5A53860370BDB5A6083BE0000F8
S21403E81000010001000501000502020300020000DA
S21403E82000000002050100050000010001000001D0
S21403E83000010202030002000000000002020100C1
S21403E8400200000009730200996D0200FFB703007F
S21403E8506DB70300FBB00300716B0200BD6A0200D4
S21403E8601569020059B50300A9AB03002D6F02001A
S21403E870ED64020039630200AFB4030041B4030041
S21403E880E9B3030047B3030093B10300B960020082
S21403E890E55E02009D5F0200ADAB0300455C02002F
S21403E8A0BF01FB9D4EF3BC36D874F5394138684C2E
S21403E8B08BD28915D08E1C742430ED8FC2456376B7
S21403E8C05C15525ABF9A32636DEB2A65499C80DC0D
S21403E8D0E69D350E480103CCDBFDF4AC1191F4EF55
S21403E8E0B9A5F9E9A7832C5E2CBE97F2D203B02014
S21403E8F03F49F6D4A3C55F3874C9B3E3D2103F507B
S21403E9004AFF607BEB40B7995899B8A6CD3C1ABD31
S21403E910A0010A05A0030A04A0080A03A0070A0226
S21403E920A0060A01A0070A00A0030906A006090517
S21403E930A0070904A0040903A0050902A00609010B
S21403E940A00309000202030000000000ED95020088
S21403E95035960200E19502004196020029960200D0
S21403E96061C703009DC70300C3C70300E5C70300D1
S21403E97007C803001DAA0200D5A90200E1A90200E8
S21403E980B5AA02007DC903000FC5030013C5030023
S21403E9901FC5030017C503001BC5030000000000C6
S21403E9A088010000D80F0020E1FE0000020000806E
S21403E9B0FF7F00000080FF7F0E025241494C00009B
S21403E9C0A000000079A1020050000000F1A00200A0
S21403E9D000000001000001010001010129A402005A
S21403E9E00DA40200B1D8020059DB020091DA02003E
S21403E9F001010203000000011F150F15150F151F57
S21403EA00FFFFFFFFFFFFFFFFFFFFFFFFFFFFFFFF0E
S21403EA10FFFFFFFFFFFFFFFFFFFFFFFFFFFFFFFFFE
S21403EA2000A801A802A8000000B801B802B800B008
S21403EA30441D04005C1D0400741D04008C1D0400AA
S21403EA40A41D0400030404080805000000000000D9
S21403EA500000000000000000B8320000F8040000C8
S21403EA60B037000004000000303E00000300000042
S21403EA7000000000B8320000343E00000000000032
S21403EA80343E00004100000000000000303E00005D
S21403EA90853200009D3200009D3200009D3200004A
S21403EAA09D3200009D3200000000000000000000C0
S21403EAB000000000000000009D3200009D320000B0
S21403EAC09D320000112B00009D3200003B2C0000FD
S21403EAD04B2C0000D12C0000192D00009B2D0000AC
S21403EAE0012F0000BB2D0000912F0000072E000011
S21403EAF0452E0000B92E0000F1300000C53100009D
S21403EB000D2C000071280000212400008F2800002F
S21403EB10012900009D320000D92900009D2900002C
S21403EB209D3200009D320000212A00009D32000025
S21403EB309D3200009D320000F90F0000E90F00002F
S21403EB40031000000D100000171000008C488068AA
S21403EB50000200D4704780B580208002A849086070
S21403EB60CF2000F04BFA01BDF8B586480068864C06
S21403EB70802292032260854E316809051DD5110B4C
S21403EB80A023034001D0216017E002403FD1802735
S21403EB907F4A17607F4A1760084038D0784D287A36
S21403EBA0400705D501207C49086000027B490860C0
S21403EBB02878002801D0062801DB0020F2BD00F0EB
S21403EBC057FB716889684E682978052907D1B90506
S21403EBD0A1606E60B668CC218901704A116000F0AE
S21403EBE050FB012E00DA0226BC208005854908600A
S21403EBF0942080058449086065480021C943016460
S21403EC007142416481490F6040210160D5E7B148F4
S21403EC100160FFF79BFF0120F2BD5A480168890592
S21403EC2004D5C06E0004000F022801D000207047F0
S21403EC300120704738B580245548046000F018FB5F
S21403EC4005007348006800F065F9280000F019FB1A
S21403EC50FFF77CFF4A48007A000705D5A0004A491B
S21403EC60086000F0E6FB31BD60039A490860B048CF
S21403EC70046031BDFEB50500CC208001964948608E
S21403EC80012696480660FFF7C8FF002877D03C4C5D
S21403EC902078002873D031020195052802D02A4631
S21403ECA00A406CD1CC27BF018B4A1760A14A126871
S21403ECB053075B0F022805D1022B5ED308013749A1
S21403ECC00860F7BD4D01032804D1022B55D93348FC
S21403ECD00560F7BD042802D111404ED0F7BD0528C4
S21403ECE04BD10198002848D0C005C10F6846417033
S21403ECF00198C004C10F6846017000F0B9FA02908B
S21403ED00606869464978002903D006688021214A4D
S21403ED1011602C0488496A461278002A0CD0C2680F
S21403ED200B68D21AA74B1B68234001D0066800E085
S21403ED304668964200DD1600684640786A461278B2
S21403ED40024308D008684242B01E824202DA70428A
S21403ED50886000E00026029800F093FA0198800588
S21403ED6001D5994804600198054001D0974804608E
S21403ED70002E02D009480760F7BDFFF75BFFF7BD1B
S21403ED80343E0000400002A8402002A8C43E000013
S21403ED900CC001A890E001A894D000A8505201A886
S21403EDA038B580248A48046001204C490860894DA0
S21403EDB02878052802D0600087490860FFF72DFFF2
S21403EDC0002812D012480068000A80214140A86833
S21403EDD0000EC9B2814208D2564800684007400F69
S21403EDE0022802D2FFF726FF31BD7C480168C02205
S21403EDF00A4002D1C06F204001D00448046031BDF0
S21403EE001C1002A808E001A808D001A894D001A805
S21403EE1018C000A8F1B582B00F008026B600A02067
S21403EE20384002D06E48066052E000F021FA0090A7
S21403EE306C480468F80202D5A0680069029000F0E6
S21403EE4045FBB102606800F06FF9227820000021CC
S21403EE50521C4378934200D2002218235343C5180A
S21403EE600C352B78082BF3DA1400027085602878AB
S21403EE70584A10703E400CD000F0FAF95949096818
S21403EE808968CE6800F0FDF9F80201D403208643B2
S21403EE9031005048816001260846304003D100F017
S21403EEA0D2FB00F07BFFF104686900F03DF93C20DB
S21403EEB000F0A4F8E0B200F0A1F8009800F0E1F941
S21403EEC03005474908604848066030020249086032
S21403EED00298FEBD401002A84C6201A894E000A868
S21403EEE010B542480068800501D4FE2010BDC0203E
S21403EEF080033F49086000F0BBF93A4909688A78FD
S21403EF00D20702D589688C7800E00C7800F0B9F94E
S21403EF10200010BD334909688A688B78DB0704D55F
S21403EF20927818235A438A180C3290607047000070
S21403EF30100002A8084001A848C001A8F1B582B095
S21403EF402C4F3C680026200F000702D1E0010290F8
S21403EF502AE000F023FF00F08BF9019080210903DB
S21403EF60606800F0E1F825786D1C6078A84200D24E
S21403EF700025E80020180C300090006802908021DD
S21403EF8009030098406800F0CFF83D2000F036F8FB
S21403EF90E8B200F033F825700098A060019800F0FE
S21403EFA070F902A800F05EFF13480068800407D5D6
S21403EFB0786901F026FC02990818029000D502969B
S21403EFC00298FEBD480002A8481002A8482002A8DE
S21403EFD094E001A8343E0000506201A814C001A8C2
S21403EFE0402002A8C83E000090E000A8400002A807
S21403EFF0401002A8CC3E0000FC0302A84149096861
S21403F000002901D5404908607047F3B581B03F4FEA
S21403F010B9683F4C4A004CD50125090100D5212586
S21403F02001003C4A1068566822689206920E94467F
S21403F0303A689300802213406246134380225200AC
S21403F0401A4300920A0023D0890601D5012008E05E
S21403F050F021014007D16946097A0C220A4002D002
S21403F060022000F03FF82C49096809040AD53968DC
S21403F070090701D5022605E03968490301D50026AC
S21403F08000E003264835009A24490968890003E00E
S21403F090009A2249C96909094023194011439A0075
S21403F0A0002E02D0164326660835216602432266E2
S21403F0B02566E06D4407640F00F0C4F8A0070BD084
S21403F0C0052C09D0B868000406D400F0D1F8022154
S21403F0D0134A116000F0D5F800F0BDF8002000F0E8
S21403F0E001F8F7BD0B490A68F0239A430001104361
S21403F0F00860C0B270478020C0020A4908607047A3
S21403F100000000004C0002A8884000A8440002A8A3
S21403F110284000A8683F0000384101A8084001A81D
S21403F1207CD40350485000A880B55E4A116001F0B5
S21403F13093FBFFF7E0FF01BDFEB500F099F80290E0
S21403F1401020594908600023584803600220584994
S21403F15008605848C0684005C20DD52A01D2D5229A
S21403F16004E0D1204000824200D9020010000100D2
S21403F170514C0194883C246864011DD54F4C00947F
S21403F180251D4F4E367806277E43AA530024019D3D
S21403F1902D7CE540ED070CD5009D06266643AD198C
S21403F1A0AD888FB2BD4200D2290086B2AE4200D2ED
S21403F1B02800641C022CEAD389B246310904414C68
S21403F1C00C404638C005C00D20433A490860C020AD
S21403F1D000063D4908603848017D00290CD03B49AC
S21403F1E0D52A02D98024E4050C60D1246400A24207
S21403F1F002D2802424060C601021354C2160354948
S21403F2000B604188002900D10280029800F039F88B
S21403F210F7BD80B53048314908603148C1680902F6
S21403F220090A19225143416005210160FFF784FF53
S21403F23001BD2B480068C00300D4704780B5FFF7B4
S21403F2407BFF01BD8020C002164908602548006880
S21403F2504007FBD470478020C002234908607047EC
S21403F26001E022490860224909680140F9D1704744
S21403F270204800682021204A116010211F4A11608F
S21403F28070473021014002D110201B4908607047A7
S21403F2901848006830210140102901D10120704729
S21403F2A000207047401002A8F41302A8048002A8A6
S21403F2B0409002A87C400050743F0000603E00006F
S21403F2C05C3E00000000FF01A0600050A450005008
S21403F2D0F42302A818E000E07F1A0601500002A8F3
S21403F2E010E000E0400002A8402002A8282002A860
S21403F2F0280002A85C0002A85C2002A85C1002A8F2
S21403F300FEB54E4880214902816102214C4A516074
S21403F31000214C4A11604C4A11800321484A11606F
S21403F320022101604948046820204949086080207A
S21403F33048490860CC2080014749086001204749B6
S21403F34008604048806F01900F26000B3040009005
S21403F35043480068C505ED0D103DC0202843C0B2E4
S21403F360FFF74CFEE00506D50098092803D001F008
S21403F370ABFB01F0C7F8019806403A480468032E31
S21403F38004D0022E06D10098032833D000F0EAF901
S21403F390032E04D0009806282CD1062D2AD03248F6
S21403F3A000680127C00B384001D001F07FFD2F48CD
S21403F3B00068000108D5052D06D101252C480760F5
S21403F3C06805FFF74DFF00E000252100009800F0D8
S21403F3D0CBF90400274E002D05D000F067FB3760FD
S21403F3E0022025490860780570658009234908606E
S21403F3F001F04AFB124880214902C16100990029A5
S21403F40008D10221416000200E490861C020C000D7
S21403F4101B4908602000FEBD80B5FFF713FF19489F
S21403F4200078800602D4022017490860FFF713FF0E
S21403F43001BD022015490860704700002C1002A881
S21403F440282002A8340002A8703E0000B40002A8D8
S21403F45094E001A80CC001A8506201A894E000A89B
S21403F46004ED00E0B44000A800E200E0EC3E00003B
S21403F470645000A8646000A82C4000A880E200E066
S21403F4802C6001A8C43E0000081002A8082002A8A9
S21403F4907F480068800700D4704730B57D48042154
S21403F4A08C4A0123E024E4008568254002D01360DB
S21403F4B0D160D3600068044002D01360516053608B
S21403F4C030BD8548012181600160704710B5012079
S21403F4D071498A680240FCD1804A0423D3600C68D1
S21403F4E00440FCD15360106010BD7D4908680122BA
S21403F4F0104200D1704710B5E023DB000340FF2421
S21403F500A41CA34204D3774B1B689B0600D548680C
S21403F510024001D000F0ABF810BDFEB50700C820CE
S21403F52071490860062071490860802040037049CD
S21403F530086070480168704A0A4080210901114337
S21403F54001606E4CC020C00020600225A5616803E0
S21403F5506B4908606B4E6C48F0664C206B49C86676
S21403F56038686B498968814201D2019100E00190B5
S21403F5700199401A38600121380000F040FB6946C3
S21403F58008703868019940183860FFF781FF5F48B4
S21403F59000685F4908605F480168490601D55E490F
S21403F5A000E05E49316769460978002908D10321DE
S21403F5B0E16100683068054002D080208002206147
S21403F5C068460078FEBDF8B50400554D8020C0019E
S21403F5D02860544801218162534A11601F23036047
S21403F5E05623436606230366504B1B68002B02D440
S21403F5F00823036643664E4B0365C023DB004D4E6C
S21403F6003668F827FF01374001D1836700E053616E
S21403F610E86B014008D0286BC00705D4464800783D
S21403F620800701D401F0E0FC444845490860FFF731
S21403F6302FFF200001F084FD286B8001FCD4286A8C
S21403F640C8490860F1BD3F4801214161C1603E4A97
S21403F6503E4B5366364B13650323036000203C4B37
S21403F660186011609162C8032D4908607047F02145
S21403F6700901384A116001403748016020203749A4
S21403F6800860374909680840B749086070470000B2
S21403F6904C0002A86C0102A8700102A880B5B3480A
S21403F6A00821B34A13680B4001D001614161117808
S21403F6B0C90602D5862109010160FFF716FF14204B
S21403F6C0AC490860AC480168490701D0FF21416195
S21403F6D001BD0000681102A86C2102A8682102A8D7
S21403F6E0783F0000400002A8548001A80C9001A8AF
S21403F6F0942002A8680102A8FFF1FFFF441102A8A4
S21403F700A01002A8E40002A8294E0600300002A8B2
S21403F710A03F0000FC0302A8CC3F0000C43F00004B
S21403F720100002A8E01002A8442102A828C000A8DE
S21403F7300C1E0000A88001A83C3E0000FFFF7F7F50
S21403F740B46000A8602102A8E02002A85E060000BC
S21403F750400102A82C6001A82C5001A8442002A84E
S21403F760084001A870470000F8B586B005000C00F5
S21403F7708248866AFFF77CFD0590B00503D580486E
S21403F7800068FFF7C7FB0020029001227306DB0F19
S21403F7907C498E688860B82040007B4F38606708D5
S21403F7A0B82038400978F0270F40402F02D10100D7
S21403F7B0402008430D2D02D1310004260E43710765
S21403F7C004D501001420084310218C43AC49096872
S21403F7D06D462A700493019605006C4FC80506D53E
S21403F7E080204000A24908602800012505430498AC
S21403F7F0002811D10C20284008280DD028005F4986
S21403F800496BCA0601D410229043890601D42021ED
S21403F8108843B12101405AD068460078002859D061
S21403F820B86DC004C00C792809D380250620534937
S21403F83008606802A14908600020694608708120B4
S21403F840284049D008200499002900D1386201993C
S21403F8500843019010208443042003900005984930
S21403F8600860400897490860012097490860684681
S21403F870007800282ED00398062833D39348806B4D
S21403F880C0062FD592480068000E02908F4806687F
S21403F890B6B28F48006A000603D030008026760191
S21403F8A0064301F060F8002809D0FB2080010078A9
S21403F8B0C00604D030008026F6010643B6B23E6189
S21403F8C0301238616E480168C80587D40AE00820FC
S21403F8D039460862009531E08FA06906C90E405C80
S21403F8E00390C4E7009503982449CB6A784A1268C4
S21403F8F03D686E46B58128251D400543980CC0011A
S21403F90028431D001B0E2B4010252B40034390005D
S21403F91040221040184303AA9070086B000A03A9FC
S21403F920C870FFF7DDFA03A90871029848716948A1
S21403F9300068C8800398F8660498F8660598FFF789
S21403F940A0FC0820610601D55D498860624908600D
S21403F9500198C1B20098C0B2FFF757FB200007B06A
S21403F960F0BD00009C3F0000441002A8301102A81E
S21403F970F84F0000703F00000C4000A8180002A8D3
S21403F9801CC000A8683F0000B46000A8540000AA8A
S21403F990F8B5524F524C0F2501265249606BC006EC
S21403F9A021D5012008705048006850490A688242F1
S21403F9B004D289695118491C081A00E0101A4C49E8
S21403F9C009684018012852DB01F05EFE49490968C0
S21403F9D0090B0D40022D48D17105474A11601021CD
S21403F9E0F963266041E0E06BC00026D54348006813
S21403F9F0E021890501403AD03E4C41480068C005E5
S21403FA0004D42068000B28400228F5D03D48066839
S21403FA10FFF72EFC3C49F2B20A603204120E0A606B
S21403FA203202120E0A60320E0A60FFF72AFC2068C2
S21403FA30000B28400228DFD0F1BD344C2068002894
S21403FA4015D00E7001F07CFB002810D101F01CFECF
S21403FA5028490968090B0D40022D06D13104264AB0
S21403FA601160022139600021216001F011FEF1BD11
S21403FA701C2100AA802080042549086070470000E6
S21403FA801C0100AA8020400421490860704780209A
S21403FA90C0041F4908607047802000051C490860A1
S21403FAA07047802040051A49086070471948016866
S21403FAB0490701D0FF21416170470000141100AAD5
S21403FAC0401002A8205001A8006101A81C4000A80D
S21403FAD0084001A8448001A8845000A8082002A872
S21403FAE0100002A8733E00001CC101A820C001A894
S21403FAF0DC3E0000AC0002A81C1002A8204001A8AF
S21403FB00084000A8904000A8640000AA483E0000F1
S21403FB10382002A80C4000A80301070603010706C5
S21403FB200501060605010606030207060302070685
S21403FB300502060605020606FF2807D0032805D297
S21403FB40AC490978C140C807C00F7047002070470A
S21403FB50F8B58020000200908E48038808208E495E
S21403FB6008600A2201200124944000990C43A2490C
S21403FB70B6A5AD5C25438D60F025A04E3560864D59
S21403FB80B5A6B65C022737432F6004262E60814D48
S21403FB909B4E3668064008D12E88F61AB6B2012E5A
S21403FBA003D88E6C3603F3D401E00220F2BD8D6CCD
S21403FBB0CE6C6D036D0BAE4200D20094521ED2D5AE
S21403FBC008228E4B1A60009A8A608E4A1268520187
S21403FBD013D58D4B5A78541C012525405D701400AF
S21403FBE006256C431C190968A1800099E1801A70E8
S21403FBF080490B789040184308700020F2BDF1B599
S21403FC0082B0FFF75EFC00247E480068400102D401
S21403FC10012001901DE07D48826B00207A49C3B223
S21403FC2006256B43CB189B8895B2AB4204D0401C89
S21403FC30C3B2022BF3D3FF20087001200190714852
S21403FC400068400105D50878FFF776FF002800D046
S21403FC5001946F4800686F4988616F4D0298006889
S21403FC60296D4618002E15DD00F07FFD2860C001C3
S21403FC70301A00280EDDFFF729FC00F08FF80298F3
S21403FC800068296D401801F05BFA010002D0029962
S21403FC900C60FEBD614F8020800038605D4A1068AE
S21403FCA00226072829D005210840052805D011601B
S21403FCB00C2001F057FA01006AD1594D59482862C1
S21403FCC0FFF704FC2E60E020C002574908600002DC
S21403FCD056494860300678603E60012001F042FADB
S21403FCE0F0012862022001F03DFA902040012862CC
S21403FCF0022001F037FA700228624D4DE0204000E2
S21403FD002860042001F02EFA07003BD1474806601E
S21403FD10B002A862C001A86210203C490860012610
S21403FD20EE6540254348006828401BD135480068E7
S21403FD30400113D534480078694608706846007851
S21403FD40FFF7FAFE002809D02F48694609780622ED
S21403FD5051434018C0882D49086403E0FFF7F8FEB6
S21403FD6007000FD129480660C467022001F0FAF99C
S21403FD70314C2560A8002060022001F0F3F98120B1
S21403FD80C002A0620198002801D0FFF752FA38009B
S21403FD90FEBD0000703E0000889001A870B5FFF716
S21403FDA090FBFFF793FB022618480660234DF002EC
S21403FDB02862C4082C62012001F0D4F96008286286
S21403FDC02E601F482862E02040001B490860174D3C
S21403FDD02E60FFF737FA1B4E3078002800D0052038
S21403FDE00C490860FFF737FA2C6017480068706301
S21403FDF070BD0000843F0000448001A888A001A8CD
S21403FE00140002A8EC3E00005C3E00000C8001A833
S21403FE10F80302A83C0102A88C3F0000941002A835
S21403FE203C1102A8BD080000142102A8942002A8D1
S21403FE302C9001A84C0002A82CA001A83C2102A8E3
S21403FE40FD680000603F0000300002A800000001CB
S21403FE50010204081020200050505040404040301B
S21403FE6020202000F8B50400FFF730FB2948C02106
S21403FE70C900294A1268F823DB01134002D1274A36
S21403FE80116000E0016000942549AC2252008A64A8
S21403FE900A220A602349802252030A60224C626ABD
S21403FEA0224B13408022D2001A43626280222260D1
S21403FEB0022242605003C8601D48E0601D4E4C207D
S21403FEC0F0661D4D68699621C901471800980068B9
S21403FED0874200D30700C01B0099086000210098E2
S21403FEE0FFF78DFE00990968C919009A11603168F9
S21403FEF0296012490968490601D5114900E01149EC
S21403FF002161F2BD802000010F49086000010F49FE
S21403FF1008607047582102A8AC8001A8581102A8AF
S21403FF200C8001A8941002A8440102A8FFF1FFFF69
S21403FF30286E0600300002A8903F0000FC0302A8CB
S21403FF40CC3F0000C43F0000401002A8685000A841
S21403FF50F1B584B0BD4800680290BD48006B962199
S21403FF60C90140180499884205D2081A01F0E8F836
S21403FF70002800D027E2B74C6068C00700D522E20D
S21403FF800420B54988628003B4494862B4480068CF
S21403FF900090606B8607B60F1025032E02D0AE487E
S21403FFA0856222E0084669034162A26B920601D588
S21403FFB0012065E0009A12060FD5A36B02221340B8
S21403FFC00BD1A84B05271F60A76B2F403A431A6037
S21403FFD000221A60626B120A1A6004228262A06B05
S21403FFE0002802D59C4841620026606B400704D572
S21403FFF0606BC0002901084003E095488068C1078C
S21404000001D5FFF734FBC149009805220240052AB2
S21404001007D1BF48B2018018006AC004C00C401E55
S21404002008600020BB4AD26E12041AD5BA4A126877
S214040030002A16D4012201204969002911D0B749A3
S2140400400A700021B64A1160B6498D62C106B64AE6
S21404005091670722B44B1A600022B24B1A601A4604
S214040060D167B249C02292000A603302002801D048
S214040070100000E01800AE4D28604A606B60002057
S214040080E16B942292050A40150000D001258026D3
S21404009036022843000637D071482821405CC02128
S2140400A0014040290DD1FFF7B7F96948C06D0090AB
S2140400B06846FFF732FA002876D10098FFF783FAED
S2140400C001E0FFF7B6F9202020602D0600D17AE182
S2140400D0944D606B400708D570086049486202205A
S2140400E0E86200F05DFA002806D004205A498862C7
S2140400F040025A494862EE6259480078000600D425
S21404010061E130015449FFE00125606828404BD185
S214040110AE480068C005400F022803D0032801D06B
S214040120062802D169464D7005E0002069464870ED
S214040130A748A8494860680448498862FFF782F8D7
S214040140E06B064006D1FFF793F80221A24A11603D
S214040150FFF797F8FFF77FF8280320609F4EC0202C
S2140401600006706028049B490860606B4007C10F56
S21404017068460170E027FF023020029949072FD510
S2140401804021A54A11624901924A11660321A24AF6
S21404019091640021116030608E484565802070604F
S2140401A0062000F0DFFF002800D00CE1894D8020F7
S2140401B04000E866022000F0D5FF80204000974902
S2140401C0886618207060082000F0CCFF0028EBD169
S2140401D0242070609148C765A020C002286672E09B
S2140401E0E16BC90249D5C04949680902090E019163
S2140401F04909022901DB8A4901E0B3218900019AF1
S214040200302A3AD3124A1288E72A36D395235B005B
S2140402109A4205D89A1A12095143890A4B4204E0B5
S214040220804BD218120951438B0A5BB20199C91844
S214040230074A126B9446064AD26B53436246D21858
S214040240034B1A639F290FD39F2110E0FC0302A8D7
S214040250743F0000100002A81C2002A81C1002A86C
S214040260C43E0000E40000AA202900D821210A0286
S2140402700A4309041143274A11606749AA020A621D
S2140402809A4A8A6414220A60306052484565634874
S214040290C765A8034F49886640027060062000F0D0
S2140402A061FF002831D12D064A48C566022000F0B9
S2140402B059FF5A48856668097060082000F052FFA6
S2140402C0002822D17560032000F04CFF88481649A8
S2140402D0886700F04AFA874D401DC001296B47180D
S2140402E08548406F8021C90108400190084683492B
S2140402F00860049887421ED2296B401A00F020FF3B
S214040300002817D001987E4908605CE0204000A8C9
S2140403100C0000AACC4001A8784201A8723E000056
S2140403206C3E00003C5000A83C6000A8046100A895
S214040330045100A8049F206AE8620298400701D589
S214040340402003E0802080047060C00870600120B4
S21404035000F008FF802040001E490860380000F0C6
S214040360EFFE8B4E68460078002806D16248006887
S214040370F0618020C00387490860019860490860DE
S21404038085488649086025488021090141666946F2
S2140403904978002901D104210160206A6862684610
S2140403A00078002809D0012000F0DCFE3078000632
S2140403B003D58020000391490860E06BC00202D593
S2140403C049480068286305B0F0BD0000204001A835
S2140403D0040000FFB41002A87CE40350441102A8F1
S2140403E010B5FEF745FF864900240C600A22CA6150
S2140403F0FEF747FF8348C0218902016082494160B5
S214040400824810210160C905416540208049086082
S2140404108048047010BD0000400102A8B82002A85D
S21404042033070000D6FEFFFF7B48406B800300D4F2
S2140404307047F8B5794804680027002000257849F5
S214040440E20706D5C02080028025ED03EA0A0A608A
S21404045003E0A20701D4032040252843C8620120F4
S21404046000F080FE802040006E49086708206E4930
S21404047008606E490968090203D46D490968014099
S214040480FBD0012000F06EFE6A4EE00702D5802005
S214040490800430643564042000F064FE600702D5EE
S2140404A0E020C002F06064483064012000F05AFE88
S2140404B062483064C320000630645A4880214902EA
S2140404C001671021B163890271615D490F600122E1
S2140404D032603022F2638F62802189014E4A1160B5
S2140404E009010160F1BD0000F83F0000F3070000B9
S2140404F0FFFF7F7F743F000020C001A894E001A89E
S21404050094D001A8F8B54F4800680D270740042486
S214040510002F00D104274C481025660308214B4AB7
S2140405204B4B1B682340126814D04260394004D0F9
S2140405300220FEF7D7FD474806603C4007D04648F1
S2140405400068054344480560B00842490860022034
S214040550424915E00260394005D00220FEF7C2FD8C
S214040560A0023C4908603C4006D03B4801680D4365
S2140405700560700937490860384806603003294921
S2140405800860FFF751FF00210020FEF73EFDF1BD95
S214040590C43E00001C1002A803000300482102A861
S2140405A010B580202E490A6802400AD02D4B1A68DE
S2140405B00624144005D15C6E2B4A22401B6D9C0118
S2140405C001D5002010BD096808400DD02748824296
S2140405D003D1180501D5012010BD25480068C107C0
S2140405E0C90F481E8041C00F10BD22480321C163B5
S2140405F0A821816310210160704700001C2002A816
S214040600D80000AA402002A804000080646000A865
S2140406102C4000A8723E0000100002A8FC0302A8AA
S2140406201C1102A8442002A84C6201A8C44001A8D8
S2140406304C4201A8082102A8240000019800880062
S214040640600102A8B44000A8E43E00001CC101A852
S214040650440002A8401002A8683F0000685000A8A2
S214040660400002A814C001A81F1F0000010C0000CF
S21404067030C101A8082002A86C480068012108427D
S21404068009D16B4A12686B4B000C1840F03291404B
S2140406900B40984201D00220704700207047F8B5FE
S2140406A007000F386A461080604CA0680A0004D120
S2140406B06B461B8882B29A423AD200226B461A8054
S2140406C0012502263A0013D02268324007D00029BA
S2140406D02ED059480088401C57490880002039000D
S2140406E0E16056490E6080B2B84201D369460D8077
S2140406F05348456000E030BF2068304003D1FFF720
S214040700BBFF0028F7D04D484560390010D021685B
S214040710314005D048490A886B461B88D2180A809F
S21404072006600020E060A068B84201D24448066033
S214040730FFF7A2FFF2BD38B5050000F0A5FF0400E0
S214040740012199204543A8093E4A126880181238A8
S21404075080B2FFF7A4FF05008020C0013A49086074
S214040760200000F095FF280032BD33480388354941
S214040770096802889342F9D1100408187047FEB538
S2140407801238070C6946088000F07EFF0190274C5B
S214040790294D2888B8421ADA01202C490860274EC9
S2140407A030BF02202168014006D03060400326494D
S2140407B008602888401C2880FFF75EFF010002D1ED
S2140407C02988B942ECDB0121716000280DD1288804
S2140407D0B8420AD1A06869460988884205D2002131
S2140407E068460088FFF75BFF01E0FFF745FF04005B
S2140407F08020C00114490860019800F049FF2000D9
S214040800FEBD10B512490A680E4B1B680C6894426C
S214040810FAD0DB014033141A02D288692418641C07
S2140408200C4800684443181B10BD0000280002A8AA
S21404083004ED00E0FF3F0000703E0000282002A800
S214040840281002A8300002A880E200E02C1002A8BB
S21404085020C001A8B43F0000F0B502E00A601C60A6
S2140408602E607EC84F1C07D05F1C04D06F1CF5D1C9
S2140408700A601C60F0BD0A60F0BD00000006800F30
S21404088070479D4909684143880B70478A48006849
S2140408900104C80F704788480168090407D58749CA
S2140408A00A68964B1A604A6842618868C86070474E
S2140408B080B5FEF7DDFC0120814908708148006898
S2140408C0022808D28E480068F02109050140C0209D
S2140408D080048142F2D08B480068C01C8A490143D8
S2140408E08A48016001BD8A48884908600020894911
S2140408F0086080218902884A11607149087070472F
S214040900F1B582B00F001400C006000E0090103837
S214040910912827D2FFF7BAFF002823D00025012606
S2140409200298FFF7ABFF002802D0022804D004E0A8
S2140409307A480068304000D001252600784C3800FC
S2140409400C30FFF79EFF8019206000983818FFF7D8
S21404095098FF80196060C0208001724908602803EF
S21404096071490860F7BD6D4800780621014001D141
S21404097000207047B848006802288041C00F7047BE
S214040980F8B56A4C634A0421C0239B04F0252D0560
S2140409905B4E2069084204D0107C8006C10F4900D3
S2140409A020E0800720D5D068042803D23068284089
S2140409B09842F8D0107C0007000F072814D1507C0A
S2140409C0022811DD907C8006800E02280CDBD07C89
S2140409D0009007460F4207D0C00700D50A21B80783
S2140409E000D5891D002904D1FFF77DFF0020A061F2
S2140409F0F1BD481CD768874203D237682F409F4210
S214040A00F8D09648405CA061C300F821194002D093
S214040A108023DB04136049005160A168002932D1A9
S214040A200102F82252010A406168914200D20A008B
S214040A3023681D1F8A498B61AA184A61864A13686F
S214040A40002B01D1BF2600E09326304B1D68676952
S214040A50BF00BF0BF6193603AD05AD0D35431D605B
S214040A6080235B010B60810908D11168002901D13C
S214040A70282200E019220021FFF742FF207C00070D
S214040A8001D40120A060F1BD80B5FFF76CFF0028FB
S214040A9011D01A484168002903D0724A1160002117
S214040AA0416007480078002805D0FFF71CFF1C4863
S214040AB06D490160416001BD584201A8983E00009E
S214040AC0743E0000D04000A880B5FFF74CFF002815
S214040AD011D0062065490860002065490860F020AA
S214040AE000016449086080204000634908600C489F
S214040AF05D490160416001BDBC3E0000403E00000F
S214040B000C0002A8204000A800F0FF3F544201A8B1
S214040B10FFF3FF3FC44000A84C6201A8B83E0000A3
S214040B205C4201A8586201A8585201A8A83E0000D9
S214040B30F0B581B00400A0031CD54748006800281F
S214040B4000D081E0474801684C4A5160CAB2FF238E
S214040B509943D30702D5EC23DB02C91852080A438B
S214040B6002600E2000F0FEFA082045490860C00323
S214040B704449086044480168444D09043FD56969FE
S214040B804161FEF775FB3D490A68531C6A68934247
S214040B9000D32B681E78B706BF0E5B1C934200D3A7
S214040BA02B68BC461E78B701FC2636013E406746D5
S214040BB03E435B1C934200D32B68B4461E78360330
S214040BC0FC27BF023740664637435B1C934200D37C
S214040BD02B68BC461E78B704FC2636043E4067469F
S214040BE03E435B1C934200D32B681A781706FC22FC
S214040BF092053A4032430B606A61FEF742FBA00757
S214040C0027D58020C0021F490860FFF7ACFE0028E5
S214040C101FD0686AC0B2002802D006211C4A1160A0
S214040C20810916D01B490A68012AFBD949680905B7
S214040C30090D091DC900084A1268012A00D149088D
S214040C40002A03D1282202E00C208BE71922FFF7A2
S214040C5057FE01B0F0BD00006C3F0000D44000A871
S214040C602C4000A8EC4001A8FFFF0300846201A802
S214040C70504000A80C6000A80C5000A8403E00009D
S214040C80846000A84C6201A8584201A8903E000067
S214040C90845201A81C4000A880B5FEF723FA012060
S214040CA07E49086001BD80B5EB2000F001F801BD67
S214040CB030B57B490B6818401022134210D0794B8C
S214040CC0794C2468224008D0A94A14682402FF25D7
S214040CD02D022540DD6200241460802252031A602F
S214040CE0086030BDF3B5010016001C000025009511
S214040CF0A048019A330000270BE0BC464F5D4743EB
S214040D00AE009E597E40575D47433740664637439C
S214040D106D1CA542F1D3390939438A080A435108A0
S214040D2011430840C10901430F208A0B0A430240BD
S214040D305040F6BDF1B582B00E0000208C49086024
S214040D408D4DEF7AA87A01900F21394000910ED08C
S214040D500B468A4A8A490298FFF7C4FF0199014064
S214040D6083480160874841438748084001D10124ED
S214040D7000E04401380915D032003B0929000298E6
S214040D80009E6D7A75194019FFF7ACFF0199091199
S214040D900140774802680B0113430360002901D021
S214040DA04800444379480068204001D10420FEBD31
S214040DB00020FEBD80B50A000021118074495288C7
S214040DC08018FFF7B7FF02BD70B50F22714B5C7930
S214040DD005780F202040C540200928409C79C4404F
S214040DE0E40701D4032070BD2F4C2468A50705D55D
S214040DF09D684600AD5B6D1E674E3560DD78DE7916
S214040E00C640F00711D5E0060FD5002D0DD0634877
S214040E1048600888488008881C7800192A4080188A
S214040E205A7880182A09801800E0002008800020DC
S214040E3070BD80B55A4801685A4A0820014201D05C
S214040E4050611061C90602D5862109011160564910
S214040E50564A126812040CD5554A1268530401D532
S214040E60C00305E0C0239B0113404202934200D016
S214040E7008600D480078C022024002D18020400558
S214040E8008604C4800682022104008604A48006801
S214040E90C00101D4FFF707FF01BD00002C4000A8E5
S214040EA0703F00001C1002A8C43E0000F8B5434F73
S214040EB038687E68064042483040424908608024CC
S214040EC0A403414DF00228D540480168080606D51B
S214040ED03F480068A86001202870022015E0012021
S214040EE0014202D03B49A9600FE00020C9060CD598
S214040EF02A49A960384A91780B071B0F12789A186A
S214040F0009095118A980E880A888A880A88800281C
S214040F1001D0264301E0FFF7C6FE264026D0294E20
S214040F2074603460A88800280ED0F96981420BD317
S214040F30291D2A48AA6890470100F3D0FEF7D2F884
S214040F40012027490860F1BD01000CD0FC2189026C
S214040F50B161244902038A6134604C60FA698242B2
S214040F6004D30C60F1BDEB20FFF7A2FEF1BD000038
S214040F704C3E0000010101013C3F0000F43E00002D
S214040F80343F00001111000021840000F03E0000F0
S214040F90143F0000443F0000204000A8292300001E
S214040FA0F84F0000302102A8441002A8384101A8D6
S214040FB0204201A8084001A8CC4000A8B44000A8DC
S214040FC0FFFFDFFFB46000A8503E0000C43E0000F0
S214040FD0B03700003D230000453F0000D44000A881
S214040FE02C4000A8B45000A8FEB5C020C004364962
S214040FF0086036483649C865102436480460102010
S21404100000F0B0F801005ED1FF2000053249086008
S21404101032483349086033482D49086025042E4871
S214041020056031480768082000F09CF801004AD1A2
S21404103008262E480660012000F094F82A488068A6
S21404104002902B4806602B48214908602248056018
S214041050082000F087F8010035D1244806600120F6
S21404106000F080F8204DA868019021480660184ECC
S214041070214830600299019800F046F80104FC20EB
S2140410808003084000900298C10B0198C00B00F042
S2140410903BF80006FC2189050140009801431748E7
S2140410A00A0C4240FF239B1CD218104008433060B1
S2140410B02F60E00308490860286828601048046028
S2140410C0104981640020FEBD20E000A8F717000048
S2140410D02C0102A8401102A8B02002A80000380E75
S2140410E0B01002A810103030E04001A8E05001A86B
S2140410F0E06001A830301010202020203F3F000080
S214041100402102A8F7FFF00010B54904CA104004B5
S214041110C310991A00209A18D30F9A18521052180E
S2140411208B115B0E5B18DB11D2182023541A01D4E2
S21404113022001843CC0F611849105B08F6D110BD85
S21404114010B5C409FFF711FB201A312806DAC000CF
S214041150183801D4C01EFDD5002010BD2000FFF7AE
S2140411600EFB10BDC32148436F3801D41E38FDD58D
S2140411700020704710B5C20018231340FF249C407B
S214041180E2438907090E9940030004D476489B0875
S2140411909B00C01806E0B04B0007000F0838800814
S2140411A08000181803681A401143016010BD80B50A
S2140411B07B225421002000F021FA01BD10B500F076
S2140411C063FA0121694A1160694B6A4A13606A4AE4
S2140411D013600323694C2360694C2360694B1960D0
S2140411E0694B196080239D4C2360D16000F050FA4F
S2140411F010BD00F049FA05000024012160B2FFF793
S214041200B9FF641C0E2CF8D301210F20FFF7B2FFA0
S21404121001211120FFF7AEFF01211320FFF7AAFFDB
S21404122001211720FFF7A6FF03210120C043FFF783
S214041230A1FF01211B20FFF79DFF01211C20FFF7C2
S21404124099FF01211D20FFF795FF01211E20FFF7BE
S21404125091FF01211F20FFF78DFF6E486E4908603D
S2140412606E48C16AC1620168016002206C49086068
S21404127001208549086047046A4C20683840FCD041
S214041280FDF7C7FF280000F003FA754D0AE00028B2
S2140412901BD0FDF7EDFF18E020683840FCD0300086
S2140412A000F0F6F9206D0004000F022801D1FEF7C5
S2140412B06FFB00F0E9F90600FDF7EAFF0028A878BE
S2140412C0E5D0002801D1FDF7DCFF0120697800296C
S2140412D009D12978002905D16C490968890601D401
S2140412E04F49086030BF0021697029780029D6D19B
S2140412F002214B4A116064490860CDE764480168DE
S21404130042680A40634810401A490860800703D5BB
S214041310A0480188491C0180704770B55E48016882
S21404132040680840000E00065C4980221205104200
S21404133018D05B4B1C68641C1C605A4C5A4D2D68B4
S2140413402D0407D5A568002D04D007250D600125BA
S214041350A74E3560402525601B68012B02D9102353
S2140413608B62CA67886770BD00E400E0040002A8C8
S2140413700000FF3F282002A82C1002A840E002A884
S21404138044C002A804C001A8044001A8F8B5824CD1
S214041390206B616B01400091964D084628600098CA
S2140413A09549014001D0FFF7C3FB80200099014016
S2140413B01CD0F821C90123680B4017D0C0221201A3
S2140413C0934213D880231B06EB6226680E40944F84
S2140413D03F683F043F0F022F01D0032F03D1002E96
S2140413E001D09642F1D38F490B6028608E4800786E
S2140413F006280DDA0098CC218901014008D000F0B7
S21404140043F904000098FDF735FC200000F040F98D
S214041410F1BD0000FFFF9BF800E100E0E04001A8FA
S2140414205C2002A85C0002A810B5804801684468E5
S2140414300C407F48046080210C4205D041607D4802
S21404144001600020FDF716FC600403D580204005EB
S2140414507949086010BD00001CED00E0505201A858
S214041460723E000038B57548016844680C40E007D1
S21404147007D500F009F90500FDF792FC280000F0F6
S21404148007F96F48046031BD5C1002A8F40302A893
S214041490280002A8FFFF00C0B44000A83C6000A8D3
S2140414A06C3E00002C4000A8384101A8FEB5654CEF
S2140414B0206C666C064001273E4216D03D06624804
S2140414C00560206861490F60002802D00021FDF7FE
S2140414D02BFE5F480068A021C90188428041C043B2
S2140414E0C00F5C4988705C480560FDF7C1FE029039
S2140414F002210E4049D06068C2B20192000A0090F0
S21404150008224B4B4C03554D0020019E012E27D03C
S214041510022E38D1009E012E24D1EE790096504E2C
S2140415202F780C2047430020F05128784005902758
S2140415307F04C719032038434A4F38601C604A4862
S2140415400460301D2B780C246343484C2468009FA9
S214041550E419C45028780C2358433150444811E009
S2140415600091DCE7002E0ED1424E37603C4E361D0D
S2140415702D780C277D4370515C601C60C8043E4B7C
S21404158018603E480260314801600298FDF779FE13
S214041590F7BD0000703E00001C4201A870B5FDF7C0
S2140415A067FE040000F070F82E490A68D20718D5C2
S2140415B02B4A121DFA239B015D790C267543565956
S2140415C02A4D2D681E60CE689E604968D9808021A9
S2140415D0C9041D4E3160197B69185B790C256B4371
S2140415E0D15000F055F82000FDF74BFE70BD00000A
S2140415F03C5000A84C6201A802000600002800D057
S214041600704710B50C00FDF733FE1D490C6001222F
S2140416101C4B1A600B6C1340FCD1FDF732FE10BD58
S214041620AC0002A8785201A8343E000090C001A87D
S21404163090E001A80CC001A804ED00E090C000A84A
S21404164090E000A800C002A8401002A840E002A84B
S214041650404000A8723E0000402002A8853E0000DC
S214041660300000A860C101A894D001A8200000A8FA
S214041670F42302A860E101A880E200E0F41302A8C3
S214041680008002A8409002A8EFF3108072B670475C
S214041690002800D162B6704780B5FDF731FEB34826
S2140416A0006800030AD4FEF75DF8FEF7BDFEFDF7FA
S2140416B0CAFF0120FEF794FEFEF770FB802080052B
S2140416C0FDF7CEFD01BD80B5FDF71AFE8020400271
S2140416D0FDF7C6FD01BDF8B5FDF7B4FD0520984934
S2140416E00860FDF7B8FDFDF7ECFEFDF709FEA0481F
S2140416F0016800919F4B406818609F4801688A05FE
S214041700D00F0022012421420FD000929B4D6E6818
S2140417101E602E689A4B1F68BD1BBE4202D39F698B
S214041720ED196D1C974FBD42F5D3974D2A600028DE
S21404173003D00098FDF76EFB00902868204004D183
S2140417406846FDF7EAFE002802D10098FDF73BFF45
S214041750AA4804606004FDF783FDF1BD38B5A84CC3
S214041760E06BC00506D580200006206000BF00BFE1
S21404177040082060FDF792FFFDF7C2FDFDF7F4F97F
S2140417800500A048A0490860FFF785F88020C0023D
S214041790FDF766FD002D01D08020206001209B49C6
S2140417A0087031BDF8B5FDF7ABFDFDF74BFD02241F
S2140417B09348C06B000405D4FDF75AFD94490C60A9
S2140417C0FDF75FFDFDF747FD1020C0439149086013
S2140417D000258B48856390480560FFF7C4F807002A
S2140417E0FB26B601002F02D0FFF762F800E0356052
S2140417F02C20305C0521014002D0FDF70DFE01E0EF
S214041800FDF717FEF06A044002D001207C49086008
S214041810FFF70FFB002F01D0FFF7B2F8802000037C
S214041820FDF71EFDF1BD80B5FDF76AFD4F48006863
S214041830000303D4FDF707FFFEF7B0FA8020400349
S214041840FDF70EFD01BD38B5FDF75AFD6C4C20259D
S214041850FEF7A6FE002806D0206B000704D5FEF788
S214041860C4FEFEF74FFB2560FDF7EDFEFEF796FA85
S214041870BD4800780C210140042902D1FDF7CCFDB7
S21404188001E0FDF7D6FD6804FDF7EAFC4020206081
S21404189031BD1CB5FDF7D6FC052029490860FDF7C7
S2140418A0DAFCFDF72DFDFEF7A0FEB04800680090B8
S2140418B06846FEF7D7FA0400FEF7EDFF002C02D1C7
S2140418C00098FEF745FB80204004FDF7C9FC13BDD5
S2140418D0F8B5FDF715FDA64C256A5020284002D021
S2140418E0FDF79AFD01E0FDF7A4FD454FFEF758FE0F
S2140418F000281BD1786B40071DD4386BE0214901C2
S214041900014018D1A80611D4FDF79CFC256A994E0F
S214041910354207D0FF20C0432D18256280200005DD
S21404192095490860FDF797FC2E4002D001203860E8
S21404193001E00020206080208004FDF791FCF1BDCA
S2140419403C1102A880B5FDF7DBFCBC4800684006E5
S21404195001D5FDF778FE0120FEF742FDFEF71EFADC
S2140419608020C004FDF77CFC01BD00000C0002A82A
S214041970B83F0000483E0000400002A8D03E0000E9
S21404198020C001A801FF00003C3E000010B57648C8
S2140419900468FDF7B5FCAA490968090328D403219D
S2140419A0C00601D5214001E0A0080140012902D16A
S2140419B0FDF732FD0BE0200107D50E20FFF76CF98A
S2140419C0A0480421016008210160FDF732FD9E4C09
S2140419D020699E490860FEF75EFF2068002807D04D
S2140419E04000122802D2FFF7BDFB01E0FEF7A3FE7B
S2140419F080208003FDF734FC10BD0000402002A8C0
S214041A00100002A870012000B46000A8733E000015
S214041A107CE40350442002A84C3E0000F8B584B091
S214041A2001266846067000270297FDF769FC0390B6
S214041A30834C2068000300D58FE00320A449C863C4
S214041A40A4480068A44D0F210F220240032A03D0A5
S214041A50000B014006294DD1A0480068A0498E6DB0
S214041A60E16B890701D59E49CE6DFEF7CAFE86193D
S214041A70FEF779FF00280ED02879C1060BD0286817
S214041A80090D4143890B761895490968002902D146
S214041A900002400C3618002E01D5019700E001968E
S214041AA0606B0107C80F03212A6B0A40022A1BD168
S214041AB0039AD20618D5AA68D30513D5A66B894B04
S214041AC01E409E4203D11021814AD1630CE0920548
S214041AD00AD4E26B2823134006D16B461F70264AAD
S214041AE0116001E06A461770029068460678002E78
S214041AF003D10FE07A48406D0190FEF751FD0028AF
S214041B0008D0FEF772FD0298002802D0FEF7FAF914
S214041B1000E0002602206E490860002E10D0302017
S214041B20285C0C210140042902D0A06BC00602D513
S214041B30FDF772FC01E0FDF77CFC202060600CE001
S214041B40FDF781FD01A8FEF78DF90400FEF7A3FE5C
S214041B50002C02D10198FEF7FBF980200004FDF763
S214041B607FFB05B0F0BD0000EC3E0000CC3F00005B
S214041B70CC3E000000FFFF00441002A8FEB500247F
S214041B800194FDF7BDFBFEF786FE574EF06E574DEB
S214041B900007000F072807D17068002804D4002027
S214041BA0FEF71EFC286841E001210320504A7368B2
S214041BB05B070BD44F4B1B680B4007D01368DF053D
S214041BC00BD55B0502D43368DB0503D40191916A17
S214041BD0890904E01021484B1960916A09090840F4
S214041BE000900020FEF7FCFB0098002805D17068E2
S214041BF0C00602D4FDF71DFC01E0FDF70DFC002035
S214041C000199002903D13D480068FEF7FAFD696989
S214041C10401801D5009400E000906846FDF77DFC6E
S214041C20002805D10098FDF7CEFCA869074908608E
S214041C3080200005FDF714FBF7BD0000440102A850
S214041C400C0002A880E200E0AC3F0000483E000022
S214041C50F8B5FDF755FB002400252948066B8027B8
S214041C607F05300606D5300709D5FEF7BEFCFEF71D
S214041C7049F929E001251F480068284019D00020AA
S214041C80FEF7AEFB0220064002D01E490C60C86177
S214041C901D480468002D03D02000FDF74FF904000A
S214041CA0FEF7A3FC2000FEF753F93800FDF7D8FA38
S214041CB0F1BD16480078C0210140402902D1FDF745
S214041CC0ABFB01E0FDF7B5FB20200D490860ECE70F
S214041CD0082002A8AC0002A8BC3E00000CC101A863
S214041CE06C3F000010000010400002A8BC3F00003B
S214041CF0C43E0000B44000A8441002A81CC101A8B9
S214041D00100002A8180000AAD83F0000EC3E00000D
S214041D10FFF754FA024803494860FFF76AFA00BF1F
S214041D20672700000000000080B5EFF305800B284D
S214041D3001D23A2100E029218C2252000020FFF72C
S214041D405DFCFEE70426040000000000BC1D040041
S214041D50010000000000000000F049020426040010
S214041D6000000000E01D0400010000000000000068
S214041D7000F049020426040000000000041E0400CB
S214041D80010000000000000000F0490204260400E0
S214041D9000000000281E04000600000000000000EA
S214041DA000F049020426040000000000001F04009E
S214041DB0010000000000000000F04902241F040097
S214041DC0809C2B8F80841E00000000002700FF7F6D
S214041DD0100C002000000000B029040000000000E1
S214041DE084200400809C2B8F80841E00000000004A
S214041DF02700FF7F100C002000000000B02904001C
S214041E0000000000E4210400809C2B8F80841E00C8
S214041E10000000002700FF7F100C002000000000D8
S214041E20B02904000000000044230400809C2B8F8B
S214041E3080841E000000000022002C01100C0020EC
S214041E4000000000B0290400000000004423040041
S214041E50809C2B8F80841E00000023002300B60085
S214041E60100C002000000000B02904000000000050
S214041E7044230400809C2B8F80841E0000002400D2
S214041E8024009D00100C002000000000B02904006F
S214041E900000000044230400809C2B8F80841E00D6
S214041EA00000250025007D00100C00200000000026
S214041EB0B02904000000000044230400809C2B8FFB
S214041EC080841E000000260026003A00100C002025
S214041ED000000000B02904000000000044230400B1
S214041EE0809C2B8F80841E000000270027002C0176
S214041EF0100C002000000000B029040000000000C0
S214041F00A4240400809C2B8F80841E000000000004
S214041F102700FF7F100C002000000000B0290400FA
S214041F2000000000FC4F01032028040010400100BC
S214041F30004100003C400100000000004840010051
S214041F402007040050400100000000005C4001002F
S214041F500D0F000004410100FF4C00002040030167
S214041F60000000861FC00100002000003840010168
S214041F700000000058400401180005004008000056
S214041F80090000009200040080400F018C002C021F
S214041F90000000001200120000808C1900000000EF
S214041FA00002050E1C2F43536269686155433204D0
S214041FB016100E0E0D0C0A0807060504030302028B
S214041FC00201010101010100EC40010180B0B18C65
S214041FD0FC4003019C200B00055B60804737414AA8
S214041FE00C410301B85512002A1949290908404032
S214041FF028410101FFDD0000384107014CD4E83BCD
S21404200004196F10080E141A20262C32383E10328B
S2140420105476980A1D00000070410101C0030000B8
S214042020344201010008000E4842010158AA1EC0AD
S2140420307842010100000080388001011149100037
S2140420409C800301EB40020070380300D0000000BF
S214042050A8800111F0010000A8800131055AFD0195
S214042060AC800111F0010000AC800131053EFD009A
S214042070E40001026C2C511154010102C43F00001B
S214042080FFFFFFFFFC4F010370280400104001000F
S214042090004100003C4001001000000048400100E0
S2140420A02017040050400100010400005C400100B9
S2140420B00D0F00000441010003C00100204003018D
S2140420C0300000461FC801000020001038400101FF
S2140420D000000000584004011800050040080000F5
S2140420E00900000092000A0080400F018C002C02B8
S2140420F000000000120012005B808C1B0000000031
S2140421000002050E1C2F435362696861554332046E
S21404211016100E0E0D0C0A08070605040303020229
S2140421200201010101010100EC40010180B0B18C03
S214042130FC4003019C200A0001612080B75635123A
S2140421400C410301B8551200A01B0429088840401E
S2140421502841010100000000384107014CD4E83B47
S21404216004196F300A10161C22282E343A401032F6
S2140421705476980A1D5F80A4704101010000000097
S214042180344201010008000E48420101F4811F0098
S2140421907842010100000000388001011149100056
S2140421A09C800301EB40020070380300D00000005E
S2140421B0A8800111F0010000A8800131055AFD0134
S2140421C0AC800111F0010000AC800131053EFD0039
S2140421D0E40001026C2C511154010102C43F0000BA
S2140421E0FFFFFFFFFC4F0103C0280400104001005E
S2140421F0004100003C40010010000000484001007F
S2140422002007040050400100000400005C40010068
S2140422100D0F00000441010003C00100204003012B
S214042220300000461FC8010000200010384001019D
S2140422300000000058400401180005004008000093
S2140422400900000092000A0080400F018C002C0256
S21404225000000000120012005B808C1B00000000CF
S2140422600002050E1C2F435362696861554332040D
S21404227016100E0E0D0C0A080706050403030202C8
S2140422800201010101010100EC40010180B0B18CA2
S214042290FC4003019C200A0001612080B7563512D9
S2140422A00C410301B8551200A01B042908884040BD
S2140422B02841010100000000384107014CD4E83BE6
S2140422C004196F30080E141A20262C32383E1032A9
S2140422D05476980A1D5F000070410101000000005A
S2140422E0344201010008000E48420101F4811F0037
S2140422F078420101000000003880010111491000F5
S2140423009C800301EB40020070380300D0000000FC
S214042310A8800111F0010000A8800131055AFD01D2
S214042320AC800111F0010000AC800131053EFD00D7
S214042330E40001026C2C511154010102C43F000058
S214042340FFFFFFFFFC4F01031029040010400100AB
S214042350014100003C40010000000000484001002C
S214042360A007040050400100000000005C4001008B
S2140423700000000004410100FF4C0000204003015F
S214042380000000861FC00100006000003840010104
S21404239000000040584004016402FF0040080000AA
S2140423A0010000009200080080400F018C000C021F
S2140423B000000000D7032200000000000000000018
S2140423C00002050D1A2D3F5060686963574635258F
S2140423D0150D090807060505040404030303030290
S2140423E00202020201010101EC40010190382C8C2A
S2140423F0FC4003019C200A00055B58804737414A8D
S2140424000C410301B85552002A194929893B40401A
S21404241028410101FFDD000038410701E853FA00B6
S21404242000000000000000000000000000000000A3
S214042430000000000000000070410101C10300001C
S214042440344201010000000E4842010158AA1EC091
S2140424507842010100000000388001011149100093
S2140424609C8003010000000070780300FFC0020097
S214042470A8800111F0010000A88001310542CB01BB
S214042480AC800111F0010000AC800131050A0D009A
S214042490E40001026C2C511154010102C43F0000F7
S2140424A0FFFFFFFFFC4F01036029040010400100FA
S2140424B0014100003C4001000000000048400100CB
S2140424C0A007040050400100000000005C4001002A
S2140424D00000000004410100FF4C000020400301FE
S2140424E0000000861FC001000060000038400101A3
S2140424F00000004058400401C804FF0040080000E3
S214042500010000009200040080400F018C000C02C1
S21404251000000000B60322000000000000000000D7
S2140425200002050E1C2F435362696861554332044A
S21404253016100E0E0D0C0A08070605040303020205
S2140425400201010101010100EC40010190E82B8C1D
S214042550FC40030190200A00055B58804737414A37
S2140425600C410301F56252002A194929893B40406F
S21404257028410101FFDD000038410701E853FA0055
S2140425800000000000000000000000000000000042
S214042590000000000000000070410101C1030000BB
S2140425A0344201010000000E4842010158AA1EC030
S2140425B07842010100000000388001015525100012
S2140425C09C8003010000000070780300D000000027
S2140425D0A8800111F0010000A88001310542CB015A
S2140425E0AC800111F0010000AC800131053EFD0015
S2140425F0E40001026E2C511354010102C43F020090
S214042600FFFFFFFF0C400100018101002040020093
S214042610000000000100000030400300000000003D
S214042620000000000000000040400200000000001F
S214042630004000006040010001010000A8400100C5
S21404264007000000BC40040000000000000000007A
S214042650000000000000000008410300FF4C0000DA
S214042660FF4D0000FF4D000020C0011000F80700D9
S21404267020C00130F502080024C008000013000042
S214042680EC80B38343754051A00F004830400000EF
S21404269000000000000000002E02000050C00400ED
S2140426A0511130040E2D09E654060708D1B602006F
S2140426B064C00A000430001C403018090D647920F8
S2140426C0EBFCFB017FF6E803BD4B721511A318055E
S2140426D010325476980A0000000000000800010139
S2140426E00807000018000101AAAAAA002000010198
S2140426F00060DA001C400101100000002C400301B9
S2140427000080000000000003000000006840020192
S2140427102941767100000000BC4002010000000060
S21404272000000000E040020133000000000000004A
S214042730F4400201640483078813C83A2441010163
S21404274000000000304102016406660C0C01000023
S2140427505441010101010000684102016404830739
S2140427608813820030420101000000003842020152
S21404277000000000000000004442010100000000C8
S214042780544209010000000000003C000000000064
S21404279000000000555555551700000000000000C5
S2140427A000000000AAAA06007C4202010000000005
S2140427B00000000010800101030000003C800101BD
S2140427C001000000B080020100030002370000018F
S2140427D098000202000C00044C000000A400010251
S2140427E000040000D0000202050040AA8801000090
S2140427F0F4000202000000003D210811FC00011252
S2140428003F000000FC0001320054040030010102C5
S214042810600051026801010200040000FFFFFFFF90
S214042820100000000000800000000000442A04009D
S214042830082A040000000000802596000048E801ED
S21404284040420F000108F500114950020000000044
S214042850B229040000000000000000000000000090
S2140428603D420F00000000000000000000000000D1
S214042870100000000000800000000000442A04004D
S214042880142A040000000000802596000048E80191
S21404289040420F000102F5001149500200000000FA
S2140428A0B229040000000000000000000000000040
S2140428B03D420F0000000000000000000000000081
S2140428C0100000000000800000000000442A0400FD
S2140428D0202A040000000000802596000048E80135
S2140428E040420F000108F5001149500200000000A4
S2140428F0B2290400000000000000000000000000F0
S2140429003D420F0000000000000000000000000030
S214042910100000000000800000000000442A0400AC
S2140429202C2A040000000000004786000048E80146
S21404293080841E000101F5001149500200000000C9
S214042940B22904000000000000000000000000009F
S21404295054841E0000000000000000000000000078
S214042960100000000000800000000000442A04005C
S214042970382A040000000000841743000024F400F2
S21404298040420F000101F5005525500300000000E9
S214042990B22904000000000000000000000000004F
S2140429A038420F0000000000000000000000000095
S2140429B003000200000000F049020614000000E0D4
S2140429C0930405380000A00800000000580901041C
S2140429D00706100A01040707C80A00040807800B44
S2140429E000040808380C0004090861080000000008
S2140429F0680800000000C709010404032C0B010446
S214042A000404920C0104050450C30000E62D0000E3
S214042A10D0070000E5BF000010270000C201000038
S214042A20F5DA0200102700002C01000050C3000055
S214042A3050140000FA00000050C30000FC210000FF
S214042A40B3010000193F010604100100000101064D
S214042A5000102700000C000000000000000000002A
S214042A601C0C002000000000000000000000000015
S214042A70000000000000000000000000000000004D
S214042A80000000000000000000000000000000003D
S214042A90000000000000000000000000000000002D
S214042AA0000000000000000000000000000000001D
S214042AB0000000000000000000000000000000000D
S214042AC00000000062675F6D65737361676520725E
S214042AD06563656976657273006267627566006130
S214042AE0636C006C6C5F636F6E6E656374696F6EA7
S214042AF0006C6C5F6164765F736574006761705F19
S214042B00636F6E74657874006C6C5F76616C696470
S214042B1061746F72006D6573685F70726F765F6460
S214042B20620062675F6D65737361676500736F66E5
S214042B30745F74696D65725F6D6573736167650054
S214042B40666F756E646174696F6E5F636D64006C46
S214042B506C5F6164765F73796E63006C6C5F73633D
S214042B60616E5F73796E63006761705F706572692A
S214042B706F6469635F616476006761705F70657235
S214042B80696F6469635F73796E63006C3263617046
S214042B905F636F635F6368616E6E656C006D65731B
S214042BA0685F70726F765F64625F6170706B657980
S214042BB0006D626564746C735F636F6E74657874BD
S214042BC000000000D92A0400DF2A0400E32A0400D7
S214042BD0F12A0400FC2A0400082B0400152B040028
S214042BE0222B04002D2B0400402B04004F2B040042
S214042BF05B2B0400682B0400792B04008B2B040049
S214042C009D2B0400B12B040062676275665F696ED3
S214042C100062676275665F6F7574006267627566E8
S214042C205F6E6F666C6F770062675F6D616C6C6F6A
S208042C306300000034
S20C042C3474F6FC7F01000000A9
S210042C3C482C0400C00A0020160100000A
S214042C48020000001D300100E812002088E003009E
S214042C58A0E00300B8E00300E8030000C0EA21018E
S214042C68C0EA210100F0490200800000382C002048
S214042C78180F0020F80A002000C0040000A0000076
S214042C88E8160020C8000000FE000000000000004F
S214042C983CE10300A0000000BD6F010045CF03001F
S214042CA820000000000000000000000000000000F3
S214042CB800000000000000001527020000000000C5
S214042CC80000000000000000F903020000000000F5
S214042CD80000000000000000C90E0200000000000A
S214042CE80000000000000000951D0200000000001F
S214042CF80000000000000000E3800300000000005D
S214042D089D220200000000000000000000000000F1
S214042D184D22020000000000000000000000000031
S214042D288D2302000000000000000000292E020087
S214042D380000000000FFFFFFFF000000C9A1030019
S214042D48CDA10300D1A10300D5A10300FFFFFFFF17
S214042D584FC503009CE90300FFFFFFFFA8E9030033
S214042D683FC903003BC90300FFFFFFFF4BC903002D
S214042D78FFFFFFFFFDCC030053CD0300FFFFFFFF5B
S214042D88FFFFFFFFFFFFFFFFFFFFFFFF23270000F4
S214042D98FFFFFFFF000000001C0C002000000000DE
S214042DA8842A0400A42A0400642A040000000000FC
S214042DB80000000000000000000000000000000002
S214042DC800000000000000000000000000000000F2
S214042DD800000000000000000000000000000000E2
S214042DE800000000000000000000000000000000D2
S214042DF800000000000000000000000012000400AC
S214042E080000303030301800030000005030300026
S214042E1802000800000030303030303030302000F7
S214042E280400000000000000020003000000303028
S214042E383000020005000000302E302E300002005C
S214042E480800000000000000000000000200100057
S214042E580000000000000000000000000000000061
S214042E6800000A0001000000000000000000000640
S214042E780200000000000005020000000000000434
S214042E880200FFFFFFFF0400E40C02001700FFFF28
S214042E980E00000000000000010101041F0101BF2C
S214042EA88FAF7F8700370F10100004040F05140A2D
S214042EB80301FF0EFF0F7F0082B030BF074BD3F825
S214042EC8F030DB0704D500230193019B052B01DDB5
S214042ED802B07047019B0133F6E700BF00ED00E03F
S214042EE8F0B5114A114C124E00F00105E3695F076C
S214042EF813D40DB9334213D103EA00078F4207D11E
S214042F080B4A1A40002A14BF6FF001000020F0BDD7
S214042F18013AEBD16FF00200F9E74FF0FF30F6E71D
S214042F286FF00100F3E700BF809698000000035096
S214042F38020001000B4B70B5D96911F480310DD12C
S214042F4801244FF48072084E084DF46020462C6421
S214042F581A61FFF7C5FF3464EC6070BD6FF00100BA
S214042F68FBE700BF00000350001003500020035086
S214042F784FF4003238B50F4B0F4C9A6641F671334E
S214042F880122E569E3630D4B0021DA6002236061E0
S214042F982120236105F48035FFF7A2FF10B921200C
S214042FA8FFF79EFF0122064BDA600DB10023E363A8
S214042FB838BD00BF009000500000035000100350B6
S214042FC80020035070B5134C6061E3695B071ED498
S214042FD80E4656F8043B8D18A361AE420BD1042363
S214042FE8002121202361FFF77BFF58B9BDE8704014
S214042FF82120FFF775BF08210846FFF771FF10B1B7
S2140430080423236170BD56F8043BA361E5E74FF03B
S214043018FF30F7E7000003502DE9F84315464FF450
S2140430280032184B89469A6641F6713203F51C330A
S214043038DF69DA630122064603F58053DFF84C801D
S21404304807F48037DA6055B9284601220E4BDA6051
S2140430581FB10022A3F50053DA63BDE8F88306F52A
S214043068005404EA0804A41BAC4228BF2C4649466C
S21404307822463046FFF7A6FF0028E6D12644A14498
S2140430882D1BE0E7009000500020035000E0FFFFEF
S20C0430988D22010069220100EB
S8040135E1E4
