:020000021000EC
:10200000C00A0020E93501000B1603000B1603007F
:10201000652803000B1603000B1603000B160300C4
:102020000B1603000B1603000B1603000B16030020
:102030000B16030088E003005F1403000B16030077
:102040000B1603000B1603000B1603000B16030000
:102050000B1603000B1603000B1603000B160300F0
:102060000B1603000B1603000B1603000B160300E0
:102070005D8801000B1603000B1603000B1603000E
:102080000B1603000B1603000B1603000B160300C0
:102090000B160300C13D01000B1603000B160300D5
:1020A0000B160300913F01006D3F01000B1603006A
:1020B0000B16030041F202000B16030089FC02001C
:1020C0003FCE03003BCE030079F402004BCE030069
:1020D00043CE030061FC020047CE0300C9FC0200AE
:1020E00059D602001DD8020039FD02000B1603006C
:1020F0000B1603000B1603000B1603000B16030050
:102100000B1603000B1603000B1603000B1603003F
:102110000B1603000B1603000B1603000B1603002F
:102120000B1603000B1603000B1603000B1603001F
:102130000B1603000B160300593001002B1503008A
:10214000002370B5404C05468AB0E36318B100889F
:1021500023600DF093FA3D482AF0D3F93C4E3D4BF5
:10216000304633603C4B736025F056F80021304612
:1021700017F040FA32A3D3E90023A062C4E9062392
:1021800025F055F8D4E9062319431043C4E90601A4
:10219000CDE900014FF0FF334FF0FF32A06A2AF083
:1021A0002BFA02224FF0FF31A06A2AF02AFA01200E
:1021B0000CF0E4FF4FF4007300222849A06A2AF0D3
:1021C00073FAB0F5007F38D100239422CDE90733AC
:1021D00009933C23CDE9033205939623A06A03A912
:1021E000069317F025FB35B3287C0DF0F5FB05466B
:1021F000F0B9A06A2AF036FB0DF09CFB0CF0A0FFB2
:1022000020B14FF48070002109F036FD0CF0A8FFDA
:1022100020B14FF40060002109F02EFD25F0D2F826
:10222000012017F03BFA0E4A0E49A06A24F0F2FF93
:1022300028460AB070BDFF20D7E70725F8E700BFA2
:102240000DD5015520000000880F0020690345ECE2
:102250004424002001F001005424002044220020E6
:10226000BD710300FD71030010B5054C237833B92F
:10227000044B13B1044800E000BF0123237010BDDC
:10228000E811002000000000CC2B040008B5034B2F
:102290001BB10349034800E000BF08BD0000000077
:1022A000EC110020CC2B0400A3F5803A704700BF4E
:1022B000174B002B08BF134B9D46FFF7F5FF00217E
:1022C0008B460F461348144A121A2AF00BFE0E4B87
:1022D000002B00D098470D4B002B00D098470020D2
:1022E000002104000D000D48002802D00C4800E039
:1022F00000BF1DF051FF200029001FF0A4F81DF0C1
:1023000037FF00BF000008000000000000000000D0
:10231000C00A0020180F0020342C0020000000000C
:102320000000000070B504460D4621B94FF4167147
:1023300008481FF031F80E46062056F8043F33B91E
:1023400006288ABFA3682B681B68636070BD20469F
:102350009847F2E7C0DA030038B5036804462BB1AA
:1023600083681BB145680B4A954203D0C8210A48CF
:102370001FF012F89847082801D0D221F7E7A36888
:102380001B6863602046A168FFF7CCFF0728F9D8D7
:1023900038BD00BFC8DA0300C0DA0300F0B5044658
:1023A0000F46456887B001B125B94FF496713148A1
:1023B0001EF0F2FF2E4639462046736898470128E2
:1023C0003FD83668002EF6D107B0F0BDEB681BB1E0
:1023D00020460191984701992D6839E0906828B10D
:1023E00006A800EB830040F8102C0133126837E098
:1023F0005D1E6B1C13D13B696760C3B120469847D3
:1024000065682E4600270628DED9A168A760AE427F
:102410000FD12046FFF786FF65682E46F3E702AB33
:1024200053F8253020469B689847013DE1E7062098
:10243000E6E7EB681BB120460191984701992D68AA
:10244000E5E70628C0D90928DCD1A168676865607E
:10245000B542BBD12046FFF765FF3A4600236168CD
:102460008A4201D0032BB9DD042BC1DD40F22A31B1
:102470009DE700BFC0DA0300024B0360024BC0E9D6
:1024800001317047DCDA0300C8DA0300014B8360D6
:10249000082070476CDC0300014B83600820704704
:1024A00054DC0300014B83600820704708DC030004
:1024B000044B0A689A4203BF034B83600720002045
:1024C000704700BFA0000906DCDC030010B504461D
:1024D000024805F01FFFE060052010BD3812002003
:1024E00008B502481FF04AF9052008BD70E0030056
:1024F00008B502481FF045F9052008BD70E003004B
:102500000B68234A10B5934204463ED007D8052BEA
:1025100032D002F17F4293420DD0002010BD1D4AFF
:10252000934222D002F180729342F6D1FF2380F8C9
:102530003330194B14E0194B1B681A7B80F82220AA
:1025400001205B7B2083FF2BE8D0628B5AB162694C
:102550004AB1E2693AB1228C2AB184F82C30104B8E
:102560000720A360DAE70F4BFAE70C4B1B685B7997
:1025700080F82C300C4BF3E790F8220010F058FA5A
:1025800010B9E0600220C9E7FEE7084BE8E700BFAA
:10259000A0000601A0000F03A8DC03006C120020BD
:1025A000CCDC0300B8DC030094DC030084DC030013
:1025B00030B50B687C4A0446934285B000F0D58064
:1025C00007D8042B1AD0052B00F0B880002005B0E6
:1025D00030BD764A934200F0BB8002F10072934214
:1025E000F4D1734B1B68B3F8052041F212139A42E1
:1025F00040F09D806F4B83600720E8E74B7A032B08
:1026000045D8DFE803F0026094970A7A6A4B53F8E2
:1026100022306A4A934213D1532380F8273090F82E
:102620002B30418B80F828300123032280F8293099
:1026300000F1270390F8220010F034FAB0B1FEE761
:102640005F4A934226D1502380F8273090F82B30F0
:10265000418B80F828302B23032280F8293000F1A9
:10266000270390F8220010F01DFA90B9E0600122D3
:10267000544B55481A701FF084F800235021CDE9BF
:102680000033524A524805F04BFFD8B9E0600220AF
:102690009DE7FEE74F4A9342E9D1502380F8273067
:1026A00090F82B30418B80F828302D23032280F8BE
:1026B000293000F1270390F8220010F0F3F90028E8
:1026C000D4D0FEE7FEE73C4B0A7A53F822203B4B7E
:1026D0009A422CD190F82B305322022B8EBF00232C
:1026E0000133DBB280F82B3080F8272080F82830C7
:1026F00080F82920418B00F12703032290F8220063
:1027000010F0D0F90546E06000B1FEE702222D4B43
:102710002D481A701FF035F82B465021CDE9005591
:102720002A4A2B4805F0FCFE0028AFD0FEE700F057
:10273000AFFDACE7002025F0E3FCA8E790F822000D
:1027400010F076F9E06000B1FEE700F0BDFD9EE715
:10275000174B1968038BB1F805209A4297D18A7AF2
:1027600023300B312AF097FB91E7114B1B68DB7A82
:10277000012B8CD1028B002A89D0174AC8211370F3
:1027800000234FF6FF720383CDE901324FF4FA7252
:10279000009290F822004FF4967210F01FF9002872
:1027A0003FF474AFFEE700BFA0000602A0000904DA
:1027B0006C12002034DC0300CC0A002028E0030067
:1027C00040E00300E32A002070E00300A92D01008F
:1027D0003812002058E00300E52A00200B681F4A49
:1027E00070B59342044605D002F1A06293421BD01B
:1027F000002070BD1A4B10221D681A4905F10A0607
:1028000030462AF038FB20B9D5F805306361022044
:10281000EFE70222304614492AF02DFB0028F6D1BA
:10282000D5F80530E361F2E743692BB1C3691BB109
:102830000E4B83600720DCE794F8220010F0F8F8D4
:10284000E06000B1FEE794F8220010F003F9E060C8
:1028500000B1FEE7FF2384F83330D8E7A000090178
:102860006C1200200CDD03001EDD0300F8DB03000A
:102870000A680A4B10B59A4204460CD11EF0DBFDE3
:102880000321222010F072F9E06000B1FEE707207A
:10289000034BA36010BD0020FCE700BFA0000100B7
:1028A00060DC03000B68154A10B59342044621D042
:1028B00002F1007293421DD002F17D4293421BD17E
:1028C0000F4805F027FDE06010B90E481EF056FFD6
:1028D0000D4B1B689A8841F213039A4205D194F874
:1028E0002C0010F057F920B9E0600720074BA360D7
:1028F00010BDFEE70220FBE70020F9E7A00006027A
:102900003812002070E003006C12002048DC030045
:10291000012213B50446018C01AB90F822008DF81A
:10292000042010F0BFF8E06000B1FEE702481EF09E
:1029300028FF042002B010BD70E003000B68124AAB
:1029400010B59342044615D002F18062934219D12A
:10295000038C1BB10D4B8360072010BD90F8220043
:1029600010F066F8E06000B1FEE7FF2384F8333032
:102970000220F2E7064B1A685379927943EA022360
:102980000384F5E70020E8E7A0000902F0DC03007B
:102990006C1200201FB50B681A4A0446934206D0F9
:1029A00002F1806293420BD0002004B010BD164BA0
:1029B0001A685379927943EA022343830220F4E7A9
:1029C000638B90F822009BB100234FF6FF72CDE994
:1029D00001324FF4FA72C82100924FF496720FF050
:1029E000FDFFE06000B1FEE7084B0720A360DCE7D5
:1029F00010F01EF8E06000B1FEE7FF2384F83330EA
:102A0000DCE700BFA00009026C120020E8DB030035
:102A10000B68244A73B5934204460AD002F18062DF
:102A200002F5802293423BD0052B37D0002002B024
:102A300070BD1D4E30680379032B01D00120F6E7ED
:102A4000817D173000F062F90028F7D0174805F0B3
:102A500061FCE06000B1FEE73568EA7A0090A97A8F
:102A60006B7A43EA01230146D5F8050063F30F01B1
:102A700001230FF085FFE06000B1FEE73368D3F873
:102A80000520C4F82D20B3F80920DB7AA4F8312002
:102A900084F83330064B0720A360C8E7054BFAE7FC
:102AA0000220C4E7A00005006C12002038120020AC
:102AB00024DC030014DC03000B6837B5042B044648
:102AC00005D0154A93421DD0002003B030BD90F8C8
:102AD0003320FF2A14D000F12203009390F8311024
:102AE00090F832500123D0F82D0041EA05210FF073
:102AF00047FFE06000B1FEE7084B0720A360E4E772
:102B0000074BFAE7074805F005FCE06010B90648F6
:102B10001EF034FE054BF0E7A000060174DC030054
:102B2000D8DB03003812002070E00300C8DB03008C
:102B300010B5416904461022064B90F822000FF0B0
:102B40009BFFE06000B1FEE703481EF01AFE042080
:102B500010BD00BFFCDC030070E0030010B5C169CC
:102B600004460222064B90F822000FF085FFE06039
:102B700000B1FEE7208403481EF003FE042010BDD0
:102B80001CDD030070E003001FB503A905F066FC1F
:102B900038B90346CDE90000034A039903481FF002
:102BA00079FE05B05DF804FB0D2C01003812002001
:102BB00008B502481EF0E5FD052008BD70E00300E1
:102BC00008B502481EF0DDFD052008BD70E00300D9
:102BD00008B502481EF0D5FD052008BD70E00300D1
:102BE00010B5044690F822000FF034FFE06000B109
:102BF000FEE702481EF0C5FD042010BD70E0030092
:102C00000149FFF739BC00BF8D2401000122014BAF
:102C10001A707047E72A002004220A4B70B500257D
:102C20001A60E0221D715A71074B1C682046FFF79D
:102C3000E7FF23682A4629462046BDE870401B6806
:102C4000184700BF60120020E8DA03001FB51B4BD5
:102C50001A78B2B100221A481A7005F05BFB00B175
:102C6000FEE741F2883003A905F0F8FB034638B9C6
:102C7000CDE90000134A039911481FF00BFE00B183
:102C8000FEE7114B1A783AB100221A700F4B104927
:102C9000186803685B6898470E4B1A7852B1002297
:102CA0001A700A4B0C49186803685B6805B05DF838
:102CB00004EB184705B05DF804FB00BFE42A0020D0
:102CC000381200200D2C0100E52A0020E8DA03006C
:102CD00060120020E72A002020DD0300084B09498C
:102CE00018600368002223F47F4323F007030B607E
:102CF000E0234B71044B0A71186803685B6818473E
:102D00006C12002058120020E8DA03002DE9F0418F
:102D100005460F460024DFF83480BC4202D3002071
:102D2000BDE8F0812B195B782E5D063B012B06D8A0
:102D3000A01C1022414628442AF09DF818B1013603
:102D40003444E4B2E9E70120EAE700BF0CDD030008
:102D5000054B1878054B1B781843054B1B78184317
:102D600080F00100704700BFE72A0020E52A00201C
:102D7000E42A002038B5094D04462B783BB90849B0
:102D800008480FF019FF00B1FEE701232B7014B1C2
:102D9000034B1B782370034838BD00BFE62A002090
:102DA000E22A0020DC2A002010B50B4C23787BB1EE
:102DB0000A481EF0E9FC30B108481EF0E2FC237816
:102DC000013B237010BD0548BDE810401EF0D9BC82
:102DD0000122034B1A70F5E7E32A002070E003009C
:102DE000E42A00200122034B1A70034B5972187217
:102DF00000F06ABAE52A0020601200207FB503685F
:102E00001F4A23F47F4323F00703934234D1052262
:102E1000002118201B4B0FF05BFE00B1FEE70DF107
:102E2000070102A80FF0C8FE014600B1FEE79DF8B9
:102E30000D3008228DF810309DF80C301A208DF8D6
:102E400011309DF80B308DF81230FF238DF81330C0
:102E5000FE238DF814309DF80A308DF815309DF85A
:102E600009308DF816309DF808308DF8173004AB16
:102E70000FF02EFE00B1FEE707B05DF804FB00BFC7
:102E8000A000010028DD030010B5234C01F068FB11
:102E900001F04EFD236F23F0070343F00303236784
:102EA0001EF0C7FD1D4B00209B6A9B075EBF0122E1
:102EB0001B4B9A62D4F8203123F0030343F0020342
:102EC000C4F82031D4F8243123F0070343F002037F
:102ED000C4F82431D4F8403123F0030343F0010354
:102EE000C4F84031D4F8603123F0030343F0010308
:102EF000C4F86031D4F8403223F0030343F00103F7
:102F0000C4F84032D4F8003223F0070343F0010341
:102F1000C4F8003210BD00BF0080005000C0005057
:102F200000E0005008B502F053FA01280ED1134B0F
:102F300004205A6E4FF480231149520358BF114A9E
:102F40004B6601F51041086258BF536603F0BAFFA3
:102F50001EF04EFB03F05AFF03F07AFF1FF0D8FA81
:102F6000FFF792FF03F062FF1EF039FB00F0F6FB63
:102F700001F020F8BDE8084004F0B2BC0080005029
:102F80000090005000A0005030B5204D9DB009AC1D
:102F90000FCD0FC495E80F0084E80F004FF41653CF
:102FA0002822002112A80B9329F09CFF184B012422
:102FB00011933823139302238DF8503015938DF815
:102FC000583003231022002105A817938DF849409B
:102FD00029F088FF4FF480120E4B03A9CDE903239B
:102FE0003E238DF814303F238DF815300A4B09AA83
:102FF000069320230793094B0948009311AB8DF8E2
:10300000204003F0F1FF1DB030BD00BF08E0030019
:103010000000035A3400035AE82A002070120020EE
:10302000E8120020022905D8034B1B68186808B174
:10303000436A1847704700BFC80A002008B5044912
:10304000044804F011FDBDE80840FFF79DBF00BF34
:10305000C00A0020E012002001481FF0B6BA00BFED
:10306000E8120020014B1A6A18681047E812002085
:1030700008B505481EF0EEFA04481EF0EBFABDE86C
:10308000084003481EF0E6BA28E0030040E00300D1
:1030900058E0030001481EF06EBB00BF70E0030063
:1030A00008B5064B834207D1054B1B7823B1C8B244
:1030B0000FF0BEFC00B1FEE708BD00BF0C130020FE
:1030C000082B002030B500240368384A23F47F43DE
:1030D00023F0070385B0934205468DF808408DF82C
:1030E00009408DF80A408DF80B408DF80C408DF8A2
:1030F0000D4035D002F5802293420CD0A2F18272AD
:10310000934251D12A4B1B78002B4DD005B0BDE81E
:1031100030401FF082BCB0F80530222B44D1FF2391
:1031200004A91A4611E903001EF050FA012814BF41
:1031300041F2FC141E4B4FF0220108BF187004F03E
:10314000FC0228790FF0DAFC00B1FEE71949009083
:103150002B79194A0968194800F048F920B3FEE7AD
:10316000B0F80530B7EE047A07EE903AF8EE677AD9
:10317000B0F8073027EE877A013307EE903AF8EE81
:10318000E77A67EE277AB1EE047A67EE877AFAFE7D
:10319000677AFCEEE77A17EE903AB3F57A7F38BF9C
:1031A0004FF47A73034A136005B030BDA0000602E5
:1031B000082B0020D80A0020A13001000C130020A9
:1031C00004210022034B19711A6019739A60197552
:1031D0001A617047441300202DE9F8431F4B06463F
:1031E0001B78ABB90325DFF87C901D4C59F8043BE4
:1031F000B34207D130461EF032FA01280AD11FF03F
:10320000CAFB2060013D15F0FF0504F10804EDD173
:10321000BDE8F88330461EF022FA80460028F1D13E
:103220001FF0B9FB2368C71AE62005F005F9B8427C
:1032300002D984F80480E5E74FF47A7005F0FCF8D1
:10324000B84202D901232371DCE740F6B83005F01B
:10325000F3F8B8428CBF02230323F4E7190D0020D2
:1032600044130020CC0A002070B500240426074D2A
:103270002979E0B2042902D0FFF7B4FD2E710134A0
:10328000032C05F10805F3D170BD00BF44130020E5
:1032900070B50024094D0A4E55F8040B1EF0DFF9F5
:1032A000012803D11FF077FB46F834000134032CCA
:1032B000F2D10022034B1A7070BD00BFCC0A00206F
:1032C00044130020190D0020064B1A784AB9012139
:1032D00019700421044B19711A6019739A601975D9
:1032E0001A617047190D002044130020074B18780D
:1032F00050B9074B1A79042A06D11A7B042A03D144
:10330000187D031F58425841704700BF190D002017
:1033100044130020094B1B785BB9094B187904282A
:1033200009D11A7B042A07D11B7D042B08BF012079
:103330007047012070470420704700BF190D00201E
:1033400044130020012208B5074B1A700022074BD6
:103350001A700422064B1A701F22064B1A7003F0D3
:10336000DBFD054B186008BD1A0D0020092B00205D
:103370001B0D00201C0D00205C13002038B50546F5
:103380001EF073FB00230B4A14685CB1AC4206D1FB
:10339000A96A6BB199621EF06EFB012007E023461B
:1033A000A46AF2E7002DF3D01EF065FB204638BD7D
:1033B0001160F0E76013002010B5044690B104F0EE
:1033C000A9FF2046FFF7DAFF58B194F82C0040B16E
:1033D0001EF04BFB044A1368013B13601EF04BFBCD
:1033E000002010BD2220FCE7641300202DE9F04FDF
:1033F00085B00546914698460E469DF8387009B945
:10340000002F66D12846FFF7D7FF0446002840D199
:1034100085F82C00686305F0B7F886423DD905F0C1
:1034200005F840F2E7318C462146E6FB00C14FF437
:103430007A72604600231CF003FD4FF0FF32002338
:1034400083468A461CF0FCFC4FF0FF32E8860023DE
:10345000584651461CF0F4FC2B4611462846CDE94F
:1034600000441D4A1FF072FA044690B9C5E9089855
:1034700085F82D702E631EF0F8FA184A136833B3DE
:103480001A469B6A002BFBD195620023AB621EF0AB
:10349000F2FA204605B0BDE8F08F47B12B46314621
:1034A0002846CDE900440C4A04F0F6FFDCE730463C
:1034B00003A904F0D3FF04460028EAD12B4628468E
:1034C000CDE90077044A03991FF01CFACCE7156098
:1034D000DBE72124DDE700BFE134010060130020B9
:1034E00091F82C3013B50C4683B98B8ECA8E93425B
:1034F0000ED243B9CDE9003320460B46104A4FF0B7
:10350000FF311FF0E3F9A38E0133A38602B010BD93
:1035100052B191F82D307BB101230093D1E90823FA
:103520002046096BFFF762FF0123064A84F82C301E
:10353000136801331360E9E7084604F0EBFEF3E794
:10354000E1340100641300202DE9F041144E33688A
:1035500023B34FF00008134F1EF087FA05463C686E
:1035600024B92846BDE8F0411EF085BA94F82C3005
:1035700093B1336884F82C80013B336094F82D308C
:1035800013B92046FFF7FAFE28461EF074FAD4E974
:10359000083120469847DFE7A46AE1E7BDE8F081FB
:1035A0006413002060130020034B1B68002B0CBF2A
:1035B00001200420704700BF64130020024B1868EC
:1035C000B0FA80F040097047641300200348044AB1
:1035D0000449121A92101EF019B800BF38300400C6
:1035E00038300400342C002008B500F02FF8FFF725
:1035F000EDFF124B12498B4212D30020114B12499E
:103600008B4218D3FEF754FE186850F822405868D1
:1036100040F82240013298688242F5D30C33EAE741
:103620000022F8E71C6844F8220001325C68A242DC
:10363000F8D30833E4E70022F8E700BFD42B0400F6
:10364000E02B0400E02B0400E02B04004FF40041C9
:103650004FF0FF30124B134A10B59A60D3F8882010
:1036600042F47002C3F888200F4A916601F1884144
:1036700001F5005210664FF6DF7050660220C3F865
:10368000D000BFF34F8FBFF36F8F08244FF4403348
:103690000648C0F88041D36004600B6110BD00BFD4
:1036A00000ED00E0002001000090005000E100E08B
:1036B000014B1868704700BFE00A0020084B1B6FE1
:1036C00003F00703022B04D0032B05D0012B05D0F8
:1036D000FEE7044B18687047034BFBE7034870474D
:1036E00000800050E00A0020E40A0020002D310193
:1036F00008B5FFF7E3FF054B1B6FC3F3033301333B
:10370000B0FBF3F0024B186008BD00BF0080005012
:10371000DC0A00200048704700B4C404014B18685C
:10372000704700BFE40A0020054B1860054B1B6F73
:1037300003F00703032B01D1FFF7DABF704700BF87
:10374000E40A00200080005000487047002D31013D
:10375000014B1868704700BFE80A00200020836A08
:1037600010B5B3F5903F0ED21968084A91420AD1BC
:10377000074C227812F0FD0F04D1DB69984708B995
:103780000123237010BD4FF48170FBE707B0CD5EBD
:103790000A2B00204FF00053074A1A60BFF34F8FE7
:1037A0000649074BCA6802F4E0621343CB60BFF3DB
:1037B0004F8F00BFFDE700BF02020FF000ED00E0F9
:1037C0000400FA0505490A681318054883428CBFAE
:1037D0004FF0FF320B601046704700BFEC0A00202C
:1037E00000800020F7B50468012105463A2000F06A
:1037F000DBFD002301226179207901F0F3FB142322
:103800003021227911FB023101F1A04101F5703123
:1038100009686379D940C943A37901F00101022BFA
:10382000217017D100F022FB164A2B4661792079CE
:1038300000F046FBFF28024660790ED12A46114966
:1038400000F068FB0123024661792079CDE900335D
:1038500001F070FB002003B0F0BD012627790023A2
:1038600001460096384601F01FFC2A46054960795A
:1038700000F050FB00236179024620790093019605
:103880003346E5E76916030008B501213A2000F048
:103890008BFD032101230422002001F0A3FB002063
:1038A0001EF051F90122214B4FF46070C3F84424FB
:1038B0001DF0F7FF1E4B00F5D520D3F8F02000F2E5
:1038C000FC4042F00102C3F8F020D3F8FC2042F0A3
:1038D0008072C3F8FC20174AA3F55D431A60164BAB
:1038E0000222B0FBF3F0154B01381861C3F8F02049
:1038F0004FF48072C3F804234FF06043104A002055
:10390000C3F8B02F0F4AC3F8802ED3F8002E42F42C
:103910008072C3F8002EFF2283F82020D3F8002EF7
:1039200022F48072C3F8002E08BD00BF00D00350FF
:1039300000ED00E0FF030040F8590D00000004E036
:1039400055CEACC50900010010B5012243780178BD
:10395000847830209A40054B00FB01331CB942F2B9
:1039600010015A5010BD41F21001FAE700C0035097
:1039700010B5012243780178847830209A40054BB5
:1039800000FB01331CB941F210015A5010BD42F244
:103990001001FAE700C003502DE9F04F9A46564B4C
:1039A00085B01B7806460F461546DDF83C909DF81D
:1039B00044B0DDF85080002B00F08D80072A00F223
:1039C0008C800E9B002B00F08880B9F1000F00F076
:1039D0008480129BB3F5006F7FDC012802D1109B1D
:1039E000002B7AD0454B03EB05131B7B002B76D0C5
:1039F000434C10220021684629F074FA04EB451468
:103A00001022002F59D13946204629F06BFA43F293
:103A100010036380BBF1000F03D1E37843F003038D
:103A2000E370374A0E9B02EB451CCCE90193129BD5
:103A30006901013BC3F30A009DF84C30012E03F0ED
:103A400003034FEA836343EA001E53582D48CDF821
:103A500000A000EA03004EEA0003535041D11323B3
:103A60000CF1100ECCF80C309CE80F008EE80F0023
:103A70006FF00301DCF81C20109B61F39F02012F03
:103A8000CCF81C20CCF8143003D1CCF81890CCF82A
:103A900004300027194A290102EB051342F801807E
:103AA000159A28465A60694622469F605E7301F067
:103AB00077FB384605B0BDE8F08F0021204629F09D
:103AC00011FA4FF444736380BBF1000FA9D1E3787E
:103AD00043F03003A4E70C48ECE70C48EAE70C4855
:103AE000E8E7B8F1000FD4D19CF8023068F3041372
:103AF0008CF80230CDE700BF0B2B002068130020AC
:103B0000E81300200F80FFF3028000F0018000F036
:103B1000078000F038B5124B05461B78DBB1E0B1E9
:103B20001DF0A3FF0F4A00231146147B54B92B60EC
:103B300001251A0101EB03131D738C501DF09BFF2F
:103B4000204638BD0133082B02F11002EDD11DF0E3
:103B500092FF0548F5E70548F3E70548F1E700BFA0
:103B60000B2B002068130020048000F0028000F07E
:103B7000018000F013B51DF078FF00230B4A147B81
:103B80007CB90133082B02F11002F8D1019001F049
:103B9000A9FA074B01981C701DF06DFF204602B07A
:103BA00010BD1DF068FF0348F9E700BF681300204F
:103BB0000B2B0020058000F00D4B10B51B78044640
:103BC00093B1072812D81DF050FF0A4B03EB0413E2
:103BD0001A7B2AB100241C731DF04DFF204610BD36
:103BE0001DF049FF0448FAE70448F8E70448F6E7FF
:103BF0000B2B002068130020068000F0028000F0EC
:103C0000018000F0154B13B51868002301908DF862
:103C100004301DF02AFF124B1C7824B11DF02BFF3D
:103C2000104802B010BD01221A701DF024FF0E4B87
:103C300001A81C731C7783F82C4083F83C4083F860
:103C40004C4083F85C4083F86C4083F87C40082348
:103C50008DF8073001F072FA2046E2E7D8E0030061
:103C60000B2B0020038000F0681300200A4A08B5DF
:103C700012785AB107280BD8084A02EB00131B7BB5
:103C800043B1002101F04CFA002008BD0448FCE7D4
:103C90000448FAE70448F8E70B2B002068130020DB
:103CA000028000F0018000F0078000F00A4A08B5A9
:103CB00012785AB107280BD8084A02EB00131B7B75
:103CC00043B1012101F02CFA002008BD0448FCE7B3
:103CD0000448FAE70448F8E70B2B0020681300209B
:103CE000028000F0018000F0078000F00A4A08B569
:103CF000127852B107280AD8084A02EB00131B7B3E
:103D00003BB101F097FA002008BD0548FCE70548E3
:103D1000FAE70548F8E700BF0B2B002068130020E6
:103D2000028000F0018000F0078000F00D4B1B784E
:103D300093B1072812D889B10B4B03EB00131B7BFF
:103D400073B10A4B1A6D012303FA00F010401ABF39
:103D500000200B7008707047054870470548704791
:103D6000054870470B2B002068130020000004500A
:103D7000028000F0018000F0078000F00B4A10B5CF
:103D800012780C4662B107280CD859B1084A02EBE8
:103D900000131B7B43B101F05FFA2070002010BDBF
:103DA0000448FCE70448FAE70448F8E70B2B002036
:103DB00068130020028000F0018000F0078000F00E
:103DC0002DE9F843174B1F6D5B6D1F4000D5FEE7D3
:103DD00001260025144CDFF85480DFF85490374258
:103DE00017D02368C8F850609BB1A16828460131FC
:103DF0006268A1609847637B012B0AD148B909EB3F
:103E000045131A7B60F341021A731A7F60F3410273
:103E10001A770135082D4FEA460604F11004DED169
:103E2000BDE8F8830000045068130020002004500F
:103E3000E813002070B5044601250B4E04B970BD8F
:103E400094FAA4F0B0FA80F005FA00F306EB001241
:103E500024EA03045368002BF0D0117B11B1916860
:103E60009847EBE79847E9E7E814002008B51920E0
:103E700000F08AFD28B14FF00072074BC3F8802193
:103E80001A601A2000F080FD28B14FF08062024BCA
:103E9000C3F880211A6008BD00E100E038B505468E
:103EA0000C461DF0E2FD0022044B03EB05135C60A1
:103EB0001A73BDE838401DF0DEBD00BFE8140020D5
:103EC000F8B504460D4617461E461DF0CEFD1CB93A
:103ED000052D0DD0FF2414E0012C03D1012DF9D1C3
:103EE000032405E0022CF5D17DB1052DF2D1072484
:103EF0000123074D04F1100105EB0111C1E9017621
:103F00000B731DF0B8FD2046F8BD0624F0E700BF96
:103F1000E8140020F8B505460F4616461DF0A5FD2D
:103F2000104B05F0FC02D3F824140023EC1804F025
:103F30000304144321FA04FC1CF0010F07D00133E1
:103F4000042BF3D1FF241DF096FD2046F8BDFF2C75
:103F5000F9D00122044B03EB0413C3E901761A7371
:103F6000F1E700BF00C00350E8140020074BD3F86E
:103F70002404D3F8202403F50053104000F05530FA
:103F800020F05020C3F82004FFF754BF00C00350B6
:103F9000074BD3F82404D3F8202403F50053104032
:103FA00000F0AA3020F0A020C3F82004FFF742BFA1
:103FB00000C00350024B1968024B186814F02CBF64
:103FC000F40A0020F00A002037B5920004460D469E
:103FD000019229F049FD431C0BD060B929462046C7
:103FE000019A28F048FF0028044808BF002003B0C9
:103FF00030BD0348FBE70348F9E700BF10E000F0DD
:1040000021E000F024E000F010B5044629F024FD82
:10401000431C10D088B901F0E3F9234620F00300D7
:104020002044984201D1002010BD53F8042B0132E6
:10403000F7D00348F8E70348F6E70348F4E700BF82
:104040000EE000F021E000F024E000F008B51DF0E3
:1040500005FD014B186008BD281D0020014B1868A4
:104060001DF000BD281D0020044BD3F88420D2068B
:10407000FBD4D3F88400C0F3811070470040005097
:1040800038B5104B0546D3F820310C4603F0030336
:10409000022B0BD0032B0DD0012B0FD1FFF708FB08
:1040A000052305B1286004B1236038BDFFF736FB56
:1040B0000323F6E7FFF748FB0223F2E70123002082
:1040C000EFE700BF0080005073B50D4600210E4B96
:1040D0000191D3F88041064604F00304012C09D075
:1040E000022C0CD00C460EB1019B336005B12C6044
:1040F00002B070BD01A8FFF7C3FF0F24F3E7FFF77D
:1041000023FB0190EFE700BF0080005038B5184B4B
:104110000546D3F824010C4600F00700062805D810
:10412000DFE800F0230B131B1F0F170000231846B6
:1041300005B1286004B1236038BDFFF7B9FA052343
:10414000F6E7FFF7B5FA0623F2E7FFF7E7FA0323EE
:10415000EEE7FFF7E3FA0423EAE7FFF7F5FA0223B5
:10416000E6E71DF05EFA0723E2E70123E0E700BF80
:104170000080005038B5104B0546D3F840310C464E
:1041800003F00303022B0BD0032B0DD0012B0FD117
:104190001DF049FA092305B1286004B1236038BD38
:1041A000FFF7D6FA0823F6E71DF040FA0B23F2E7F3
:1041B00001230020EFE700BF0080005038B5144B0A
:1041C0000546D3F800020C4600F00700042804D886
:1041D000DFE800F01B0A0E1216000023184605B196
:1041E000286004B1236038BD1DF01DFA0923F6E7ED
:1041F000FFF7AEFA0823F2E71DF018FA0B23EEE7FB
:10420000FFF776FA0E23800AE9E70123E7E700BF0C
:104210000080005038B5104B0546D3F840320C46AC
:1042200003F00303022B0BD0032B0DD0012B0FD176
:104230001DF0F9F9092305B1286004B1236038BDE8
:10424000FFF786FA0823F6E71DF0F0F90B23F2E7F3
:1042500000231846EFE700BF0080005038B5104B30
:104260000546D3F860310C4603F00303022B0BD054
:10427000032B0DD0012B0FD11DF0D5F9092305B16A
:10428000286004B1236038BDFFF762FA0823F6E71F
:104290001DF0CCF90B23F2E701230020EFE700BF6C
:1042A0000080005010B40D4C0B46D4F8204204F0AE
:1042B0000304012C0AD0022C0CD008B100210160AB
:1042C0000BB100221A605DF8044B70475DF8044B97
:1042D000FFF7D6BE5DF8044BFFF74CBF00800050DF
:1042E00038B50C4605461DF0B9FB064B9A6A82EAC2
:1042F000040101EA050454409C62BDE838401DF009
:10430000B1BB00BF00C00050B0F5207F1FD009D85E
:10431000B0F5007F15D003D868B1B0F5C07F0AD0E2
:1043200000200CE0B0F5607FFAD10B4BD3F8800091
:10433000C0F3011003E0084B186FC0F303300130E5
:104340007047054BD3F89000C0F30460F7E7024BC9
:10435000186FC0F38020F2E7008000504FF4003265
:104360000E4B014610B500209A66FFF7CDFF41F6CF
:10437000713248430A490B4B88428CBF4FF480107E
:104380000020DC69DA639A6822F4401202439A60E2
:10439000E20344BF0022DA6310BD00BF009000506A
:1043A000005A620200000350420910B510D0012AE1
:1043B00010D00B4B0B4C022A18BF234600F01F00F5
:1043C00051B103F58053012202FA00F0186010BDCC
:1043D0001346F3E7044BF1E703F50053F3E700BF9F
:1043E00068800050608200506480005008B58020D2
:1043F0001DF057FA034B98429EBF4FF48032024B98
:104400001A6708BD005A620200A000501FB50023C1
:10441000B0F5807F019377D028D8382800F09480B9
:104420000BD82438092810D809280ED8DFE800F066
:10443000676767670D0D620D377D52285FD008D81A
:104440003D283BD03E2800F08480019805B05DF8FF
:1044500004FB8028F9D1414B1B6F03F00703013B9C
:10446000032BF2D8DFE803F044413F6CB0F5D06F86
:104470005BD019D8B0F5A06F66D00AD8B0F5806FC0
:104480003DD0B0F5906FE0D1002001A9FFF73EFECE
:10449000DBE7B0F5B06F2DD0B0F5C06FD5D10020FF
:1044A00001A9FFF767FED0E7B0F5006FECD00AD89E
:1044B000B0F5E06F4DD0B0F5F06FC6D1002001A986
:1044C000FFF7CCFEC1E7B0F5086FBED1234BD3F8A0
:1044D000003103F00303022B2CD0032B2ED0012B31
:1044E00030D1FFF71BF9032300E005230193ACE76C
:1044F0000223FBE7002001A9FFF7E6FDA5E7002066
:1045000001A9FFF7BDFDA0E702934FF0E0231B696F
:104510005B0705D5FFF7ECF80C230393039BE5E756
:1045200003A902A8FFF726FEF8E7002001A9FFF77C
:1045300045FE8AE7FFF70CF90823D7E71DF071F86D
:104540000723D3E70123D1E7002001A9FFF7AAFE43
:104550007BE7002001A9FFF75DFE76E700800050B1
:104560004FF40022034B5A66012203F580439A62FE
:10457000704700BF0090005008B5FFF747FF0828BC
:1045800011D00938012811D84FF40012094B4FF609
:10459000FF705A6603F5D8335B6A13F0010F18BF3A
:1045A0004FF4FA7008BD044B1888FBE74FF6FF7014
:1045B000F8E700BF00900050040D002070B50446DD
:1045C0008020FFF723FF032800F082804FF40022B1
:1045D000444B02215A6645F60E03434AC2F8803026
:1045E000424B9962012103F580539962936DD9037F
:1045F000FCD4D4E900131B0543EA0163E17B94F882
:1046000022500B43217B94F8236043EA0143617BF2
:1046100043EA0133A17B43EA811313619169D4E931
:1046200004031B0643EA806301F000410B43A17EB3
:10463000E07E0B43217E43EA0143617E43EA01238E
:104640009361E369126A002B0CBF0021082122F05C
:104650000D0242EA030242EA8002234B42EA0102CF
:104660001A6294F820204FEA421232D1986A94F8E4
:10467000211020F0330042EA0112024342F001020D
:104680009A621B4A996D32EA0101FBD10222174955
:104690008A621A659A6D5200FCD41869A26820F4E7
:1046A000700040EA02504FF0004218610F4B9A61CF
:1046B0001DB9022203F580539A6216B901220D4BEF
:1046C0009A6294F824301BB1074B0B4AC3F8802040
:1046D00070BD996A21F0330131430A4342EA450231
:1046E000EEE700BF0090005000C0005000D0005026
:1046F0000300014000E00050F1A7FFFF1F4BFF281F
:1047000073B5996A37D89A6D12F4803F18BF0124A7
:104710001B4A18BF9462022494629B6DDA0303D58E
:10472000164A936D9B07FCD50222154B134E1A6552
:10473000B46D14F08044FBD1124B93F90050B3696F
:10474000054423F47F0323F47F4343EA002385F3E6
:10475000080043EA0043B36102200191FFF7C0FD66
:10476000B06D019910F4803003D00120FFF7B8FD3F
:10477000204602B070BD2120FBE700BF00C0005002
:1047800000D000500C2B0020014B93F90000704723
:104790000C2B002001221548154B816A9A62826D0C
:1047A00002F00302032AFAD102229A621A650F4B21
:1047B0009A6D5200FCD40F4A986D32EA0000FBD18A
:1047C00001220B4B1A65A3F580539A6D9007FCD418
:1047D0009A6D9207FCD50222054B1A65034A936D28
:1047E0009B07FCD50320FFF77BBD00BF00C0005036
:1047F00000D0005003000100014B1880704700BF3B
:10480000020D00204FF4001208B5184B5A6602231F
:10481000174A5360936813F48033FBD1012822D1E7
:10482000FEF77CFF134B984215D003F5122303F5D6
:10483000F863984213D0104B00EB8002400AB3FBA0
:10484000F0F0520A0A4BDA62012218635A6200221F
:10485000074B5A6008BD45F67A10084AF2E745F65C
:104860001A00074AEEE75362F1E700BF00900050DC
:104870000040025000F0490264666666D8B8050040
:10488000BBCF0500B0F5207F10B50C4642D008D84C
:10489000B0F5007F33D003D888B1B0F5C07F0ED01B
:1048A00010BDB0F5607FFBD11F4B013CD3F88010E9
:1048B00021F0300141EA0414C3F88040F0E71CF015
:1048C000E8FF1DF0B1F84FF48031184A164B11671C
:1048D000196F013C21F4704141EA04341C67FEF772
:1048E00007FF0446FFF7C0FBC0F1020120461DF0A0
:1048F00095F800F02DF8BDE81040FFF777BD0A4BA2
:10490000013CD3F8901021F0F85141EA0464C3F857
:104910009040C5E7044B013C196F21F4806141EAE6
:1049200084241C67BCE700BF00800050009000504A
:1049300008B50121022000F0F5F81CF0AAFF1DF0D7
:1049400073F84FF48032014B1A6708BD0090005095
:1049500008B54FF4C0701CF0A4FFBDE8084004493E
:1049600088428CBF022101214FF42070FFF78ABFDB
:1049700080F0FA02034B5868C0F30800003818BFF3
:104980000120704700ED00E0054B420953F822304A
:1049900000F01F0023FA00F0C04300F00100704750
:1049A00000E100E0194B10B51B6873B3184A526858
:1049B000012A2AD0174A8020C2F80031FFF726FDCD
:1049C00005281FD14FF4C070FFF79EFC0128044654
:1049D00004D102214FF4C070FFF754FF07220E4BA1
:1049E0001A610122A3F580535A60094A1369DB0753
:1049F000FCD5012C09D12146BDE810404FF4C07010
:104A0000FFF740BF0122054B5A6010BDDC1D00209E
:104A100000C001500080005000E0015000D0015063
:104A200000224FF40031074B1A60074A516602F525
:104A300098325268012A02BF044AD2F800211A6053
:104A4000704700BFDC1D0020009000500080005027
:104A5000044A4178536F23F4407343EA01235367B8
:104A6000704700BF0040005010B5044608B1FFF782
:104A7000D7FF104A136943F00403136103F024FACB
:104A80001CF0FCFF0C4B0D4AC3F820241CF0E6FF81
:104A900028F0F2FF1CF0E6FF1CF0F1FF03F03CFAF7
:104AA0001CB1BDE81040FFF77DBFBDE81040FEF728
:104AB0001FBE00BF00ED00E000E003500000FF0F4C
:104AC00010B5044608B1FFF7ABFF0E4A136943F077
:104AD000040313610C4B0D4AC3F8202403F0F4F9CE
:104AE0001CF0BCFF28F0C8FF1CF0BCFF03F014FA58
:104AF0001CB1BDE81040FFF755BFBDE81040FEF700
:104B0000F7BD00BF00ED00E000E003500000FF0F24
:104B1000034A0179D36E23F030030B43D366704709
:104B200000400050F8B504461C4BD3F88420D10651
:104B3000FBD4D3F88430C3F381139C422CD0FEF70E
:104B4000BDFD012C064602D121461CF067FF1CF07A
:104B500085FF4FF00072124B07465A6620461CF044
:104B600093FF4FF480630D4D621E93402B676B6E75
:104B70009A0103D4D5F884309B060AD538461CF038
:104B800071FF022C08D13046BDE8F84000211CF02E
:104B900045BFD5F88430EAE7F8BD00BF00400050BB
:104BA0000060005007B518B90191FEF787FD019923
:104BB000064B1B7843B1064B984205D8012003B041
:104BC0005DF804EBFFF7AEBF0220F8E70D2B0020E5
:104BD000005A62020278034B012100201A70FFF78D
:104BE000E1BF00BF0D2B00204FF0004238B5264B2F
:104BF00026495A6601224A604AF6CD3103F50B2355
:104C00005D6C1964154030BB9968C9070BD400244A
:104C100001221F4B5A6015B11E4B1F4A1A6427F020
:104C200003FD204638BD1A498A601C4AD96ACC0760
:104C300005D4904201D10724EAE70130F6E790421B
:104C4000E5D1F8E70132DC6A14F0080406D08A42A4
:104C5000F8D10724DFE700221049F4E78A42F8D0B0
:104C600020220B4B0B495A620122A3F580539A6014
:104C700023460A4A486A800603D49342E9D00133A6
:104C8000F8E79342C7D1E4E7009000500050095084
:104C900000600950004009503254FFFF40420F00AD
:104CA0004FF0004238B5194B194C5A66012203F5F2
:104CB0000C235A604AF6CD33656C23644378154063
:104CC00093401343134AD363A368827823F0740399
:104CD00043EA0213C278002A14BF042200221343BD
:104CE000A3600279837943EA022323614279C3797D
:104CF00043EA022363610078FFF776FF0DB1064BAC
:104D0000236427F091FC012038BD00BF00900050C3
:104D100000400950004000503254FFFF10B50446D7
:104D20001CF0B7FE002341F202020849E360A360D1
:104D3000226104F50052E3616361A361236263624F
:104D4000E362A3645164A36210BD00BF7F370C010E
:104D500038B50446154639B9184B984214BF084671
:104D600038201CF09EFD01466368A06800F0E0005A
:104D700040281AD003D8D0B120281AD038BD6028D6
:104D800019D08028FAD101236B434901B1FBF3F11B
:104D90000B4A2039204602EAC10201211CF075FEAF
:104DA000A262BDE838401CF070BE0623ECE7102379
:104DB000EAE70823E8E70423E6E700BF0000035A18
:104DC000F8FF7F00436870B504460D4616461BB1D8
:104DD00040F2FF711CF059FE2046FFF79FFFE98962
:104DE0006B7B22690B43298A22F44C520B4322F03D
:104DF000030213432361A2682B7B297E22F08042A9
:104E000022F0E2020B4313436A691343A360AB68C9
:104E10001BB9A36843F00043A360EB69002B58D093
:104E2000A16898883F4A00F4C0400A4010431A7AAB
:104E300040EA82509A7A40EA42405A7840EA820038
:104E40005A7B40EAC2009A7B40EA02109A7840EA14
:104E50008220A060E168D3E9042021F4D81121F474
:104E6000C06102430A43997942EA8122D97942EA30
:104E70004122E2601A7802F0FD01012908BFE168D1
:104E8000A2F1020204BF41F00401E160012A4FF0E7
:104E9000010294BF24492549C1F8C0205A7A04F57B
:104EA00080510A621AB1E26842F40062E260DA7A82
:104EB0004AB1E2681E4942F40042E2601A7B02F005
:104EC0000F02C1F88020E269DB7B22F0030213436A
:104ED000E36136B196F8203004F58051A3B1012387
:104EE0008B61052120461CF0F1FDAA6812B16968AA
:104EF000FFF72EFF204629781CF005FE236CDB43CC
:104F000013F4405FFAD170BD626996F8223096F8CA
:104F1000210022F009020343134343F001034B61D4
:104F2000DFE700BFE39BBDFF00D4035000E4035064
:104F300000900350072AF7B501F0030614461F46F8
:104F40004FF003012CD89500A94000FA05F21C4847
:104F500001911CF0E7FD01991A4806FA05F21CF0D0
:104F6000E1FD194B19499DF82000002F08BF194693
:104F7000012303FA04F40C60154B1649002808BFFE
:104F80000B461C60144B9DF82400C3F820441031DC
:104F9000A3F6DC33002808BF0B461C6003B0F0BD4D
:104FA000A2F10805AD00A94000FA05F20B480191F5
:104FB0001CF0B8FD01990A4806FA05F2CFE700BFD8
:104FC00000C4035008C4035010E4035010D403502D
:104FD00014D4035014E4035000E0035004C40350FD
:104FE0000CC40350F8B504460D461F4616464AB198
:104FF00001238B403021194A01FB0022FFB141F20D
:105000001001535004EB4403072D4FF00F014FEAFA
:10501000031317D8A80006FA00F28140104818447C
:105020001CF080FD56B9012130230C4801FA05F52A
:1050300003FB040077B141F21003C550F8BD42F202
:105040001001DEE7A5F10800800006FA00F28140B9
:105050000448E4E742F21003EFE700BF00C003504A
:1050600004C003500CC0035010B50C4B0C4C0D4A3F
:105070000140C4F83004C3F83014C3F82C04D36ED4
:1050800003F03003202B1FBFD36E23F0300343F017
:105090001003D366C4F8200410BD00BF00D0035035
:1050A00000E003500040005038B514461D4603226E
:1050B00083F00103FFF796FF012004F110018840FF
:1050C00005FA01F1FFF7D0FF9DF81010034B044AD9
:1050D000002908BF1346186038BD00BF24D4035010
:1050E00024E403504FF400120B4B10B5C3F880209A
:1050F000BFF34F8FBFF36F8F0024FF22074B214672
:105100005C6520209A625C60FFF74EF92146BDE89D
:1051100010402120FFF748B900E100E000000450F2
:10512000044A054B002918BF1346012202FA00F079
:1051300018607047402004504010045010B5012101
:1051400004462020FFF730F901212120FFF72CF938
:105150000122114B5A60227812069A606178A27877
:1051600042EA01429A61FF229A6200229A631A641B
:105170004FF000425A654FF0FF324FF4001103F533
:1051800000531A65054AC2F88011E3781B01DBB2AF
:1051900082F81533116010BD0000045000E100E0FA
:1051A000F8B50125C3B2DFF888C0D1F800E09D4012
:1051B0008F7ACB7A0C46097BCCF850500CF5005C0A
:1051C0004CF820E04FF0300E174E1B050EFB006030
:1051D00094F80DC043EA074343EA415322F0030227
:1051E000C0F860C0C36502671CF03FFC736D227A93
:1051F0002B4373650D4B02B11D64627A02B19D634E
:105200002279A37943EA0243094A93616179E379F8
:1052100043EA014305498B61034B55639D64BDE837
:10522000F8401CF028BC00BF0000045000100450DF
:105230000020045010B50124C0B284401CF015FCBD
:10524000044B5A6D22EA04025A659C62BDE8104084
:105250001CF011BC0000045010B50124C0B2844001
:105260001CF003FC074BDA6A224209D15B6B34EA7B
:1052700003030CBF012400241CF0FDFB204610BDDD
:105280000024F9E7000004504FF40032054B9A6601
:1052900041F6713203F51C33DA63012203F5005342
:1052A000DA6070470090005041F671320121064BE0
:1052B000DA6303F50052D1600022DA634FF4003262
:1052C000A3F518339A66704700000350CB784A78EC
:1052D00010B55B010C7843EA82030A79234343EA61
:1052E00002130C22424302F1B0421363012C02BFAD
:1052F0008A78024B43F8202010BD00BFE88003509D
:1053000008B54FF0B0435A6802B960B15B680BB1A1
:105310001CF01AFC4FF0B04130B10120074B58602F
:105320001CF012FCC86008BD1CF00EFC0223CB6010
:105330001CF00AFC0122024B5A60F4E700100058EE
:10534000002000584FF0B0435B6870B50BB11CF003
:10535000FBFB0121104B4578596083780679002BBF
:10536000C37814BF02240024002B14BF042200229F
:105370004379DB0043EA06132B43234313434FF0E7
:10538000B0429360054B59600378002B14BF0B4665
:105390000223D36070BD00BF0020005800100058E9
:1053A0004FF48032064B5A6603F5E6235B69C3F37C
:1053B0008512827003F03F021B0B4270037070472E
:1053C00000900050014B986CD96C70470080E00F42
:1053D000024B1868C0F30740704700BF0080E00F21
:1053E0000120034B9B680A3303F01F03984070476A
:1053F0000080E00F38B50446054D27F039F90FCC91
:105400000FC594E8030085E80300002038BD00BF05
:10541000E01D002047F6FF739A42F0B56AD00229DA
:105420006AD8364B5B5C012B66D8354DDF0005EB47
:10543000C30015F833308478012B13D10025C378CD
:105440001B1BAB4202D8E018C0B2F0BD591B466826
:10545000A3EB510136F911609642D4BF0D4601F11C
:10546000FF33EEE740680028EFD0B0F900309342F8
:1054700004DBB0F902309342B8BF134682883D4442
:10548000FF2A19BFC8214FF0280CB0F90610B0F957
:1054900008C0A1EB03020CBF0126002692FBFCF220
:1054A0006D78324412B2954201DD002A01DA6A1E9B
:1054B00012B24FF47A7700EBC206F188B668013277
:1054C00013FB016112B221EAE1715C319542B1FB3B
:1054D000F7F104DD00EBC206B6888E42EBD200EB9A
:1054E000C20232F8040C884228BF0846A04238BFE6
:1054F0002046A9E7FF20A8E70020A6E700E1030077
:10550000E01D00200229F0B557D82D4B585C01282A
:1055100053D82C4C04EBC00114F830004B68012820
:105520000FD1C8788C78904294BFC4EB0001C4EBD3
:105530000201001BCAB28242C8BF002233F9120026
:10554000F0BD002B39D08878904202D3B3F9020025
:10555000F6E7CC78B3F900009442F1D94C789988F9
:10556000013CA1F1FF06714203F10405E4B271416F
:1055700003F10C071FFA82FCCEB2B44216D805EB39
:10558000C1014FF47A756A43B1F902404968521A71
:1055900004EBD47102EB610292FBF4F29042CFDB98
:1055A000B3F902009042CBDC10B2C9E737F831E022
:1055B0004E1CE645E3D33146DEE70348C0E700BFB3
:1055C00000E10300E01D00200080FFFF08B5044853
:1055D000FFF710FFBDE80840012027F04DB800BFDD
:1055E00004E1030000487047060D00201B0603F08D
:1055F000706300F00F000902034301F470611204AC
:1056000002F470220B431343014A1360704700BF3A
:105610000020025C60B5054619B10139B1F5806F13
:1056200010D2094EF06810F48030FBD143EA01211A
:10563000120741EA050302F08052134343F000438E
:10564000736060BD0120FCE70020025C0122054B75
:105650009A60DA68D203FCD4D86820F00F00000406
:10566000000C70470020025C014B1868704700BFB7
:105670000040025C014B5868704700BF0010025C9C
:10568000014B186B704700BF0010025C014B18689B
:10569000704700BF0010025C014B9860704700BF6C
:1056A0000010025C014B1864704700BF0010025CE0
:1056B000014B5864704700BF0010025C014B5863F7
:1056C000704700BF0010025C0022014B1A60704757
:1056D0000010025C024A136843F001031360704734
:1056E0000010025C024A136823F001031360704744
:1056F0000010025C43F20402014B1A60704700BFC5
:105700000010025C024A136843F0300313607047D4
:105710000010025C044B1A6842F480721A601A6826
:1057200022F480721A6070470010025C024A13680B
:1057300043F48063136070470010025C034A1368EF
:1057400023F4702343EA0040106070470010025CAD
:10575000044B1A6902605A6942609A698260DB6987
:10576000C36070470010025C0268044B1A61426813
:105770005A6182689A61C268DA6170470010025CFF
:10578000024B1A6BD207FCD4186270470010025CFF
:1057900082B01FB507930A9B04AC8B4228BF0B460F
:1057A00004E907001048D100079948BF033301609E
:1057B000099948BF23F0030323F0704301F0E0414F
:1057C000194341F000518160002102F0E042019C48
:1057D000134343F00053C16004618361416304B02B
:1057E000BDE8104002B070470000025C3F22034B4E
:1057F0001A631022DA6103229A6370470000025C88
:10580000024AD36B9B07FCD4704700BF0000025CC8
:10581000034B986A10F0240018BF0420704700BFA3
:105820000000025C08B5FFF7F3FF064BDB6B23F4C7
:105830007F4323F0EF0303431EBF0122024BC3F853
:10584000FC2F08BD0000025C00F0FF3F032208B5FA
:10585000054B186019615A63FFF7C8FFFFF7D0FFC7
:10586000BDE80840FFF7DEBF0000025C4268034667
:10587000182A10B50AD0202A1DD0102A2BD1174A79
:10588000D2F80424D4010AD4012013E0134AD2F838
:1058900004249001F8D50A6842F008020A60104812
:1058A0001A6882424FF000000ED10A6842F04002AE
:1058B0000A60586010BD094AD2F804245201E3D5A9
:1058C0000A6842F00402E9E7064CA242F2D10A68F3
:1058D00042F08002ECE70720ECE700BF0000025C2A
:1058E0000E2B00200F2B00200B4607B50749D1F8DF
:1058F0000414C90708D5002100920246084600F0AA
:105900005BF803B05DF804FB0120FAE70000025CDD
:105910001346064AD2F80424D20504D50A460146A5
:1059200000201CF019BB0120704700BF0000025C82
:1059300013B5084CD4F80444E40508D50093134685
:105940000A460146002000F061F802B010BD0120B7
:10595000FBE700BF0000025C13B5084CD4F8044418
:10596000E40508D5009313460A460146002000F0DE
:1059700071F802B010BD0120FBE700BF0000025C1F
:1059800070B504460D4616468CB00A4A09AB07CAE4
:1059900083E807001A462146CDE90563CDE90333C4
:1059A000CDE9013300954FF480301CF0F9F90CB0CB
:1059B00070BD00BF88E10300F0B51C465B6815466A
:1059C0008DB01A07129E1AD1CBB17268934216D1CC
:1059D0000C4B0D4A53F8217009AB07CA83E8070046
:1059E0001A462946CDE90533CDE90333CDE90163F4
:1059F000009447F480701CF0D3F90DB0F0BD07207F
:105A0000FBE700BF94E1030088E10300F0B5164610
:105A10005A688DB0102A0D46129F15D17A68102A47
:105A200012D10A4A09AC07CA84E80700224629466F
:105A3000CDE90547CDE90344CDE90144044800968A
:105A40001CF0AEF90DB0F0BD0720FBE788E10300C4
:105A500030000100F0B516465A688DB0102A0D4688
:105A6000129F15D17A68102A12D10A4A09AC07CAC6
:105A700084E8070022462946CDE90574CDE90344B0
:105A8000CDE90144044800961CF08AF90DB0F0BD40
:105A90000720FBE788E103001000010082B070B529
:105AA00086B0149D03AE202D86E807000B9359D8CD
:105AB00005EB85038B4203D006236B438B4253D106
:105AC0000C9BAB4250D10F9BB3EB450F4CD1129ABC
:105AD000934249D1012229462220159BFFF79AFDC6
:105AE000044630BB034606220E210C20FFF77EFD44
:105AF0000123CDE900332B4696E807001CF0EDF8B2
:105B00000E230BAA009307CA2B461CF031F80C2376
:105B1000164C00930EAA2B4607CA1CF059F863686E
:105B200023F07F0343F026036360FFF78FFD30B15E
:105B30000624204606B0BDE8704002B07047636896
:105B400023F07F0343F022036360FFF77FFD0446E9
:105B50000028EDD1062311AA009307CA2B461CF09A
:105B60006AF8E6E70124E4E70724E2E70020025CA4
:105B700070B598B0002843D02C4C08AD0FCC0FC5A1
:105B80000FCC0FC50FCC0FC594E80F0085E80F00B0
:105B90006D4604AE04F1100320340FCB85E80F00EE
:105BA00094E80F0086E80F00FFF7B4FD0420FFF72C
:105BB000C5FDFFF79FFD3046FFF7D6FD002408AE78
:105BC00056F8040B0134FFF7DBFD102CF8D1FFF77A
:105BD00051FD0328FBD90024FFF776FD2646FFF789
:105BE00043FD55F8043B01365840042E44EA0004B6
:105BF000F5D12CB1012206200D4B1A7018B070BDE2
:105C0000FFF788FD0820FFF747FD0020FFF74AFD5A
:105C10000720FFF74DFD4FF40070FFF74FFD082000
:105C2000FFF78CFDFFF756FD0020E7E770E2030069
:105C3000112B002008B5FFF76DFD0122014B1A70F2
:105C400008BD00BF102B00201FB51CF000FB044650
:105C500030B1012206240D4B1A70204604B010BD4D
:105C6000FFF702FD0090FFF7FFFC0190FFF7FCFC3F
:105C70000290FFF7F9FC03906846FFF775FDFFF708
:105C8000D9FFFFF73FFDFFF751FDE6E7112B00209D
:105C900006289ABF014B185C00207047D0E2030031
:105CA00030B5154B87B00293144B0390049346F61E
:105CB00011030D46059300F06DF91428044616D122
:105CC00068461CF074FB4FF0A843032202A95A63F4
:105CD00019601D619A63DA6B9207FCD1142C02D112
:105CE00068461CF072FB00F089F9044601E00028C8
:105CF000E9D0204607B030BDF81D00200400002088
:105D00002DE9F04FB1B005468C46E9466E4F3B9EFB
:105D1000DDF8F8E0409C07F1100AC8463868796859
:105D20000837A8E803005745C146F6D10EEB020834
:105D3000C8F1000909F00F09002E00F0AF8077428A
:105D400007F00F070121DDF8FCB0C4F1100ACDF80F
:105D500010B0059144F0005106914FEA0A2101F478
:105D6000F85141F02101079106B96B460893002DC7
:105D700040F09680002C00F0938004AB0993002E35
:105D800000F0908046F000530A93002D40F08D8083
:105D9000002C14BF0123212343EA07230B9308A9F6
:105DA00042F00053CDF830C03D980D910E934FEA6C
:105DB000092343F041030F93109002B10CA9002A6C
:105DC00016BF00224FF00052412342EA0E02119109
:105DD000129213933C9B3D4A149310AB15933C4B8A
:105DE0000021169340F6110317933A4B002D08BF7C
:105DF0001346189314AB1993374B10221A9311239F
:105E00001B931CAB184627F06DF801221D924AF037
:105E100080421E9200220346239205B9EB46102CC5
:105E200008BF01230DF1900A102200215046CDF841
:105E300080B02193229427F055F8002C37D020AB66
:105E4000002125938F4218BF534647F08042269287
:105E50003A9A2CA88A422892299313460CBF4FF0F5
:105E600080430B46102233432B912A9327F03AF8B4
:105E7000FEB95346C8442D932CA948F0804318A876
:105E80002E93FFF70DFF30B92DB90346A34212D16F
:105E9000002818BF2C2031B0BDE8F08F102751E743
:105EA00001236BE747F000536EE7212374E70123DA
:105EB000C6E728ABDEE703F1C0026A4412F8C02C43
:105EC00001331043E2E700BFD7E20300E8E203003A
:105ED00010000020ECE2030004000020F0B5C0290F
:105EE0009FB0249E4FD0B1F5807F04D0802941D04F
:105EF00029201FB0F0BD40F2344440F21445002E7A
:105F000008BF2C46212710250194012402960394F2
:105F100004950597259F069706B102AC07940124C6
:105F2000089509940A9221220B940C950D92174A18
:105F30000AAC0E92164A0F94109242F61102119278
:105F4000129313941495159201AA1692CBB112AB29
:105F50001793042318931123199316AB1A901B93CC
:105F600040F61103C9081C911AA806A91D93FFF752
:105F700097FEBEE7002E14BF4FF486644FF4826490
:105F8000C0E70EABE4E70F20B3E700BFF0E2030089
:105F90001000001038B5164B5A6E42F004025A66D3
:105FA000D3F8802242F00102C3F88022114B5B68D3
:105FB000C3F3080343B14FF0A842D36B13F0430F70
:105FC000FBD11424204638BD4FF0A843DC6B14F0FD
:105FD0004304FBD1084D2B681BB90421284602F06D
:105FE00053FF2B68013343F000432B60EAE700BF07
:105FF0000080005000ED00E0F81D0020014B002063
:106000005B68704700ED00E04FF40052034B002046
:106010009A660322C3F86022704700BF00900050C8
:106020004FF40052034B00209A660322C3F860220B
:10603000704700BF00A00050012300F01F02A0F530
:1060400006200949A0F550604009934051F82020EE
:106050001A4341F82020054951F8202022EA030381
:1060600041F82030704700BFFC1D0020101E0020AA
:106070000121A0F506230F4AA3F550635B0900F048
:106080001F0001FA00F052F8231008430A4942F8B1
:106090002300D1E90030034488680344C8680969D3
:1060A00003445B1802BFC2E90033C2E90233136143
:1060B000704700BF101E0020FC1D00202DE9F04F8E
:1060C000A9B002921D46DDE9326704460822CDE9F7
:1060D0000301414021FA02F34B40980702F1080204
:1060E00018BF9B00202A1C44F4D18123B4FBF3F396
:1060F00003EBC313E41A7A4B04F506241B7804F56A
:106100005064002B40D1FDF755FF014620B16FF0E0
:10611000910029B0BDE8F08F4022059008A826F034
:10612000E1FE4022059918A826F0DCFEDFF8C891B0
:10613000DFF8C8A14B4603F10F0B102208A9DAF8CB
:106140000000CDF800B0059326F021F800220146AA
:10615000059B09F110090DF1200891424CD1CDF8B1
:1061600000B01022DAF8000018A926F019F84FF054
:10617000000B03460DF160085B4549D1594B994529
:10618000D8D10122564B1A704FF081084FF0000908
:10619000DFF868A1A4F506235349A3F5506252091C
:1061A00051F8221004F01F0C21FA0CF1C90744D455
:1061B0004E4951F8220020FA0CF010F0010030D0C6
:1061C000B9F1000F08BFA146A3F6FF448123B4FB39
:1061D000F3F303EBC313E41A04F50624B8F1010842
:1061E00004F55064D6D1029BEBB1B9F1000F1AD07F
:1061F000349BC3F800906DE058F8040BCDE90623FA
:106200000591FFF719FF069A079B05990132A4E74C
:1062100058F8040B05930BF1010BFFF729FF059BC1
:10622000AAE7029B13B96FF08B0072E7349BB9F1B8
:10623000000F4ED0C3F800906BE70EB1002333601F
:106240000FB100233B604FF0100B00232A4621467C
:10625000DAF80000CDF800B012F050FF08BB0EB124
:10626000C6F800B02B68224A934224D166B15FB1D0
:106270003B462146DAF8000018AA12F093FF80B9D5
:106280003B6832689B1A3B60D5E90223DDE90310C5
:10629000834208BF8A4216D0A4F50624A4F6FF4420
:1062A00094E7144B984206D01233984203D0133B24
:1062B0009842E9D02BE72146DAF8000012F0B6FF49
:1062C0000028E1D0AFE7029B13B16B68012B03D02C
:1062D000349B1C6000201CE76FF0840019E700BFAE
:1062E000122B002000710800FC1D0020101E002051
:1062F000105D175EFFDF00F0006D0800F00A00205F
:106300002DE9F04F87B08246894698461646DDF85B
:1063100040B02AB1002B4ED040F26C739A424DD857
:10632000BBF1010F4DD8002406F1100739460120BA
:1063300005941CF082FB0546002845D021463A46CC
:1063400026F0D0FD05ABCDE9014300942B46012298
:1063500050464946FFF7B2FE044680B110F18C0F5B
:1063600008BF6FF08D043A460021284626F0BAFD9A
:1063700028461CF073FB204607B0BDE8F08F144B95
:10638000C5E902A92B60C5F804B02EB132464146DA
:1063900005F1100026F07FFD0E483B462A46059980
:1063A000006812F013FE18B90598FFF745FEDAE70A
:1063B0006FF09104D7E76FF08604DCE76FF091048B
:1063C000D9E76FF08504D6E76FF08C04D3E700BF00
:1063D000105D175EF00A00202DE9F0438DB0814674
:1063E000DDE914780C4615461E469BB1B8F1000F46
:1063F00005D16FF0860420460DB0BDE8F083002F74
:10640000F7D0B7F1005FF4D3C3F1005303F50043B5
:106410009F42EED81022002108A826F063FD00223A
:1064200007AB029305AB019306AB214600934846A8
:1064300008ABCDE90522FFF741FE04460028DAD17A
:106440000599DEB1A94203D80029D2D115B1D0E710
:106450000029FBD0491BB14228BF3146069B0948A1
:10646000C8F8001000913A46079900682B4412F0D2
:1064700045FE002818BF6FF09104BCE7A942E9D29D
:10648000B7E700BFF00A002030B58DB00C460546D6
:106490001022002108A826F025FD002207AB029358
:1064A00005AB019306AB21460093284608ABCDE926
:1064B0000522FFF703FE0446D0B9099B012B1AD031
:1064C000104B0799186812F0B1FEB8B9012207986D
:1064D0000D49A0F50623A3F550635B0900F01F05E5
:1064E000AA4051F823506A4041F82320FFF7C0FD2D
:1064F00020460DB030BD6FF08404F9E76FF09104D1
:10650000F6E700BFF00A0020FC1D00202DE9F04F47
:1065100089B007460E46FFF7B9F8C20705D405242F
:10652000013C2ED16FF0920028E0102200210DEBEB
:10653000020026F0D7FC04A8FFF70AF9049B002B01
:10654000EDD0059B002BEAD0069B002BE7D0079BE4
:10655000002BE4D00025DFF8908008F10409B54253
:106560001ED30124FFF78CF800F00E03062B33D165
:1065700010F4807002D0FFF7B5F8002009B0BDE834
:10658000F08F01201BF070FE0028C9D1FFF778F8CA
:1065900010F00E03FAD0022BF8D04305DAD5BFE78E
:1065A000FFF768F8A6EB050A8400544528BF544657
:1065B00099E8030000238DE80300CDE9054307EBCC
:1065C000050BCDF810B0029404AAD8F8003007CA21
:1065D0001BF046FD2544C2E7082BA3D804FA03F3B9
:1065E00013F48A7F9ED0BDE7FCE203001FB504A828
:1065F00000E90E0011460198FFF788FF70B1FFF720
:1066000019FBBFF34F8F0749074BCA6802F4E062DA
:106610001343CB60BFF34F8F00BFFDE705B05DF8BC
:1066200004FB00BF00ED00E00400FA052DE9F04393
:106630008BB01746DDE91545DDE913269C46DDE9FB
:106640001738894621B96FF086000BB0BDE8F0839A
:10665000002FF8D00EB9002CF5D1129909B9002AF3
:10666000F1D10DB9002BEED1B8F1000FEBD0254AD6
:10667000944544D10288B2F5105F40D14288B7EB0F
:10668000D20FE0D322F04001802902D0B2F5807F02
:10669000D9D11CB92046C8F80040D6E7AE421CD27A
:1066A0003219954219D29C42CDD83146224628460D
:1066B00026F0FEFB2E4614F00F03C4D1CDE901975E
:1066C000CDE90336CDE90543CDE907540993FFF73A
:1066D0009BFC38B16FF09200B7E79C42EBD96FF0AA
:1066E0008900B2E707AA04A901A8FFF7FDF805464B
:1066F000FFF796FC2843EDD1C8F80040A5E76FF0FE
:106700008500A2E7004440042DE9F04FA9B083467C
:1067100017469A460E46DDF8C890DDF8D88029B9AC
:106720006FF08603184629B0BDE8F08F002AF7D035
:10673000B9F1000FF4D0349B002BF1D0B8F1000F69
:10674000EED00024434B0CAD93E8070085E807002A
:106750003C22214619A8189426F0C4FB328871887F
:1067600002F4E040B0F5804FDAD03B4E3B480BEAF4
:10677000060646F01066864265D1B1F5807F62D18B
:1067800047F212118A425ED106203549BAF11F0F35
:106790000A69CB6800FB02F209680B93CDE90C1281
:1067A0000E94BDD9339B402BBAD9359B1F2B4DD9A5
:1067B00009F1010220261292402299F800300F9729
:1067C000042B18AFCDE91324CDE91572109611945E
:1067D0001794A5D1FFF718FC03460028A2D10B9B04
:1067E00015AACDE9086305AB07CA83E8070002AB29
:1067F00012AA07CA83E80700DDE910018DE803004B
:106800000F9B95E80700FFF749F90546FFF708FCDD
:1068100055EA000384D13D46349A20AE2C4603CC81
:10682000B44210605160254602F10802F6D1002200
:106830001046B9180132412A03D12022C8F800209D
:1068400070E70870F5E76FF085036BE76FF0890379
:1068500068E700BF88E103000000FFF600000209BE
:106860005CE20300F0B58C461D468BB0002856D084
:10687000002954D0002A52D0002B50D00488B0F800
:1068800002E0234604F44F41B1F5824F18BF0024C3
:1068900023F0FF03B3F5E24FE4B203D06FF08500BD
:1068A0000BB0F0BD122C01D0172CF7D10EF107035D
:1068B000B2EBD30F4FEAD30734D31D4B04AEBEF572
:1068C000807F93E8070086E80700E7D1122C07D104
:1068D000184B1A691B681344CDE904320023069350
:1068E0000023CDE907C70993FFF78EFB0028D7D116
:1068F000114A02AB92E8030083E803000AAB13E9F4
:1069000003008DE80300079B96E807001BF02EFBB1
:106910000446FFF785FB204307D12F60C0E76FF0E7
:106920008600BDE76FF08900BAE76FF09200B7E725
:1069300088E103005CE20300F4E203002DE9F04388
:106940008FB01D46DDE916C6002863D0002961D04E
:10695000002A5FD0002B5DD0BCF1000F5AD0002E72
:1069600058D00388B0F802E01C4603F44F47B7F54F
:10697000824F18BF002324F0FF00B0F5824FDBB236
:106980004ED0B7F5824F4BD1122B01D0172B47D1E8
:106990000EF10700B2EBD00F4FEAD0083AD34FEA1E
:1069A0004802571C674538D8BEF5807F38D1122B76
:1069B00018BF4FF000094FF0000308BF1B4CCDE992
:1069C000081805F1010114BF4C46D4F80C90CDE92C
:1069D0000B120A930D93FFF717FBC0B9CDE9058998
:1069E00002AB08AA07CA83E807000EAB13E903004D
:1069F0008DE803000B9B94E807001BF0D6FA0446D1
:106A0000FFF70EFB20430ED104232B7037600FB02D
:106A1000BDE8F0836FF08600F9E76FF08900F6E7D4
:106A20006FF08500F3E76FF09200F0E75CE203009F
:106A30002DE9F04389B00D4614461F46DDF8488025
:106A400020B96FF0860009B0BDE8F0830029F8D0C6
:106A5000002AF6D0B8F1000FF3D0028802F44F43B9
:106A6000B3F5824F0CBF13460023DBB202D06FF0A8
:106A70008500E8E7122B01D0172BF8D122F0FF0296
:106A8000B2F5E24F40D14288C8F80020002A36D142
:106A9000E200C8F80020D8F80020B2F5807FE6D1E7
:106AA000122B09BF384B00221A681B6905EB04063C
:106AB00008BFD21800231846224412F801CD16F858
:106AC000011D0843B1EB0C010CBF4FF0FF3C4FF030
:106AD000000CB5420CEA030343EA0103EDD10028A0
:106AE000AFD0002BADDA109B9C4249D822462946F4
:106AF000384626F0D0F9119B00201C60A3E707322E
:106B0000B4EBD20FC7D09CE72A78042A99D1621E31
:106B1000D2005208B2F5807FC8F80020A7D1122B0E
:106B200005F1010318BF4FF000094FF04002059333
:106B30004FF000030ABF144E4E46D6F80C90CDE934
:106B40000623FFF761FA00287FF47DAFCDF80C90A3
:106B5000D8F800300733DB08029308AB13E90300D1
:106B60008DE80300059B96E807001BF0C7FA064670
:106B7000FFF756FA00287FF466AF002EB3D060E727
:106B80006FF089005FE700BF5CE203002DE9F04F82
:106B90008FB00546DDE918A993461E46DDF86880EA
:106BA0001C9F09B300B3B8F1000F1DD0E7B1BAF1D3
:106BB000000F02D1B9F1000F16D1284B26F47E1236
:106BC0009A4247D128461BF04AFC0446B0BB6B886A
:106BD000BBEBD30F4FEAD30206D316F47C1FC6F3E8
:106BE000054504D0102D03D96FF0860426E010254A
:106BF0001B9B9D422BD80023CDE901121022CDE929
:106C000005930DF12809CDE9033ACDE90823CDF824
:106C10001C90FFF7F9F9044680B907AA04A901A856
:106C2000FEF776FE0646FFF7FBF9044656B958B95B
:106C30002A464946404626F02EF93D6020460FB0D0
:106C4000BDE8F08F6FF0920400233B60F6E76FF031
:106C50008904F3E76FF08504F0E700BF0002C0038A
:106C60002DE9F041069F0C461646054610B309B3C0
:106C700002B9FBB96288B3EBD20F4FEAD20819D33D
:106C80004C220021284626F02DF90D4B27F47E12C8
:106C90009A4212D120461BF0E2FB044638B9424624
:106CA0003146281D26F0F7F8C5F824802F602046CD
:106CB000BDE8F0816FF08604F9E76FF08504F6E730
:106CC0000002C0032DE9F0410E4614460546002897
:106CD00040D000293ED012B90020BDE8F081036801
:106CE0001F4823F47E13834237D1AF6BE7B1C7F15E
:106CF000100807F128004245284404D226F0CBF8BA
:106D00003C44AC63E8E7424626F0C5F81022103C4C
:106D10003C19AA63E0D0284605F128011BF0BBFB13
:106D20000028DAD14644A863102C0CD9671E27F03E
:106D30000F073A46314628461BF0ADFB0028CCD160
:106D4000E41BC9D03E442246314605F1280026F016
:106D5000A2F8D6E76FF08600BFE76FF08800BCE7C7
:106D60000002C0032DE9F04388461F4605468BB05C
:106D700070B169B163B10368234923F47E1088427E
:106D80003ED113F47C1FC3F3054604D0102E03D963
:106D90006FF086042AE0102696422BD8FFF734F9CC
:106DA000044618BBAB6B05F12802CDE901236B6AE1
:106DB0002A1DCDE904231023CDE9083007AB1A467C
:106DC0000390069005F13C0901A904A8CDF81C9098
:106DD000FEF7C2FD0546FFF723F904466DB928B951
:106DE00032464946404626F056F83E6020460BB0F3
:106DF000BDE8F0836FF08904F8E76FF09204F5E7DF
:106E00006FF08504F2E700BF0002C00307B56B46D0
:106E1000054A1068516803C36846FDF741FF00202A
:106E200003B05DF804FB00BF08E3030013B50024C2
:106E3000064A6846536F43F00103536700948DF888
:106E40000440FDF765FE204602B010BD0040005032
:106E500030B58BB06C46174D0FCD0FC40FCD0FC49E
:106E600095E8030084E80300134BD3F84C21120388
:106E700017D4D3F85041E4B28DF81940FDF784FCE3
:106E8000204480F308008DF818000C48FCF74CFCF7
:106E90006846FDF793FB3220FDF7AEFC00200BB0F7
:106EA00030BD074B1C884FF6FF739C4208BF8C24F3
:106EB000E2E700BF10E303000080E00F00F04902AA
:106EC0000001E00F6FF00402502110B50A480B4C8E
:106ED00012F0800FD3B21BBF03F00F03043BA318C3
:106EE0001B1802F101020CBF83F800131976402A27
:106EF000EED1002010BD00BF00ED00E000E100E099
:106F000010B504461AF0AAFD024B1C601AF0AAFD47
:106F1000002010BD241E002010B51AF09FFD034B69
:106F20001C681AF09FFD204610BD00BF241E0020E3
:106F300038B50446026C136C5906FCD50023E16C8D
:106F40001A4694F84800FEF74DF80023616D1A4682
:106F500094F85000FEF746F894F86830DA0706D542
:106F60000023E16D1A4694F85800FEF73BF894F8B8
:106F700068309B0706D50023616E1A4694F86000BE
:106F8000FEF730F80122206C002100F500539A64CE
:106F900004220A4D9A641AF0B6FD0021606CFDF7D8
:106FA00003FA284604F16C011AF04AFB2B6813B966
:106FB000034800F06BFD002038BD00BF281E0020F4
:106FC0002C1E0020012910B505D8064B1C686C3C0E
:106FD00014F16C0F00D110BD206C05211AF093FD47
:106FE000E46EF4E7281E00202DE9F0438DB01C4626
:106FF00006AB064689461846904600211822149D85
:1070000025F070FF227903460AB18DF81820012778
:10701000C8F81C3063793046002B14BF3B4602236E
:10702000CDE903336A4B4A4602936A4B29460193E2
:10703000694B8DF81E700093684B00F03BFA0646D2
:10704000002840F09E80A36839466B64A3693A200B
:107050006B65237DDFF89C9185F850302369EB64E4
:10706000237B85F84830236AEB65237F85F8583009
:10707000A36A6B6694F8243085F8603023682B642B
:10708000FDF792F93B4604222169207BFDF7AAFF18
:107090003B460222A169207DFDF7A4FF88F800602D
:1070A00085F868603946A068FDF77EF9637939464E
:1070B00033BB4FF4C060FDF777F9D9F82032414671
:1070C00023F0030343F002032068C9F820321AF0CA
:1070D00027FD0222424B2169C3F8C020227B42EAED
:1070E0000142C3F8D020A169227D42EA0142C3F8DF
:1070F000CC202379032B69D8DFE803F02E194760F1
:107100004FF48060FDF750F9D9F82032414623F062
:10711000030343F00103C9F8203220681AF0FDFC94
:1071200095F8683043F0040385F86830D1E700270C
:1071300095F8683043F0010385F868300023022297
:10714000216A207FFDF74EFF226A237F43EA024334
:10715000244AC2F8C430F7B904222B6C052103F588
:1071600080539A6420681AF0CEFC1F4B1B681BB931
:107170001E491F4800F078FC1B4805F16C011AF00D
:107180005BFA30460DB0BDE8F08395F8683043F007
:10719000020385F8683000230422A16A94F82400D1
:1071A000FDF720FF01230F4AA16AC2F8C03094F80E
:1071B000243043EA0143C2F8C830CDE795F868307F
:1071C000012743F0030385F86830B7E72326D8E7A3
:1071D000316F01008F25030077250300BF250300D1
:1071E00000C4035000D40350281E0020140B0020BC
:1071F0002C1E002000800050034B02221868002340
:107200008068194619F0ECB8180C002030B5144607
:10721000054687B010461BF05EFA6369024683425A
:107220003CBFD4E903315B181B1A7BB10F492846D8
:1072300003910021CDE90131012304940093D4E9A5
:1072400000131AF0D7FA002007B030BD0122627691
:1072500094F82D20002AF6D084F835301321E36904
:10726000204698472046636A9847ECE70D72010074
:107270002DE9F04788B004468846174699461AF02B
:10728000F4FB8246002F7AD0237E03F0FF02002B0E
:1072900000F0A28020461BF01EFA6669B04205D1BC
:1072A000637ED4E903521544AD1B01E0F9D9851B77
:1072B000BD4228BF3D461AF0D8FB94F82D30064653
:1072C000002B6DD12A464046616925F0E4FD6369D3
:1072D0002F462B44636121E0037803F0FD0111295F
:1072E0005BD1216B814205D1A3F111014B424B418E
:1072F00084F83430013F6369216B01328B4203F122
:10730000010308BF2363636195426069E4D1D4E956
:107310000323216B1344994200D122630025D4E951
:10732000032361691344994208BF6261207A65763C
:10733000FCF79CFC20461BF0CEF96369834232D1F6
:10734000257694F82D30E568656103B12563204604
:10735000636A9847214B2A460393002302932369CB
:10736000216801930123207A0093049463681AF042
:1073700041FA207AFCF79AFC30461AF07CFB504622
:10738000C9F800701AF077FBD9F80030002B0CBF59
:107390001B20002008B0BDE8F08708F8013BAAE7F1
:1073A0002F460022B0E70123207A23760DF11E013B
:1073B000FCF7E4FC9DF81E30002BDAD00DF11F0124
:1073C000207AFCF7B3FC9DF81F100029D1D122468A
:1073D000207AFFF71BFFCCE71746D0E70D720100BC
:1073E000002808DB0123420900F01F0003FA00F027
:1073F000014B43F82200704700E100E0002809DB60
:107400000122430900F01F0002FA00F0024A603333
:1074100042F82300704700BF00E100E070B5044669
:107420000568FFF779FD844202D10020FFF768FD6F
:1074300095F93600FFF7E2FF95F93630002B0DDBAA
:1074400001215A0903F01F0301FA03F318492032FE
:1074500041F82230BFF34F8FBFF36F8F95F937009C
:10746000FFF7CCFF95F93730002B0DDB01215A09CE
:1074700003F01F0301FA03F30D49203241F82230D3
:10748000BFF34F8FBFF36F8F287AFCF72FFC287A5A
:10749000FCF792FBFCF76EFB00232846C4E900339F
:1074A000C4E90433A360AB6ABDE87040184700BF6D
:1074B00000E100E02DE9F0410C461546064686B095
:1074C0004022002120461F4625F00CFD95E80300D0
:1074D00000232A692376EB6884E80300C4E90423C7
:1074E0002A7DE36084F82C20AA7D2363012384F89D
:1074F000343084F835300C9B84F82D2023620D9BAA
:10750000E76163620E9BA3622B7A84F836306B7A54
:1075100084F837302D4B346073602D4BB3602D4BA6
:1075200033612D4B73612D4BF360FCF76BFB38B16E
:107530002B4B984204D01024204606B0BDE8F081C1
:10754000002104F10800FCF7E5FA07460028F2D113
:107550004FF00108234B3362234B84F83C80B36126
:10756000224BF3619DF8403084F8390084F83B30B9
:107570009DF83C30204684F83A30697D84F83880A4
:107580001BF0B9F895F90900FFF738FF95F90900E4
:10759000FFF726FF164B0494CDE902732369CDE96A
:1075A00000836368E2682168207A1AF023F90446B0
:1075B0000028C0D195F90800FFF720FF95F90800D1
:1075C000FFF70EFF3046FFF79BFCB5E747270300A8
:1075D00071720100C5260300CB2603001D74010053
:1075E000038000F09B260300F7260300D12603004A
:1075F0000D720100BFF35F8F074B5A6A22F480328D
:107600005A62D3F8942022F00102C3F89420BFF309
:107610004F8FBFF36F8F704700ED00E070B52648C5
:10762000264CFFF7E7FF844208BF4FF08043244A0F
:1076300018BF20F01F03D2F8C01018BF203B21F064
:10764000FF0141F0A001B3F1005FC2F8C0100CD3FC
:107650001C4D1D4E296843F00103C2F898100131FA
:10766000C2F89C60C2F8A0302960844210D015484E
:10767000164B0268124923F01F0343F00303C1F8BD
:107680009820C1F89C30124B0132C1F8A030026042
:10769000BFF35F8F05220A4BC3F894205A6A42F465
:1076A00080325A62BFF34F8FBFF36F8FBFF34F8F9C
:1076B000BFF36F8F70BD00BF380D0020100F00208A
:1076C00000ED00E0341E0020030000202F0F0020FA
:1076D000E1FFFF3FF8B51446FFF78CFF1F2C27D9B9
:1076E0000027C2062A4D1CBF20F01F0020302A6848
:1076F000CB06284B18BF21F01F01FCB2A24219D8BB
:10770000D3F8C04020F01F0024F47F4444F4807478
:1077100021F01F01C3F8C04040F00300C3F89820D7
:1077200041F003010132C3F89C00C3F8A0102A60A5
:1077300000201AE0C3F89840D3F89C40D3F8A0602A
:1077400024F01F04A04226F01F0601D1B142EFD061
:10775000B04201D8A14207D2D3F89840013724F0B3
:10776000FF04C3F89840C8E72820BFF35F8F0522C5
:10777000084BC3F894205A6A42F480325A62BFF32D
:107780004F8FBFF36F8FBFF34F8FBFF36F8FF8BD76
:10779000341E002000ED00E0BFF34F8F0549064B7B
:1077A000CA6802F4E0621343CB60BFF34F8F00BF9F
:1077B000FDE700BF00ED00E00400FA05054B1A7874
:1077C0002AB95B78002B14BF0220032070470120E8
:1077D000704700BF1B2B00200329F8B598BF124B40
:1077E00005460E468CBF00245C5C032805D8DFE804
:1077F00000F002080B0E44F002040C4B1F684FB956
:10780000F8BD44F00804F8E744F02004F5E744F03C
:107810008004F2E77B681A68144203D03146284698
:107820005B6898473F68EAE738E303005C1E002086
:1078300038B5104D2B78ABB10F4C23781BB100F04D
:10784000A9FB0023237000201BF01DF80B4C50B146
:1078500000F0F2FB0023012120782B70FFF7BCFF22
:107860000123237038BD0122054B1A702278054B85
:107870001A70F7E71A2B0020152B0020132B00207D
:10788000192B0020202B002010B51AF0E7F8064B2A
:1078900004461B781BB1BDE810401AF0E3B8FFF7AF
:1078A000C7FF2046F7E700BF142B0020002814BFB5
:1078B0000121FF21074A13780B44137008D0064BAF
:1078C0001B78012B04D9054B1B780BB9FFF7B0BF10
:1078D000704700BF1B2B0020132B0020192B00200A
:1078E00070B51AF0BBF8124E054633789BB900F01C
:1078F000D7FC044620B128461AF0B4F8204670BDE3
:107900000C4819F096FE00F0C3FF0B4B1C6000F012
:107910008DFD0A4B186000F01BFA1AF0B6FF084BF9
:10792000002418600123284633701AF09BF8E5E71D
:10793000162B00205C1E0020641E0020601E00200C
:10794000581E002000292DE9F34114BF0121FF2119
:10795000254A00F1FF30135C0B4413543AD0234EF8
:107960003178012936D9FFF729FF0128044634D898
:107970001F4F1AF073F83B781BB31E4D2B781BB9C1
:1079800001222A701C4A1370DFF8708098F80030CA
:1079900033B1019000F0FEFA0023019888F800301E
:1079A0001AF060F801201AF06EFF1AF057F82B78E1
:1079B0002BB1019000F040FB002301982B700023B5
:1079C0003B701AF04FF83078A04203D02146FFF701
:1079D00003FF347002B0BDE8F0810329F3D102281F
:1079E000F1D11AF056FFEEE71B2B0020132B0020DD
:1079F0001A2B0020142B0020192B0020152B0020FF
:107A000010B504461AF02AF8002C14BF0121FF21FA
:107A1000064A13780B44DBB21370B3FA83F3BDE864
:107A20001040034A5B0913701AF01CB81E2B00208B
:107A30001D2B002068B51AF011F8094B06461B787B
:107A4000012B04D81AF00EF80025284668BD054B16
:107A50001D6800F03BFB054430461AF003F8F4E7DC
:107A6000132B0020641E002038B54160044619F035
:107A7000F5FF05462146044819F0DEFD2846BDE81D
:107A8000384019F0EFBF00BF5C1E002013B5019015
:107A900019F0E4FF04460199044819F0D1FD20468D
:107AA00002B0BDE8104019F0DDBF00BF5C1E002031
:107AB000054B1B685843054B00F5742000F23F202E
:107AC000B0FBF3F0704700BF601E002040420F0083
:107AD0002DE9FF47EFF3108672B600E000BF19F002
:107AE00028FD002800F09B80704D714F2B7823B14A
:107AF0000020FFF7DBFE00232B70FFF75FFE04463C
:107B0000002800F09380841EE4B2012C40F296809D
:107B1000FFF754FE0128804604D9664B1B780BB949
:107B200000F0BCF9644CDFF8B0912078DFF8ACA12C
:107B300040450AD0002389F800309AF8003013B984
:107B40004146FFF749FE84F8008099F800303BB1C8
:107B50002378022B04D1002389F8003024F0C1FEE1
:107B6000B8F1010F0FD9DFF84C8198F8003053B904
:107B7000524B1B7823B900F007FA0122504B1A70C0
:107B8000012388F80030207800F08AFA9AF8003053
:107B900013B14C4B1B78237000E000BF06B962B6EE
:107BA000EFF3108672B6484B1A7852B100221A7061
:107BB000444B20781B78984203D101212170FFF7B4
:107BC0000BFE384600F0A6FB19F0C8FC80460028E2
:107BD0008CD1384F89F800003B789BB1DFF8E090FA
:107BE0008AF8000099F800301BB100F0D3F989F849
:107BF000008000201AF047FE00284ED000F01CFA4A
:107C000000233B702B7823B10020FFF74FFE0023A9
:107C10002B7000212078FFF7DFFD0023237000E0A8
:107C200000BF06B962B604B0BDE8F0872B78002B20
:107C30003FF46EAFFFF73AFE2C7069E7002003A90E
:107C400000F0ACFB044600287FF462AF1F4B039AA0
:107C50001B689A4205D80120FFF728FE01232B70EC
:107C600056E71B4BD3F8008000F030FA039B8044AA
:107C70009845F0D200F042FA00280CBF00230423FC
:107C8000039943F00203CDE9004338462346114AE5
:107C9000A1EB08011AF0FEFD3AE7012000F000FA1E
:107CA00006B962B6EFF3108672B6A2E71F2B00206A
:107CB000381E00201A2B0020132B00201E2B002022
:107CC000152B0020202B0020182B0020581E0020F0
:107CD000641E0020897801001D2B0020192B002034
:107CE00010B519F0BBFE0022044B1C781A7019F075
:107CF000B9FE00F00FFD2043C0B210BD172B0020CD
:107D000073B5114E04463378834212D000238DF8A8
:107D1000043080B102238DF8053001A8FCF798FEED
:107D20000A4D402054B1FFF7C3FE2B68181A286093
:107D3000347002B070BD8DF80500EEE7FFF7B8FEB5
:107D40002B681844F3E700BF1D0D0020AC1E002077
:107D500073B5002401A88DF80440FCF73BFF2046D2
:107D6000FFF7CEFF414A4249136F424803F0070331
:107D70000B60D2F80011404D01F0030101604FF497
:107D800000203E49032B48664FF40030486601F559
:107D900098318969C1F3400129705ED0D2F8203151
:107DA00003F00303981E43424341D2F82421344C8C
:107DB00002F00702022A08BF43F001034FF4C87023
:107DC0002370FFF775FE2F4B2F4A18600A231668A1
:107DD0002E49013B13F0FF0341F8040BF9D100EBEE
:107DE000C003304418442B781060294D6BB32378BE
:107DF0001E4A3BB9D2F8003103F00303591E4B422F
:107E00004B412370D2F8003103F00303022B26D03C
:107E1000032B27D0012B18D1FBF780FCA8B11D4BF9
:107E2000411EDC680023024608461946C4F30B04D1
:107E3000194E013404EB8404E4FB060118F000F849
:107E4000FFF736FE2B68184428601F20FFF730FE2E
:107E50002B681844286002B070BD0123A5E7FBF72A
:107E600077FCDBE719F0DDFBD8E700BF00800050AE
:107E7000741E0020681E0020222B0020009000505D
:107E8000252B0020A81E00207C1E0020801E002024
:107E9000AC1E002000C0015040420F00074A0849B4
:107EA000D2F8203103F003030B60D2F82431054AE5
:107EB00003F00703136019F0E3BD00BF008000501A
:107EC0006C1E0020701E002008B5104B1A78C2B13D
:107ED00000221A700E4B1A6F22F0070242F00102C4
:107EE0001A67D3F8202142F00302C3F82021D3F807
:107EF000242122F0070242F00302C3F82421FBF7F9
:107F0000F7FB0122034B5A6708BD00BF232B00205B
:107F10000080005000E000500122154B10B55A6758
:107F2000144B154C1B7813B302201AF049FDF0B125
:107F300000F068FAD8B1A36DD90302D5E36D9A07B2
:107F400015D40D4B9B6DDB0711D401220B4B1A701E
:107F50001AF021FDBDE81040094B0A4A1860136F62
:107F600023F0070343F003031367FBF7C1BB10BD06
:107F700000D00050252B002000C00050242B0020F2
:107F8000781E0020008000500122014B1A707047BB
:107F9000232B0020F8B51F4B1B78002B39D01E4C2B
:107FA0002378B3B91D4B9A6DD10302D5DA6D9207D0
:107FB0002FD49B6DDB072CD41AF0EDFC184B194A1B
:107FC0001860136F23F0070343F003031367FBF7F5
:107FD0008FFB1AF0E0FC124B134D1B68134EC01AB6
:107FE0002B78134F56F8232046F82300111A3A68CD
:107FF0001048521A0A213A600932B2FBF1F20133F9
:10800000DBB20260B3FBF1F201FB12332B700023F1
:108010002370F8BD252B0020242B002000C0005029
:10802000781E002000800050212B0020801E0020A0
:108030007C1E0020A81E002008B519F023FD124B5D
:1080400012491A6F096822F007020A431A67104999
:10805000D3F82021096822F003020A43C3F8202143
:108060000C49D3F82421096822F007020A43C3F817
:108070002421094B1B7813B10122084B9A62BDE8F9
:108080000840FBF735BB00BF00800050741E002085
:108090006C1E0020701E0020252B002000E00050E8
:1080A00002280AD003280BD001280CD1064A1369F4
:1080B00023F00403136130BF70470020FCF7D4BCE9
:1080C0000020FCF7FDBC704700ED00E0054B1B787D
:1080D0001BB1054B1B6803EBD303044A106818441B
:1080E000704700BF252B0020A81E0020AC1E0020DA
:1080F0000122014B1A707047252B0020014B187884
:10810000704700BF252B002010B51AF052FC0A4C16
:108110000A4B19682368C31A01B10BB9206010BD5E
:108120004A699A423ABF9B1A0022D21A4A6128BF72
:1081300000238968F0E700BFB01E0020BC1E0020AD
:10814000C38870B504460D463BB9FFF773FC854202
:10815000064602D21AF08AFB35460F4965610B6864
:10816000ABB90C60A36011E0AD1A9A68184665615E
:108170002AB113465A69AA42F6D950B11A46134693
:108180008460A36013B15969491B596170BD002017
:10819000F0E70C60F5E700BFBC1E002038B5134DBA
:1081A0002B685B6993B1124A022014681C4400F0EA
:1081B0002BFB204600F0F6FA00230E492A680B70CC
:1081C000D088800709D501230B7038BD022000F04C
:1081D0001BFB022000F03AFBEEE79268002AF4D085
:1081E00050690344012BEBD9EFE700BFBC1E002010
:1081F000B01E0020272B002070B516469DF81420D5
:10820000C0E903360271049ABDF8183002600022FA
:1082100004460D468260C38006BB1AF0CAFB2844A0
:10822000A0613DB9E368656113B1204621689847B4
:1082300096B1354619F012FC0646FFF765FF294650
:108240002046FFF77DFF074B1B68A34201D1FFF7D4
:10825000A5FF304619F006FC002070BD1AF0A9FBFE
:108260003044DDE7BC1E002000220C490B687BB1C6
:1082700083420AD183687AB1936083681BB15A69DB
:1082800041690A445A61002070471A469B68EEE72C
:108290000028EFD0022070470B60EEE7BC1E0020E4
:1082A00070B519F0E2FB144E05463478FCB9134B57
:1082B0001C60134B1C60134B1C8000F037FA01202C
:1082C00000F0A2FA1AF08BFB0F4B0246186020B99F
:1082D000284619F0D0FB232070BD234640F2E73139
:1082E0000A4817F0ADFD0A4B186001233370284689
:1082F00019F0C1FB0020EFE7262B0020BC1E002058
:10830000B01E0020842A0020B81E002018FCFFFFA9
:10831000B41E00202DE9F0410546F8B119F09EFB8E
:108320000F4F0646FFF7F0FE2846D7F80080FFF70C
:108330009BFF044628B1304619F094FB2046BDE867
:10834000F081A8453B6803D123B1FFF727FFF2E78F
:10835000002BF0D1022000F063FAECE72224EDE7D5
:10836000BC1E002038B50C46054698B191B10023DB
:108370000B7019F07AFB0121074B1B680BB12278B7
:108380001AB119F078FB002038BDAB4214BF9B68CE
:108390002170F3E72220F7E7BC1E00202DE9F04111
:1083A0000746884619F061FB00260546134B1C68FA
:1083B00024B9284619F05FFB1B2012E063691E44B4
:1083C000E388BB420FD11AF0F4FA0D4C2368C01AAF
:1083D000B0420CD300222846C8F8002019F04BFB0D
:1083E0000020BDE8F081FF2FEDD0A468E0E71AF08F
:1083F000E0FA22683244121AEDE700BFBC1E0020EA
:10840000B01E002008B5074B187848B11AF0C3FA1F
:10841000054B1B689B69C01A02288CBF00200120F5
:1084200008BD00BF272B0020BC1E0020014B186890
:10843000704700BFB81E002038B5002140F2E73475
:10844000054B4FF47A721D680023E5FB004120467E
:1084500017F0F6FC38BD00BFB81E00200C4B70B5FD
:108460001B680D46834211D340F2E73100248C464D
:108470002146084B4FF47A721E680023E0FB06C1C8
:10848000604617F0DDFC2860204670BD2120FCE727
:10849000B41E0020B81E00202DE9F04198460023AC
:1084A00086B00E46174605468DF8133088B30DF199
:1084B0001301FFF757FF9DF8133063BB304605A942
:1084C000FFF7CCFF044600BB144B4FF47A721968D7
:1084D0000023A6FB010117F0B3FC0023C2F57A715B
:1084E000EB8389B2BDF83430B1F57A7F14BFA9832C
:1084F000AC83059A02939DF830301146CDE9008394
:1085000028463B46FFF778FE0446204606B0BDE805
:10851000F0812224F9E70224F7E700BFB81E00200B
:10852000F0B50C4616461F46054687B040B32046B8
:1085300005A9FFF793FF08BB124B19684C434FF492
:108540007A71B4FBF1F301FB134400230C1BA4B2BA
:108550008C4208BFA883EB83284618BFAC83FFF783
:10856000D9FEBDF83430059A02939DF8303011469B
:10857000CDE9007328463346FFF73EFE07B0F0BD55
:108580002220FBE7B81E0020014B1868704700BF8F
:10859000B41E00200F4B10B51A689AB14FF47A71CF
:1085A000531E1342A0FB01010ED1B2FA82F2C2F1B6
:1085B0001F04531CD243E04001FA03F3184321FA8D
:1085C00002F20243104610BD002317F039FC0246A8
:1085D000F8E700BFB81E0020C2072DE9F8430446A3
:1085E0000BD5494A138801339BB21380FFF78CFDEA
:1085F000464B1B680BB1FFF7D1FDA30740F181800B
:1086000019F033FA4FF0000805464646FFF77CFDA7
:108610003E4F3C680CB163698BB100223C4B012E8C
:108620001A7003D118F0020F18BF1E70002C58D01A
:10863000FFF7B4FD2846BDE8F84319F01CBA2346FD
:108640001A792179914288BF1C469B6813B15A69F7
:10865000002AF5D0284619F00EFAD4F81080B8F1A7
:10866000000F42D01AF0A5F9A269851AEB1745450B
:1086700073F100033ADB23691344A36101232269E8
:10868000CAB1C3B9A38BB8EB050533B1E28B134470
:108690009BB2B3F57A7F1CD2E38319F0E6F98046EA
:1086A00029462046FFF74CFDA36922694046134442
:1086B000A36119F0E0F9E368B4F80680013613B15C
:1086C00020462168984719F0D0F90546FFF71CFDB0
:1086D0009FE7A3F57A73E383A369013D013BA3619F
:1086E000DBE7022000F09CF8A4E7454619F0BDF94D
:1086F00081462046FFF7B8FD484619F0BCF9002333
:10870000BDE7BDE8F88300BF842A0020BC1E00201E
:10871000282B002010B519F0A8F9034B1C7819F08C
:10872000AAF9204610BD00BF282B00201FB5002449
:10873000194B012118689A880290D3F806009B7A99
:1087400000903E20ADF80C208DF80430FBF72CFE95
:1087500002A88DF808408DF80C40FCF7F3FD69463F
:1087600001208DF80040FCF7B1FD40F2FF320B4BC9
:108770009A615A614FF0B042936A13F00803FBD13B
:1087800013620120FCF7BCFD4FF48052044BC3F888
:1087900080211A6004B010BD3CE3030000200058A3
:1087A00000E100E010B5044619F058F94FF0B0426E
:1087B000936A1907FCD4136A116C5269520604D4E7
:1087C000CA1A032A01D899420ED1E21A022A98BF86
:1087D000DC1CB4F1FF3F38BF013C4FF0B0434022F6
:1087E0001C6403F580539A6119F03CF9054A13782B
:1087F0003BB14FF0B041CB6B43F00203CB6300239E
:10880000137010BD1E0D002000F001038207034A03
:1088100048BF43F040039361704700BF0010005809
:10882000820700F001030AD50121064A43F0400304
:1088300011704FF0B041CA6B22F00302CA63024AC2
:10884000936170471E0D002000200058830742BF2F
:108850004022014B5A6170470010005810B519F0C2
:1088600004F94FF0B04304465B695A06074A03F027
:10887000010003F0510348BF40F002005361FFF7CD
:10888000ABFE2046BDE8104019F0F5B800200058B6
:108890000A4B10B5D3F8403203F00303013B012B20
:1088A0000BD819F0DBF8044601210220FFF74AF843
:1088B0002046BDE8104019F0D5B810BD008000502A
:1088C0001FB51BF089F804F0F1FA1CF017F81DF041
:1088D000ACFA064A01AB10685168127A03C301A8CA
:1088E0001A7002F06FFB05B05DF804FB47E303006C
:1088F000024A0349034807F079BB00BF50E3030075
:108900009CE3030074E3030010B50A46044619B162
:10891000024B00211B68984710BD00BF1C0B0020B4
:108920000E4B0340B3F1607F06D1B1F5885F14BFF1
:108930006FF0860000207047B3F1707F0BD101F417
:10894000E043B3F5005F06D111F4E06F0CBF6FF0A8
:108950008600002070476FF0860070470000C07FDF
:108960008A42F8B507460D4600F021819B4822F067
:10897000FF01814210D09A4C22F4FF7323F00103CF
:10898000A34209D0974B994206D0974922F47F73AE
:1089900023F003038B4223D125F0FF01814210D045
:1089A0008F4825F4FF7323F00103834209D08D4BD8
:1089B000994206D08C4925F47F7323F003038B4240
:1089C0000ED115F0FF030BD0884943F000738B42A2
:1089D00006D16A4032F0FF030CBF01200020F8BD31
:1089E00005F0FE43B3F1A06F17D102F0FE43B3F1DF
:1089F000A06F40F0DE8082EA050333F47E1340F07E
:108A0000D88015F40040EAD0C5F30540C2F3054212
:108A100090428CBF00200120E1E7B3F1407F40F09D
:108A2000B38002F0FE43B3F1407F40F0C28082EA9F
:108A3000050333F47E1640F0BC8039462846FFF724
:108A40006FFF002840F0B580694C12F47C1C04EAEA
:108A5000020438D0B4F1607FC2F3054C7AD1654985
:108A6000D3B243F000738B4278D003F17E410439D6
:108A7000012975D960498B4276D001318B4275D07E
:108A800001318B4274D001318B426BD001318B426A
:108A90006AD001318B4269D003318B4264D00131FD
:108AA0008B4263D001318B4262D001318B4208BFCF
:108AB000402615F47C1FC5F305435BD1664514BF02
:108AC000002001208BE7B4F1607F2BD14949D3B25C
:108AD00043F000738B426ED003F17E4104390129CB
:108AE0006CD945498B426FD001318B426FD0013137
:108AF0008B426FD001318B4263D001318B4263D006
:108B000001318B4263D003318B425DD001318B4206
:108B10005DD001318B425DD001318B4208BF4FF0F7
:108B2000400C9CE7B4F1707FC3D107F4E043B3F588
:108B3000005F05D14FF0010CC7F302230CFA03FCD0
:108B400007F4E043B3F5005FB3D10126C7F3022376
:108B50009E40AEE7B4F1707FABD1F1E71026A8E7F5
:108B60001426A6E74026A4E71C26A2E72026A0E7B5
:108B700030269EE712F47C1F01D1B34217D02A049D
:108B80007FF52DAF634544E7B3F1106F11D125F0A8
:108B90001F6323F4702363B902F0FE43B3F1106F37
:108BA00007D11648104040F01060A84287E7012026
:108BB00015E7002013E74FF0100C50E74FF0140CAE
:108BC0004DE74FF0400C4AE74FF01C0C47E74FF0E1
:108BD000200C44E74FF0300C41E700BF00130006C3
:108BE000000200060009000600040006FF00000263
:108BF0000000C07F03000002080000020000FFF632
:108C00002DE9F8431746002288461C4600F0ACFACE
:108C10000546002859D1D8F80060B6F8009009F44C
:108C2000E043B3F5804FF36808BF27F0010737EA48
:108C3000030342D1002C48D02E4A24F0FF03934274
:108C400011D02D4924F4FF7222F001028A420AD089
:108C50002A4A934207D024F47F7222F0030201F5DE
:108C600000718A4234D114F0FF0231D021498B4285
:108C700011D0214824F4FF7121F0010181420AD072
:108C80001E498B4207D024F47F7323F00303A1F520
:108C9000A0618B4204D142F00073194A93421ED066
:108CA000224648463169FFF75BFE074668B922460F
:108CB00048467169FFF754FED0B96FF08405002370
:108CC0003046C8F800301AF033FD2846BDE8F88376
:108CD00004F0FE43B3F1407F04D12304E0D56FF0EC
:108CE0008605ECE7B3F1A06FF7D0054B9C42D6E7C1
:108CF0003D46EAE7001300060002000600090006F0
:108D0000FF00000200F0FE43B3F1407F70B505465E
:108D10000E4602D06FF0860070BDFFF701FE0028FE
:108D2000FAD115F47C1F05D0C5F30543032B13704E
:108D30000DD86BE04D4B2B40B3F1607F69D14C49AE
:108D4000EBB243F000738B4231D110231370474CC8
:108D50002C40B4F1607F6AD14549EAB242F000721A
:108D60008A4279D002F17E410439012976D94149FC
:108D70008A4275D001318A4274D001318A4273D05F
:108D800001318A4211D001318A4269D001318A42CF
:108D900068D003318A4263D001318A4262D0013106
:108DA0008A4261D001318A42B4D140214DE003F1C1
:108DB0007E410439012901D81423C7E72D498B428C
:108DC00001D11C23C2E72C498B4201D12023BDE7EE
:108DD0002A498B4201D13023B8E729498B4201D17E
:108DE0004023B3E727498B42EBD001318B42EDD0D2
:108DF00003318B42E5D001318B42E7D001318B4208
:108E0000E9D001318B42EBD0002313706FF0850065
:108E100082E7B3F1707FF7D101F4E043B3F5005F6F
:108E2000F2D10123C1F302218B40DBB27EE7B4F122
:108E3000707F7FF46FAF06F4E042B2F5005F7FF41D
:108E400069AF0121C6F3022291408B423FF662AF27
:108E5000142B7FF661AFD9E71021F6E71421F4E770
:108E60001C21F2E72021F0E73021EEE70000C07F6F
:108E70000300000208000002090000020A000002CC
:108E80000B0000020C00000237B50B4D0C462B788E
:108E90007BB100230A460193014601AB281D19F05E
:108EA0002BFB20B9019BA34218BF6FF0930003B0C6
:108EB00030BD6FF08800FAE7C01E00202DE9F04FAA
:108EC00000249B4601F0FE4397B0B3F1806F0E463D
:108ED000DDE920899246229F089440F081800B466C
:108EE0004FF4807208A9FFF78BFE0546002841D198
:108EF000DDF820C00DAC6546CDE914000FCD0FC4E0
:108F000095E80700BCF8003084E8070003F4E0426D
:108F1000B2F5005F1BD113F4E06FC3F3022116D04A
:108F2000334826F4807282420AD000F500708642EF
:108F300006D03048864203D0A0F53F40824206D199
:108F400001248C40102C0DD96FF0830512E042F201
:108F50000402934202D1284B9E421ED0274B9E42D0
:108F60001DD10D24A14538D3214609A8FFF78CFF58
:108F70000546A8B108981AF0DBFB0646A5BB90BBD6
:108F800024B12246404609A923F085FF3B682344CB
:108F90003B60304617B0BDE8F08F0C24E2E70024B8
:108FA000089BD3E90912B8F1000F14D008EB0400B4
:108FB0000E9DA9EB04032D0A12D1CDE9053709ABAB
:108FC000CDE903B00093CDE9014A33460DA8FDF782
:108FD0002DFB0546CEE74046EAE76FF08905C9E775
:108FE0006FF08605C6E7054600232E463B60D0E7B6
:108FF0000010C00400FF4004000180040013C004FE
:1090000008B500F05FF8064B5A7812B10022C3E9A8
:109010000122BDE808400C210148FFF775BC00BFE4
:10902000C01E002070B50C4D2B7883B919F062FA80
:10903000044670B902230126C5E90100AE706B70C9
:1090400000F038F8044620B92E70204670BD002488
:10905000FBE7FFF7D5FFF8E7C01E002000F1004254
:109060000332022A38B504460D4609D82C21104B8C
:1090700001FB02339A68824217D100202B6038BD71
:1090800001211AF008FB68B1094B9A689442F4D0A8
:109090005A6B944204D01A6E944206D15833ECE7CE
:1090A0002C33EAE76FF08700E9E76FF08B00E6E723
:1090B000CC1E00200122024B002083F88420704740
:1090C000CC1E002070B5094C002526460421204600
:1090D0001AF0F1FA0135204619F09FFE032D04F134
:1090E0002C04F3D1002386F8843070BDCC1E002000
:1090F000F8B51B4C064694F884300F464BB3002558
:109100002346294693F820001A46B8B125B91A79A2
:1091100012B1022808BF1D460131032903F12C03B7
:10912000F0D115B96FF08C0015E0042128461AF033
:10913000C2FA98B9284619F070FE2A46094B141B4A
:10914000A4105C4304F10044033C346000203A6006
:1091500004E06FF0880000233B603360F8BD00BF7F
:10916000CC1E0020A38B2EBA2DE9FF4100230B60FB
:10917000384B804693F884300D461646002B66D057
:10918000FFF76CFF0446A0B92EB9286804B0BDE80B
:10919000F0411AF0BABA012E04D00024204604B0DF
:1091A000BDE8F0810521286804B0BDE8F0411AF05F
:1091B00082BA10F18C0FF1D1294601A8FFF798FF70
:1091C00004460028EAD101232F68CDE90200C7F840
:1091D000088038467B6003AA02A91AF048FB0446BF
:1091E00028B9DDE90212384619F0A3FD0446DDE98D
:1091F00002011AF03AFB2CB9022138461AF05BFA48
:10920000044660B1042128681AF055FA286819F05C
:1092100004FE14F18C0F08BF6FF08704BEE72868C6
:10922000C368D90444BF43F48063C360C3689A042D
:1092300044BF43F40063C3601EB91AF066FA0446E3
:10924000ACE7012EA9D105211AF035FAF7E76FF046
:109250008804A3E7CC1E002030B40D4D2C681C60A0
:109260006C685C6000249C605468DC6014881C821C
:1092700054885C82D4685C6114699C61526930BC1A
:10928000DA6119620A46014603F1240023F003BEA5
:1092900002E403002DE9F843232904460F469146D2
:1092A0009846089E04D86FF098052846BDE8F883D4
:1092B0000822194923F0DFFD05460028F3D1A368F1
:1092C000002BF0D1216A243FB942C8F80010EAD837
:1092D000B1F5005FE7D271B9C9F80000E3687360C7
:1092E000238A3380638A73806369F360A36933617F
:1092F000E3697361D9E7012019F09FFBC9F8000009
:1093000030B1D8F8002004F1240123F0C4FDE5E7D2
:109310006FF08C05C9E700BF02E40300F7B505460E
:109320006B461646164A0C461068516803C395F8FA
:109330002A3008336B4413F8087CAB8DDA0609D465
:1093400033462246394628461AF01BFB00F5FA70D0
:1093500003B0F0BD204624F04DF8AB8D00F10A04B7
:109360009B074FEAC40405D0304624F043F804F5C7
:109370000C740444E823781E584304FB0700E5E717
:109380000AE403009022174B10B51C68002102FB71
:109390000044204623F0A6FD134B04F108001B688F
:1093A0000021DB7863761BF047FF4FF40063E38412
:1093B0002385072384F82A301323FF22A385236AF9
:1093C00084F8242043F01303236284F85420074BCD
:1093D000074A2046C4E91C32C4E92032BDE81040E7
:1093E0001AF0FCBA541F002030210020D6BE898E0E
:1093F00055555500F0B5104B02461E6893F804C051
:1094000035464FF0FF3400239C4508DC91B1631CC6
:1094100010D0902303FB046080F82420F0BD95F861
:10942000247028469742F9D0FF2F08BF1C4690357C
:109430000133E9E70020F1E7541F002070B504462E
:10944000234D002842D0083002F04AF80026FF23BE
:1094500004F1400084F82430E66123F05FFF04F15A
:10946000440023F05BFF04F1480023F057FF04F1B0
:109470004C0023F053FF04F1500023F04FFF286805
:10948000144B201A00115843C0B21AF071FA014669
:1094900030461AF068FAE06E10B100F037FEE6666A
:1094A000606E18B11AF079FA00236366A06E1AF0A4
:1094B00070FA0023A36670BD286806FB0400FFF75E
:1094C000BDFF01342B79A342F6DCF4E79026F9E7DF
:1094D000541F0020398EE338F7B504461DF06EFEA8
:1094E000C0F30F23542B3ED9AA2B34BF01230223F0
:1094F000C0B27E288CBF0222012203218DF80430E5
:109500001344B3FBF1F000EB40001B1A8DF805305B
:109510001344B3FBF1F202EB42029B1A8DF80630C2
:10952000002318461D461A46104901AF4B7517F81F
:10953000016B44FA06FC1CF0010F06D053009E405C
:10954000012330430132C0B2D2B20135EDB2032D56
:10955000EDD103B148754B7D43EA82134B75FF2370
:109560000B7503B0F0BD0023C2E700BF541F0020FD
:10957000064B1B68D97ADA78437E5B1A9342A8BF00
:10958000DAB2002142761AF065BA00BF302100201D
:10959000B0F862302BB9836813F4601F08BFA0F8DD
:1095A000623011B1012911D070474369417E23F027
:1095B00010034361064B1A68D37A92780B449342A6
:1095C000D8BFDAB2012142761AF044BAFFF7D0BF11
:1095D000302100202DE9F0410025344E8AB0337946
:1095E000AB4203DC01200AB0BDE8F081902334686F
:1095F00003FB054494F82430FF2B0DD0236A980117
:1096000006D504F15008404623F0ECFE074628B981
:10961000226A12F0A06F1ED10135E0E7BB7908A9DC
:109620000C333B44D8689A7A1B8AC2F38012ADF897
:10963000243000238DF81F2008901A460DF11F00DA
:109640001AF0B2F938469DF81F2094F8241008ABA0
:109650001BF085FED7E7A38D1D2B18D13C23FF21DE
:109660000020CDE90431CDE902000121CDE900005F
:1096700004F12E03C2F380221CF02BFA0028B2D092
:109680004FF0A06104F120001AF04BF9C4E712F08A
:10969000807F08BF3C214FF0000218BF432194F89F
:1096A000393094F824001BF0DBFFE7E7541F00205B
:1096B0002DE9F0411F46C36904460D4616468BB19D
:1096C00069B918F0D2F906462946A06E1AF05BF97E
:1096D000204629461AF0A7F9304618F0CCF90020A8
:1096E000BDE8F0810029FAD0036A03F01203022BCF
:1096F00000F0BA80236ADD0700F1BE8094F82430C0
:10970000FE2B0CD104F1550002F00EFA02F004FA1F
:1097100028B14FF4800104F120001AF0FAF8256A0C
:10972000614B2B40B3F5807F00F0B980A8052FD5A1
:10973000C5F3802504F12E080022414628461AF080
:1097400039F9002184F854001AF045F94146002205
:1097500028461AF034F9A18D20B194F9540000285C
:1097600080F296804FF4007104F120001AF0D9F8CD
:10977000A28D02F00302012A0AD1414628461AF0BE
:109780001EF928B14FF4006104F120001AF0C1F86D
:10979000236AD90600F18180D4E910122046FFF730
:1097A000BDFD012F0ED040F27123E28C5A4390424E
:1097B00008D9228D5A43904273D800F51C70B0FB33
:1097C000F3F0E084394BE361002384F83930236AF5
:1097D000E168B4F8625023F4803284F83870226271
:1097E00021613DB913F0100F0CBFC8253C2525762B
:1097F00005F2B3154EB140F27121238D42F480324F
:10980000C3EB06134B432262E363236A43F4002352
:109810002362274B1B68DB78637618F026F96369AF
:10982000074643F0100304F10800294663611BF06A
:1098300003FD012004F0C2F828B963691A075CBF70
:1098400043F00403636126B11DF0F4FCE36B0344B1
:10985000E363204604F0BCF8384618F00CF9012107
:10986000A06E1AF090F83AE7406C23F0C3FD002890
:109870007FF440AF0C2033E7E36E002B7FF43EAF64
:1098800000F0EEFBE06600287FF438AF092027E700
:1098900001F001011AF09FF86AE7064B93E71220E6
:1098A0001EE745201CE700BF000140004B390300C4
:1098B00030210020ED99010070B500249026094D5B
:1098C0002B79A34200DC70BD286806FB040090F8E9
:1098D0002430FF2B04D000231A461946FFF7E8FE78
:1098E0000134EDE7541F00202DE9F04F91F806B048
:1098F0008DB00BF10C0B04460E46012201EB0B055B
:109900000DF127000AA91AF060F8824668B19DF8A7
:1099100027100AAF384600F021FC60B1304617F03E
:1099200065FB00200DB0BDE8F08FA97A05F10C07AA
:10993000C1F38011EEE7E36EE06695F807900793B8
:10994000236A4846298956F80BB003F0100805F041
:10995000A9FA8344B8F1000F39D1A9F10303012B0F
:1099600094BF0323022340F271225B0002FB03B287
:109970001D4B1B685B79637605F11803BAF1000F84
:1099800027D09DF8271094F824E0B8F1000F24D0D8
:109990004FF0010CA87AC0F3401095F90550CDE9BD
:1099A00002E0CDE90071CDE904C50121079800F07E
:1099B0004BFCB8F1000F05D01DF0E3FB0121204660
:1099C0001AF031F8304617F011FB0120AAE7012305
:1099D000C9E7A97AC1F38011D5E794F88FC00120B7
:1099E0000CF00F0CD9E700BF30210020012810B582
:1099F0000C461CD0022822D030BB08461AF047FA89
:109A000040F27121E38C228D94F82A00D21AE36887
:109A100003F59C53083301FB02332361FFF75CFD20
:109A20000A4B2046BDE81040996804F027BA04F0BC
:109A300035F9844208D1BDE810401DF0A2BB0846AC
:109A4000BDE81040FFF794BD10BD00BF541F0020BB
:109A500038B50A4D0020FFF7F1FCAB6813B10022C6
:109A60001A60DA801BF0FDFC00242B79A34200DC95
:109A700038BD2046FFF786FC0134F6E7541F00206E
:109A800070B52A4C0546A06818B117F0AFFA00234C
:109A9000A360FFF7DDFF002019F06EFF55B903202A
:109AA00025712560E58217F0EDF9207919F064FF42
:109AB00028B970BD022023F0C4FDA06048B900257C
:109AC000A0682571256060BB002019F055FF0720B4
:109AD000EFE70026032025712660E68217F0D2F911
:109AE000B542E2DD05EBC501090133460122032041
:109AF00089B217F079F906460028E0D1032017F063
:109B0000F1F920600028DAD0902231466A4323F030
:109B1000E9F92379B342C8DD3046FFF733FC01365B
:109B2000F7E717F063FAA560CEE700BF541F0020E7
:109B300030B5174B826A1B681206597926D5028FF9
:109B40001C79436B1203B2FBF3F2631AB2FBF3F21C
:109B5000B0F89C3003B1013BD0F8A05005B15B10C8
:109B60001B02B3FBF2F35B180CD090F895200F2A80
:109B700008D91209B3EB820FB8BF00234FEA820164
:109B8000A8BF5B1A9C42A8BF1C46E1B2417630BD1B
:109B900030210020084B9A7E82420AD94FF4A472E9
:109BA0001B6802FB0030836A13F0100F08BF00200F
:109BB00070470020704700BF6C1F0020084A094909
:109BC0001368C31AD810002B01FB00F005DB937E4D
:109BD0008342D8BF4FF0FF3070474FF0FF307047DF
:109BE0006C1F0020199C8FC170B504460E4617F0FB
:109BF0003CFF3146054604F130001AF08CF920464E
:109C0000FFF7DCFF0121814005481AF084F94FF489
:109C1000807006F0D7FB2846BDE8704017F02BBFD8
:109C2000901F0020F329F8B504460D46724E25D149
:109C3000338D63B9A36813F4601F00F0BA80238FDB
:109C4000626B1B01B3FBF2F3F32D9FB22DD12046C3
:109C50001AF0F5F9B4F89C70002F40F0B380A36AB5
:109C600013F0800F0CBF3E23082384F87730204682
:109C7000FFF75EFFF32D36D1012057E073695906D7
:109C800040F18F80836A1A0740F18B80336900F1BD
:109C9000400143601CF0F9F8338D002BCAD0238FAC
:109CA000626B1B01B3FBF2F39FB2618FB4F89C208F
:109CB0009BB25B1A9A427EDC736994F836019B076B
:109CC0004CBF002102211DF033FB40F202237269D8
:109CD0009343BCD12046A4F89C701AF0B1F92046F9
:109CE000FFF726FF0127A36A1807C5D5628F002A50
:109CF000C2D013F4C05FBFD1726912F00C0FBBD198
:109D000040F202239343B7D1D4F8A430002BB3D14F
:109D10002046A18F1CF077FA002855DD638F0133B0
:109D2000984251DC0128A7D0013880B2236BA4F8F7
:109D30007C00590409D54FF4804104F130001AF039
:109D4000F2F800212046FFF74FFFB4F87C20A38FE4
:109D500094F870101344A387B4F89C309B1AA4F8AD
:109D60009C3094F86F3002FB01332522B3FBF2F1F3
:109D700002FB113384F86F304FBBA36A1A0702D479
:109D80001E4B1B689847204608211CF0F6F8204619
:109D90000221FFF729FF2046BDE8F840012103F02A
:109DA00067BE318D238F626B00293FF443AF1B01E7
:109DB00078E7338543E7737F002B86D0032194F83F
:109DC000360180E7012752E7608F0130ADE720467A
:109DD00019F0C2FD2046A18F1CF09FF8A36A05462A
:109DE0001B0702D4054B1B689847002DCBD020469B
:109DF000BDE8F8401AF0D6B96C1F0020A01F002063
:109E00000022074B10B55A77202204465A611AF0F7
:109E1000CEF884F8360120461AF025FF10BD00BFA9
:109E20006C1F0020012810B50C462AD0022830D023
:109E300000283DD191F8953060F3071381F89530F3
:109E40000846FFF7DDFFA36A20461B0716D504F07E
:109E5000A9FA042001F00AFF50B3164A937F3BB3DE
:109E6000D37F0133DBB2D37792F821209A421FD8F7
:109E7000BDE810404FF0806006F0A4BA04F066FC24
:109E8000E7E703F00BFF844212D1BDE8104004F075
:109E90007DBA91F895302046C3F30312013262F384
:109EA000071381F89530BDE81040F321FFF7BABEE3
:109EB00010BD00BF6C1F002010B501F037FFFB2262
:109EC000114B10F0020F1A770CBF01220322410739
:109ED000197E48BF42F0040262F3030119761A7E2C
:109EE000C2F3030161F307121A764FF441710022A5
:109EF0001984DA76DA835A621A611A85034BBDE84F
:109F000010401B68184700BF6C1F0020981F0020DE
:109F10002DE9F8434B4C0546A06818B117F066F8D8
:109F20000023A360022016F0ADFF5FFA85F8002041
:109F300019F020FD40461AF027FE0646002868D199
:109F400040461AF04EF80746002862D1002D75D021
:109F500005EB850105EBC101C90033460122022052
:109F600089B216F041FF002850D14FF4A4790220A5
:109F700084F81A8016F0B6FF09FB05F731463A4619
:109F8000206022F0AFFF32462368681E03EB090110
:109F9000824233DB002DA7F5A4724FF00001D8BF39
:109FA000002299502846636019F0E4FC88BB4046C3
:109FB0001AF00BF868BB40461AF00DF8074640BB94
:109FC000002D16DD022023F03CFB0223A060C371AC
:109FD00083793946C3F102020C33D2B2184422F01D
:109FE00081FF0121A3689A7913441A7B61F301026E
:109FF0001A73FFF761FF3046BDE8F88309FB02FCE6
:10A00000013243F80C1001F5A471C1E7C4E90077EF
:10A01000A776002500201AF0B7FD002019F0E1FF17
:10A020002846C4E90055A57619F0CFFF284619F057
:10A03000A1FC022016F026FF0726DCE72B46A576BA
:10A040002560AFE76C1F0020014B987E704700BF72
:10A050006C1F0020014BD87E704700BF6C1F002092
:10A06000F8B5284D17F001FD6C681CB917F003FD19
:10A070002046F8BD4FF4A476012723686B60EB7E81
:10A080000133EB7617F0F7FC32460021204622F030
:10A0900029FF04F128004021676119F03CFF2B8B58
:10A0A0000722A4F8443194F83731002167F3030301
:10A0B00084F837314FF6FF73A4F87A302B7FA4F879
:10A0C000866084F8423144F29023A4F8403194F839
:10A0D000853004F1080062F3030384F885300A4BED
:10A0E000C4F8883003F1CE5303F59813C4F88C30CC
:10A0F00041F61B33A4F890301B2384F892301BF0F8
:10A100009BF8B5E76C1F00204801480170B5044674
:10A1100000261AF023F804F1080001F0E1F90D4BD4
:10A1200020461B689847C4E90A6617F09EFC05465E
:10A130004FF4A4723146204622F0D4FE064B284646
:10A140005A682260DA7E5C60013ADA76BDE87040D7
:10A1500017F091BC9C1F00206C1F00202DE9F041DE
:10A1600006464FF480400F4601F080FD044630B9AA
:10A170000E4B1D6893F81A807135A04502D8002057
:10A18000BDE8F08155F8493CDA0609D5C3F38003F0
:10A19000BB4205D106222946304622F06CFE18B19A
:10A1A000013405F5A475E8E70B20E9E76C1F0020F2
:10A1B00008B5B0F894305A1C62F30B03A0F8943041
:10A1C000042001F053FD70B1074A937F0133DBB2E5
:10A1D000937792F820209A4205D8BDE808404FF0C6
:10A1E000806006F0EFB808BD6C1F002038B58B7991
:10A1F00005460B449B7D0C4603F00303032B09D15A
:10A2000001212C3019F087FE4FF4006105F1280080
:10A2100019F081FE21460548A56023F04DF9BDE8FF
:10A2200038404FF0005006F0CDB800BF781F002036
:10A23000014B1877704700BF6C1F0020014B187F3F
:10A24000704700BF6C1F00202DE9F74F1D461646D2
:10A250002A4604469DF838309DF83C8080F89B30B3
:10A2600052F8103B0F46C0F8283100F14401B8F114
:10A27000000018BF0120DDF830A09DF840909DF847
:10A2800034B005F0B9FD20461BF070FE204619F0F1
:10A29000AAFE1DF053F84946024620461AF08DFCEE
:10A2A000C82320460DF10601ADF8063019F095FEE1
:10A2B00047F6FF73A4F83031AB88A4F82C31AB79A2
:10A2C00084F82E31DAF80030C4F87130BAF804306E
:10A2D00004F1280AA4F87530BBF1000F03D0042163
:10A2E000504619F018FEB8F1000F04D04FF4005199
:10A2F000504619F010FE4FF4607001F0B7FCC0F347
:10A30000C018C3054FEA881848BF48F08008810587
:10A3100048BF48F4807817F0A8FB83464FF4826169
:10A32000504619F0F8FD414604F12C0019F0F3FDF8
:10A33000584617F0A0FBBB1E012B7AD84FF4002122
:10A34000504619F0E8FD01212046FFF74DFC04219D
:10A3500020461BF012FE6B7D2046C3F3040384F8F5
:10A3600070306A8907F0FD0752006263697B2A7BBF
:10A3700042EA01226287E97BAA7B42EA0122228724
:10A380006A7D84F86F30C2F3421284F83E200022C6
:10A390000523A2870122A4F89C30A4F87C209DF913
:10A3A000441019F025FE01F0BBFC20F40060C4E964
:10A3B00008012046FFF7BCFB3A4A3B4BB2F8288025
:10A3C000B8F1000F68D1002F38D140F2C71866608D
:10A3D000E3612046166119F0AFFDB9F1010FE060AD
:10A3E0000AD094F83731204669F3030384F83731F3
:10A3F00009F00F0119F0B0FF04F1080041461AF00E
:10A400001BFF012003F0DAFA28B963691A075CBF61
:10A4100043F00403636140F271216B892046013BE4
:10A42000594319F0A8FD204603F0D2FA03B0BDE865
:10A43000F08F012F87D140F2014185E74FF4D778A3
:10A44000E36140F271272B8940F608015B0007FBAE
:10A4500003665046666004F1400619F05CFD314623
:10A4600020461BF012FD2B89314601335B0020464C
:10A470007B4304F1340201F067FCEB7931465B0069
:10A48000012220467B431BF006FD236C20469E08DC
:10A4900019F052FD3044A0E76660E361002FD0D18F
:10A4A00097E700BF6C1F0020259E010070B51D4678
:10A4B000C36A04461B07164613D408212C3025F422
:10A4C000105519F028FD25F01005064B2D043340DA
:10A4D0002D0C2046C4E90835BDE870404021FFF747
:10A4E00083BB70BD2FCF87F72DE9F04F85B00446B1
:10A4F0000191084689B34B799A071FD422F07AFF5D
:10A50000019D70B96B79DB0705D54FF4803104F1FB
:10A51000280019F000FD01A822F000FF05B0BDE8F9
:10A52000F08FA36ADF0309D54FF4803104F12800CE
:10A5300019F0F9FC6B7943F001036B71019E17F080
:10A5400094FA737931469E0705461ED504F1AC0096
:10A5500022F0C1FF284617F08EFADFF8909117F02D
:10A5600084FAA36A0746DD0514D5D4F8AC3043B1AC
:10A570009A7913441B7B392B03D829FA03F3D807A4
:10A5800011D4384617F077FAC8E704F1A80022F092
:10A5900093FFDFE794F94631022BF2DCD4E92A235A
:10A5A00072B9002BEDD004F1AC0022F0D5FE0546C7
:10A5B000384617F060FA294620461AF07BF8CEE7B5
:10A5C000002BF0D194F89280039304F1A80BD4F8F7
:10A5D000A86096F807A0B379AAEB030A5FFA8AFA93
:10A5E000C24527DC584622F0FDFE0546A8EB0A08C6
:10A5F0006B7929466FF3C3036B7103A822F05CFFEC
:10A60000D4F8A8302BB15B79990702D1B8F1000FCB
:10A61000DDD1039B002BB4D09B79022B40D80020C6
:10A6200023F00FF8014670BB039904F1A80022F053
:10A6300052FFA6E7002023F004F8054630B903993D
:10A6400004F1A80022F047FF03959AE78079B179D9
:10A650000C300C3142463144284422F01CFCEB798A
:10A6600053FA88F3EB71B379727953FA88F3B371C3
:10A670006B794FF0000862F300036B7173796FF32D
:10A6800000037371B4E7039B4A79587960F30002C1
:10A690004A715A7903A86FF300025A7122F016FF2B
:10A6A000E36A9A0512D50398034600680028FBD197
:10A6B000DB79C3F14503DBB2032B07D822F0C1FFDE
:10A6C00001460028B0D003A822F0F6FED4F8A83046
:10A6D00013B15B79DB0704D5039A537943F0080380
:10A6E0005371384617F0C7F9039965E77C2C0200CF
:10A6F00070B5036B0446990786B001D519F02EFD9D
:10A70000236BDA0733D5A66A330723D516F4002F57
:10A7100014BF032501252046FFF750FA94F89B301B
:10A72000294605930023049394F83E30C6F3800233
:10A730000393238F80B20293638F0193636BC3F300
:10A740004F03009304F171031BF0C3F930B90020EB
:10A7500006B070BDB50C05F00205DCE7012104F17F
:10A76000300019F0E0FB4FF4005119F0D4FB236BDB
:10A77000980410D52046FFF721FAA16AC0B2C1F3B0
:10A7800040311AF005FE0028E1D04FF4005104F1E9
:10A79000300019F0C8FB236BD90409D500212046ED
:10A7A000FFF7A2FE4FF4805104F1300019F0BBFB1B
:10A7B000236B5A0512D52046FFF700FA002394F8C0
:10A7C0009B50C2B2194628461AF04AFF0028BED054
:10A7D0004FF4806104F1300019F0A5FB236B5B0797
:10A7E00011D52046FFF7EAF9616B238F628FC1F321
:10A7F0004F0180B21BF04DF90028A8D0042104F1CC
:10A80000300019F090FB236B1E0709D520461BF082
:10A8100040FF00289BD0082104F1300019F083FB91
:10A82000236BDD0618D52046FFF7C8F9E16A80B230
:10A8300011F4805100F0C58000211BF0BFF9002801
:10A8400085D04FF4805104F12C0019F06CFB1021DD
:10A8500004F1300019F067FB236B580615D520462C
:10A86000FFF7ACF994F8773080B20093D4E908236D
:10A870001BF087F900283FF46AAF0023402184F8D9
:10A88000773004F1300019F04EFB236B190516D513
:10A890002046FFF793F900230093B4F89830B4F8FA
:10A8A000962094F89A1080B21AF025FD00283FF403
:10A8B0004EAF4FF4006104F1300019F034FB236B0C
:10A8C00013F4804532D19A0516D52046FFF776F964
:10A8D00094F8371194F8772001F00F0180B201F05D
:10A8E00079F800283FF433AF4FF4007184F87750C3
:10A8F00004F1300019F017FB236B1B0616D5204618
:10A90000FFF75CF9B4F88C3080B2009394F8913082
:10A91000B4F88A2094F890101BF082F900283FF4D4
:10A9200016AF802104F1300019F0FDFA236B9E066A
:10A9300012D52046FFF742F994F8771080B21BF049
:10A9400054F900283FF403AF0023202184F8773026
:10A9500004F1300019F0E7FA236BDD0508D504F1A6
:10A9600030004FF4807119F0DEFA20461BF0CEFC67
:10A97000236B180408D504F130004FF4004119F09E
:10A98000D2FA204600F008FC236BD90308D504F165
:10A9900030004FF4803119F0C6FA20461AF0B6FAAA
:10A9A000236B9A0308D504F130004FF4003119F0FD
:10A9B000BAFA204619F01AFB236B9B0704D4012036
:10A9C000C6E61BF012F93AE700222046114619F0BC
:10A9D0000BFB204619F00AFB2046FFF7EFF894F82E
:10A9E000771080B21BF0B7F900283FF4B0AE022117
:10A9F00004F1300019F097FA2046FFF787FB024B6D
:10AA00001B689847DBE700BF981F0020F8B50023BC
:10AA1000124A02F1240151E8004F41E80035002DAF
:10AA2000F7D1012734B9BDB10D48294619F073FAA1
:10AA30002046F8BD94FAA4F0B0FA80F007FA00F6C8
:10AA400024EA0604FFF7A6F80028EBD0FFF750FE33
:10AA50000028E7D13543E5E70120EAE76C1F002035
:10AA6000901F00202DE9F74F04460190002860D088
:10AA7000C5794FF000080C35054416F0F6FF464640
:10AA800000904FF4A47A40462B4FBA7E5FFA88F9C3
:10AA90004A4517D90AFB09FB3A685A44916ACB0622
:10AAA00044D5B2F89420C2F30B02002A3ED0E279DA
:10AAB000C2F14502D2B2032A15D8022022F0C1FD0C
:10AAC000044640B900230098FB8316F0D4FF3046BB
:10AAD00003B0BDE8F08F014601A822F0EDFC002094
:10AAE000E5790C35254404220123002112FB0033B3
:10AAF00005F82090E9543B6802FB005C5B44B3F826
:10AB0000943001368CF80230032312FB0032A95432
:10AB10003B6801305B44B3F89420C0B261F30B0290
:10AB2000A3F89420E379F6B20433E37108F1010845
:10AB3000ABE70646CBE700BF6C1F0020F7B56846C1
:10AB400005F04EF900254FF4A477124EB37EAB42C8
:10AB500001DC03B0F0BD346807FB0544A36A03F0D1
:10AB60001803102B13D10522694604F1450022F089
:10AB700082F960B1012120461BF0E9FB38B90120C0
:10AB800022F05FFD014610B1204601F01BFD0135AA
:10AB9000DCE700BF6C1F00202DE9F74F16F065FFC2
:10ABA000424BDA6800920022DA6016F064FF009BE4
:10ABB00013B903B0BDE8F08F684622F0CDFB82796F
:10ABC000876802F10C04044401460190A07A0A321D
:10ABD00010F0200F14BF0320022002448A71FA6A89
:10ABE00052050FD5E07AA27A42EA0022384619F0DF
:10ABF0004FFF38B901A822F091FB3D21384619F0EA
:10AC000039FED4E7BA6A94F80AB012F400720199D6
:10AC10000BF0030013D003288A79EBD10A44127B8E
:10AC2000392AE7D8224B23FA02F2D307E2D54A7930
:10AC3000384642F002024A7101F0CCF9B7E7032826
:10AC4000F5D048790BF0030B62F3410048710846D8
:10AC500094F8069094F905A022F0CCFB019D0646DD
:10AC6000AC793846063CE4B2AC71FEF7A7FF0C3471
:10AC7000C0F3032305EB040843EA0B1388F8033001
:10AC80002B46F6B288F80200A8F8046005F804A084
:10AC900088F801905A796FF341025A711B68002BB2
:10ACA000F8D128461AF08BFB81E700BF6C1F00200B
:10ACB0007C2C0200002370B50D46D1688AB009BA19
:10ACC0000291C178C66861F30703817836BA61F3EF
:10ACD0000F23417806AC61F317439168069609BAD1
:10ACE0000391816809BA07915168126809BA12BACA
:10ACF000049105920178426861F31F6312BACDE9AD
:10AD0000082323468022012002A9009417F0F0FABC
:10AD10000028F6D1DDE90810DDE9063200BA09BAEB
:10AD200012BA1BBA28606960AA60EB600AB070BDF5
:10AD3000F8B504460026084F0CB90748F8BDA179BC
:10AD4000E579B8196D1AEDB20C3121442A4622F08A
:10AD5000A2F82E442468EFE7A81F0020F8B50446A7
:10AD60000026084F04B9F8BDA079E579B9192D1A64
:10AD7000EDB20C3020442A4622F08DF82E4424688F
:10AD8000F0E700BFA81F002010B5094A094B14784E
:10AD9000094A08441B78126801B29C4202DA32F96F
:10ADA000140010BD32F913008842FADA0133F4E7D7
:10ADB000342B0020332B0020B820002030B50A4B64
:10ADC00002461C78094B196800230239D8B2844224
:10ADD00004D9013331F913509542F7DD00B930BD84
:10ADE0000138C0B2FBE700BF352B0020B82000209F
:10ADF00070B5044616F039FE0B4E0546306818B1A2
:10AE000016F082FA0023336034B104EB04146000BE
:10AE100022F0A1FD30B130600024284616F02BFE50
:10AE2000204670BD1A24F8E7BC200020F8B516F0C3
:10AE30001CFE0446002004F03FFE19F09AFE002399
:10AE40001A4E1B4D3278296800B2934207DB0CD1B1
:10AE500040F20345204616F00EFE2846F8BD31F9B3
:10AE60001370874210DB134A1370C822022101209D
:10AE700004F02CFE19F07DFE00233278296800B220
:10AE8000934203DBE4D007E00133DEE731F91350EE
:10AE9000A84203D1084A13700025DBE704DA012B2E
:10AEA000B8BF0123013BF5E70133E9E7352B00206B
:10AEB000B8200020332B0020342B002008B51CF0D4
:10AEC00038FA19F056FE00B2FFF778FF024B00B2D5
:10AED0001B6833F9100008BDB820002010B50A4BDC
:10AEE0000A4C1A78236833F9122050B904F0EEFDA9
:10AEF00019F03FFE00B2FFF761FF236800B233F99B
:10AF00001020104610BD00BF342B0020B8200020B8
:10AF100008B5FEF753FE431C1BBF2222034B002043
:10AF20001B6818BF02FB003008BD00BFBC2000201A
:10AF30002DE9F0410F46164619F0A5F800224FFA08
:10AF400080F8044639461A4819F0D6FD40450546B2
:10AF500006DB01223946164819F0CEFD404517DDC3
:10AF600001223946124819F0C7FD054405EBD57595
:10AF7000C4EB650040B20F4A92F90030834209DA0F
:10AF8000C01A00EBD07003EB600358B2BDE8F0814B
:10AF90000020F0E792F901308342F7DDB2F9023088
:10AFA000B342DCBF00EBD07040F34700EEE700BFD8
:10AFB0002A2B0020862A0020014B1878704700BFFA
:10AFC000362B00202DE9F04F064685B0002800F012
:10AFD000BE80FFF73FF8002840F0BB805E4B1A7838
:10AFE000002A3FD1347A5D4D0F2C84BF01221A70A4
:10AFF00014F00F0400F09880FFF726F8074601F0E0
:10B0000087FE0446002840F08F8033685448036070
:10B0100073684360337A037219F093FD002840F09F
:10B0200082804FF605424F4B38465C801A80FFF70E
:10B03000DFFE0446002877D104F05CFD064604F0EC
:10B040005FFD2B68024693B1FFF7F0FE044600282F
:10B050006AD11AF0ECFE4FF4005000F0F5FD012229
:10B06000414B1A700024204605B0BDE8F08F3046F1
:10B0700019F07FFD0FFA80F9104619F07AFD0FFAEA
:10B0800080F816F0F2FC1E26A346384F019070009F
:10B0900022F061FC2860002843D0CA4687F800B03F
:10B0A000D0450CDA40F2F6413B782A68B34234DBF3
:10B0B000019816F0E0FC002CC6D01A2434E050466B
:10B0C00004F006FCADF80C00039804F027FC19F01E
:10B0D00050FD0FFA80FCE1456FF0004101DCE045D6
:10B0E00004DA0AF105020FFA82FAD9E73B782868F8
:10B0F0002BB103EB010E30F91EE0E645F1D09E4284
:10B1000006D816F001F9002305362B60F6B2BEE72B
:10B1100020F813C001333B70E3E722F8131001332A
:10B12000C4E71A24C4E721244FF4005000F092FD34
:10B13000286818B116F0E8F800232B600C4D286839
:10B14000002890D016F0E0F800232B608BE7212434
:10B1500089E741F20C0486E7292B0020B820002063
:10B160002A2B0020862A0020362B0020352B002099
:10B17000BC20002008B5074B1B6843B14FF40050BA
:10B1800000F074FD18B1BDE80840FFF74FBE002085
:10B1900008BD00BFB82000202DE9FF4704464FF44A
:10B1A000005000F063FD002868D016F05EFC824677
:10B1B0002046FFF7ADFE344BB0F91E701A78334BC2
:10B1C000B4F834911B68A4F8347194F8375133F90A
:10B1D000128005F00F05B84506462B464FF0C80013
:10B1E00094F8362104F14401B4BF4FF000084FF049
:10B1F0000108FFF763FE738BA7EB09098742B4BF11
:10B20000002701270FFA89F9CBB90121013DB6F9D1
:10B210001E30EDB2A94047EA48020093C9B24B463E
:10B2200020461BF0BEFD204619F020F8820802F5EA
:10B23000487292B2C0F34F00B2FBF0F27283204624
:10B2400018F00EFF830313D5204648EA4707FEF7A0
:10B25000B5FC94F83711CDF808900197B6F91E3077
:10B2600001F00F010093002380B21A461AF0ABF8E8
:10B27000504604B0BDE8F04716F0FDBB204619F07B
:10B2800033F804B0BDE8F087332B0020B82000204D
:10B290002DE9F04F89B09A46129B894616460693CF
:10B2A000139D8046FFF734FE044616F0DEFB4E4B3E
:10B2B00005901A784D4B207E1B68494633F91230B1
:10B2C00000F001000793FFF709FE09F1FF32D2B247
:10B2D000BAF9001002EB420204EB42046180002143
:10B2E000074640F2F640B4F904B02970B6F90010F0
:10B2F000079B81424AD10123A7EB0B02A780AAF842
:10B30000007032802B70404618F0BDFE01220746C7
:10B310004946374819F0F0FB7BB28342D8BF00277B
:10B32000069BC4BF3F1AFFB21F70B6F900303BB393
:10B33000404618F095FE830316D54046FEF73EFCC6
:10B340002B78B6F9002049460292C3F340025B0015
:10B3500003F0020313430193BAF9003080B2009363
:10B3600000231A461AF02FF8B6F9003043B198F8C6
:10B37000373103F00F034B4504BFA388A8F83431DD
:10B38000059809B0BDE8F04F16F075BB69B99B454B
:10B39000AAF800B0DEBF2B7843F002032B705F45A4
:10B3A000B1DC2B7843F00103ACE758460793FFF775
:10B3B000EBFC079B9842DBBFA3802B78A08043F077
:10B3C0000203D8BF2B70B4F90430BB42A1BFA780E1
:10B3D0002B7843F001032B70B4F90430AAF8003045
:10B3E000A3EB0B0333808EE7332B0020B820002023
:10B3F0002A2B0020104B1A7842F0F0021A701A7CA7
:10B4000042F0F0021A7493F8202042F0F00283F820
:10B41000202093F8302042F0F00283F8302093F897
:10B42000402042F0F00283F8402093F8502042F090
:10B43000F00283F850207047C02000200368054ABE
:10B4400023F07F6323F4002302EAC1421343036025
:10B45000704700BF0000F80FF8B54488054604F0B7
:10B460000704072C1C4E28D116F0FFFA0022110108
:10B47000735C06EB02171B090F2B0AD00132062A58
:10B48000F5D1164A13880133138016F0F4FA192007
:10B49000F8BD2B6894B27B801123735416F0EBFA3D
:10B4A0001BF0C8FE06EB0413D8602B68002023F4C1
:10B4B000E02343EA04432B60EAE72301F15CC1F394
:10B4C0000312013202F00F02052A28BF002262F3A4
:10B4D0000711F154E4E700BFC02000208A2A0020B1
:10B4E00038B54488054604F00704072C0FD016F041
:10B4F000BCFA074A2401135D43F0F00313552B688F
:10B5000043F4E0232B60BDE8384016F0B4BA38BDF0
:10B51000C02000202DE9F0474588074605F00705C3
:10B52000072D894637D01D4C4FEA051814F80860DE
:10B530001BF080FE04EB051ADAF80C30360906EB36
:10B54000C506C01A04EB4606708014F8083003F0F4
:10B550000F02042A9EBF013262F3030304F808308D
:10B56000B9F1030F14D114F8081004EB0514A01C52
:10B5700001F00F011BF052FC044616F076FA3A680F
:10B58000074B134023433B60BDE8F04716F073BA06
:10B590004FF6FF74F1E7BDE8F08700BFC020002040
:10B5A0000000FF7F064A08B59268824207D04279C0
:10B5B00022F0030242F00302427104F06BFF08BD67
:10B5C0002021002010B5064C204621F0A7FE201DAA
:10B5D00021F0A4FE04F10800BDE8104021F09EBE59
:10B5E0002021002010B5022022F02BF8034C6060CF
:10B5F000022022F026F8A06010BD00BF202100200C
:10B6000008B5FFF7DFFF0022024BDA60BDE8084013
:10B61000FFF7E8BF20210020014B5868704700BFAA
:10B6200020210020014B9868704700BF2021002096
:10B6300038B50C4CE3681BB1E36898470023E3601E
:10B6400023686BB1074821F087FE054640B12368A7
:10B650001BB14FF0004004F0B5FE28461AF094FBF1
:10B6600038BD00BF2021002010B5084CE0604FF02D
:10B67000004004F0A7FE00BF00BF00BF00BFE368AA
:10B680001BB1E36898470023E36010BD2021002030
:10B6900038B58379044603445B7B13F0300F43795C
:10B6A00023F0030308BF43F00103437116F0DDF9F3
:10B6B00005462146054821F0FFFE4FF0004004F00A
:10B6C00081FE2846BDE8384016F0D5B9202100207B
:10B6D000F7B5144F7C68A3790C331C4400F026FBAB
:10B6E0006679E6B116F0020519D136EA000016D1E6
:10B6F000E378B4F80920B4F80710A079019624790A
:10B70000009401F01BFC002808BF0C252A4642F2D9
:10B710004101B86803B0BDE8F04019F0E4BD11255F
:10B72000F4E700BF2021002010B50D4C626893792A
:10B730000C331A441179D078003918BF0121003830
:10B74000B2F8073018BF0120B2F8052001F05EFD05
:10B7500042F242010246A068BDE8104019F0C3BDA4
:10B760002021002010B5084C6068837918440F3000
:10B7700000F09EF90023A0681A46BDE810404FF67D
:10B78000284119F06EBD00BF20210020242816D8C2
:10B790000F2805D802280CD8B0FA80F0400970476D
:10B7A000084B103880B2C34003F0010383F001005E
:10B7B00070470538012894BF002001207047012000
:10B7C000704700BF2D2011002DE9F04F95B0FFF715
:10B7D00023FF42F23603867905460C3630F80680A0
:10B7E000841998450ED1FFF717FF022121F06DFD56
:10B7F0007F22A3780233A370AA5500232022237747
:10B80000627063770121E078FDF7F4FD00230646BE
:10B81000002800F0D780CDE91233237AE2888DF832
:10B820004A30E37AADF848208DF84E30A388B4F85A
:10B83000092013F01000ADF84C2003F0050306D0EA
:10B8400093B1E37D012B51D00025122614E07BB388
:10B85000E37D657E012B37D16B1EDBB2022B09D84D
:10B8600000F064FA012338E04FF48043DDE912125E
:10B87000914220D900251126FFF7D4FE012332463C
:10B880004146ACB219F0EDFC002DCCBF0534053CAF
:10B8900024B2002E40F099800A2394FBF3F4E4B222
:10B8A000FFF7C0FEC3791844C47215B0BDE8F08F2D
:10B8B0004FF6FF73DAE71F29DCD99A42DAD8E37D25
:10B8C000657E0028BED1C5E7032BD3D16B1EDBB24A
:10B8D000022BCFD800F02AFA04230342CAD0032D4A
:10B8E00008BF04252840C0B20028C3D0E07818F073
:10B8F00046F820B1A088FFF749FF0028A4D0344AB9
:10B90000237F1278002A54D0042B9DD8637F042B08
:10B910009AD8A388DB0653D41BF010FD0121C8225E
:10B92000084004F0D3F894F91630B4F804E003EBBF
:10B930008303B0EB430F4FEA4302637B677E0F93B1
:10B94000A37BE188109304F10F031193637F94F8B4
:10B950000C9094F815A094F818B00546E07DC8BF87
:10B9600015B2B4F809200C93237F03280B93E37ED0
:10B9700008BF0420032F08BF0427003B18BF012382
:10B980000A93A37E1FFA85FCCDE90873119BCDE9CC
:10B99000060B0293109BCDE904ACCDF80C900193FB
:10B9A0000F9B304600935FFA8EF318F0A6F8064618
:10B9B00062E7002B7FF45EAF637F002BA9D059E7CD
:10B9C0000020ABE70546072656E7002468E700BFDE
:10B9D000372B0020F8B5074601200D46164621F00A
:10B9E00030FE0446C0B106220C2119F04DFC691E40
:10B9F000C9B2032988BF0022A37998BF074A03F17F
:10BA00000C0398BF525C234420469F80DE70DA719D
:10BA10009A71FFF7C7FD0120F8BD00BF12E40300D3
:10BA2000F8B5FFF7F9FD83791844B0F80F60B0B2AC
:10BA3000FEF7B0F80446C0B118F0F6FD0138C0B208
:10BA4000032814D800270B4B1C5CFFF7EBFD0546C1
:10BA500004233A4642F2300119F003FCAB790C336F
:10BA6000E818C68004724472F8BD0227EDE700248E
:10BA70002746EAE712E403000B4610B50649074CD7
:10BA80000622002808BF2146184621F0F4F9B0FA32
:10BA900080F0400910BD00BF392B00203F2B002053
:10BAA000024B1A6802609B88838070473F2B0020FE
:10BAB00013B50D4C28B1036823608388A38002B0BE
:10BAC00010BDF9F77FFCCDE900019DF80230BDF80B
:10BAD0000020A370BDF805302280A4F803309DF843
:10BAE00007306371EBE700BF3F2B002010B5044621
:10BAF00015F0BBFF2268064B1A60A2889A80054A9F
:10BB0000137843F00103137015F0B5FF012010BD49
:10BB1000392B0020382B0020024B1878003818BF32
:10BB200001207047382B0020024B1A6802609B8866
:10BB300083807047392B0020024B186908B104F04C
:10BB400041BC7047680F0020002310B53C4A02F149
:10BB5000100151E8001F02F1100C4CE80034002CD9
:10BB6000F5D140EA0104A10201D501F09DFF2201B7
:10BB700001D503F06DFE002C01DAFFF759FD6300DB
:10BB800001D501F0B3FDA00001D5FFF705F8E100F4
:10BB900007D5FDF71FFD20B94FF0805129481AF055
:10BBA00047F9620107D518F00AFE20B94FF080610D
:10BBB00024481AF03DF9A30105D51BF0B8FBFEF7A8
:10BBC000BDFF17F0E1FEE00108D518F002FA0728E2
:10BBD00004D14FF080711B481AF02AF9610201D597
:10BBE00017F0CCFE220201D517F0BCFEE30207D508
:10BBF00018F0EDF920B94FF4801112481AF018F935
:10BC0000A00507D500F0B4F920B94FF400710D4834
:10BC10001AF00EF9E10507D5FEF7F8FE20B94FF44A
:10BC2000807108481AF004F9620503D519F017FB72
:10BC300019F016FB230501D51AF002F910BD00BF5B
:10BC4000680F0020780F0020014601481AF0F0B874
:10BC5000680F0020C043044A52E8003F034042E816
:10BC600000310029F8D17047680F0020014B1B6894
:10BC700018407047680F002010B5044BD3E9064206
:10BC800004430A43C3E9064210BD00BF680F002009
:10BC900070B51E4D04462B68002B03DAFFF7B0FC8D
:10BCA000002031E04CF20C000021FFF7E5FF0023FB
:10BCB000174E336024B163682B60A36803B133600F
:10BCC0004FF00040FFF7C0FF33680BB9114B3360F2
:10BCD000114B1248AB6000232B7315F0C3F9FFF72B
:10BCE00089FB2046F6F72CFA70B92CB1B4F90E1086
:10BCF000B4F90C0003F004F91BF024FB04F042F843
:10BD000003F0C8FF0028C9D070BD00BF680F002035
:10BD1000302100201F0D002039BB01006C0F0020D6
:10BD2000014BD3E906017047680F0020054B9B6962
:10BD3000DA054CBF032001201B0548BF40F004007A
:10BD4000704700BF680F0020F8B517461C460D4627
:10BD5000064603F08DFC1C4BBA7A1C4953F822208E
:10BD600053F820308C421A4424D9194B9C4214D9E0
:10BD7000184B013C93FBF2F3002BB8BF03339A102E
:10BD800004EBA304B4FBF2F371682A68A1EB9301FE
:10BD900002EB430271602A60F8BD0F4B0F49A3FB11
:10BDA00004435B0902FB03F303F6C313A1FB031374
:10BDB000DB0AE9E702FB04F3094A03F574338F3326
:10BDC000A2FB03231B0CDFE768E403004C621000B6
:10BDD0001366660640420F001F85EB515917B7D115
:10BDE00083DE1B43034600F03F003F2830B51FD0E1
:10BDF00090B11946002201321B2A4FEA510105D1A8
:10BE000000212E480A460124584007E001F03F0077
:10BE10003F280DD00028EED130BD012104FA02F5F3
:10BE2000054202F1010205D1202AF7D1022907D0EB
:10BE30000020F1E7202A01F10101F7D00229ECD11D
:10BE4000DAB2C3F30721914225D000211C460846EF
:10BE500004F00305013D012D01F1010198BF0130FE
:10BE60001F294FEA54041ED11828E1DC05200021C7
:10BE70009B0E03F00304013C012C98BF01310138F3
:10BE80004FEA5303F5D10129C6DD8AB90228D4BF90
:10BE900000200120C0E7C3F307419142D5D1B2EBA6
:10BEA000136FD2D1C4E71029D2D10B28D0DDBFE760
:10BEB000D30748BF01305208E7E700BFD6BE898EDE
:10BEC000024B1A6802601860704700BF38210020DA
:10BED0000022024B1A6000F0FBB900BF382100209D
:10BEE0002DE9F843064618F0CBF80446002835D073
:10BEF00045784DB915F0B9FD237863701B4B1B686D
:10BF00002570636015F0B7FD4FF00108677837B909
:10BF100023781BB34FF4007004F054FA1EE097FA34
:10BF2000A7F5B5FA85F508FA05F55FFA85F96368AE
:10BF300033B90E4B27EA050565701B686360E5E7BA
:10BF40009B681BB963681B686360F0E7494630462D
:10BF50009847012805D163681B6863600120BDE82C
:10BF6000F8830228EED10020F9E700BF3821002035
:10BF700070B500250D4EFEF767F8A84201D80120E4
:10BF800012E03068FDF706FE50B93468FEF75CF841
:10BF90000134B4FBF0F303FB104401353460EAE7ED
:10BFA000FFF79EFF0028F0D170BD00BF34210020B4
:10BFB00010B50446837903441B7B392B96BF044A92
:10BFC000FF21D15C21F081F9A0790C30204410BD13
:10BFD00016E403002DE9F34105460C46019118F0E3
:10BFE0003FF8830605D501A821F098F902B0BDE815
:10BFF000F081019FBE790C36BB5D392B18D8164AEB
:10C0000012F80380B8F1FF0F12D0384621F0F2F990
:10C01000013840450CD1114B1E6896B9214628467F
:10C02000A37923441A7B02B0BDE8F0411AF007B8A7
:10C03000019821F073F92846BA5D019919F0FFFFC4
:10C04000D4E773680BB93668E7E721462846984776
:10C050000028F8D0CAE700BF16E40300382100200A
:10C0600037B504460D46202117F0FCFF294620462F
:10C0700018F071F8214601201AF088F821460020B6
:10C080001AF084F8012000232146034A00901AF098
:10C090000EF803B030BD00BF175F030073B50C4648
:10C0A000164605461AF0E4F980F001002946C0B2B0
:10C0B00017F0CDFFC368012C9A7907D0324621468C
:10C0C000284602B0BDE870401AF0D8B913441022D7
:10C0D000DB8A294600920020024A19F0E8FF204638
:10C0E00002B070BD7D64030037B504461AF000FA53
:10C0F0000321204617F0E0FF0025034621460120DA
:10C10000034A009519F0D3FF284603B030BD00BFA5
:10C11000636303002DE9F347074602200E4621F032
:10C1200090FA0546002846D0B37900210C333344F9
:10C13000B3F80480B3F806A0B3F8089019F035FFFF
:10C140002846FFF735FF02210446384617F0B4FFB2
:10C15000A4F804806081A4F806A0A4F808901BF05D
:10C160002DF808F10108B0FBF8F303FB18000223D7
:10C1700060806370AB79B371EA7903F10C00F271FE
:10C18000D21AD2B22918304420F085FE3946012057
:10C1900017F05DFF1022C6606389394601200092C6
:10C1A000064A19F084FF3846294619F0FCFE0020A3
:10C1B00002B0BDE8F0870720FAE700BF7D64030006
:10C1C0002DE9F34104460D460146012017F03FFFDB
:10C1D00001210746284619F0E8FE2846FFF7E8FE49
:10C1E000064600F10108404603F0FAFDD6F801309A
:10C1F0000221C7F8123073792046BB7517F05CFF37
:10C2000029460746F080204619F0CDFE202321461E
:10C21000009301203B46034A19F049FF002002B079
:10C22000BDE8F081496403007FB504460D46014630
:10C23000012017F00CFF50E8003F43F4806340E812
:10C240000036002EF7D120461AF012F9D8B3204656
:10C2500017F00EFF430715D53346324620460DF141
:10C260000F0118F0C8F99DF80F30062B0AD82846A0
:10C2700014F0BCFE012200232046FEF717F900202F
:10C2800004B070BD0E21284619F08FFE2846FFF736
:10C290008FFE0646FFF744FDC6F80510FFF740FD88
:10C2A0002946C6F80100204619F07DFE03212046EC
:10C2B00017F002FF00220346009221460120034AA4
:10C2C00019F0F5FEDBE70821DDE700BF6763030037
:10C2D00010B5054C054A204605491AF033F82046AA
:10C2E000BDE81040FFF7ECBD3C2100202F650300A6
:10C2F0005DC40100F7B58B7904460C33CE18CB5CD6
:10C300000D46023B0F2B00F2A080DFE803F0089EF1
:10C310009E9E9E739E829E9E2C689E9E9E4F15F0B2
:10C32000A4FB71780746204617F015FF2021204610
:10C3300017F098FE2146012019F028FF2146002021
:10C3400019F024FF01230093002321461846404A98
:10C3500019F0ADFE284614F049FE384615F08BFB67
:10C36000012003B0F0BDB3887288717818F029F904
:10C37000204617F07DFE830708D4294620461AF090
:10C38000B7F80121204619F0F8FDE9E72146012020
:10C3900017F05DFE2F4B82689A4203D1214601209F
:10C3A00019F0C4FE284614F021FEEAE77778084623
:10C3B000B67814F01BFE162F05D132460321204615
:10C3C0001AF0A6FACCE72146012017F040FE836858
:10C3D000002BC5D03246032120469847C0E70146CE
:10C3E000012017F034FE07462846767814F0FEFD4B
:10C3F000BB68EDE70146012017F029FE07462846F5
:10C40000767814F0F3FDBB68002BA9D032460421E6
:10C41000E2E70146012017F01AFE0F4B82689A42AC
:10C4200003D0284614F0E2FD9AE7D6F80120D6F8AA
:10C4300005302046FEF73AF8284614F0D7FD21468D
:10C44000012019F073FE02219CE7002089E700BF5C
:10C45000E564030063630300676303002DE9F341B0
:10C460000C4605461AF004F8A37900286BD00C336B
:10C4700014F80380E618B8F1010F41D0B8F1080FA5
:10C4800039D0B8F1000F51D17189284619F0FDFD5E
:10C49000B188738872788B4294BF074600270929B8
:10C4A0000B4638BF0923013B9BB29A420FD8002AA2
:10C4B00008BF00270846F388328919F005FD40B906
:10C4C000204614F093FD012002B0BDE8F0814746FC
:10C4D000F0E7002FF4D02946002017F0B8FD102215
:10C4E000C46073890092013B1B4A9BB2294600201D
:10C4F00019F0DDFDE7E72146284619F057FFE2E78E
:10C500002846F18819F0C1FD0746701C1AF028FF73
:10C510000028D5D0002FD3D02946002017F097FD52
:10C520002023C4600093F3880C4ADFE721462846A5
:10C530001AF0DBFA0028C6D12146284602B0BDE831
:10C54000F041FFF7D7BE23441B7B0E2BD3D02146EF
:10C5500028461AF0B9FAEDE79DC001000164030016
:10C5600038B504460D4617F083FD42070BD420462C
:10C5700017F07EFD830706D429462046BDE83840E3
:10C58000034A19F074BE284614F030FD002038BD6F
:10C59000E9C0010038B505460C4617F061FD00F012
:10C5A0001800102806D121462846BDE83840044A24
:10C5B00019F05DBE204614F019FD0C2038BD00BFF7
:10C5C00015C10100014A19F052BE00BFC1C10100EE
:10C5D00070B505460C460146012017F038FD0646A9
:10C5E000284617F045FD020704D5204614F0FEFC4E
:10C5F000002070BD33685B05F7D4284619F038FF7A
:10C6000040B121462846FFF7ABFF18B921F019F8D1
:10C61000044630B121462846BDE87040024A19F070
:10C6200026BE0720E5E700BF29C2010073B5044616
:10C630000E4617F015FD00F0300010284FF00200F4
:10C6400031D120F0FEFF054678B34379022143F053
:10C650000203437119F0A9FC2846FFF7A9FC2946FB
:10C660004670204619F09FFC1621204617F073FDF6
:10C670002021204617F0F6FC2146012019F086FD06
:10C680002146002019F082FD204619F025FE0121E7
:10C69000204617F011FD0346012021460090044A70
:10C6A00019F005FD002002B070BD0720FBE700BFB8
:10C6B000916303002DE9F04387B004460E4617F05E
:10C6C000D7FC00F4C060B0F5C06F06D1022020F0A6
:10C6D000B8FF054610B9072054E000252146012087
:10C6E00017F0B5FC814696F8068000F1120208F1B9
:10C6F0000C08B04408F10F0308F11F0153F8040BB4
:10C700008B4242F8040BF9D10321304619F04DFC5D
:10C710003046FFF74DFC0A22074608F105010130BB
:10C7200020F0C6FB0C210DEB010003F0C7FA03ABB0
:10C7300003CBC7F80B00C7F80F10059B07F10B02DE
:10C74000C7F813300DB30A21284619F02EFC2846ED
:10C75000FFF72EFC2946204619F025FC4FF4807186
:10C760002046C9F80C6017F07DFC0321204617F025
:10C77000A3FC00250346214601200C4A009519F030
:10C7800096FC284607B0BDE8F083204607F1130366
:10C79000012118F0C5F82046314619F004FC204666
:10C7A000C9F80C5018F0D8F8DFE700BF7165030036
:10C7B000F0B589B00D46044619F0D4FEAB790028D7
:10C7C00000F0A3800C33EA18EB5C033B082B00F26B
:10C7D0003881DFE813F009003601360184003601A4
:10C7E000360136015D007E00D2F80100D2F8051056
:10C7F00003ABB2F8097003C302F1130301210B323A
:10C80000204618F08DF80421284619F0CEFB284662
:10C81000FFF7CEFB06460C2105A803F04FFA05AB47
:10C8200003CB3346C6F80100C6F80510079A00216D
:10C8300043F8092F2046721C18F072F82146002098
:10C8400017F005FC034603AA478303CAC3F8120086
:10C85000C3F8161020460821FDF7C6F94FF4007101
:10C86000204617F0FFFB204618F076F829462046B0
:10C8700019F099FB0321204617F01EFC0346002007
:10C880002146714A009019F012FC012009B0F0BD58
:10C890000B21284619F089FB2846FFF789FB29461A
:10C8A000204619F080FB15F0E0F805464FF4407182
:10C8B000204617F0D7FB4FF48051204617F0DAFBE3
:10C8C000284615F0D8F84FF48061204617F0D5FBC4
:10C8D000DBE7284614F08AFB4FF40071F5E70621E8
:10C8E000284619F062FB2846FFF762FB204617F046
:10C8F00093FE2946204619F056FB204618F052F8C0
:10C900002146002019F012FCBFE72B441B7B043B9F
:10C91000072BBBD801A252F823F000BF3DC901008C
:10C9200063C90100C5C901008DC801008DC801009F
:10C930008DC801008DC80100DBC9010020464FF4FD
:10C94000007117F08FFBAA7920460C322A4402F1BD
:10C9500009030021013217F0E3FF284614F046FBDB
:10C9600093E74FF48060FFF781F9B0B100274FF4EF
:10C970000061204617F076FB2046CDE90577FDF7EC
:10C980001DF90646204617F069FB39460346009517
:10C9900005AAB0B219F087F977E72146012017F010
:10C9A00056FB00F11201204618F011F80621284626
:10C9B00019F0FBFA2846FFF7FBFA2946204619F042
:10C9C000F2FA62E7284614F011FB2146012019F023
:10C9D000DDFB204617F0E6FF57E715F046F8064660
:10C9E0004FF40071204617F03DFB4FF48051204674
:10C9F00017F040FB304615F03EF84FF4C06120467A
:10CA000017F03BFB2946204619F0CDFA21460120BC
:10CA100017F01DFBC268054682B1937901210C33E2
:10CA20001A4402F1130320460B3217F079FF204617
:10CA300017F092FF2046E96819F0B5FA0023EB6081
:10CA400023E7002022E700BF7165030010B5074C03
:10CA500007492046002219F075FC2046FFF730FAFE
:10CA6000BDE8104001200021FFF706B94821002051
:10CA7000B1C7010038B505460C4617F0F1FA00F0D1
:10CA80001800102806D121462846BDE83840044A3F
:10CA900019F0EDBB204614F0A9FA0C2038BD00BFF8
:10CAA000B5C6010038B50C468B7905460C331944E0
:10CAB000E35C142B03D0152B0FD0002038BD0131BF
:10CAC00019F028FE15212846224619F06BFE214652
:10CAD000284619F068FA0120F0E70146012017F016
:10CAE000B6FA0B4B82689A4203D0204614F07EFAC5
:10CAF000F1E7A179284621440D3119F00BFE2046BB
:10CB000014F074FA2946012019F010FBE3E700BF86
:10CB1000F967030037B504460D460A46142119F09B
:10CB200041FE2946204619F03EFA0321204617F01F
:10CB3000C3FA30220346009221460120024A19F02E
:10CB4000B6FA002003B030BDF967030010B5074CFA
:10CB500007492046074A19F0F5FB2046FFF7B0F9D0
:10CB6000BDE8104020200021FFF786B854210020A6
:10CB7000A5CA0100FD67030073B51E46ADF800208D
:10CB80008DF80230009B044601A801930D46114622
:10CB900019F0AAFD9DF80630B34203D1BDF8043068
:10CBA0008B4205D0284614F021FA122002B070BD45
:10CBB000204617F0CFFB9DF80230827A9A4209D1C5
:10CBC0008288BDF800309A4204D1284614F00EFA4B
:10CBD0000020EBE76946204617F078FE29462046FC
:10CBE000014A19F044FBE1E715CB01002DE9F041C2
:10CBF00016461A4307460C461D46BDF8188005D157
:10CC00002046BDE8F041114619F04BBE4146204692
:10CC100019F027FA78B12146384617F018FA402360
:10CC20008674C5742146069338464346BDE8F041F4
:10CC3000024A19F03CBABDE8F08100BF5B6903000D
:10CC4000F7B505460E460146012017F000FA0368C5
:10CC500013F0F00F03D02946012019F097FA284667
:10CC600017F0DFFCB3790C3333445F789B781F40B7
:10CC70000378C3F3030000EA1310384019F0EBFD0A
:10CC8000044668B9284619F0EFFD384019F0E3FD75
:10CC9000044628B9284617F0C7FC02F027F90446D5
:10CCA0002846002117F058FB1721304619F07DF96E
:10CCB0003046FFF77DF9314644708470284619F0FC
:10CCC00072F90321284617F0F7F940220346009233
:10CCD00029460020024A19F0EAF903B0F0BD00BF6E
:10CCE0001169030037B5044619F05DF903212046A8
:10CCF00017F0E2F90025034621460120034A00957A
:10CD000019F0D5F9284603B030BD00BF0F6B030002
:10CD100010B5074C074A2046074919F013FB204677
:10CD2000FFF7CEF800200621FEF7A6FF002010BD79
:10CD300060210020796D0300516B03002DE9F0475D
:10CD40008846212104461746994617F04EFD80B3C8
:10CD5000204617F08DF943042ED4022020F071FCF8
:10CD6000054658B34FF00A0A232119F01EF9284648
:10CD7000FFF71EF9012397FBFAF708F1FF32934002
:10CD8000437006468770484602F0D2F890FBFAF0EE
:10CD90004FF48041F070204617F06CF94146204670
:10CDA00017F0A3FF29462046BDE8F047044A19F0D2
:10CDB0005EBA1120BDE8F0872320FBE70720F9E7E2
:10CDC000E5CC010008B581B2074818F035FA01201A
:10CDD00000F0F4FD30B9054A536919075CBF43F010
:10CDE0000403536108BD00BF742100206C210020A2
:10CDF00001238340DB43064901F1240252E8002F5E
:10CE00001A4001F1240C4CE800200028F4D17047AE
:10CE10006C2100200123074A03FA00F002F12403E9
:10CE200053E8003F034302F1240C4CE80031002991
:10CE3000F4D170476C210020044A4FF08040536ABF
:10CE400043F40023536203F0BDBA00BF6C210020FD
:10CE500038B50E4D044601F095FCE86B18B114F09E
:10CE6000C5F80023EB6318F0F7F90948FEF738FB23
:10CE7000AB6B0BB1FFF7E0FF2146044800F0F8FD73
:10CE8000BDE83840034820F049BA00BF6C210020BB
:10CE9000742100208C210020034B586A10F00500FB
:10CEA00001D1FFF7D5BF70476C21002038B54FF096
:10CEB00010131D4C0122E3624FF4E063238647F612
:10CEC000FF730025A4F8603094F86730656262F360
:10CED000030384F86730154A154BC4E91632FEF790
:10CEE00025FF4FF48073A4F84830124B84F85600A5
:10CEF000E361114B65611A6829461378527804F191
:10CF0000080013445B106376A4F8BC50A4F8B45036
:10CF100018F092F9294604F1940018F08DF9BDE853
:10CF200038401AF02FBA00BF6C210020555555002B
:10CF3000D6BE898E61700300302100202DE9F041BA
:10CF40001F4C9846636A0F46D90715469DF81C602A
:10CF500033D460B30120FFF75DFF626A9DF818309B
:10CF600022F4C07242EAC312052E626284F8546051
:10CF700007D102F0FBF868B96D00ADB2BD4228BF21
:10CF80003D4694F854309A0715D413F0040F14BF9B
:10CF900003260126012094F86730A78566F3030372
:10CFA00084F86730E58584F83080BDE8F0810120A1
:10CFB000FFF71EFFD1E70226ECE70020F5E700BFF0
:10CFC0006C210020024B586AC0F38000704700BFFC
:10CFD0006C21002010B51D4CFFF7F4FF636A13F0BD
:10CFE000010313D1A8B994F8663094F83110253BA9
:10CFF000DBB20133DBB2032B28BF002341FA03F27B
:10D00000D207F6D5253384F8663018E094F854300A
:10D0100010B194F85520134303F00503052BE2D11A
:10D0200002F0A4F80028DED194F8673003F00F0274
:10D03000012A05D1032262F3030384F8673010BD8F
:10D04000012262F3030384F86730CCE76C210020EF
:10D05000024B586A00F00100704700BF6C210020AD
:10D06000F8B52C4C18B1636943F0100363611AF0F2
:10D07000E1F840F27121E28DE66C151F4D43AE429E
:10D08000236DA78D18D2A3F5967301FB0733E768CC
:10D09000181A23893B4483420EDA51436369891B82
:10D0A00043F0100363618142D4BF216120611948BC
:10D0B000BDE8F84000F08CBC40F271277A43A2F53D
:10D0C000AF722261FFF786FF236DA28DAE4207FB90
:10D0D0000233636023654FF00003E3640E4B0CD30F
:10D0E0001A68616A137B4907617E4CBF9279127896
:10D0F0000B4493420CDC6376D9E7626A1B685207E3
:10D10000197B4CBFDA795A78637E5B1A9342F2DA64
:10D110006276CCE76C2100203021002038B51A4C13
:10D120000546636923F01003636101F02BFBB4F83B
:10D13000BC302BB9A36813F4601F08BFA4F8BC303F
:10D140000121114800F094FC104BE361636A5A041A
:10D1500005D485F00100BDE83840FFF781BFA26A21
:10D160006168521A002AF4DA23F0010343F4004301
:10D170006362FFF791FE4FF0804003F023F9FFF761
:10D1800021FF0028E5D138BD6C210020617003002B
:10D1900008B5FFF717FFB0B10B4B586A20F0040237
:10D1A00010F001005A6203D1BDE80840FFF750BEFD
:10D1B00001F0E8FA18F050F8FFF73EFEBDE808402D
:10D1C0000020FFF7ABBF08BD6C21002038B5054635
:10D1D0000D4C80B10320FFF70BFE002384F845308F
:10D1E0000123A4F846300420FFF702FEBDE83840D2
:10D1F0001020FFF7FDBD0520FFF7FAFD012384F89D
:10D20000B650A4F8B830EEE76C21002070B53B4C66
:10D210001646636A03F0010270B95AB114F025FC96
:10D22000636A054623F001036362FFF735FE284673
:10D2300014F021FC002070BD002AFBD19B0704D50F
:10D24000E36BBBB10120FFF7C1FF94F8303003F06E
:10D25000FD03012B16D014F008FC0546C6B10E20C4
:10D26000FFF7D8FD19F0E6FF42F2107303FB06004A
:10D27000A06210E0022020F0E4F9E0630028E1D190
:10D280000720D8E7FEF748FC0028E4D11220D2E7B7
:10D290000E20FFF7ADFD0020FFF7BCFD636A13F021
:10D2A0000403C4D140F27122E364E38DE260023BE7
:10D2B0005343236119F082FF0323B0FBF3F303EB25
:10D2C0004303C31A253384F86630FFF783FE19F051
:10D2D000B1FF60602065B4F8BC00002808BFF520ED
:10D2E000FFF770FD064B05481A681378527813440F
:10D2F0005B10637600F06CFB99E700BF6C210020A7
:10D3000030210020274B70B55A6A0D4609B3160725
:10D3100047D503F1450603F1460428B3D1061FD5CE
:10D320002388012B1CD95B0804202380FFF760FDB4
:10D330001020FFF75DFD19F041FF2388B0FBF3F2E9
:10D3400002FB1300307055B30320BDE87040FFF7B7
:10D350004FBD940625D503F1B60603F1B804DCE70A
:10D360000420FFF757FDE3E7D20314D5B3F84610C6
:10D37000B3F8482091420ED222881020520092B277
:10D380002280B3F84830934228BF13462380FFF72A
:10D390002FFD0420CDE71020FFF73CFDF9E7052025
:10D3A000D3E770BD6C2100202DE9F04F00278346A4
:10D3B0008946304C8BB0A56B636BAE79C4E90D77B1
:10D3C0000C36079305EB0608D8F824A002F00CFAF7
:10D3D000AA5D08F10806C2F3C01231460DF127001C
:10D3E0008DF8272016F0F5FACDE904B9636A5246A4
:10D3F000C3F380230393FF2302939DF8273039461C
:10D40000CDE90063079808F10E03FCF71DFF2846DD
:10D4100013F0ECFD636A23F02402D907626205D49D
:10D420000120FFF715FD0BB0BDE8F08F124B94F80B
:10D4300054501A68052D1378527813444FEA630349
:10D44000637602D101F092FE40B994F854309A0705
:10D450000ED413F0040F14BF0325012594F8673090
:10D46000012065F3030384F86730FFF757FEDAE71E
:10D470000225F3E76C2100203021002070B58AB02E
:10D4800005466B46484AAC7910685168127A03C366
:10D490000C3408201A702C44FEF7E8FB20B101225E
:10D4A0002846A11D1FF01DFF0021A379CDF82110F2
:10D4B0008DF80F30A37AADF8251003F00F0303F1B8
:10D4C00028026A4412F8282C8DF82010ADF810209C
:10D4D000062B08D8DFE803F0044F07075F074B006F
:10D4E0000D20FFF797FCA37A0DF11301C3F380130E
:10D4F0008DF81230E3680DF11200CDF81330238A55
:10D5000009AEADF8173000231A4616F04DFAE3794C
:10D510001C218DF819304FF47F43ADF81A307F236A
:10D520008DF81C30637928468DF81D300023ADF846
:10D530001E30AB7903AC1233AB711FF02FFFAB7908
:10D540002B440C33224603CAB24218605960144679
:10D5500003F10803F6D110682946186013481FF03C
:10D56000ABFF4FF0804002F02DFF0AB070BD0D20E0
:10D57000FFF73EFCB7E7D4F81230CDF82130E38A4C
:10D58000ADF82530EB79063BEB71A37AC3F3C013FA
:10D590008DF82030A7E7064B5B6A9B0444BF42F03E
:10D5A0000102ADF810209EE750E403008C2100201A
:10D5B0006C21002070B583790C33C4182379DA0705
:10D5C00002D44FF0FF3070BDA37AE27A03F00F056A
:10D5D000082DF6D8062D01D92846F4E7911F1F29FA
:10D5E000EFD8012D1FD10C2AEBD1244E736A13F012
:10D5F000060F01D1DB05EFD416F0E3F920B916F0E0
:10D60000D7F90028E8D1DCE7A37A96F83020C3F3F5
:10D61000C010B2EBD31FD4D104F1120100F001000D
:10D62000FEF72AFAEDE7042DD6D11449144A486AC8
:10D630000240002AC5D0C96B0029CDD08A79C3F336
:10D6400080130C3288188A5CB3EBD21F08D016F016
:10D65000B8F90028C0D116F0A2F90028BCDBB0E769
:10D6600004F10C01062208301FF005FC044616F0F8
:10D67000A8F90028B0D1002CAED0ECE76C21002036
:10D6800008000400F0B5184C87B0606B00B3A76BBE
:10D69000BE79FCF793FA0223FF210C36BA5DCDE97F
:10D6A0000431BD1995F8233000215B090393AB8B3E
:10D6B000D20902936B8B80B201932B8B009305F1FF
:10D6C000080318F006FA606BFCF720FD0023636383
:10D6D000A06B13F08BFC0023A363636A23F00403A5
:10D6E000636207B0F0BD00BF6C21002013B5154C7C
:10D6F00014F0BBF9236A01930023236214F0BBF9F1
:10D70000019BA3B9636A1A0406D517F01BFEA0B1EA
:10D71000636A23F400436362636A1B0305D5FFF762
:10D72000B1FF636A23F40023636202B010BD01A855
:10D730001FF012FE17F071FEE2E74FF0804002F09A
:10D7400041FEE9E76C21002037B505460846114641
:10D75000254A526A02F41072B2F5107F04D1022BEE
:10D7600040D0032B08BF01230193162300F00102D0
:10D7700000932846052319F0B1FCAC7918F095FB0D
:10D780000C342C440321C4F80E0004F1120002F002
:10D7900095FABDF8203004F11E002383BDF8243033
:10D7A000E38202236375BDF818306383BDF81C3033
:10D7B000A38302F015FB0C22A37CB3FBF2F102FB66
:10D7C000113394F82320053363F3040284F82320F3
:10D7D00001F04EFF94F8233060F3471384F82330B0
:10D7E00003B030BD0023BFE76C2100202DE9F041DC
:10D7F000054686B000200F461FF023FF064600288E
:10D8000000F09E804F4C0620676395F8018018F069
:10D81000010800F09080FFF7FDFA6A7A636A023A25
:10D82000012A99BF43F4007388F0010023F40073C8
:10D83000002094BF6362636216F0CCF80DF116030A
:10D840000093414B3846D3F80080AA89698905AB1B
:10D85000C047BDF81630EA1C0393BDF814303046BB
:10D8600002932B8A0193EB8900936B7AA978FFF7D7
:10D870006BFF0020A663FFF7A9FC14F0F6F8636ABB
:10D88000074643F004036362304B1A689379D279F8
:10D8900013445B106376AE7C052E84F8556002D18C
:10D8A00001F064FC40B994F855309A0746D413F05F
:10D8B000040F14BF0326012694F8673066F30303B0
:10D8C00084F8673095F90230002BBCBF042384F83C
:10D8D0005530636ADB0727D4B4F8BC00002808BFC2
:10D8E000F520FFF76FFA40F27122E38DE2605343B7
:10D8F000A3F5AF73236119F061FC0323B0FBF3F3CD
:10D9000003EB4303C01A00F1250384F8663047F6A1
:10D91000FF73A4F86030FFF75DFB19F08BFC6060CB
:10D920002065084800F054F8384614F0A4F80020A8
:10D9300006B0BDE8F081FFF75BFA6EE70226BBE7B1
:10D940000720F5E76C210020A41F002030210020D3
:10D9500010B5074C2368DA0607D523F010032360BF
:10D9600018B90120A16815F0F1FF0023A36010BDD4
:10D970002C220020014610B50446022015F0E6FFD7
:10D98000054B1B68D90305D463691A075CBF43F0D4
:10D990000403636110BD00BF2C220020014BD86836
:10D9A000DC3870472C220020034B10B5DC6819F0DE
:10D9B00041FCDC3C201A10BD2C220020034B1B68CC
:10D9C00013EA004314BF0120002070472C220020DE
:10D9D000F8B5002303604369044658070DD5204677
:10D9E00050F8081FC90C01F4FC7141F00501FDF766
:10D9F00025FD636923F00403636163692589D90602
:10DA000003D519F017FC28446060184E6068314651
:10DA100051F8043F2D1A8BB923600C60B3684BB1E9
:10DA2000617E5A7E914219D26269D2060FD50020DA
:10DA3000FFF78EFFBDE8F84018F01FBA5A681F893B
:10DA40002A44D21B002AE7DA19461B68E3E75A6822
:10DA50001B6913441B1A002BECDBE8E71A895B688F
:10DA6000D31AE2680344D342E4D5E0E72C22002035
:10DA700038B504460A4D0846AB68A34201D1FFF70A
:10DA800067FF6B68074A1BB1A342196804D1116094
:10DA9000BDE8384018F0F1B91A460B46F3E700BF6D
:10DAA0002C220020302200202DE9F047754D2B68F4
:10DAB0005B0700F1AF80AB68002B40F0AB8055E80E
:10DAC000003F43F0040345E80032002AF7D16C68B8
:10DAD0009CB119F0AFFBD4E9043717F0100F0646DC
:10DAE000A26819D010FA82F262602068D4F804802B
:10DAF00038BBDC334344C5E9024355E8003F23F01B
:10DB0000040345E80037002FF7D1AC68002C74D12E
:10DB1000BDE8F04701F0C0BC606892B2811AFF070F
:10DB2000A1EB060109D40029DFDAE768DF1BCF4249
:10DB300005D432441844831AD6E70029D5DA2046A2
:10DB40004FE041690289CF06D0F804E048BF06EBF8
:10DB5000020EAEEB020211F0010C11BF1146D0E92A
:10DB60000371C91B891808EB03077F1A002F28DDF2
:10DB7000BB4205D9E768A1EB0801DC378F423AD9EF
:10DB8000D4F814A01AF0010F1DD12169D0F80C901F
:10DB900027894144A1EB0901C91BE768A1EB0E01EC
:10DBA000DC37B9420FDD971BBCF1000F03D10169CF
:10DBB000A1EB09010F44002F05DB4B46C0F804E040
:10DBC0000446006892E7477E617E8F42F9D2921B3D
:10DBD000BCF1000F03D1D0E903135B1A1A44002AE9
:10DBE00002DAFFF7C7FE72E71AF0100FA7D0C3687A
:10DBF000C0F804E0E4E70B46E3E7A36813F4601F12
:10DC0000C3F3C24008D121462B6843F010032B60B8
:10DC100015F09CFEBDE8F08704F108063046FDF7DC
:10DC20001BFC2B68214643F010032B60F8B915F05C
:10DC30008DFEA36813F4601F4FEAD341C3F3C245BE
:10DC400017D0013DEDB201F4FC7130462943FDF7D8
:10DC5000F5FB03213046FDF75DFC75B1A268237E1C
:10DC60001344120C9BB212041343A360D2E738464C
:10DC7000CEE703213046FDF74DFC3046FDF730FC82
:10DC8000ECE700BF2C22002008B5034B996809B1CE
:10DC900015F05CFE08BD00BF2C220020014B9868E7
:10DCA000704700BF2C2200200A4B70B59C6884424C
:10DCB0000FD12146012015F049FE6668258919F02B
:10DCC000B9FAAD1BC54221464CBF0020022015F019
:10DCD0003DFE70BD2C220020054B1B681B6A13F013
:10DCE000100003D013F0030018BF0120704700BFDD
:10DCF0003C22002006222DE9F341344B06469C6865
:10DD00008846A5790C35635D671903F04F036355A9
:10DD1000838D7A70103B0D2B31D8DFE803F0533040
:10DD20004F07300C303030303030300C635D6FF3E3
:10DD30000303635523E00123625D006A63F303027A
:10DD400062550C2210F4006F7A7006F12E0107F173
:10DD500008020CD001924FF0FF32C0F380200092F5
:10DD60001A4615F02AFE635D43F08003E1E7D6F81A
:10DD70002E30BB608B889380336A5B05F3D4B28D01
:10DD8000635D304662F345136355B91C19F0A6FA7A
:10DD9000635D60F386136355A3797A780233134485
:10DDA000E371B38D03F01403142B04D0B8F1000F0A
:10DDB000C4BF42447A7002B0BDE8F081635D62F393
:10DDC0000303B6E70222635DF9E700BF541F00209A
:10DDD00038B5294904460B7D4A7D0133DBB2B3EBEC
:10DDE000921F0B7503D3032300200B7538BD016A06
:10DDF000C90234D5032390F87E20243A92FBF3F332
:10DE000003EB4303D21A2532D2B2A18D94F87F30AE
:10DE100011F01001B4F9340084F87E2003F00F03F0
:10DE200023D119F086FA01F083F8B4F9782004F1CF
:10DE30007005824204D0A4F8780001F049FD6881A1
:10DE4000284601F073FB00221146104615F080FDB4
:10DE500094F87E00002119F06BFA0120C6E75B0000
:10DE60001A4102F003022532CFE70246194600208C
:10DE700001F02CFED7E700BF541F00201F4B2DE9F7
:10DE8000F04104461860006C1FF0B4FA01462046C9
:10DE9000FFF730FFA38D1A4E03F01403142B0CBFB1
:10DEA0000022226CB36820461A60FFF791FFFFF74B
:10DEB00013FF144B051E144808BF184601F002FD5D
:10DEC0006369676803F0100819F0B4F96D00034640
:10DED000627EE8B2B8F1000F03D1FF1AB7F59B7F5D
:10DEE00007D5114601F08AFBB068BDE8F04101F0AA
:10DEF00059BB616819F0A4F9F6E700BF3C22002085
:10DF0000541F002099DF0100E5E1010070B50546CE
:10DF1000FFF7E2FE104B041E104808BF184601F040
:10DF2000D1FC2846FFF754FF0D4E054660B133681B
:10DF30006000597E00F0FE0001F060FBBDE870401B
:10DF4000084B986801F02EBB01F0BCFC29463068F4
:10DF5000BDE87040FBF71CBB99DF0100E5E1010063
:10DF60003C220020541F0020034610B5094C052B0D
:10DF700020680AD0062B0CD1002001F0A3FC2068F9
:10DF80000121BDE81040FBF703BBBDE81040FFF7DF
:10DF9000BDBF10BD3C220020032803D1024B1868EE
:10DFA000FFF7B4BFFFF7E0BF3C2200200C4B032873
:10DFB00010B51C680FD1206C1FF01CFA01462046DA
:10DFC000FFF798FE074B226C9B682046BDE8104087
:10DFD0001A60FFF79BBFBDE81040FFF7C5BF00BF49
:10DFE0003C220020541F00202DE9F8438B7906467F
:10DFF0000C33CC182379DA0703D44FF0FF30BDE897
:10E00000F883E77A252FF8D83C4B9A6893790C333C
:10E01000D118D35CA27AC3F38013B3EBD21FECD137
:10E02000056A0622EB064CBF0231043104F11200EE
:10E030001EF021FF0028E0D194F80A9015F0C1FCF1
:10E0400005F4C04580F001032A1EC9F3801904F1CC
:10E050000C08414618BF01224846DBB219F0FAF815
:10E06000014658B1A37A03F00F03032B16D1336A8C
:10E070009807C2D50C2FC0D10320C0E715F0A7FC2C
:10E080000028BAD1A37A03F00F03002DEDD0032BA3
:10E0900085F4C04513D1A904AFD5E8E7052BACD171
:10E0A000306AC207A9D500F01403142B0CD004F178
:10E0B000180019F03DF800289FD005209FE7052B98
:10E0C0009BD16B04ECD498E706F12E052946C0F3EA
:10E0D000802015F06BFC0028E9D1A27A336AC2F3E4
:10E0E0008012C3F380239A4287D1062229464046F4
:10E0F0001EF0C1FE0028DAD07FE700BF541F0020C9
:10E100002DE9F74F00244FF0FF31074601A8019495
:10E1100001F04EF8019949B13846FFF765FF032831
:10E1200006D005284BD001A81FF0F8F801203FE0E9
:10E13000DFF8A880284801F0C5FBD8F80030204659
:10E14000597E01F07FFAD8F800B0DFF89490DBF840
:10E150004400D9F808601FF04DF9B47905460C3435
:10E16000335D06EB040A03F0400343F00403335528
:10E170000AF10201584619F0B1F8335D002D60F341
:10E1800086133355D8F80030D9F808005B6CA4BF6B
:10E1900006358AF80150036001F004FAD8F800301F
:10E1A0001B6ADB0407D53846019915F0A8FE00204C
:10E1B00003B0BDE8F08F01A81FF0B0F8F7E70198B1
:10E1C00001F0ACF83846019915F042FE0028ADD0B8
:10E1D000204601F077FBEAE7ADDF01003C2200209A
:10E1E000541F00200E4A032810B5146805D00428D7
:10E1F00009D0BDE81040FFF7B7BE617E0120BDE841
:10E20000104001F0B7B92046FFF77AFF30B101F0B6
:10E21000EBFA2046BDE81040FFF778BE10BD00BF06
:10E220003C22002038B50D460446002001F04AFB90
:10E2300001F0DAFA29462046FBF7F4FC0022014BF4
:10E240001A6038BD402200200123074A03FA00F07B
:10E2500002F1140353E8003F034302F1140C4CE8AD
:10E2600000310029F4D170476C1F0020F8B5244F0D
:10E2700005467B690C4613F4C07F03D099063BD456
:10E2800001200CE039B15A0705D4D5F8A43013B9F0
:10E290000820FFF7D9FF7B699B0601D50020F8BD58
:10E2A0007B7FAE6A022B06F0080604D916B114B9BA
:10E2B0000220F4E7E4B995F8921095F83701063199
:10E2C00000F00F0000F0EEFD85B20EB904B16D0054
:10E2D000FFF76AFBA8420DDB7B6913F01C0FDDD151
:10E2E0001EB1002CDAD10520D9E7002CFBD1D5E7EF
:10E2F0000320D4E70420D2E7002CCFD0C3E700BF2F
:10E300006C1F002038B50446114D4FF480616B69D5
:10E31000283043F400736B6118F03BFF0121204665
:10E3200015F0ABFE00212046FFF7A0FF014620B10B
:10E330002046BDE83840FFF775BF6869617E80F40C
:10E340008070C0F30020BDE8384001F013B900BF71
:10E350006C1F002038B504460B4B186000F5947014
:10E3600001F0E4F82046FBF729FCC4B2204615F082
:10E37000FBFA0546204615F0F9FA29460246022026
:10E3800015F0E6FA38BD00BF4022002008B5002095
:10E3900001F098FA01F028FA0022014B1A6008BD3A
:10E3A0004022002010B50446FFF7D4FF064801F0D4
:10E3B00089FA6168226C637E1120BDE8104001EB90
:10E3C000920201F0C3B900BF95E601003F4B37B59B
:10E3D0001C680023A26A01935005D4F8A03012D51E
:10E3E00004F1A40001931EF0B7FFC4F8A00050B1DF
:10E3F00094F846314FF48061013B84F8463104F1D2
:10E40000280018F0C6FED4F8A0500DB9304B9D6816
:10E4100094F94631022B0DDCD4F8A83013B1A36A6D
:10E42000D90502D5D4F8AC3023B14FF48051204641
:10E43000FBF7DAFBD4F8A410A36A002914BF01216A
:10E440000021AA794FEA830302F10C0203F00C03C6
:10E4500043EA0113A95C21F01C0143EA0103AB5418
:10E460000DD11B4A02F1140353E8003F23F00803C7
:10E4700002F1140040E800310029F3D102E003204A
:10E48000FFF7E2FE284601F08DF8019B53B15B795E
:10E4900003F00A03082B02D12046FBF789FE01A8EE
:10E4A0001EF03CFF6B799A070ED5A36A1B040BD5AF
:10E4B0000820FFF7C9FE4FF4004104F1280003B023
:10E4C000BDE8304018F065BE03B030BD40220020EA
:10E4D0006C1F002000232DE9F04385B00446032182
:10E4E00003A8039300F064FE039D35B9F421204690
:10E4F000FFF798FE05B0BDE8F083AB79644F0C33AD
:10E500001D442A797B69D6074ED4DD064CBF07200F
:10E510000420FFF799FE002601212046FFF7A6FE02
:10E52000054650B97869617E80F48070C0F30020A0
:10E53000400001F087F8FFF749FF039800F0EEFE76
:10E54000DDF80C807A6998F80630510603F10C0367
:10E5500008EB030915D458F8033006203B61FFF798
:10E5600073FEA36A1A060CD404F1280252E8003F95
:10E5700043F0800342E800310029F7D10120FFF782
:10E5800063FE4946204615F08AFD99F80430DB0702
:10E590007BD5002E52D11DB129462046FFF742FE01
:10E5A00003A800F0DFFCA5E7012023F010037B6146
:10E5B000FFF74AFEAE7AF0062FD50220FFF744FEA1
:10E5C000A36AAA7A83F00203C2F38002C3F3400372
:10E5D0009A422FD14FF4006104F1280018F0D9FDC0
:10E5E00050E8002F42F4806240E80023002BF7D16E
:10E5F000A26A82F00202A2627B77AA7AA36AC2F3BD
:10E60000C00203F001018A4285D183F0010316F0B4
:10E61000030618BF0126A3627EE707F1140353E83F
:10E62000003F23F0040307F1140141E80032002AFF
:10E63000F3D1C5E77B7F0133DBB2DDE72046FBF793
:10E64000BDFAC0B215F090F906462046FBF7B6FABF
:10E65000CDF80480A38F82B20093314600230220BC
:10E6600015F07EF94FF0FF3103A800F0A1FD0399EA
:10E670008B790B44DB7D002B8DD02046FBF7B6FD5C
:10E68000002D3FF437AF294631E7002E83D0E9E76C
:10E690006C1F002008B50346114A042B10680BD0EC
:10E6A00002D8032B18D008BD053B012BFBD8BDE8D1
:10E6B0000840F121FFF7B6BDFFF70CFF094A02F150
:10E6C000140353E8003F23F0200302F1140040E854
:10E6D00000310029F3D1E6E7BDE80840FFF712BE9C
:10E6E000402200206C1F0020164B033810B51C6818
:10E6F000032818D8DFE800F00702181E2046BDE8FE
:10E700001040FFF7E7BE2046FFF7FCFD0E4A02F17E
:10E71000140353E8003F23F0200302F1140040E803
:10E7200000310029F3D110BDF1212046BDE8104091
:10E73000FFF778BD4FF4806104F1280018F029FD3F
:10E74000F221F2E7402200206C1F002010B50446A1
:10E75000FFF700FE054801F0B5F8FFF737FE627ECF
:10E7600061680220BDE8104018F06ABDE9E60100CA
:10E77000034B5B6A13F0060F0CBFE220F1207047D9
:10E780006C21002008B5FFF789FA054B834206D1BA
:10E7900001F02AF8BDE80840002001F093B808BD58
:10E7A0006C21002070B5214C214801F08BF894F8C1
:10E7B000673094F86620002103F00F03C82018F09A
:10E7C000B8FD00F0B5FBB4F96020824205D0A4F892
:10E7D000600001F07DF8A4F86200164800F0A6FE83
:10E7E00000221146104615F0B3F8666818F022FDB5
:10E7F0000246FFF7BDFFB61AB6F5FA6F054609DC0B
:10E80000FFF7CCF8627EA0F5AF712846BDE87040F6
:10E8100000F05EBF6668FFF7C1F83146637EA0F581
:10E82000AF722846BDE8704000F090BF6C21002018
:10E83000CDEC0100C421002038B500F0D5FFFFF772
:10E84000B3F8B0F5967F0D4C0CDDFFF791FF054650
:10E85000FFF7A4F8627EA0F5AF712846BDE8384006
:10E8600000F036BF18F0E6FCE36C62689B1A0344C4
:10E87000E3640020BDE8384018F0FFBB6C210020A5
:10E88000F7B5104C064694F845500F462DB10020C0
:10E89000013D84F8455003B0F0BD0B4B02201B68CE
:10E8A000597800F0CFFE94F830303A46CDE9005365
:10E8B00031460323E06B18F011FCE06B00F072FEB0
:10E8C0000120E8E76C21002030210020094A02F1F4
:10E8D000240353E8003F43F0080302F1240040E81A
:10E8E00000310029F3D1044B01201B68597800F056
:10E8F00041BE00BF6C2100203021002002894389E5
:10E9000040F271205B004343D0B25B1A4343120ACA
:10E91000B3FBF2F3024A126811445818704700BF63
:10E920006C24002030B58C1AE41A002C08DA124C42
:10E93000551A64681D44B5FBF4F505FB04442144F5
:10E94000134440F2E242CB1AB3FBF2F39BB242898A
:10E950002BB940F27124530004FB0311134601321A
:10E96000B3FBF2F402FB1432028140F2E2409B1A44
:10E9700000FB131030BD00BF6C2400202DE9704354
:10E98000064618469DF8183089461446E3B9C31E5A
:10E99000012B8CBF02250325222100F083FA40F2CF
:10E9A0007128154B6D005B6808FB05F581446BB160
:10E9B00021463046FFF7A2FF4A460146ABB2304639
:10E9C000BDE87043FFF7AEBF0125E5E773893489E1
:10E9D0000133B4FBF3F203FB1244F37934815B009F
:10E9E000640008FB03F308FB04F404EB530404EB9A
:10E9F00009002844BDE870836C2400202DE9F04113
:10EA0000134E8046736A5B071BD58B790C33CF1886
:10EA1000C8B9FD79CC582846398900F043FA044436
:10EA2000B8F1000F11D1033D012D94BF0323022340
:10EA300040F271225B0002FB034434647B7986F868
:10EA40004430BDE8F0810125E4E70123F0E700BF91
:10EA50006C2100202DE9F04F16468DB0021E069164
:10EA600008BF00211F46954B05929D6B5B6AAC79F0
:10EA700038460C342A5DC3F3801A61F345122A55D7
:10EA8000314603F04002039214F09DFF05EB0408A9
:10EA90000790285D08F1080B5946C00914F093FF50
:10EAA000039B8146002B44D1002844D114F089FFF8
:10EAB00080F00103DBB252463146384603F00103D1
:10EAC00018F0C8FB0490002800F08A80039B002BFC
:10EAD00033D1B9F1000F75D1079B002B72D014F020
:10EAE00061FF00286ED001220AA90DF1270014F061
:10EAF0006CFF002874D09DF827302A5D591E4B42C8
:10EB00004B41B3EBD21F6BD1062258460AA91EF027
:10EB1000B2F9002864D13368C8F80830B388ABF87C
:10EB200004302B5D67F3C7132B554FF00009CA461D
:10EB300019E00123BFE7039BBDE7604B5B6A13F459
:10EB400000791CD115F804A0CAF3801A484614F0C5
:10EB500041FF3368C8F80830B388ABF804302B5D48
:10EB600067F3C7132B55059B544E002B3ED196F8E7
:10EB7000B630002B3AD0013B86F8B63030E014F0C6
:10EB80000EFF002806DA15F804A04FF00009CAF3BA
:10EB9000801ADBE700221146104614F010FF15F82A
:10EBA00004A08146CAF3801A0028CFD00023022196
:10EBB0001A4608EB010018F069FA2B5D60F3861322
:10EBC0002B55C3E77A1E57422B5D5741B7EBD31F36
:10EBD00006D10622314658461EF04DF90028A4D031
:10EBE0000023049304980DB0BDE8F08F18F022FBC9
:10EBF000074615F028FA059B02463946009308F1AE
:10EC00000E009DF85830FFF7B9FE2D4B059A1B6892
:10EC10000746D9799AB9022000F014FDB06B00F0D4
:10EC2000C1FCB36B9A7913441F63FFF737F8254B88
:10EC3000C361069BB3B9736A23F4806315E00020B7
:10EC400000F000FDB06B00F0ADFCB36B1E489A798C
:10EC500013441F6300F036FE069BC3B9736A23F4A6
:10EC6000806317E0736A43F480637362039B9BB114
:10EC7000B9F1000FB6D0002351461A4608F1020040
:10EC800018F004FA2B5D60F386132B55AAE7736A1C
:10EC900043F480637362EBE72B5D0022C3F3C01380
:10ECA00059460AA88DF8283014F08FFE2B5D9DF888
:10ECB000282062F3C7132B55DAE700BF6C21002030
:10ECC000302100205752030079EE010004282DE97D
:10ECD000FF471ED005D8032800F0C08004B0BDE86F
:10ECE000F087431F012BF9D805384FF0010118BFF9
:10ECF0000120FEF707FB18F09DFA5D4AD36C5168BE
:10ED00005B1A03440020D36404B0BDE8F04718F058
:10ED1000B4B9002403A84FF0FF31039400F048FA7F
:10ED2000039858B1FEF746FC0828074603D8514B14
:10ED30001E5C31070AD403A81EF0F0FA4C4B5B6A44
:10ED400013F0060F12D0FFF777FD0FE00728039DA1
:10ED500013D122462946464816F074FA0028EDD011
:10ED600016F07BFA10B10120FEF77AF9012108466E
:10ED700004B0BDE8F047FEF7C5BADFF8F480D8F874
:10ED8000244014F0040410D016F002040DD0012029
:10ED9000AA790C322A44917A0090C1F380130C3284
:10EDA000C1F34011FFF756FE0446284600F0B6FABC
:10EDB00029460120FFF722FED8F82430DA072DD5A6
:10EDC00003F0800A95F8069014F0FBFD09F10C0998
:10EDD000A94480F0010399F80A00BAF1000218BFB3
:10EDE0000122DBB209F10C01C0F3801018F032FAF5
:10EDF00060B12CBBD8F8243028469B0733D5F407E4
:10EE000010D4730731D5FEF739FB97E7BAF1000F3D
:10EE100004D1514614F0DBFD0028EAD0284612F058
:10EE2000E5F818E018F0CFFA044648B1A8790C309C
:10EE30002844817A0C30C1F38011FFF721FD04468C
:10EE4000042F03D1D8F824309907E7D57207E5D508
:10EE50002846FEF713FB002C88D16FE704B0BDE80D
:10EE6000F047FFF733BD042FCBD112F0BFF865E7B1
:10EE70006C2100205AE40300032808B50AD1074892
:10EE800000F020FD064B012093F94410BDE8084036
:10EE9000FEF78ABABDE80840FFF718BFCDEC0100C5
:10EEA0006C210020064B10B55B690C4610B101F0D7
:10EEB00061F8034618795B8804FB003010BD00BF81
:10EEC000880F0020084B10B55B690C4610B101F0AB
:10EED00051F803465A88A2423DBF1B79A41AB4FBDD
:10EEE000F3F0002010BD00BF880F00200138C0B231
:10EEF00003289ABF014B185C0020704763E40300AD
:10EF00008BB200294FF00A01B4BF053B05331BB299
:10EF100093FBF1F3014A108093707047922A00200E
:10EF2000024B9B78C01A40B2704700BF922A002063
:10EF3000024B1B88C01A00B2704700BF922A002003
:10EF4000074B186840F20D1338B9002BC1BF45229A
:10EF50004433B3FBF2F0C0B270470068453BF3E7BF
:10EF6000880F00202DE9F041064612F07EFD07468D
:10EF7000FFF7E6FF35460446286818B16CB9284605
:10EF80001EF0CCF931680A481EF096FA384612F0A5
:10EF900072FD00233360BDE8F081D0F800801EF0E0
:10EFA00044FB2B68013CC3F800802D68E4B2E3E722
:10EFB000880F0020024BDB6B03B11847FEF764BEDD
:10EFC000880F0020C04310B5054A131D53E8003FC9
:10EFD0000340141D44E800310029F6D110BD00BFE4
:10EFE000880F002010B5054A131D53E8003F034366
:10EFF000141D44E800310029F6D110BD880F00200F
:10F00000F8B516461C4607461946104618F007F98B
:10F0100032462346384618F007F9434DD5E9062312
:10F0200000EA020401EA030654EA060313D067016A
:10F0300004F0806010D56B68180623D43B4B234046
:10F0400093BB3B4B06F020022340134356D120468E
:10F05000314618F0E0F8F8BDA4F1080333431CD1A1
:10F06000EB7A012B42D16B68D90743D50323EB72AE
:10F0700004206B8C01336B84FFF79CFF012018F098
:10F08000CFF8E4E72B1D53E8003F23F08003291D50
:10F0900041E80032002AF5D1DDE7A4F10C03334347
:10F0A00017D118F0BDF8DBE724F0011323F4A043D7
:10F0B0003343C6D1EB7A012B18D140F201436A6881
:10F0C0000520934314BF00230323EB72FFF772FF65
:10F0D000BDE7231F334302D118F0A3F8B7E704F1CB
:10F0E0007F433343AAD1EB7A022B0FD0042018F0D0
:10F0F0007CF8ACE713F40063BAD1B8E70420FFF75B
:10F1000071FF4FF0006001F05DF9A0E76B689A07AE
:10F1100006D50423EB722B8C032001332B84ABE741
:10F1200013F02003F7D1F5E7880F0020015001000C
:10F130000DD50155014B986A704700BF880F00201C
:10F1400010B5064CA06A1DF053FB28B9A06A1DF04B
:10F1500051FB00F0010010BD0120FAE7880F0020EC
:10F16000014B986A1DF048BB880F0020024B58687D
:10F17000C0F34020704700BF880F002010B5044640
:10F180004FF40070FFF71EFF084B986A1DF036FB26
:10F1900038B10CB9002010BD4FF40070FFF722FF0A
:10F1A000F8E7002CF6D00C20F5E700BF880F002010
:10F1B0002DE9F04F046806468846574D89B0002C6B
:10F1C00048D02046A7791EF015F90C3727443C8912
:10F1D0000A38B8F1FF3FA4EB000402D04445A8BFB1
:10F1E0004446B5F83890B0EB090713D4002C0EDD77
:10F1F0006D6B36683D44FF2C224629463046A8BF39
:10F20000FF221EF06EF8241A36680544F3D109B0C7
:10F21000BDE8F08FA9EB0009A145A8BFA146296B65
:10F22000C846D6F800A001EB000BB9F1000F0DD0D5
:10F230004246FF2A59465046A8BFFF221EF051F809
:10F24000B8EB0008DAF800A08344F1D1A4EB09047C
:10F250004F44CBE70321A86A03AA1DF029FABDF8A1
:10F260000E70A14602940A3702ACE86209E02360FE
:10F270001B682B602368C3F800902368002F1C468E
:10F2800011DD2B68453F002BF1D101201EF0D9F98B
:10F29000034620600028F1D1019002A81EF03EF83C
:10F2A000019B3360B3E72B1D53E8003F43F0080395
:10F2B0002A1D42E80034002CF5D14FF0006001F027
:10F2C00081F80298BDF8102043790A2143F0010328
:10F2D0004371069B30606B63059B2A872B638379A0
:10F2E000BDF80E200C3303441C711A812A7ADC719C
:10F2F0009A719DF80C20072A0BBF0122AB8C1A7162
:10F3000001331FBFAB846B8C03F1FF336B841DF0A3
:10F31000DCFF346855E700BF880F00202DE9F0417D
:10F32000877905460C37C419237986B013F0020893
:10F330001BD1174E43F0020323716A46D6E90A0136
:10F340001DF0BAF9238969460333B06AADF8043079
:10F350001DF0B4F9009B9DF90E00EB51FFF7E0FDA5
:10F360006071B37A022B03D8E37106B0BDE8F08177
:10F370009DF81130012B04D0022B04D02BB90423AB
:10F38000F2E70323F0E70123EEE784F80780ECE7D8
:10F39000880F002037B5124B00F00F041B88012C9A
:10F3A000ADF8043015D0022C15D18DF8044042F28E
:10F3B00022000C4D6B680340A3420ED0FFF702FE03
:10F3C0002046FFF70FFEA86A01A91DF0FDF803B063
:10F3D00030BD2024EBE70024E9E70020F7E700BF79
:10F3E0008CE40300880F00202DE9F04302234FF046
:10F3F0000008114F85B0814610460E461546CDE9EE
:10F400000218FB7217F009FF00904246797AB86A39
:10F4100002AB0AF077F9044650B94846FFF7BAFF45
:10F420002B4604464246012130463D7317F0F1FE5B
:10F43000204605B0BDE8F083880F002037B5144B97
:10F4400000F00F041B88012CADF8043014D0022CFE
:10F4500016D0002441F601000E4D6B680340A34214
:10F4600013D0FFF7AFFD2046FFF7BCFDA86A01A946
:10F470001DF0C0F803B030BD04238DF80430E9E777
:10F480008DF804404FF40064E4E70020F2E700BF89
:10F490008CE40300880F0020002210B5084C1046B1
:10F4A000114617F0B5FEA06A0AF0F0F817F0BBFE9F
:10F4B00020461DF033FFBDE810400820FFF782BD55
:10F4C000880F0020014B986A1DF0D4B9880F0020E6
:10F4D00038B5154C0546A37A834210D0431E042B41
:10F4E00008D8DFE803F0030D11161800A06A0AF02F
:10F4F00017FD20B92846A57200F03CFD606138BDBB
:10F50000A06A17F099FEF4E70121A06A17F096FEB1
:10F51000EFE70321F9E7FFF729FE0028EAD0A06A08
:10F52000FFF7D0FFE5E700BF880F002073B5044662
:10F53000408900F02BFB0E4DA07B0026287217F0AF
:10F540003FFE6872E07B00F00F00FFF7C1FF0096FE
:10F55000A37BD4E90021A86A1DF0B0F932463146F8
:10F56000304614F0F5F9206817F05CFE02B070BD6B
:10F57000880F002038B50123094D0C46EB72FFF7C8
:10F580005DFF10B1042017F030FE2B7BA34204D99D
:10F5900022460021012017F03BFE14F0DAF938BDB5
:10F5A000880F0020F8B5044614F0D4F90746A17975
:10F5B000E279114E521A0C310123B06AD2B22144C1
:10F5C0001DF070F8E579A379ED1A57FA85F52468EE
:10F5D0000CB93561F8BDA179E2790023521A0C31DA
:10F5E000D2B2B06A21441DF05DF8E379A2799B1A8A
:10F5F00055FA83F5EBE700BF880F0020F8B502232A
:10F600000F4E0D46F372FFF7C5FE044620B1BDE86C
:10F61000F840042017F0E9BD284617F0FEFD074624
:10F620002A4621460120357317F0F2FD3B4622465B
:10F63000717AB06A0AF058F80028E8D1F8BD00BF26
:10F64000880F002038B50223084D0C46EB72FFF7F7
:10F65000A1FE10B1042017F0C8FD2B7BA34204D9F2
:10F6600022460021012017F0D3FD38BD880F00206D
:10F67000014B587B704700BF880F002068B1084BD2
:10F68000194653F8042F0AB18242FAD25B1A9B1032
:10F69000013BDBB2034A537370470123FAE700BF13
:10F6A00068E40300880F002010B5084C606810F46F
:10F6B00080700AD0A06A1DF012F830B90121A06A4A
:10F6C0001DF00BF880F00100C0B210BD880F0020C3
:10F6D0002DE9FF4100234FF001081B4E00938DF8E8
:10F6E0000C30C0F340138DF80E30C0F30013044605
:10F6F000154686F80B808DF8048002918DF80D3048
:10F70000FFF79CFE28B1042017F06FFD04B0BDE8A0
:10F71000F081284617F081FD6A460346717AB06A87
:10F7200009F0FCFF2A46C4F38011074640463573B2
:10F7300017F06EFD14F00DF9230601D5FFF7B4FFA5
:10F74000002FE0D1E2E700BF880F00202DE9FF4144
:10F7500004460F461D46012100231C4EE006F172AF
:10F76000019303930097029205D573691B888DF866
:10F770000D1013440293C4F3401328468DF80E3045
:10F7800017F04BFD6A460346717AB06A09F0C6FF6E
:10F7900028B1042017F029FD04B0BDE8F08120460F
:10F7A000FFF74CFE2B460121C4F3801280463846F9
:10F7B000357317F02EFD14F0CCF8230601D5FFF7B2
:10F7C00073FFB8F1000FE4D1E6E700BF880F002017
:10F7D000044B5A68D20503D50021986A1CF07DBFFE
:10F7E000704700BF880F002038B5114CE37A23B171
:10F7F00000221146104617F00BFD00252846E57241
:10F8000017F00EFDA06A012203211CF06CFE2A46AF
:10F81000A06A01211CF054FFFFF7DAFF8020FFF7F8
:10F82000D1FBBDE838404FF44050FFF7DBBB00BFD1
:10F83000880F002008B5FFF7D7FF044A0620D38CB5
:10F840000133D384BDE80840FFF7B4BB880F002024
:10F85000F8B51B4D6B68590704D50420FFF7B2FBC0
:10F86000FFF7E8FF6B681A070FD512F0FEF806469F
:10F87000FFF766FB0446124F24B101201DF0E1FEA4
:10F880000146A8B9304612F0F6F86B68DB0615D5CC
:10F890001020FFF797FB00F07FFB78B112F0E5F83E
:10F8A0000446FFF7C7FF2046BDE8F84012F0E3B872
:10F8B0003846013C1DF00AFEE4B2DDE7F8BD00BFAA
:10F8C000880F0020014BD863704700BF880F0020CD
:10F8D00073B50F4B04469B7D0E4EFF2B15D10023B5
:10F8E000ADF804000DF10302B06A01A98DF80330F0
:10F8F0000AF0E0FA9DF8035022462946B06AF5F76F
:10F9000089FD40EA052002B070BD034B1D78F3E786
:10F91000922A0020880F00208C2A0020044BC2B2BB
:10F92000C0F30721986A82B002B0F5F7EBBD00BFC3
:10F93000880F002010B50D4C0021A06A1CF02AFE93
:10F940000B49A06A1CF083FEFE21A06A1CF06EFE2B
:10F95000A06A0AF0C9F8074BB3F910208242C8BF69
:10F9600018821A8A9A805A8ADA8010BD880F00207D
:10F970008C2A0020922A0020F0B585B0ADF8021044
:10F98000ADF8042069464FF0C812ADF806304FF0CC
:10F990008213ADF80000CDE9022304200B460C4C85
:10F9A00002ADB4F91070B1F9002035F9026BBA421A
:10F9B000A8BF3A46B242A8BF3246013821F8022B0E
:10F9C000F1D103CB034BA060596005B0F0BD00BF7F
:10F9D000922A00209A2A002073B50546F5F702FE08
:10F9E000314E0368314C33608388FF2DB3804FF074
:10F9F0000003A3702380337818BF1D46A5752C4DD6
:10FA00008DF801300DF10303A86A0DF102020DF12A
:10FA100001011CF0E8FE9DF8013040B90133DBB272
:10FA20000D2B8DF80130EDD9012002B070BDA27D03
:10FA3000FF2A00D0A3758DF8053033709DF8023091
:10FA40008DF804300198FFF769FFC828A8BFC820C7
:10FA50009DF8033020828DF804300198FFF75EFF97
:10FA6000144B9842B8BF18466082B4F91000FFF7F3
:10FA70002FFFADF804000198FFF750FF2082B4F982
:10FA80001200FFF725FFADF804000198FFF746FFCD
:10FA90004FF6FF73A382642360821A461846194604
:10FAA000FFF76AFF0020C0E78C2A0020922A00207E
:10FAB000880F00200CFEFFFF0346034AB2F9060040
:10FAC0000BB1FFF735BA7047922A0020084B10B5EA
:10FAD000B3F9044030B903EB4103B3F906309C425B
:10FAE000A8BF1C46A242A8BF2246104610BD00BFB8
:10FAF000922A0020014BB3F912007047922A00208D
:10FB0000014BB3F910007047922A002073B50646E6
:10FB100011F0ABFF0C4D0446B5F91200B5F91030E9
:10FB2000B042B8BF30469842A8BF1846FFF7D0FE93
:10FB3000ADF804000198FFF7F1FEE880204602B01E
:10FB4000BDE8704011F097BF922A002073B50646B9
:10FB500011F08BFF0C4D0446B5F91000B5F91230C9
:10FB6000B042A8BF30469842B8BF1846FFF7B0FE73
:10FB7000ADF804000198FFF7D1FEA880204602B03E
:10FB8000BDE8704011F077BF922A0020F0B5C0F3B5
:10FB9000072585B0FE2DADF8040027D09DF8047030
:10FBA00011F063FF124C0646637DAB420ED0114B41
:10FBB00002A918689B880290ADF80C300E4B8DF8A6
:10FBC0000850986A1CF043FDFF232375237DBB4238
:10FBD00006D0094B3946986A1CF028FD27756575D3
:10FBE000304605B0BDE8F04011F045BF05B0F0BDAE
:10FBF000922A00208C2A0020880F00202DE9F0474F
:10FC000007460E461446DFF8409086B00DF108080E
:10FC1000A9F1100A3A4680215046CDE900980A4BD6
:10FC2000F6F75CF90028F5D1102C254628BF1025E1
:10FC300030462A4641461DF02EF9641B2F442E44BF
:10FC4000E8D106B0BDE8F087552B002030B589B06B
:10FC500020226946FFF7D2FF6A460C4D04AB1446DA
:10FC600003CC9C4228606960224605F10805F6D164
:10FC7000074C08AD1A4603CAAA42206061601346C9
:10FC800004F10804F6D109B030BD00BF452B0020B7
:10FC9000552B002010B588B06946202011F054FB88
:10FCA000044630B96846FFF7D1FF0122024B83F8C2
:10FCB0002020204608B010BD452B002070B5134B06
:10FCC000054693F820300C468CB00BB9FFF7E2FFE5
:10FCD0000023CDE90033CDE9023354B91C2221467B
:10FCE00005A804941DF0FEF804A8FFF7AFFF0CB0C0
:10FCF00070BD102C264628BF10262946324668467D
:10FD0000FFF77CFF3544A41BE7E700BF452B00202D
:10FD10002DE9F84FDFF868908246D9F800B08846A0
:10FD20001746BBF1000F28D0002699F80450B542C1
:10FD300007D13D7099F80400A84214BF01200220A9
:10FD400017E074196110C1EBC10159448879C4F3FB
:10FD5000470400F00100B8EB000003D10622504632
:10FD60001DF089F8002806DB02D0661CF6B2DEE73B
:10FD70003C70BDE8F88F2546D9E70320F9E700BFBE
:10FD8000642400200022014B1A7170476424002073
:10FD9000F8B5054611F069FE104C85F30705637947
:10FDA0000646AB4205D10024304611F064FE2046E1
:10FDB000F8BD002720686571277110B111F0A4FA11
:10FDC00027606379002BEED0C5EBC50011F07EFAF9
:10FDD00020600028E7D160710724E5E76424002053
:10FDE000044BD3F8012002605B7903F01F03037119
:10FDF000704700BF662B0020244BF0B5002918BFC8
:10FE00000B4614460021012512688BB0C3F801206F
:10FE1000227919705A71C1F3C402A65C01F007027D
:10FE200005FA02F21642CFB207D01A7802F128067C
:10FE30006E44013206F8287C1A7001312529EAD176
:10FE40001A7828B16946981D1DF025F80BB0F0BD51
:10FE5000002AFBD001260533C0F3C405675D00F01E
:10FE6000070506FA05F52F42C1B208D1B1FBF2F53C
:10FE700002FB15110AAD55FA81F111F8281C013069
:10FE8000252803F8011FE7D1E0E700BF662B00201B
:10FE9000034B002818BF03460B449879704700BFF6
:10FEA000662B0020224B10B5002814BF84469C46C8
:10FEB0004FF0010E82EA124290B280EA010393FAF7
:10FEC000A3F31BBA9BB203EB031303449BB293FA55
:10FED000A3F31BBA9BB203EB031303449BB293FA45
:10FEE000A3F31BBA9BB203EB031303445840114C1A
:10FEF00082B2A4FB0234131B04EB5304630903EB2B
:10FF0000C30103EB8103D31AC3F3C401D8B2614424
:10FF100003F007030EFA03FE4B7813EA0E0F01BF3E
:10FF20009CF8003053430CEB134C9CF8060010BDBA
:10FF3000662B00204D91CFBA064B074A01201A606C
:10FF4000064B074A1A60074B074A1A60074B084AD4
:10FF50001A607047A41F002089730300A01F0020AF
:10FF6000C17303009C1F002087730300981F0020AB
:10FF7000C3730300052808BF03200622024B013883
:10FF800002FB0030704700BF8EE40300014B186E87
:10FF900080B2704700C001B80A4BD86800F07060AA
:10FFA000B0F1106F0CD008D8B0F1E06F08D0B0F10C
:10FFB000006F14BF002001207047B0F1406FF8E7D8
:10FFC00001207047000002B8431C07B5014606D067
:10FFD0000023044ACDE90033034812F05BFC03B070
:10FFE0005DF804FB6F7403009425002070B50E4685
:10FFF0001546044618B302F04BFF10B3236813F400
:020000022000DC
:10000000807F18BF0122104B18BF1A700F4A1B784F
:1000100014600F4A16600F4A15601BB918F0BEF93C
:1000200002F00EFF11F046F902F0F0FD0A4B0B480A
:10003000197802F0F7FDBDE8704002F03FBB2120C7
:1000400070BD40F20440FBE7922B0020802400208A
:100050007C240020782400202F2C0020CD120300C7
:100060002DE9F04186B011F0F9F88A4B8A4D1A78E3
:1000700011208A4910F022FF2B6851215A6854231D
:10008000B2FBF3F2002392B2184610F0ADFE044624
:10009000002840F0F18010F06BFF814B1968814B14
:1000A000186808F0B9FE00F059F90446002840F03D
:1000B000E3802B681C7F002C00F0B080102C28BF40
:1000C00010241DF077F8621C81B200230820D2B200
:1000D00010F08AFE0446002840F0CE800D20724ABF
:1000E000724910F0B5FD0446002840F0C58010F0BC
:1000F00035FC0221322004AA00F006FA28B94FF09C
:10010000FF30BDF810101CF0CBFA6E4600233246CB
:1001100006212C208DF8063000F0F6F958B930464B
:1001200017F085FF08B130287AD13C2000F00AFA98
:100130002C2000F007FA9DF80630190740F1818065
:1001400096E80300ADF80C10090C02908DF80E1023
:100150009DF8063013F0280F07D1DDE90201ADF854
:100160000410090C00908DF806102B6818690028FF
:100170007CD12B68586900F037F92B6893F822205E
:10018000D2077DD412F013FC02A902460746286864
:1001900017F071F9044600286ED10AF063F8F8F7F9
:1001A0008FFB0446002867D1012000F039FE404B48
:1001B00018681DF0A9FB044600285DD118F06DFBFE
:1001C000044603F037F9804617F067FF41460246C0
:1001D000204615F036FE044600284DD12B681B68DA
:1001E0009B050CD4B7F5FA7F09D911F037FC012132
:1001F00007460846F7F7A6FB384611F033FC2B6894
:100200009A692C4B1A6017F084F92B4B1860304612
:1002100000F09EFE294810F015FD2DE0042450E763
:1002200001213C2004AA00F06FF940B99DF810307C
:10023000012B14BF492372238DF806307BE7492335
:10024000FAE7F5F7BFF8CDE90401030C8DF80A30A1
:10025000BDF81530ADF80800ADF80B309DF817303B
:100260008DF80D3049238DF80E3071E717F02AFE16
:10027000044600283FF47DAF204606B0BDE8F0817B
:1002800093F8230018F08BF800283FF47BAF40F27E
:100290000C44F1E72F2C002080240020CD12030015
:1002A000F40A0020F00A00201775030013750300FC
:1002B0007C240020B8250020B4250020C9FF0100BF
:1002C0000022032101481CF01ABF00BF5026002065
:1002D000F8B5114817F06BFFE0B917F01AF90F4D98
:1002E0000D4E286006F10C07286817F056FE10F036
:1002F00071FB0446304617F056FF10B938461DF022
:100300000DF802F043FD08B9002CEDD1BDE8F8402E
:1003100017F0C2BEF8BD00BF200B0020B42500209E
:1003200008B5054B1B782BB917F087F8B0FA80F0A9
:10033000400908BD0020FCE7912B0020012310B5E7
:10034000044C2370044B1B6803B1984700232370AF
:1003500010BD00BF912B0020B82500200D4B984206
:100360000DD8023B984210D870B1023B98420ED093
:1003700020F0704020F4604000F590607047064B1C
:100380009842F5D140F21C4070472120704740F25E
:100390001B4070470AE000F00BE000F04FF0805285
:1003A000014B5A60704700BF00ED00E00023044A93
:1003B00052E8000F42E800310029F9D1FBF7C4BB35
:1003C000C0250020064A52E8003F034342E80031BE
:1003D0000029F8D1034B1B6803B11847704700BFD1
:1003E000C0250020BC250020034B002814BF024676
:1003F0001A46024B1A6070479D030200BC2500207C
:1004000037B51C68E10705D517F0BAFD164917483E
:100410001CF07DFEA20723D501F08AFCD0B9144D53
:10042000019011F022FB044628461CF095FF019034
:10043000204611F020FB019890B143799B070CD422
:1004400001A802211DF051F8019801F061FC17F09C
:1004500046FDE6E717F043FDDEE701F04DFCF6E769
:10046000002003B030BD00BF340B00205026002018
:10047000C425002008B5054810F07CFA044B012182
:100480001870BDE8084010F085BA00BF440B00208A
:10049000932B002038B5044648B111F0E6FA054622
:1004A000214608481DF008F8284611F0E4FA064BEA
:1004B000022193F9000010F06DFABDE83840FFF713
:1004C0003DBF00BFC4250020932B0020F8B50C4B86
:1004D0000C4F04460E4638681968154608F09CFC17
:1004E000FFF73CFF50B933462A46386844F4802170
:1004F00008F06CFDBDE8F840FFF730BFF8BD00BF65
:10050000F40A0020F00A0020F8B50C4B0C4F04460A
:100510000E4638681968154608F07EFCFFF71EFF86
:1005200050B933462A46386844F4802108F098FDD3
:10053000BDE8F840FFF712BFF8BD00BFF40A002085
:10054000F00A002038B50A4B0A4D0446196828689D
:1005500008F062FCFFF702FF40B9286844F48021EC
:1005600008F064FEBDE83840FFF7F8BE38BD00BFB4
:10057000F40A0020F00A00202DE9F043134B0E4648
:100580001968134B05468DB01868174608F044FCEF
:1005900080B933460A222846009702A91BF0F7FDCE
:1005A0004FF0000804460DF10809444505D1002C20
:1005B000EFD120460DB0BDE8F083284659F8041B62
:1005C00008F034FE08F10108EFE700BFF40A00204C
:1005D000F00A0020F8B50C4B0C4F06460C46386864
:1005E000196808F019FCFFF7B9FE054648B9E2435F
:1005F00016FA82F2386842F4802246F48021FFF72E
:10060000BBFF2846F8BD00BFF40A0020F00A002016
:100610000022034B1A609A80FF229A71704700BF34
:10062000B62B0020064A1379834207D901231268AA
:100630008340134214BF0120002070470020704700
:10064000C8250020054A03461068002208B91A6030
:100650007047C10748BF01324008F7E7C8250020AE
:10066000014B1879704700BFC8250020F0B541EA5A
:10067000002087B040F4902606200F461546F5F777
:1006800007FB1DF068F9044640B901461A2004F042
:100690000BFD6FF08C05284607B0F0BD43688660FF
:1006A000DAB222B923F0FF0343F001034360062FBF
:1006B000204B0CBF40F201114FF48071204616F020
:1006C0002CFF2361E3696BBB4FF41053238080231D
:1006D000638002AB2A461E4605F110071D461068CE
:1006E0005168083203C5BA422B46F7D11021304673
:1006F0001DF0E7F810223146204601AB12F0C7FC8E
:10070000054620B1014640F2074004F0CDFC10211F
:1007100030461DF0E4F8204612F018FF204610F095
:10072000F3FDB8E700234FF410511A4612F01AFFF8
:10073000CDE700BF00444004102A2DE9FF470646DC
:100740000F46154623D800244FF00109DFF84480F6
:10075000DFF844A0D8F8002009FA04F3134213D0BC
:1007600046EA042040EA0A006A46E9B280B2FFF78E
:10077000CBFE48B92A46394668461CF07CFB18B9BE
:1007800060B204B0BDE8F0870134202CE2D14FF014
:10079000FF30F6E7C82500200080FFFF2DE9F34178
:1007A0001D4E05460146062230461CF064FB20B96A
:1007B00096F9060002B0BDE8F0810024A046EF1CC7
:1007C0002046FFF72FFFD8B13B88CDF80080ADF869
:1007D0000330BB786946E0B28DF8053019F037FD7B
:1007E00021280DD0A8B90322294668461CF043FBF6
:1007F00030B92B6860B23360AB88B071B380D9E791
:100800000134202CDCD12B683360AB88B380FF230C
:10081000B3714FF0FF30CDE7B62B0020034B93F9B7
:100820000630013301D1FFF7F3BE7047B62B00202D
:10083000F7B5044617F059FC631C5AD117F004FCB5
:100840000024FFF7E5FE634E3379A3422CD84FF422
:10085000004100240846FFF7BDFE20224FF0FF3183
:100860005D4834601CF03EFB204602F089FBFF2609
:1008700004465A4D5CBB5A4812F015FB014630B194
:1008800010F1880F03D040F2074004F00DFC0C215A
:10089000504A43F6FF70FFF719FE202138204E4AD8
:1008A000FFF714FE00202AE02046FFF7BBFE60B1F0
:1008B00065B20521284616F032FE0321284616F0BF
:1008C0002EFE0621284616F02AFE0134BCE794F9D4
:1008D0007530013305D02B7843B91321204617F02A
:1008E000DEFF204602F04CFB0446C3E784F8756047
:1008F000F7E72046FFF796FE18B940F2064003B02E
:10090000F0BD6B4606220021204616F04BFE002863
:1009100048D0492368468DF8063017F099FB4FF40C
:100920007F41304840EA04200840FFF753FE05218C
:10093000204616F0F4FD0321204616F0F0FD0621B6
:10094000204616F0ECFD01222249E3B29A400B68E2
:1009500023EA02030B60244B93F90630A34201D132
:10096000FFF756FE002005460B791B4A013BC1B23A
:10097000994221DBFF260020D65402F001FB0546F8
:10098000164F002D83D095F97530A34205D13B78E1
:10099000EBB91321284617F082FF284602F0F0FA3F
:1009A0000546EEE76B4606220121204616F0FAFDC9
:1009B0000028B4D07223ADE75656A64200D025B128
:1009C000551895F90150555401250130CFE785F8A8
:1009D0007560E2E7C8250020962B0020942B0020AC
:1009E000370004000080FFFFB62B00202DE9FF41F7
:1009F000354C064601A8FFF725FE2379019A93425C
:100A00001ED86279012A40D100274FF0FF383D46B9
:100A100010E02368EB40D9070BD5082202AB114642
:100A200068B216F0BFFD20B1039B43453CBF2F4683
:100A30009846013523799D42EBD378B2FFF7F8FE53
:100A4000236813F0010529D0002501220135202D4E
:100A500018D002FA05F71F42F8D13B432360A36880
:100A60000C21013343F6FF70174A7361A360FFF74F
:100A70002DFDA8B1236823EA07032360A368013B87
:100A8000A36073614FF0FF3519E0022AFAD10F4AD3
:100A9000134413F9010D421CFBD0CFE70127DCE71B
:100AA00022790A4C013A2146D2B2601C1CF000FAAD
:100AB0006DB22246202138202570FFF707FD284619
:100AC00004B0BDE8F08100BFC8250020962B0020AF
:100AD0002DE9F043002489B0B34D04213F2001AA41
:100AE0002C70FFF711FD00B10194019F002F4FD032
:100AF00000267A1E5742574100242C70AB4D0C2122
:100B00002A4643F6FF70FFF7FFFCC0B10D23AB8010
:100B1000019B2C60032BAC6011D803AC224614213E
:100B200043F6FF70FFF7F0FC48B994E8070085E84A
:100B300007002A460C2143F6FF70FFF7C7FC019B14
:100B4000042B06D004213F200DEB01020191FFF799
:100B5000BDFC20213820964AFFF7D6FC28B1202280
:100B60004FF0FF3192481CF0BDF903222B795B0056
:100B7000B3FBF2F38F4A1370FFF74AFDF8F752FA0E
:100B8000014618B140F2074004F08EFA002413E049
:100B900001263746B0E72B68E340DB070BD5082278
:100BA0004FFA84F81146404603AB16F0FBFC10B92F
:100BB0004046FFF73DFE01342B799C42EBD38EB1CA
:100BC0001021372003AAFFF79FFC002853D10620ED
:100BD000F5F75EF81CF0BFFE044690B901461A20F6
:100BE00004F062FA3FB13D20FFF7ACFC00242B7902
:100BF0009C42C0F0B38017F02DFA002009B0BDE888
:100C0000F0836D4A43688260DAB222B923F0FF03B1
:100C100043F001034360694B40F20111204616F096
:100C20007CFC2361E36943BB4FF410532380802392
:100C30001021638003A81CF044FE102202AB03A91C
:100C4000204612F024FA0646102103A81CF047FEA5
:100C5000204612F07BFC204610F056FB3720FFF7B1
:100C600071FC46B140F20740314604F01DFA4FF0E6
:100C7000FF30FFF7DDFD00262AE000234FF410517E
:100C80001A4612F06FFCD2E73046FFF7CBFCF0B10A
:100C900074B210220321204603AB16F083FC102807
:100CA000814620D10321204603AAFFF7DFFC8046BE
:100CB000494603A81CF013FEB8F1000F0CD040F217
:100CC0000740414604F0F0F92046FFF7B1FD013638
:100CD0002B799E42D8D385E748F2030040EA0620EC
:100CE00080B2FFF72FFC10220521204603AB16F03F
:100CF00059FC1028814613D10521204603AAFFF78D
:100D0000B5FC8046494603A81CF0E9FDB8F1000F88
:100D1000D5D148F2050040EA062080B2FFF712FC68
:100D200010220621204603AB16F03CFC1028814619
:100D3000CDD10621204603AAFFF798FC80464946FC
:100D400003A81CF0CCFDB8F1000FB8D148F20600A2
:100D500040EA062080B2FFF7F5FBB8E72046FFF730
:100D600061FCF0B166B204220C21304602AB16F0F1
:100D700019FC04280AD1029B0122C3F300238DF839
:100D80000C300C21304603AB16F0DEFB00231022A2
:100D9000CDE90333CDE905330D21304603AB16F021
:100DA000D3FB013423E700BF942B0020C82500208B
:100DB000962B0020952B00203700040000444004AF
:100DC000F8B5104B044618790F4B00221D46D1B2DE
:100DD000884204D913F9017B561CA74204D10B4B5E
:100DE0001B788B4202D9F8BD3246F0E70649481C11
:100DF0001CF05EF82C702021BDE8F8403820024A33
:100E0000FFF764BBC8250020962B0020952B0020FF
:100E1000014902481CF07BB9540B002050260020E9
:100E200010220A4B2821DA826422C3E906124FF607
:100E3000FF721A8402225A60002283F82B200F22AC
:100E400083F82D0083F82C20704700BFD4250020A4
:100E500038B502F085FC40B9094B48241A6893F86C
:100E60002A1003462432994200DC38BD04FB03F506
:100E70005559ED0601D40133F5E70120F5E700BF30
:100E8000D425002038B5104C94F82B30D3B16268CB
:100E900012F0010516D104F1080004F089F9FFF7FA
:100EA000D7FF78B14EF6602294F82C304FF482715F
:100EB000534306482A460FF0EFFE18B9636843F023
:100EC0000103636038BD00BFD425002050260020F8
:100ED00022F00042052A10B50DD0B2F5827F13D062
:100EE000032A06D1114A536823F00203536002F02B
:100EF0003FFC002010BD0D4A1B88118D9942F8D18E
:100F0000002313850120F5E7084B5A6893F82B401E
:100F100022F00102012C5A60F4D102F013FBFFF71A
:100F2000B1FF204602F0D2FCECE700BFD425002040
:100F300000487047E3250020044890F82B1000F18A
:100F40000F020830012918BF10467047D425002031
:100F5000F0B48279034612F0280F26D00025144AF7
:100F6000016892F82A60C2F80F108188A2F8131065
:100F7000817951751168AE4207DCF0BC53680320DB
:100F800043F00403536002F0A1BC4C6A14F4404FD8
:100F900008D1186844F0080408609F8898798F8009
:100FA00088714C6201354831E5E72120F0BC70477B
:100FB000D42500204379024A9B09D05C704700BFCA
:100FC000C0E403000B6810B503608B88FF2A044659
:100FD000838002D10723A37109E0032A08D8054BB7
:100FE0009B5C072B837102D1FFF7E4FFA07110BD5A
:100FF0000023F0E7C4E403008379024A03F0070307
:10100000D05C7047B8E4030010B582798B79094C45
:1010100002F0070203F00703A25CE35C9A4206D1E8
:1010200006221BF028FFB0FA80F0400910BD002016
:10103000FCE700BFB0E403007FB5134B0E46054646
:1010400004460393A0B117F067FD78B9002231463A
:10105000204617F096FE022807D10123314600935F
:101060002046042303AA16F0B3FB0DB104B070BDF3
:10107000204617F020FD04460028F7D017F04CFD5D
:101080000028F5D1E2E700BF0100FFFF2DE9F04F96
:1010900097B08346099117F085FC099883790C3342
:1010A000C45CC5181CF0A6F91E2C0646099F24D85E
:1010B000012C26D9C54BE340DA0722D5384697F8EC
:1010C00006801CF097F9BBF80A2083B29A4228D216
:1010D00014F0010240F0A18004F07F03522B00F0D5
:1010E0009C801E2C00F09980099B21460093584655
:1010F000042317F005FA21240CE004F07F03522B9F
:10110000DCD02146062300225846009717F0F8F954
:1011100041F20614584617F04AFC204617B0BDE8C5
:10112000F08F47443A7B013B1E2A9BB242D8012AEA
:10113000CED9023A1C2ACBD801A151F822F000BF27
:10114000D1110200D1100200D5110200D11002000D
:10115000CB110200D1100200C1110200D110020017
:10116000D1110200D1100200D5110200D1100200ED
:10117000D9110200D1100200C1110200D1100200E9
:1011800007120200D1100200D1100200D11002009B
:101190000B120200D11002000F120200D110020047
:1011A000D1100200D1100200D1100200D1100200B3
:1011B00013120200522A26D0D22A89D10D2B05E023
:1011C000062B0FD0142B83D10CE0052B80D909E01E
:1011D000022BF8E7042BF6E7032B7FF679AFDB074A
:1011E0003FF576AF022C00F0F380DBF800309B680F
:1011F0009F0516D40BF144001CF090F8099BCBF826
:101200004430002486E7012BE0E7032BDEE7012BC7
:10121000D9E7002B7FF45CAFE4E709A81CF07EF867
:1012200069E71E2C584600F0918317F075FC0746BD
:10123000002840F08280584617F069FC00287CD0D6
:1012400004F07F03522B00F0BC80082C68D1B6B2AA
:10125000152E14BF02201020691D17F043FC002832
:101260005ED0DBF81430D8074BBF23F0010343F006
:1012700001033946012158464CBFCBF81430CBF856
:10128000143017F060FC09980D9017F0A7F8044689
:10129000B0F80180B0F803900D981CF0ABF8152859
:1012A00014BF0225102505342146284603F0F4F822
:1012B00021460390284617F015FC0490B8F1000F62
:1012C00000F04381C84500F24081022109200D9AB7
:1012D00017F0A7F8BBF80A708246023FBFB23E463D
:1012E00040464FF0FF354946039A17F0FCFE04468E
:1012F000002800F06C8117F0C9FC002800F0848100
:1013000001222146584617F06BFD03468DF82E004A
:10131000002800F01F810D9A009222460821A3E0C8
:10132000DBF8143013F001063CD023F00103002158
:101330005846CBF8143017F006FC1E2C63D8032C4B
:1013400066D9231F142B63D801A252F823F000BFE3
:101350001F160200111402000F17020011140200E0
:101360008712020011140200F51702001114020086
:1013700013180200111402002918020011140200AF
:101380001D140200111402001D19020011140200A4
:101390001114020011140200391902001114020084
:1013A0004319020043F0010301215846CBF81430E1
:1013B00017F0C9FB1223324621465846009617F013
:1013C0009FF809A81BF0AAFF1BE700BF5455454131
:1013D000099DBA4C284617F001F82188B0F8016041
:1013E0002A46584617F0A1F82388BBF80A10B342E2
:1013F00028BF3346172BB8BF17235846ABF80A301F
:1014000017F0BCFAFDE6522C00F08F82D22CD8D017
:10141000099B002200932146062325E0099F3846B8
:1014200016F0DCFF0546B0F80180B0F803A038469E
:101430001BF0E0FF15280CBF20460220691D03F0B9
:101440002BF8B5F8053004900793B8F1000F07D0DA
:10145000D04505D817F09EFF50B91023009701E042
:101460000123009742461021584617F049F8C8E674
:101470003A460221112016F0D4FF44464FF0FF35C2
:10148000BBF80A3005909E1E0393063B9BB2B6B292
:10149000089351462046049A17F025FE814668B30A
:1014A0005146079A17F06CFE0446484617F0EEFBCB
:1014B00040B94FF6FF739C4201D00134A4B25445A9
:1014C000E7D91BE04FF000030DAAADF834304946D0
:1014D0000CAB584617F021FD039ABDF83430053A9D
:1014E0009A42089A0690D8BF1346002DADF83430C2
:1014F00009DB9D4202D1EB1CB34208DB691C1CD105
:101500000A230097AEE7351F9D42A8BF1D4604225F
:1015100011A93846ADF84490ADF846401CF08FF95B
:101520002A46384606991CF08AF94FF6FF73043EA6
:10153000761B9C42B6B2C0D1E0E73946059B043524
:101540005D70584601F010FE5BE60D9B0093012391
:101550004246E3E6049B13B1204617F07BFB20468E
:1015600017F0ACFBD8B1002D54DC0DA81BF0D6FE53
:10157000082358468BF81C3050F80C2B40F20251CF
:1015800092F870208DF8483000238DF8442011AA7D
:10159000ADF84640ADF84A301BF0F5FD31E6ADF848
:1015A00044000DF12E032146584611AA17F0B5FC50
:1015B000BDF844300590BB4228BF3B46002DADF836
:1015C00044300ADBAB4202D16B1CB34209DB6A1C1C
:1015D0000D9B1FD100930A23BAE7B51E9D42A8BFF9
:1015E0001D4602220CA90D98ADF830401CF027F9D9
:1015F0002A4605990D981CF022F94FF6FF73023E1A
:10160000761B9C42B6B2E2D0601C80B28145BFF42A
:101610006AAEDCE702350D998AF8015091E7DDF8F2
:101620002490484616F0DAFEB0F80330B0F8018096
:101630000493B8F1000F43D0984541D84FF6FF7797
:101640004A460221052016F0ECFE4546BA46BBF894
:101650000A400590023CA4B22946584617F01EFEE7
:10166000504506464BD04FF400622946584617F0C5
:10167000B7FB00283ED1304617F0A8FE00280CBF6B
:10168000022310235745039320D0304617F09EFEC7
:101690000690384617F09AFE069B834203D1039BBF
:1016A0000133A34213DB384617F090FE059B01304F
:1016B00019465870584616F00CFFA2E50C0D002094
:1016C0000123CDF8009042460421CDE637460DF1C6
:1016D00046013046ADF8445002F034FF039B4846C3
:1016E0009A1C11A91CF0ABF8039B023CE41A554567
:1016F000A4B2D8D0049B0135ADB2AB42ACD24FF608
:10170000FF739F42CFD10A23CDF80090DBE7DDF8CD
:1017100024900024484616F061FEB0F80530B0F879
:1017200003A0B0F801600746484603931BF062FE31
:10173000C51FADB2102D0C9458D82A46F91D0DA81E
:101740001BF0A9FB002E53D0564551D84A46012123
:10175000072016F066FEA046074633460A249A453F
:10176000049307D93946BBF80A0016F03DFE03285A
:10177000049B04D8B8F1000F1AD039469AE7ADF8A7
:101780004430039B5846ADF848300DAB13930BAA79
:101790000DF12E0311A9ADF846A0ADF8505017F089
:1017A0001BFD0A280446E5D0BDF82C3030B11E469A
:1017B000234632460621CDF8009055E6ADF830308C
:1017C000BDF82E300CAAADF8323039460423BBF8F0
:1017D0000A0016F014FE4FF6FF72BDF82E30934249
:1017E000CBD001334FF001089BB2B8E70424DFE708
:1017F0000124DDE70A23099C8BF81C30204616F0F3
:10180000EDFD23460022B0F80110584616F0B0F85E
:10181000F7E4099C204616F0E1FD0C238BF81C3000
:10182000B0F803202346EEE7DDF82480404616F0AA
:10183000D5FD054640461BF0DDFD0023441EBBF8E8
:101840000AA08DF8343061D014F001075ED1204633
:101850000FF03CFD064600285ED00AF1FF33224619
:10186000691C03931BF017FB424601210F2016F061
:10187000D8FDB1460490002C04DC30460FF044FD46
:10188000049917E739F8025B01222946584617F0F8
:10189000A7FA023C8DF8340068B9284617F018F909
:1018A00010B1284617F0D6F9284617F007FA60B1AC
:1018B00080238DF8343030460FF026FD2A460E2165
:1018C0009DF83430CDF80080CEE529460DAB584662
:1018D00011AA17F022FB9DF834300146002BEAD103
:1018E000039BBDF84420DB1B9A42C2BF0AF1FF33C1
:1018F000DB1BADF844304046BDF844201BF09FFF91
:10190000BDF844309842B8D31F44B4E704230025FF
:101910008DF834302E46CEE71123F8E75846099A61
:10192000B5F8011016F0C2F86BE45846099AB5F8FC
:10193000011016F016F964E45846099916F050F9AA
:101940005FE45846697816F0B6F93AE516F0D3F92F
:1019500037E500BF7FB5174A0646136842F60520F3
:1019600023F00803136017F0F9FB054650B16846F1
:1019700002F04AFC002017F09EF8044620B92946E0
:10198000FFF75AFB04B070BD1022684604F1210134
:101990001BF071FA38B10121204617F0D4F86369C1
:1019A00023F0010363611EB13146204617F0A7FC06
:1019B0002046E0E7BC26002007B5837801916A46FF
:1019C000082104488DF800301BF0DDFB03B05DF802
:1019D00004FB00BF502600200022054BC3E9032270
:1019E000C3E905221A70DA614FF6FF725A84704714
:1019F00028260020014B1860704700BF24260020D5
:101A000082780D4B13B55A60B0F8032091B21029BB
:101A100010D040F60344A1420CD041795B8C8DF884
:101A20000210ADF8042005216A460448ADF80030E4
:101A30001BF0A9FB02B010BD282600205026002074
:101A400073B5837901900C33C418C35C132B0ED883
:101A5000042B10D9053B0E2B0DD8DFE803F01E0C2C
:101A60000C1E0C0C0C0C0C161A0C0C0C2300302B3E
:101A700013D03E2B1BD0F9F7D5FD019B834202D03A
:101A800001A81BF04BFC02B070BD2046FFF7B8FF69
:101A9000F1E7E2780E4B5A60EDE7204601A902F02B
:101AA000FFF8E8E7204601A916F0FEFAE3E7002573
:101AB000084E019B3BB1204656F8043B01A9013575
:101AC00098470E2DF5D101A81BF028FCD3E700BFE5
:101AD00028260020C8E4030007B500F013F920B160
:101AE00003B05DF804EBFFF7ABBF00F017F901900E
:101AF00018B1054B1B681BB1984703B05DF804FB98
:101B000001A81BF00BFCF8E724260020024610B1C8
:101B1000022804D07047032102481BF0F0BAFFF7F7
:101B2000DBBF00BF50260020024B1A78024B53F84F
:101B3000223018472826002000E5030010B504468F
:101B40000120FFF7F1FF034B00201C70BDE810409F
:101B5000FFF7EABF2826002010B50446062142F20E
:101B6000050016F0C2F92368C0F80330A388A0F876
:101B700007300648F9F778FD16F0FBF9407920B1F7
:101B800016F0F7F9407940F4805010BDC5540300B9
:101B900010B5044606214FF6284016F0A6F9236832
:101BA000C0F80330A388A0F807300648F9F75CFDB9
:101BB00016F0DFF9407920B116F0DBF9407940F4F6
:101BC000805010BD65B7010038B505460C4669B9AF
:101BD000022142F21B0016F088F9B5F86E30A0F829
:101BE00003300D48BDE83840F9F73EBD122142F2FE
:101BF0001A0016F07AF92146B5F86E30053020F853
:101C0000023C04F1100351F8042B994240F8042BD4
:101C1000F9D10248E6E700BF0F5703004B57030016
:101C200001481BF099BB00BF3826002040F6FF7327
:101C30002DE9F3410D46B0F86E100192994205D19D
:101C400001A81BF06BFB02B0BDE8F0811146134602
:101C500001229BBB1E481BF02FFCFFF7E1FF04464F
:101C60000028F0D01BF0C6FB6379074603F001089B
:101C70006FF30003637104212046A6681BF0E5FCA6
:101C80004379044668F300034371DB438179B6F876
:101C90006E200C31866003F001036254C2F303220C
:101CA000084442EA031242704780224630462946E1
:101CB00016F0FFF92046F9F7EBFCCEE75C79986067
:101CC00024F0030414435C7100221B68C1E700BFC9
:101CD0003826002070B50546064C206800B970BD56
:101CE0008368AB4204D106680FF080F92660F4E700
:101CF0000446F2E738260020014601481BF0DCBB11
:101D00003C26002001481BF027BB00BF3C260020DA
:101D1000014601481BF0D0BB34260020034BD86895
:101D200018B103F10C001BF017BB704728260020E8
:101D3000044BDA6822B95869003818BF012070478F
:101D40000120704728260020012210B5054C02FA18
:101D500000F0236811B10343236010BD23EA0003A0
:101D6000FAE700BF4C2600200138C0B20A289ABF0B
:101D7000014B185C0020704708E5030007B50648D2
:101D80001BF0EAFA042101900DEB01001BF0ADFB02
:101D9000019803B05DF804FB54260020F7B51868DD
:101DA00010F0020003D0164E316811B9012003B0C3
:101DB000F0BD0024042223460DEB020001941BF029
:101DC000A3FABDF80630DB0702D4FFF7D7FF0446BD
:101DD00000250C4F57F8043B23B12146BDF8040001
:101DE000984748B13368002BE0D0074B022193F9A4
:101DF00000000EF0CFFDD9E70135062DEAD1F1E75D
:101E00005426002058260020BD2B002010B509487C
:101E10000EF0B0FD0024084B0849187020200C601B
:101E20000FF02EF9064BC3E90044C3E90244C3E9AD
:101E3000044410BD640B0020BD2B0020542600205C
:101E40005826002070B50025074E96F82A30ECB2CF
:101E5000A34200D870BD204601F034FA10B12046EC
:101E600001F0A4FB0135F0E7D425002038B54B790B
:101E700005465B070C460CD414212046054A16F093
:101E800019F92046217916F0C8F910B9A3791C4434
:101E9000257438BD38E50300837810B5132B0C4644
:101EA00008D1054B1B6803B198472046BDE8104098
:101EB0001BF034BA10BD00BF702600200020024B7A
:101EC0001870024B18707047BF2B0020BE2B0020EB
:101ED00038B50546007815F0A8FB044648B969787E
:101EE000287801F0B9FC044618B9044B1A78044B61
:101EF0001A70044800F058FF848038BDBF2B0020C2
:101F0000BE2B00202002050310B501F0D1FC0446D1
:101F1000024800F049FF848010BD00BF2002050583
:101F20002DE9F04383780D460D2B91B04FD109ACCC
:101F30002646821C00F11A032746106851680832B1
:101F400003C79A423C46F7D113881C213B802846A0
:101F50001BF0CBFABDF826402F6814F00C043ED1DC
:101F600038461BF047FAA0F10208A0450DDA4FF001
:101F7000FF3400239C428DF81C301EDB01223946C1
:101F8000A31C07A81BF0C0F917E0631C0122394607
:101F900005A81BF0B9F99DF81430012BE9D02346B0
:101FA0000122394607A81BF0AFF99DF81C3013B188
:101FB00001331C44D9E78DF81C3001F0B9FB01282E
:101FC00008D0022843D050B928461BF0A7F911B019
:101FD000BDE8F0839DF81C3013F0010FF4D09DF89C
:101FE0002F0000F0C5FC07469DF8300000F0C0FC53
:101FF0000DF11C099DF828200DF12901804605A846
:10200000FEF7E0FF48469DF836200DF13701FEF758
:10201000D9FF134B1B78DB071ED405A815F0BBFABC
:10202000044605AB424639463046CDE90145CDF878
:10203000009000F017F82B68002BC5D042463946B7
:102040003046CDE9004505AB19F033FCBCE79DF8FF
:102050001C3013F0030FC1E74FF0FF34E1E700BF7E
:10206000BE2B00202DE9F74FB0F802C006461CF049
:10207000100F1C460C9F9DF934A0DDF838B033D00A
:102080005FFA8CF51CF0080F184614BF05F0080520
:1020900005F00F0516F054FC8146384616F050FC4A
:1020A00096F90F3080465A460421134801937678FA
:1020B00016F047F9019BA0B105712268C0F8052010
:1020C000A28880F80B90A0F8092080F80CA0437338
:1020D00086733B68C0F80F30BB8880F81580A0F885
:1020E000133003B0BDE8F08FCDE90DAB0C9703B012
:1020F000BDE8F04F15F0BDBF74E50300002110B539
:10210000421D0379044608461BF0C6FB024648B14F
:102110006188208815F085FC0446034800F044FEE1
:10212000848010BD1A24F8E720020A0213B5044681
:10213000007816F0BAFC70B10023CDE90033E278E4
:10214000B4F8011015F003FE0446044800F02CFE1C
:10215000848002B010BD2524F7E700BF20020A04E6
:1021600010B5007817F012FF0446024800F01CFE7C
:10217000848010BD2002090130B50446457987B03E
:102180002A46811D01A81AF086FED4F8011001AA82
:102190002078059517F004FF0446034800F004FE7C
:1021A000848007B030BD00BF2002090410B5B0F82C
:1021B0000110C378021D007817F008FF044602489A
:1021C00000F0F2FD848010BD2002090910B504461C
:1021D0000078FF280ED015F062FF207815F061FF1F
:1021E00094F90000FEF724FB0446034800F0DCFDF0
:1021F000848010BD2124F8E720020F0610B5417835
:10220000007802F0BBFE0446024800F0CDFD848059
:1022100010BD00BF20020F0108B5064906481AF09C
:1022200076FF064906481AF072FF06480FF01CF8C0
:10223000002008BD7C0B0020782600208C0B00209D
:1022400074260020740B0020014815F0ACBF00BFBD
:10225000200B002030B5114B0D469942144685B035
:1022600019D193000FD503A902A80EF0A9FD0823E8
:102270000193039BE1B2009300222846029B41F0A8
:1022800000511AF027FF064816F025F800B1047136
:10229000012005B030BD0020FBE700BF7426002000
:1022A000E8E5030022F00042B2F1A04F08B504D1E6
:1022B000034816F010F8012008BD0020FCE700BF1D
:1022C000ECE5030070B5FFF7BFFF90B1FEF730FEFD
:1022D000002604462046FEF78FFE0546064800F01D
:1022E00063FD86802268C0F80620A28805734281BB
:1022F00070BD0226014CEDE720090115C4E503007D
:1023000008B501F0FDFABDE80840024902481AF09C
:1023100022BF00BF9C0B002050260020F8B50546C8
:1023200000200D4E0127307100F02AFE04466CB1EA
:102330006DB994F872306BB1377115F0ABFE204671
:10234000132116F0ACFA6468002CF2D1F8BD2046D7
:1023500016F0A9FA6468EAE7AA2A002038B5002333
:10236000094C2360A38003682360207816F093FA59
:10237000054630B9054806491AF0C9FE608801F0E3
:1023800037FB284638BD00BFAA2A0020502600206F
:102390009C0B002022F00042B2F5887F2DE9F04727
:1023A0001C4600F0E5800ED840F203139A423CD060
:1023B00040F209139A4200F0C5800E2A00F0B68060
:1023C0000020BDE8F08740F207239A424AD0B2F5D8
:1023D000037F59D040F206239A42F1D120684C3055
:1023E000FEF70AFE25680746664895F8736095F87B
:1023F00070A095F9759095F87680A48815F06BFF1C
:102400000028DDD0EB6C4360B5F850308772038153
:10241000731E5E425E41C67280F80CA080F80D907B
:1024200080F80E80A0F80F40CAE7207800F088FD01
:102430000028C5D0544894F80090B4F80280A788CA
:10244000E688257A648915F046FF0028B8D080F820
:102450000490A0F80580A0F80770A0F80960C57284
:102460008481ADE7207800F06BFD0028A8D060786B
:102470002578FFF779FC0446444815F02CFF002826
:102480009ED0057144719BE7A578012D1ED0022DC9
:102490002DD0CDB9E37894F80080023BDBB2022B5B
:1024A0008CBF01253A4A94F90470667998BFD55CCF
:1024B00094F90640374815F00EFF28B180F80480E3
:1024C00045718771C671047201207AE7E37894F848
:1024D0000080023BDBB2022B98BF2D4A94F90470B6
:1024E000667998BFD55C94F906402B48E3E7E3781A
:1024F0002A48023BDBB2022B94BF254A012594F8FF
:102500000180277898BFD55C94F90490667994F996
:10251000064015F0E0FE0028D6D0A0F804808771B0
:10252000C57180F8089046728472CDE72346082270
:10253000002113F8014B1A4815F0DEFE0028C3D025
:102540000471C1E7174894F800806788A688E58879
:10255000248915F0C0FE0028B6D080F80480A0F8C9
:102560000570A0F80760A0F80950A0F80B40ABE791
:102570000D481C7815F0AFFE00283FF421AF047120
:102580001EE700BF44E6030040E6030038E6030010
:10259000F0E5030030E603002CE6030034E6030018
:1025A00028E6030024E603003CE603001FB50146CD
:1025B0000078FF2817D0B1F80B300293B1F809303A
:1025C0000193B1F807300093B1F80530B1F803205A
:1025D000B1F8011001F0AAF90446044800F0E4FB48
:1025E000848004B010BD2124F7E700BF2002060656
:1025F00030B587B001468279054604A816F08DF9FA
:10260000002303939DF8163013F0180408D12125F8
:1026100003950F4800F0C8FB8580847107B030BD7A
:1026200004A800F09BFC034660B903AA0092E87975
:10263000084A04A901F000FA034618B90446BDF897
:102640000C50E6E7BDF80C5093F87040E1E700BF8E
:1026500020030604F126020010B5007800F070FC9B
:1026600040B1132116F01BF90446034800F09CFB0F
:10267000848010BD2524F8E72002060570B51446B5
:1026800006460D46204614210A4A15F013FD204641
:10269000217915F0C2FD58B9A3790C331C44064BBF
:1026A000A6711B79A5801BB1BDE8704015F0F3BC85
:1026B00070BD00BF20E60300AA2A0020024B0020C4
:1026C0001A68024B5A60704778240020200B0020C3
:1026D00010B5FDF7C5FC044630B9044815F039FDC6
:1026E000044608B9FDF7ECFD204610BD200B002084
:1026F00073B51C4640F20A6322F000459D4208D89B
:10270000B5F5C06F08D8042D47D00D2D4DD0032D41
:102710001ED0002002B070BD6FF4C0631D44092DAF
:10272000F7D801A353F825F00F280200BD270200B7
:10273000E1270200F1270200072802001327020008
:10274000272802003D2802005D280200A928020077
:1027500001A8F2F725FE5648BDF8044015F0BBFD70
:102760000028D6D000234371C371037243720373F0
:1027700043738373C373282383746FF00B03C37491
:102780006FF066030722432103753E2302718571B2
:102790008172C27204824375BBE74648246815F013
:1027A0009AFD0028B5D08480B3E723460422002197
:1027B00053F8044B404815F09FFDF2E7207800F0F5
:1027C000BFFB0028A5D03D48267894F90150A47895
:1027D00015F081FD00289CD006714571847198E741
:1027E0002478374815F077FD002892D0047190E7DF
:1027F00025783448646815F06EFD002889D005718D
:10280000C0F8054085E725782F486468F3E72F482E
:102810002578646815F05FFD00283FF47AAF0571F4
:10282000A0F8054075E72A482578646815F053FD3F
:1028300000283FF46EAF057144716AE7637825485C
:102840000D2B96BF244A0125D55C247815F043FD55
:1028500000283FF45EAF047145715AE763780021A8
:102860000D2B98BF1C4A1D4898BFD55C6368A278A1
:1028700088BF0125267815F03FFD08B10671457126
:102880006378012B3FF645AF8DF80430012200211B
:10289000124801AB247815F02FFD00283FF439AF22
:1028A00001230471437134E724780D489AE700BF8F
:1028B00088E6030080E6030084E603006CE603007C
:1028C00074E6030078E6030070E6030068E60300A0
:1028D00064E6030060E6030048E603005CE60300EC
:1028E00058E603001422002101481AF0FBBA00BF89
:1028F0007C26002070B505460FF0B7F81A4C064646
:1029000063795B070ED414212046184A15F0D2FBD8
:102910002046217915F081FC20B13046BDE8704099
:102920000FF0A9B8A3790C3323442DB91A79FF2AE3
:10293000F3D001321A71F0E7012D05D15A79FF2A3F
:10294000EBD001325A71E8E7022D05D19A79FF2ABE
:10295000E3D001329A71E0E7032DDED1DA79FF2A64
:102960001CBF0132DA71D8E77C2600207CE6030028
:10297000042828BF0020014B185C70478CE6030038
:102980002DE9F3416F4687E80300114816461D46BE
:10299000DDF8208000F084F90446A0B90D4B0098C2
:1029A0001968BB8848600B818E72CD7200F0CEF939
:1029B0000446B8F1000F04D0074B1B689B7988F8D8
:1029C000003000F0DBF9204602B0BDE8F08100BF26
:1029D000A0E603009C260020982600202DE9F84F51
:1029E000804611480F4616461D46BDF828B0BDF872
:1029F0002CA0BDF8309000F053F998B90B4B1C682F
:102A000084F80480A4F80570A4F80760A4F80950BD
:102A1000A4F80BB0A4F80DA0A4F80F90BDE8F84FEF
:102A200015F0CCBBBDE8F88F98E603009C2600208B
:102A300010B50446054800F033F930B9044B1B6863
:102A40001C71BDE8104015F0B9BB10BD90E6030045
:102A50009C26002010B50446054800F021F930B945
:102A6000044B1B681C71BDE8104015F0A7BB10BDDE
:102A7000B8E603009C26002038B505460C460748FA
:102A8000012100F01DF940B9054B1B681D71C3F809
:102A90000540BDE8384015F091BB38BDB0E60300F5
:102AA0009C26002038B505460C460748012100F059
:102AB00007F940B9054B1B681D71A3F80540BDE837
:102AC000384015F07BBB38BDA8E603009C260020EB
:102AD00038B505460C460748012100F0F1F838B931
:102AE000054B1B689D80DC80BDE8384015F066BB57
:102AF00038BD00BFC8E603009C26002070B506461E
:102B000008480D46144600F0CBF848B9064B1B6840
:102B10001E71A3F80550DC71BDE8704015F04EBB86
:102B200070BD00BFC0E603009C26002008B5044825
:102B300000F0B6F818B9BDE8084015F03FBB08BD75
:102B4000D8E6030038B5054606480C4600F0A8F85C
:102B500038B9054B1B681D715C71BDE8384015F034
:102B60002DBB38BDD0E603009C26002038B50546B5
:102B700006480C4600F094F838B9054B1B681D71E7
:102B80005C71BDE8384015F019BB38BDE8E60300BC
:102B90009C26002010B50446054800F081F830B9A5
:102BA000044B1B681C71BDE8104015F007BB10BD3D
:102BB000E0E603009C26002070B505460B480E4653
:102BC00000F06EF8044678B900F0C0F8084B0446EF
:102BD0001B6825B1D3F806202A605A89AA800EB155
:102BE0001B7B337000F0CAF8204670BDF0E603008E
:102BF00098260020044A0346106810B102789A42D1
:102C000000D170470069F8E79426002008B515F058
:102C10009EFAFFF767FE0022014B1A6008BD00BF55
:102C20009426002038B5104D0446104A28461AF064
:102C30008DFE4FF48270A0470D4B01461860287836
:102C400018B14FF482721AF084FE4FF48270A047DC
:102C5000084B01461860287828B1BDE838404FF489
:102C600082721AF076BE38BDC02B0020F8E6030051
:102C70009C26002098260020084A136833B9417822
:102C8000036141F0010141701060704719780278CA
:102C90009142FAD003F110021B69EFE7942600205D
:102CA00010B5044618F006FE28B9034B22681C60D4
:102CB000024B1B681A6010BD902600209C26002045
:102CC0002DE9F84F046898464FEA042A0AF4E06AAE
:102CD000C4F307234AEA030A0AEB0209B9F5807F25
:102CE00083460F46154603D91D263046BDE8F88FAA
:102CF00018F0E0FD06460028F7D1124B24F47F447B
:102D0000C3F800B024F0C7040F4B44EA19244FEA7B
:102D100009291B681FFA89F944EA090443F8044B9E
:102D200053442A46414618461AF0B5F8012F04D1FB
:102D3000FF2DD9D800F8015CD7E7022F08BF20F893
:102D4000025CD2E7902600209C26002008B5074BA5
:102D50001A68074B52F8040B1968064B49681B6840
:102D60009847054B1B68988808BD00BF9C2600202B
:102D700090260020AC0B0020982600200022024B59
:102D80001A6018F099BD00BF90260020054B186806
:102D900008B1C3681BB1003818BF01207047006933
:102DA000F6E700BF9426002010B5034C2368186096
:102DB000FDF7C4FA206810BD98260020F8B5044637
:102DC0000D4601460020174615F0C2F9F1F7D2FD75
:102DD000194E78BB194B1B681C603368187058700B
:102DE0009870D870204615F08DF918B165B9436810
:102DF000220E2BB90F250DE05979914204D00833EA
:102E00001D68002DF8D1F5E73846A84733681B68E0
:102E10004BB9012524F47F4020F0C70040F4007036
:102E2000FFF7C2FF85803268012052F8041B15F0BD
:102E30008FF9F8BD1425EDE7982600209C26002088
:102E40004022094B83F8212383F8222383F823238C
:102E500083F8262383F8252383F8202383F824236B
:102E6000502283F8222C704700E100E0BFF34F8F1F
:102E70000549064BCA6802F4E0621343CB60BFF316
:102E80004F8F00BFFDE700BF00ED00E00400FA0532
:102E9000044BD86910F480501CBF186A00F0010080
:102EA000704700BF0080E00F70B504460D461B4A16
:102EB00013686BB393F87D10586811F0040129D1A1
:102EC00010608C22184693F870601AF00BF80346D5
:102ED00080F870602268C0F85A20A288A0F85E20AE
:102EE000A27980F860202868D864AA79A98883F834
:102EF0005220FF2283F8752083F8762040F6FF7277
:102F0000A3F86E20064AA3F85010116813605960A8
:102F1000184670BD1A1D0346CBE700BFA42600204B
:102F2000A0260020054A0346106800B97047B0F893
:102F30006E209A42FAD04068F7E700BFA026002032
:102F4000054A0346106800B9704790F870209A420D
:102F5000FAD04068F7E700BFA026002038B5054644
:102F6000064B1C680CB9204638BD294604F14C00BC
:102F7000FEF74AF80028F6D16468F3E7A02600209F
:102F800010B9024B1868704740687047A0260020AF
:102F90000023114A2DE9F0418C211360804602463E
:102FA00001200DF021FF044620B905460B4E30608C
:102FB000A84502D82046BDE8F08101200DF092FF1F
:102FC00007468C220021013519F08CFF87F87050DC
:102FD00037603E1DECE700BFA0260020A42600209D
:102FE000012310B58B4090F87110044621EA0301CB
:102FF00049B280F87110002949D115F059F82046DE
:1030000017F050F9102104F118001AF068FC20465E
:10301000FEF760FE04F138001AF080F9204617F040
:10302000A2F8214A13681BB19C42596830D1116043
:10303000A36859050BD51A0509D443F40063A18987
:1030400094F87000A36004F17802FFF717FB0023E7
:10305000204663601AF083F815F0BAF94FF48072D5
:10306000B2FBF0F2424394F870300344B3FBF2F148
:1030700002FB1133DBB2591EC9B2FD29F5D884F821
:10308000703000236360094B1A6852B91C6010BD90
:103090001A465B68002BCBD09C42F9D16368536021
:1030A000C6E7131D5268F0E7A0260020A4260020E2
:1030B00010B5084C206830B9BDE81040064B1860C8
:1030C00001200DF0DFBE436890F871102360FFF718
:1030D00087FFEFE7A0260020A426002090F8743098
:1030E00003F00B03013BDBB20A2B9ABF014AD05C11
:1030F0000020704706E703001FB5014690F87030C6
:103100008DF80430FFF7EAFFB1F862308DF80C005B
:10311000ADF80630B1F8643001AAADF80A30B1F864
:1031200066300748ADF80830B1F86C3040F2031152
:10313000ADF80E301AF027F805B05DF804FB00BFBB
:103140005026002007B590F870308DF8051001AAC0
:1031500040F2072103488DF804301AF014F803B048
:103160005DF804FB5026002038B50A4B04461B6866
:103170000D462BB143699B0702D515F01DFC30B1FC
:103180002A4620680421BDE8384016F05EBFA369D6
:103190009D6138BDA8260020014B1860704700BF14
:1031A000A8260020024B1868003818BF012070477D
:1031B000A826002013B50446019120B901A81AF0F1
:1031C000ADF8212012E008460029FAD01AF012F9D1
:1031D00080B20028F2D0094B20461B6801994BB100
:1031E000984728B920460199FDF750FF02B010BD5D
:1031F0000020FBE701F040FAF3E700BFA82600201B
:1032000038B5436A0446590415D4134A03F40043FD
:1032100092F82B20012A0FD1826A92040CD4002B41
:1032200001460CBF5320142014F001FA18B9636A48
:1032300043F00803636238BD002BFCD1074D2046E4
:103240002946FDF7E1FE0028F5D12868AA88AB7968
:103250002060A280A371EAE7D4250020E3250020A6
:103260002DE9F041164D85F82A0038B300EBC00077
:10327000C1000023012204200DF0B6FD044650B920
:1032800004200DF02FFE4827A046286095F82A302C
:10329000A34203DC00242046BDE8F0812E681422FE
:1032A00007FB04660021C6F8188006F1340019F007
:1032B00019FE304615F005FA0134E7E72860E9E722
:1032C000D4250020074B93F82A20824281BF1B6837
:1032D00000EBC00003EBC003586A8CBF00F0010094
:1032E00000207047D425002008B50146FFF7EAFF0B
:1032F00040B1054B01EBC1011B6803EBC103586AE8
:10330000C0F3C02008BD00BFD42500202DE9F04F38
:103310000746384A93B0106851680FAB03C39068F2
:10332000354A1860146807EBC70304EBC304E37B5A
:1033300012AA02EB430333F80C1C636A94F82E8044
:10334000DA0494F82F6047D40126B04641F010010A
:1033500094F80D90C3F3404A5B0348BF4AF0020A59
:103360008BB289F00809B8F1010F94F831500B9332
:1033700004F1070BD4E90723C9F3C00994F93240DB
:1033800009D0B8F1020F06D0B8F1040F14BF4FF006
:1033900000084FF00308012E05D0022E03D0042EA2
:1033A00014BF002603263846CDE90C23FFF79CFF07
:1033B000DDE90C230121CDE90760CDE90051384654
:1033C000CDE90548CDE903BA0B99CDF8089001F095
:1033D00087FB13B0BDE8F08FA26A950648BF41F0A5
:1033E0002001500648BF41F04001DA0348BF41F0D8
:1033F0000401ADE712E70300D4250020002170B5D9
:103400000B4B93F82A601C688E4202DCFF2528468D
:1034100070BDCDB22846FFF755FF28B1E37B012BE5
:1034200002D1636ADB06F2D401314834ECE700BF15
:10343000D4250020014B93F82A007047D4250020A2
:103440003F4A70B5146800EBC00304EBC304636A21
:1034500006465B0704D500231A46194601F022FCF4
:10346000636A9D0706D53046FFF750FF636A23F075
:1034700002036362636A18070CD5A27921463046BD
:10348000C2F3C00201F0ACFB0546E8B9636A23F061
:1034900008036362304615F05EFA0546A0B9626A19
:1034A000D10611D5D30404D5304614F0BCF840B190
:1034B0001BE01206E37B09D4E37B626A023B012B2B
:1034C00015D9616A48071FD4284670BD03F0FB0375
:1034D000012BF6D03046216901F0A8FB636A256113
:1034E00023F0800363620028E6D00546ECE7D305AD
:1034F000E7D53046616901F0B7FB00236361636A79
:1035000023F480736362D2E7E37BA28D012B03D1A6
:10351000A2B1802A28BF802211F0400F94F83030E9
:103520004FF0010118BF0123304601F0BBFB00281A
:10353000DBD1636A23F004036362C5E74022EBE753
:10354000D42500202DE9F04100244827104D95F89E
:103550002A30A34201DCBDE8F081E6B23046FFF735
:10356000B1FE98B107FB04F828684044436ADA06C4
:103570000CD55B040AD4FFF743FE2B683046434466
:103580005A6A42F006025A62FFF75AFF0134DEE738
:10359000D4250020044A00EBC003116801EBC301ED
:1035A000CA7B15F0B2B800BFD425002010B5044680
:1035B000FFF788FE90B10A4A04EBC403106800EBE1
:1035C000C300436A23F0500343F00403436215F041
:1035D0006EF82046BDE81040FFF732BF212010BD35
:1035E000D425002070B5FFF709FFFF28044615D049
:1035F0000B4D03B2286803EBC30300EBC300DE00EE
:10360000436A23F01003436215F051F829682046FD
:1036100031443431BDE87040FEF728BC70BD00BFB6
:10362000D425002083782DE9F041122B0F463CD1A0
:103630000B689A790C321344DD781E790DB145F48C
:1036400080553046FFF73EFED0B1DFF8648006EBD0
:10365000C603D8F8004004EBC304636A23F01003E8
:10366000636295B922463146A06908F12E0300F045
:10367000D1FA22222946A56108F12E0019F032FC68
:103680003846BDE8F04119F049BE204615F00FF864
:10369000636A5A0603D523F040036362F0E73046BD
:1036A00004F13401FEF7E2FBEAE7BDE8F08100BF78
:1036B000D425002073B5144D144C6A68236802F0B9
:1036C000800103F002030B431BD053064CBF0126BD
:1036D000A67AFDF731FC0196837983F00803C3F3E2
:1036E000C0030093E388A288217A607A01F0B4F9DC
:1036F00040B9236823F0020323606B6823F0800342
:103700006B60002002B070BDD4250020AC260020E4
:1037100001210020054BA3F10802C3E9000043F892
:10372000081C4FF01013517253607047B4260020EC
:10373000014B187B704700BFAC260020074BDA7A9C
:103740004AB95A7A82421FBF1A68587242F002027E
:103750001A60FFF7AFBF0020704700BFAC26002003
:10376000024BD87A003818BF01207047AC260020E1
:1037700070B5224E716811F002013AD1204D2B68CC
:10378000580706D5084601F08DF92B6823F004038D
:103790002B602B68726803F0080302F004021343E5
:1037A00010D0FDF7C9FB83791A071FD5FEF7F0F992
:1037B0000446C8B92B6823F008032B60736823F014
:1037C00004037360FFF776FF044668B9EB7A5BB1D8
:1037D0002B685B0708D40121084601F063F950B952
:1037E0002B6843F004032B60204670BDFEF7B4F94C
:1037F000DEE71124F8E70446F6E700BFD4250020F1
:10380000AC26002070B5124C257B637B22689D425C
:10381000B8BF1D469207E37AEEB201D4B34215D089
:103820001BB10023E372FFF7A3FFE67275B1094BEA
:1038300093F82B30012B05D1236843F0020323605A
:10384000FDF720FBBDE87040FFF792BF002070BD80
:10385000AC260020D4250020022938B504460D46A8
:1038600001D9212038BD14F08AFF0028F9D00E4B71
:103870001A7BB2B91A68D10742BF22F0010242F0A6
:1038800002021A60094A525D1A735A7AA2421FBF95
:103890001A685C7242F002021A60BDE83840FFF715
:1038A000B1BF0220DEE700BFAC2600201EE7030008
:1038B000054A137B013B022B03D800231373FFF748
:1038C000A1BF0020704700BFAC260020032805D10F
:1038D0000A4A136843F00803136008E0012808D17E
:1038E000064BDA7A42B11A6842F008021A60FFF712
:1038F0003FBF10F0FD0FEBD000207047AC2600203A
:103900000020094B10B55862FFF73AFB04461CB97A
:10391000BDE81040FFF7CCBB204641F2160114F081
:1039200040FF6468F3E700BFD42500202DE9FF477E
:1039300091420E4615469946BDF830A0BDF8348038
:10394000BDF8387003D9212004B0BDE8F08740F6F7
:103950007A428B1F9BB29342F5D8B5F5486FF2D8E7
:10396000B9F5FA7FEFD240F67642AAF10A039BB28C
:103970009342E8D809F101039BB26B43B3EB8A0F82
:10398000E1DAB845DFD8FF280BD1184BD9821D8367
:10399000A3F81A90A3F81CA0A3F81E801F8400208F
:1039A000D2E7FFF7CDFA04460028CCD090F8733068
:1039B0002A46012B31464B46CDE90187CDF800A0C0
:1039C00008D100F0A1FF0028BED1A4F86880A4F8B7
:1039D0006A70E4E700F098FF4B462A4631462046DD
:1039E000CDF800A016F051FBEDE700BFD425002074
:1039F000A0F11B03E02B10B5044618D8042142F2B5
:103A0000240014F072FA6FF06F0343714223A0F8A0
:103A1000034083710748F7F727FE14F0AAFA4079AC
:103A200020B114F0A6FA407940F4805010BD212056
:103A3000FCE700BF6B5A03002DE9F04399460023D1
:103A400087B00E9E324C3360636A07460D4690463F
:103A500013B10223336012E013F0D6FD074213D0F6
:103A600037EA000010D1012F01D0042F0CD12846D5
:103A700033464A46414614F02EFF054630B900252C
:103A8000284607B0BDE8F0832123E3E73846FFF777
:103A900055FE3060002831D194F82B30012B18D11D
:103AA0006368DB0715D4DFF86C80404601F080FBCB
:103AB000306018BB6368A06843F00403B8F80420C2
:103AC000636098F80630C5F85A00A5F85E2085F8BE
:103AD0006030FFF74DFE306080B9238C3A46049386
:103AE000E38BFF210393A38B28460293638B0193FF
:103AF000238B0093E38A00F049FE3060336823B1E2
:103B000000212846FFF76CFAB9E76562B8E700BF05
:103B1000D4250020DC25002037B504460D4614F0DE
:103B200067FE6988204614F048FC6A7E2B7E20469A
:103B300043EA0223A4F862306A7F2B7F43EA022320
:103B4000A4F86430EA7EAB7E43EA0223A4F8663030
:103B50001B23A4F86C302D4BDA8B1B8CA4F8682047
:103B6000A4F86A30022384F8723014F0A0FA2046D8
:103B700016F073FB94F87330022B15D101F0F0F9B5
:103B800070B194F9753001330AD105212046A3683C
:103B900043F48053A36003B0BDE8304014F07FBE0F
:103BA0000021204614F00CFC0021204600F02AFAE7
:103BB0004FF6FF73288C984225D000F0C3F900948B
:103BC00000F0AEF96A46ADF8040040F20621104854
:103BD00019F0D9FA002240F20221204619F08FFA9A
:103BE0002046FFF789FA204616F043FB204600F0F6
:103BF00007FFA368012123F480432046A36014F04B
:103C000056FE03B030BD0020D9E700BFD425002008
:103C100050260020F7B504460F46164668465A79E6
:103C2000991D1D46FDF7CEF92CB969463046FFF7C0
:103C30003BF90446A0B140F2032384F87670A4F85F
:103C4000723033682946C4F85A30B3882046A4F845
:103C50005E30B37984F86030FFF75EFF03B0F0BDEB
:103C6000032140F2064014F040F96B88A0F80330BD
:103C70000D2343710148F7F7F7FCEFE79157030075
:103C800007B590F870304FF4887101AA03488DF899
:103C9000043019F078FA03B05DF804FB50260020D8
:103CA0002DE9FF4103780446302B0E4639D006D863
:103CB000052B25D0082B41D004B0BDE8F0813E2B68
:103CC000FAD183780C2B4BD8022BF5D9033B092B67
:103CD000F2D801A252F823F0713D0200AB3E02007F
:103CE000B93C0200B93C0200433E0200B93C02006C
:103CF000B93C0200B93C0200B93C0200973E020008
:103D0000B0F80300FFF70EF928B1617909B141F469
:103D1000805114F046FD304604B0BDE8F04119F082
:103D2000FDBAB0F80300FFF7FDF80028F3D0A17842
:103D300009B141F4805114F08DFDECE7B0F80300B7
:103D4000FFF7F0F80028E6D0627990F8743022B1DD
:103D500043F0010380F87430E9E703F0FE03F9E76C
:103D6000212B00F0B780292B1FD0202BD3D0A3E725
:103D70008088FFF7D7F80028CDD0E278002ACAD192
:103D8000E179A27942EA0122A0F86220E17AA27ADE
:103D900042EA0122A0F86420227A617A42EA0122F2
:103DA000A0F86620FFF7A8F9B5E7C778851C3C2F77
:103DB00002D1FFF717FCAEE790F80680B8F1000FCC
:103DC00023D1544A546AC2F82480CFB129462046F0
:103DD00047F4805714F00CFDE76084F8728040F2DD
:103DE0000121204601AACDE9014719F0CCF9A368C9
:103DF000414643F480632046A360FFF7F1F88AE769
:103E000029462046FFF788FE85E74FF6FF73408C72
:103E100098420BD000F096F840B1FDF78DF82B4694
:103E20000246FF210020FFF7F5FE74E73A4B2234EB
:103E300055F8042BA54243F8042BF9D12A881A809F
:103E400069E7B0F80300FFF76DF800283FF463AFAF
:103E500040F20911B4F8053090F87020A0F86C30E9
:103E60008DF80420ADF80630227AE37943EA022384
:103E7000ADF80830A27A637A43EA0223ADF80A303B
:103E8000227BE37A43EA0223ADF80C3001AA2348EF
:103E900019F079F93FE78088FFF744F800283FF4EC
:103EA0003AAFA179FFF74EF935E78088FFF73AF886
:103EB00000283FF430AF90F870300E218DF80430B8
:103EC000D4F8063001AACDF80530D4F80A30CDF880
:103ED0000930DCE78088FFF725F800283FF41BAFA6
:103EE00090F870304FF403718DF80430E37801AA34
:103EF0008DF80530A3798DF80630E3798DF8073019
:103F0000237A8DF80830637A8DF80930A37A8DF81A
:103F10000A30BCE7D42500200226002050260020CD
:103F200050B10C22064B1B68C31AB3FBF2F3807A24
:103F300040EA032080B270474FF6FF70704700BF21
:103F4000B00B0020024609490B7A0968FF2B01D10A
:103F50000020704703EB430301EB830031F823306B
:103F6000C3F30B039342F4D0C37AEFE7B00B002006
:103F700008B5054B054A1978054819F0E7FCF72202
:103F8000044B1A8008BD00BF2F2C002021E703003E
:103F9000C22B00200C0D002010B5044670B3006841
:103FA000836CA34222D1636883642246144919F0CA
:103FB000B2F804F10C0019F0D2F804F1440019F041
:103FC000ADF9FFF7EFF858B1A06948B1143019F016
:103FD000A5F9A069183019F0A1F9A0690DF094F9BC
:103FE0002046BDE810400DF08FB91346002BDCD001
:103FF0005A68A242F9D162685A60D6E710BD00BF84
:10400000498A0300F8B5054648200E4619F0A3FC7E
:104010002A4F0446387818B14822214619F099FCF5
:104020008CB1FFF7BFF898B11C2019F094FC014641
:10403000A061387810B11C2219F08BFCA3692BB950
:1040400020460DF061F900242046F8BD00221A70C8
:104050000321284614F0B4F9AB6C22466360AC64CB
:104060001723268100266381154928462560267777
:1040700066640CF02DFE03F095FD3246014604F116
:104080000C000CF025FE02232374FFF78BF818B9FF
:104090000C4B1B78002BD7D00B4B19881729D3D981
:1040A000204614F01CFA0028CED11221204614F02C
:1040B00090FC636943F002036361C5E7C22B0020F3
:1040C000498A0300C12B00200C0D0020F8B50546DD
:1040D00010B3002920DB114C2468247E8C421BDDA8
:1040E0003F2919DC032701F0030600EBA10191F839
:1040F00031407600B74002F0030224EA0704B240E0
:10410000224381F8312013B1002114F01CFD284610
:10411000BDE8F84014F074BDF8BD00BFC42600200F
:1041200070B5164600221A7032800A7A0D46072AA8
:104130004DD8DFE802F004090D111A1E304AE86874
:1041400030F8023B338043E0EB68981D5B88F9E769
:10415000EB68981D9B88F5E7697B14F041FD02220E
:104160001C4B18801846328032E002231A483380F4
:104170002EE01A4C2B7BE88923702B88E11C01333D
:1041800063702B8801331B12A37000F0DBF903303E
:10419000308020461CE0124CA889EB89020AA370EB
:1041A0001B0A20706270E37000F040FA58B1C368D7
:1041B0001A88022A07D19A782271DB786371062364
:1041C0000748338004E00423FAE780221A700020B5
:1041D00070BD00BFDC2B002031E70300C92B00209D
:1041E000C32B0020054A064B1860136843F00103F7
:1041F0001360828B034B1A80704700BFBC260020DF
:10420000C4260020B02A002000232DE9F04FDFF85B
:10421000C09191B0D9F80070054617F00807CDE9B4
:104220000633CDE908330AD0664B03F1100253F888
:10423000041B934245F8041BF9D1002011E0032030
:10424000F1F726FD19F087FB804648B10620F1F70B
:104250001FFD19F080FB064630B940460DF054F8BA
:104260001A2011B0BDE8F08FCDE90477F4F7DAFE3B
:10427000044668B140460DF047F830460DF044F86A
:1042800040F20740214600F00FFF40F20740E8E708
:104290004FF4A0524C4BC6E90323F369002B42D1E3
:1042A0004FF410533380802310227380304604ABC8
:1042B00006A90EF0ECFE0446A0B94046424A049915
:1042C0000EF0C7FF044668B98346404BBAB21B687C
:1042D000D98891422FD810222946404605AB0EF0CE
:1042E000D6FF044640460EF03AFF40460DF00CF86B
:1042F00030460FF02BF930460DF006F804980EF01A
:10430000D2FD002CBCD12F4B05F1100255F8041B37
:10431000954243F8041BF9D1D9F8003043F0080363
:10432000C9F8003089E73B463A464FF41051304611
:104330000FF018F9B7E71A68BCB2210102EB0414B8
:104340002046ADF80EB00191009215F041F882467A
:10435000204600F03FF930B3DDE90021AAF52050F6
:1043600080B2032802D9BAF5245F1ED1525A002028
:104370002146ADF828200DF10D030DF10E02ADF828
:104380002AA0FFF7CDFEBDF80E2001460BA818F0BD
:1043900082FDBDF80E20404604320AA90EF05CFFF3
:1043A000044600289ED101378FE70AF55640FF30BA
:1043B00080B20428F7D8525AADF82AA0ADF82820C8
:1043C000E7E700BFDE2B00200002C003C426002068
:1043D000BC260020134B01461B6870B513F0040384
:1043E00006D00022104B1C68E38990B2834209D8A2
:1043F0000E4A14680022E58990B2854209D84FF62A
:10440000FF7005E0A56835F8125001328D42ECD1FD
:1044100070BDA66836F8126001328E42ECD10344BA
:1044200098B2F5E7BC260020C0260020C426002054
:10443000094B1B685B070AD5084B1A68D38983426E
:1044400003D9936833F810007047C01A80B2044B48
:104450001B689B68F6E700BFBC260020C026002032
:10446000C426002038B5046805460C2220460849B9
:1044700018F001FD50B90222064904F10E0018F0AF
:10448000FAFC18B902200C342C6038BD1020FCE76F
:1044900034E7030042E703002DE9F74310280191B8
:1044A0000BD0022804D04FF6FF7003B0BDE8F083B4
:1044B000019B1888FFF78EFFF7E701A8FFF7D2FFEF
:1044C0000228F5D01028EED11B4B019F1E6816F074
:1044D000040608D00024194BD3F80080B8F8166001
:1044E000A5B2AE421AD80025154BD3F80080B8F813
:1044F0001690ACB24C45D6D2D8F81000102200EB82
:104500000510394618F0B7FC01350028F1D1A01983
:104510006FEA40406FEA504080B2C6E7D8F810001A
:10452000102200EB0410394618F0A5FC01340028D5
:10453000D6D145F40040B8E7BC260020C0260020B4
:10454000C4260020020408B51DD5124BC0F30E008E
:104550001B685B0713D5104B1A68D38A98420CD29C
:10456000136903EB001000F1100350F8042B98427C
:1045700041F8042BF9D1102008BDC01A80B2074BB6
:104580001B681B69EDE7FFF753FF0870000A4870CE
:104590000220F1E7BC260020C0260020C42600200F
:1045A00070B5044642F60306094B1B681D68A54218
:1045B0000AD2204629B914F00BFFB04206D11034BC
:1045C00002E014F00FFF08B1204670BD103CEEE78A
:1045D000C4260020437ADA0702D5C3F3800070476F
:1045E000034BC2881B881A4214BF01200020704769
:1045F000B02A00200A4B1B68DB0708D570B1094BB5
:104600001B68DB88834234BF00200120704728B13B
:10461000054B1B88834294BF00200120704700BFD8
:10462000BC260020C4260020B22A002070B5024615
:10463000FFF7E0FFE8B10F4B1968CD88954209D329
:1046400002F180500B680138040103EB00101B5B82
:1046500093420ED0002398B2854201D8002008E092
:104660000E681C01345B06EB0310944203F1010356
:10467000F1D170BDC426002037B58B790A460C33C2
:10468000CD180191C95C044611F0010329D01D2900
:104690000AD101211E2013F0C4FE0146204613F06A
:1046A00018FF012003B030BD032916D10E4BB5F819
:1046B00001201B884189934228BF1346172BB8BF9E
:1046C0001723438114F05AF9636940F2094123F03A
:1046D00002032046636114F079F901A818F01EFE68
:1046E000DFE71846DEE700BF0C0D002030B585B0CF
:1046F000054614F082FE0446A8B9AB690B4A0121B5
:104700005A604FF42053ADF80C3002234FF6FF727D
:104710000093284603AB17F03FF9044618B901216E
:10472000284614F056F9204605B030BD0100FFFFC1
:1047300038B5124B04461B8842898B4228BF0B4672
:10474000172BB8BF17231146438114F017F963697B
:1047500023F002036361A3699D693DB100222946EC
:1047600020469A61BDE83840FEF7FEBC40F20941A0
:10477000204614F02BF9A3691D7038BD0C0D0020E4
:104780000148FEF709BD00BFAD7B02002DE9FF41E6
:10479000044600200D461746984618F052FF06467C
:1047A000002859D04FF0C813ADF804804FF000082E
:1047B0000093BDF82830ADF80630BDF82C30ADF8C8
:1047C0000830BDF83030ADF80A30BDF83430ADF8FF
:1047D0000C30BDF83830ADF80E3047FA08F3DB077F
:1047E00004D510226946304618F07BFD08F1010817
:1047F000B8F1030FF1D132460C2142F2850013F0DB
:1048000089FB00230571FF2D18BF94F8765087733C
:10481000C570437194F8603083F00803C3F3C0039C
:10482000837194F8523083F00803C3F3C003C3715B
:10483000E36C8360B4F8503083810848F6F714FFC6
:1048400013F097FB807820B113F093FB807840F44D
:10485000805004B0BDE8F0811A20FAE7AD5803009B
:1048600008B5002142F20E0013F03FFBBDE80840FE
:104870000148F6F7F9BE00BF7D58030038B590F83F
:1048800072300446032B154606D1FFF7E9FF0123DA
:10489000002084F8723019E0C9B9012B2DD9032109
:1048A00040F2064013F021FBB4F86E304571A0F8D9
:1048B00003301348F6F7D8FE13F05BFB8378002B28
:1048C000E5D013F056FB807840F4805038BDA3B19A
:1048D00002214FF6044013F008FBB4F86E30A0F844
:1048E00003300848F6F7C0FE13F043FB4379002B72
:1048F000CDD013F03EFB4079E6E70220E6E700BFAB
:1049000091570300C7570300F8B507460E4642F219
:1049100013000E2115461C4613F0E7FAB7F86E3067
:10492000A0F80560A0F80330BDF81830A0F80750D3
:10493000A0F80B30BDF81C30A0F80940A0F80D30ED
:10494000BDF82030A0F80F300648F6F78DFE13F0C2
:1049500010FB807820B113F00CFB807840F480507D
:10496000F8BD00BF09580300F8B507460D4642F2EE
:1049700019001C211C46164613F0B7FAB7F86E3022
:104980000F3020F80C3C2B6804F1100240F80A3C70
:104990006B6820F8026C40F8063C234653F8041B71
:1049A000934240F8041BF9D10648F6F75DFE13F078
:1049B000E0FA807820B113F0DCFA807840F480507F
:1049C000F8BD00BFB956030070B506460D4642F269
:1049D0007A000421144613F088FAA0F803604571A8
:1049E00084710648F6F740FE13F0C3FA407920B10F
:1049F00013F0BFFA407940F4805070BDC75D0300EA
:104A000010B50446022142F2300013F06EFAB4F8F9
:104A10006E30A0F803300F48F6F726FE13F0A9FA1F
:104A2000437963B913F0A5FAC088FEF77BFA044610
:104A300028B113F09EFA017A2046FEF783FB13F0AB
:104A400098FA407920B113F094FA407940F48050FC
:104A500010BD00BF21BA0100F8B507460E4642F26C
:104A60004100082115461C4613F03FFA9DF8183006
:104A70004771C3709DF81C3086710371A0F8075010
:104A8000A0F809400648F6F7EFFD13F072FA4079F6
:104A900020B113F06EFA407940F48050F8BD00BFA9
:104AA000D1B6010038B505460C4642F24200062157
:104AB00013F01BFA0023C57043718371C371037235
:104AC00004710648F6F7D0FD13F053FA407920B18F
:104AD00013F04FFA407940F4805038BD29B70100F7
:104AE0002DE9F041154606460F4642F236001921DF
:104AF0001C46DDF8248013F0F8F92B0AC371230A51
:104B000083729DF81830857103739DF81C304472D0
:104B100043739DF820302D0C240CC67087800572DD
:104B2000C4728373D8F80030C0F80F30B8F804307E
:104B30008676A0F813309DF8283043759DF92C3007
:104B400083759DF83030C375002303769DF83430AB
:104B500043769DF83830C3760648F6F785FD13F0A6
:104B600008FA407920B113F004FA407940F48050FB
:104B7000BDE8F081C9B7010038B505460C464FF6CF
:104B80001940052113F0B1F9C57044600648F6F7E5
:104B90006BFD13F0EEF9407920B113F0EAF940799A
:104BA00040F4805038BD00BF6554030038B5054659
:104BB0000C464FF61A40052113F097F9C570446072
:104BC0000648F6F751FD13F0D4F9407920B113F0FF
:104BD000D0F9407940F4805038BD00BF95540300AF
:104BE00070B50D4606460121DAB1FFF7C5FF044650
:104BF000A8B9072142F2350013F077F9C6702B6887
:104C00004360AB8803810848F6F72EFD13F0B1F935
:104C1000437923B113F0ADF9447944F4805420462C
:104C200070BDFFF7C3FFE2E7255603000A4610B543
:104C30000421044642F2370013F06CF90323037198
:104C40000023C470437183710648F6F70DFD13F01D
:104C500090F9407920B113F08CF9407940F48050FC
:104C600010BD00BF195503000A4610B504210446C3
:104C700042F2380013F04EF9032303710023C4708D
:104C8000437183710648F6F7EFFC13F072F940792F
:104C900020B113F06EF9407940F4805010BD00BF90
:104CA00065550300F8B506460F4642F23900062165
:104CB00014461D4613F019F901238471240A037167
:104CC000C7704671C47105720648F6F7CDFC13F043
:104CD00050F9407920B113F04CF9407940F48050FC
:104CE000F8BD00BFB1550300044B18780130C0B2C5
:104CF000012838BF01201870704700BFC826002067
:104D00000148FCF777BE00BF0D4D02002DE9F04FC2
:104D1000867987B00C3605900546805BC0F30B00A2
:104D2000FEF700F9044618B905A818F0F7FA4EE0A6
:104D300090F87230022BF7D1AB5B059AC3F30B01ED
:104D400003F44053B3F5805F9060A95342D1537987
:104D50006FF300035371836B002BE5D0042105A88A
:104D600004F1380618F0C1FB3046059918F0A4FB91
:104D7000A06B002301465A1CA9BBDBB2012B01D951
:104D800018F00BFCA06B18F035FB03281FD9D4F8E2
:104D90003890484699F8067018F02CFB0C3709EB50
:104DA000070539F80770A0F10408474522D9524F8A
:104DB000D4F838A007F1100957F804BB534642460F
:104DC00029462046D8474F4510D00028F4D007B0D8
:104DD000BDE8F08F383018F0A1FA059A537943F006
:104DE00001035371BAE713460968C4E70028EED1FE
:104DF00030469AE7A06B18F0FDFA04378742F7D3E4
:104E00006988A1F140033F2B0BD80421304618F0EC
:104E10006CFB2046A26B698815F09DF90023A36303
:104E2000D5E705290BD0062961D00429E0D1304609
:104E300018F05BFBA16BA06CFEF7BCF9EEE729460E
:104E4000204615F086F902460028D1D12B79122B85
:104E500006D0132B36D02046697915F052F9C7E7F2
:104E600094F87330022BF6D040F67A4029898B1FD4
:104E70009BB2834224D86A89931F9BB283421FD876
:104E800091421DD8AB89B3F5FA7F19D240F6764C22
:104E9000EF89A7F10A0080B2604511D8B4F86A0022
:104EA0000290B4F86800CDE900702046FFF72CFDB1
:104EB000021E18BF01222046697915F0A2F897E773
:104EC0000122F8E794F87330012B03D12046697969
:104ED00015F017F9A3681A048AD523F40043A360D8
:104EE0002B89012B84D12046FEF7CAFE80E720469D
:104EF000A16B15F0B0F991E744E703000C4B0146B4
:104F00001A789AB95B689B0710D490F97520013222
:104F100018BF012291F8523013F0400005D091F8EB
:104F2000600010F0400018BFD0B270470122F1E7D6
:104F3000D0260020024B586800F00200704700BFE6
:104F4000D0260020024B586800F00800704700BFD0
:104F5000D0260020014B1B68184700BFBC0B002067
:104F600008B512F0EFFA022817BF034B002058686B
:104F700000F0100008BD00BFD026002007B5024693
:104F80000846042802F0010113D9B1B903200C4BE3
:104F90005A6002F08003019302F04003009302F094
:104FA000200302F0040200F05FFB002003B05DF874
:104FB00004FB0029EBD00328E9D12120F6E700BF4C
:104FC000D026002038B50D490D480CF0ADF9044647
:104FD000054688B90B4B0C4A1A600C4A5A600C4AB9
:104FE0009A600C4ADA6000F091FB032104462846DF
:104FF000FFF7C4FF084B1D70204638BDEFBEADDE85
:10500000BEBAFECABC0B00205D56020043A60300D8
:10501000A9560200356E0200D026002038B504469D
:1050200003200CF053F90546D0B194F870300370AA
:1050300094F8753043702046FEF750F82A46A87061
:1050400040F20261074818F05AF8074B2046DB6827
:105050000121984794F97500BDE83840FBF7DEBBA5
:1050600038BD00BF50260020BC0B002070B505469F
:1050700008200E460CF02AF9044680B195F87030ED
:1050800000210370064B4660DB682846984722469D
:10509000BDE8704040F20161024818F030B870BDC0
:1050A000BC0B00205026002038B5054608200C46D1
:1050B0000CF00CF9024638B1C0E90054BDE83840A4
:1050C0000D21024818F01BB838BD00BF5026002043
:1050D00038B5054608200C460CF0F8F8024650B1E9
:1050E00095F8703040F20561037044600248BDE8F5
:1050F000384018F004B838BD5026002013B50446D7
:105100000191114612B301A904200CF01DF9019B75
:10511000104A2046B3FBF2F102FB113345F21802AC
:105120000021019301AB15F0EBF908200CF0CEF84B
:10513000024648B194F8703040F204610370019B5C
:105140004360054817F0DBFF02B010BD45F21802BE
:1051500001ABE8E740420F005026002010B504469E
:1051600001200CF0B3F8024648B194F8703040F2D8
:1051700003610370BDE81040014817F0C0BF10BDC7
:105180005026002038B5054608200C460CF09EF845
:10519000024650B195F8703040F2076103704460E8
:1051A0000248BDE8384017F0AABF38BD502600209D
:1051B000014B5B68184700BFBC0B002010B50F4CBB
:1051C0002368D3B10022D3F8A0001A7783F83D20DA
:1051D00083F85E200DF067FE20684421603018F0EF
:1051E0007EFB206821211D3018F079FB20682121E9
:1051F000BDE810403E3018F072BB10BDD82600202C
:1052000000F0C003402B07D1094B1B6873B100F0BD
:105210003F0053F820007047802B01D1054BF4E785
:10522000054A0648C02B08BF104670470348704720
:10523000E0260020DC26002045A70300295B0200B1
:105240002DE9F0438BB006AC88461546034626464A
:1052500000F11007224618685968083303C2BB42A0
:105260001446F7D11021304618F02BFB00230620FE
:105270000593F0F70DFD18F06EFB044648B3DFF818
:1052800080904FF4807115F038F84FF41051C0F849
:10529000109015F040F980231027638005AB284655
:1052A000029332463B464946CDE90087F3F706FEB6
:1052B0000546F0B93946404618F003FB39463046FA
:1052C00018F00DFB20460EF041F920460CF01CF8BA
:1052D0000BE06FF08C0140F20740FFF7E5FE102174
:1052E000304618F0FCFA6FF08C0528460BB0BDE88C
:1052F000F083014640F20740FFF7D6FEDEE700BF2D
:10530000004440042DE9F0439846002387B004464A
:1053100006200E461746CDE90433F0F7B9FC18F025
:105320001AFB054660B3DFF884904FF4805114F007
:10533000E4FF4FF41051C0F8109015F0ECF8802302
:1053400021466B801022284604AB0DF0A0FE0446D7
:1053500028BB05AB029310233246CDE900834946B2
:105360003B4604980DF0C4FF0446C0B904980DF004
:105370009AFD28460EF0EAF828460BF0C5FF0AE031
:105380006FF08C0140F20740FFF78EFE04980DF09D
:105390008AFD6FF08C04204607B0BDE8F0832146FB
:1053A00040F20740FFF780FEE0E700BF0002C003C5
:1053B00070B50E460446154692B020223046434949
:1053C00017F059FD68B920222846414917F053FDCE
:1053D00038B9404B1B681B7D002B63D040F2034063
:1053E0001BE0246C2022304604F1510117F043FDEC
:1053F00038B92022284604F1710117F03CFD00283D
:10540000ECD00620F0F744FC18F0A5FA044630B9B9
:1054100001461A20FFF748FE1A2012B070BD002383
:105420004FF48041009314F068FF2B4B44F21211AB
:10543000036115F070F84FF48073638004233046E5
:105440008DF8043006F120020DF1050350F8041B1D
:10545000904243F8041BF9D10DF10500202118F00A
:1054600030FA28460DF1250305F1200250F8041BFF
:10547000904243F8041BF9D120210DF1250018F0CA
:1054800020FA01A96B46412220460DF000FE01469C
:1054900050B920460EF05AF820460BF035FF009820
:1054A0000DF001FD0020B8E710F1870F03D040F2A6
:1054B0000740FFF7F9FD20460EF048F820460BF0B4
:1054C00023FF00980DF0EFFC88E700BF68E80300B9
:1054D00048E80300D8260020000002092DE9FF411A
:1054E000044606208846F0F7D3FB18F034FA054648
:1054F00048B901461A20FFF7D7FD6FF08C0420460B
:1055000004B0BDE8F0814FF4807114F0F6FE184B42
:105510004FF41051036114F0FEFF22466C468023C5
:1055200027466B8002F11003264610685168083246
:1055300003C69A423446F7D11021384618F0C1F913
:1055400043461022394628460DF0A1FD044620B1FD
:10555000014640F20740FFF7A7FD1021384618F03A
:10556000BEF928460DF0F2FF28460BF0CDFEC6E747
:1055700000444004FF282DE9F74318BF344C81460E
:1055800018BF44EA00244FF006000F46164608BF35
:10559000304CF0F77DFB18F0DEF98046002852D041
:1055A000014620460DF093FC054640460DF0CEFF27
:1055B00040460BF0A9FE15F1880F40D1B9F1FF0F5D
:1055C0003FD10620F0F764FB18F0C5F9044658B93E
:1055D00001461A20FFF768FD002005463C6006B131
:1055E000356003B0BDE8F08300231A4A0193436895
:1055F0008260DAB222B923F0FF0343F00103436073
:10560000204640F2011114F078FE134B4FF4105174
:10561000236114F080FF802301A9204663800DF0F0
:10562000D4FE014618B140F20740FFF73DFD204689
:105630000DF08CFF20460BF067FE019CCCE7002D9F
:10564000CAD02120CBE71A206FF08C05C7E700BF36
:10565000068004003700040000444004014B1B682E
:10566000187A7047D8260020003918BF0121003B66
:1056700018BF012310B50B4C003A246818BF012253
:10568000A3749DF808302070003B18BF0123E37419
:105690009DF80C302174003B18BF01236274237500
:1056A00010BD00BFD826002001280AD002280ED045
:1056B00098B90B4B1A68936943F00103002093617A
:1056C0007047074B1A68936943F00203F6E7044BEF
:1056D0001A68936943F00403F0E72120704700BF84
:1056E000D8260020024B034A00201A60704700BFF2
:1056F000E026002004E80300024B034A00201A6061
:10570000704700BFDC260020DCE7030010B5194C11
:10571000236833B9A42018F01EF9206038B91A2480
:1057200026E0FFF74BFDA421206818F0D8F80322EB
:105730004FF0FF31236810481A70D9600022102101
:105740001A77197283F83D200C4983F85E201A827B
:105750009A749A610BF0BCFA044648B9F3F762FCFC
:1057600030B122460549044817F0D5FC40F2074401
:10577000204610BDD8260020E426002071A4030096
:105780002DE9F04383680446590687B040F1B180A3
:1057900023F04003836014F078FE802802D0402874
:1057A00040F0AA8094F9758004F13409B8F1FF3F04
:1057B0001DD111F0C7FE022871D0636B04201A8836
:1057C0008DF808201A4632F8021B090A8DF80910D4
:1057D000D3F8023002A9CDF80A3053680A22CDF876
:1057E0000E30FAF7A9FFB0F1FF3F804657D0A56809
:1057F00015F4807553D10620F0F74AFA18F0ABF88B
:10580000074698B901461A20FFF74EFC204641F2A0
:105810000601FFF72BFC20460021FCF7D5F904F127
:10582000340007B0BDE8F04314F08CBE204614F0FD
:105830002CFE802828D1494D394645EA08252846BE
:105840000DF045FB064638460DF080FE16F1880F38
:105850001BD1434D394645EA082528460DF037FB54
:10586000064638460DF072FE38460BF04DFD96B9EF
:10587000606B2A4602A90A30FFF7E2FC70B31021E0
:1058800002A818F02CF8C1E72E46204614F0FDFDC2
:105890004028E9D1DDE7314640F20740B4E794F80B
:1058A0007430DA0702D4A368DB05AFD5002301A961
:1058B00004F118000193FFF711FE18B101980DF0E3
:1058C000F2FAA3E7606B019A02A90A30FFF7B8FC6D
:1058D000054601980DF0E7FA002DD0D1204602A927
:1058E000FCF772F902A8102117F0F9FF484614F0EE
:1058F00029FE07B0BDE8F083636B1A88002A85D1C2
:10590000882801D04B2881D10022013313F8011FD0
:1059100000297FF47BAF0132082AF7D1206C019176
:1059200000F5987001A9FFF7D9FD0028C6D1606B7A
:10593000019A02A90A30FFF783FC054601980DF091
:10594000B2FA002D9BD1204602A9FCF73DF902A82E
:10595000102117F0C4FF04F13400C8E705800400EB
:10596000038004002DE9F043804693B006200F46E3
:1059700016469946F0F78CF917F0EDFF054648B941
:1059800001461A20FFF790FB6FF08C04204613B0FD
:10599000BDE8F0834FF4804114F0AFFC5D4B47F25B
:1059A0001211036114F0B7FD4FF480736B805A4BF2
:1059B0001A68137F022B21D102F1600302F18001EA
:1059C00053F8040B8B4247F8040BF9D102F1A00104
:1059D00053F8040B8B4246F8040BF9D1D2F8A030EF
:1059E0002846C9F800300DF0B1FD28460BF08CFCBC
:1059F000B8F1000F40F086800024C7E79369DB0709
:105A00002DD5464B03F1200253F8041B934247F86F
:105A1000041BF9D1424B03F1200253F8041B9342BB
:105A200046F8041BF9D14B4620223E4928460DF08A
:105A30002EFB044628460DF089FD28460BF064FC39
:105A4000002CD5D0214640F20740FFF72DFBB8F1DE
:105A5000000F9BD00821404614F052FE96E74946BD
:105A600028460DF0B2FC044690B1014640F20740D2
:105A7000FFF71AFBB8F1000F03D00821404614F0DD
:105A80003FFE28460DF062FD28460BF03DFC7DE709
:105A90006B46412201A9D9F800000DF0C3FA044673
:105AA00028460DF053FD28460BF02EFC4CB1214644
:105AB00040F20740FFF7F8FAD9F800000DF0F3F9CB
:105AC000C5E73A460DF105030DF1250153F8040B26
:105AD0008B4242F8040BF9D132460DF1450153F8DF
:105AE000040B8B4242F8040BF9D101A8412117F0B5
:105AF000F6FE3846202117F0E4FE2021304617F04C
:105B0000E0FE75E7002245F21601404614F0E8FC7D
:105B100072E700BF00000209D826002054E7030006
:105B200075E7030088E8030045F20603994210B5C3
:105B300004463CD00DD840F2032399421AD045F2D6
:105B40000203994211D040F20123994212D0482019
:105B50002CE045F2170399423AD045F21A039942D4
:105B60001CD045F20C039942F1D10521204614F0D6
:105B7000C7FD1AE0174894F8701017F0A1FA94F8CE
:105B800073304FF4A041012B14BF80204020FFF759
:105B900037FB0022034620469847D8E7C02114F07F
:105BA00084FC07212046FFF761FA002010BD93799D
:105BB0001A44517C41F49051FFF758FA94F873302D
:105BC0002046012B14BF8021402114F06EFCECE72D
:105BD0000220EBE7E4260020B1F5A04F2DE9F341C8
:105BE0000546144600F03681A1F5A043DE1F042EC1
:105BF00000F237819279083B0C321444026C92F81F
:105C00005021032B05D8DFE813F047009400C500AE
:105C10002201D10740F1BC8005341022214693486F
:105C200017F029F9002800F09D8011F08BFC022864
:105C3000286C27D02246032190F95E01FAF716FD61
:105C40000026074611F07EFC022812D195F8733029
:105C5000012B0ED1234605F1180204F1100153F86F
:105C6000040B8B4242F8040BF9D1AB6843F4807308
:105C7000AB601021204617F032FE002E6DD00021BF
:105C800030462FE023461022032190F95E0111F0E7
:105C90005BFC00270646D5E712F0010778D011F02B
:105CA00051FC022821D02B6C062093F95E81EFF77E
:105CB000EFFF17F050FE064608B91A26DFE7014647
:105CC0006B4840EA08200DF002F9804630460DF09E
:105CD0003DFC30460BF018FBB8F1000F05D04146F3
:105CE00040F20740FFF7E0F938E0286C04F10508BE
:105CF00043460A22022190F95E0111F025FCD4F8F6
:105D000005300646AB62D4F80930EB62B4F80D30CA
:105D10002B860028B3D12A6C92F8503123EA07036E
:105D200082F85031284614F0A9FD002002B0BDE8E9
:105D3000F08192072CD511F005FC022804F105042E
:105D4000286C16D00621224690F95E01FAF78EFCE7
:105D500010210746204617F0C2FDCFB10821284682
:105D600014F0CEFC2846082114F0CAFC40F203408F
:105D7000DCE706212346102290F95E0111F0E4FBD6
:105D800006461021204617F0AAFD002E7FF477AFBB
:105D90000027C0E79307FBD511F0D4FB02281AD0E7
:105DA0002B6C062093F95E71EFF772FF17F0D3FDAD
:105DB0000646002881D001462E4840EA07200DF013
:105DC00086F8074630460DF0C1FB30460BF09CFAD2
:105DD0000FB1394684E7617989B90A46631D13F822
:105DE000010F60B90132062AF9D195F85210286CDA
:105DF00081F0080105F14C03C1F3C00106E0003950
:105E00004FF0060218BF0121286CA31D90F95E0116
:105E100011F09AFB2A6C0646D2F8583143F0400341
:105E2000C2F858316389D4F80600ADF804306379BC
:105E30000090002B0CBF4923722368468DF8063072
:105E400012F004F9002E7FF41AAF022763E702F084
:105E5000040760E714F078FA00222B6C83F85C21C9
:105E600060E702B0BDE8F041FFF75EBE38E803002E
:105E70000380040006800400F0B5B1F5A04F05468C
:105E80008DB008D045F21304A14244D00DB0BDE856
:105E9000F040FFF749BE0023046CCDE90833CDE99B
:105EA0000A3394F85D310DF1200C042B2CD11F4BDB
:105EB0001B6893F85E205AB1674603F13E024E33E9
:105EC0003E4610685168083203C69A423746F7D1F9
:105ED00004F58473069305F15303059305F15A0302
:105EE0000493237928460393637904F1C80202934B
:105EF000A37904F1F801CDE900C304F1B80314F06B
:105F000044FF00200DB0F0BD013B022B9CBFD4F834
:105F10002C310893DCE7016C01F5847114F030FA40
:105F20004A21284614F0C1FAEBE700BFD82600202A
:105F3000F0B545F20E06B142044613468DB00BD0C3
:105F400045F21303994260D0B1F5A04F77D114F018
:105F5000FBF900200DB0F0BD9979026C0C310B44B7
:105F6000591D02F58C72153351F8040B994242F811
:105F7000040BF9D1256C102205F58C7105F58470A0
:105F800016F079FF20B90B21204614F0B9FBE0E7A9
:105F90000023CDE90833CDE90A3395F85D310DF1E1
:105FA000200C042B2AD1284B1B6893F83D205AB1B2
:105FB000674603F11D022D333E46106851680832D2
:105FC00003C69A423746F7D105F5A073069304F14C
:105FD0005A03059304F153030493EB7A2046039389
:105FE0002B7B05F1B80202936B7B05F1F801CDE93B
:105FF00000C305F1C80314F0C8FEAAE7013B022B59
:106000009CBFD5F82C310893DEE7056C102205F50E
:10601000A07105F58C7016F02EFF0028B3D1D5F8CD
:1060200058314B219B0748BF94F87430204644BF39
:1060300043F0020384F8743014F037FA89E70DB0A6
:10604000BDE8F040FFF770BDD826002073B545F2DB
:106050001406B14204461AD045F21906B14221D0C5
:10606000B1F5A04F28D114F06FF9216C204601F54D
:106070009473019301F1B803009301F1110201F14E
:10608000C803513114F022FF002002B070BD036C30
:10609000D3F828210B4BB2FBF3F103FB1121FFF7DF
:1060A00017F8F1E713781BB90C2114F029FBEBE783
:1060B000492114F0FAF9E7E702B0BDE87040FFF7B4
:1060C00033BD00BF40420F002DE9F04F97B0154699
:1060D000DDE9209804AA06468C4692461C46524B9F
:1060E000229F03F1100B9646186859680833AEE8F2
:1060F00003005B457246F6D16B462022614650464E
:10610000FFF700F98346002871D1484B05F11002D2
:10611000089365238DF824300DF12503184655F8B2
:10612000041B954243F8041BF9D1102117F0C9FB59
:106130000DF13503184604F1100254F8041B944283
:1061400043F8041BF9D1102117F0BBFB99F8063076
:10615000062183F00803C3F3C0038DF84530D9F856
:1061600000300DF14600CDF84630B9F80430012476
:10617000ADF84A3017F0A5FB98F80630062183F0F9
:106180000803C3F3C0038DF84C30D8F800300DF18C
:106190004D00CDF84D30B8F80430ADF8513017F05F
:1061A00090FB002335228DF854306846239B08A9C4
:1061B0008DF85340FFF7A6F88346C0B91021239805
:1061C00017F07FFB3B463522684608A98DF8204032
:1061D000FFF798F8834650B9B27C0146C2F110022D
:1061E000384616F07FFE1021384617F06AFB102162
:1061F000684617F074FB352108A817F070FB1021D2
:10620000504617F06CFBBBF1000F06D0082130465A
:1062100014F076FA17B0BDE8F08F5A4645F2120135
:10622000304614F05DF9F5E796E703000062746C00
:1062300070B51E460423054696B014468DF81430FA
:1062400001F120020DF1150351F8040B914243F8BE
:10625000040BF9D120210DF1150017F032FB224675
:106260000DF1350304F1200152F8040B8A4243F882
:10627000040BF9D120210DF1350017F022FB04ABFE
:106280000293202301931A9B314600930E48412329
:1062900005AA0DF03AF80446412105A817F01FFBA6
:1062A00054B1214640F20740FEF7FEFE0821284681
:1062B00014F026FA16B070BD224645F215012846A4
:1062C00014F00EF9F6E700BF0000020945F20D03D5
:1062D0009942F7B5044627D00DD8B1F5A04F1DD08F
:1062E00045F20403994200F08F80204603B0BDE8D8
:1062F000F040FFF719BC45F21103994200F0A68067
:1063000045F215039942F0D1006C90F85D31052BF0
:1063100006D8DFE803F0503A423A555014F014F82A
:106320000027384603B0F0BD93790C331A44561D4C
:1063300002F125052A463146FFF73AF8074620B113
:106340000B21204614F0DCF9EBE73146236C1133C6
:1063500051F8042BA94243F8042BF9D1236C01F125
:106360002002313351F8040B914243F8040BF9D168
:10637000216C204601F1D8030093D1F8943001F14B
:1063800031021131FFF754FFCAE72046452114F0CE
:106390008CF82046FEF7E2FEC2E72046452114F0C5
:1063A00084F8364B20461B68D9684B1C5A425A4128
:1063B000FEF7A4FEB4E74621204614F076F8AFE7D6
:1063C0002E4B1B6893F85E5065B1002100F111025D
:1063D00000F5A07001900091204611463E3314F064
:1063E000DDF99DE71021C83014F0A2F800283DD057
:1063F0000821204614F084F9294640F20740FEF7B0
:1064000053FE40F207478CE79179036C0C310A4444
:10641000511DA833153251F8040B914243F8040B77
:10642000F9D1256C102205F1A80105F1980016F0AC
:1064300022FD20B90421204614F062F970E7D5F856
:10644000583143F00103C5F8583169E70B4B056C2F
:10645000196810224E3105F5A07016F00CFD0028C9
:10646000E8D1102105F1C80014F062F8216C204633
:10647000C83113F0A1FF47219EE700BFD8260020B6
:10648000F8B545F216039942044600F062810BD834
:10649000B1F5A04F0ED045F2030399420ED020462D
:1064A000BDE8F840FFF740BB45F217039942F6D12B
:1064B000022002E013F048FF0020F8BD9379056C3C
:1064C0000C33D618F379DF0708D4FEF733FD28B173
:1064D0000521204614F014F92120EEE79F4F327A6F
:1064E0003B681B7A9A4201D20621F2E7D6F80530C2
:1064F000C5F80B30B6F80930A5F80F300223AB729F
:1065000094F9523094F85210002BB2BF012381F05D
:106510000803C3F3C003AB7094F8603083F0080342
:10652000C3F3C0036B70337A102B28BF1023A374FE
:10653000F379D8072BD5AB79DA0728D5737A2A7A7D
:10654000134085F85131B37A6A7A134085F8503197
:1065500095F95E3101331ED0206C90F850319B07C5
:1065600019D481F00801062290F95E0104F14C0370
:10657000C1F3C00110F0E8FF68B140F21B412046B2
:10658000FEF774FDA3685907A6D50821A1E70023EB
:1065900085F85131DAE73B68F079597C00F0080260
:1065A00029B112B1AA79120703D4032191E7002A75
:1065B00079D0AA79110776D5D5F8581141F00401A0
:1065C000C5F85811B5F8501121F4807121F001017E
:1065D000A5F8501193F81CC0B179BCF1020F02D09C
:1065E00019B3022175E789B1012283F83D20DA7CD5
:1065F000B2B9042285F85D21A27C0F2A27D994F82C
:10660000742042F0080284F8742020E093F85E20A1
:10661000002AE6D0DA7C83F83D10002AE1D1E8E7D1
:1066200093F85E20002AE4D1DBE7024312F0040273
:106630003FD072794A49052A28BF0322187802EB15
:1066400082020A44125C85F85D21002AD4D1197CAB
:1066500095F85D2109B1002AA7D0206C042A00F525
:1066600098703AD103F11D022D3352F8041B9A425F
:1066700040F8041BF9D1D5F8583195F85D2103F0A5
:1066800004017ABB23F00203C5F85831E2740029F3
:106690005AD0216C204601F1940301F1710251316D
:1066A000FFF760F908E71A7F012A05D1B2791AB11C
:1066B000042285F85D21CAE7420703D4AA7912F0C3
:1066C0000402F6D072792749052A28BF03221878D8
:1066D00002EB82020A44125CEBE71022002116F062
:1066E00001FCC8E743F00203C5F8583149B901235A
:1066F000013AE374032A3FF6DFAEDFE802F0101838
:106700001025A37C0F2B89BF94F87430012343F02C
:10671000080384F8743088BF0223E374B9E7204685
:10672000452113F0C2FE2046FEF718FDC4E62046C0
:10673000452113F0BAFE3B682046D9684B1C5A42EB
:106740005A41FEF7DBFCB7E64321204613F0ADFECD
:10675000B2E613F069FE4221F7E700BFD826002019
:10676000A7E70300C0E70300F8B50446FEF7C6FB41
:10677000266C054628B394F975305F1C0BD086F85B
:106780005E31FEF7D7FB0721012013F0EDFD024635
:1067900018BB1A2111E02046FAF728F986F85E01A5
:1067A000236C93F95E310133EBD1FEF7C3FB90B15B
:1067B000A3685D0709D441F205212046FEF756FC87
:1067C00007E0FF2386F85E31EFE70521204613F04E
:1067D00097FF0020F8BD0025D5E732498679096882
:1067E0000C3691F800C0831983F801C091F81CE0C1
:1067F000281E18BF0120BEF1010F0DD183F802E061
:10680000D870487C00B3D87800071DD4A3685B0714
:10681000DBD441F20321D0E78F69BEF1020F07F00C
:1068200002070ED191F85EE0BEF1000F09D04FF0E3
:10683000010E83F802E0D870002FE2D140F008008A
:10684000DEE74FF0000EF4E7BCF1030F07D0096953
:1068500011F0FF1F1EBFD97841F00401D97094F8E0
:1068600074108F0708D5D978480705D4BCF1030FF9
:10687000CFD041F00401D970002D18BF032510219D
:106880005D7119719D71216C9059C1F80300988850
:10689000A1F807009B7920464B72062113F0D5FB27
:1068A000012097E7D8260020F0B545F20E06B14248
:1068B000044615468DB00ED045F21306B1425CD0A9
:1068C000B1F5A04F40F0BD8013F03EFD236CD3F82E
:1068D0005831190757D5236CD3F8582112070CD417
:1068E000AA7903F584730C3215446A1D153552F8E4
:1068F000041BAA4243F8041BF9D10023256CCDE9FF
:106900000833CDE90A3385F85C3195F85D310DF136
:10691000200C042B2AD14D4B1B6893F83D205AB113
:10692000674603F11D022D333E4610685168083258
:1069300003C69A423746F7D105F5A073069304F1D2
:106940005A03059304F1530304932B7905F1C8020C
:1069500003936B790293AB79CDE900C305F1B803DA
:10696000204605F1F80114F010FA0CE0013B022B6F
:106970009CBFD5F82C310893DEE7056C95F85C31A7
:1069800023B1012B54D000200DB0F0BD102205F52D
:10699000A07105F5847016F06EFA20B10B21204627
:1069A00013F0AEFEEFE7D5F858310DF1200C9B0740
:1069B00042BF94F8743043F0020384F8743001232A
:1069C00085F85C310023CDE90833CDE90A3395F829
:1069D0005D31042B25D11D4B1B6893F85E205AB105
:1069E000674603F13E024E333E4610685168083256
:1069F00003C69A423746F7D105F58C73069304F126
:106A00005303059304F15A030493EB7A05F1B8029A
:106A100003932B7B02936B7BCDE900C305F1C80385
:106A20009EE7013B022B9CBFD5F82C310893E3E78E
:106A300005F58C7113F0A4FC8821204613F035FD78
:106A4000A1E70DB0BDE8F040FFF76EB8D8260020F2
:106A500045F21403994213B504462BD00CD8B1F576
:106A6000A04F13D045F20E03994232D0204602B017
:106A7000BDE81040FFF758B845F219039942F5D127
:106A8000137813BB0C2113F03BFE10E013F05CFCF9
:106A9000216C204601F59473019301F1B803009332
:106AA00001F1510201F1C803113114F00FFA002075
:106AB00002B010BD036CD3F82821114BB2FBF3F1E7
:106AC00003FB1121FEF704FBF1E7872113F0EDFC36
:106AD000EDE79179036C0C310A44511D03F5847381
:106AE000153251F8040B914243F8040BF9D1226C92
:106AF000D2F8583143F00803C2F85831D7E700BF45
:106B000040420F0045F2100330B59942044685B06B
:106B100000F0A6800CD8B1F5A04F27D045F20503B0
:106B2000994228D0204605B0BDE83040FEF7FCBFB2
:106B300045F21103994200F0B08045F212039942E8
:106B4000F0D1016C91F85D3113B1043B012B03D8F6
:106B50002046B83113F030FC236C93F85D31042BE0
:106B600040F2DF80052B03D1862192E013F0ECFB8D
:106B7000002005B030BD9179036C0C310A44511DE1
:106B8000C833153251F8040B914243F8040BF9D184
:106B9000206CD0F8583113F0040354D090F85D31D4
:106BA000042B22D1604B1B6893F85E5065B1002125
:106BB00000F111020091114600F5A07001903E33E2
:106BC000204613F0EBFDD3E71021B83013F0B0FCF2
:106BD00058B10821204613F093FD40F207402946A2
:106BE000FEF762FA40F20740C3E7216C91F85D318D
:106BF00001F1C80213B1043B012B12D801F1F803D3
:106C0000039301F59873029304F15A03019304F17D
:106C10005303009301F1B8032046D831FFF754FA2B
:106C2000A6E701F5A073019391F85C01D1F82C312E
:106C3000C34003F0010343F080030093134601F1C6
:106C400051021131BCE780F85C3100F1C8020093B9
:106C500000F5987100F5A073204614F0ABF987E7B2
:106C6000056C102205F1980105F5A07016F003F9E6
:106C700020B10421204613F043FD79E78821D5F89F
:106C800058319B0742BF94F8743043F0020384F8F4
:106C90007430204613F009FC6AE7056C95F85D3105
:106CA00005F5A070042B1ED11F4B102219684E3120
:106CB00016F0E1F80028DCD1102105F1B80013F03E
:106CC00037FC216C01F1F803039301F598730293EB
:106CD00004F15A03019304F15303009301F1C80234
:106CE00001F1B80398E70146102205F1980016F06B
:106CF000C2F80028BDD105F1B801204613F05CFBB5
:106D0000216C91F85C310133DBB2142B81F85C31DA
:106D1000D8D0D1F8583123F00103C1F8583184217B
:106D2000B7E78721B5E700BFD826002045F2150355
:106D30009942F7B5044651D00CD8B1F5A04F19D0FF
:106D400045F20D0399421BD0204603B0BDE8F04048
:106D5000FEF7EABE45F216039942F5D1016C01F146
:106D6000D8030093D1F8943001F131021131FFF7CB
:106D70005FFA01E013F0E8FA0027384603B0F0BDEF
:106D800093790C331A44551D02F1250632462946E3
:106D9000FEF70EFB074620B10B21204613F0B0FC96
:106DA000EBE72946236C113351F8042BB14243F829
:106DB000042BF9D1236C01F12002313351F8040B7B
:106DC000914243F8040BF9D1216C204601F1940360
:106DD00001F171025131FEF7C5FDCDE713F024FB3F
:106DE000236C93F85D31052BC6D8DFE803F0190357
:106DF00011111E192046822113F057FB0C4B20461F
:106E00001B68D9684B1C5A425A41FEF777F9B3E721
:106E10002046822113F049FB2046FEF79FF9ABE79D
:106E20008321204613F041FBA6E78521F9E700BF47
:106E3000D8260020204B10B51B6804469B6913F030
:106E4000040310D141B180F8773090F87010BDE89C
:106E500010401A4816F034B990F87330012B03D162
:106E60008368580705D410BD022B02D183685907E7
:106E7000F9D494F9772094F87730002AF3DBB3B98A
:106E8000012384F8773094F877305B08EBD04FF427
:106E90007A7294F8701053430848002209F0FCFEFF
:106EA00094F8773063F07F0384F87730DBE75A0695
:106EB000E9D45B00E5E700BFD8260020E4260020E7
:106EC00045F21E0330B599420446154689B010D8E4
:106ED00045F21603994213D845F20103994200F096
:106EE000AF8145F20C03994222D0B1F5A04F00F0DA
:106EF000AD812A46204609B0BDE83040FEF714BEF9
:106F0000A1F5A043173B072BF3D801A252F823F0B9
:106F1000F96F0200F36E0200F36E0200F36E0200DE
:106F2000FD710200F36E0200D1710200E36F0200F6
:106F300090F97730002B02DB8268530707D5204693
:106F4000092113F0DDFB41F2092009B030BDAB7916
:106F50002B449D4D5B7C2D6803F008016D7CD5B101
:106F600021B9032113F0CCFB2120EEE713F0040F2D
:106F700003F0010308D042F00802826093B9A368CD
:106F800043F02003A36013E0002BF8D0836843F0A4
:106F900010038360F3E7580744BF42F00802A26081
:106FA000DB0703D5A36843F01003A3600029E6D1F3
:106FB000A368224643F00403A3608449204609F0F5
:106FC00087FE0221204611F0FBF947F230530022E0
:106FD00045F21A01204609F05FFEA3689D0540F1C5
:106FE0008980A368580740F1858094F8700009B043
:106FF000BDE8304013F0C3B890F87430D9074DD5D0
:1070000090F97530013342D094F9131001291DDC39
:10701000A26893060DD56C4B15071B6801D4187C2C
:1070200038B1187F10B91878032802D09B699807E7
:1070300034D501290AD0644B11071B6801D41A7C8E
:1070400022B11A7F52BB1B78032B27D10023CDE935
:107050000433CDE9063310F075FA022801AB35D1BF
:10706000A06AE16A228E03C31A8094F97500BDF804
:107070000450421C37D010F0ADFA002833D120461E
:1070800041F20601FDF7F2FF41F206005DE7836879
:10709000DA0616D4FDF74EFF0028B5D04A4B1B6820
:1070A000197F022932D1DA7C82B393F85E306BBB50
:1070B000A3685B0720D5204613F022FB41F2022093
:1070C00043E7FDF71BFF0028E4D0E7E70A2202218F
:1070D00094F9750010F066FA0028C6D1CDE90100D8
:1070E000ADF80C00C1E72A46204604AB0DF10601BD
:1070F000FDF73AFC002028E7204641F20221FDF787
:10710000B5FF01212046FFF795FED7E7204613F093
:10711000FAF8A56860B96D0705D50821204613F077
:10712000EFFA1A2011E71A212046FDF79FFFF8E732
:1071300015F0040508D0FDF705FFC8B1204694F905
:107140007510FEF71FF8D5E722462049204609F0C2
:10715000BFFD0221204611F033F947F230532A4691
:1071600045F21A01204609F097FDA3685807E2D4BA
:1071700094F97530591C15D048F2080040EA0320F4
:1071800080B2F9F7DFF9052194F9750010F0C7F91D
:10719000032194F9750010F0C2F9062194F97500E5
:1071A00010F0BDF9226C2046D2F8583143F020038C
:1071B000C2F85831FFF7D8FA00289BD04121204669
:1071C00013F073F996E700BFD826002001A503004D
:1071D000FDF7B8FE00285BD0236C002B58D0A268C6
:1071E000520755D5D3F85831980651D42B78002B37
:1071F000BED10521204613F083FA7BE790F8743066
:10720000D90706D4402113F050F929462046FDF74E
:107210002DFFA3685A077FF56DAF204645F21A018E
:1072200015F04EFF204622461A4915F074FFA36858
:10723000022123F03C032046A360FBF7D1FE59E76F
:1072400002461449144809F043FD53E745F21A0178
:1072500015F036FFA36823F03E03A360236C2BB127
:1072600093F95E01431C01D0F9F7E2FA2246204669
:10727000084915F050FF22460649074815F04BFF14
:1072800020460221FBF7ACFE204613F099F931E7C6
:1072900002205AE601A503005026002045F21E03F5
:1072A00099422DE9F3410446154611D845F21603DB
:1072B000994214D845F20103994200F0288345F21F
:1072C0000203994200F09880B1F5A04F00F02583A9
:1072D0002A46204602B0BDE8F041FEF725BCA1F5E4
:1072E000A043173B072BF3D801A252F823F000BFAD
:1072F00011730200D1720200D1720200D172020039
:10730000CB780200D1720200B57402008F740200C3
:10731000994E33681A7F022A11D1DA7C7AB193F838
:107320005E3063B941F20221FDF7A0FE2046012143
:10733000FFF780FD41F2022002B0BDE8F081A368B2
:107340005D0701D50220F7E72046FDF7D7FD33683A
:10735000051E1A7818BF0125032A07D019696AB2D9
:1073600011F0FF1F24D042F0040503E094F87420CC
:10737000900725D49A6992071FD41A7F012A1CD03E
:1073800045F0080502210B2012F0EEFF0246E0B1A5
:107390008379062103445D7394F9753020460133E7
:1073A00002BFA36843F00203A36012F04EFE0CE09C
:1073B00094F874108907D6D4DCE75B7C002BE1D00D
:1073C00041F203212046FDF751FEA368224643F017
:1073D0000403A3606949204609F07AFC0221204693
:1073E00010F0EEFF47F23053002245F21A0120461A
:1073F00009F052FC00209FE783685F0703D490F9EF
:107400007730002B05DB236C53B1D3F85831DE06FF
:1074100006D52046092113F073F941F209208BE7C4
:10742000204612F070FF28B90821204613F068F9B1
:10743000212081E7206CD0F8583143F01003C0F8C8
:107440005831AB790C332B445A68C0F803201A89A1
:10745000A0F8072001229B7A4372236CDA70A2689D
:1074600012F0040610D122464449204609F030FCAF
:107470000221204610F0A4FF47F23053324645F275
:107480001A01204609F008FCA3689805B2D5236CC0
:10749000002BAFD0D3F85831D906ABD594F975305D
:1074A000013320D094F87430DA071CD5A36843F078
:1074B0000203A360236C002B3FF444AFD3F8583190
:1074C000DA067FF53FAF9F063FF53CAFFDF73AFD8B
:1074D00020B3A3689E0721D42B78FBB90521204651
:1074E00013F00EF986E7FDF72DFD94F9751040B104
:1074F0004B1C02D1A3689F07DCD42046FDF742FE57
:1075000078E74E1CD6D094F87430D807D2D4084609
:1075100010F060F80028CDD0052186E794F9753089
:10752000581C15D048F2080040EA032080B2F9F751
:1075300009F8052194F975000FF0F1FF032194F982
:1075400075000FF0ECFF062194F975000FF0E7FFCE
:10755000A368256C23F00203A360D5F85831064FC9
:1075600043F02003C5F858313B68EA791B7A93420F
:1075700006D9062159E700BFD826002001A503003F
:1075800094F9521094F852300029B2BF012383F0CD
:107590000803C3F3C003102A28BF10226B7094F8AD
:1075A0006030204683F00803C3F3C003AB70A274BD
:1075B000AE79FDF7A3FC002836D0F10734D594F955
:1075C0007530D4F840805A1C24D088F85E3106F01B
:1075D0000D063B689A69900704D41A7F012A01D0EE
:1075E000310701D406F0F7061A78032A1FD01B6969
:1075F00013F0FF1F01D046F0040694F874309A0788
:107600001BD5730719D40321204613F079F840F2F3
:10761000034091E62046F9F7E9F988F85E01236C0A
:1076200093F95E310133D2D106F00C06D1E71B7F0E
:10763000002BE2D106F0FB06DFE70721022012F063
:1076400093FE01900028E2D090F806C03A680CF151
:107650000C0C137800EB0C014B70137F012B06D040
:10766000022B45D192F85E30003B18BF01238B708E
:107670001023CE7016F0010608BF32460B711FBFF3
:107680002B7A6A7A03F003034B71236C14BF02F068
:1076900003024E718A7183F851214A7983F850218F
:1076A00050F80C20C3F80A208A88DA818A791A7483
:1076B00006B3206C90F8501111F002061AD194F81C
:1076C0005210062281F0080190F95E0104F14C038A
:1076D000C1F3C0010FF038FF60B13146FDF7E4FCA3
:1076E0002046082113F00CF801A815F017FE8EE7CC
:1076F0000023BCE7019E002E89D0FDF71BFC95F806
:1077000006C078B11CF0010F04D0236C93F95E31F0
:10771000013307D10521204612F0F2FF304609F06F
:1077200065FC85E63B680CF00802597C29B112B172
:107730006A7B100703D40321EDE7002A75D06A7B2A
:10774000110772D5D5F8581141F00401C5F8581148
:10775000B5F8501121F4807121F00101A5F8501104
:10776000187F697902280BD071B942EA0C0212F035
:10777000040248D185F85D211B7C002BDBD10DE094
:1077800021B993F85E209ABB0221C4E7012283F855
:107790003D20DA7C92BB042385F85D313246062118
:1077A000204612F052FC95F85D31206C042B52D12A
:1077B0003B6800F5987003F11D022D3352F8041B4D
:1077C0009A4240F8041BF9D1D5F8583195F85D215B
:1077D00003F00401002A45D123F00203C5F8583113
:1077E000E27400294AD08121204612F05EFE01E6B3
:1077F00083F83D10DB7C002BC6D1CCE793F85E30DC
:10780000002BC8D1C0E72A791978052A28BF03229E
:10781000514801EB810101448A5C85F85D211B7CA4
:10782000002BBBD0002AB9D185E71A7F012A02D1EB
:107830006A79002AAFD11CF0040F03D16A7B12F0E1
:10784000040297D02A791978052A28BF03224348D1
:1078500001EB8101DFE71022002100F5987015F09F
:1078600041FBB1E743F00203C5F8583141B90123A8
:10787000032AE37412D9042A7FF4BCAD8421B3E750
:10788000A37C0F2B89BF94F87430012343F00803C5
:1078900084F8743088BF0223E374A4E7012A07D078
:1078A0002046822112F001FE2046FDF757FCA1E59B
:1078B0002046822112F0F9FD3B68D968481C4242FB
:1078C00042412046FDF71AFC94E590F87430D90740
:1078D00006D4402112F0E9FD29462046FDF7C6FBFB
:1078E000A3685A077FF586AD45F21A01204615F0C8
:1078F000E7FB224620461A4915F00DFCA36823F049
:107900000403A36002212046FBF76AFB72E50246EE
:107910001349144809F0DCF96CE545F21A0115F039
:10792000CFFBA36823F03E03A360236C2BB193F934
:107930005E01431C01D0F8F77BFF22462046084930
:1079400015F0E9FB22460649064815F0E4FB2046FF
:1079500012F036FED6E700BFA7E70300C0E703003A
:1079600001A5030050260020184640F20A4322F0E9
:1079700000429A422DE9F04120D8B2F5806F01D83B
:1079800000203EE06FF480642244092AF8D801A365
:1079900053F822F0DB790200E7790200077A02004F
:1079A000557A0200297A0200717A0200937A020065
:1079B0009B7A020081790200B37A02006FF4A06121
:1079C0005318042BDCD8A2F20252032A79D8DFE83C
:1079D00012F08A009200B700CB0005784488644812
:1079E00010F079FC3EE005784468826900F10803F4
:1079F0000021604810F080FC10B10571C0F805400E
:107A00000120BDE8F081067845880479826900F19B
:107A100008030021584810F06FFC0028F0D00671D0
:107A2000A0F80550C471EBE704790778A4F11B03B3
:107A3000594259414688C58800F1080289004F48DB
:107A400010F07FFC0028DBD00771A0F80560C4713E
:107A50000581D5E7057844884269031D002148481F
:107A600010F04AFC0028CBD00571A0F80540C7E70C
:107A700006784588848800F108020021414810F00A
:107A800060FC0028BCD00671A0F80550A0F80740A3
:107A9000B6E7057844683C48A2E704783A4810F015
:107AA0001AFC0028ACD007234371002304718371B2
:107AB000A6E70478354810F00EFC0028A0D0047129
:107AC0009EE7077846880579C48800F108020021FE
:107AD0002F4810F036FC002892D00771A0F80560FE
:107AE000C57104818CE7077846880579C4882948E0
:107AF00010F0F1FBEFE787684588047906787FB1DD
:107B0000C78800F108020021234810F01AFC002861
:107B10003FF476AF0671A0F80550C47107816FE796
:107B20003B463A4639461C4810F0E6FB00283FF435
:107B300067AF0671A0F80550C471077247725FE71E
:107B400090F8008047880679C5880489134810F0AA
:107B5000C2FB00283FF454AF80F80480A0F8057001
:107B6000C671058144814BE7057844680C4837E7C6
:107B7000D8E80300D4E80300D0E80300C8E8030015
:107B8000CCE80300C4E80300C0E80300A8E8030051
:107B9000BCE80300B8E80300B4E80300B0E8030061
:107BA000ACE80300004870476979020030B504462C
:107BB00085B00846039113F06BFF830708D410F0DB
:107BC000010003D003A815F0A9FB012005B030BDCA
:107BD00003998B7903F10C0288188A5C013A1C2AFC
:107BE00000F2E880DFE802F00FE689E68CE695E631
:107BF0009CE6A4E6ACE6B3E6BAE6C2E6E6E6C4E690
:107C0000D2E6D4E6DD0003790BB103F58853427860
:107C1000023A162AD6D801A151F822F0797C020046
:107C2000C57B0200837C0200C57B02008F7C0200C2
:107C3000C57B02009B7C0200C57B0200A77C020082
:107C4000C57B0200BF7C0200C57B0200B37C020042
:107C5000C57B0200CB7C0200C57B0200D77C020002
:107C6000C57B0200C57B0200C57B0200E17C0200EF
:107C7000C57B0200F17C020017212046FCF758FD6D
:107C8000A0E700222046114611F077FD9AE71A4638
:107C90000021204611F01EFE94E7002220461146E6
:107CA00011F089FF8EE700222046114611F071FE87
:107CB00088E71A460021204611F05EFF82E71A4647
:107CC0000021204611F03BFF7CE7002220461146B0
:107CD00012F064F876E71946204612F0C8F871E70A
:107CE0000093002320461A46194612F0CAF869E7A5
:107CF0001946204612F017F964E7B0F80110BCE706
:107D000002338B710A4600234178204611F035FD7D
:107D10005BE70133002220468B7111F0DBFD54E755
:107D200002338B7142780023204611F044FF4CE768
:107D300001338B71002320461A4611F02AFE44E7D6
:107D40000133002220468B7111F0F9FE3DE701332B
:107D5000002220468B7111F00FFF36E702338B7142
:107D600042780023204612F019F82EE70021B3E7ED
:107D700005338B710023B0F80320B0F801000093A5
:107D80000B460146204612F07CF81EE70021B0E7C2
:107D900003338B710A46B0F80110204612F0E2F866
:107DA00013E703338B710A46B0F80110204612F036
:107DB000E2F80AE7002009E72DE9F04F144687B002
:107DC0009B46C36B06460D465B69012202A96068AB
:107DD0009847F36B012203A95B692846984702A8DC
:107DE00014F060FA074648B10023A37563754FF09D
:107DF000FF33A360002007B0BDE8F08F03A814F0A4
:107E00005EFA0123A375237E04EBC303DD611F84A7
:107E10006368AB420ED1206003A814F072FA4FF0F1
:107E2000FF332075A360237D043B022B25D800235C
:107E3000A375DFE723681A1A03A853425341A375B9
:107E400014F05FFA237D834203A818BFA77514F0CE
:107E50003AFA074602A814F036FA874203A81CBF74
:107E60000023A37514F037FA074602A814F033FA7A
:107E700087421CBF0023A375D5E703A814F023FA9B
:107E800080B1F36B022204A928465B69984704A8D5
:107E900014F028FA0346207D032839D8DFE800F0E3
:107EA0003838040903A8F3E7237ECC2204EBC3038C
:107EB0001A8401F0C9FA109B187003A8277E14F0E9
:107EC000F6F904EBC70787F8220003A8237E04EB2A
:107ED000C303B3F8209093F8227014F0F4F98046AD
:107EE00003A814F0F8F98246B8F1000F15D0F36B2F
:107EF000022204A928465B69984704A814F0B7F940
:107F00006075637D6BB90023A3754FF0000838E0FE
:107F1000227E04EBC2021384CBE703A814F092F98B
:107F2000EEE794F81680B8F1000FEED0B9F1000F2B
:107F300009D1DFB10123627EE375002A44D19F425B
:107F400018D1677614E0736C05EB0A02594285EA92
:107F5000020008421CBF0021A175591E0A409B1A4D
:107F60009945D0D8A37D002BE3D1CEE7E37D43B97B
:107F70004FF000084B4652462946304613F00EFF9C
:107F8000A060A27D12B123694B4423611349237E73
:107F9000097899421ED901332376BBF1000F1BD01B
:107FA000D2B1E37DC3B1B8F1000F15D1032F13D0C7
:107FB000A1684B1C10D0109B224630460093012331
:107FC000FFF7FAFEA07507E0012FDAD0032F08BFF4
:107FD000A376CDE70023A375A07D0CE7F8E00300AE
:107FE0002DE9F04F0E468BB09846002304464FF023
:107FF000FF31104617468DF8133001F00FFAB6F531
:10800000801F3BD3B21C53D1E56A6B1C57D1616A08
:10801000204613F009FE0546B31CDFF8189118BF7F
:1080200001230193636A05A9626C4FF0000B029370
:10803000236802FB053AE36B05225B6950469847CB
:1080400005A814F0E8F914F00BFA504614F013FAEE
:10805000824601464B1C05D0636C81EA0A025B42F2
:10806000134232D02946204613F0DEFD029BAB427C
:108070004DD0BBF1000F4DD10546D3E7314605AADF
:1080800004F1080014F0C4F80146481C10D038462A
:1080900001F0C4F90DF1130301223946204613F013
:1080A000F9FE28B19DF8133088F80030002003E075
:1080B000237C002BA8D11D480BB0BDE8F08F2368AE
:1080C000ED1A636CB5FBF3F5A6E7484601F0A6F997
:1080D0000DF11303019A4946204613F0DBFE0346D7
:1080E00090B1B21C03D0D9F80020B2420CD19DF857
:1080F00013204946039338460D4B88F800201A6830
:1081000014F0C9FE039B9B46D9F80810A2E7BBF107
:10811000000FD0D0B6F5801FC8D298F80030314695
:108120007A6804F1080001F0BDF8BFE70BE000F049
:10813000FCE00300841D00202DE9F3410E460446B7
:1081400017469846816A194DE36A8B422AD04B1C28
:1081500018E0284601F062F90DF1070301222946D3
:10816000204613F097FE30B143469DF8072029467C
:108170002046B847B0B1A9684A1C05D0012E0AD0E4
:10818000E36A9942E5D10DE06968204613F0D9FD14
:10819000012E0146D8D16B6881EA0302636C5B4211
:1081A0001A42D1D002B0BDE8F08100BFB01D00205E
:1081B0002DE9F041036B9046826B90B007680E4644
:1081C0009A42426C01A9044688BF8363436A02FB5A
:1081D0000377C36B05225B693846984701A814F002
:1081E0001AF901280146307056D0656C06A9E26B79
:1081F0002368606AD2F814C0052205FB0030002510
:10820000E04706A814F007F9012823D001218DF8D2
:1082100034800E958DF83C10D4E90A32CDE90B4537
:1082200093422AD11946204613F08BFD236B626CD2
:108230001433E0629B1A23630C9B53B99DF83C30C6
:108240003BB1626A616C2368E06B01FB023114F0A0
:108250009AF80C9DE36B052201A938465B699847A3
:1082600001A814F0D8F83070236B2846A26B9A420C
:1082700088BFA36310B0BDE8F081237C33B90BAA9B
:108280001C4904F1080001F05DF8D5E70BAB1A4A70
:108290002046FFF751FFCFE7237C23BB2246174937
:1082A00004F1080001F04EF8616A204613F0DDFC8D
:1082B000616A421C204613F0A6FC054620B9236BD8
:1082C000626C1344143B2363A16A204613F039FD0A
:1082D0002368A062C01A636CB0FBF3F060622046B2
:1082E00013F073FDB6E70023054A2046FFF724FF8D
:1082F000DAE700BFE58A0200618A02001DBF0300C1
:10830000B9BE030073B50D46D11E1C461B7E4A4202
:108310004A419A4226D129682368994222D3636848
:1083200099421FD8114E0DF107033246FFF758FE50
:10833000C0B972686B689A4214D19DF80730DA1E92
:1083400053425341227E93420CD1636901336361EE
:10835000D4E90323934205D22968A26842F8231086
:1083600001332361012002B070BD00BF581D002001
:108370002DE9F04F8BB09A46DFF854B180469DF856
:1083800050300D4616460293DBF810305345C0F0CE
:108390009880DBF80430D1460193B9F1000F00F06A
:1083A0008C80D8F83C30012207A901985B69984776
:1083B00007A813F084FFDBF80030984240F0848077
:1083C00007A813F088FF0428074614D107A813F064
:1083D00089FF019B029A04463B44002A3ED1864213
:1083E00012D9361A14460199404613F0AAFCA9EB9B
:1083F00004090190D1E7D8F83C30022208A901987D
:108400005B69984708A8E2E7841B9F19544528BF79
:108410005446032CAAEB040A4FEA94021CD9D8F85C
:108420003C302946384604F003065B69984724F03F
:1084300003031F441D44002ED5D0D8F83C30012240
:1084400008A938465B6998473246284608A935444A
:1084500014F021FD0026C6E72646ECE700F00302F3
:108460000344074603922A1805930492049BDD1BDC
:10847000059BD81B039B9F420FD1002FB3D0D8F888
:108480003C30012208A95B6998473A4608A928466A
:1084900014F0F1FC78B93D44A5E7D8F83C3001224E
:1084A00008A95B699847042208A9284614F0E3FC50
:1084B00008B9043FDAE7DFF81C9048460BB0BDE886
:1084C000F08FDFF81490F8E7DFF81090F5E700BFC1
:1084D0002C1D002012E000F011E000F022E000F07E
:1084E0002DE9F0410F4688B016469846044660B321
:1084F00090F83450FDB1012113F05BFB0E9B00217D
:10850000CDF804800496CDE902379DF83C308DF813
:108510001C30237CCDE905118BB901AA0C4904F16B
:10852000080000F00FFFE06BDDE90553002E08BFE7
:108530001D4613F001FD284608B0BDE8F08101ABEF
:10854000044A2046FFF7F8FDEDE70546F3E700BFD4
:10855000E7BE0300058302002DE9F04F99B00F46F6
:10856000044609920A69416C0E93D31D1439B3FB7A
:10857000F1F3013302EBC302036B9342C0F00F82AD
:108580000023DFF824940D93E36A484619460793C5
:1085900000F044FFD7E9033604930E9B022B4ED123
:1085A000CC2E40F08C81099B002B42D039462046CE
:1085B00013F020FD656C079A6B1E14901340ED1AA2
:1085C000E36B012216A978685B69984716A813F037
:1085D0007AFE00280CBF04230823782E06933FD987
:1085E000012300254FF0080A05933B6805990E9872
:1085F000C9F80030C9F8106013F087FE4FEA9A03FB
:10860000DDF81CB089F81400109300230B930F932E
:1086100008930C93616C4A1E0BEA02028B1A002E1F
:108620003AD05544AB4242D8236B5B1A13442363C0
:10863000ADE0049B1B68149308230693D0E7656C98
:10864000782E079A05F1FF3303EA0203A5EB030531
:1086500016D8FB7D7BB9099B002BB1D1042306936F
:10866000331DAB4210D9A6B1082DB9D8042500237B
:10867000AA460593B9E7099B002BA1D10823EEE791
:10868000099B002B9CD1D7E7002505954FF0040AE4
:10869000ABE704250596F9E75345C5D30BEB0A0371
:1086A000B0460393089B002B18BF032313E0A3EBF2
:1086B0000A03B0460BEB0A029E42039228BF98467B
:1086C0009E42EFD9D9F810200123964289F817303D
:1086D00071D1C9F804B0089399F81730002B6CD009
:1086E00099F818200899D31C013209EBC30389F8C3
:1086F0001820C3F804B0A3F808809972B8F1000FED
:1087000014D00E9B022B5BD10B9B7BB90F9B434478
:10871000032B0BD9E36B012214A903989B6998479B
:108720000546002840F03D8101230B93089B16A8C5
:108730000193059B0093434699F81420396800F093
:1087400023FEE36B109A16A99B6958469847051EAD
:108750000D9B18BF5B4652460D9359464346204633
:1087600013F01CFB236B08F10302C9F80800A3EB0C
:108770000A0322F003029B1A2363002D40F01181AB
:108780000F9BA6EB0806DDF80CB043440F93594647
:10879000204613F0D6FA00258346002E7FF43AAF28
:1087A000814A04F10800396893685268E3620E9BBD
:1087B00000F078FDDEE002238DE7C9F804B09DE704
:1087C000099B002B30D1049BB8F1030F43440A935B
:1087D00027D9E36B4FEA98029B69DDE903019847CB
:1087E0000546002865D118F003025FD028F0030584
:1087F000049B2B440493039B1D444FF0FF330499C7
:1088000015A8159314F047FBE36B2846012215A920
:108810009B6998470A9B05460493002D86D0039BCD
:1088200099E7039D4246E8E7039B0A9307F120037B
:108830001193FB7D78689BB13D7E00230C9AD9B2E1
:108840008D4211D9119903F1010C31F83310914285
:1088500026D907EBC3030699D8690A44104403E0FC
:108860000C9B069A13441844E36B012215A95B691B
:108870009847159B012213A913930C9B0A98043364
:108880000C93E36B9B699847039B0A9A0546434404
:108890009B1A042B07D978B9134604330A93C8E707
:1088A000521A6346CBE70A9B0393B6E70A9B0493ED
:1088B0003CE70A9B0493B2E70A9B0393AFE73B4E66
:1088C00004F1080303932368079A606CA2EB030A80
:1088D000BAFBF0FA00FB0A3013F0CDFDE16A8046E6
:1088E000204613F02EFAA26A82424AD0626CD9F86E
:1088F0000830511E2568E0620B40216B891A0B4439
:1089000023630D9B5D1BB5FBF2F5AA4536D1079B92
:10891000B3EB080A12D0E36B4FEA9A0241469B6917
:108920009847E36A079A834653440398DA46E3621A
:10893000236B9B1A4344236313F03BFC2368616C55
:10894000E06B01FB053113F00BFD204613F03CF901
:10895000204613F03AFA2063BAF1000F11D03A69B9
:10896000616CD31D1439B3FBF1F3013302EBC30285
:108970009042A8D2304619B0BDE8F08F4FF0000AFF
:10898000DCE73A69616CD31D1439B3FBF1F30133B1
:1089900002EBC302236B9342BFF4F6ADEAE7044E49
:1089A000E8E72E468CE700BF841D002023E000F09E
:1089B00006E000F02DE9F3471E4643690446884669
:1089C000B34217469DF828903DD300258DF80750F7
:1089D000D4F830A0204613F0C3F882450AD2236AA7
:1089E000B5EB430F06D200220DF107012046FFF739
:1089F000DFFB30B39DF80730012B05D100220DF1CC
:108A000007012046FFF7D4FBB9F1030F06D0256B11
:108A10003146204613F08FF8854218D30D4D4FF0A4
:108A2000FF31284600F0FAFC4B460022294620463A
:108A3000C5F80080C5E9037602B0BDE8F047FFF74E
:108A40008BBD0135C4E7044802B0BDE8F087034898
:108A5000FAE700BF581D00200FE000F006E000F02C
:108A6000032A2DE9F34106460D4617461C4606D15A
:108A7000237A012B23D0012002B0BDE8F081DFF87A
:108A800060800DF1070309684246FFF7A9FA6060AC
:108A90000028EDD19DF80720237A032AE8D0D8F8E2
:108AA00004106A689142E3D1012B2969D4F80CC003
:108AB00007D10CEB01037269934202D92074207C28
:108AC000DAE708313B46012230466144E16029463D
:108AD000FFF742FD60600028CAD00020CCE700BF4D
:108AE000581D00202DE9F341089C032A17462668EB
:108AF00006D1237A012B24D0012002B0BDE8F081F9
:108B0000DFF890800DF1070330464246FFF768FA20
:108B100060600028EDD12568D8F80400A96AD5F86E
:108B200044C04840227ACCF100031840E1D1012A28
:108B300009D1E268D8F8103013447269934202D91F
:108B40002074207CD9E72868EB6A1B1A081AB3FB4B
:108B5000FCF3B0FBFCF083420BD1706CF36A421E55
:108B60001340326B121A28461344336313F0E9F8AA
:108B7000E862D8F81020E3680832064920681344F8
:108B80000122E3603B46FFF7E7FC60600028B0D0BD
:108B90000020B2E7581D00202DE9F04F4FF0FF33C1
:108BA0004FF6FF72002500F10806044687B0C36245
:108BB0000F4605620563C0E90923304613F0F9FA50
:108BC000204613F001F828BB2046394613F07CF804
:108BD000204612F0F9FF28BB8A4D204613F028F9F1
:108BE000ECE0E26B01A92368606CD2F814C00522A6
:108BF00000FB0530E04701A813F00DFC012828D147
:108C00002946204613F031F8421C2946204612F02E
:108C1000FAFF0135E3699D42E3D3204612F0D4FF09
:108C20000028D1D000254FF0FF394FF6FF73CA4618
:108C3000A846C4E90853E369984514D3A5EB090590
:108C4000012D37D8636A4FF6FF72934247D16E4DBC
:108C5000C3E713F00AFC0028DBD02946204613F0B6
:108C600004F80246D1E7236801A9E26B606C5769FA
:108C7000052200FB0830B84701A813F0CCFB83465F
:108C800001A813F09FFB0746584613F0E9FB70B1AB
:108C90005745236ABA4638BFC4F82480B94503F162
:108CA000010328BFB946BD42236238BF3D4608F1E3
:108CB0000108C0E74FF6FF7300256362E3699D4238
:108CC000C0D2676C0522206801A9E36B07FB050091
:108CD00001355B69984701A813F074FBEEE7E26B7E
:108CE00001A9676C20685569052207FB0300A847A6
:108CF00001A813F067FB626A2368606C434D00FBB8
:108D0000023013F0B8FB4FF0FF33A0622A46E36253
:108D10006FF001010DF103032046FFF761F9002810
:108D200050D1AD6829462046E56212F029FF206344
:108D300020B9E16A204613F004F8E0622946204693
:108D400012F0FFFF0546A36A9D423DD165692046AA
:108D5000626CE91C143AB1FBF2F105EBC105033575
:108D6000B5FBF2F5023513F063F88046A8423DD218
:108D7000616A204612F058FF0027064604F1400AB7
:108D8000474512D3626C01A9236802FB0639E36BE5
:108D900005225B694846984701A813F013FB534628
:108DA00002464946E06B13F068FB01373146204626
:108DB00012F03AFFAF420646E2D3154D284607B0FF
:108DC000BDE8F08FA56AADE72946204612F0D8FE2F
:108DD000236B0746294603442046236312F0B1FF64
:108DE0000546002FAFD1C4E90B07ACE7304600259C
:108DF00013F0DFF90023074A20461946FFF79CF9D4
:108E0000EBE600BF03E000F016E000F0581D002084
:108E100013E000F083BE0300634A00232DE9F04114
:108E200017680E460446136018B9604D2846BDE821
:108E3000F08190F834500DB309680268914240F017
:108E4000AA8071684268914240F0A580B16882684A
:108E5000914240F0A080F168C268914240F09B804E
:108E600031694269914240F09680B169C26B91428A
:108E700040F0918072691D468261D7E750222946F1
:108E8000D0F8388014F02EF8336804F10800C4F8E4
:108E90003880236073686360336963617369D6E9FE
:108EA0000212A36113F097F9B36904F14000E36380
:108EB0009B68984794F8432020B1E561002AB4D01C
:108EC0003B4DB3E7656C002DF7D06668B6FBF5F354
:108ED000E361002AA9D0B542F2D82268B2FBF5F1CD
:108EE00005FB1122002A58D105FB1363002B54D136
:108EF000204612F035FEA369043303449E424ED34C
:108F0000636940F63472CC3B93424AD8B5F5007F92
:108F1000D6D30321204612F04CFEE36BD4E90001C6
:108F20001B689847E36B05460220DB6898471DB134
:108F3000002384F834301EE039462046FFF72CFE2B
:108F40001C4B0546984204D139462046FFF724FEC3
:108F50000546636C143B002DEAD1226A204602FBD1
:108F600003F612F0FDFDA369043303449E4206D2CA
:108F700084F83450104DE06B12F0DEFF56E70F4AD4
:108F8000012384F8343013680133D4E900011360FD
:108F900008F07AFCEFE70A4D48E70A4D46E7064D30
:108FA00044E7094D42E700BFEC26002009E000F04D
:108FB00004E000F013E000F002E000F0E8260020FA
:108FC00008E000F001E000F005E000F02DE9FF41CD
:108FD0000F4690461E46054698B390F8343093B33A
:108FE000B1F5801F31D21A4C022112F0E2FD0DF1D1
:108FF0000F03224639462846FEF7F2FF024678B1B3
:10900000012342463946284600933346FFF7D2FCF7
:109010000446E86B12F090FF204604B0BDE8F081F2
:109020009DF80F30012BEBD12169B142E8D10093BB
:10903000414633462846FFF79BF904460028DFD116
:10904000E7E7044CE8E7044CE6E7044CE4E700BF3C
:109050002C1D002009E000F007E000F00AE000F01D
:109060002DE9FF410C4616461F46054688B390F889
:10907000343083B3B1F5801F2FD2DFF87C8001211B
:1090800012F097FD21460DF10F0342462846FEF7E8
:10909000A7FF044670B99DF80F30012B11D1D8F805
:1090A0001030BB4213D10246009031462846FFF7EC
:1090B0005FF90446E86B12F03FFF204604B0BDE8BC
:1090C000F081074C074A022B08BF1446F2E7064C12
:1090D000F0E7064CF1E7064CEFE7064CEDE700BF82
:1090E0000BE000F00CE000F011E000F009E000F00F
:1090F00007E000F00AE000F02C1D00202DE9F0430D
:1091000085B00C4617461E46DDF830800546A0B3F4
:1091100090F834309BB3B1F5801F32D2DFF88090E5
:10912000012112F046FD21460DF10F034A46284663
:10913000FEF756FF044688B99DF80F30012B14D175
:1091400006EB0803D9F810209A4214D30090434646
:10915000324639462846FFF70BF90446E86B12F011
:10916000EBFE204605B0BDE8F083074C074A022B12
:1091700008BF1446F2E7064CF0E7064CF1E7064C50
:10918000EFE7064CEDE700BF0BE000F00CE000F06D
:1091900011E000F009E000F007E000F00AE000F064
:1091A0002C1D00202DE9F3411F4600230C461646D6
:1091B00005463B6050B390F834304BB3B1F5801F97
:1091C00028D2DFF86480012112F0F3FC21460DF172
:1091D000070342462846FEF703FF0446A0B99DF860
:1091E0000730032B10D0022B0AD101233360042354
:1091F0003B60E86B12F0A0FE204602B0BDE8F081B3
:10920000D8F810303060F3E7034CF2E7034CF3E793
:10921000034CF1E7034CEFE70BE000F009E000F04E
:1092200007E000F00AE000F02C1D002030B50C46ED
:1092300085B0054628B390F8343023B3B1F5801FCC
:1092400023D2022112F0B5FC0DF10F03104A214682
:109250002846FEF7C5FE034688B99DF80F20032A6D
:109260000DD003222146009202462846FFF7A2FBBA
:109270000446E86B12F060FE204605B030BD054C98
:10928000F7E7054CF8E7054CF6E7054CF4E700BFB7
:109290002C1D00200BE000F009E000F007E000F0DA
:1092A0000AE000F02DE9F0414668002E46D005683E
:1092B0004FF0000CA846AE4655F83C400CF1010CAE
:1092C000C4F31307013401D0B94218D0B4450EF1EC
:1092D000080EF1D12F46002403E0B44207F108073D
:1092E00013D055F834C00134BCF1FF3FF5D1C1F3C0
:1092F00013017A6041EA03513960BDE8F08141EA27
:109300000353CEE90032BDE8F081032B16D00024D0
:1093100003E0B44208F1080810D055F83470013465
:10932000C7F30757032FF4D1C1F31301C8F8042082
:1093300041EA0353C8F80030BDE8F081012303720D
:10934000BDE8F0812DE9F043476883B0C7B1064618
:109350008846914600243368304653F8345003EB76
:10936000C4030134C5F30752C5F31301013505D019
:109370005B68CDF80090C04710B17768BC42EAD373
:1093800003B0BDE8F08300BF73B5012A044622484C
:109390009DF8185000EAC11123F07C4007D9961EB1
:1093A000012E28D9073303F07F03194308E09DF805
:1093B0001C300A43DB0603F0C053134343F0604103
:1093C0000023C4E900108DF80730B5B120222146F2
:1093D0000DF1070012F0A6FF1A220DF10700211D62
:1093E00012F0A0FF63689DF80720082043EA82631B
:1093F000636002B070BD1143E2E71B220DF107006C
:10940000214612F08FFF23689DF80720042043EACD
:10941000C2632360EDE700BF80FFFF0738B5094B4B
:109420000D46002104461A6813F05CFD00234FF03E
:10943000FF322361A260E3822383A376C4E900257F
:1094400038BD00BFFCE003000138C0B205289ABF58
:10945000014B185C01207047DCE803002DE9F04166
:109460000E46596888B007461546490A0024012966
:1094700022464FEA510104F10104F8D8DC78520386
:1094800099784FF0000824031B88C9020DF10700EA
:1094900004F48054C3F30A0301F4006192B28DF81E
:1094A00007800C4302A923449C18254B1B220393DD
:1094B00025F07843ED436FEA0444029312F032FF43
:1094C0009DF8072025F07845029B02A90DF10700C1
:1094D000029543EAC2631B228DF807806FEA1444A9
:1094E000049312F01FFF9DF8072007A9029B06F1C5
:1094F0001000079443EAC263012205934FF0FF3343
:109500000693BB6998470446BB6905A9012206F189
:1095100008009847404518BF0446BB6904A90122CA
:10952000301D9847404518BF0446BB69012203A976
:1095300030469847404508BF204608B0BDE8F08156
:1095400001009AB21046044A1368591E033102D82A
:109550000021116018477047CC0B0020034B18689E
:10956000034B002808BF1846704700BFF0260020B4
:109570000CE90300014813F0E1B800BFF826002011
:1095800013B50B4C0229226005D10A4813F0D6F816
:10959000002002B010BD0A4600930146064B054864
:1095A00013F0AEF8003818BF01204000F1E700BF0B
:1095B000CC0B0020F826002045950200014813F04E
:1095C000D0B800BFF82600200021014813F0EBB806
:1095D000F826002008B5064B1B68013305D0FFF7BD
:1095E000EDFF80F00100C0B208BD0020FCE700BF25
:1095F000CC0B0020F8B50D4610B900242046F8BD6C
:109600000E4F3E68002EF8D100F0A2F80446002864
:10961000F3D0386000F0E8F8204612F079FF38B156
:1096200030463E6000F0E0F8204612F06CFFE4E7C0
:10963000002DE3D02046A847E0E700BFF426002035
:10964000024B1868003818BF01207047F42600202C
:1096500038B50C4601F088FFA3780B4A13705A1EE8
:1096600055425541A8420CD0012B04D02846BDE8F4
:10967000384001F05BBF204601F02AFF0028F5D0FA
:1096800038BD0020FCE700BFEE2B00200021024B7C
:1096900008465B68184700BFE00B002010B5044681
:1096A000FFF75CFF0C4B1A1A53425341A34201D1FE
:1096B000012010BD094B1B683BB9094A064B002C21
:1096C00008BF1346074A1360F2E713F027F9002892
:1096D000F3D00020EDE700BFE4E80300F42600200B
:1096E0000CE90300F026002010B513F008FA044638
:1096F00018B9034B01215B689847204610BD00BF95
:10970000E00B002010B513F003FA20B9BDE81040BB
:10971000014B1B68184710BDE00B002010B512F07C
:1097200072FF20B9BDE81040014B1B68184710BDFF
:10973000E00B0020431E033306D8044B984228BF99
:109740001846642838BF6420704700BF40420F00AD
:10975000F8B5054608F082F907460F4B1E6826B992
:10976000384608F07FF9344611E0B4688CB194F8BB
:1097700010C01CF0010F0CD14CF0010C95E80F004B
:1097800084F810C084E80F00384608F06BF92046D2
:10979000F8BD3668E3E700BFD40B002038B50546B6
:1097A0000C4641B10B6833B11B68013303D0CB6861
:1097B0000BB18B684BB913F062FABDE838404FF437
:1097C00092724121002000F0C9B9084602F09CFEC7
:1097D0000023044A85F81031C5E93043C2E900335B
:1097E00038BD00BFC80F002010B5044618B9054B9E
:1097F000054A136010BD00F0E5FED4F8CC30002B14
:10980000F6D1F4E7EFC40300D00B002010B50C46EE
:1098100000F016FF054B002103205B6898471CB140
:1098200002F02EF80128FBD110BD00BFE00B002094
:1098300008B502460868FFF77DFF08604868FFF733
:1098400079FF48608868FFF775FF8860C868FFF790
:1098500071FF0B69C860581C03D00B48834228BFB6
:1098600003460B614B69581C03D00748834228BF4D
:10987000034688694B61FFF75DFFBDE808408861DA
:10988000104601F0A9BD00BF40420F002DE9F84F7E
:10989000D0F8C43006460F4613B1038B8B4244D038
:1098A000D6F8C0B0BBF1000F42D0DBF80830002B77
:1098B0003ED0DBF80C1000293AD0D6F8D4A0BAF18B
:1098C000000F38D04FF000094D46C84601E0DBF8E4
:1098D000083005EBC50203EB8204E3890135BB4286
:1098E00014D8238ABB4211D3B4F91220B6F924301C
:1098F000934250DD304696F80411EBF78BFD737DF3
:1099000081468342A04606D9DBF80C108D42DED397
:10991000B8F1000F39D00023424630461946D047EF
:109920003783C6F8C48086F80D910020BDE8F88F13
:109930000320BDE8F88FD14647F6FF7554465246DE
:1099400004EBC40803EB8808B8F80E30BB4216D805
:10995000B8F81030BB4212D3B8F91220AA4202D193
:109960004FF0FF09DCE7304696F80411EBF752FDA3
:10997000737D81468342D3D94246DBF80C10013413
:10998000A14204D9DBF80830DAE70120CEE7002A4B
:10999000FBD09046C4E7A046BDE700BF2DE9F047E5
:1099A00082B004468946164601F018FF002847D1C8
:1099B0003B4D2B68D4F8C0A0D4F8C4700BB153450C
:1099C0004FD04FF00008C5F8089001F059FF01286A
:1099D0003AD12B68DAF800103A6813B11868884257
:1099E0004AD0204613F058F8C5E900A7D4F8D4505F
:1099F0008DF80760002D46D00022204611460DF15B
:109A00000703A847204601F0A3F90546B8F1000F67
:109A100000D08EB1B5FA85F040F2DE323321400934
:109A200000F09CF83146204601F09AFB1D4B05469C
:109A3000394620461B689847284602B0BDE8F087A3
:109A40000023174D6B60B4E7012000F0F9FD164BC1
:109A5000002103205B68984701F012FF0128FBD129
:109A6000B7E76B68002BACD0BB42AAD1AB68994575
:109A700014D04FF00108A6E7696811B10968914256
:109A8000B2D05968ADE7617D94F80D313246994204
:109A900028BF1946204601F0E1F8B3E70025CBE7DF
:109AA000C80F0020D00B0020E00B0020F8B50E46B8
:109AB000054607F0D3FF314607462846FFF7E6FE86
:109AC000044620B1384607F0CDFF2046F8BD01F02E
:109AD0006DFE224631462846FFF760FF04463846B1
:109AE00007F0C0FF2046F8BD13B50446694612F0E2
:109AF000C1FD204612F045FFFF28024606D0204651
:109B00009DF80010EBF7FEFC02B010BD0048FBE72B
:109B10000080FFFF4FF4007307B50A490DF10602FC
:109B2000ADF8063012F0C2FDBDF80630B3F5007F87
:109B300005D1022808BF002003B05DF804FB012016
:109B4000FAE700BF10270020024B1960024B186093
:109B5000FEE700BFD80B00201029002008B550B93F
:109B60000548064B01601A60054B1A68054B1A60E0
:109B70001868FFF7E9FF08BDD80B00201429002062
:109B8000F426002010290020054B1B680BB918464D
:109B90007047834201D01B69F8E70120704700BF7E
:109BA0001C290020094A13680BB9184670478342E4
:109BB00007D11B6901201360054A1368013B13603C
:109BC000704703F110021B69EEE700BF1C2900205B
:109BD000182900202DE9F74F064607F046FFDFF869
:109BE0002881012398F800B0DFF820910190BBF1A3
:109BF000000F06D089F8003003B0BDE8F04F07F041
:109C00003ABF3F4F88F8003089F800B012F019FED3
:109C100008B112F014FE3D683A495DB9DFF8F0A0D2
:109C2000DAF800200024AA423B682FD84FF0FF3119
:109C300034483BE06B7D8BB12B68B34202D09A1B5A
:109C40008A420BD96A6813442B60AB68003A18BF8C
:109C50000122003B18BF01236A75AB752D69DCE753
:109C6000907D20B1107D88429CBF01461446126948
:109C7000002AF5D1002CD9D0D4E90001A275411AEF
:109C8000D4E90232204698470135C9E71A46FF2138
:109C9000EEE75A7D4AB11A68B24224D0921B824242
:109CA00021D8914201D311461C461B69002BF0D1EB
:109CB0005CB12046FFF776FF38B13B683C6023611A
:109CC000DAF800300133CAF800303B685A7D6AB9CF
:109CD00012F0B3FD064699F80030002B94D101989C
:109CE00088F8003088E71C460021DEE7186800F09D
:109CF000D3F8044612F0A1FD0646002C84D1EAE711
:109D00001C290020FCFFFFBFF02B0020EF2B0020C0
:109D10001829002038B5054608B31822002113F091
:109D2000E1F807F0A2FE02462846FFF72DFF20B11A
:109D3000104607F0A0FE022038BD0A4B1C6854B93B
:109D400009491D600B68104601332C610B6007F058
:109D500092FE2046F0E704F110032469EFE70120AA
:109D6000EAE700BF1C2900201829002038B5044666
:109D7000FFF70AFF07F079FE05462046FFF704FFCC
:109D8000637D23B9284607F076FE032038BD002303
:109D90006375064B1B68A34203D112F04EFDFFF71B
:109DA00019FF284607F067FE0020EFE71C29002076
:109DB0002DE9F84FDDF82890984604460D46924666
:109DC000FFF7E2FEDDF830B007F04FFE074612F075
:109DD00034FD06462046FFF7D7FE637D23B12046BB
:109DE000FFF7C4FF0023A375BAF1010F23D175B9A2
:109DF000B8F1000F21D1B9F1000F03D05A46314616
:109E00002046C847384607F036FE002019E03544A2
:109E10000D4BAA1B9A4210D8012363759DF82C3074
:109E20003046C4E90058C4F808902375C4F80CB053
:109E3000FFF7D0FEE6E7AE42EAD1384607F01BFE58
:109E40000120BDE8F88F00BFFCFFFFBF2DE9F04106
:109E500007468846FFF798FE07F007FE3D6806466E
:109E600012F0EBFC7B7D7BB185420DD0094B2C1AA7
:109E70009C4209D8304607F0FEFDB8F1010F08BF3B
:109E800025462846BDE8F081304607F0F4FD002560
:109E9000F7E700BFFCFFFFBF08B50023044A1946DF
:109EA00000F086FD10B1012818BF032008BD00BFD7
:109EB00005C803000E232DE9F74F06460F4614464A
:109EC00000254FF00609DFF854801370EBB209FB50
:109ED00003F3D8F80010CA185079012807D9207860
:109EE000A0F10E035842584103B0BDE8F08F31F99C
:109EF00003B01179B2F902A030460022019112F0AC
:109F000065FC019908B90135E0E72170B7F9003027
:109F10005B45F8DB5345F6DC0020E5E7DC0B002071
:109F2000014912F090BC00BF91BA0200014912F041
:109F30008ABC00BF65BA020070B5164E03280446FD
:109F40000D4633781ED023FA04F202F00102AA4231
:109F50001DD053B10122A240A54023EA02032B43A6
:109F6000DBB233704BB1012070BD2DB10A4B012023
:109F70001B6898473378EDE73570074B00201B6866
:109F80009847F0E79A07DED003F0FC03E9E70020EA
:109F900070BD00BFF22B00205C290020F8B50546FB
:109FA0000C4607F05BFD104F06463B7833B1012DA0
:109FB00004D01CB90D48EEF7ADF93C702146284697
:109FC000FFF7BAFF0A4B04461B783BB93B782BB925
:109FD00012F093FD10B1074B1B689847304607F00D
:109FE00041FD2046F8BD00BFF32B002030290020A2
:109FF000F22B0020E00B0020054A0B46117831B10E
:10A0000000211170034A01215268187810477047E7
:10A01000F32B0020E00B002038B5074D04462B78C9
:10A02000834207D001F016FC20462C70BDE8384072
:10A03000EDF7E6BC38BD00BFF12B002038B5044673
:10A0400080B107F00BFD012104460846EDF77AFCCC
:10A0500001210B4A084608F015FC2046BDE83840AF
:10A0600007F000BD07F0FAFC054621460120EDF798
:10A0700069FC01202146024A08F004FC2846EDE76D
:10A0800052E903001B4B022910B5187002D00329B6
:10A0900004D010BD184B1B78002BFAD1FFF7D0FA73
:10A0A0000028F6D04FF00052144BC3F88020BFF3C5
:10A0B0004F8FBFF36F8F01F0A5FB0028E9D001F0AF
:10A0C00017FA0028E5D10E4B1C6834B12368984775
:10A0D000BDE81040002001F0B1BB12F00DFB094BB0
:10A0E000186008F058FC084B1860204601F092FBFD
:10A0F000EEE700BF310D0020F12B002000E100E071
:10A100007C290020582900205429002038B5044615
:10A110000D46FFF795FA80B14FF00052124B1A60CE
:10A1200001F070FB48B9012D07D8012001F086FB32
:10A130000E4B1B6823B15B6898470D4B1C7038BDF4
:10A1400008F029FC0B4B1A68801A1860EEF722FA07
:10A150004FF47A72084B1B6802FB003012F0CEFA03
:10A16000012001F057FBE8E700E100E07C29002036
:10A17000310D00205429002058290020F0B585B069
:10A1800007F06CFC304D04462B7823B12F48EEF7D6
:10A19000C1F800284BD1EEF749F902AA03A912F041
:10A1A00096FC0346002833D012F0A5FC029B98428F
:10A1B0001ED10020264B03991B68264E9942307011
:10A1C00022D90027C91A012320482B70224A33467E
:10A1D000CDE9007708F096FB002830D11F4A1378AC
:10A1E000D90718D4204607F03DFC002005B0F0BD8B
:10A1F00012F07FFC029B98421FD00023184614499E
:10A20000144A0968137003910121FFF795FEE9E7ED
:10A2100020462B70E7E731780029E3D103F0FE03F5
:10A220001370002BDED10E4B1B689847DAE72046EF
:10A2300007F018FC032005B0F0BD0220BAE70323A5
:10A2400020462F703370F3E7F32B002030290020D5
:10A2500050290020300D0020F99F0200F22B002031
:10A260005C29002070B507F0F9FB164D04462B78E9
:10A270000BBB154A15491370154B164A16481A6040
:10A28000164A174E5A60EDF7EFFB16491648EDF7E0
:10A29000EBFB164B80203360EAF7B8F8052804BFC3
:10A2A000134B3360134B5B6F9B0542BF0222124B73
:10A2B0001A6001232B70EDF71BFF204607F0D2FB3D
:10A2C000002070BDF42B0020F32B002058E9030080
:10A2D000E00B00207DA10200202900209D9F0200AC
:10A2E0005C29002060E903002829002019A0020051
:10A2F0003DA00200004000505029002037B50C4618
:10A30000234D59B90A46072105F034FD214BAC64B1
:10A310005C6003B0BDE8304005F04ABD072211463D
:10A3200005F028FD07221C4B0121DA60237901A8E2
:10A3300085F848306379019312F089FD019BC2B220
:10A34000D34000F00F0040EA031085F84900A279DD
:10A3500085F84A20E27985F84B202068E86401936B
:10A360009BB1012102888B4208D82379013B134419
:10A370000A4A136205F01CFD03B030BD30F81150DD
:10A380000131AA4228BF2A46EDE71A46EDE700BF91
:10A39000003F00B0483F00B0006000B8004000B887
:10A3A00010B5054C237823B103F03CFB002020704E
:10A3B00010BD0320FCE700BFF62B002008B503F01A
:10A3C000FFFA0122014B00201A7008BDF62B002075
:10A3D000431C07D06FF0FF02034B10405A62A3F5F5
:10A3E00080535862704700BF00E000B810B50423E6
:10A3F0004FF03A4101240A4AD1F81801C2F8183145
:10A40000C2F814314C634FF400511163410742BF4D
:10A41000C2F81431A2F58052C2F8183110BD00BF45
:10A42000002000BA00F01803182B0AD003070AD442
:10A4300040F2011310F0100018BF1846034BD86704
:10A4400070470020FAE70120F8E700BF003F00B0A6
:10A45000344B2DE9F7431E6801F4007900F0010345
:10A46000174653EA090205460C462ED04FF0000865
:10A4700003B30023002201200021CDE9008804F06D
:10A48000B9FA4146304603F053F841467083012043
:10A49000FFF7BCF9716B06F1D80003F0C3F822494D
:10A4A0000868FFF795FF4FF0FF330B60337C43F0F4
:10A4B00004033374B9F1000F07D00121304612F0C4
:10A4C000DDF824F4007405430C43D6E94A232A40FE
:10A4D000234052EA030103D01449304609688847F3
:10A4E000FB070FD51249134A086800211368116051
:10A4F0000121114A117003B19847104B002102202D
:10A500005B68984717F00E0F08D040F2F3123B211A
:10A51000002003B0BDE8F043FFF720BB03B0BDE867
:10A52000F08300BFF4260020E80B0020EC0B002095
:10A530007029002074290020F82B0020E00B002057
:10A54000F7B504461046D4E94AC7DDE908268CEA87
:10A55000020587EA06010540194085EA0C057940A5
:10A56000C4E94A51002523F4004106EA010320F022
:10A57000010043F40073024043F00203CDE90055AB
:10A5800004F038FA237C9A0717D5D4F82C319B05B0
:10A5900013D54FF48811204612F070F8237C65F330
:10A5A00041032374D4E94A2302400B4052EA0301D9
:10A5B00003D00349204609688847002003B0F0BD56
:10A5C000EC0B002038B10368044A002B08BF134687
:10A5D000034A13607047014BFAE700BFEBC8030062
:10A5E000EC0B0020024B986E00F00F00704700BF8C
:10A5F000003F00B00F2938B505460C460ED801F0D3
:10A600003FF901280CD1074A2846936E23F00F0327
:10A610002343936612F08CFA002038BD0120FCE73A
:10A620000220FAE7003F00B0014BD86E704700BF30
:10A63000003F00B0014B0020D9667047003F00B0DA
:10A6400003282DE9F7434CD8274B13F80080274BFC
:10A650001E5C274B13F8009007F000FA074604F041
:10A6600097FB054640B100230022CDE900330120CD
:10A670000023002104F0BEF904F092FB48B100234E
:10A680000022CDE90033002000234FF4004104F004
:10A69000B1F926B3174BDC6C04F00804164B3146B5
:10A6A000DC64404604F08AFD4A463146404604F0E8
:10A6B0000FFE124BDC6465B1114B1868416BD8304A
:10A6C00002F0B0FF0F490868FFF782FE4FF0FF333A
:10A6D0000B60384603B0BDE8F04307F0C3B9344619
:10A6E000DCE703B0BDE8F08370E903006CE9030028
:10A6F00068E90300004000B8006000B8005000B8EE
:10A70000F4260020E80B00200F4A136C13F0A00F72
:10A7100015D1506C10F0040013D10C4BD3F8EC3E63
:10A7200023F07F4323F0FF035BB1D368C3F30362DD
:10A73000092A07D0B2F10C0018BF01207047002091
:10A7400070470120704700BF000002B8003000B021
:10A7500070B504460D4616462BB1FFF747FE294655
:10A76000204601F087FA4FF03A420124D368D26ABA
:10A7700003F0070306339C40C2F30C03E41AA4B2AF
:10A78000B44228BF344629462246024801F0BCFBA9
:10A79000204670BD0C0000BA70B50D46064620B9C3
:10A7A000194B1B68A3B1032011E001F069F80128DF
:10A7B00028D1164B93F90040C4F12704641BC4F15F
:10A7C0001C03002BB8BF5B42232B0CDD012070BDA6
:10A7D000A1F10B03002BB8BF5B42232BF6DC0B4B24
:10A7E00019700020F3E7B57407F038F9084AE4025D
:10A7F000136A04F4FF2423F4FF231C43146207F0BC
:10A8000031F9EEE70220E2E7F4260020F52B0020E4
:10A8100000C000B8094B08465A6A91020BD4D3F81D
:10A820000021D20708D4D3F8803013F4706F14BF1E
:10A830000120002070470120704700BF004001B890
:10A84000F8B50D46436B02EA010423EA01032343F2
:10A8500043633D4A01F00B0323EA0401D164234022
:10A86000A2F580526F070646D36410D50121FFF789
:10A87000D1FF60B104F044FC4FF4007314F0040FF6
:10A8800014BF324A324A53620422324B1A64E90638
:10A8900006D514F0100F14BF00221B222E4B5A6550
:10A8A0002A061DD5230616D54FF40012274B1A622F
:10A8B000012203F58053C3F8002107F0CFF80E21E1
:10A8C0000746032002F0FAFD40F20122224B3846EF
:10A8D000DA6207F0C7F8214606F1D80002F0A2FEBE
:10A8E000EF0503D5E00529D502F0B8FDA90503D58C
:10A8F000A20526D502F0BEFD15F0600F09D0D6F8EE
:10A90000C810304611F0F2FF8022144B9867144BA8
:10A910001A612B0510D504F0F3FB124A14F4006FF2
:10A92000D2F8EC3E14BF43F0006323F00063C2F89A
:10A93000EC3E0422074B1A640020F8BD02F088FDAB
:10A94000D4E702F091FDD7E7006000B8005001B8ED
:10A95000006001B8002002B8004000B8003F00B01D
:10A96000000002B8003000B0014B1868704700BF0B
:10A970006C29002037B5012300240022CDE90034E2
:10A9800000231046194604F035F8022002F010F9B1
:10A99000054D064B21461C6002206B6898472B68CA
:10A9A00003B0BDE830401847E00B002074290020B8
:10A9B0002DE9FF4102290C4615469846039005D122
:10A9C000FFF7D8FF002004B0BDE8F08107F046F89B
:10A9D000184E074633683BB1AB4205D007F042F84A
:10A9E000002301203360EEE7134B0022C3F8008000
:10A9F00001233560CDE900330023002510461946B8
:10AA000003F0F8FF0D4B02201D7002F0D1F8224632
:10AA10002B4603A9022002F0E9F80446084B039AEA
:10AA20001A60084B1B689847384607F01BF8002C43
:10AA3000C8D1D5E77429002070290020F82B002008
:10AA40006C290020E00B0020044B5B6E5B054EBFC1
:10AA50000120034B187800F00100704700C001B8D6
:10AA6000F82B0020014B186A02F03ABD004001B8F3
:10AA7000014B186A12F085B9004001B8437C5A1F97
:10AA8000012A01D9082B05D14B7C2BB1012B05D014
:10AA9000022B05D011F055BF02487047024870479D
:10AAA0000248704720A1070048E8010040420F001B
:10AAB00070B50E4606F0D2FF054600F005FF0446CD
:10AAC00020B1284606F0CEFF204670BD04F018FBEA
:10AAD000104B3278D3F8EC3E022A23F0F00315D065
:10AAE000101F42424241520043EA02137278022A86
:10AAF0000ED0111F4A424A41520043EA8213054ACE
:10AB0000C2F8EC3E0422044B1A64DAE70122EBE7B8
:10AB10000122F2E7003000B0002002B870B50E4606
:10AB200006F09CFF054600F0E5FE044620B12846ED
:10AB300006F098FF204670BD04F0E2FA104B327820
:10AB4000D3F8EC3E022A23F00F0314D0101F424228
:10AB50004241520013437278022A0ED0111F4A421A
:10AB60004A41520043EA8203054AC2F8EC3E0422FD
:10AB7000044B1A64DBE70122ECE70122F2E700BF95
:10AB8000003000B0002002B82DE9F8430E780446EA
:10AB9000042E0D4690F804810BD100275FFA87F947
:10ABA000484601F0FFFC08B14E4602E00137042F91
:10ABB000F4D1304601F0F6FC002845D094F8043179
:10ABC000B34208D1AA88A36C9A4204D16A88B4F827
:10ABD00006319A4235D084F80461AB883046A4F837
:10ABE00008316B88A4F80631AB8804F58275A3643C
:10ABF000FF23A37512F049F86075284601F092FC16
:10AC000018BB284601F0C4FCF8B9D4F8C43053B1DD
:10AC100094F80411414506D02046B3F91220EAF712
:10AC2000F9FB84F80D01204601F0FEFC0949A4F867
:10AC300008010123084AD1F8FC1004F1D80003F000
:10AC4000C7FC0020BDE8F88301200E2384F80431FE
:10AC5000F8E700BF004F00B0A43F00B070B5054654
:10AC600090F804010C460E281DD0FF291DD01AB102
:10AC70004FF0FF320E4B1A6012F007F8064695F8B7
:10AC8000040101F0C3FC844228BF0446E4B2B4428C
:10AC900038BF3446E0B2A87501F0BAFDA0F1FF0359
:10ACA0005842584170BD0220FCE70120FAE700BF7E
:10ACB000F00B002010B590F8043104460E2B3ED066
:10ACC000D0F8C4304175BBB3D0F8D420DAB990F8CD
:10ACD0000D318B421DD300222046FFF7BFFF88B9FC
:10ACE000184B1B7813F0FD0F0BD1204601F09CFC94
:10ACF00015490123154AD1F8FC1004F1D80003F0DE
:10AD000067FC002010BDB0F92420B3F912309A423C
:10AD1000E1DD0022204694F80D11FFF79FFF002887
:10AD2000F0D1C4F8C400204611F036FC014620469C
:10AD3000BDE81040FEF7BABEFF238375E1E70220AD
:10AD4000E0E700BF100D0020004F00B0A43F00B0AE
:10AD5000C36B012B01D10020704770B505464D49EA
:10AD60008EB011F0CFFFD5F8C46001462C8BC5F82A
:10AD7000C80026B1336813B15B68002B5CD106F0C4
:10AD80006DFE06F06FFE0123D5F8C8108DF80E3069
:10AD9000B389D6E90120E31A9BB200FB03223E48A7
:10ADA000ADF80C3003680292994207D0284611F0A2
:10ADB0009DFD802239493A4B88671A61394C384EDB
:10ADC00000F05EFD0128FBD1236CDA07F8D4336C68
:10ADD000DB01F5D4D5F8C81028460D919DF80E205A
:10ADE000029908AB03F0E8F818BB08A901A803F022
:10ADF000FBFAF0B92A8B2C4B5A642B7C60F341038D
:10AE00002B7411F0CCFED5F8C43002465B6919688A
:10AE1000431EDBB2FD2B049114D9CC1C12D9234B59
:10AE200001311B6815D0D81C10D8284604A90493FA
:10AE30000AE002200EB070BD1A68032A9FD99B6AEF
:10AE40005B0EA3E7284604A911F093FE00200EB084
:10AE500070BDD91C04D8284604A9049311F089FEBA
:10AE6000D5F82C319B0504D42B7C43F002032B74C2
:10AE7000ECE74FF48031284611F000FCD5E94A2375
:10AE800002400B4052EA0301E0D009492846096814
:10AE90008847DBE7FC4F00B060290020003F00B08E
:10AEA000000002B800C002B8008001B8FC0B00200E
:10AEB000EC0B002038B590F8105104463DB306F075
:10AEC000CDFD1F22124B013D5A621540114A124915
:10AED0005562D4F814518D66D4F81851CD66D1F866
:10AEE0000011C9070FD54FF0FF31C3F80411216CD1
:10AEF000C2F804114FF0F041C3F81011E37CDB06F7
:10AF00000B40C2F81031BDE8384006F0ABBD38BD8B
:10AF1000006001B8005001B8004001B82DE9F74FBA
:10AF200006461546084619B9012003B0BDE8F08F62
:10AF3000002AF9D0032904D8002101F02DFA0028B5
:10AF4000F2D0B0F90010837800290488077990F8CE
:10AF500005B0B0F806C003F00702C0F2CE80A2F13F
:10AF60000708D8F1000141EB0801052A297394BFB5
:10AF70000021C3F30011C3F3801069739909287489
:10AF800001F00201C3F3C0000143C3F3401369742D
:10AF9000AB74EF74736BA5F814C0D80600F19980F8
:10AFA000063A012A00F29580554B4FF001095B6D7E
:10AFB0004FF03A431A6DDB6C083C03F0070306338D
:10AFC00009FA03F9002309F1FF3942F0005804EAB5
:10AFD000090418F804A0013404EA0904AB60631DF5
:10AFE00003EA09035A1C02EA090218F8037018F868
:10AFF0000220BAF1800F737C18BFAAF1320A47EA27
:10B0000002270CBF6FF07F0A4FFA8AFA3FB2A3B350
:10B010000020D6F8D0300BB1514698470134E87380
:10B0200085F80EA004EA090418F80410013404EAB3
:10B03000090418F80430013404EA090441EA032140
:10B0400018F80430013404EA090441EA034118F80D
:10B05000043041EA036117F4804305D0294BDB6ECD
:10B06000B3FA83F35B095B0030466A7C03F072FB42
:10B0700006232860AB71002057E7F90425D5D6F8E0
:10B08000C830ABB11A68022A12D993F82400C7F36A
:10B090000B03DB0008B1B3FBF0F39B45B8D8002BE2
:10B0A000B6D0CBEB0B20B0FBF3F0C043C0B2B0E79F
:10B0B00029463046FFF7E2FC0190304611F031FCA2
:10B0C000019BB3FBF0F0C0B2E1E718F804004000C8
:10B0D000ECE700230020EB730B4BDA69C2F3072384
:10B0E000120448BF63F0FF035AB212F1800F1CBF75
:10B0F000323B5AB2AA730346BBE7022015E700BFF2
:10B10000004000B8003F00B000C000B870B54FF07C
:10B110003A434FF480640A4DD3F818610020C5F813
:10B120001841C5F8144104F0AFF84FF400532B67F1
:10B13000730542BF034BC5F81441C3F8184170BDF5
:10B14000002000BA001000BA082310B1024A1364AC
:10B150007047024AFBE700BF001002B8002002B8A7
:10B16000F8B504460E4611B9037C5A0647D44FF68B
:10B17000FF73A18BD4F8C870994204D0344B1B687C
:10B180000BB120469847334D2B68BB4254D0324B0D
:10B190001B683BB11FB13A68002A4FD0BF683946DF
:10B1A000204698470727204601F03EFA002E39D066
:10B1B00004F0FEFD0620294B94F9122093F900308B
:10B1C0002749C3F127039B1A0A6ADB0222F4FF22F4
:10B1D00003F4FF2313430B62D4F8C820214B2A60E9
:10B1E000986701F07DFB002501211F4A1F4B11705C
:10B1F000204683F8845011F09BFC2846F8BD4FF69A
:10B20000FF71144DD0F8C8702A6866F38613974210
:10B210008183037417D0104B1B68002BBAD101F047
:10B2200003FA072712493B46124AD1F8FC1004F1F1
:10B23000D80003F0CDF9BBE70127B4E71746204655
:10B2400039469847AEE701F0EFF90127EAE700BF7A
:10B25000682900206029002064290020F52B0020A7
:10B2600000C000B8006000B8F72B0020003F00B01D
:10B27000004F00B0A43F00B02DE9F8430D4600F0A8
:10B28000FFFA0128044630D1194F3B7883B928468C
:10B29000E9F734FA054610B9E9F77CFA2C463B7811
:10B2A0001BB10121022003F00BF92046BDE8F88311
:10B2B0000021022003F004F911F0F3FC0646DFF848
:10B2C0003490DFF83480D9F8F4331B07DFD411F061
:10B2D000E8FC801B404541F6A2224FF045018CBF9F
:10B2E00000200120FEF73AFCEDE70224DDE700BF75
:10B2F000F92B0020000002B83F420F0008B5582289
:10B300000021064811F0EEFD1022FF21044811F043
:10B31000E9FDBDE8084004F04BBD00BFF03E00B0C1
:10B32000343F00B0002373B583746923C0F8E03064
:10B3300074234FF0FF350E26A0F8F4306423044642
:10B34000C0E93933C0E93B33C0E9075580F80461EF
:10B3500085644575C58203F02BFD2046FFF7CEFFBF
:10B3600094F912102046FFF717FA6023114A40F6AD
:10B37000FF71D3644FF03A42116311670E4A2946B8
:10B38000D36440220D4B20461A64626BFFF758FAD3
:10B39000002240F2022310461946CDE9006603F070
:10B3A00029FB01F013F9204602B0BDE87040FEF71A
:10B3B000B1BB00BF004000B8005000B8002002B888
:10B3C000044BD3F8EC3E13F0806F14BF2320002011
:10B3D000704700BF003000B00246F8B5B0F8084131
:10B3E00000F1D805FFF7ECFF0B688E68013304BF4E
:10B3F000D2F8E0300B604B68013304BFD2F8EC3078
:10B400004B60771C37D1D2F8E830CF688B607E1C58
:10B4100038D1D2F8E4600F69CE60013704BFD2F8AA
:10B42000D8700F614F69013704BFD2F8DC704F61EB
:10B430008F69013704BFD2F8F0708F618F6947BB05
:10B44000C0F1640408688C61C2F8E8304B68C2E956
:10B450003806C2E93B340B692846C2F8D8304B693C
:10B460000F49C2F8DC30D1F8FC1007230D4A03F075
:10B47000AFF80020F8BD04F169031B1AB34238BFCE
:10B480003346C2E704F17406361ABE4238BF3E4660
:10B49000C1E76934241ABC4238BF3C46D2E700BF3A
:10B4A000004F00B0A43F00B038B50446074D214618
:10B4B0002868621C003818BF012002F071FA2B685E
:10B4C0000020003B18BF0123A37038BD782900205D
:10B4D00038B5054C054B417800782568236002F0AB
:10B4E000B1F900B1256038BD782900207CE903005E
:10B4F00070B506F0B3FA05460B4E00F0C1F901280D
:10B5000004D0284606F0AEFA022070BDF36813F0AE
:10B51000706FF2D1F46814F08054EED1284606F032
:10B52000A1FA2046F1E700BF000002B80A4B10B5AF
:10B530001B68044673B1094B48B10121084A1A60DF
:10B54000022002F0BDFF0020064B1C7010BD01461A
:10B550001860F5E70220F9E7782900207C2900200F
:10B5600074E90300F92B0020014B1878704700BFE5
:10B57000F92B002038B506F071FA4FF6FF710A4A30
:10B5800013888B4203D106F06DFA032038BD074CB7
:10B59000074D1B046566A4F580546366118006F0B0
:10B5A00061FA0020F2E700BF0E0D0020006001B834
:10B5B0000000FFFF2DE9F34105460F461446FFF753
:10B5C000A3F890B1DFF8E08102F066FFD8F81430FC
:10B5D000DE0740F1CE8006F041FA0646032001F076
:10B5E0000BFC38B1304606F03DFA0226304602B078
:10B5F000BDE8F081D8F8143013F0060FF2D13046D0
:10B6000006F030FA5C4B4FF400612846D3F8EC8E1C
:10B61000D3F8CC6E04F0C2FB38B14FF400720121B4
:10B62000564B08461A64FEF7F1F839462846FEF7ED
:10B630003DFA514BC3F8CC6EC3F8EC8E0646002899
:10B64000D4D12B7CD80601D4002C55D0C4F34000B3
:10B6500003F01CFD022314F4807F1FBF484A002121
:10B6600013644FF03A420BBF444A91611364536331
:10B6700003F046FD4FF4806314F0040F14BF414AF9
:10B68000414A14F0400F53624FF004023B4B2046F6
:10B690001A644FF0400314BF3C4A3D4AC2F8883058
:10B6A000FEF7C0FE284611F073F938B14FF48073ED
:10B6B00014F0010F14BF324A304A1364A10642D578
:10B6C0004FF6FF726B8C93420FD0324A3249526E62
:10B6D000100CC2F301120132B3FBF2F30880294AC5
:10B6E00029492E481B0448665366003C18BF0124B4
:10B6F0002B7C64F304132B74284611F016FAF0B176
:10B70000284611F045F9D0B14FF40031284604F035
:10B7100045FB431C03229BB2214801A911F075FA95
:10B720009DF8042002F00703052B9DF8053013D186
:10B7300012070BD443F480731A4AC2F8D4300020A5
:10B7400011F0A0FA52E7FFF715FFCEE713F0040F50
:10B7500009D19DF80630EDE703F03002202A05D12B
:10B7600013F0010FF4E74FF48073E5E79DF806301E
:10B77000E2E703263AE700BF003000B0002002B83D
:10B78000001002B8005001B8006001B800D000B845
:10B7900000E000B8004001B80E0D00200000FFFFDF
:10B7A0000C0000BA003E00B000C001B808B5094B5B
:10B7B000D3F84C315A1C0CD05B000AD40320FEF79E
:10B7C0003FFF4FF08062044BDA6401225A6102228B
:10B7D0009A6208BD0080E00F001002B84FF400220A
:10B7E000034B186C03F500531A64C0F3C040704754
:10B7F000000002B8014B024A1A6070476429002019
:10B80000FDA20200024B586900F00100704700BF22
:10B8100000C001B8084B5A69D10707D508B901F033
:10B82000A3B95B69DA0706D401F090B95B69DB075D
:10B8300001D40028F8D1704700C001B84FF08063F0
:10B8400010B1024A53617047014AFBE7001002B889
:10B85000002002B8202350B1064AC2F8F433064B48
:10B86000196C11F0020104D1032002F029BE034A31
:10B87000F3E77047001002B800C002B8002002B819
:10B880000F4BDB68C3F30363013B0B2B0FD8DFE8DF
:10B8900003F006060C06060606080A080808022039
:10B8A0007047042070470520704703207047054B00
:10B8B0005B6913F0060F0CBF01200420704700BF26
:10B8C000000002B800C001B8094AD368C3F303639B
:10B8D0000B2B08D06FF49050184100F0010080F05D
:10B8E000010040007047106C10F48030EDD17047BB
:10B8F000000002B80C4AD368C3F30363062B07D8D1
:10B90000042BD8B20BD8C31E584258414000704790
:10B91000072B06D1D2F844010028ECD17047022051
:10B9200070470020704700BF000002B8F0B5CF0795
:10B930002BD5002A14BFAA2555250E461E24154FC7
:10B9400001F0030383F001033B449B7806F0070CEE
:10B9500017F80CC0013C63444FEA5606F6D10E4E70
:10B9600073436FF481769B0C334482B991FAA1F151
:10B9700095FAA5F54A082D0F490042EAC57201F073
:10B980000204C474C0E91023F0BDAA25D5E7034A18
:10B99000F7E700BF90E9030036FC1000B7563512F8
:10B9A00030B547F6FE74164BC3F83042456C04EAD6
:10B9B0004504144DC5F830420F245C66CC071CD5F5
:10B9C000DAB901246C664FF0FF34C3F80441056C0A
:10B9D0000C4CC4F804514FF0F045C3F81051C37C2F
:10B9E000DB062B40C4F8103132B14FF03A4302224B
:10B9F000C0F88010C3F8F42030BD0224E2E700BF95
:10BA0000006001B8005001B813B5437C0446033B05
:10BA1000DBB2072B96BF104A0021D15CFEF70AFE6D
:10BA2000012001F00DF84FF4F0620C4BDA644FF492
:10BA30000072A3F58053DA64637C053B012B08D8C0
:10BA40000421074B01229B6E0DEB0100019300F0D6
:10BA500021FB02B010BD00BF88E90300006000B800
:10BA6000004001B8012310B580F8F6302823C0F853
:10BA7000DC30042304464374044B196810F056FD6F
:10BA80002046FFF7C1FF002010BD00BFD4E903002E
:10BA9000012310B580F8F6302823C0F8DC300223EB
:10BAA00004464374044B196810F040FD2046FFF72C
:10BAB000ABFF002010BD00BFD8E90300012910B57D
:10BAC000044604D90239012914D9032011E00B4B93
:10BAD00019680523012284F8F6204FF4BC726374C0
:10BAE000C4F8DC20204610F021FD2046FFF78CFF33
:10BAF000002010BD024B19680623EBE7D0E90300D4
:10BB0000CCE90300012310B580F8F6304FF4BC7384
:10BB1000C0F8DC30082304464374044B196810F065
:10BB200005FD2046FFF770FF002010BDC8E90300A7
:10BB300038B5184B04461D6845B1EB6833B1286829
:10BB400001F0CCFBAB68186801F0C8FB124B1B6816
:10BB50002BB1DA681AB19B68186801F0BFFB0F4B74
:10BB60001B682BB1DA681AB19B68186801F0B6FB44
:10BB70000B4B1B682BB1DA681AB19B68186801F08F
:10BB8000ADFB2046FFF784FF2046BDE83840FFF7B5
:10BB90003BBF00BFD8E90300D4E90300D0E90300AC
:10BBA000CCE90300F8B5D0F8143104468B420D46B9
:10BBB000164603D190F81031202B0ED0324629467C
:10BBC0002046FFF7B3FE202384F810310023C4F889
:10BBD0001451C4F81831FFF76DF94FF00077074B97
:10BBE00032461F6429462046FFF7DAFE8022044BC6
:10BBF0001A6103F500531F64F8BD00BF001002B8BE
:10BC0000000002B8072330B5124D134CEB63134B01
:10BC100069B1442140F04000596398630123E36314
:10BC20004FF4804392B1C4F804310A4A07E05963E3
:10BC300099634FF48043084AE163C4F80431C2F8C1
:10BC40000831C2F80C31C2F8103130BDC5F80431EA
:10BC5000EBE700BF006000B8005000B8004000B83B
:10BC6000034BD3F8F80780F00070C0F340607047D2
:10BC7000000002B810B5407CA0B1304BD3F8B8201A
:10BC800012F0060F01D004280DD94FF470622C4B2E
:10BC9000DA604FF48072A3F58053DA600022274BFC
:10BCA000C3F8B42010BD02F0020412F0040202D066
:10BCB0000B789B0637D4002C39D00B7803F00F0398
:10BCC000072B34D14B78022B31D98B7813F03E0FF0
:10BCD0002DD0CC7814F0040F29D014F0010F0CBF34
:10BCE00004230A23A40748BF0633CB5CFBB1002A18
:10BCF00014BF02220122042840F6FF7003F01F0146
:10BD000008BF4900013940EA01310E4801654FF48E
:10BD100070600B491202C860A1F58051CA60074AE1
:10BD2000C2F8B430BEE7002CC7D18B7823B900230A
:10BD3000044A13650122EAE70222DCE7003E00B074
:10BD4000006000B8004000B80A68064B12F0802F6F
:10BD50001CBF42F20101C3F82812C3F88822C3F8BD
:10BD60008C227047004001B8F0B585B06C460E4695
:10BD70000B4B074615460FCB84E80F00094BD3F851
:10BD80004822009226B16B1EDBB2FD2B88BF3260C9
:10BD90002A462146384610F0ECFE05B0F0BD00BF43
:10BDA00098E903000080E00F30B50823054685B010
:10BDB00080B9094AC2F8FC3351B96C46074B0FCB26
:10BDC00084E80F00064B2A4621461868FFF7CCFF8F
:10BDD00005B030BD034AEDE7001002B8A8E9030042
:10BDE000F4260020002002B838B5044601F08CF992
:10BDF00001213A20E8F7D8FAE0782179154A40EA9B
:10BE00000143C2F8DC34E579A37943EA0543C2F87B
:10BE1000E03423781BB100230422E9F7E3F86378C8
:10BE20002BB100230422E179A079E9F7DBF822782D
:10BE3000012352B1084AC2F8D8346278022332B1E1
:10BE4000054A0020C2F8D83438BD044AF3E7034A53
:10BE5000F7E700BF00C0035000D0035000E00350DC
:10BE60004FF03A43D3F81421D2031ED54FF4803259
:10BE70000E49C1F81421A1F58051C1F818215A6D5D
:10BE8000D1B2C2F30722C3F8A410C3F8A42004223D
:10BE9000C3F8A4200022C3F8A420C3F8A420C3F848
:10BEA000A420C3F8A420C3F8A4207047002000BA3F
:10BEB000F8B50D464FF03A441746064605F0CEFD5C
:10BEC00001230421074A6363E76026616561C2F8C4
:10BED0001411054AC2F8843105F0C4FD0DB10223E6
:10BEE0006363F8BD002000BA00E100E0054B0122C9
:10BEF00018604FF03A435A6740F6FF72D9641865EC
:10BF00001A677047842900202DE9F0410546012475
:10BF1000006800F00700063004FA00F3A868EC6837
:10BF20005E1EA04262D000EA060E6C6810441E43FA
:10BF30000640A3EB0E000EEB040C8242644618D9B7
:10BF4000D31A0EEB030298B1431E052B04D94B1CE8
:10BF5000ACEB0303022B59D80B460844ACEB010EA3
:10BF600003EB0E0113F8014B83420C70F8D101462C
:10BF70006C688AB1531E052B01F1010302D9E01A46
:10BF8000022812D80A44611E00E0013313F8010CA4
:10BF9000934201F8010FF8D105F060FD0223AE6075
:10BFA000AB62BDE8F04105F05DBD0B46204622F0D6
:10BFB000030E8E4453F804CB734540F804CBF9D1FB
:10BFC00022F00303D01A920701EB030C04EB0307E2
:10BFD000E2D0CA5C0128E254DED09CF8013002288D
:10BFE0007B70D9D09CF80230BB70D5E7042A35D9D4
:10BFF0000878043AA86148780431A86111F8020C65
:10C00000A86111F8010CA861A8688CE70B4620F024
:10C0100003070F44ACEB010E1C684EF803400433D9
:10C02000BB42F9D120F0030310F0030F01EB030E24
:10C03000A0EB03040CEB030728D011F80380012CBC
:10C040000CF8038022D09EF80130022C7B7018BFC0
:10C050009EF80230084418BFBB7088E7013A032AF3
:10C0600012D8DFE802F00F1507020B4613F8012B78
:10C070001946AA610A4612F8013BAB61114611F854
:10C08000013BAB610B78AB61BDE8F08108446EE722
:10C090000A46F3E738B50B46154601464FF03A44D9
:10C0A00070B101221048C4F8F4201A46FFF72CFFA3
:10C0B00025B14FF03A430422C3F8F420002038BDE4
:10C0C00073B1D4F8D8209A4284BF0122C4F8F42076
:10C0D0004FF03A42C2F8D4300223C2F8F430E7E716
:10C0E0000123C4F8F430E3E7CC0000BA10B505F042
:10C0F000B5FC4FF03A4301225A67C3F8B420C3F8A5
:10C100008C20154A1549C3F890200722C3F8B020A7
:10C11000134B04461A800023124A13804FF4A022C6
:10C12000C1F81421A1F58051C1F818210E4A1360FD
:10C130000E4B1B6C5B020AD54FF480020C4B186847
:10C140000C4BD8301A6450F8A41C01F06BFA20464E
:10C15000BDE8104005F086BC60110020002000BA48
:10C16000B62A0020B42A002080290020000002B84E
:10C17000F4260020002002B807220D4B01211A806E
:10C1800000220C4B1A804FF03A43C3F8F410C3F866
:10C19000CC204FF40052C3F8D000C3F8F020F022B6
:10C1A000054B9A64A022A3F580539A64FFF79EBFC3
:10C1B000B62A0020B42A0020006000B82DE9F04122
:10C1C000044688B105F04AFC3D4E3E4A3388032CB4
:10C1D00003F0780105463C4F03F07F0C11445DD11C
:10C1E0003C6824B905F03EFC0320BDE8F08124F052
:10C1F0000104386820F00100A04254D100223A60C6
:10C2000022888C426FEA42426FEA5242228040D139
:10C210002E4CDFF8D0C02788ACF180083A46083AA7
:10C2200092B201F10800604528BF4046082A04D9AF
:10C23000B0F900E0BEF1000F40DB228088780C8866
:10C240004FF03A413B449B1ADBB2C4F30C048C65BB
:10C250003380C1F89830C1F8B0204FF480221C4BD5
:10C2600000F00700C3F8142101221A4BC3F88421FF
:10C27000FFF7F6FD04280CD14FF48002164B1B6C1F
:10C28000164B1868164BD8301A6450F8A41C01F0ED
:10C29000C9F9284605F0E6FB0020A6E7601E012844
:10C2A00098BF0C46A5E7094862440088A21A48BF17
:10C2B000803208389042A3DC284693E70146AEE777
:10C2C000B42A00206011002080290020B62A002016
:10C2D000002000BA00E100E0000002B8F4260020CF
:10C2E000002002B8E01100201249134B0A881B8875
:10C2F00012481344083292B20A804FF03A41C1F812
:10C30000B0204FF480210E4A073BC2F814110121DE
:10C3100003F07803034498780A4A00F007000428E1
:10C32000C2F8841103D10849CA681203FCD4074A31
:10C3300013607047B62A0020B42A00206011002044
:10C34000002000BA00E100E0000002B880290020CF
:10C3500010B5054C206828B1C30701D4FFF72EFFA4
:10C360000023236010BD00BF802900204FF48033DC
:10C37000084AC2F81831A2F58052C2F814314FF0C1
:10C380003A43D3F8AC30C3F30C03782B01D8FFF752
:10C3900067BD7047002000BA2DE9F84304460E46F9
:10C3A00005F05CFB514B81461A885148514D02F013
:10C3B0007801032C2D8802F07F03014417D14E4CE5
:10C3C00024688CB92A44073A02F07802841803449E
:10C3D000E31A48BF8033AB4210DB484605F042FB0E
:10C3E00000242046BDE8F88324F00104EFE7012C87
:10C3F00002D0022CEBD1083D0C46E8E7002E44D0D9
:10C400008C4246D14FF03A42D2F858804FF03A4130
:10C410000127CA6C02F0070206329740D1F8AC201F
:10C42000C2F30C029A4247DDB4F900302588002B94
:10C43000D3DBA378C5F30C0503F007037A1EA5EB45
:10C4400008053A43052B337005EA02052CD82DB2B6
:10C45000E84340F236420421C00FFDF77FFB7580B0
:10C46000E378264A337412687B1E03EA0803D11866
:10C47000B160A9B213FA85F5BD4291BF0023FF1A3E
:10C48000B780F2609CBFB180F360484605F0EAFADD
:10C49000A7E7A4F10802824238BF04F17802B2F89B
:10C4A0000080C8F30C08B1E7154B5B6D003B18BF6B
:10C4B0000123A5EBC305CAE74B6D7A1EA3EB080366
:10C4C0003A431A400F4B15B2DB6862B9C3F30363FA
:10C4D000D91E4B424B41DB0033700A4B72809B6C80
:10C4E000C3F30723BDE70823F6E700BFB42A002003
:10C4F00060110020B62A0020802900208429002015
:10C50000004000B8000002B8054BA622D3F84C0149
:10C510003121431C0CBF0120C0F38070FDF71EBB0E
:10C520000080E00F38B5134D0446297819B9202250
:10C53000114810F0D7FC6188104A237851800021FF
:10C5400013700F4A022BC2F8CC104FF0FF010D4AB6
:10C550000D4B11704FF007010C4A4FF00000C2F86C
:10C56000FC130CBF04220122C3F8FC2301232B700F
:10C5700038BD00BFFA2B0020E03F00B0100D0020B6
:10C58000004001B8340D0020001002B8002002B8AD
:10C59000034B1A6802609B8883800020704700BFAD
:10C5A000100D002010B5044600F0AEFD064BD3F888
:10C5B000F83724B983F40033C3F3404010BDA31E01
:10C5C00058425841FAE700BF000002B84FF63F72E8
:10C5D00008B50A4BD3F8FC37934206D0084AC3F398
:10C5E00001131370E022074B1A7000F0E7FD41F6CB
:10C5F0006A03B0FBF3F0044B186008BD000002B8FA
:10C60000350D0020360D00208829002020B1022899
:10C6100004D1034B18787047024BFBE700207047AA
:10C62000350D0020360D00202DE9F74F846C4C228B
:10C63000022C38BF02246A49013C0B6AD1F8CC5065
:10C640006849C3F38213DA400B680646A34290F8A8
:10C6500004B1654BDFF8ACA1DFF8AC91DFF8AC8139
:10C6600002F0010214D11878904211D19AF800001A
:10C6700058450DD1F06C58B1A84209D1B57D99F853
:10C680000000854204D1B8F8040003B0BDE8F08F83
:10C690000C6098F800101A700846FFF7B7FF002AE0
:10C6A00000F0868004234FF07F4100254F4AC2F8F6
:10C6B000B8304F4BC3F8B810B37D1B06C2F8B83082
:10C6C0004FF08052494BC3F8B42000F077FD40F2A0
:10C6D0007123B0FBF3F0192160431828B0FBF1F18E
:10C6E0004FEA054470D8002C78D0B4FA84F2C2F135
:10C6F0002002C2F10F03012B38BF0123D440A14215
:10C7000001D2013B64086A1C03F01F0152008A40F9
:10C71000384F121B9208C7F8B0201A0242EA0312DF
:10C720001343019305EB052305EB0325324B40F63C
:10C73000C70218682B21003818BF0120FDF70EFA38
:10C74000FA222D4B02FB04F01B6840F6FF72B0FB8F
:10C75000F3F00A235843294B00F57A74C3F8C42038
:10C76000019AA3F58053C3F8C420A3F58053C3F8FE
:10C77000CC50D3F8CC3000F58C50C7F8FC30F564C1
:10C780001F4D14302C6001F0CDFE4FF47A72C7F8C3
:10C79000A400C7F8F8002B68B4FBF2F0B3FBF2F387
:10C7A000A8F80430B37D8AF800B089F800306CE74F
:10C7B000002914BF10252025B37D834294BFED18B6
:10C7C0002D1805F0FF057BE7B1FA81F234B1B4FA18
:10C7D00084F3D21A002A8CDC0F2390E70F2392E710
:10C7E000004001B8F00B0020FB2B0020001002B825
:10C7F000002002B8003F00B088290020006001B886
:10C800008C290020330D0020320D0020100D002057
:10C8100010B5114B01461B78104C0E2B02D1FF2096
:10C82000207010BD184610F030FA02461846FFF787
:10C83000EDFE884228BF0846C0B2904238BF10467D
:10C840002378C0B28342ECD0054B20701868FFF704
:10C85000EBFE2078E5E700BF100D0020340D00202E
:10C86000F426002010B50446FCF7EAFE78B1154B1B
:10C870001B786BB964B1144B1B784BB1134B1B780D
:10C88000013B012B04D84FF40042114BDA6410BD78
:10C89000104BDB6C1B04FAD405F0E0F8044602F000
:10C8A0002FFC4FF400420C4B2046BDE81040DA64E8
:10C8B00002220A4BC3F87C240422054B1A6405F0BB
:10C8C000D1B800BFFC2B0020FD2B002090290020B8
:10C8D000002002B8000002B8001002B800D00350D7
:10C8E0004FF48022014B9A64704700BF005000B89B
:10C8F00070B5054600F008FC01213A20E7F754FD29
:10C90000424C434B00201D70FFF7ACFF2378013BE6
:10C91000012B0CD80122217CE37B8A4030214B4340
:10C9200042F2100103F1A04303F570335A50002284
:10C93000384BC3F87C24ADB94FF6FF71364AC2F8C4
:10C940008410F821A2F58052C2F88410C3F87C54F8
:10C95000324B4FF08042DA644FF48022304B00209B
:10C960009A6470BD636883B300F028FC626800EBD2
:10C970005203B3FBF2F3013B1B0243F0F8032678AA
:10C980002549022E264A22D0032E4FF6FF75214854
:10C990002AD0012E33D143F00203C1F88450C2F8EB
:10C9A00084300723C0F87C343021E37B01204B43E3
:10C9B00041F21001227C03F1A04300FA02F203F5D8
:10C9C00070335A50FFF74EFF17E0F823D7E74FF6C2
:10C9D000FF7043F00103C1F88400C2F884300622DE
:10C9E0000C4BC3F87C24DFE743F00503C1F8845007
:10C9F000C2F884300423C0F87C340A4BA9E7C1F89C
:10CA00008450C2F884300023F5E700BF902900204D
:10CA1000FD2B002000C00350006000B8002002B8C9
:10CA2000005000B8001002B8034BDB6C002BBCBFF9
:10CA3000024BC3F888007047000002B8004000B8FD
:10CA40004FF0006338B1064AD364064B4FF400320E
:10CA5000C3F884207047044AD364044BF6E700BF50
:10CA6000001002B8005000B8002002B8006000B802
:10CA70002DE9F0472D4B2E4C4FF47A76A36000F051
:10CA80009DFB4FF4FA73B0FBF6F673430746294853
:10CA9000190E1B021818284A4FF0000341F100013B
:10CAA00003F0CEF9A0F580730546236320B9662212
:10CAB0002B21FDF753F801254FF47A724FF0000A4D
:10CAC0006A4353465008310203F0BAF91B4BB7F5DD
:10CAD0007A7F19601A4B4FEA056889460446186048
:10CAE0004FEA152505D276222B215046FDF736F860
:10CAF00001264FF47A73A8FB030103FB05117308A9
:10CB0000C01841F100010023324603F099F90D4BA2
:10CB1000023419600C4B49F10009A408186044EA7A
:10CB20008974034B013C9C63BDE8F087021101004E
:10CB300000C001B820A1070040420F00B02900202A
:10CB4000AC290020A8290020A42900201022044B91
:10CB5000C3F884215A600122024BDA60704700BF9B
:10CB600000E100E000C001B81022064BC3F88421A8
:10CB7000C3F88420BFF34F8FBFF36F8F0422024BA3
:10CB8000DA60704700E100E000C001B810B504466B
:10CB9000A242A2EB0000A3EB010104D2034B013936
:10CBA0009B6B0133184401F0030110BD00C001B8B4
:10CBB00038B501250A4B02019D504FF4807304469D
:10CBC000084A8340536604F049FF074AA54013789A
:10CBD00023EA05031370BDE8384004F043BF00BFEB
:10CBE00000E101B800E001B8FE2B00202DE9F84F6C
:10CBF000164605468A461F4604F030FF022E00F016
:10CC0000B080804604F031FF694B6A4AD3F8209027
:10CC100092F88D405A6EE4B2520744BFD3F8209088
:10CC2000013404F028FF644B644A1B681168A3FBBD
:10CC3000093213F100434FEA847301FB093343EBDC
:10CC4000020304F00302DAF80040012E04BF0134AD
:10CC5000E418A3EB040308BFCAF80040B3F1804F07
:10CC6000C0F093804FF0004000235549D1F800C038
:10CC700024F04041ECFB01035248A40F006800FB84
:10CC800001334B495048896B8B4281BF01340131DC
:10CC90005B1A04F00304A41A994584BF444A04F1C2
:10CCA000FF3404F0030488BF926BA3EB090C4455D6
:10CCB000A4B1FC0742BF41F61F71444A5167B9074E
:10CCC00042BF424A424951677A0742BF0021384A6F
:10CCD00091673C0742BF0021354A91654FF0110A28
:10CCE0004FF0010E324A05F11004240102EB051B3E
:10CCF000CBF80C3142F804A0136A3649A3EB0903C0
:10CD00000EFA05F4D2F864900A78E4B2224363453F
:10CD10000A7025D34FF48073AB4019EA030F1FD17B
:10CD2000425D002A40D10EB32B4AF807536607D55F
:10CD300041F61F7140F20110244B59675067596743
:10CD4000B90706D5214B224A234924485A67486728
:10CD50005A677A0742BF0122214B1A613B071AD456
:10CD6000404604F07FFE0120BDE8F88F1D4A2D01EA
:10CD700042F805E042F89C3C04F070FE15490B783F
:10CD800023EA04030B7004F06DFE404604F06AFED3
:10CD90000020BDE8F88F2120FFF746FE4FF48032D7
:10CDA000034B4046DA60DCE70B4A40465366D8E75F
:10CDB00000C001B8003E00B0A4290020A82900202E
:10CDC000AC290020B0290020FF2B002000E001B892
:10CDD00000001F1FFE2B002000D001B80000010141
:10CDE000000002B800E101B8024B1878003818BF03
:10CDF00001207047FE2B0020034B10300001185813
:10CE000000F00100704700BF00C001B8044B01F002
:10CE1000F071103041F0030100011950704700BF5C
:10CE200000C001B838B504F020FE084B084A1D6A5E
:10CE300092F88D405A6EE4B2520744BF1D6A013425
:10CE400004F019FE284604F0030138BD00C001B803
:10CE5000003E00B038B50B4B03EB00121030000160
:10CE6000D2F80C411D58FFF7DDFFAB0706D5844211
:10CE700000D90139204601F0030138BD844238BF92
:10CE80000131F7E700C001B808B52220FFF7CCFD5B
:10CE90004FF48022014BDA6008BD00BF00C001B82A
:10CEA000064B1B68434303EB8171054B1B68A3FBD7
:10CEB000003013F1004341EB00007047A829002027
:10CEC000A42900200C4A20F04043014610B5002060
:10CED00014684FF00042E4FB0320084A890F1268EF
:10CEE00002FB0300064B9B6B984204D901330131CE
:10CEF000C01A01F0030110BDAC290020B0290020A8
:10CF000000C001B8F8B50646FEF77CFC044608B13F
:10CF1000FFF72AFE00230B4D0B4FAB613046EB6150
:10CF20002B6287F88D30FFF7CDFFC9B287F88D10DF
:10CF300028622CB1FFF70AFE4FF08062034B1A649F
:10CF40000020F8BD00C001B8003E00B0002002B8CB
:10CF500070B50C68651C15D0C4F302669E42C4F31C
:10CF6000074530D1A4B294422DD804EB8506B242D5
:10CF700029D2141BA50824F003040E59340F04D041
:10CF8000012C09D00022012303E06B1C51F823205F
:10CF900000230260037170BD0D4C34F8133042EA77
:10CFA00003431A686B1C51F8234001EB83014B6863
:10CFB00022405E4036F07044EAD11B0F032B04BFC1
:10CFC0008B681A43E4E7013501EB8501C1E700BF37
:10CFD000C0E9030070B51646054610B90124204685
:10CFE00070BD0029FAD04268104B006803321B68FC
:10CFF000920800F13040984704460028EFD1002EF7
:10D00000ECD0EA68A86803323146920800F130405B
:10D010000FF06FFE04460028E1D1D5E90402214655
:10D0200000F130400FF05EFFD9E700BFF80B0020A1
:10D0300007B501A8E8F7B4F99DF80530022B02BF47
:10D0400040220B4BC3F8FC23C8220A4B5A650A4BFB
:10D050000A4AD3F86032DBB2FF2B08BF03239B00E0
:10D0600043F47F53C2F8F83303B05DF804FB00BF0C
:10D07000001002B8008001B80080E00F000002B884
:10D08000002310B5194C012123643A206364A36482
:10D09000E7F78AF90122164B5A6102229A62E36885
:10D0A000C3F303630D2B01D0002BF8D11123114AD8
:10D0B000A36311491148FFF78DFF01F069FB104A86
:10D0C000936843B94FF08062094B5A61012203F51E
:10D0D00080535A6110BD0B49D268096803F130438F
:10D0E000032AEFD943F8041B043AF9E7000002B819
:10D0F000001002B820EA030024EA030008EA030053
:10D10000F0E903000C0C0020012341F6FF710D4AE9
:10D11000C2F8803291660C4A53600C4A53600C4A44
:10D120005360A2F580425360A2F54042536002F57D
:10D13000C032536002F580425360A2F50042536052
:10D14000704700BF0090005000D000B8001000BA37
:10D15000005001B838B50324FFF7D6FF114A124B2F
:10D16000124DDA64FFF764FF114BC3F8E04001236E
:10D17000EB6401F091F94FF460736B614FF400734D
:10D18000EB640FF00CFD0021FEF70EFE8022094B30
:10D190001C64A3F580535C64074BC3F884215A6078
:10D1A00038BD00BF0048F000000002B8001002B80F
:10D1B000005001B800A002B800E100E008B5E6F7B1
:10D1C0007DFA044B1B6FC3F300430133B0FBF3F054
:10D1D00008BD00BF008000502DE9F04F044687B025
:10D1E00003908A465AF8046B731C06D1039B266091
:10D1F000E01A801007B0BDE8F08FC6F30745012D97
:10D2000038BF0125324BC6F3016233F81230B7B292
:10D2100047EA0347EB002F490493043323448B422E
:10D220004FEA167602D92C4B9C424ED907234FF079
:10D230000109D346D34003F0010309FA06F902932A
:10D2400009F0940304F1080801950593059B0BF17F
:10D25000040B53B919F0420F19D119F0280F0BD153
:10D2600048F8087C5BF8042C20E040F2AA723221D6
:10D270000020FCF773FCF3E740F2AF723221029812
:10D28000FCF76CFC07F5805248F8082CEAE74FF4ED
:10D29000F76232210298FCF761FC07F50052012E7B
:10D2A00048F8082CDED15BF8042CD243019B48F8E7
:10D2B000042C013B07F1040708F108080193C5D1CC
:10D2C000049B0AEB85011C448BE7002092E700BF1A
:10D2D000B8E90300DF4F00B0E04F00B0F8B50646F4
:10D2E000E0B10024144B25461F46144953F8042B83
:10D2F000AAB91348314600EB8500FFF76DFF30B93E
:10D3000040F661023621BDE8F840FCF727BC0D4B22
:10D310000135281847F8246023F81400F8BDB242FC
:10D32000FCD001340C2C02D031F81450DEE740F66A
:10D330006F0236210020E6E7B4290020B62A00203B
:10D34000404000B0B82A002070B5044690B1A9B1A1
:10D350003A4A52F8043B834212D10023384A116CF6
:10D36000C907FCD49B0003F5804340331360354B61
:10D3700001221A6470BD01330C2B02D1324D2CE016
:10D38000012352F8041BA142F5D1304A32F8133080
:10D39000E4E7C2F3016335F81300110C93B211F006
:10D3A000FE0F43EA0043606820D00434CAB2022A68
:10D3B000216808D9D4E90160033AC3E900169860EE
:10D3C0000C340C33F3E704D16268C3E9001208346B
:10D3D00003E0012A01D1043419602268531CD8D11A
:10D3E0000022174B1A6003F58053C1E7120F072A7A
:10D3F000EDD8DFE802F00704090D1013181DC04333
:10D4000003F500531860E2E71A6842401A60DEE74D
:10D4100003F58053F6E70FF061FCD8E7012203F52E
:10D4200080538240F2E7012203F500538240EDE78A
:10D430001A6830EA0202FBD1C9E700BFB429002014
:10D4400000C002B800D002B8C0E90300B62A00202C
:10D450000122014BDA647047001002B80122014B2F
:10D46000DA647047002002B84022014BDA6470474A
:10D47000002002B84022014BDA647047001002B865
:10D4800008B50C4B1B68D3F8C83023B11A68022AC0
:10D4900001D9186A08BDFFF791FE074B02469B6D44
:10D4A00098B20028F6D0C3F30743D2085343B3FB26
:10D4B000F0F0EFE7F4260020004001B8064BDB68EF
:10D4C000C3F30363984206D1044A936E23F0F0033A
:10D4D00043EA011191667047000002B8003F00B0B6
:10D4E00010B50446FFF7CCFF0F4AD2F838311B04C1
:10D4F0000E4B48BF40089B6C03F4C053B3F5805FEC
:10D500000ABF936BC4F30113C3F34163012B02D031
:10D51000022B02D010BD4008FCE7C4F3C424013440
:10D52000B0FBF4F0F6E700BF004001B8004000B8DF
:10D530002DE9F0470E460FF0B4FB00248046DFF8DB
:10D54000B4A0DFF8B49004F089FADAF80C3007469A
:10D55000C3F30363012B0BD1711C35D00FF0A1FB7A
:10D56000A0EB0804384604F07DFAA642EBD80DE0A3
:10D57000052BF1D00B2BEFD0023B012B09D9013643
:10D5800002D00FF08EFB384604F06CFA1848BDE864
:10D59000F087D9F80C3013F4603FDDD0D9F818309B
:10D5A0001A04C3F3891512D4013602D00FF079FBA7
:10D5B000384604F057FA2DB26FF4FF73A5F1C80096
:10D5C0009842B8BF1846E2E704F04CFABBE7731C78
:10D5D00003D00FF066FBA0EB08046FEA85556FEAF5
:10D5E0009555384604F03EFA15F5007FBDD0E3E7C7
:10D5F00000FEFFFF000002B800C000B80122024B8D
:10D6000098611A61704700BF000001B8044BD3F85D
:10D61000AC3010B1C3F30332027003F00F00704757
:10D62000000002B8094B01F080011B6C03F4800379
:10D630000B4309D14FF40012054B1A62837F1BB1D3
:10D640000122044BC3F80021704700BF000002B85C
:10D65000006001B8005001B810B504F0FFF9084BA4
:10D6600004461B683BB1984728B1002200204FF4C4
:10D67000806101F0A7F92046BDE8104004F0F2B93E
:10D68000E42900204FF604014FF60502044B012067
:10D690001B6C9BB28B4208BF1346024A136670474D
:10D6A0000080E00F00C001B8074BD3F8483203F008
:10D6B0000303012B03D0022B03D00020704703F09B
:10D6C000B2BFE6F745B800BF008000502DE9F74F24
:10D6D000DFF8ECB081460F46DBF808A0FFF7A2FBAD
:10D6E0004FF0FF35CDE9000100202C46064606F13B
:10D6F00010031B015BF8033003F00308B8F1010FBE
:10D7000015D13046FFF7A6FB02460B46DDE90001C6
:10D71000FFF73CFADBF8643006F10802D340DB0780
:10D7200037D5002F3ED000252C463E6040460136BE
:10D73000082EDCD150B3224F0AF44033B96B0022DB
:10D740000131A4FB0141641941F10001B3F5003F2F
:10D7500030D17B6B0AF4405A013342F10006BAF52E
:10D76000805F22D13D6B15F5807505FB06F642F111
:10D77000000203FB0266A5FB03323244594304FB5B
:10D780000212A3FB04341444C9E9003403B0BDE819
:10D79000F08FA84271EB0403C8D207B13E60054682
:10D7A0000C46C3E73D463C46C0E7320242EA1362FC
:10D7B0001B02E3E73B6B13F5807342F10002DDE7E8
:10D7C00000C001B8F8B506200FF072FA04460FF059
:10D7D00068FA42F21073041B9C42054618D94FF0B8
:10D7E00080624F240B4B1A6441F26F770A4E0BE0B4
:10D7F0000FF057FA401BB8424FF0F70221468CBF9A
:10D8000000200120FCF7AAF9336C5B01F0D5F8BDCC
:10D810001A24E9E7002002B8000002B808B50FF0AA
:10D82000D5FA0122054B93F8853002335B00DBB259
:10D8300002FA03F3024A536108BD00BF003E00B084
:10D84000002000B80B2870B500F29580012900F285
:10D8500092804A4B83F8840083F88510484B5B68BC
:10D860009D05C3F3402227D44FF038435A60454A00
:10D87000506E44026BD5444B5B6803F00303022BEC
:10D8800065D00223C2F848320122404B9A604FF023
:10D8900038435A60DA60996A0807FCD11969C907E8
:10D8A000F8D540F2FF323A4B9A615A614FF4007258
:10D8B000334BC3F884215A60304C01213B20E6F7FA
:10D8C00073FD94F8853094F88420324943F4402362
:10D8D00043F41063063241F82230FFF76FFC46082C
:10D8E000C507FFF7E1FE002302463146284602F055
:10D8F000A7FA090241EA1061C0F3C05040EA4100B2
:10D90000254BA067186B10F5807005D14FF4E172BC
:10D910002B21FCF723F902200246002300200121DD
:10D9200002F08EFAE067FFF7BFFE40F64943584326
:10D93000000DFF2828BFFF20022838BF0220002149
:10D9400084F88C00012000F0BBFD002070BD10F4B5
:10D95000001006D0114B586800F00300023818BFC1
:10D9600001204FF4A9721B21FCF7F8F80122054BA6
:10D97000C3F8482288E70120E8E700BF003E00B076
:10D9800000E100E00080005000000250001000B8EC
:10D99000002000B80080035000C001B800400250D1
:10D9A00038B1064B93F88400087093F885301370F3
:10D9B000704707230B700123F9E700BF003E00B05A
:10D9C00070B5FFF7FFFE0021022000F079FD0FF097
:10D9D00068F904460F4D104ED5F8F4331B070BD5EC
:10D9E00004F03CF8BDE8704002220C4BDA600122E2
:10D9F0000B4B1A7004F036B80FF053F9001BB0420D
:10DA000040F22A224FF045018CBF00200120FCF794
:10DA1000A5F8E1E7000002B83F420F0000C001B8DE
:10DA2000072C0020224910B50B78002B3FD0012293
:10DA3000204C94F8853002335B0002FA03F31E4A4F
:10DA400093614FF400721D4BC3F8842100230B70C7
:10DA50001B4B4FF43072186C3921C0F38060FCF717
:10DA60007DF84FF48041174B174AC3F894100C21EE
:10DA700094F885304B4303F138435B6BD4F8801046
:10DA8000994202BFD2F86C31C4F88830D2F86431C0
:10DA9000D4F8880008BFA4F88630B4F8861000F0E7
:10DAA000A7F8BDE810400121022000F009BD10BD1B
:10DAB000072C0020003E00B0002000B800E100E08C
:10DAC000000002B800E001B800C001B810B504467B
:10DAD000FFF7EAFD6043044B00F5F42000F5907079
:10DAE000B0FBF3F010BD00BF40420F002DE9F74F2F
:10DAF000FFF7ECFF0546FFF765FE03F0AFFF0021DF
:10DB00004FF0384ADFF8E4900646684689F800107E
:10DB1000FFF7DCFD304BDAF82070DB6813F0706F34
:10DB20001DD12E4B5B6913F0060818D100284CD08C
:10DB3000FFF744FB691DA1FB00B4FFF7B5FD2146CB
:10DB400002464346584602F07BF9DDE9004B0902E4
:10DB500041EA10610002A04271EB0B0105D330468F
:10DB600003B0BDE8F04F03F07DBFFFF79DFD220A33
:10DB700042EA0B624FEA1B23A0FB02B200FB032424
:10DB8000FFF71CFB434602462146584602F058F96F
:10DB90000C220121124B013593F885307F1B5A432B
:10DBA00002335B00074402F13842DCB2576301FAEA
:10DBB00004F40C4F99400C4B7C619961DAF82030E9
:10DBC000526B2D1A9B1AAB42C9D30222034BDA6067
:10DBD000012389F80030C2E7000002B800C001B894
:10DBE000003E00B0002000B8001000B8072C002054
:10DBF0002DE9F04F4FF00C0A0027B54A054692F880
:10DC0000854088460AFB04F303F138431F6392F80A
:10DC10008420B04B87B0C3F8B4204FF40032AE4B31
:10DC200046461A610222A3F58053DA604FF038436A
:10DC3000AA4A1B6A92F82413AB46C9B2059192F81E
:10DC400029130134C9B20491012104F0010482F8BE
:10DC5000247382F82973A21C0AFB04F4500001FA11
:10DC600000F003F1FF390290019004F13844A3EB76
:10DC70000903002B40F3FF800137022F65D9DB2217
:10DC80000D210020FBF76AFF4FF080539449934A1F
:10DC90004B66059B934C03F0F00382F82433049BFE
:10DCA00003F0F00382F82933894A4FF40033C4F8B3
:10DCB0006CB1C4F86461A2F886600026C2F8809056
:10DCC000C2F888B00B61834BC3F8B4600C2392F8A0
:10DCD00085205A4302F13842166303F0BFFE3346F3
:10DCE00032464FF4807E276AD4F864C003F11001F5
:10DCF0000901615801F00301012910D10EFA03F165
:10DD000011EA0C0F0BD104EB0316AF42D6F80C61ED
:10DD1000C0F0D880B54202D2B74280F0D68001333D
:10DD2000082BE3D1704D2C68012C40F2E3803AB10E
:10DD30006749B1F88E301343A1F88E30664B5A66AE
:10DD400007B0BDE8F04F03F08DBE4FF0000B604E02
:10DD500096F885300AFB03F303F13843C3F830B07B
:10DD600003F07CFE4FF080515D4B039059664FF0FD
:10DD7000384396F885201B6A00920AFB02F203F1F1
:10DD8000010902F13842C2F83490534A0233116754
:10DD9000C4F830B0029A6363544B52485A61019AF6
:10DDA000A3F580539A618368DB0340F18880D6F83D
:10DDB0008030B26FA9EB0303A3FB0221036B03F5D1
:10DDC000807CF36FA1FB0360A2FB03E39B19ACFB18
:10DDD00003E640F100000CFB0066B2EB0E0261EBC3
:10DDE0000606120A42EA06624244B2EB1C2F4FEAD0
:10DDF0001C2603D3013340F10000921B043E9642DF
:10DE000028BF16463749324A8E6192F88D20D1F8E4
:10DE100020C0EB18D2B2896B40F10000654584BF89
:10DE200002F1FF32D2B2B1F1FF3F0ED04FF0000E3F
:10DE300001F1010C99427EEB000B08D20132B3EBE9
:10DE40000C03D2B260F10000F4E70244D2B29B4668
:10DE50001F49244B02F0030281F88D20C3F820B043
:10DE60000222009B03980AFB03F303F138431A6371
:10DE7000226303F0F7FD4FF038431B6A009303F071
:10DE8000EDFD1B490A6922F004020A6130BF4FF020
:10DE90008051019B154A936102F5E032116700221F
:10DEA000102122630D4AC2F8841103F0DBFD0D4AF4
:10DEB000009B526E12F0805F3FF4D9AEE4E6464616
:10DEC000AB46CDE7B542BFF427AF11438AB226E790
:10DED000003E00B00080035000D001B800E100E037
:10DEE00000E001B800C001B850290020002000B8AF
:10DEF00000ED00E011490B78142B01BF0023104EF8
:10DF00000B7033700B7801330B70002A3FF418AF9D
:10DF10000C4EB6F88E301343A6F88E300A4B5A6674
:10DF2000074A13780133DBB2022B13707FF408AF7A
:10DF3000002301342C600B70137001E7092C0020C2
:10DF4000082C0020003E00B000D001B8F8B50B4608
:10DF5000002213F8044B944225D91D68854224D130
:10DF600006245A791D79124B88181E6804FB050394
:10DF7000104F33F8063C7B43B3420ED900238A5A34
:10DF80007A43964202D804FB0300F8BD9D42FAD9B9
:10DF9000013304FB03F2825AF2E740F25F423D2173
:10DFA0000020FBF7DBFD0020EFE708330132D2E76A
:10DFB000E829002040420F0000202DE9F84FA2FB85
:10DFC000018BBD4EBD4F18EB060699466BF1000361
:10DFD000B74270EB030307D240F259220E21FBF740
:10DFE000BDFD0220BDE8F88FD9F814A00C461546F7
:10DFF000BAF1000F04D0DAF80030032B00F21D81D3
:10E00000AF4BB04A9F6BA3F58043D3F8EC30C7F316
:10E0100014075900AC4B48BF47F400171B6ED2F8E9
:10E02000FCA05A074EBF4FF440039B0503F0E0737A
:10E030001F43A64BD3F8E4309E0748BF47F08077D4
:10E0400047EA4567E5F76AFB012D0646C9D1002876
:10E05000C7D09F4B984200F0FF8003F5122303F5D1
:10E06000F863984200F0FE809A4B984200F0758168
:10E07000002502462B4600204FF0007101F0E0FE23
:10E080002B46013008FB03F3C7F3130100FB0B33EE
:10E09000A1FB0662A8FB008001FB0522034420339C
:10E0A0009B09C9F80030F60C8B4B46EA4236F80261
:10E0B0001C6058BF7642894B894D34441E602C60E9
:10E0C000BAF1000F00F0B7800023F9018549C7F3CA
:10E0D00081528A5C194648BF6408002EB8BF764258
:10E0E00092066008C2FB0601224601F0A9FEDAF89A
:10E0F00000600E2E08D9744B714A916BDA69D3F81F
:10E100000C31D20600F1CF8017F4001714BFC422DF
:10E1100040F207127449C0F31300A1FB04C14FEA97
:10E12000511102FB01F1C9F80400DAF818004FF4AC
:10E13000FA73B1FBF0F118BF002701FB03F3A4FB56
:10E1400002C2FA33A3FB003004FB0722634590416F
:10E1500038BF0131C9B241F4006CC9F808C00029C8
:10E160007ED0DAF81C00A1FB00371CB1B4FA84F2AF
:10E170000E2A7EDDE203002F78D1B2FBF3F25300CA
:10E1800003FB0113A3FB00874FEA044EC6454FEA89
:10E19000144474EB070709D34F003B44A0FB0381F1
:10E1A000C64574EB010102F10102F6D2C2F30E0280
:10E1B0004CEA023C4CF00063062EC9F8083040F2ED
:10E1C0009980DAF83030002B00F094800023C9F8F1
:10E1D0000C30C9F81030E5F7A1FADAF83010FFF783
:10E1E000B5FE044618B18378002B40F0D580E5F7E2
:10E1F0005FFADAF83010FFF7A9FE0446D8B1837849
:10E20000CBB1407940F28B52003818BF01203D213C
:10E21000FBF7A4FC207940F28C5200384FF03D010E
:10E2200018BF0120FBF79AFC237962791B0243EAAD
:10E230000213C9F810300020D4E6042BDAF8287055
:10E240007FF400AFF8014CBF4FF4400307F0E073D8
:10E2500027F0E0771F43F5E6002324481D4611E729
:10E260000120BFE6002322481D460BE70B46002293
:10E2700088E7C2F10F0E02F1110807FA08F823FA35
:10E280000EF343EA0803AEF1200827FA08F843EA40
:10E29000080327FA0EFE01334EF1000704FA02F2DA
:10E2A000002FE3D169E701F4801103F4001319434F
:10E2B00008BFC0F5801027E7006CCA88807C814ABF
:10E2C000008001B8004F00B0004001B8000002B863
:10E2D00000F04902005A6202F0290020EC290020D7
:10E2E000E8290020DCE90300D34D62100A3BB2DFCD
:10E2F000313641DCE5F712FA2C6894B3B4FA84F3B2
:10E30000D3F1020358BFDC40354B9C4288BF640800
:10E31000C8B3B4FBF0F3642100FB134201FB02F22B
:10E32000904203F1FF3253D85D085308013D1B02B0
:10E3300043EA0515C9F80C50E5F7C0F9E0B1B4FBA4
:10E34000F0F2642100FB124401FB04F4A0423DD82A
:10E35000531E52085B08013A68E7002321481D4616
:10E3600090E66FF01F050028E4D140F2DD422B213A
:10E370000020FBF7F3FBDDE74FF4A0622B21FBF756
:10E38000EDFB621EE4E7631EA51E5B086D08013B02
:10E390002D0245EA0315E8E740794FF4AE620038F4
:10E3A00018BF01203D21FBF7D9FB207940F27152C3
:10E3B000003818BF01203D21FBF7D0FB237962799B
:10E3C0001B0243EA0213C9F80C3010E71446D8E7E1
:10E3D0009D1E6D085308013B2D0245EA0315A9E770
:10E3E0003FBE4025D694BFD610B5044686B059B975
:10E3F000214B4168D3F8FC30827A204805930068AD
:10E400006B46FFF7D9FD69461D4B0A685A631A4BE4
:10E41000D3F8FC3033B34B6843B11A4B1A4AC3F8F4
:10E420000C214A68A3F58053C3F80C218B6843B1D3
:10E43000144B164AC3F8EC208A68A3F58053C3F83E
:10E44000EC20134AC868D2F8743123F4EE63034316
:10E45000C2F87431D2F86C31096923F4EE630B43CE
:10E46000C2F86C31002022890A4B9A6203F5A0336E
:10E47000186406B010BD00BF004F00B0F4260020A5
:10E48000008001B8006001B8FFFF0F00FFF8FF0F28
:10E49000000002B8004000B8064B9A6E920607D5FD
:10E4A0005B6E002B4FF48043B4BF034A034AD3642E
:10E4B0000020704700800050002002B8001002B811
:10E4C000064B1A6C9207FCD4022240EA01205860E5
:10E4D000034B1A640122034B1A70704700C002B844
:10E4E00000D002B80A2C002040B10368012B05D9E6
:10E4F0000069034B002808BF184670470048704762
:10E50000E4E90300064B586E5B6AC0F30112000C8D
:10E5100002FB000003F01F0301331844704700BFE3
:10E52000004001B8084BC1171A68A2FB000302FBA8
:10E53000013310F1807043F10003400E40EAC31034
:10E54000803820EAE0707047F82900200722194B34
:10E5500070B5DA63FEF732FE174BC408010B0546AF
:10E56000E005C018154A41F10001002301F068FCE4
:10E57000134B144E18601448FFF7D4FF4042C6F8FE
:10E58000DC0049F65800FFF7CDFFC6F8A8000F4899
:10E59000FEF798FC024660B1E301500818184FEAF4
:10E5A00015714FF0000341F1000101F049FCC6F87C
:10E5B000B40070BD000002B8B2E60E0065CD1D00CB
:10E5C000F8290020003F00B07011010040420F0008
:10E5D0002DE9F047064608469846FFF785FF1546A1
:10E5E000074616B308F0020918F004081FD1B9F164
:10E5F000000F1AD04FF47A7073685843002B40F024
:10E600008680FFF78FFF28637369002B00F08580F9
:10E610004FF47A72B86802FB0300A0F5FA50FFF7D6
:10E6200081FFE862B8F1000F53D1BDE8F08730698F
:10E63000002863D04FF47A735843BB68A0F57A6022
:10E64000C01AFFF76FFFA862B08B002859D04FF4B3
:10E650007A735843BB68A0F57A60C01AFFF762FF6F
:10E66000E861324BF468D3F800A0002C4CD04FF492
:10E670007A735C43BB68A4F57A64E41A7B68E41A95
:10E680002B4BE1171A68A2FB044302FB013314F180
:10E69000807443F10003640E44EAC314803C254BAC
:10E6A0002C62D3F8C430244C6B6223684BB15046C3
:10E6B0000EF03BFA28B12A4639462368DAF87C0086
:10E6C0009847B06900210EF0ADFB6863B9F1000F07
:10E6D00090D1B06820BB47F23050FFF723FF68614C
:10E6E0004FF47A703368584323B13B6803F51C53E9
:10E6F00010331844FFF716FFA86196E749F640402B
:10E700009FE749F64040A9E749F64044B8E73B682F
:10E7100003F51C531033184473E747F230507EE77B
:10E720004FF47A735843A0F5FA50D6E7F426002048
:10E73000F8290020003F00B0F429002008B9FFF7B5
:10E74000E1BE034881420CBF2F20BC20704700BFB0
:10E7500048E8010010B508461C460EF0B0FA094B17
:10E760000246D3F8FC00FFF7BFFE4368A018002B59
:10E77000054AA8BF4FF4FA721A44044B92FBF3F215
:10E78000104410BD004F00B00CFEFFFF18FCFFFF4F
:10E7900070B588B06D46124C0FCC0FC594E80F00D1
:10E7A00085E80F00B02200210E480EF09BFB2022CE
:10E7B00000210D480EF096FBD82200210B480EF0E8
:10E7C00091FB0EF02EFB0A4B1B783BB16D46044EBD
:10E7D0000FCD0FC695E80F0084E80F0008B070BD9C
:10E7E000E03F00B0503F00B0E04F00B0783E00B0D6
:10E7F000FA2B00200A4B197801F0FF0229B1002101
:10E80000197008499202C1F80421597801F0FF02F9
:10E8100029B1002159709302024AC2F808317047A9
:10E820000B2C0020005000B8064BD3F8EC0E064B22
:10E830005B6C1A0103D4054B9B6E1B0401D500F5DC
:10E8400080707047003000B0000002B8004000B88F
:10E8500008B503F003F90E4B1A78A2B90D4A1268F5
:10E8600012F4843F0FD10C4A1021D1641B7863B994
:10E87000084B1B68DB0508D4074B2022DA64BDE88F
:10E88000084003F0EFB8054AEEE7044BF5E700BF98
:10E890000F2C0020E0110020002002B8001002B868
:10E8A00010B503F0DBF80E2104460320FEF706FE48
:10E8B00040F20122034B2046BDE81040DA6203F02B
:10E8C000D1B800BF004000B80022044B1A70044BBE
:10E8D000197811B11A70FFF7BBBF70470E2C0020DA
:10E8E0000F2C002008B503F0B9F84FF00042264B7A
:10E8F000C3F88020BFF34F8FBFF36F8F0122C3F89F
:10E900008420BFF34F8FBFF36F8F0222C3F88420A0
:10E91000BFF34F8FBFF36F8F0422C3F88420BFF380
:10E920004F8FBFF36F8F0822C3F88420BFF34F8F40
:10E93000BFF36F8F4FF00052C3F88020BFF34F8FAB
:10E94000BFF36F8F1022C3F88420BFF34F8FBFF344
:10E950006F8F2022C3F88420BFF34F8FBFF36F8FD8
:10E960004022C3F88420BFF34F8FBFF36F8F4FF463
:10E970008062C3F88420BFF34F8FBFF36F8FBDE871
:10E98000084003F06FB800BF00E100E008B503F0F5
:10E9900065F84FF000420A4B1A6001225A600422C7
:10E9A0005A6008225A604FF000521A6010225A60D2
:10E9B00020225A6040225A60BDE8084003F052B855
:10E9C00000E100E0012370B5074C2370074B1E687F
:10E9D000074B3240D3E9005319402840FBF738FD7C
:10E9E0000023237070BD00BF0D2C0020002A0020E2
:10E9F000E01100202DE9F047DDF820A003EA01082E
:10EA0000099B06460D4602EA000703EA0A09BAF125
:10EA1000000F40F05C81031F0B4300F01C810528B0
:10EA200071F1000380F0F28050EA010300F072817E
:10EA3000431E0B4300F03281FFF754FFB64AD2E980
:10EA4000004323EA050324EA06043C4343EA08079B
:10EA5000B24BC2E900471E6826EA0A0646EA0906E2
:10EA60001E60FFF7F5FE14F02A4F14BF48F20203B0
:10EA70004FF40043AA4AB007D26EAA4848BF43F4F5
:10EA8000005383EA020122EA0302C266A64A0B404F
:10EA90008166D366C4F380421203210348BF42F467
:10EAA0008072E30648BF42F40052A04BA50648BF5F
:10EAB00042F400726006D3F80C3248BF42F4806220
:10EAC000210648BF42F40062994882EA030123EA22
:10EAD0000203C0F80C32974B0A40C0F80812C3F882
:10EAE0000C22BA0507F4007300F11081924A1D460A
:10EAF000D2F8A41002F50052C2F8A410C2F8A01077
:10EB00004FF05022C2F8A4308C4ADFF86C8282F8B1
:10EB10008830E30448BF45F48035A00348BF45F47E
:10EB20008015A10748BF45F4001514F4001F06D056
:10EB3000D8F800000EF09DF908B945F40025E2026E
:10EB400048BF45F40035FB067D4B48BF45F48005C2
:10EB50001A6A7C4985EA020323F001031A400A621B
:10EB60001D40CB61784B16F0010F1D62774B784A40
:10EB700018BF1A46774B7D071B6F48BF42F00062F3
:10EB8000754882EA030123EA02030367734B0A40D4
:10EB900041661A67724A04F00103916CA0F5803057
:10EBA00081EA030221EA0301816442641A406D4B49
:10EBB00020029A64D8F8002048BF6B4B92F81D21C0
:10EBC00058BF6A4B610748BF43F4806322B114F415
:10EBD000C06F18BF43F4807332074FF03A42BDE86C
:10EBE000F047D2F8181148BF43F0004383EA01020E
:10EBF00022F4A0225E481140C0F818111340C0F85A
:10EC000014215C4AC2F81831FFF7C0BEA0F580633A
:10EC10000B4306D020F48063A3F500730B437FF40D
:10EC20000BAF02F01BFF3C49D1E9003223EA060397
:10EC300022EA050242EA08023B43C1E900324E4A99
:10EC4000126892F81D114A4A09B313F4C06F1ED01E
:10EC50004FF4807311E002F001FF2F4AD2E9003136
:10EC600023F004033B4341EA080157EA0807C2E9DD
:10EC700000314FF480633E4A0BD0C2F81431A2F544
:10EC80008052C2F81831BDE8F04702F0EBBE4FF4F5
:10EC90008073C2F81831C2F81431F4E702F0DEFED6
:10ECA0001D4AD2E9003123F001033B4341EA080148
:10ECB000C2E900310123314A57EA08071BBF5364F8
:10ECC000A2F580529364936408BF5364DBE750EA73
:10ECD00001037FF4B1AEBAF1010F7FF4ADAE02F0E3
:10ECE000BDFE0E4A136823F0010343EA09031360D3
:10ECF0004FF48063184AB9F1000F04D05366A2F5AF
:10ED000080521367BFE713675366BCE701234FF4D4
:10ED10008025F9E6BDE8F087E0110020002A0020F8
:10ED2000004000B8006000B8005000B8004001B8D2
:10ED3000006001B8005001B800400050003F00B032
:10ED4000000002B8002002B8001002B8041C000342
:10ED50000418000300C001B800E001B800D001B8F9
:10ED600000C000B800D000B80D0A0A09090A0A0953
:10ED7000002000BA001000BAF426002000E000B81D
:10ED8000024B5868C0F3C000704700BFE01100207C
:10ED9000024B186800F00100704700BFE01100202E
:10EDA000024B5868C0F3C030704700BFE01100202C
:10EDB00010B50446FEF7CEF9FFF794FD04F180008C
:10EDC000FDF7DAF9FEF75CF9FDF752FEFDF7BEFE3E
:10EDD000FFF7BCFB13490723134AD1F8FC1004F1D9
:10EDE000D800FFF7F5FB4FF080710020FEF70EF81A
:10EDF0004FF000720D4B4FF400110120C3F80021B9
:10EE0000FEF704F8FEF73EFC20B940F2E722142199
:10EE1000FAF7A4FE0EF003F8BDE810400120FDF75C
:10EE200067BD00BF004F00B0A43F00B000D001B8E4
:10EE30008022074B1A64082203F580531A64054A9E
:10EE4000D2F8C43E23F02003C2F8C43E704700BF8E
:10EE5000001002B8003000B008B502F0FFFDFFF767
:10EE6000E7FF0122024B1A61BDE8084002F0FABD3B
:10EE7000000002B8F0B583B014460646FFF70CFB5D
:10EE8000FCF7C0FC002800F09780524B5D6915F03C
:10EE9000060540F0918002F0E1FD23790746022B40
:10EEA00000953ED1237B022B35D00320FDF7A4FF34
:10EEB00018B9494BDB685B047BD5A37B257B003B02
:10EEC00018BF0123A2684549012D01920B705ED045
:10EED0000023434A434C13702278002A62D1042055
:10EEE000FDF766FE04203B4E2A46736F0DEB0001D2
:10EEF00023F0F85323F4F81343F0506343F48033C2
:10EF000073670223FDF772FE00285CD001213022D6
:10EF1000354B2170DA64384602F0A4FD002003B0BE
:10EF2000F0BD0320FDF768FF002842D12279D6F812
:10EF3000E030012A226839D0D51A0021254B2B4A0E
:10EF400000955A679967637B294A8B4214BF0B4629
:10EF500001231370274B274AD3F8C43E4FF0030018
:10EF60000CBF43F0200323F02003C2F8C43EFDF79A
:10EF70001FFE184B204A03205A6769460123227955
:10EF8000FDF734FED0B101221C4B1A708AE72379B9
:10EF9000022B9DD0009BD6F8E01000250B441344B3
:10EFA000019395E72370FFF753FC98E79A42C4D387
:10EFB000C2E7384602F056FD0320B0E7384602F0BB
:10EFC00051FD0120ABE70320FDF7F2FD074B38466A
:10EFD0007367EFE700C001B8000002B8112C0020F1
:10EFE0000E2C00200F2C0020001002B800000101A0
:10EFF000102C0020003000B0010C0100122C002069
:10F000002DE9F34100240D46074602F027FD1B4B76
:10F01000DFF874801C70FFF70BFF194B0646C8F829
:10F020007430C8F878406879431E58425841FCF75C
:10F030008BF840F60143C8F878302A792968012A0C
:10F04000D7F8E83001D1994200D3CC1A0423032029
:10F050000DEB03010194FDF7C9FD48B98822094B66
:10F0600030461A6402F0FEFC012002B0BDE8F081D7
:10F07000304602F0F7FC0020F7E700BF122C00201A
:10F0800000000101002002B800C001B8F8B5194C19
:10F090000546207840F20642B0FA80F03E21400951
:10F0A000FAF75CFD55B9607840F20642BDE8F840D9
:10F0B000B0FA80F03E214009FAF750BD4FF44066A7
:10F0C0000D4F0E4DD7F8043140F20642C3F38123B1
:10F0D0002370C5F8046160783E21B0FA80F04009E1
:10F0E000FAF73CFDD7F80831C3F381236370C5F804
:10F0F0000861F8BD0B2C0020004000B8006000B88B
:10F10000F8B5084C084D236C0423084F2B64236C7E
:10F110005B0300D4F8BD042602203E640DF0DEFD42
:10F120002E64F4E7000002B8001002B8002002B814
:10F13000A82238B51A4B1D6C03F500531A6410222F
:10F140009A60A3F5804302F100521A675A66FFF7EE
:10F1500051FB144B1B7813B90320FDF729FD002444
:10F16000114B9C67FFF7CCFF104A114BD2F8EC1EF5
:10F170000B40C2F8EC3E04220E4B1A640E4BAA065A
:10F18000C3F8CC4008D503F580739B6FB3F5817F3E
:10F1900022BF8022024B1A61BDE83840FCF7EAB971
:10F1A000000002B8122C002000C001B8003000B0EE
:10F1B000DF0000FF002002B8003E00B010B551B9DA
:10F1C00020B3154BDB681B0E13F00E0F1ED1134B33
:10F1D0001B6CD9071AD4FFF763FB0F4C0020FEF716
:10F1E00015FA032801D0092805D1A36ADA07F5D456
:10F1F000636CDB03F2D4FFF783FF0122084B5A61F3
:10F2000002229A62042203F580531A644FF4C0620A
:10F21000044BDA6210BD00BF000002B800C002B8A3
:10F22000001002B8006001B808B503210920FEF7FC
:10F2300045F92022014B1A6108BD00BF000002B849
:10F240000D4A10B5D2F8A030D2F8A4100B40B3F19B
:10F25000804F0CD34FF040400849094CC1F8A4003E
:10F26000D467C1F8A0004FF48021064AD161034A57
:10F27000C2F8A03010BD00BF004000500060005038
:10F280000000FF01001002B838B5054602F0E6FBA9
:10F290000446FCF72BFF35B1FFF716FB2046BDE80F
:10F2A000384002F0DFBB084B1B78002BF6D0074B31
:10F2B0001D78002DF2D1FFF707FB2A464FF480405E
:10F2C0000021FFF77FFBE9E70E2C00200D2C00202A
:10F2D0002DE9F84F5A4B06460D4614461B6C002A82
:10F2E00040F0AB8013F0A00F14BF4FF001094FF0B6
:10F2F0000009FCF73FF9A0234FF0000ADFF85C811A
:10F300000320C8F84030FDF753FC0420FDF750FC03
:10F310004C4FFFF7D9FA4C4B4FF0040B7B67C7F803
:10F3200078A0FFF7EDFE494B4FF48071D3F8C42E5F
:10F3300042F02002C3F8C42EFF22C8F80820404A39
:10F340001161D3F8EC2E42491140C3F8EC1EC8F805
:10F3500040B0C3F8CCAE7B6913F0060F04D0FDF7C4
:10F3600093FD5846FDF724FCB9F1000F08D04FF487
:10F370000062384B1A644FF40042A3F5E0339A66FA
:10F3800066B1354BDB6C180701D4FFF789FAFFF73C
:10F390004BFF0420FDF70CFCFFF72CFA284B5A69B1
:10F3A000D10748D5DA6812F0706FFBD12B4B2C4A8D
:10F3B0001A642C4A936E23F0F003936615B120462D
:10F3C000FFF762FF284BD3F84C315A1C01D05B0089
:10F3D00002D50122214B5A616CB31F4BDA6E03F543
:10F3E00000539A6603F5D0331B6A1C4A23F00103CD
:10F3F000D3611E4BD3F80C1203F50053C3F8081267
:10F4000003F50053D3F8841003F5005399674FF0C8
:10F410003A43D3F8181103F50053C3F81411144BF1
:10F42000996C03F500535964124903F5803359660A
:10F430004FF608431364BDE8F88F4FF0000958E712
:10F44000000002B800C001B800000101003000B0A7
:10F45000DF0000FF001002B8004000B8002002B832
:10F4600010003000003F00B00080E00F004001B805
:10F4700000C000B85000002F9D4B2DE9F04F9F6E4B
:10F48000DB6E85B01F409B4B9F664FF03A43D3F82D
:10F490001451D3F818311D40974BC3F81451974BB2
:10F4A000D3F80822D3F80C3202EA0309944BC3F8CC
:10F4B000089203F52043DA691B6A02EA0308914BBC
:10F4C000914A08EA0303D361904BD3F80422D20691
:10F4D00005D4D3F80431C3F30016DB0652D502F08D
:10F4E000BDFA8B4B5A695E6E1B6F12F0060F06EA6F
:10F4F0000306884A26F0007314BF4FF0010A4FF04C
:10F50000000A23F400637407536606D5824A92F812
:10F510008D300133DBB282F88D3002F0A3FA002F78
:10F5200000F0E38017F4004300F0D48002F096FA74
:10F530000146FFF779F90446DFF8D4B1DBF8202063
:10F54000DBF820309A42FBD0DBF820209342FBD03E
:10F55000FFF76AF9A04217D1084602F083FA6F4B11
:10F560001C606F4BD3F840B01BF4E0520ED124F076
:10F570007F4424F0DF040CB9FFF7DAFD4FF0807B05
:10F58000002414E0B246CAE70446D7E70192FFF729
:10F59000CFFD5D4B019A1BF480541A6440F09C80AF
:10F5A0001BF4806F0CBF4FF0805B4FF0806BB8078F
:10F5B00015D55B4A5448126C02F46041016400297D
:10F5C00000F08D80110400F18D8012F4005F0CBFFB
:10F5D0004FF000524FF0006200244BEA020BC7F3D9
:10F5E00040377F004F4A2A40002A4BD015F4206F45
:10F5F0000AD040F60F0206210020FAF7AFFA0020E9
:10F60000FFF742FE25F48025EB0506D5FF213E4A93
:10F610004BF4C06B9160FFF743F915F0090F0BD065
:10F6200040F6240208210020FAF798FAFFF7FCFDC3
:10F630004FF03A420121516315F0106F0CD040F6A3
:10F640002D0209210020FAF789FAFFF7EDFD0022CB
:10F6500011461046FCF71EFD15F4202F0AD040F687
:10F66000350207210020FAF779FA0020FFF70CFE97
:10F6700025F48025E80301D5FCF778FE002DB8BFFE
:10F6800047F0080769070ED54FF03A42126B12F4A3
:10F69000005F4FF4005217BF174923490A634BF428
:10F6A000000B08BF0A636A0548BF4BF0040B15F452
:10F6B0008023019300F0A180FCF716FE0138062894
:10F6C00034D8DFE810F017011A0117011D012001DD
:10F6D000230123019B4653E74FF0804B50E74FF047
:10F6E000007279E74FF0004276E7BB463C4679E787
:10F6F000004000B8006000B8002000BA004001B827
:10F70000006001B80000F7FF002002B800E100E04F
:10F7100000C001B800E001B8003E00B0FC290020A4
:10F72000000002B8090B0B89001000BA40F666020F
:10F7300003210020FAF712FA4FF03A400121D0F8E5
:10F740008C20D0F8AC3002F00702063201FA02F247
:10F75000C3F30C0CA2EB0C0292B2072A12D9754A21
:10F76000126C53020ED4744BC26CC06E5B6D5BB1F5
:10F7700002F0070206329140C0F30C00091A89B268
:10F78000072901D84BF4007B6C4A1278002A34D048
:10F790004FF03A42D2F8142112F4A02F2DD1684A2A
:10F7A000684912789AB9F20411D40A787AB14FEA0A
:10F7B000DB02654842EA447282F00102D0F8EC0EA6
:10F7C00002F00102520020FA02F2930715D1042040
:10F7D000FDF7EEF95D4A5E485067FFF775F8594945
:10F7E0000A7832B95B4A5C4912680BEA02020A42A3
:10F7F00001D14BF4804B26F48056B9F1000F1DD097
:10F8000019F4805F18BF4BF4802B19F4807F18BF68
:10F810004BF4002B19F4005F18BF4BF0100B19F4D8
:10F82000007F18BF4BF0200B19F4806F18BF4BF00E
:10F83000400B19F4006F18BF4BF0800BB8F1000FAC
:10F840003AD018F4802F18BF44F4007418F4803FA5
:10F8500018BF4BF4805B18F4801F18BF4BF4003BBB
:10F8600018F4001F18BF4BF0020B18F4003F18BF2C
:10F870004BF4801B18F4800F18BF44F0100418F4E8
:10F88000002F19D0304AD2F8C42E12F0C00F13D076
:10F890002849CA68C2F30362032A01D0072A05D1A6
:10F8A0004A6CD00602D48A6C110732D54FF400217D
:10F8B0002A4A28F40028D161002E00F01581320573
:10F8C00040F187802648DFF88490C2782549002AD5
:10F8D0004ED04FF40063013AD2B24B66C27032B9D7
:10F8E000214A1278C2B140F60141204A51670022F4
:10F8F00000216BE04BF4803B1EE74BF4006B1BE7F1
:10F900004BF4806B18E74BF4807B15E74BF0080B4A
:10F9100012E74BF4001BCFE7D9F8782012F4A05F70
:10F9200015BF4FF4807240F60142C9F85820C9F85B
:10F930007820DCE7000002B8004000B80F2C00205F
:10F940000E2C0020102C0020003000B000C001B8A8
:10F9500000000101E0110020088D0100002002B824
:10F96000FF2B002000E001B8122C002000D001B8CD
:10F970000320FDF71DF9D9F81420A34B12F0060F50
:10F9800004BF41F61F72A149A14808BF4A674FF45E
:10F9900000619E4A5166D9F8142012F0060208BF91
:10F9A000C9F87820B3F88E2012F400615DD022F4FB
:10F9B0000062A3F88E20027802F0FF09002A58D1D5
:10F9C000FDF762FAFFF7B4FB4A4620214BEA020B2F
:10F9D0000C43B30009D52E20FDF726F84FF0005157
:10F9E0008A4A44F0080411675166F00606D52B20B8
:10F9F000FDF71AF81021854A1167516616F0306F2D
:10FA000005D1F1045DD5BAF1000F00F0A7803201F5
:10FA100011D52920FDF708F8FFF7B2F948B17D4A62
:10FA20007D487A494A66026700F54050C068430441
:10FA300022D444F0040416F0007A28D00420FDF704
:10FA4000B7F82720FCF7F0FFFFF772FB4FF00071CB
:10FA50006E4A5166714AD2F8EC1E490678D4704A53
:10FA60000221916044F0020428E002784FF4005231
:10FA7000ACE74FF400423BE70A6720204A66FCF7F8
:10FA8000D3FF2D2044F00C04FCF7CEFFD3E716F093
:10FA9000807FDFF8909146D00420FDF789F8282078
:10FAA000FCF7C2FFD9F87820002A39D1FFF740FBD4
:10FAB000564A584944F00104116751660021594AD9
:10FAC0009165320405D5584A126890474BEA000BFD
:10FAD0000C43730508D555498A78002A00F08E80BA
:10FAE000013A8A70002217433A4658462146FEF7EB
:10FAF00069FF019B0BB1FCF72BFC01224C4B05F07D
:10FB00000435C3F814514B4B18F4002FC3F884216B
:10FB10001EBF4FF40022424BDA6105B0BDE8F08F02
:10FB2000C9F878A0C4E7F004C8D50420FDF740F870
:10FB3000414AC9F87420FDF7A7F9D9F8642012F0FA
:10FB4000407FBBD12A20FCF76FFFFFF7F1FA81E776
:10FB5000D2F8C42E930685D4384A81E733490A790E
:10FB600052B1013AD2B20A7112B92B4A34495167E3
:10FB700000224BEA020BA4E70420FDF719F803204A
:10FB8000FDF716F8274A2C49516701F067FF8146B7
:10FB90000DF10F00FDF73AFD2A4A824612780AB1AC
:10FBA000FEF77EFEBAF1030F0ED1DFF8A0A0002011
:10FBB000FDF72CFD032807D1DAF82820D007F6D46A
:10FBC000DAF84420D103F2D49DF80F20032A06D19D
:10FBD00001211D4A4846117001F044FFC8E74FF06B
:10FBE0003A42D2F8142112F4A02FF1D1FEF76CFEA4
:10FBF000484601F037FF4FF48042BAE70220FCF795
:10FC0000D7FF01226FE700BF003E00B000E001B85F
:10FC1000122C00201000002000D001B8003000B0ED
:10FC2000002002B800C001B8F40B0020FF2B002018
:10FC3000002000BA00E100E000000101001002B85D
:10FC40000000010D112C00200E2C0020000002B835
:10FC50000122024B1A62DA61704700BF002002B82D
:10FC6000074A08B5D369116A0B40064998B2DB0709
:10FC7000C86104D5D068C0F30360FFF7E9FF08BD91
:10FC8000000002B8002002B80C4A08B5536C926C10
:10FC900013400B4A5364DB070FD50A4B40F6AC22E6
:10FCA0001878122100F00100F9F758FFBDE808406C
:10FCB000002201200021FEF785BE08BD00C000B86B
:10FCC00000E000B8E0110020184B70B51C6C5A6CB5
:10FCD0001440174A24F002011164E10705D540F6EB
:10FCE000F32200201968F9F739FFA2071CD5022278
:10FCF0000F4B1A64A3F500535B68DBB2A3B9FDF7A1
:10FD000091F804460D460B4ED6F8F433DB060BD5BE
:10FD1000FDF788F802460B4620462946FCF736FFD9
:10FD2000652871F10001EFD370BD00BF008002B8FB
:10FD300000A002B8000002B870B580260A4C0B4D36
:10FD4000D4F88430DB070AD4A36FD4F8842013409E
:10FD5000074A936770BDFFF7B7FFC5F88461D5F810
:10FD600004311A06F7D4EBE7008001B800E100E0A7
:10FD700000A001B870B514460D4601F06FFE064BA9
:10FD8000D3F8C46E74402C407440C3F8C44E01F0E4
:10FD900069FE06EA050070BD003000B0034BD3F8E1
:10FDA000C43E99430CBF012000207047003000B0D2
:10FDB0001E4BD3F8C43E13F001001ED01C4B93F829
:10FDC00048001C4A40F08073C2F8CC304FF48013D6
:10FDD0001949C1F8B430A1F58051C1F8B830D2F852
:10FDE0000C31DBB2FF2B1FD0984294BF00200120C2
:10FDF00040F6DF323C21F9F7B1BE1A06E1D40F4AD2
:10FE000092F8471121B1DB0602D592F84401D8E7F8
:10FE10004FF480120020084B0649C3F8B820C1F8FF
:10FE2000CC00C3F8B42070470120E1E7003000B0F7
:10FE3000003F00B0004000B8006000B8003E00B0D5
:10FE400053B94AB9002908BF00281CBF4FF0FF3141
:10FE50004FF0FF3000F082B9ADF1080C6DE904CE2F
:10FE600000F006F8DDF804E0DDE9022304B0704795
:10FE70002DE9F04F099D04460F46002B48D18A42D8
:10FE8000944661D9B2FA82F343B1C3F120019F4095
:10FE900002FA03FC9C4020FA01F10F434FEA1C4197
:10FEA0001FFA8CFE220CB7FBF1F601FB167706FB5E
:10FEB0000EF042EA0742904208D91CEB020206F11A
:10FEC000FF3702D2904200F237813E46121AA4B2A6
:10FED000B2FBF1F001FB102200FB0EFE44EA0244EB
:10FEE000A64508D91CEB040400F1FF3202D2A64556
:10FEF00000F21C81104640EA0640A4EB0E040026E6
:10FF00001DB1DC400023C5E900433146BDE8F08F58
:10FF10008B4209D9002D00F0FD800026C5E90001C3
:10FF200030463146BDE8F08FB3FA83F6002E4BD150
:10FF30008B42C0F0F280824240F2EF803046002DCA
:10FF4000E3D0C5E90047E0E702B9FFDEB2FA82F389
:10FF5000002B40F09D80891A4FEA124E97B201267D
:10FF6000200CB1FBFEF20EFB121140EA014107FB2F
:10FF700002F088420FD91CEB010102F1FF382CBFBF
:10FF80004FF001094FF00009884203D9B9F1000F81
:10FF900000F0CF804246091AA4B2B1FBFEF00EFB7E
:10FFA000101100FB07F744EA0144A74208D91CEBF3
:10FFB000040400F1FF3102D2A74200F2B4800846E7
:10FFC000E41B40EA02409BE7C6F12007B34001FA78
:10FFD00006F422FA07FCF940B2404CEA030C20FA7E
:10FFE00007F34FEA1C491C431FFA8CFE00FA06F384
:10FFF000200CB1FBF9F809FB181140EA014108FB9C
:020000023000CC
:100000000EF088420FD91CEB010108F1FF3A2CBF1A
:100010004FF0010B4FF0000B884203D9BBF1000FEA
:1000200000F08D80D046091AA4B2B1FBF9F009FBAB
:10003000101100FB0EFE44EA01418E4507D91CEB6E
:10004000010100F1FF3401D28E457FD8204640EAFD
:100050000840A1EB0E01A0FB029841454C46C64664
:1000600002D306D14B4504D20138B9EB020468EB48
:100070000C0E002D70D01A1B61EB0E0122FA06F354
:1000800001FA07F7F14000261F43C5E900713CE77C
:1000900002FA03FCC3F1200001FA03F221FA00F690
:1000A0004FEA1C4E24FA00F11FFA8CF79C401143D2
:1000B000B6FBFEF00A0C0EFB106642EA064200FB9D
:1000C00007F696420ED91CEB020200F1FF382CBF56
:1000D0004FF001094FF00009964202D9B9F1000F23
:1000E00031D04046921B89B2B2FBFEF60EFB1622BF
:1000F00041EA024106FB07F28A4207D91CEB0101E3
:1001000006F1FF3801D28A4223D84646891A46EAC8
:10011000004625E72E462846F7E6841A61EB0303DE
:1001200001201F460BE76444023849E76444023863
:10013000E1E6023A61442EE7023E6244C6E6A8F1D7
:10014000020861446FE702386244CBE70238614439
:100150007DE7023E6144D9E72E46D6E6704700BFF0
:10016000024B0A46014618680CF0C4BE180C002069
:1001700008B5074B044613B1002100E000BF054B52
:100180001868836A03B19847204602F069FA00BFF5
:1001900000000000F829040070B50D4D00260D4C3C
:1001A000641BA410A64209D10B4D00260B4C0DF088
:1001B00047FC641BA410A64205D170BD55F8043B52
:1001C00001369847EEE755F8043B01369847F2E7C9
:1001D000100F0020100F0020100F0020140F00201F
:1001E000024B0146186800F077B800BF180C0020D9
:1001F000024B0146186800F003B800BF180C00203D
:1002000037B5002943D051F8043C0C1F0190002B56
:10021000B8BFE41800F028FB1E4A0198136833B9F0
:100220006360146003B0BDE8304000F023BBA3421C
:1002300008D9256861198B4201BF19685B684919A3
:100240002160EDE71A465B680BB1A342FAD9116849
:100250005518A5420BD12468214454181160A342BB
:10026000E0D11C685B68214453601160DAE702D971
:100270000C230360D6E7256861198B4202BF196819
:100280005B684919636008BF21605460CAE703B026
:1002900030BD00BF042A002070B50E4E0C46054646
:1002A000316811B900F08CF830602146284600F022
:1002B00087F8431C0AD0C41C24F00304A04207D0D2
:1002C000211A284600F07CF8013001D14FF0FF34AC
:1002D000204670BD082A00202DE9F041CD1C0746BC
:1002E00025F0030508350C2D38BF0C25002D01DB4A
:1002F000A94205D90C2300263B603046BDE8F081B9
:100300002E4E00F0B1FA33681C4634BB29463846FD
:10031000FFF7C2FF431C04464DD134682646002E29
:1003200040D123683146384604EB030800F048F812
:1003300080453AD12168033538466D1A25F003050A
:1003400008350C2D38BF0C252946FFF7A5FF0130D5
:100350002BD023682B4423600EE02268521B1ED44E
:100360000B2A16D96119A342256018BF596063682A
:1003700008BF316062514B6004F10B06384600F053
:1003800079FA231D26F00706F21AB6D09B1BA3505C
:10039000B3E76268A3420CBF32605A60ECE72346C1
:1003A0006468B2E734467668B9E70C2338463B60A8
:1003B00000F060FAA1E72560DEE700BF042A002014
:1003C00038B50023054D044608462B60E3F7FAF9DB
:1003D000431C02D12B6803B1236038BD0C2A0020D6
:1003E0002DE9F7431D465C4B04460E461F689046B8
:1003F00027B1BB6913B9384600F0B8F9574B9C4296
:1004000067D17C68B8F1020F06D0B8F1010F00F295
:100410009E80002DC0F29B80636EDB0705D4A3890C
:10042000980502D4A06D0CF0B1FD2146384600F0CD
:100430001FF9616B41B104F14403994202D038467F
:10044000FFF7DEFE002363630023A3616360A389DB
:10045000190603D521693846FFF7D2FEA389B8F102
:10046000020F23F44A6323F00303A3816BD001AB93
:100470006A46214638460CF08BFDA3891843A081BB
:10048000002D30D1009D2846FFF7AAFE0646002821
:1004900054D1DDF80090A94549D14FF0FF35002235
:1004A000B4F90C30A26004F1470243F00203226069
:1004B00022610122A3816261626ED20705D413F426
:1004C000007F02D1A06D0CF062FD284603B0BDE8AC
:1004D000F083234B9C4201D1BC6893E7214B9C42A3
:1004E00008BFFC688EE7002ECDD0BB6913B9384633
:1004F00000F03CF9B8F1010F266002BFA38943F078
:100500000103A381A28912F00803C4E904651CD089
:10051000D30745BF00236D42A560A36048BFA56116
:10052000656E15F0010515D112F4007FC9E7484644
:10053000FFF756FE06460028AFD04D46A38943F08C
:100540008003A381D1E70025A9E7A360E8E74FF086
:10055000FF35BAE70025B8E7180C00201C2A040074
:100560003C2A0400FC2904008A892DE9F041054653
:1005700010070C4658D44B68002B05DC0B6C002B85
:1005800002DC0020BDE8F081E66A002EF9D00023ED
:1005900012F480522F682B6032D0606DA3895A0705
:1005A00005D56368C01A636B0BB1236CC01A0023B6
:1005B0000246E66A2846216AB047431CA38906D151
:1005C00029681D292CD8294ACA40D60728D50022D7
:1005D000D90462602269226004D5421C01D12B68D3
:1005E00003B96065616B2F600029CAD004F1440330
:1005F000994202D02846FFF703FE00206063C1E75E
:10060000216A01232846B047411CC7D12B68002B23
:10061000C4D01D2B01D0162B01D12F60B1E7A389C7
:1006200043F04003A381ADE70F69002FA9D09307E2
:100630000E680F600CBF4B690023A6EB07088B60A8
:10064000B8F1000F9DDD43463A46216A2846A66A66
:10065000B047002806DCA3894FF0FF3043F0400389
:10066000A3818FE70744A8EB0008E9E701004020D9
:1006700038B50B6905460C4613B90025284638BD28
:1006800018B183690BB900F071F8144B9C421BD16F
:100690006C68B4F90C30002BEFD0626ED00704D434
:1006A000990502D4A06D0CF071FC28462146FFF795
:1006B0005BFF636E0546DA07E0D4A3899B05DDD4B2
:1006C000A06D0CF064FCD9E7054B9C4201D1AC68ED
:1006D000DFE7044B9C4208BFEC68DAE71C2A040001
:1006E0003C2A0400FC290400002310B50446836062
:1006F000818119464366C28108228361C0E90033C3
:10070000C0E904335C300CF0EDFB054B24626362FE
:10071000044BA362044BE362044B236310BD00BF90
:10072000DBCF0300FDCF030035D0030059D0030019
:1007300001490CF00BBC00BF7106030001480CF02E
:1007400025BC00BF142C002001480CF020BC00BFC9
:10075000142C002001480CF019BC00BF152C0020FF
:1007600001480CF014BC00BF152C002010B5044645
:10077000FFF7F0FFA3691BB1BDE81040FFF7F0BF22
:10078000C4E9123323652046124B134A1B68A26248
:10079000A34204BF0123A36100F020F8606020465B
:1007A00000F01CF8A060204600F018F80022042198
:1007B000E0606068FFF798FF01220921A068FFF759
:1007C00093FF02221221E068FFF78EFF0123A3614D
:1007D000D2E700BFF829040031070300F8B5074647
:1007E000FFF7ACFF1E4B1E68B36913B93046FFF725
:1007F000BDFF4836D6E90134013B03D533680BB35E
:100800003668F7E7B4F90C50D5B9164B04F1580027
:100810006566E3600CF0B9FBFFF796FF08222946F6
:1008200004F15C002560A561C4E90155C4E90455E3
:100830000CF058FBC4E90D55C4E912552046F8BD2B
:100840006834D9E7042138460CF06AFB044630606E
:100850000028D5D1FFF778FF0C233B60EEE700BFFF
:10086000F82904000100FFFF01480CF08FBB00BF16
:10087000132C002001480CF08ABB00BF132C002071
:1008800038B50446064D0846114600222A601A462D
:1008900001F0FCFE431C02D12B6803B1236038BD7C
:1008A0000C2A002038B50023054D044608462B606D
:1008B00001F0D4FE431C02D12B6803B1236038BD84
:1008C0000C2A002038B50023064D04460846114680
:1008D0002B6001F0C6FE431C02D12B6803B12360DC
:1008E00038BD00BF0C2A002038B50446064D084626
:1008F000114600222A601A4601F0B8FE431C02D1BC
:100900002B6803B1236038BD0C2A002038B504469B
:10091000064D0846114600222A601A4601F0A8FE3C
:10092000431C02D12B6803B1236038BD0C2A002080
:10093000094A5168C84390FAA0F048B1B0FA80F073
:10094000042805DC012383400B43536040B2704709
:100950004FF0FF30704700BF382A00200021034BC2
:1009600028220348C3E900110CF0BCBA382A002041
:10097000102A002038B50546FFF7DAFF0446044880
:10098000294600EBC4000CF0C2FB204638BD00BF76
:10099000102A0020C3B2042B10B515D804230B4A2B
:1009A00003EBC003134453E8002F0A4343E8002439
:1009B000002CF8D101220649824051E8003F134340
:1009C00041E800300028F8D110BD00BF102A0020F7
:1009D000382A0020F7B54FF0040C01260827184AE2
:1009E0001849194D106800B30B7806FA03F4204239
:1009F0001DD0E04352E8004F044042E8004EBEF1F3
:100A0000000FF7D117FB03C32B4453E8000F43E853
:100A100000E4002CF9D1019048B1087801AA0B49F3
:100A200005EBC0000CF0AFFB012003B0F0BD0B786C
:100A3000506883422EBF00230133DBB20B70D1E735
:100A4000382A0020162C0020102A00207856341254
:100A5000024B1868003818BF01207047382A002060
:100A600010B5044601F001F8074B1B684BB1DB6879
:100A70001B1B002BCCBF0024012400F0FCFF2046F0
:100A800010BD1C46F9E700BF502A002038B54FF0D2
:100A9000FF34054600F0E9FF084B1A681AB900F068
:100AA000EAFF204638BDD2E903310B445B1B23F03B
:100AB00000439C4228BF1C465268EFE7502A0020A2
:100AC0002DE9F84F0C9F0E461546994680469DF835
:100AD0002CA008B103687BB937B129463046B84726
:100AE00040F20340BDE8F88F002DF9D0002EF7DB6F
:100AF000284600F009FCF3E700F0B7FF83465046B4
:100B000000F0F0F90446584600F0B5FF8CB947B143
:100B100029463046B8470320314600F0BBFB1A2077
:100B2000E0E7002DF7D0002EF5DB284600F0ECFBC7
:100B3000F1E7656100250A9BC4F80080DFF870804A
:100B4000C4E90797A660236184F818A0D8F800309C
:100B50006560984709EB000600F087FF07461248DA
:100B6000E6600268114631B1CB689B1B002B13DB9A
:100B7000CB689E4210D09DB90C4B626004601C682B
:100B80002CB1D8F800309847FFF780FFA0473846CF
:100B900000F071FF0020A5E74B680D461946E2E71B
:100BA0006B6863606C60F2E7502A0020402A0020E6
:100BB000482A00202DE9F74F81460D4692461E46F1
:100BC00000F053FF4FF00008DFF874B00190DBF83D
:100BD00000402CB9019803B0BDE8F04F00F04BBFC6
:100BE00023684B451CD12DB1A3682A6823F000432C
:100BF000934215D17EB96368B8F1000F13D1CBF8D9
:100C000000300D4B1F6887B10C4A12689047FFF700
:100C10003DFFB84709E051466069B0470028EAD077
:100C2000A0466468D5E7C8F80430676820460CF031
:100C30002AFA3C46CDE700BF402A0020482A00207F
:100C4000502A0020014B1860704700BF402A002046
:100C500070B50B4B04460E4615461978094A0A48EA
:100C60000CF074FE0023094A24211360084A07206F
:100C70001660084A15602246BDE8704000F0B4B81E
:100C80002F2C00205C2A0400172C0020502A002062
:100C9000482A0020442A00207FB504461846002335
:100CA00003930A4B0D461B68164613B9212004B066
:100CB00070BD03A998470028F8D100903246294614
:100CC0002046039B0CF012FAF1E700BF442A0020F3
:100CD000F8B5054610200F46164600F0F7FA0A4B05
:100CE0000446187818B1102221460CF032FE44B1A7
:100CF00001230020E3602B68C4E9017623602C60A7
:100D0000F8BD1A20FCE700BF172C00202DE9F8439E
:100D1000264FDFF8A880264D38603868FFF7A0FE20
:100D200030B9244B1B689847BDE8F843FFF7AEBEC7
:100D300000F09BFED8F800400646ECB16368C8F8A6
:100D400000301D4BD3F80090B9F1000F0CD100F02A
:100D500092FEA3682C6033F0004311D128680CF098
:100D600092F900232B60D8E7124B1B689847FFF7D6
:100D70008DFEC8473046EAE700F07DFE2C60CCE7E8
:100D80002368002BEAD018680028E7D0A26832F068
:100D90000043E3D0D0E90069636921688068C847EF
:100DA0000028DBD1002ED9D03046EFE7542A0020AE
:100DB0004C2A0020482A0020402A0020502A0020E7
:100DC00038B504460D4600F050FE064B1B683BB19B
:100DD000DA6922601B692B60BDE8384000F04BBE29
:100DE0002360F8E74C2A00202DE9F74F4FF6FC77F7
:100DF00000241646DFF884900331DFF884B009EB55
:100E000000150F404FEA001ADBF800306A80804678
:100E100029F80A7002FB07F0EC60984717FB06F20E
:100E200092B2034668602A8108B300921148124AC0
:100E30009BF8041052F8282040440CF088FD21460D
:100E40002A8968680CF04EF8214623469E4206DC4B
:100E50000020D144A9F8026003B0BDE8F08F6A68B1
:100E6000E868541850500133EC603944EEE71A201A
:100E7000F2E700BF182C00205C2B04008424002023
:100E8000582A002070B50B4E044606EB0015696821
:100E900039B1094B2A89185C0CF05AFD686800F0DA
:100EA00033FA06EB04101022BDE8704000210CF06C
:100EB00019B800BF84240020182C0020044B1960AE
:100EC0001A7198600201002102480CF00BB800BFB3
:100ED000582A002084240020014B185C704700BF72
:100EE000182C002070B50A4C060104EB0013DD68D5
:100EF000084B185C18B12946A25B0CF02AFD2DB1F5
:100F00002B683444E3606388013B6380284670BDEE
:100F100084240020182C0020024B03EB0013987847
:100F2000704700BF84240020094B10B403EB00136A
:100F30005A88DC6801320C60D9605A80054B185C15
:100F400018B15DF8044B0CF005BD5DF8044B70471B
:100F500084240020182C0020044A010102EB001315
:100F6000505A10B11B89B3FBF0F070478424002065
:100F700038B50024154B164D1C70164B20461C60CE
:100F8000154B2C601C706C60AC60FFF7E5FF80B205
:100F9000A0F10E036B80A0F114030130688120469C
:100FA000EB80FFF799FF04460C4D01460C4A28469A
:100FB0000CF0CCFC2146681E0A4A0CF0C7FC214606
:100FC000681C094ABDE838400CF0C0BC2D2C00203C
:100FD000D02A00207C2A00202C2C00202A2C002043
:100FE000A02B0400A92B0400B32B040070B5044609
:100FF00080B300F03AFD637905466FF382036371B5
:10100000237913F0100605D010232371BDE870403A
:1010100000F031BD104903F0030331F823203046BE
:10102000013A21F823202146FFF77EFF0B4B0C4E9F
:101030001C681CB90A4B28461C70E7E7237A1BB9C9
:1010400033781BB92468F4E7012BFBD12046636891
:101050009847F7E770BD00BFD02A00207C2A002007
:101060002D2C002010B5044600F0FFFC034B1A683D
:1010700022601C60BDE8104000F0FDBC7C2A00200E
:1010800010B5064B00F0E0001A78541C1C70044B9D
:1010900003F8320003EBC203596010BD2C2C002072
:1010A000642A00202DE9F04F0446460789B048BF66
:1010B00000F0F7040492029100F0D7FC614F04F0B5
:1010C000030607EB860337F826205B8881469A42A1
:1010D00004F0EF0A4FEA860831D20020FFF702FF42
:1010E000054640B337F826304846013327F8263006
:1010F00000F0C1FC28460CF098FA029B029AAB71F2
:10110000049B85F804A01344EB7100F0AEFC074685
:101110004D4B1C68002C40F08C80384600F0ABFC36
:101120004A4B985D18B1452229460CF012FC28461E
:1011300009B0BDE8F08F01224846454B1A7000F017
:101140009AFC25071DD51F2C1BD904F0E00303933F
:1011500000F08BFC07EB08035B8837F826804FF024
:10116000000B98452CBF00230123DFF8EC9001937E
:1011700000F081FC07EB86030593364B1B789B45FB
:1011800008D384F004005146C0F3800000F082F8D8
:101190000025C5E799F80030039A1A4204D0D9F81F
:1011A0000480D8F8003023B90BF1010B09F10809CC
:1011B000E3E707935A79D00708D51A79510705D57F
:1011C000019941B98AEA0202920704D098461B6845
:1011D000002BEFD1E5E740460CF0BEF8057907900B
:1011E00007A80CF09BF82946002000F053F800F007
:1011F0003CFC059B37F826205B8805469A4234BFA5
:1012000001230023019309D20020FFF76BFE079012
:1012100058B137F82630013327F82630284600F039
:101220002AFC079D002DBCD064E70122084B1A70F0
:10123000F4E7237A012B02D120466368984724689B
:1012400068E700BFD02A00207C2A0020292C00203B
:101250002D2C00202C2C0020642A00200022014B81
:101260001A607047802A002010B5044600F0FDFB8C
:10127000074A13682BB914602360BDE8104000F0E2
:10128000FABBA34202D01A461B68F3E710BD00BFA9
:10129000802A002070B505460E46054B1C6804B92F
:1012A00070BD63683146284698472468F7E700BF59
:1012B000802A0020024B034A197803480CF046BBF1
:1012C0002E2C0020C02B04002F2C002038B5C41C6D
:1012D00024F00304204601F0A2FB0A4B05461878CF
:1012E00018B1224629460CF034FB2DB921460220C4
:1012F000FFF7D0FF284638BD2246002128460BF0D4
:10130000F1FDF7E72F2C002010B5044628B1054B5E
:10131000187810B121460CF01DFB2046BDE81040A6
:1013200001F09CBB2F2C002010B5064C237823B96C
:10133000E7F778FE18B901232370002010BD40F2B2
:101340000740FBE7302C002038B50B4B04461B78D8
:101350000D464BB121462846E7F796FD002840F29E
:10136000074008BF002038BD04490548FFF7DCFFEF
:101370000028EFD0F7E700BF302C0020EFBEADDE35
:10138000BEBAFECA406800B9704743688B4201D0BC
:101390000068F8E701207047FEE70420704700204E
:1013A00070470520704708B5E1F772FF042008BDBB
:1013B00010B50446F1F7BAFBE06000B1FEE7052086
:1013C00010BD10B5044640F6B830E1F7DDFBE06033
:1013D00000B1FEE7042010BD10B5044641F288308C
:1013E000E1F7D2FBE06000B1FEE7042010BD00236E
:1013F000FF2280F82230038380F82B30532380F8BB
:10140000332080F82730704710B50446E1F75CFFC1
:1014100041F28830E1F7B8FBE06000B1FEE701215E
:101420000846F1F78FFBE06000B1FEE72046FFF7CA
:10143000DEFF042010BD07B50DF10700E1F79AFCAF
:1014400003B05DF804FB08B501F0CFFAE1F7E4FB67
:1014500001F0D8FAE1F7FAFBE6F73AFBF8E7EEF726
:10146000A5BF08B5E7F744FABDE80840F1F730B981
:1014700010B50446E1F726FE2046E1F7BFFC204602
:10148000E1F72CFC10BD0120704700B5C3B0EEF7AA
:101490001FFF05F0A2FF48B1FFF7F5FF30B101A82B
:1014A00006F028FE10B901A8FFF7E2FF43B05DF88F
:1014B00004FB704708B5E2F7E7F9E2F7D7FCE1F77C
:1014C000D7FDE1F7E7FDBDE8084000F095B808B5A5
:1014D00000F083F8E6F7E4FEE5F78EFE00F0D4FEB8
:1014E000E6F79CF8E7F79EFD00F05AFFBDE80840DC
:1014F000E1F7A4BD08B5E4F769F800F02DFBBDE8FD
:101500000840FFF7AEBF08B5E1F75AFEBDE8084056
:10151000E1F718BF704708B5E1F7A6FEBDE808403F
:10152000E2F712B8FFF7B1BF7047E1F795BD0120B0
:10153000704710B5E1F7DAFE0446E2F73FF80028FD
:1015400008BF0024EEF7ECFE002808BF0024E1F7F6
:10155000FFFB002814BF2046002010BD38B5E6F779
:10156000BFFB0446E1F7D6FE042825D002284FF041
:10157000000508BF0124E2F717F804281ED002284E
:1015800008BF012405F06BFF042819D0022808BF0A
:101590000124E1F767FD042814D0022808BF0124C4
:1015A000FFF7C5FF04280FD0022808BF0124002D33
:1015B00018BF0024204638BD0125DCE70125E1E7FE
:1015C0000125E6E70125EBE70024F3E782B002AB53
:1015D00003E90300012002B070470E20704708B5F0
:1015E00001213A20E2F7E0FEBDE80840FFF761BFC5
:1015F00001213A20E2F7D8BE08B5082000F0A2F891
:10160000BDE80840082000F0A9B8FEE710B53AB1DF
:10161000002350F8234041F8234001339A42F8D187
:1016200010BD002070474FF4004070474FF47A70AF
:10163000704700230360704703680B6001607047C8
:10164000036803B970478B4202D10B68036070478F
:101650001846F5E7436803B11847222070474369ED
:1016600003B11847FF20704710B40A681378022BA3
:1016700014D014203023147913FB040303F1A04386
:1016800003F570331B685079C340DB4303F001035B
:10169000137008465DF8044BE1F79EBD5DF8044BFE
:1016A000704703681878704702681378022B27D0B8
:1016B00014213023107913FB001303F1A04303F529
:1016C000703351791B68CB40917903F001030129F4
:1016D00012D1508843EA40034FF6E07063F03F03B5
:1016E0009BB2834202D11170538070474FF6DF7175
:1016F0008B42F9D10021F6E711B983F00103137091
:10170000704703681A78022A03D100225A80E2F750
:1017100069B8704713B504682378022B10D0A379F9
:10172000022B0BD100216079E2F7B8FB002362792C
:1017300020791146CDE90033E3F7FCFB0223237047
:1017400002B010BD4FF060420123D2F8001E03FA30
:1017500000F00843C2F8000E002070474FF06041CF
:101760000122D1F8003E02FA00F023EA0003C1F89A
:10177000003E00207047D0E900031847C3680068A6
:10178000184703690068184743690068184710B58F
:10179000044601213A20E2F707FEA3782078B3FA45
:1017A00083F3042261785B09E3F71CFC002010BD81
:1017B0000122417803788A4030214B4343F21001E3
:1017C00003F1A04303F570335A50704730231021C2
:1017D0000246007813FB001303F1A04303F57033B6
:1017E00050781B68C34003F0010093780BB980F078
:1017F0000100704710B588B00E9C009207940D9CB4
:10180000024606949DF8304005940B9C04949DF884
:10181000284003940024CDE9013420460B460121E1
:10182000E2F7BAF808B010BD704713B5044601A836
:10183000E3F7B6FD9DF8063023804FF48073638094
:10184000E3F7CEFD6060002002B010BDE3F72CBDD1
:1018500008B5E3F719FD002008BD10B5044644EAB9
:10186000010313F00303084609D1934201D100207C
:1018700010BD54F8231040F823100133F5E721463A
:1018800092000BF008FBF2E70A4601390144E5F744
:1018900021BF08B5E1F73EFFBDE808400021E2F7AF
:1018A0005DBD1FB5002380280446019371D02AD85E
:1018B000002872D0A0F12004412C32D8412C30D81D
:1018C000DFE804F06B6E6B6E7D7D7D7D6E6E873C18
:1018D0009D623C6E6E6E2F2F2F2F2F2F82546E6EB7
:1018E0006EA7A26E2F2F2F2F2F2F2F2F2F2F2F2F9F
:1018F0002F6B2F6B6B6B7D2F2F2F2F2F2F2F2F2FBA
:101900002F2F2F2F6B6BB0F5806F58D021D8B0F5EB
:10191000007F4FD008D8B0F5807F5FD0B0F5C07F92
:101920003BD0019804B010BDB0F5607F42D0F8D82C
:10193000B0F5207F34D0B0F5407FF2D1E1F7D8FE8A
:1019400002464FF42070E2F7DFFCB2FBF0F04008F3
:1019500021E0B0F5C06F52D00DD8B0F5A06F33D0F4
:10196000B0F5B06F35D0B0F5906FDAD1002101A895
:10197000E2F7CCFBD5E7B0F5E06F45D0B0F5F06FFE
:1019800047D0B0F5D06FCCD1002101A8E2F716FC0A
:10199000C7E7E1F793FE0190C3E7E1F7A9FEFAE795
:1019A000E1F7A6FE02464FF42070E2F7ADFCB2FB71
:1019B000F0F0F0E7E1F782FE02462046F5E700216D
:1019C00001A8E2F75DFBACE7002101A8E2F76AFCA1
:1019D000A7E7002101A8E2F777FBA2E702934FF007
:1019E000E0231B695B0705D5E1F782FE0290029BAD
:1019F000019396E703A902A8E2F7BCFBF7E70021F1
:101A000001A8E2F7B7FB8CE7002101A8E2F702FC8E
:101A100087E7002101A8E2F721FC82E70029CCBF7B
:101A200001210021E2F79ABC02214FF42070E2F775
:101A300029BF10B5E1F75CFE0446E2F715FBC0F1E3
:101A400002012046FFF7EAFF01210020E3F7AAF890
:101A5000E2F77EFFBDE81040E2F7C8BCEFF310806C
:101A600072B6704700B962B67047EFF31180302349
:101A700083F31188704780F311887047704770476F
:101A8000E2F7CEBFE2F78EBF7047C36C0B42FCD1CA
:101A9000704708B543680246DB0714D50A23502176
:101AA0000363FFF7F2FF136C9907FCD1936A0121DE
:101AB00010469362FFF7E9FF136C1B0604D4012361
:101AC00002F50052536008BD536BF5E738B50C467C
:101AD0000121024600F58053596004F00F0540F2E1
:101AE000FF71FFF7D2FF78210563FFF7CEFF04F007
:101AF0000103610748BF43F00203116C01F00301C9
:101B00009942FAD138BD09B9FFF7C3BFFFF7DEBF6D
:101B1000036C5B06FCD5C16370470022E3F752B942
:101B2000FFF7FBBF70B5054614460E46FFF796FF5C
:101B3000296881EA040202EA06044C402C60BDE8F0
:101B40007040FFF78FBF70474FF0B0435A6812B133
:101B50009A6A002AFAD17047F8F784BB00207047D0
:101B600013B51AB10024009400F0E9F802B010BDDA
:101B7000F0B58DB005AC84E807001C46A1420D46C7
:101B800028BF2546129B0DB304B3114628460026F4
:101B900003F53813CDE90A468DE8030003F241133B
:101BA0005F02C5EB4323099302950CAA059B12E93A
:101BB0000700069500F054FAA54207D23146621B91
:101BC000381B0DB0BDE8F04000F048BA0DB0F0BDD4
:101BD00030B591B001AC84E807001C461346DA002A
:101BE00049BF029A6200033222F00302014604A8B0
:101BF000FFF7B6FF04A800F0B8F81499224601F5E3
:101C0000381101F241114D0208A8C4EB4121002313
:101C1000FFF7A6FF05F5007100232246091B0CA85B
:101C2000FFF79EFF0CA800F0A0F808A904A8E3F7AE
:101C30000DFE11B030BD70B590B001AC84E8070066
:101C40001C461499164601F5381101F2411122463D
:101C50004D0208A8C4EB41210023FFF781FF05F5E1
:101C6000007122460023091B0CA8FFF779FF0CA87E
:101C700000F07BF8F30048BF029A334648BF0332B6
:101C800001994CBF22F00302620004A8FFF768FF2D
:101C900004A800F06AF804A908A8E3F7D7FD10B07B
:101CA00070BD10B58CB005AC84E807000E9ADDE974
:101CB000060102F5381202F5A0725202CDE909239D
:101CC00000228DE803000B9202930CAA059B12E9F7
:101CD000070000F0C5F90CB010BD2DE9F04B4FF036
:101CE000000899460746164645468AB003AC84E884
:101CF000070002F0805B07AC049A424502D80AB0A4
:101D0000BDE8F08B139B13B9AA1E012A0AD9129BB6
:101D1000CDE90779099600955BB194E807004B4639
:101D2000FFF726FFBBF1000F00D14F440135C84437
:101D3000E2E74B4694E80700FFF7B3FFF2E710B580
:101D400022F0704200F1100444600160826041B1F1
:101D5000826803F0704313438360029BC360204694
:101D600010BD836843F08043F6E701234360C368F6
:101D700043F02003C360836843F0005383607047DF
:101D800037B54D68044645B18C680093096842EA4E
:101D900004032A46FFF7D3FF0446204603B030BDB4
:101DA0002DE9F04F2DED028BD1B0019008EE903A65
:101DB000DDE95D59DDE95F870420002301AECDE94F
:101DC000030305AB08EE102A07C983E80700314674
:101DD00018460296619CE3F749FD0646002840F04C
:101DE000B5805C9A08AB07CA83E80700D8F80420DE
:101DF000D9F80430494213445B4203F00F0B7B686F
:101E000001F00F0A5B420093AB68DA0041BF6B68D8
:101E1000033323F003036B60A368DB0041BF6368F7
:101E2000033323F0030363600023D9F80400D8F8D8
:101E30000420CDE9133381185944CDE90C136968A6
:101E40000B93494201F00F01CDE90E316168109307
:101E5000494201F00F01CDE91131CDE91533179356
:101E60005C9B5B684BB97B681343034305D110212E
:101E70008A46CDE9091314AA089211234FF00052A3
:101E800002A930A8FFF77CFF40F611034FF0005283
:101E900005A9FFF775FF42F611034FF0005218EE47
:101EA000901AFFF76DFF44F611034FF0005218EE41
:101EB000101AFFF765FF412300224946FFF760FF34
:101EC0004FEA0B234FF00052414643F04103FFF726
:101ED00057FF4FEA0A234FF0005243F0010308A9CD
:101EE000FFF74EFF009B4FF000521B0203F470639C
:101EF000394643F00103FFF743FF1038FFF735FF82
:101F000000230BA91A4618A8FFF73AFF0023294619
:101F10001A46FFF735FF00230EA91A46FFF730FFD8
:101F2000002321461A46FFF72BFF002311A91A466A
:101F3000FFF726FF002362991A46FFF721FF1038AA
:101F4000FFF713FF18A930A8E3F780FC304651B023
:101F5000BDEC028BBDE8F08F084611461A465B685F
:101F6000102B01D1E3F70CBD0720704782B000B5FC
:101F700089B00DF1200C20290CE907000B9312D831
:101F8000DDE90E0102AB83E803005CE902018DE8A4
:101F900003000BAA059B07CA00F0E6F809B05DF83C
:101FA00004EB02B070470120F8E782B070B586B04C
:101FB0000B93119B03AD202B85E807003CD80C9AAE
:101FC000B2EB430F3AD10F9EB34237D106225A43A8
:101FD0008A4203D003EB83038B422FD10122314687
:101FE0002220129BE3F716FB0446F8B90123CDE942
:101FF000003395E807000E253346FFF76EFE009587
:102000000EAA07CA3346FFF7B3FD23460622294628
:102010000220E3F7EBFAE3F719FB0623044678B94D
:1020200000930BAA334607CAFFF705FE204606B009
:10203000BDE8704002B070470124F7E70724F5E7D8
:102040001C46F3E70144C043C84201D5104670471F
:1020500011F8013D1A440A701212F5E70AF042BF66
:1020600082B02DE9F0418AB005AE12F0804586E8D5
:102070000700149C119333D1139B8C4228BF0C464C
:1020800013F080538846129A02D1944228BF144616
:1020900034B30F2C13D9DDE912018DE8030002944B
:1020A000119B96E80700E3F773FBE3F79FFBE3F769
:1020B000A7FB0AB0BDE8F04102B0E3F7B3BB059E51
:1020C000119F93B1A8EB0502042A3B6828BF0422A4
:1020D000701909A9043509930AF0DDFEAC42F1D864
:1020E0000AB0BDE8F04102B070472246394630469A
:1020F0000AB0BDE8F04102B00AF0CDBE82B070B5C2
:1021000086B00E9E0B930C9B03ADB3EB460F85E898
:10211000070027D10122314626200F9BE3F77AFAE8
:102120000446C8B90123CDE9003395E80700062528
:102130003346FFF7D2FD00950BAA07CA3346FFF7D7
:1021400047FD2346224621462846E3F74FFAE3F7A8
:102150007DFA041E18BF0524204606B0BDE8704075
:1021600002B070470724F7E782B02DE9F04F89B03D
:1021700001AC84E80700149A0C468A42139305D0F8
:10218000072009B0BDE8F04F02B070471D460B4470
:1021900013F8013CDB07F3D50027EB5DBBB34FF031
:1021A000FF084FEA480111EA030A5FFA81F8F8D103
:1021B000019E3A46514606EB07093046E71B0AF0F6
:1021C00091FE04F1FF3BCDE9067ACDF814900DF1B4
:1021D000140A9AE80E00DDE91607B8470021012726
:1021E0008C46084699F8003023EA080389F8003045
:1021F000A1420ED1BCF1000FC2D00028E9D1002FBE
:10220000E7D101223046FFF71DFF3846B9E7013715
:10221000C3E76A5C735C8B4508BF02F0FE02A2EB69
:10222000030E5FEA1E2E07F0010E08BF4FF0000EEE
:102230005340013B1B0A07F0010740EA0E0008BFAC
:1022400000270131002A18BF4CF0010CD0E708B577
:10225000E3F716FA10F00E03FAD0022BF8D010F4C0
:10226000806018BF062008BD07B50190E3F72CFA7F
:102270000198E3F77DFC20B903B05DF804EBE3F7C8
:10228000E3BC03B05DF804FBFFF768BCF0B549247C
:102290008FB08DF82440149C0DF1250504F10C0637
:1022A00054F8047BB44245F8047BF9D124782C70AF
:1022B00001258DF835509DF8545000248DF8365086
:1022C00004250695169DCDE9001205951325049564
:1022D00009ADCDE902358DF833200B462246214663
:1022E0008DF832408DF83440E3F70AFD0FB0F0BDB1
:1022F00030B5C02A93B033D0B2F5807F04D0802AA5
:102300002BD0292013B030BD4FF482740194019C6E
:1023100080F00100204301901698012502901024BE
:102320002120039504940590069301AB079508942A
:1023300009900A9306AB0B9304230C9311230D937E
:102340000AAB0E910F9340F61103D20802A90EA812
:1023500010921193E3F7A4FCD4E74FF48074D5E70F
:102360000F20CFE71FB5079C02949DF81840CDE9D8
:10237000003413460A4601460020FFF787FF04B0E9
:1023800010BD1FB5079C02949DF81840CDE900349C
:1023900013460A4601460120FFF778FF04B010BD3E
:1023A00008B5E3F7F7FDBDE80840E3F727BE10B531
:1023B0000446FFF753FB4FF0A8431A6822601B69DD
:1023C0006360FFF74FFB002010BD10B50446FFF718
:1023D00045FB4FF0A84322681A6062681A61FFF754
:1023E00041FB002010BD70B506460D4614468CB06A
:1023F000CAB11022002108A80AF074FD002207AB20
:10240000029305AB019306AB00933046294608AB17
:10241000CDE90522E3F752FE18B9099B6360059BDD
:1024200023600CB070BD6FF08600FAE737B5054643
:102430000191E3F7E9FD044648B928460199E4F71C
:1024400065F8044630B1E3F7F5FBE3F7E9FD204614
:1024500003B030BD03B0BDE83040E3F7E1BD038811
:10246000B3F5105F11D14388DB08A3F11002102AE5
:102470000ED80123934003F0013323F08073002B27
:102480000CBF6FF08600002070476FF0850070472A
:102490006FF08600704710B5436A8AB0041DCDE91D
:1024A00001430023CDE9052310223C30CDE903315F
:1024B000CDE908230790E3F7A7FD60B907AB1A46FB
:1024C00004A901A8E3F734FA0446E3F7A9FD002CB8
:1024D00018BF6FF092000AB010BDE4F7C1BB08B599
:1024E00028B14C2200210AF0FDFC002008BD6FF04D
:1024F0008600FBE70020704738B51C4600230846DD
:10250000236011461546FFF791FF00B9256038BDDD
:1025100008B50120E2F776F9002008BD07B530B90B
:10252000CDE90012E4F7F8FCDDE9001230B14368B0
:1025300023B1006803B05DF804EB1847232003B013
:102540005DF804FB30B51C4685B058B9CDE90012E2
:10255000E4F7E2FCDDE9001204B903AC20B9232062
:1025600005B030BD03B903AC8568002DF7D0234614
:102570000068A847F4E70122036C19B103F5805302
:102580009A64704703F500539A645A64704710B513
:102590000446FFF763FA0421236CBDE810401A6C6F
:1025A00012F0800F03F5805204BF03F50053596405
:1025B0004FF0040318BF51649364FFF753BA08B592
:1025C000006CFFF7A5FA002008BD70B50468236C05
:1025D0005A6CD10709D5012103F5005251641B6CD7
:1025E0009A0602D5204600F01FF9206C436C5B0769
:1025F0000AD5042500F5005384F83C505D64227E22
:102600001AB99D640123237670BD627E002AFBD037
:1026100094F82D2002B30026132184F83560FFF7CB
:1026200077FA236C03F5805295645B6BDBB2112B58
:102630000DD1012384F834303022237A534303F13F
:10264000A04303F58023DB6E013B2363DCE7132B00
:10265000DAD184F83460EFE79D64D5E70020704755
:10266000FEE74FF4005300204B6070470020704796
:1026700007B5002001AB0190FFF764FF0198002827
:1026800008BF4FF0FF3003B05DF804FB10B51446EF
:102690000020FFF743FF204610BD88B190F8382096
:1026A00090F83C3032B1022B04D1012280F83C205A
:1026B00018467047042B4FF00102F7D01346F7E796
:1026C0000123F5E780F82C10704790F82C00704734
:1026D00090F8390070473022037A534303F1A04346
:1026E00003F58023D96ED0E903231344994214BF24
:1026F000084610467047F8B504460D4690F8393044
:1027000081B173B990F83A60FFF7A8F90546012145
:102710003046E5F717F92846FFF7A4F9012384F8B6
:102720003930F8BD002BFCD090F83A70FFF796F9DD
:10273000064629463846E5F705F93046FFF792F98F
:1027400084F83950EDE72DE9F843044616460D4666
:1027500090F82C70FFF789F994F8382003469AB165
:10276000FFF789F994F83B90FFF778F9804601214B
:102770004846E5F7E7F84046FFF774F9FFF775F9C3
:102780000022034684F838201846FFF774F92E44D7
:10279000B54204D101212046236A98473AE094F8D3
:1027A0002D3023B3FFF761F9237E8046E3B1204645
:1027B000FFF791FF421EE068D4F830C082423EBF6E
:1027C000226902F1FF32121813469C450BD013F810
:1027D0000119112901D013291FD1A1F11103594267
:1027E000594184F8341022634046FFF744F994F8C5
:1027F0003430002BCCD037B12B780A2B03D10D21EC
:102800002046E36998472046E36915F8011B98477D
:102810000028BDD00020BDE8F883984282BF23691C
:1028200003F1FF331B18D0E790F8383073B5044636
:1028300003F0FF01A3B9036A01919847012384F8CB
:10284000383094F83B60FFF709F9054601993046A6
:10285000E5F778F82846FFF705F9022384F83C30BD
:1028600002B070BD08B5E4F797FF08BD07B5FFF7E4
:10287000F5F80190E4F7DCFF019803B05DF804EB94
:10288000FFF7F0B87047012070474FF4C870E5F7C4
:102890000FB97047F0B587B015461E46044605913E
:1028A00090B10027C761E5F735FDBDF834303A46F1
:1028B00002939DF830302046CDE9006305992B4600
:1028C000E5F79AFC07B0F0BD2220FBE7F0B50D4616
:1028D00016461F46044685B090B10023C361E5F754
:1028E00019FDBDF82C302A4602939DF82830294660
:1028F000CDE9007320463346E5F77EFC05B0F0BD18
:102900002220FBE7F0B51F46002387B00D46164690
:1029100004468DF81730A8B1C3610DF11701E5F732
:1029200021FD9DF817207AB9BDF83430294602936D
:102930009DF830302046CDE900733346E5F75CFC66
:1029400007B0F0BD2220FBE70320F9E7F0B51F46F2
:10295000002387B00D46164604468DF81730B0B1F7
:10296000C3610DF11701E5F7FDFC9DF8173083B940
:10297000BDF834302A4602939DF830302946CDE91F
:10298000007320463346E5F737FC07B0F0BD222040
:10299000FBE70220F9E738B5FFF767F8054600F0D6
:1029A00008F804462846FFF766F8204638BD00F0D0
:1029B00019B84FF0B0439A6A1207FCD4186A7047EE
:1029C0004FF0B04301285B6904D0022805D1C3F35E
:1029D0008010704703F001007047002070473E20D0
:1029E000FEF75FBF3E20E1F7C7BD08B5E0F79AFAF2
:1029F000FEF760FDFEF76BFDFEF77CFDBDE80840CD
:102A0000FEF781BD08B5FEF785FDFEF784FDFEF7F4
:102A100089FDBDE80840FEF787BDE0F7BBBE38B5CD
:102A20000446FFF71BF805462046FDF7D9FB044690
:102A30002846FFF717F8204638BD37B50446019100
:102A4000FFF70CF8019905462046FDF789FB04467F
:102A50002846FFF707F8204603B030BD38B50546D5
:102A6000FEF7FCFF04462846FDF7C2FB2046BDE802
:102A70003840FEF7F7BF10B5044608B1E5F744FF4C
:102A80002046BDE81040FFF7E9BF00F4E040B0F594
:102A9000805F04D0A0F50053584258417047012090
:102AA0007047F0B59E4600F0FE43B3F1106F064646
:102AB0000F46944691B003D06FF0850011B0F0BD81
:102AC00020F01F6323F47023002BF5D10D4607ACD3
:102AD000CDE90E330FCD0FC495E8070084E8070059
:102AE000D7E909230899090AE6D1189930460491D3
:102AF0001799CDF800C003911699CDE901E107A916
:102B0000E3F702FEDAE73AB1002918BF00232121DA
:102B1000D21A18440AF0E6B9704738B5037904466A
:102B20000D463BB9A368022120462B6000F0C3FD8F
:102B300038B938BDD0E9091200F047FE0028F1D0BD
:102B4000F7E700232B60F4E72DE9F0479A460023CE
:102B500092B08DF81F301D9B9046DDE91A96002B30
:102B60000D460B4614BF4FF480624FF4006208A973
:102B70001C9FE6F745F8044668BBDDF820C009ACA9
:102B8000CDE91000BCE80F000FC49CE8070084E802
:102B900007002846BDF824100DF11F02E6F7B2F831
:102BA0000446C0B99DF81F30B34227D80A98089A46
:102BB000000AD2E9091224D1CDE90337CDE901A9F0
:102BC0002B46CDF8008009A8E3F7E0FF10F1860F4F
:102BD000044600D018B100233E608DF81F30324605
:102BE000214648463B68FFF78EFF089800F0A0FD9D
:102BF000002C18BF204612B0BDE8F0876FF08904A2
:102C0000E9E76FF08604E6E700232DE9F341D0E918
:102C1000016804460F4630461146136000F0A7FDD8
:102C2000054688B9304600F0A4FD054660B9F6B205
:102C300076B9B8F1000F05D1E36823F47F4323F0A0
:102C4000030363B16FF08605284602B0BDE8F0814A
:102C50000146A06800F01FFD0028EDD1F2E74FF615
:102C6000F87362889A4220D8238B23F00103002B4B
:102C7000E8D1394601A8E6F73BFA05460028E3D13A
:102C80000FCC3F683E460FC694E807003B7986E8C4
:102C900007000BB9019BBB603B8B012123F00103B3
:102CA00038463B8300F007FDCEE76FF08505CBE7A4
:102CB00041F2052398421CD8B0F5905F09D241F249
:102CC000010398420ED0B0F5885F0BD06FF08500FD
:102CD00070470123A0F5905080B203FA00F010F085
:102CE000290FF3D011F0070F14BF6FF086000020FA
:102CF0007047B0F5105FE9D121F04003802BF1D08F
:102D0000B1F5807FEED06FF08600704770B5446AF1
:102D100005460E463CB90120FFF78FFE686228B1D8
:102D20002046AE6270BD6FF08A00FBE76FF08C004A
:102D3000F8E773B50E46114605460192FFF7E6FF28
:102D4000044620B93146019A686A0AF0A4F8204680
:102D500002B070BD2DE9F041089D88461F460488E9
:102D600002B32046FFF791FEE0B12B680BB9D30008
:102D70002B6020462968FFF79BFF044678B9CE1DDB
:102D8000B2EBD60F11D1069B9A4211D84146384674
:102D90000AF081F82B68079A0733DB081360204696
:102DA000BDE8F0816FF08504F9E76FF08604F6E77F
:102DB0006FF08904F3E72DE9F04F456885B02D0ADF
:102DC0000446DDE90E7A894616469846DDF840B09D
:102DD00013D1CDE901AB0097E3F72AFE10F1860F7E
:102DE0000DD14346324649462046CDE90FAB0E97FA
:102DF00005B0BDE8F04FFFF7ADBF6FF0860005B03E
:102E0000BDE8F08F10B50446406A10B1A16AFFF723
:102E100032FE0020C4E9090010BD38B50546FFF7B1
:102E2000F1FF95F820300446043B012B0CD8EB69E8
:102E3000002B0CBF04466FF096042C22002128467C
:102E40000AF050F8204638BD6FF09604F5E710B54B
:102E5000044638B1042100F02EFC2046BDE81040A5
:102E6000FFF7DBBF10BD38B590F820300546052BC5
:102E700016D10479FF2C07D1FFF7CFFF041E08BF3E
:102E80006FF08404204638BD1CB1806800F083FCDC
:102E900004462846FFF7C1FF002818BF0446F1E7A3
:102EA0006FF08804EEE707B558B1012201A9E6F7F3
:102EB0005BF930B9019800F036FC28B10198FFF7B2
:102EC000D2FF03B05DF804FB6FF09900F9E773B52A
:102ED000044608460E4600F039FB002320461A46F9
:102EE00001A9E5F78DFE70B93446019D0FCD0FC4E1
:102EF00095E8070084E80700338B019803F001038D
:102F0000338300F015FC02B070BD70B51446028822
:102F10001D461046049EFFF7B8FD68B944F2010350
:102F200022F44050984207D002F44F42B2F5824F4B
:102F300002D0B2F5844F0ED1B4420FD822462846B3
:102F400009F0A9FF0021321B281909F0CBFF00204E
:102F5000059B1C6070BD6FF08500FBE76FF089007A
:102F6000F8E72DE9F04188461F4616468CB052B36B
:102F7000002301223B6002A9E5F742FEE8B9DDF833
:102F800008C003AC6546CDE90A000FCD0FC495E833
:102F90000700049B84E80700DCE909121B0A0FD133
:102FA0004346CDE9006703A8FFF7AFFF0446029848
:102FB00000F0BEFB002C18BF20460CB0BDE8F0812D
:102FC0006FF08604F3E76FF08900F6E770B51446FA
:102FD0000288049D02F4E040B0F5804F1CD144F219
:102FE000010022F44056864207D002F44F42B2F567
:102FF000824F02D0B2F5844F0ED1AC420FD81846A2
:10300000224609F048FF00212A1B204409F06AFFEC
:103010000020059B1C6070BD6FF08500FBE76FF022
:103020008900F8E72DE9F0438946984617468DB0A8
:1030300052B3002302A91A46C8F80030E5F7E0FDB4
:10304000E0B9029E33885B041BD5354603ACCDE95D
:103050000A000FCD0FC495E8070084E80700CDE90A
:1030600000784B46D6E9091203A800F0F2FA0446AC
:10307000029800F05DFB002C18BF20460DB0BDE8A3
:10308000F0836FF08604F3E76FF08900F6E72DE92F
:10309000F0411F46002388B0054688461646CDE914
:1030A00005333B60002A54D0B2F1005F54D206AA27
:1030B00005A9FFF7A9FD0446A0B90598436AABB17D
:1030C000059B41465A882846079207AA029203F1B7
:1030D000280201929A6A00925B6A3246FFF76BFE01
:1030E000044680B10598FFF7B2FE28E06B681B0A22
:1030F00002D06FF08604F5E73146FFF707FE04467D
:103100000028DDD0EEE70598079B4288DAB94380B6
:103110004FF6F872934219D82B8813B102889A425D
:10312000E7D12B6A002BE4D16B8813B142889A4215
:10313000DFD13946FFF7F1FC04460028D2D1204602
:1031400008B0BDE8F0819A42D3D1E1E76FF0850481
:10315000C8E76FF08604F2E76FF08504EFE710B57B
:103160000446006868B106280CD104F10800FFF796
:10317000B6F900232360A38823F4FF7323F001032F
:10318000A38010BD6FF08600F3E72DE9F0410546FE
:10319000984600238CB002932B6808461746002BF4
:1031A0004FD1B8F1000F134602A914BF4FF480624B
:1031B0004FF40062E5F724FD0446002835D1029E55
:1031C00003ACCDE90A000FCE0FC496E8070084E8EF
:1031D00007003846BDF80C102A1DE5F793FD04469C
:1031E00018BB6B79049968F300036B71029B090AA1
:1031F000D3E90923B8F1000F1BD029BB009703A91D
:1032000005F10800E3F72CFD50B906232B60029866
:1032100000F08EFA002C18BF20460CB0BDE8F081FB
:1032200010F1860F13D16FF085042846FFF797FF42
:10323000EDE749B9009703A905F10800FFF74DF93B
:10324000E2E76FF08804F0E76FF08604EDE70446EC
:10325000EBE70123FFF799BF38B50546006898B141
:1032600012B90024204638BD06280AD105F108000D
:10327000E3F728FD04460028F3D02846FFF76FFF48
:10328000F0E76FF08604F8E76FF08804EAE72DE9CD
:10329000F04105460068884616461F46F8B16A792F
:1032A000D2071CD52A79D2B1B2421BD806281CD12C
:1032B00005F10800E3F756FD044610B100233E6017
:1032C0002B713246214640463B68FFF71CFC2846DE
:1032D000FFF745FF002C18BF2046BDE8F0816FF0D6
:1032E0008804EBE76FF08904E8E76FF08604E5E710
:1032F0001FB501240394089C0294079C0194069C2A
:103300000094FFF721FC04B010BD2DE9F0470546FD
:103310009A46002386B0059305F0FE43B3F1106F83
:103320000846DDE90E961746DDF8408030D12B4681
:103330004FF4804205A9E5F763FC0446C8B9059936
:103340000B8823F0FF03B3F5E24F02D0B3F5E44F4F
:1033500004D14B880733B6EBD30F1CD353463A4600
:103360002846CDE90168CDF80090FFF79AFB0446A6
:1033700028B131464846E5F787FDC8F80060059852
:1033800000F0D6F9002C18BF204606B0BDE8F08743
:103390006FF08604EDE76FF08904EAE7034610B5A5
:1033A0000C461146DA6900880AB91B6A3BB9FFF777
:1033B0006CFB38B12046BDE81040E5F765BD6FF005
:1033C000860010BD6FF08500FBE700232DE9F0417A
:1033D00086B0CDE903330B60438806460D46002BCB
:1033E00000F0B180038803F4E043B3F5804F00F0B0
:1033F000AA8004AA03A9FFF707FC0446F8B9039BB7
:103400005B6A63B17368039F1B0A796A57F8282FB8
:1034100076D06FF086040398FFF7F4FC0FE0726833
:10342000170A65D1B6F8008072884046FFF72DFB79
:1034300060B111464046FFF73BFC044658B1039883
:10344000FFF705FD204606B0BDE8F08128F0FF0338
:10345000B3F5E24F74D108F4E043B3F5805F02D0D6
:10346000B3F5005F02D10732D7080FE008F44F43ED
:10347000B3F5844FF7D047F2010398450FD15208B6
:103480000132D20802EBC20202F13B07059705990F
:103490000398FFF73BFC04460028B3D0CFE744F283
:1034A0000103984503D1D20802F11007EEE747F275
:1034B0000203984505D1D20802EB420202F15A07F5
:1034C000E4E744F20203984505D1D20802EB420238
:1034D00002F14A07DAE728F0FF00B0F5E24FC2D068
:1034E000B0F5824F01BF0732D2085200571CCDE71A
:1034F000304605A900F056F804460028C7D09EE7DC
:1035000033885B040FD43B463046FFF747FF044641
:103510000398002C7FF47FAF2946FFF7FEFA04469C
:1035200000288FD08BE73B463046CDE90012E3F709
:1035300099F9DDE9001210F1860F0446E8D1E2E7BF
:103540006FF085047BE76FF086047BE710B50446D7
:10355000C069FFF783FA2046BDE81040242200210D
:1035600009F0C0BC2DE9F04105460F4690461C46C7
:103570009BB119460120FFF760FA064678B1224652
:10358000414609F088FCE86908B1FFF767FA0020B6
:10359000C5E907642F80BDE8F0811E46F3E76FF0B0
:1035A0008C00F8E7028843884068000A4CD102F496
:1035B000E040B0F5805F02D0B0F5005F05D1073381
:1035C000DB088BB96FF08500704702F44F40B0F50F
:1035D000844FF4D047F2010082420FD15B080133DF
:1035E000DB0803EBC3033B3322F0FF02B2F5824F4B
:1035F00001D1012BE6D000200B60704744F201009E
:10360000824202D1DB081033EEE747F20200824229
:1036100004D1DB0803EB43035A33E5E744F202002D
:10362000824204D1DB0803EB43034A33DCE722F098
:10363000FF00B0F5E24FC2D0B0F5824FC2D10733E0
:10364000DB085B000133CFE700236FF086000B60DF
:1036500070472DE9F34745680446DDE90A7A2D0AEB
:1036600089461646984611D1CDE9007AE3F766F906
:1036700010F1860F0CD14346324649462046CDE92B
:103680000A7A02B0BDE8F047FFF7A0BC6FF08600F1
:1036900002B0BDE8F0876FF04043421E9A4208D363
:1036A00029B100F1404098428CBF00210121084619
:1036B00070470121FBE790F82030052B11D8DFE897
:1036C00003F0030B16141F214B1E012B09D90429EB
:1036D00007D06FF087007047022902D00B1F012B23
:1036E0000BD880F8201000207047022902D0CB1E92
:1036F000022BF5E7C369002BF3D06FF08800704709
:103700000529EED00029ECD0F7E710B503210446D7
:10371000FFF7D1FF30B9E3695A1C0EBF6FF0960076
:103720000133E36110BDC069B0FA80F04009704711
:1037300008B90020704790F82010CA1E022A10D83D
:10374000C2698AB1013AC261002AF2D1052901D1C8
:10375000FFF789BB042901D1FFF75FBB0221FFF707
:10376000AABF6FF0880070476FF096007047002086
:103770007047C0B2FF280CBF6FF086000020704772
:1037800007B500216A46FEF72EFE8C3018BF0120D7
:1037900003B05DF804FB13B500216A460446FEF74A
:1037A00022FE8C3002D1002002B010BD0021204644
:1037B000E2F76AFE014628B96A462046FEF713FE84
:1037C0008C30F0D06FF09800EEE72DE9FF4107460E
:1037D0001446884600293FD0002A3DD0B2F5005F4C
:1037E0003DD202F1240631460120FFF726F90546B5
:1037F000C0B303463A4621464046E5F72DFDBF6873
:1038000000243846FFF7BCFF01281FD021462B4675
:10381000324638460094E2F773FD0146C8B938468F
:1038200002AAFEF7E0FD044620B9029B9E4205D0A5
:103830006FF0980438460021E2F726FE314628460C
:10384000FFF719F9204604B0BDE8F0816FF08A0453
:10385000F4E76FF09804F1E76FF08604F2E76FF099
:103860008D04EFE76FF08C04ECE7FFF704B92DE966
:10387000F047D0F808A086B08146884617465046E3
:10388000002104AAFEF7AFFD044610BB049E0120F0
:103890003146FFF7D2F80546002837D0214650467A
:1038A00004AA0394FEF79FFD044670B903AB0246D9
:1038B0002146CDE9005350463346E2F78DFD039B88
:1038C00004469E4209D06FF0980431462846FFF71F
:1038D000D2F8204606B0BDE8F0870028F5D13B4677
:1038E000424631462846CDF80090E5F7D3FC044621
:1038F0000028EAD1D8F800302BB13B68002B08BF74
:103900006FF09104E1E76FF09104DEE76FF08C0453
:10391000DFE750E8003F0B4340E80032002AF8D1CF
:103920007047C94350E8003F0B4040E80032002A8E
:10393000F8D17047431E032B06D8DFE803F00204DA
:10394000020403207047042070477047CB69184772
:10395000704770470020704770474FF00000704775
:103960000020704770477047002070470020704764
:1039700000207047002070470020704770470020EB
:103980007047002070477047704700207047112033
:1039900070477047704711207047002070474FF004
:1039A000FF30704700207047704770470020704715
:1039B000002070474FF0FF30704711207047002003
:1039C000704701207047002070470020704700209A
:1039D000704770477047704701F043BD38B50446E3
:1039E000FEF743F8D4E9101205462046E5F796FCA9
:1039F000E18C228DE060521A40F2712101FB02033A
:103A000003F59C53083328462361BDE83840FEF790
:103A100032B808B52030FFF77CFFBDE808404FF012
:103A20008050ECF7CFBC38B50D4604460830E7F7B8
:103A300057FD294600252046EAF71AF8E06EE561B1
:103A400010B1E6F763FBE56604F15000BDE83840CD
:103A500009F064BC38B5044619B390F838208AB12F
:103A600090F839300133DBB29A4280F8393009D10D
:103A70000121FFF7D8FF4FF080712046BDE83840A4
:103A8000FFF7C7BF236ADA030BD5E36B62689B1AA3
:103A9000002B06DA01212046FFF7C5FF4FF08061B9
:103AA000EBE7236A1B0426D403F088FB1123B0FB49
:103AB000F3F303EB0313C01A94F9613085B213FAE0
:103AC00080F0102888BFC5F110056DB2083B2B446B
:103AD00084F8613020460121E9F7CAFF40F27121E4
:103AE000E28C63682A4401FB023320466360BDE830
:103AF0003840E9F76DBF0025ECE72DE9F84F1D468A
:103B0000C3690F4604461646DDF830809DF83890AC
:103B10009DF840B09DF848109DF850A0002B40F053
:103B2000D180EB0600F1BE8005F00303032B08BF34
:103B300005F0FD0505F0F705BDF83C30A806A386A5
:103B40009DF8540048BF05F0FC05FFF7F3FE47F66B
:103B5000FF731BF0020F84F83600A4F8783040F0B1
:103B6000A4801BF0040F00F0A28000F0FD000128EB
:103B700014BF0323042394F87F209DF8580063F3B7
:103B8000030284F87F20FFF7D5FE47F6FF738A070C
:103B900084F83700A4F8883000F18B804B0740F19F
:103BA0008A8000F0FD00012814BF0321042194F84D
:103BB0008F30606E61F3030384F88F30FFF7EAFE05
:103BC00000222046216CE5F7A9FB40F271237343E4
:103BD000984279D849F6FF7104F12000FFF7A1FE61
:103BE000FF2384F85430BAF1000F03D0236A43F462
:103BF00080532362290705D506263746236A43F4F6
:103C000084132362236A6A0723F4C04323620CD41B
:103C100019F0010F1CBF43F400532362236A19F00B
:103C2000020F1CBF43F480432362236AA5852B4304
:103C3000236204F12E03B8F1000F3ED0D8F8002023
:103C4000C4F82E20B8F804209A809DF82C30012B5F
:103C500003D14FF48061FFF75CFE236A9DF82820B2
:103C600023F4407343EA0223236203F0A7FA94F893
:103C700060309DF84C2084F85F0023F00F03C0F300
:103C80000320034362F3071384F860309DF8343057
:103C90002046E784268584F82A30FFF79FFE00201F
:103CA000BDE8F88F01218B4646E7022363E7012335
:103CB00061E702217BE7012179E7C4F82E80A3F8B0
:103CC0000480CAE70C20EBE74520E9E72DE9F7433C
:103CD000894617460446019330B901A809F01EFB36
:103CE000422003B0BDE8F083012920D0022910D082
:103CF00089B9C369C3B900F140054FF40036236A9E
:103D0000D9061ED55A0726D501A809F007FB0020C1
:103D1000E7E7406E20B901A809F000FB0C20E0E7BE
:103D20001946FFF738FEDCE700F14805E5E7C3690F
:103D300023B900F144054FF48026E0E700F14C057B
:103D4000F9E79B0707D5B9F1000F04D101A809F0E5
:103D5000E5FA1220C5E704F1200840463146FFF796
:103D6000E0FDF80702D5284609F0D8FA019921B1FB
:103D7000284609F0A1FB00230193286809F03AFBCB
:103D8000236AD90605D51F2801DC032F16D0284643
:103D9000DDE740F27262904204DD284609F0BEFA87
:103DA00007209EE7B9F1000F08D1BF2806DD9A076A
:103DB00004D0284609F0B2FA452092E72046D4E91B
:103DC0001212E5F7ABFAE3696BB140F27122E38CB2
:103DD0005343984207D9238D8342EAD300F51C70E0
:103DE000B0FBF2F0E084FDF740FEE36905467BB1ED
:103DF000BB070DD531464046FFF78BFD6368C3F521
:103E00007A7603F017FAF04202D52046E9F74CFF24
:103E10002846FDF730FE7AE708B548B1CB0701D454
:103E2000002008BD4FF400112030FFF772FDF7E7C6
:103E30004220F6E708B548B1CB0701D4002008BD01
:103E40004FF400112030FFF76CFDF7E74220F6E752
:103E5000E5F74ABD38B5C36904460D463BB1036A70
:103E600013F0010011D194F82430FE2B0CD004F192
:103E700020004FF48001FFF74CFD01202B68C4F8AF
:103E80005530AB88A4F8593038BD0020FCE7036AF0
:103E900010B5044613F4602030D09A0307D504F11E
:103EA000400009F03BFAA36C23640023A364236A57
:103EB0005B0307D504F1440009F030FAE36C636456
:103EC0000023E3644FF4602104F12000FFF729FD93
:103ED0002046FFF783FD012094F8602094F85F30BE
:103EE00002F00F0143EA0123013384F85F3022F02E
:103EF0000F02C3F303231A4384F8602010BD10B5EA
:103F00000446503009F0D8FA2046BDE810404FF082
:103F10000071FFF77EBD50E8003F0B4340E80032E0
:103F2000002AF8D17047C94350E8003F0B4040E8F1
:103F30000032002AF8D1704738B50446D0F8A00006
:103F400010B9D4F8A40058B194F8375109F017FA11
:103F500005F00F0581B206312846EAF7A3FF80B2CB
:103F600040F27122B4F8783000F54870534398421B
:103F7000B8BF184638BD38B505460C4603F0E0F921
:103F800020B149F640439C4228BF1C46EA68A24241
:103F90000BD240F27121B5F87A304B43934238BFCF
:103FA0001346A34228BF23461A462A6138BD03465A
:103FB0009A6A4430920404D5D3F82821998FEBF7FC
:103FC00071BF93F86F10EBF763BF002070470120BB
:103FD0007047002070470020704701207047C820BC
:103FE0007047002070477047012070477047704746
:103FF00090F8852010B5531C03F00F03072B28BF42
:104000000023044663F30302034480F8852083F809
:104010007E1090F885306F2B4FEA13129EBF01324D
:1040200062F3071380F88530FFF7E1FF94F837114A
:10403000204601F00F0100F01DFF10BD70477047D2
:10404000704700207047002070470020704710B173
:1040500001F1B000704701F1D4007047F8307047AB
:10406000806A70472830FFF756BF2830FFF75BBFE4
:10407000C06A70472C30FFF74EBF2C30FFF753BF9C
:1040800000F59C70704790F8851008B50F2904D989
:1040900009097E3002F02BFF08BD7F20FCE708B540
:1040A0000B79DB0702D4FFF7C9FF08BD91F90510B2
:1040B000BDE80840FFF79CBF02290346808F11D05E
:1040C000032909D0012906D11A8F5B6B1201B2FBBB
:1040D000F3F3184480B270475A6B4FF47A43B3FB42
:1040E000F2F3F6E75B8F073000EB4300F2E770B5C1
:1040F00040F2712606FB01F345685643826A1D446F
:104100001207044645600ED500F14005294600F12E
:104110003402E7F719FE334629462046BDE87040D1
:10412000012201F0B8BE05EB5605456070BD836AFB
:10413000590505D4D0F8A03013B15B799A0708D49B
:10414000D0F8A40000B9704743799B0701D40068F8
:10415000F8E70120704780F87710704738B50446BB
:1041600002F0BAF804F1A40009F0D8F804F1A800AC
:1041700009F0D4F804F1AC0009F0D0F804F1A00083
:1041800009F0CCF82046E5F719FDC4B22046FFF748
:10419000EBFB05462046FFF7E9FB01462846FFF703
:1041A000E2FB38BD38B5836A04461B0713D50246C7
:1041B000B0F87C3052F8341F4B4340F271214B432E
:1041C00000F14001E7F7C0FD236C20469D08FFF792
:1041D000B3FE2844E06040F27125616B204601394E
:1041E0006943FFF7C8FE20460121E9F741FC636BF4
:1041F000B4F87C2020465A43636805FB02336360B1
:10420000BDE83840E9F7E4BBB0F8303110B5A0F8AC
:1042100034310446E5F7D2FCC0B2FFF7E0FE94F873
:10422000373194F8362103F00F0304F1440103F011
:1042300080F8EAF77DFEB4F93021824205D0A4F877
:104240003001EBF745FBA4F83201B4F93421B4F99D
:1042500030319A4209D0A36A9B0306D52046BDE8B7
:1042600010404FF40041E5F7BFBC10BD808E704791
:10427000836A0A4600F14401C3F34030EBF7BCBD4A
:1042800010B5A0F87810A0F87A200446FFF754FE85
:104290002169E0602046BDE81040FFF76CBE38B5EC
:1042A00004460D463AB94FF4C0212830FFF73BFED3
:1042B0009DB9002038BDE6F77FFE98B128344FF451
:1042C000C0212046FFF72FFE1DB14FF40031FFF74C
:1042D00022FE4FF48021204601E04FF40031FFF729
:1042E0001AFEE6E71120E5E72DE9FF41836A04465F
:1042F0009B032CD5B0F93081B0F934710020EBF775
:10430000DBFB8045CCBF0025012503F017F894F8AE
:104310003711C82201F00F01EBF7D8FB0646204603
:10432000E5F74CFCB045B4BF00260126002394F805
:104330003711A8EB07073FB245EA46051A46CDE913
:104340000085029701F00F0180B201F03CF804B043
:10435000BDE8F08186307047F8B504460E46002966
:104360005AD040F27123476B30465F43A7F28A2749
:104370007F083946EAF7A6FD94F88E30851FADB266
:104380009D4239463046A8BF1D46EAF79BFD94F88A
:104390008F20831F9BB29342A8BF1346F21E012AAF
:1043A000B4F88610B4F888202BD8B1F5296F44F200
:1043B0009020B8BF4FF429618142A8BF0146B2F5F1
:1043C000296FB8BF4FF429628242A8BF02461B2D55
:1043D000B8BF1B251B2BB8BF1B23304684F8913078
:1043E00084F89050A4F88A10A4F88C20EAF76AFDAB
:1043F000831F9BB2AB42A8BF2B46DBB284F892303E
:10440000F8BDB1F5A47FB8BF4FF4A471B2F5A47F95
:10441000B8BF4FF4A472DAE71B23EFE770B5490089
:10442000466B89B28E4218BF40F27125044617BF11
:104430004068002105FB060005FB1100658F1EBFCB
:104440006060616301219542208F17D083426287AB
:1044500000D02387238F626B1B01B3FBF2F394F828
:1044600037112046A4F89C3001F00F01FFF774FFCC
:104470002046BDE870400421E5F7B6BB8342E8D191
:10448000A36A1B07E6D50029E4D170BDF0B585B05D
:1044900004460E466A4600F1860300F18E07154673
:1044A00018685968083303C5BB422A46F7D1186813
:1044B000314628609B882046AB80FFF74DFF9DF872
:1044C0000B2094F891309A4211D1BDF80620B4F82F
:1044D0008C309A420BD19DF80A2094F890309A4281
:1044E00005D1BDF80420B4F88A309A4207D04FF4C1
:1044F0008141204605B0BDE8F040E5F775BB05B049
:10450000F0BD37B5044694F88E50BDF818008D42C2
:104510000BD1B4F88650954207D194F88F509D4244
:1045200003D1B4F8885085421DD08DF80610ADF83F
:104530000420019D84F88E1094F8371184F88F3090
:10454000A4F88800C4F840512046A4F8862001F061
:104550000F01FFF79BFFB4F88A30A4F88630B4F857
:104560008C30A4F8883003B030BD90F8373170B586
:1045700003F00F03044616460D46D9B18B4219D0FD
:10458000012200F047FD29460022204600F004FDEC
:1045900094F83731204665F3030384F8373105F08A
:1045A0000F01FFF773FF2046BDE870404FF48441D0
:1045B000E5F71ABB19462046FFF768FF002EF2D137
:1045C00070BDF8B51D46C36A04465B070F46164624
:1045D00010D404212C30FFF79EFC84F89A702046FA
:1045E000A4F89660A4F898504FF40061BDE8F84034
:1045F000E5F7FABAF8BD10B511B190F89A400C7011
:1046000012B1B0F89610118013B1B0F898201A804A
:10461000C06AC0F3800010BD4FF400412830FFF79E
:104620007ABC00F5A270704790F8370100F00F00D7
:10463000704770B50446FDF718FA6568064602F043
:10464000F9FD2D1AB5F5FA7504D53046BDE8704070
:10465000FDF711BA40F27122636B94F87010534366
:10466000B5FBF3F5A38FAAB29B1AA38794F86F301A
:10467000154602FB1133252193FBF1F001FB1033AA
:10468000002BB8BF5B1884F86F30B4F89C3020461C
:104690009B1AA4F89C300021E9F7EAF940F2712254
:1046A000636B20465D43636802FB15336360E9F783
:1046B0008FF9CAE700232DE9F3474E790446B00786
:1046C00058BF06F0010608460D4648BF0326ADF860
:1046D000043058BF0136FFF740F9074607F01F03C3
:1046E000002BE36A15BF4FF001084FF000084FF0B0
:1046F00003094FF0020999050CD59DF804302946AD
:1047000066F3010368F345138DF804302046019ADF
:1047100000F08EF9284608F06DFE8246494628468C
:1047200008F03CFE9DF80430AA7966F3010368F3B3
:1047300045138DF804308DF805A0BDF804300C3217
:10474000AB529DF80430A9189A066B7948BF8F7058
:1047500043F001036B71FDF788F9064620462946B0
:1047600050F8A48F08F0A8FE94F84631013384F87D
:104770004631A36A1B070CD5B4F87C30012B02D953
:104780002046FFF756FF304602B0BDE8F047FDF780
:1047900072B9656802F04EFD0746E9F77FFA844278
:1047A000F1D1ED1BB5F57A7FEDDDB8F1000F03D047
:1047B000D4F8A030002BE6D1E9F708FEE3E708B50E
:1047C000022008F03EFF10B101F0ABFA012008BD55
:1047D00010B504464FF440712830FFF7A4FB204683
:1047E000BDE810400021E5F77FBE012310B5A1F11F
:1047F0002002C1F1200423FA04F403FA02F2224356
:104800008B40D0E9084123400A40134314BF0120E4
:10481000002010BDC36A10B5044613F0080012D082
:104820000123A1F12002C1F1200023FA00F003FAD4
:1048300002F202438B40D4E9080103400A401343CB
:1048400014BF0120002010BD10B50C46C9B2FFF7FF
:10485000E1FF70B1E7F764FAC4F12002A4F120038C
:10486000E04001FA02F2104321FA03F3184300F08A
:10487000010010BD70B504460E46E7F7F1FBFDF7E9
:10488000F4F805460221204684F87760E5F7ACF994
:1048900020460021E9F7ECF82846BDE87040FDF716
:1048A000EAB870B504460D46FDF7DFF80646E9F7AD
:1048B000F5F9844201D1E9F769FD3046FDF7DBF8EF
:1048C00029462046BDE87040FFF7D4BF0B68C0F80A
:1048D0004031704738B540F64805D0F840310C46B5
:1048E0000B609BB2AB4204D90B21FFF7ADFF08B9B7
:1048F000258038BD44F290232380FAE708B500F004
:1049000082FCE5F7D9FA00F0CDFE00F008F8E7F7F1
:10491000DFFAE8F79BF8BDE80840E8F717B97047F9
:1049200070B515460E461C46FFF798FB2B684EB136
:1049300003606B6843602368C0F825302368C0F8C3
:10494000153070BD83606B68C3602368C0F8293080
:104950002368C0F81930F4E770B50546FFF77EFB11
:104960000446FDF782F806464FF480712846FFF7AB
:1049700079FB4FF400612846FFF77CFB3046FDF7DA
:104980007AF80023284623612375236284F82430B3
:10499000FFF766FB802310F0080F14BF237584F81F
:1049A000243070BD10B50446FFF712FF2046BDE865
:1049B00010401021E5F718B910B504464FF46061B6
:1049C000FFF75BFB2046BDE81040FFF701BF7FB556
:1049D00006460C46FFF742FB4FF4C06105463046E1
:1049E000FFF748FB4FF400613046FFF746FB4FF4FA
:1049F0008060E7F73BF9224670B969462846E6F73A
:104A000059F96B4605F1100213F8011B02F8011D5C
:104A1000AA42F9D104B070BD6C4602F110062346DB
:104A200010685168083203C3B2421C46F7D1E8E768
:104A3000F0B587B00D46ADF80C20FFF70FFB04462C
:104A4000284608F0D7FC064600B32846E6F770F97A
:104A50009DF80C3005AF03F0230322463146009346
:104A6000019704F12003FDF78CFC2846E6F776F960
:104A700004223946284608F0E2FE236A0133236205
:104A800023B994F82430013384F8243007B0F0BD02
:104A900030B585B00391ADF80820FFF7DFFA044682
:104AA000039808F0A7FC051F002D02DC002005B0CC
:104AB00030BD0398E6F73CF9431901939DF808309F
:104AC000224603F023030093294604F11003FDF767
:104AD00049FC0028EAD10398E6F740F9042103A82D
:104AE00008F02AFD2369013323610BB10120DEE7C1
:104AF000237D01332375F9E7013903291FD8DFE846
:104B000001F00209101712B190F90000704790F9F6
:104B10000100704712B190F90200704790F903004C
:104B2000704712B190F90400704790F90500704782
:104B300012B190F90600704790F9070070477F2086
:104B4000704770B505460124012221462846FFF72B
:104B5000D3FF0022064621462846FFF7CDFF8642B6
:104B600005DC0134E4B2052CEED1104670BD1220F4
:104B7000FCE70028B4BF6FF00403052303440A20B8
:104B800093FBF0F35843704710B504464FF40050C0
:104B9000E7F76CF848B12046E6F72AF91A2806D05C
:104BA00041F20903984204D028B9002010BD072023
:104BB000FCE70920FAE71F20F8E72DE9F74F8046C8
:104BC0004FF400500E469246E7F750F8002842D0C6
:104BD00040460125E6F79CF9731EDBB29D40032E8B
:104BE0000446EDB23AD145F00805274600230622D7
:104BF00040F2EC4B02FB03F914F8091045FA03F0FC
:104C000000F0010021F00C01013341EA800104F8B9
:104C100009100020D9B20193E6F760F9A7F802B0B5
:104C2000B88014F80910019B21F0030104F8091061
:104C3000FF21042B79704FF0060207F10607D9D146
:104C40000020314684F818A06083A083E6F746F977
:104C5000E083A8F8340103B0BDE8F08F042E08BF4C
:104C600045F00405C1E7F8B504464FF40050E6F7F7
:104C7000FDFFB0B32046E6F74BF90622054694F84F
:104C8000373104F1440103F00F03581EC0B202FB98
:104C9000005094F83621B0F90400E6F70FF9064603
:104CA000FCF7E3FEEE8307463046EAF741F9B4F934
:104CB0003021824205D0A4F83001EAF709FEA4F8B9
:104CC0003201B4F93421B5F91E309A4204D04FF4C0
:104CD00000412046E4F788FF3846BDE8F840FCF77D
:104CE000CABE2046FFF790FAF8BD10B50C46E6F7AD
:104CF0000FF9447610BD08B5E6F70AF9407E08BD05
:104D000010B54C1EE4B2032C07D8E6F701F90623D0
:104D10005C43005DC0F3800010BD0020FCE72DE97E
:104D2000F04F87B088469DF8481015469B460746C9
:104D3000BDF944900591BDF940A0E6F7E9F80623D6
:104D400008F1FF36F6B27343C25C059965F30002C1
:104D50006BF34102C25406EB460200EB42020446EA
:104D600051703846A2F802900493FFF779F9049B3A
:104D700010F4802FE35C27D1180727D4237E9A07ED
:104D800050D523F00203B8F1030F237648D0B8F1D1
:104D9000040F47D103256B1EDBB203EB430304EB87
:104DA00043042946B4F902203846E6F7C1F800EB7F
:104DB0008000420029463846B4F9043012B207B0E8
:104DC000BDE8F04FE7F7BABF19071ED5BBF1000FDA
:104DD00018D14FF0020B3846E4F7F0FE5B46002294
:104DE0004146CDE9015ACDF8009080B200F0EBFACF
:104DF000BBF1020FC2D106235E43A35D6FF3C30371
:104E0000A355BBE745F00205E3E7BBF1000F01D076
:104E100045F00205BAF1000FB0D04FF0010BDAE710
:104E20000425B8E707B0BDE8F08F30B585B005467A
:104E3000E6F76EF8437E0446D3B10622013BDBB2AF
:104E40005343C25C11070FD56FF3C302C254284607
:104E5000E4F7B4FE0023617E2222CDE90133009302
:104E600080B2022300F0AFFA237E23F00203237600
:104E700005B030BD70B505464FF400500E46E6F75C
:104E8000F5FE002841D021212846FFF7C3FC002869
:104E90003BD02846E6F73CF80622731EDBB25343AC
:104EA000C35C04465A0730D500212846FFF704F9B1
:104EB000238C984212D9C31A9BB2208483B1A28B4F
:104EC0009A4232BF0022D21A92B2A283628B9342DC
:104ED0008DBF0023D21A6283638301E012D3208442
:104EE000A38B93B92846FFF7C3F843040DD4284693
:104EF0004FF48031E4F778FE31462846BDE8704033
:104F0000FFF7F3BEC31A013BD6E770BD2DE9F843A6
:104F10008046E5F7FDFF477E05467C1E5FFA84F973
:104F200009EB490400EB440439464046B4F9022039
:104F3000E5F7FEFF061E26D04FF0060325DA03FB39
:104F400009F3EB5C13F0010F1DD14046FFF78EF91A
:104F5000830803F54873C0F34F009BB2B3FBF0F333
:104F600006EB8606AB83720039464046B4F904303E
:104F700012B2E7F7E3FE30B9033F012F9EBF2B7E4D
:104F800043F002032B76BDE8F88303FB09F915F81B
:104F9000093013F0020FD7E7F8B507464FF4005079
:104FA0000D461646E6F762FE10B911263046F8BDEA
:104FB00021213846FFF719FC0028F6D03846E5F7DE
:104FC000A7FF6B1E0446DBB20EB9828B02BB062222
:104FD00002FB0343294600223846B3F90430E7F7C1
:104FE000ADFE06460028E1D13846FFF73FF98308B9
:104FF00003F548739BB2C0F34F00B3FBF0F3033DDE
:10500000012DA383D2D8237E43F002032376CDE77C
:105010002326CBE72DE9F74380464FF400500D4699
:105020001746E6F723FE00286ED029464046002F9B
:1050300066D0FFF765FE002866D14046E5F768FFB9
:10504000032D044663D1037B294643F00403037315
:10505000007E022600F00100E5F740FF20820623D3
:105060006B43E25C691C42F00402E254207EC9B248
:1050700000F0010004EB0309E5F730FFA9F8040094
:105080000EE04046E5F744FF032D04463FD10226DB
:10509000037B67F382030373837C67F38203837468
:1050A00022214046FFF7A1FB70B34046FEF7E0FF28
:1050B000030429D50123FF2D03FA06F10CBF0023B9
:1050C000AB4049B218BF5BB21943C9B2002F4BD0F5
:1050D000062303FB0646B6F904300122009340463E
:1050E000002301F05EFE4046FFF7C0F8830803F599
:1050F00048739BB2C0F34F00B3FBF0F3638303E04C
:10510000FFF7FEFD0028BCD103B0BDE8F083042DFD
:1051100014D006236E1EF6B27343E25C04EB03095F
:1051200067F38202E2543FB1207E294600F001007D
:10513000E5F7D4FEA9F80400FF25B1E7A37C67F3E7
:105140008203A3744FB1207E294600F00100E5F7E9
:10515000C5FE02250326E08281E7237B022567F353
:105160008203032623739BE740F2EC43B5E72DE966
:10517000F0430E4685B00746E5F7CAFE40F2EC4321
:10518000741E5FFA84F808EB480400EB4404B4F999
:105190000290054699451FD1012231463846FFF756
:1051A000FBFE044648B9062303FB08F3EA5C42F021
:1051B0000802EA5405B0BDE8F0833846E4F7FEFC87
:1051C00000232246CDE901330223CDF80090314679
:1051D00080B200F0F8F8EDE7062303FB08F810F8BA
:1051E00008303846C3F34002C3F3000545EA4205E0
:1051F000E4F7E4FC0022EDB2CDE90152B4F902304B
:1052000000930223E3E708B54FF40060E6F72EFDB4
:1052100040B94FF48050E6F729FD40B9BDE8084099
:10522000EAF78ABEFEF70DFF0028F2D008BDFEF7B0
:105230000CFF0028F2D0F9E741F0004141F4E021F1
:105240000160704707B501A8019108F067F80020D8
:1052500003B05DF804FB704770470020704770474B
:10526000704710B5DC1D043383734379C47123F098
:10527000030343F003030E2443710123447383713A
:10528000C3730182827410BDD31CC3713E23437368
:105290004379827323F0030343F003034371012333
:1052A000C173837170470F2343730423837343795E
:1052B000A0F8111023F0030343F00303437140F2FD
:1052C0000173C3800123C27303747047D31CC3717D
:1052D0004379417323F0030343F003034371012334
:1052E00082738371704708B50023FFF7BAFFBDE8EA
:1052F0000840E6F757B92DE9F84380460220894671
:1053000017461E4608F09DF9D0B10C2343730823BD
:10531000837340F601334579C38025F003059DF87A
:10532000203045F003054571A0F8108080F81290F8
:10533000A0F81370A0F81560C373E6F733F90120E5
:10534000BDE8F88308B5022008F07BF930B10122EE
:105350001121FFF799FFE6F725F9012008BDF8B5FF
:1053600004460F46164613211D460922FFF78CFFFF
:1053700083790C331C44A170E77026712B68C4F844
:105380000530AB88A4F80930BDE8F840E6F70AB963
:1053900070B5064602200D4608F053F9044668B180
:1053A00014210422FFF770FF83790C331C44A17091
:1053B000A4F803606571E6F7F5F8012070BD08B543
:1053C00002F0A5F808BD2DE9F041074602200D4680
:1053D00090461E4608F035F90446E0B10922212125
:1053E000FFF752FF0A2283790C331C44BDF91830B1
:1053F00084F8038093FBF2F323729DF81C30A7809E
:105400006372BDF92030A67193FBF2F3E571A372CC
:10541000E6F7C8F80120BDE8F08137B5044607F08B
:10542000E9FF3E22A379C0B20C33E518E254831E93
:105430006B700D23AB70AB791C38012BE8768DF8BF
:10544000073009D10023E91D1A460DF10700FEF7C8
:10545000ABFA9DF80730AB712046E6F7A3F803B02E
:1054600030BD704710B5E6F7D7F8837900210C33CB
:10547000C418E078E3F7BEFF6168FEF7CDFC044690
:10548000E6F7D0F82246BDE8104000234FF6194158
:10549000FFF7E7BE10B5E6F7BFF8837900210C33BC
:1054A000C418E078E3F7A6FF6168FEF7C3FC044682
:1054B000E6F7B8F82246BDE8104000234FF61A413F
:1054C000FFF7CFBE70B5E6F7A7F80021867904464E
:1054D000FE20E3F78FFF0546E7F774FD50B10C247B
:1054E000E6F7A0F82246BDE87040002342F205012D
:1054F000FFF7B7BEE7F7ACFD0028F0D134440F3416
:105500002DB121462846FEF7A5FC0028E7D020460D
:10551000E6F7ECFA0024E3E72DE9F041E6F77CF842
:10552000837900250C33C418E678E6F775F8076828
:10553000E6F772F8A6F1FE0359425941056030467C
:10554000E3F758FF3B4629462279FEF7BFFB0446A6
:10555000E6F768F82B462246BDE8F04142F23701F3
:10556000FFF77FBE2DE9F041E6F756F88379002575
:105570000C33C418E678E6F74FF80768E6F74CF8FE
:10558000A6F1FE035942594105603046E3F732FF68
:105590003B4622790121FEF799FB0446E6F742F8E3
:1055A0002B462246BDE8F04142F23801FFF759BED2
:1055B0002DE9F047E6F730F883790C33C4182779E2
:1055C00094F8038027B9B8F1010F27D0E4F774F9F4
:1055D00000260534BE420ADB0025E6F723F82A46FA
:1055E000BDE8F047002342F23901FFF73ABE2078C8
:1055F000B4F80150A0F1FE035942594194F80390C8
:105600000434E3F7F7FE58B12A464B464146E4F727
:105610004FF805460028E0D10136DBE71225DCE72C
:105620004225DAE710B5E5F7F7FF837900210C335F
:10563000C418E078E3F7DEFE80B1211DFEF70AFC16
:1056400000280CBF0C240024E5F7ECFF2246BDE83F
:105650001040002342F23501FFF703BE4224F3E776
:10566000FE282DE9F8430646894690461F4616D087
:10567000022007F0E6FF044690B106221221FFF750
:1056800003FE1223A57920460C352544AB7085F81E
:1056900003902E71A5F80580EF71E5F783FF0120D7
:1056A000BDE8F883704710B5E7F78CFC0446FEF7B9
:1056B0006CF92043C0B210BD38B5E5F7ADFF837972
:1056C000C17903F10C020244CB1A02200021B2F886
:1056D000035008F0E1F8044640B9E5F7A3FF0722BC
:1056E000BDE8384042F21901FFF7DDBD2846E4F776
:1056F00051FA38B12146E7F7BDF90446E5F792FFC4
:105700002246EDE72046FBF771FC0224F6E770B570
:10571000E5F782FF83791844B0F80F60B0B2E4F780
:1057200039FA80B1002100F05CFF0546E5F77AFF09
:10573000044602232A4642F21B01FFF792FDA37999
:105740001C44668270BD0225F0E770B5E5F764FF82
:1057500083790C33C418B4F803502846E4F71AFAD6
:10576000A0B1611D00F03DFF0646E5F75BFF044672
:105770000223324642F21A01FFF773FDE379234414
:105780009D72E3792D0A1C44E57270BD0226ECE798
:1057900010B5E5F741FF83790C3318444479B0F82C
:1057A0000300E4F7F7F960B12146E6F73FFF04464E
:1057B000E5F738FFE2B240F20641BDE81040FFF7DE
:1057C00072BD0224F4E770B5E5F726FF837918442B
:1057D000B0F80F50FCF749F904462846E4F7DAF927
:1057E00080B11621FFF75DF800252046FCF743F94C
:1057F000E5F718FF2A46BDE8704000234FF6044144
:10580000FFF72FBD0225F0E7F8B5E5F705FF84792E
:1058100005460C340444B4F80300E4F7BBF906462B
:1058200040B9E5F7FFFE0222BDE8F84042F213015D
:10583000FFF739BDAB79E97903F10C020220CB1AED
:105840002A44002108F028F8014618B9E5F7EAFED5
:105850000722E9E78379033383713046B4F80D50AA
:10586000B4F80F70E6F796FE04463A4629463046ED
:10587000FEF706FDE5F7D6FE2246D5E738B5FCF77C
:10588000F4F80446FFF70FFF00280CBF0C25002595
:10589000E5F7C8FE2A4642F20E01FFF724FDE7F7BE
:1058A00077FC2046BDE83840FCF7E5B82DE9F04F1D
:1058B0008BB0E5F7B1FE42F2850290F8068006460D
:1058C00008F10C0830F8081000EB08039142026858
:1058D0001FD1002193F803A093F804B0BAF1FF0F91
:1058E000016003F10504049220D19B7B013B062B50
:1058F00024D91125049B13B104A807F00FFDE5F787
:1059000091FE2A4636F80810FFF7CDFC0BB0BDE833
:10591000F08FDC1C00234FF0FF0A03600492637ACF
:10592000013B062BE5D84FF0FF0B02E0BBF1FF0F68
:10593000F5D00AF11003DBB20E2B0ED98BF08003E9
:105940007E2B0CD9E4F78CFB074650B9049B13B1AE
:1059500004A807F0E3FC0725D1E74225CAE7122592
:10596000C8E7FFF7A0FE30B1049B13B104A807F00D
:10597000D5FC0C2435E0637803F0FD03012B09D13D
:10598000E6F7CAF830B9049B13B104A807F0C6FCC7
:10599000122426E004F103094946A01CFEF719F879
:1059A0004846A178E4F7DAFB054630B1049B13B111
:1059B00004A807F0B3FC2C4613E0BAF1FF0FA2785D
:1059C00014D004A963783846CDE90191009251467C
:1059D0005A46FDF7DCFF049B0446002B41D1002C06
:1059E0008DD03846E4F792FB254688E7637A8DF838
:1059F00014008DF8263023788DF816208DF8153098
:105A0000D9F800303846CDF81730B9F80430ADF881
:105A10001B3063788DF81D30049B9A790C32134447
:105A200059791A7942EA0122ADF81E20D9799A797A
:105A300042EA0122ADF82020597A1A7A42EA01227C
:105A4000ADF82220D97A9A7A42EA0122ADF82420D0
:105A50009989DA89FEF714FC394605A8E7F7C6FEEE
:105A6000B9E704A807F05AFCB9E710B5E5F7D4FD8B
:105A700083791844B0F80F00C0B2E4F7D9FBE5F71A
:105A8000D1FDBDE81040002342F224011A46FFF781
:105A9000E8BB2DE9F84381460220884617461E469A
:105AA00007F0CFFD044690B10A220321FFF7ECFB7B
:105AB0000023A57920460C352544EB70A5F8049009
:105AC000A5F806802F816E81E5F76CFD0120BDE809
:105AD000F8832DE9F043814685B002200E461F462B
:105AE0009DF844808DF80F2007F0ABFD0546002897
:105AF00044D022222921FFF7C7FB0022AC7930468F
:105B00000C342C4404F10E0304F11401C4F80E20EB
:105B10009A806261228300913A460DF10F01FDF7F0
:105B200044FF9DF84030A4F80490E37006F00103B0
:105B3000A3719DF80F3016F0FD0FE3713B68A36071
:105B4000BB88A3814FF6FF7304D0032E08BF4346E2
:105B50004FF0FF08BDF8302028466283BDF834209E
:105B600084F82180A283BDF838206384E2839DF805
:105B70003C2084F82020E5F715FD012005B0BDE8A4
:105B8000F083F8B50746022016461D4607F059FD7A
:105B9000044690B10C220421FFF776FBA1799DF811
:105BA00018300C31214420468F80C1F80660C1F8BE
:105BB0000A50CB70E5F7F6FC0120F8BD70B506463B
:105BC00002200D4607F03DFD044668B10322302156
:105BD000FFF77CFBA37920460C332344A3F8036032
:105BE0009D70E5F7DFFC012070BD70B50646022010
:105BF0000D4607F026FD044688B104220821FFF770
:105C000065FBB5FA85F2A37952090C33234420468B
:105C1000A3F803605A719D70E5F7C4FC012070BDC4
:105C20002DE9F84381460220884617461E4607F0B4
:105C300008FD0446B0B10B220721FFF725FBA5792B
:105C4000BDF820300C3525442046A5F80390A5F872
:105C50000580A5F80770A5F80960A5F80B30E5F7F1
:105C6000A1FC0120BDE8F883F8B5074602200E46E6
:105C7000154607F0E6FC0446A0B10D220521FFF70A
:105C800003FBA37920460C332344A3F80370A3F845
:105C90000D602A68C3F805206A68C3F80920E5F793
:105CA00081FC0120F8BD2DE9FF4116466A46804679
:105CB0000F4615460A9C03F1100E94461868596861
:105CC0000833ACE8030073456246F6D124B90220DC
:105CD00007F0B7FC044608B31D22ED212046FFF76C
:105CE000D3FAA3790C332344A3F80380A3F80D70EF
:105CF0002EB13268C3F805207268C3F809200F334B
:105D000004AE2A4603CAB24218605960154603F130
:105D10000803F6D12046E5F745FC012004B0BDE8B4
:105D2000F08113B51321827901900C3284188154CB
:105D30004FF44072C280E4F795FEA07020B901A82C
:105D400007F0ECFA02B010BD8000013060700198DD
:105D5000E5F728FCF6E770B5064602200D4607F089
:105D600070FC044678B104220521FFF7AFFA002247
:105D7000A37920460C332344A3F803605D719A7025
:105D8000E5F710FC012070BD13B5837901900C3349
:105D9000C418C05CE3F7FEFE20B901A807F0BEFA04
:105DA00002B010BD6378019913F0300F0CBF0122CF
:105DB00000228B7904338B714B7962F300034B71B2
:105DC000E4F792FBECE72DE9F041E5F725FC837958
:105DD0000C33C418B4F803801FFA88F0E3F7DAFE36
:105DE000054600B3A2796179FEF759FA0646E5F750
:105DF00019FC07460223324642F27A01FFF731FAD4
:105E0000BB7938463B44A3F81280E5F7CBFB46B993
:105E1000A37933B12846FEF707FC01462846FFF771
:105E2000A6F9BDE8F0810226E1E700F06FBE7047F9
:105E300050E8003F0B4340E80032002AF8D1704799
:105E4000704770B50E461546E4F762F8044648B947
:105E50003046E3F715FE044620B92846E9F798FFD7
:105E6000044640B10020E4F753F80020E3F708FEB1
:105E70000020E9F78DFF204670BD4FF40010EAF7CF
:105E8000A1BAE9F757B9E5F713BE4368143B43607D
:105E9000A0230B6070471AB94268A2EB530242601C
:105EA0000A6802EB83020A60704713B504210DEB08
:105EB0000100E9F703FF019C2046E5F793FF002866
:105EC000F4D0204602B010BD884210B518D805287D
:105ED00016D9B1F5486F13D8B3F5FA7F10D240F652
:105EE0007644A2F10A0080B2A04209D801339BB2E5
:105EF0004B435B00B3EBC20F94BF0120002010BDE9
:105F00000020FCE7C94350E8003F0B4040E8003266
:105F1000002AF8D17047002070472DE9F04104466F
:105F20000F4600264FF00108214686F00100FEF7DB
:105F30008EF84FF48051FFF7E5FF836833B9404690
:105F40000EB1BDE8F08101268046EDE7028ABA4233
:105F500006D100220121204698470028EFD1EFE723
:105F60000268D205EBD500221146F4E708B5FEF72A
:105F700087F800230380436008BD70B506460C46D1
:105F8000FBF773FD05463046FEF77AF830B103782B
:105F90001C4304704FF40070EAF714FA2846BDE879
:105FA0007040FBF768BDE4F79FBA07B542798DF8FA
:105FB000071022F0030242F00302427140F2033262
:105FC0000DF10701C280012207F08BF903B05DF8E3
:105FD00004FBF8B5174606460C461D46FEF748F882
:105FE000020713D502213046FEF7FFFB70B11121E5
:105FF0002046FFF7DAFF2046E5F7DAFF45708770A5
:1060000021463046BDE8F840E4F76EBA28204FF04C
:106010008861C5F12002A5F12003E94000FA02F2EF
:1060200020FA03F311431943CB07E0D40D21204696
:10603000FFF7BBFF2046E5F7BBFF4770E0E770B511
:106040000C460546072120461646FFF7AEFF2046C0
:10605000E5F7AEFF214646702846BDE87040E4F7FC
:1060600043BA38B50C4600210546FEF725F847F639
:10607000FE73241AA4B29C4205D928462821FEF7B3
:10608000F9FB002038BD0120FCE738B504460D4679
:1060900001460020FDF7DBFF03689B0505D4294678
:1060A0002046BDE83840FFF7DCBF002038BD2DE9B1
:1060B000F04115461F469DF81880FDF7C8FF0446BD
:1060C000FBF7D3FCB8F1010F064623D154E8003F9B
:1060D00043F4807344E80032002AF7D105B354E852
:1060E000002F42F4007244E80023002BF7D1FF2177
:1060F0002046FFF707FF54E8002F48EA020244E871
:106100000023002BF7D13046A5602782BDE8F0417F
:10611000FBF7B1BC4FF480712046FFF7F3FEDDE7DB
:106120004FF400712046FFF7EDFEE0E773B5064639
:1061300001200C46FDF78BFF002305461A4600930D
:1061400021463046FFF7B3FF6B6863B14FF48071AF
:106150002046E3F749FD55E8003F43F4007345E866
:106160000032002AF7D1FBF780FC05462046FDF7F8
:1061700087FF28B103881BB14FF40070EAF722F9BA
:10618000284602B0BDE87040FBF775BC38B505463F
:106190000C46FDF75CFF83684BB1022120460022CC
:1061A000984721462846BDE83840FFF7BFBF38BDB5
:1061B000012938B505460C4608D0CC1E012C03D861
:1061C00001460120FFF7E2FF012038BD2221FDF743
:1061D000C2FF20462946FFF7D9FF0020F5E708B5A2
:1061E000FDF735FF006800F0F00008BD10B501466E
:1061F00004460120FFF7F3FF20B92146BDE8104017
:10620000FFF7EDBF10BD70B506460C4601460120F4
:10621000FDF71DFF314605460020FDF718FF2B68EE
:106220000268014643EA0200C0051ED49B0502F441
:10623000007203D49AB94FF0FF3070BD2B8A1B1B3C
:1062400098B27AB1098A091B89B28842A8BF084668
:106250004FF6FF73984208BF4FF0FF30EDE74FF65F
:10626000FF70EFE74FF6FF71EFE70120E5E72DE95B
:10627000F34104460191014601201546FDF7E7FE72
:10628000214606460020FDF7E2FE80462046FDF747
:10629000E7FE810606D501A807F040F80C2002B001
:1062A000BDE8F081FBF7E1FB336807469A0503D4AC
:1062B000D8F800309B0509D50199301D8D6007F095
:1062C000FBF83846FBF7D7FB0020E8E7FBF7D3FBEA
:1062D00020460199A847E2E738B501460446012067
:1062E000FDF7B5FE05460C3007F018F8281D07F03D
:1062F00015F821460020FDF7AAFE04460C3007F0F1
:106300000DF8201DBDE8384007F008B870B501460B
:1063100005460120FDF79BFE0646043007F062F8B3
:10632000044670B14FF400713046FFF7EBFD214693
:106330002846A368984720B12046BDE87040FAF788
:1063400055BE70BD00238260C0E90031704708B5BA
:106350000B4601461846FDF77AFE0068C0F3402060
:1063600008BDFFF725BFCB1E012B70B504460D46B7
:10637000164606D81A21FDF7EEFE40212046E3F727
:1063800033FC324629462046BDE87040FFF710BF77
:1063900038B504460D46FDF7CAFE28B1012D04D1DB
:1063A00022212046FDF7D7FE002038BDF8B50C4667
:1063B0008B7907460B44D3F80D60D3F81130324681
:1063C000E4F774F809212046FFF7EFFD2046E5F7D2
:1063D000EFFDA579E5F7A4FC0C3566F0FF06254432
:1063E0000640C5F80160E5F79BFC3846C5F8051086
:1063F0002146FFF7D8FD02213846FFF7BEFDF8BD64
:1064000070B50E46054601460020FDF720FE012E20
:10641000044603D0022E11D0012070BDC168284669
:106420008B7919440D31FDF723FFE068FAF7DEFDA3
:1064300000202946E060FFF779FEEDE7C068FAF733
:10644000D5FD0023E360E7E738B50D460446014675
:106450000120FDF7FCFD012D08D100F112012046BD
:10646000FDF706FF21462846FFF760FE012038BDF4
:1064700008B5FDF7F5FDC0F3C00008BDF8B50C4642
:106480000746FFF7F5FF80F00106F6B239463046C1
:10649000FDF7DDFD0546C068012C837903D0022C91
:1064A0001BD00120F8BD0C33C41823893846E2887C
:1064B000A188FDF7B3FF618862784900384689B248
:1064C0005200FDF714FEE868FAF790FD0023394604
:1064D0003046EB60FFF72AFEE3E7FAF787FD00237B
:1064E000EB60DEE708B5FDF7C3FD00F0010008BD75
:1064F00038B50C4602210546FDF7BCFD0C212046AF
:10650000FFF753FD2046E5F753FD4FF0FF3383704F
:106510000223C3700D2343706FF02F030371052313
:10652000214643712846BDE83840FFF73CBD0429A9
:1065300010B5044601D0002010BDFFF799FFC0F14F
:106540000200E5F793FB0028F5D107F07AF8014641
:1065500008B90220F0E72046E6F73AF80028F8D11B
:106560000120E9E708B5FDF77BFDC0F3C00008BDD9
:106570002DE9F0410F4604469046FFF7F3FF80F007
:106580000105EDB221462846FDF761FD012F0646C3
:1065900003D0032F0FD001200BE02046FEF70CFAAA
:1065A00022212046FDF7D7FD28462146FFF7EEFDC4
:1065B0000020BDE8F081C068FAF718FD00232046EE
:1065C000F360FEF7F9F920465FFA88F1FDF7C3FDA5
:1065D00020462021E3F708FB21462846FFF7D6FD99
:1065E000D9E737B504460D46FDF742FD03054CD506
:1065F000022007F026F80190002848D0204645B335
:10660000FFF7B0FF50B105210198FFF7CEFC0198CC
:10661000E5F7CEFC20460199FFF7C5FC2046294648
:10662000FEF7D5F92046FFF79DFF78B94FF40061DA
:106630002046FDF71AFD06210198FFF7B6FC0198E8
:10664000E5F7B6FC20460199FFF7ADFC002003B04A
:1066500030BDFFF787FF68B101990323062220466A
:10666000FFF7B7FC2046FEF7A7F921462846FFF7BB
:106670008DFDEBE701A806F051FE20463D21FEF717
:10668000F9F82046FEF798F9E0E70C20DFE707204D
:10669000DDE7F7B5014604460020FDF7D8FC0546C6
:1066A00000F112074FF48060E5F7E0FA50B9204698
:1066B000E3F784FA3A46698B80B203B0BDE8F04054
:1066C000FFF7D2BA2046E3F779FA064620466D8BEB
:1066D000FDF7C4FC00220346009229463A46B0B2B8
:1066E000FFF7E1FA03B0F0BD83781A2B09D81B231A
:1066F00083700288B2F5A47F07D24FF4A47303809D
:1067000007E0FB2BF5D9FB23F2E744F290239A42F2
:10671000F5D87047F0B50446CA798B7987B043EA5B
:106720000223ADF80C308B8803A88DF80E30CA78A0
:106730008B7840F6480543EA0223ADF810300B8809
:1067400005A98DF81230FFF7CFFF04A8FFF7CCFFA3
:106750002046FEF7BFF80B212046FEF775F844F2FD
:106760009023002818BF1D46BDF80C709DF80E3010
:10677000BDF81460BDF810209DF816009DF81210A9
:10678000AF42D4BF00970095FB2BA8BFFB23B242BA
:10679000A8BF32468142A8BF01462046FDF7B1FEA0
:1067A00007B0F0BD37B5144605461046FFF7FDFBB0
:1067B0002046E5F7FDFB01A904462846FEF78AF8C6
:1067C0000B212846FEF740F86FF0040363700023A6
:1067D00044F29022A37040F64803002818BF1346E5
:1067E000A4F803309DF80630A4F80530BDF8043055
:1067F000A4F8073003B030BDFFF7DABC022973B547
:1068000005460C4603D00024204602B070BD052189
:10681000FDF7EBFF0028F6D0E3F710FD1B28F2D9B7
:106820004FF40040E5F722FA0028ECD106F009FF0A
:1068300006460028E8D0284601A9FEF74BF8314665
:1068400028469DF80630BDF80420E6F795F90028A3
:10685000D9D10124D8E730B190FAA0F00123B0FAE1
:1068600080F08340D8B2704770B50646FDF700FC53
:1068700080F0400402060546C4F3801406D40821C3
:106880003046FDF7C7FF08B144F00204EB0506D41B
:106890000B213046FDF7BEFF08B144F0040420464A
:1068A00070BD2DE9F843044691460F46FDF7E0FB25
:1068B000C0F340152046FDF7B4FE21468046284629
:1068C000FDF7C5FB494606462046FDF744FC98F80F
:1068D0000110384601F00F0100F064FC062814BFD7
:1068E000014600212A462046FDF73FFE2146284664
:1068F000FFF71CFC20212046FDF7BFFB56E8003FB8
:1069000043F4805346E80032002AF7D1BDE8F8830B
:10691000F8B50E4604461546FDF7AAFB032EC0F354
:1069200040170DD0042E16D0012E12D12221204660
:10693000FDF711FC38462146FFF728FC0020F8BD82
:10694000EAB200212046FFF7ACFF21463846FFF7A8
:106950001DFC0120F3E70C22F3E7012910B50446E2
:106960000BD1FDF785FB2146C0F34010FDF76FFB0F
:106970000022817C2046FFF794FF012010BD2DE905
:10698000F7430F460546FDF773FB00F02009C0F3FF
:1069900040182846FDF745FEBB790C333B445E7832
:1069A0009B781E400378C3F3030000EA13103040C5
:1069B000FFF751FF044648B9B9F1000F06D1284648
:1069C000FFF752FF3040FFF746FF04462846FDF729
:1069D0002BFEE8F78BFAA04223D01CB302212846F5
:1069E000FDF76AFB002106462846FDF7B5FC182195
:1069F0003846FFF7DAFA3846E5F7DAFAB6B239463A
:106A000044708470A0F803602846FFF7CCFA234650
:106A10002246294640460096E6F7E8F803B0BDE86E
:106A2000F08300242646E2E770B504460D46FFF7E2
:106A3000DDFB28B929462046BDE87040FFF79FBF1F
:106A4000402829462046BDE870404FF0160314BF89
:106A50002A222322FFF7BDBA38B505460C46FDF7BA
:106A600007FB830604D42046BDE83840FAF7BEBAD7
:106A700021462846BDE83840FFF781BF73B58C79C1
:106A800006460C340C440D46FDF7F2FAA278C0F32A
:106A90004010032A14D0052A28BF00226378032B54
:106AA00010D0052B28BF0023B4F803100091314605
:106AB000E6F79CF8284602B0BDE87040FAF796BAAF
:106AC0000022EBE70023EFE708B58B790B441B7B33
:106AD000162B03D0172B05D0002008BDFFF7A4FF0D
:106AE0000120FAE7FFF7B8FFFAE708B58B790B4406
:106AF0001B7B162B03D0182B05D0002008BDE6F712
:106B00009FF80120FAE7FFF7B9FFFAE7704701297C
:106B100010B504460FD0033901290AD8FEF785F9CC
:106B20004FF480412046FDF7A8FA21460120FFF7E7
:106B30002DFB012010BD2221FDF70DFB4FF48041FC
:106B40002046FDF79AFA2046FEF76FF90020F1E79C
:106B50002DE9F0478B7904460C3311F803800D467C
:106B6000B8F1240F86B001EB030600F09980B8F16C
:106B7000250F00F0C680B8F1230F40F0FB800027FE
:106B800096F90230212103EB83035B00ADF814304A
:106B900096F903308DF8127003EB83035B00ADF8B8
:106BA00016308DF81370FDF720FE30B92323202214
:106BB00029462046FFF70DFA5CE04FF400412046DD
:106BC000FDF758FA40F2EC43BDF916209A4202D183
:106BD00043461E22ECE77278D30752D53B4639462E
:106BE00000E00121012000FA03F39A43DED10E18E0
:106BF00031462046FEF784F800284CD00DF11303EF
:106C000001930DF112030093314620460DF1160356
:106C100005AAE4F73DFB2046FDF72AFA420448BFE7
:106C2000FF234FF0240148BF8DF8123028469DF80D
:106C30001390BDF91470BDF916609DF81280FFF72E
:106C4000B4F92846E5F7B4F94FEA490303F0020323
:106C5000C9F3400943EA090343700A2397FBF3F79A
:106C600096FBF3F68770C67080F8048029462046AC
:106C7000FFF799F9012006B0BDE8F08702210B4625
:106C8000B0E79607C2F34003ABD45007F6D4110720
:106C90008CD50321F3E740F2EC43ADF81630BAE7A8
:106CA00001460120FFF772FA2046FDF7E1F943049F
:106CB00003D42846FAF79AF9DCE74FF480412046DE
:106CC000FDF7DBF996F903307E2BF2D02046FEF774
:106CD00012F833797278029396F90330014603EB88
:106CE00083035B00019396F90230204603EB830394
:106CF0005B000093C2F3400302F00102FEF70FF8BD
:106D0000D7E72221FDF771FD08B943464FE796F911
:106D100004307E2B3FF45CAF2046FDF782FC4FF041
:106D20000109804600234FF0FF0A98F8001072789E
:106D30005F1C02EA111209FA03F10A4216D0B27876
:106D4000CDF808A096F90430204603EB83035B00DE
:106D5000019396F90330F9B203EB83035B000093D0
:106D6000C2F3400302F00102FDF7D9FF042F3B46B6
:106D7000DBD19EE700207EE7022910B504460CD146
:106D8000FDF752FC002201462046FEF705F930B11E
:106D9000C31F58425841400010BD0020FCE70120AD
:106DA000FAE72DE9F0478A462221804615461F461C
:106DB000BDF92090FDF719FD60B3022006F041FCFB
:106DC000064648B32521FFF7F0F83046E5F7F0F81E
:106DD0006B0003F00203C5F340051D4385700A25CF
:106DE00040F2EC4397FBF5F79945044680F801A083
:106DF000C7700DD04846E8F79BF890FBF5F35BB2FF
:106E0000404631462371FFF7CEF80020BDE8F087F9
:106E10007E23F5E71120F9E70720F7E71FB54A1EA3
:106E2000042A03460C465FD8012902D1008804B029
:106E300010BD022905D100885B88984238BF1846EA
:106E4000F5E74A00014601A806F025F8032C07D112
:106E50000023ADF80A304FF6FF73ADF80C3001E0B7
:106E6000042CF8D0BDF80620BDF80430934284BF4E
:106E7000ADF80630ADF80420BDF80A30BDF80C209E
:106E8000934288BFADF80A20BDF80A2088BFADF84C
:106E90000C30BDF80430934288BFADF80A30BDF81D
:106EA0000620BDF80C309A4288BFADF80630BDF818
:106EB0000820BDF80630934284BFADF80830ADF825
:106EC0000620BDF80A30BDF808209A4288BFADF808
:106ED0000830BDF80820BDF806309A4238BFADF83A
:106EE0000830BDF80800A2E74FF6FF709FE74A1E82
:106EF000062A13B503460C4600F2AF80012903D1E0
:106F000090F9000002B010BD022907D190F90000ED
:106F100093F901309842B8BF1846F3E70A46014694
:106F2000684605F0B8FF032C0AD180238DF80330A2
:106F30004FF4FF43ADF804307F238DF8063009E0AD
:106F4000042CF5D0052C03D180238DF80530F3E710
:106F5000062CF1D09DF900309DF905209342C4BF65
:106F60008DF800208DF805309DF903209DF9003043
:106F70009342C4BF8DF803308DF800209DF9013095
:106F80009DF906209DF900109342C4BF8DF80120A1
:106F90008DF806309DF904209DF902309342C4BF5C
:106FA0008DF802208DF804309DF90120BDF80030E5
:106FB00091425BBA9DF90520C8BFADF800309DF93C
:106FC00003309342C4BF8DF803208DF805309DF93E
:106FD00006209DF902309342C8BF8DF802209DF92A
:106FE00002109DF90320C8BF8DF80630BDF80230AD
:106FF00091425BBAC8BFADF802309DF903209DF9FC
:1070000006309DF904109A42C8BF8DF803309DF9EF
:107010000520BDF8043091425BBAC8BFADF804301A
:107020009DF904209DF901309342C4BF8DF80120E1
:107030008DF804309DF903209DF901309A42B8BFC4
:107040008DF803309DF903209DF904309A42C8BFA2
:107050008DF803309DF9030054E76FF07F0051E78E
:10706000012804D0022804D030B9E7F79BBBE7F72A
:1070700089BB0020E6F752B8704710B1012803D051
:1070800070470120E6F74AB80020FBE7F7B51F4636
:107090008B1E012B05460C46164613D8FCF77FFCC9
:1070A0000023CDE90005F01A18BF01201A46394621
:1070B000FCF783FC80B1022C0BD12846E4F7F0FCEE
:1070C000002004E00029F8D0012902D0FF2003B0FD
:1070D000F0BD2846E4F728FD0120F8E770B50D461D
:1070E00000219DF810600446817106F10C01417386
:1070F000111E18BF012103F00F00237B40EAC110CD
:1071000003F04003184320732B469DF8141004F13C
:107110000E00FFF7BBFF237B0E3660F3861323734D
:107120002B686361AB882383A3793344E37170BD1B
:1071300010B5418904468389C2890846FEF7C4FE1A
:10714000E0B1E279531E072B19D86389934216D90F
:1071500022899A4213D8237C43B9637C33B9A37C38
:1071600023B9E07C10B9237D0F2B07D9607D1B303C
:1071700000F01F000B288CBF0020012010BD002054
:10718000FCE708B5E8F730FBBDE808400020E8F769
:1071900099BBC94350E8003F0B4040E80032002A49
:1071A000F8D17047022808D0042803D0012818BF5E
:1071B0000620704701F00101C81C7047E8F7E6BEE1
:1071C0000A2802D80130C0B27047242801D8023002
:1071D000F9E7252805D0262805D0272818BFFF2045
:1071E0007047002070470C20704708B5E7F7FAFE9B
:1071F000BDE808404FF00060E9F7E4B808B5E8F7EB
:10720000CBFE20B1BDE808401020FFF7EEBF08BD5F
:10721000704770477047704770470020704770474D
:1072200070477047704770471046194670470020F6
:107230000021704705F060BAF2F778BE05F014BB84
:1072400008B5E8F7D1F820B1BDE808400420FFF701
:10725000CCBF08BDF0B587B00D4616468DF80700C7
:1072600002B9A3B329469DF80700FCF7ACFB04461E
:10727000B8B929469DF80700FCF7A9FB40BB16B337
:107280009DF80710003918BF012128460DF10F02A3
:10729000E8F73EFDF8B99DF80F40013418BF01240E
:1072A00016E004AF012239460DF10700FCF78DFB13
:1072B00004464EB19DF80730191E18BF0121002861
:1072C00018BF3D46E1E70124FCF76CFB00B901243F
:1072D000204607B0F0BD4FF0FF34DEE737B5024679
:1072E000136A084603F4007403F40015DB0505D4A3
:1072F0007CB9E4F7D5FB204603B030BD4CB9B5FAF4
:1073000085F4D2F8551064090160B2F859208280E2
:10731000F1E7019092F95430B5FA85F40093002317
:107320001A4619461846FCF748FB6409E3E770471C
:107330007047024619460020E8F7C8BB0020704796
:107340000020704707B500214FF0FF336A4608461A
:1073500000938DF80430E8F74FFD03B05DF804FBAF
:1073600038B50546006805F07BFE0446287900F034
:107370001F0005F075FE2044C0B2012894BF002014
:10738000012038BD70477047914270B50D461446D4
:107390001E4609D2FFF712FF641B013490FBF4F381
:1073A00003FB14000544ACB23480FFF707FF3388B9
:1073B0000133B0FBF3F202FB1300049B188070BD95
:1073C0007047704770470120704708B5202000F0D3
:1073D00000FF003818BF012008BD08B5FFF7F5FF12
:1073E00020B1BDE80840202000F0FBBE08BD73B509
:1073F00006460D461446D2B100F0E8FEA84218D861
:10740000304600F0F8FE01460190A0B100232A4664
:10741000204605F079FF01A805F080FF22460220F2
:1074200052F8041B00F094FE002002B070BD222030
:10743000FBE72120F9E72D20F7E708B5F9F708FB6E
:1074400008B1012008BD00F064F8F9F709FB002835
:10745000F7D1EBF79BFC003818BF0120F2E708B525
:10746000E8F75EFF00280CBF0420012008BDE8F704
:1074700065BF0020704730B50446154687B0084602
:10748000FEF701FD122200210DF1060005F02AFD94
:10749000A368ADF804500293E3680393E38BADF85F
:1074A0001030238CADF81230FFF7E3FF029B8DF80C
:1074B000140043F41053029300F0F7FD18B1029B3F
:1074C00043F004030293029B01A843F48033029328
:1074D000E4F7DEFB10F0FF0516D1A38C0DF10201DD
:1074E000ADF80030E38C6846ADF8023000F065FD81
:1074F000E8F7C0FFFEF7C5FC012104F0E3FFEAF75F
:1075000085FC284607B030BD40F20C40FAE7E8F7AA
:10751000C1BFFBF740BAE0F7A1BFC160704741EAC5
:10752000002008B540F49020FBF7BDFC014640B1B7
:1075300010F1880F05D0BDE8084040F20740EDF794
:10754000B3BD08BD0120704770B50C460646114614
:107550001D46E9F767F858B144EA06206FEA404053
:107560006FEA50402A46BDE8704080B2E8F7AEBFEF
:1075700040F2064070BD837901461A0703D5062202
:107580000020E9F7D9B89B0602D506220120F8E7CA
:107590004FF0FF3070478379532B01D1E9F7FEB8E4
:1075A000FFF7E9BF70B5064614461D46E9F73AF8FD
:1075B00010B90024204670BD41EA06206FEA404021
:1075C0006FEA50402A46214680B2E8F79DFF002826
:1075D000F0D0EEE713B50446E9F724F810B900201F
:1075E00002B010BD08226B4611462046FFF7DAFFB5
:1075F0000828F4D19DF80230002BF0D09DF903004B
:10760000013018BF0120EBE710B5E7F799FD00281E
:1076100014BF03240124E7F7A3FD08B144F00404D8
:10762000204610BD70470020704700207047532847
:1076300038B505460C4604D1BDE838400846EDF79C
:10764000B7BD0620F9F780FE68B96379142D03F001
:107650003F03637104D0722D08D163F03F0363715F
:107660000020A57138BD40F20740FBE72120F9E773
:107670004FF0FF33F7B50093ADF804308379DA06A5
:107680000CD5532B08BF00234FF03F0208BFADF8C5
:1076900000308DF8052008BF8DF802300021451E0E
:1076A000431D6A46084615F8016F12F8014B9D42CA
:1076B00006EA040724EA060440EA070041EA040156
:1076C000F1D110B1081E18BF012003B0F0BD1FB5E5
:1076D00050F80C4BADF80A3094F87040069BADF8AA
:1076E00006108DF8082040F2035101AA8DF80440DD
:1076F000039305F048FD10B906A805F00FFE04B08D
:1077000010BD2DE9F0414FF0000886B004460E464A
:107710001546CDF80C8000F1440712B303A805F01C
:10772000FDFD384605F0FAFD84F81C800023324642
:10773000009318212B46204600F0E2FE05F58855FF
:10774000204650F80C3B40F2055193F8703004AAE3
:107750008DF81030059505F016FD002006B0BDE847
:10776000F08143691A0710D4A846384605F0F4FDA5
:1077700003460390C0B903A805F0D0FD384605F0D4
:10778000CDFD0023237755B1D0E723F008034361F3
:1077900003A805F0C3FD384605F0C0FD2577204657
:1077A00000F02AFF0025CBE79979204601F10C0271
:1077B0001A44B2F801600531B2F8032099713146DC
:1077C00001F0D9FBCDF80C800028CED00546D2E7D9
:1077D0002DE9F84F0E4691469A4605469DF828B089
:1077E00010B1037C012B60D0284601F0DBF8304655
:1077F00001F054FA002231468046284601F0C1FAD1
:107800000746304601F043FD42F6052398421CD15D
:1078100018F0300F26D1BBF1000F33D018F0200F35
:107820003FD0BA073FD5EB8B002B38D153464A46A1
:107830003146284600F012FF0446E8B940F20A41FA
:107840002846EE8301F0BCF816E0284601F05FF907
:107850000028DDD0284601F06FF90028D8D041F289
:10786000121409E0B907D6D03146284601F025FBAD
:107870000028D0D000F58854284601F098F820461A
:10788000BDE8F88F18F0100F0BD0FB070BD553464F
:107890004A463146284600F0BEFE0446ECE7052481
:1078A000EAE72124E8E70224E6E70724E7E72DE9F1
:1078B000F047002586B09DF8389090F81CA004464B
:1078C0000F4690460F9E0577B9F1000F09D00A4682
:1078D0004B465146009600F013FE284606B0BDE820
:1078E000F087BAF1080FADF8169026D145893246D7
:1078F000043DADB29D424FF002014FF00900A8BF18
:107900001D4600F08EFD0222814605A93046ADF8E5
:10791000147005F094FF2A464146304605F08FFF6B
:107920000546831C3146204689F80130EBF71CFCE4
:10793000ADF81650BDF81600D0E7BAF10A0F0DF1F8
:1079400016020CBF0B210D21CDE90162009301222B
:10795000434600F0F9FD1A28ECD111233A4651466E
:107960002046CDF80090ADF8169000F0C9FDE1E793
:10797000F0B5002589B01746012204460E46039350
:10798000ADF8165001F02CFA8DF81500002846D1FC
:10799000304601F09DF810B1304601F05BF93046F9
:1079A00001F08CF9B8B103A805F0B8FC204650F8F6
:1079B0000C2B237F92F8702040F202518DF8182092
:1079C00006AAADF81A608DF81C30ADF81E7005F0EF
:1079D000DAFB09B0F0BD0DF115030DF116023146C9
:1079E000204601F09AFA9DF8153002465BB9BDF8C1
:1079F0001630BB4235BF0723DB1B8DF81530D2197B
:107A000028BFADF81630039B314601939DF8153021
:107A100020460093BDF81630FFF749FFD9E72A4604
:107A2000F1E770B504460D46164601F051F840B92D
:107A300033462A46214601F09EFA08B100F58850E7
:107A400070BD41F20310FBE71FB550F80C4BADF8C9
:107A50000A3094F87040069BADF806108DF80820A7
:107A600040F2015101AA8DF80440039305F08BFB0D
:107A700010B906A805F052FC04B010BD1FB550F8AF
:107A80000C4BADF80A3094F87040BDF81830ADF8E2
:107A900006108DF8082040F2045101AA8DF8044028
:107AA000ADF80C3005F06FFB04B010BDF0B5122737
:107AB00085B003920777022205460E4601F090F941
:107AC000044668B103A805F029FC00232B770023A6
:107AD0003246009312212346284600F011FD0FE0A4
:107AE000039A304693790333937101F0E7F848B174
:107AF000039B3A460093314623462846FFF7E7FDAD
:107B000005B0F0BD42F6293001F028FBB04220D18B
:107B1000039830B903A805F001FC00230D242B774E
:107B2000D5E705F067FC80B20128F3D1039B284616
:107B30009A791344197B01F025F8044603A805F04F
:107B4000EDFB00232B77002CC1D1284600F01BFD54
:107B5000D6E7224631462846039B01F00CFA04463C
:107B6000EFE72DE9FF410392042204460D4601F0A0
:107B700037F9074628B103A805F0D0FB04B0BDE8EB
:107B8000F0814FF05208039A28469379033393719A
:107B900084F81C8001F092F8064640B1039B4246EF
:107BA000009329463B462046FFF791FDE6E742F663
:107BB000293001F0D3FAA842039B0BD19A792046D1
:107BC0001344197B00F0DEFF03A805F0A7FB002398
:107BD0002377D3E732462946204601F0CCF9F6E771
:107BE0002DE9FF418B7904460C330B44B3F8017047
:107BF0000E463846B3F8038001F048F8002858D004
:107C000002223946204601F0EBF80546E8B938462D
:107C100001F054F868B116222277B379394605335A
:107C2000B371204643460096FFF751FD04B0BDE80E
:107C3000F081F9F771F933461B680135EDB2002B7D
:107C4000FAD10635A8421DDC092504F1440005F0EF
:107C500065FB2B463A4616212046009600F050FC64
:107C6000092DE3D1204650F80C3B40F2055193F822
:107C7000703002AA8DF8083041F20913039305F021
:107C800082FAD3E70121304605F0A4FD0146002821
:107C9000DAD004F1440005F00FFCB3794246053315
:107CA000B37139463346204604B0BDE8F04100F0D8
:107CB00079BC0125C9E713B5044641B9443005F044
:107CC0002DFB204602B0BDE8104000F095BC182204
:107CD0004369027713F0080306D000231946009386
:107CE000FFF7F5FC02B010BD1A46194602B0BDE818
:107CF0001040FFF706BD7FB5C58B04462DB342F695
:107D0000052001F02BFAA84207D10021204600F0FF
:107D10001AFF636923F001036361002640F20A4100
:107D2000204600F053FE29460DF10E022046ADF824
:107D30000E6001F026F8BDF80E2003460092294699
:107D400002222046FFF79AFEE68304B070BDF7B525
:107D500004461F460E46154600F024FE237C012BE8
:107D600058D0237F182B2CD063691B0713D5217F94
:107D700016292DD008D8122914D00225204600F04B
:107D800016FE284603B0F0BD18291AD05229F4D1A6
:107D90000023237713E0304600F090FF0028E6D15F
:107DA0002125EBE70023237735B1009332462B469C
:107DB000204600F0A5FB02E0204600F0E4FB002591
:107DC000DCE72A4631462046FFF79BFC0546D5E70F
:107DD00000232377002DE8D105211720BDF824309A
:107DE000089A009500F041FB20B911233246122178
:107DF0000095DDE700F0F6FA6269034642F00802FA
:107E0000626182793146053282713A46204600F03D
:107E1000C9FBD4E70725B1E72DE9F041054688B055
:107E200042F6052001F09AF9064604A8ECF7ECF9B1
:107E3000102205F121010DEB020005F01CF850B1F4
:107E40000121284600F07FFE284601F039FA6B69CF
:107E500023F001036B6142F60303022003A9ADF88E
:107E60000C30ECF719FB012407464FF000082046C0
:107E70003A464FF6FF7101F036F9044610B908B0E2
:107E8000BDE8F08100F002FF0134A4B20028EED07A
:107E9000A64203D131462846E9F7CEF821462846C6
:107EA0000DF10E02ADF80E8000F06BFF03460028C6
:107EB000DDD0BDF80E202146009228460122FFF7B2
:107EC000DDFDD4E708B5ECF78DF90020E9F742FDB8
:107ED000002008BD10B90120E9F730BE704702202C
:107EE000E9F722BE0020E9F71FBE38B50C4605466B
:107EF000E3F792FB4379C47523F0030343F00303D4
:107F000043710923837104F10C03C371A0F8155068
:107F1000153038BD2DE9F3410D4616468046E3F78E
:107F20007BFB05F10C03C3714379044623F0030383
:107F300043F003034371092301908371A0F8158076
:107F400000F11507304605F055FA33460544E5754E
:107F50003BB901A8314605F0AFFA384602B0BDE89A
:107F6000F0815A7922F0030242F002025A711B6832
:107F7000EEE708B5E3F756FB83790C33184408BDE8
:107F800008B5E9F729FDECF7BBFEE8F741FFEBF791
:107F9000EFFFBDE80840FFF7A5BF10B50446E9F7BD
:107FA000C7FE20B92046BDE81040F8F7AFBE204616
:107FB000F8F7ACFEFFF793FFF1E773B50E4605F057
:107FC000E9FC044600BB42F6072001F0C7F805466D
:107FD000D0B10A22B6F900300021002BCBBF053307
:107FE000053BB3FBF2F393FBF2F35BB28DF8073082
:107FF00001230DF10702184605F04EFC002203464E
:108000002946104600F0B7FF204602B070BD430875
:1080100003F05503C01A00F03303C0F3850000F0ED
:108020003300184400EB101000F00F0070470021DF
:1080300010B5421D441E14F8010FFFF7E8FF9442EB
:108040000144F8D1084610BD0E2070470E2070473D
:108050000E2070470E20704708B501210220E9F775
:1080600073FE002008BD0078EBF7FAB87047EBF715
:108070004FBB704708B5ECF783FB002008BDECF759
:10808000A1BFEAF737BCEAF7F1BE02F074B802F01C
:1080900074B87047704770477047E8F7E1BA0F202F
:1080A00070470F2070477047704700207047704737
:1080B00070477047F8B504460F46164613680A46DF
:1080C0001D0A0021043504F00DFFEDB221222046E7
:1080D000394605F071F82046294605F0F6F8A279F0
:1080E00033681444E360F8BD7047704770477047C9
:1080F0007047704702464FF482712020FFF777B92E
:10810000FFF7C1BF014608B500F03800EAF772FD7D
:1081100078B1D0E901324078C1F3074110F0020F85
:1081200008BF1346043B53F8040F10B102788A428B
:10813000F9D108BD38B505460C4604B938BD013C37
:1081400055F824301B69002BF7D09847F5E77047A6
:108150007047F8B543780546DB0701D4EAF78CFD94
:1081600000266B786F6823F00C0343F002036B70FA
:1081700057F826402CB9202005F10C01F8F780FFB4
:108180000FE0A3680136002BF2D098470446002880
:10819000EED031463846FFF7CDFF6B7823F002036F
:1081A0006B702046F8BD4078C0F3400070474378BC
:1081B00013F00E0F0CBF01200020704710B5EAF736
:1081C000C5FD0446EAF7DAFD204610BD4FF4827083
:1081D000704708B5EAF70EFDC068003818BF0120E7
:1081E00008BD08B5EAF706FD20B1BDE80840C06843
:1081F00005F0C5B808BD38B5EAF7FCFC044650B137
:10820000F9F733FC054604F10C0005F0A5F8044627
:108210002846F9F730FC204638BD37B58379019000
:1082200003440446D86800F03800EAF7E3FC05464A
:1082300028B901A805F072F8022003B030BD20462D
:1082400005F076F8F9F711FC0446019905F10C00E8
:1082500005F032F92046F9F70EFCE8F76FF8002038
:10826000EBE72DE9F04104461F462502C4F307233E
:1082700005F4E06524F47F441D4324F0C704EE199F
:1082800044F080048B7944EA16243602B6B20C33EB
:108290003443084601EB0308CC501146FFF7BDFFFD
:1082A00020B94544EF704046BDE8F0814FF000082A
:1082B000F9E7427810B50432044601F00400D2B266
:1082C000002140F0290005F07DFA18B18379226879
:1082D0000344DA6010BD10B50021FFF7EAFF044641
:1082E00008B9002010BD0179FFF797FF0028F8D1E9
:1082F000A3790C33E018F5E72DE9F04117461A464B
:10830000036801F004011C0204F4E064C3F30723D2
:108310001C4341F02905043406463B4621462846C5
:1083200005F0BAFA804650B1E1B205F037F83B46A5
:108330002A4641463068BDE8F041FFF792BFBDE8EC
:10834000F0812DE9F341002401F00401076806469D
:1083500041F02905106829461460019004F0E8FFF7
:10836000019805F047F8390201F4E061C7F30727E7
:10837000394380460122043101A805F09FF930B14C
:1083800001A804F0CBFF204602B0BDE8F0814346CF
:108390002A4601993068FFF764FFF5E7704700232C
:1083A00007B5CDE9003369468DF802004FF0FF3084
:1083B00004F024F903B05DF804FBA0F86E107047D8
:1083C00001238B4090F87110194380F871107047A9
:1083D00008B50120F8F7C0FDC0B208BD83790C33A1
:1083E000184470471438704710B50446A1F11400C2
:1083F00005F000F8201A20EAE07080B210BD70B5D8
:108400001C460D461646FFF7EFFFA04207D3224653
:108410003146A5F1140005F012FA012070BD0020CC
:10842000FCE770B506460D4614467AB90A46204662
:10843000082105F0C7F9044690B92A4608212920E9
:1084400005F0C0F9044658B9204670BD104604F046
:1084500065FF204605F0E9F808231D44A371E57186
:10846000A3790C331C442670EEE72DE9F041164643
:10847000069A074688461D46FFF7D3FF0446F0B12B
:1084800014382A463146069005F0D9F9854217D9A5
:10849000069B06A81C7904F0200404F03FFF74B981
:1084A00042460821292005F08DF92A4631460690DA
:1084B00005F0C5F9854206D906A804F02FFF00246F
:1084C0002046BDE8F081069A93790C33D418D7542E
:1084D000F6E711B11439EAF747BE1A20704738B5EC
:1084E000002204460D4602200321FFF79AFF0146B1
:1084F00008B1A0F801502046BDE83840FFF7E9BFB9
:10850000F8B504460F46164605210120069A1D4679
:10851000FFF787FF014638B1477046800571204656
:10852000BDE8F840FFF7D5BFF8BD38B50D460321CB
:1085300004460846FFF775FFA0F8015001462046A3
:10854000BDE83840FFF7C5BF73B50546084611467C
:108550006C891A46641ABDF81830A4B29C4228BF30
:108560001C46079B089E00932346FFF77EFF0146AB
:1085700030B12846348002B0BDE87040FFF7A9BF93
:108580001A2002B070BD012110B50022044613204C
:10859000FFF747FF014620B12046BDE81040FFF736
:1085A00098BF10BDF7B54489054618460F461646D4
:1085B000019304F01FFF053CA4B2844203DA011BBF
:1085C00001A804F0B9FF0521019805F03EF8014625
:1085D00028B901A804F0A2FE1A2003B0F0BD8379E7
:1085E0000C33C2181720C8542846A2F80170A2F80C
:1085F0000360EAF7B9FDF0E7012110B50022044657
:108600001920FFF70EFF014620B12046BDE81040BB
:10861000FFF75FBF10BD73B50E46002144890546C4
:10862000033CA4B2A342009128BF234603211B2090
:10863000FFF71BFF014670B1012210F80F3CA0F8B4
:10864000016062F3071300F80F3C284602B0BDE852
:108650007040FFF73EBF1A2002B070BD73B50E46E2
:10866000002144890546033CA4B2A342009128BFDF
:10867000234603211D20FFF7F8FE014638B1A0F87C
:108680000160284602B0BDE87040FFF722BF1A2003
:1086900002B070BD4B88042B07D1836C08885B89BE
:1086A00098428CBF0020012070470020704710B511
:1086B0000446806920B10021EAF792FC0023A361FF
:1086C00010BD38B5A0224FF4A0730025C0E90723E0
:1086D0000723044680F83130C5818571103004F0DD
:1086E0001DFE04F1140004F019FE2046FFF7DFFF21
:1086F00040F20113E3857F2384F832302046A562DF
:108700006562BDE83840FEF78DBF91F8393073B52A
:108710005B0706460C4615462DD40846EAF770FD61
:108720006B1E042B16D8032D14D0A379142B24D040
:10873000A3697BB90093ADF804308DF80630E8F7F3
:10874000FBFB6946EAF7B0FB18B91A25284602B0C8
:1087500070BDA061636AE57343F016036362E8F7D6
:1087600091FB3046EAF76CFE05460028EED0204625
:10877000FFF79DFFEAE70225E8E72125E6E710B5C8
:108780000446FEF741FF0346204009D014F00500DF
:1087900006D0DB4363F0050323420CBF0120002019
:1087A00010BD002337B580F8723040F6FF73A0F893
:1087B0006E3083680446DA040D46C16010D443F479
:1087C00080636A46A36040F203212046CDE900455C
:1087D00004F0D9FC00212046EAF702FC03B030BDCA
:1087E00090F87600EAF7D6FEA36823F48053E8E712
:1087F00073B56E4604464A7930460D460631E8F7B1
:10880000E1FB96E80300A4F85010090C11F0800F6A
:10881000E06484F8521004F1530312D00122184688
:1088200005F11201E8F7CEFB0C352846FFF7FFFBF8
:1088300028B10122294604F15A00E8F7C3FB02B02F
:1088400070BDB4F8501094F85220C4F853009980C9
:108850009A71E9E71FB590F87420044602F001030D
:1088600001908DF808300BB102F002038DF8093049
:1088700094F8753020468DF80A30039101F0D5FC4C
:108880004FF4017101AA204604F07DFC2046EAF76E
:1088900033FC04B010BDEAF77BBBFFF799BD0A4675
:1088A0000021EBF7EBBF13220121EBF7E7BF826852
:1088B00038B5C2F380320446B0F86E000D46ECF7CE
:1088C00083F820B9A3681DB143F40053A36038BDF9
:1088D00023F40053FAE7F8B504460E4617461D4642
:1088E000E8F72AFB2146EAF7DFFA044698B10021AF
:1088F000FFF766FD3A4631462046F8F7E9F9A368E6
:1089000043F00103A36040F20313A4F87230002384
:1089100020462B60F8BD1A23FAE710B504460B6811
:10892000084623608B88A38042B1E8F743FBA0711F
:108930002046FEF79DFE00B9A07110BD4920F6E764
:1089400083791A0705D413F0100F0CBFFF20012004
:108950007047002070470020704710B5044660B192
:10896000806C50B1EBF718FBA06C0028FAD12046C0
:10897000BDE810400321EAF733BB10BD438907B5BA
:108980008B420CD050F80C2B40F2014192F8702031
:10899000ADF806308DF8042001AA04F0F4FB03B012
:1089A0005DF804FB436943F0040343617047436986
:1089B00023F00403436170474069C0F380007047AF
:1089C00047F2305300220068F8F766B9006804F0F7
:1089D00077BB38B5436904469B070D4603D540F283
:1089E0000941FFF7F3FFEAF7DDFB08B1A3691D704A
:1089F0002046BDE8384040F20941FFF7E1BF07B526
:108A0000027C012A09D00122027440F209429142FB
:108A100006D040F20A4291420ED003B05DF804FB4A
:108A20004FF4816150F80C3B01AA93F870308DF837
:108A3000043004F0A8FBF0E750F80C3B01AA93F8CF
:108A400070308DF80430F4E738B522F000430D465D
:108A5000114640F20322934204461AD0B3F5017F37
:108A600009D240F20122934213D040F202229342F3
:108A700009D0002038BD6FF481621344012BF8D86F
:108A8000FFF7BDFFF5E700F022F92046FFF7C4F934
:108A9000EFE763699B0704D540F209412046FFF7E1
:108AA00095FF2846FFF759FFE3E708B5EAF748FACC
:108AB00000B1806C08BD08B500B10068EAF760FA43
:108AC00008B9034602E0836C002BF7D0184608BDB6
:108AD00010B5044642F62A3000F040FB031B584212
:108AE000584110BD022806D142F62A330888C31A1D
:108AF0005842584170470020704710B5044642F66E
:108B0000293000F02BFB031B5842584110BD90F850
:108B1000200000F0010070471FB504466846EBF7DF
:108B200073FB1022694604F1210004F0A4F9B0FAA5
:108B300080F0400904B010BD08B5FFF7EDFFB0FAB2
:108B400080F0400908BD70B5044600F1210591B9D7
:108B50002846EBF759FB236893F97500FEF73AFDB9
:108B600078B120682B46BDE8704010220D2190F9A5
:108B70007500FEF7E9BC10220021284604F0B2F986
:108B8000E9E770BD38B50446002390F8202041FA8B
:108B900003F0C50703D442FA03F0C0071ED4013323
:108BA000082BF4D101F0010523682A4384F8202022
:108BB00093F97500FEF70EFD40B1234653F8200BE4
:108BC00001220C2190F97500FEF7BEFC0DB90020C2
:108BD00038BD00212046FFF7B6FFF8E71320F7E77E
:108BE00068B13F290AD800EBA10090F8310001F0EC
:108BF00003014900084100F003007047002070475E
:108C000010B50368044693F97500431C0DD0FEF7B8
:108C1000E1FC50B12346BDE8104053F8310B10225F
:108C20000B2190F97500FEF78FBC10BD10B590F8C0
:108C30007430DB0706D490F97530013314BF0F2070
:108C4000052010BD847CECF785F9844234BF0C20EC
:108C50000020F6E730B5044685B06846EBF7D4FA55
:108C60001021684604F02DFE2046EBF7DFFC6B4632
:108C7000C26804AD06321C4603CCAC4210605160A1
:108C8000234602F10802F6D105B030BD08B5EBF776
:108C9000CDFC08B1EBF79EFCC0B208BD013810B5A1
:108CA00080B2EBF7C3FC044608B9002010BD408831
:108CB00000F07FFB0028F8D0207BF7E708B5EBF742
:108CC000B5FC18B1007AC31F5842584108BD70B5B1
:108CD000054655F8213B044693F97500431C04D121
:108CE0002846BDE87040EBF78FBAFEF773FC00280A
:108CF000F6D0234653F8310B10220B2190F9750062
:108D0000FEF750FC234653F8200B01220C2190F96A
:108D10007500FEF747FC20682B46BDE87040102226
:108D20000D2190F97500FEF73DBC01302DE9F041B1
:108D300085B228460E46EBF779FC42F60217044648
:108D400042F603089CB12046EBF744FC78B120467C
:108D500000F03EFBB84205D10EB123883380607B22
:108D6000BDE8F081204600F033FB404502D14FF0D2
:108D7000FF30F5E70135ADB22846EBF757FC044666
:108D8000E0E72DE9F04707460E4690460D4642F6CD
:108D9000021942F6030A0135ADB22846EBF746FC4C
:108DA000044678B1EBF716FC60B1204600F010FBEA
:108DB000484505D1237A072B04D10320BDE8F0876D
:108DC0005045E8D141463046FFF7AFFF431C01460E
:108DD00004D03846BDE8F047FFF702BF0020EDE7BA
:108DE00070B5054608461646EBF720FC044608B960
:108DF000012070BDEBF7EEFB0028F9D0F00713D48B
:108E0000B10734D4720702D5A3885B0732D516F0B8
:108E1000060F31D116F40060EBD0A38813F4006F75
:108E200014BF00200620E4E7A388DA0743D513F037
:108E3000700F0AD1980610D45806E1D52B6893F923
:108E400075300133DCD10820D3E72868FFF7EEFE48
:108E5000A388990608D50028CBD12A6892F87420F7
:108E60009207E9D40520C4E70028C2D1E4E7A3882B
:108E70009907C7D40320BCE7A38813F4E06F09D196
:108E800098050FD45B05C5D52B6893F97530013370
:108E9000C0D1D8E72868FFF7C9FEA388990507D590
:108EA0000028A6D12A6892F874209207EAD4D9E75C
:108EB00000289ED1E6E702209BE738B50446084625
:108EC000EBF7B4FB054608B9012038BDEBF782FB90
:108ED0000028F9D0AB8813F4E04F0CD1980412D4D9
:108EE00013F48040F1D0236893F97500431C584275
:108EF0005841C000E9E72068FFF798FEAB88990465
:108F000008D50028E1D1226892F874209207E7D4AE
:108F10000520DAE70028D8D1E2E72DE9F0474FF045
:108F20000009044683F800900846A2F8009088469D
:108F300016461D46EBF77AFB074620B901230020B1
:108F40002B70BDE8F08774B1EBF744FB0028F5D037
:108F50004046FFF7D2FD30B1012385F8009004F1BF
:108F600020003380EDE72B46324639462046BDE8E7
:108F7000F047EBF7D5B82DE9FF410746084688468C
:108F800016460393EBF752FB044638B903A804F0E6
:108F9000C5F90125284604B0BDE8F0811FB1EBF703
:108FA00019FB0028F2D0237A072B05D8DFE803F05D
:108FB00017262F381C17172126BB0398002835D1F8
:108FC0003246257A022D62D0032D64D0012D3BD08C
:108FD000002F7FD1002503A804F0A0F9DAE703A849
:108FE00004F09CF90325D5E703A804F097F90625BA
:108FF000D0E703A804F092F98025CBE7E3685D8809
:10900000B54209DA03A804F089F90725C2E7E36845
:109010009A88B242F6D35D88039840B9024609E0C7
:10902000022EEFDC039868B90246CAE7354604F021
:10903000E1F982B29319AB42C3DD03A804F06EF9E3
:109040000D25A7E70225F2E7E06806300023039923
:10905000304404F059F9002FBCD0237A032B39D1C6
:1090600003A804F05BF900212046EBF799FA68B3F6
:109070000588617B3846FFF7B3FD01220346294688
:109080003846CDF80080FEF7F9FC002582E7E0685D
:10909000B3188380D9E7039B9A79D979891AC9B221
:1090A000481E012810D8134402291A7B04BF5B7B99
:1090B00042EA0322237B32EA03038CD101233846A0
:1090C000617BEBF703F8C6E70D2584E708F1FF3570
:1090D000ADB2CEE7039B41460093384633463A7F14
:1090E000FEF7B2FCD1E7884270B504460D4616463D
:1090F00011D8012838BF01242046EBF797FA10B1A8
:109100004388B34208D00134A4B22046EBF772FA88
:1091100008B1A542F0D20024204670BD70B50C46BF
:1091200016461D460146B8B1B3B1022C01D0102C31
:1091300012D1E0B2EBF7B0F94FF6FF718842024668
:1091400002D141F20A1070BD3046FFF7CCFF002873
:10915000F7D028800020F6E72120F4E7002307B5A8
:109160000122ADF80400ADF8063002210DF106032E
:1091700001A8FFF7D3FFBDF8060003B05DF804FBBC
:10918000F8B50F461646441CA4B22046EBF74EFA3B
:1091900010B9013CA0B2F8BD00F01AF905463046FE
:1091A00000F0F2F820B1284600F0EEF80028F0D1E7
:1091B000304600F0E2F820B1284600F0DEF8002842
:1091C000E7D10134A4B22046EBF714FA08B1BC424F
:1091D000DBD94FF6FF70DEE72DE9F04F9A4687B0F6
:1091E0008B880D460C88814604A90220ADF810300A
:1091F0009046EBF751F9AB680090A888AF890593CA
:1092000000F0BBF838B1102F05D105A8EBF72AF90B
:10921000022808BF02274FF6FF7B33E02046009A62
:10922000FFF761FF064680B3AA886988FFF7A8FFA9
:1092300004463046FFF72AFD00B30DF10F03314617
:1092400048460DF11202FFF768FE9DF80F302BB172
:10925000A8F80060184607B0BDE8F08FBDF81220EE
:10926000BA420BD13A460599019303F004FE019BE3
:1092700020B9A8F80060AAF80040EBE75C4504D0EC
:109280000134A4B26988A142C8D80A23E2E708B52C
:10929000EBF7CCF9BDE8084000F09AB838B50546C0
:1092A0000846EBF7C3F9044610B94FF6FF7038BD16
:1092B0000DB96088FBE7EBF78DF90028F9D1F4E7E9
:1092C00070B5044642F60520FFF748FFB0B1002113
:1092D000FFF72BFD054601462046FFF781FC0646B9
:1092E0001022002104F1310003F0FCFD3246294632
:1092F0002046BDE870400023EAF7E8BE70BD7FB5A8
:1093000004460D4610220021684603F0EBFD0026BE
:10931000AB575A1C1BD031462046FFF761FC19465B
:10932000002BB8BFD91C04AA02EBA10100F0030274
:10933000584200F0030003F0030358BF43425B00B0
:1093400002FA03F311F8102C134301F8103C013614
:10935000402EDDD16B4604F1310504AE1A4603CA36
:10936000B24228606960134605F10805F6D120462F
:1093700004B0BDE87040FFF743BCA0F520500128C1
:109380008CBF00200120704742F60303C31A5842E5
:109390005841704708B5030409D4EBF749F8A0F524
:1093A000205080B201288CBF0020012008BD002081
:1093B000FCE7020408B507D4EBF73AF842F60303DA
:1093C000C31A5842584108BD0020FCE7C00B704743
:1093D0000346B3F902304088002B01DBEBF728B8D5
:1093E0000020704708B5FFF7F3FFA0F5205080B2CA
:1093F00001288CBF0020012008BD037C012B07D071
:109400008369187828B112280CBF00200520704706
:109410000720704710B504468069143003F07EFFC2
:10942000A069BDE81040183003F078BF2DE9F04185
:109430000F46144605461E46FFF7ECFF23463A4604
:1094400008210020D5F8188004F026FAAA69C8F887
:109450001400536923B1002054811682BDE8F081C5
:109460001A20FBE71FB50A468369090C92B299805E
:10947000DA8042F60303ADF80C300223009303AB0D
:1094800002F04CFA05B05DF804FB70B504460846DE
:1094900003F0B0FFA16986B28A894D8912B1521BCF
:1094A00096420CDA6389581E80B225B90A78082AD8
:1094B00004BF043B98B2831B5842584170BD002042
:1094C000FCE730B5044654F80C0B8DB09DF84050C5
:1094D00090F8700042EA01428DF8040019460292A9
:1094E00003A82A46079503F0D6FC40F20241204625
:1094F00001AA03F048FE0DB030BD10B550F80C4B7A
:1095000086B094F87040ADF80E10ADF8102040F21F
:10951000064103AA01938DF80C40059303F033FE36
:1095200010B901A803F0FAFE06B010BD37B5044625
:109530000D46FFF76FFF204640F20941FFF746FA5C
:1095400000222046A36940F207411A7050F80C3BF4
:109550006A4693F8703001958DF8003003F013FEE1
:1095600003B030BD13B501910021044602F080FA2A
:109570000422002320460DEB0201FFF757FF02B043
:1095800010BDF0B504460F461E46154685B052B9CB
:1095900083691B78072B30D0082B14BF154609258B
:1095A000002E18BF0D250A9803F024FFA3699A899D
:1095B0004AB15B8981B2D21A914204DD92B2891A12
:1095C0000AA803F0B9FF204650F80C3B40F20541D1
:1095D00093F8703001AA8DF804300A9BADF806703C
:1095E0008DF80850ADF80A60039303F0CCFD10B974
:1095F0000AA803F093FE05B0F0BD0B25D0E7B0F844
:109600000AC02DE9F041ACF1020C9C4505460E461E
:1096100017461C4603DDBDE8F04102F0D6B9836968
:109620002246198100233946FFF700FF044658B946
:10963000AB690246314628460E3302F0DFF9044694
:1096400010B12846FFF7E6FE2046BDE8F0812DE97F
:10965000F043202A8FB0054617461C4603910BD9CC
:1096600041F2041421462846FFF760FF03A803F0E7
:1096700055FE0FB0BDE8F083002B46D10846A2F19D
:10968000060803F0B7FE4FF6FF765FFA88F81FFA78
:1096900080F94C4510D3AB69DA88B24239D942F629
:1096A0000203ADF814300223711C0093284605AB69
:1096B00089B202F033F925E023463A46039906A819
:1096C00003F022FEAB69BDF818609A88B242C7D891
:1096D000DA88B242C4D3BDF81A10BDF81C20B8F124
:1096E000000F09D02846CDF800800DF11E033C4440
:1096F000FFF7E7FEA4B2CCE728469E8019815A8185
:1097000002F025F904460028B0D041F20A139C4229
:10971000A8D10024A6E770B505460E4611461A46A4
:10972000FFF76BFE044670B903462846FFF77EFE3E
:10973000044640B931462846FFF794FE044620B15E
:109740002846FFF767FE204670BD05212846FFF733
:1097500040F9F8E770B505461E46FFF74EFE044691
:1097600048B933462846FFF74AFF044618B90A218C
:109770002846FFF72EF9204670BD2DE9F0471C461C
:1097800096B0836901921B780646062B03D0102BF6
:1097900060D001A81CE00129104614BF4FF010084A
:1097A0004FF002080392002C4CD103F023FE4FF639
:1097B000FF7508F1020987B2A7420ED8B369DA88AB
:1097C000AA4237D8002421463046FFF7AFFE03A84F
:1097D00003F0A4FD16B0BDE8F08723464A4603997E
:1097E00004A803F091FDB369BDF810509A88AA420D
:1097F0002DD8DB88AB422AD39DF81330282BE1D03B
:10980000B2465AF80C3B424693F870300DF1120103
:109810000DA88DF83030ADF83250CDF844804C446E
:1098200003F039FB40F2044150460CAA03F0ABFCB4
:10983000A4B2C1E7691C304689B202F03FF8044681
:109840000028C4D041F20A139C42BBD0BBE741F2CE
:109850000414B8E70129104614BF12270427049204
:1098600084BB03F0C7FD42F602184FF6FF7185B2C4
:10987000A5420DD8B369DB888B4221D901314FF65F
:10988000FF72304689B202F019F80446A0B119E01F
:1098900023463A4604990CA803F036FDBDF8322061
:1098A000BDF8301042459DF8333007D1B26902232C
:1098B00030460A32FFF7A3FE04A889E7282B06D119
:1098C00041F20A1421463046FFF730FEF4E73C44EB
:1098D000A4B2CDE7F0B5836987B003911B78054644
:1098E000022B144653D108460491002A47D103F0B5
:1098F00081FD4FF6FF7687B2A7420DD8A869C288CE
:10990000B2422BD8002421462846FFF70FFE04A8B8
:1099100003F004FD07B0F0BD04220499234605A816
:1099200003F0F2FCAA69BDF814109088BDF8166027
:10993000814229D3D388994226D8864224D39E4295
:1099400022D85069927A837904340C33009203440C
:1099500032462846FFF7B5FDA4B2CDE743694089FA
:10996000711C0190987989B20C3003440093284609
:109970004FF4205301F0B6FF04460028C7D041F24F
:109980000A139C42BFD1BDE741F20414BBE703A810
:10999000BEE7F0B587B0054617461C46039153B99C
:1099A000FFF773FD38B1012322462846039900F0E2
:1099B00084F807B0F0BDA9690B78082B05D8062BF1
:1099C00044D8032B0FD003A83DE00E2BFBD1039B03
:1099D0000593002C6DD1002B6BD0224628460989B7
:1099E000FFF78BFD59E00398059018B3ECB91026EA
:1099F00083794A890C330989034400962846FFF786
:109A000060FDAB699988DA88914217D242F6020369
:109A1000ADF8103002230131009328460DEB060308
:109A200089B201F07BFF044660B141F20A139C4207
:109A300004D101E0002CF8D141F21F042146284650
:109A4000FFF774FD05A803F069FCB2E703980590E1
:109A50007CBB70B303F0CEFC0FB386B2B7421ED20C
:109A6000394605A803F08AFE38B905A803F056FC6C
:109A70001A212846FFF75AFD9BE78379F61BC21887
:109A8000023391898371AB6900225B89B6B2009081
:109A90002846FFF776FDB742E2D92146E9E7AA69F1
:109AA000284653891189059A00920022FFF769FD23
:109AB000F3E705A803F032FCEFE7F0B585B0064602
:109AC0001F461446039132BB084603F093FC05463B
:109AD00008B3B1690B784A89082B0BD8062B0BD930
:109AE000039B09893046009313462246FFF749FD40
:109AF000039401E00E2B19D0B1694B89EA1892B298
:109B0000B2F5007F4A8117D82FB13046098901F09C
:109B10002FFF044628B10022234611463046FFF7A6
:109B200038FF03A803F0FAFB05B0F0BD3046039BF5
:109B30000989FFF7E2FCDBE741F20414EBE773B5B8
:109B4000836901911B780446082B15460ED8062B15
:109B50000ED9019E20463146FFF797FC2A46034660
:109B600031462046FFF7A9FF02B070BD0E2BF0D0A2
:109B700001A803F0D3FBF7E730B5836987B0039101
:109B80001B780546092B144611D105915AB9134685
:109B900000910F222146FFF7F4FC21462846FFF7EB
:109BA000C5FC07B030BD05A803F0B8FBF5E703A876
:109BB00003F0B4FBF5E72DE9F04F87699FB00391FF
:109BC0003F780546052F16461C4604D8032F16D8A5
:109BD00010D003A867E0082FFBD108461391002B93
:109BE00000F0C28013A803F099FB21462846FFF736
:109BF0009DFC01E0FFF72BFD1FB0BDE8F08F202A90
:109C00000846049148D8002B40F0A880571F03F065
:109C1000F1FB4FF6FF78FFB21FFA80FA0DF11C0B33
:109C2000A24506D8AB69DA88424500F28780002455
:109C300034E02346324604990BA803F065FBAB6978
:109C4000BDF82C809A88424526D8DA88424523D32D
:109C50005969F1B9A94659F80C1BBDF82F2091F8A4
:109C600070109DF82E308DF84C10ADF84E200DF18F
:109C700031013A4615A88DF85030199703F00BF9C9
:109C800040F20341484613AA03F07DFA3444A4B2DB
:109C9000C6E75A89102A09D941F2041421462846F8
:109CA000FFF744FC04A803F039FBA5E7002358465E
:109CB00003F02AFBAB690DF13101102FCDE9051B33
:109CC00093F80A902BD1B9F1020F34D105A8EAF725
:109CD000C9FB0228DAD14A46DDE9051003F0CBF8CA
:109CE0000028D3D12B4653F80C0BBDF82F1090F859
:109CF00070009DF82E208DF84C00ADF84E108DF8B8
:109D0000502059464A4615A80293CDF8649003F0B6
:109D1000C2F8029B40F20341184613AAB4E7022F8F
:109D200009D1B9F1100F06D106A8EAF79BFB02286A
:109D3000ACD13A46D0E73A465846CFE742F603035D
:109D4000ADF84C30022308F101010093284613AB13
:109D500089B201F0E3FD04460028A3D041F20A13C2
:109D60009C423FF464AF99E759B900210023AA69E6
:109D7000284693815381118113993246FFF709FEDA
:109D80003AE703F037FB16B180B28642EDD1139A61
:109D90009379D118023389899371E7E72DE9F0436C
:109DA0001C468FB0836903911B780546012B17462B
:109DB0005BD10846059103F01DFB202F0BD941F222
:109DC000041421462846FFF7B1FB05A803F0A6FAC4
:109DD0000FB0BDE8F083002C42D1059803F00AFBD8
:109DE0004FF6FF76A7F104081FFA88F81FFA80F9EA
:109DF0005FFA88F8A14505D8AB69DA88B24220D865
:109E00000024DEE723463A46059906A803F07CFACB
:109E1000AB69BDF818109A88BDF81A609142CED38C
:109E2000DB889942CBD89642C9D39E42C7D83246E6
:109E30002846CDF8008007AB3C44FFF742FBA4B2B4
:109E4000D8E74FF42053ADF810300223711C009373
:109E5000284604AB89B201F09FFD04460028B4D027
:109E600041F20A139C42CBD0ABE703A8AEE783696B
:109E70001B780A2B02D00F3B012B01D8FFF756BBF2
:109E80007047F0B585B00193836917461A78044688
:109E90000A3A0A9E072A42D8DFE802F0044130411C
:109EA000410441290198039003F0A4FA85B203A864
:109EB00003F034FA26B131462046FFF753FB0FE09A
:109EC000A1697A194B8992B293420BD90A8201F1A6
:109ED0000E032046098901F091FD01460028EBD1CF
:109EE00005B0F0BD0121204601F0C2FDF5E72EB915
:109EF0001A8A0198BA420BD04FF48166019B03A8DD
:109F0000039303F00BFA31462046FFF70FFBE7E718
:109F1000DA89596903F079FA0028EDD1EEE701A852
:109F200003F0FCF9DCE738B58269044613780D4686
:109F30000D2B12D00F2B01D00A2B12D1536933B144
:109F4000997902F114000B44DD6803F0E7F9294622
:109F50002046BDE83840FFF78ABFBDE83840FFF72C
:109F6000E5BA38BD07B5002300921B22FFF709FBB5
:109F700003B05DF804FB07B58369598000920023A4
:109F80001D22FFF7FEFA03B05DF804FB08B5FEF7EB
:109F90008CFD18B1BDE80840EAF7A8BB252008BD34
:109FA00070B50D461446FEF780FD58B12369022BAB
:109FB00001D0102B08D122462946BDE87040DBB203
:109FC000FFF7A9BB252070BD2120FCE770B50C462A
:109FD00015461E46FEF769FD30B133462A46214636
:109FE000BDE87040FFF7B6BB252070BD4B88052B40
:109FF00005D108880E288CBF002001207047002062
:10A000007047F8B505460F46164604210A2200207F
:10A0100003F0D8FB0246B8B1847905210C3403194A
:10A020004FF0060C00209970D87002F804C0132479
:10A030001C7102245F715870D8719C7128461E8172
:10A04000BDE8F840E7F7F2BDF8BD73B50546104628
:10A0500001920C4603F0CEF9042186B2019803F078
:10A06000F4FA024628B901A803F058F91A2002B000
:10A0700070BD837901900C33C1184C80C6522146C3
:10A080002846E7F7D3FD0020F1E72DE9F84F8A468F
:10A0900091469846064680B3846814F400442CD157
:10A0A000EAF722FE102283460421204603F08AFBB1
:10A0B000024620B305210C2387790C37C519A970F6
:10A0C000EC70C35512232B710823AB71BDF82830F7
:10A0D0003046EB816C7085F805B0EC71A5F808A0EE
:10A0E000A5F80A90A5F80C80E7F7A0FDB36843F443
:10A0F0000043B3602046BDE8F88F0224FAE71A2433
:10A10000F8E72DE9F04106468846174604210A2261
:10A11000002003F057FB0246B8B1857900240C35C6
:10A120004319052106209970DC70505501201871E3
:10A1300002205C70987183F805803046DC711F81C5
:10A14000E7F774FD2046BDE8F0811A20FBE7002008
:10A1500070470020704707B501A8019203F0DEF8B0
:10A1600003B05DF804FB7047002070470F20704774
:10A170000F2070477047EBF7B5BAEBF7BDBA10B5D3
:10A1800088B0E8F7DDFE044600284AD090F8720057
:10A19000022848D1A36813F4407F2AD094F8732092
:10A1A000012A32D194F97500421C01D1D9052CD570
:10A1B00094F8743013F0010327D1CDE90133CDE9D0
:10A1C0000433CDE90633ADF80C30FDF703FAA3688C
:10A1D00088B9DA0519D5A06AE16A01AB03C3228EFA
:10A1E0001A802046BDF8042004AB0DF10601EAF701
:10A1F000BBFB08B010BDDB05EDD40A22022194F9A7
:10A20000750001ABFDF7CEF9EBE7002345F217022D
:10A210001946204600F074F9B0FA80F04009400079
:10A22000E7E72120E5E70220E3E738B545F21B0226
:10A230000C460B460021054600F062F930B92CB1FE
:10A2400021462846BDE83840EAF710BF38BD00F087
:10A2500086B901F00FBB01F018BB10B504464C30B5
:10A26000FDF799F984F875002046BDE8104001F02B
:10A27000DCBA10B50446FDF765F902280DD194F853
:10A28000733094F97000012B14BF0521032184F869
:10A290003210BDE8104001F010BBA36843F4007316
:10A2A000A36010BD00F08CB938B5037804463E2B8E
:10A2B0000D4604D18378052B02D0ED2B0FD038BD8D
:10A2C000B0F80300E8F72EFE20B1B4F80D10621DBF
:10A2D00000F0DCF92846BDE8384003F01FB8B0F8BC
:10A2E0000300E8F71FFE0028F4D0B4F80D1004F1C5
:10A2F0000F03621D00F0CDF9ECE7CB0448BF41F439
:10A300008061C160704710B50446006C30B94FF4ED
:10A31000B07003F020FB206420B910BD4FF4B07181
:10A3200003F0DDFAFF23226C82F85E31A3681B067E
:10A3300003D5C02301201370EFE794F87330012B8D
:10A3400014BF80234023F5E710B5044645F21A01F7
:10A3500002F0B6FE2046BDE8104047F2305300221E
:10A3600045F21A01F6F798BC10B50A4604460821D2
:10A37000002003F027FA10B1837903441C7310BD49
:10A3800038B505460C460D201121FFF7EDFF0246BA
:10A3900088B12146837903440D3304F1100051F84C
:10A3A000044B814243F8044BF9D12846BDE83840BC
:10A3B0000621FFF74ABE38BD38B505460C460420D5
:10A3C0001121FFF7D1FF024688B12146837903446A
:10A3D0000D3304F1100051F8044B814243F8044B53
:10A3E000F9D12846BDE838400621FFF72EBE38BD1A
:10A3F00038B505460C4603201121FFF7B5FF02468C
:10A4000088B12146837903440D3304F1100051F8DB
:10A41000044B814243F8044BF9D12846BDE838404B
:10A420000621FFF712BE38BD37B5002205460821C8
:10A43000104603F0C7F90446C0B10C2301220DF108
:10A4400007018DF8073003F0FAF9296C2022513109
:10A45000204603F0F4F9296C20227131204603F0E4
:10A46000EEF9224606212846FFF7EFFD03B030BD86
:10A4700008B5D0B2E8F764FD28B190F8773003F062
:10A480007F0380F87730012008BD036C4BB98368E7
:10A490001B0608D490F87330012B14BF8020402095
:10A4A000704718787047C020704770B50446FFF7B2
:10A4B000ECFFEAF7A5FE0D460346002245F2010136
:10A4C00020469847236C03B11D702846EAF798FE92
:10A4D0004FF4A041034600222046BDE870401847D3
:10A4E00070B51546044648B1FFF7CFFFEAF788FE7E
:10A4F0002A4603462046BDE870401847022070BD3A
:10A50000114608B51A4621F00041FFF7E9FFB0FAFD
:10A5100080F0400908BD10B4C4691CB95DF8044B53
:10A520000180704700235DF8044B1A46F9F71AB80A
:10A5300008B50B4601461846F6F706FF003818BF67
:10A54000012008BD10B50446006838B11A2103F097
:10A55000C6F92068F6F7D8FE0023236010BD30B599
:10A560008BB00D46002201A9EBF704F8044620BB8E
:10A5700001460D220DF10B0002F0B4FCB5F80320EA
:10A580006B79ADF8082006A9019A02A88DF80A3067
:10A59000EAF756FE40F20343BDF81820002818BF22
:10A5A0001C469DF81A30102102A82A80AB7003F0D7
:10A5B00096F9102106A803F092F920460BB030BDA1
:10A5C00010B50446EAF7FAFD04F13400FFF7BAFFCC
:10A5D000A3685A0606D523F0400300212046A36055
:10A5E000E7F7F2FA236C63B1D3F89400F8F75BFC59
:10A5F0000421206C03F073F9206CF6F785FE00232C
:10A60000236410BDF7B50D4669461646EAF7B2FF5A
:10A61000044698B929461022009801ABF8F7A1FC2E
:10A6200007461021284603F04CF92FB11021284687
:10A6300003F055F940F2074406B13760204603B0F5
:10A64000F0BD38B50446C51C03212846FFF770FF4E
:10A65000C8B9E27863797AB922791A43F4D003F061
:10A660007F0343F0400363715323A3712146BDE888
:10A670003840FF20FFF773BFFF2AF0D122791A403C
:10A68000FF2AE1D0EBE740F2074038BD0021E7F7B1
:10A690009BBAF8B51D46836804465B060F4616460E
:10A6A0002DD41A2003F057F90146606320B92046E3
:10A6B000BDE8F840E7F788BA034623F8027B326822
:10A6C00005F11001C0F8022072685A602A46636BD7
:10A6D0000A3352F8040B8A4243F8040BF9D11021D3
:10A6E000284603F0FCF8A36843F0400213F4407FCF
:10A6F000A26004D02046BDE8F840EBF741B8F8BDB1
:10A7000038B504460D4605200221FFF72DFE02460E
:10A71000B8B18379062103445D732046FFF795FCA9
:10A7200045F490512046EAF7A1FC94F87330204696
:10A73000012B18BF8021BDE8384008BF4021FFF73A
:10A74000B4BE38BDB1F5A04F70B504460D461646EF
:10A750000AD045F20603994218D0324629462046CF
:10A76000BDE87040EBF7E0B9836843F08003836095
:10A7700090F87330012B14BF80204020EAF740FD91
:10A78000002203462046BDE87040184793791344E1
:10A79000597C41F49051EAF769FCDEE72DE9F0417C
:10A7A00096B0154605AA1C4606460B4690461D9FC8
:10A7B00001F1200E9446186859680833ACE803008C
:10A7C00073456246F6D12021404603F07AF80DAB7E
:10A7D0002A469C4605F1200E1D4610685168083235
:10A7E00003C572452B46F7D12021604603F069F876
:10A7F000AEB3336C93F85D31013B022B2FD89DF83B
:10A80000703043F0800301AA8DF85430154623467A
:10A8100004F1100C144618685968083303C46345E2
:10A820002246F7D11021284603F04BF83B4641223F
:10A8300041462846EAF766FD04461021284603F003
:10A840004EF84121404603F04AF854B11EB10821A8
:10A850003046FFF755FF204616B0BDE8F0810023D3
:10A86000D1E71021384603F02CF8002EF3D0224611
:10A8700045F211013046FFF733FEECE72DE9F743CF
:10A8800090F873700446012F056C04D195F850318F
:10A89000002B40F0568195F85C3195F85181032BDF
:10A8A00000F2F180DFE803F00287AFD418F0010F67
:10A8B0007CD011210620FFF757FD8146002800F0CB
:10A8C00040818679102106440D363046FFF730FE70
:10A8D000014658B120460821FFF712FF002140F23F
:10A8E000074003B0BDE8F043EAF7DEBBA07CC0F14F
:10A8F0001002304402F0F6FAFCF724FE022895F923
:10A900005E010BD032460521E5F7B0FE90B108217B
:10A91000204603B0BDE8F043FFF7F2BE33461022F5
:10A920000521FCF711FE28B1002140F21B40EAF797
:10A93000BBFBECE7FCF706FE02280FD1012F0DD080
:10A9400004F1180306F1100256F8041B964243F86E
:10A95000041BF9D1A36843F48073A3604A4606211F
:10A960002046FFF772FB0B210720FFF7FDFC814615
:10A97000002800F0E680867995F95E310C360644B1
:10A9800043F43F430821A6F80130F01CFFF7D0FD47
:10A990000A22042195F95E01731CFCF7D5FD0028FD
:10A9A000C2D14A4606212046FFF74FFB95F85C319D
:10A9B000013385F85C3118F0020F1FD011210820F7
:10A9C000FFF7D2FC0646002800F0BB800023817907
:10A9D00001AA01440D31FF200193FFF713FE40B19E
:10A9E00008212046FFF78CFE40F207400199EAF764
:10A9F0005BFB324606212046FFF727FB95F85C31CA
:10AA0000013385F85C3118F0020F1CD008210920B1
:10AA1000FFF7AAFC8146002800F0938086790C3667
:10AA20000644E6F785FA83794A4683F00803C3F3C0
:10AA3000C003737003680621C6F80230838820467D
:10AA4000F380FFF702FB95F85C31013385F85C3148
:10AA500018F0040F12D011210A20FFF785FC0646DA
:10AA600000286ED0807910223044AB210D3002F0E6
:10AA700039FA324606212046FFF7E7FA95F85C31AD
:10AA8000013385F85C31012F08D0236C93F85031E5
:10AA9000002B56D195F85C31042B52D1A36C1022B7
:10AAA0000B2195F95E013133FCF74EFD70B140F298
:10AAB0001B412046EAF7DAFA012F14BF802140211A
:10AAC000204603B0BDE8F043FFF7EFBCA36C0122C2
:10AAD0000C2195F95E012033FCF736FD0028E6D104
:10AAE000A36C10220D2195F95E012133FCF72CFD9A
:10AAF0000028DCD1082295F95E01114604F110030B
:10AB0000FCF722FD0028D2D1236C93F85E2184F853
:10AB10007520FF2283F85E21D3F858315B0603D4F9
:10AB200004F14C00FDF792FAFCF70CFD022808BF77
:10AB3000A368204604BF43F48073A360EAF76EFA6B
:10AB4000BAE703B0BDE8F083EBF746B870B5B1F5EE
:10AB5000A04F0446154688B07BD045F21B06B14293
:10AB600040F00E8190F87430DB076AD5056CB5F8BB
:10AB700050312BB14C21FFF798FC002008B070BD7C
:10AB8000D5F858315E074BD5AB79D80748D56B7BE4
:10AB9000D90745D5A36C10220B2195F95E013133FD
:10ABA000FCF7D2FC38B140F21B412046EAF75EFACE
:10ABB00040F21B40E2E7A36C206C01220C2190F9CB
:10ABC0005E012033FCF7C0FC0028ECD1A36C206CA4
:10ABD00010220D2190F95E012133FCF7B5FC00280D
:10ABE000E1D10822206C114690F95E0104F11003B6
:10ABF000FCF7AAFC0028D6D104F14C00FDF726FA98
:10AC0000236C93F85E2184F87520FF2283F85E217F
:10AC100020464021FFF749FC2046EAF7FFF9ACE760
:10AC200005F5987304F1180205F5A07553F8041B97
:10AC3000AB4242F8041BF9D1A36843F48073A360CC
:10AC4000E6E74021FFF731FC29462046EAF70EFAF5
:10AC500093E7036CD3F8582112F0040255D0002278
:10AC6000CDE90122ADF80C209A79D2073FD55B7B64
:10AC7000DB073CD5FCF766FC0228206C0CD000F505
:10AC80009872032190F95E01E5F7F0FC78B3082192
:10AC90002046FFF735FD8BE700F59873102203215E
:10ACA00090F95E01FCF750FC28B1002140F21B40F6
:10ACB000EAF7FAF9EBE7206C102200F5987305210A
:10ACC00090F95E01FCF740FC0028EED1236C04F102
:10ACD000180103F5987203F5A07352F8040B9A4219
:10ACE00041F8040BF9D1A36843F48073A3600023F7
:10ACF000BDF80420CDE90433CDE906330DF106019A
:10AD000004AB2046E9F730FE37E7D3F8B810C3F8B4
:10AD1000D010D3F8BC100092C3F8D410006C694670
:10AD200000F59870EAF7DAFB48B10098F8F7BBF83D
:10AD300020460821FFF7E4FC40F207401EE7206CA4
:10AD4000009A00F59871C830EAF77AFA05460028AB
:10AD5000EBD10098F8F7A7F8236CA07C03F5987363
:10AD6000C0F110022946184402F0BCF82A46CDE989
:10AD70000155CDE90455CDE9065504AB01A9C0E75D
:10AD800008B0BDE87040EAF7CFBE2DE9F04796B0B5
:10AD90001D46DDE9229705AB06460C469E46DDF8CA
:10ADA000908002F1100A9C46106851680832ACE8A5
:10ADB000030052456346F6D17046102102F081FD32
:10ADC00009AA2B46944605F1100E154618685968D5
:10ADD000083303C573452A46F7D16046102102F0B7
:10ADE00070FD0DAA94461E9B03F1100E15461868BF
:10ADF0005968083303C573452A46F7D160461021C8
:10AE000002F05FFD9DF87C30D9F800008DF84430E9
:10AE10009DF8803006218DF845309DF884301290E1
:10AE20008DF8463099F8063012A883F00803C3F372
:10AE3000C0038DF84730B9F80430ADF84C3002F05B
:10AE400040FDBB79062183F00803C3F3C0038DF8EE
:10AE50004E303B680DF14F00CDF84F30BB8804F108
:10AE60001007ADF8533002F02CFD01AA2346154619
:10AE7000144618685968083303C4BB422246F7D108
:10AE80001021284602F01DFD4346412205A928460F
:10AE9000EAF738FA04461021284602F020FD412145
:10AEA00005A802F01CFD34B108213046FFF728FC4C
:10AEB00016B0BDE8F0874046102102F002FD2246A0
:10AEC00045F213013046FFF70BFBF1E72DE9F041A6
:10AED0009CB0154608AA1C4606460B469046239F82
:10AEE00001F1200E9446186859680833ACE8030055
:10AEF00073456246F6D12021404602F0E2FC10ABD9
:10AF00002A469C4605F1200E1D46106851680832FD
:10AF100003C572452B46F7D16046202102F0D1FCD3
:10AF200018AA9446229B03F1100E1546186859681A
:10AF3000083303C573452A46F7D16046102102F055
:10AF4000C0FC04AA2346154604F1100C14461868E8
:10AF50005968083303C463452246F7D110212846B7
:10AF600002F0AFFC6B46502241462846EAF7CAF988
:10AF700004461021284602F0B2FC5021404602F05F
:10AF8000AEFC34B108213046FFF7BAFB1CB0BDE877
:10AF9000F081039B38463B60042102F092FC684636
:10AFA000102102F09CFC224645F214013046FFF7C6
:10AFB00097FAEBE72DE9F3411D46089B04468846C6
:10AFC000164690F873705BB110211046FFF7B0FA87
:10AFD00030B10821204602B0BDE8F041FFF790BB38
:10AFE000236C013E691E03F1100013F8012F16F8BF
:10AFF00001CF834282EA0C0201F8012FF5D1002330
:10B00000404601A90193EAF769FA48B10198F7F7B8
:10B010004AFF08212046FFF773FB02B0BDE8F0812C
:10B0200029462846019AEAF70BF90028EED1022FAB
:10B030000CBF0023062304F159022B4404F15F00E6
:10B0400012F8016F1978904281EA060103F8011B9A
:10B05000F6D1022F14BF0023062304F152022B4421
:10B0600004F1580012F8016F1978904281EA060144
:10B0700003F8011BF6D129462846019AEAF7E0F8C1
:10B0800005460198002DC2D1F7F70DFF2A4645F27B
:10B0900010012046FFF724FABFE773B545F2040616
:10B0A000B142044615460DD045F21006B14222D0F9
:10B0B000B1F5A04F38D1FFF747F9236CD3F85831D9
:10B0C000D90720D5236CD3F85821D2070BD4AA79FD
:10B0D00098330C3215446A1D153552F8041BAA42E8
:10B0E00043F8041BF9D1216CD1F8583113F0040353
:10B0F0000CD0832104E0016CA831FFF779F9852198
:10B100002046FFF7D2F9002002B070BD81F85C3113
:10B11000012301F1B8020093204601F1A80301F5D3
:10B120009871FFF747FFEEE702B0BDE87040EAF71D
:10B13000FBBC45F21003F0B59942044685B000F01F
:10B1400087800CD8B1F5A04F1CD045F20503994279
:10B150001DD0204605B0BDE8F040EAF7E5BC45F259
:10B160001103994200F08D8045F212039942F0D10B
:10B17000036C93F85D31042B40F2B380052B03D1AF
:10B1800048217BE0FFF7E0F8002005B0F0BD9179A1
:10B19000036C0C310A44511DB833153251F8040BBD
:10B1A000914243F8040BF9D1256C102205F1C80730
:10B1B00005F1B8063146384601F05DFE20B904219C
:10B1C0002046FFF79DFADFE7D5F8583113F0040366
:10B1D00032D095F85D31042B13D105F1F8030393B8
:10B1E00005F59873029304F15303019304F15A0394
:10B1F00000933A463346204605F1D801EAF764FF4A
:10B20000C2E705F5A07005F1110105F151020190A9
:10B210000BB1052B06D10023009320463346FFF7E0
:10B22000BDFAB1E795F85C01D5F82C31C34003F0C5
:10B23000010343F08003EFE785F85C313246009369
:10B24000204605F5A07305F59871FFF7B3FE9BE75F
:10B25000056C102205F1A80105F5A07001F00BFEA8
:10B260000028ACD14B21D5F858319B0742BF94F848
:10B27000743043F0020384F874302046FFF715F968
:10B2800082E7056C102205F1A80105F5A07001F018
:10B29000F2FD002893D195F85D31013B022B0FD8C8
:10B2A00095F85C310133DBB2142B85F85C3107D0A3
:10B2B000D5F85831432123F00103C5F85831DCE7B4
:10B2C00005F1F803039305F59873029304F1530312
:10B2D000019304F15A03009305F1C80205F1B80384
:10B2E00089E74921CAE7B1F5A04F70B50446154674
:10B2F00007D045F20406B1420CD0BDE87040EAF731
:10B3000013BCFFF721F8236CD3F85831D90701D4C7
:10B31000002070BD236CD3F85821D20718D4AA7925
:10B32000A8330C3215446A1D153552F8041BAA4285
:10B3300043F8041BF9D1206C102200F1A8019830C9
:10B3400001F099FD20B904212046FFF7D9F9DFE784
:10B35000206C1021C830FFF7EBF858B108212046C7
:10B36000FFF7CEF940F207400021E9F79DFE40F2D9
:10B370000740CEE7216C2046C831FFF71DF8472172
:10B380002046FFF792F8C3E7B1F5A04F70B503462A
:10B39000144607D045F21806B14207D0BDE8704008
:10B3A000EAF7C2BBFEF7D0FF002070BD1268551C43
:10B3B00003D10121FFF7A4F9F6E7016CD1F8580198
:10B3C000400743BF002281F85C212268C1F8302188
:10B3D00048BFC1F82C2118464321FFF766F8E3E780
:10B3E000B1F5A04F70B51346044607D045F20406E8
:10B3F000B14207D0BDE87040EAF796BBFEF7A4FF64
:10B40000002070BD9979026C0C310B44591DA83293
:10B41000153351F8040B994242F8040BF9D1256C0D
:10B42000102205F1A80105F1980001F024FD20B9D2
:10B4300004212046FFF764F9E2E7204605F1C80140
:10B44000FEF7BAFF47212046FFF72FF8D8E7B1F5FE
:10B45000A04F13B504460ED0A1F5A043103B012B1D
:10B4600045D8016C9831FEF7C3FF44212046FFF711
:10B470001CF8002017E0016CD1F8583101F1C80226
:10B4800013F0040328D010211046FFF751F860B1E3
:10B4900008212046FFF734F940F207400021E9F780
:10B4A00003FE40F2074002B010BD216C204601F1BE
:10B4B0009803019391F85C21D1F82C31D34003F02B
:10B4C000010343F08003009301F1110201F1C8036D
:10B4D0005131FFF763F9CCE781F85C310123009328
:10B4E00001F1980301F59871FFF764FDC1E702B01F
:10B4F000BDE81040EAF718BBB1F5A04F73B504469C
:10B5000015467BD045F21B06B14240F0FA8090F818
:10B510007430DB076AD5056CB5F850312BB1892141
:10B52000FEF7C3FF002002B070BDD5F858315E07AA
:10B530004BD5AB79D80748D56B7BD90745D5A36CDC
:10B5400010220B2195F95E013133FBF7FDFF38B175
:10B5500040F21B412046E9F789FD40F21B40E2E73B
:10B56000A36C206C01220C2190F95E012033FBF7C3
:10B57000EBFF0028ECD1A36C206C10220D2190F978
:10B580005E012133FBF7E0FF0028E1D10822206CA7
:10B59000114690F95E0104F11003FBF7D5FF002876
:10B5A000D6D104F14C00FCF751FD236C93F85E21D9
:10B5B00084F87520FF2283F85E2120468021FEF763
:10B5C00074FF2046E9F72AFDACE705F5987304F10E
:10B5D000180205F5A07553F8041BAB4242F8041B92
:10B5E000F9D1A36843F48073A360E6E78021FEF7F6
:10B5F0005CFF29462046E9F739FD93E7036CD3F851
:10B60000582112F0040245D09A79D2078AD55B7B83
:10B61000DB0787D5FBF796FF0228206C0ED000F5DC
:10B620009872032190F95E01E5F720F800283FF4B5
:10B6300079AF08212046FFF763F88EE700F598738D
:10B640001022032190F95E01FBF77EFF28B1002153
:10B6500040F21B40E9F728FDEBE7206C102200F5D3
:10B660009873052190F95E01FBF76EFF0028EED17B
:10B67000236C04F1180103F5987203F5A07352F8D6
:10B68000040B9A4241F8040BF9D1A36843F4807388
:10B69000A36047E7D3F8B810C3F8D010D3F8BC10B4
:10B6A0000192C3F8D410006C01A900F59870E9F775
:10B6B00015FF48B10198F7F7F6FB20460821FFF780
:10B6C0001FF840F207402EE7206C019A00F59871B0
:10B6D000C830E9F7B5FD05460198002DEBD1F7F725
:10B6E000E2FB236CA07C03F598732946C0F110029D
:10B6F000184401F0F7FB216C2046B831FEF75CFEE0
:10B7000010E702B0BDE87040EAF70EBAB1F5A04FFD
:10B71000F7B5044608D045F21105A94236D003B06A
:10B72000BDE8F040EAF700BA006C1021B830FEF72F
:10B73000FFFE60B108212046FEF7E2FF40F207401D
:10B740000021E9F7B1FC40F2074003B0F0BD256CE1
:10B7500095F85D6105F1A807013E022E01979CBF97
:10B76000D5F82C0195F85C6105F151019EBFF040C0
:10B7700000F0010040F08000009005F11102204629
:10B7800005F1B803FFF70AF80020DEE7016CA831E5
:10B79000FEF72EFE85212046FEF787FEF4E770B502
:10B7A00045F20406B1420446134625D045F2180678
:10B7B000B14206D0B1F5A04F33D1FEF7C5FD002050
:10B7C00070BD11684D1C03D10121FEF799FFF6E70A
:10B7D000026CD2F85801400743BF002182F85C1187
:10B7E0001B68C2F8301120464FF0840148BFC2F8F0
:10B7F0002C31FEF75AFEE2E79979026C0C310B44CA
:10B80000591D9832153351F8040B994242F8040B34
:10B81000F9D1226CD2F8583143F00103C2F8583103
:10B82000CDE7BDE87040EAF77FB9002310B50364A7
:10B83000044690F97500431C13D0E5F7C1FA0822BD
:10B8400004F11003114694F97500FBF7ABFE94F96F
:10B850001330012B07D194F8743043F0020384F8BD
:10B860007430002010BD022BFBD194F8743043F0EB
:10B870000A03F4E74B88062B05D1088841288CBFC2
:10B880000020012070470020704707B58B790A46D9
:10B890000B440191197C4B1E0D2B04D801F5A041DE
:10B8A0000131FEF71DFE01A801F038FD03B05DF87F
:10B8B00004FB7047002070477047704770B504461E
:10B8C0000E461546052100220420FCF7AAFD01467C
:10B8D00018B1A0F80160A0F803502046BDE8704000
:10B8E000FCF7F7BDF7B51D460023044600930F464D
:10B8F000164607210620BDF82430089AFCF7B5FD4E
:10B90000014628B1A0F80170A0F80360A0F8055026
:10B91000204603B0BDE8F040FCF7DBBD73B515462B
:10B920001A460023044600930E46082005219DF880
:10B930001830FCF79AFD014618B1A0F80160A0F894
:10B940000350204602B0BDE87040FCF7C2BD38B5D8
:10B95000002204460D460A200321FCF762FD014641
:10B9600008B1A0F801502046BDE83840FCF7B1BD51
:10B9700070B504460E461546052100220C20FCF742
:10B9800050FD014618B1A0F80160A0F80350204610
:10B99000BDE87040FCF79DBD73B515461A460023FF
:10B9A000044600930E46102005219DF81830FCF740
:10B9B0005CFD014618B1A0F80160A0F803502046D4
:10B9C00002B0BDE87040FCF784BD73B50E4600219F
:10B9D00044890546033CA4B2A342009128BF2346F4
:10B9E00003211220FCF741FD014608B1A0F80160D7
:10B9F000284602B0BDE87040FCF76BBD2DE9F3416D
:10BA00000546984683690F465869164601F0F2FCD0
:10BA10006C8980B2053CA4B2844228BF0446A86960
:10BA20002146143001F0AAFE009048B105220821F9
:10BA3000002001F0C7FE019030B9684601F06EFCAD
:10BA40001A2002B0BDE8F081009901A801F034FD90
:10BA50001620019A93790C33D118D054A8F80040DD
:10BA60002846A1F80170A1F80360FCF732FDE8E771
:10BA700038B5002204460D4618200221FCF7D1FCFF
:10BA8000014600B145702046BDE83840FCF721BDB5
:10BA900070B5857904460C35461901F0ABFC625D42
:10BAA000431E013A9BB21C2A10D8DFE802F0110FA6
:10BAB000160F180F290F2F0F400F400F400F330F95
:10BAC000250F0F0F390F250F3E0F3E00002070BDD0
:10BAD000042B14BF01200320F9E7022BF9E743B33D
:10BAE0007278022A0AD0012A23D10222013B0232B3
:10BAF000B3FBF2F102FB1133002BEAE71022F5E76A
:10BB000013F0030F14BF01200320E0E78BB172781C
:10BB1000013BEDE76BB17278032A0AD9013BE7E7F5
:10BB2000042B34BF01200320D1E7022BF9E70320C7
:10BB3000CDE70120CBE74369406CDA1C1438B2FB37
:10BB4000F0F203EBC203CA1D0333B2FBF0F2B3FB06
:10BB5000F0F30132023301EBC20100FB0310704726
:10BB600038B5446905462146FFF7E5FF6A6CE31DD9
:10BB7000143AB3FBF2F3013304EBC304204438BDA1
:10BB800073B506460D460024F36B012201A928195E
:10BB90005B699847019B013309D10434736C6219C6
:10BBA0005B426A401A42EFD0204602B070BD0024CA
:10BBB000FAE770B505460C46D8F748FAEB6B204615
:10BBC000DB68BDE87040184770B5002586B00446B4
:10BBD0000562E369AB4202D8206A06B070BD666CAC
:10BBE0000522206801A9E36B06FB05005B69984705
:10BBF00001A800F010FC00F033FC10B1236A0133FF
:10BC000023620135E5E738B50446456C006804F168
:10BC1000400305FB0101E06B00F02FFC05462046C8
:10BC2000FFF7D2FF284638BDF0B5054687B000269D
:10BC3000EC69013CB44203D80C46204607B0F0BD85
:10BC400001B14C1E6F6C0522286801A9EB6B07FB44
:10BC500004005B69984701A800F0DDFB00F000FCE0
:10BC60000028EAD101362146E2E7F0B5044687B064
:10BC7000466C0D4600680522E36B01A906FB050032
:10BC80005B69984701A800F0C6FB00F0E9FB20B112
:10BC900001A800F097FB07B0F0BD29462046FFF74A
:10BCA000C3FF676C0646E36B206805225B6901A948
:10BCB00007FB0600984701A800F084FB431CEAD06C
:10BCC000B54238BF0130E6E72DE9F043D0F82480D3
:10BCD0004FF6FF7987B004460E46C84514BF454667
:10BCE00000250027E369BB4202D807B0BDE8F08316
:10BCF000E26B01A92368606CD2F814C0052200FB36
:10BD00000530E04701A800F086FB022806D0C845B0
:10BD10000CD1721C29462046FFF775FF0135E369F7
:10BD20000137B5FBF3F203FB1255DBE7294620464A
:10BD3000FFF79BFFB0F1FF3F14BF024632460132CE
:10BD4000E8E70368F0B5CC1A436C87B006460025D7
:10BD5000B4FBF3F4F36937685A1E706C954208D34C
:10BD6000706C336800FB043007B0BDE8F04000F0B1
:10BD700082BB013401A9B4FBF3F203FB1244F36B61
:10BD800005225B6900FB0470984701A800F043FBA3
:10BD900000F066FB0028E3D10135DBE710B423F0A7
:10BDA00003049B07436C2244C3F100030A4418BFF9
:10BDB000043282EA0104234203D05DF8044BFFF70A
:10BDC000C0BF10465DF8044B70472DE9F041D0E943
:10BDD0000A3686B004469E4228D1C36914224568BB
:10BDE00002FB1355284606B0BDE8F081206801A982
:10BDF000676C331AE26BB3FBF7F3D2F8148007FBDE
:10BE000003000522C04701A800F005FB012804D06B
:10BE1000636C1D44013B3340ED1A31462046FFF769
:10BE200090FF0646A36AB342E0D1DBE70025F9E7BD
:10BE3000F0B5002587B004462E46E369B34202D828
:10BE4000284607B0F0BD636C0522276801A903FBF3
:10BE50000677E36B38465B69984701A800F0DBFA88
:10BE600000F0FEFA58B1384600F005FB01462046C6
:10BE7000FFF786FE636C143B834208BF0135013631
:10BE8000DBE708B508301346D1E90012EDF70AFAEE
:10BE9000012008BD13B50C460021217600931346FE
:10BEA00061682246EBF788FF18B1E37D03B1A07EFD
:10BEB000A075A07D02B010BD73B500F1080516464F
:10BEC0000C460DF107020968284600F0A1F9032E7F
:10BED00006D16368834203D12168284600F07FF9C8
:10BEE000012002B070BDD01E009B42424241187E2C
:10BEF000824211D11A688A420ED85A688A420BD3FC
:10BF00005A6901325A61D3E9030282423FBF9868FD
:10BF100040F8221001321A6101207047032A10B53F
:10BF2000029C07D1A26A5340626C5242134201D173
:10BF300000F055F9012010BD08B5C36800209847EE
:10BF4000BDE80840D8F78AB8012870B514BF0420AE
:10BF50000220002442431C70CC7D101D02F002021E
:10BF60004CB91AB1012220F003001A7000F1080345
:10BF70004868184470BD1AB1012220F003001A70FD
:10BF80000C7E002301F12005DAB2944201D8002092
:10BF9000F0E735F833205E1C824206D901EBC3037B
:10BFA00000F10802D8691044E4E7801A3346EBE751
:10BFB00073B590F8426005461C460DF10303304608
:10BFC000FFF7C2FFEB6B012E5B690DD1324601A971
:10BFD00098479DF8033013B1BDF806300193BDF8C2
:10BFE0000430236002B070BD0122214602B0BDE8DA
:10BFF00070401847F0B50546002487B04868EB6BE1
:10C0000027460E4601225B6902A908300294984730
:10C0100095F84230012B40F08480632C02D90298BD
:10C0200007B0F0BD612C08D805AB22463146284642
:10C03000FFF7BEFF9DF814301BB305AB2246314617
:10C0400028468DF81070FFF7B3FF95F84230012BAA
:10C05000059B55D14FF6FF72934200F0968008225F
:10C0600005A904A800F05EF9059B9DF81010C3F324
:10C070000722914240F08980DBB2029A1A44029270
:10C0800083E095F84230012B30D103AB2246314694
:10C090002846FFF78DFF04AB621C31462846FFF7A8
:10C0A00087FF05ABA21C31462846FFF781FF10220F
:10C0B00008230DF107000DEB02018DF8073000F0A9
:10C0C00031F9102205A90DF1070000F02BF9039BAF
:10C0D000DAB2002A52D19DF80720B2EB132F4DD1CE
:10C0E000DDE9043203EB0243029347E0302C2BD905
:10C0F00044E09DF80720B2EB134F3FD1049BF3E7D8
:10C10000013342D0102205A90DEB020000F00AF91C
:10C11000059B9DF81010C3F30742914235D19BB2A5
:10C12000ABE7312C3FF67BAF87D005AB22463146DB
:10C130002846FFF73DFFBDF81430002B7FF47DAF9C
:10C1400095F84230012BA0D003AB22463146284659
:10C15000FFF72EFF04AB621C31462846FFF728FF8D
:10C16000102320220DF107000DEB03018DF807309D
:10C1700000F0D8F8039B9AB2002ABAD095F8423062
:10C18000012B14BF012302231C44013440E713B5E3
:10C1900000240194049C0094ECF7A2F902B010BDB5
:10C1A00013B501240194049C0094ECF799F902B0B2
:10C1B00010BD30B5002344684FF0FF329C4202D1DD
:10C1C0000023037230BD016801EBC30541F8332041
:10C1D00001336A60F2E7C0E90012FFF7EABFF0B589
:10C1E000002345689D4210D00468DF0054F83320D6
:10C1F00004EBC306B2F1FF3F08D0C2F31302914231
:10C2000004D14FF0FF33E3517360F0BD0133E9E730
:10C21000F0B5002345689D4202D14FF0FF300EE09B
:10C220000468DE0054F83340671C09D0C4F31307D8
:10C23000B94205D1240D1470036833445868F0BD29
:10C240000133E8E713B50023044601461B220DF134
:10C2500007008DF8073000F065F822689DF8073078
:10C26000B3EBD26F0CBF0120002002B010BD13B59C
:10C2700000230446014620220DF107008DF8073007
:10C2800000F050F80DF107001A22211D00F04AF8C5
:10C2900062689DF80730B3EB926F0CBF012000205D
:10C2A00002B010BD0068431C5842584170470068F6
:10C2B00010F07E0F0CBFC0F3C16000207047006813
:10C2C000C0F3D3107047006800F07F0001288CBFD6
:10C2D000002001207047036813F07E0F14BF042074
:10C2E00008207047036813F07E0F03D1406820F0E8
:10C2F0007C40704713F078001CBF03F07F03D81F09
:10C300007047006800F07F007047032809D00228BA
:10C3100003D1C1F10201C8B2704700290CBF072048
:10C32000002070471F2A0B689EBF4FF0FF319140DD
:10C330008B43590801F055315B1A03F033319B08E8
:10C3400003F033330B44017803EB13130A444FF02B
:10C35000013103F00F334B43A2EB136202707047BD
:10C3600037B501F10C0405464369694601222046B0
:10C370009847BDF80030012201A901932046AB691E
:10C38000984703B030BD37B501F10C044369012271
:10C390006946054620469847009B4FF6FF7299B2C2
:10C3A00091420DD11B0C012201A920461B0443F42C
:10C3B000254343F0A5030193AB69984703B030BD13
:10C3C0000020FBE737B5044600251B22011D0DF1B7
:10C3D00007008DF80750FFF7A5FF60689DF807205C
:10C3E000B2EBD06F03D120F0784003B030BD0DF137
:10C3F00007001B2204F108018DF80750FFF792FF98
:10C40000A0689DF80730B3EBD06F01D1C043EAE7D5
:10C410004FF0FF30E9E703684BF29A22B2EB134F7B
:10C4200010B5044613D19BB2012B13D1FFF7CAFFFD
:10C4300001300CD0E0684FF6FF72B2EB104F4FEABC
:10C44000104309D180B2C01A18BF012010BD236863
:10C45000013303D00420F9E70220F7E70320F5E7D2
:10C4600001288CBF002001207047033801288CBFB1
:10C47000002001207047143070472DE9F041054637
:10C480009846036908460E4617469847044638B949
:10C4900043463A4631462846ECF7E0FF044618B1D9
:10C4A00031462846FFF75CFF2046BDE8F0810220B8
:10C4B000704700207047012070470020704700201F
:10C4C0007047704737B504460D4601A8EEF7ECFFFC
:10C4D00001A8FFF7F6FF204601A98DF80650EDF7F9
:10C4E000B7F803B030BD08461146EDF78FB9704775
:10C4F000431E012B03D9031F5842584170470120A6
:10C50000704700F0BEBB4FF4C472002100F0EABCDB
:10C5100010B50446002100F085F82046BDE8104023
:10C52000EEF700BFEEF79EBAEEF7A2BAF8B50546F1
:10C530000E46EDF733F9D5F8C03073B15B6963B1DE
:10C54000F0F73CFED5F8C03040F26B125B69422137
:10C550001B1A58425841EDF701FB00224FF6FF73BA
:10C560004FF0240CF768D0B2B84208D31C462146DD
:10C570002846EDF79BFA00F087FB2046F8BDB1682E
:10C580000CFB0011CC899C4202D2002CEFD0234638
:10C590000132E8E7EDF78ABA008B70470A7838B5C0
:10C5A00005461046FFF7A4FF60B14C782046FFF720
:10C5B0009FFF38B12243530704D42846BDE83840D2
:10C5C000EEF776BA012038BDFFF7E8BF10B5044694
:10C5D0000878FFF78DFF58B14A781046FFF788FFBB
:10C5E00030B1042A04D02046BDE81040EEF796BAD8
:10C5F000012010BDFFF7EABFEDF7A2BF0846EFF735
:10C60000F3BBEEF71DB970B504460D461646EDF7BF
:10C610004DFA30B9324629462046BDE87040F2F75F
:10C6200029BC70BDEFF7E6B8F1F736BF38B5044660
:10C6300000200D4600F026FBD4F8D4302BB9294653
:10C640002046BDE83840EEF735BB022038BD38B58E
:10C65000044648880D4600F015FBD4F8D4302BB9B9
:10C6600029462046BDE83840EEF78EBA022038BD94
:10C6700000F009BB00F07CB900F00FBB38B50546EF
:10C680000C46F5F7EBF92B6B1C40EB6A2343EB628E
:10C69000F5F7E8F9211E18BF01210020490238BD35
:10C6A000EEF7EABDEEF754B800F0B0B900F0D2B939
:10C6B00008461146EFF770BEEEF730BC00F06CB9DB
:10C6C00038B50446154609B100F0E4F925B1204615
:10C6D000BDE83840EEF71ABD38BD00F0E9B900F00A
:10C6E000F3B910B5044600F08BF820B92046BDE838
:10C6F0001040EDF70FBB10BD00F0D3BAF0F702BC4D
:10C700002DE9FF41984604460E461746F5F7ADF968
:10C7100005462046FFF7E5FF0A9B3A4602930023B1
:10C720003146CDE900832046EDF742FB044628461A
:10C73000F5F7A1F9204604B0BDE8F08138B504460C
:10C74000F5F793F905462046FFF7CBFF2046EDF7B6
:10C750000DFB04462846F5F78EF9B4FA84F040093B
:10C7600038BD38B50446F5F780F905462046FFF791
:10C77000B8FF204600F053F804462846F5F77BF949
:10C78000204638BD38B50446F5F76FF90546204612
:10C79000FFF7A7FF204600F048F804462846F5F7C3
:10C7A0006AF9204638BD70B504460E46F5F75DF9C6
:10C7B00005462046FFF795FF31462046EDF746FB3C
:10C7C00004462846F5F757F9204670BD134607B5CD
:10C7D00000228DF807100DF10700194600F01EFA2F
:10C7E00003B05DF804FB084611461A4600F016BA7D
:10C7F0000020704701207047EFF732BA00F0B7B958
:10C80000EDF7C2B910B5F5F730F9044600F015F8A8
:10C81000EDF7E0F92046BDE81040F5F72CB90246E7
:10C8200008B5EDF7B1F9507D08BD024608B5EDF742
:10C83000ABF9507D80F0010008BD00F032BAEEF790
:10C8400099B800F06BB8437C03B1084702207047E9
:10C8500010B50446EFF76CF92046BDE810400321FF
:10C86000EDF7C8BEFFF7F4BF437C0BB1EFF726B975
:10C8700002207047437C0BB1EFF744B902207047A8
:10C8800038B5447C0D46BCB1053C012C8CBF00245E
:10C89000012449682246EFF785F9286890FAA0F04C
:10C8A000000AF0F7ABFEA97A2889224681F001013F
:10C8B000EFF7A8F9002038BD0220FCE71FB5ADF85E
:10C8C00008309DF81830CDE9001269468DF80A301D
:10C8D000FFF7D6FF05B05DF804FB0020704700208D
:10C8E000704702210120EDF7CDBB7047436B03F089
:10C8F0006003402B0DD0602B03D0203B58425841A1
:10C90000704749B10B68012B06D9486940F0010016
:10C91000704740F201107047002070470220F0F786
:10C920006BBAD0F8C8304BB11A68022A06D993F80E
:10C93000250028B11B6AB3FBF0F07047FFF7F2BD8A
:10C940007047D0F8C8207AB11368022B0CD9536A0B
:10C9500013F47F4FC3F3072106D0126ADBB25343AF
:10C960008B42B3FBF1F201D2FFF7DEBD10467047F8
:10C970000346D0F804010860B3F8083100208B802A
:10C98000704790F804310E2B14BF807DFF20704754
:10C990004FF48071F3F702BAF8B507460E468D885A
:10C9A000EEF76CF87F7C0446082F737C4FEAC505D0
:10C9B0001ED1012B014604D80120F1F7BFFE03353B
:10C9C00002E00020F1F7BAFE03230544B371DCB1A5
:10C9D000B5F5803F18D84FF22442630902FB0533B6
:10C9E0002409B3FBF4F300203268D21A3260F8BD98
:10C9F000053FFFB2012F01468CBF00200120F1F757
:10CA00009DFE012FE0D8DAE70220F0E7084610B5D6
:10CA100010F0030411461BD13F2B15D9B3FA83F351
:10CA2000C3F11902D2B2062A01D8192B0ED0062A58
:10CA300028BF06220124931DDBB29C40A4B2A14270
:10CA400028BF2146EFF734FA204610BD2246F1E711
:10CA50000024F9E7084611F0030110B518D1138836
:10CA60003F2B15D9B3FA83F3C3F11904E4B2062CB2
:10CA700001D8192B03D0062C214628BF06210123FB
:10CA80008C1DE4B2A3401380EFF730FA002010BDF4
:10CA90000120FCE7EDF7AABC10B5144608460121B9
:10CAA000F0F752FC2046BDE810400121F0F74CBCE5
:10CAB00010B50A011021F3F75DF90446F3F778F990
:10CAC000201E18BF012010BD1021F3F767B9F8B57B
:10CAD00004460E461746F4F7C1FF3A46054631466E
:10CAE000204600F07CF904462846F4F7BBFF2046B8
:10CAF000F8BD0220704703207047F0F775B910B5F4
:10CB0000EEF758FD044608B9F2F7A6F9204610BD25
:10CB100038B504461D46EEF74DFD28B92946204696
:10CB2000BDE83840F2F76CBA38BD8021F3F736B96A
:10CB300038B50546EDF778FD04462846EDF752FD79
:10CB4000072811D1D5F8C43024F47F41DB6921F0E6
:10CB5000080103B15B7841EA032141F02001284636
:10CB6000BDE83840EDF766BD24F02001F7E7EFF7A8
:10CB700077B838B5054610460C46EFF7E5F865B1CD
:10CB8000D5F8C4304BB15B693BB12268013204BFB8
:10CB90006FF00102226022681A60002038BD002078
:10CBA00070472DE9F74F01251C469DF830300646A9
:10CBB00001930368174603F0070306339D4005F110
:10CBC000FF380B46A1B1416804EA080BA5EB0B0A3C
:10CBD00041F00059524509EB0B0114D95246184651
:10CBE00000F059F949467A1B5A44504400F053F971
:10CBF000019B2BB13C4448EA050804EA0804F460B0
:10CC000003B0BDE8F08F1846F0E737B500251446AD
:10CC10000095FFF7C6FF204603B030BD70B50E4645
:10CC20001546044608B9002070BD0378042B18D0BF
:10CC30002078EFF7B7FCB0B923780E2BF3D10EB103
:10CC4000FF233370CDB1FF232B7016E02078013025
:10CC5000C0B203282070EBD8EFF7A4FC0028F5D071
:10CC6000E6E70020F5E71EB12078EFF7CFFC307043
:10CC70001DB1207800F009F828700120D4E7EEF704
:10CC800095BD704770477047704710F0FD0F14BF97
:10CC90004FF0FF300020C0B27047704700200021E5
:10CCA000704708B5F0F7BEF8BDE80840F0F7F8B8EF
:10CCB00008B5F0F7CFF8BDE80840F0F7F1B810B5C7
:10CCC0000446F0F7AFF8844288BF01F1FF312046F7
:10CCD000BDE8104001F00301F0F7E2B838B50446B2
:10CCE000FFF7DFFF0546FFF7DCFF431BA342FAD344
:10CCF00038BD08B521B1920000F0CDF8002008BD84
:10CD00000120FCE70B0CB3F5384FF7B506460D468E
:10CD10008FB216D04BF60102934214D04BF60202AA
:10CD2000934212D0B3F5304F14BF04240324D6F835
:10CD3000C4300BB1196851B9D6F8C0309BB9286816
:10CD40000FE00024F3E70124F1E70224EFE7234694
:10CD500068463A46F0F7FCF89DF804300098002B3E
:10CD6000EAD103B0F0BD19680029E8D0234668462F
:10CD70003A46F0F7EDF89DF804300098002BDED12C
:10CD8000EFE700F03003202B10B513D110F4E02FA3
:10CD9000C0F302440AD0C0F3C423B3FBF4F410F48C
:10CDA000C01F18BF6400052C0ED86408F0F798FB6C
:10CDB000604310BD6FF01204C0F382131C4104F0F5
:10CDC0000104C4F10204F1E70424EFE74FF0384313
:10CDD00059699A6903F500530A405A617047F7B5DB
:10CDE00005460F4668461146F0F770FC064698B1B6
:10CDF00097B1DDE900311B0A43EA0163A5FB034358
:10CE0000090A05FB0135F0F7D9F900230246294646
:10CE10002046F3F715F83860304603B0F0BD032024
:10CE20007047704730B14FF47A735843A0F57A6079
:10CE3000F1F778BB49F64040FAE7F2F71DBBF2F78D
:10CE40001BBBF2F719BBF2F717BBF2F715BB0022B9
:10CE50008A4202D14FF0FF30704750F8223093FAE7
:10CE6000A3F30BB90132F3E7B3FA83F000EB4210FE
:10CE70007047002070470139024410B5904201D13B
:10CE8000002005E0037811F8014FA34201D0181BE0
:10CE900010BD0130F2E70A44431E914200D17047B1
:10CEA00010B511F8014B914203F8014FF9D110BDB3
:10CEB000884210B501EB020402D98442234607D808
:10CEC000431EA14208D011F8012B03F8012FF8E707
:10CED000024401468A4200D110BD13F8014D02F808
:10CEE000014DF7E702440346934200D1704703F82F
:10CEF000011BF9E737B5A1FB02244CB91146019299
:10CF0000F3F7EAF9019A054630B9284603B030BD77
:10CF10000C2200250260F8E72146FFF7E3FFF4E763
:10CF200070B568224D1E0E46554305F17401F3F7A6
:10CF3000D3F9044640B1002105F16802C0E90016AA
:10CF40000C30A060FFF7CEFF204670BD2DE9F843FE
:10CF50000646884600F148040027D4E90195B9F156
:10CF6000010905D52468002CF7D13846BDE8F883BF
:10CF7000AB89012B07D9B5F90E30013303D029460F
:10CF80003046C04707436835E9E770477047704748
:10CF900070B50E46B1F90E1096B0144600291D4624
:10CFA00008DAB6F90C3000222A601A0610D44FF4C1
:10CFB00080630EE06A46F3F785FC0028F1DB019AF6
:10CFC00002F47042A2F500535A425A412A60EEE739
:10CFD00040230020236016B070BD10B50C46B1F997
:10CFE0000E10F3F793FC0028ABBF636DA3891B18E9
:10CFF00023F48053ACBF6365A38110BD2DE9F041DC
:10D000001F468B8905460C46DB05164605D50223CF
:10D010000022B1F90E10F3F767FCA3893246B4F988
:10D020000E10284623F48053A3813B46BDE8F0410F
:10D03000F3F726BC10B50C46B1F90E10F3F754FC0B
:10D04000431CA38915BF606523F4805343F48053C8
:10D05000A38118BFA38110BDB1F90E10F3F722BC54
:10D06000430803F05533C01A00F03333800800F052
:10D07000333018444FF0013300EB101000F00F3044
:10D080005843000E704710B5044678B1036A4169F1
:10D090006BB1806898470023207E6361102863602D
:10D0A00004D82146F3F740FF1123237610BD002951
:10D0B000F1D08368002BEEDB0846F4F725F9EAE7A8
:10D0C000002307B51A46019101A9F3F773FD03B0D8
:10D0D0005DF804FB1FB5002402949DF81C400194E8
:10D0E000069C0094F3F7ECFC04B010BD13B50724C4
:10D0F0000194049C0094FFF7EDFF02B010BD0023E3
:10D1000007B50093FFF7F2FF03B05DF804FB036877
:10D110000B60016070472DE9F0410E461746002470
:10D120000546006808B9BDE8F081D0E90083B34244
:10D130000BD18368BB4208D154B9C5F80080C368DD
:10D14000DB0701D5F4F7E0F8204604464046E9E75E
:10D15000C4F80080F3E7D1E90112FFF7DCBF002338
:10D1600070B51A46194605460468F3F723FD0CB955
:10D170002C6070BDE3682668DB0702D52046F4F713
:10D18000C3F83446F3E72DE9F8430E461746054643
:10D1900010B90020BDE8F8830468002CF9D0D4E968
:10D1A00000893B4632462946A068C8470028F1D18D
:10D1B0004446F2E72420704738B5054614460A462F
:10D1C0000021FFF78FFE24F01C046B7944F010045B
:10D1D00043F004032C716B7138BD2DE9F74F1F46E6
:10D1E0009DF830308A4680460093002850D00029B0
:10D1F00067D00C68002C66D04FF0000BE679A1795F
:10D20000761AF6B2BE4208D30C31394408EB020953
:10D2100045462144F61BC84537E02068A346BF1B9E
:10D22000002835D00446E9E7AB19994538BFA9EB8A
:10D23000050632462846FFF72EFE009B002B3DD008
:10D24000E279A079F3B237BB1844A071E279A379EF
:10D2500027689A4232D1DAF80030A34208BFCAF8F0
:10D260000070BBF1000F01D0CBF800702046F3F73F
:10D27000BDFE3C4635444CB10027A379E67903F165
:10D280000C01F61A2144F6B24D45CDD3A5EB0800AA
:10D2900003B0BDE8F08F121AD2B2F918914209DA40
:10D2A0000C302044D21BD21A014438440193FFF7BA
:10D2B000FFFD019BE279D31AE371C7E7A346246817
:10D2C000D8E70846E4E72046E2E710B5C47902460D
:10D2D000C4F14503D8B2884228BF08460444D4713B
:10D2E00010BD38B50546C079C0F14504E4B294429A
:10D2F00088BFD4B20C3022462844FFF7CCFDEB792E
:10D3000020462344EB7138BD1FB5039100210091E5
:10D3100003A9FFF762FF05B05DF804FB38B50446CA
:10D32000206800B938BD0568F3F760FE2560F7E7AF
:10D33000034610B501F0EC0103B910BD1A7902F0F3
:10D3400013020A431A711A1A544254415A7964F367
:10D3500000025A711B68EFE710B558B10168026806
:10D360005AB1136823B15C79E40704D50024146032
:10D370000360084610BD0360F1E71346F8E7034673
:10D3800058B10020DA7999791B68521A50FA82F064
:10D390001BB15A79D207F5D57047704770B50D4665
:10D3A0000446E8B186798E4203D3751A857101204F
:10D3B00070BDC27906F145039B1ADBB299420FD8C2
:10D3C00006F10C010144921BA81BD2B20844FFF7DE
:10D3D0006FFD0023A371E3791D44AD1BE571E6E702
:10D3E0000020E5E70346006818B102681A600023D0
:10D3F000036070470346002003B97047DA799979D2
:10D400001B68521A50FA82F0F6E72DE9F84F894668
:10D4100014468246FFF7EEFF05464846FFF7EAFF4F
:10D42000A542074601D3A04208D2BD4208D100243C
:10D43000A346A046264647B9384604E02746F6E705
:10D4400038D24FF0FF30BDE8F88F5EB99AF8068009
:10D450009AF80760A6EB080608F10C08D044DAF841
:10D4600000A0F6B2BBF1000F0BD199F8064099F875
:10D4700007B0ABEB040B0C344C44D9F800905FFAC6
:10D480008BFB5E45354628BF5D46BD4228BF3D4605
:10D4900021462A464046FFF7EEFC0028D3D1A84497
:10D4A0002C447F1BEDB2761BABEB0505F6B25FFAA1
:10D4B00085FBC0E70120C6E703680BB90160704730
:10D4C0001A461B68002BFBD111607047036803B13B
:10D4D0000B600160704739B10B461A461B68002B80
:10D4E000FBD1036813600160704770B5046806469D
:10D4F0000D4644B12046FFF77DFFA84211D82368AE
:10D5000013B9E379A37170BD20463360F3F76EFD64
:10D510003468F4E7ED1A236820463360F3F766FDBC
:10D520003468002DEFD0A279E3799B1ADBB2AB42CD
:10D53000F0D92A44A271E6E7F8B5066805460C461C
:10D5400046B13046FFF756FFA0421DD8336813B9E5
:10D55000F379B371F8BD30462B60F3F747FD2E68C1
:10D56000F4E7064638460768002FFAD1C279837976
:10D57000D31ADBB2A34202D9121BC271EAE7E41A42
:10D58000F3F734FD3EB13760002CE3D02868002863
:10D59000E0D00026E7E72E60F6E7F8B504460F4630
:10D5A000BC4200D1F8BDA179E5796D1AEDB2C5F1A3
:10D5B0004506B6B20EB92468F2E749B10C312A46E5
:10D5C000214404F10C00FFF773FC0023E571A37103
:10D5D0002368BB42EFD05A79D207ECD49979DD7930
:10D5E000A0796D1AEDB2B54228BF3546E2790C300C
:10D5F00010440C312A4619442044FFF74CFCE379CF
:10D60000206853FA85F3E3718379761B53FA85F525
:10D61000C379EDB2AB42B6B2857103D10368236022
:10D62000F3F7E4FC002ED3D1C5E748B1002302791B
:10D630004360036083604379027143F004034371E4
:10D64000704700221146F3F72DBD38B504460D464C
:10D65000FFF7A4FE98B984B12079FFF7F2FF58B123
:10D6600063794279C3F3400363F3410245235D1BB1
:10D6700004604271C371857138BD0120EDE7204619
:10D68000FAE738B5036804460D469BB11879FFF7F1
:10D69000D8FF88B12368427903605B79C3F3400304
:10D6A00063F3410245235D1B4271C37185712060A4
:10D6B000002038BD0120EAE71920FAE738B50C460A
:10D6C000054640B3006830B309B9002038BD4AB9F7
:10D6D000C9B2FFF763FE0028F7D12B689A799871D9
:10D6E000A41A06E0452918D8C9B2FFF757FE00284A
:10D6F000EBD1442C07D8002CE7D02846E1B2BDE896
:10D700003840FFF7BEBF45212846FFF7BAFF002883
:10D71000DCD1453CEDE72220D8E72120D6E72DE9F2
:10D72000F84390F8078090F806900446A8EB0907A4
:10D73000FFB2B9420D4602D30020BDE8F88300795C
:10D74000FFF77FFF06460028F6D0A17980790C31DB
:10D750007F1B29440C30BAB221443044FFF79BFBB5
:10D76000F37901203B44F371E37999444D442368F4
:10D77000A5EB0805E57133602660DEE7F8B50768BC
:10D7800006460D463C46002305B12CB90BB10022DC
:10D790001A6034603846F8BDE379A2799B1ADBB28F
:10D7A000AB4207D8E379A2799B1ADBB2ED1A234684
:10D7B0002468E9E72046E9B2FFF7B1FF0028F1D17C
:10D7C0000746E7E75318452B02DCC9B2F3F76ABCFA
:10D7D00000207047F7B5002605460F4601960DB9A3
:10D7E000019C09E0002238461146F3F75BFC044631
:10D7F00028B901A8FFF792FD204603B0F0BDAB7930
:10D800008371EA79C27168796179D21A60F3000193
:10D81000617169796079C1F3400161F34100607120
:10D8200003F10C002918D2B22044FFF734FB019B0E
:10D8300003B9019406B1346026462D68CFE72DE97F
:10D84000F8430D461446064610B319B3DAB1034641
:10D8500099461B68002BFBD12746C8463A46294605
:10D860004046FFF73EFDC145A7EB0007054418BF42
:10D87000C9F8008037B10022B1793079F3F712FC92
:10D88000C14618B9E41B2046BDE8F8838046E5E7A9
:10D890000446F8E70C46F6E737B51546C9B200224C
:10D8A0001C46F3F7FFFB019040B122462946FFF7E3
:10D8B000C6FF844202D901A8FFF730FD019803B0EA
:10D8C00030BD034610B501391A1A914200D810BD77
:10D8D000445C1A7803F8014B42540139F4E7002301
:10D8E0000144884200D1704700F8013BF9E738B5A0
:10D8F00005460C4604B938BD013C55F834305B6828
:10D90000002BF7D09847F5E72DE9F04104460026B3
:10D9100054F836302BB904F10408B34203D1002582
:10D920000FE00136F4E754F833205F1C12685AB157
:10D9300058F833009047054630B139462046FFF786
:10D94000D6FF2846BDE8F0813B46E6E770477047C2
:10D95000704770477047F3F7B9BC38B50446F9F71C
:10D96000EDFC054658B9C820E2F7F0F8C8220221BC
:10D970002846E2F7ABF88442A8BF044624B220460A
:10D98000E2F7E4F8F9F7DAFCBDE83840C8220221F2
:10D99000E2F79CB8B0F90020B1F900302DE9F0476A
:10D9A0009A4204460D4648DCF4F75FF88046DCF7FF
:10D9B00051FB00283ED1E2F77FF88246F9F7BEFC22
:10D9C000C8220221E2F782F847F6FF73B5F900207A
:10D9D00081469A4202D1E2F793F8288047F6FF7316
:10D9E000B4F900209A4202D1E2F784F82080B5F918
:10D9F0000000FFF7B2FFB4F9003007468342C8BF0A
:10DA00002080B4F90000E2F781F8DDF7B3FB0646A9
:10DA100058B15046E2F77AF84846E2F797F84046A0
:10DA2000F4F729F83046BDE8F087E2F745F82080A2
:10DA30002F80F4E741F20C06F1E72126F2E700001F
:10DA4000F8B500BFF8BC08BC9E467047F8B500BFEB
:10DA5000F8BC08BC9E46704701B40248844601BC2D
:10DA6000604700BFF10D002001B40248844601BCAC
:10DA7000604700BF990E002001B40248844601BCF3
:10DA8000604700BF390D00200000000000000000CA
:10DA90000000000000000000000000000000000086
:10DAA0000000000000000000000000000000000076
:10DAB0000000000000000000000000000000000066
:10DAC0007165705F6D736D00000000000000000064
:10DAD00000000000000000000000000059230100C9
:10DAE0009D23010085130300041200203CDB03008A
:10DAF0003D2901005D2B0100D12B01000000000039
:10DB0000000000007128010000000000000000007B
:10DB1000000000003CDB0300DD270100E12B0100D9
:10DB2000F1240100000000003CDB03009529010006
:10DB3000312B0100C12B01000000000078DB030045
:10DB40009F1303009B13030000000000A5240100A5
:10DB500000000000B92A0100A7130300A31303006B
:10DB60000000000078DB030001250100C31303005F
:10DB7000CD2401000000000000000000A5280100E5
:10DB800000000000000000009924010078DB030081
:10DB9000B1250100D9130300E124010000000000B9
:10DBA00078DB0300112A010009140300B1130300FC
:10DBB00000000000ECDA0300B1240100112901008B
:10DBC000B12B01000000000050DB0300A313030091
:10DBD000A713030000000000A0DB0300A313030051
:10DBE00009140300000000008CDB0300C12B0100BE
:10DBF000D913030000000000ECDA0300F124010057
:10DC00005D2B01000000000014DB0300E12B01008C
:10DC10000000000050DB0300B1130300A713030052
:10DC20000000000064DB0300B1130300C313030012
:10DC3000000000003CDB0300E12401009B13030013
:10DC4000A52401000000000050DB0300A71303001F
:10DC500000000000A0DB0300091403000000000026
:10DC600078DB0300992401000000000000DB0300C2
:10DC70000000000064DB0300A3130300C3130300D0
:10DC80000000000050DB0300CD240100A7130300B7
:10DC9000000000003CDB0300CD2401009B130300C7
:10DCA000A52401000000000050DB0300CD2401008A
:10DCB000A7130300000000003CDB0300CD2401009B
:10DCC0009B130300A5240100000000008CDB03006F
:10DCD000CD240100D91303000000000028DB03005D
:10DCE000B12B0100D12B0100312B010000000000FD
:10DCF000B4DB030011290100000000006D3851441D
:10DD00003A914392BD4074278956F55FA24E961111
:10DD10004FECCEBDC8402D30AC4333BB292B01188E
:10DD20000500000000E00000342E342E3600000014
:10DD30009CDD030022002200ECDF03000E000E0039
:10DD4000BCDF0300030003000300FFFFFFFF000030
:10DD50000200011802000A180C0053696C69636F15
:10DD60006E204C61627302000018080062745F53F9
:10DD700050433531020000001000F01921B4478FE4
:10DD8000A4BFA14F63FDEED6141D1000A24E961144
:10DD90004FECCEBDC8402D30AC4333BB010000007A
:10DDA0000108FFFF0000000050DD03000200020038
:10DDB0000108FFFF0500000020000A0003000A0020
:10DDC0000008FFFF010000009E0C002004000D0071
:10DDD0000308FFFF0300000002000000050002002E
:10DDE0000108FFFF0500000002000B0006000B0009
:10DDF0000108FFFF01000000CC0C0020070002001A
:10DE00000108FFFF050000000A000C0008000C00DC
:10DE10000308FFFF01000000E20C002009000000E1
:10DE20000188FFFF000000008ADD03000A000200F5
:10DE30000108FFFF05000000120000800B000080B9
:10DE40005158FFFF010000007C0C00200C000D0069
:10DE5000030DFFFF03000000010100000D000200A0
:10DE60000108FFFF05000000180001800E0001807E
:10DE7000025DFFFF01000000860C00200F000D0076
:10DE8000030DFFFF0300000001020000100000006E
:10DE90000108FFFF0000000054DD03001100020034
:10DEA0000108FFFF0500000002000300120003004C
:10DEB0000108FFFF0000000058DD0300130002000E
:10DEC0000108FFFF05000000020004001400040028
:10DED0000108FFFF01000000900C00201500020067
:10DEE0000108FFFF05000000020005001600050004
:10DEF0000108FFFF01000000A80C0020170002002D
:10DF00000108FFFF050000000200060018000600DF
:10DF10000108FFFF01000000B20C00201900020000
:10DF20000108FFFF05000000020007001A000700BB
:10DF30000108FFFF01000000BE0C00201B000000D4
:10DF40000108FFFF0000000066DD03001C00020066
:10DF50000108FFFF05000000020008001D00080086
:10DF60000108FFFF000000006ADD03001E00020040
:10DF70000108FFFF05000000020009001F00090062
:10DF80000108FFFF0000000074DD03002000000016
:10DF90000108FFFF0000000078DD030021000200FF
:10DFA0000108FFFF05000000080002802200028037
:10DFB0000208FFFF07000000000000006C38514419
:10DFC0003A914392BD4074278956F55F6D385144AC
:10DFD0003A914392BD4074278956F55F636032E001
:10DFE000375EA488534E6DFB6435BFF700280128C7
:10DFF0000328292A242A272A262A232A002A012A12
:10E00000052A2A2B292B0229050000000000000008
:10E0100000C201000002000000100000000000002B
:10E020000000000000000000EA0C0020E5370100BD
:10E03000A91603000317030015170300A316030016
:10E04000F20C0020E5370100A916030003170300B6
:10E0500015170300A3160300FA0C0020E537010092
:10E06000A91603000317030015170300A3160300E6
:10E07000160D00208F170300493901007139010086
:10E08000B1170300CD17030013B779FAC925DDB71F
:10E09000ADF3CFE0F1B614B80102000000000000BB
:10E0A000FFFFFFFF20000000010000000000000053
:10E0B0000000000000000000000000000000000060
:10E0C0000000000000000000000000000000000050
:10E0D00000000000000000001E00000351180300B3
:10E0E0004D1803002B1803002918030009400100F4
:10E0F0005B180300C93F0100020000002C00000073
:10E10000000201000009007F3CE103000100000F54
:10E110001CE103000000000000000000E1FE59FFC8
:10E120008FFFADFFC1FFD0FFDCFFE4FFEBFFF2FF8D
:10E13000F6FFFAFFFDFF0000030005005500EDFEAD
:10E14000FF0064001E0000007F001B0DD063FDFF78
:10E150003600B7034DDAFFFF1C005901EC36000012
:10E160001100BD00C83B00000B0071001435000019
:10E1700007004900352C0000050037000526000087
:10E1800003001400FF140000000000000000000065
:10E19000000000400000000001000000FFFFFFFF42
:10E1A000000000010000000000000000000000006E
:10E1B000FFFFFFFFFFFFFFFFFFFFFFFFFFFFFFFF6F
:10E1C00000000000FFFFFFFFFFFFFFFFBCE6FAAD0E
:10E1D000A7179E84F3B9CAC2FC6325516B17D1F20D
:10E1E000E12C4247F8BCE6E563A440F277037D8169
:10E1F0002DEB33A0F4A13945D898C2964FE342E203
:10E20000FE1A7F9B8EE7EB4A7C0F9E162BCE335770
:10E210006B315ECECBB6406837BF51F5FFFFFFFFD5
:10E2200000000001000000000000000000000000ED
:10E23000FFFFFFFFFFFFFFFFFFFFFFFC5AC635D8C0
:10E24000AA3A93E7B3EBBD55769886BC651D06B038
:10E25000CC53B0F63BCE3C3E27D2604B9CE1030052
:10E26000C0000000000000000000100020000000BE
:10E270006BC0BCE12A459991E134741A7F9E19253F
:10E28000AE2D8A571E03AC9C9EB76FAC45AF8E5126
:10E2900030C81C46A35CE411E5FBC1191A0A52EF11
:10E2A000F69F2445DF4F9B17AD2B417BE66C371063
:10E2B0003FF1CAA1681FAC09120ECA307586E1A7EA
:10E2C0002B7E151628AED2A6ABF7158809CF4F3C8A
:10E2D0006C5C5854801024FFFFFFFFFFFFFFFFFF1F
:10E2E000FFFFFFFFFFFFFF000120000000200000F4
:10E2F0000000000000000000ED6501000040025C2D
:10E3000000000000000000100103040101010903E6
:10E310000B0000000B0000000200000000002020A5
:10E3200000000000030000008C8C3C000000000096
:10E330000000000000000000010410400100000087
:10E3400005000200000300C4D8C4D8C4D8C4D80152
:10E35000CCE50300A8E503001CE503003CE5030051
:10E3600050E50300F4E503008CE5030078E50300C5
:10E3700000000000000000004E0C00000000000043
:10E380000000000030DD030000000000000000007D
:10E390000400000000000000E2FF0000E0E50300D0
:10E3A00000000000BCE5030000000000A8E403003A
:10E3B0000000000064E50300000000006CE50300BD
:10E3C0000000000030E50300FCE3030018E6030052
:10E3D000FEE3030010E603000000000008E603006F
:10E3E0000000000014E5030000000000A0E50300A9
:10E3F0000000000000000000000000000200040017
:10E40000FB00505341004B4559000001010201023D
:10E4100002030102070B0B0701160C00000108089C
:10E420000000050108FFFF02FFFF0808020204FFC9
:10E43000010022FFFFFFFFFFFF030404FFFFFFFFB8
:10E440002AFFFF1419191B011C15120400480C1493
:10E45000131510801A80128080000F0E0C080C0813
:10E460000D18100102040400F4010000FA0000007D
:10E4700096000000640000004B0000003200000025
:10E480001E00000014000000000000000101500008
:10E490004000080050002400040090015002400099
:10E4A0009001AE0110000000D10A0200000000003F
:10E4B0000049725314497207FF000102030405FF6B
:10E4C000145300724907CDF6211F0200991E020065
:10E4D000253602006D800300F3800300ED80030009
:10E4E000A13C0200A9A20300A7800300EF80030063
:10E4F000F180030093800300E9800300B919020052
:10E50000D57E03000D1B020001020C000000040078
:10E510000000080059800300000000000400000013
:10E520000000000000000000451E02000000000086
:10E530006780030000000000A001040156000000F5
:10E5400000000000000000000000000000000000CB
:10E5500005000000000000000000000000000000B6
:10E5600000000000BD1E0200000000006F800300DC
:10E5700000000000A01305000A00000000000000D9
:10E580000000000000000000000000000900000082
:10E59000000000000000000000000000000000007B
:10E5A00075800300000000000F0000000000000064
:10E5B0000000000000000000000000007F80030059
:10E5C000000000000000000000000000010000004A
:10E5D000000000000000000000000000000000003B
:10E5E0001922020000000000A0010107A0000104A0
:10E5F0000204080006000000000000000000000007
:10E600001D230200012302008F8003000000000090
:10E610008B800300000000005D230200000000006A
:10E62000A0030601A0090609A0020608A005060726
:10E63000A0050606A0070605A0020604A001061014
:10E64000A00A0602A00D0600000004020503060150
:10E6500007010108090A0000A0015C02A0035C0197
:10E66000A0025C00A0020F09A0030F04A0030F0387
:10E67000A0050F02A0010F01A0050F00A0040108D2
:10E68000A0020105A0030106A0120100010102047D
:10E690002001060559260200200D0606AD250200C0
:10E6A00020080604F125020020040909AD2102001A
:10E6B00020060904792102002001090161210200DC
:10E6C00020040A042D21020020050A02FD20020078
:10E6D00020020503D11E020020000505091F0200CB
:10E6E00020010F06CD21020020020F01FD210200B2
:10E6F00020000115C5220200626761706920627501
:10E7000066666572730001000200000000000000F0
:10E71000030000000D0003000200010005000102DB
:10E72000036761747420636F6E6E656374696F6EE6
:10E7300000000000FB349B5F8000008000100000A0
:10E7400000000000ED9F03009586030053A2030024
:10E750004FA10300E69D350E480103CCDBFDF4AC70
:10E760001191F4EFB9A5F9E9A7832C5E2CBE97F2BD
:10E77000D203B020008BD28915D08E1C742430EDCA
:10E780008FC24563765C15525ABF9A32636DEB2A8D
:10E7900065499C80DC006C888391AAF5A5386037B8
:10E7A0000BDB5A6083BE0000000100010005010080
:10E7B000050202030002000000000002050100053E
:10E7C000000001000100000100010202030002003C
:10E7D0000000000002020100020000009D72020021
:10E7E0002D6D02009FB703000DB703009BB003001F
:10E7F000056B0200516A0200A9680200F9B4030027
:10E8000049AB0300C16E020081640200CD620200C8
:10E810004FB40300E1B3030089B30300E7B2030080
:10E8200033B103004D600200795E0200315F0200E7
:10E830004DAB0300D95B0200BF01FB9D4EF3BC361C
:10E84000D874F5394138684C8BD28915D08E1C7438
:10E850002430ED8FC24563765C15525ABF9A3263FD
:10E860006DEB2A65499C80DCE69D350E480103CCA2
:10E87000DBFDF4AC1191F4EFB9A5F9E9A7832C5EA7
:10E880002CBE97F2D203B0203F49F6D4A3C55F381F
:10E8900074C9B3E3D2103F504AFF607BEB40B79995
:10E8A0005899B8A6CD3C1ABDA0010A05A0030A04D8
:10E8B000A0080A03A0070A02A0060A01A0070A008E
:10E8C000A0030906A0060905A0070904A00409037E
:10E8D000A0050902A0060901A00309000202030025
:10E8E0000000000081950200C995020075950200A4
:10E8F000D5950200BD95020001C703003DC7030086
:10E9000063C7030085C70300A7C70300B1A90200BE
:10E9100069A9020075A9020049AA02001DC90300E5
:10E92000AFC40300B3C40300BFC40300B7C40300F3
:10E93000BBC403000000000088010000D80F0020C5
:10E94000E1FE000002000080FF7F00000080FF7FEA
:10E950000E025241494C0000A00000000DA102002F
:10E960005000000085A0020000000001000001012D
:10E9700000010101BDA30200A1A3020045D80200CD
:10E98000EDDA020025DA02000101020300000001B5
:10E990001F150F15150F151FFFFFFFFFFFFFFFFFCF
:10E9A000FFFFFFFFFFFFFFFFFFFFFFFFFFFFFFFF77
:10E9B000FFFFFFFFFFFFFFFF00A801A802A8000064
:10E9C00000B801B802B800B0DC1C0400F41C04005C
:10E9D0000C1D0400241D04003C1D04000304040855
:10E9E000080500000000000000000000000000001A
:10E9F000B8320000F8040000B03700000400000046
:10EA0000303E00000300000000000000B8320000AB
:10EA1000343E000000000000343E000041000000D1
:10EA200000000000303E0000853200009D320000F2
:10EA30009D3200009D3200009D3200009D3200009A
:10EA400000000000000000000000000000000000C6
:10EA50009D3200009D3200009D320000112B00000D
:10EA60009D3200003B2C00004B2C0000D12C0000FC
:10EA7000192D00009B2D0000012F0000BB2D000070
:10EA8000912F0000072E0000452E0000B92E000037
:10EA9000F1300000C53100000D2C0000712800008D
:10EAA000212400008F280000012900009D32000071
:10EAB000D92900009D2900009D3200009D320000F0
:10EAC000212A00009D3200009D3200009D3200008E
:10EAD000F90F0000E90F0000031000000D10000006
:10EAE000171000008C488068000200D4704780B581
:10EAF00080208002A8490860CF2000F04BFA01BDB9
:10EB0000F8B586480068864C802292032260854EC4
:10EB1000316809051DD5110BA023034001D02160E8
:10EB200017E002403FD180277F4A17607F4A176075
:10EB3000084038D0784D287A400705D501207C4917
:10EB4000086000027B4908602878002801D0062868
:10EB500001DB0020F2BD00F057FB716889684E6848
:10EB60002978052907D1B905A1606E60B668CC2166
:10EB70008901704A116000F050FB012E00DA022674
:10EB8000BC20800585490860942080058449086080
:10EB900065480021C94301647142416481490F60A5
:10EBA00040210160D5E7B1480160FFF79BFF0120DC
:10EBB000F2BD5A480168890504D5C06E0004000FF3
:10EBC000022801D0002070470120704738B580240A
:10EBD0005548046000F018FB05007348006800F019
:10EBE00065F9280000F019FBFFF77CFF4A48007A1E
:10EBF000000705D5A0004A49086000F0E6FB31BDDA
:10EC000060039A490860B048046031BDFEB5050054
:10EC1000CC20800196494860012696480660FFF79F
:10EC2000C8FF002877D03C4C2078002873D03102F0
:10EC30000195052802D02A460A406CD1CC27BF0195
:10EC40008B4A1760A14A126853075B0F022805D14F
:10EC5000022B5ED3080137490860F7BD4D01032838
:10EC600004D1022B55D933480560F7BD042802D1E1
:10EC700011404ED0F7BD05284BD10198002848D04F
:10EC8000C005C10F684641700198C004C10F6846B5
:10EC9000017000F0B9FA029060686946497800296D
:10ECA00003D006688021214A11602C0488496A46F5
:10ECB0001278002A0CD0C2680B68D21AA74B1B68C6
:10ECC000234001D0066800E04668964200DD160049
:10ECD000684640786A461278024308D00868424283
:10ECE000B01E824202DA7042886000E0002602987C
:10ECF00000F093FA0198800501D5994804600198C5
:10ED0000054001D097480460002E02D009480760F2
:10ED1000F7BDFFF75BFFF7BD343E0000400002A8DF
:10ED2000402002A8C43E00000CC001A890E001A849
:10ED300094D000A8505201A838B580248A480460B5
:10ED400001204C490860894D2878052802D06000D0
:10ED500087490860FFF72DFF002812D0124800688D
:10ED6000000A80214140A868000EC9B2814208D241
:10ED7000564800684007400F022802D2FFF726FFDE
:10ED800031BD7C480168C0220A4002D1C06F2040DA
:10ED900001D00448046031BD1C1002A808E001A89D
:10EDA00008D001A894D001A818C000A8F1B582B07D
:10EDB0000F008026B600A020384002D06E480660C2
:10EDC00052E000F021FA00906C480468F80202D585
:10EDD000A0680069029000F045FBB102606800F095
:10EDE0006FF9227820000021521C4378934200D210
:10EDF000002218235343C5180C352B78082BF3DA5F
:10EE00001400027085602878584A10703E400CD07B
:10EE100000F0FAF9594909688968CE6800F0FDF9EF
:10EE2000F80201D403208643310050488160012656
:10EE30000846304003D100F0D2FB00F07BFFF10424
:10EE4000686900F03DF93C2000F0A4F8E0B200F061
:10EE5000A1F8009800F0E1F93005474908604848FA
:10EE600006603002024908600298FEBD401002A808
:10EE70004C6201A894E000A810B5424800688005E3
:10EE800001D4FE2010BDC02080033F49086000F07F
:10EE9000BBF93A4909688A78D20702D589688C7823
:10EEA00000E00C7800F0B9F9200010BD3349096882
:10EEB0008A688B78DB0704D5927818235A438A181E
:10EEC0000C32906070470000100002A8084001A8B2
:10EED00048C001A8F1B582B02C4F3C680026200F35
:10EEE000000702D1E00102902AE000F023FF00F0C9
:10EEF0008BF9019080210903606800F0E1F8257822
:10EF00006D1C6078A84200D20025E80020180C3063
:10EF1000009000680290802109030098406800F08A
:10EF2000CFF83D2000F036F8E8B200F033F8257055
:10EF30000098A060019800F070F902A800F05EFF50
:10EF400013480068800407D5786901F026FC02990F
:10EF50000818029000D502960298FEBD480002A84B
:10EF6000481002A8482002A894E001A8343E0000FE
:10EF7000506201A814C001A8402002A8C83E0000A9
:10EF800090E000A8400002A8401002A8CC3E00007B
:10EF9000FC0302A841490968002901D540490860DD
:10EFA0007047F3B581B03F4FB9683F4C4A004CD52C
:10EFB0000125090100D5212501003C4A1068566849
:10EFC00022689206920E94463A689300802213407B
:10EFD00062461343802252001A4300920A0023D053
:10EFE000890601D5012008E0F021014007D16946DA
:10EFF000097A0C220A4002D0022000F03FF82C4986
:10F00000096809040AD53968090701D5022605E00F
:10F010003968490301D5002600E003264835009AE7
:10F0200024490968890003E0009A2249C96909094D
:10F030004023194011439A00002E02D01643266641
:10F0400008352166024322662566E06D4407640F99
:10F0500000F0C4F8A0070BD0052C09D0B868000454
:10F0600006D400F0D1F80221134A116000F0D5F85F
:10F0700000F0BDF8002000F001F8F7BD0B490A6868
:10F08000F0239A43000110430860C0B2704780200B
:10F09000C0020A4908607047000000004C0002A846
:10F0A000884000A8440002A8284000A8683F00004B
:10F0B000384101A8084001A87CD40350485000A85A
:10F0C00080B55E4A116001F093FBFFF7E0FF01BDE0
:10F0D000FEB500F099F8029010205949086000230D
:10F0E000584803600220584908605848C0684005E5
:10F0F000C20DD52A01D2D52204E0D120400082429F
:10F1000000D9020010000100514C0194883C246891
:10F1100064011DD54F4C0094251D4F4E36780627AF
:10F120007E43AA530024019D2D7CE540ED070CD5BC
:10F13000009D06266643AD19AD888FB2BD4200D250
:10F14000290086B2AE4200D22800641C022CEAD309
:10F1500089B246310904414C0C404638C005C00D07
:10F1600020433A490860C02000063D4908603848FD
:10F17000017D00290CD03B49D52A02D98024E40521
:10F180000C60D1246400A24202D2802424060C60C8
:10F190001021354C216035490B604188002900D190
:10F1A0000280029800F039F8F7BD80B53048314947
:10F1B00008603148C1680902090A192251434160B7
:10F1C00005210160FFF784FF01BD2B480068C003E3
:10F1D00000D4704780B5FFF77BFF01BD8020C002DF
:10F1E00016490860254800684007FBD47047802016
:10F1F000C00223490860704701E0224908602249A3
:10F2000009680140F9D17047204800682021204A50
:10F21000116010211F4A116070473021014002D156
:10F2200010201B49086070471848006830210140D1
:10F23000102901D10120704700207047401002A81A
:10F24000F41302A8048002A8409002A87C40005059
:10F25000743F0000603E00005C3E00000000FF01C3
:10F26000A0600050A4500050F42302A818E000E071
:10F270007F1A0601500002A810E000E0400002A83A
:10F28000402002A8282002A8280002A85C0002A8AA
:10F290005C2002A85C1002A8FEB54E4880214902FD
:10F2A000816102214C4A516000214C4A11604C4A54
:10F2B00011800321484A1160022101604948046815
:10F2C000202049490860802048490860CC208001FE
:10F2D000474908600120474908604048806F019015
:10F2E0000F26000B3040009043480068C505ED0D27
:10F2F000103DC0202843C0B2FFF74CFEE00506D504
:10F300000098092803D001F0ABFB01F0C7F8019881
:10F3100006403A480468032E04D0022E06D1009815
:10F32000032833D000F0EAF9032E04D00098062811
:10F330002CD1062D2AD0324800680127C00B384056
:10F3400001D001F07FFD2F480068000108D5052D90
:10F3500006D101252C4807606805FFF74DFF00E046
:10F3600000252100009800F0CBF90400274E002D65
:10F3700005D000F067FB376002202549086078055A
:10F38000706580092349086001F04AFB124880211A
:10F390004902C1610099002908D102214160002081
:10F3A0000E490861C020C0001B4908602000FEBD56
:10F3B00080B5FFF713FF19480078800602D40220B9
:10F3C00017490860FFF713FF01BD022015490860C7
:10F3D000704700002C1002A8282002A8340002A8C0
:10F3E000703E0000B40002A894E001A80CC001A87F
:10F3F000506201A894E000A804ED00E0B44000A829
:10F4000000E200E0EC3E0000645000A8646000A848
:10F410002C4000A880E200E02C6001A8C43E00005F
:10F42000081002A8082002A87F480068800700D4BE
:10F43000704730B57D4804218C4A0123E024E40064
:10F440008568254002D01360D160D3600068044015
:10F4500002D013605160536030BD85480121816046
:10F460000160704710B5012071498A680240FCD1E3
:10F47000804A0423D3600C680440FCD153601060C0
:10F4800010BD7D4908680122104200D1704710B5B7
:10F49000E023DB000340FF24A41CA34204D3774BEA
:10F4A0001B689B0600D54868024001D000F0ABF80D
:10F4B00010BDFEB50700C8207149086006207149DB
:10F4C0000860802040037049086070480168704AF5
:10F4D0000A4080210901114301606E4CC020C00028
:10F4E00020600225A56168036B4908606B4E6C487B
:10F4F000F0664C206B49C86638686B498968814260
:10F5000001D2019100E001900199401A3860012177
:10F51000380000F040FB69460870386801994018CF
:10F520003860FFF781FF5F4800685F4908605F4807
:10F530000168490601D55E4900E05E4931676946C8
:10F540000978002908D10321E1610068306805408D
:10F5500002D080208002206168460078FEBDF8B5A8
:10F560000400554D8020C00128605448012181626B
:10F57000534A11601F230360562343660623036624
:10F58000504B1B68002B02D40823036643664E4B86
:10F590000365C023DB004D4E3668F827FF01374076
:10F5A00001D1836700E05361E86B014008D0286B0C
:10F5B000C00705D446480078800701D401F0E0FC7C
:10F5C000444845490860FFF72FFF200001F084FD03
:10F5D000286B8001FCD4286AC8490860F1BD3F4807
:10F5E00001214161C1603E4A3E4B5366364B136573
:10F5F0000323036000203C4B186011609162C80334
:10F600002D4908607047F0210901384A1160014016
:10F6100037480160202037490860374909680840A9
:10F62000B7490860704700004C0002A86C0102A8AE
:10F63000700102A880B5B3480821B34A13680B4093
:10F6400001D0016141611178C90602D58621090105
:10F650000160FFF716FF1420AC490860AC48016850
:10F66000490701D0FF21416101BD0000681102A8D6
:10F670006C2102A8682102A8783F0000400002A87F
:10F68000548001A80C9001A8942002A8680102A847
:10F69000FFF1FFFF441102A8A01002A8E40002A895
:10F6A000294E0600300002A8A03F0000FC0302A87B
:10F6B000CC3F0000C43F0000100002A8E01002A8E8
:10F6C000442102A828C000A80C1E0000A88001A8A0
:10F6D0003C3E0000FFFF7F7FB46000A8602102A8CD
:10F6E000E02002A85E060000400102A82C6001A8EC
:10F6F0002C5001A8442002A8084001A8704700002F
:10F70000F8B586B005000C008248866AFFF77CFDDC
:10F710000590B00503D580480068FFF7C7FB0020BF
:10F72000029001227306DB0F7C498E688860B82046
:10F7300040007B4F38606708B82038400978F027D0
:10F740000F40402F02D10100402008430D2D02D16F
:10F75000310004260E43710704D50100142008432C
:10F7600010218C43AC4909686D462A7004930196B8
:10F7700005006C4FC80506D580204000A2490860EE
:10F780002800012505430498002811D10C202840A9
:10F7900008280DD028005F49496BCA0601D4102201
:10F7A0009043890601D420218843B12101405AD0D9
:10F7B00068460078002859D0B86DC004C00C79287C
:10F7C00009D380250620534908606802A1490860D2
:10F7D0000020694608708120284049D008200499FB
:10F7E000002900D138620199084301901020844318
:10F7F0000420039000059849086040089749086074
:10F800000120974908606846007800282ED00398A8
:10F81000062833D39348806BC0062FD592480068E2
:10F82000000E02908F480668B6B28F48006A000644
:10F8300003D0300080267601064301F060F80028EE
:10F8400009D0FB2080010078C00604D0300080265B
:10F85000F6010643B6B23E61301238616E48016867
:10F86000C80587D40AE0082039460862009531E0CF
:10F870008FA06906C90E405C0390C4E70095039809
:10F880002449CB6A784A12683D686E46B5812825BE
:10F890001D400543980CC00128431D001B0E2B4042
:10F8A00010252B400343900040221040184303AA28
:10F8B0009070086B000A03A9C870FFF7DDFA03A96E
:10F8C00008710298487169480068C8800398F86612
:10F8D0000498F8660598FFF7A0FC0820610601D59A
:10F8E0005D498860624908600198C1B20098C0B261
:10F8F000FFF757FB200007B0F0BD00009C3F000061
:10F90000441002A8301102A8F84F0000703F000018
:10F910000C4000A8180002A81CC000A8683F000006
:10F92000B46000A8540000AAF8B5524F524C0F25FD
:10F9300001265249606BC00621D50120087050484D
:10F94000006850490A68824204D289695118491CEA
:10F95000081A00E0101A4C4909684018012852DBC7
:10F9600001F05EFE49490968090B0D40022D48D19E
:10F970007105474A11601021F963266041E0E06B90
:10F98000C00026D543480068E021890501403AD0EF
:10F990003E4C41480068C00504D42068000B284054
:10F9A0000228F5D03D480668FFF72EFC3C49F2B22C
:10F9B0000A603204120E0A603202120E0A60320E1F
:10F9C0000A60FFF72AFC2068000B28400228DFD0DD
:10F9D000F1BD344C2068002815D00E7001F07CFB7E
:10F9E000002810D101F01CFE28490968090B0D40C0
:10F9F000022D06D13104264A11600221396000210E
:10FA0000216001F011FEF1BD1C2100AA80208004BC
:10FA100025490860704700001C0100AA80204004AE
:10FA20002149086070478020C0041F490860704762
:10FA3000802000051C4908607047802040051A4955
:10FA40000860704719480168490701D0FF214161EA
:10FA500070470000141100AA401002A8205001A80D
:10FA6000006101A81C4000A8084001A8448001A82A
:10FA7000845000A8082002A8100002A8733E0000CD
:10FA80001CC101A820C001A8DC3E0000AC0002A8F7
:10FA90001C1002A8204001A8084000A8904000A81F
:10FAA000640000AA483E0000382002A80C4000A8CC
:10FAB0000301070603010706050106060501060600
:10FAC00003020706030207060502060605020606EC
:10FAD000FF2807D0032805D2AC490978C140C807E0
:10FAE000C00F704700207047F8B5802000020090DA
:10FAF0008E48038808208E4908600A2201200124CC
:10FB0000944000990C43A249B6A5AD5C25438D6095
:10FB1000F025A04E3560864DB5A6B65C022737436A
:10FB20002F6004262E60814D9B4E3668064008D11A
:10FB30002E88F61AB6B2012E03D88E6C3603F3D493
:10FB400001E00220F2BD8D6CCE6C6D036D0BAE42F8
:10FB500000D20094521ED2D508228E4B1A60009A11
:10FB60008A608E4A1268520113D58D4B5A78541C04
:10FB7000012525405D70140006256C431C19096899
:10FB8000A1800099E1801A7080490B789040184359
:10FB900008700020F2BDF1B582B0FFF75EFC0024D2
:10FBA0007E480068400102D4012001901DE07D489C
:10FBB000826B00207A49C3B206256B43CB189B8821
:10FBC00095B2AB4204D0401CC3B2022BF3D3FF204A
:10FBD00008700120019071480068400105D508783F
:10FBE000FFF776FF002800D001946F4800686F4946
:10FBF00088616F4D02980068296D4618002E15DD4A
:10FC000000F07FFD2860C001301A00280EDDFFF7EC
:10FC100029FC00F08FF802980068296D401801F067
:10FC20005BFA010002D002990C60FEBD614F80209A
:10FC3000800038605D4A10680226072829D0052117
:10FC40000840052805D011600C2001F057FA01008A
:10FC50006AD1594D59482862FFF704FC2E60E02014
:10FC6000C002574908600002564948603006786073
:10FC70003E60012001F042FAF0012862022001F00A
:10FC80003DFA902040012862022001F037FA70020C
:10FC900028624D4DE02040002860042001F02EFA3B
:10FCA00007003BD147480660B002A862C001A862C5
:10FCB00010203C4908600126EE6540254348006855
:10FCC00028401BD135480068400113D534480078DE
:10FCD0006946087068460078FFF7FAFE002809D0E8
:10FCE0002F4869460978062251434018C0882D499B
:10FCF000086403E0FFF7F8FE07000FD1294806600B
:10FD0000C467022001F0FAF9314C2560A800206098
:10FD1000022001F0F3F98120C002A06201980028BE
:10FD200001D0FFF752FA3800FEBD0000703E00001F
:10FD3000889001A870B5FFF790FBFFF793FB0226B0
:10FD400018480660234DF0022862C4082C62012086
:10FD500001F0D4F9600828622E601F482862E02074
:10FD600040001B490860174D2E60FFF737FA1B4E05
:10FD70003078002800D005200C490860FFF737FADA
:10FD80002C6017480068706370BD0000843F00005D
:10FD9000448001A888A001A8140002A8EC3E00003D
:10FDA0005C3E00000C8001A8F80302A83C0102A8F8
:10FDB0008C3F0000941002A83C1102A8BD0800006E
:10FDC000142102A8942002A82C9001A84C0002A89B
:10FDD0002CA001A83C2102A8FD680000603F0000A3
:10FDE000300002A8000000010102040810202000D9
:10FDF000505050404040403020202000F8B50400D2
:10FE0000FFF730FB2948C021C900294A1268F823AE
:10FE1000DB01134002D1274A116000E00160009429
:10FE20002549AC2252008A640A220A6023498022B2
:10FE300052030A60224C626A224B13408022D20095
:10FE40001A43626280222260022242605003C8602C
:10FE50001D48E0601D4E4C20F0661D4D68699621DE
:10FE6000C901471800980068874200D30700C01BEB
:10FE70000099086000210098FFF78DFE009909683D
:10FE8000C919009A11603168296012490968490648
:10FE900001D5114900E011492161F2BD8020000126
:10FEA0000F49086000010F4908607047582102A8F7
:10FEB000AC8001A8581102A80C8001A8941002A8D7
:10FEC000440102A8FFF1FFFF286E0600300002A8DF
:10FED000903F0000FC0302A8CC3F0000C43F00009C
:10FEE000401002A8685000A8F1B584B0BD48006871
:10FEF0000290BD48006B9621C901401804998842C0
:10FF000005D2081A01F0E8F8002800D027E2B74C23
:10FF10006068C00700D522E20420B54988628003EA
:10FF2000B4494862B44800680090606B8607B60F19
:10FF30001025032E02D0AE48856222E008466903F0
:10FF40004162A26B920601D5012065E0009A12067B
:10FF50000FD5A36B022213400BD1A84B05271F60BE
:10FF6000A76B2F403A431A6000221A60626B120A94
:10FF70001A6004228262A06B002802D59C4841626C
:10FF80000026606B400704D5606BC0002901084063
:10FF900003E095488068C10701D5FFF734FBC149EC
:10FFA000009805220240052A07D1BF48B2018018F7
:10FFB000006AC004C00C401E08600020BB4AD26E1C
:10FFC00012041AD5BA4A1268002A16D40122012056
:10FFD0004969002911D0B7490A700021B64A116059
:10FFE000B6498D62C106B64A91670722B44B1A60C2
:10FFF0000022B24B1A601A46D167B249C022920061
:020000024000BC
:100000000A603302002801D0100000E01800AE4D55
:1000100028604A606B600020E16B942292050A40E0
:10002000150000D00125802636022843000637D06F
:1000300071482821405CC021014040290DD1FFF7C3
:10004000B7F96948C06D00906846FFF732FA00289A
:1000500076D10098FFF783FA01E0FFF7B6F9202088
:1000600020602D0600D17AE1944D606B400708D5E1
:100070007008604948620220E86200F05DFA0028DA
:1000800006D004205A49886240025A494862EE620A
:1000900059480078000600D461E130015449FFE07E
:1000A0000125606828404BD1AE480068C005400F6C
:1000B000022803D0032801D0062802D169464D70DA
:1000C00005E0002069464870A748A84948606804D0
:1000D00048498862FFF782F8E06B064006D1FFF7D7
:1000E00093F80221A24A1160FFF797F8FFF77FF813
:1000F000280320609F4EC0200006706028049B49A2
:100100000860606B4007C10F68460170E027FF027E
:100110003020029949072FD54021A54A1162490193
:10012000924A11660321A24A916400211160306055
:100130008E48456580207060062000F0DFFF0028B3
:1001400000D00CE1894D80204000E866022000F0DC
:10015000D5FF8020400097498866182070600820ED
:1001600000F0CCFF0028EBD1242070609148C765D7
:10017000A020C002286672E0E16BC90249D5C049DF
:1001800049680902090E01914909022901DB8A49DE
:1001900001E0B3218900019A302A3AD3124A128829
:1001A000E72A36D395235B009A4205D89A1A12099A
:1001B0005143890A4B4204E0804BD2181209514343
:1001C0008B0A5BB20199C918074A126B9446064A1A
:1001D000D26B53436246D218034B1A639F290FD345
:1001E0009F2110E0FC0302A8743F0000100002A849
:1001F0001C2002A81C1002A8C43E0000E40000AAB3
:10020000202900D821210A020A4309041143274A60
:1002100011606749AA020A629A4A8A6414220A6033
:100220003060524845656348C765A8034F498866F2
:1002300040027060062000F061FF002831D12D06D9
:100240004A48C566022000F059FF5A488566680989
:100250007060082000F052FF002822D17560032052
:1002600000F04CFF88481649886700F04AFA874D2D
:10027000401DC001296B47188548406F8021C90186
:1002800008400190084683490860049887421ED2BE
:10029000296B401A00F020FF002817D001987E49F2
:1002A00008605CE0204000A80C0000AACC4001A837
:1002B000784201A8723E00006C3E00003C5000A84D
:1002C0003C6000A8046100A8045100A8049F206AB3
:1002D000E8620298400701D5402003E080208004B6
:1002E0007060C0087060012000F008FF80204000AE
:1002F0001E490860380000F0EFFE8B4E684600781B
:10030000002806D162480068F0618020C003874958
:10031000086001986049086085488649086025485A
:1003200080210901416669464978002901D10421EB
:100330000160206A686268460078002809D00120C0
:1003400000F0DCFE3078000603D5802000039149E0
:100350000860E06BC00202D549480068286305B018
:10036000F0BD0000204001A8040000FFB41002A866
:100370007CE40350441102A810B5FEF745FF8649FE
:1003800000240C600A22CA61FEF747FF8348C0219F
:100390008902016082494160824810210160C905DB
:1003A00041654020804908608048047010BD00000D
:1003B000400102A8B82002A833070000D6FEFFFFC4
:1003C0007B48406B800300D47047F8B579480468D7
:1003D0000027002000257849E20706D5C0208002CA
:1003E0008025ED03EA0A0A6003E0A20701D4032096
:1003F00040252843C862012000F080FE8020400094
:100400006E49086708206E4908606E49096809024C
:1004100003D46D4909680140FBD0012000F06EFE55
:100420006A4EE00702D580208004306435640420E1
:1004300000F064FE600702D5E020C002F06064486E
:100440003064012000F05AFE62483064C320000688
:1004500030645A488021490201671021B163890242
:1004600071615D490F60012232603022F2638F6258
:10047000802189014E4A116009010160F1BD00002F
:10048000F83F0000F3070000FFFF7F7F743F00008C
:1004900020C001A894E001A894D001A8F8B54F4865
:1004A00000680D2707400424002F00D104274C4882
:1004B0001025660308214B4A4B4B1B6823401268EA
:1004C00014D04260394004D00220FEF7D7FD4748DF
:1004D00006603C4007D04648006805434448056034
:1004E000B008424908600220424915E002603940E4
:1004F00005D00220FEF7C2FDA0023C4908603C4046
:1005000006D03B4801680D43056070093749086013
:1005100038480660300329490860FFF751FF002181
:100520000020FEF73EFDF1BDC43E00001C1002A8F5
:1005300003000300482102A810B580202E490A6854
:1005400002400AD02D4B1A680624144005D15C6E77
:100550002B4A22401B6D9C0101D5002010BD09686B
:1005600008400DD02748824203D1180501D501204B
:1005700010BD25480068C107C90F481E8041C00F43
:1005800010BD22480321C163A821816310210160AD
:10059000704700001C2002A8D80000AA402002A832
:1005A00004000080646000A82C4000A8723E000097
:1005B000100002A8FC0302A81C1102A8442002A8F3
:1005C0004C6201A8C44001A84C4201A8082102A81D
:1005D0002400000198008800600102A8B44000A82F
:1005E000E43E00001CC101A8440002A8401002A87B
:1005F000683F0000685000A8400002A814C001A88D
:100600001F1F0000010C000030C101A8082002A833
:100610006C4800680121084209D16B4A12686B4B93
:10062000000C1840F03291400B40984201D002205B
:10063000704700207047F8B507000F386A461080F1
:10064000604CA0680A0004D16B461B8882B29A42B3
:100650003AD200226B461A80012502263A0013D0B6
:100660002268324007D000292ED059480088401C0B
:100670005749088000203900E16056490E6080B279
:10068000B84201D369460D805348456000E030BF51
:100690002068304003D1FFF7BBFF0028F7D04D485A
:1006A0004560390010D02168314005D048490A889A
:1006B0006B461B88D2180A8006600020E060A068A4
:1006C000B84201D244480660FFF7A2FFF2BD38B538
:1006D000050000F0A5FF0400012199204543A80969
:1006E0003E4A12688018123880B2FFF7A4FF050056
:1006F0008020C0013A490860200000F095FF2800E2
:1007000032BD334803883549096802889342F9D1DC
:10071000100408187047FEB51238070C69460880A7
:1007200000F07EFF0190274C294D2888B8421ADA44
:1007300001202C490860274E30BF0220216801406B
:1007400006D030604003264908602888401C288075
:10075000FFF75EFF010002D12988B942ECDB0121DD
:10076000716000280DD12888B8420AD1A068694676
:100770000988884205D2002168460088FFF75BFFA0
:1007800001E0FFF745FF04008020C0011449086024
:10079000019800F049FF2000FEBD10B512490A681B
:1007A0000E4B1B680C689442FAD0DB014033141ADC
:1007B00002D288692418641C0C4800684443181B42
:1007C00010BD0000280002A804ED00E0FF3F00007B
:1007D000703E0000282002A8281002A8300002A8BD
:1007E00080E200E02C1002A820C001A8B43F000065
:1007F000F0B502E00A601C602E607EC84F1C07D076
:100800005F1C04D06F1CF5D10A601C60F0BD0A604B
:10081000F0BD00000006800F70479D490968414304
:10082000880B70478A4800680104C80F70478848E1
:100830000168090407D587490A68964B1A604A6817
:1008400042618868C860704780B5FEF7DDFC012012
:100850008149087081480068022808D28E480068E3
:10086000F02109050140C02080048142F2D08B486C
:100870000068C01C8A4901438A48016001BD8A485A
:100880008849086000208949086080218902884AD7
:100890001160714908707047F1B582B00F00140003
:1008A000C006000E00901038912827D2FFF7BAFF3B
:1008B000002823D0002501260298FFF7ABFF00286F
:1008C00002D0022804D004E07A480068304000D00A
:1008D00001252600784C38000C30FFF79EFF801968
:1008E000206000983818FFF798FF80196060C020DA
:1008F000800172490860280371490860F7BD6D489E
:1009000000780621014001D100207047B8480068F6
:1009100002288041C00F7047F8B56A4C634A042131
:10092000C0239B04F0252D055B4E2069084204D0AE
:10093000107C8006C10F490020E0800720D5D068D8
:10094000042803D2306828409842F8D0107C000771
:10095000000F072814D1507C022811DD907C8006FE
:10096000800E02280CDBD07C009007460F4207D097
:10097000C00700D50A21B80700D5891D002904D178
:10098000FFF77DFF0020A061F1BD481CD7688742BA
:1009900003D237682F409F42F8D09648405CA06150
:1009A000C300F821194002D08023DB041360490002
:1009B0005160A168002932D10102F82252010A4097
:1009C0006168914200D20A0023681D1F8A498B6129
:1009D000AA184A61864A1368002B01D1BF2600E09D
:1009E0009326304B1D686769BF00BF0BF6193603AD
:1009F000AD05AD0D35431D6080235B010B608109A2
:100A000008D11168002901D1282200E01922002113
:100A1000FFF742FF207C000701D40120A060F1BD58
:100A200080B5FFF76CFF002811D01A4841680029F3
:100A300003D0724A11600021416007480078002805
:100A400005D0FFF71CFF1C486D490160416001BDE6
:100A5000584201A8983E0000743E0000D04000A813
:100A600080B5FFF74CFF002811D0062065490860CB
:100A7000002065490860F02000016449086080207A
:100A80004000634908600C485D490160416001BD58
:100A9000BC3E0000403E00000C0002A8204000A820
:100AA00000F0FF3F544201A8FFF3FF3FC44000A8FD
:100AB0004C6201A8B83E00005C4201A8586201A83F
:100AC000585201A8A83E0000F0B581B00400A00370
:100AD0001CD547480068002800D081E047480168DD
:100AE0004C4A5160CAB2FF239943D30702D5EC2385
:100AF000DB02C91852080A4302600E2000F0FEFA19
:100B0000082045490860C00344490860444801681A
:100B1000444D09043FD569694161FEF775FB3D49C4
:100B20000A68531C6A68934200D32B681E78B70684
:100B3000BF0E5B1C934200D32B68BC461E78B701E6
:100B4000FC2636013E4067463E435B1C934200D381
:100B50002B68B4461E783603FC27BF023740664632
:100B600037435B1C934200D32B68BC461E78B70406
:100B7000FC2636043E4067463E435B1C934200D34E
:100B80002B681A781706FC2292053A4032430B6014
:100B90006A61FEF742FBA00727D58020C0021F49EB
:100BA0000860FFF7ACFE00281FD0686AC0B20028BA
:100BB00002D006211C4A1160810916D01B490A681F
:100BC000012AFBD949680905090D091DC900084A10
:100BD0001268012A00D14908002A03D1282202E024
:100BE0000C208BE71922FFF757FE01B0F0BD000083
:100BF0006C3F0000D44000A82C4000A8EC4001A8A5
:100C0000FFFF0300846201A8504000A80C6000A808
:100C10000C5000A8403E0000846000A84C6201A86F
:100C2000584201A8903E0000845201A81C4000A830
:100C300080B5FEF723FA01207E49086001BD80B52A
:100C4000EB2000F001F801BD30B57B490B6818407E
:100C50001022134210D0794B794C2468224008D0DE
:100C6000A94A14682402FF252D022540DD620024D4
:100C70001460802252031A60086030BDF3B5010091
:100C800016001C0000250095A048019A330000279B
:100C90000BE0BC464F5D4743AE009E597E40575D1A
:100CA00047433740664637436D1CA542F1D33909A7
:100CB00039438A080A43510811430840C1090143D6
:100CC0000F208A0B0A4302405040F6BDF1B582B0B6
:100CD0000E0000208C4908608D4DEF7AA87A0190B3
:100CE0000F21394000910ED00B468A4A8A4902985A
:100CF000FFF7C4FF019901408348016087484143E1
:100D00008748084001D1012400E04401380915D08A
:100D100032003B0929000298009E6D7A751940192E
:100D2000FFF7ACFF019909110140774802680B01F8
:100D300013430360002901D0480044437948006808
:100D4000204001D10420FEBD0020FEBD80B50A0078
:100D500000211180744952888018FFF7B7FF02BD47
:100D600070B50F22714B5C7905780F202040C5408B
:100D7000200928409C79C440E40701D4032070BDB9
:100D80002F4C2468A50705D59D684600AD5B6D1EF8
:100D9000674E3560DD78DE79C640F00711D5E00694
:100DA0000FD5002D0DD0634848600888488008881A
:100DB0001C7800192A4080185A7880182A0980184F
:100DC00000E000200880002070BD80B55A4801680E
:100DD0005A4A0820014201D050611061C90602D56B
:100DE0008621090111605649564A126812040CD531
:100DF000554A1268530401D5C00305E0C0239B0186
:100E000013404202934200D008600D480078C0228F
:100E1000024002D18020400508604C480068202232
:100E2000104008604A480068C00101D4FFF707FF7E
:100E300001BD00002C4000A8703F00001C1002A85B
:100E4000C43E0000F8B5434F38687E68064042480B
:100E50003040424908608024A403414DF00228D567
:100E600040480168080606D53F480068A860012090
:100E70002870022015E00120014202D03B49A96000
:100E80000FE00020C9060CD52A49A960384A91789C
:100E90000B071B0F12789A1809095118A980E880CE
:100EA000A888A880A888002801D0264301E0FFF781
:100EB000C6FE264026D0294E74603460A8880028DB
:100EC0000ED0F96981420BD3291D2A48AA689047A0
:100ED0000100F3D0FEF7D2F8012027490860F1BDE8
:100EE00001000CD0FC218902B161244902038A610E
:100EF00034604C60FA69824204D30C60F1BDEB208F
:100F0000FFF7A2FEF1BD00004C3E0000010101010F
:100F10003C3F0000F43E0000343F0000111100008F
:100F200021840000F03E0000143F0000443F000018
:100F3000204000A829230000F84F0000302102A81B
:100F4000441002A8384101A8204201A8084001A885
:100F5000CC4000A8B44000A8FFFFDFFFB46000A8A9
:100F6000503E0000C43E0000B03700003D230000AA
:100F7000453F0000D44000A82C4000A8B45000A871
:100F8000FEB5C020C0043649086036483649C865F9
:100F9000102436480460102000F0B0F801005ED143
:100FA000FF20000532490860324833490860334861
:100FB0002D49086025042E4805603148076808203F
:100FC00000F09CF801004AD108262E480660012056
:100FD00000F094F82A48806802902B4806602B485D
:100FE0002149086022480560082000F087F80100C8
:100FF00035D124480660012000F080F8204DA86813
:10100000019021480660184E2148306002990198ED
:1010100000F046F80104FC2080030840009002988C
:10102000C10B0198C00B00F03BF80006FC218905BC
:1010300001400098014317480A0C4240FF239B1CC3
:10104000D2181040084330602F60E0030849086060
:101050002868286010480460104981640020FEBDA3
:1010600020E000A8F71700002C0102A8401102A8F8
:10107000B02002A80000380EB01002A810103030C6
:10108000E04001A8E05001A8E06001A83030101055
:10109000202020203F3F0000402102A8F7FFF00061
:1010A00010B54904CA104004C310991A00209A18B8
:1010B000D30F9A18521052188B115B0E5B18DB116C
:1010C000D2182023541A01D422001843CC0F6118DF
:1010D00049105B08F6D110BD10B5C409FFF711FB2C
:1010E000201A312806DAC000183801D4C01EFDD5F8
:1010F000002010BD2000FFF70EFB10BDC3214843A8
:101100006F3801D41E38FDD50020704710B5C200DD
:1011100018231340FF249C40E2438907090E99409D
:10112000030004D476489B089B00C01806E0B04B2F
:101130000007000F083880088000181803681A405C
:101140001143016010BD80B57B225421002000F0C6
:1011500021FA01BD10B500F063FA0121694A11605E
:10116000694B6A4A13606A4A13600323694C23601F
:10117000694C2360694B1960694B196080239D4C51
:101180002360D16000F050FA10BD00F049FA05006C
:101190000024012160B2FFF7B9FF641C0E2CF8D3C4
:1011A00001210F20FFF7B2FF01211120FFF7AEFF51
:1011B00001211320FFF7AAFF01211720FFF7A6FF47
:1011C00003210120C043FFF7A1FF01211B20FFF7EE
:1011D0009DFF01211C20FFF799FF01211D20FFF732
:1011E00095FF01211E20FFF791FF01211F20FFF72E
:1011F0008DFF6E486E4908606E48C16AC162016821
:10120000016002206C49086001208549086047049C
:101210006A4C20683840FCD0FDF7C7FF280000F07A
:1012200003FA754D0AE000281BD0FDF7EDFF18E02A
:1012300020683840FCD0300000F0F6F9206D000442
:10124000000F022801D1FEF76FFB00F0E9F906005C
:10125000FDF7EAFF0028A878E5D0002801D1FDF7C6
:10126000DCFF01206978002909D12978002905D1FE
:101270006C490968890601D44F49086030BF0021D4
:10128000697029780029D6D102214B4A116064493E
:101290000860CDE76448016842680A40634810402E
:1012A0001A490860800703D5A0480188491C0180BD
:1012B000704770B55E48016840680840000E00063F
:1012C0005C4980221205104218D05B4B1C68641CDC
:1012D0001C605A4C5A4D2D682D0407D5A568002D69
:1012E00004D007250D600125A74E356040252560F7
:1012F0001B68012B02D910238B62CA67886770BDF7
:1013000000E400E0040002A80000FF3F282002A83B
:101310002C1002A840E002A844C002A804C001A802
:10132000044001A8F8B5824C206B616B014000912C
:10133000964D0846286000989549014001D0FFF776
:10134000C3FB8020009901401CD0F821C90123680B
:101350000B4017D0C0221201934213D880231B06E2
:10136000EB6226680E40944F3F683F043F0F022F08
:1013700001D0032F03D1002E01D09642F1D38F4923
:101380000B6028608E48007806280DDA0098CC2182
:101390008901014008D000F043F904000098FDF7EE
:1013A00035FC200000F040F9F1BD0000FFFF9BF884
:1013B00000E100E0E04001A85C2002A85C0002A877
:1013C00010B58048016844680C407F480460802163
:1013D0000C4205D041607D4801600020FDF716FCFD
:1013E000600403D5802040057949086010BD0000E5
:1013F0001CED00E0505201A8723E000038B575485F
:10140000016844680C40E00707D500F009F90500C1
:10141000FDF792FC280000F007F96F48046031BD29
:101420005C1002A8F40302A8280002A8FFFF00C075
:10143000B44000A83C6000A86C3E00002C4000A80E
:10144000384101A8FEB5654C206C666C064001274A
:101450003E4216D03D0662480560206861490F6033
:10146000002802D00021FDF72BFE5F480068A02174
:10147000C90188428041C043C00F5C4988705C4804
:101480000560FDF7C1FE029002210E4049D0606860
:10149000C2B20192000A009008224B4B4C03554DFA
:1014A0000020019E012E27D0022E38D1009E012E51
:1014B00024D1EE790096504E2F780C20474300201F
:1014C000F0512878400590277F04C719032038433E
:1014D0004A4F38601C604A480460301D2B780C2449
:1014E0006343484C2468009FE419C45028780C23B7
:1014F00058433150444811E00091DCE7002E0ED1F2
:10150000424E37603C4E361D2D780C277D4370517E
:101510005C601C60C8043E4B18603E480260314865
:1015200001600298FDF779FEF7BD0000703E0000F3
:101530001C4201A870B5FDF767FE040000F070F8CA
:101540002E490A68D20718D52B4A121DFA239B018F
:101550005D790C26754356592A4D2D681E60CE685C
:101560009E604968D9808021C9041D4E3160197B75
:1015700069185B790C256B43D15000F055F82000B9
:10158000FDF74BFE70BD00003C5000A84C6201A866
:1015900002000600002800D0704710B50C00FDF7CF
:1015A00033FE1D490C6001221C4B1A600B6C13406A
:1015B000FCD1FDF732FE10BDAC0002A8785201A8A4
:1015C000343E000090C001A890E001A80CC001A822
:1015D00004ED00E090C000A890E000A800C002A8C0
:1015E000401002A840E002A8404000A8723E00005F
:1015F000402002A8853E0000300000A860C101A87C
:1016000094D001A8200000A8F42302A860E101A85A
:1016100080E200E0F41302A8008002A8409002A833
:10162000EFF3108072B67047002800D162B67047A1
:1016300080B5FDF731FEB348006800030AD4FEF719
:101640005DF8FEF7BDFEFDF7CAFF0120FEF794FE30
:10165000FEF770FB80208005FDF7CEFD01BD80B553
:10166000FDF71AFE80204002FDF7C6FD01BDF8B56A
:10167000FDF7B4FD052098490860FDF7B8FDFDF7BA
:10168000ECFEFDF709FEA048016800919F4B406801
:1016900018609F4801688A05D00F0022012421426A
:1016A0000FD000929B4D6E681E602E689A4B1F688B
:1016B000BD1BBE4202D39F69ED196D1C974FBD4201
:1016C000F5D3974D2A60002803D00098FDF76EFBF4
:1016D00000902868204004D16846FDF7EAFE002803
:1016E00002D10098FDF73BFFAA4804606004FDF7B3
:1016F00083FDF1BD38B5A84CE06BC00506D5802050
:101700000006206000BF00BF40082060FDF792FF88
:10171000FDF7C2FDFDF7F4F90500A048A0490860F7
:10172000FFF785F88020C002FDF766FD002D01D08F
:101730008020206001209B49087031BDF8B5FDF77D
:10174000ABFDFDF74BFD02249348C06B000405D4AC
:10175000FDF75AFD94490C60FDF75FFDFDF747FD6D
:101760001020C0439149086000258B48856390484C
:101770000560FFF7C4F80700FB26B601002F02D072
:10178000FFF762F800E035602C20305C0521014055
:1017900002D0FDF70DFE01E0FDF717FEF06A0440F0
:1017A00002D001207C490860FFF70FFB002F01D019
:1017B000FFF7B2F880200003FDF71EFDF1BD80B5F4
:1017C000FDF76AFD4F480068000303D4FDF707FFEB
:1017D000FEF7B0FA80204003FDF70EFD01BD38B5DD
:1017E000FDF75AFD6C4C2025FEF7A6FE002806D01A
:1017F000206B000704D5FEF7C4FEFEF74FFB256003
:10180000FDF7EDFEFEF796FABD4800780C21014089
:10181000042902D1FDF7CCFD01E0FDF7D6FD6804F7
:10182000FDF7EAFC4020206031BD1CB5FDF7D6FC79
:10183000052029490860FDF7DAFCFDF72DFDFEF7CC
:10184000A0FEB048006800906846FEF7D7FA040092
:10185000FEF7EDFF002C02D10098FEF745FB80203B
:101860004004FDF7C9FC13BDF8B5FDF715FDA64C06
:10187000256A5020284002D0FDF79AFD01E0FDF7CF
:10188000A4FD454FFEF758FE00281BD1786B40079A
:101890001DD4386BE0214901014018D1A80611D4AC
:1018A000FDF79CFC256A994E354207D0FF20C043C6
:1018B0002D1825628020000595490860FDF797FCEA
:1018C0002E4002D00120386001E0002020608020FE
:1018D0008004FDF791FCF1BD3C1102A880B5FDF735
:1018E000DBFCBC480068400601D5FDF778FE01200E
:1018F000FEF742FDFEF71EFA8020C004FDF77CFCD7
:1019000001BD00000C0002A8B83F0000483E0000E6
:10191000400002A8D03E000020C001A801FF000046
:101920003C3E000010B576480468FDF7B5FCAA49B6
:101930000968090328D40321C00601D5214001E02C
:10194000A0080140012902D1FDF732FD0BE0200182
:1019500007D50E20FFF76CF9A0480421016008218B
:101960000160FDF732FD9E4C20699E490860FEF73C
:101970005EFF2068002807D04000122802D2FFF73F
:10198000BDFB01E0FEF7A3FE80208003FDF734FCE1
:1019900010BD0000402002A8100002A87001200025
:1019A000B46000A8733E00007CE40350442002A809
:1019B0004C3E0000F8B584B001266846067000274A
:1019C0000297FDF769FC0390834C2068000300D563
:1019D0008FE00320A449C863A4480068A44D0F21E8
:1019E0000F220240032A03D0000B014006294DD1EB
:1019F000A0480068A0498E6DE16B890701D59E491A
:101A0000CE6DFEF7CAFE8619FEF779FF00280ED0CC
:101A10002879C1060BD02868090D4143890B761837
:101A200095490968002902D10002400C3618002EA1
:101A300001D5019700E00196606B0107C80F0321F3
:101A40002A6B0A40022A1BD1039AD20618D5AA682B
:101A5000D30513D5A66B894B1E409E4203D110219E
:101A6000814AD1630CE092050AD4E26B282313402B
:101A700006D16B461F70264A116001E06A46177056
:101A8000029068460678002E03D10FE07A48406D38
:101A90000190FEF751FD002808D0FEF772FD029874
:101AA000002802D0FEF7FAF900E0002602206E4975
:101AB0000860002E10D03020285C0C210140042941
:101AC00002D0A06BC00602D5FDF772FC01E0FDF765
:101AD0007CFC202060600CE0FDF781FD01A8FEF792
:101AE0008DF90400FEF7A3FE002C02D10198FEF749
:101AF000FBF980200004FDF77FFB05B0F0BD00007E
:101B0000EC3E0000CC3F0000CC3E000000FFFF0098
:101B1000441002A8FEB500240194FDF7BDFBFEF7BA
:101B200086FE574EF06E574D0007000F072807D16D
:101B30007068002804D40020FEF71EFC286841E0ED
:101B400001210320504A73685B070BD44F4B1B687D
:101B50000B4007D01368DF050BD55B0502D4336853
:101B6000DB0503D40191916A890904E01021484BF7
:101B70001960916A0909084000900020FEF7FCFBFB
:101B80000098002805D17068C00602D4FDF71DFC3E
:101B900001E0FDF70DFC00200199002903D13D482B
:101BA0000068FEF7FAFD6969401801D5009400E06D
:101BB00000906846FDF77DFC002805D10098FDF7F0
:101BC000CEFCA8690749086080200005FDF714FBDA
:101BD000F7BD0000440102A80C0002A880E200E06A
:101BE000AC3F0000483E0000F8B5FDF755FB00246F
:101BF00000252948066B80277F05300606D530076B
:101C000009D5FEF7BEFCFEF749F929E001251F487A
:101C10000068284019D00020FEF7AEFB02200640E5
:101C200002D01E490C60C8611D480468002D03D015
:101C30002000FDF74FF90400FEF7A3FC2000FEF79B
:101C400053F93800FDF7D8FAF1BD16480078C021E5
:101C50000140402902D1FDF7ABFB01E0FDF7B5FBE8
:101C600020200D490860ECE7082002A8AC0002A87B
:101C7000BC3E00000CC101A86C3F00001000001029
:101C8000400002A8BC3F0000C43E0000B44000A8D1
:101C9000441002A81CC101A8100002A8180000AA44
:101CA000D83F0000EC3E0000FFF754FA0248034919
:101CB0004860FFF76AFA00BF6727000000000000D5
:101CC00080B5EFF305800B2801D23A2100E02921ED
:101CD0008C2252000020FFF75DFCFEE79C250400EB
:101CE00000000000541D040001000000000000007E
:101CF00000F049029C25040000000000781D04004B
:101D0000010000000000000000F049029C250400D2
:101D1000000000009C1D0400010000000000000005
:101D200000F049029C25040000000000C01D0400D2
:101D3000060000000000000000F049029C2504009D
:101D400000000000981E04000100000000000000D8
:101D500000F04902BC1E0400809C2B8F80841E0072
:101D6000000000002700FF7F100C00200000000092
:101D700048290400000000001C200400809C2B8FD8
:101D800080841E00000000002700FF7F100C002050
:101D90000000000048290400000000007C2104002D
:101DA000809C2B8F80841E00000000002700FF7F96
:101DB000100C002000000000482904000000000072
:101DC000DC220400809C2B8F80841E000000000019
:101DD00022002C01100C0020000000004829040003
:101DE00000000000DC220400809C2B8F80841E00F9
:101DF000000023002300B600100C002000000000AB
:101E00004829040000000000DC220400809C2B8F85
:101E100080841E000000240024009D00100C00207F
:101E2000000000004829040000000000DC2204003B
:101E3000809C2B8F80841E000000250025007D00E3
:101E4000100C0020000000004829040000000000E1
:101E5000DC220400809C2B8F80841E000000260062
:101E600026003A00100C0020000000004829040061
:101E700000000000DC220400809C2B8F80841E0068
:101E80000000270027002C01100C0020000000009B
:101E900048290400000000003C240400809C2B8F93
:101EA00080841E00000000002700FF7F100C00202F
:101EB000000000004829040000000000FC4F01035E
:101EC000B827040010400100004100003C40010020
:101ED00000000000484001002007040050400100BD
:101EE000000000005C4001000D0F000004410100F3
:101EF000FF4C000020400301000000861FC00100CD
:101F0000002000003840010100000000584004019A
:101F100018000500400800000900000092000400BD
:101F200080400F018C002C02000000001200120003
:101F300000808C19000000000002050E1C2F435386
:101F4000626968615543320416100E0E0D0C0A08C2
:101F50000706050403030202020101010101010059
:101F6000EC40010180B0B18CFC4003019C200B00CF
:101F7000055B60804737414A0C410301B8551200A8
:101F80002A1949290908404028410101FFDD0000C4
:101F9000384107014CD4E83B04196F10080E141A9D
:101FA00020262C32383E10325476980A1D0000004C
:101FB00070410101C0030000344201010008000E1D
:101FC0004842010158AA1EC0784201010000008069
:101FD00038800101114910009C800301EB40020090
:101FE00070380300D0000000A8800111F00100004B
:101FF000A8800131055AFD01AC800111F0010000FB
:10200000AC800131053EFD00E40001026C2C511151
:1020100054010102C43F0000FFFFFFFFFC4F01031A
:102020000828040010400100004100003C4001006D
:10203000100000004840010020170400504001003B
:10204000010400005C4001000D0F0000044101008C
:1020500003C0010020400301300000461FC80100FA
:102060000020001038400101000000005840040129
:1020700018000500400800000900000092000A0056
:1020800080400F018C002C020000000012001200A2
:102090005B808C1B000000000002050E1C2F4353C8
:1020A000626968615543320416100E0E0D0C0A0861
:1020B00007060504030302020201010101010100F8
:1020C000EC40010180B0B18CFC4003019C200A006F
:1020D00001612080B75635120C410301B85512003A
:1020E000A01B04290888404028410101000000008D
:1020F000384107014CD4E83B04196F300A10161C14
:1021000022282E343A4010325476980A1D5F80A45B
:102110007041010100000000344201010008000E7E
:1021200048420101F4811F007842010100000000D3
:1021300038800101114910009C800301EB4002002E
:1021400070380300D0000000A8800111F0010000E9
:10215000A8800131055AFD01AC800111F001000099
:10216000AC800131053EFD00E40001026C2C5111F0
:1021700054010102C43F0000FFFFFFFFFC4F0103B9
:102180005828040010400100004100003C400100BC
:1021900010000000484001002007040050400100EA
:1021A000000400005C4001000D0F0000044101002C
:1021B00003C0010020400301300000461FC8010099
:1021C00000200010384001010000000058400401C8
:1021D00018000500400800000900000092000A00F5
:1021E00080400F018C002C02000000001200120041
:1021F0005B808C1B000000000002050E1C2F435367
:10220000626968615543320416100E0E0D0C0A08FF
:102210000706050403030202020101010101010096
:10222000EC40010180B0B18CFC4003019C200A000D
:1022300001612080B75635120C410301B8551200D8
:10224000A01B04290888404028410101000000002B
:10225000384107014CD4E83B04196F30080E141ABA
:1022600020262C32383E10325476980A1D5F00002A
:102270007041010100000000344201010008000E1D
:1022800048420101F4811F00784201010000000072
:1022900038800101114910009C800301EB400200CD
:1022A00070380300D0000000A8800111F001000088
:1022B000A8800131055AFD01AC800111F001000038
:1022C000AC800131053EFD00E40001026C2C51118F
:1022D00054010102C43F0000FFFFFFFFFC4F010358
:1022E000A828040010400100014100003C4001000A
:1022F0000000000048400100A00704005040010019
:10230000000000005C4001000000000004410100EA
:10231000FF4C000020400301000000861FC00100A8
:1023200000600000384001010000004058400401F6
:102330006402FF0040080000010000009200080055
:1023400080400F018C000C0200000000D703220027
:1023500000000000000000000002050D1A2D3F5093
:102360006068696357463525150D09080706050598
:102370000404040303030302020202020101010137
:10238000EC40010190382C8CFC4003019C200A0099
:10239000055B58804737414A0C410301B85552004C
:1023A0002A194929893B404028410101FFDD0000ED
:1023B00038410701E853FA00000000000000000067
:1023C000000000000000000000000000000000000D
:1023D00070410101C1030000344201010000000E00
:1023E0004842010158AA1EC07842010100000000C5
:1023F00038800101114910009C8003010000000099
:1024000070780300FFC00200A8800111F0010000F5
:10241000A88001310542CB01AC800111F001000020
:10242000AC800131050A0D00E40001026C2C511151
:1024300054010102C43F0000FFFFFFFFFC4F0103F6
:10244000F828040010400100014100003C40010058
:102450000000000048400100A007040050400100B7
:10246000000000005C400100000000000441010089
:10247000FF4C000020400301000000861FC0010047
:102480000060000038400101000000405840040195
:10249000C804FF0040080000010000009200040092
:1024A00080400F018C000C0200000000B6032200E7
:1024B00000000000000000000002050E1C2F435326
:1024C000626968615543320416100E0E0D0C0A083D
:1024D00007060504030302020201010101010100D4
:1024E000EC40010190E82B8CFC40030190200A0095
:1024F000055B58804737414A0C410301F5625200A1
:102500002A194929893B404028410101FFDD00008B
:1025100038410701E853FA00000000000000000005
:1025200000000000000000000000000000000000AB
:1025300070410101C1030000344201010000000E9E
:102540004842010158AA1EC0784201010000000063
:1025500038800101552510009C8003010000000017
:1025600070780300D0000000A8800111F001000085
:10257000A88001310542CB01AC800111F0010000BF
:10258000AC800131053EFD00E40001026E2C5113C8
:1025900054010102C43F0200FFFFFFFF0C40010095
:1025A0000181010020400200000000000100000045
:1025B00030400300000000000000000000000000A8
:1025C00040400200000000000040000060400100A8
:1025D00001010000A840010007000000BC40040009
:1025E00000000000000000000000000000000000EB
:1025F00008410300FF4C0000FF4D0000FF4D0000AC
:1026000020C0011000F8070020C00130F5020800CA
:1026100024C0080000130000EC80B38343754051D0
:10262000A00F004830400000000000000000000043
:102630002E02000050C00400511130040E2D09E696
:1026400054060708D1B6020064C00A000430001C1A
:10265000403018090D647920EBFCFB017FF6E8039C
:10266000BD4B721511A3180510325476980A00005C
:102670000000000008000101080700001800010127
:10268000AAAAAA00200001010060DA001C40010192
:10269000100000002C400301008000000000000337
:1026A000000000006840020129417671000000002E
:1026B000BC4002010000000000000000E0400201F8
:1026C0003300000000000000F440020164048307AE
:1026D0008813C83A24410101000000003041020182
:1026E0006406660C0C010000544101010101000068
:1026F00068410201640483078813820030420101AB
:10270000000000003842020100000000000000004C
:102710004442010100000000544209010000000091
:1027200000003C0000000000000000005555555519
:10273000170000000000000000000000AAAA060028
:102740007C42020100000000000000001080010136
:10275000030000003C80010101000000B080020184
:10276000000300023700000198000202000C000480
:102770004C000000A400010200040000D00002028E
:10278000050040AA88010000F400020200000000D9
:102790003D210811FC0001123F000000FC00013245
:1027A000005404003001010260005102680101027E
:1027B00000040000FFFFFFFF100000000000800089
:1027C00000000000DC290400A02904000000000033
:1027D000802596000048E80140420F000108F500FE
:1027E00011495002000000004A29040000000000C6
:1027F00000000000000000003D420F00000000004B
:102800000000000000000000100000000000800038
:1028100000000000DC290400AC29040000000000D6
:10282000802596000048E80140420F000102F500B3
:1028300011495002000000004A2904000000000075
:1028400000000000000000003D420F0000000000FA
:1028500000000000000000001000000000008000E8
:1028600000000000DC290400B8290400000000007A
:10287000802596000048E80140420F000108F5005D
:1028800011495002000000004A2904000000000025
:1028900000000000000000003D420F0000000000AA
:1028A0000000000000000000100000000000800098
:1028B00000000000DC290400C4290400000000001E
:1028C000004786000048E80180841E000101F500F1
:1028D00011495002000000004A29040000000000D5
:1028E000000000000000000054841E0000000000F2
:1028F0000000000000000000100000000000800048
:1029000000000000DC290400D029040000000000C1
:10291000841743000024F40040420F000101F50039
:1029200055255003000000004A2904000000000063
:10293000000000000000000038420F00000000000E
:10294000000000000000000003000200000000F092
:1029500049020614000000E0930405380000A008B6
:1029600000000000580901040706100A01040707C7
:10297000C80A00040807800B00040808380C00048B
:102980000908610800000000680800000000C7098D
:10299000010404032C0B01040404920C010405043B
:1029A00050C30000E62D0000D0070000E5BF000086
:1029B00010270000C2010000F5DA02001027000015
:1029C0002C01000050C3000050140000FA00000069
:1029D00050C30000FC210000B3010000193F0106B4
:1029E000041001000001010600102700000C000087
:1029F00000000000000000001C0C0020000000008F
:102A000000000000000000000000000000000000C6
:102A100000000000000000000000000000000000B6
:102A200000000000000000000000000000000000A6
:102A30000000000000000000000000000000000096
:102A40000000000000000000000000000000000086
:102A500000000000000000000000000062675F6DE1
:102A60006573736167652072656365697665727306
:102A70000062676275660061636C006C6C5F636F17
:102A80006E6E656374696F6E006C6C5F6164765F17
:102A9000736574006761705F636F6E74657874004E
:102AA0006C6C5F76616C696461746F72006D6573E4
:102AB000685F70726F765F64620062675F6D6573F6
:102AC0007361676500736F66745F74696D65725FCB
:102AD0006D65737361676500666F756E64617469B7
:102AE0006F6E5F636D64006C6C5F6164765F7379B9
:102AF0006E63006C6C5F7363616E5F73796E63000D
:102B00006761705F706572696F6469635F61647645
:102B1000006761705F706572696F6469635F737984
:102B20006E63006C326361705F636F635F636861E3
:102B30006E6E656C006D6573685F70726F765F6452
:102B4000625F6170706B6579006D626564746C734F
:102B50005F636F6E7465787400000000712A040072
:102B6000772A04007B2A0400892A0400942A04009E
:102B7000A02A0400AD2A0400BA2A0400C52A0400D1
:102B8000D82A0400E72A0400F32A0400002B0400DA
:102B9000112B0400232B0400352B0400492B0400C7
:102BA00062676275665F696E0062676275665F6F15
:102BB00075740062676275665F6E6F666C6F770032
:0C2BC00062675F6D616C6C6F6300000069
:082BCC00DCF6FC7F01000000B3
:0C2BD400E02B0400C00A002016010000E5
:102BE0000200000025300100E812002028E0030068
:102BF00040E0030058E00300E8030000C0EA2101C0
:102C0000C0EA210100F0490200800000382C0020B9
:102C1000180F0020F80A002000C0040000A00000E7
:102C2000E8160020C8000000FE00000000000000C0
:102C3000DCE00300A0000000C56F0100E5CE03004A
:102C40002000000000000000000000000000000064
:102C50000000000000000000F1260200000000005B
:102C6000000000000000000001040200000000005D
:102C70000000000000000000D10E02000000000073
:102C800000000000000000009D1D02000000000088
:102C9000000000000000000083800300000000002E
:102CA000A52202000000000000000000000000005B
:102CB000552202000000000000000000000000009B
:102CC000952302000000000000000000BD2D02005E
:102CD0000000000000FFFFFFFF00000069A10300EB
:102CE0006DA1030071A1030075A10300FFFFFFFFA9
:102CF000EFC4030034E90300FFFFFFFF40E90300D6
:102D0000DFC80300DBC80300FFFFFFFFEBC80300C1
:102D1000FFFFFFFF9DCC0300F3CC0300FFFFFFFF8D
:102D2000FFFFFFFFFFFFFFFFFFFFFFFF2327000065
:102D3000FFFFFFFF000000001C0C0020000000004F
:102D40001C2A04003C2A0400FC29040000000000A6
:102D50000000000000000000000000000000000073
:102D60000000000000000000000000000000000063
:102D70000000000000000000000000000000000053
:102D80000000000000000000000000000000000043
:102D9000000000000000000000000000120004001D
:102DA0000000303030301800030000005030300098
:102DB0000200080000003030303030303030200069
:102DC000040000000000000002000300000030309A
:102DD0003000020005000000302E302E30000200CE
:102DE00008000000000000000000000002001000C9
:102DF00000000000000000000000000000000000D3
:102E000000000A00010000000000000000000006B1
:102E100002000000000000050200000000000004A5
:102E20000200FFFFFFFF0400E40C02001700FFFF99
:102E30000E00000000000000010101041F0101BF9D
:102E40008FAF7F8700370F10100004040F05140A9E
:102E50000301FF0EFF0F7F0082B030BF074BD3F896
:102E6000F030DB0704D500230193019B052B01DD26
:102E700002B07047019B0133F6E700BF00ED00E0B0
:102E8000F0B5114A114C124E00F00105E3695F07DD
:102E900013D40DB9334213D103EA00078F4207D18F
:102EA0000B4A1A40002A14BF6FF001000020F0BD49
:102EB000013AEBD16FF00200F9E74FF0FF30F6E78F
:102EC0006FF00100F3E700BF809698000000035008
:102ED000020001000B4B70B5D96911F480310DD19E
:102EE00001244FF48072084E084DF46020462C6493
:102EF0001A61FFF7C5FF3464EC6070BD6FF001002C
:102F0000FBE700BF000003500010035000200350F7
:102F10004FF4003238B50F4B0F4C9A6641F67133BF
:102F20000122E569E3630D4B0021DA600223606151
:102F30002120236105F48035FFF7A2FF10B921207D
:102F4000FFF79EFF0122064BDA600DB10023E36319
:102F500038BD00BF00900050000003500010035027
:102F60000020035070B5134C6061E3695B071ED409
:102F70000E4656F8043B8D18A361AE420BD10423D4
:102F8000002121202361FFF77BFF58B9BDE8704085
:102F90002120FFF775BF08210846FFF771FF10B128
:102FA0000423236170BD56F8043BA361E5E74FF0AD
:102FB000FF30F7E7000003502DE9F84315464FF4C2
:102FC0000032184B89469A6641F6713203F51C337C
:102FD000DF69DA630122064603F58053DFF84C808F
:102FE00007F48037DA6055B9284601220E4BDA60C3
:102FF0001FB10022A3F50053DA63BDE8F88306F59C
:10300000005404EA0804A41BAC4228BF2C464946DD
:1030100022463046FFF7A6FF0028E6D12644A14409
:103020002D1BE0E7009000500020035000E0FFFF60
:083030008D220100692201005C
:04000003100035E9CB
:00000001FF
